model,suite,dataset,k,status,seconds,loss,lower_bound,known,certified,verdict,auc_test,points
exact_v1,visible,adult,3,ok,17.5603,0.40451518177265444,0.4045151807726544,0.40451518,True,ok,0.8246348665670107,"{""HSDiploma"": -2, ""NoHS"": -4, ""Married"": 4}"
exact_v1,visible,adult,4,ok,54.0009,0.3881656387542517,0.1848817639500077,0.38816564,False,ok,0.8444253261870338,"{""HSDiploma"": -2, ""NoHS"": -4, ""Married"": 4, ""AnyCapitalGains"": 3}"
exact_v1,visible,adult,5,ok,0.0793,0.37728155038497213,0.1848817639500077,0.37728155,False,ok,0.8586250083143998,"{""Age_22_to_29"": -2, ""HSDiploma"": -2, ""NoHS"": -4, ""Married"": 4, ""AnyCapitalGains"": 3}"
exact_v1,visible,adult,7,ok,0.0918,0.3632879178831039,0.1848817639500077,0.36328792,False,ok,0.8706296888839099,"{""Age_22_to_29"": -3, ""HSDiploma"": -3, ""NoHS"": -5, ""JobManagerial"": 2, ""Married"": 5, ""WorkHrsPerWeek_lt_40"": -2, ""AnyCapitalGains"": 4}"
exact_v1,visible,adult,10,ok,0.1792,0.35342272575902606,0.1848817639500077,0.35342273,False,ok,0.8826068006539496,"{""Age_30_to_44"": 3, ""Age_45_to_59"": 4, ""Age_geq_60"": 3, ""HSDiploma"": -3, ""NoHS"": -5, ""JobManagerial"": 2, ""Married"": 5, ""WorkHrsPerWeek_lt_40"": -2, ""AnyCapitalGains"": 4, ""AnyCapitalLoss"": 3}"
exact_v1,visible,bank,3,ok,54.0048,0.28398526050475853,0.01825910331266164,0.28398526,False,ok,0.7726779284896623,"{""call_in_Q2"": -1, ""calls_b4_campaign_successful"": 2, ""emp_var_rate_lt_n1"": 2}"
exact_v1,visible,bank,4,ok,0.1835,0.28178061505771845,0.01825910331266164,0.28178062,False,ok,0.7779411200429753,"{""call_in_Q2"": -2, ""calls_b4_campaign_successful"": 3, ""cons_price_idx_geq_93_5"": 1, ""euribor3m_geq_300"": -4}"
exact_v1,visible,bank,5,ok,0.1427,0.2808465895282374,0.01825910331266164,0.28084659,False,ok,0.7830979925688596,"{""call_in_Q2"": -2, ""called_before"": 3, ""calls_b4_campaign_failed"": -1, ""emp_var_rate_lt_n1"": 4, ""cons_price_idx_geq_93_5"": 1}"
exact_v1,visible,bank,7,ok,0.1542,0.27923804198746716,0.01825910331266164,0.27923804,False,ok,0.7830508284890227,"{""age_ge_60"": 1, ""job_blue_collar"": -1, ""call_in_Q2"": -2, ""calls_b4_campaign_failed"": -1, ""calls_b4_campaign_successful"": 3, ""emp_var_rate_lt_n1"": 5, ""cons_price_idx_geq_93_5"": 1}"
exact_v1,visible,bank,10,ok,0.2157,0.2780978603622512,0.01825910331266164,0.27791022,False,ok,0.7790882463915483,"{""age_ge_60"": 2, ""job_student"": 1, ""job_blue_collar"": -1, ""credit_is_or_may_be_in_default"": -1, ""call_in_Q1"": 1, ""call_in_Q2"": -2, ""any_prior_calls_b4_campaign"": -1, ""calls_b4_campaign_successful"": 5, ""nr_employed_gt_5100"": -5, ""cons_price_idx_geq_93_5"": 1}"
exact_v1,visible,breastcancer,3,ok,54.6031,0.0892270617348029,0.0,0.08922706,False,ok,0.9878277153558053,"{""ClumpThickness"": 3, ""UniformityOfCellSize"": 5, ""BareNuclei"": 3}"
exact_v1,visible,breastcancer,4,over_limit,81.42,0.07846697475234178,0.0,0.07846697,False,ok,0.9898174157303371,"{""ClumpThickness"": 4, ""UniformityOfCellSize"": 5, ""BareNuclei"": 3, ""BlandChromatin"": 4}"
exact_v1,visible,breastcancer,5,ok,0.0531,0.07315003724742207,0.0,0.07315004,False,ok,0.9918071161048689,"{""ClumpThickness"": 3, ""UniformityOfCellShape"": 4, ""MarginalAdhesion"": 2, ""BareNuclei"": 2, ""BlandChromatin"": 4}"
exact_v1,visible,breastcancer,7,ok,0.05,0.06746347532828346,0.0,0.06746348,False,ok,0.992626404494382,"{""ClumpThickness"": 4, ""UniformityOfCellShape"": 4, ""MarginalAdhesion"": 3, ""BareNuclei"": 3, ""BlandChromatin"": 5, ""NormalNucleoli"": 2, ""Mitoses"": 3}"
exact_v1,visible,breastcancer,10,ok,0.0211,0.06592425084343989,0.0,0.06592425,False,ok,0.9915730337078652,"{""ClumpThickness"": 3, ""UniformityOfCellSize"": 1, ""UniformityOfCellShape"": 2, ""MarginalAdhesion"": 2, ""SingleEpithelialCellSize"": 1, ""BareNuclei"": 2, ""BlandChromatin"": 4, ""NormalNucleoli"": 1, ""Mitoses"": 2}"
exact_v1,visible,mammo,3,ok,0.0907,0.472334615836568,0.47233461483656797,0.47233462,True,ok,0.8532843560933447,"{""IrregularShape"": 4, ""CircumscribedMargin"": -5, ""Age_geq_60"": 3}"
exact_v1,visible,mammo,4,ok,32.01,0.46720671586568163,0.46720671486568155,0.46720672,True,ok,0.8571197061365601,"{""IrregularShape"": 3, ""CircumscribedMargin"": -4, ""SpiculatedMargin"": 2, ""Age_geq_60"": 3}"
exact_v1,visible,mammo,5,ok,0.0124,0.4637046145587998,0.3936466468785674,0.46370461,False,ok,0.8565795159896282,"{""IrregularShape"": 3, ""CircumscribedMargin"": -4, ""SpiculatedMargin"": 2, ""Age_lt_30"": -5, ""Age_geq_60"": 3}"
exact_v1,visible,mammo,7,ok,0.0181,0.4596394638394721,0.3936466468785674,0.45928719,False,ok,0.853338375108038,"{""LobularShape"": 1, ""IrregularShape"": 3, ""CircumscribedMargin"": -3, ""ObscuredMargin"": -1, ""SpiculatedMargin"": 1, ""Age_lt_30"": -5, ""Age_geq_60"": 2}"
exact_v1,visible,mammo,10,ok,0.0292,0.45898550078264755,0.3936466468785674,0.45827677,False,ok,0.8479364736387208,"{""RoundShape"": 1, ""LobularShape"": 1, ""IrregularShape"": 3, ""CircumscribedMargin"": -3, ""ObscuredMargin"": -1, ""SpiculatedMargin"": 1, ""Age_lt_30"": -5, ""Age_geq_30"": 5, ""Age_geq_60"": 2}"
exact_v1,visible,mushroom,3,ok,54.0017,0.06494475825921053,0.0,0.06494476,False,ok,0.9879991384619118,"{""odor_eq_almond"": -2, ""odor_eq_anise"": -2, ""odor_eq_none"": -1}"
exact_v1,visible,mushroom,4,ok,0.1597,0.03151661237198366,0.0,0.03151661,False,ok,0.9953040107024872,"{""odor_eq_almond"": -5, ""odor_eq_anise"": -5, ""odor_eq_none"": -4, ""spore_print_color_eq_green"": 4}"
exact_v1,visible,mushroom,5,ok,0.1618,0.009137783224568645,0.0,0.00913778,False,ok,0.9978992425138711,"{""odor_eq_almond"": -5, ""odor_eq_anise"": -5, ""odor_eq_none"": -3, ""stalk_surface_below_ring_eq_scaly"": 1, ""spore_print_color_eq_green"": 5}"
exact_v1,visible,mushroom,7,ok,0.1917,3.8593243796512854e-13,0.0,0.0,True,ok,1.0,"{""odor_eq_almond"": -5, ""odor_eq_anise"": -5, ""odor_eq_none"": -4, ""gill_size_eq_narrow"": 2, ""stalk_surface_below_ring_eq_scaly"": 2, ""spore_print_color_eq_green"": 5, ""population_eq_clustered"": 2}"
exact_v1,visible,mushroom,10,ok,0.1937,6.537876176643081e-13,0.0,0.0,True,ok,1.0,"{""odor_eq_almond"": -5, ""odor_eq_anise"": -5, ""odor_eq_none"": -2, ""odor_eq_foul"": 2, ""gill_size_eq_narrow"": 1, ""gill_color_eq_buff"": 2, ""stalk_root_eq_rooted"": -2, ""stalk_surface_below_ring_eq_scaly"": 1, ""spore_print_color_eq_green"": 3, ""population_eq_clustered"": 1}"
exact_v1,visible,spambase,3,ok,54.3941,0.39815962909806096,0.0007534208484347232,0.39815963,False,ok,0.9099425338428271,"{""WordFreqRemove"": 2, ""WordFreqHP"": -1, ""CharFreqDollarSign"": 4}"
exact_v1,visible,spambase,4,ok,0.3349,0.36266309545965447,0.0007534208484347232,0.3626631,False,ok,0.9289029098413264,"{""WordFreqRemove"": 2, ""WordFreqHP"": -1, ""WordFreqGeorge"": -2, ""CharFreqDollarSign"": 4}"
exact_v1,visible,spambase,5,ok,0.5666,0.3360455337893006,0.0007534208484347232,0.33604553,False,ok,0.9378141137671929,"{""WordFreqRemove"": 2, ""WordFreqHP"": -1, ""WordFreqGeorge"": -3, ""WordFreqEDU"": -1, ""CharFreqDollarSign"": 4}"
exact_v1,visible,spambase,7,ok,0.774,0.2981260710383189,0.0007534208484347232,0.29812607,False,ok,0.9548762305360545,"{""WordFreqRemove"": 3, ""WordFreqFree"": 1, ""WordFreq0"": 3, ""WordFreqHP"": -2, ""WordFreqGeorge"": -4, ""WordFreqEDU"": -2, ""CharFreqDollarSign"": 5}"
exact_v1,visible,spambase,10,ok,1.2232,0.2660206809736392,0.0007534208484347232,0.26602068,False,ok,0.9623631229203078,"{""WordFreqRemove"": 3, ""WordFreqFree"": 1, ""WordFreqBusiness"": 1, ""WordFreq0"": 3, ""WordFreqHP"": -2, ""WordFreqGeorge"": -4, ""WordFreqMeeting"": -2, ""WordFreqEDU"": -2, ""CharFreqExcalamationMark"": 1, ""CharFreqDollarSign"": 5}"
exact_v1,visible,fico,3,ok,0.2456,0.5918556511470763,0.039195016376946085,0.59185565,False,ok,0.7414784999999999,"{""ExternalRiskEstimate<=68"": 5, ""ExternalRiskEstimate<=78"": 4, ""MSinceMostRecentInqexcl7days<=-8"": -4}"
exact_v1,visible,fico,4,ok,0.1914,0.5785394194171956,0.039195016376946085,0.57853942,False,ok,0.763808,"{""ExternalRiskEstimate<=68"": 5, ""ExternalRiskEstimate<=78"": 4, ""MSinceMostRecentInqexcl7days<=-8"": -5, ""MSinceMostRecentInqexcl7days<=0"": 3}"
exact_v1,visible,fico,5,ok,0.2029,0.5695292740873528,0.039195016376946085,0.56952927,False,ok,0.767671,"{""ExternalRiskEstimate<=68"": 3, ""ExternalRiskEstimate<=78"": 3, ""NumSatisfactoryTrades<=13"": 2, ""MSinceMostRecentInqexcl7days<=-8"": -5, ""MSinceMostRecentInqexcl7days<=0"": 2}"
exact_v1,visible,fico,7,ok,0.2144,0.5605509559011824,0.039195016376946085,0.56055096,False,ok,0.7739745,"{""ExternalRiskEstimate<=68"": 3, ""ExternalRiskEstimate<=78"": 3, ""AverageMInFile<=67"": 1, ""NumSatisfactoryTrades<=13"": 2, ""MSinceMostRecentInqexcl7days<=-8"": -5, ""MSinceMostRecentInqexcl7days<=0"": 2, ""NetFractionRevolvingBurden<=59"": -2}"
exact_v1,visible,fico,10,ok,0.2873,0.554169616008486,0.039195016376946085,0.55416962,False,ok,0.7808244999999999,"{""ExternalRiskEstimate<=68"": 2, ""ExternalRiskEstimate<=78"": 2, ""AverageMInFile<=58"": 2, ""NumSatisfactoryTrades<=13"": 2, ""PercentTradesNeverDelq<=96"": 2, ""MSinceMostRecentDelq<=20"": 1, ""MSinceMostRecentInqexcl7days<=-8"": -5, ""MSinceMostRecentInqexcl7days<=0"": 2, ""NetFractionRevolvingBurden<=35"": -1, ""NetFractionRevolvingBurden<=59"": -2}"
exact_v1,visible,compas,3,ok,3.2787,0.6225382115397334,0.6225382105397335,0.62253821,True,ok,0.7012972288111494,"{""age<=29"": 4, ""priors_count<=1"": -4, ""priors_count<=6"": -5}"
exact_v1,visible,compas,4,ok,30.6832,0.6157965848787171,0.6157965838787169,0.61579658,True,ok,0.7252711258607099,"{""age<=22"": -3, ""age<=34"": -3, ""priors_count<=1"": 4, ""priors_count<=6"": 4}"
exact_v1,visible,compas,5,ok,0.0439,0.6121183269701487,0.4817657169969876,0.61211833,False,ok,0.7304002908326525,"{""age<=22"": 4, ""age<=34"": 4, ""priors_count<=0"": -3, ""priors_count<=2"": -4, ""priors_count<=6"": -4}"
exact_v1,visible,compas,7,ok,0.0434,0.6082265159549372,0.4817657169969876,0.60822652,False,ok,0.7296174182843033,"{""age<=22"": 4, ""age<=29"": 3, ""age<=39"": 3, ""juv_other_count<=0"": -3, ""priors_count<=0"": -3, ""priors_count<=2"": -5, ""priors_count<=6"": -5}"
exact_v1,visible,compas,10,ok,0.0628,0.6055605523836098,0.4817657169969876,0.60556055,False,ok,0.7378078848763421,"{""sex=1"": 2, ""age<=22"": 4, ""age<=29"": 2, ""age<=34"": 2, ""age<=45"": 2, ""juv_other_count<=0"": -3, ""priors_count<=0"": -2, ""priors_count<=1"": -2, ""priors_count<=2"": -4, ""priors_count<=6"": -5}"
exact_v1,visible,australian,3,ok,45.0794,0.3379872507337162,0.3379872497337162,0.33798725,True,ok,0.8915265062806046,"{""A8=0"": -5, ""A10<=1"": -2, ""A14<=126"": -2}"
exact_v1,visible,australian,4,ok,0.0123,0.3266563195115297,0.0,0.32665632,False,ok,0.9259101554183522,"{""A3<=13"": 2, ""A8=1"": 5, ""A10<=1"": -2, ""A14<=126"": -2}"
exact_v1,visible,australian,5,ok,0.0226,0.31742251989231884,0.0,0.31742252,False,ok,0.944113263785395,"{""A3<=13"": 3, ""A7<=26"": -1, ""A8=1"": 5, ""A10<=3"": -2, ""A14<=87"": -2}"
exact_v1,visible,australian,7,ok,0.0248,0.3038390458122755,0.0,0.30383905,False,ok,0.9490100063870556,"{""A3<=13"": 3, ""A3<=89"": -1, ""A5=14"": 3, ""A7<=26"": -1, ""A8=0"": -5, ""A10<=3"": -2, ""A14<=87"": -2}"
exact_v1,visible,australian,10,ok,0.0471,0.2899933849774524,0.0,0.28999338,False,ok,0.9367681498829039,"{""A3<=13"": 3, ""A3<=89"": -1, ""A4=2"": 1, ""A5=1"": -2, ""A5=14"": 3, ""A6=5"": -2, ""A7<=26"": -1, ""A8=1"": 5, ""A10<=3"": -2, ""A14<=87"": -2}"
exact_v1,visible,heart,3,ok,4.6018,0.39413198739569943,0.3941319863956993,0.39413199,True,ok,0.7666666666666667,"{""chest<=3"": -4, ""oldpeak<=1.9"": -5, ""thal<=3"": -4}"
exact_v1,visible,heart,4,ok,0.0146,0.356107606733472,0.0,0.35610761,False,ok,0.8638888888888888,"{""chest<=3"": -5, ""oldpeak<=0.6"": -4, ""number_of_major_vessels<=0"": -4, ""thal<=3"": -5}"
exact_v1,visible,heart,5,ok,0.0197,0.33644466276027807,0.0,0.33644466,False,ok,0.8520833333333333,"{""chest<=3"": -3, ""resting_electrocardiographic_results<=0"": -2, ""oldpeak<=0.6"": -3, ""number_of_major_vessels<=0"": -3, ""thal<=3"": -4}"
exact_v1,visible,heart,7,ok,0.0271,0.31675485937146003,0.0,0.31496988,False,ok,0.8798611111111112,"{""sex=1"": 3, ""chest<=3"": -5, ""serum_cholestoral<=270"": -3, ""oldpeak<=0.6"": -3, ""oldpeak<=1.9"": -4, ""number_of_major_vessels<=0"": -4, ""thal<=3"": -4}"
exact_v1,visible,heart,10,ok,0.0569,0.2791468625811999,0.0,0.27914686,False,ok,0.8062499999999999,"{""age<=60"": -5, ""age<=63"": 5, ""sex=1"": 3, ""chest<=3"": -3, ""serum_cholestoral<=270"": -2, ""resting_electrocardiographic_results<=0"": -2, ""oldpeak<=0.6"": -2, ""oldpeak<=1.9"": -2, ""number_of_major_vessels<=0"": -2, ""thal<=3"": -3}"
exact_v1,visible,ionosphere,3,ok,0.0144,0.28199539974926296,0.0,0.2819954,False,ok,0.9139130434782609,"{""a03<=0"": 5, ""a05<=0"": 5, ""a22<=0.82162"": -1}"
exact_v1,visible,ionosphere,4,ok,0.0162,0.2279781518735197,0.0,0.22797815,False,ok,0.9278260869565217,"{""a03<=0"": 5, ""a04<=-0.59677"": 1, ""a05<=0.06704"": 1, ""a06<=-0.23067"": 1}"
exact_v1,visible,ionosphere,5,ok,0.0179,0.20648715366327594,0.0,0.20648715,False,ok,0.9299999999999999,"{""a03<=0"": 5, ""a05<=0.06704"": 4, ""a06<=-0.23067"": 4, ""a06<=0.78579"": -3, ""a22<=-0.03333"": -2}"
exact_v1,visible,ionosphere,7,ok,0.0396,0.14271712498886777,0.0,0.14271712,False,ok,0.9382608695652174,"{""a03<=0"": 5, ""a05<=0"": 5, ""a06<=-0.23067"": 4, ""a07<=0.38431"": 2, ""a22<=-0.03333"": -3, ""a24<=-1"": 4, ""a32<=0.77702"": -2}"
exact_v1,visible,ionosphere,10,ok,0.074,0.08583886979059814,0.0,0.08583887,False,ok,0.9252173913043477,"{""a03<=0"": 5, ""a05<=0"": 5, ""a06<=-0.23067"": 4, ""a07<=0.38431"": 2, ""a18<=0"": 1, ""a22<=-0.03333"": -3, ""a24<=-1"": 3, ""a29<=0.52798"": 2, ""a32<=0.77702"": -3, ""a33<=0.75115"": -2}"
exact_v1,visible,ilpd,3,ok,23.3294,0.5069721752569345,0.5069721742569345,0.50697218,True,ok,0.7462792345854004,"{""V1<=24"": 1, ""V4<=1"": 2, ""V5<=206"": 1}"
exact_v1,visible,ilpd,4,ok,0.0137,0.49795585352988103,0.0,0.49795585,False,ok,0.7829553508150248,"{""V1<=24"": 3, ""V4<=1"": 4, ""V5<=206"": 2, ""V6<=69"": 3}"
exact_v1,visible,ilpd,5,ok,0.0186,0.49203517133424296,0.0,0.49203517,False,ok,0.7859673990077959,"{""V1<=24"": 3, ""V1<=66"": 3, ""V4<=1"": 5, ""V5<=206"": 2, ""V6<=69"": 3}"
exact_v1,visible,ilpd,7,ok,0.0437,0.48483984421584536,0.0,0.48346504,False,ok,0.7854358610914246,"{""V1<=24"": 1, ""V1<=60"": -1, ""V1<=66"": 2, ""V4<=1"": 2, ""V4<=4"": 5, ""V5<=206"": 1, ""V6<=69"": 1}"
exact_v1,visible,ilpd,10,ok,0.056,0.4744057564957534,0.0,0.4735486,False,ok,0.7739192062367115,"{""V1<=24"": 1, ""V1<=66"": 1, ""V4<=0.6"": 1, ""V4<=4"": 5, ""V5<=206"": 1, ""V6<=69"": 1, ""V8<=6.5"": 1, ""V9<=3.1"": -1, ""V9<=4.1"": -1, ""V10<=1.3"": 1}"
exact_v1,visible,magic,3,ok,54.0077,0.47478486756430993,0.0025136748570331784,0.47478487,False,ok,0.7965658356370701,"{""fLength:<=106.655"": -5, ""fSize:<=2.42"": -2, ""fAlpha:<=18.205"": -4}"
exact_v1,visible,magic,4,ok,0.2197,0.45620113872765816,0.0025136748570331784,0.45620114,False,ok,0.8145058563689459,"{""fLength:<=106.655"": -2, ""fSize:<=2.42"": -1, ""fAlpha:<=11.711"": -1, ""fAlpha:<=27.106"": -1}"
exact_v1,visible,magic,5,ok,0.2131,0.44183375620039617,0.0025136748570331784,0.44183376,False,ok,0.8292445077021656,"{""fLength:<=106.655"": -4, ""fWidth:<=11.1267"": 2, ""fSize:<=2.42"": -3, ""fAlpha:<=11.711"": -2, ""fAlpha:<=27.106"": -2}"
exact_v1,visible,magic,7,ok,0.2715,0.41879759785437926,0.0025136748570331784,0.4187976,False,ok,0.8452481964882139,"{""fLength:<=106.655"": -5, ""fWidth:<=11.1267"": 4, ""fWidth:<=39.6681"": -5, ""fSize:<=2.42"": -5, ""fM3Long:<=-34.8805"": 4, ""fAlpha:<=11.711"": -4, ""fAlpha:<=27.106"": -4}"
exact_v1,visible,magic,10,ok,0.3209,0.4020098369768927,0.0025136748570331784,0.40023123,False,ok,0.8539255463172146,"{""fLength:<=46.2915"": -2, ""fLength:<=106.655"": -4, ""fWidth:<=11.1267"": 3, ""fWidth:<=15.1087"": 2, ""fWidth:<=39.6681"": -3, ""fSize:<=2.2844"": -3, ""fSize:<=2.5289"": -3, ""fM3Long:<=-34.8805"": 3, ""fAlpha:<=11.711"": -4, ""fAlpha:<=27.106"": -3}"
exact_v1,visible,haberman,3,ok,0.5412,0.4906198182007443,0.4906198172007442,0.49061982,True,ok,0.6012228260869564,"{""Age_of_patient_at_time_of_operation<=38"": -3, ""Patients_year_of_operation=61"": -4, ""Number_of_positive_axillary_nodes_detected<=4"": -3}"
exact_v1,visible,haberman,4,ok,54.1982,0.4808848365382481,0.08736747360886436,0.48088484,False,ok,0.5883152173913043,"{""Age_of_patient_at_time_of_operation<=38"": -3, ""Patients_year_of_operation=65"": 2, ""Patients_year_of_operation=61"": -4, ""Number_of_positive_axillary_nodes_detected<=4"": -3}"
exact_v1,visible,haberman,5,ok,0.0114,0.4779456368232793,0.08736747360886436,0.47794564,False,ok,0.563858695652174,"{""Age_of_patient_at_time_of_operation<=38"": -4, ""Patients_year_of_operation=65"": 2, ""Patients_year_of_operation=61"": -5, ""Patients_year_of_operation=63"": -2, ""Number_of_positive_axillary_nodes_detected<=4"": -4}"
exact_v1,visible,haberman,7,ok,0.0157,0.4731003093016757,0.08736747360886436,0.47310031,False,ok,0.626358695652174,"{""Age_of_patient_at_time_of_operation<=38"": -3, ""Patients_year_of_operation=60"": -1, ""Patients_year_of_operation=65"": 2, ""Patients_year_of_operation=61"": -5, ""Patients_year_of_operation=63"": -2, ""Number_of_positive_axillary_nodes_detected<=0"": -1, ""Number_of_positive_axillary_nodes_detected<=4"": -3}"
exact_v1,visible,haberman,10,ok,0.0266,0.46599816819711143,0.08736747360886436,0.46599817,False,ok,0.5957880434782609,"{""Age_of_patient_at_time_of_operation<=38"": -3, ""Age_of_patient_at_time_of_operation<=42"": -2, ""Age_of_patient_at_time_of_operation<=49"": 2, ""Age_of_patient_at_time_of_operation<=58"": -1, ""Patients_year_of_operation=65"": 2, ""Patients_year_of_operation=61"": -5, ""Patients_year_of_operation=63"": -2, ""Patients_year_of_operation=67"": -2, ""Number_of_positive_axillary_nodes_detected<=0"": -1, ""Number_of_positive_axillary_nodes_detected<=4"": -3}"
exact_v1,tiny,syn0,2,ok,0.0398,0.5446817400310768,0.5446817390310768,0.544681740031,True,ok,0.7354273023564362,"{""x0"": 3, ""x5"": -3}"
exact_v1,tiny,syn0,3,ok,0.0961,0.517219768730159,0.517219767730159,0.51721976873,True,ok,0.7913241614029015,"{""x0"": 5, ""x2"": -4, ""x5"": -5}"
exact_v1,tiny,syn1,2,ok,0.0165,0.5424078436161445,0.5424078426161445,0.542407843616,True,ok,0.700215866162979,"{""x0"": 1, ""x5"": 1}"
exact_v1,tiny,syn1,3,ok,0.2534,0.5078273260983516,0.5078273250983516,0.507827326098,True,ok,0.7139773340528872,"{""x0"": 4, ""x5"": 4, ""x7"": 3}"
exact_v1,tiny,syn2,2,ok,0.0207,0.6108453902145077,0.6108453892145077,0.610845390215,True,ok,0.6656700577256607,"{""x4"": 5, ""x8"": -3}"
exact_v1,tiny,syn2,3,ok,0.0888,0.5997197208530549,0.5997197198530549,0.599719720853,True,ok,0.681162796717662,"{""x3"": 2, ""x4"": 5, ""x8"": -3}"
exact_v1,tiny,syn3,2,ok,0.0386,0.5394043667750122,0.5394043657750123,0.539404366775,True,ok,0.7940387195706344,"{""x2"": -1, ""x3"": 1}"
exact_v1,tiny,syn3,3,ok,0.0938,0.4856527251948659,0.4856527241948657,0.485652725195,True,ok,0.8436019606232372,"{""x2"": -1, ""x3"": 1, ""x9"": 1}"
exact_v1,tiny,syn4,2,ok,0.0258,0.6132407316655778,0.6132407306655777,0.613240731666,True,ok,0.6743073576053052,"{""x3"": 5, ""x5"": 4}"
exact_v1,tiny,syn4,3,ok,0.1681,0.5888039988601307,0.5888039978601306,0.58880399886,True,ok,0.7138344997509894,"{""x3"": 5, ""x5"": 4, ""x6"": -4}"
exact_v1,tiny,syn5,2,ok,0.0325,0.49061575337749247,0.49061575237749244,0.490615753377,True,ok,0.7676676570458405,"{""x1"": 3, ""x2"": -1}"
exact_v1,tiny,syn5,3,ok,0.174,0.48817955613546987,0.48817955513546973,0.488179556135,True,ok,0.7614335738539898,"{""x1"": 5, ""x2"": -2, ""x9"": -1}"
exact_v1,tiny,syn6,2,ok,0.0136,0.14802788113021076,0.14802788013021076,0.14802788113,True,ok,0.6596320346320347,"{""x3"": 1, ""x4"": -1}"
exact_v1,tiny,syn6,3,ok,0.1754,0.13906553782524034,0.1390655368252403,0.139065537825,True,ok,0.751082251082251,"{""x3"": 1, ""x4"": -1, ""x6"": -1}"
exact_v1,tiny,syn7,2,ok,0.0282,0.5015280482234045,0.5015280472234043,0.501528048223,True,ok,0.7189240306819376,"{""x2"": -2, ""x4"": -2}"
exact_v1,tiny,syn7,3,ok,0.0696,0.4854612061587655,0.48546120515876545,0.485461206159,True,ok,0.7386606423592869,"{""x1"": 2, ""x2"": -2, ""x4"": -2}"
exact_v1,tiny,syn8,2,ok,0.0217,0.4961153691002832,0.49611536810028306,0.4961153691,True,ok,0.7551558336229869,"{""x2"": -1, ""x6"": 1}"
exact_v1,tiny,syn8,3,ok,0.1558,0.48292494900391036,0.4829249480039102,0.482924949004,True,ok,0.7773288147375739,"{""x2"": -5, ""x4"": 3, ""x6"": 5}"
exact_v1,tiny,syn9,2,ok,0.0147,0.5047078649095531,0.504707863909553,0.50470786491,True,ok,0.8380513495720869,"{""x6"": -3, ""x9"": 5}"
exact_v1,tiny,syn9,3,ok,0.1402,0.49035443087838726,0.4903544298783873,0.490354430878,True,ok,0.8486668861092825,"{""x1"": 1, ""x6"": -2, ""x9"": 3}"
exact_v1,tiny,syn10,2,ok,0.0226,0.4890810417103373,0.4890810407103371,0.48908104171,True,ok,0.6921452702702702,"{""x2"": -3, ""x3"": -3}"
exact_v1,tiny,syn10,3,ok,0.1471,0.4793160349932964,0.47931603399329636,0.479316034993,True,ok,0.7270660083160083,"{""x0"": 2, ""x2"": -5, ""x3"": -5}"
exact_v1,tiny,syn11,2,ok,0.01,0.49211041732485106,0.49211041632485103,0.492110417325,True,ok,0.8401988636363635,"{""x6"": 5, ""x9"": 4}"
exact_v1,tiny,syn11,3,ok,0.0532,0.45169452509203867,0.4516945240920387,0.451694525092,True,ok,0.9240056818181819,"{""x1"": 4, ""x6"": 5, ""x9"": 5}"
exact_v1,tiny,adult0,2,ok,0.0244,0.4404415262608285,0.44044152526082847,0.440441526261,True,ok,0.7866125274122807,"{""x0"": 3, ""x5"": -2}"
exact_v1,tiny,adult0,3,ok,0.1857,0.4285576334555465,0.42855763245554646,0.428557633456,True,ok,0.7943393640350878,"{""x0"": 4, ""x5"": -3, ""x9"": 2}"
exact_v1,tiny,adult1,2,ok,0.0201,0.4251927761860085,0.42519277518600834,0.425192776186,True,ok,0.746898985745614,"{""x0"": 5, ""x4"": 4}"
exact_v1,tiny,adult1,3,ok,0.0489,0.4104985715595258,0.4104985705595257,0.41049857156,True,ok,0.7788856907894737,"{""x0"": 4, ""x4"": 3, ""x7"": 2}"
exact_v1,tiny,bank0,2,ok,0.0336,0.28737579334064095,0.28737579234064087,0.287375793341,True,ok,0.7791236306729264,"{""x2"": 2, ""x7"": 3}"
exact_v1,tiny,bank0,3,ok,0.4695,0.2824076251922267,0.2824076241922266,0.282407625192,True,ok,0.7864788732394365,"{""x0"": -2, ""x2"": 3, ""x7"": 4}"
exact_v1,tiny,bank1,2,ok,0.0232,0.27445913427890106,0.27445913327890104,0.274459134279,True,ok,0.7549295774647888,"{""x1"": -3, ""x7"": -4}"
exact_v1,tiny,bank1,3,ok,0.4084,0.2649032414829257,0.2649032404829257,0.264903241483,True,ok,0.7729577464788733,"{""x0"": -3, ""x4"": -3, ""x7"": 5}"
exact_v1,tiny,mammo0,2,ok,0.01,0.4870724927203053,0.48707249172030526,0.48707249272,True,ok,0.7961140335991854,"{""x0"": -5, ""x2"": 2}"
exact_v1,tiny,mammo0,3,ok,0.1073,0.4658357722339051,0.46583577123390496,0.465835772234,True,ok,0.8297980655014423,"{""x0"": -4, ""x1"": 3, ""x2"": 3}"
exact_v1,tiny,mammo1,2,ok,0.0097,0.4870724927203053,0.48707249172030526,0.48707249272,True,ok,0.7961140335991854,"{""x0"": -5, ""x2"": 2}"
exact_v1,tiny,mammo1,3,ok,0.1423,0.4658357722339051,0.46583577123390496,0.465835772234,True,ok,0.8297980655014423,"{""x0"": -4, ""x1"": 3, ""x2"": 3}"
exact_v1,tiny,mushroom0,2,ok,0.0089,0.15339675278235038,0.15339675178235035,0.153396752782,True,ok,0.979049335435909,"{""x1"": 5, ""x6"": -1}"
exact_v1,tiny,mushroom0,3,ok,2.1231,0.11698955207199077,0.11698955107199076,0.116989552072,True,ok,0.989562213711797,"{""x1"": -5, ""x3"": -5, ""x5"": -1}"
exact_v1,tiny,mushroom1,2,ok,0.0156,0.12878025349797625,0.12878025249797626,0.128780253498,True,ok,0.9699757202573152,"{""x1"": 5, ""x5"": 1}"
exact_v1,tiny,mushroom1,3,ok,2.5945,0.10091780231276294,0.10091780131276294,0.100917802313,True,ok,0.9789241821231007,"{""x1"": 5, ""x3"": 5, ""x5"": 1}"
exact_v1,tiny,fico0,2,ok,0.0099,0.5812007447676837,0.5812007437676837,0.581200744768,True,ok,0.7190124999999999,"{""x0"": 5, ""x9"": -3}"
exact_v1,tiny,fico0,3,ok,0.0702,0.574847113794094,0.5748471127940941,0.574847113794,True,ok,0.7441125,"{""x0"": 5, ""x4"": 2, ""x9"": -3}"
exact_v1,tiny,fico1,2,ok,0.0183,0.6102008403466027,0.6102008393466027,0.610200840347,True,ok,0.7442,"{""x2"": 5, ""x5"": 4}"
exact_v1,tiny,fico1,3,ok,0.044,0.6005809873321837,0.6005809863321837,0.600580987332,True,ok,0.76435,"{""x2"": 5, ""x5"": 5, ""x9"": -4}"
exact_v1,tiny,compas0,2,ok,0.0126,0.629996371800631,0.629996370800631,0.629996371801,True,ok,0.7134433962264151,"{""x2"": -4, ""x6"": 3}"
exact_v1,tiny,compas0,3,ok,0.0449,0.6192854625477515,0.6192854615477515,0.619285462548,True,ok,0.7332396627860296,"{""x1"": -3, ""x3"": -4, ""x6"": 4}"
exact_v1,tiny,compas1,2,ok,0.0106,0.6190112288342146,0.6190112278342145,0.619011228834,True,ok,0.6652323364110799,"{""x0"": -4, ""x6"": 3}"
exact_v1,tiny,compas1,3,ok,0.0694,0.6112271865486547,0.6112271855486547,0.611227186549,True,ok,0.6573790646326776,"{""x1"": -3, ""x2"": -4, ""x6"": 4}"
exact_v1,tiny,australian0,2,ok,0.0335,0.3433494648221187,0.3433494638221186,0.343349464822,True,ok,0.8926925608953258,"{""x1"": -5, ""x5"": 2}"
exact_v1,tiny,australian0,3,ok,1.2656,0.3281367559010285,0.3281367549010284,0.328136755901,True,ok,0.8945029624753127,"{""x1"": -5, ""x2"": -2, ""x9"": -2}"
exact_v1,tiny,australian1,2,ok,0.0307,0.3433494648221187,0.3433494638221186,0.343349464822,True,ok,0.8926925608953258,"{""x1"": -5, ""x5"": 2}"
exact_v1,tiny,australian1,3,ok,1.2724,0.3281367559010285,0.3281367549010284,0.328136755901,True,ok,0.8945029624753127,"{""x1"": -5, ""x2"": -2, ""x9"": -2}"
exact_v1,tiny,heart0,2,ok,0.0104,0.39145572741205925,0.3914557264120591,0.391455727412,True,ok,0.725,"{""x0"": -5, ""x2"": -4}"
exact_v1,tiny,heart0,3,ok,0.1975,0.3286332589543534,0.3286332579543534,0.328633258954,True,ok,0.7479166666666667,"{""x0"": -4, ""x2"": -3, ""x5"": -4}"
exact_v1,tiny,heart1,2,ok,0.0103,0.39145572741205925,0.3914557264120591,0.391455727412,True,ok,0.725,"{""x0"": -5, ""x2"": -4}"
exact_v1,tiny,heart1,3,ok,0.1934,0.3286332589543534,0.3286332579543534,0.328633258954,True,ok,0.7479166666666667,"{""x0"": -4, ""x2"": -3, ""x5"": -4}"
exact_v1,tiny,ilpd0,2,ok,0.0102,0.5186090889548504,0.5186090879548504,0.518609088955,True,ok,0.6821448313985627,"{""x2"": 5, ""x6"": 3}"
exact_v1,tiny,ilpd0,3,ok,0.64,0.5095557789943593,0.5095557779943592,0.509555778994,True,ok,0.6901603095632947,"{""x2"": 1, ""x6"": 1, ""x8"": 5}"
exact_v1,tiny,ilpd1,2,ok,0.0131,0.5186090889548504,0.5186090879548504,0.518609088955,True,ok,0.6821448313985627,"{""x2"": 5, ""x6"": 3}"
exact_v1,tiny,ilpd1,3,ok,0.6694,0.5095557789943593,0.5095557779943592,0.509555778994,True,ok,0.6901603095632947,"{""x2"": 1, ""x6"": 1, ""x8"": 5}"
x2_lrtree,visible,adult,3,ok,0.5557,0.40451518177265444,0.40451518077265775,0.40451518,True,ok,0.8246348665670107,"{""HSDiploma"": -1, ""NoHS"": -2, ""Married"": 2}"
x2_lrtree,visible,adult,4,ok,1.7127,0.3881656387542517,0.38816563775425134,0.38816564,True,ok,0.8444253261870338,"{""HSDiploma"": -2, ""NoHS"": -4, ""Married"": 4, ""AnyCapitalGains"": 3}"
x2_lrtree,visible,adult,5,ok,3.9728,0.37728155038497213,0.37728154938497566,0.37728155,True,ok,0.8586250083143998,"{""Age_22_to_29"": -2, ""HSDiploma"": -2, ""NoHS"": -4, ""Married"": 4, ""AnyCapitalGains"": 3}"
x2_lrtree,visible,adult,7,ok,13.4723,0.3632879178831039,0.36328791688310275,0.36328792,True,ok,0.8706296888839099,"{""Age_22_to_29"": -3, ""HSDiploma"": -3, ""NoHS"": -5, ""JobManagerial"": 2, ""Married"": 5, ""WorkHrsPerWeek_lt_40"": -2, ""AnyCapitalGains"": 4}"
x2_lrtree,visible,adult,10,ok,55.2011,0.35342272575902606,0.18488176395000777,0.35342273,False,ok,0.8826068006539496,"{""Age_30_to_44"": 3, ""Age_45_to_59"": 4, ""Age_geq_60"": 3, ""HSDiploma"": -3, ""NoHS"": -5, ""JobManagerial"": 2, ""Married"": 5, ""WorkHrsPerWeek_lt_40"": -2, ""AnyCapitalGains"": 4, ""AnyCapitalLoss"": 3}"
x2_lrtree,visible,bank,3,ok,4.6734,0.28398526050475853,0.28398525950477294,0.28398526,True,ok,0.7726779284896623,"{""call_in_Q2"": -1, ""calls_b4_campaign_successful"": 2, ""emp_var_rate_lt_n1"": 2}"
x2_lrtree,visible,bank,4,ok,55.2016,0.28178061505771845,0.018259103312661642,0.28178062,False,ok,0.7779411200429753,"{""call_in_Q2"": -2, ""calls_b4_campaign_successful"": 3, ""cons_price_idx_geq_93_5"": 1, ""euribor3m_geq_300"": -4}"
x2_lrtree,visible,bank,5,ok,55.2069,0.2808465895282374,0.018259103312661642,0.28084659,False,ok,0.7830979925688596,"{""call_in_Q2"": -2, ""called_before"": 3, ""calls_b4_campaign_failed"": -1, ""emp_var_rate_lt_n1"": 4, ""cons_price_idx_geq_93_5"": 1}"
x2_lrtree,visible,bank,7,ok,55.2033,0.27923804198746716,0.018259103312661642,0.27923804,False,ok,0.7830508284890227,"{""age_ge_60"": 1, ""job_blue_collar"": -1, ""call_in_Q2"": -2, ""calls_b4_campaign_failed"": -1, ""calls_b4_campaign_successful"": 3, ""emp_var_rate_lt_n1"": 5, ""cons_price_idx_geq_93_5"": 1}"
x2_lrtree,visible,bank,10,ok,55.2838,0.2780978603622512,0.018259103312661642,0.27791022,False,ok,0.7790882463915483,"{""age_ge_60"": 2, ""job_student"": 1, ""job_blue_collar"": -1, ""credit_is_or_may_be_in_default"": -1, ""call_in_Q1"": 1, ""call_in_Q2"": -2, ""any_prior_calls_b4_campaign"": -1, ""calls_b4_campaign_successful"": 5, ""nr_employed_gt_5100"": -5, ""cons_price_idx_geq_93_5"": 1}"
x2_lrtree,visible,breastcancer,3,ok,0.036,0.0892270617348029,0.0892270607348061,0.08922706,True,ok,0.9878277153558053,"{""ClumpThickness"": 3, ""UniformityOfCellSize"": 5, ""BareNuclei"": 3}"
x2_lrtree,visible,breastcancer,4,ok,0.0699,0.07846697475234178,0.07846697375234185,0.07846697,True,ok,0.9898174157303371,"{""ClumpThickness"": 4, ""UniformityOfCellSize"": 5, ""BareNuclei"": 3, ""BlandChromatin"": 4}"
x2_lrtree,visible,breastcancer,5,ok,0.1414,0.07315003724742207,0.07315003624742197,0.07315004,True,ok,0.9918071161048689,"{""ClumpThickness"": 3, ""UniformityOfCellShape"": 4, ""MarginalAdhesion"": 2, ""BareNuclei"": 2, ""BlandChromatin"": 4}"
x2_lrtree,visible,breastcancer,7,ok,0.1209,0.06746347532828346,0.0674634743282835,0.06746348,True,ok,0.992626404494382,"{""ClumpThickness"": 4, ""UniformityOfCellShape"": 4, ""MarginalAdhesion"": 3, ""BareNuclei"": 3, ""BlandChromatin"": 5, ""NormalNucleoli"": 2, ""Mitoses"": 3}"
x2_lrtree,visible,breastcancer,10,ok,0.128,0.06592425084343989,0.0659242498434399,0.06592425,True,ok,0.9915730337078652,"{""ClumpThickness"": 3, ""UniformityOfCellSize"": 1, ""UniformityOfCellShape"": 2, ""MarginalAdhesion"": 2, ""SingleEpithelialCellSize"": 1, ""BareNuclei"": 2, ""BlandChromatin"": 4, ""NormalNucleoli"": 1, ""Mitoses"": 2}"
x2_lrtree,visible,mammo,3,ok,0.0129,0.472334615836568,0.4723346148365678,0.47233462,True,ok,0.8532843560933447,"{""IrregularShape"": 4, ""CircumscribedMargin"": -5, ""Age_geq_60"": 3}"
x2_lrtree,visible,mammo,4,ok,0.0217,0.46720671586568163,0.46720671486568177,0.46720672,True,ok,0.8571197061365601,"{""IrregularShape"": 3, ""CircumscribedMargin"": -4, ""SpiculatedMargin"": 2, ""Age_geq_60"": 3}"
x2_lrtree,visible,mammo,5,ok,0.0617,0.4637046145587998,0.46370461355879994,0.46370461,True,ok,0.8565795159896282,"{""IrregularShape"": 3, ""CircumscribedMargin"": -4, ""SpiculatedMargin"": 2, ""Age_lt_30"": -5, ""Age_geq_60"": 3}"
x2_lrtree,visible,mammo,7,ok,0.2076,0.45928718876274427,0.4592871877627443,0.45928719,True,ok,0.8508535004321521,"{""OvalShape"": 1, ""IrregularShape"": -2, ""CircumscribedMargin"": 3, ""ObscuredMargin"": 1, ""SpiculatedMargin"": -1, ""Age_lt_30"": 5, ""Age_geq_60"": -2}"
x2_lrtree,visible,mammo,10,ok,13.6384,0.45827677476065914,0.45827677376065923,0.45827677,True,ok,0.8453975799481418,"{""RoundShape"": 4, ""OvalShape"": 5, ""LobularShape"": 3, ""CircumscribedMargin"": 5, ""ObscuredMargin"": 2, ""SpiculatedMargin"": -2, ""Age_lt_30"": 5, ""Age_geq_30"": -5, ""Age_geq_45"": -1, ""Age_geq_60"": -3}"
x2_lrtree,visible,mushroom,3,ok,55.2133,0.06494475825921053,0.0,0.06494476,False,ok,0.9879991384619118,"{""odor_eq_almond"": -2, ""odor_eq_anise"": -2, ""odor_eq_none"": -1}"
x2_lrtree,visible,mushroom,4,ok,55.2291,0.03151661237198366,0.0,0.03151661,False,ok,0.9953040107024872,"{""odor_eq_almond"": -5, ""odor_eq_anise"": -5, ""odor_eq_none"": -4, ""spore_print_color_eq_green"": 4}"
x2_lrtree,visible,mushroom,5,ok,55.2217,0.009137783224568645,0.0,0.00913778,False,ok,0.9978992425138711,"{""odor_eq_almond"": -5, ""odor_eq_anise"": -5, ""odor_eq_none"": -3, ""stalk_surface_below_ring_eq_scaly"": 1, ""spore_print_color_eq_green"": 5}"
x2_lrtree,visible,mushroom,7,ok,55.2045,3.8593243796512854e-13,-9.99999988613558e-10,0.0,True,ok,1.0,"{""odor_eq_almond"": -5, ""odor_eq_anise"": -5, ""odor_eq_none"": -4, ""gill_size_eq_narrow"": 2, ""stalk_surface_below_ring_eq_scaly"": 2, ""spore_print_color_eq_green"": 5, ""population_eq_clustered"": 2}"
x2_lrtree,visible,mushroom,10,ok,55.2021,6.537876176643081e-13,-9.999999936179344e-10,0.0,True,ok,1.0,"{""odor_eq_almond"": -5, ""odor_eq_anise"": -5, ""odor_eq_none"": -2, ""odor_eq_foul"": 2, ""gill_size_eq_narrow"": 1, ""gill_color_eq_buff"": 2, ""stalk_root_eq_rooted"": -2, ""stalk_surface_below_ring_eq_scaly"": 1, ""spore_print_color_eq_green"": 3, ""population_eq_clustered"": 1}"
x2_lrtree,visible,spambase,3,ok,24.091,0.39815962909806096,0.39815962809553757,0.39815963,True,ok,0.9099425338428271,"{""WordFreqRemove"": 2, ""WordFreqHP"": -1, ""CharFreqDollarSign"": 4}"
x2_lrtree,visible,spambase,4,ok,55.2324,0.36266309545965447,0.0007534208484347232,0.3626631,False,ok,0.9289029098413264,"{""WordFreqRemove"": 2, ""WordFreqHP"": -1, ""WordFreqGeorge"": -2, ""CharFreqDollarSign"": 4}"
x2_lrtree,visible,spambase,5,ok,55.297,0.3360455337893006,0.0007534208484347232,0.33604553,False,ok,0.9378141137671929,"{""WordFreqRemove"": 2, ""WordFreqHP"": -1, ""WordFreqGeorge"": -3, ""WordFreqEDU"": -1, ""CharFreqDollarSign"": 4}"
x2_lrtree,visible,spambase,7,ok,55.2225,0.2981260710383189,0.0007534208484347232,0.29812607,False,ok,0.9548762305360545,"{""WordFreqRemove"": 3, ""WordFreqFree"": 1, ""WordFreq0"": 3, ""WordFreqHP"": -2, ""WordFreqGeorge"": -4, ""WordFreqEDU"": -2, ""CharFreqDollarSign"": 5}"
x2_lrtree,visible,spambase,10,ok,55.2812,0.2660206809736392,0.0007534208484347232,0.26602068,False,ok,0.9623631229203078,"{""WordFreqRemove"": 3, ""WordFreqFree"": 1, ""WordFreqBusiness"": 1, ""WordFreq0"": 3, ""WordFreqHP"": -2, ""WordFreqGeorge"": -4, ""WordFreqMeeting"": -2, ""WordFreqEDU"": -2, ""CharFreqExcalamationMark"": 1, ""CharFreqDollarSign"": 5}"
x2_lrtree,visible,fico,3,ok,55.2088,0.5918556511470763,0.03919501637694608,0.59185565,False,ok,0.7414784999999999,"{""ExternalRiskEstimate<=68"": 5, ""ExternalRiskEstimate<=78"": 4, ""MSinceMostRecentInqexcl7days<=-8"": -4}"
x2_lrtree,visible,fico,4,ok,55.213,0.5785394194171956,0.03919501637694608,0.57853942,False,ok,0.763808,"{""ExternalRiskEstimate<=68"": 5, ""ExternalRiskEstimate<=78"": 4, ""MSinceMostRecentInqexcl7days<=-8"": -5, ""MSinceMostRecentInqexcl7days<=0"": 3}"
x2_lrtree,visible,fico,5,ok,55.2036,0.5695292740873528,0.03919501637694608,0.56952927,False,ok,0.767671,"{""ExternalRiskEstimate<=68"": 3, ""ExternalRiskEstimate<=78"": 3, ""NumSatisfactoryTrades<=13"": 2, ""MSinceMostRecentInqexcl7days<=-8"": -5, ""MSinceMostRecentInqexcl7days<=0"": 2}"
x2_lrtree,visible,fico,7,ok,55.2108,0.5605509559011824,0.03919501637694608,0.56055096,False,ok,0.7739745,"{""ExternalRiskEstimate<=68"": 3, ""ExternalRiskEstimate<=78"": 3, ""AverageMInFile<=67"": 1, ""NumSatisfactoryTrades<=13"": 2, ""MSinceMostRecentInqexcl7days<=-8"": -5, ""MSinceMostRecentInqexcl7days<=0"": 2, ""NetFractionRevolvingBurden<=59"": -2}"
x2_lrtree,visible,fico,10,ok,55.2087,0.554169616008486,0.03919501637694608,0.55416962,False,ok,0.7808244999999999,"{""ExternalRiskEstimate<=68"": 2, ""ExternalRiskEstimate<=78"": 2, ""AverageMInFile<=58"": 2, ""NumSatisfactoryTrades<=13"": 2, ""PercentTradesNeverDelq<=96"": 2, ""MSinceMostRecentDelq<=20"": 1, ""MSinceMostRecentInqexcl7days<=-8"": -5, ""MSinceMostRecentInqexcl7days<=0"": 2, ""NetFractionRevolvingBurden<=35"": -1, ""NetFractionRevolvingBurden<=59"": -2}"
x2_lrtree,visible,compas,3,ok,0.0572,0.6225382115397334,0.6225382105397327,0.62253821,True,ok,0.7012972288111494,"{""age<=29"": 4, ""priors_count<=1"": -4, ""priors_count<=6"": -5}"
x2_lrtree,visible,compas,4,ok,0.104,0.615796584878717,0.6157965838787182,0.61579658,True,ok,0.7252711258607099,"{""age<=22"": 3, ""age<=34"": 3, ""priors_count<=1"": -4, ""priors_count<=6"": -4}"
x2_lrtree,visible,compas,5,ok,0.1813,0.6121183269701487,0.6121183259701491,0.61211833,True,ok,0.7304002908326525,"{""age<=22"": 4, ""age<=34"": 4, ""priors_count<=0"": -3, ""priors_count<=2"": -4, ""priors_count<=6"": -4}"
x2_lrtree,visible,compas,7,ok,0.3141,0.6082265159549372,0.6082265149549361,0.60822652,True,ok,0.7296174182843033,"{""age<=22"": 4, ""age<=29"": 3, ""age<=39"": 3, ""juv_other_count<=0"": -3, ""priors_count<=0"": -3, ""priors_count<=2"": -5, ""priors_count<=6"": -5}"
x2_lrtree,visible,compas,10,ok,0.9588,0.6055605523836098,0.6055605513836101,0.60556055,True,ok,0.7378078848763421,"{""sex=1"": 2, ""age<=22"": 4, ""age<=29"": 2, ""age<=34"": 2, ""age<=45"": 2, ""juv_other_count<=0"": -3, ""priors_count<=0"": -2, ""priors_count<=1"": -2, ""priors_count<=2"": -4, ""priors_count<=6"": -5}"
x2_lrtree,visible,australian,3,ok,0.9092,0.3379872507337162,0.3379872497337169,0.33798725,True,ok,0.8915265062806046,"{""A8=0"": -5, ""A10<=1"": -2, ""A14<=126"": -2}"
x2_lrtree,visible,australian,4,ok,15.0966,0.3266563195115297,0.3266563185115277,0.32665632,True,ok,0.9259101554183522,"{""A3<=13"": 2, ""A8=1"": 5, ""A10<=1"": -2, ""A14<=126"": -2}"
x2_lrtree,visible,australian,5,ok,55.2016,0.31742251989231884,0.0,0.31742252,False,ok,0.944113263785395,"{""A3<=13"": 3, ""A7<=26"": -1, ""A8=1"": 5, ""A10<=3"": -2, ""A14<=87"": -2}"
x2_lrtree,visible,australian,7,ok,55.2004,0.3038390458122755,0.0,0.30383905,False,ok,0.9490100063870556,"{""A3<=13"": 3, ""A3<=89"": -1, ""A5=14"": 3, ""A7<=26"": -1, ""A8=0"": -5, ""A10<=3"": -2, ""A14<=87"": -2}"
x2_lrtree,visible,australian,10,ok,55.2005,0.2899933849774524,0.0,0.28999338,False,ok,0.9367681498829039,"{""A3<=13"": 3, ""A3<=89"": -1, ""A4=2"": 1, ""A5=1"": -2, ""A5=14"": 3, ""A6=5"": -2, ""A7<=26"": -1, ""A8=1"": 5, ""A10<=3"": -2, ""A14<=87"": -2}"
x2_lrtree,visible,heart,3,ok,1.0357,0.39413198739569943,0.3941319863957005,0.39413199,True,ok,0.7666666666666667,"{""chest<=3"": -4, ""oldpeak<=1.9"": -5, ""thal<=3"": -4}"
x2_lrtree,visible,heart,4,ok,14.9602,0.356107606733472,0.3561076057334791,0.35610761,True,ok,0.8638888888888888,"{""chest<=3"": -5, ""oldpeak<=0.6"": -4, ""number_of_major_vessels<=0"": -4, ""thal<=3"": -5}"
x2_lrtree,visible,heart,5,ok,55.2001,0.33644466276027807,0.0,0.33644466,False,ok,0.8520833333333333,"{""chest<=3"": -3, ""resting_electrocardiographic_results<=0"": -2, ""oldpeak<=0.6"": -3, ""number_of_major_vessels<=0"": -3, ""thal<=3"": -4}"
x2_lrtree,visible,heart,7,ok,55.2003,0.31675485937146003,0.0,0.31496988,False,ok,0.8798611111111112,"{""sex=1"": 3, ""chest<=3"": -5, ""serum_cholestoral<=270"": -3, ""oldpeak<=0.6"": -3, ""oldpeak<=1.9"": -4, ""number_of_major_vessels<=0"": -4, ""thal<=3"": -4}"
x2_lrtree,visible,heart,10,ok,55.2002,0.2791468625811999,0.0,0.27914686,False,ok,0.8062499999999999,"{""age<=60"": -5, ""age<=63"": 5, ""sex=1"": 3, ""chest<=3"": -3, ""serum_cholestoral<=270"": -2, ""resting_electrocardiographic_results<=0"": -2, ""oldpeak<=0.6"": -2, ""oldpeak<=1.9"": -2, ""number_of_major_vessels<=0"": -2, ""thal<=3"": -3}"
x2_lrtree,visible,ionosphere,3,ok,55.2002,0.28199539974926296,0.0,0.2819954,False,ok,0.9139130434782609,"{""a03<=0"": 5, ""a05<=0"": 5, ""a22<=0.82162"": -1}"
x2_lrtree,visible,ionosphere,4,ok,55.2393,0.2279781518735197,0.0,0.22797815,False,ok,0.9278260869565217,"{""a03<=0"": 5, ""a04<=-0.59677"": 1, ""a05<=0.06704"": 1, ""a06<=-0.23067"": 1}"
x2_lrtree,visible,ionosphere,5,ok,55.2447,0.20648715366327594,0.0,0.20648715,False,ok,0.9299999999999999,"{""a03<=0"": 5, ""a05<=0.06704"": 4, ""a06<=-0.23067"": 4, ""a06<=0.78579"": -3, ""a22<=-0.03333"": -2}"
x2_lrtree,visible,ionosphere,7,ok,55.2019,0.14271712498886777,0.0,0.14271712,False,ok,0.9382608695652174,"{""a03<=0"": 5, ""a05<=0"": 5, ""a06<=-0.23067"": 4, ""a07<=0.38431"": 2, ""a22<=-0.03333"": -3, ""a24<=-1"": 4, ""a32<=0.77702"": -2}"
x2_lrtree,visible,ionosphere,10,ok,55.2003,0.08583886979059814,0.0,0.08583887,False,ok,0.9252173913043477,"{""a03<=0"": 5, ""a05<=0"": 5, ""a06<=-0.23067"": 4, ""a07<=0.38431"": 2, ""a18<=0"": 1, ""a22<=-0.03333"": -3, ""a24<=-1"": 3, ""a29<=0.52798"": 2, ""a32<=0.77702"": -3, ""a33<=0.75115"": -2}"
x2_lrtree,visible,ilpd,3,ok,1.4776,0.5069721752569345,0.5069721742569353,0.50697218,True,ok,0.7462792345854004,"{""V1<=24"": 1, ""V4<=1"": 2, ""V5<=206"": 1}"
x2_lrtree,visible,ilpd,4,ok,55.2006,0.49795585352988103,0.0,0.49795585,False,ok,0.7829553508150248,"{""V1<=24"": 3, ""V4<=1"": 4, ""V5<=206"": 2, ""V6<=69"": 3}"
x2_lrtree,visible,ilpd,5,ok,55.2004,0.49203517133424296,0.0,0.49203517,False,ok,0.7859673990077959,"{""V1<=24"": 3, ""V1<=66"": 3, ""V4<=1"": 5, ""V5<=206"": 2, ""V6<=69"": 3}"
x2_lrtree,visible,ilpd,7,ok,55.2006,0.48483984421584536,0.0,0.48346504,False,ok,0.7854358610914246,"{""V1<=24"": 1, ""V1<=60"": -1, ""V1<=66"": 2, ""V4<=1"": 2, ""V4<=4"": 5, ""V5<=206"": 1, ""V6<=69"": 1}"
x2_lrtree,visible,ilpd,10,ok,55.2005,0.4744057564957534,0.0,0.4735486,False,ok,0.7739192062367115,"{""V1<=24"": 1, ""V1<=66"": 1, ""V4<=0.6"": 1, ""V4<=4"": 5, ""V5<=206"": 1, ""V6<=69"": 1, ""V8<=6.5"": 1, ""V9<=3.1"": -1, ""V9<=4.1"": -1, ""V10<=1.3"": 1}"
x2_lrtree,visible,magic,3,ok,32.8494,0.47478486756430993,0.4747848665643523,0.47478487,True,ok,0.7965658356370701,"{""fLength:<=106.655"": -5, ""fSize:<=2.42"": -2, ""fAlpha:<=18.205"": -4}"
x2_lrtree,visible,magic,4,ok,55.2333,0.45620113872765816,0.0025136748570331784,0.45620114,False,ok,0.8145058563689459,"{""fLength:<=106.655"": -2, ""fSize:<=2.42"": -1, ""fAlpha:<=11.711"": -1, ""fAlpha:<=27.106"": -1}"
x2_lrtree,visible,magic,5,ok,55.2334,0.44183375620039617,0.0025136748570331784,0.44183376,False,ok,0.8292445077021656,"{""fLength:<=106.655"": -4, ""fWidth:<=11.1267"": 2, ""fSize:<=2.42"": -3, ""fAlpha:<=11.711"": -2, ""fAlpha:<=27.106"": -2}"
x2_lrtree,visible,magic,7,ok,55.2224,0.41879759785437926,0.0025136748570331784,0.4187976,False,ok,0.8452481964882139,"{""fLength:<=106.655"": -5, ""fWidth:<=11.1267"": 4, ""fWidth:<=39.6681"": -5, ""fSize:<=2.42"": -5, ""fM3Long:<=-34.8805"": 4, ""fAlpha:<=11.711"": -4, ""fAlpha:<=27.106"": -4}"
x2_lrtree,visible,magic,10,ok,55.2174,0.4020098369768927,0.0025136748570331784,0.40023123,False,ok,0.8539255463172146,"{""fLength:<=46.2915"": -2, ""fLength:<=106.655"": -4, ""fWidth:<=11.1267"": 3, ""fWidth:<=15.1087"": 2, ""fWidth:<=39.6681"": -3, ""fSize:<=2.2844"": -3, ""fSize:<=2.5289"": -3, ""fM3Long:<=-34.8805"": 3, ""fAlpha:<=11.711"": -4, ""fAlpha:<=27.106"": -3}"
x2_lrtree,visible,haberman,3,ok,0.0191,0.4906198182007443,0.4906198172007446,0.49061982,True,ok,0.6012228260869564,"{""Age_of_patient_at_time_of_operation<=38"": -3, ""Patients_year_of_operation=61"": -4, ""Number_of_positive_axillary_nodes_detected<=4"": -3}"
x2_lrtree,visible,haberman,4,ok,0.0345,0.4808848365382481,0.48088483553825273,0.48088484,True,ok,0.5883152173913043,"{""Age_of_patient_at_time_of_operation<=38"": -3, ""Patients_year_of_operation=65"": 2, ""Patients_year_of_operation=61"": -4, ""Number_of_positive_axillary_nodes_detected<=4"": -3}"
x2_lrtree,visible,haberman,5,ok,0.1063,0.4779456368232793,0.4779456358232852,0.47794564,True,ok,0.563858695652174,"{""Age_of_patient_at_time_of_operation<=38"": -4, ""Patients_year_of_operation=65"": 2, ""Patients_year_of_operation=61"": -5, ""Patients_year_of_operation=63"": -2, ""Number_of_positive_axillary_nodes_detected<=4"": -4}"
x2_lrtree,visible,haberman,7,ok,1.7647,0.4731003093016757,0.47310030830167554,0.47310031,True,ok,0.626358695652174,"{""Age_of_patient_at_time_of_operation<=38"": -3, ""Patients_year_of_operation=60"": -1, ""Patients_year_of_operation=65"": 2, ""Patients_year_of_operation=61"": -5, ""Patients_year_of_operation=63"": -2, ""Number_of_positive_axillary_nodes_detected<=0"": -1, ""Number_of_positive_axillary_nodes_detected<=4"": -3}"
x2_lrtree,visible,haberman,10,ok,12.6828,0.46599816819711143,0.46599816719711185,0.46599817,True,ok,0.5957880434782609,"{""Age_of_patient_at_time_of_operation<=38"": -3, ""Age_of_patient_at_time_of_operation<=42"": -2, ""Age_of_patient_at_time_of_operation<=49"": 2, ""Age_of_patient_at_time_of_operation<=58"": -1, ""Patients_year_of_operation=65"": 2, ""Patients_year_of_operation=61"": -5, ""Patients_year_of_operation=63"": -2, ""Patients_year_of_operation=67"": -2, ""Number_of_positive_axillary_nodes_detected<=0"": -1, ""Number_of_positive_axillary_nodes_detected<=4"": -3}"
x2_lrtree,tiny,syn0,2,ok,0.0118,0.5446817400310768,0.544681739031076,0.544681740031,True,ok,0.7354273023564362,"{""x0"": 3, ""x5"": -3}"
x2_lrtree,tiny,syn0,3,ok,0.0145,0.517219768730159,0.5172197677301591,0.51721976873,True,ok,0.7913241614029015,"{""x0"": 5, ""x2"": -4, ""x5"": -5}"
x2_lrtree,tiny,syn1,2,ok,0.0166,0.5424078436161445,0.5424078426161476,0.542407843616,True,ok,0.700215866162979,"{""x0"": 1, ""x5"": 1}"
x2_lrtree,tiny,syn1,3,ok,0.0118,0.5078273260983516,0.507827325098351,0.507827326098,True,ok,0.7139773340528872,"{""x0"": 4, ""x5"": 4, ""x7"": 3}"
x2_lrtree,tiny,syn2,2,ok,0.0134,0.6108453902145077,0.6108453892145087,0.610845390215,True,ok,0.6656700577256607,"{""x4"": 5, ""x8"": -3}"
x2_lrtree,tiny,syn2,3,ok,0.0177,0.5997197208530549,0.5997197198530531,0.599719720853,True,ok,0.681162796717662,"{""x3"": 2, ""x4"": 5, ""x8"": -3}"
x2_lrtree,tiny,syn3,2,ok,0.0132,0.5394043667750122,0.5394043657750137,0.539404366775,True,ok,0.7940387195706344,"{""x2"": -1, ""x3"": 1}"
x2_lrtree,tiny,syn3,3,ok,0.017,0.4856527251948659,0.4856527241948641,0.485652725195,True,ok,0.8436019606232372,"{""x2"": -1, ""x3"": 1, ""x9"": 1}"
x2_lrtree,tiny,syn4,2,ok,0.0104,0.6132407316655778,0.6132407306655804,0.613240731666,True,ok,0.6743073576053052,"{""x3"": 5, ""x5"": 4}"
x2_lrtree,tiny,syn4,3,ok,0.0135,0.5888039988601307,0.5888039978601297,0.58880399886,True,ok,0.7138344997509894,"{""x3"": 5, ""x5"": 4, ""x6"": -4}"
x2_lrtree,tiny,syn5,2,ok,0.0095,0.49061575337749247,0.49061575237749583,0.490615753377,True,ok,0.7676676570458405,"{""x1"": 3, ""x2"": -1}"
x2_lrtree,tiny,syn5,3,ok,0.0118,0.48817955613546987,0.48817955513547034,0.488179556135,True,ok,0.7614335738539898,"{""x1"": 5, ""x2"": -2, ""x9"": -1}"
x2_lrtree,tiny,syn6,2,ok,0.013,0.14802788113021076,0.14802788013020998,0.14802788113,True,ok,0.6596320346320347,"{""x3"": 1, ""x4"": -1}"
x2_lrtree,tiny,syn6,3,ok,0.0119,0.13906553782524034,0.13906553682524084,0.139065537825,True,ok,0.751082251082251,"{""x3"": 1, ""x4"": -1, ""x6"": -1}"
x2_lrtree,tiny,syn7,2,ok,0.0099,0.5015280482234045,0.5015280472234025,0.501528048223,True,ok,0.7189240306819376,"{""x2"": -2, ""x4"": -2}"
x2_lrtree,tiny,syn7,3,ok,0.0131,0.4854612061587655,0.4854612051587647,0.485461206159,True,ok,0.7386606423592869,"{""x1"": 2, ""x2"": -2, ""x4"": -2}"
x2_lrtree,tiny,syn8,2,ok,0.0133,0.4961153691002832,0.49611536810029333,0.4961153691,True,ok,0.7551558336229869,"{""x2"": -1, ""x6"": 1}"
x2_lrtree,tiny,syn8,3,ok,0.0132,0.48292494900391036,0.48292494800391034,0.482924949004,True,ok,0.7773288147375739,"{""x2"": -5, ""x4"": 3, ""x6"": 5}"
x2_lrtree,tiny,syn9,2,ok,0.0127,0.5047078649095531,0.5047078639095538,0.50470786491,True,ok,0.8380513495720869,"{""x6"": -3, ""x9"": 5}"
x2_lrtree,tiny,syn9,3,ok,0.0095,0.49035443087838726,0.4903544298783877,0.490354430878,True,ok,0.8486668861092825,"{""x1"": 1, ""x6"": -2, ""x9"": 3}"
x2_lrtree,tiny,syn10,2,ok,0.0106,0.4890810417103373,0.48908104071033753,0.48908104171,True,ok,0.6921452702702702,"{""x2"": -3, ""x3"": -3}"
x2_lrtree,tiny,syn10,3,ok,0.0138,0.4793160349932964,0.47931603399329464,0.479316034993,True,ok,0.7270660083160083,"{""x0"": 2, ""x2"": -5, ""x3"": -5}"
x2_lrtree,tiny,syn11,2,ok,0.0061,0.49211041732485106,0.49211041632485814,0.492110417325,True,ok,0.8401988636363635,"{""x6"": 5, ""x9"": 4}"
x2_lrtree,tiny,syn11,3,ok,0.0164,0.45169452509203867,0.45169452409203936,0.451694525092,True,ok,0.9240056818181819,"{""x1"": 4, ""x6"": 5, ""x9"": 5}"
x2_lrtree,tiny,adult0,2,ok,0.0148,0.4404415262608285,0.4404415252608286,0.440441526261,True,ok,0.7866125274122807,"{""x0"": 3, ""x5"": -2}"
x2_lrtree,tiny,adult0,3,ok,0.0205,0.4285576334555465,0.4285576324555462,0.428557633456,True,ok,0.7943393640350878,"{""x0"": 4, ""x5"": -3, ""x9"": 2}"
x2_lrtree,tiny,adult1,2,ok,0.0152,0.4251927761860085,0.42519277518600823,0.425192776186,True,ok,0.746898985745614,"{""x0"": 5, ""x4"": 4}"
x2_lrtree,tiny,adult1,3,ok,0.0114,0.4104985715595258,0.41049857055952577,0.41049857156,True,ok,0.7788856907894737,"{""x0"": 4, ""x4"": 3, ""x7"": 2}"
x2_lrtree,tiny,bank0,2,ok,0.0265,0.28737579334064095,0.2873757923406409,0.287375793341,True,ok,0.7791236306729264,"{""x2"": 2, ""x7"": 3}"
x2_lrtree,tiny,bank0,3,ok,0.0257,0.2824076251922267,0.2824076241922267,0.282407625192,True,ok,0.7864788732394365,"{""x0"": -2, ""x2"": 3, ""x7"": 4}"
x2_lrtree,tiny,bank1,2,ok,0.0137,0.27445913427890106,0.27445913327890104,0.274459134279,True,ok,0.7549295774647888,"{""x4"": -3, ""x7"": 4}"
x2_lrtree,tiny,bank1,3,ok,0.0288,0.2649032414829257,0.2649032404829257,0.264903241483,True,ok,0.7729577464788733,"{""x0"": -3, ""x4"": -3, ""x7"": 5}"
x2_lrtree,tiny,mammo0,2,ok,0.0072,0.4870724927203053,0.48707249172030515,0.48707249272,True,ok,0.7961140335991854,"{""x0"": -5, ""x2"": 2}"
x2_lrtree,tiny,mammo0,3,ok,0.0088,0.4658357722339051,0.46583577123390496,0.465835772234,True,ok,0.8297980655014423,"{""x0"": -4, ""x1"": 3, ""x2"": 3}"
x2_lrtree,tiny,mammo1,2,ok,0.0067,0.4870724927203053,0.48707249172030515,0.48707249272,True,ok,0.7961140335991854,"{""x0"": -5, ""x2"": 2}"
x2_lrtree,tiny,mammo1,3,ok,0.0089,0.4658357722339051,0.46583577123390496,0.465835772234,True,ok,0.8297980655014423,"{""x0"": -4, ""x1"": 3, ""x2"": 3}"
x2_lrtree,tiny,mushroom0,2,ok,0.007,0.15339675278235038,0.15339675178235068,0.153396752782,True,ok,0.979049335435909,"{""x1"": 5, ""x6"": -1}"
x2_lrtree,tiny,mushroom0,3,ok,0.038,0.11698955207199077,0.11698955107199115,0.116989552072,True,ok,0.989562213711797,"{""x1"": 5, ""x3"": 5, ""x5"": 1}"
x2_lrtree,tiny,mushroom1,2,ok,0.0074,0.12878025349797625,0.12878025249797626,0.128780253498,True,ok,0.9699757202573152,"{""x1"": 5, ""x5"": 1}"
x2_lrtree,tiny,mushroom1,3,ok,0.0106,0.10091780231276294,0.10091780131276294,0.100917802313,True,ok,0.9789241821231007,"{""x1"": 5, ""x3"": 5, ""x5"": 1}"
x2_lrtree,tiny,fico0,2,ok,0.0141,0.5812007447676837,0.5812007437676837,0.581200744768,True,ok,0.7190124999999999,"{""x0"": 5, ""x9"": -3}"
x2_lrtree,tiny,fico0,3,ok,0.0097,0.574847113794094,0.5748471127940941,0.574847113794,True,ok,0.7441125,"{""x0"": 5, ""x4"": 2, ""x9"": -3}"
x2_lrtree,tiny,fico1,2,ok,0.0074,0.6102008403466027,0.6102008393466026,0.610200840347,True,ok,0.7442,"{""x2"": 5, ""x5"": 4}"
x2_lrtree,tiny,fico1,3,ok,0.011,0.6005809873321837,0.6005809863321837,0.600580987332,True,ok,0.76435,"{""x2"": 5, ""x5"": 5, ""x9"": -4}"
x2_lrtree,tiny,compas0,2,ok,0.0079,0.629996371800631,0.629996370800631,0.629996371801,True,ok,0.7134433962264151,"{""x2"": -4, ""x6"": 3}"
x2_lrtree,tiny,compas0,3,ok,0.0222,0.6192854625477515,0.6192854615477515,0.619285462548,True,ok,0.7332396627860296,"{""x1"": -3, ""x3"": -4, ""x6"": 4}"
x2_lrtree,tiny,compas1,2,ok,0.008,0.6190112288342146,0.6190112278342147,0.619011228834,True,ok,0.6652323364110799,"{""x0"": -4, ""x6"": 3}"
x2_lrtree,tiny,compas1,3,ok,0.0107,0.6112271865486547,0.6112271855486545,0.611227186549,True,ok,0.6573790646326776,"{""x1"": -3, ""x2"": -4, ""x6"": 4}"
x2_lrtree,tiny,australian0,2,ok,0.0121,0.3433494648221187,0.3433494638221188,0.343349464822,True,ok,0.8926925608953258,"{""x1"": -5, ""x5"": 2}"
x2_lrtree,tiny,australian0,3,ok,0.0093,0.3281367559010285,0.3281367549010284,0.328136755901,True,ok,0.8945029624753127,"{""x1"": -5, ""x2"": -2, ""x9"": -2}"
x2_lrtree,tiny,australian1,2,ok,0.0124,0.3433494648221187,0.3433494638221188,0.343349464822,True,ok,0.8926925608953258,"{""x1"": -5, ""x5"": 2}"
x2_lrtree,tiny,australian1,3,ok,0.0094,0.3281367559010285,0.3281367549010284,0.328136755901,True,ok,0.8945029624753127,"{""x1"": -5, ""x2"": -2, ""x9"": -2}"
x2_lrtree,tiny,heart0,2,ok,0.0093,0.39145572741205925,0.39145572641205895,0.391455727412,True,ok,0.725,"{""x0"": -5, ""x2"": -4}"
x2_lrtree,tiny,heart0,3,ok,0.0098,0.3286332589543534,0.3286332579543534,0.328633258954,True,ok,0.7479166666666667,"{""x0"": -4, ""x2"": -3, ""x5"": -4}"
x2_lrtree,tiny,heart1,2,ok,0.0081,0.39145572741205925,0.39145572641205895,0.391455727412,True,ok,0.725,"{""x0"": -5, ""x2"": -4}"
x2_lrtree,tiny,heart1,3,ok,0.017,0.3286332589543534,0.3286332579543534,0.328633258954,True,ok,0.7479166666666667,"{""x0"": -4, ""x2"": -3, ""x5"": -4}"
x2_lrtree,tiny,ilpd0,2,ok,0.0067,0.5186090889548504,0.5186090879548725,0.518609088955,True,ok,0.6821448313985627,"{""x2"": 5, ""x6"": 3}"
x2_lrtree,tiny,ilpd0,3,ok,0.02,0.5095557789943593,0.5095557779943594,0.509555778994,True,ok,0.6901603095632947,"{""x2"": 1, ""x6"": 1, ""x8"": 5}"
x2_lrtree,tiny,ilpd1,2,ok,0.0066,0.5186090889548504,0.5186090879548725,0.518609088955,True,ok,0.6821448313985627,"{""x2"": 5, ""x6"": 3}"
x2_lrtree,tiny,ilpd1,3,ok,0.0096,0.5095557789943593,0.5095557779943594,0.509555778994,True,ok,0.6901603095632947,"{""x2"": 1, ""x6"": 1, ""x8"": 5}"
x3_dynenum,visible,adult,3,ok,0.2739,0.40451518177265444,0.40451518077265775,0.40451518,True,ok,0.8246348665670107,"{""HSDiploma"": -1, ""NoHS"": -2, ""Married"": 2}"
x3_dynenum,visible,adult,4,ok,0.9602,0.3881656387542517,0.38816563775425134,0.38816564,True,ok,0.8444253261870338,"{""HSDiploma"": -2, ""NoHS"": -4, ""Married"": 4, ""AnyCapitalGains"": 3}"
x3_dynenum,visible,adult,5,ok,3.2326,0.37728155038497213,0.37728154938497566,0.37728155,True,ok,0.8586250083143998,"{""Age_22_to_29"": -2, ""HSDiploma"": -2, ""NoHS"": -4, ""Married"": 4, ""AnyCapitalGains"": 3}"
x3_dynenum,visible,adult,7,ok,8.3378,0.3632879178831039,0.36328791688310275,0.36328792,True,ok,0.8706296888839099,"{""Age_22_to_29"": -3, ""HSDiploma"": -3, ""NoHS"": -5, ""JobManagerial"": 2, ""Married"": 5, ""WorkHrsPerWeek_lt_40"": -2, ""AnyCapitalGains"": 4}"
x3_dynenum,visible,adult,10,ok,55.2018,0.35342272575902606,0.18488176395000777,0.35342273,False,ok,0.8826068006539496,"{""Age_30_to_44"": 3, ""Age_45_to_59"": 4, ""Age_geq_60"": 3, ""HSDiploma"": -3, ""NoHS"": -5, ""JobManagerial"": 2, ""Married"": 5, ""WorkHrsPerWeek_lt_40"": -2, ""AnyCapitalGains"": 4, ""AnyCapitalLoss"": 3}"
x3_dynenum,visible,bank,3,ok,1.8879,0.28398526050475853,0.28398525950477294,0.28398526,True,ok,0.7726779284896623,"{""call_in_Q2"": -1, ""calls_b4_campaign_successful"": 2, ""emp_var_rate_lt_n1"": 2}"
x3_dynenum,visible,bank,4,ok,15.556,0.28178061505771845,0.28178061405772886,0.28178062,True,ok,0.7779411200429753,"{""call_in_Q2"": -2, ""calls_b4_campaign_successful"": 3, ""cons_price_idx_geq_93_5"": 1, ""euribor3m_geq_300"": -4}"
x3_dynenum,visible,bank,5,ok,55.2285,0.2808465895282374,0.018259103312661642,0.28084659,False,ok,0.7830979925688596,"{""call_in_Q2"": -2, ""called_before"": 3, ""calls_b4_campaign_failed"": -1, ""emp_var_rate_lt_n1"": 4, ""cons_price_idx_geq_93_5"": 1}"
x3_dynenum,visible,bank,7,ok,55.238,0.27923804198746716,0.018259103312661642,0.27923804,False,ok,0.7830508284890227,"{""age_ge_60"": 1, ""job_blue_collar"": -1, ""call_in_Q2"": -2, ""calls_b4_campaign_failed"": -1, ""calls_b4_campaign_successful"": 3, ""emp_var_rate_lt_n1"": 5, ""cons_price_idx_geq_93_5"": 1}"
x3_dynenum,visible,bank,10,ok,55.2092,0.2780978603622512,0.018259103312661642,0.27791022,False,ok,0.7790882463915483,"{""age_ge_60"": 2, ""job_student"": 1, ""job_blue_collar"": -1, ""credit_is_or_may_be_in_default"": -1, ""call_in_Q1"": 1, ""call_in_Q2"": -2, ""any_prior_calls_b4_campaign"": -1, ""calls_b4_campaign_successful"": 5, ""nr_employed_gt_5100"": -5, ""cons_price_idx_geq_93_5"": 1}"
x3_dynenum,visible,breastcancer,3,ok,0.0449,0.0892270617348029,0.0892270607348061,0.08922706,True,ok,0.9878277153558053,"{""ClumpThickness"": 3, ""UniformityOfCellSize"": 5, ""BareNuclei"": 3}"
x3_dynenum,visible,breastcancer,4,ok,0.0813,0.07846697475234178,0.07846697375234185,0.07846697,True,ok,0.9898174157303371,"{""ClumpThickness"": 4, ""UniformityOfCellSize"": 5, ""BareNuclei"": 3, ""BlandChromatin"": 4}"
x3_dynenum,visible,breastcancer,5,ok,0.1651,0.07315003724742207,0.07315003624742197,0.07315004,True,ok,0.9918071161048689,"{""ClumpThickness"": 3, ""UniformityOfCellShape"": 4, ""MarginalAdhesion"": 2, ""BareNuclei"": 2, ""BlandChromatin"": 4}"
x3_dynenum,visible,breastcancer,7,ok,0.1278,0.06746347532828346,0.0674634743282835,0.06746348,True,ok,0.992626404494382,"{""ClumpThickness"": 4, ""UniformityOfCellShape"": 4, ""MarginalAdhesion"": 3, ""BareNuclei"": 3, ""BlandChromatin"": 5, ""NormalNucleoli"": 2, ""Mitoses"": 3}"
x3_dynenum,visible,breastcancer,10,ok,0.1524,0.06592425084343989,0.0659242498434399,0.06592425,True,ok,0.9915730337078652,"{""ClumpThickness"": 3, ""UniformityOfCellSize"": 1, ""UniformityOfCellShape"": 2, ""MarginalAdhesion"": 2, ""SingleEpithelialCellSize"": 1, ""BareNuclei"": 2, ""BlandChromatin"": 4, ""NormalNucleoli"": 1, ""Mitoses"": 2}"
x3_dynenum,visible,mammo,3,ok,0.0144,0.472334615836568,0.4723346148365678,0.47233462,True,ok,0.8532843560933447,"{""IrregularShape"": 4, ""CircumscribedMargin"": -5, ""Age_geq_60"": 3}"
x3_dynenum,visible,mammo,4,ok,0.0163,0.46720671586568163,0.46720671486568177,0.46720672,True,ok,0.8571197061365601,"{""IrregularShape"": 3, ""CircumscribedMargin"": -4, ""SpiculatedMargin"": 2, ""Age_geq_60"": 3}"
x3_dynenum,visible,mammo,5,ok,0.0377,0.4637046145587998,0.46370461355879994,0.46370461,True,ok,0.8565795159896282,"{""IrregularShape"": 3, ""CircumscribedMargin"": -4, ""SpiculatedMargin"": 2, ""Age_lt_30"": -5, ""Age_geq_60"": 3}"
x3_dynenum,visible,mammo,7,ok,0.1204,0.45928718876274427,0.45928718776274424,0.45928719,True,ok,0.8508535004321521,"{""OvalShape"": 1, ""IrregularShape"": -2, ""CircumscribedMargin"": 3, ""ObscuredMargin"": 1, ""SpiculatedMargin"": -1, ""Age_lt_30"": 5, ""Age_geq_60"": -2}"
x3_dynenum,visible,mammo,10,ok,13.7777,0.45827677476065914,0.45827677376065923,0.45827677,True,ok,0.8453975799481418,"{""RoundShape"": 4, ""OvalShape"": 5, ""LobularShape"": 3, ""CircumscribedMargin"": 5, ""ObscuredMargin"": 2, ""SpiculatedMargin"": -2, ""Age_lt_30"": 5, ""Age_geq_30"": -5, ""Age_geq_45"": -1, ""Age_geq_60"": -3}"
x3_dynenum,visible,mushroom,3,ok,11.0795,0.06494475825921053,0.0649447572588383,0.06494476,True,ok,0.9879991384619118,"{""odor_eq_almond"": -2, ""odor_eq_anise"": -2, ""odor_eq_none"": -1}"
x3_dynenum,visible,mushroom,4,ok,55.2489,0.03151661237198366,0.0,0.03151661,False,ok,0.9953040107024872,"{""odor_eq_almond"": -5, ""odor_eq_anise"": -5, ""odor_eq_none"": -4, ""spore_print_color_eq_green"": 4}"
x3_dynenum,visible,mushroom,5,ok,55.2059,0.009137783224568645,0.0,0.00913778,False,ok,0.9978992425138711,"{""odor_eq_almond"": -5, ""odor_eq_anise"": -5, ""odor_eq_none"": -3, ""stalk_surface_below_ring_eq_scaly"": 1, ""spore_print_color_eq_green"": 5}"
x3_dynenum,visible,mushroom,7,ok,0.183,3.8593243796512854e-13,-9.99999988613558e-10,0.0,True,ok,1.0,"{""odor_eq_almond"": -5, ""odor_eq_anise"": -5, ""odor_eq_none"": -4, ""gill_size_eq_narrow"": 2, ""stalk_surface_below_ring_eq_scaly"": 2, ""spore_print_color_eq_green"": 5, ""population_eq_clustered"": 2}"
x3_dynenum,visible,mushroom,10,ok,0.1762,6.537876176643081e-13,-9.999999936179344e-10,0.0,True,ok,1.0,"{""odor_eq_almond"": -5, ""odor_eq_anise"": -5, ""odor_eq_none"": -2, ""odor_eq_foul"": 2, ""gill_size_eq_narrow"": 1, ""gill_color_eq_buff"": 2, ""stalk_root_eq_rooted"": -2, ""stalk_surface_below_ring_eq_scaly"": 1, ""spore_print_color_eq_green"": 3, ""population_eq_clustered"": 1}"
x3_dynenum,visible,spambase,3,ok,20.8648,0.39815962909806096,0.39815962809553757,0.39815963,True,ok,0.9099425338428271,"{""WordFreqRemove"": 2, ""WordFreqHP"": -1, ""CharFreqDollarSign"": 4}"
x3_dynenum,visible,spambase,4,ok,55.2472,0.36266309545965447,0.0007534208484347232,0.3626631,False,ok,0.9289029098413264,"{""WordFreqRemove"": 2, ""WordFreqHP"": -1, ""WordFreqGeorge"": -2, ""CharFreqDollarSign"": 4}"
x3_dynenum,visible,spambase,5,ok,55.2593,0.3360455337893006,0.0007534208484347232,0.33604553,False,ok,0.9378141137671929,"{""WordFreqRemove"": 2, ""WordFreqHP"": -1, ""WordFreqGeorge"": -3, ""WordFreqEDU"": -1, ""CharFreqDollarSign"": 4}"
x3_dynenum,visible,spambase,7,ok,55.2532,0.2981260710383189,0.0007534208484347232,0.29812607,False,ok,0.9548762305360545,"{""WordFreqRemove"": 3, ""WordFreqFree"": 1, ""WordFreq0"": 3, ""WordFreqHP"": -2, ""WordFreqGeorge"": -4, ""WordFreqEDU"": -2, ""CharFreqDollarSign"": 5}"
x3_dynenum,visible,spambase,10,ok,55.3393,0.2660206809736392,0.0007534208484347232,0.26602068,False,ok,0.9623631229203078,"{""WordFreqRemove"": 3, ""WordFreqFree"": 1, ""WordFreqBusiness"": 1, ""WordFreq0"": 3, ""WordFreqHP"": -2, ""WordFreqGeorge"": -4, ""WordFreqMeeting"": -2, ""WordFreqEDU"": -2, ""CharFreqExcalamationMark"": 1, ""CharFreqDollarSign"": 5}"
x3_dynenum,visible,fico,3,ok,20.106,0.5918556511470763,0.5918556501470497,0.59185565,True,ok,0.7414784999999999,"{""ExternalRiskEstimate<=68"": 5, ""ExternalRiskEstimate<=78"": 4, ""MSinceMostRecentInqexcl7days<=-8"": -4}"
x3_dynenum,visible,fico,4,ok,55.2064,0.5785394194171956,0.03919501637694608,0.57853942,False,ok,0.763808,"{""ExternalRiskEstimate<=68"": 5, ""ExternalRiskEstimate<=78"": 4, ""MSinceMostRecentInqexcl7days<=-8"": -5, ""MSinceMostRecentInqexcl7days<=0"": 3}"
x3_dynenum,visible,fico,5,ok,55.2972,0.5695292740873528,0.03919501637694608,0.56952927,False,ok,0.767671,"{""ExternalRiskEstimate<=68"": 3, ""ExternalRiskEstimate<=78"": 3, ""NumSatisfactoryTrades<=13"": 2, ""MSinceMostRecentInqexcl7days<=-8"": -5, ""MSinceMostRecentInqexcl7days<=0"": 2}"
x3_dynenum,visible,fico,7,ok,55.247,0.5605509559011824,0.03919501637694608,0.56055096,False,ok,0.7739745,"{""ExternalRiskEstimate<=68"": 3, ""ExternalRiskEstimate<=78"": 3, ""AverageMInFile<=67"": 1, ""NumSatisfactoryTrades<=13"": 2, ""MSinceMostRecentInqexcl7days<=-8"": -5, ""MSinceMostRecentInqexcl7days<=0"": 2, ""NetFractionRevolvingBurden<=59"": -2}"
x3_dynenum,visible,fico,10,ok,55.2389,0.554169616008486,0.03919501637694608,0.55416962,False,ok,0.7808244999999999,"{""ExternalRiskEstimate<=68"": 2, ""ExternalRiskEstimate<=78"": 2, ""AverageMInFile<=58"": 2, ""NumSatisfactoryTrades<=13"": 2, ""PercentTradesNeverDelq<=96"": 2, ""MSinceMostRecentDelq<=20"": 1, ""MSinceMostRecentInqexcl7days<=-8"": -5, ""MSinceMostRecentInqexcl7days<=0"": 2, ""NetFractionRevolvingBurden<=35"": -1, ""NetFractionRevolvingBurden<=59"": -2}"
x3_dynenum,visible,compas,3,ok,0.0428,0.6225382115397334,0.6225382105397327,0.62253821,True,ok,0.7012972288111494,"{""age<=29"": 4, ""priors_count<=1"": -4, ""priors_count<=6"": -5}"
x3_dynenum,visible,compas,4,ok,0.0798,0.615796584878717,0.6157965838787182,0.61579658,True,ok,0.7252711258607099,"{""age<=22"": 3, ""age<=34"": 3, ""priors_count<=1"": -4, ""priors_count<=6"": -4}"
x3_dynenum,visible,compas,5,ok,0.1263,0.6121183269701487,0.6121183259701491,0.61211833,True,ok,0.7304002908326525,"{""age<=22"": 4, ""age<=34"": 4, ""priors_count<=0"": -3, ""priors_count<=2"": -4, ""priors_count<=6"": -4}"
x3_dynenum,visible,compas,7,ok,0.3236,0.6082265159549372,0.6082265149549361,0.60822652,True,ok,0.7296174182843033,"{""age<=22"": 4, ""age<=29"": 3, ""age<=39"": 3, ""juv_other_count<=0"": -3, ""priors_count<=0"": -3, ""priors_count<=2"": -5, ""priors_count<=6"": -5}"
x3_dynenum,visible,compas,10,ok,1.0246,0.6055605523836098,0.6055605513836101,0.60556055,True,ok,0.7378078848763421,"{""sex=1"": 2, ""age<=22"": 4, ""age<=29"": 2, ""age<=34"": 2, ""age<=45"": 2, ""juv_other_count<=0"": -3, ""priors_count<=0"": -2, ""priors_count<=1"": -2, ""priors_count<=2"": -4, ""priors_count<=6"": -5}"
x3_dynenum,visible,australian,3,ok,0.3238,0.3379872507337162,0.3379872497337169,0.33798725,True,ok,0.8915265062806046,"{""A8=0"": -5, ""A10<=1"": -2, ""A14<=126"": -2}"
x3_dynenum,visible,australian,4,ok,4.4109,0.3266563195115297,0.3266563185115277,0.32665632,True,ok,0.9259101554183522,"{""A3<=13"": 2, ""A8=1"": 5, ""A10<=1"": -2, ""A14<=126"": -2}"
x3_dynenum,visible,australian,5,ok,40.4386,0.31742251989231884,0.31742251889231804,0.31742252,True,ok,0.944113263785395,"{""A3<=13"": 3, ""A7<=26"": -1, ""A8=1"": 5, ""A10<=3"": -2, ""A14<=87"": -2}"
x3_dynenum,visible,australian,7,ok,55.2063,0.3038390458122755,0.0,0.30383905,False,ok,0.9490100063870556,"{""A3<=13"": 3, ""A3<=89"": -1, ""A5=14"": 3, ""A7<=26"": -1, ""A8=0"": -5, ""A10<=3"": -2, ""A14<=87"": -2}"
x3_dynenum,visible,australian,10,ok,55.3016,0.2899933849774524,0.0,0.28999338,False,ok,0.9367681498829039,"{""A3<=13"": 3, ""A3<=89"": -1, ""A4=2"": 1, ""A5=1"": -2, ""A5=14"": 3, ""A6=5"": -2, ""A7<=26"": -1, ""A8=1"": 5, ""A10<=3"": -2, ""A14<=87"": -2}"
x3_dynenum,visible,heart,3,ok,0.092,0.39413198739569943,0.3941319863957005,0.39413199,True,ok,0.7666666666666667,"{""chest<=3"": -4, ""oldpeak<=1.9"": -5, ""thal<=3"": -4}"
x3_dynenum,visible,heart,4,ok,0.7344,0.356107606733472,0.3561076057334791,0.35610761,True,ok,0.8638888888888888,"{""chest<=3"": -5, ""oldpeak<=0.6"": -4, ""number_of_major_vessels<=0"": -4, ""thal<=3"": -5}"
x3_dynenum,visible,heart,5,ok,10.5926,0.33644466276027807,0.3364446617602782,0.33644466,True,ok,0.8520833333333333,"{""chest<=3"": -3, ""resting_electrocardiographic_results<=0"": -2, ""oldpeak<=0.6"": -3, ""number_of_major_vessels<=0"": -3, ""thal<=3"": -4}"
x3_dynenum,visible,heart,7,ok,55.2005,0.31675485937146003,0.0,0.31496988,False,ok,0.8798611111111112,"{""sex=1"": 3, ""chest<=3"": -5, ""serum_cholestoral<=270"": -3, ""oldpeak<=0.6"": -3, ""oldpeak<=1.9"": -4, ""number_of_major_vessels<=0"": -4, ""thal<=3"": -4}"
x3_dynenum,visible,heart,10,ok,55.2009,0.2791468625811999,0.0,0.27914686,False,ok,0.8062499999999999,"{""age<=60"": -5, ""age<=63"": 5, ""sex=1"": 3, ""chest<=3"": -3, ""serum_cholestoral<=270"": -2, ""resting_electrocardiographic_results<=0"": -2, ""oldpeak<=0.6"": -2, ""oldpeak<=1.9"": -2, ""number_of_major_vessels<=0"": -2, ""thal<=3"": -3}"
x3_dynenum,visible,ionosphere,3,ok,6.8705,0.28199539974926296,0.28199539874926455,0.2819954,True,ok,0.9139130434782609,"{""a03<=0"": 5, ""a05<=0"": 5, ""a22<=0.82162"": -1}"
x3_dynenum,visible,ionosphere,4,ok,55.203,0.2279781518735197,0.0,0.22797815,False,ok,0.9278260869565217,"{""a03<=0"": 5, ""a04<=-0.59677"": 1, ""a05<=0.06704"": 1, ""a06<=-0.23067"": 1}"
x3_dynenum,visible,ionosphere,5,ok,55.2128,0.20648715366327594,0.0,0.20648715,False,ok,0.9299999999999999,"{""a03<=0"": 5, ""a05<=0.06704"": 4, ""a06<=-0.23067"": 4, ""a06<=0.78579"": -3, ""a22<=-0.03333"": -2}"
x3_dynenum,visible,ionosphere,7,ok,55.2253,0.14271712498886777,0.0,0.14271712,False,ok,0.9382608695652174,"{""a03<=0"": 5, ""a05<=0"": 5, ""a06<=-0.23067"": 4, ""a07<=0.38431"": 2, ""a22<=-0.03333"": -3, ""a24<=-1"": 4, ""a32<=0.77702"": -2}"
x3_dynenum,visible,ionosphere,10,ok,55.2318,0.08583886979059814,0.0,0.08583887,False,ok,0.9252173913043477,"{""a03<=0"": 5, ""a05<=0"": 5, ""a06<=-0.23067"": 4, ""a07<=0.38431"": 2, ""a18<=0"": 1, ""a22<=-0.03333"": -3, ""a24<=-1"": 3, ""a29<=0.52798"": 2, ""a32<=0.77702"": -3, ""a33<=0.75115"": -2}"
x3_dynenum,visible,ilpd,3,ok,0.2675,0.5069721752569345,0.5069721742569353,0.50697218,True,ok,0.7462792345854004,"{""V1<=24"": 1, ""V4<=1"": 2, ""V5<=206"": 1}"
x3_dynenum,visible,ilpd,4,ok,4.0985,0.49795585352988103,0.4979558525298814,0.49795585,True,ok,0.7829553508150248,"{""V1<=24"": 3, ""V4<=1"": 4, ""V5<=206"": 2, ""V6<=69"": 3}"
x3_dynenum,visible,ilpd,5,ok,55.2007,0.49203517133424296,0.0,0.49203517,False,ok,0.7859673990077959,"{""V1<=24"": 3, ""V1<=66"": 3, ""V4<=1"": 5, ""V5<=206"": 2, ""V6<=69"": 3}"
x3_dynenum,visible,ilpd,7,ok,55.2257,0.48483984421584536,0.0,0.48346504,False,ok,0.7854358610914246,"{""V1<=24"": 1, ""V1<=60"": -1, ""V1<=66"": 2, ""V4<=1"": 2, ""V4<=4"": 5, ""V5<=206"": 1, ""V6<=69"": 1}"
x3_dynenum,visible,ilpd,10,ok,55.2035,0.4744057564957534,0.0,0.4735486,False,ok,0.7739192062367115,"{""V1<=24"": 1, ""V1<=66"": 1, ""V4<=0.6"": 1, ""V4<=4"": 5, ""V5<=206"": 1, ""V6<=69"": 1, ""V8<=6.5"": 1, ""V9<=3.1"": -1, ""V9<=4.1"": -1, ""V10<=1.3"": 1}"
x3_dynenum,visible,magic,3,ok,5.8766,0.47478486756430993,0.4747848665643523,0.47478487,True,ok,0.7965658356370701,"{""fLength:<=106.655"": -5, ""fSize:<=2.42"": -2, ""fAlpha:<=18.205"": -4}"
x3_dynenum,visible,magic,4,ok,55.2258,0.45620113872765816,0.0025136748570331784,0.45620114,False,ok,0.8145058563689459,"{""fLength:<=106.655"": -2, ""fSize:<=2.42"": -1, ""fAlpha:<=11.711"": -1, ""fAlpha:<=27.106"": -1}"
x3_dynenum,visible,magic,5,ok,55.2075,0.44183375620039617,0.0025136748570331784,0.44183376,False,ok,0.8292445077021656,"{""fLength:<=106.655"": -4, ""fWidth:<=11.1267"": 2, ""fSize:<=2.42"": -3, ""fAlpha:<=11.711"": -2, ""fAlpha:<=27.106"": -2}"
x3_dynenum,visible,magic,7,ok,55.2109,0.41879759785437926,0.0025136748570331784,0.4187976,False,ok,0.8452481964882139,"{""fLength:<=106.655"": -5, ""fWidth:<=11.1267"": 4, ""fWidth:<=39.6681"": -5, ""fSize:<=2.42"": -5, ""fM3Long:<=-34.8805"": 4, ""fAlpha:<=11.711"": -4, ""fAlpha:<=27.106"": -4}"
x3_dynenum,visible,magic,10,ok,55.2502,0.4020098369768927,0.0025136748570331784,0.40023123,False,ok,0.8539255463172146,"{""fLength:<=46.2915"": -2, ""fLength:<=106.655"": -4, ""fWidth:<=11.1267"": 3, ""fWidth:<=15.1087"": 2, ""fWidth:<=39.6681"": -3, ""fSize:<=2.2844"": -3, ""fSize:<=2.5289"": -3, ""fM3Long:<=-34.8805"": 3, ""fAlpha:<=11.711"": -4, ""fAlpha:<=27.106"": -3}"
x3_dynenum,visible,haberman,3,ok,0.0159,0.4906198182007443,0.4906198172007446,0.49061982,True,ok,0.6012228260869564,"{""Age_of_patient_at_time_of_operation<=38"": -3, ""Patients_year_of_operation=61"": -4, ""Number_of_positive_axillary_nodes_detected<=4"": -3}"
x3_dynenum,visible,haberman,4,ok,0.0351,0.4808848365382481,0.48088483553825273,0.48088484,True,ok,0.5883152173913043,"{""Age_of_patient_at_time_of_operation<=38"": -3, ""Patients_year_of_operation=65"": 2, ""Patients_year_of_operation=61"": -4, ""Number_of_positive_axillary_nodes_detected<=4"": -3}"
x3_dynenum,visible,haberman,5,ok,0.0588,0.4779456368232793,0.4779456358232852,0.47794564,True,ok,0.563858695652174,"{""Age_of_patient_at_time_of_operation<=38"": -4, ""Patients_year_of_operation=65"": 2, ""Patients_year_of_operation=61"": -5, ""Patients_year_of_operation=63"": -2, ""Number_of_positive_axillary_nodes_detected<=4"": -4}"
x3_dynenum,visible,haberman,7,ok,0.255,0.4731003093016757,0.47310030830167554,0.47310031,True,ok,0.626358695652174,"{""Age_of_patient_at_time_of_operation<=38"": -3, ""Patients_year_of_operation=60"": -1, ""Patients_year_of_operation=65"": 2, ""Patients_year_of_operation=61"": -5, ""Patients_year_of_operation=63"": -2, ""Number_of_positive_axillary_nodes_detected<=0"": -1, ""Number_of_positive_axillary_nodes_detected<=4"": -3}"
x3_dynenum,visible,haberman,10,ok,1.317,0.46599816819711143,0.46599816719711185,0.46599817,True,ok,0.5957880434782609,"{""Age_of_patient_at_time_of_operation<=38"": -3, ""Age_of_patient_at_time_of_operation<=42"": -2, ""Age_of_patient_at_time_of_operation<=49"": 2, ""Age_of_patient_at_time_of_operation<=58"": -1, ""Patients_year_of_operation=65"": 2, ""Patients_year_of_operation=61"": -5, ""Patients_year_of_operation=63"": -2, ""Patients_year_of_operation=67"": -2, ""Number_of_positive_axillary_nodes_detected<=0"": -1, ""Number_of_positive_axillary_nodes_detected<=4"": -3}"
x3_dynenum,tiny,syn0,2,ok,0.0117,0.5446817400310768,0.544681739031076,0.544681740031,True,ok,0.7354273023564362,"{""x0"": 3, ""x5"": -3}"
x3_dynenum,tiny,syn0,3,ok,0.0178,0.517219768730159,0.5172197677301591,0.51721976873,True,ok,0.7913241614029015,"{""x0"": 5, ""x2"": -4, ""x5"": -5}"
x3_dynenum,tiny,syn1,2,ok,0.008,0.5424078436161445,0.5424078426161476,0.542407843616,True,ok,0.700215866162979,"{""x0"": 1, ""x5"": 1}"
x3_dynenum,tiny,syn1,3,ok,0.0115,0.5078273260983516,0.507827325098351,0.507827326098,True,ok,0.7139773340528872,"{""x0"": 4, ""x5"": 4, ""x7"": 3}"
x3_dynenum,tiny,syn2,2,ok,0.0095,0.6108453902145077,0.6108453892145087,0.610845390215,True,ok,0.6656700577256607,"{""x4"": 5, ""x8"": -3}"
x3_dynenum,tiny,syn2,3,ok,0.012,0.5997197208530549,0.5997197198530531,0.599719720853,True,ok,0.681162796717662,"{""x3"": 2, ""x4"": 5, ""x8"": -3}"
x3_dynenum,tiny,syn3,2,ok,0.0167,0.5394043667750122,0.5394043657750137,0.539404366775,True,ok,0.7940387195706344,"{""x2"": -1, ""x3"": 1}"
x3_dynenum,tiny,syn3,3,ok,0.0145,0.4856527251948659,0.4856527241948641,0.485652725195,True,ok,0.8436019606232372,"{""x2"": -1, ""x3"": 1, ""x9"": 1}"
x3_dynenum,tiny,syn4,2,ok,0.0111,0.6132407316655778,0.6132407306655804,0.613240731666,True,ok,0.6743073576053052,"{""x3"": 5, ""x5"": 4}"
x3_dynenum,tiny,syn4,3,ok,0.0123,0.5888039988601307,0.5888039978601297,0.58880399886,True,ok,0.7138344997509894,"{""x3"": 5, ""x5"": 4, ""x6"": -4}"
x3_dynenum,tiny,syn5,2,ok,0.0092,0.49061575337749247,0.49061575237749583,0.490615753377,True,ok,0.7676676570458405,"{""x1"": 3, ""x2"": -1}"
x3_dynenum,tiny,syn5,3,ok,0.0124,0.48817955613546987,0.48817955513547034,0.488179556135,True,ok,0.7614335738539898,"{""x1"": 5, ""x2"": -2, ""x9"": -1}"
x3_dynenum,tiny,syn6,2,ok,0.0075,0.14802788113021076,0.14802788013020998,0.14802788113,True,ok,0.6596320346320347,"{""x3"": 1, ""x4"": -1}"
x3_dynenum,tiny,syn6,3,ok,0.017,0.13906553782524034,0.13906553682524084,0.139065537825,True,ok,0.751082251082251,"{""x3"": 1, ""x4"": -1, ""x6"": -1}"
x3_dynenum,tiny,syn7,2,ok,0.0139,0.5015280482234045,0.5015280472234025,0.501528048223,True,ok,0.7189240306819376,"{""x2"": -2, ""x4"": -2}"
x3_dynenum,tiny,syn7,3,ok,0.0133,0.4854612061587655,0.4854612051587647,0.485461206159,True,ok,0.7386606423592869,"{""x1"": 2, ""x2"": -2, ""x4"": -2}"
x3_dynenum,tiny,syn8,2,ok,0.0146,0.4961153691002832,0.49611536810029333,0.4961153691,True,ok,0.7551558336229869,"{""x2"": -1, ""x6"": 1}"
x3_dynenum,tiny,syn8,3,ok,0.0227,0.48292494900391036,0.48292494800391034,0.482924949004,True,ok,0.7773288147375739,"{""x2"": -5, ""x4"": 3, ""x6"": 5}"
x3_dynenum,tiny,syn9,2,ok,0.0095,0.5047078649095531,0.5047078639095538,0.50470786491,True,ok,0.8380513495720869,"{""x6"": -3, ""x9"": 5}"
x3_dynenum,tiny,syn9,3,ok,0.0105,0.49035443087838726,0.4903544298783877,0.490354430878,True,ok,0.8486668861092825,"{""x1"": 1, ""x6"": -2, ""x9"": 3}"
x3_dynenum,tiny,syn10,2,ok,0.0093,0.4890810417103373,0.48908104071033753,0.48908104171,True,ok,0.6921452702702702,"{""x2"": -3, ""x3"": -3}"
x3_dynenum,tiny,syn10,3,ok,0.0168,0.4793160349932964,0.47931603399329464,0.479316034993,True,ok,0.7270660083160083,"{""x0"": 2, ""x2"": -5, ""x3"": -5}"
x3_dynenum,tiny,syn11,2,ok,0.0059,0.49211041732485106,0.49211041632485814,0.492110417325,True,ok,0.8401988636363635,"{""x6"": 5, ""x9"": 4}"
x3_dynenum,tiny,syn11,3,ok,0.0094,0.45169452509203867,0.45169452409203936,0.451694525092,True,ok,0.9240056818181819,"{""x1"": 4, ""x6"": 5, ""x9"": 5}"
x3_dynenum,tiny,adult0,2,ok,0.0081,0.4404415262608285,0.4404415252608286,0.440441526261,True,ok,0.7866125274122807,"{""x0"": 3, ""x5"": -2}"
x3_dynenum,tiny,adult0,3,ok,0.0111,0.4285576334555465,0.4285576324555462,0.428557633456,True,ok,0.7943393640350878,"{""x0"": 4, ""x5"": -3, ""x9"": 2}"
x3_dynenum,tiny,adult1,2,ok,0.0097,0.4251927761860085,0.42519277518600823,0.425192776186,True,ok,0.746898985745614,"{""x0"": 5, ""x4"": 4}"
x3_dynenum,tiny,adult1,3,ok,0.0182,0.4104985715595258,0.41049857055952577,0.41049857156,True,ok,0.7788856907894737,"{""x0"": 4, ""x4"": 3, ""x7"": 2}"
x3_dynenum,tiny,bank0,2,ok,0.0138,0.28737579334064095,0.2873757923406409,0.287375793341,True,ok,0.7791236306729264,"{""x2"": 2, ""x7"": 3}"
x3_dynenum,tiny,bank0,3,ok,0.0201,0.2824076251922267,0.2824076241922267,0.282407625192,True,ok,0.7864788732394365,"{""x0"": -2, ""x2"": 3, ""x7"": 4}"
x3_dynenum,tiny,bank1,2,ok,0.0137,0.27445913427890106,0.27445913327890104,0.274459134279,True,ok,0.7549295774647888,"{""x4"": -3, ""x7"": 4}"
x3_dynenum,tiny,bank1,3,ok,0.0327,0.2649032414829257,0.2649032404829257,0.264903241483,True,ok,0.7729577464788733,"{""x0"": -3, ""x4"": -3, ""x7"": 5}"
x3_dynenum,tiny,mammo0,2,ok,0.0063,0.4870724927203053,0.48707249172030515,0.48707249272,True,ok,0.7961140335991854,"{""x0"": -5, ""x2"": 2}"
x3_dynenum,tiny,mammo0,3,ok,0.0099,0.4658357722339051,0.46583577123390496,0.465835772234,True,ok,0.8297980655014423,"{""x0"": -4, ""x1"": 3, ""x2"": 3}"
x3_dynenum,tiny,mammo1,2,ok,0.011,0.4870724927203053,0.48707249172030515,0.48707249272,True,ok,0.7961140335991854,"{""x0"": -5, ""x2"": 2}"
x3_dynenum,tiny,mammo1,3,ok,0.0135,0.4658357722339051,0.46583577123390496,0.465835772234,True,ok,0.8297980655014423,"{""x0"": -4, ""x1"": 3, ""x2"": 3}"
x3_dynenum,tiny,mushroom0,2,ok,0.0067,0.15339675278235038,0.15339675178235068,0.153396752782,True,ok,0.979049335435909,"{""x1"": 5, ""x6"": -1}"
x3_dynenum,tiny,mushroom0,3,ok,0.0358,0.11698955207199077,0.11698955107199115,0.116989552072,True,ok,0.989562213711797,"{""x1"": 5, ""x3"": 5, ""x5"": 1}"
x3_dynenum,tiny,mushroom1,2,ok,0.0078,0.12878025349797625,0.12878025249797626,0.128780253498,True,ok,0.9699757202573152,"{""x1"": 5, ""x5"": 1}"
x3_dynenum,tiny,mushroom1,3,ok,0.0098,0.10091780231276294,0.10091780131276294,0.100917802313,True,ok,0.9789241821231007,"{""x1"": 5, ""x3"": 5, ""x5"": 1}"
x3_dynenum,tiny,fico0,2,ok,0.012,0.5812007447676837,0.5812007437676837,0.581200744768,True,ok,0.7190124999999999,"{""x0"": 5, ""x9"": -3}"
x3_dynenum,tiny,fico0,3,ok,0.0096,0.574847113794094,0.5748471127940941,0.574847113794,True,ok,0.7441125,"{""x0"": 5, ""x4"": 2, ""x9"": -3}"
x3_dynenum,tiny,fico1,2,ok,0.0075,0.6102008403466027,0.6102008393466026,0.610200840347,True,ok,0.7442,"{""x2"": 5, ""x5"": 4}"
x3_dynenum,tiny,fico1,3,ok,0.0112,0.6005809873321837,0.6005809863321837,0.600580987332,True,ok,0.76435,"{""x2"": 5, ""x5"": 5, ""x9"": -4}"
x3_dynenum,tiny,compas0,2,ok,0.0078,0.629996371800631,0.629996370800631,0.629996371801,True,ok,0.7134433962264151,"{""x2"": -4, ""x6"": 3}"
x3_dynenum,tiny,compas0,3,ok,0.0121,0.6192854625477515,0.6192854615477515,0.619285462548,True,ok,0.7332396627860296,"{""x1"": -3, ""x3"": -4, ""x6"": 4}"
x3_dynenum,tiny,compas1,2,ok,0.0129,0.6190112288342146,0.6190112278342147,0.619011228834,True,ok,0.6652323364110799,"{""x0"": -4, ""x6"": 3}"
x3_dynenum,tiny,compas1,3,ok,0.0099,0.6112271865486547,0.6112271855486545,0.611227186549,True,ok,0.6573790646326776,"{""x1"": -3, ""x2"": -4, ""x6"": 4}"
x3_dynenum,tiny,australian0,2,ok,0.0116,0.3433494648221187,0.3433494638221188,0.343349464822,True,ok,0.8926925608953258,"{""x1"": -5, ""x5"": 2}"
x3_dynenum,tiny,australian0,3,ok,0.0108,0.3281367559010285,0.3281367549010284,0.328136755901,True,ok,0.8945029624753127,"{""x1"": -5, ""x2"": -2, ""x9"": -2}"
x3_dynenum,tiny,australian1,2,ok,0.0134,0.3433494648221187,0.3433494638221188,0.343349464822,True,ok,0.8926925608953258,"{""x1"": -5, ""x5"": 2}"
x3_dynenum,tiny,australian1,3,ok,0.0167,0.3281367559010285,0.3281367549010284,0.328136755901,True,ok,0.8945029624753127,"{""x1"": -5, ""x2"": -2, ""x9"": -2}"
x3_dynenum,tiny,heart0,2,ok,0.0065,0.39145572741205925,0.39145572641205895,0.391455727412,True,ok,0.725,"{""x0"": -5, ""x2"": -4}"
x3_dynenum,tiny,heart0,3,ok,0.0092,0.3286332589543534,0.3286332579543534,0.328633258954,True,ok,0.7479166666666667,"{""x0"": -4, ""x2"": -3, ""x5"": -4}"
x3_dynenum,tiny,heart1,2,ok,0.0062,0.39145572741205925,0.39145572641205895,0.391455727412,True,ok,0.725,"{""x0"": -5, ""x2"": -4}"
x3_dynenum,tiny,heart1,3,ok,0.014,0.3286332589543534,0.3286332579543534,0.328633258954,True,ok,0.7479166666666667,"{""x0"": -4, ""x2"": -3, ""x5"": -4}"
x3_dynenum,tiny,ilpd0,2,ok,0.01,0.5186090889548504,0.5186090879548725,0.518609088955,True,ok,0.6821448313985627,"{""x2"": 5, ""x6"": 3}"
x3_dynenum,tiny,ilpd0,3,ok,0.0111,0.5095557789943593,0.5095557779943594,0.509555778994,True,ok,0.6901603095632947,"{""x2"": 1, ""x6"": 1, ""x8"": 5}"
x3_dynenum,tiny,ilpd1,2,ok,0.0064,0.5186090889548504,0.5186090879548725,0.518609088955,True,ok,0.6821448313985627,"{""x2"": 5, ""x6"": 3}"
x3_dynenum,tiny,ilpd1,3,ok,0.0097,0.5095557789943593,0.5095557779943594,0.509555778994,True,ok,0.6901603095632947,"{""x2"": 1, ""x6"": 1, ""x8"": 5}"
x4_fastleaf,visible,adult,3,ok,0.1713,0.40451518177265444,0.40451518077265775,0.40451518,True,ok,0.8246348665670107,"{""HSDiploma"": -1, ""NoHS"": -2, ""Married"": 2}"
x4_fastleaf,visible,adult,4,ok,0.6517,0.3881656387542517,0.38816563775425134,0.38816564,True,ok,0.8444253261870338,"{""HSDiploma"": -2, ""NoHS"": -4, ""Married"": 4, ""AnyCapitalGains"": 3}"
x4_fastleaf,visible,adult,5,ok,2.732,0.37728155038497213,0.37728154938497566,0.37728155,True,ok,0.8586250083143998,"{""Age_22_to_29"": -2, ""HSDiploma"": -2, ""NoHS"": -4, ""Married"": 4, ""AnyCapitalGains"": 3}"
x4_fastleaf,visible,adult,7,ok,7.658,0.3632879178831039,0.36328791688310275,0.36328792,True,ok,0.8706296888839099,"{""Age_22_to_29"": -3, ""HSDiploma"": -3, ""NoHS"": -5, ""JobManagerial"": 2, ""Married"": 5, ""WorkHrsPerWeek_lt_40"": -2, ""AnyCapitalGains"": 4}"
x4_fastleaf,visible,adult,10,ok,55.2101,0.35342272575902606,0.18488176395000777,0.35342273,False,ok,0.8826068006539496,"{""Age_30_to_44"": 3, ""Age_45_to_59"": 4, ""Age_geq_60"": 3, ""HSDiploma"": -3, ""NoHS"": -5, ""JobManagerial"": 2, ""Married"": 5, ""WorkHrsPerWeek_lt_40"": -2, ""AnyCapitalGains"": 4, ""AnyCapitalLoss"": 3}"
x4_fastleaf,visible,bank,3,ok,0.6166,0.28398526050475853,0.28398525950477294,0.28398526,True,ok,0.7726779284896623,"{""call_in_Q2"": -1, ""calls_b4_campaign_successful"": 2, ""emp_var_rate_lt_n1"": 2}"
x4_fastleaf,visible,bank,4,ok,5.6074,0.28178061505771845,0.28178061405772886,0.28178062,True,ok,0.7779411200429753,"{""call_in_Q2"": -2, ""calls_b4_campaign_successful"": 3, ""cons_price_idx_geq_93_5"": 1, ""euribor3m_geq_300"": -4}"
x4_fastleaf,visible,bank,5,ok,55.2028,0.2808465895282374,0.018259103312661642,0.28084659,False,ok,0.7830979925688596,"{""call_in_Q2"": -2, ""called_before"": 3, ""calls_b4_campaign_failed"": -1, ""emp_var_rate_lt_n1"": 4, ""cons_price_idx_geq_93_5"": 1}"
x4_fastleaf,visible,bank,7,ok,55.2015,0.27923804198746716,0.018259103312661642,0.27923804,False,ok,0.7830508284890227,"{""age_ge_60"": 1, ""job_blue_collar"": -1, ""call_in_Q2"": -2, ""calls_b4_campaign_failed"": -1, ""calls_b4_campaign_successful"": 3, ""emp_var_rate_lt_n1"": 5, ""cons_price_idx_geq_93_5"": 1}"
x4_fastleaf,visible,bank,10,ok,55.2037,0.2780978603622512,0.018259103312661642,0.27791022,False,ok,0.7790882463915483,"{""age_ge_60"": 2, ""job_student"": 1, ""job_blue_collar"": -1, ""credit_is_or_may_be_in_default"": -1, ""call_in_Q1"": 1, ""call_in_Q2"": -2, ""any_prior_calls_b4_campaign"": -1, ""calls_b4_campaign_successful"": 5, ""nr_employed_gt_5100"": -5, ""cons_price_idx_geq_93_5"": 1}"
x4_fastleaf,visible,breastcancer,3,ok,0.0468,0.0892270617348029,0.0892270607348061,0.08922706,True,ok,0.9878277153558053,"{""ClumpThickness"": 3, ""UniformityOfCellSize"": 5, ""BareNuclei"": 3}"
x4_fastleaf,visible,breastcancer,4,ok,0.0951,0.07846697475234178,0.07846697375234185,0.07846697,True,ok,0.9898174157303371,"{""ClumpThickness"": 4, ""UniformityOfCellSize"": 5, ""BareNuclei"": 3, ""BlandChromatin"": 4}"
x4_fastleaf,visible,breastcancer,5,ok,0.1819,0.07315003724742207,0.07315003624742197,0.07315004,True,ok,0.9918071161048689,"{""ClumpThickness"": 3, ""UniformityOfCellShape"": 4, ""MarginalAdhesion"": 2, ""BareNuclei"": 2, ""BlandChromatin"": 4}"
x4_fastleaf,visible,breastcancer,7,ok,0.1392,0.06746347532828346,0.0674634743282835,0.06746348,True,ok,0.992626404494382,"{""ClumpThickness"": 4, ""UniformityOfCellShape"": 4, ""MarginalAdhesion"": 3, ""BareNuclei"": 3, ""BlandChromatin"": 5, ""NormalNucleoli"": 2, ""Mitoses"": 3}"
x4_fastleaf,visible,breastcancer,10,ok,0.1162,0.06592425084343989,0.06592424984343989,0.06592425,True,ok,0.9915730337078652,"{""ClumpThickness"": 3, ""UniformityOfCellSize"": 1, ""UniformityOfCellShape"": 2, ""MarginalAdhesion"": 2, ""SingleEpithelialCellSize"": 1, ""BareNuclei"": 2, ""BlandChromatin"": 4, ""NormalNucleoli"": 1, ""Mitoses"": 2}"
x4_fastleaf,visible,mammo,3,ok,0.0134,0.472334615836568,0.4723346148365678,0.47233462,True,ok,0.8532843560933447,"{""IrregularShape"": 4, ""CircumscribedMargin"": -5, ""Age_geq_60"": 3}"
x4_fastleaf,visible,mammo,4,ok,0.0163,0.46720671586568163,0.4672067148656818,0.46720672,True,ok,0.8571197061365601,"{""IrregularShape"": 3, ""CircumscribedMargin"": -4, ""SpiculatedMargin"": 2, ""Age_geq_60"": 3}"
x4_fastleaf,visible,mammo,5,ok,0.0369,0.4637046145587998,0.4637046135588,0.46370461,True,ok,0.8565795159896282,"{""IrregularShape"": 3, ""CircumscribedMargin"": -4, ""SpiculatedMargin"": 2, ""Age_lt_30"": -5, ""Age_geq_60"": 3}"
x4_fastleaf,visible,mammo,7,ok,0.0925,0.45928718876274427,0.45928718776274424,0.45928719,True,ok,0.8508535004321521,"{""OvalShape"": 1, ""IrregularShape"": -2, ""CircumscribedMargin"": 3, ""ObscuredMargin"": 1, ""SpiculatedMargin"": -1, ""Age_lt_30"": 5, ""Age_geq_60"": -2}"
x4_fastleaf,visible,mammo,10,ok,11.3683,0.45827677476065914,0.4582767737606593,0.45827677,True,ok,0.8453975799481418,"{""RoundShape"": 1, ""OvalShape"": 2, ""IrregularShape"": -3, ""CircumscribedMargin"": 5, ""ObscuredMargin"": 2, ""SpiculatedMargin"": -2, ""Age_lt_30"": 5, ""Age_geq_30"": -5, ""Age_geq_45"": -1, ""Age_geq_60"": -3}"
x4_fastleaf,visible,mushroom,3,ok,1.6206,0.06494475825921053,0.0649447572588383,0.06494476,True,ok,0.9879991384619118,"{""odor_eq_almond"": -2, ""odor_eq_anise"": -2, ""odor_eq_none"": -1}"
x4_fastleaf,visible,mushroom,4,ok,37.3984,0.03151661237198366,0.03151661137084479,0.03151661,True,ok,0.9953040107024872,"{""odor_eq_almond"": -5, ""odor_eq_anise"": -5, ""odor_eq_none"": -4, ""spore_print_color_eq_green"": 4}"
x4_fastleaf,visible,mushroom,5,ok,55.2043,0.009137783224568645,0.0,0.00913778,False,ok,0.9978992425138711,"{""odor_eq_almond"": -5, ""odor_eq_anise"": -5, ""odor_eq_none"": -3, ""stalk_surface_below_ring_eq_scaly"": 1, ""spore_print_color_eq_green"": 5}"
x4_fastleaf,visible,mushroom,7,ok,0.1952,3.8593243796512854e-13,-9.999999886135733e-10,0.0,True,ok,1.0,"{""odor_eq_almond"": -5, ""odor_eq_anise"": -5, ""odor_eq_none"": -4, ""gill_size_eq_narrow"": 2, ""stalk_surface_below_ring_eq_scaly"": 2, ""spore_print_color_eq_green"": 5, ""population_eq_clustered"": 2}"
x4_fastleaf,visible,mushroom,10,ok,0.1974,6.537876176643081e-13,-9.999999936179344e-10,0.0,True,ok,1.0,"{""odor_eq_almond"": -5, ""odor_eq_anise"": -5, ""odor_eq_none"": -2, ""odor_eq_foul"": 2, ""gill_size_eq_narrow"": 1, ""gill_color_eq_buff"": 2, ""stalk_root_eq_rooted"": -2, ""stalk_surface_below_ring_eq_scaly"": 1, ""spore_print_color_eq_green"": 3, ""population_eq_clustered"": 1}"
x4_fastleaf,visible,spambase,3,ok,33.28,0.39815962909806096,0.39815962809553757,0.39815963,True,ok,0.9099425338428271,"{""WordFreqRemove"": 2, ""WordFreqHP"": -1, ""CharFreqDollarSign"": 4}"
x4_fastleaf,visible,spambase,4,ok,55.2475,0.36266309545965447,0.0007534208484347232,0.3626631,False,ok,0.9289029098413264,"{""WordFreqRemove"": 2, ""WordFreqHP"": -1, ""WordFreqGeorge"": -2, ""CharFreqDollarSign"": 4}"
x4_fastleaf,visible,spambase,5,ok,55.2107,0.3360455337893006,0.0007534208484347232,0.33604553,False,ok,0.9378141137671929,"{""WordFreqRemove"": 2, ""WordFreqHP"": -1, ""WordFreqGeorge"": -3, ""WordFreqEDU"": -1, ""CharFreqDollarSign"": 4}"
x4_fastleaf,visible,spambase,7,ok,55.2347,0.2981260710383189,0.0007534208484347232,0.29812607,False,ok,0.9548762305360545,"{""WordFreqRemove"": 3, ""WordFreqFree"": 1, ""WordFreq0"": 3, ""WordFreqHP"": -2, ""WordFreqGeorge"": -4, ""WordFreqEDU"": -2, ""CharFreqDollarSign"": 5}"
x4_fastleaf,visible,spambase,10,ok,55.2448,0.2660206809736392,0.0007534208484347232,0.26602068,False,ok,0.9623631229203078,"{""WordFreqRemove"": 3, ""WordFreqFree"": 1, ""WordFreqBusiness"": 1, ""WordFreq0"": 3, ""WordFreqHP"": -2, ""WordFreqGeorge"": -4, ""WordFreqMeeting"": -2, ""WordFreqEDU"": -2, ""CharFreqExcalamationMark"": 1, ""CharFreqDollarSign"": 5}"
x4_fastleaf,visible,fico,3,ok,6.6246,0.5918556511470763,0.5918556501470497,0.59185565,True,ok,0.7414784999999999,"{""ExternalRiskEstimate<=68"": 5, ""ExternalRiskEstimate<=78"": 4, ""MSinceMostRecentInqexcl7days<=-8"": -4}"
x4_fastleaf,visible,fico,4,ok,55.2142,0.5785394194171956,0.03919501637694608,0.57853942,False,ok,0.763808,"{""ExternalRiskEstimate<=68"": 5, ""ExternalRiskEstimate<=78"": 4, ""MSinceMostRecentInqexcl7days<=-8"": -5, ""MSinceMostRecentInqexcl7days<=0"": 3}"
x4_fastleaf,visible,fico,5,ok,55.2325,0.5695292740873528,0.03919501637694608,0.56952927,False,ok,0.767671,"{""ExternalRiskEstimate<=68"": 3, ""ExternalRiskEstimate<=78"": 3, ""NumSatisfactoryTrades<=13"": 2, ""MSinceMostRecentInqexcl7days<=-8"": -5, ""MSinceMostRecentInqexcl7days<=0"": 2}"
x4_fastleaf,visible,fico,7,ok,55.2082,0.5605509559011824,0.03919501637694608,0.56055096,False,ok,0.7739745,"{""ExternalRiskEstimate<=68"": 3, ""ExternalRiskEstimate<=78"": 3, ""AverageMInFile<=67"": 1, ""NumSatisfactoryTrades<=13"": 2, ""MSinceMostRecentInqexcl7days<=-8"": -5, ""MSinceMostRecentInqexcl7days<=0"": 2, ""NetFractionRevolvingBurden<=59"": -2}"
x4_fastleaf,visible,fico,10,ok,55.2665,0.554169616008486,0.03919501637694608,0.55416962,False,ok,0.7808244999999999,"{""ExternalRiskEstimate<=68"": 2, ""ExternalRiskEstimate<=78"": 2, ""AverageMInFile<=58"": 2, ""NumSatisfactoryTrades<=13"": 2, ""PercentTradesNeverDelq<=96"": 2, ""MSinceMostRecentDelq<=20"": 1, ""MSinceMostRecentInqexcl7days<=-8"": -5, ""MSinceMostRecentInqexcl7days<=0"": 2, ""NetFractionRevolvingBurden<=35"": -1, ""NetFractionRevolvingBurden<=59"": -2}"
x4_fastleaf,visible,compas,3,ok,0.0587,0.6225382115397334,0.6225382105397327,0.62253821,True,ok,0.7012972288111494,"{""age<=29"": 4, ""priors_count<=1"": -4, ""priors_count<=6"": -5}"
x4_fastleaf,visible,compas,4,ok,0.102,0.615796584878717,0.6157965838787182,0.61579658,True,ok,0.7252711258607099,"{""age<=22"": 3, ""age<=34"": 3, ""priors_count<=1"": -4, ""priors_count<=6"": -4}"
x4_fastleaf,visible,compas,5,ok,0.1184,0.6121183269701487,0.6121183259701491,0.61211833,True,ok,0.7304002908326525,"{""age<=22"": 4, ""age<=34"": 4, ""priors_count<=0"": -3, ""priors_count<=2"": -4, ""priors_count<=6"": -4}"
x4_fastleaf,visible,compas,7,ok,0.3078,0.6082265159549372,0.6082265149549361,0.60822652,True,ok,0.7296174182843033,"{""age<=22"": 4, ""age<=29"": 3, ""age<=39"": 3, ""juv_other_count<=0"": -3, ""priors_count<=0"": -3, ""priors_count<=2"": -5, ""priors_count<=6"": -5}"
x4_fastleaf,visible,compas,10,ok,0.8321,0.6055605523836098,0.6055605513836101,0.60556055,True,ok,0.7378078848763421,"{""sex=1"": 2, ""age<=22"": 4, ""age<=29"": 2, ""age<=34"": 2, ""age<=45"": 2, ""juv_other_count<=0"": -3, ""priors_count<=0"": -2, ""priors_count<=1"": -2, ""priors_count<=2"": -4, ""priors_count<=6"": -5}"
x4_fastleaf,visible,australian,3,ok,0.211,0.3379872507337162,0.3379872497337169,0.33798725,True,ok,0.8915265062806046,"{""A8=0"": -5, ""A10<=1"": -2, ""A14<=126"": -2}"
x4_fastleaf,visible,australian,4,ok,3.4412,0.3266563195115297,0.3266563185115277,0.32665632,True,ok,0.9259101554183522,"{""A3<=13"": 2, ""A8=1"": 5, ""A10<=1"": -2, ""A14<=126"": -2}"
x4_fastleaf,visible,australian,5,ok,41.0899,0.31742251989231884,0.31742251889231804,0.31742252,True,ok,0.944113263785395,"{""A3<=13"": 3, ""A7<=26"": -1, ""A8=1"": 5, ""A10<=3"": -2, ""A14<=87"": -2}"
x4_fastleaf,visible,australian,7,ok,55.2047,0.3038390458122755,0.0,0.30383905,False,ok,0.9490100063870556,"{""A3<=13"": 3, ""A3<=89"": -1, ""A5=14"": 3, ""A7<=26"": -1, ""A8=0"": -5, ""A10<=3"": -2, ""A14<=87"": -2}"
x4_fastleaf,visible,australian,10,ok,55.2349,0.2899933849774524,0.0,0.28999338,False,ok,0.9367681498829039,"{""A3<=13"": 3, ""A3<=89"": -1, ""A4=2"": 1, ""A5=1"": -2, ""A5=14"": 3, ""A6=5"": -2, ""A7<=26"": -1, ""A8=1"": 5, ""A10<=3"": -2, ""A14<=87"": -2}"
x4_fastleaf,visible,heart,3,ok,0.0914,0.39413198739569943,0.3941319863957005,0.39413199,True,ok,0.7666666666666667,"{""chest<=3"": -4, ""oldpeak<=1.9"": -5, ""thal<=3"": -4}"
x4_fastleaf,visible,heart,4,ok,0.9325,0.356107606733472,0.3561076057334792,0.35610761,True,ok,0.8638888888888888,"{""chest<=3"": -5, ""oldpeak<=0.6"": -4, ""number_of_major_vessels<=0"": -4, ""thal<=3"": -5}"
x4_fastleaf,visible,heart,5,ok,18.6063,0.33644466276027807,0.3364446617602782,0.33644466,True,ok,0.8520833333333333,"{""chest<=3"": -3, ""resting_electrocardiographic_results<=0"": -2, ""oldpeak<=0.6"": -3, ""number_of_major_vessels<=0"": -3, ""thal<=3"": -4}"
x4_fastleaf,visible,heart,7,ok,55.2007,0.31675485937146003,0.0,0.31496988,False,ok,0.8798611111111112,"{""sex=1"": 3, ""chest<=3"": -5, ""serum_cholestoral<=270"": -3, ""oldpeak<=0.6"": -3, ""oldpeak<=1.9"": -4, ""number_of_major_vessels<=0"": -4, ""thal<=3"": -4}"
x4_fastleaf,visible,heart,10,ok,55.2005,0.2791468625811999,0.0,0.27914686,False,ok,0.8062499999999999,"{""age<=60"": -5, ""age<=63"": 5, ""sex=1"": 3, ""chest<=3"": -3, ""serum_cholestoral<=270"": -2, ""resting_electrocardiographic_results<=0"": -2, ""oldpeak<=0.6"": -2, ""oldpeak<=1.9"": -2, ""number_of_major_vessels<=0"": -2, ""thal<=3"": -3}"
x4_fastleaf,visible,ionosphere,3,ok,2.9979,0.28199539974926296,0.28199539874926455,0.2819954,True,ok,0.9139130434782609,"{""a03<=0"": 5, ""a05<=0"": 5, ""a22<=0.82162"": -1}"
x4_fastleaf,visible,ionosphere,4,ok,55.2009,0.2279781518735197,0.0,0.22797815,False,ok,0.9278260869565217,"{""a03<=0"": 5, ""a04<=-0.59677"": 1, ""a05<=0.06704"": 1, ""a06<=-0.23067"": 1}"
x4_fastleaf,visible,ionosphere,5,ok,55.2029,0.20648715366327594,0.0,0.20648715,False,ok,0.9299999999999999,"{""a03<=0"": 5, ""a05<=0.06704"": 4, ""a06<=-0.23067"": 4, ""a06<=0.78579"": -3, ""a22<=-0.03333"": -2}"
x4_fastleaf,visible,ionosphere,7,ok,55.2024,0.14271712498886777,0.0,0.14271712,False,ok,0.9382608695652174,"{""a03<=0"": 5, ""a05<=0"": 5, ""a06<=-0.23067"": 4, ""a07<=0.38431"": 2, ""a22<=-0.03333"": -3, ""a24<=-1"": 4, ""a32<=0.77702"": -2}"
x4_fastleaf,visible,ionosphere,10,ok,55.2156,0.08583886979059814,0.0,0.08583887,False,ok,0.9252173913043477,"{""a03<=0"": 5, ""a05<=0"": 5, ""a06<=-0.23067"": 4, ""a07<=0.38431"": 2, ""a18<=0"": 1, ""a22<=-0.03333"": -3, ""a24<=-1"": 3, ""a29<=0.52798"": 2, ""a32<=0.77702"": -3, ""a33<=0.75115"": -2}"
x4_fastleaf,visible,ilpd,3,ok,0.1842,0.5069721752569345,0.5069721742569353,0.50697218,True,ok,0.7462792345854004,"{""V1<=24"": 1, ""V4<=1"": 2, ""V5<=206"": 1}"
x4_fastleaf,visible,ilpd,4,ok,3.7379,0.49795585352988103,0.4979558525298811,0.49795585,True,ok,0.7829553508150248,"{""V1<=24"": 3, ""V4<=1"": 4, ""V5<=206"": 2, ""V6<=69"": 3}"
x4_fastleaf,visible,ilpd,5,ok,55.2012,0.49203517133424296,0.0,0.49203517,False,ok,0.7859673990077959,"{""V1<=24"": 3, ""V1<=66"": 3, ""V4<=1"": 5, ""V5<=206"": 2, ""V6<=69"": 3}"
x4_fastleaf,visible,ilpd,7,ok,55.2069,0.48483984421584536,0.0,0.48346504,False,ok,0.7854358610914246,"{""V1<=24"": 1, ""V1<=60"": -1, ""V1<=66"": 2, ""V4<=1"": 2, ""V4<=4"": 5, ""V5<=206"": 1, ""V6<=69"": 1}"
x4_fastleaf,visible,ilpd,10,ok,55.201,0.4744057564957534,0.0,0.4735486,False,ok,0.7739192062367115,"{""V1<=24"": 1, ""V1<=66"": 1, ""V4<=0.6"": 1, ""V4<=4"": 5, ""V5<=206"": 1, ""V6<=69"": 1, ""V8<=6.5"": 1, ""V9<=3.1"": -1, ""V9<=4.1"": -1, ""V10<=1.3"": 1}"
x4_fastleaf,visible,magic,3,ok,2.582,0.47478486756430993,0.47478486656435004,0.47478487,True,ok,0.7965658356370701,"{""fLength:<=106.655"": -5, ""fSize:<=2.42"": -2, ""fAlpha:<=18.205"": -4}"
x4_fastleaf,visible,magic,4,ok,38.755,0.45620113872765816,0.456201137727653,0.45620114,True,ok,0.8145058563689459,"{""fLength:<=106.655"": -2, ""fSize:<=2.42"": -1, ""fAlpha:<=11.711"": -1, ""fAlpha:<=27.106"": -1}"
x4_fastleaf,visible,magic,5,ok,55.2067,0.44183375620039617,0.0025136748570331784,0.44183376,False,ok,0.8292445077021656,"{""fLength:<=106.655"": -4, ""fWidth:<=11.1267"": 2, ""fSize:<=2.42"": -3, ""fAlpha:<=11.711"": -2, ""fAlpha:<=27.106"": -2}"
x4_fastleaf,visible,magic,7,ok,55.2148,0.41879759785437926,0.0025136748570331784,0.4187976,False,ok,0.8452481964882139,"{""fLength:<=106.655"": -5, ""fWidth:<=11.1267"": 4, ""fWidth:<=39.6681"": -5, ""fSize:<=2.42"": -5, ""fM3Long:<=-34.8805"": 4, ""fAlpha:<=11.711"": -4, ""fAlpha:<=27.106"": -4}"
x4_fastleaf,visible,magic,10,ok,55.2147,0.4020098369768927,0.0025136748570331784,0.40023123,False,ok,0.8539255463172146,"{""fLength:<=46.2915"": -2, ""fLength:<=106.655"": -4, ""fWidth:<=11.1267"": 3, ""fWidth:<=15.1087"": 2, ""fWidth:<=39.6681"": -3, ""fSize:<=2.2844"": -3, ""fSize:<=2.5289"": -3, ""fM3Long:<=-34.8805"": 3, ""fAlpha:<=11.711"": -4, ""fAlpha:<=27.106"": -3}"
x4_fastleaf,visible,haberman,3,ok,0.0184,0.4906198182007443,0.4906198172007446,0.49061982,True,ok,0.6012228260869564,"{""Age_of_patient_at_time_of_operation<=38"": -3, ""Patients_year_of_operation=61"": -4, ""Number_of_positive_axillary_nodes_detected<=4"": -3}"
x4_fastleaf,visible,haberman,4,ok,0.0447,0.4808848365382481,0.480884835538253,0.48088484,True,ok,0.5883152173913043,"{""Age_of_patient_at_time_of_operation<=38"": -3, ""Patients_year_of_operation=65"": 2, ""Patients_year_of_operation=61"": -4, ""Number_of_positive_axillary_nodes_detected<=4"": -3}"
x4_fastleaf,visible,haberman,5,ok,0.0538,0.4779456368232793,0.4779456358232852,0.47794564,True,ok,0.563858695652174,"{""Age_of_patient_at_time_of_operation<=38"": -4, ""Patients_year_of_operation=65"": 2, ""Patients_year_of_operation=61"": -5, ""Patients_year_of_operation=63"": -2, ""Number_of_positive_axillary_nodes_detected<=4"": -4}"
x4_fastleaf,visible,haberman,7,ok,0.1748,0.4731003093016757,0.47310030830167554,0.47310031,True,ok,0.626358695652174,"{""Age_of_patient_at_time_of_operation<=38"": -3, ""Patients_year_of_operation=60"": -1, ""Patients_year_of_operation=65"": 2, ""Patients_year_of_operation=61"": -5, ""Patients_year_of_operation=63"": -2, ""Number_of_positive_axillary_nodes_detected<=0"": -1, ""Number_of_positive_axillary_nodes_detected<=4"": -3}"
x4_fastleaf,visible,haberman,10,ok,0.814,0.46599816819711143,0.46599816719711185,0.46599817,True,ok,0.5957880434782609,"{""Age_of_patient_at_time_of_operation<=38"": -3, ""Age_of_patient_at_time_of_operation<=42"": -2, ""Age_of_patient_at_time_of_operation<=49"": 2, ""Age_of_patient_at_time_of_operation<=58"": -1, ""Patients_year_of_operation=65"": 2, ""Patients_year_of_operation=61"": -5, ""Patients_year_of_operation=63"": -2, ""Patients_year_of_operation=67"": -2, ""Number_of_positive_axillary_nodes_detected<=0"": -1, ""Number_of_positive_axillary_nodes_detected<=4"": -3}"
x4_fastleaf,tiny,syn0,2,ok,0.0165,0.5446817400310768,0.544681739031076,0.544681740031,True,ok,0.7354273023564362,"{""x0"": 3, ""x5"": -3}"
x4_fastleaf,tiny,syn0,3,ok,0.0186,0.517219768730159,0.5172197677301591,0.51721976873,True,ok,0.7913241614029015,"{""x0"": 5, ""x2"": -4, ""x5"": -5}"
x4_fastleaf,tiny,syn1,2,ok,0.0087,0.5424078436161445,0.5424078426161476,0.542407843616,True,ok,0.700215866162979,"{""x0"": 1, ""x5"": 1}"
x4_fastleaf,tiny,syn1,3,ok,0.0148,0.5078273260983516,0.5078273250983512,0.507827326098,True,ok,0.7139773340528872,"{""x0"": 4, ""x5"": 4, ""x7"": 3}"
x4_fastleaf,tiny,syn2,2,ok,0.0156,0.6108453902145077,0.6108453892145087,0.610845390215,True,ok,0.6656700577256607,"{""x4"": 5, ""x8"": -3}"
x4_fastleaf,tiny,syn2,3,ok,0.0124,0.5997197208530549,0.5997197198530531,0.599719720853,True,ok,0.681162796717662,"{""x3"": 2, ""x4"": 5, ""x8"": -3}"
x4_fastleaf,tiny,syn3,2,ok,0.0143,0.5394043667750122,0.5394043657750137,0.539404366775,True,ok,0.7940387195706344,"{""x2"": -1, ""x3"": 1}"
x4_fastleaf,tiny,syn3,3,ok,0.0151,0.4856527251948659,0.4856527241948641,0.485652725195,True,ok,0.8436019606232372,"{""x2"": -1, ""x3"": 1, ""x9"": 1}"
x4_fastleaf,tiny,syn4,2,ok,0.0099,0.6132407316655778,0.6132407306655804,0.613240731666,True,ok,0.6743073576053052,"{""x3"": 5, ""x5"": 4}"
x4_fastleaf,tiny,syn4,3,ok,0.0165,0.5888039988601307,0.5888039978601297,0.58880399886,True,ok,0.7138344997509894,"{""x3"": 5, ""x5"": 4, ""x6"": -4}"
x4_fastleaf,tiny,syn5,2,ok,0.0104,0.49061575337749247,0.49061575237749583,0.490615753377,True,ok,0.7676676570458405,"{""x1"": 3, ""x2"": -1}"
x4_fastleaf,tiny,syn5,3,ok,0.012,0.48817955613546987,0.48817955513547034,0.488179556135,True,ok,0.7614335738539898,"{""x1"": 5, ""x2"": -2, ""x9"": -1}"
x4_fastleaf,tiny,syn6,2,ok,0.0087,0.14802788113021076,0.14802788013020998,0.14802788113,True,ok,0.6596320346320347,"{""x3"": 1, ""x4"": -1}"
x4_fastleaf,tiny,syn6,3,ok,0.0145,0.13906553782524034,0.13906553682524084,0.139065537825,True,ok,0.751082251082251,"{""x3"": 1, ""x4"": -1, ""x6"": -1}"
x4_fastleaf,tiny,syn7,2,ok,0.01,0.5015280482234045,0.5015280472234025,0.501528048223,True,ok,0.7189240306819376,"{""x2"": -2, ""x4"": -2}"
x4_fastleaf,tiny,syn7,3,ok,0.014,0.4854612061587655,0.4854612051587647,0.485461206159,True,ok,0.7386606423592869,"{""x1"": 2, ""x2"": -2, ""x4"": -2}"
x4_fastleaf,tiny,syn8,2,ok,0.0101,0.4961153691002832,0.49611536810029333,0.4961153691,True,ok,0.7551558336229869,"{""x2"": -1, ""x6"": 1}"
x4_fastleaf,tiny,syn8,3,ok,0.0178,0.48292494900391036,0.48292494800391034,0.482924949004,True,ok,0.7773288147375739,"{""x2"": -5, ""x4"": 3, ""x6"": 5}"
x4_fastleaf,tiny,syn9,2,ok,0.0109,0.5047078649095531,0.5047078639095538,0.50470786491,True,ok,0.8380513495720869,"{""x6"": -3, ""x9"": 5}"
x4_fastleaf,tiny,syn9,3,ok,0.0175,0.49035443087838726,0.4903544298783877,0.490354430878,True,ok,0.8486668861092825,"{""x1"": 1, ""x6"": -2, ""x9"": 3}"
x4_fastleaf,tiny,syn10,2,ok,0.0144,0.4890810417103373,0.48908104071033753,0.48908104171,True,ok,0.6921452702702702,"{""x2"": -3, ""x3"": -3}"
x4_fastleaf,tiny,syn10,3,ok,0.0149,0.4793160349932964,0.47931603399329464,0.479316034993,True,ok,0.7270660083160083,"{""x0"": 2, ""x2"": -5, ""x3"": -5}"
x4_fastleaf,tiny,syn11,2,ok,0.0068,0.49211041732485106,0.4921104163248581,0.492110417325,True,ok,0.8401988636363635,"{""x6"": 5, ""x9"": 4}"
x4_fastleaf,tiny,syn11,3,ok,0.0154,0.45169452509203867,0.45169452409203936,0.451694525092,True,ok,0.9240056818181819,"{""x1"": 4, ""x6"": 5, ""x9"": 5}"
x4_fastleaf,tiny,adult0,2,ok,0.009,0.4404415262608285,0.4404415252608286,0.440441526261,True,ok,0.7866125274122807,"{""x0"": 3, ""x5"": -2}"
x4_fastleaf,tiny,adult0,3,ok,0.0117,0.4285576334555465,0.4285576324555462,0.428557633456,True,ok,0.7943393640350878,"{""x0"": 4, ""x5"": -3, ""x9"": 2}"
x4_fastleaf,tiny,adult1,2,ok,0.0092,0.4251927761860085,0.42519277518600823,0.425192776186,True,ok,0.746898985745614,"{""x0"": 5, ""x4"": 4}"
x4_fastleaf,tiny,adult1,3,ok,0.0118,0.4104985715595258,0.41049857055952577,0.41049857156,True,ok,0.7788856907894737,"{""x0"": 4, ""x4"": 3, ""x7"": 2}"
x4_fastleaf,tiny,bank0,2,ok,0.0115,0.28737579334064095,0.2873757923406409,0.287375793341,True,ok,0.7791236306729264,"{""x2"": 2, ""x7"": 3}"
x4_fastleaf,tiny,bank0,3,ok,0.0176,0.2824076251922267,0.2824076241922267,0.282407625192,True,ok,0.7864788732394365,"{""x0"": -2, ""x2"": 3, ""x7"": 4}"
x4_fastleaf,tiny,bank1,2,ok,0.0209,0.27445913427890106,0.27445913327890104,0.274459134279,True,ok,0.7549295774647888,"{""x4"": -3, ""x7"": 4}"
x4_fastleaf,tiny,bank1,3,ok,0.0269,0.2649032414829257,0.2649032404829257,0.264903241483,True,ok,0.7729577464788733,"{""x0"": -3, ""x4"": -3, ""x7"": 5}"
x4_fastleaf,tiny,mammo0,2,ok,0.0068,0.4870724927203053,0.4870724917203051,0.48707249272,True,ok,0.7961140335991854,"{""x0"": -5, ""x2"": 2}"
x4_fastleaf,tiny,mammo0,3,ok,0.0141,0.4658357722339051,0.46583577123390496,0.465835772234,True,ok,0.8297980655014423,"{""x0"": -4, ""x1"": 3, ""x2"": 3}"
x4_fastleaf,tiny,mammo1,2,ok,0.007,0.4870724927203053,0.4870724917203051,0.48707249272,True,ok,0.7961140335991854,"{""x0"": -5, ""x2"": 2}"
x4_fastleaf,tiny,mammo1,3,ok,0.0105,0.4658357722339051,0.46583577123390496,0.465835772234,True,ok,0.8297980655014423,"{""x0"": -4, ""x1"": 3, ""x2"": 3}"
x4_fastleaf,tiny,mushroom0,2,ok,0.0077,0.15339675278235038,0.15339675178235068,0.153396752782,True,ok,0.979049335435909,"{""x1"": 5, ""x6"": -1}"
x4_fastleaf,tiny,mushroom0,3,ok,0.0291,0.11698955207199077,0.11698955107199115,0.116989552072,True,ok,0.989562213711797,"{""x1"": 5, ""x3"": 5, ""x5"": 1}"
x4_fastleaf,tiny,mushroom1,2,ok,0.0081,0.12878025349797625,0.12878025249797626,0.128780253498,True,ok,0.9699757202573152,"{""x1"": 5, ""x5"": 1}"
x4_fastleaf,tiny,mushroom1,3,ok,0.0108,0.10091780231276294,0.10091780131276296,0.100917802313,True,ok,0.9789241821231007,"{""x1"": 5, ""x3"": 5, ""x5"": 1}"
x4_fastleaf,tiny,fico0,2,ok,0.0076,0.5812007447676837,0.5812007437676837,0.581200744768,True,ok,0.7190124999999999,"{""x0"": 5, ""x9"": -3}"
x4_fastleaf,tiny,fico0,3,ok,0.0099,0.574847113794094,0.5748471127940941,0.574847113794,True,ok,0.7441125,"{""x0"": 5, ""x4"": 2, ""x9"": -3}"
x4_fastleaf,tiny,fico1,2,ok,0.008,0.6102008403466027,0.6102008393466026,0.610200840347,True,ok,0.7442,"{""x2"": 5, ""x5"": 4}"
x4_fastleaf,tiny,fico1,3,ok,0.0111,0.6005809873321837,0.6005809863321837,0.600580987332,True,ok,0.76435,"{""x2"": 5, ""x5"": 5, ""x9"": -4}"
x4_fastleaf,tiny,compas0,2,ok,0.0085,0.629996371800631,0.629996370800631,0.629996371801,True,ok,0.7134433962264151,"{""x2"": -4, ""x6"": 3}"
x4_fastleaf,tiny,compas0,3,ok,0.0179,0.6192854625477515,0.6192854615477515,0.619285462548,True,ok,0.7332396627860296,"{""x1"": -3, ""x3"": -4, ""x6"": 4}"
x4_fastleaf,tiny,compas1,2,ok,0.008,0.6190112288342146,0.6190112278342147,0.619011228834,True,ok,0.6652323364110799,"{""x0"": -4, ""x6"": 3}"
x4_fastleaf,tiny,compas1,3,ok,0.0118,0.6112271865486547,0.6112271855486545,0.611227186549,True,ok,0.6573790646326776,"{""x1"": -3, ""x2"": -4, ""x6"": 4}"
x4_fastleaf,tiny,australian0,2,ok,0.0189,0.3433494648221187,0.34334946382211873,0.343349464822,True,ok,0.8926925608953258,"{""x1"": -5, ""x5"": 2}"
x4_fastleaf,tiny,australian0,3,ok,0.0171,0.3281367559010285,0.3281367549010284,0.328136755901,True,ok,0.8945029624753127,"{""x1"": -5, ""x2"": -2, ""x9"": -2}"
x4_fastleaf,tiny,australian1,2,ok,0.0116,0.3433494648221187,0.34334946382211873,0.343349464822,True,ok,0.8926925608953258,"{""x1"": -5, ""x5"": 2}"
x4_fastleaf,tiny,australian1,3,ok,0.0164,0.3281367559010285,0.3281367549010284,0.328136755901,True,ok,0.8945029624753127,"{""x1"": -5, ""x2"": -2, ""x9"": -2}"
x4_fastleaf,tiny,heart0,2,ok,0.011,0.39145572741205925,0.39145572641205895,0.391455727412,True,ok,0.725,"{""x0"": -5, ""x2"": -4}"
x4_fastleaf,tiny,heart0,3,ok,0.0099,0.3286332589543534,0.3286332579543534,0.328633258954,True,ok,0.7479166666666667,"{""x0"": -4, ""x2"": -3, ""x5"": -4}"
x4_fastleaf,tiny,heart1,2,ok,0.0071,0.39145572741205925,0.39145572641205895,0.391455727412,True,ok,0.725,"{""x0"": -5, ""x2"": -4}"
x4_fastleaf,tiny,heart1,3,ok,0.0095,0.3286332589543534,0.3286332579543534,0.328633258954,True,ok,0.7479166666666667,"{""x0"": -4, ""x2"": -3, ""x5"": -4}"
x4_fastleaf,tiny,ilpd0,2,ok,0.0114,0.5186090889548504,0.5186090879548725,0.518609088955,True,ok,0.6821448313985627,"{""x2"": 5, ""x6"": 3}"
x4_fastleaf,tiny,ilpd0,3,ok,0.0101,0.5095557789943593,0.5095557779943594,0.509555778994,True,ok,0.6901603095632947,"{""x2"": 1, ""x6"": 1, ""x8"": 5}"
x4_fastleaf,tiny,ilpd1,2,ok,0.0099,0.5186090889548504,0.5186090879548725,0.518609088955,True,ok,0.6821448313985627,"{""x2"": 5, ""x6"": 3}"
x4_fastleaf,tiny,ilpd1,3,ok,0.0167,0.5095557789943593,0.5095557779943594,0.509555778994,True,ok,0.6901603095632947,"{""x2"": 1, ""x6"": 1, ""x8"": 5}"
x5_pairgram,visible,adult,3,ok,0.1266,0.40451518177265444,0.40451518077265775,0.40451518,True,ok,0.8246348665670107,"{""HSDiploma"": -1, ""NoHS"": -2, ""Married"": 2}"
x5_pairgram,visible,adult,4,ok,0.3224,0.3881656387542517,0.38816563775425134,0.38816564,True,ok,0.8444253261870338,"{""HSDiploma"": -2, ""NoHS"": -4, ""Married"": 4, ""AnyCapitalGains"": 3}"
x5_pairgram,visible,adult,5,ok,2.0114,0.37728155038497213,0.37728154938497566,0.37728155,True,ok,0.8586250083143998,"{""Age_22_to_29"": -2, ""HSDiploma"": -2, ""NoHS"": -4, ""Married"": 4, ""AnyCapitalGains"": 3}"
x5_pairgram,visible,adult,7,ok,6.1346,0.3632879178831039,0.36328791688310275,0.36328792,True,ok,0.8706296888839099,"{""Age_22_to_29"": -3, ""HSDiploma"": -3, ""NoHS"": -5, ""JobManagerial"": 2, ""Married"": 5, ""WorkHrsPerWeek_lt_40"": -2, ""AnyCapitalGains"": 4}"
x5_pairgram,visible,adult,10,ok,55.2025,0.35342272575902606,0.18488176395000777,0.35342273,False,ok,0.8826068006539496,"{""Age_30_to_44"": 3, ""Age_45_to_59"": 4, ""Age_geq_60"": 3, ""HSDiploma"": -3, ""NoHS"": -5, ""JobManagerial"": 2, ""Married"": 5, ""WorkHrsPerWeek_lt_40"": -2, ""AnyCapitalGains"": 4, ""AnyCapitalLoss"": 3}"
x5_pairgram,visible,bank,3,ok,0.3665,0.28398526050475853,0.28398525950477294,0.28398526,True,ok,0.7726779284896623,"{""call_in_Q2"": -1, ""calls_b4_campaign_successful"": 2, ""emp_var_rate_lt_n1"": 2}"
x5_pairgram,visible,bank,4,ok,3.1161,0.28178061505771845,0.28178061405772886,0.28178062,True,ok,0.7779411200429753,"{""call_in_Q2"": -2, ""calls_b4_campaign_successful"": 3, ""cons_price_idx_geq_93_5"": 1, ""euribor3m_geq_300"": -4}"
x5_pairgram,visible,bank,5,ok,47.2592,0.2808465895282374,0.28084658852823885,0.28084659,True,ok,0.7830979925688596,"{""call_in_Q2"": -2, ""called_before"": 3, ""calls_b4_campaign_failed"": -1, ""emp_var_rate_lt_n1"": 4, ""cons_price_idx_geq_93_5"": 1}"
x5_pairgram,visible,bank,7,ok,55.2008,0.27923804198746716,0.018259103312661642,0.27923804,False,ok,0.7830508284890227,"{""age_ge_60"": 1, ""job_blue_collar"": -1, ""call_in_Q2"": -2, ""calls_b4_campaign_failed"": -1, ""calls_b4_campaign_successful"": 3, ""emp_var_rate_lt_n1"": 5, ""cons_price_idx_geq_93_5"": 1}"
x5_pairgram,visible,bank,10,ok,55.2092,0.2780978603622512,0.018259103312661642,0.27791022,False,ok,0.7790882463915483,"{""age_ge_60"": 2, ""job_student"": 1, ""job_blue_collar"": -1, ""credit_is_or_may_be_in_default"": -1, ""call_in_Q1"": 1, ""call_in_Q2"": -2, ""any_prior_calls_b4_campaign"": -1, ""calls_b4_campaign_successful"": 5, ""nr_employed_gt_5100"": -5, ""cons_price_idx_geq_93_5"": 1}"
x5_pairgram,visible,breastcancer,3,ok,0.0364,0.0892270617348029,0.0892270607348061,0.08922706,True,ok,0.9878277153558053,"{""ClumpThickness"": 3, ""UniformityOfCellSize"": 5, ""BareNuclei"": 3}"
x5_pairgram,visible,breastcancer,4,ok,0.0777,0.07846697475234178,0.07846697375234185,0.07846697,True,ok,0.9898174157303371,"{""ClumpThickness"": 4, ""UniformityOfCellSize"": 5, ""BareNuclei"": 3, ""BlandChromatin"": 4}"
x5_pairgram,visible,breastcancer,5,ok,0.1413,0.07315003724742207,0.07315003624742197,0.07315004,True,ok,0.9918071161048689,"{""ClumpThickness"": 3, ""UniformityOfCellShape"": 4, ""MarginalAdhesion"": 2, ""BareNuclei"": 2, ""BlandChromatin"": 4}"
x5_pairgram,visible,breastcancer,7,ok,0.1243,0.06746347532828346,0.0674634743282835,0.06746348,True,ok,0.992626404494382,"{""ClumpThickness"": 4, ""UniformityOfCellShape"": 4, ""MarginalAdhesion"": 3, ""BareNuclei"": 3, ""BlandChromatin"": 5, ""NormalNucleoli"": 2, ""Mitoses"": 3}"
x5_pairgram,visible,breastcancer,10,ok,0.1177,0.06592425084343989,0.06592424984343989,0.06592425,True,ok,0.9915730337078652,"{""ClumpThickness"": 3, ""UniformityOfCellSize"": 1, ""UniformityOfCellShape"": 2, ""MarginalAdhesion"": 2, ""SingleEpithelialCellSize"": 1, ""BareNuclei"": 2, ""BlandChromatin"": 4, ""NormalNucleoli"": 1, ""Mitoses"": 2}"
x5_pairgram,visible,mammo,3,ok,0.0165,0.472334615836568,0.4723346148365678,0.47233462,True,ok,0.8532843560933447,"{""IrregularShape"": 4, ""CircumscribedMargin"": -5, ""Age_geq_60"": 3}"
x5_pairgram,visible,mammo,4,ok,0.016,0.46720671586568163,0.4672067148656818,0.46720672,True,ok,0.8571197061365601,"{""IrregularShape"": 3, ""CircumscribedMargin"": -4, ""SpiculatedMargin"": 2, ""Age_geq_60"": 3}"
x5_pairgram,visible,mammo,5,ok,0.0375,0.4637046145587998,0.4637046135588,0.46370461,True,ok,0.8565795159896282,"{""IrregularShape"": 3, ""CircumscribedMargin"": -4, ""SpiculatedMargin"": 2, ""Age_lt_30"": -5, ""Age_geq_60"": 3}"
x5_pairgram,visible,mammo,7,ok,0.0937,0.45928718876274427,0.45928718776274424,0.45928719,True,ok,0.8508535004321521,"{""OvalShape"": 1, ""IrregularShape"": -2, ""CircumscribedMargin"": 3, ""ObscuredMargin"": 1, ""SpiculatedMargin"": -1, ""Age_lt_30"": 5, ""Age_geq_60"": -2}"
x5_pairgram,visible,mammo,10,ok,11.333,0.45827677476065914,0.4582767737606593,0.45827677,True,ok,0.8453975799481418,"{""RoundShape"": 1, ""OvalShape"": 2, ""IrregularShape"": -3, ""CircumscribedMargin"": 5, ""ObscuredMargin"": 2, ""SpiculatedMargin"": -2, ""Age_lt_30"": 5, ""Age_geq_30"": -5, ""Age_geq_45"": -1, ""Age_geq_60"": -3}"
x5_pairgram,visible,mushroom,3,ok,0.472,0.06494475825921053,0.0649447572588383,0.06494476,True,ok,0.9879991384619118,"{""odor_eq_almond"": -2, ""odor_eq_anise"": -2, ""odor_eq_none"": -1}"
x5_pairgram,visible,mushroom,4,ok,10.4756,0.03151661237198366,0.03151661137084479,0.03151661,True,ok,0.9953040107024872,"{""odor_eq_almond"": -5, ""odor_eq_anise"": -5, ""odor_eq_none"": -4, ""spore_print_color_eq_green"": 4}"
x5_pairgram,visible,mushroom,5,ok,55.2013,0.009137783224568645,0.0,0.00913778,False,ok,0.9978992425138711,"{""odor_eq_almond"": -5, ""odor_eq_anise"": -5, ""odor_eq_none"": -3, ""stalk_surface_below_ring_eq_scaly"": 1, ""spore_print_color_eq_green"": 5}"
x5_pairgram,visible,mushroom,7,ok,0.1862,3.8593243796512854e-13,-9.999999886135733e-10,0.0,True,ok,1.0,"{""odor_eq_almond"": -5, ""odor_eq_anise"": -5, ""odor_eq_none"": -4, ""gill_size_eq_narrow"": 2, ""stalk_surface_below_ring_eq_scaly"": 2, ""spore_print_color_eq_green"": 5, ""population_eq_clustered"": 2}"
x5_pairgram,visible,mushroom,10,ok,0.1871,6.537876176643081e-13,-9.999999936179344e-10,0.0,True,ok,1.0,"{""odor_eq_almond"": -5, ""odor_eq_anise"": -5, ""odor_eq_none"": -2, ""odor_eq_foul"": 2, ""gill_size_eq_narrow"": 1, ""gill_color_eq_buff"": 2, ""stalk_root_eq_rooted"": -2, ""stalk_surface_below_ring_eq_scaly"": 1, ""spore_print_color_eq_green"": 3, ""population_eq_clustered"": 1}"
x5_pairgram,visible,spambase,3,ok,32.981,0.39815962909806096,0.39815962809553757,0.39815963,True,ok,0.9099425338428271,"{""WordFreqRemove"": 2, ""WordFreqHP"": -1, ""CharFreqDollarSign"": 4}"
x5_pairgram,visible,spambase,4,ok,55.214,0.36266309545965447,0.0007534208484347232,0.3626631,False,ok,0.9289029098413264,"{""WordFreqRemove"": 2, ""WordFreqHP"": -1, ""WordFreqGeorge"": -2, ""CharFreqDollarSign"": 4}"
x5_pairgram,visible,spambase,5,ok,55.2253,0.3360455337893006,0.0007534208484347232,0.33604553,False,ok,0.9378141137671929,"{""WordFreqRemove"": 2, ""WordFreqHP"": -1, ""WordFreqGeorge"": -3, ""WordFreqEDU"": -1, ""CharFreqDollarSign"": 4}"
x5_pairgram,visible,spambase,7,ok,55.222,0.2981260710383189,0.0007534208484347232,0.29812607,False,ok,0.9548762305360545,"{""WordFreqRemove"": 3, ""WordFreqFree"": 1, ""WordFreq0"": 3, ""WordFreqHP"": -2, ""WordFreqGeorge"": -4, ""WordFreqEDU"": -2, ""CharFreqDollarSign"": 5}"
x5_pairgram,visible,spambase,10,ok,55.2249,0.2660206809736392,0.0007534208484347232,0.26602068,False,ok,0.9623631229203078,"{""WordFreqRemove"": 3, ""WordFreqFree"": 1, ""WordFreqBusiness"": 1, ""WordFreq0"": 3, ""WordFreqHP"": -2, ""WordFreqGeorge"": -4, ""WordFreqMeeting"": -2, ""WordFreqEDU"": -2, ""CharFreqExcalamationMark"": 1, ""CharFreqDollarSign"": 5}"
x5_pairgram,visible,fico,3,ok,1.937,0.5918556511470763,0.5918556501470497,0.59185565,True,ok,0.7414784999999999,"{""ExternalRiskEstimate<=68"": 5, ""ExternalRiskEstimate<=78"": 4, ""MSinceMostRecentInqexcl7days<=-8"": -4}"
x5_pairgram,visible,fico,4,ok,55.2059,0.5785394194171956,0.03919501637694608,0.57853942,False,ok,0.763808,"{""ExternalRiskEstimate<=68"": 5, ""ExternalRiskEstimate<=78"": 4, ""MSinceMostRecentInqexcl7days<=-8"": -5, ""MSinceMostRecentInqexcl7days<=0"": 3}"
x5_pairgram,visible,fico,5,ok,55.2109,0.5695292740873528,0.03919501637694608,0.56952927,False,ok,0.767671,"{""ExternalRiskEstimate<=68"": 3, ""ExternalRiskEstimate<=78"": 3, ""NumSatisfactoryTrades<=13"": 2, ""MSinceMostRecentInqexcl7days<=-8"": -5, ""MSinceMostRecentInqexcl7days<=0"": 2}"
x5_pairgram,visible,fico,7,ok,55.2117,0.5605509559011824,0.03919501637694608,0.56055096,False,ok,0.7739745,"{""ExternalRiskEstimate<=68"": 3, ""ExternalRiskEstimate<=78"": 3, ""AverageMInFile<=67"": 1, ""NumSatisfactoryTrades<=13"": 2, ""MSinceMostRecentInqexcl7days<=-8"": -5, ""MSinceMostRecentInqexcl7days<=0"": 2, ""NetFractionRevolvingBurden<=59"": -2}"
x5_pairgram,visible,fico,10,ok,55.2234,0.554169616008486,0.03919501637694608,0.55416962,False,ok,0.7808244999999999,"{""ExternalRiskEstimate<=68"": 2, ""ExternalRiskEstimate<=78"": 2, ""AverageMInFile<=58"": 2, ""NumSatisfactoryTrades<=13"": 2, ""PercentTradesNeverDelq<=96"": 2, ""MSinceMostRecentDelq<=20"": 1, ""MSinceMostRecentInqexcl7days<=-8"": -5, ""MSinceMostRecentInqexcl7days<=0"": 2, ""NetFractionRevolvingBurden<=35"": -1, ""NetFractionRevolvingBurden<=59"": -2}"
x5_pairgram,visible,compas,3,ok,0.037,0.6225382115397334,0.6225382105397327,0.62253821,True,ok,0.7012972288111494,"{""age<=29"": 4, ""priors_count<=1"": -4, ""priors_count<=6"": -5}"
x5_pairgram,visible,compas,4,ok,0.0817,0.615796584878717,0.6157965838787182,0.61579658,True,ok,0.7252711258607099,"{""age<=22"": 3, ""age<=34"": 3, ""priors_count<=1"": -4, ""priors_count<=6"": -4}"
x5_pairgram,visible,compas,5,ok,0.0935,0.6121183269701487,0.6121183259701491,0.61211833,True,ok,0.7304002908326525,"{""age<=22"": 4, ""age<=34"": 4, ""priors_count<=0"": -3, ""priors_count<=2"": -4, ""priors_count<=6"": -4}"
x5_pairgram,visible,compas,7,ok,0.2234,0.6082265159549372,0.6082265149549361,0.60822652,True,ok,0.7296174182843033,"{""age<=22"": 4, ""age<=29"": 3, ""age<=39"": 3, ""juv_other_count<=0"": -3, ""priors_count<=0"": -3, ""priors_count<=2"": -5, ""priors_count<=6"": -5}"
x5_pairgram,visible,compas,10,ok,0.836,0.6055605523836098,0.6055605513836101,0.60556055,True,ok,0.7378078848763421,"{""sex=1"": 2, ""age<=22"": 4, ""age<=29"": 2, ""age<=34"": 2, ""age<=45"": 2, ""juv_other_count<=0"": -3, ""priors_count<=0"": -2, ""priors_count<=1"": -2, ""priors_count<=2"": -4, ""priors_count<=6"": -5}"
x5_pairgram,visible,australian,3,ok,0.0791,0.3379872507337162,0.3379872497337169,0.33798725,True,ok,0.8915265062806046,"{""A8=0"": -5, ""A10<=1"": -2, ""A14<=126"": -2}"
x5_pairgram,visible,australian,4,ok,1.0667,0.3266563195115297,0.3266563185115277,0.32665632,True,ok,0.9259101554183522,"{""A3<=13"": 2, ""A8=1"": 5, ""A10<=1"": -2, ""A14<=126"": -2}"
x5_pairgram,visible,australian,5,ok,18.0841,0.31742251989231884,0.31742251889231804,0.31742252,True,ok,0.944113263785395,"{""A3<=13"": 3, ""A7<=26"": -1, ""A8=1"": 5, ""A10<=3"": -2, ""A14<=87"": -2}"
x5_pairgram,visible,australian,7,ok,55.2075,0.3038390458122755,0.0,0.30383905,False,ok,0.9490100063870556,"{""A3<=13"": 3, ""A3<=89"": -1, ""A5=14"": 3, ""A7<=26"": -1, ""A8=0"": -5, ""A10<=3"": -2, ""A14<=87"": -2}"
x5_pairgram,visible,australian,10,ok,55.2294,0.2899933849774524,0.0,0.28999338,False,ok,0.9367681498829039,"{""A3<=13"": 3, ""A3<=89"": -1, ""A4=2"": 1, ""A5=1"": -2, ""A5=14"": 3, ""A6=5"": -2, ""A7<=26"": -1, ""A8=1"": 5, ""A10<=3"": -2, ""A14<=87"": -2}"
x5_pairgram,visible,heart,3,ok,0.0307,0.39413198739569943,0.3941319863957005,0.39413199,True,ok,0.7666666666666667,"{""chest<=3"": -4, ""oldpeak<=1.9"": -5, ""thal<=3"": -4}"
x5_pairgram,visible,heart,4,ok,0.3668,0.356107606733472,0.3561076057334792,0.35610761,True,ok,0.8638888888888888,"{""chest<=3"": -5, ""oldpeak<=0.6"": -4, ""number_of_major_vessels<=0"": -4, ""thal<=3"": -5}"
x5_pairgram,visible,heart,5,ok,5.8586,0.33644466276027807,0.3364446617602782,0.33644466,True,ok,0.8520833333333333,"{""chest<=3"": -3, ""resting_electrocardiographic_results<=0"": -2, ""oldpeak<=0.6"": -3, ""number_of_major_vessels<=0"": -3, ""thal<=3"": -4}"
x5_pairgram,visible,heart,7,ok,55.2007,0.31675485937146003,0.0,0.31496988,False,ok,0.8798611111111112,"{""sex=1"": 3, ""chest<=3"": -5, ""serum_cholestoral<=270"": -3, ""oldpeak<=0.6"": -3, ""oldpeak<=1.9"": -4, ""number_of_major_vessels<=0"": -4, ""thal<=3"": -4}"
x5_pairgram,visible,heart,10,ok,55.2007,0.2791468625811999,0.0,0.27914686,False,ok,0.8062499999999999,"{""age<=60"": -5, ""age<=63"": 5, ""sex=1"": 3, ""chest<=3"": -3, ""serum_cholestoral<=270"": -2, ""resting_electrocardiographic_results<=0"": -2, ""oldpeak<=0.6"": -2, ""oldpeak<=1.9"": -2, ""number_of_major_vessels<=0"": -2, ""thal<=3"": -3}"
x5_pairgram,visible,ionosphere,3,ok,1.1697,0.28199539974926296,0.28199539874926455,0.2819954,True,ok,0.9139130434782609,"{""a03<=0"": 5, ""a05<=0"": 5, ""a22<=0.82162"": -1}"
x5_pairgram,visible,ionosphere,4,ok,55.2003,0.2279781518735197,0.0,0.22797815,False,ok,0.9278260869565217,"{""a03<=0"": 5, ""a04<=-0.59677"": 1, ""a05<=0.06704"": 1, ""a06<=-0.23067"": 1}"
x5_pairgram,visible,ionosphere,5,ok,55.2006,0.20648715366327594,0.0,0.20648715,False,ok,0.9299999999999999,"{""a03<=0"": 5, ""a05<=0.06704"": 4, ""a06<=-0.23067"": 4, ""a06<=0.78579"": -3, ""a22<=-0.03333"": -2}"
x5_pairgram,visible,ionosphere,7,ok,55.2029,0.14271712498886777,0.0,0.14271712,False,ok,0.9382608695652174,"{""a03<=0"": 5, ""a05<=0"": 5, ""a06<=-0.23067"": 4, ""a07<=0.38431"": 2, ""a22<=-0.03333"": -3, ""a24<=-1"": 4, ""a32<=0.77702"": -2}"
x5_pairgram,visible,ionosphere,10,ok,55.2092,0.08583886979059814,0.0,0.08583887,False,ok,0.9252173913043477,"{""a03<=0"": 5, ""a05<=0"": 5, ""a06<=-0.23067"": 4, ""a07<=0.38431"": 2, ""a18<=0"": 1, ""a22<=-0.03333"": -3, ""a24<=-1"": 3, ""a29<=0.52798"": 2, ""a32<=0.77702"": -3, ""a33<=0.75115"": -2}"
x5_pairgram,visible,ilpd,3,ok,0.0683,0.5069721752569345,0.5069721742569353,0.50697218,True,ok,0.7462792345854004,"{""V1<=24"": 1, ""V4<=1"": 2, ""V5<=206"": 1}"
x5_pairgram,visible,ilpd,4,ok,1.0933,0.49795585352988103,0.4979558525298811,0.49795585,True,ok,0.7829553508150248,"{""V1<=24"": 3, ""V4<=1"": 4, ""V5<=206"": 2, ""V6<=69"": 3}"
x5_pairgram,visible,ilpd,5,ok,47.0592,0.49203517133424296,0.49203517033424393,0.49203517,True,ok,0.7859673990077959,"{""V1<=24"": 3, ""V1<=66"": 3, ""V4<=1"": 5, ""V5<=206"": 2, ""V6<=69"": 3}"
x5_pairgram,visible,ilpd,7,ok,55.2165,0.48483984421584536,0.0,0.48346504,False,ok,0.7854358610914246,"{""V1<=24"": 1, ""V1<=60"": -1, ""V1<=66"": 2, ""V4<=1"": 2, ""V4<=4"": 5, ""V5<=206"": 1, ""V6<=69"": 1}"
x5_pairgram,visible,ilpd,10,ok,55.2006,0.4744057564957534,0.0,0.4735486,False,ok,0.7739192062367115,"{""V1<=24"": 1, ""V1<=66"": 1, ""V4<=0.6"": 1, ""V4<=4"": 5, ""V5<=206"": 1, ""V6<=69"": 1, ""V8<=6.5"": 1, ""V9<=3.1"": -1, ""V9<=4.1"": -1, ""V10<=1.3"": 1}"
x5_pairgram,visible,magic,3,ok,1.1116,0.47478486756430993,0.47478486656435004,0.47478487,True,ok,0.7965658356370701,"{""fLength:<=106.655"": -5, ""fSize:<=2.42"": -2, ""fAlpha:<=18.205"": -4}"
x5_pairgram,visible,magic,4,ok,11.41,0.45620113872765816,0.456201137727653,0.45620114,True,ok,0.8145058563689459,"{""fLength:<=106.655"": -2, ""fSize:<=2.42"": -1, ""fAlpha:<=11.711"": -1, ""fAlpha:<=27.106"": -1}"
x5_pairgram,visible,magic,5,ok,55.2039,0.44183375620039617,0.0025136748570331784,0.44183376,False,ok,0.8292445077021656,"{""fLength:<=106.655"": -4, ""fWidth:<=11.1267"": 2, ""fSize:<=2.42"": -3, ""fAlpha:<=11.711"": -2, ""fAlpha:<=27.106"": -2}"
x5_pairgram,visible,magic,7,ok,55.2051,0.41879759785437926,0.0025136748570331784,0.4187976,False,ok,0.8452481964882139,"{""fLength:<=106.655"": -5, ""fWidth:<=11.1267"": 4, ""fWidth:<=39.6681"": -5, ""fSize:<=2.42"": -5, ""fM3Long:<=-34.8805"": 4, ""fAlpha:<=11.711"": -4, ""fAlpha:<=27.106"": -4}"
x5_pairgram,visible,magic,10,ok,55.2026,0.4020098369768927,0.0025136748570331784,0.40023123,False,ok,0.8539255463172146,"{""fLength:<=46.2915"": -2, ""fLength:<=106.655"": -4, ""fWidth:<=11.1267"": 3, ""fWidth:<=15.1087"": 2, ""fWidth:<=39.6681"": -3, ""fSize:<=2.2844"": -3, ""fSize:<=2.5289"": -3, ""fM3Long:<=-34.8805"": 3, ""fAlpha:<=11.711"": -4, ""fAlpha:<=27.106"": -3}"
x5_pairgram,visible,haberman,3,ok,0.0174,0.4906198182007443,0.4906198172007446,0.49061982,True,ok,0.6012228260869564,"{""Age_of_patient_at_time_of_operation<=38"": -3, ""Patients_year_of_operation=61"": -4, ""Number_of_positive_axillary_nodes_detected<=4"": -3}"
x5_pairgram,visible,haberman,4,ok,0.0211,0.4808848365382481,0.480884835538253,0.48088484,True,ok,0.5883152173913043,"{""Age_of_patient_at_time_of_operation<=38"": -3, ""Patients_year_of_operation=65"": 2, ""Patients_year_of_operation=61"": -4, ""Number_of_positive_axillary_nodes_detected<=4"": -3}"
x5_pairgram,visible,haberman,5,ok,0.0397,0.4779456368232793,0.4779456358232852,0.47794564,True,ok,0.563858695652174,"{""Age_of_patient_at_time_of_operation<=38"": -4, ""Patients_year_of_operation=65"": 2, ""Patients_year_of_operation=61"": -5, ""Patients_year_of_operation=63"": -2, ""Number_of_positive_axillary_nodes_detected<=4"": -4}"
x5_pairgram,visible,haberman,7,ok,0.1746,0.4731003093016757,0.47310030830167554,0.47310031,True,ok,0.626358695652174,"{""Age_of_patient_at_time_of_operation<=38"": -3, ""Patients_year_of_operation=60"": -1, ""Patients_year_of_operation=65"": 2, ""Patients_year_of_operation=61"": -5, ""Patients_year_of_operation=63"": -2, ""Number_of_positive_axillary_nodes_detected<=0"": -1, ""Number_of_positive_axillary_nodes_detected<=4"": -3}"
x5_pairgram,visible,haberman,10,ok,0.6838,0.46599816819711143,0.46599816719711185,0.46599817,True,ok,0.5957880434782609,"{""Age_of_patient_at_time_of_operation<=38"": -3, ""Age_of_patient_at_time_of_operation<=42"": -2, ""Age_of_patient_at_time_of_operation<=49"": 2, ""Age_of_patient_at_time_of_operation<=58"": -1, ""Patients_year_of_operation=65"": 2, ""Patients_year_of_operation=61"": -5, ""Patients_year_of_operation=63"": -2, ""Patients_year_of_operation=67"": -2, ""Number_of_positive_axillary_nodes_detected<=0"": -1, ""Number_of_positive_axillary_nodes_detected<=4"": -3}"
x5_pairgram,tiny,syn0,2,ok,0.0175,0.5446817400310768,0.544681739031076,0.544681740031,True,ok,0.7354273023564362,"{""x0"": 3, ""x5"": -3}"
x5_pairgram,tiny,syn0,3,ok,0.0152,0.517219768730159,0.5172197677301591,0.51721976873,True,ok,0.7913241614029015,"{""x0"": 5, ""x2"": -4, ""x5"": -5}"
x5_pairgram,tiny,syn1,2,ok,0.0082,0.5424078436161445,0.5424078426161476,0.542407843616,True,ok,0.700215866162979,"{""x0"": 1, ""x5"": 1}"
x5_pairgram,tiny,syn1,3,ok,0.0113,0.5078273260983516,0.5078273250983512,0.507827326098,True,ok,0.7139773340528872,"{""x0"": 4, ""x5"": 4, ""x7"": 3}"
x5_pairgram,tiny,syn2,2,ok,0.0105,0.6108453902145077,0.6108453892145087,0.610845390215,True,ok,0.6656700577256607,"{""x4"": 5, ""x8"": -3}"
x5_pairgram,tiny,syn2,3,ok,0.0211,0.5997197208530549,0.5997197198530531,0.599719720853,True,ok,0.681162796717662,"{""x3"": 2, ""x4"": 5, ""x8"": -3}"
x5_pairgram,tiny,syn3,2,ok,0.0112,0.5394043667750122,0.5394043657750137,0.539404366775,True,ok,0.7940387195706344,"{""x2"": -1, ""x3"": 1}"
x5_pairgram,tiny,syn3,3,ok,0.0156,0.4856527251948659,0.4856527241948641,0.485652725195,True,ok,0.8436019606232372,"{""x2"": -1, ""x3"": 1, ""x9"": 1}"
x5_pairgram,tiny,syn4,2,ok,0.0101,0.6132407316655778,0.6132407306655804,0.613240731666,True,ok,0.6743073576053052,"{""x3"": 5, ""x5"": 4}"
x5_pairgram,tiny,syn4,3,ok,0.0138,0.5888039988601307,0.5888039978601297,0.58880399886,True,ok,0.7138344997509894,"{""x3"": 5, ""x5"": 4, ""x6"": -4}"
x5_pairgram,tiny,syn5,2,ok,0.0155,0.49061575337749247,0.49061575237749583,0.490615753377,True,ok,0.7676676570458405,"{""x1"": 3, ""x2"": -1}"
x5_pairgram,tiny,syn5,3,ok,0.0206,0.48817955613546987,0.48817955513547034,0.488179556135,True,ok,0.7614335738539898,"{""x1"": 5, ""x2"": -2, ""x9"": -1}"
x5_pairgram,tiny,syn6,2,ok,0.0087,0.14802788113021076,0.14802788013020998,0.14802788113,True,ok,0.6596320346320347,"{""x3"": 1, ""x4"": -1}"
x5_pairgram,tiny,syn6,3,ok,0.0121,0.13906553782524034,0.13906553682524084,0.139065537825,True,ok,0.751082251082251,"{""x3"": 1, ""x4"": -1, ""x6"": -1}"
x5_pairgram,tiny,syn7,2,ok,0.0164,0.5015280482234045,0.5015280472234025,0.501528048223,True,ok,0.7189240306819376,"{""x2"": -2, ""x4"": -2}"
x5_pairgram,tiny,syn7,3,ok,0.0149,0.4854612061587655,0.4854612051587647,0.485461206159,True,ok,0.7386606423592869,"{""x1"": 2, ""x2"": -2, ""x4"": -2}"
x5_pairgram,tiny,syn8,2,ok,0.0172,0.4961153691002832,0.49611536810029333,0.4961153691,True,ok,0.7551558336229869,"{""x2"": -1, ""x6"": 1}"
x5_pairgram,tiny,syn8,3,ok,0.0149,0.48292494900391036,0.48292494800391034,0.482924949004,True,ok,0.7773288147375739,"{""x2"": -5, ""x4"": 3, ""x6"": 5}"
x5_pairgram,tiny,syn9,2,ok,0.0081,0.5047078649095531,0.5047078639095538,0.50470786491,True,ok,0.8380513495720869,"{""x6"": -3, ""x9"": 5}"
x5_pairgram,tiny,syn9,3,ok,0.0104,0.49035443087838726,0.4903544298783877,0.490354430878,True,ok,0.8486668861092825,"{""x1"": 1, ""x6"": -2, ""x9"": 3}"
x5_pairgram,tiny,syn10,2,ok,0.0098,0.4890810417103373,0.48908104071033753,0.48908104171,True,ok,0.6921452702702702,"{""x2"": -3, ""x3"": -3}"
x5_pairgram,tiny,syn10,3,ok,0.0155,0.4793160349932964,0.47931603399329464,0.479316034993,True,ok,0.7270660083160083,"{""x0"": 2, ""x2"": -5, ""x3"": -5}"
x5_pairgram,tiny,syn11,2,ok,0.0072,0.49211041732485106,0.4921104163248581,0.492110417325,True,ok,0.8401988636363635,"{""x6"": 5, ""x9"": 4}"
x5_pairgram,tiny,syn11,3,ok,0.0098,0.45169452509203867,0.45169452409203936,0.451694525092,True,ok,0.9240056818181819,"{""x1"": 4, ""x6"": 5, ""x9"": 5}"
x5_pairgram,tiny,adult0,2,ok,0.0151,0.4404415262608285,0.4404415252608286,0.440441526261,True,ok,0.7866125274122807,"{""x0"": 3, ""x5"": -2}"
x5_pairgram,tiny,adult0,3,ok,0.0123,0.4285576334555465,0.4285576324555462,0.428557633456,True,ok,0.7943393640350878,"{""x0"": 4, ""x5"": -3, ""x9"": 2}"
x5_pairgram,tiny,adult1,2,ok,0.0145,0.4251927761860085,0.42519277518600823,0.425192776186,True,ok,0.746898985745614,"{""x0"": 5, ""x4"": 4}"
x5_pairgram,tiny,adult1,3,ok,0.0129,0.4104985715595258,0.41049857055952577,0.41049857156,True,ok,0.7788856907894737,"{""x0"": 4, ""x4"": 3, ""x7"": 2}"
x5_pairgram,tiny,bank0,2,ok,0.0147,0.28737579334064095,0.2873757923406409,0.287375793341,True,ok,0.7791236306729264,"{""x2"": 2, ""x7"": 3}"
x5_pairgram,tiny,bank0,3,ok,0.0185,0.2824076251922267,0.2824076241922267,0.282407625192,True,ok,0.7864788732394365,"{""x0"": -2, ""x2"": 3, ""x7"": 4}"
x5_pairgram,tiny,bank1,2,ok,0.0166,0.27445913427890106,0.27445913327890104,0.274459134279,True,ok,0.7549295774647888,"{""x4"": -3, ""x7"": 4}"
x5_pairgram,tiny,bank1,3,ok,0.027,0.2649032414829257,0.2649032404829257,0.264903241483,True,ok,0.7729577464788733,"{""x0"": -3, ""x4"": -3, ""x7"": 5}"
x5_pairgram,tiny,mammo0,2,ok,0.0117,0.4870724927203053,0.4870724917203051,0.48707249272,True,ok,0.7961140335991854,"{""x0"": -5, ""x2"": 2}"
x5_pairgram,tiny,mammo0,3,ok,0.0159,0.4658357722339051,0.46583577123390496,0.465835772234,True,ok,0.8297980655014423,"{""x0"": -4, ""x1"": 3, ""x2"": 3}"
x5_pairgram,tiny,mammo1,2,ok,0.0117,0.4870724927203053,0.4870724917203051,0.48707249272,True,ok,0.7961140335991854,"{""x0"": -5, ""x2"": 2}"
x5_pairgram,tiny,mammo1,3,ok,0.0099,0.4658357722339051,0.46583577123390496,0.465835772234,True,ok,0.8297980655014423,"{""x0"": -4, ""x1"": 3, ""x2"": 3}"
x5_pairgram,tiny,mushroom0,2,ok,0.0072,0.15339675278235038,0.15339675178235068,0.153396752782,True,ok,0.979049335435909,"{""x1"": 5, ""x6"": -1}"
x5_pairgram,tiny,mushroom0,3,ok,0.0301,0.11698955207199077,0.11698955107199115,0.116989552072,True,ok,0.989562213711797,"{""x1"": 5, ""x3"": 5, ""x5"": 1}"
x5_pairgram,tiny,mushroom1,2,ok,0.0117,0.12878025349797625,0.12878025249797626,0.128780253498,True,ok,0.9699757202573152,"{""x1"": 5, ""x5"": 1}"
x5_pairgram,tiny,mushroom1,3,ok,0.0098,0.10091780231276294,0.10091780131276296,0.100917802313,True,ok,0.9789241821231007,"{""x1"": 5, ""x3"": 5, ""x5"": 1}"
x5_pairgram,tiny,fico0,2,ok,0.0129,0.5812007447676837,0.5812007437676837,0.581200744768,True,ok,0.7190124999999999,"{""x0"": 5, ""x9"": -3}"
x5_pairgram,tiny,fico0,3,ok,0.01,0.574847113794094,0.5748471127940941,0.574847113794,True,ok,0.7441125,"{""x0"": 5, ""x4"": 2, ""x9"": -3}"
x5_pairgram,tiny,fico1,2,ok,0.0077,0.6102008403466027,0.6102008393466026,0.610200840347,True,ok,0.7442,"{""x2"": 5, ""x5"": 4}"
x5_pairgram,tiny,fico1,3,ok,0.0188,0.6005809873321837,0.6005809863321837,0.600580987332,True,ok,0.76435,"{""x2"": 5, ""x5"": 5, ""x9"": -4}"
x5_pairgram,tiny,compas0,2,ok,0.0148,0.629996371800631,0.629996370800631,0.629996371801,True,ok,0.7134433962264151,"{""x2"": -4, ""x6"": 3}"
x5_pairgram,tiny,compas0,3,ok,0.019,0.6192854625477515,0.6192854615477515,0.619285462548,True,ok,0.7332396627860296,"{""x1"": -3, ""x3"": -4, ""x6"": 4}"
x5_pairgram,tiny,compas1,2,ok,0.0085,0.6190112288342146,0.6190112278342147,0.619011228834,True,ok,0.6652323364110799,"{""x0"": -4, ""x6"": 3}"
x5_pairgram,tiny,compas1,3,ok,0.0104,0.6112271865486547,0.6112271855486545,0.611227186549,True,ok,0.6573790646326776,"{""x1"": -3, ""x2"": -4, ""x6"": 4}"
x5_pairgram,tiny,australian0,2,ok,0.0111,0.3433494648221187,0.34334946382211873,0.343349464822,True,ok,0.8926925608953258,"{""x1"": -5, ""x5"": 2}"
x5_pairgram,tiny,australian0,3,ok,0.0164,0.3281367559010285,0.3281367549010284,0.328136755901,True,ok,0.8945029624753127,"{""x1"": -5, ""x2"": -2, ""x9"": -2}"
x5_pairgram,tiny,australian1,2,ok,0.0201,0.3433494648221187,0.34334946382211873,0.343349464822,True,ok,0.8926925608953258,"{""x1"": -5, ""x5"": 2}"
x5_pairgram,tiny,australian1,3,ok,0.0095,0.3281367559010285,0.3281367549010284,0.328136755901,True,ok,0.8945029624753127,"{""x1"": -5, ""x2"": -2, ""x9"": -2}"
x5_pairgram,tiny,heart0,2,ok,0.0066,0.39145572741205925,0.39145572641205895,0.391455727412,True,ok,0.725,"{""x0"": -5, ""x2"": -4}"
x5_pairgram,tiny,heart0,3,ok,0.0149,0.3286332589543534,0.3286332579543534,0.328633258954,True,ok,0.7479166666666667,"{""x0"": -4, ""x2"": -3, ""x5"": -4}"
x5_pairgram,tiny,heart1,2,ok,0.0074,0.39145572741205925,0.39145572641205895,0.391455727412,True,ok,0.725,"{""x0"": -5, ""x2"": -4}"
x5_pairgram,tiny,heart1,3,ok,0.0109,0.3286332589543534,0.3286332579543534,0.328633258954,True,ok,0.7479166666666667,"{""x0"": -4, ""x2"": -3, ""x5"": -4}"
x5_pairgram,tiny,ilpd0,2,ok,0.0065,0.5186090889548504,0.5186090879548725,0.518609088955,True,ok,0.6821448313985627,"{""x2"": 5, ""x6"": 3}"
x5_pairgram,tiny,ilpd0,3,ok,0.01,0.5095557789943593,0.5095557779943594,0.509555778994,True,ok,0.6901603095632947,"{""x2"": 1, ""x6"": 1, ""x8"": 5}"
x5_pairgram,tiny,ilpd1,2,ok,0.009,0.5186090889548504,0.5186090879548725,0.518609088955,True,ok,0.6821448313985627,"{""x2"": 5, ""x6"": 3}"
x5_pairgram,tiny,ilpd1,3,ok,0.0099,0.5095557789943593,0.5095557779943594,0.509555778994,True,ok,0.6901603095632947,"{""x2"": 1, ""x6"": 1, ""x8"": 5}"
x6_wald,visible,adult,3,ok,0.1309,0.40451518177265444,0.40451518077265775,0.40451518,True,ok,0.8246348665670107,"{""HSDiploma"": -1, ""NoHS"": -2, ""Married"": 2}"
x6_wald,visible,adult,4,ok,0.3811,0.3881656387542517,0.38816563775425134,0.38816564,True,ok,0.8444253261870338,"{""HSDiploma"": -2, ""NoHS"": -4, ""Married"": 4, ""AnyCapitalGains"": 3}"
x6_wald,visible,adult,5,ok,0.8428,0.37728155038497213,0.37728154938497566,0.37728155,True,ok,0.8586250083143998,"{""Age_22_to_29"": -2, ""HSDiploma"": -2, ""NoHS"": -4, ""Married"": 4, ""AnyCapitalGains"": 3}"
x6_wald,visible,adult,7,ok,4.2364,0.3632879178831039,0.36328791688310275,0.36328792,True,ok,0.8706296888839099,"{""Age_22_to_29"": -3, ""HSDiploma"": -3, ""NoHS"": -5, ""JobManagerial"": 2, ""Married"": 5, ""WorkHrsPerWeek_lt_40"": -2, ""AnyCapitalGains"": 4}"
x6_wald,visible,adult,10,ok,29.431,0.35342272575902606,0.3534227247590431,0.35342273,True,ok,0.8826068006539496,"{""Age_30_to_44"": 3, ""Age_45_to_59"": 4, ""Age_geq_60"": 3, ""HSDiploma"": -3, ""NoHS"": -5, ""JobManagerial"": 2, ""Married"": 5, ""WorkHrsPerWeek_lt_40"": -2, ""AnyCapitalGains"": 4, ""AnyCapitalLoss"": 3}"
x6_wald,visible,bank,3,ok,0.4477,0.28398526050475853,0.28398525950477294,0.28398526,True,ok,0.7726779284896623,"{""call_in_Q2"": -1, ""calls_b4_campaign_successful"": 2, ""emp_var_rate_lt_n1"": 2}"
x6_wald,visible,bank,4,ok,7.221,0.28178061505771845,0.28178061405772886,0.28178062,True,ok,0.7779411200429753,"{""call_in_Q2"": -2, ""calls_b4_campaign_successful"": 3, ""cons_price_idx_geq_93_5"": 1, ""euribor3m_geq_300"": -4}"
x6_wald,visible,bank,5,ok,55.2344,0.2808465895282374,0.018259103312661642,0.28084659,False,ok,0.7830979925688596,"{""call_in_Q2"": -2, ""called_before"": 3, ""calls_b4_campaign_failed"": -1, ""emp_var_rate_lt_n1"": 4, ""cons_price_idx_geq_93_5"": 1}"
x6_wald,visible,bank,7,ok,55.2204,0.27923804198746716,0.018259103312661642,0.27923804,False,ok,0.7830508284890227,"{""age_ge_60"": 1, ""job_blue_collar"": -1, ""call_in_Q2"": -2, ""calls_b4_campaign_failed"": -1, ""calls_b4_campaign_successful"": 3, ""emp_var_rate_lt_n1"": 5, ""cons_price_idx_geq_93_5"": 1}"
x6_wald,visible,bank,10,ok,55.2024,0.2780978603622512,0.018259103312661642,0.27791022,False,ok,0.7790882463915483,"{""age_ge_60"": 2, ""job_student"": 1, ""job_blue_collar"": -1, ""credit_is_or_may_be_in_default"": -1, ""call_in_Q1"": 1, ""call_in_Q2"": -2, ""any_prior_calls_b4_campaign"": -1, ""calls_b4_campaign_successful"": 5, ""nr_employed_gt_5100"": -5, ""cons_price_idx_geq_93_5"": 1}"
x6_wald,visible,breastcancer,3,ok,0.0359,0.0892270617348029,0.0892270607348061,0.08922706,True,ok,0.9878277153558053,"{""ClumpThickness"": 3, ""UniformityOfCellSize"": 5, ""BareNuclei"": 3}"
x6_wald,visible,breastcancer,4,ok,0.0825,0.07846697475234178,0.07846697375234185,0.07846697,True,ok,0.9898174157303371,"{""ClumpThickness"": 4, ""UniformityOfCellSize"": 5, ""BareNuclei"": 3, ""BlandChromatin"": 4}"
x6_wald,visible,breastcancer,5,ok,0.2315,0.07315003724742207,0.07315003624742197,0.07315004,True,ok,0.9918071161048689,"{""ClumpThickness"": 3, ""UniformityOfCellShape"": 4, ""MarginalAdhesion"": 2, ""BareNuclei"": 2, ""BlandChromatin"": 4}"
x6_wald,visible,breastcancer,7,ok,0.127,0.06746347532828346,0.0674634743282835,0.06746348,True,ok,0.992626404494382,"{""ClumpThickness"": 4, ""UniformityOfCellShape"": 4, ""MarginalAdhesion"": 3, ""BareNuclei"": 3, ""BlandChromatin"": 5, ""NormalNucleoli"": 2, ""Mitoses"": 3}"
x6_wald,visible,breastcancer,10,ok,0.1172,0.06592425084343989,0.06592424984343989,0.06592425,True,ok,0.9915730337078652,"{""ClumpThickness"": 3, ""UniformityOfCellSize"": 1, ""UniformityOfCellShape"": 2, ""MarginalAdhesion"": 2, ""SingleEpithelialCellSize"": 1, ""BareNuclei"": 2, ""BlandChromatin"": 4, ""NormalNucleoli"": 1, ""Mitoses"": 2}"
x6_wald,visible,mammo,3,ok,0.0189,0.472334615836568,0.4723346148365678,0.47233462,True,ok,0.8532843560933447,"{""IrregularShape"": 4, ""CircumscribedMargin"": -5, ""Age_geq_60"": 3}"
x6_wald,visible,mammo,4,ok,0.0167,0.46720671586568163,0.4672067148656818,0.46720672,True,ok,0.8571197061365601,"{""IrregularShape"": 3, ""CircumscribedMargin"": -4, ""SpiculatedMargin"": 2, ""Age_geq_60"": 3}"
x6_wald,visible,mammo,5,ok,0.0403,0.4637046145587998,0.4637046135588,0.46370461,True,ok,0.8565795159896282,"{""IrregularShape"": 3, ""CircumscribedMargin"": -4, ""SpiculatedMargin"": 2, ""Age_lt_30"": -5, ""Age_geq_60"": 3}"
x6_wald,visible,mammo,7,ok,0.2827,0.45928718876274427,0.45928718776274424,0.45928719,True,ok,0.8508535004321521,"{""OvalShape"": 1, ""IrregularShape"": -2, ""CircumscribedMargin"": 3, ""ObscuredMargin"": 1, ""SpiculatedMargin"": -1, ""Age_lt_30"": 5, ""Age_geq_60"": -2}"
x6_wald,visible,mammo,10,ok,12.6586,0.45827677476065914,0.45827677376065923,0.45827677,True,ok,0.8453975799481418,"{""RoundShape"": 4, ""OvalShape"": 5, ""LobularShape"": 3, ""CircumscribedMargin"": 5, ""ObscuredMargin"": 2, ""SpiculatedMargin"": -2, ""Age_lt_30"": 5, ""Age_geq_30"": -5, ""Age_geq_45"": -1, ""Age_geq_60"": -3}"
x6_wald,visible,mushroom,3,ok,0.4533,0.06494475825921053,0.0649447572588383,0.06494476,True,ok,0.9879991384619118,"{""odor_eq_almond"": -2, ""odor_eq_anise"": -2, ""odor_eq_none"": -1}"
x6_wald,visible,mushroom,4,ok,9.2655,0.03151661237198366,0.03151661137084479,0.03151661,True,ok,0.9953040107024872,"{""odor_eq_almond"": -5, ""odor_eq_anise"": -5, ""odor_eq_none"": -4, ""spore_print_color_eq_green"": 4}"
x6_wald,visible,mushroom,5,ok,55.2021,0.009137783224568645,0.0,0.00913778,False,ok,0.9978992425138711,"{""odor_eq_almond"": -5, ""odor_eq_anise"": -5, ""odor_eq_none"": -3, ""stalk_surface_below_ring_eq_scaly"": 1, ""spore_print_color_eq_green"": 5}"
x6_wald,visible,mushroom,7,ok,0.1839,3.8593243796512854e-13,-9.999999886135733e-10,0.0,True,ok,1.0,"{""odor_eq_almond"": -5, ""odor_eq_anise"": -5, ""odor_eq_none"": -4, ""gill_size_eq_narrow"": 2, ""stalk_surface_below_ring_eq_scaly"": 2, ""spore_print_color_eq_green"": 5, ""population_eq_clustered"": 2}"
x6_wald,visible,mushroom,10,ok,0.2273,6.537876176643081e-13,-9.999999936179344e-10,0.0,True,ok,1.0,"{""odor_eq_almond"": -5, ""odor_eq_anise"": -5, ""odor_eq_none"": -2, ""odor_eq_foul"": 2, ""gill_size_eq_narrow"": 1, ""gill_color_eq_buff"": 2, ""stalk_root_eq_rooted"": -2, ""stalk_surface_below_ring_eq_scaly"": 1, ""spore_print_color_eq_green"": 3, ""population_eq_clustered"": 1}"
x6_wald,visible,spambase,3,ok,33.569,0.39815962909806096,0.39815962809553757,0.39815963,True,ok,0.9099425338428271,"{""WordFreqRemove"": 2, ""WordFreqHP"": -1, ""CharFreqDollarSign"": 4}"
x6_wald,visible,spambase,4,ok,55.2229,0.36266309545965447,0.0007534208484347232,0.3626631,False,ok,0.9289029098413264,"{""WordFreqRemove"": 2, ""WordFreqHP"": -1, ""WordFreqGeorge"": -2, ""CharFreqDollarSign"": 4}"
x6_wald,visible,spambase,5,ok,55.2548,0.3360455337893006,0.0007534208484347232,0.33604553,False,ok,0.9378141137671929,"{""WordFreqRemove"": 2, ""WordFreqHP"": -1, ""WordFreqGeorge"": -3, ""WordFreqEDU"": -1, ""CharFreqDollarSign"": 4}"
x6_wald,visible,spambase,7,ok,55.2359,0.2981260710383189,0.0007534208484347232,0.29812607,False,ok,0.9548762305360545,"{""WordFreqRemove"": 3, ""WordFreqFree"": 1, ""WordFreq0"": 3, ""WordFreqHP"": -2, ""WordFreqGeorge"": -4, ""WordFreqEDU"": -2, ""CharFreqDollarSign"": 5}"
x6_wald,visible,spambase,10,ok,55.2019,0.2660206809736392,0.0007534208484347232,0.26602068,False,ok,0.9623631229203078,"{""WordFreqRemove"": 3, ""WordFreqFree"": 1, ""WordFreqBusiness"": 1, ""WordFreq0"": 3, ""WordFreqHP"": -2, ""WordFreqGeorge"": -4, ""WordFreqMeeting"": -2, ""WordFreqEDU"": -2, ""CharFreqExcalamationMark"": 1, ""CharFreqDollarSign"": 5}"
x6_wald,visible,fico,3,ok,1.9218,0.5918556511470763,0.5918556501470497,0.59185565,True,ok,0.7414784999999999,"{""ExternalRiskEstimate<=68"": 5, ""ExternalRiskEstimate<=78"": 4, ""MSinceMostRecentInqexcl7days<=-8"": -4}"
x6_wald,visible,fico,4,ok,55.2107,0.5785394194171956,0.03919501637694608,0.57853942,False,ok,0.763808,"{""ExternalRiskEstimate<=68"": 5, ""ExternalRiskEstimate<=78"": 4, ""MSinceMostRecentInqexcl7days<=-8"": -5, ""MSinceMostRecentInqexcl7days<=0"": 3}"
x6_wald,visible,fico,5,ok,55.3715,0.5695292740873528,0.03919501637694608,0.56952927,False,ok,0.767671,"{""ExternalRiskEstimate<=68"": 3, ""ExternalRiskEstimate<=78"": 3, ""NumSatisfactoryTrades<=13"": 2, ""MSinceMostRecentInqexcl7days<=-8"": -5, ""MSinceMostRecentInqexcl7days<=0"": 2}"
x6_wald,visible,fico,7,ok,55.2131,0.5605509559011824,0.03919501637694608,0.56055096,False,ok,0.7739745,"{""ExternalRiskEstimate<=68"": 3, ""ExternalRiskEstimate<=78"": 3, ""AverageMInFile<=67"": 1, ""NumSatisfactoryTrades<=13"": 2, ""MSinceMostRecentInqexcl7days<=-8"": -5, ""MSinceMostRecentInqexcl7days<=0"": 2, ""NetFractionRevolvingBurden<=59"": -2}"
x6_wald,visible,fico,10,ok,55.2193,0.554169616008486,0.03919501637694608,0.55416962,False,ok,0.7808244999999999,"{""ExternalRiskEstimate<=68"": 2, ""ExternalRiskEstimate<=78"": 2, ""AverageMInFile<=58"": 2, ""NumSatisfactoryTrades<=13"": 2, ""PercentTradesNeverDelq<=96"": 2, ""MSinceMostRecentDelq<=20"": 1, ""MSinceMostRecentInqexcl7days<=-8"": -5, ""MSinceMostRecentInqexcl7days<=0"": 2, ""NetFractionRevolvingBurden<=35"": -1, ""NetFractionRevolvingBurden<=59"": -2}"
x6_wald,visible,compas,3,ok,0.0625,0.6225382115397334,0.6225382105397327,0.62253821,True,ok,0.7012972288111494,"{""age<=29"": 4, ""priors_count<=1"": -4, ""priors_count<=6"": -5}"
x6_wald,visible,compas,4,ok,0.0618,0.615796584878717,0.6157965838787182,0.61579658,True,ok,0.7252711258607099,"{""age<=22"": 3, ""age<=34"": 3, ""priors_count<=1"": -4, ""priors_count<=6"": -4}"
x6_wald,visible,compas,5,ok,0.1121,0.6121183269701487,0.6121183259701491,0.61211833,True,ok,0.7304002908326525,"{""age<=22"": 4, ""age<=34"": 4, ""priors_count<=0"": -3, ""priors_count<=2"": -4, ""priors_count<=6"": -4}"
x6_wald,visible,compas,7,ok,0.1876,0.6082265159549372,0.6082265149549361,0.60822652,True,ok,0.7296174182843033,"{""age<=22"": 4, ""age<=29"": 3, ""age<=39"": 3, ""juv_other_count<=0"": -3, ""priors_count<=0"": -3, ""priors_count<=2"": -5, ""priors_count<=6"": -5}"
x6_wald,visible,compas,10,ok,0.7326,0.6055605523836098,0.6055605513836101,0.60556055,True,ok,0.7378078848763421,"{""sex=1"": 2, ""age<=22"": 4, ""age<=29"": 2, ""age<=34"": 2, ""age<=45"": 2, ""juv_other_count<=0"": -3, ""priors_count<=0"": -2, ""priors_count<=1"": -2, ""priors_count<=2"": -4, ""priors_count<=6"": -5}"
x6_wald,visible,australian,3,ok,0.0809,0.3379872507337162,0.3379872497337169,0.33798725,True,ok,0.8915265062806046,"{""A8=0"": -5, ""A10<=1"": -2, ""A14<=126"": -2}"
x6_wald,visible,australian,4,ok,2.0961,0.3266563195115297,0.3266563185115277,0.32665632,True,ok,0.9259101554183522,"{""A3<=13"": 2, ""A8=1"": 5, ""A10<=1"": -2, ""A14<=126"": -2}"
x6_wald,visible,australian,5,ok,35.2414,0.31742251989231884,0.31742251889231804,0.31742252,True,ok,0.944113263785395,"{""A3<=13"": 3, ""A7<=26"": -1, ""A8=1"": 5, ""A10<=3"": -2, ""A14<=87"": -2}"
x6_wald,visible,australian,7,ok,55.2072,0.3038390458122755,0.0,0.30383905,False,ok,0.9490100063870556,"{""A3<=13"": 3, ""A3<=89"": -1, ""A5=14"": 3, ""A7<=26"": -1, ""A8=0"": -5, ""A10<=3"": -2, ""A14<=87"": -2}"
x6_wald,visible,australian,10,ok,55.2387,0.2899933849774524,0.0,0.28999338,False,ok,0.9367681498829039,"{""A3<=13"": 3, ""A3<=89"": -1, ""A4=2"": 1, ""A5=1"": -2, ""A5=14"": 3, ""A6=5"": -2, ""A7<=26"": -1, ""A8=1"": 5, ""A10<=3"": -2, ""A14<=87"": -2}"
x6_wald,visible,heart,3,ok,0.0322,0.39413198739569943,0.3941319863957005,0.39413199,True,ok,0.7666666666666667,"{""chest<=3"": -4, ""oldpeak<=1.9"": -5, ""thal<=3"": -4}"
x6_wald,visible,heart,4,ok,0.3828,0.356107606733472,0.3561076057334792,0.35610761,True,ok,0.8638888888888888,"{""chest<=3"": -5, ""oldpeak<=0.6"": -4, ""number_of_major_vessels<=0"": -4, ""thal<=3"": -5}"
x6_wald,visible,heart,5,ok,7.4622,0.33644466276027807,0.3364446617602782,0.33644466,True,ok,0.8520833333333333,"{""chest<=3"": -3, ""resting_electrocardiographic_results<=0"": -2, ""oldpeak<=0.6"": -3, ""number_of_major_vessels<=0"": -3, ""thal<=3"": -4}"
x6_wald,visible,heart,7,ok,55.2002,0.31675485937146003,0.0,0.31496988,False,ok,0.8798611111111112,"{""sex=1"": 3, ""chest<=3"": -5, ""serum_cholestoral<=270"": -3, ""oldpeak<=0.6"": -3, ""oldpeak<=1.9"": -4, ""number_of_major_vessels<=0"": -4, ""thal<=3"": -4}"
x6_wald,visible,heart,10,ok,55.2004,0.2791468625811999,0.0,0.27914686,False,ok,0.8062499999999999,"{""age<=60"": -5, ""age<=63"": 5, ""sex=1"": 3, ""chest<=3"": -3, ""serum_cholestoral<=270"": -2, ""resting_electrocardiographic_results<=0"": -2, ""oldpeak<=0.6"": -2, ""oldpeak<=1.9"": -2, ""number_of_major_vessels<=0"": -2, ""thal<=3"": -3}"
x6_wald,visible,ionosphere,3,ok,1.0225,0.28199539974926296,0.28199539874926455,0.2819954,True,ok,0.9139130434782609,"{""a03<=0"": 5, ""a05<=0"": 5, ""a22<=0.82162"": -1}"
x6_wald,visible,ionosphere,4,ok,55.2004,0.2279781518735197,0.0,0.22797815,False,ok,0.9278260869565217,"{""a03<=0"": 5, ""a04<=-0.59677"": 1, ""a05<=0.06704"": 1, ""a06<=-0.23067"": 1}"
x6_wald,visible,ionosphere,5,ok,55.2019,0.20648715366327594,0.0,0.20648715,False,ok,0.9299999999999999,"{""a03<=0"": 5, ""a05<=0.06704"": 4, ""a06<=-0.23067"": 4, ""a06<=0.78579"": -3, ""a22<=-0.03333"": -2}"
x6_wald,visible,ionosphere,7,ok,55.2079,0.14271712498886777,0.0,0.14271712,False,ok,0.9382608695652174,"{""a03<=0"": 5, ""a05<=0"": 5, ""a06<=-0.23067"": 4, ""a07<=0.38431"": 2, ""a22<=-0.03333"": -3, ""a24<=-1"": 4, ""a32<=0.77702"": -2}"
x6_wald,visible,ionosphere,10,ok,55.2344,0.08583886979059814,0.0,0.08583887,False,ok,0.9252173913043477,"{""a03<=0"": 5, ""a05<=0"": 5, ""a06<=-0.23067"": 4, ""a07<=0.38431"": 2, ""a18<=0"": 1, ""a22<=-0.03333"": -3, ""a24<=-1"": 3, ""a29<=0.52798"": 2, ""a32<=0.77702"": -3, ""a33<=0.75115"": -2}"
x6_wald,visible,ilpd,3,ok,0.0738,0.5069721752569345,0.5069721742569353,0.50697218,True,ok,0.7462792345854004,"{""V1<=24"": 1, ""V4<=1"": 2, ""V5<=206"": 1}"
x6_wald,visible,ilpd,4,ok,1.7124,0.49795585352988103,0.4979558525298811,0.49795585,True,ok,0.7829553508150248,"{""V1<=24"": 3, ""V4<=1"": 4, ""V5<=206"": 2, ""V6<=69"": 3}"
x6_wald,visible,ilpd,5,ok,25.4639,0.49203517133424296,0.49203517033424393,0.49203517,True,ok,0.7859673990077959,"{""V1<=24"": 3, ""V1<=66"": 3, ""V4<=1"": 5, ""V5<=206"": 2, ""V6<=69"": 3}"
x6_wald,visible,ilpd,7,ok,55.2004,0.48483984421584536,0.0,0.48346504,False,ok,0.7854358610914246,"{""V1<=24"": 1, ""V1<=60"": -1, ""V1<=66"": 2, ""V4<=1"": 2, ""V4<=4"": 5, ""V5<=206"": 1, ""V6<=69"": 1}"
x6_wald,visible,ilpd,10,ok,55.2019,0.4744057564957534,0.0,0.4735486,False,ok,0.7739192062367115,"{""V1<=24"": 1, ""V1<=66"": 1, ""V4<=0.6"": 1, ""V4<=4"": 5, ""V5<=206"": 1, ""V6<=69"": 1, ""V8<=6.5"": 1, ""V9<=3.1"": -1, ""V9<=4.1"": -1, ""V10<=1.3"": 1}"
x6_wald,visible,magic,3,ok,0.9351,0.47478486756430993,0.47478486656435004,0.47478487,True,ok,0.7965658356370701,"{""fLength:<=106.655"": -5, ""fSize:<=2.42"": -2, ""fAlpha:<=18.205"": -4}"
x6_wald,visible,magic,4,ok,20.0355,0.45620113872765816,0.456201137727653,0.45620114,True,ok,0.8145058563689459,"{""fLength:<=106.655"": -2, ""fSize:<=2.42"": -1, ""fAlpha:<=11.711"": -1, ""fAlpha:<=27.106"": -1}"
x6_wald,visible,magic,5,ok,55.2179,0.44183375620039617,0.0025136748570331784,0.44183376,False,ok,0.8292445077021656,"{""fLength:<=106.655"": -4, ""fWidth:<=11.1267"": 2, ""fSize:<=2.42"": -3, ""fAlpha:<=11.711"": -2, ""fAlpha:<=27.106"": -2}"
x6_wald,visible,magic,7,ok,55.2043,0.41879759785437926,0.0025136748570331784,0.4187976,False,ok,0.8452481964882139,"{""fLength:<=106.655"": -5, ""fWidth:<=11.1267"": 4, ""fWidth:<=39.6681"": -5, ""fSize:<=2.42"": -5, ""fM3Long:<=-34.8805"": 4, ""fAlpha:<=11.711"": -4, ""fAlpha:<=27.106"": -4}"
x6_wald,visible,magic,10,ok,55.2362,0.4020098369768927,0.0025136748570331784,0.40023123,False,ok,0.8539255463172146,"{""fLength:<=46.2915"": -2, ""fLength:<=106.655"": -4, ""fWidth:<=11.1267"": 3, ""fWidth:<=15.1087"": 2, ""fWidth:<=39.6681"": -3, ""fSize:<=2.2844"": -3, ""fSize:<=2.5289"": -3, ""fM3Long:<=-34.8805"": 3, ""fAlpha:<=11.711"": -4, ""fAlpha:<=27.106"": -3}"
x6_wald,visible,haberman,3,ok,0.0132,0.4906198182007443,0.4906198172007446,0.49061982,True,ok,0.6012228260869564,"{""Age_of_patient_at_time_of_operation<=38"": -3, ""Patients_year_of_operation=61"": -4, ""Number_of_positive_axillary_nodes_detected<=4"": -3}"
x6_wald,visible,haberman,4,ok,0.0234,0.4808848365382481,0.480884835538253,0.48088484,True,ok,0.5883152173913043,"{""Age_of_patient_at_time_of_operation<=38"": -3, ""Patients_year_of_operation=65"": 2, ""Patients_year_of_operation=61"": -4, ""Number_of_positive_axillary_nodes_detected<=4"": -3}"
x6_wald,visible,haberman,5,ok,0.087,0.4779456368232793,0.4779456358232852,0.47794564,True,ok,0.563858695652174,"{""Age_of_patient_at_time_of_operation<=38"": -4, ""Patients_year_of_operation=65"": 2, ""Patients_year_of_operation=61"": -5, ""Patients_year_of_operation=63"": -2, ""Number_of_positive_axillary_nodes_detected<=4"": -4}"
x6_wald,visible,haberman,7,ok,1.6921,0.4731003093016757,0.47310030830167554,0.47310031,True,ok,0.626358695652174,"{""Age_of_patient_at_time_of_operation<=38"": -3, ""Patients_year_of_operation=60"": -1, ""Patients_year_of_operation=65"": 2, ""Patients_year_of_operation=61"": -5, ""Patients_year_of_operation=63"": -2, ""Number_of_positive_axillary_nodes_detected<=0"": -1, ""Number_of_positive_axillary_nodes_detected<=4"": -3}"
x6_wald,visible,haberman,10,ok,10.4047,0.46599816819711143,0.46599816719711185,0.46599817,True,ok,0.5957880434782609,"{""Age_of_patient_at_time_of_operation<=38"": -3, ""Age_of_patient_at_time_of_operation<=42"": -2, ""Age_of_patient_at_time_of_operation<=49"": 2, ""Age_of_patient_at_time_of_operation<=58"": -1, ""Patients_year_of_operation=65"": 2, ""Patients_year_of_operation=61"": -5, ""Patients_year_of_operation=63"": -2, ""Patients_year_of_operation=67"": -2, ""Number_of_positive_axillary_nodes_detected<=0"": -1, ""Number_of_positive_axillary_nodes_detected<=4"": -3}"
x6_wald,tiny,syn0,2,ok,0.0108,0.5446817400310768,0.544681739031076,0.544681740031,True,ok,0.7354273023564362,"{""x0"": 3, ""x5"": -3}"
x6_wald,tiny,syn0,3,ok,0.0144,0.517219768730159,0.5172197677301591,0.51721976873,True,ok,0.7913241614029015,"{""x0"": 5, ""x2"": -4, ""x5"": -5}"
x6_wald,tiny,syn1,2,ok,0.0129,0.5424078436161445,0.5424078426161476,0.542407843616,True,ok,0.700215866162979,"{""x0"": 1, ""x5"": 1}"
x6_wald,tiny,syn1,3,ok,0.0115,0.5078273260983516,0.5078273250983512,0.507827326098,True,ok,0.7139773340528872,"{""x0"": 4, ""x5"": 4, ""x7"": 3}"
x6_wald,tiny,syn2,2,ok,0.0098,0.6108453902145077,0.6108453892145087,0.610845390215,True,ok,0.6656700577256607,"{""x4"": 5, ""x8"": -3}"
x6_wald,tiny,syn2,3,ok,0.0186,0.5997197208530549,0.5997197198530531,0.599719720853,True,ok,0.681162796717662,"{""x3"": 2, ""x4"": 5, ""x8"": -3}"
x6_wald,tiny,syn3,2,ok,0.0112,0.5394043667750122,0.5394043657750137,0.539404366775,True,ok,0.7940387195706344,"{""x2"": -1, ""x3"": 1}"
x6_wald,tiny,syn3,3,ok,0.0178,0.4856527251948659,0.4856527241948641,0.485652725195,True,ok,0.8436019606232372,"{""x2"": -1, ""x3"": 1, ""x9"": 1}"
x6_wald,tiny,syn4,2,ok,0.0106,0.6132407316655778,0.6132407306655804,0.613240731666,True,ok,0.6743073576053052,"{""x3"": 5, ""x5"": 4}"
x6_wald,tiny,syn4,3,ok,0.0135,0.5888039988601307,0.5888039978601297,0.58880399886,True,ok,0.7138344997509894,"{""x3"": 5, ""x5"": 4, ""x6"": -4}"
x6_wald,tiny,syn5,2,ok,0.0101,0.49061575337749247,0.49061575237749583,0.490615753377,True,ok,0.7676676570458405,"{""x1"": 3, ""x2"": -1}"
x6_wald,tiny,syn5,3,ok,0.0122,0.48817955613546987,0.48817955513547034,0.488179556135,True,ok,0.7614335738539898,"{""x1"": 5, ""x2"": -2, ""x9"": -1}"
x6_wald,tiny,syn6,2,ok,0.0079,0.14802788113021076,0.14802788013020998,0.14802788113,True,ok,0.6596320346320347,"{""x3"": 1, ""x4"": -1}"
x6_wald,tiny,syn6,3,ok,0.0123,0.13906553782524034,0.13906553682524084,0.139065537825,True,ok,0.751082251082251,"{""x3"": 1, ""x4"": -1, ""x6"": -1}"
x6_wald,tiny,syn7,2,ok,0.0104,0.5015280482234045,0.5015280472234025,0.501528048223,True,ok,0.7189240306819376,"{""x2"": -2, ""x4"": -2}"
x6_wald,tiny,syn7,3,ok,0.0135,0.4854612061587655,0.4854612051587647,0.485461206159,True,ok,0.7386606423592869,"{""x1"": 2, ""x2"": -2, ""x4"": -2}"
x6_wald,tiny,syn8,2,ok,0.011,0.4961153691002832,0.49611536810029333,0.4961153691,True,ok,0.7551558336229869,"{""x2"": -1, ""x6"": 1}"
x6_wald,tiny,syn8,3,ok,0.0137,0.48292494900391036,0.48292494800391034,0.482924949004,True,ok,0.7773288147375739,"{""x2"": -5, ""x4"": 3, ""x6"": 5}"
x6_wald,tiny,syn9,2,ok,0.0084,0.5047078649095531,0.5047078639095538,0.50470786491,True,ok,0.8380513495720869,"{""x6"": -3, ""x9"": 5}"
x6_wald,tiny,syn9,3,ok,0.0163,0.49035443087838726,0.4903544298783877,0.490354430878,True,ok,0.8486668861092825,"{""x1"": 1, ""x6"": -2, ""x9"": 3}"
x6_wald,tiny,syn10,2,ok,0.0102,0.4890810417103373,0.48908104071033753,0.48908104171,True,ok,0.6921452702702702,"{""x2"": -3, ""x3"": -3}"
x6_wald,tiny,syn10,3,ok,0.0147,0.4793160349932964,0.47931603399329464,0.479316034993,True,ok,0.7270660083160083,"{""x0"": 2, ""x2"": -5, ""x3"": -5}"
x6_wald,tiny,syn11,2,ok,0.0068,0.49211041732485106,0.4921104163248581,0.492110417325,True,ok,0.8401988636363635,"{""x6"": 5, ""x9"": 4}"
x6_wald,tiny,syn11,3,ok,0.0096,0.45169452509203867,0.45169452409203936,0.451694525092,True,ok,0.9240056818181819,"{""x1"": 4, ""x6"": 5, ""x9"": 5}"
x6_wald,tiny,adult0,2,ok,0.0088,0.4404415262608285,0.4404415252608286,0.440441526261,True,ok,0.7866125274122807,"{""x0"": 3, ""x5"": -2}"
x6_wald,tiny,adult0,3,ok,0.0114,0.4285576334555465,0.4285576324555462,0.428557633456,True,ok,0.7943393640350878,"{""x0"": 4, ""x5"": -3, ""x9"": 2}"
x6_wald,tiny,adult1,2,ok,0.009,0.4251927761860085,0.42519277518600823,0.425192776186,True,ok,0.746898985745614,"{""x0"": 5, ""x4"": 4}"
x6_wald,tiny,adult1,3,ok,0.0113,0.4104985715595258,0.41049857055952577,0.41049857156,True,ok,0.7788856907894737,"{""x0"": 4, ""x4"": 3, ""x7"": 2}"
x6_wald,tiny,bank0,2,ok,0.0117,0.28737579334064095,0.2873757923406409,0.287375793341,True,ok,0.7791236306729264,"{""x2"": 2, ""x7"": 3}"
x6_wald,tiny,bank0,3,ok,0.0179,0.2824076251922267,0.2824076241922267,0.282407625192,True,ok,0.7864788732394365,"{""x0"": -2, ""x2"": 3, ""x7"": 4}"
x6_wald,tiny,bank1,2,ok,0.0204,0.27445913427890106,0.27445913327890104,0.274459134279,True,ok,0.7549295774647888,"{""x4"": -3, ""x7"": 4}"
x6_wald,tiny,bank1,3,ok,0.0252,0.2649032414829257,0.2649032404829257,0.264903241483,True,ok,0.7729577464788733,"{""x0"": -3, ""x4"": -3, ""x7"": 5}"
x6_wald,tiny,mammo0,2,ok,0.0068,0.4870724927203053,0.4870724917203051,0.48707249272,True,ok,0.7961140335991854,"{""x0"": -5, ""x2"": 2}"
x6_wald,tiny,mammo0,3,ok,0.0088,0.4658357722339051,0.46583577123390496,0.465835772234,True,ok,0.8297980655014423,"{""x0"": -4, ""x1"": 3, ""x2"": 3}"
x6_wald,tiny,mammo1,2,ok,0.0068,0.4870724927203053,0.4870724917203051,0.48707249272,True,ok,0.7961140335991854,"{""x0"": -5, ""x2"": 2}"
x6_wald,tiny,mammo1,3,ok,0.0093,0.4658357722339051,0.46583577123390496,0.465835772234,True,ok,0.8297980655014423,"{""x0"": -4, ""x1"": 3, ""x2"": 3}"
x6_wald,tiny,mushroom0,2,ok,0.0073,0.15339675278235038,0.15339675178235068,0.153396752782,True,ok,0.979049335435909,"{""x1"": 5, ""x6"": -1}"
x6_wald,tiny,mushroom0,3,ok,0.0291,0.11698955207199077,0.11698955107199115,0.116989552072,True,ok,0.989562213711797,"{""x1"": 5, ""x3"": 5, ""x5"": 1}"
x6_wald,tiny,mushroom1,2,ok,0.0073,0.12878025349797625,0.12878025249797626,0.128780253498,True,ok,0.9699757202573152,"{""x1"": 5, ""x5"": 1}"
x6_wald,tiny,mushroom1,3,ok,0.0109,0.10091780231276294,0.10091780131276296,0.100917802313,True,ok,0.9789241821231007,"{""x1"": 5, ""x3"": 5, ""x5"": 1}"
x6_wald,tiny,fico0,2,ok,0.0078,0.5812007447676837,0.5812007437676837,0.581200744768,True,ok,0.7190124999999999,"{""x0"": 5, ""x9"": -3}"
x6_wald,tiny,fico0,3,ok,0.01,0.574847113794094,0.5748471127940941,0.574847113794,True,ok,0.7441125,"{""x0"": 5, ""x4"": 2, ""x9"": -3}"
x6_wald,tiny,fico1,2,ok,0.0081,0.6102008403466027,0.6102008393466026,0.610200840347,True,ok,0.7442,"{""x2"": 5, ""x5"": 4}"
x6_wald,tiny,fico1,3,ok,0.0115,0.6005809873321837,0.6005809863321837,0.600580987332,True,ok,0.76435,"{""x2"": 5, ""x5"": 5, ""x9"": -4}"
x6_wald,tiny,compas0,2,ok,0.0082,0.629996371800631,0.629996370800631,0.629996371801,True,ok,0.7134433962264151,"{""x2"": -4, ""x6"": 3}"
x6_wald,tiny,compas0,3,ok,0.0188,0.6192854625477515,0.6192854615477515,0.619285462548,True,ok,0.7332396627860296,"{""x1"": -3, ""x3"": -4, ""x6"": 4}"
x6_wald,tiny,compas1,2,ok,0.0083,0.6190112288342146,0.6190112278342147,0.619011228834,True,ok,0.6652323364110799,"{""x0"": -4, ""x6"": 3}"
x6_wald,tiny,compas1,3,ok,0.0105,0.6112271865486547,0.6112271855486545,0.611227186549,True,ok,0.6573790646326776,"{""x1"": -3, ""x2"": -4, ""x6"": 4}"
x6_wald,tiny,australian0,2,ok,0.0115,0.3433494648221187,0.34334946382211873,0.343349464822,True,ok,0.8926925608953258,"{""x1"": -5, ""x5"": 2}"
x6_wald,tiny,australian0,3,ok,0.0096,0.3281367559010285,0.3281367549010284,0.328136755901,True,ok,0.8945029624753127,"{""x1"": -5, ""x2"": -2, ""x9"": -2}"
x6_wald,tiny,australian1,2,ok,0.0112,0.3433494648221187,0.34334946382211873,0.343349464822,True,ok,0.8926925608953258,"{""x1"": -5, ""x5"": 2}"
x6_wald,tiny,australian1,3,ok,0.0147,0.3281367559010285,0.3281367549010284,0.328136755901,True,ok,0.8945029624753127,"{""x1"": -5, ""x2"": -2, ""x9"": -2}"
x6_wald,tiny,heart0,2,ok,0.0066,0.39145572741205925,0.39145572641205895,0.391455727412,True,ok,0.725,"{""x0"": -5, ""x2"": -4}"
x6_wald,tiny,heart0,3,ok,0.0097,0.3286332589543534,0.3286332579543534,0.328633258954,True,ok,0.7479166666666667,"{""x0"": -4, ""x2"": -3, ""x5"": -4}"
x6_wald,tiny,heart1,2,ok,0.0069,0.39145572741205925,0.39145572641205895,0.391455727412,True,ok,0.725,"{""x0"": -5, ""x2"": -4}"
x6_wald,tiny,heart1,3,ok,0.0096,0.3286332589543534,0.3286332579543534,0.328633258954,True,ok,0.7479166666666667,"{""x0"": -4, ""x2"": -3, ""x5"": -4}"
x6_wald,tiny,ilpd0,2,ok,0.0066,0.5186090889548504,0.5186090879548725,0.518609088955,True,ok,0.6821448313985627,"{""x2"": 5, ""x6"": 3}"
x6_wald,tiny,ilpd0,3,ok,0.0094,0.5095557789943593,0.5095557779943594,0.509555778994,True,ok,0.6901603095632947,"{""x2"": 1, ""x6"": 1, ""x8"": 5}"
x6_wald,tiny,ilpd1,2,ok,0.0066,0.5186090889548504,0.5186090879548725,0.518609088955,True,ok,0.6821448313985627,"{""x2"": 5, ""x6"": 3}"
x6_wald,tiny,ilpd1,3,ok,0.0149,0.5095557789943593,0.5095557779943594,0.509555778994,True,ok,0.6901603095632947,"{""x2"": 1, ""x6"": 1, ""x8"": 5}"
