model,suite,dataset,k,status,seconds,loss,lower_bound,known,certified,verdict,auc_test,points
exact_v1,visible,adult,3,ok,17.8989,0.40451518177265444,0.4045151807726544,0.40451518,True,ok,0.8246348665670107,"{""HSDiploma"": -2, ""NoHS"": -4, ""Married"": 4}"
exact_v1,visible,adult,4,ok,54.0015,0.3881656387542517,0.1848817639500077,0.38816564,False,ok,0.8444253261870338,"{""HSDiploma"": -2, ""NoHS"": -4, ""Married"": 4, ""AnyCapitalGains"": 3}"
exact_v1,visible,adult,5,ok,0.0782,0.37728155038497213,0.1848817639500077,0.37728155,False,ok,0.8586250083143998,"{""Age_22_to_29"": -2, ""HSDiploma"": -2, ""NoHS"": -4, ""Married"": 4, ""AnyCapitalGains"": 3}"
exact_v1,visible,adult,7,ok,0.1035,0.3632879178831039,0.1848817639500077,0.36328792,False,ok,0.8706296888839099,"{""Age_22_to_29"": -3, ""HSDiploma"": -3, ""NoHS"": -5, ""JobManagerial"": 2, ""Married"": 5, ""WorkHrsPerWeek_lt_40"": -2, ""AnyCapitalGains"": 4}"
exact_v1,visible,adult,10,ok,0.1678,0.35342272575902606,0.1848817639500077,0.35342273,False,ok,0.8826068006539496,"{""Age_30_to_44"": 3, ""Age_45_to_59"": 4, ""Age_geq_60"": 3, ""HSDiploma"": -3, ""NoHS"": -5, ""JobManagerial"": 2, ""Married"": 5, ""WorkHrsPerWeek_lt_40"": -2, ""AnyCapitalGains"": 4, ""AnyCapitalLoss"": 3}"
exact_v1,visible,bank,3,ok,54.0043,0.28398526050475853,0.01825910331266164,0.28398526,False,ok,0.7726779284896623,"{""call_in_Q2"": -1, ""calls_b4_campaign_successful"": 2, ""emp_var_rate_lt_n1"": 2}"
exact_v1,visible,bank,4,ok,0.1306,0.28178061505771845,0.01825910331266164,0.28178062,False,ok,0.7779411200429753,"{""call_in_Q2"": -2, ""calls_b4_campaign_successful"": 3, ""cons_price_idx_geq_93_5"": 1, ""euribor3m_geq_300"": -4}"
exact_v1,visible,bank,5,ok,0.1396,0.2808465895282374,0.01825910331266164,0.28084659,False,ok,0.7830979925688596,"{""call_in_Q2"": -2, ""called_before"": 3, ""calls_b4_campaign_failed"": -1, ""emp_var_rate_lt_n1"": 4, ""cons_price_idx_geq_93_5"": 1}"
exact_v1,visible,bank,7,ok,0.1613,0.27923804198746716,0.01825910331266164,0.27923804,False,ok,0.7830508284890227,"{""age_ge_60"": 1, ""job_blue_collar"": -1, ""call_in_Q2"": -2, ""calls_b4_campaign_failed"": -1, ""calls_b4_campaign_successful"": 3, ""emp_var_rate_lt_n1"": 5, ""cons_price_idx_geq_93_5"": 1}"
exact_v1,visible,bank,10,ok,0.2072,0.2780978603622512,0.01825910331266164,0.27791022,False,ok,0.7790882463915483,"{""age_ge_60"": 2, ""job_student"": 1, ""job_blue_collar"": -1, ""credit_is_or_may_be_in_default"": -1, ""call_in_Q1"": 1, ""call_in_Q2"": -2, ""any_prior_calls_b4_campaign"": -1, ""calls_b4_campaign_successful"": 5, ""nr_employed_gt_5100"": -5, ""cons_price_idx_geq_93_5"": 1}"
exact_v1,visible,breastcancer,3,ok,54.2717,0.0892270617348029,0.0,0.08922706,False,ok,0.9878277153558053,"{""ClumpThickness"": 3, ""UniformityOfCellSize"": 5, ""BareNuclei"": 3}"
exact_v1,visible,breastcancer,4,over_limit,81.8668,0.07846697475234178,0.0,0.07846697,False,ok,0.9898174157303371,"{""ClumpThickness"": 4, ""UniformityOfCellSize"": 5, ""BareNuclei"": 3, ""BlandChromatin"": 4}"
exact_v1,visible,breastcancer,5,ok,0.05,0.07315003724742207,0.0,0.07315004,False,ok,0.9918071161048689,"{""ClumpThickness"": 3, ""UniformityOfCellShape"": 4, ""MarginalAdhesion"": 2, ""BareNuclei"": 2, ""BlandChromatin"": 4}"
exact_v1,visible,breastcancer,7,ok,0.0655,0.06746347532828346,0.0,0.06746348,False,ok,0.992626404494382,"{""ClumpThickness"": 4, ""UniformityOfCellShape"": 4, ""MarginalAdhesion"": 3, ""BareNuclei"": 3, ""BlandChromatin"": 5, ""NormalNucleoli"": 2, ""Mitoses"": 3}"
exact_v1,visible,breastcancer,10,ok,0.0322,0.06592425084343989,0.0,0.06592425,False,ok,0.9915730337078652,"{""ClumpThickness"": 3, ""UniformityOfCellSize"": 1, ""UniformityOfCellShape"": 2, ""MarginalAdhesion"": 2, ""SingleEpithelialCellSize"": 1, ""BareNuclei"": 2, ""BlandChromatin"": 4, ""NormalNucleoli"": 1, ""Mitoses"": 2}"
exact_v1,visible,mammo,3,ok,0.1197,0.472334615836568,0.47233461483656797,0.47233462,True,ok,0.8532843560933447,"{""IrregularShape"": 4, ""CircumscribedMargin"": -5, ""Age_geq_60"": 3}"
exact_v1,visible,mammo,4,ok,31.9311,0.46720671586568163,0.46720671486568155,0.46720672,True,ok,0.8571197061365601,"{""IrregularShape"": 3, ""CircumscribedMargin"": -4, ""SpiculatedMargin"": 2, ""Age_geq_60"": 3}"
exact_v1,visible,mammo,5,ok,0.0168,0.4637046145587998,0.3936466468785674,0.46370461,False,ok,0.8565795159896282,"{""IrregularShape"": 3, ""CircumscribedMargin"": -4, ""SpiculatedMargin"": 2, ""Age_lt_30"": -5, ""Age_geq_60"": 3}"
exact_v1,visible,mammo,7,ok,0.0233,0.4596394638394721,0.3936466468785674,0.45928719,False,ok,0.853338375108038,"{""LobularShape"": 1, ""IrregularShape"": 3, ""CircumscribedMargin"": -3, ""ObscuredMargin"": -1, ""SpiculatedMargin"": 1, ""Age_lt_30"": -5, ""Age_geq_60"": 2}"
exact_v1,visible,mammo,10,ok,0.0503,0.45898550078264755,0.3936466468785674,0.45827677,False,ok,0.8479364736387208,"{""RoundShape"": 1, ""LobularShape"": 1, ""IrregularShape"": 3, ""CircumscribedMargin"": -3, ""ObscuredMargin"": -1, ""SpiculatedMargin"": 1, ""Age_lt_30"": -5, ""Age_geq_30"": 5, ""Age_geq_60"": 2}"
exact_v1,visible,mushroom,3,ok,54.0042,0.06494475825921053,0.0,0.06494476,False,ok,0.9879991384619118,"{""odor_eq_almond"": -2, ""odor_eq_anise"": -2, ""odor_eq_none"": -1}"
exact_v1,visible,mushroom,4,ok,0.1681,0.03151661237198366,0.0,0.03151661,False,ok,0.9953040107024872,"{""odor_eq_almond"": -5, ""odor_eq_anise"": -5, ""odor_eq_none"": -4, ""spore_print_color_eq_green"": 4}"
exact_v1,visible,mushroom,5,ok,0.1627,0.009137783224568645,0.0,0.00913778,False,ok,0.9978992425138711,"{""odor_eq_almond"": -5, ""odor_eq_anise"": -5, ""odor_eq_none"": -3, ""stalk_surface_below_ring_eq_scaly"": 1, ""spore_print_color_eq_green"": 5}"
exact_v1,visible,mushroom,7,ok,0.2795,3.8593243796512854e-13,0.0,0.0,True,ok,1.0,"{""odor_eq_almond"": -5, ""odor_eq_anise"": -5, ""odor_eq_none"": -4, ""gill_size_eq_narrow"": 2, ""stalk_surface_below_ring_eq_scaly"": 2, ""spore_print_color_eq_green"": 5, ""population_eq_clustered"": 2}"
exact_v1,visible,mushroom,10,ok,0.2173,6.537876176643081e-13,0.0,0.0,True,ok,1.0,"{""odor_eq_almond"": -5, ""odor_eq_anise"": -5, ""odor_eq_none"": -2, ""odor_eq_foul"": 2, ""gill_size_eq_narrow"": 1, ""gill_color_eq_buff"": 2, ""stalk_root_eq_rooted"": -2, ""stalk_surface_below_ring_eq_scaly"": 1, ""spore_print_color_eq_green"": 3, ""population_eq_clustered"": 1}"
exact_v1,visible,spambase,3,over_limit,60.3232,0.39815962909806096,0.0007534208484347232,0.39815963,False,ok,0.9099425338428271,"{""WordFreqRemove"": 2, ""WordFreqHP"": -1, ""CharFreqDollarSign"": 4}"
exact_v1,visible,spambase,4,ok,0.3315,0.36266309545965447,0.0007534208484347232,0.3626631,False,ok,0.9289029098413264,"{""WordFreqRemove"": 2, ""WordFreqHP"": -1, ""WordFreqGeorge"": -2, ""CharFreqDollarSign"": 4}"
exact_v1,visible,spambase,5,ok,0.5594,0.3360455337893006,0.0007534208484347232,0.33604553,False,ok,0.9378141137671929,"{""WordFreqRemove"": 2, ""WordFreqHP"": -1, ""WordFreqGeorge"": -3, ""WordFreqEDU"": -1, ""CharFreqDollarSign"": 4}"
exact_v1,visible,spambase,7,ok,0.8541,0.2981260710383189,0.0007534208484347232,0.29812607,False,ok,0.9548762305360545,"{""WordFreqRemove"": 3, ""WordFreqFree"": 1, ""WordFreq0"": 3, ""WordFreqHP"": -2, ""WordFreqGeorge"": -4, ""WordFreqEDU"": -2, ""CharFreqDollarSign"": 5}"
exact_v1,visible,spambase,10,ok,1.2898,0.2660206809736392,0.0007534208484347232,0.26602068,False,ok,0.9623631229203078,"{""WordFreqRemove"": 3, ""WordFreqFree"": 1, ""WordFreqBusiness"": 1, ""WordFreq0"": 3, ""WordFreqHP"": -2, ""WordFreqGeorge"": -4, ""WordFreqMeeting"": -2, ""WordFreqEDU"": -2, ""CharFreqExcalamationMark"": 1, ""CharFreqDollarSign"": 5}"
exact_v1,visible,fico,3,ok,0.1859,0.5918556511470763,0.039195016376946085,0.59185565,False,ok,0.7414784999999999,"{""ExternalRiskEstimate<=68"": 5, ""ExternalRiskEstimate<=78"": 4, ""MSinceMostRecentInqexcl7days<=-8"": -4}"
exact_v1,visible,fico,4,ok,0.264,0.5785394194171956,0.039195016376946085,0.57853942,False,ok,0.763808,"{""ExternalRiskEstimate<=68"": 5, ""ExternalRiskEstimate<=78"": 4, ""MSinceMostRecentInqexcl7days<=-8"": -5, ""MSinceMostRecentInqexcl7days<=0"": 3}"
exact_v1,visible,fico,5,ok,0.1927,0.5695292740873528,0.039195016376946085,0.56952927,False,ok,0.767671,"{""ExternalRiskEstimate<=68"": 3, ""ExternalRiskEstimate<=78"": 3, ""NumSatisfactoryTrades<=13"": 2, ""MSinceMostRecentInqexcl7days<=-8"": -5, ""MSinceMostRecentInqexcl7days<=0"": 2}"
exact_v1,visible,fico,7,ok,0.2289,0.5605509559011824,0.039195016376946085,0.56055096,False,ok,0.7739745,"{""ExternalRiskEstimate<=68"": 3, ""ExternalRiskEstimate<=78"": 3, ""AverageMInFile<=67"": 1, ""NumSatisfactoryTrades<=13"": 2, ""MSinceMostRecentInqexcl7days<=-8"": -5, ""MSinceMostRecentInqexcl7days<=0"": 2, ""NetFractionRevolvingBurden<=59"": -2}"
exact_v1,visible,fico,10,ok,0.2936,0.554169616008486,0.039195016376946085,0.55416962,False,ok,0.7808244999999999,"{""ExternalRiskEstimate<=68"": 2, ""ExternalRiskEstimate<=78"": 2, ""AverageMInFile<=58"": 2, ""NumSatisfactoryTrades<=13"": 2, ""PercentTradesNeverDelq<=96"": 2, ""MSinceMostRecentDelq<=20"": 1, ""MSinceMostRecentInqexcl7days<=-8"": -5, ""MSinceMostRecentInqexcl7days<=0"": 2, ""NetFractionRevolvingBurden<=35"": -1, ""NetFractionRevolvingBurden<=59"": -2}"
exact_v1,visible,compas,3,ok,3.137,0.6225382115397334,0.6225382105397335,0.62253821,True,ok,0.7012972288111494,"{""age<=29"": 4, ""priors_count<=1"": -4, ""priors_count<=6"": -5}"
exact_v1,visible,compas,4,ok,31.0838,0.6157965848787171,0.6157965838787169,0.61579658,True,ok,0.7252711258607099,"{""age<=22"": -3, ""age<=34"": -3, ""priors_count<=1"": 4, ""priors_count<=6"": 4}"
exact_v1,visible,compas,5,ok,0.034,0.6121183269701487,0.4817657169969876,0.61211833,False,ok,0.7304002908326525,"{""age<=22"": 4, ""age<=34"": 4, ""priors_count<=0"": -3, ""priors_count<=2"": -4, ""priors_count<=6"": -4}"
exact_v1,visible,compas,7,ok,0.0456,0.6082265159549372,0.4817657169969876,0.60822652,False,ok,0.7296174182843033,"{""age<=22"": 4, ""age<=29"": 3, ""age<=39"": 3, ""juv_other_count<=0"": -3, ""priors_count<=0"": -3, ""priors_count<=2"": -5, ""priors_count<=6"": -5}"
exact_v1,visible,compas,10,ok,0.0688,0.6055605523836098,0.4817657169969876,0.60556055,False,ok,0.7378078848763421,"{""sex=1"": 2, ""age<=22"": 4, ""age<=29"": 2, ""age<=34"": 2, ""age<=45"": 2, ""juv_other_count<=0"": -3, ""priors_count<=0"": -2, ""priors_count<=1"": -2, ""priors_count<=2"": -4, ""priors_count<=6"": -5}"
exact_v1,visible,australian,3,ok,47.1568,0.3379872507337162,0.3379872497337162,0.33798725,True,ok,0.8915265062806046,"{""A8=0"": -5, ""A10<=1"": -2, ""A14<=126"": -2}"
exact_v1,visible,australian,4,ok,0.0215,0.3266563195115297,0.0,0.32665632,False,ok,0.9259101554183522,"{""A3<=13"": 2, ""A8=1"": 5, ""A10<=1"": -2, ""A14<=126"": -2}"
exact_v1,visible,australian,5,ok,0.0167,0.31742251989231884,0.0,0.31742252,False,ok,0.944113263785395,"{""A3<=13"": 3, ""A7<=26"": -1, ""A8=1"": 5, ""A10<=3"": -2, ""A14<=87"": -2}"
exact_v1,visible,australian,7,ok,0.0252,0.3038390458122755,0.0,0.30383905,False,ok,0.9490100063870556,"{""A3<=13"": 3, ""A3<=89"": -1, ""A5=14"": 3, ""A7<=26"": -1, ""A8=0"": -5, ""A10<=3"": -2, ""A14<=87"": -2}"
exact_v1,visible,australian,10,ok,0.0806,0.2899933849774524,0.0,0.28999338,False,ok,0.9367681498829039,"{""A3<=13"": 3, ""A3<=89"": -1, ""A4=2"": 1, ""A5=1"": -2, ""A5=14"": 3, ""A6=5"": -2, ""A7<=26"": -1, ""A8=1"": 5, ""A10<=3"": -2, ""A14<=87"": -2}"
exact_v1,visible,heart,3,ok,4.2721,0.39413198739569943,0.3941319863956993,0.39413199,True,ok,0.7666666666666667,"{""chest<=3"": -4, ""oldpeak<=1.9"": -5, ""thal<=3"": -4}"
exact_v1,visible,heart,4,ok,0.0153,0.356107606733472,0.0,0.35610761,False,ok,0.8638888888888888,"{""chest<=3"": -5, ""oldpeak<=0.6"": -4, ""number_of_major_vessels<=0"": -4, ""thal<=3"": -5}"
exact_v1,visible,heart,5,ok,0.0229,0.33644466276027807,0.0,0.33644466,False,ok,0.8520833333333333,"{""chest<=3"": -3, ""resting_electrocardiographic_results<=0"": -2, ""oldpeak<=0.6"": -3, ""number_of_major_vessels<=0"": -3, ""thal<=3"": -4}"
exact_v1,visible,heart,7,ok,0.0374,0.31675485937146003,0.0,0.31496988,False,ok,0.8798611111111112,"{""sex=1"": 3, ""chest<=3"": -5, ""serum_cholestoral<=270"": -3, ""oldpeak<=0.6"": -3, ""oldpeak<=1.9"": -4, ""number_of_major_vessels<=0"": -4, ""thal<=3"": -4}"
exact_v1,visible,heart,10,ok,0.0533,0.2791468625811999,0.0,0.27914686,False,ok,0.8062499999999999,"{""age<=60"": -5, ""age<=63"": 5, ""sex=1"": 3, ""chest<=3"": -3, ""serum_cholestoral<=270"": -2, ""resting_electrocardiographic_results<=0"": -2, ""oldpeak<=0.6"": -2, ""oldpeak<=1.9"": -2, ""number_of_major_vessels<=0"": -2, ""thal<=3"": -3}"
exact_v1,visible,ionosphere,3,ok,0.012,0.28199539974926296,0.0,0.2819954,False,ok,0.9139130434782609,"{""a03<=0"": 5, ""a05<=0"": 5, ""a22<=0.82162"": -1}"
exact_v1,visible,ionosphere,4,ok,0.0152,0.2279781518735197,0.0,0.22797815,False,ok,0.9278260869565217,"{""a03<=0"": 5, ""a04<=-0.59677"": 1, ""a05<=0.06704"": 1, ""a06<=-0.23067"": 1}"
exact_v1,visible,ionosphere,5,ok,0.0294,0.20648715366327594,0.0,0.20648715,False,ok,0.9299999999999999,"{""a03<=0"": 5, ""a05<=0.06704"": 4, ""a06<=-0.23067"": 4, ""a06<=0.78579"": -3, ""a22<=-0.03333"": -2}"
exact_v1,visible,ionosphere,7,ok,0.0351,0.14271712498886777,0.0,0.14271712,False,ok,0.9382608695652174,"{""a03<=0"": 5, ""a05<=0"": 5, ""a06<=-0.23067"": 4, ""a07<=0.38431"": 2, ""a22<=-0.03333"": -3, ""a24<=-1"": 4, ""a32<=0.77702"": -2}"
exact_v1,visible,ionosphere,10,ok,0.0654,0.08583886979059814,0.0,0.08583887,False,ok,0.9252173913043477,"{""a03<=0"": 5, ""a05<=0"": 5, ""a06<=-0.23067"": 4, ""a07<=0.38431"": 2, ""a18<=0"": 1, ""a22<=-0.03333"": -3, ""a24<=-1"": 3, ""a29<=0.52798"": 2, ""a32<=0.77702"": -3, ""a33<=0.75115"": -2}"
exact_v1,visible,ilpd,3,ok,22.8574,0.5069721752569345,0.5069721742569345,0.50697218,True,ok,0.7462792345854004,"{""V1<=24"": 1, ""V4<=1"": 2, ""V5<=206"": 1}"
exact_v1,visible,ilpd,4,ok,0.0129,0.49795585352988103,0.0,0.49795585,False,ok,0.7829553508150248,"{""V1<=24"": 3, ""V4<=1"": 4, ""V5<=206"": 2, ""V6<=69"": 3}"
exact_v1,visible,ilpd,5,ok,0.0247,0.49203517133424296,0.0,0.49203517,False,ok,0.7859673990077959,"{""V1<=24"": 3, ""V1<=66"": 3, ""V4<=1"": 5, ""V5<=206"": 2, ""V6<=69"": 3}"
exact_v1,visible,ilpd,7,ok,0.0274,0.48483984421584536,0.0,0.48346504,False,ok,0.7854358610914246,"{""V1<=24"": 1, ""V1<=60"": -1, ""V1<=66"": 2, ""V4<=1"": 2, ""V4<=4"": 5, ""V5<=206"": 1, ""V6<=69"": 1}"
exact_v1,visible,ilpd,10,ok,0.0494,0.4744057564957534,0.0,0.4735486,False,ok,0.7739192062367115,"{""V1<=24"": 1, ""V1<=66"": 1, ""V4<=0.6"": 1, ""V4<=4"": 5, ""V5<=206"": 1, ""V6<=69"": 1, ""V8<=6.5"": 1, ""V9<=3.1"": -1, ""V9<=4.1"": -1, ""V10<=1.3"": 1}"
exact_v1,visible,magic,3,ok,54.0056,0.47478486756430993,0.0025136748570331784,0.47478487,False,ok,0.7965658356370701,"{""fLength:<=106.655"": -5, ""fSize:<=2.42"": -2, ""fAlpha:<=18.205"": -4}"
exact_v1,visible,magic,4,ok,0.1902,0.45620113872765816,0.0025136748570331784,0.45620114,False,ok,0.8145058563689459,"{""fLength:<=106.655"": -2, ""fSize:<=2.42"": -1, ""fAlpha:<=11.711"": -1, ""fAlpha:<=27.106"": -1}"
exact_v1,visible,magic,5,ok,0.2969,0.44183375620039617,0.0025136748570331784,0.44183376,False,ok,0.8292445077021656,"{""fLength:<=106.655"": -4, ""fWidth:<=11.1267"": 2, ""fSize:<=2.42"": -3, ""fAlpha:<=11.711"": -2, ""fAlpha:<=27.106"": -2}"
exact_v1,visible,magic,7,ok,0.2387,0.41879759785437926,0.0025136748570331784,0.4187976,False,ok,0.8452481964882139,"{""fLength:<=106.655"": -5, ""fWidth:<=11.1267"": 4, ""fWidth:<=39.6681"": -5, ""fSize:<=2.42"": -5, ""fM3Long:<=-34.8805"": 4, ""fAlpha:<=11.711"": -4, ""fAlpha:<=27.106"": -4}"
exact_v1,visible,magic,10,ok,0.3093,0.4020098369768927,0.0025136748570331784,0.40023123,False,ok,0.8539255463172146,"{""fLength:<=46.2915"": -2, ""fLength:<=106.655"": -4, ""fWidth:<=11.1267"": 3, ""fWidth:<=15.1087"": 2, ""fWidth:<=39.6681"": -3, ""fSize:<=2.2844"": -3, ""fSize:<=2.5289"": -3, ""fM3Long:<=-34.8805"": 3, ""fAlpha:<=11.711"": -4, ""fAlpha:<=27.106"": -3}"
exact_v1,visible,haberman,3,ok,0.5534,0.4906198182007443,0.4906198172007442,0.49061982,True,ok,0.6012228260869564,"{""Age_of_patient_at_time_of_operation<=38"": -3, ""Patients_year_of_operation=61"": -4, ""Number_of_positive_axillary_nodes_detected<=4"": -3}"
exact_v1,visible,haberman,4,ok,54.1524,0.4808848365382481,0.08736747360886436,0.48088484,False,ok,0.5883152173913043,"{""Age_of_patient_at_time_of_operation<=38"": -3, ""Patients_year_of_operation=65"": 2, ""Patients_year_of_operation=61"": -4, ""Number_of_positive_axillary_nodes_detected<=4"": -3}"
exact_v1,visible,haberman,5,ok,0.0146,0.4779456368232793,0.08736747360886436,0.47794564,False,ok,0.563858695652174,"{""Age_of_patient_at_time_of_operation<=38"": -4, ""Patients_year_of_operation=65"": 2, ""Patients_year_of_operation=61"": -5, ""Patients_year_of_operation=63"": -2, ""Number_of_positive_axillary_nodes_detected<=4"": -4}"
exact_v1,visible,haberman,7,ok,0.0217,0.4731003093016757,0.08736747360886436,0.47310031,False,ok,0.626358695652174,"{""Age_of_patient_at_time_of_operation<=38"": -3, ""Patients_year_of_operation=60"": -1, ""Patients_year_of_operation=65"": 2, ""Patients_year_of_operation=61"": -5, ""Patients_year_of_operation=63"": -2, ""Number_of_positive_axillary_nodes_detected<=0"": -1, ""Number_of_positive_axillary_nodes_detected<=4"": -3}"
exact_v1,visible,haberman,10,ok,0.0388,0.46599816819711143,0.08736747360886436,0.46599817,False,ok,0.5957880434782609,"{""Age_of_patient_at_time_of_operation<=38"": -3, ""Age_of_patient_at_time_of_operation<=42"": -2, ""Age_of_patient_at_time_of_operation<=49"": 2, ""Age_of_patient_at_time_of_operation<=58"": -1, ""Patients_year_of_operation=65"": 2, ""Patients_year_of_operation=61"": -5, ""Patients_year_of_operation=63"": -2, ""Patients_year_of_operation=67"": -2, ""Number_of_positive_axillary_nodes_detected<=0"": -1, ""Number_of_positive_axillary_nodes_detected<=4"": -3}"
exact_v1,tiny,syn0,2,ok,0.039,0.5446817400310768,0.5446817390310768,0.544681740031,True,ok,0.7354273023564362,"{""x0"": 3, ""x5"": -3}"
exact_v1,tiny,syn0,3,ok,0.0994,0.517219768730159,0.517219767730159,0.51721976873,True,ok,0.7913241614029015,"{""x0"": 5, ""x2"": -4, ""x5"": -5}"
exact_v1,tiny,syn1,2,ok,0.0176,0.5424078436161445,0.5424078426161445,0.542407843616,True,ok,0.700215866162979,"{""x0"": 1, ""x5"": 1}"
exact_v1,tiny,syn1,3,ok,0.2824,0.5078273260983516,0.5078273250983516,0.507827326098,True,ok,0.7139773340528872,"{""x0"": 4, ""x5"": 4, ""x7"": 3}"
exact_v1,tiny,syn2,2,ok,0.0349,0.6108453902145077,0.6108453892145077,0.610845390215,True,ok,0.6656700577256607,"{""x4"": 5, ""x8"": -3}"
exact_v1,tiny,syn2,3,ok,0.089,0.5997197208530549,0.5997197198530549,0.599719720853,True,ok,0.681162796717662,"{""x3"": 2, ""x4"": 5, ""x8"": -3}"
exact_v1,tiny,syn3,2,ok,0.0237,0.5394043667750122,0.5394043657750123,0.539404366775,True,ok,0.7940387195706344,"{""x2"": -1, ""x3"": 1}"
exact_v1,tiny,syn3,3,ok,0.0916,0.4856527251948659,0.4856527241948657,0.485652725195,True,ok,0.8436019606232372,"{""x2"": -1, ""x3"": 1, ""x9"": 1}"
exact_v1,tiny,syn4,2,ok,0.036,0.6132407316655778,0.6132407306655777,0.613240731666,True,ok,0.6743073576053052,"{""x3"": 5, ""x5"": 4}"
exact_v1,tiny,syn4,3,ok,0.1693,0.5888039988601307,0.5888039978601306,0.58880399886,True,ok,0.7138344997509894,"{""x3"": 5, ""x5"": 4, ""x6"": -4}"
exact_v1,tiny,syn5,2,ok,0.0217,0.49061575337749247,0.49061575237749244,0.490615753377,True,ok,0.7676676570458405,"{""x1"": 3, ""x2"": -1}"
exact_v1,tiny,syn5,3,ok,0.174,0.48817955613546987,0.48817955513546973,0.488179556135,True,ok,0.7614335738539898,"{""x1"": 5, ""x2"": -2, ""x9"": -1}"
exact_v1,tiny,syn6,2,ok,0.0154,0.14802788113021076,0.14802788013021076,0.14802788113,True,ok,0.6596320346320347,"{""x3"": 1, ""x4"": -1}"
exact_v1,tiny,syn6,3,ok,0.1948,0.13906553782524034,0.1390655368252403,0.139065537825,True,ok,0.751082251082251,"{""x3"": 1, ""x4"": -1, ""x6"": -1}"
exact_v1,tiny,syn7,2,ok,0.0202,0.5015280482234045,0.5015280472234043,0.501528048223,True,ok,0.7189240306819376,"{""x2"": -2, ""x4"": -2}"
exact_v1,tiny,syn7,3,ok,0.075,0.4854612061587655,0.48546120515876545,0.485461206159,True,ok,0.7386606423592869,"{""x1"": 2, ""x2"": -2, ""x4"": -2}"
exact_v1,tiny,syn8,2,ok,0.0214,0.4961153691002832,0.49611536810028306,0.4961153691,True,ok,0.7551558336229869,"{""x2"": -1, ""x6"": 1}"
exact_v1,tiny,syn8,3,ok,0.158,0.48292494900391036,0.4829249480039102,0.482924949004,True,ok,0.7773288147375739,"{""x2"": -5, ""x4"": 3, ""x6"": 5}"
exact_v1,tiny,syn9,2,ok,0.0211,0.5047078649095531,0.504707863909553,0.50470786491,True,ok,0.8380513495720869,"{""x6"": -3, ""x9"": 5}"
exact_v1,tiny,syn9,3,ok,0.1392,0.49035443087838726,0.4903544298783873,0.490354430878,True,ok,0.8486668861092825,"{""x1"": 1, ""x6"": -2, ""x9"": 3}"
exact_v1,tiny,syn10,2,ok,0.0303,0.4890810417103373,0.4890810407103371,0.48908104171,True,ok,0.6921452702702702,"{""x2"": -3, ""x3"": -3}"
exact_v1,tiny,syn10,3,ok,0.156,0.4793160349932964,0.47931603399329636,0.479316034993,True,ok,0.7270660083160083,"{""x0"": 2, ""x2"": -5, ""x3"": -5}"
exact_v1,tiny,syn11,2,ok,0.01,0.49211041732485106,0.49211041632485103,0.492110417325,True,ok,0.8401988636363635,"{""x6"": 5, ""x9"": 4}"
exact_v1,tiny,syn11,3,ok,0.0543,0.45169452509203867,0.4516945240920387,0.451694525092,True,ok,0.9240056818181819,"{""x1"": 4, ""x6"": 5, ""x9"": 5}"
exact_v1,tiny,adult0,2,ok,0.0223,0.4404415262608285,0.44044152526082847,0.440441526261,True,ok,0.7866125274122807,"{""x0"": 3, ""x5"": -2}"
exact_v1,tiny,adult0,3,ok,0.1931,0.4285576334555465,0.42855763245554646,0.428557633456,True,ok,0.7943393640350878,"{""x0"": 4, ""x5"": -3, ""x9"": 2}"
exact_v1,tiny,adult1,2,ok,0.0216,0.4251927761860085,0.42519277518600834,0.425192776186,True,ok,0.746898985745614,"{""x0"": 5, ""x4"": 4}"
exact_v1,tiny,adult1,3,ok,0.0491,0.4104985715595258,0.4104985705595257,0.41049857156,True,ok,0.7788856907894737,"{""x0"": 4, ""x4"": 3, ""x7"": 2}"
exact_v1,tiny,bank0,2,ok,0.038,0.28737579334064095,0.28737579234064087,0.287375793341,True,ok,0.7791236306729264,"{""x2"": 2, ""x7"": 3}"
exact_v1,tiny,bank0,3,ok,0.4941,0.2824076251922267,0.2824076241922266,0.282407625192,True,ok,0.7864788732394365,"{""x0"": -2, ""x2"": 3, ""x7"": 4}"
exact_v1,tiny,bank1,2,ok,0.0231,0.27445913427890106,0.27445913327890104,0.274459134279,True,ok,0.7549295774647888,"{""x1"": -3, ""x7"": -4}"
exact_v1,tiny,bank1,3,ok,0.4228,0.2649032414829257,0.2649032404829257,0.264903241483,True,ok,0.7729577464788733,"{""x0"": -3, ""x4"": -3, ""x7"": 5}"
exact_v1,tiny,mammo0,2,ok,0.0104,0.4870724927203053,0.48707249172030526,0.48707249272,True,ok,0.7961140335991854,"{""x0"": -5, ""x2"": 2}"
exact_v1,tiny,mammo0,3,ok,0.1138,0.4658357722339051,0.46583577123390496,0.465835772234,True,ok,0.8297980655014423,"{""x0"": -4, ""x1"": 3, ""x2"": 3}"
exact_v1,tiny,mammo1,2,ok,0.0122,0.4870724927203053,0.48707249172030526,0.48707249272,True,ok,0.7961140335991854,"{""x0"": -5, ""x2"": 2}"
exact_v1,tiny,mammo1,3,ok,0.1077,0.4658357722339051,0.46583577123390496,0.465835772234,True,ok,0.8297980655014423,"{""x0"": -4, ""x1"": 3, ""x2"": 3}"
exact_v1,tiny,mushroom0,2,ok,0.0099,0.15339675278235038,0.15339675178235035,0.153396752782,True,ok,0.979049335435909,"{""x1"": 5, ""x6"": -1}"
exact_v1,tiny,mushroom0,3,ok,2.161,0.11698955207199077,0.11698955107199076,0.116989552072,True,ok,0.989562213711797,"{""x1"": -5, ""x3"": -5, ""x5"": -1}"
exact_v1,tiny,mushroom1,2,ok,0.0152,0.12878025349797625,0.12878025249797626,0.128780253498,True,ok,0.9699757202573152,"{""x1"": 5, ""x5"": 1}"
exact_v1,tiny,mushroom1,3,ok,2.6121,0.10091780231276294,0.10091780131276294,0.100917802313,True,ok,0.9789241821231007,"{""x1"": 5, ""x3"": 5, ""x5"": 1}"
exact_v1,tiny,fico0,2,ok,0.0098,0.5812007447676837,0.5812007437676837,0.581200744768,True,ok,0.7190124999999999,"{""x0"": 5, ""x9"": -3}"
exact_v1,tiny,fico0,3,ok,0.1033,0.574847113794094,0.5748471127940941,0.574847113794,True,ok,0.7441125,"{""x0"": 5, ""x4"": 2, ""x9"": -3}"
exact_v1,tiny,fico1,2,ok,0.0118,0.6102008403466027,0.6102008393466027,0.610200840347,True,ok,0.7442,"{""x2"": 5, ""x5"": 4}"
exact_v1,tiny,fico1,3,ok,0.0715,0.6005809873321837,0.6005809863321837,0.600580987332,True,ok,0.76435,"{""x2"": 5, ""x5"": 5, ""x9"": -4}"
exact_v1,tiny,compas0,2,ok,0.019,0.629996371800631,0.629996370800631,0.629996371801,True,ok,0.7134433962264151,"{""x2"": -4, ""x6"": 3}"
exact_v1,tiny,compas0,3,ok,0.0435,0.6192854625477515,0.6192854615477515,0.619285462548,True,ok,0.7332396627860296,"{""x1"": -3, ""x3"": -4, ""x6"": 4}"
exact_v1,tiny,compas1,2,ok,0.0166,0.6190112288342146,0.6190112278342145,0.619011228834,True,ok,0.6652323364110799,"{""x0"": -4, ""x6"": 3}"
exact_v1,tiny,compas1,3,ok,0.0451,0.6112271865486547,0.6112271855486547,0.611227186549,True,ok,0.6573790646326776,"{""x1"": -3, ""x2"": -4, ""x6"": 4}"
exact_v1,tiny,australian0,2,ok,0.0307,0.3433494648221187,0.3433494638221186,0.343349464822,True,ok,0.8926925608953258,"{""x1"": -5, ""x5"": 2}"
exact_v1,tiny,australian0,3,ok,1.2664,0.3281367559010285,0.3281367549010284,0.328136755901,True,ok,0.8945029624753127,"{""x1"": -5, ""x2"": -2, ""x9"": -2}"
exact_v1,tiny,australian1,2,ok,0.0299,0.3433494648221187,0.3433494638221186,0.343349464822,True,ok,0.8926925608953258,"{""x1"": -5, ""x5"": 2}"
exact_v1,tiny,australian1,3,ok,1.2615,0.3281367559010285,0.3281367549010284,0.328136755901,True,ok,0.8945029624753127,"{""x1"": -5, ""x2"": -2, ""x9"": -2}"
exact_v1,tiny,heart0,2,ok,0.0107,0.39145572741205925,0.3914557264120591,0.391455727412,True,ok,0.725,"{""x0"": -5, ""x2"": -4}"
exact_v1,tiny,heart0,3,ok,0.1989,0.3286332589543534,0.3286332579543534,0.328633258954,True,ok,0.7479166666666667,"{""x0"": -4, ""x2"": -3, ""x5"": -4}"
exact_v1,tiny,heart1,2,ok,0.0102,0.39145572741205925,0.3914557264120591,0.391455727412,True,ok,0.725,"{""x0"": -5, ""x2"": -4}"
exact_v1,tiny,heart1,3,ok,0.1938,0.3286332589543534,0.3286332579543534,0.328633258954,True,ok,0.7479166666666667,"{""x0"": -4, ""x2"": -3, ""x5"": -4}"
exact_v1,tiny,ilpd0,2,ok,0.01,0.5186090889548504,0.5186090879548504,0.518609088955,True,ok,0.6821448313985627,"{""x2"": 5, ""x6"": 3}"
exact_v1,tiny,ilpd0,3,ok,0.6387,0.5095557789943593,0.5095557779943592,0.509555778994,True,ok,0.6901603095632947,"{""x2"": 1, ""x6"": 1, ""x8"": 5}"
exact_v1,tiny,ilpd1,2,ok,0.0104,0.5186090889548504,0.5186090879548504,0.518609088955,True,ok,0.6821448313985627,"{""x2"": 5, ""x6"": 3}"
exact_v1,tiny,ilpd1,3,ok,0.658,0.5095557789943593,0.5095557779943592,0.509555778994,True,ok,0.6901603095632947,"{""x2"": 1, ""x6"": 1, ""x8"": 5}"
x2_bnb,visible,adult,3,ok,0.1371,0.40451518177265444,0.40451518177264734,0.40451518,True,ok,0.8246348665670107,"{""HSDiploma"": -1, ""NoHS"": -2, ""Married"": 2}"
x2_bnb,visible,adult,4,ok,0.4917,0.3881656387542517,0.38816563875424076,0.38816564,True,ok,0.8444253261870338,"{""HSDiploma"": -2, ""NoHS"": -4, ""Married"": 4, ""AnyCapitalGains"": 3}"
x2_bnb,visible,adult,5,ok,2.4176,0.37728155038497213,0.37728155038495303,0.37728155,True,ok,0.8586250083143998,"{""Age_22_to_29"": -2, ""HSDiploma"": -2, ""NoHS"": -4, ""Married"": 4, ""AnyCapitalGains"": 3}"
x2_bnb,visible,adult,7,ok,53.9994,0.3632879178831039,0.0,0.36328792,False,ok,0.8706296888839099,"{""Age_22_to_29"": -3, ""HSDiploma"": -3, ""NoHS"": -5, ""JobManagerial"": 2, ""Married"": 5, ""WorkHrsPerWeek_lt_40"": -2, ""AnyCapitalGains"": 4}"
x2_bnb,visible,adult,10,ok,53.9999,0.35342272575902606,0.0,0.35342273,False,ok,0.8826068006539496,"{""Age_30_to_44"": 3, ""Age_45_to_59"": 4, ""Age_geq_60"": 3, ""HSDiploma"": -3, ""NoHS"": -5, ""JobManagerial"": 2, ""Married"": 5, ""WorkHrsPerWeek_lt_40"": -2, ""AnyCapitalGains"": 4, ""AnyCapitalLoss"": 3}"
x2_bnb,visible,bank,3,ok,0.4908,0.28398526050475853,0.28398526050475115,0.28398526,True,ok,0.7726779284896623,"{""call_in_Q2"": -1, ""calls_b4_campaign_successful"": 2, ""emp_var_rate_lt_n1"": 2}"
x2_bnb,visible,bank,4,ok,4.4399,0.28178061505771845,0.2817806150577104,0.28178062,True,ok,0.7779411200429753,"{""call_in_Q2"": -2, ""calls_b4_campaign_successful"": 3, ""cons_price_idx_geq_93_5"": 1, ""euribor3m_geq_300"": -4}"
x2_bnb,visible,bank,5,ok,46.7713,0.2808465895282374,0.2808465895282166,0.28084659,True,ok,0.7830979925688596,"{""call_in_Q2"": -2, ""called_before"": 3, ""calls_b4_campaign_failed"": -1, ""emp_var_rate_lt_n1"": 4, ""cons_price_idx_geq_93_5"": 1}"
x2_bnb,visible,bank,7,ok,54.0012,0.27923804198746716,0.0,0.27923804,False,ok,0.7830508284890227,"{""age_ge_60"": 1, ""job_blue_collar"": -1, ""call_in_Q2"": -2, ""calls_b4_campaign_failed"": -1, ""calls_b4_campaign_successful"": 3, ""emp_var_rate_lt_n1"": 5, ""cons_price_idx_geq_93_5"": 1}"
x2_bnb,visible,bank,10,ok,54.0001,0.2780978603622512,0.0,0.27791022,False,ok,0.7790882463915483,"{""age_ge_60"": 2, ""job_student"": 1, ""job_blue_collar"": -1, ""credit_is_or_may_be_in_default"": -1, ""call_in_Q1"": 1, ""call_in_Q2"": -2, ""any_prior_calls_b4_campaign"": -1, ""calls_b4_campaign_successful"": 5, ""nr_employed_gt_5100"": -5, ""cons_price_idx_geq_93_5"": 1}"
x2_bnb,visible,breastcancer,3,ok,0.0377,0.0892270617348029,0.08922706173477439,0.08922706,True,ok,0.9878277153558053,"{""ClumpThickness"": 3, ""UniformityOfCellSize"": 5, ""BareNuclei"": 3}"
x2_bnb,visible,breastcancer,4,ok,0.0721,0.07846697475234178,0.07846697474951919,0.07846697,True,ok,0.9898174157303371,"{""ClumpThickness"": 4, ""UniformityOfCellSize"": 5, ""BareNuclei"": 3, ""BlandChromatin"": 4}"
x2_bnb,visible,breastcancer,5,ok,0.141,0.07315003724742207,0.07315003724737562,0.07315004,True,ok,0.9918071161048689,"{""ClumpThickness"": 3, ""UniformityOfCellShape"": 4, ""MarginalAdhesion"": 2, ""BareNuclei"": 2, ""BlandChromatin"": 4}"
x2_bnb,visible,breastcancer,7,ok,0.1182,0.06746347532828346,0.06746347532823517,0.06746348,True,ok,0.992626404494382,"{""ClumpThickness"": 4, ""UniformityOfCellShape"": 4, ""MarginalAdhesion"": 3, ""BareNuclei"": 3, ""BlandChromatin"": 5, ""NormalNucleoli"": 2, ""Mitoses"": 3}"
x2_bnb,visible,breastcancer,10,ok,0.105,0.06592425084343989,0.06592425084339622,0.06592425,True,ok,0.9915730337078652,"{""ClumpThickness"": 3, ""UniformityOfCellSize"": 1, ""UniformityOfCellShape"": 2, ""MarginalAdhesion"": 2, ""SingleEpithelialCellSize"": 1, ""BareNuclei"": 2, ""BlandChromatin"": 4, ""NormalNucleoli"": 1, ""Mitoses"": 2}"
x2_bnb,visible,mammo,3,ok,0.0094,0.472334615836568,0.47233461583655806,0.47233462,True,ok,0.8532843560933447,"{""IrregularShape"": 4, ""CircumscribedMargin"": -5, ""Age_geq_60"": 3}"
x2_bnb,visible,mammo,4,ok,0.0131,0.46720671586568163,0.4672067158656685,0.46720672,True,ok,0.8571197061365601,"{""IrregularShape"": 3, ""CircumscribedMargin"": -4, ""SpiculatedMargin"": 2, ""Age_geq_60"": 3}"
x2_bnb,visible,mammo,5,ok,0.0349,0.46370461455879974,0.46370461455878575,0.46370461,True,ok,0.8565795159896282,"{""IrregularShape"": -3, ""CircumscribedMargin"": 4, ""SpiculatedMargin"": -2, ""Age_lt_30"": 5, ""Age_geq_60"": -3}"
x2_bnb,visible,mammo,7,ok,0.2398,0.4592871887627443,0.45928718876262403,0.45928719,True,ok,0.8508535004321521,"{""OvalShape"": -1, ""IrregularShape"": 2, ""CircumscribedMargin"": -3, ""ObscuredMargin"": -1, ""SpiculatedMargin"": 1, ""Age_geq_30"": 5, ""Age_geq_60"": 2}"
x2_bnb,visible,mammo,10,ok,9.0615,0.45827677476065914,0.458276774760529,0.45827677,True,ok,0.8453975799481418,"{""RoundShape"": 1, ""OvalShape"": 2, ""IrregularShape"": -3, ""CircumscribedMargin"": 5, ""ObscuredMargin"": 2, ""SpiculatedMargin"": -2, ""Age_lt_30"": 5, ""Age_geq_30"": -5, ""Age_geq_45"": -1, ""Age_geq_60"": -3}"
x2_bnb,visible,mushroom,3,ok,1.1873,0.06494475825921053,0.06494475825231401,0.06494476,True,ok,0.9879991384619118,"{""odor_eq_almond"": -2, ""odor_eq_anise"": -2, ""odor_eq_none"": -1}"
x2_bnb,visible,mushroom,4,ok,29.4246,0.03151661237198366,0.03151661236760064,0.03151661,True,ok,0.9953040107024872,"{""odor_eq_almond"": -5, ""odor_eq_anise"": -5, ""odor_eq_none"": -4, ""spore_print_color_eq_green"": 4}"
x2_bnb,visible,mushroom,5,ok,54.0019,0.009137783224568645,0.0,0.00913778,False,ok,0.9978992425138711,"{""odor_eq_almond"": -5, ""odor_eq_anise"": -5, ""odor_eq_none"": -3, ""stalk_surface_below_ring_eq_scaly"": 1, ""spore_print_color_eq_green"": 5}"
x2_bnb,visible,mushroom,7,ok,54.0007,3.8593243796512854e-13,0.0,0.0,True,ok,1.0,"{""odor_eq_almond"": -5, ""odor_eq_anise"": -5, ""odor_eq_none"": -4, ""gill_size_eq_narrow"": 2, ""stalk_surface_below_ring_eq_scaly"": 2, ""spore_print_color_eq_green"": 5, ""population_eq_clustered"": 2}"
x2_bnb,visible,mushroom,10,ok,54.0018,6.537876176643081e-13,0.0,0.0,True,ok,1.0,"{""odor_eq_almond"": -5, ""odor_eq_anise"": -5, ""odor_eq_none"": -2, ""odor_eq_foul"": 2, ""gill_size_eq_narrow"": 1, ""gill_color_eq_buff"": 2, ""stalk_root_eq_rooted"": -2, ""stalk_surface_below_ring_eq_scaly"": 1, ""spore_print_color_eq_green"": 3, ""population_eq_clustered"": 1}"
x2_bnb,visible,spambase,3,ok,30.0065,0.39815962909806096,0.3981596290946329,0.39815963,True,ok,0.9099425338428271,"{""WordFreqRemove"": 2, ""WordFreqHP"": -1, ""CharFreqDollarSign"": 4}"
x2_bnb,visible,spambase,4,ok,54.0149,0.36266309545965447,0.0,0.3626631,False,ok,0.9289029098413264,"{""WordFreqRemove"": 2, ""WordFreqHP"": -1, ""WordFreqGeorge"": -2, ""CharFreqDollarSign"": 4}"
x2_bnb,visible,spambase,5,ok,54.0145,0.3360455337893006,0.0,0.33604553,False,ok,0.9378141137671929,"{""WordFreqRemove"": 2, ""WordFreqHP"": -1, ""WordFreqGeorge"": -3, ""WordFreqEDU"": -1, ""CharFreqDollarSign"": 4}"
x2_bnb,visible,spambase,7,ok,54.9831,0.2981260710383189,0.0,0.29812607,False,ok,0.9548762305360545,"{""WordFreqRemove"": 3, ""WordFreqFree"": 1, ""WordFreq0"": 3, ""WordFreqHP"": -2, ""WordFreqGeorge"": -4, ""WordFreqEDU"": -2, ""CharFreqDollarSign"": 5}"
x2_bnb,visible,spambase,10,ok,55.1087,0.2660206809736392,0.0,0.26602068,False,ok,0.9623631229203078,"{""WordFreqRemove"": 3, ""WordFreqFree"": 1, ""WordFreqBusiness"": 1, ""WordFreq0"": 3, ""WordFreqHP"": -2, ""WordFreqGeorge"": -4, ""WordFreqMeeting"": -2, ""WordFreqEDU"": -2, ""CharFreqExcalamationMark"": 1, ""CharFreqDollarSign"": 5}"
x2_bnb,visible,fico,3,ok,5.1025,0.5918556511470763,0.5918556511470658,0.59185565,True,ok,0.7414784999999999,"{""ExternalRiskEstimate<=68"": 5, ""ExternalRiskEstimate<=78"": 4, ""MSinceMostRecentInqexcl7days<=-8"": -4}"
x2_bnb,visible,fico,4,ok,53.9993,0.5785394194171956,0.0,0.57853942,False,ok,0.763808,"{""ExternalRiskEstimate<=68"": 5, ""ExternalRiskEstimate<=78"": 4, ""MSinceMostRecentInqexcl7days<=-8"": -5, ""MSinceMostRecentInqexcl7days<=0"": 3}"
x2_bnb,visible,fico,5,ok,54.0002,0.5695292740873528,0.0,0.56952927,False,ok,0.767671,"{""ExternalRiskEstimate<=68"": 3, ""ExternalRiskEstimate<=78"": 3, ""NumSatisfactoryTrades<=13"": 2, ""MSinceMostRecentInqexcl7days<=-8"": -5, ""MSinceMostRecentInqexcl7days<=0"": 2}"
x2_bnb,visible,fico,7,ok,54.0013,0.5605509559011824,0.0,0.56055096,False,ok,0.7739745,"{""ExternalRiskEstimate<=68"": 3, ""ExternalRiskEstimate<=78"": 3, ""AverageMInFile<=67"": 1, ""NumSatisfactoryTrades<=13"": 2, ""MSinceMostRecentInqexcl7days<=-8"": -5, ""MSinceMostRecentInqexcl7days<=0"": 2, ""NetFractionRevolvingBurden<=59"": -2}"
x2_bnb,visible,fico,10,ok,54.0002,0.554169616008486,0.0,0.55416962,False,ok,0.7808244999999999,"{""ExternalRiskEstimate<=68"": 2, ""ExternalRiskEstimate<=78"": 2, ""AverageMInFile<=58"": 2, ""NumSatisfactoryTrades<=13"": 2, ""PercentTradesNeverDelq<=96"": 2, ""MSinceMostRecentDelq<=20"": 1, ""MSinceMostRecentInqexcl7days<=-8"": -5, ""MSinceMostRecentInqexcl7days<=0"": 2, ""NetFractionRevolvingBurden<=35"": -1, ""NetFractionRevolvingBurden<=59"": -2}"
x2_bnb,visible,compas,3,ok,0.0404,0.6225382115397334,0.6225382115397223,0.62253821,True,ok,0.7012972288111494,"{""age<=29"": 4, ""priors_count<=1"": -4, ""priors_count<=6"": -5}"
x2_bnb,visible,compas,4,ok,0.1525,0.615796584878717,0.6157965848787028,0.61579658,True,ok,0.7252711258607099,"{""age<=22"": 3, ""age<=34"": 3, ""priors_count<=1"": -4, ""priors_count<=6"": -4}"
x2_bnb,visible,compas,5,ok,0.4964,0.6121183269701487,0.6121183269701311,0.61211833,True,ok,0.7304002908326525,"{""age<=22"": 4, ""age<=34"": 4, ""priors_count<=0"": -3, ""priors_count<=2"": -4, ""priors_count<=6"": -4}"
x2_bnb,visible,compas,7,ok,12.1816,0.6082265159549372,0.6082265159548991,0.60822652,True,ok,0.7296174182843033,"{""age<=22"": 4, ""age<=29"": 3, ""age<=39"": 3, ""juv_other_count<=0"": -3, ""priors_count<=0"": -3, ""priors_count<=2"": -5, ""priors_count<=6"": -5}"
x2_bnb,visible,compas,10,ok,54.0213,0.6055605523836098,0.0,0.60556055,False,ok,0.7378078848763421,"{""sex=1"": 2, ""age<=22"": 4, ""age<=29"": 2, ""age<=34"": 2, ""age<=45"": 2, ""juv_other_count<=0"": -3, ""priors_count<=0"": -2, ""priors_count<=1"": -2, ""priors_count<=2"": -4, ""priors_count<=6"": -5}"
x2_bnb,visible,australian,3,ok,0.1133,0.3379872507337162,0.3379872507335173,0.33798725,True,ok,0.8915265062806046,"{""A8=0"": -5, ""A10<=1"": -2, ""A14<=126"": -2}"
x2_bnb,visible,australian,4,ok,2.2324,0.3266563195115297,0.3266563195115181,0.32665632,True,ok,0.9259101554183522,"{""A3<=13"": 2, ""A8=1"": 5, ""A10<=1"": -2, ""A14<=126"": -2}"
x2_bnb,visible,australian,5,ok,43.0183,0.31742251989231884,0.3174225192409184,0.31742252,True,ok,0.944113263785395,"{""A3<=13"": 3, ""A7<=26"": -1, ""A8=1"": 5, ""A10<=3"": -2, ""A14<=87"": -2}"
x2_bnb,visible,australian,7,ok,54.0183,0.3038390458122755,0.0,0.30383905,False,ok,0.9490100063870556,"{""A3<=13"": 3, ""A3<=89"": -1, ""A5=14"": 3, ""A7<=26"": -1, ""A8=0"": -5, ""A10<=3"": -2, ""A14<=87"": -2}"
x2_bnb,visible,australian,10,ok,54.0077,0.2899933849774524,0.0,0.28999338,False,ok,0.9367681498829039,"{""A3<=13"": 3, ""A3<=89"": -1, ""A4=2"": 1, ""A5=1"": -2, ""A5=14"": 3, ""A6=5"": -2, ""A7<=26"": -1, ""A8=1"": 5, ""A10<=3"": -2, ""A14<=87"": -2}"
x2_bnb,visible,heart,3,ok,0.0355,0.39413198739569943,0.394131987395691,0.39413199,True,ok,0.7666666666666667,"{""chest<=3"": -4, ""oldpeak<=1.9"": -5, ""thal<=3"": -4}"
x2_bnb,visible,heart,4,ok,0.4093,0.356107606733472,0.3561076067334593,0.35610761,True,ok,0.8638888888888888,"{""chest<=3"": -5, ""oldpeak<=0.6"": -4, ""number_of_major_vessels<=0"": -4, ""thal<=3"": -5}"
x2_bnb,visible,heart,5,ok,5.0514,0.33644466276027807,0.33644466276025087,0.33644466,True,ok,0.8520833333333333,"{""chest<=3"": -3, ""resting_electrocardiographic_results<=0"": -2, ""oldpeak<=0.6"": -3, ""number_of_major_vessels<=0"": -3, ""thal<=3"": -4}"
x2_bnb,visible,heart,7,ok,54.4817,0.3144555579719983,0.0,0.31496988,False,ok,0.8368055555555556,"{""age<=58"": 4, ""age<=63"": -5, ""chest<=3"": 4, ""resting_electrocardiographic_results<=0"": 3, ""oldpeak<=0.6"": 4, ""number_of_major_vessels<=0"": 4, ""thal<=3"": 5}"
x2_bnb,visible,heart,10,ok,54.3566,0.2791468625811999,0.0,0.27914686,False,ok,0.8062499999999999,"{""age<=60"": -5, ""age<=63"": 5, ""sex=1"": 3, ""chest<=3"": -3, ""serum_cholestoral<=270"": -2, ""resting_electrocardiographic_results<=0"": -2, ""oldpeak<=0.6"": -2, ""oldpeak<=1.9"": -2, ""number_of_major_vessels<=0"": -2, ""thal<=3"": -3}"
x2_bnb,visible,ionosphere,3,ok,3.1365,0.28199539974926296,0.28199539974925697,0.2819954,True,ok,0.9139130434782609,"{""a03<=0"": 5, ""a05<=0"": 5, ""a22<=0.82162"": -1}"
x2_bnb,visible,ionosphere,4,ok,54.1426,0.2279781518735197,0.0,0.22797815,False,ok,0.9278260869565217,"{""a03<=0"": 5, ""a04<=-0.59677"": 1, ""a05<=0.06704"": 1, ""a06<=-0.23067"": 1}"
x2_bnb,visible,ionosphere,5,ok,54.0074,0.20648715366327594,0.0,0.20648715,False,ok,0.9299999999999999,"{""a03<=0"": 5, ""a05<=0.06704"": 4, ""a06<=-0.23067"": 4, ""a06<=0.78579"": -3, ""a22<=-0.03333"": -2}"
x2_bnb,visible,ionosphere,7,ok,53.9997,0.14271712498886777,0.0,0.14271712,False,ok,0.9382608695652174,"{""a03<=0"": 5, ""a05<=0"": 5, ""a06<=-0.23067"": 4, ""a07<=0.38431"": 2, ""a22<=-0.03333"": -3, ""a24<=-1"": 4, ""a32<=0.77702"": -2}"
x2_bnb,visible,ionosphere,10,ok,53.9992,0.08583886979059814,0.0,0.08583887,False,ok,0.9252173913043477,"{""a03<=0"": 5, ""a05<=0"": 5, ""a06<=-0.23067"": 4, ""a07<=0.38431"": 2, ""a18<=0"": 1, ""a22<=-0.03333"": -3, ""a24<=-1"": 3, ""a29<=0.52798"": 2, ""a32<=0.77702"": -3, ""a33<=0.75115"": -2}"
x2_bnb,visible,ilpd,3,ok,0.1057,0.5069721752569345,0.5069721752569238,0.50697218,True,ok,0.7462792345854004,"{""V1<=24"": 1, ""V4<=1"": 2, ""V5<=206"": 1}"
x2_bnb,visible,ilpd,4,ok,2.223,0.49795585352988103,0.4979558535298643,0.49795585,True,ok,0.7829553508150248,"{""V1<=24"": 3, ""V4<=1"": 4, ""V5<=206"": 2, ""V6<=69"": 3}"
x2_bnb,visible,ilpd,5,ok,45.4573,0.49203517133424296,0.4920351713342204,0.49203517,True,ok,0.7859673990077959,"{""V1<=24"": 3, ""V1<=66"": 3, ""V4<=1"": 5, ""V5<=206"": 2, ""V6<=69"": 3}"
x2_bnb,visible,ilpd,7,ok,54.3379,0.48483984421584536,0.0,0.48346504,False,ok,0.7854358610914246,"{""V1<=24"": 1, ""V1<=60"": -1, ""V1<=66"": 2, ""V4<=1"": 2, ""V4<=4"": 5, ""V5<=206"": 1, ""V6<=69"": 1}"
x2_bnb,visible,ilpd,10,ok,54.0191,0.4744057564957534,0.0,0.4735486,False,ok,0.7739192062367115,"{""V1<=24"": 1, ""V1<=66"": 1, ""V4<=0.6"": 1, ""V4<=4"": 5, ""V5<=206"": 1, ""V6<=69"": 1, ""V8<=6.5"": 1, ""V9<=3.1"": -1, ""V9<=4.1"": -1, ""V10<=1.3"": 1}"
x2_bnb,visible,magic,3,ok,2.227,0.47478486756430993,0.47478486756430066,0.47478487,True,ok,0.7965658356370701,"{""fLength:<=106.655"": -5, ""fSize:<=2.42"": -2, ""fAlpha:<=18.205"": -4}"
x2_bnb,visible,magic,4,ok,46.2271,0.45620113872765816,0.45620113872761403,0.45620114,True,ok,0.8145058563689459,"{""fLength:<=106.655"": -2, ""fSize:<=2.42"": -1, ""fAlpha:<=11.711"": -1, ""fAlpha:<=27.106"": -1}"
x2_bnb,visible,magic,5,ok,54.0131,0.44183375620039617,0.0,0.44183376,False,ok,0.8292445077021656,"{""fLength:<=106.655"": -4, ""fWidth:<=11.1267"": 2, ""fSize:<=2.42"": -3, ""fAlpha:<=11.711"": -2, ""fAlpha:<=27.106"": -2}"
x2_bnb,visible,magic,7,ok,54.0006,0.41879759785437926,0.0,0.4187976,False,ok,0.8452481964882139,"{""fLength:<=106.655"": -5, ""fWidth:<=11.1267"": 4, ""fWidth:<=39.6681"": -5, ""fSize:<=2.42"": -5, ""fM3Long:<=-34.8805"": 4, ""fAlpha:<=11.711"": -4, ""fAlpha:<=27.106"": -4}"
x2_bnb,visible,magic,10,ok,54.0054,0.4020098369768927,0.0,0.40023123,False,ok,0.8539255463172146,"{""fLength:<=46.2915"": -2, ""fLength:<=106.655"": -4, ""fWidth:<=11.1267"": 3, ""fWidth:<=15.1087"": 2, ""fWidth:<=39.6681"": -3, ""fSize:<=2.2844"": -3, ""fSize:<=2.5289"": -3, ""fM3Long:<=-34.8805"": 3, ""fAlpha:<=11.711"": -4, ""fAlpha:<=27.106"": -3}"
x2_bnb,visible,haberman,3,ok,0.01,0.4906198182007443,0.4906198182007355,0.49061982,True,ok,0.6012228260869564,"{""Age_of_patient_at_time_of_operation<=38"": -3, ""Patients_year_of_operation=61"": -4, ""Number_of_positive_axillary_nodes_detected<=4"": -3}"
x2_bnb,visible,haberman,4,ok,0.0261,0.4808848365382481,0.48088483653823694,0.48088484,True,ok,0.5883152173913043,"{""Age_of_patient_at_time_of_operation<=38"": -3, ""Patients_year_of_operation=65"": 2, ""Patients_year_of_operation=61"": -4, ""Number_of_positive_axillary_nodes_detected<=4"": -3}"
x2_bnb,visible,haberman,5,ok,0.1277,0.4779456368232793,0.4779456368230084,0.47794564,True,ok,0.563858695652174,"{""Age_of_patient_at_time_of_operation<=38"": -4, ""Patients_year_of_operation=65"": 2, ""Patients_year_of_operation=61"": -5, ""Patients_year_of_operation=63"": -2, ""Number_of_positive_axillary_nodes_detected<=4"": -4}"
x2_bnb,visible,haberman,7,ok,10.9295,0.4731003093016757,0.47310030397836156,0.47310031,True,ok,0.626358695652174,"{""Age_of_patient_at_time_of_operation<=38"": -3, ""Patients_year_of_operation=60"": -1, ""Patients_year_of_operation=65"": 2, ""Patients_year_of_operation=61"": -5, ""Patients_year_of_operation=63"": -2, ""Number_of_positive_axillary_nodes_detected<=0"": -1, ""Number_of_positive_axillary_nodes_detected<=4"": -3}"
x2_bnb,visible,haberman,10,ok,54.308,0.46599816819711143,0.0,0.46599817,False,ok,0.5957880434782609,"{""Age_of_patient_at_time_of_operation<=38"": -3, ""Age_of_patient_at_time_of_operation<=42"": -2, ""Age_of_patient_at_time_of_operation<=49"": 2, ""Age_of_patient_at_time_of_operation<=58"": -1, ""Patients_year_of_operation=65"": 2, ""Patients_year_of_operation=61"": -5, ""Patients_year_of_operation=63"": -2, ""Patients_year_of_operation=67"": -2, ""Number_of_positive_axillary_nodes_detected<=0"": -1, ""Number_of_positive_axillary_nodes_detected<=4"": -3}"
x2_bnb,tiny,syn0,2,ok,0.0076,0.5446817400310768,0.5446817400310692,0.544681740031,True,ok,0.7354273023564362,"{""x0"": 3, ""x5"": -3}"
x2_bnb,tiny,syn0,3,ok,0.0112,0.517219768730159,0.5172197687301479,0.51721976873,True,ok,0.7913241614029015,"{""x0"": -5, ""x2"": 4, ""x5"": 5}"
x2_bnb,tiny,syn1,2,ok,0.0061,0.5424078436161445,0.5424078436161367,0.542407843616,True,ok,0.700215866162979,"{""x0"": 1, ""x5"": 1}"
x2_bnb,tiny,syn1,3,ok,0.0084,0.5078273260983516,0.5078273260983408,0.507827326098,True,ok,0.7139773340528872,"{""x0"": 4, ""x5"": 4, ""x7"": 3}"
x2_bnb,tiny,syn2,2,ok,0.0068,0.6108453902145077,0.610845390214499,0.610845390215,True,ok,0.6656700577256607,"{""x4"": 5, ""x8"": -3}"
x2_bnb,tiny,syn2,3,ok,0.0095,0.5997197208530549,0.5997197208530098,0.599719720853,True,ok,0.681162796717662,"{""x3"": 2, ""x4"": 5, ""x8"": -3}"
x2_bnb,tiny,syn3,2,ok,0.0077,0.5394043667750122,0.5394043667750046,0.539404366775,True,ok,0.7940387195706344,"{""x2"": -1, ""x3"": 1}"
x2_bnb,tiny,syn3,3,ok,0.0108,0.4856527251948659,0.4856527251948555,0.485652725195,True,ok,0.8436019606232372,"{""x2"": -1, ""x3"": 1, ""x9"": 1}"
x2_bnb,tiny,syn4,2,ok,0.0073,0.6132407316655778,0.613240731665569,0.613240731666,True,ok,0.6743073576053052,"{""x3"": 5, ""x5"": 4}"
x2_bnb,tiny,syn4,3,ok,0.0166,0.5888039988601307,0.5888039988601181,0.58880399886,True,ok,0.7138344997509894,"{""x3"": 5, ""x5"": 4, ""x6"": -4}"
x2_bnb,tiny,syn5,2,ok,0.0069,0.49061575337749247,0.49061575337748514,0.490615753377,True,ok,0.7676676570458405,"{""x1"": 3, ""x2"": -1}"
x2_bnb,tiny,syn5,3,ok,0.0092,0.48817955613546987,0.48817955613545033,0.488179556135,True,ok,0.7614335738539898,"{""x1"": 5, ""x2"": -2, ""x9"": -1}"
x2_bnb,tiny,syn6,2,ok,0.0053,0.14802788113021076,0.14802788113020865,0.14802788113,True,ok,0.6596320346320347,"{""x3"": 1, ""x4"": -1}"
x2_bnb,tiny,syn6,3,ok,0.0084,0.13906553782524034,0.1390655378252374,0.139065537825,True,ok,0.751082251082251,"{""x3"": 1, ""x4"": -1, ""x6"": -1}"
x2_bnb,tiny,syn7,2,ok,0.0074,0.5015280482234045,0.5015280482233685,0.501528048223,True,ok,0.7189240306819376,"{""x2"": -2, ""x4"": -2}"
x2_bnb,tiny,syn7,3,ok,0.0099,0.4854612061587655,0.4854612061587551,0.485461206159,True,ok,0.7386606423592869,"{""x1"": 2, ""x2"": -2, ""x4"": -2}"
x2_bnb,tiny,syn8,2,ok,0.0079,0.4961153691002832,0.49611536910027604,0.4961153691,True,ok,0.7551558336229869,"{""x2"": -1, ""x6"": 1}"
x2_bnb,tiny,syn8,3,ok,0.0107,0.48292494900391036,0.4829249490039,0.482924949004,True,ok,0.7773288147375739,"{""x2"": -5, ""x4"": 3, ""x6"": 5}"
x2_bnb,tiny,syn9,2,ok,0.006,0.5047078649095531,0.504707864909546,0.50470786491,True,ok,0.8380513495720869,"{""x6"": -3, ""x9"": 5}"
x2_bnb,tiny,syn9,3,ok,0.0072,0.49035443087838726,0.49035443087837516,0.490354430878,True,ok,0.8486668861092825,"{""x1"": 1, ""x6"": -2, ""x9"": 3}"
x2_bnb,tiny,syn10,2,ok,0.0094,0.4890810417103373,0.4890810417103303,0.48908104171,True,ok,0.6921452702702702,"{""x2"": -3, ""x3"": -3}"
x2_bnb,tiny,syn10,3,ok,0.0102,0.4793160349932964,0.47931603499328623,0.479316034993,True,ok,0.7270660083160083,"{""x0"": 2, ""x2"": -5, ""x3"": -5}"
x2_bnb,tiny,syn11,2,ok,0.0045,0.49211041732485106,0.4921104173248441,0.492110417325,True,ok,0.8401988636363635,"{""x6"": 5, ""x9"": 4}"
x2_bnb,tiny,syn11,3,ok,0.0067,0.45169452509203867,0.4516945250917131,0.451694525092,True,ok,0.9240056818181819,"{""x1"": 4, ""x6"": 5, ""x9"": 5}"
x2_bnb,tiny,adult0,2,ok,0.0064,0.4404415262608285,0.4404415262608221,0.440441526261,True,ok,0.7866125274122807,"{""x0"": 3, ""x5"": -2}"
x2_bnb,tiny,adult0,3,ok,0.0086,0.4285576334555465,0.4285576334555372,0.428557633456,True,ok,0.7943393640350878,"{""x0"": 4, ""x5"": -3, ""x9"": 2}"
x2_bnb,tiny,adult1,2,ok,0.0069,0.4251927761860085,0.42519277618600243,0.425192776186,True,ok,0.746898985745614,"{""x0"": 5, ""x4"": 4}"
x2_bnb,tiny,adult1,3,ok,0.0087,0.4104985715595258,0.4104985715595158,0.41049857156,True,ok,0.7788856907894737,"{""x0"": 4, ""x4"": 3, ""x7"": 2}"
x2_bnb,tiny,bank0,2,ok,0.0063,0.28737579334064095,0.2873757933406369,0.287375793341,True,ok,0.7791236306729264,"{""x2"": 2, ""x7"": 3}"
x2_bnb,tiny,bank0,3,ok,0.0099,0.2824076251922267,0.2824076251920309,0.282407625192,True,ok,0.7864788732394365,"{""x0"": -2, ""x2"": 3, ""x7"": 4}"
x2_bnb,tiny,bank1,2,ok,0.0063,0.27445913427890106,0.27445913427889707,0.274459134279,True,ok,0.7549295774647888,"{""x1"": 3, ""x7"": 4}"
x2_bnb,tiny,bank1,3,ok,0.0124,0.2649032414829257,0.26490324148292105,0.264903241483,True,ok,0.7729577464788733,"{""x0"": -3, ""x4"": -3, ""x7"": 5}"
x2_bnb,tiny,mammo0,2,ok,0.0048,0.4870724927203053,0.48707249272029207,0.48707249272,True,ok,0.7961140335991854,"{""x0"": -5, ""x2"": 2}"
x2_bnb,tiny,mammo0,3,ok,0.0067,0.4658357722339051,0.46583577223389516,0.465835772234,True,ok,0.8297980655014423,"{""x0"": -4, ""x1"": 3, ""x2"": 3}"
x2_bnb,tiny,mammo1,2,ok,0.0052,0.4870724927203053,0.48707249272029207,0.48707249272,True,ok,0.7961140335991854,"{""x0"": -5, ""x2"": 2}"
x2_bnb,tiny,mammo1,3,ok,0.0065,0.4658357722339051,0.46583577223389516,0.465835772234,True,ok,0.8297980655014423,"{""x0"": -4, ""x1"": 3, ""x2"": 3}"
x2_bnb,tiny,mushroom0,2,ok,0.0066,0.15339675278235038,0.15339675275876244,0.153396752782,True,ok,0.979049335435909,"{""x1"": 5, ""x6"": -1}"
x2_bnb,tiny,mushroom0,3,ok,0.01,0.11698955207199077,0.11698954683640021,0.116989552072,True,ok,0.989562213711797,"{""x1"": 5, ""x3"": 5, ""x5"": 1}"
x2_bnb,tiny,mushroom1,2,ok,0.0067,0.12878025349797625,0.12878025348426564,0.128780253498,True,ok,0.9699757202573152,"{""x1"": 5, ""x5"": 1}"
x2_bnb,tiny,mushroom1,3,ok,0.0085,0.10091780231276294,0.1009178019923845,0.100917802313,True,ok,0.9789241821231007,"{""x1"": 5, ""x3"": 5, ""x5"": 1}"
x2_bnb,tiny,fico0,2,ok,0.0065,0.5812007447676837,0.5812007447675754,0.581200744768,True,ok,0.7190124999999999,"{""x0"": 5, ""x9"": -3}"
x2_bnb,tiny,fico0,3,ok,0.0131,0.574847113794094,0.5748471137940823,0.574847113794,True,ok,0.7441125,"{""x0"": 5, ""x4"": 2, ""x9"": -3}"
x2_bnb,tiny,fico1,2,ok,0.0062,0.6102008403466027,0.6102008403434527,0.610200840347,True,ok,0.7442,"{""x2"": 5, ""x5"": 4}"
x2_bnb,tiny,fico1,3,ok,0.0084,0.6005809873321837,0.6005809873321741,0.600580987332,True,ok,0.76435,"{""x2"": 5, ""x5"": 5, ""x9"": -4}"
x2_bnb,tiny,compas0,2,ok,0.007,0.629996371800631,0.629996371800622,0.629996371801,True,ok,0.7134433962264151,"{""x2"": 4, ""x6"": -3}"
x2_bnb,tiny,compas0,3,ok,0.01,0.6192854625477515,0.6192854625477404,0.619285462548,True,ok,0.7332396627860296,"{""x1"": -3, ""x3"": -4, ""x6"": 4}"
x2_bnb,tiny,compas1,2,ok,0.0062,0.6190112288342146,0.6190112288342057,0.619011228834,True,ok,0.6652323364110799,"{""x0"": -4, ""x6"": 3}"
x2_bnb,tiny,compas1,3,ok,0.0079,0.6112271865486547,0.6112271862555825,0.611227186549,True,ok,0.6573790646326776,"{""x1"": -3, ""x2"": -4, ""x6"": 4}"
x2_bnb,tiny,australian0,2,ok,0.0057,0.3433494648221187,0.34334946482211165,0.343349464822,True,ok,0.8926925608953258,"{""x1"": -5, ""x5"": 2}"
x2_bnb,tiny,australian0,3,ok,0.0067,0.3281367559010285,0.3281367559010214,0.328136755901,True,ok,0.8945029624753127,"{""x1"": -5, ""x2"": -2, ""x9"": -2}"
x2_bnb,tiny,australian1,2,ok,0.0052,0.3433494648221187,0.34334946482211165,0.343349464822,True,ok,0.8926925608953258,"{""x1"": -5, ""x5"": 2}"
x2_bnb,tiny,australian1,3,ok,0.0067,0.3281367559010285,0.3281367559010214,0.328136755901,True,ok,0.8945029624753127,"{""x1"": -5, ""x2"": -2, ""x9"": -2}"
x2_bnb,tiny,heart0,2,ok,0.0049,0.39145572741205925,0.3914557274120263,0.391455727412,True,ok,0.725,"{""x0"": -5, ""x2"": -4}"
x2_bnb,tiny,heart0,3,ok,0.0066,0.3286332589543534,0.32863325895408496,0.328633258954,True,ok,0.7479166666666667,"{""x0"": -4, ""x2"": -3, ""x5"": -4}"
x2_bnb,tiny,heart1,2,ok,0.0048,0.39145572741205925,0.3914557274120263,0.391455727412,True,ok,0.725,"{""x0"": -5, ""x2"": -4}"
x2_bnb,tiny,heart1,3,ok,0.0064,0.3286332589543534,0.32863325895408496,0.328633258954,True,ok,0.7479166666666667,"{""x0"": -4, ""x2"": -3, ""x5"": -4}"
x2_bnb,tiny,ilpd0,2,ok,0.0076,0.5186090889548504,0.518609088954843,0.518609088955,True,ok,0.6821448313985627,"{""x2"": 5, ""x6"": 3}"
x2_bnb,tiny,ilpd0,3,ok,0.0072,0.5095557789943593,0.5095557789943502,0.509555778994,True,ok,0.6901603095632947,"{""x2"": 1, ""x6"": 1, ""x8"": 5}"
x2_bnb,tiny,ilpd1,2,ok,0.0046,0.5186090889548504,0.518609088954843,0.518609088955,True,ok,0.6821448313985627,"{""x2"": 5, ""x6"": 3}"
x2_bnb,tiny,ilpd1,3,ok,0.0074,0.5095557789943593,0.5095557789943502,0.509555778994,True,ok,0.6901603095632947,"{""x2"": 1, ""x6"": 1, ""x8"": 5}"
x4_family,visible,adult,3,ok,0.0913,0.40451518177265444,0.40451518177264734,0.40451518,True,ok,0.8246348665670107,"{""HSDiploma"": -1, ""NoHS"": -2, ""Married"": 2}"
x4_family,visible,adult,4,ok,0.4341,0.3881656387542517,0.38816563875424076,0.38816564,True,ok,0.8444253261870338,"{""HSDiploma"": -2, ""NoHS"": -4, ""Married"": 4, ""AnyCapitalGains"": 3}"
x4_family,visible,adult,5,ok,2.8239,0.37728155038497213,0.37728155038495303,0.37728155,True,ok,0.8586250083143998,"{""Age_22_to_29"": -2, ""HSDiploma"": -2, ""NoHS"": -4, ""Married"": 4, ""AnyCapitalGains"": 3}"
x4_family,visible,adult,7,ok,47.1371,0.3632879178831039,0.3632879178830476,0.36328792,True,ok,0.8706296888839099,"{""Age_22_to_29"": -3, ""HSDiploma"": -3, ""NoHS"": -5, ""JobManagerial"": 2, ""Married"": 5, ""WorkHrsPerWeek_lt_40"": -2, ""AnyCapitalGains"": 4}"
x4_family,visible,adult,10,ok,54.017,0.35342272575902606,0.0,0.35342273,False,ok,0.8826068006539496,"{""Age_30_to_44"": 3, ""Age_45_to_59"": 4, ""Age_geq_60"": 3, ""HSDiploma"": -3, ""NoHS"": -5, ""JobManagerial"": 2, ""Married"": 5, ""WorkHrsPerWeek_lt_40"": -2, ""AnyCapitalGains"": 4, ""AnyCapitalLoss"": 3}"
x4_family,visible,bank,3,ok,0.3759,0.28398526050475853,0.28398526050475115,0.28398526,True,ok,0.7726779284896623,"{""call_in_Q2"": -1, ""calls_b4_campaign_successful"": 2, ""emp_var_rate_lt_n1"": 2}"
x4_family,visible,bank,4,ok,2.1973,0.28178061505771845,0.2817806150577104,0.28178062,True,ok,0.7779411200429753,"{""call_in_Q2"": -2, ""calls_b4_campaign_successful"": 3, ""cons_price_idx_geq_93_5"": 1, ""euribor3m_geq_300"": -4}"
x4_family,visible,bank,5,ok,11.846,0.2808465895282374,0.2808465895282166,0.28084659,True,ok,0.7830979925688596,"{""call_in_Q2"": -2, ""called_before"": 3, ""calls_b4_campaign_failed"": -1, ""emp_var_rate_lt_n1"": 4, ""cons_price_idx_geq_93_5"": 1}"
x4_family,visible,bank,7,ok,54.0023,0.27923804198746716,0.0,0.27923804,False,ok,0.7830508284890227,"{""age_ge_60"": 1, ""job_blue_collar"": -1, ""call_in_Q2"": -2, ""calls_b4_campaign_failed"": -1, ""calls_b4_campaign_successful"": 3, ""emp_var_rate_lt_n1"": 5, ""cons_price_idx_geq_93_5"": 1}"
x4_family,visible,bank,10,ok,54.0026,0.2780978603622512,0.0,0.27791022,False,ok,0.7790882463915483,"{""age_ge_60"": 2, ""job_student"": 1, ""job_blue_collar"": -1, ""credit_is_or_may_be_in_default"": -1, ""call_in_Q1"": 1, ""call_in_Q2"": -2, ""any_prior_calls_b4_campaign"": -1, ""calls_b4_campaign_successful"": 5, ""nr_employed_gt_5100"": -5, ""cons_price_idx_geq_93_5"": 1}"
x4_family,visible,breastcancer,3,ok,0.0365,0.0892270617348029,0.08922706173477439,0.08922706,True,ok,0.9878277153558053,"{""ClumpThickness"": 3, ""UniformityOfCellSize"": 5, ""BareNuclei"": 3}"
x4_family,visible,breastcancer,4,ok,0.0722,0.07846697475234178,0.07846697474951919,0.07846697,True,ok,0.9898174157303371,"{""ClumpThickness"": 4, ""UniformityOfCellSize"": 5, ""BareNuclei"": 3, ""BlandChromatin"": 4}"
x4_family,visible,breastcancer,5,ok,0.1351,0.07315003724742207,0.07315003724737562,0.07315004,True,ok,0.9918071161048689,"{""ClumpThickness"": 3, ""UniformityOfCellShape"": 4, ""MarginalAdhesion"": 2, ""BareNuclei"": 2, ""BlandChromatin"": 4}"
x4_family,visible,breastcancer,7,ok,0.1416,0.06746347532828346,0.06746347532823517,0.06746348,True,ok,0.992626404494382,"{""ClumpThickness"": 4, ""UniformityOfCellShape"": 4, ""MarginalAdhesion"": 3, ""BareNuclei"": 3, ""BlandChromatin"": 5, ""NormalNucleoli"": 2, ""Mitoses"": 3}"
x4_family,visible,breastcancer,10,ok,0.1064,0.06592425084343989,0.06592425084339622,0.06592425,True,ok,0.9915730337078652,"{""ClumpThickness"": 3, ""UniformityOfCellSize"": 1, ""UniformityOfCellShape"": 2, ""MarginalAdhesion"": 2, ""SingleEpithelialCellSize"": 1, ""BareNuclei"": 2, ""BlandChromatin"": 4, ""NormalNucleoli"": 1, ""Mitoses"": 2}"
x4_family,visible,mammo,3,ok,0.0091,0.472334615836568,0.47233461583655806,0.47233462,True,ok,0.8532843560933447,"{""IrregularShape"": 4, ""CircumscribedMargin"": -5, ""Age_geq_60"": 3}"
x4_family,visible,mammo,4,ok,0.0129,0.46720671586568163,0.4672067158656685,0.46720672,True,ok,0.8571197061365601,"{""IrregularShape"": 3, ""CircumscribedMargin"": -4, ""SpiculatedMargin"": 2, ""Age_geq_60"": 3}"
x4_family,visible,mammo,5,ok,0.0336,0.46370461455879974,0.46370461455878575,0.46370461,True,ok,0.8565795159896282,"{""IrregularShape"": -3, ""CircumscribedMargin"": 4, ""SpiculatedMargin"": -2, ""Age_lt_30"": 5, ""Age_geq_60"": -3}"
x4_family,visible,mammo,7,ok,0.3451,0.4592871887627443,0.45928718876262403,0.45928719,True,ok,0.8508535004321521,"{""OvalShape"": -1, ""IrregularShape"": 2, ""CircumscribedMargin"": -3, ""ObscuredMargin"": -1, ""SpiculatedMargin"": 1, ""Age_geq_30"": 5, ""Age_geq_60"": 2}"
x4_family,visible,mammo,10,ok,39.6318,0.45827677476065914,0.458276774760529,0.45827677,True,ok,0.8453975799481418,"{""RoundShape"": 1, ""OvalShape"": 2, ""IrregularShape"": -3, ""CircumscribedMargin"": 5, ""ObscuredMargin"": 2, ""SpiculatedMargin"": -2, ""Age_lt_30"": 5, ""Age_geq_30"": -5, ""Age_geq_45"": -1, ""Age_geq_60"": -3}"
x4_family,visible,mushroom,3,ok,0.9386,0.06494475825921053,0.06494475764181001,0.06494476,True,ok,0.9879991384619118,"{""odor_eq_almond"": -2, ""odor_eq_anise"": -2, ""odor_eq_none"": -1}"
x4_family,visible,mushroom,4,ok,36.513,0.03151661237198366,0.03151661160169937,0.03151661,True,ok,0.9953040107024872,"{""odor_eq_almond"": -5, ""odor_eq_anise"": -5, ""odor_eq_none"": -4, ""spore_print_color_eq_green"": 4}"
x4_family,visible,mushroom,5,ok,54.0031,0.009137783224568645,0.0,0.00913778,False,ok,0.9978992425138711,"{""odor_eq_almond"": -5, ""odor_eq_anise"": -5, ""odor_eq_none"": -3, ""stalk_surface_below_ring_eq_scaly"": 1, ""spore_print_color_eq_green"": 5}"
x4_family,visible,mushroom,7,ok,54.003,3.8593243796512854e-13,0.0,0.0,True,ok,1.0,"{""odor_eq_almond"": -5, ""odor_eq_anise"": -5, ""odor_eq_none"": -4, ""gill_size_eq_narrow"": 2, ""stalk_surface_below_ring_eq_scaly"": 2, ""spore_print_color_eq_green"": 5, ""population_eq_clustered"": 2}"
x4_family,visible,mushroom,10,ok,54.003,6.537876176643081e-13,0.0,0.0,True,ok,1.0,"{""odor_eq_almond"": -5, ""odor_eq_anise"": -5, ""odor_eq_none"": -2, ""odor_eq_foul"": 2, ""gill_size_eq_narrow"": 1, ""gill_color_eq_buff"": 2, ""stalk_root_eq_rooted"": -2, ""stalk_surface_below_ring_eq_scaly"": 1, ""spore_print_color_eq_green"": 3, ""population_eq_clustered"": 1}"
x4_family,visible,spambase,3,ok,22.2039,0.39815962909806096,0.3981596290946329,0.39815963,True,ok,0.9099425338428271,"{""WordFreqRemove"": 2, ""WordFreqHP"": -1, ""CharFreqDollarSign"": 4}"
x4_family,visible,spambase,4,ok,54.0007,0.36266309545965447,0.0,0.3626631,False,ok,0.9289029098413264,"{""WordFreqRemove"": 2, ""WordFreqHP"": -1, ""WordFreqGeorge"": -2, ""CharFreqDollarSign"": 4}"
x4_family,visible,spambase,5,ok,54.0015,0.3360455337893006,0.0,0.33604553,False,ok,0.9378141137671929,"{""WordFreqRemove"": 2, ""WordFreqHP"": -1, ""WordFreqGeorge"": -3, ""WordFreqEDU"": -1, ""CharFreqDollarSign"": 4}"
x4_family,visible,spambase,7,ok,54.3863,0.2981260710383189,0.0,0.29812607,False,ok,0.9548762305360545,"{""WordFreqRemove"": 3, ""WordFreqFree"": 1, ""WordFreq0"": 3, ""WordFreqHP"": -2, ""WordFreqGeorge"": -4, ""WordFreqEDU"": -2, ""CharFreqDollarSign"": 5}"
x4_family,visible,spambase,10,ok,54.2571,0.2660206809736392,0.0,0.26602068,False,ok,0.9623631229203078,"{""WordFreqRemove"": 3, ""WordFreqFree"": 1, ""WordFreqBusiness"": 1, ""WordFreq0"": 3, ""WordFreqHP"": -2, ""WordFreqGeorge"": -4, ""WordFreqMeeting"": -2, ""WordFreqEDU"": -2, ""CharFreqExcalamationMark"": 1, ""CharFreqDollarSign"": 5}"
x4_family,visible,fico,3,ok,3.7234,0.5918556511470763,0.5918556511470658,0.59185565,True,ok,0.7414784999999999,"{""ExternalRiskEstimate<=68"": 5, ""ExternalRiskEstimate<=78"": 4, ""MSinceMostRecentInqexcl7days<=-8"": -4}"
x4_family,visible,fico,4,ok,54.0021,0.5785394194171956,0.0,0.57853942,False,ok,0.763808,"{""ExternalRiskEstimate<=68"": 5, ""ExternalRiskEstimate<=78"": 4, ""MSinceMostRecentInqexcl7days<=-8"": -5, ""MSinceMostRecentInqexcl7days<=0"": 3}"
x4_family,visible,fico,5,ok,54.003,0.5695292740873528,0.0,0.56952927,False,ok,0.767671,"{""ExternalRiskEstimate<=68"": 3, ""ExternalRiskEstimate<=78"": 3, ""NumSatisfactoryTrades<=13"": 2, ""MSinceMostRecentInqexcl7days<=-8"": -5, ""MSinceMostRecentInqexcl7days<=0"": 2}"
x4_family,visible,fico,7,ok,54.0044,0.5605509559011824,0.0,0.56055096,False,ok,0.7739745,"{""ExternalRiskEstimate<=68"": 3, ""ExternalRiskEstimate<=78"": 3, ""AverageMInFile<=67"": 1, ""NumSatisfactoryTrades<=13"": 2, ""MSinceMostRecentInqexcl7days<=-8"": -5, ""MSinceMostRecentInqexcl7days<=0"": 2, ""NetFractionRevolvingBurden<=59"": -2}"
x4_family,visible,fico,10,ok,54.0029,0.554169616008486,0.0,0.55416962,False,ok,0.7808244999999999,"{""ExternalRiskEstimate<=68"": 2, ""ExternalRiskEstimate<=78"": 2, ""AverageMInFile<=58"": 2, ""NumSatisfactoryTrades<=13"": 2, ""PercentTradesNeverDelq<=96"": 2, ""MSinceMostRecentDelq<=20"": 1, ""MSinceMostRecentInqexcl7days<=-8"": -5, ""MSinceMostRecentInqexcl7days<=0"": 2, ""NetFractionRevolvingBurden<=35"": -1, ""NetFractionRevolvingBurden<=59"": -2}"
x4_family,visible,compas,3,ok,0.0339,0.6225382115397334,0.6225382115397223,0.62253821,True,ok,0.7012972288111494,"{""age<=29"": 4, ""priors_count<=1"": -4, ""priors_count<=6"": -5}"
x4_family,visible,compas,4,ok,0.0541,0.615796584878717,0.6157965848787028,0.61579658,True,ok,0.7252711258607099,"{""age<=22"": 3, ""age<=34"": 3, ""priors_count<=1"": -4, ""priors_count<=6"": -4}"
x4_family,visible,compas,5,ok,0.0882,0.6121183269701487,0.6121183269701311,0.61211833,True,ok,0.7304002908326525,"{""age<=22"": 4, ""age<=34"": 4, ""priors_count<=0"": -3, ""priors_count<=2"": -4, ""priors_count<=6"": -4}"
x4_family,visible,compas,7,ok,0.5474,0.6082265159549372,0.6082265159548991,0.60822652,True,ok,0.7296174182843033,"{""age<=22"": 4, ""age<=29"": 3, ""age<=39"": 3, ""juv_other_count<=0"": -3, ""priors_count<=0"": -3, ""priors_count<=2"": -5, ""priors_count<=6"": -5}"
x4_family,visible,compas,10,ok,6.4129,0.6055605523836098,0.6055605523835149,0.60556055,True,ok,0.7378078848763421,"{""sex=1"": -2, ""age<=22"": -4, ""age<=29"": -2, ""age<=34"": -2, ""age<=45"": -2, ""juv_other_count<=0"": 3, ""priors_count<=0"": 2, ""priors_count<=1"": 2, ""priors_count<=2"": 4, ""priors_count<=6"": 5}"
x4_family,visible,australian,3,ok,0.0765,0.3379872507337162,0.3379872507335173,0.33798725,True,ok,0.8915265062806046,"{""A8=0"": -5, ""A10<=1"": -2, ""A14<=126"": -2}"
x4_family,visible,australian,4,ok,1.4456,0.3266563195115297,0.3266563195115181,0.32665632,True,ok,0.9259101554183522,"{""A3<=13"": 2, ""A8=1"": 5, ""A10<=1"": -2, ""A14<=126"": -2}"
x4_family,visible,australian,5,ok,22.6025,0.31742251989231884,0.3174225192105295,0.31742252,True,ok,0.944113263785395,"{""A3<=13"": 3, ""A7<=26"": -1, ""A8=1"": 5, ""A10<=3"": -2, ""A14<=87"": -2}"
x4_family,visible,australian,7,ok,54.0003,0.3038390458122755,0.0,0.30383905,False,ok,0.9490100063870556,"{""A3<=13"": 3, ""A3<=89"": -1, ""A5=14"": 3, ""A7<=26"": -1, ""A8=0"": -5, ""A10<=3"": -2, ""A14<=87"": -2}"
x4_family,visible,australian,10,ok,54.0003,0.2899933849774524,0.0,0.28999338,False,ok,0.9367681498829039,"{""A3<=13"": 3, ""A3<=89"": -1, ""A4=2"": 1, ""A5=1"": -2, ""A5=14"": 3, ""A6=5"": -2, ""A7<=26"": -1, ""A8=1"": 5, ""A10<=3"": -2, ""A14<=87"": -2}"
x4_family,visible,heart,3,ok,0.0283,0.39413198739569943,0.394131987395691,0.39413199,True,ok,0.7666666666666667,"{""chest<=3"": -4, ""oldpeak<=1.9"": -5, ""thal<=3"": -4}"
x4_family,visible,heart,4,ok,0.1423,0.356107606733472,0.3561076067334593,0.35610761,True,ok,0.8638888888888888,"{""chest<=3"": -5, ""oldpeak<=0.6"": -4, ""number_of_major_vessels<=0"": -4, ""thal<=3"": -5}"
x4_family,visible,heart,5,ok,1.2891,0.33644466276027807,0.33644466276025087,0.33644466,True,ok,0.8520833333333333,"{""chest<=3"": -3, ""resting_electrocardiographic_results<=0"": -2, ""oldpeak<=0.6"": -3, ""number_of_major_vessels<=0"": -3, ""thal<=3"": -4}"
x4_family,visible,heart,7,ok,54.0003,0.3144555579719983,0.0,0.31496988,False,ok,0.8368055555555556,"{""age<=58"": 4, ""age<=63"": -5, ""chest<=3"": 4, ""resting_electrocardiographic_results<=0"": 3, ""oldpeak<=0.6"": 4, ""number_of_major_vessels<=0"": 4, ""thal<=3"": 5}"
x4_family,visible,heart,10,ok,54.0003,0.2791468625811999,0.0,0.27914686,False,ok,0.8062499999999999,"{""age<=60"": -5, ""age<=63"": 5, ""sex=1"": 3, ""chest<=3"": -3, ""serum_cholestoral<=270"": -2, ""resting_electrocardiographic_results<=0"": -2, ""oldpeak<=0.6"": -2, ""oldpeak<=1.9"": -2, ""number_of_major_vessels<=0"": -2, ""thal<=3"": -3}"
x4_family,visible,ionosphere,3,ok,1.6999,0.28199539974926296,0.28199539974925697,0.2819954,True,ok,0.9139130434782609,"{""a03<=0"": 5, ""a05<=0"": 5, ""a22<=0.82162"": -1}"
x4_family,visible,ionosphere,4,ok,54.0008,0.2279781518735197,0.0,0.22797815,False,ok,0.9278260869565217,"{""a03<=0"": 5, ""a04<=-0.59677"": 1, ""a05<=0.06704"": 1, ""a06<=-0.23067"": 1}"
x4_family,visible,ionosphere,5,ok,54.0006,0.20648715366327594,0.0,0.20648715,False,ok,0.9299999999999999,"{""a03<=0"": 5, ""a05<=0.06704"": 4, ""a06<=-0.23067"": 4, ""a06<=0.78579"": -3, ""a22<=-0.03333"": -2}"
x4_family,visible,ionosphere,7,ok,54.0005,0.14271712498886777,0.0,0.14271712,False,ok,0.9382608695652174,"{""a03<=0"": 5, ""a05<=0"": 5, ""a06<=-0.23067"": 4, ""a07<=0.38431"": 2, ""a22<=-0.03333"": -3, ""a24<=-1"": 4, ""a32<=0.77702"": -2}"
x4_family,visible,ionosphere,10,ok,54.0004,0.08583886979059814,0.0,0.08583887,False,ok,0.9252173913043477,"{""a03<=0"": 5, ""a05<=0"": 5, ""a06<=-0.23067"": 4, ""a07<=0.38431"": 2, ""a18<=0"": 1, ""a22<=-0.03333"": -3, ""a24<=-1"": 3, ""a29<=0.52798"": 2, ""a32<=0.77702"": -3, ""a33<=0.75115"": -2}"
x4_family,visible,ilpd,3,ok,0.071,0.5069721752569345,0.5069721752569238,0.50697218,True,ok,0.7462792345854004,"{""V1<=24"": 1, ""V4<=1"": 2, ""V5<=206"": 1}"
x4_family,visible,ilpd,4,ok,1.2102,0.49795585352988103,0.4979558535298643,0.49795585,True,ok,0.7829553508150248,"{""V1<=24"": 3, ""V4<=1"": 4, ""V5<=206"": 2, ""V6<=69"": 3}"
x4_family,visible,ilpd,5,ok,24.8432,0.49203517133424296,0.4920351713342204,0.49203517,True,ok,0.7859673990077959,"{""V1<=24"": 3, ""V1<=66"": 3, ""V4<=1"": 5, ""V5<=206"": 2, ""V6<=69"": 3}"
x4_family,visible,ilpd,7,ok,54.0003,0.48483984421584536,0.0,0.48346504,False,ok,0.7854358610914246,"{""V1<=24"": 1, ""V1<=60"": -1, ""V1<=66"": 2, ""V4<=1"": 2, ""V4<=4"": 5, ""V5<=206"": 1, ""V6<=69"": 1}"
x4_family,visible,ilpd,10,ok,54.0003,0.4744057564957534,0.0,0.4735486,False,ok,0.7739192062367115,"{""V1<=24"": 1, ""V1<=66"": 1, ""V4<=0.6"": 1, ""V4<=4"": 5, ""V5<=206"": 1, ""V6<=69"": 1, ""V8<=6.5"": 1, ""V9<=3.1"": -1, ""V9<=4.1"": -1, ""V10<=1.3"": 1}"
x4_family,visible,magic,3,ok,1.6681,0.47478486756430993,0.47478486756430066,0.47478487,True,ok,0.7965658356370701,"{""fLength:<=106.655"": -5, ""fSize:<=2.42"": -2, ""fAlpha:<=18.205"": -4}"
x4_family,visible,magic,4,ok,14.6409,0.45620113872765816,0.45620113872761403,0.45620114,True,ok,0.8145058563689459,"{""fLength:<=106.655"": -2, ""fSize:<=2.42"": -1, ""fAlpha:<=11.711"": -1, ""fAlpha:<=27.106"": -1}"
x4_family,visible,magic,5,ok,54.002,0.44183375620039617,0.0,0.44183376,False,ok,0.8292445077021656,"{""fLength:<=106.655"": -4, ""fWidth:<=11.1267"": 2, ""fSize:<=2.42"": -3, ""fAlpha:<=11.711"": -2, ""fAlpha:<=27.106"": -2}"
x4_family,visible,magic,7,ok,54.0025,0.41879759785437926,0.0,0.4187976,False,ok,0.8452481964882139,"{""fLength:<=106.655"": -5, ""fWidth:<=11.1267"": 4, ""fWidth:<=39.6681"": -5, ""fSize:<=2.42"": -5, ""fM3Long:<=-34.8805"": 4, ""fAlpha:<=11.711"": -4, ""fAlpha:<=27.106"": -4}"
x4_family,visible,magic,10,ok,54.0035,0.4020098369768927,0.0,0.40023123,False,ok,0.8539255463172146,"{""fLength:<=46.2915"": -2, ""fLength:<=106.655"": -4, ""fWidth:<=11.1267"": 3, ""fWidth:<=15.1087"": 2, ""fWidth:<=39.6681"": -3, ""fSize:<=2.2844"": -3, ""fSize:<=2.5289"": -3, ""fM3Long:<=-34.8805"": 3, ""fAlpha:<=11.711"": -4, ""fAlpha:<=27.106"": -3}"
x4_family,visible,haberman,3,ok,0.0094,0.4906198182007443,0.4906198182007355,0.49061982,True,ok,0.6012228260869564,"{""Age_of_patient_at_time_of_operation<=38"": -3, ""Patients_year_of_operation=61"": -4, ""Number_of_positive_axillary_nodes_detected<=4"": -3}"
x4_family,visible,haberman,4,ok,0.0161,0.4808848365382481,0.48088483653823694,0.48088484,True,ok,0.5883152173913043,"{""Age_of_patient_at_time_of_operation<=38"": -3, ""Patients_year_of_operation=65"": 2, ""Patients_year_of_operation=61"": -4, ""Number_of_positive_axillary_nodes_detected<=4"": -3}"
x4_family,visible,haberman,5,ok,0.0737,0.4779456368232793,0.4779456368230084,0.47794564,True,ok,0.563858695652174,"{""Age_of_patient_at_time_of_operation<=38"": -4, ""Patients_year_of_operation=65"": 2, ""Patients_year_of_operation=61"": -5, ""Patients_year_of_operation=63"": -2, ""Number_of_positive_axillary_nodes_detected<=4"": -4}"
x4_family,visible,haberman,7,ok,1.1145,0.4731003093016757,0.47310030930165214,0.47310031,True,ok,0.626358695652174,"{""Age_of_patient_at_time_of_operation<=38"": -3, ""Patients_year_of_operation=60"": -1, ""Patients_year_of_operation=65"": 2, ""Patients_year_of_operation=61"": -5, ""Patients_year_of_operation=63"": -2, ""Number_of_positive_axillary_nodes_detected<=0"": -1, ""Number_of_positive_axillary_nodes_detected<=4"": -3}"
x4_family,visible,haberman,10,ok,2.1939,0.46599816819711143,0.4659981681970336,0.46599817,True,ok,0.5957880434782609,"{""Age_of_patient_at_time_of_operation<=38"": -3, ""Age_of_patient_at_time_of_operation<=42"": -2, ""Age_of_patient_at_time_of_operation<=49"": 2, ""Age_of_patient_at_time_of_operation<=58"": -1, ""Patients_year_of_operation=65"": 2, ""Patients_year_of_operation=61"": -5, ""Patients_year_of_operation=63"": -2, ""Patients_year_of_operation=67"": -2, ""Number_of_positive_axillary_nodes_detected<=0"": -1, ""Number_of_positive_axillary_nodes_detected<=4"": -3}"
x4_family,tiny,syn0,2,ok,0.0133,0.5446817400310768,0.5446817400310692,0.544681740031,True,ok,0.7354273023564362,"{""x0"": 3, ""x5"": -3}"
x4_family,tiny,syn0,3,ok,0.0108,0.517219768730159,0.5172197687301479,0.51721976873,True,ok,0.7913241614029015,"{""x0"": -5, ""x2"": 4, ""x5"": 5}"
x4_family,tiny,syn1,2,ok,0.006,0.5424078436161445,0.5424078436161367,0.542407843616,True,ok,0.700215866162979,"{""x0"": 1, ""x5"": 1}"
x4_family,tiny,syn1,3,ok,0.0081,0.5078273260983516,0.5078273260983408,0.507827326098,True,ok,0.7139773340528872,"{""x0"": 4, ""x5"": 4, ""x7"": 3}"
x4_family,tiny,syn2,2,ok,0.0079,0.6108453902145077,0.610845390214499,0.610845390215,True,ok,0.6656700577256607,"{""x4"": 5, ""x8"": -3}"
x4_family,tiny,syn2,3,ok,0.009,0.5997197208530549,0.5997197208530098,0.599719720853,True,ok,0.681162796717662,"{""x3"": 2, ""x4"": 5, ""x8"": -3}"
x4_family,tiny,syn3,2,ok,0.0075,0.5394043667750122,0.5394043667750046,0.539404366775,True,ok,0.7940387195706344,"{""x2"": -1, ""x3"": 1}"
x4_family,tiny,syn3,3,ok,0.011,0.4856527251948659,0.4856527251948555,0.485652725195,True,ok,0.8436019606232372,"{""x2"": -1, ""x3"": 1, ""x9"": 1}"
x4_family,tiny,syn4,2,ok,0.0081,0.6132407316655778,0.613240731665569,0.613240731666,True,ok,0.6743073576053052,"{""x3"": 5, ""x5"": 4}"
x4_family,tiny,syn4,3,ok,0.0098,0.5888039988601307,0.5888039988601181,0.58880399886,True,ok,0.7138344997509894,"{""x3"": 5, ""x5"": 4, ""x6"": -4}"
x4_family,tiny,syn5,2,ok,0.0118,0.49061575337749247,0.49061575337748514,0.490615753377,True,ok,0.7676676570458405,"{""x1"": 3, ""x2"": -1}"
x4_family,tiny,syn5,3,ok,0.0084,0.48817955613546987,0.48817955613545033,0.488179556135,True,ok,0.7614335738539898,"{""x1"": 5, ""x2"": -2, ""x9"": -1}"
x4_family,tiny,syn6,2,ok,0.0055,0.14802788113021076,0.14802788113020865,0.14802788113,True,ok,0.6596320346320347,"{""x3"": 1, ""x4"": -1}"
x4_family,tiny,syn6,3,ok,0.0088,0.13906553782524034,0.1390655378252374,0.139065537825,True,ok,0.751082251082251,"{""x3"": 1, ""x4"": -1, ""x6"": -1}"
x4_family,tiny,syn7,2,ok,0.0076,0.5015280482234045,0.5015280482233685,0.501528048223,True,ok,0.7189240306819376,"{""x2"": -2, ""x4"": -2}"
x4_family,tiny,syn7,3,ok,0.0099,0.4854612061587655,0.4854612061587551,0.485461206159,True,ok,0.7386606423592869,"{""x1"": 2, ""x2"": -2, ""x4"": -2}"
x4_family,tiny,syn8,2,ok,0.0079,0.4961153691002832,0.49611536910027604,0.4961153691,True,ok,0.7551558336229869,"{""x2"": -1, ""x6"": 1}"
x4_family,tiny,syn8,3,ok,0.0099,0.48292494900391036,0.4829249490039,0.482924949004,True,ok,0.7773288147375739,"{""x2"": -5, ""x4"": 3, ""x6"": 5}"
x4_family,tiny,syn9,2,ok,0.0057,0.5047078649095531,0.504707864909546,0.50470786491,True,ok,0.8380513495720869,"{""x6"": -3, ""x9"": 5}"
x4_family,tiny,syn9,3,ok,0.0074,0.49035443087838726,0.49035443087837516,0.490354430878,True,ok,0.8486668861092825,"{""x1"": 1, ""x6"": -2, ""x9"": 3}"
x4_family,tiny,syn10,2,ok,0.0073,0.4890810417103373,0.4890810417103303,0.48908104171,True,ok,0.6921452702702702,"{""x2"": -3, ""x3"": -3}"
x4_family,tiny,syn10,3,ok,0.0097,0.4793160349932964,0.47931603499328623,0.479316034993,True,ok,0.7270660083160083,"{""x0"": 2, ""x2"": -5, ""x3"": -5}"
x4_family,tiny,syn11,2,ok,0.0045,0.49211041732485106,0.4921104173248441,0.492110417325,True,ok,0.8401988636363635,"{""x6"": 5, ""x9"": 4}"
x4_family,tiny,syn11,3,ok,0.0066,0.45169452509203867,0.4516945250917131,0.451694525092,True,ok,0.9240056818181819,"{""x1"": 4, ""x6"": 5, ""x9"": 5}"
x4_family,tiny,adult0,2,ok,0.0069,0.4404415262608285,0.4404415262608221,0.440441526261,True,ok,0.7866125274122807,"{""x0"": 3, ""x5"": -2}"
x4_family,tiny,adult0,3,ok,0.0091,0.4285576334555465,0.4285576334555372,0.428557633456,True,ok,0.7943393640350878,"{""x0"": 4, ""x5"": -3, ""x9"": 2}"
x4_family,tiny,adult1,2,ok,0.0069,0.4251927761860085,0.42519277618600243,0.425192776186,True,ok,0.746898985745614,"{""x0"": 5, ""x4"": 4}"
x4_family,tiny,adult1,3,ok,0.0085,0.4104985715595258,0.4104985715595158,0.41049857156,True,ok,0.7788856907894737,"{""x0"": 4, ""x4"": 3, ""x7"": 2}"
x4_family,tiny,bank0,2,ok,0.0068,0.28737579334064095,0.2873757933406369,0.287375793341,True,ok,0.7791236306729264,"{""x2"": 2, ""x7"": 3}"
x4_family,tiny,bank0,3,ok,0.0099,0.2824076251922267,0.2824076251920309,0.282407625192,True,ok,0.7864788732394365,"{""x0"": -2, ""x2"": 3, ""x7"": 4}"
x4_family,tiny,bank1,2,ok,0.0066,0.27445913427890106,0.27445913427889707,0.274459134279,True,ok,0.7549295774647888,"{""x1"": 3, ""x7"": 4}"
x4_family,tiny,bank1,3,ok,0.0122,0.2649032414829257,0.26490324148292105,0.264903241483,True,ok,0.7729577464788733,"{""x0"": -3, ""x4"": -3, ""x7"": 5}"
x4_family,tiny,mammo0,2,ok,0.0048,0.4870724927203053,0.48707249272029207,0.48707249272,True,ok,0.7961140335991854,"{""x0"": -5, ""x2"": 2}"
x4_family,tiny,mammo0,3,ok,0.0066,0.4658357722339051,0.46583577223389516,0.465835772234,True,ok,0.8297980655014423,"{""x0"": -4, ""x1"": 3, ""x2"": 3}"
x4_family,tiny,mammo1,2,ok,0.0047,0.4870724927203053,0.48707249272029207,0.48707249272,True,ok,0.7961140335991854,"{""x0"": -5, ""x2"": 2}"
x4_family,tiny,mammo1,3,ok,0.0069,0.4658357722339051,0.46583577223389516,0.465835772234,True,ok,0.8297980655014423,"{""x0"": -4, ""x1"": 3, ""x2"": 3}"
x4_family,tiny,mushroom0,2,ok,0.0062,0.15339675278235038,0.15339675276519177,0.153396752782,True,ok,0.979049335435909,"{""x1"": 5, ""x6"": -1}"
x4_family,tiny,mushroom0,3,ok,0.0089,0.11698955207199077,0.11698954683867756,0.116989552072,True,ok,0.989562213711797,"{""x1"": 5, ""x3"": 5, ""x5"": 1}"
x4_family,tiny,mushroom1,2,ok,0.0062,0.12878025349797625,0.12878025348817415,0.128780253498,True,ok,0.9699757202573152,"{""x1"": 5, ""x5"": 1}"
x4_family,tiny,mushroom1,3,ok,0.0087,0.10091780231276294,0.10091780199297604,0.100917802313,True,ok,0.9789241821231007,"{""x1"": 5, ""x3"": 5, ""x5"": 1}"
x4_family,tiny,fico0,2,ok,0.0059,0.5812007447676837,0.5812007447675754,0.581200744768,True,ok,0.7190124999999999,"{""x0"": 5, ""x9"": -3}"
x4_family,tiny,fico0,3,ok,0.0079,0.574847113794094,0.5748471137940823,0.574847113794,True,ok,0.7441125,"{""x0"": 5, ""x4"": 2, ""x9"": -3}"
x4_family,tiny,fico1,2,ok,0.0061,0.6102008403466027,0.6102008403434527,0.610200840347,True,ok,0.7442,"{""x2"": 5, ""x5"": 4}"
x4_family,tiny,fico1,3,ok,0.0147,0.6005809873321837,0.6005809873321741,0.600580987332,True,ok,0.76435,"{""x2"": 5, ""x5"": 5, ""x9"": -4}"
x4_family,tiny,compas0,2,ok,0.0063,0.629996371800631,0.629996371800622,0.629996371801,True,ok,0.7134433962264151,"{""x2"": 4, ""x6"": -3}"
x4_family,tiny,compas0,3,ok,0.009,0.6192854625477515,0.6192854625477404,0.619285462548,True,ok,0.7332396627860296,"{""x1"": -3, ""x3"": -4, ""x6"": 4}"
x4_family,tiny,compas1,2,ok,0.0064,0.6190112288342146,0.6190112288342057,0.619011228834,True,ok,0.6652323364110799,"{""x0"": -4, ""x6"": 3}"
x4_family,tiny,compas1,3,ok,0.0131,0.6112271865486547,0.6112271862555825,0.611227186549,True,ok,0.6573790646326776,"{""x1"": -3, ""x2"": -4, ""x6"": 4}"
x4_family,tiny,australian0,2,ok,0.0082,0.3433494648221187,0.34334946482211165,0.343349464822,True,ok,0.8926925608953258,"{""x1"": -5, ""x5"": 2}"
x4_family,tiny,australian0,3,ok,0.0069,0.3281367559010285,0.3281367559010214,0.328136755901,True,ok,0.8945029624753127,"{""x1"": -5, ""x2"": -2, ""x9"": -2}"
x4_family,tiny,australian1,2,ok,0.0082,0.3433494648221187,0.34334946482211165,0.343349464822,True,ok,0.8926925608953258,"{""x1"": -5, ""x5"": 2}"
x4_family,tiny,australian1,3,ok,0.0068,0.3281367559010285,0.3281367559010214,0.328136755901,True,ok,0.8945029624753127,"{""x1"": -5, ""x2"": -2, ""x9"": -2}"
x4_family,tiny,heart0,2,ok,0.0048,0.39145572741205925,0.3914557274120263,0.391455727412,True,ok,0.725,"{""x0"": -5, ""x2"": -4}"
x4_family,tiny,heart0,3,ok,0.0071,0.3286332589543534,0.32863325895408496,0.328633258954,True,ok,0.7479166666666667,"{""x0"": -4, ""x2"": -3, ""x5"": -4}"
x4_family,tiny,heart1,2,ok,0.0051,0.39145572741205925,0.3914557274120263,0.391455727412,True,ok,0.725,"{""x0"": -5, ""x2"": -4}"
x4_family,tiny,heart1,3,ok,0.0064,0.3286332589543534,0.32863325895408496,0.328633258954,True,ok,0.7479166666666667,"{""x0"": -4, ""x2"": -3, ""x5"": -4}"
x4_family,tiny,ilpd0,2,ok,0.0046,0.5186090889548504,0.518609088954843,0.518609088955,True,ok,0.6821448313985627,"{""x2"": 5, ""x6"": 3}"
x4_family,tiny,ilpd0,3,ok,0.0066,0.5095557789943593,0.5095557789943502,0.509555778994,True,ok,0.6901603095632947,"{""x2"": 1, ""x6"": 1, ""x8"": 5}"
x4_family,tiny,ilpd1,2,ok,0.0047,0.5186090889548504,0.518609088954843,0.518609088955,True,ok,0.6821448313985627,"{""x2"": 5, ""x6"": 3}"
x4_family,tiny,ilpd1,3,ok,0.0065,0.5095557789943593,0.5095557789943502,0.509555778994,True,ok,0.6901603095632947,"{""x2"": 1, ""x6"": 1, ""x8"": 5}"
x5_bits,visible,adult,3,ok,0.0702,0.40451518177265444,0.40451518177264734,0.40451518,True,ok,0.8246348665670107,"{""HSDiploma"": -1, ""NoHS"": -2, ""Married"": 2}"
x5_bits,visible,adult,4,ok,0.2539,0.3881656387542517,0.3881656387542407,0.38816564,True,ok,0.8444253261870338,"{""HSDiploma"": -2, ""NoHS"": -4, ""Married"": 4, ""AnyCapitalGains"": 3}"
x5_bits,visible,adult,5,ok,1.9932,0.37728155038497213,0.3772815503849531,0.37728155,True,ok,0.8586250083143998,"{""Age_22_to_29"": -2, ""HSDiploma"": -2, ""NoHS"": -4, ""Married"": 4, ""AnyCapitalGains"": 3}"
x5_bits,visible,adult,7,ok,47.6176,0.3632879178831039,0.3632879178830476,0.36328792,True,ok,0.8706296888839099,"{""Age_22_to_29"": -3, ""HSDiploma"": -3, ""NoHS"": -5, ""JobManagerial"": 2, ""Married"": 5, ""WorkHrsPerWeek_lt_40"": -2, ""AnyCapitalGains"": 4}"
x5_bits,visible,adult,10,ok,54.0109,0.35342272575902606,0.0,0.35342273,False,ok,0.8826068006539496,"{""Age_30_to_44"": 3, ""Age_45_to_59"": 4, ""Age_geq_60"": 3, ""HSDiploma"": -3, ""NoHS"": -5, ""JobManagerial"": 2, ""Married"": 5, ""WorkHrsPerWeek_lt_40"": -2, ""AnyCapitalGains"": 4, ""AnyCapitalLoss"": 3}"
x5_bits,visible,bank,3,ok,0.1187,0.28398526050475853,0.2839852605047511,0.28398526,True,ok,0.7726779284896623,"{""call_in_Q2"": -1, ""calls_b4_campaign_successful"": 2, ""emp_var_rate_lt_n1"": 2}"
x5_bits,visible,bank,4,ok,0.5544,0.28178061505771845,0.2817806150577104,0.28178062,True,ok,0.7779411200429753,"{""call_in_Q2"": -2, ""calls_b4_campaign_successful"": 3, ""cons_price_idx_geq_93_5"": 1, ""euribor3m_geq_300"": -4}"
x5_bits,visible,bank,5,ok,3.6788,0.2808465895282374,0.2808465895282167,0.28084659,True,ok,0.7830979925688596,"{""call_in_Q2"": -2, ""called_before"": 3, ""calls_b4_campaign_failed"": -1, ""emp_var_rate_lt_n1"": 4, ""cons_price_idx_geq_93_5"": 1}"
x5_bits,visible,bank,7,ok,54.0003,0.27923804198746716,0.0,0.27923804,False,ok,0.7830508284890227,"{""age_ge_60"": 1, ""job_blue_collar"": -1, ""call_in_Q2"": -2, ""calls_b4_campaign_failed"": -1, ""calls_b4_campaign_successful"": 3, ""emp_var_rate_lt_n1"": 5, ""cons_price_idx_geq_93_5"": 1}"
x5_bits,visible,bank,10,ok,54.0003,0.2780978603622512,0.0,0.27791022,False,ok,0.7790882463915483,"{""age_ge_60"": 2, ""job_student"": 1, ""job_blue_collar"": -1, ""credit_is_or_may_be_in_default"": -1, ""call_in_Q1"": 1, ""call_in_Q2"": -2, ""any_prior_calls_b4_campaign"": -1, ""calls_b4_campaign_successful"": 5, ""nr_employed_gt_5100"": -5, ""cons_price_idx_geq_93_5"": 1}"
x5_bits,visible,breastcancer,3,ok,0.0373,0.0892270617348029,0.08922706173477439,0.08922706,True,ok,0.9878277153558053,"{""ClumpThickness"": 3, ""UniformityOfCellSize"": 5, ""BareNuclei"": 3}"
x5_bits,visible,breastcancer,4,ok,0.1153,0.07846697475234178,0.07846697474951919,0.07846697,True,ok,0.9898174157303371,"{""ClumpThickness"": 4, ""UniformityOfCellSize"": 5, ""BareNuclei"": 3, ""BlandChromatin"": 4}"
x5_bits,visible,breastcancer,5,ok,0.1565,0.07315003724742207,0.07315003724737562,0.07315004,True,ok,0.9918071161048689,"{""ClumpThickness"": 3, ""UniformityOfCellShape"": 4, ""MarginalAdhesion"": 2, ""BareNuclei"": 2, ""BlandChromatin"": 4}"
x5_bits,visible,breastcancer,7,ok,0.1219,0.06746347532828346,0.06746347532823517,0.06746348,True,ok,0.992626404494382,"{""ClumpThickness"": 4, ""UniformityOfCellShape"": 4, ""MarginalAdhesion"": 3, ""BareNuclei"": 3, ""BlandChromatin"": 5, ""NormalNucleoli"": 2, ""Mitoses"": 3}"
x5_bits,visible,breastcancer,10,ok,0.1053,0.06592425084343989,0.06592425084339622,0.06592425,True,ok,0.9915730337078652,"{""ClumpThickness"": 3, ""UniformityOfCellSize"": 1, ""UniformityOfCellShape"": 2, ""MarginalAdhesion"": 2, ""SingleEpithelialCellSize"": 1, ""BareNuclei"": 2, ""BlandChromatin"": 4, ""NormalNucleoli"": 1, ""Mitoses"": 2}"
x5_bits,visible,mammo,3,ok,0.0092,0.472334615836568,0.47233461583655806,0.47233462,True,ok,0.8532843560933447,"{""IrregularShape"": 4, ""CircumscribedMargin"": -5, ""Age_geq_60"": 3}"
x5_bits,visible,mammo,4,ok,0.0125,0.46720671586568163,0.4672067158656685,0.46720672,True,ok,0.8571197061365601,"{""IrregularShape"": 3, ""CircumscribedMargin"": -4, ""SpiculatedMargin"": 2, ""Age_geq_60"": 3}"
x5_bits,visible,mammo,5,ok,0.0326,0.46370461455879974,0.46370461455878575,0.46370461,True,ok,0.8565795159896282,"{""IrregularShape"": -3, ""CircumscribedMargin"": 4, ""SpiculatedMargin"": -2, ""Age_lt_30"": 5, ""Age_geq_60"": -3}"
x5_bits,visible,mammo,7,ok,0.3412,0.4592871887627443,0.45928718876262403,0.45928719,True,ok,0.8508535004321521,"{""OvalShape"": -1, ""IrregularShape"": 2, ""CircumscribedMargin"": -3, ""ObscuredMargin"": -1, ""SpiculatedMargin"": 1, ""Age_geq_30"": 5, ""Age_geq_60"": 2}"
x5_bits,visible,mammo,10,ok,39.8308,0.45827677476065914,0.458276774760529,0.45827677,True,ok,0.8453975799481418,"{""RoundShape"": 1, ""OvalShape"": 2, ""IrregularShape"": -3, ""CircumscribedMargin"": 5, ""ObscuredMargin"": 2, ""SpiculatedMargin"": -2, ""Age_lt_30"": 5, ""Age_geq_30"": -5, ""Age_geq_45"": -1, ""Age_geq_60"": -3}"
x5_bits,visible,mushroom,3,ok,0.186,0.06494475825921053,0.06494475764181001,0.06494476,True,ok,0.9879991384619118,"{""odor_eq_almond"": -2, ""odor_eq_anise"": -2, ""odor_eq_none"": -1}"
x5_bits,visible,mushroom,4,ok,8.5675,0.03151661237198366,0.03151661160169937,0.03151661,True,ok,0.9953040107024872,"{""odor_eq_almond"": -5, ""odor_eq_anise"": -5, ""odor_eq_none"": -4, ""spore_print_color_eq_green"": 4}"
x5_bits,visible,mushroom,5,ok,54.0828,0.009137783224568645,0.0,0.00913778,False,ok,0.9978992425138711,"{""odor_eq_almond"": -5, ""odor_eq_anise"": -5, ""odor_eq_none"": -3, ""stalk_surface_below_ring_eq_scaly"": 1, ""spore_print_color_eq_green"": 5}"
x5_bits,visible,mushroom,7,ok,54.0021,3.8593243796512854e-13,0.0,0.0,True,ok,1.0,"{""odor_eq_almond"": -5, ""odor_eq_anise"": -5, ""odor_eq_none"": -4, ""gill_size_eq_narrow"": 2, ""stalk_surface_below_ring_eq_scaly"": 2, ""spore_print_color_eq_green"": 5, ""population_eq_clustered"": 2}"
x5_bits,visible,mushroom,10,ok,54.0631,6.537876176643081e-13,0.0,0.0,True,ok,1.0,"{""odor_eq_almond"": -5, ""odor_eq_anise"": -5, ""odor_eq_none"": -2, ""odor_eq_foul"": 2, ""gill_size_eq_narrow"": 1, ""gill_color_eq_buff"": 2, ""stalk_root_eq_rooted"": -2, ""stalk_surface_below_ring_eq_scaly"": 1, ""spore_print_color_eq_green"": 3, ""population_eq_clustered"": 1}"
x5_bits,visible,spambase,3,ok,22.5973,0.39815962909806096,0.3981596290946329,0.39815963,True,ok,0.9099425338428271,"{""WordFreqRemove"": 2, ""WordFreqHP"": -1, ""CharFreqDollarSign"": 4}"
x5_bits,visible,spambase,4,ok,54.0015,0.36266309545965447,0.0,0.3626631,False,ok,0.9289029098413264,"{""WordFreqRemove"": 2, ""WordFreqHP"": -1, ""WordFreqGeorge"": -2, ""CharFreqDollarSign"": 4}"
x5_bits,visible,spambase,5,ok,54.0015,0.3360455337893006,0.0,0.33604553,False,ok,0.9378141137671929,"{""WordFreqRemove"": 2, ""WordFreqHP"": -1, ""WordFreqGeorge"": -3, ""WordFreqEDU"": -1, ""CharFreqDollarSign"": 4}"
x5_bits,visible,spambase,7,ok,55.5013,0.2981260710383189,0.0,0.29812607,False,ok,0.9548762305360545,"{""WordFreqRemove"": 3, ""WordFreqFree"": 1, ""WordFreq0"": 3, ""WordFreqHP"": -2, ""WordFreqGeorge"": -4, ""WordFreqEDU"": -2, ""CharFreqDollarSign"": 5}"
x5_bits,visible,spambase,10,ok,54.0902,0.2660206809736392,0.0,0.26602068,False,ok,0.9623631229203078,"{""WordFreqRemove"": 3, ""WordFreqFree"": 1, ""WordFreqBusiness"": 1, ""WordFreq0"": 3, ""WordFreqHP"": -2, ""WordFreqGeorge"": -4, ""WordFreqMeeting"": -2, ""WordFreqEDU"": -2, ""CharFreqExcalamationMark"": 1, ""CharFreqDollarSign"": 5}"
x5_bits,visible,fico,3,ok,0.2959,0.5918556511470763,0.591855651147066,0.59185565,True,ok,0.7414784999999999,"{""ExternalRiskEstimate<=68"": 5, ""ExternalRiskEstimate<=78"": 4, ""MSinceMostRecentInqexcl7days<=-8"": -4}"
x5_bits,visible,fico,4,ok,7.2923,0.5785394194171956,0.57853941941681,0.57853942,True,ok,0.763808,"{""ExternalRiskEstimate<=68"": 5, ""ExternalRiskEstimate<=78"": 4, ""MSinceMostRecentInqexcl7days<=-8"": -5, ""MSinceMostRecentInqexcl7days<=0"": 3}"
x5_bits,visible,fico,5,ok,54.003,0.5695292740873528,0.0,0.56952927,False,ok,0.767671,"{""ExternalRiskEstimate<=68"": 3, ""ExternalRiskEstimate<=78"": 3, ""NumSatisfactoryTrades<=13"": 2, ""MSinceMostRecentInqexcl7days<=-8"": -5, ""MSinceMostRecentInqexcl7days<=0"": 2}"
x5_bits,visible,fico,7,ok,54.0027,0.5605509559011824,0.0,0.56055096,False,ok,0.7739745,"{""ExternalRiskEstimate<=68"": 3, ""ExternalRiskEstimate<=78"": 3, ""AverageMInFile<=67"": 1, ""NumSatisfactoryTrades<=13"": 2, ""MSinceMostRecentInqexcl7days<=-8"": -5, ""MSinceMostRecentInqexcl7days<=0"": 2, ""NetFractionRevolvingBurden<=59"": -2}"
x5_bits,visible,fico,10,ok,54.0027,0.554169616008486,0.0,0.55416962,False,ok,0.7808244999999999,"{""ExternalRiskEstimate<=68"": 2, ""ExternalRiskEstimate<=78"": 2, ""AverageMInFile<=58"": 2, ""NumSatisfactoryTrades<=13"": 2, ""PercentTradesNeverDelq<=96"": 2, ""MSinceMostRecentDelq<=20"": 1, ""MSinceMostRecentInqexcl7days<=-8"": -5, ""MSinceMostRecentInqexcl7days<=0"": 2, ""NetFractionRevolvingBurden<=35"": -1, ""NetFractionRevolvingBurden<=59"": -2}"
x5_bits,visible,compas,3,ok,0.0294,0.6225382115397334,0.6225382115397224,0.62253821,True,ok,0.7012972288111494,"{""age<=29"": 4, ""priors_count<=1"": -4, ""priors_count<=6"": -5}"
x5_bits,visible,compas,4,ok,0.0389,0.6157965848787171,0.6157965848787027,0.61579658,True,ok,0.7252711258607099,"{""age<=22"": -3, ""age<=34"": -3, ""priors_count<=1"": 4, ""priors_count<=6"": 4}"
x5_bits,visible,compas,5,ok,0.1101,0.6121183269701487,0.6121183269701311,0.61211833,True,ok,0.7304002908326525,"{""age<=22"": 4, ""age<=34"": 4, ""priors_count<=0"": -3, ""priors_count<=2"": -4, ""priors_count<=6"": -4}"
x5_bits,visible,compas,7,ok,0.5671,0.6082265159549372,0.6082265159548991,0.60822652,True,ok,0.7296174182843033,"{""age<=22"": 4, ""age<=29"": 3, ""age<=39"": 3, ""juv_other_count<=0"": -3, ""priors_count<=0"": -3, ""priors_count<=2"": -5, ""priors_count<=6"": -5}"
x5_bits,visible,compas,10,ok,6.6508,0.6055605523836098,0.6055605523835149,0.60556055,True,ok,0.7378078848763421,"{""sex=1"": -2, ""age<=22"": -4, ""age<=29"": -2, ""age<=34"": -2, ""age<=45"": -2, ""juv_other_count<=0"": 3, ""priors_count<=0"": 2, ""priors_count<=1"": 2, ""priors_count<=2"": 4, ""priors_count<=6"": 5}"
x5_bits,visible,australian,3,ok,0.0338,0.3379872507337162,0.3379872507335173,0.33798725,True,ok,0.8915265062806046,"{""A8=0"": -5, ""A10<=1"": -2, ""A14<=126"": -2}"
x5_bits,visible,australian,4,ok,0.5355,0.3266563195115297,0.3266563195115181,0.32665632,True,ok,0.9259101554183522,"{""A3<=13"": 2, ""A8=1"": 5, ""A10<=1"": -2, ""A14<=126"": -2}"
x5_bits,visible,australian,5,ok,11.6836,0.31742251989231884,0.31742251921052944,0.31742252,True,ok,0.944113263785395,"{""A3<=13"": 3, ""A7<=26"": -1, ""A8=1"": 5, ""A10<=3"": -2, ""A14<=87"": -2}"
x5_bits,visible,australian,7,ok,54.0003,0.3038390458122755,0.0,0.30383905,False,ok,0.9490100063870556,"{""A3<=13"": 3, ""A3<=89"": -1, ""A5=14"": 3, ""A7<=26"": -1, ""A8=0"": -5, ""A10<=3"": -2, ""A14<=87"": -2}"
x5_bits,visible,australian,10,ok,54.0005,0.2899933849774524,0.0,0.28999338,False,ok,0.9367681498829039,"{""A3<=13"": 3, ""A3<=89"": -1, ""A4=2"": 1, ""A5=1"": -2, ""A5=14"": 3, ""A6=5"": -2, ""A7<=26"": -1, ""A8=1"": 5, ""A10<=3"": -2, ""A14<=87"": -2}"
x5_bits,visible,heart,3,ok,0.0118,0.39413198739569943,0.394131987395691,0.39413199,True,ok,0.7666666666666667,"{""chest<=3"": -4, ""oldpeak<=1.9"": -5, ""thal<=3"": -4}"
x5_bits,visible,heart,4,ok,0.0359,0.356107606733472,0.35610760673345926,0.35610761,True,ok,0.8638888888888888,"{""chest<=3"": -5, ""oldpeak<=0.6"": -4, ""number_of_major_vessels<=0"": -4, ""thal<=3"": -5}"
x5_bits,visible,heart,5,ok,0.506,0.33644466276027807,0.33644466276025087,0.33644466,True,ok,0.8520833333333333,"{""chest<=3"": -3, ""resting_electrocardiographic_results<=0"": -2, ""oldpeak<=0.6"": -3, ""number_of_major_vessels<=0"": -3, ""thal<=3"": -4}"
x5_bits,visible,heart,7,ok,54.0003,0.3144555579719983,0.0,0.31496988,False,ok,0.8368055555555556,"{""age<=58"": 4, ""age<=63"": -5, ""chest<=3"": 4, ""resting_electrocardiographic_results<=0"": 3, ""oldpeak<=0.6"": 4, ""number_of_major_vessels<=0"": 4, ""thal<=3"": 5}"
x5_bits,visible,heart,10,ok,54.0003,0.2791468625811999,0.0,0.27914686,False,ok,0.8062499999999999,"{""age<=60"": -5, ""age<=63"": 5, ""sex=1"": 3, ""chest<=3"": -3, ""serum_cholestoral<=270"": -2, ""resting_electrocardiographic_results<=0"": -2, ""oldpeak<=0.6"": -2, ""oldpeak<=1.9"": -2, ""number_of_major_vessels<=0"": -2, ""thal<=3"": -3}"
x5_bits,visible,ionosphere,3,ok,0.2622,0.28199539974926296,0.28199539974925697,0.2819954,True,ok,0.9139130434782609,"{""a03<=0"": 5, ""a05<=0"": 5, ""a22<=0.82162"": -1}"
x5_bits,visible,ionosphere,4,ok,16.0634,0.2279781518735197,0.22797815187351167,0.22797815,True,ok,0.9278260869565217,"{""a03<=0"": 5, ""a04<=-0.59677"": 1, ""a05<=0.06704"": 1, ""a06<=-0.23067"": 1}"
x5_bits,visible,ionosphere,5,ok,54.0006,0.20648715366327594,0.0,0.20648715,False,ok,0.9299999999999999,"{""a03<=0"": 5, ""a05<=0.06704"": 4, ""a06<=-0.23067"": 4, ""a06<=0.78579"": -3, ""a22<=-0.03333"": -2}"
x5_bits,visible,ionosphere,7,ok,54.0005,0.14271712498886777,0.0,0.14271712,False,ok,0.9382608695652174,"{""a03<=0"": 5, ""a05<=0"": 5, ""a06<=-0.23067"": 4, ""a07<=0.38431"": 2, ""a22<=-0.03333"": -3, ""a24<=-1"": 4, ""a32<=0.77702"": -2}"
x5_bits,visible,ionosphere,10,ok,54.0008,0.08583886979059814,0.0,0.08583887,False,ok,0.9252173913043477,"{""a03<=0"": 5, ""a05<=0"": 5, ""a06<=-0.23067"": 4, ""a07<=0.38431"": 2, ""a18<=0"": 1, ""a22<=-0.03333"": -3, ""a24<=-1"": 3, ""a29<=0.52798"": 2, ""a32<=0.77702"": -3, ""a33<=0.75115"": -2}"
x5_bits,visible,ilpd,3,ok,0.0197,0.5069721752569345,0.5069721752569236,0.50697218,True,ok,0.7462792345854004,"{""V1<=24"": 1, ""V4<=1"": 2, ""V5<=206"": 1}"
x5_bits,visible,ilpd,4,ok,0.324,0.49795585352988103,0.49795585352986427,0.49795585,True,ok,0.7829553508150248,"{""V1<=24"": 3, ""V4<=1"": 4, ""V5<=206"": 2, ""V6<=69"": 3}"
x5_bits,visible,ilpd,5,ok,12.1671,0.49203517133424296,0.49203517133422037,0.49203517,True,ok,0.7859673990077959,"{""V1<=24"": 3, ""V1<=66"": 3, ""V4<=1"": 5, ""V5<=206"": 2, ""V6<=69"": 3}"
x5_bits,visible,ilpd,7,ok,54.0003,0.48483984421584536,0.0,0.48346504,False,ok,0.7854358610914246,"{""V1<=24"": 1, ""V1<=60"": -1, ""V1<=66"": 2, ""V4<=1"": 2, ""V4<=4"": 5, ""V5<=206"": 1, ""V6<=69"": 1}"
x5_bits,visible,ilpd,10,ok,54.0003,0.4744057564957534,0.0,0.4735486,False,ok,0.7739192062367115,"{""V1<=24"": 1, ""V1<=66"": 1, ""V4<=0.6"": 1, ""V4<=4"": 5, ""V5<=206"": 1, ""V6<=69"": 1, ""V8<=6.5"": 1, ""V9<=3.1"": -1, ""V9<=4.1"": -1, ""V10<=1.3"": 1}"
x5_bits,visible,magic,3,ok,0.2165,0.47478486756430993,0.47478486756430077,0.47478487,True,ok,0.7965658356370701,"{""fLength:<=106.655"": -5, ""fSize:<=2.42"": -2, ""fAlpha:<=18.205"": -4}"
x5_bits,visible,magic,4,ok,1.0458,0.45620113872765816,0.45620113872761403,0.45620114,True,ok,0.8145058563689459,"{""fLength:<=106.655"": -2, ""fSize:<=2.42"": -1, ""fAlpha:<=11.711"": -1, ""fAlpha:<=27.106"": -1}"
x5_bits,visible,magic,5,ok,12.0641,0.44183375620039617,0.4418337562003781,0.44183376,True,ok,0.8292445077021656,"{""fLength:<=106.655"": -4, ""fWidth:<=11.1267"": 2, ""fSize:<=2.42"": -3, ""fAlpha:<=11.711"": -2, ""fAlpha:<=27.106"": -2}"
x5_bits,visible,magic,7,ok,54.0023,0.41879759785437926,0.0,0.4187976,False,ok,0.8452481964882139,"{""fLength:<=106.655"": -5, ""fWidth:<=11.1267"": 4, ""fWidth:<=39.6681"": -5, ""fSize:<=2.42"": -5, ""fM3Long:<=-34.8805"": 4, ""fAlpha:<=11.711"": -4, ""fAlpha:<=27.106"": -4}"
x5_bits,visible,magic,10,ok,54.0027,0.4020098369768927,0.0,0.40023123,False,ok,0.8539255463172146,"{""fLength:<=46.2915"": -2, ""fLength:<=106.655"": -4, ""fWidth:<=11.1267"": 3, ""fWidth:<=15.1087"": 2, ""fWidth:<=39.6681"": -3, ""fSize:<=2.2844"": -3, ""fSize:<=2.5289"": -3, ""fM3Long:<=-34.8805"": 3, ""fAlpha:<=11.711"": -4, ""fAlpha:<=27.106"": -3}"
x5_bits,visible,haberman,3,ok,0.0152,0.4906198182007443,0.4906198182007356,0.49061982,True,ok,0.6012228260869564,"{""Age_of_patient_at_time_of_operation<=38"": -3, ""Patients_year_of_operation=61"": -4, ""Number_of_positive_axillary_nodes_detected<=4"": -3}"
x5_bits,visible,haberman,4,ok,0.0188,0.4808848365382481,0.48088483653823694,0.48088484,True,ok,0.5883152173913043,"{""Age_of_patient_at_time_of_operation<=38"": -3, ""Patients_year_of_operation=65"": 2, ""Patients_year_of_operation=61"": -4, ""Number_of_positive_axillary_nodes_detected<=4"": -3}"
x5_bits,visible,haberman,5,ok,0.0712,0.4779456368232793,0.4779456368230084,0.47794564,True,ok,0.563858695652174,"{""Age_of_patient_at_time_of_operation<=38"": -4, ""Patients_year_of_operation=65"": 2, ""Patients_year_of_operation=61"": -5, ""Patients_year_of_operation=63"": -2, ""Number_of_positive_axillary_nodes_detected<=4"": -4}"
x5_bits,visible,haberman,7,ok,1.1372,0.4731003093016757,0.47310030930165214,0.47310031,True,ok,0.626358695652174,"{""Age_of_patient_at_time_of_operation<=38"": -3, ""Patients_year_of_operation=60"": -1, ""Patients_year_of_operation=65"": 2, ""Patients_year_of_operation=61"": -5, ""Patients_year_of_operation=63"": -2, ""Number_of_positive_axillary_nodes_detected<=0"": -1, ""Number_of_positive_axillary_nodes_detected<=4"": -3}"
x5_bits,visible,haberman,10,ok,2.2108,0.46599816819711143,0.4659981681970336,0.46599817,True,ok,0.5957880434782609,"{""Age_of_patient_at_time_of_operation<=38"": -3, ""Age_of_patient_at_time_of_operation<=42"": -2, ""Age_of_patient_at_time_of_operation<=49"": 2, ""Age_of_patient_at_time_of_operation<=58"": -1, ""Patients_year_of_operation=65"": 2, ""Patients_year_of_operation=61"": -5, ""Patients_year_of_operation=63"": -2, ""Patients_year_of_operation=67"": -2, ""Number_of_positive_axillary_nodes_detected<=0"": -1, ""Number_of_positive_axillary_nodes_detected<=4"": -3}"
x5_bits,tiny,syn0,2,ok,0.0086,0.5446817400310768,0.5446817400310692,0.544681740031,True,ok,0.7354273023564362,"{""x0"": 3, ""x5"": -3}"
x5_bits,tiny,syn0,3,ok,0.0112,0.517219768730159,0.5172197687301479,0.51721976873,True,ok,0.7913241614029015,"{""x0"": -5, ""x2"": 4, ""x5"": 5}"
x5_bits,tiny,syn1,2,ok,0.0068,0.5424078436161445,0.5424078436161367,0.542407843616,True,ok,0.700215866162979,"{""x0"": 1, ""x5"": 1}"
x5_bits,tiny,syn1,3,ok,0.0135,0.5078273260983516,0.5078273260983408,0.507827326098,True,ok,0.7139773340528872,"{""x0"": 4, ""x5"": 4, ""x7"": 3}"
x5_bits,tiny,syn2,2,ok,0.0076,0.6108453902145077,0.610845390214499,0.610845390215,True,ok,0.6656700577256607,"{""x4"": 5, ""x8"": -3}"
x5_bits,tiny,syn2,3,ok,0.0099,0.5997197208530549,0.5997197208530098,0.599719720853,True,ok,0.681162796717662,"{""x3"": 2, ""x4"": 5, ""x8"": -3}"
x5_bits,tiny,syn3,2,ok,0.0084,0.5394043667750122,0.5394043667750046,0.539404366775,True,ok,0.7940387195706344,"{""x2"": -1, ""x3"": 1}"
x5_bits,tiny,syn3,3,ok,0.0123,0.4856527251948659,0.4856527251948555,0.485652725195,True,ok,0.8436019606232372,"{""x2"": -1, ""x3"": 1, ""x9"": 1}"
x5_bits,tiny,syn4,2,ok,0.008,0.6132407316655778,0.613240731665569,0.613240731666,True,ok,0.6743073576053052,"{""x3"": 5, ""x5"": 4}"
x5_bits,tiny,syn4,3,ok,0.0106,0.5888039988601307,0.5888039988601181,0.58880399886,True,ok,0.7138344997509894,"{""x3"": 5, ""x5"": 4, ""x6"": -4}"
x5_bits,tiny,syn5,2,ok,0.009,0.49061575337749247,0.4906157533774852,0.490615753377,True,ok,0.7676676570458405,"{""x1"": 3, ""x2"": -1}"
x5_bits,tiny,syn5,3,ok,0.0092,0.48817955613546987,0.48817955613545033,0.488179556135,True,ok,0.7614335738539898,"{""x1"": 5, ""x2"": -2, ""x9"": -1}"
x5_bits,tiny,syn6,2,ok,0.0063,0.14802788113021076,0.14802788113020865,0.14802788113,True,ok,0.6596320346320347,"{""x3"": 1, ""x4"": -1}"
x5_bits,tiny,syn6,3,ok,0.0097,0.13906553782524034,0.1390655378252374,0.139065537825,True,ok,0.751082251082251,"{""x3"": 1, ""x4"": -1, ""x6"": -1}"
x5_bits,tiny,syn7,2,ok,0.0088,0.5015280482234045,0.5015280482233685,0.501528048223,True,ok,0.7189240306819376,"{""x2"": -2, ""x4"": -2}"
x5_bits,tiny,syn7,3,ok,0.0137,0.4854612061587655,0.4854612061587551,0.485461206159,True,ok,0.7386606423592869,"{""x1"": 2, ""x2"": -2, ""x4"": -2}"
x5_bits,tiny,syn8,2,ok,0.0088,0.4961153691002832,0.49611536910027604,0.4961153691,True,ok,0.7551558336229869,"{""x2"": -1, ""x6"": 1}"
x5_bits,tiny,syn8,3,ok,0.0107,0.48292494900391036,0.48292494900390004,0.482924949004,True,ok,0.7773288147375739,"{""x2"": -5, ""x4"": 3, ""x6"": 5}"
x5_bits,tiny,syn9,2,ok,0.0107,0.5047078649095531,0.504707864909546,0.50470786491,True,ok,0.8380513495720869,"{""x6"": -3, ""x9"": 5}"
x5_bits,tiny,syn9,3,ok,0.014,0.49035443087838726,0.49035443087837516,0.490354430878,True,ok,0.8486668861092825,"{""x1"": 1, ""x6"": -2, ""x9"": 3}"
x5_bits,tiny,syn10,2,ok,0.0106,0.4890810417103373,0.4890810417103303,0.48908104171,True,ok,0.6921452702702702,"{""x2"": -3, ""x3"": -3}"
x5_bits,tiny,syn10,3,ok,0.0159,0.4793160349932964,0.4793160349932862,0.479316034993,True,ok,0.7270660083160083,"{""x0"": 2, ""x2"": -5, ""x3"": -5}"
x5_bits,tiny,syn11,2,ok,0.0079,0.49211041732485106,0.4921104173248441,0.492110417325,True,ok,0.8401988636363635,"{""x6"": 5, ""x9"": 4}"
x5_bits,tiny,syn11,3,ok,0.0077,0.45169452509203867,0.4516945250917131,0.451694525092,True,ok,0.9240056818181819,"{""x1"": 4, ""x6"": 5, ""x9"": 5}"
x5_bits,tiny,adult0,2,ok,0.0075,0.4404415262608285,0.4404415262608221,0.440441526261,True,ok,0.7866125274122807,"{""x0"": 3, ""x5"": -2}"
x5_bits,tiny,adult0,3,ok,0.0093,0.4285576334555465,0.42855763345553727,0.428557633456,True,ok,0.7943393640350878,"{""x0"": 4, ""x5"": -3, ""x9"": 2}"
x5_bits,tiny,adult1,2,ok,0.0084,0.4251927761860085,0.42519277618600243,0.425192776186,True,ok,0.746898985745614,"{""x0"": 5, ""x4"": 4}"
x5_bits,tiny,adult1,3,ok,0.0094,0.4104985715595258,0.4104985715595159,0.41049857156,True,ok,0.7788856907894737,"{""x0"": 4, ""x4"": 3, ""x7"": 2}"
x5_bits,tiny,bank0,2,ok,0.0068,0.28737579334064095,0.2873757933406369,0.287375793341,True,ok,0.7791236306729264,"{""x2"": 2, ""x7"": 3}"
x5_bits,tiny,bank0,3,ok,0.0146,0.2824076251922267,0.2824076251920309,0.282407625192,True,ok,0.7864788732394365,"{""x0"": -2, ""x2"": 3, ""x7"": 4}"
x5_bits,tiny,bank1,2,ok,0.0077,0.27445913427890106,0.27445913427889707,0.274459134279,True,ok,0.7549295774647888,"{""x1"": 3, ""x7"": 4}"
x5_bits,tiny,bank1,3,ok,0.0213,0.2649032414829257,0.26490324148292105,0.264903241483,True,ok,0.7729577464788733,"{""x0"": -3, ""x4"": -3, ""x7"": 5}"
x5_bits,tiny,mammo0,2,ok,0.0067,0.4870724927203053,0.48707249272029207,0.48707249272,True,ok,0.7961140335991854,"{""x0"": -5, ""x2"": 2}"
x5_bits,tiny,mammo0,3,ok,0.0074,0.4658357722339051,0.46583577223389516,0.465835772234,True,ok,0.8297980655014423,"{""x0"": -4, ""x1"": 3, ""x2"": 3}"
x5_bits,tiny,mammo1,2,ok,0.0065,0.4870724927203053,0.48707249272029207,0.48707249272,True,ok,0.7961140335991854,"{""x0"": -5, ""x2"": 2}"
x5_bits,tiny,mammo1,3,ok,0.0075,0.4658357722339051,0.46583577223389516,0.465835772234,True,ok,0.8297980655014423,"{""x0"": -4, ""x1"": 3, ""x2"": 3}"
x5_bits,tiny,mushroom0,2,ok,0.0092,0.15339675278235038,0.15339675276519177,0.153396752782,True,ok,0.979049335435909,"{""x1"": 5, ""x6"": -1}"
x5_bits,tiny,mushroom0,3,ok,0.0096,0.11698955207199077,0.11698954683867756,0.116989552072,True,ok,0.989562213711797,"{""x1"": 5, ""x3"": 5, ""x5"": 1}"
x5_bits,tiny,mushroom1,2,ok,0.007,0.12878025349797625,0.12878025348817415,0.128780253498,True,ok,0.9699757202573152,"{""x1"": 5, ""x5"": 1}"
x5_bits,tiny,mushroom1,3,ok,0.0096,0.10091780231276294,0.10091780199297604,0.100917802313,True,ok,0.9789241821231007,"{""x1"": 5, ""x3"": 5, ""x5"": 1}"
x5_bits,tiny,fico0,2,ok,0.0065,0.5812007447676837,0.5812007447675754,0.581200744768,True,ok,0.7190124999999999,"{""x0"": 5, ""x9"": -3}"
x5_bits,tiny,fico0,3,ok,0.0085,0.574847113794094,0.5748471137940823,0.574847113794,True,ok,0.7441125,"{""x0"": 5, ""x4"": 2, ""x9"": -3}"
x5_bits,tiny,fico1,2,ok,0.0099,0.6102008403466027,0.6102008403434527,0.610200840347,True,ok,0.7442,"{""x2"": 5, ""x5"": 4}"
x5_bits,tiny,fico1,3,ok,0.0089,0.6005809873321837,0.6005809873321741,0.600580987332,True,ok,0.76435,"{""x2"": 5, ""x5"": 5, ""x9"": -4}"
x5_bits,tiny,compas0,2,ok,0.0075,0.629996371800631,0.629996371800622,0.629996371801,True,ok,0.7134433962264151,"{""x2"": 4, ""x6"": -3}"
x5_bits,tiny,compas0,3,ok,0.0117,0.6192854625477515,0.6192854625477404,0.619285462548,True,ok,0.7332396627860296,"{""x1"": -3, ""x3"": -4, ""x6"": 4}"
x5_bits,tiny,compas1,2,ok,0.0075,0.6190112288342146,0.6190112288342057,0.619011228834,True,ok,0.6652323364110799,"{""x0"": -4, ""x6"": 3}"
x5_bits,tiny,compas1,3,ok,0.0141,0.6112271865486547,0.6112271862555825,0.611227186549,True,ok,0.6573790646326776,"{""x1"": -3, ""x2"": -4, ""x6"": 4}"
x5_bits,tiny,australian0,2,ok,0.0059,0.3433494648221187,0.34334946482211165,0.343349464822,True,ok,0.8926925608953258,"{""x1"": -5, ""x5"": 2}"
x5_bits,tiny,australian0,3,ok,0.0081,0.3281367559010285,0.3281367559010214,0.328136755901,True,ok,0.8945029624753127,"{""x1"": -5, ""x2"": -2, ""x9"": -2}"
x5_bits,tiny,australian1,2,ok,0.0059,0.3433494648221187,0.34334946482211165,0.343349464822,True,ok,0.8926925608953258,"{""x1"": -5, ""x5"": 2}"
x5_bits,tiny,australian1,3,ok,0.0076,0.3281367559010285,0.3281367559010214,0.328136755901,True,ok,0.8945029624753127,"{""x1"": -5, ""x2"": -2, ""x9"": -2}"
x5_bits,tiny,heart0,2,ok,0.0057,0.39145572741205925,0.3914557274120262,0.391455727412,True,ok,0.725,"{""x0"": -5, ""x2"": -4}"
x5_bits,tiny,heart0,3,ok,0.0123,0.3286332589543534,0.3286332589540849,0.328633258954,True,ok,0.7479166666666667,"{""x0"": -4, ""x2"": -3, ""x5"": -4}"
x5_bits,tiny,heart1,2,ok,0.0055,0.39145572741205925,0.3914557274120262,0.391455727412,True,ok,0.725,"{""x0"": -5, ""x2"": -4}"
x5_bits,tiny,heart1,3,ok,0.0124,0.3286332589543534,0.3286332589540849,0.328633258954,True,ok,0.7479166666666667,"{""x0"": -4, ""x2"": -3, ""x5"": -4}"
x5_bits,tiny,ilpd0,2,ok,0.0056,0.5186090889548504,0.518609088954843,0.518609088955,True,ok,0.6821448313985627,"{""x2"": 5, ""x6"": 3}"
x5_bits,tiny,ilpd0,3,ok,0.0117,0.5095557789943593,0.5095557789943503,0.509555778994,True,ok,0.6901603095632947,"{""x2"": 1, ""x6"": 1, ""x8"": 5}"
x5_bits,tiny,ilpd1,2,ok,0.0056,0.5186090889548504,0.518609088954843,0.518609088955,True,ok,0.6821448313985627,"{""x2"": 5, ""x6"": 3}"
x5_bits,tiny,ilpd1,3,ok,0.0079,0.5095557789943593,0.5095557789943503,0.509555778994,True,ok,0.6901603095632947,"{""x2"": 1, ""x6"": 1, ""x8"": 5}"
x6_adapt,visible,adult,3,ok,0.0777,0.40451518177265444,0.40451518177264734,0.40451518,True,ok,0.8246348665670107,"{""HSDiploma"": -1, ""NoHS"": -2, ""Married"": 2}"
x6_adapt,visible,adult,4,ok,0.1252,0.3881656387542517,0.3881656387542407,0.38816564,True,ok,0.8444253261870338,"{""HSDiploma"": -2, ""NoHS"": -4, ""Married"": 4, ""AnyCapitalGains"": 3}"
x6_adapt,visible,adult,5,ok,0.6136,0.37728155038497213,0.3772815503849531,0.37728155,True,ok,0.8586250083143998,"{""Age_22_to_29"": -2, ""HSDiploma"": -2, ""NoHS"": -4, ""Married"": 4, ""AnyCapitalGains"": 3}"
x6_adapt,visible,adult,7,ok,41.4686,0.3632879178831039,0.3632879178830476,0.36328792,True,ok,0.8706296888839099,"{""Age_22_to_29"": -3, ""HSDiploma"": -3, ""NoHS"": -5, ""JobManagerial"": 2, ""Married"": 5, ""WorkHrsPerWeek_lt_40"": -2, ""AnyCapitalGains"": 4}"
x6_adapt,visible,adult,10,ok,54.0005,0.35342272575902606,0.0,0.35342273,False,ok,0.8826068006539496,"{""Age_30_to_44"": 3, ""Age_45_to_59"": 4, ""Age_geq_60"": 3, ""HSDiploma"": -3, ""NoHS"": -5, ""JobManagerial"": 2, ""Married"": 5, ""WorkHrsPerWeek_lt_40"": -2, ""AnyCapitalGains"": 4, ""AnyCapitalLoss"": 3}"
x6_adapt,visible,bank,3,ok,0.13,0.28398526050475853,0.2839852605047511,0.28398526,True,ok,0.7726779284896623,"{""call_in_Q2"": -1, ""calls_b4_campaign_successful"": 2, ""emp_var_rate_lt_n1"": 2}"
x6_adapt,visible,bank,4,ok,0.5114,0.28178061505771845,0.2817806150577104,0.28178062,True,ok,0.7779411200429753,"{""call_in_Q2"": -2, ""calls_b4_campaign_successful"": 3, ""cons_price_idx_geq_93_5"": 1, ""euribor3m_geq_300"": -4}"
x6_adapt,visible,bank,5,ok,3.2614,0.2808465895282374,0.28084657195217616,0.28084659,True,ok,0.7830979925688596,"{""call_in_Q2"": -2, ""called_before"": 3, ""calls_b4_campaign_failed"": -1, ""emp_var_rate_lt_n1"": 4, ""cons_price_idx_geq_93_5"": 1}"
x6_adapt,visible,bank,7,ok,54.0008,0.27923804198746716,0.0,0.27923804,False,ok,0.7830508284890227,"{""age_ge_60"": 1, ""job_blue_collar"": -1, ""call_in_Q2"": -2, ""calls_b4_campaign_failed"": -1, ""calls_b4_campaign_successful"": 3, ""emp_var_rate_lt_n1"": 5, ""cons_price_idx_geq_93_5"": 1}"
x6_adapt,visible,bank,10,ok,54.0033,0.2780978603622512,0.0,0.27791022,False,ok,0.7790882463915483,"{""age_ge_60"": 2, ""job_student"": 1, ""job_blue_collar"": -1, ""credit_is_or_may_be_in_default"": -1, ""call_in_Q1"": 1, ""call_in_Q2"": -2, ""any_prior_calls_b4_campaign"": -1, ""calls_b4_campaign_successful"": 5, ""nr_employed_gt_5100"": -5, ""cons_price_idx_geq_93_5"": 1}"
x6_adapt,visible,breastcancer,3,ok,0.0362,0.0892270617348029,0.08922706173477439,0.08922706,True,ok,0.9878277153558053,"{""ClumpThickness"": 3, ""UniformityOfCellSize"": 5, ""BareNuclei"": 3}"
x6_adapt,visible,breastcancer,4,ok,0.0718,0.07846697475234178,0.07846697474951919,0.07846697,True,ok,0.9898174157303371,"{""ClumpThickness"": 4, ""UniformityOfCellSize"": 5, ""BareNuclei"": 3, ""BlandChromatin"": 4}"
x6_adapt,visible,breastcancer,5,ok,0.1411,0.07315003724742207,0.07315003724737562,0.07315004,True,ok,0.9918071161048689,"{""ClumpThickness"": 3, ""UniformityOfCellShape"": 4, ""MarginalAdhesion"": 2, ""BareNuclei"": 2, ""BlandChromatin"": 4}"
x6_adapt,visible,breastcancer,7,ok,0.1218,0.06746347532828346,0.06746347532823517,0.06746348,True,ok,0.992626404494382,"{""ClumpThickness"": 4, ""UniformityOfCellShape"": 4, ""MarginalAdhesion"": 3, ""BareNuclei"": 3, ""BlandChromatin"": 5, ""NormalNucleoli"": 2, ""Mitoses"": 3}"
x6_adapt,visible,breastcancer,10,ok,0.1055,0.06592425084343989,0.06592425084339622,0.06592425,True,ok,0.9915730337078652,"{""ClumpThickness"": 3, ""UniformityOfCellSize"": 1, ""UniformityOfCellShape"": 2, ""MarginalAdhesion"": 2, ""SingleEpithelialCellSize"": 1, ""BareNuclei"": 2, ""BlandChromatin"": 4, ""NormalNucleoli"": 1, ""Mitoses"": 2}"
x6_adapt,visible,mammo,3,ok,0.0083,0.472334615836568,0.47233461583655806,0.47233462,True,ok,0.8532843560933447,"{""IrregularShape"": 4, ""CircumscribedMargin"": -5, ""Age_geq_60"": 3}"
x6_adapt,visible,mammo,4,ok,0.0123,0.46720671586568163,0.4672067158656685,0.46720672,True,ok,0.8571197061365601,"{""IrregularShape"": 3, ""CircumscribedMargin"": -4, ""SpiculatedMargin"": 2, ""Age_geq_60"": 3}"
x6_adapt,visible,mammo,5,ok,0.0259,0.46370461455879974,0.46370461455878575,0.46370461,True,ok,0.8565795159896282,"{""IrregularShape"": -3, ""CircumscribedMargin"": 4, ""SpiculatedMargin"": -2, ""Age_lt_30"": 5, ""Age_geq_60"": -3}"
x6_adapt,visible,mammo,7,ok,0.2327,0.4592871887627443,0.45928718876262403,0.45928719,True,ok,0.8508535004321521,"{""OvalShape"": -1, ""IrregularShape"": 2, ""CircumscribedMargin"": -3, ""ObscuredMargin"": -1, ""SpiculatedMargin"": 1, ""Age_geq_30"": 5, ""Age_geq_60"": 2}"
x6_adapt,visible,mammo,10,ok,39.9654,0.45827677476065914,0.458276774760529,0.45827677,True,ok,0.8453975799481418,"{""RoundShape"": 1, ""OvalShape"": 2, ""IrregularShape"": -3, ""CircumscribedMargin"": 5, ""ObscuredMargin"": 2, ""SpiculatedMargin"": -2, ""Age_lt_30"": 5, ""Age_geq_30"": -5, ""Age_geq_45"": -1, ""Age_geq_60"": -3}"
x6_adapt,visible,mushroom,3,ok,0.1765,0.06494475825921053,0.06494475764181001,0.06494476,True,ok,0.9879991384619118,"{""odor_eq_almond"": -2, ""odor_eq_anise"": -2, ""odor_eq_none"": -1}"
x6_adapt,visible,mushroom,4,ok,1.5428,0.03151661237198366,0.03151661160169937,0.03151661,True,ok,0.9953040107024872,"{""odor_eq_almond"": -5, ""odor_eq_anise"": -5, ""odor_eq_none"": -4, ""spore_print_color_eq_green"": 4}"
x6_adapt,visible,mushroom,5,ok,27.1297,0.009137783224568645,0.00913778322456061,0.00913778,True,ok,0.9978992425138711,"{""odor_eq_almond"": -5, ""odor_eq_anise"": -5, ""odor_eq_none"": -3, ""stalk_surface_below_ring_eq_scaly"": 1, ""spore_print_color_eq_green"": 5}"
x6_adapt,visible,mushroom,7,ok,54.0697,3.8593243796512854e-13,0.0,0.0,True,ok,1.0,"{""odor_eq_almond"": -5, ""odor_eq_anise"": -5, ""odor_eq_none"": -4, ""gill_size_eq_narrow"": 2, ""stalk_surface_below_ring_eq_scaly"": 2, ""spore_print_color_eq_green"": 5, ""population_eq_clustered"": 2}"
x6_adapt,visible,mushroom,10,ok,54.0035,6.537876176643081e-13,0.0,0.0,True,ok,1.0,"{""odor_eq_almond"": -5, ""odor_eq_anise"": -5, ""odor_eq_none"": -2, ""odor_eq_foul"": 2, ""gill_size_eq_narrow"": 1, ""gill_color_eq_buff"": 2, ""stalk_root_eq_rooted"": -2, ""stalk_surface_below_ring_eq_scaly"": 1, ""spore_print_color_eq_green"": 3, ""population_eq_clustered"": 1}"
x6_adapt,visible,spambase,3,ok,22.4216,0.39815962909806096,0.3981596290946329,0.39815963,True,ok,0.9099425338428271,"{""WordFreqRemove"": 2, ""WordFreqHP"": -1, ""CharFreqDollarSign"": 4}"
x6_adapt,visible,spambase,4,ok,54.0645,0.36266309545965447,0.0,0.3626631,False,ok,0.9289029098413264,"{""WordFreqRemove"": 2, ""WordFreqHP"": -1, ""WordFreqGeorge"": -2, ""CharFreqDollarSign"": 4}"
x6_adapt,visible,spambase,5,ok,54.0021,0.3360455337893006,0.0,0.33604553,False,ok,0.9378141137671929,"{""WordFreqRemove"": 2, ""WordFreqHP"": -1, ""WordFreqGeorge"": -3, ""WordFreqEDU"": -1, ""CharFreqDollarSign"": 4}"
x6_adapt,visible,spambase,7,ok,55.0009,0.2981260710383189,0.0,0.29812607,False,ok,0.9548762305360545,"{""WordFreqRemove"": 3, ""WordFreqFree"": 1, ""WordFreq0"": 3, ""WordFreqHP"": -2, ""WordFreqGeorge"": -4, ""WordFreqEDU"": -2, ""CharFreqDollarSign"": 5}"
x6_adapt,visible,spambase,10,ok,54.6422,0.2660206809736392,0.0,0.26602068,False,ok,0.9623631229203078,"{""WordFreqRemove"": 3, ""WordFreqFree"": 1, ""WordFreqBusiness"": 1, ""WordFreq0"": 3, ""WordFreqHP"": -2, ""WordFreqGeorge"": -4, ""WordFreqMeeting"": -2, ""WordFreqEDU"": -2, ""CharFreqExcalamationMark"": 1, ""CharFreqDollarSign"": 5}"
x6_adapt,visible,fico,3,ok,0.3226,0.5918556511470763,0.5918556497771309,0.59185565,True,ok,0.7414784999999999,"{""ExternalRiskEstimate<=68"": 5, ""ExternalRiskEstimate<=78"": 4, ""MSinceMostRecentInqexcl7days<=-8"": -4}"
x6_adapt,visible,fico,4,ok,6.9644,0.5785394194171956,0.5785394020275167,0.57853942,True,ok,0.763808,"{""ExternalRiskEstimate<=68"": 5, ""ExternalRiskEstimate<=78"": 4, ""MSinceMostRecentInqexcl7days<=-8"": -5, ""MSinceMostRecentInqexcl7days<=0"": 3}"
x6_adapt,visible,fico,5,ok,54.0055,0.5695292740873528,0.0,0.56952927,False,ok,0.767671,"{""ExternalRiskEstimate<=68"": 3, ""ExternalRiskEstimate<=78"": 3, ""NumSatisfactoryTrades<=13"": 2, ""MSinceMostRecentInqexcl7days<=-8"": -5, ""MSinceMostRecentInqexcl7days<=0"": 2}"
x6_adapt,visible,fico,7,ok,54.004,0.5605509559011824,0.0,0.56055096,False,ok,0.7739745,"{""ExternalRiskEstimate<=68"": 3, ""ExternalRiskEstimate<=78"": 3, ""AverageMInFile<=67"": 1, ""NumSatisfactoryTrades<=13"": 2, ""MSinceMostRecentInqexcl7days<=-8"": -5, ""MSinceMostRecentInqexcl7days<=0"": 2, ""NetFractionRevolvingBurden<=59"": -2}"
x6_adapt,visible,fico,10,ok,54.0095,0.554169616008486,0.0,0.55416962,False,ok,0.7808244999999999,"{""ExternalRiskEstimate<=68"": 2, ""ExternalRiskEstimate<=78"": 2, ""AverageMInFile<=58"": 2, ""NumSatisfactoryTrades<=13"": 2, ""PercentTradesNeverDelq<=96"": 2, ""MSinceMostRecentDelq<=20"": 1, ""MSinceMostRecentInqexcl7days<=-8"": -5, ""MSinceMostRecentInqexcl7days<=0"": 2, ""NetFractionRevolvingBurden<=35"": -1, ""NetFractionRevolvingBurden<=59"": -2}"
x6_adapt,visible,compas,3,ok,0.0541,0.6225382115397334,0.6225382115397224,0.62253821,True,ok,0.7012972288111494,"{""age<=29"": 4, ""priors_count<=1"": -4, ""priors_count<=6"": -5}"
x6_adapt,visible,compas,4,ok,0.069,0.6157965848787171,0.6157965848787027,0.61579658,True,ok,0.7252711258607099,"{""age<=22"": -3, ""age<=34"": -3, ""priors_count<=1"": 4, ""priors_count<=6"": 4}"
x6_adapt,visible,compas,5,ok,0.1322,0.6121183269701487,0.6121183269701311,0.61211833,True,ok,0.7304002908326525,"{""age<=22"": 4, ""age<=34"": 4, ""priors_count<=0"": -3, ""priors_count<=2"": -4, ""priors_count<=6"": -4}"
x6_adapt,visible,compas,7,ok,0.4591,0.6082265159549372,0.6082265159548991,0.60822652,True,ok,0.7296174182843033,"{""age<=22"": 4, ""age<=29"": 3, ""age<=39"": 3, ""juv_other_count<=0"": -3, ""priors_count<=0"": -3, ""priors_count<=2"": -5, ""priors_count<=6"": -5}"
x6_adapt,visible,compas,10,ok,4.9625,0.6055605523836098,0.6055605523835149,0.60556055,True,ok,0.7378078848763421,"{""sex=1"": -2, ""age<=22"": -4, ""age<=29"": -2, ""age<=34"": -2, ""age<=45"": -2, ""juv_other_count<=0"": 3, ""priors_count<=0"": 2, ""priors_count<=1"": 2, ""priors_count<=2"": 4, ""priors_count<=6"": 5}"
x6_adapt,visible,australian,3,ok,0.104,0.3379872507337162,0.3379872507335173,0.33798725,True,ok,0.8915265062806046,"{""A8=0"": -5, ""A10<=1"": -2, ""A14<=126"": -2}"
x6_adapt,visible,australian,4,ok,1.0103,0.3266563195115297,0.3266563195115181,0.32665632,True,ok,0.9259101554183522,"{""A3<=13"": 2, ""A8=1"": 5, ""A10<=1"": -2, ""A14<=126"": -2}"
x6_adapt,visible,australian,5,ok,17.3704,0.31742251989231884,0.3174225006689548,0.31742252,True,ok,0.944113263785395,"{""A3<=13"": 3, ""A7<=26"": -1, ""A8=1"": 5, ""A10<=3"": -2, ""A14<=87"": -2}"
x6_adapt,visible,australian,7,ok,54.0003,0.3038390458122755,0.0,0.30383905,False,ok,0.9490100063870556,"{""A3<=13"": 3, ""A3<=89"": -1, ""A5=14"": 3, ""A7<=26"": -1, ""A8=0"": -5, ""A10<=3"": -2, ""A14<=87"": -2}"
x6_adapt,visible,australian,10,ok,54.0003,0.2899933849774524,0.0,0.28999338,False,ok,0.9367681498829039,"{""A3<=13"": 3, ""A3<=89"": -1, ""A4=2"": 1, ""A5=1"": -2, ""A5=14"": 3, ""A6=5"": -2, ""A7<=26"": -1, ""A8=1"": 5, ""A10<=3"": -2, ""A14<=87"": -2}"
x6_adapt,visible,heart,3,ok,0.0166,0.39413198739569943,0.394131987395691,0.39413199,True,ok,0.7666666666666667,"{""chest<=3"": -4, ""oldpeak<=1.9"": -5, ""thal<=3"": -4}"
x6_adapt,visible,heart,4,ok,0.0464,0.356107606733472,0.35610760673345926,0.35610761,True,ok,0.8638888888888888,"{""chest<=3"": -5, ""oldpeak<=0.6"": -4, ""number_of_major_vessels<=0"": -4, ""thal<=3"": -5}"
x6_adapt,visible,heart,5,ok,0.5344,0.33644466276027807,0.33644464631004084,0.33644466,True,ok,0.8520833333333333,"{""chest<=3"": -3, ""resting_electrocardiographic_results<=0"": -2, ""oldpeak<=0.6"": -3, ""number_of_major_vessels<=0"": -3, ""thal<=3"": -4}"
x6_adapt,visible,heart,7,ok,54.0003,0.3144555579719983,0.0,0.31496988,False,ok,0.8368055555555556,"{""age<=58"": 4, ""age<=63"": -5, ""chest<=3"": 4, ""resting_electrocardiographic_results<=0"": 3, ""oldpeak<=0.6"": 4, ""number_of_major_vessels<=0"": 4, ""thal<=3"": 5}"
x6_adapt,visible,heart,10,ok,54.0003,0.2791468625811999,0.0,0.27914686,False,ok,0.8062499999999999,"{""age<=60"": -5, ""age<=63"": 5, ""sex=1"": 3, ""chest<=3"": -3, ""serum_cholestoral<=270"": -2, ""resting_electrocardiographic_results<=0"": -2, ""oldpeak<=0.6"": -2, ""oldpeak<=1.9"": -2, ""number_of_major_vessels<=0"": -2, ""thal<=3"": -3}"
x6_adapt,visible,ionosphere,3,ok,0.4228,0.28199539974926296,0.28199539974925697,0.2819954,True,ok,0.9139130434782609,"{""a03<=0"": 5, ""a05<=0"": 5, ""a22<=0.82162"": -1}"
x6_adapt,visible,ionosphere,4,ok,9.7739,0.2279781518735197,0.227978132345103,0.22797815,True,ok,0.9278260869565217,"{""a03<=0"": 5, ""a04<=-0.59677"": 1, ""a05<=0.06704"": 1, ""a06<=-0.23067"": 1}"
x6_adapt,visible,ionosphere,5,ok,54.0005,0.20648715366327594,0.0,0.20648715,False,ok,0.9299999999999999,"{""a03<=0"": 5, ""a05<=0.06704"": 4, ""a06<=-0.23067"": 4, ""a06<=0.78579"": -3, ""a22<=-0.03333"": -2}"
x6_adapt,visible,ionosphere,7,ok,54.0006,0.14271712498886777,0.0,0.14271712,False,ok,0.9382608695652174,"{""a03<=0"": 5, ""a05<=0"": 5, ""a06<=-0.23067"": 4, ""a07<=0.38431"": 2, ""a22<=-0.03333"": -3, ""a24<=-1"": 4, ""a32<=0.77702"": -2}"
x6_adapt,visible,ionosphere,10,ok,54.0006,0.08583886979059814,0.0,0.08583887,False,ok,0.9252173913043477,"{""a03<=0"": 5, ""a05<=0"": 5, ""a06<=-0.23067"": 4, ""a07<=0.38431"": 2, ""a18<=0"": 1, ""a22<=-0.03333"": -3, ""a24<=-1"": 3, ""a29<=0.52798"": 2, ""a32<=0.77702"": -3, ""a33<=0.75115"": -2}"
x6_adapt,visible,ilpd,3,ok,0.0424,0.5069721752569345,0.5069721752569236,0.50697218,True,ok,0.7462792345854004,"{""V1<=24"": 1, ""V4<=1"": 2, ""V5<=206"": 1}"
x6_adapt,visible,ilpd,4,ok,0.4894,0.49795585352988103,0.49795583606196997,0.49795585,True,ok,0.7829553508150248,"{""V1<=24"": 3, ""V4<=1"": 4, ""V5<=206"": 2, ""V6<=69"": 3}"
x6_adapt,visible,ilpd,5,ok,12.8864,0.49203517133424296,0.49203515195850717,0.49203517,True,ok,0.7859673990077959,"{""V1<=24"": 3, ""V1<=66"": 3, ""V4<=1"": 5, ""V5<=206"": 2, ""V6<=69"": 3}"
x6_adapt,visible,ilpd,7,ok,54.0011,0.48483984421584536,0.0,0.48346504,False,ok,0.7854358610914246,"{""V1<=24"": 1, ""V1<=60"": -1, ""V1<=66"": 2, ""V4<=1"": 2, ""V4<=4"": 5, ""V5<=206"": 1, ""V6<=69"": 1}"
x6_adapt,visible,ilpd,10,ok,54.0003,0.4744057564957534,0.0,0.4735486,False,ok,0.7739192062367115,"{""V1<=24"": 1, ""V1<=66"": 1, ""V4<=0.6"": 1, ""V4<=4"": 5, ""V5<=206"": 1, ""V6<=69"": 1, ""V8<=6.5"": 1, ""V9<=3.1"": -1, ""V9<=4.1"": -1, ""V10<=1.3"": 1}"
x6_adapt,visible,magic,3,ok,0.209,0.47478486756430993,0.47478486756430077,0.47478487,True,ok,0.7965658356370701,"{""fLength:<=106.655"": -5, ""fSize:<=2.42"": -2, ""fAlpha:<=18.205"": -4}"
x6_adapt,visible,magic,4,ok,0.8153,0.45620113872765816,0.4562011370443405,0.45620114,True,ok,0.8145058563689459,"{""fLength:<=106.655"": -2, ""fSize:<=2.42"": -1, ""fAlpha:<=11.711"": -1, ""fAlpha:<=27.106"": -1}"
x6_adapt,visible,magic,5,ok,6.3607,0.44183375620039617,0.44183373686690075,0.44183376,True,ok,0.8292445077021656,"{""fLength:<=106.655"": -4, ""fWidth:<=11.1267"": 2, ""fSize:<=2.42"": -3, ""fAlpha:<=11.711"": -2, ""fAlpha:<=27.106"": -2}"
x6_adapt,visible,magic,7,ok,54.0028,0.41879759785437926,0.0,0.4187976,False,ok,0.8452481964882139,"{""fLength:<=106.655"": -5, ""fWidth:<=11.1267"": 4, ""fWidth:<=39.6681"": -5, ""fSize:<=2.42"": -5, ""fM3Long:<=-34.8805"": 4, ""fAlpha:<=11.711"": -4, ""fAlpha:<=27.106"": -4}"
x6_adapt,visible,magic,10,ok,54.0555,0.4020098369768927,0.0,0.40023123,False,ok,0.8539255463172146,"{""fLength:<=46.2915"": -2, ""fLength:<=106.655"": -4, ""fWidth:<=11.1267"": 3, ""fWidth:<=15.1087"": 2, ""fWidth:<=39.6681"": -3, ""fSize:<=2.2844"": -3, ""fSize:<=2.5289"": -3, ""fM3Long:<=-34.8805"": 3, ""fAlpha:<=11.711"": -4, ""fAlpha:<=27.106"": -3}"
x6_adapt,visible,haberman,3,ok,0.009,0.4906198182007443,0.4906198182007356,0.49061982,True,ok,0.6012228260869564,"{""Age_of_patient_at_time_of_operation<=38"": -3, ""Patients_year_of_operation=61"": -4, ""Number_of_positive_axillary_nodes_detected<=4"": -3}"
x6_adapt,visible,haberman,4,ok,0.0161,0.4808848365382481,0.48088483653823694,0.48088484,True,ok,0.5883152173913043,"{""Age_of_patient_at_time_of_operation<=38"": -3, ""Patients_year_of_operation=65"": 2, ""Patients_year_of_operation=61"": -4, ""Number_of_positive_axillary_nodes_detected<=4"": -3}"
x6_adapt,visible,haberman,5,ok,0.0625,0.4779456368232793,0.4779456368230084,0.47794564,True,ok,0.563858695652174,"{""Age_of_patient_at_time_of_operation<=38"": -4, ""Patients_year_of_operation=65"": 2, ""Patients_year_of_operation=61"": -5, ""Patients_year_of_operation=63"": -2, ""Number_of_positive_axillary_nodes_detected<=4"": -4}"
x6_adapt,visible,haberman,7,ok,0.8889,0.4731003093016757,0.47310030930165214,0.47310031,True,ok,0.626358695652174,"{""Age_of_patient_at_time_of_operation<=38"": -3, ""Patients_year_of_operation=60"": -1, ""Patients_year_of_operation=65"": 2, ""Patients_year_of_operation=61"": -5, ""Patients_year_of_operation=63"": -2, ""Number_of_positive_axillary_nodes_detected<=0"": -1, ""Number_of_positive_axillary_nodes_detected<=4"": -3}"
x6_adapt,visible,haberman,10,ok,2.2543,0.46599816819711143,0.4659981681970336,0.46599817,True,ok,0.5957880434782609,"{""Age_of_patient_at_time_of_operation<=38"": -3, ""Age_of_patient_at_time_of_operation<=42"": -2, ""Age_of_patient_at_time_of_operation<=49"": 2, ""Age_of_patient_at_time_of_operation<=58"": -1, ""Patients_year_of_operation=65"": 2, ""Patients_year_of_operation=61"": -5, ""Patients_year_of_operation=63"": -2, ""Patients_year_of_operation=67"": -2, ""Number_of_positive_axillary_nodes_detected<=0"": -1, ""Number_of_positive_axillary_nodes_detected<=4"": -3}"
x6_adapt,tiny,syn0,2,ok,0.0123,0.5446817400310768,0.5446817400310692,0.544681740031,True,ok,0.7354273023564362,"{""x0"": 3, ""x5"": -3}"
x6_adapt,tiny,syn0,3,ok,0.0185,0.517219768730159,0.5172197687301479,0.51721976873,True,ok,0.7913241614029015,"{""x0"": -5, ""x2"": 4, ""x5"": 5}"
x6_adapt,tiny,syn1,2,ok,0.0069,0.5424078436161445,0.5424078436161367,0.542407843616,True,ok,0.700215866162979,"{""x0"": 1, ""x5"": 1}"
x6_adapt,tiny,syn1,3,ok,0.0113,0.5078273260983516,0.5078273260983408,0.507827326098,True,ok,0.7139773340528872,"{""x0"": 4, ""x5"": 4, ""x7"": 3}"
x6_adapt,tiny,syn2,2,ok,0.0086,0.6108453902145077,0.610845390214499,0.610845390215,True,ok,0.6656700577256607,"{""x4"": 5, ""x8"": -3}"
x6_adapt,tiny,syn2,3,ok,0.01,0.5997197208530549,0.5997197208530098,0.599719720853,True,ok,0.681162796717662,"{""x3"": 2, ""x4"": 5, ""x8"": -3}"
x6_adapt,tiny,syn3,2,ok,0.0087,0.5394043667750122,0.5394043667750046,0.539404366775,True,ok,0.7940387195706344,"{""x2"": -1, ""x3"": 1}"
x6_adapt,tiny,syn3,3,ok,0.013,0.4856527251948659,0.4856527251948555,0.485652725195,True,ok,0.8436019606232372,"{""x2"": -1, ""x3"": 1, ""x9"": 1}"
x6_adapt,tiny,syn4,2,ok,0.0081,0.6132407316655778,0.613240731665569,0.613240731666,True,ok,0.6743073576053052,"{""x3"": 5, ""x5"": 4}"
x6_adapt,tiny,syn4,3,ok,0.0171,0.5888039988601307,0.5888039988601181,0.58880399886,True,ok,0.7138344997509894,"{""x3"": 5, ""x5"": 4, ""x6"": -4}"
x6_adapt,tiny,syn5,2,ok,0.0097,0.49061575337749247,0.4906157533774852,0.490615753377,True,ok,0.7676676570458405,"{""x1"": 3, ""x2"": -1}"
x6_adapt,tiny,syn5,3,ok,0.0097,0.48817955613546987,0.48817955613545033,0.488179556135,True,ok,0.7614335738539898,"{""x1"": 5, ""x2"": -2, ""x9"": -1}"
x6_adapt,tiny,syn6,2,ok,0.0066,0.14802788113021076,0.14802788113020865,0.14802788113,True,ok,0.6596320346320347,"{""x3"": 1, ""x4"": -1}"
x6_adapt,tiny,syn6,3,ok,0.0096,0.13906553782524034,0.1390655378252374,0.139065537825,True,ok,0.751082251082251,"{""x3"": 1, ""x4"": -1, ""x6"": -1}"
x6_adapt,tiny,syn7,2,ok,0.0088,0.5015280482234045,0.5015280482233685,0.501528048223,True,ok,0.7189240306819376,"{""x2"": -2, ""x4"": -2}"
x6_adapt,tiny,syn7,3,ok,0.0183,0.4854612061587655,0.4854612061587551,0.485461206159,True,ok,0.7386606423592869,"{""x1"": 2, ""x2"": -2, ""x4"": -2}"
x6_adapt,tiny,syn8,2,ok,0.0093,0.4961153691002832,0.49611536910027604,0.4961153691,True,ok,0.7551558336229869,"{""x2"": -1, ""x6"": 1}"
x6_adapt,tiny,syn8,3,ok,0.011,0.48292494900391036,0.48292494900390004,0.482924949004,True,ok,0.7773288147375739,"{""x2"": -5, ""x4"": 3, ""x6"": 5}"
x6_adapt,tiny,syn9,2,ok,0.0064,0.5047078649095531,0.504707864909546,0.50470786491,True,ok,0.8380513495720869,"{""x6"": -3, ""x9"": 5}"
x6_adapt,tiny,syn9,3,ok,0.0082,0.49035443087838726,0.49035443087837516,0.490354430878,True,ok,0.8486668861092825,"{""x1"": 1, ""x6"": -2, ""x9"": 3}"
x6_adapt,tiny,syn10,2,ok,0.0104,0.4890810417103373,0.4890810417103303,0.48908104171,True,ok,0.6921452702702702,"{""x2"": -3, ""x3"": -3}"
x6_adapt,tiny,syn10,3,ok,0.016,0.4793160349932964,0.4793160349932862,0.479316034993,True,ok,0.7270660083160083,"{""x0"": 2, ""x2"": -5, ""x3"": -5}"
x6_adapt,tiny,syn11,2,ok,0.0052,0.49211041732485106,0.4921104173248441,0.492110417325,True,ok,0.8401988636363635,"{""x6"": 5, ""x9"": 4}"
x6_adapt,tiny,syn11,3,ok,0.0078,0.45169452509203867,0.4516945250917131,0.451694525092,True,ok,0.9240056818181819,"{""x1"": 4, ""x6"": 5, ""x9"": 5}"
x6_adapt,tiny,adult0,2,ok,0.0121,0.4404415262608285,0.4404415262608221,0.440441526261,True,ok,0.7866125274122807,"{""x0"": 3, ""x5"": -2}"
x6_adapt,tiny,adult0,3,ok,0.0099,0.4285576334555465,0.42855763345553727,0.428557633456,True,ok,0.7943393640350878,"{""x0"": 4, ""x5"": -3, ""x9"": 2}"
x6_adapt,tiny,adult1,2,ok,0.0124,0.4251927761860085,0.42519277618600243,0.425192776186,True,ok,0.746898985745614,"{""x0"": 5, ""x4"": 4}"
x6_adapt,tiny,adult1,3,ok,0.011,0.4104985715595258,0.4104985715595159,0.41049857156,True,ok,0.7788856907894737,"{""x0"": 4, ""x4"": 3, ""x7"": 2}"
x6_adapt,tiny,bank0,2,ok,0.0121,0.28737579334064095,0.2873757933406369,0.287375793341,True,ok,0.7791236306729264,"{""x2"": 2, ""x7"": 3}"
x6_adapt,tiny,bank0,3,ok,0.0107,0.2824076251922267,0.2824076251920309,0.282407625192,True,ok,0.7864788732394365,"{""x0"": -2, ""x2"": 3, ""x7"": 4}"
x6_adapt,tiny,bank1,2,ok,0.0108,0.27445913427890106,0.27445913427889707,0.274459134279,True,ok,0.7549295774647888,"{""x1"": 3, ""x7"": 4}"
x6_adapt,tiny,bank1,3,ok,0.0134,0.2649032414829257,0.26490324148292105,0.264903241483,True,ok,0.7729577464788733,"{""x0"": -3, ""x4"": -3, ""x7"": 5}"
x6_adapt,tiny,mammo0,2,ok,0.0052,0.4870724927203053,0.48707249272029207,0.48707249272,True,ok,0.7961140335991854,"{""x0"": -5, ""x2"": 2}"
x6_adapt,tiny,mammo0,3,ok,0.0076,0.4658357722339051,0.46583577223389516,0.465835772234,True,ok,0.8297980655014423,"{""x0"": -4, ""x1"": 3, ""x2"": 3}"
x6_adapt,tiny,mammo1,2,ok,0.0052,0.4870724927203053,0.48707249272029207,0.48707249272,True,ok,0.7961140335991854,"{""x0"": -5, ""x2"": 2}"
x6_adapt,tiny,mammo1,3,ok,0.0117,0.4658357722339051,0.46583577223389516,0.465835772234,True,ok,0.8297980655014423,"{""x0"": -4, ""x1"": 3, ""x2"": 3}"
x6_adapt,tiny,mushroom0,2,ok,0.0086,0.15339675278235038,0.15339675276519177,0.153396752782,True,ok,0.979049335435909,"{""x1"": 5, ""x6"": -1}"
x6_adapt,tiny,mushroom0,3,ok,0.0095,0.11698955207199077,0.11698954683867756,0.116989552072,True,ok,0.989562213711797,"{""x1"": 5, ""x3"": 5, ""x5"": 1}"
x6_adapt,tiny,mushroom1,2,ok,0.009,0.12878025349797625,0.12878025348817415,0.128780253498,True,ok,0.9699757202573152,"{""x1"": 5, ""x5"": 1}"
x6_adapt,tiny,mushroom1,3,ok,0.0098,0.10091780231276294,0.10091780199297604,0.100917802313,True,ok,0.9789241821231007,"{""x1"": 5, ""x3"": 5, ""x5"": 1}"
x6_adapt,tiny,fico0,2,ok,0.0066,0.5812007447676837,0.5812007447675754,0.581200744768,True,ok,0.7190124999999999,"{""x0"": 5, ""x9"": -3}"
x6_adapt,tiny,fico0,3,ok,0.0084,0.574847113794094,0.5748471137940823,0.574847113794,True,ok,0.7441125,"{""x0"": 5, ""x4"": 2, ""x9"": -3}"
x6_adapt,tiny,fico1,2,ok,0.0104,0.6102008403466027,0.6102008403434527,0.610200840347,True,ok,0.7442,"{""x2"": 5, ""x5"": 4}"
x6_adapt,tiny,fico1,3,ok,0.01,0.6005809873321837,0.6005809873321741,0.600580987332,True,ok,0.76435,"{""x2"": 5, ""x5"": 5, ""x9"": -4}"
x6_adapt,tiny,compas0,2,ok,0.0073,0.629996371800631,0.629996371800622,0.629996371801,True,ok,0.7134433962264151,"{""x2"": 4, ""x6"": -3}"
x6_adapt,tiny,compas0,3,ok,0.0174,0.6192854625477515,0.6192854625477404,0.619285462548,True,ok,0.7332396627860296,"{""x1"": -3, ""x3"": -4, ""x6"": 4}"
x6_adapt,tiny,compas1,2,ok,0.0115,0.6190112288342146,0.6190112288342057,0.619011228834,True,ok,0.6652323364110799,"{""x0"": -4, ""x6"": 3}"
x6_adapt,tiny,compas1,3,ok,0.0112,0.6112271865486547,0.6112271862555825,0.611227186549,True,ok,0.6573790646326776,"{""x1"": -3, ""x2"": -4, ""x6"": 4}"
x6_adapt,tiny,australian0,2,ok,0.0055,0.3433494648221187,0.34334946482211165,0.343349464822,True,ok,0.8926925608953258,"{""x1"": -5, ""x5"": 2}"
x6_adapt,tiny,australian0,3,ok,0.012,0.3281367559010285,0.3281367559010214,0.328136755901,True,ok,0.8945029624753127,"{""x1"": -5, ""x2"": -2, ""x9"": -2}"
x6_adapt,tiny,australian1,2,ok,0.009,0.3433494648221187,0.34334946482211165,0.343349464822,True,ok,0.8926925608953258,"{""x1"": -5, ""x5"": 2}"
x6_adapt,tiny,australian1,3,ok,0.0079,0.3281367559010285,0.3281367559010214,0.328136755901,True,ok,0.8945029624753127,"{""x1"": -5, ""x2"": -2, ""x9"": -2}"
x6_adapt,tiny,heart0,2,ok,0.0055,0.39145572741205925,0.3914557274120262,0.391455727412,True,ok,0.725,"{""x0"": -5, ""x2"": -4}"
x6_adapt,tiny,heart0,3,ok,0.0074,0.3286332589543534,0.3286332589540849,0.328633258954,True,ok,0.7479166666666667,"{""x0"": -4, ""x2"": -3, ""x5"": -4}"
x6_adapt,tiny,heart1,2,ok,0.006,0.39145572741205925,0.3914557274120262,0.391455727412,True,ok,0.725,"{""x0"": -5, ""x2"": -4}"
x6_adapt,tiny,heart1,3,ok,0.0078,0.3286332589543534,0.3286332589540849,0.328633258954,True,ok,0.7479166666666667,"{""x0"": -4, ""x2"": -3, ""x5"": -4}"
x6_adapt,tiny,ilpd0,2,ok,0.0072,0.5186090889548504,0.518609088954843,0.518609088955,True,ok,0.6821448313985627,"{""x2"": 5, ""x6"": 3}"
x6_adapt,tiny,ilpd0,3,ok,0.0077,0.5095557789943593,0.5095557789943503,0.509555778994,True,ok,0.6901603095632947,"{""x2"": 1, ""x6"": 1, ""x8"": 5}"
x6_adapt,tiny,ilpd1,2,ok,0.0052,0.5186090889548504,0.518609088954843,0.518609088955,True,ok,0.6821448313985627,"{""x2"": 5, ""x6"": 3}"
x6_adapt,tiny,ilpd1,3,ok,0.0073,0.5095557789943593,0.5095557789943503,0.509555778994,True,ok,0.6901603095632947,"{""x2"": 1, ""x6"": 1, ""x8"": 5}"
x7_giveup,visible,adult,3,ok,0.0723,0.40451518177265444,0.40451518177264734,0.40451518,True,ok,0.8246348665670107,"{""HSDiploma"": -1, ""NoHS"": -2, ""Married"": 2}"
x7_giveup,visible,adult,4,ok,0.1361,0.3881656387542517,0.3881656387542407,0.38816564,True,ok,0.8444253261870338,"{""HSDiploma"": -2, ""NoHS"": -4, ""Married"": 4, ""AnyCapitalGains"": 3}"
x7_giveup,visible,adult,5,ok,0.7554,0.37728155038497213,0.3772815503849531,0.37728155,True,ok,0.8586250083143998,"{""Age_22_to_29"": -2, ""HSDiploma"": -2, ""NoHS"": -4, ""Married"": 4, ""AnyCapitalGains"": 3}"
x7_giveup,visible,adult,7,ok,40.1597,0.3632879178831039,0.3632879178830476,0.36328792,True,ok,0.8706296888839099,"{""Age_22_to_29"": -3, ""HSDiploma"": -3, ""NoHS"": -5, ""JobManagerial"": 2, ""Married"": 5, ""WorkHrsPerWeek_lt_40"": -2, ""AnyCapitalGains"": 4}"
x7_giveup,visible,adult,10,ok,3.1385,0.35342272575902606,0.0,0.35342273,False,ok,0.8826068006539496,"{""Age_30_to_44"": 3, ""Age_45_to_59"": 4, ""Age_geq_60"": 3, ""HSDiploma"": -3, ""NoHS"": -5, ""JobManagerial"": 2, ""Married"": 5, ""WorkHrsPerWeek_lt_40"": -2, ""AnyCapitalGains"": 4, ""AnyCapitalLoss"": 3}"
x7_giveup,visible,bank,3,ok,0.128,0.28398526050475853,0.2839852605047511,0.28398526,True,ok,0.7726779284896623,"{""call_in_Q2"": -1, ""calls_b4_campaign_successful"": 2, ""emp_var_rate_lt_n1"": 2}"
x7_giveup,visible,bank,4,ok,0.4875,0.28178061505771845,0.2817806150577104,0.28178062,True,ok,0.7779411200429753,"{""call_in_Q2"": -2, ""calls_b4_campaign_successful"": 3, ""cons_price_idx_geq_93_5"": 1, ""euribor3m_geq_300"": -4}"
x7_giveup,visible,bank,5,ok,3.2811,0.2808465895282374,0.28084657195217616,0.28084659,True,ok,0.7830979925688596,"{""call_in_Q2"": -2, ""called_before"": 3, ""calls_b4_campaign_failed"": -1, ""emp_var_rate_lt_n1"": 4, ""cons_price_idx_geq_93_5"": 1}"
x7_giveup,visible,bank,7,ok,3.1438,0.27923804198746716,0.0,0.27923804,False,ok,0.7830508284890227,"{""age_ge_60"": 1, ""job_blue_collar"": -1, ""call_in_Q2"": -2, ""calls_b4_campaign_failed"": -1, ""calls_b4_campaign_successful"": 3, ""emp_var_rate_lt_n1"": 5, ""cons_price_idx_geq_93_5"": 1}"
x7_giveup,visible,bank,10,ok,3.3114,0.2780978603622512,0.0,0.27791022,False,ok,0.7790882463915483,"{""age_ge_60"": 2, ""job_student"": 1, ""job_blue_collar"": -1, ""credit_is_or_may_be_in_default"": -1, ""call_in_Q1"": 1, ""call_in_Q2"": -2, ""any_prior_calls_b4_campaign"": -1, ""calls_b4_campaign_successful"": 5, ""nr_employed_gt_5100"": -5, ""cons_price_idx_geq_93_5"": 1}"
x7_giveup,visible,breastcancer,3,ok,0.0367,0.0892270617348029,0.08922706173477439,0.08922706,True,ok,0.9878277153558053,"{""ClumpThickness"": 3, ""UniformityOfCellSize"": 5, ""BareNuclei"": 3}"
x7_giveup,visible,breastcancer,4,ok,0.0866,0.07846697475234178,0.07846697474951919,0.07846697,True,ok,0.9898174157303371,"{""ClumpThickness"": 4, ""UniformityOfCellSize"": 5, ""BareNuclei"": 3, ""BlandChromatin"": 4}"
x7_giveup,visible,breastcancer,5,ok,0.1575,0.07315003724742207,0.07315003724737562,0.07315004,True,ok,0.9918071161048689,"{""ClumpThickness"": 3, ""UniformityOfCellShape"": 4, ""MarginalAdhesion"": 2, ""BareNuclei"": 2, ""BlandChromatin"": 4}"
x7_giveup,visible,breastcancer,7,ok,0.1587,0.06746347532828346,0.06746347532823517,0.06746348,True,ok,0.992626404494382,"{""ClumpThickness"": 4, ""UniformityOfCellShape"": 4, ""MarginalAdhesion"": 3, ""BareNuclei"": 3, ""BlandChromatin"": 5, ""NormalNucleoli"": 2, ""Mitoses"": 3}"
x7_giveup,visible,breastcancer,10,ok,0.1187,0.06592425084343989,0.06592425084339622,0.06592425,True,ok,0.9915730337078652,"{""ClumpThickness"": 3, ""UniformityOfCellSize"": 1, ""UniformityOfCellShape"": 2, ""MarginalAdhesion"": 2, ""SingleEpithelialCellSize"": 1, ""BareNuclei"": 2, ""BlandChromatin"": 4, ""NormalNucleoli"": 1, ""Mitoses"": 2}"
x7_giveup,visible,mammo,3,ok,0.0129,0.472334615836568,0.47233461583655806,0.47233462,True,ok,0.8532843560933447,"{""IrregularShape"": 4, ""CircumscribedMargin"": -5, ""Age_geq_60"": 3}"
x7_giveup,visible,mammo,4,ok,0.0121,0.46720671586568163,0.4672067158656685,0.46720672,True,ok,0.8571197061365601,"{""IrregularShape"": 3, ""CircumscribedMargin"": -4, ""SpiculatedMargin"": 2, ""Age_geq_60"": 3}"
x7_giveup,visible,mammo,5,ok,0.0255,0.46370461455879974,0.46370461455878575,0.46370461,True,ok,0.8565795159896282,"{""IrregularShape"": -3, ""CircumscribedMargin"": 4, ""SpiculatedMargin"": -2, ""Age_lt_30"": 5, ""Age_geq_60"": -3}"
x7_giveup,visible,mammo,7,ok,0.2444,0.4592871887627443,0.45928718876262403,0.45928719,True,ok,0.8508535004321521,"{""OvalShape"": -1, ""IrregularShape"": 2, ""CircumscribedMargin"": -3, ""ObscuredMargin"": -1, ""SpiculatedMargin"": 1, ""Age_geq_30"": 5, ""Age_geq_60"": 2}"
x7_giveup,visible,mammo,10,ok,36.1802,0.45890942826013914,0.0,0.45827677,False,ok,0.8520959377700951,"{""RoundShape"": 1, ""OvalShape"": 2, ""IrregularShape"": -3, ""CircumscribedMargin"": 3, ""MicrolobulatedMargin"": -2, ""IllDefinedMargin"": -1, ""SpiculatedMargin"": -3, ""Age_lt_30"": 5, ""Age_geq_45"": -1, ""Age_geq_60"": -3}"
x7_giveup,visible,mushroom,3,ok,0.1657,0.06494475825921053,0.06494475764181001,0.06494476,True,ok,0.9879991384619118,"{""odor_eq_almond"": -2, ""odor_eq_anise"": -2, ""odor_eq_none"": -1}"
x7_giveup,visible,mushroom,4,ok,1.4746,0.03151661237198366,0.03151661160169937,0.03151661,True,ok,0.9953040107024872,"{""odor_eq_almond"": -5, ""odor_eq_anise"": -5, ""odor_eq_none"": -4, ""spore_print_color_eq_green"": 4}"
x7_giveup,visible,mushroom,5,ok,27.3561,0.009137783224568645,0.00913778322456061,0.00913778,True,ok,0.9978992425138711,"{""odor_eq_almond"": -5, ""odor_eq_anise"": -5, ""odor_eq_none"": -3, ""stalk_surface_below_ring_eq_scaly"": 1, ""spore_print_color_eq_green"": 5}"
x7_giveup,visible,mushroom,7,ok,0.0737,3.8593243796512854e-13,0.0,0.0,True,ok,1.0,"{""odor_eq_almond"": -5, ""odor_eq_anise"": -5, ""odor_eq_none"": -4, ""gill_size_eq_narrow"": 2, ""stalk_surface_below_ring_eq_scaly"": 2, ""spore_print_color_eq_green"": 5, ""population_eq_clustered"": 2}"
x7_giveup,visible,mushroom,10,ok,0.0772,6.537876176643081e-13,0.0,0.0,True,ok,1.0,"{""odor_eq_almond"": -5, ""odor_eq_anise"": -5, ""odor_eq_none"": -2, ""odor_eq_foul"": 2, ""gill_size_eq_narrow"": 1, ""gill_color_eq_buff"": 2, ""stalk_root_eq_rooted"": -2, ""stalk_surface_below_ring_eq_scaly"": 1, ""spore_print_color_eq_green"": 3, ""population_eq_clustered"": 1}"
x7_giveup,visible,spambase,3,ok,23.5638,0.39815962909806096,0.3981596290946329,0.39815963,True,ok,0.9099425338428271,"{""WordFreqRemove"": 2, ""WordFreqHP"": -1, ""CharFreqDollarSign"": 4}"
x7_giveup,visible,spambase,4,ok,3.5572,0.36266309545965447,0.0,0.3626631,False,ok,0.9289029098413264,"{""WordFreqRemove"": 2, ""WordFreqHP"": -1, ""WordFreqGeorge"": -2, ""CharFreqDollarSign"": 4}"
x7_giveup,visible,spambase,5,ok,3.7898,0.3360455337893006,0.0,0.33604553,False,ok,0.9378141137671929,"{""WordFreqRemove"": 2, ""WordFreqHP"": -1, ""WordFreqGeorge"": -3, ""WordFreqEDU"": -1, ""CharFreqDollarSign"": 4}"
x7_giveup,visible,spambase,7,ok,4.9413,0.2981260710383189,0.0,0.29812607,False,ok,0.9548762305360545,"{""WordFreqRemove"": 3, ""WordFreqFree"": 1, ""WordFreq0"": 3, ""WordFreqHP"": -2, ""WordFreqGeorge"": -4, ""WordFreqEDU"": -2, ""CharFreqDollarSign"": 5}"
x7_giveup,visible,spambase,10,ok,4.6579,0.2660206809736392,0.0,0.26602068,False,ok,0.9623631229203078,"{""WordFreqRemove"": 3, ""WordFreqFree"": 1, ""WordFreqBusiness"": 1, ""WordFreq0"": 3, ""WordFreqHP"": -2, ""WordFreqGeorge"": -4, ""WordFreqMeeting"": -2, ""WordFreqEDU"": -2, ""CharFreqExcalamationMark"": 1, ""CharFreqDollarSign"": 5}"
x7_giveup,visible,fico,3,ok,0.3263,0.5918556511470763,0.5918556497771309,0.59185565,True,ok,0.7414784999999999,"{""ExternalRiskEstimate<=68"": 5, ""ExternalRiskEstimate<=78"": 4, ""MSinceMostRecentInqexcl7days<=-8"": -4}"
x7_giveup,visible,fico,4,ok,6.612,0.5785394194171956,0.5785394020275167,0.57853942,True,ok,0.763808,"{""ExternalRiskEstimate<=68"": 5, ""ExternalRiskEstimate<=78"": 4, ""MSinceMostRecentInqexcl7days<=-8"": -5, ""MSinceMostRecentInqexcl7days<=0"": 3}"
x7_giveup,visible,fico,5,ok,54.0041,0.5695292740873528,0.0,0.56952927,False,ok,0.767671,"{""ExternalRiskEstimate<=68"": 3, ""ExternalRiskEstimate<=78"": 3, ""NumSatisfactoryTrades<=13"": 2, ""MSinceMostRecentInqexcl7days<=-8"": -5, ""MSinceMostRecentInqexcl7days<=0"": 2}"
x7_giveup,visible,fico,7,ok,3.2036,0.5605509559011824,0.0,0.56055096,False,ok,0.7739745,"{""ExternalRiskEstimate<=68"": 3, ""ExternalRiskEstimate<=78"": 3, ""AverageMInFile<=67"": 1, ""NumSatisfactoryTrades<=13"": 2, ""MSinceMostRecentInqexcl7days<=-8"": -5, ""MSinceMostRecentInqexcl7days<=0"": 2, ""NetFractionRevolvingBurden<=59"": -2}"
x7_giveup,visible,fico,10,ok,3.2703,0.554169616008486,0.0,0.55416962,False,ok,0.7808244999999999,"{""ExternalRiskEstimate<=68"": 2, ""ExternalRiskEstimate<=78"": 2, ""AverageMInFile<=58"": 2, ""NumSatisfactoryTrades<=13"": 2, ""PercentTradesNeverDelq<=96"": 2, ""MSinceMostRecentDelq<=20"": 1, ""MSinceMostRecentInqexcl7days<=-8"": -5, ""MSinceMostRecentInqexcl7days<=0"": 2, ""NetFractionRevolvingBurden<=35"": -1, ""NetFractionRevolvingBurden<=59"": -2}"
x7_giveup,visible,compas,3,ok,0.0328,0.6225382115397334,0.6225382115397224,0.62253821,True,ok,0.7012972288111494,"{""age<=29"": 4, ""priors_count<=1"": -4, ""priors_count<=6"": -5}"
x7_giveup,visible,compas,4,ok,0.0428,0.6157965848787171,0.6157965848787027,0.61579658,True,ok,0.7252711258607099,"{""age<=22"": -3, ""age<=34"": -3, ""priors_count<=1"": 4, ""priors_count<=6"": 4}"
x7_giveup,visible,compas,5,ok,0.0839,0.6121183269701487,0.6121183269701311,0.61211833,True,ok,0.7304002908326525,"{""age<=22"": 4, ""age<=34"": 4, ""priors_count<=0"": -3, ""priors_count<=2"": -4, ""priors_count<=6"": -4}"
x7_giveup,visible,compas,7,ok,0.4981,0.6082265159549372,0.6082265159548991,0.60822652,True,ok,0.7296174182843033,"{""age<=22"": 4, ""age<=29"": 3, ""age<=39"": 3, ""juv_other_count<=0"": -3, ""priors_count<=0"": -3, ""priors_count<=2"": -5, ""priors_count<=6"": -5}"
x7_giveup,visible,compas,10,ok,5.0703,0.6055605523836098,0.6055605523835149,0.60556055,True,ok,0.7378078848763421,"{""sex=1"": -2, ""age<=22"": -4, ""age<=29"": -2, ""age<=34"": -2, ""age<=45"": -2, ""juv_other_count<=0"": 3, ""priors_count<=0"": 2, ""priors_count<=1"": 2, ""priors_count<=2"": 4, ""priors_count<=6"": 5}"
x7_giveup,visible,australian,3,ok,0.0613,0.3379872507337162,0.3379872507335173,0.33798725,True,ok,0.8915265062806046,"{""A8=0"": -5, ""A10<=1"": -2, ""A14<=126"": -2}"
x7_giveup,visible,australian,4,ok,0.6225,0.3266563195115297,0.3266563195115181,0.32665632,True,ok,0.9259101554183522,"{""A3<=13"": 2, ""A8=1"": 5, ""A10<=1"": -2, ""A14<=126"": -2}"
x7_giveup,visible,australian,5,ok,17.6345,0.31742251989231884,0.3174225006689548,0.31742252,True,ok,0.944113263785395,"{""A3<=13"": 3, ""A7<=26"": -1, ""A8=1"": 5, ""A10<=3"": -2, ""A14<=87"": -2}"
x7_giveup,visible,australian,7,ok,3.0285,0.3038390458122755,0.0,0.30383905,False,ok,0.9490100063870556,"{""A3<=13"": 3, ""A3<=89"": -1, ""A5=14"": 3, ""A7<=26"": -1, ""A8=0"": -5, ""A10<=3"": -2, ""A14<=87"": -2}"
x7_giveup,visible,australian,10,ok,3.0561,0.2899933849774524,0.0,0.28999338,False,ok,0.9367681498829039,"{""A3<=13"": 3, ""A3<=89"": -1, ""A4=2"": 1, ""A5=1"": -2, ""A5=14"": 3, ""A6=5"": -2, ""A7<=26"": -1, ""A8=1"": 5, ""A10<=3"": -2, ""A14<=87"": -2}"
x7_giveup,visible,heart,3,ok,0.0227,0.39413198739569943,0.394131987395691,0.39413199,True,ok,0.7666666666666667,"{""chest<=3"": -4, ""oldpeak<=1.9"": -5, ""thal<=3"": -4}"
x7_giveup,visible,heart,4,ok,0.0471,0.356107606733472,0.35610760673345926,0.35610761,True,ok,0.8638888888888888,"{""chest<=3"": -5, ""oldpeak<=0.6"": -4, ""number_of_major_vessels<=0"": -4, ""thal<=3"": -5}"
x7_giveup,visible,heart,5,ok,0.5166,0.33644466276027807,0.33644464631004084,0.33644466,True,ok,0.8520833333333333,"{""chest<=3"": -3, ""resting_electrocardiographic_results<=0"": -2, ""oldpeak<=0.6"": -3, ""number_of_major_vessels<=0"": -3, ""thal<=3"": -4}"
x7_giveup,visible,heart,7,ok,3.0293,0.31675485937146003,0.0,0.31496988,False,ok,0.8798611111111112,"{""sex=1"": 3, ""chest<=3"": -5, ""serum_cholestoral<=270"": -3, ""oldpeak<=0.6"": -3, ""oldpeak<=1.9"": -4, ""number_of_major_vessels<=0"": -4, ""thal<=3"": -4}"
x7_giveup,visible,heart,10,ok,3.0563,0.2791468625811999,0.0,0.27914686,False,ok,0.8062499999999999,"{""age<=60"": -5, ""age<=63"": 5, ""sex=1"": 3, ""chest<=3"": -3, ""serum_cholestoral<=270"": -2, ""resting_electrocardiographic_results<=0"": -2, ""oldpeak<=0.6"": -2, ""oldpeak<=1.9"": -2, ""number_of_major_vessels<=0"": -2, ""thal<=3"": -3}"
x7_giveup,visible,ionosphere,3,ok,0.2525,0.28199539974926296,0.28199539974925697,0.2819954,True,ok,0.9139130434782609,"{""a03<=0"": 5, ""a05<=0"": 5, ""a22<=0.82162"": -1}"
x7_giveup,visible,ionosphere,4,ok,9.8818,0.2279781518735197,0.227978132345103,0.22797815,True,ok,0.9278260869565217,"{""a03<=0"": 5, ""a04<=-0.59677"": 1, ""a05<=0.06704"": 1, ""a06<=-0.23067"": 1}"
x7_giveup,visible,ionosphere,5,ok,54.0005,0.20648715366327594,0.0,0.20648715,False,ok,0.9299999999999999,"{""a03<=0"": 5, ""a05<=0.06704"": 4, ""a06<=-0.23067"": 4, ""a06<=0.78579"": -3, ""a22<=-0.03333"": -2}"
x7_giveup,visible,ionosphere,7,ok,3.0446,0.14271712498886777,0.0,0.14271712,False,ok,0.9382608695652174,"{""a03<=0"": 5, ""a05<=0"": 5, ""a06<=-0.23067"": 4, ""a07<=0.38431"": 2, ""a22<=-0.03333"": -3, ""a24<=-1"": 4, ""a32<=0.77702"": -2}"
x7_giveup,visible,ionosphere,10,ok,3.0756,0.08583886979059814,0.0,0.08583887,False,ok,0.9252173913043477,"{""a03<=0"": 5, ""a05<=0"": 5, ""a06<=-0.23067"": 4, ""a07<=0.38431"": 2, ""a18<=0"": 1, ""a22<=-0.03333"": -3, ""a24<=-1"": 3, ""a29<=0.52798"": 2, ""a32<=0.77702"": -3, ""a33<=0.75115"": -2}"
x7_giveup,visible,ilpd,3,ok,0.0248,0.5069721752569345,0.5069721752569236,0.50697218,True,ok,0.7462792345854004,"{""V1<=24"": 1, ""V4<=1"": 2, ""V5<=206"": 1}"
x7_giveup,visible,ilpd,4,ok,0.2907,0.49795585352988103,0.49795583606196997,0.49795585,True,ok,0.7829553508150248,"{""V1<=24"": 3, ""V4<=1"": 4, ""V5<=206"": 2, ""V6<=69"": 3}"
x7_giveup,visible,ilpd,5,ok,12.3766,0.49203517133424296,0.49203515195850717,0.49203517,True,ok,0.7859673990077959,"{""V1<=24"": 3, ""V1<=66"": 3, ""V4<=1"": 5, ""V5<=206"": 2, ""V6<=69"": 3}"
x7_giveup,visible,ilpd,7,ok,3.0311,0.48483984421584536,0.0,0.48346504,False,ok,0.7854358610914246,"{""V1<=24"": 1, ""V1<=60"": -1, ""V1<=66"": 2, ""V4<=1"": 2, ""V4<=4"": 5, ""V5<=206"": 1, ""V6<=69"": 1}"
x7_giveup,visible,ilpd,10,ok,3.0561,0.4744057564957534,0.0,0.4735486,False,ok,0.7739192062367115,"{""V1<=24"": 1, ""V1<=66"": 1, ""V4<=0.6"": 1, ""V4<=4"": 5, ""V5<=206"": 1, ""V6<=69"": 1, ""V8<=6.5"": 1, ""V9<=3.1"": -1, ""V9<=4.1"": -1, ""V10<=1.3"": 1}"
x7_giveup,visible,magic,3,ok,0.2339,0.47478486756430993,0.47478486756430077,0.47478487,True,ok,0.7965658356370701,"{""fLength:<=106.655"": -5, ""fSize:<=2.42"": -2, ""fAlpha:<=18.205"": -4}"
x7_giveup,visible,magic,4,ok,0.7682,0.45620113872765816,0.4562011370443405,0.45620114,True,ok,0.8145058563689459,"{""fLength:<=106.655"": -2, ""fSize:<=2.42"": -1, ""fAlpha:<=11.711"": -1, ""fAlpha:<=27.106"": -1}"
x7_giveup,visible,magic,5,ok,6.2039,0.44183375620039617,0.44183373686690075,0.44183376,True,ok,0.8292445077021656,"{""fLength:<=106.655"": -4, ""fWidth:<=11.1267"": 2, ""fSize:<=2.42"": -3, ""fAlpha:<=11.711"": -2, ""fAlpha:<=27.106"": -2}"
x7_giveup,visible,magic,7,ok,3.2257,0.41879759785437926,0.0,0.4187976,False,ok,0.8452481964882139,"{""fLength:<=106.655"": -5, ""fWidth:<=11.1267"": 4, ""fWidth:<=39.6681"": -5, ""fSize:<=2.42"": -5, ""fM3Long:<=-34.8805"": 4, ""fAlpha:<=11.711"": -4, ""fAlpha:<=27.106"": -4}"
x7_giveup,visible,magic,10,ok,3.2613,0.4020098369768927,0.0,0.40023123,False,ok,0.8539255463172146,"{""fLength:<=46.2915"": -2, ""fLength:<=106.655"": -4, ""fWidth:<=11.1267"": 3, ""fWidth:<=15.1087"": 2, ""fWidth:<=39.6681"": -3, ""fSize:<=2.2844"": -3, ""fSize:<=2.5289"": -3, ""fM3Long:<=-34.8805"": 3, ""fAlpha:<=11.711"": -4, ""fAlpha:<=27.106"": -3}"
x7_giveup,visible,haberman,3,ok,0.0115,0.4906198182007443,0.4906198182007356,0.49061982,True,ok,0.6012228260869564,"{""Age_of_patient_at_time_of_operation<=38"": -3, ""Patients_year_of_operation=61"": -4, ""Number_of_positive_axillary_nodes_detected<=4"": -3}"
x7_giveup,visible,haberman,4,ok,0.0175,0.4808848365382481,0.48088483653823694,0.48088484,True,ok,0.5883152173913043,"{""Age_of_patient_at_time_of_operation<=38"": -3, ""Patients_year_of_operation=65"": 2, ""Patients_year_of_operation=61"": -4, ""Number_of_positive_axillary_nodes_detected<=4"": -3}"
x7_giveup,visible,haberman,5,ok,0.0815,0.4779456368232793,0.4779456368230084,0.47794564,True,ok,0.563858695652174,"{""Age_of_patient_at_time_of_operation<=38"": -4, ""Patients_year_of_operation=65"": 2, ""Patients_year_of_operation=61"": -5, ""Patients_year_of_operation=63"": -2, ""Number_of_positive_axillary_nodes_detected<=4"": -4}"
x7_giveup,visible,haberman,7,ok,0.988,0.4731003093016757,0.47310030930165214,0.47310031,True,ok,0.626358695652174,"{""Age_of_patient_at_time_of_operation<=38"": -3, ""Patients_year_of_operation=60"": -1, ""Patients_year_of_operation=65"": 2, ""Patients_year_of_operation=61"": -5, ""Patients_year_of_operation=63"": -2, ""Number_of_positive_axillary_nodes_detected<=0"": -1, ""Number_of_positive_axillary_nodes_detected<=4"": -3}"
x7_giveup,visible,haberman,10,ok,2.3038,0.46599816819711143,0.4659981681970336,0.46599817,True,ok,0.5957880434782609,"{""Age_of_patient_at_time_of_operation<=38"": -3, ""Age_of_patient_at_time_of_operation<=42"": -2, ""Age_of_patient_at_time_of_operation<=49"": 2, ""Age_of_patient_at_time_of_operation<=58"": -1, ""Patients_year_of_operation=65"": 2, ""Patients_year_of_operation=61"": -5, ""Patients_year_of_operation=63"": -2, ""Patients_year_of_operation=67"": -2, ""Number_of_positive_axillary_nodes_detected<=0"": -1, ""Number_of_positive_axillary_nodes_detected<=4"": -3}"
x7_giveup,tiny,syn0,2,ok,0.0079,0.5446817400310768,0.5446817400310692,0.544681740031,True,ok,0.7354273023564362,"{""x0"": 3, ""x5"": -3}"
x7_giveup,tiny,syn0,3,ok,0.0107,0.517219768730159,0.5172197687301479,0.51721976873,True,ok,0.7913241614029015,"{""x0"": -5, ""x2"": 4, ""x5"": 5}"
x7_giveup,tiny,syn1,2,ok,0.0062,0.5424078436161445,0.5424078436161367,0.542407843616,True,ok,0.700215866162979,"{""x0"": 1, ""x5"": 1}"
x7_giveup,tiny,syn1,3,ok,0.008,0.5078273260983516,0.5078273260983408,0.507827326098,True,ok,0.7139773340528872,"{""x0"": 4, ""x5"": 4, ""x7"": 3}"
x7_giveup,tiny,syn2,2,ok,0.0069,0.6108453902145077,0.610845390214499,0.610845390215,True,ok,0.6656700577256607,"{""x4"": 5, ""x8"": -3}"
x7_giveup,tiny,syn2,3,ok,0.0089,0.5997197208530549,0.5997197208530098,0.599719720853,True,ok,0.681162796717662,"{""x3"": 2, ""x4"": 5, ""x8"": -3}"
x7_giveup,tiny,syn3,2,ok,0.0077,0.5394043667750122,0.5394043667750046,0.539404366775,True,ok,0.7940387195706344,"{""x2"": -1, ""x3"": 1}"
x7_giveup,tiny,syn3,3,ok,0.0108,0.4856527251948659,0.4856527251948555,0.485652725195,True,ok,0.8436019606232372,"{""x2"": -1, ""x3"": 1, ""x9"": 1}"
x7_giveup,tiny,syn4,2,ok,0.0075,0.6132407316655778,0.613240731665569,0.613240731666,True,ok,0.6743073576053052,"{""x3"": 5, ""x5"": 4}"
x7_giveup,tiny,syn4,3,ok,0.0097,0.5888039988601307,0.5888039988601181,0.58880399886,True,ok,0.7138344997509894,"{""x3"": 5, ""x5"": 4, ""x6"": -4}"
x7_giveup,tiny,syn5,2,ok,0.007,0.49061575337749247,0.4906157533774852,0.490615753377,True,ok,0.7676676570458405,"{""x1"": 3, ""x2"": -1}"
x7_giveup,tiny,syn5,3,ok,0.0085,0.48817955613546987,0.48817955613545033,0.488179556135,True,ok,0.7614335738539898,"{""x1"": 5, ""x2"": -2, ""x9"": -1}"
x7_giveup,tiny,syn6,2,ok,0.0082,0.14802788113021076,0.14802788113020865,0.14802788113,True,ok,0.6596320346320347,"{""x3"": 1, ""x4"": -1}"
x7_giveup,tiny,syn6,3,ok,0.0125,0.13906553782524034,0.1390655378252374,0.139065537825,True,ok,0.751082251082251,"{""x3"": 1, ""x4"": -1, ""x6"": -1}"
x7_giveup,tiny,syn7,2,ok,0.0081,0.5015280482234045,0.5015280482233685,0.501528048223,True,ok,0.7189240306819376,"{""x2"": -2, ""x4"": -2}"
x7_giveup,tiny,syn7,3,ok,0.0107,0.4854612061587655,0.4854612061587551,0.485461206159,True,ok,0.7386606423592869,"{""x1"": 2, ""x2"": -2, ""x4"": -2}"
x7_giveup,tiny,syn8,2,ok,0.008,0.4961153691002832,0.49611536910027604,0.4961153691,True,ok,0.7551558336229869,"{""x2"": -1, ""x6"": 1}"
x7_giveup,tiny,syn8,3,ok,0.01,0.48292494900391036,0.48292494900390004,0.482924949004,True,ok,0.7773288147375739,"{""x2"": -5, ""x4"": 3, ""x6"": 5}"
x7_giveup,tiny,syn9,2,ok,0.0057,0.5047078649095531,0.504707864909546,0.50470786491,True,ok,0.8380513495720869,"{""x6"": -3, ""x9"": 5}"
x7_giveup,tiny,syn9,3,ok,0.0073,0.49035443087838726,0.49035443087837516,0.490354430878,True,ok,0.8486668861092825,"{""x1"": 1, ""x6"": -2, ""x9"": 3}"
x7_giveup,tiny,syn10,2,ok,0.0072,0.4890810417103373,0.4890810417103303,0.48908104171,True,ok,0.6921452702702702,"{""x2"": -3, ""x3"": -3}"
x7_giveup,tiny,syn10,3,ok,0.0099,0.4793160349932964,0.4793160349932862,0.479316034993,True,ok,0.7270660083160083,"{""x0"": 2, ""x2"": -5, ""x3"": -5}"
x7_giveup,tiny,syn11,2,ok,0.0047,0.49211041732485106,0.4921104173248441,0.492110417325,True,ok,0.8401988636363635,"{""x6"": 5, ""x9"": 4}"
x7_giveup,tiny,syn11,3,ok,0.0102,0.45169452509203867,0.4516945250917131,0.451694525092,True,ok,0.9240056818181819,"{""x1"": 4, ""x6"": 5, ""x9"": 5}"
x7_giveup,tiny,adult0,2,ok,0.0066,0.4404415262608285,0.4404415262608221,0.440441526261,True,ok,0.7866125274122807,"{""x0"": 3, ""x5"": -2}"
x7_giveup,tiny,adult0,3,ok,0.0086,0.4285576334555465,0.42855763345553727,0.428557633456,True,ok,0.7943393640350878,"{""x0"": 4, ""x5"": -3, ""x9"": 2}"
x7_giveup,tiny,adult1,2,ok,0.0069,0.4251927761860085,0.42519277618600243,0.425192776186,True,ok,0.746898985745614,"{""x0"": 5, ""x4"": 4}"
x7_giveup,tiny,adult1,3,ok,0.0086,0.4104985715595258,0.4104985715595159,0.41049857156,True,ok,0.7788856907894737,"{""x0"": 4, ""x4"": 3, ""x7"": 2}"
x7_giveup,tiny,bank0,2,ok,0.0064,0.28737579334064095,0.2873757933406369,0.287375793341,True,ok,0.7791236306729264,"{""x2"": 2, ""x7"": 3}"
x7_giveup,tiny,bank0,3,ok,0.01,0.2824076251922267,0.2824076251920309,0.282407625192,True,ok,0.7864788732394365,"{""x0"": -2, ""x2"": 3, ""x7"": 4}"
x7_giveup,tiny,bank1,2,ok,0.0066,0.27445913427890106,0.27445913427889707,0.274459134279,True,ok,0.7549295774647888,"{""x1"": 3, ""x7"": 4}"
x7_giveup,tiny,bank1,3,ok,0.012,0.2649032414829257,0.26490324148292105,0.264903241483,True,ok,0.7729577464788733,"{""x0"": -3, ""x4"": -3, ""x7"": 5}"
x7_giveup,tiny,mammo0,2,ok,0.0048,0.4870724927203053,0.48707249272029207,0.48707249272,True,ok,0.7961140335991854,"{""x0"": -5, ""x2"": 2}"
x7_giveup,tiny,mammo0,3,ok,0.0068,0.4658357722339051,0.46583577223389516,0.465835772234,True,ok,0.8297980655014423,"{""x0"": -4, ""x1"": 3, ""x2"": 3}"
x7_giveup,tiny,mammo1,2,ok,0.0049,0.4870724927203053,0.48707249272029207,0.48707249272,True,ok,0.7961140335991854,"{""x0"": -5, ""x2"": 2}"
x7_giveup,tiny,mammo1,3,ok,0.0068,0.4658357722339051,0.46583577223389516,0.465835772234,True,ok,0.8297980655014423,"{""x0"": -4, ""x1"": 3, ""x2"": 3}"
x7_giveup,tiny,mushroom0,2,ok,0.0059,0.15339675278235038,0.15339675276519177,0.153396752782,True,ok,0.979049335435909,"{""x1"": 5, ""x6"": -1}"
x7_giveup,tiny,mushroom0,3,ok,0.0086,0.11698955207199077,0.11698954683867756,0.116989552072,True,ok,0.989562213711797,"{""x1"": 5, ""x3"": 5, ""x5"": 1}"
x7_giveup,tiny,mushroom1,2,ok,0.0087,0.12878025349797625,0.12878025348817415,0.128780253498,True,ok,0.9699757202573152,"{""x1"": 5, ""x5"": 1}"
x7_giveup,tiny,mushroom1,3,ok,0.0127,0.10091780231276294,0.10091780199297604,0.100917802313,True,ok,0.9789241821231007,"{""x1"": 5, ""x3"": 5, ""x5"": 1}"
x7_giveup,tiny,fico0,2,ok,0.0061,0.5812007447676837,0.5812007447675754,0.581200744768,True,ok,0.7190124999999999,"{""x0"": 5, ""x9"": -3}"
x7_giveup,tiny,fico0,3,ok,0.008,0.574847113794094,0.5748471137940823,0.574847113794,True,ok,0.7441125,"{""x0"": 5, ""x4"": 2, ""x9"": -3}"
x7_giveup,tiny,fico1,2,ok,0.006,0.6102008403466027,0.6102008403434527,0.610200840347,True,ok,0.7442,"{""x2"": 5, ""x5"": 4}"
x7_giveup,tiny,fico1,3,ok,0.009,0.6005809873321837,0.6005809873321741,0.600580987332,True,ok,0.76435,"{""x2"": 5, ""x5"": 5, ""x9"": -4}"
x7_giveup,tiny,compas0,2,ok,0.0067,0.629996371800631,0.629996371800622,0.629996371801,True,ok,0.7134433962264151,"{""x2"": 4, ""x6"": -3}"
x7_giveup,tiny,compas0,3,ok,0.0091,0.6192854625477515,0.6192854625477404,0.619285462548,True,ok,0.7332396627860296,"{""x1"": -3, ""x3"": -4, ""x6"": 4}"
x7_giveup,tiny,compas1,2,ok,0.0065,0.6190112288342146,0.6190112288342057,0.619011228834,True,ok,0.6652323364110799,"{""x0"": -4, ""x6"": 3}"
x7_giveup,tiny,compas1,3,ok,0.0081,0.6112271865486547,0.6112271862555825,0.611227186549,True,ok,0.6573790646326776,"{""x1"": -3, ""x2"": -4, ""x6"": 4}"
x7_giveup,tiny,australian0,2,ok,0.005,0.3433494648221187,0.34334946482211165,0.343349464822,True,ok,0.8926925608953258,"{""x1"": -5, ""x5"": 2}"
x7_giveup,tiny,australian0,3,ok,0.0067,0.3281367559010285,0.3281367559010214,0.328136755901,True,ok,0.8945029624753127,"{""x1"": -5, ""x2"": -2, ""x9"": -2}"
x7_giveup,tiny,australian1,2,ok,0.005,0.3433494648221187,0.34334946482211165,0.343349464822,True,ok,0.8926925608953258,"{""x1"": -5, ""x5"": 2}"
x7_giveup,tiny,australian1,3,ok,0.007,0.3281367559010285,0.3281367559010214,0.328136755901,True,ok,0.8945029624753127,"{""x1"": -5, ""x2"": -2, ""x9"": -2}"
x7_giveup,tiny,heart0,2,ok,0.0051,0.39145572741205925,0.3914557274120262,0.391455727412,True,ok,0.725,"{""x0"": -5, ""x2"": -4}"
x7_giveup,tiny,heart0,3,ok,0.0066,0.3286332589543534,0.3286332589540849,0.328633258954,True,ok,0.7479166666666667,"{""x0"": -4, ""x2"": -3, ""x5"": -4}"
x7_giveup,tiny,heart1,2,ok,0.0049,0.39145572741205925,0.3914557274120262,0.391455727412,True,ok,0.725,"{""x0"": -5, ""x2"": -4}"
x7_giveup,tiny,heart1,3,ok,0.0066,0.3286332589543534,0.3286332589540849,0.328633258954,True,ok,0.7479166666666667,"{""x0"": -4, ""x2"": -3, ""x5"": -4}"
x7_giveup,tiny,ilpd0,2,ok,0.0049,0.5186090889548504,0.518609088954843,0.518609088955,True,ok,0.6821448313985627,"{""x2"": 5, ""x6"": 3}"
x7_giveup,tiny,ilpd0,3,ok,0.0068,0.5095557789943593,0.5095557789943503,0.509555778994,True,ok,0.6901603095632947,"{""x2"": 1, ""x6"": 1, ""x8"": 5}"
x7_giveup,tiny,ilpd1,2,ok,0.0048,0.5186090889548504,0.518609088954843,0.518609088955,True,ok,0.6821448313985627,"{""x2"": 5, ""x6"": 3}"
x7_giveup,tiny,ilpd1,3,ok,0.0067,0.5095557789943593,0.5095557789943503,0.509555778994,True,ok,0.6901603095632947,"{""x2"": 1, ""x6"": 1, ""x8"": 5}"
x7b_giveup,visible,adult,3,ok,0.0761,0.40451518177265444,0.40451518177264734,0.40451518,True,ok,0.8246348665670107,"{""HSDiploma"": -1, ""NoHS"": -2, ""Married"": 2}"
x7b_giveup,visible,adult,4,ok,0.1215,0.3881656387542517,0.3881656387542407,0.38816564,True,ok,0.8444253261870338,"{""HSDiploma"": -2, ""NoHS"": -4, ""Married"": 4, ""AnyCapitalGains"": 3}"
x7b_giveup,visible,adult,5,ok,0.615,0.37728155038497213,0.3772815503849531,0.37728155,True,ok,0.8586250083143998,"{""Age_22_to_29"": -2, ""HSDiploma"": -2, ""NoHS"": -4, ""Married"": 4, ""AnyCapitalGains"": 3}"
x7b_giveup,visible,adult,7,ok,38.0475,0.3632879178831039,0.3632879178830476,0.36328792,True,ok,0.8706296888839099,"{""Age_22_to_29"": -3, ""HSDiploma"": -3, ""NoHS"": -5, ""JobManagerial"": 2, ""Married"": 5, ""WorkHrsPerWeek_lt_40"": -2, ""AnyCapitalGains"": 4}"
x7b_giveup,visible,adult,10,ok,3.1438,0.35342272575902606,0.0,0.35342273,False,ok,0.8826068006539496,"{""Age_30_to_44"": 3, ""Age_45_to_59"": 4, ""Age_geq_60"": 3, ""HSDiploma"": -3, ""NoHS"": -5, ""JobManagerial"": 2, ""Married"": 5, ""WorkHrsPerWeek_lt_40"": -2, ""AnyCapitalGains"": 4, ""AnyCapitalLoss"": 3}"
x7b_giveup,visible,bank,3,ok,0.1296,0.28398526050475853,0.2839852605047511,0.28398526,True,ok,0.7726779284896623,"{""call_in_Q2"": -1, ""calls_b4_campaign_successful"": 2, ""emp_var_rate_lt_n1"": 2}"
x7b_giveup,visible,bank,4,ok,0.5038,0.28178061505771845,0.2817806150577104,0.28178062,True,ok,0.7779411200429753,"{""call_in_Q2"": -2, ""calls_b4_campaign_successful"": 3, ""cons_price_idx_geq_93_5"": 1, ""euribor3m_geq_300"": -4}"
x7b_giveup,visible,bank,5,ok,3.2858,0.2808465895282374,0.28084657195217616,0.28084659,True,ok,0.7830979925688596,"{""call_in_Q2"": -2, ""called_before"": 3, ""calls_b4_campaign_failed"": -1, ""emp_var_rate_lt_n1"": 4, ""cons_price_idx_geq_93_5"": 1}"
x7b_giveup,visible,bank,7,ok,3.143,0.27923804198746716,0.0,0.27923804,False,ok,0.7830508284890227,"{""age_ge_60"": 1, ""job_blue_collar"": -1, ""call_in_Q2"": -2, ""calls_b4_campaign_failed"": -1, ""calls_b4_campaign_successful"": 3, ""emp_var_rate_lt_n1"": 5, ""cons_price_idx_geq_93_5"": 1}"
x7b_giveup,visible,bank,10,ok,3.2007,0.2780978603622512,0.0,0.27791022,False,ok,0.7790882463915483,"{""age_ge_60"": 2, ""job_student"": 1, ""job_blue_collar"": -1, ""credit_is_or_may_be_in_default"": -1, ""call_in_Q1"": 1, ""call_in_Q2"": -2, ""any_prior_calls_b4_campaign"": -1, ""calls_b4_campaign_successful"": 5, ""nr_employed_gt_5100"": -5, ""cons_price_idx_geq_93_5"": 1}"
x7b_giveup,visible,breastcancer,3,ok,0.0363,0.0892270617348029,0.08922706173477439,0.08922706,True,ok,0.9878277153558053,"{""ClumpThickness"": 3, ""UniformityOfCellSize"": 5, ""BareNuclei"": 3}"
x7b_giveup,visible,breastcancer,4,ok,0.1129,0.07846697475234178,0.07846697474951919,0.07846697,True,ok,0.9898174157303371,"{""ClumpThickness"": 4, ""UniformityOfCellSize"": 5, ""BareNuclei"": 3, ""BlandChromatin"": 4}"
x7b_giveup,visible,breastcancer,5,ok,0.1445,0.07315003724742207,0.07315003724737562,0.07315004,True,ok,0.9918071161048689,"{""ClumpThickness"": 3, ""UniformityOfCellShape"": 4, ""MarginalAdhesion"": 2, ""BareNuclei"": 2, ""BlandChromatin"": 4}"
x7b_giveup,visible,breastcancer,7,ok,0.1225,0.06746347532828346,0.06746347532823517,0.06746348,True,ok,0.992626404494382,"{""ClumpThickness"": 4, ""UniformityOfCellShape"": 4, ""MarginalAdhesion"": 3, ""BareNuclei"": 3, ""BlandChromatin"": 5, ""NormalNucleoli"": 2, ""Mitoses"": 3}"
x7b_giveup,visible,breastcancer,10,ok,0.1368,0.06592425084343989,0.06592425084339622,0.06592425,True,ok,0.9915730337078652,"{""ClumpThickness"": 3, ""UniformityOfCellSize"": 1, ""UniformityOfCellShape"": 2, ""MarginalAdhesion"": 2, ""SingleEpithelialCellSize"": 1, ""BareNuclei"": 2, ""BlandChromatin"": 4, ""NormalNucleoli"": 1, ""Mitoses"": 2}"
x7b_giveup,visible,mammo,3,ok,0.0091,0.472334615836568,0.47233461583655806,0.47233462,True,ok,0.8532843560933447,"{""IrregularShape"": 4, ""CircumscribedMargin"": -5, ""Age_geq_60"": 3}"
x7b_giveup,visible,mammo,4,ok,0.0123,0.46720671586568163,0.4672067158656685,0.46720672,True,ok,0.8571197061365601,"{""IrregularShape"": 3, ""CircumscribedMargin"": -4, ""SpiculatedMargin"": 2, ""Age_geq_60"": 3}"
x7b_giveup,visible,mammo,5,ok,0.0255,0.46370461455879974,0.46370461455878575,0.46370461,True,ok,0.8565795159896282,"{""IrregularShape"": -3, ""CircumscribedMargin"": 4, ""SpiculatedMargin"": -2, ""Age_lt_30"": 5, ""Age_geq_60"": -3}"
x7b_giveup,visible,mammo,7,ok,0.2325,0.4592871887627443,0.45928718876262403,0.45928719,True,ok,0.8508535004321521,"{""OvalShape"": -1, ""IrregularShape"": 2, ""CircumscribedMargin"": -3, ""ObscuredMargin"": -1, ""SpiculatedMargin"": 1, ""Age_geq_30"": 5, ""Age_geq_60"": 2}"
x7b_giveup,visible,mammo,10,ok,39.5159,0.45827677476065914,0.458276774760529,0.45827677,True,ok,0.8453975799481418,"{""RoundShape"": 1, ""OvalShape"": 2, ""IrregularShape"": -3, ""CircumscribedMargin"": 5, ""ObscuredMargin"": 2, ""SpiculatedMargin"": -2, ""Age_lt_30"": 5, ""Age_geq_30"": -5, ""Age_geq_45"": -1, ""Age_geq_60"": -3}"
x7b_giveup,visible,mushroom,3,ok,0.1718,0.06494475825921053,0.06494475764181001,0.06494476,True,ok,0.9879991384619118,"{""odor_eq_almond"": -2, ""odor_eq_anise"": -2, ""odor_eq_none"": -1}"
x7b_giveup,visible,mushroom,4,ok,1.4601,0.03151661237198366,0.03151661160169937,0.03151661,True,ok,0.9953040107024872,"{""odor_eq_almond"": -5, ""odor_eq_anise"": -5, ""odor_eq_none"": -4, ""spore_print_color_eq_green"": 4}"
x7b_giveup,visible,mushroom,5,ok,26.7191,0.009137783224568645,0.00913778322456061,0.00913778,True,ok,0.9978992425138711,"{""odor_eq_almond"": -5, ""odor_eq_anise"": -5, ""odor_eq_none"": -3, ""stalk_surface_below_ring_eq_scaly"": 1, ""spore_print_color_eq_green"": 5}"
x7b_giveup,visible,mushroom,7,ok,0.0759,3.8593243796512854e-13,0.0,0.0,True,ok,1.0,"{""odor_eq_almond"": -5, ""odor_eq_anise"": -5, ""odor_eq_none"": -4, ""gill_size_eq_narrow"": 2, ""stalk_surface_below_ring_eq_scaly"": 2, ""spore_print_color_eq_green"": 5, ""population_eq_clustered"": 2}"
x7b_giveup,visible,mushroom,10,ok,0.0738,6.537876176643081e-13,0.0,0.0,True,ok,1.0,"{""odor_eq_almond"": -5, ""odor_eq_anise"": -5, ""odor_eq_none"": -2, ""odor_eq_foul"": 2, ""gill_size_eq_narrow"": 1, ""gill_color_eq_buff"": 2, ""stalk_root_eq_rooted"": -2, ""stalk_surface_below_ring_eq_scaly"": 1, ""spore_print_color_eq_green"": 3, ""population_eq_clustered"": 1}"
x7b_giveup,visible,spambase,3,ok,22.1009,0.39815962909806096,0.3981596290946329,0.39815963,True,ok,0.9099425338428271,"{""WordFreqRemove"": 2, ""WordFreqHP"": -1, ""CharFreqDollarSign"": 4}"
x7b_giveup,visible,spambase,4,ok,54.0006,0.36266309545965447,0.0,0.3626631,False,ok,0.9289029098413264,"{""WordFreqRemove"": 2, ""WordFreqHP"": -1, ""WordFreqGeorge"": -2, ""CharFreqDollarSign"": 4}"
x7b_giveup,visible,spambase,5,ok,3.9698,0.3360455337893006,0.0,0.33604553,False,ok,0.9378141137671929,"{""WordFreqRemove"": 2, ""WordFreqHP"": -1, ""WordFreqGeorge"": -3, ""WordFreqEDU"": -1, ""CharFreqDollarSign"": 4}"
x7b_giveup,visible,spambase,7,ok,4.9527,0.2981260710383189,0.0,0.29812607,False,ok,0.9548762305360545,"{""WordFreqRemove"": 3, ""WordFreqFree"": 1, ""WordFreq0"": 3, ""WordFreqHP"": -2, ""WordFreqGeorge"": -4, ""WordFreqEDU"": -2, ""CharFreqDollarSign"": 5}"
x7b_giveup,visible,spambase,10,ok,4.7055,0.2660206809736392,0.0,0.26602068,False,ok,0.9623631229203078,"{""WordFreqRemove"": 3, ""WordFreqFree"": 1, ""WordFreqBusiness"": 1, ""WordFreq0"": 3, ""WordFreqHP"": -2, ""WordFreqGeorge"": -4, ""WordFreqMeeting"": -2, ""WordFreqEDU"": -2, ""CharFreqExcalamationMark"": 1, ""CharFreqDollarSign"": 5}"
x7b_giveup,visible,fico,3,ok,0.3354,0.5918556511470763,0.5918556497771309,0.59185565,True,ok,0.7414784999999999,"{""ExternalRiskEstimate<=68"": 5, ""ExternalRiskEstimate<=78"": 4, ""MSinceMostRecentInqexcl7days<=-8"": -4}"
x7b_giveup,visible,fico,4,ok,6.6223,0.5785394194171956,0.5785394020275167,0.57853942,True,ok,0.763808,"{""ExternalRiskEstimate<=68"": 5, ""ExternalRiskEstimate<=78"": 4, ""MSinceMostRecentInqexcl7days<=-8"": -5, ""MSinceMostRecentInqexcl7days<=0"": 3}"
x7b_giveup,visible,fico,5,ok,54.0037,0.5695292740873528,0.0,0.56952927,False,ok,0.767671,"{""ExternalRiskEstimate<=68"": 3, ""ExternalRiskEstimate<=78"": 3, ""NumSatisfactoryTrades<=13"": 2, ""MSinceMostRecentInqexcl7days<=-8"": -5, ""MSinceMostRecentInqexcl7days<=0"": 2}"
x7b_giveup,visible,fico,7,ok,3.2101,0.5605509559011824,0.0,0.56055096,False,ok,0.7739745,"{""ExternalRiskEstimate<=68"": 3, ""ExternalRiskEstimate<=78"": 3, ""AverageMInFile<=67"": 1, ""NumSatisfactoryTrades<=13"": 2, ""MSinceMostRecentInqexcl7days<=-8"": -5, ""MSinceMostRecentInqexcl7days<=0"": 2, ""NetFractionRevolvingBurden<=59"": -2}"
x7b_giveup,visible,fico,10,ok,3.2815,0.554169616008486,0.0,0.55416962,False,ok,0.7808244999999999,"{""ExternalRiskEstimate<=68"": 2, ""ExternalRiskEstimate<=78"": 2, ""AverageMInFile<=58"": 2, ""NumSatisfactoryTrades<=13"": 2, ""PercentTradesNeverDelq<=96"": 2, ""MSinceMostRecentDelq<=20"": 1, ""MSinceMostRecentInqexcl7days<=-8"": -5, ""MSinceMostRecentInqexcl7days<=0"": 2, ""NetFractionRevolvingBurden<=35"": -1, ""NetFractionRevolvingBurden<=59"": -2}"
x7b_giveup,visible,compas,3,ok,0.0324,0.6225382115397334,0.6225382115397224,0.62253821,True,ok,0.7012972288111494,"{""age<=29"": 4, ""priors_count<=1"": -4, ""priors_count<=6"": -5}"
x7b_giveup,visible,compas,4,ok,0.0421,0.6157965848787171,0.6157965848787027,0.61579658,True,ok,0.7252711258607099,"{""age<=22"": -3, ""age<=34"": -3, ""priors_count<=1"": 4, ""priors_count<=6"": 4}"
x7b_giveup,visible,compas,5,ok,0.0865,0.6121183269701487,0.6121183269701311,0.61211833,True,ok,0.7304002908326525,"{""age<=22"": 4, ""age<=34"": 4, ""priors_count<=0"": -3, ""priors_count<=2"": -4, ""priors_count<=6"": -4}"
x7b_giveup,visible,compas,7,ok,0.3998,0.6082265159549372,0.6082265159548991,0.60822652,True,ok,0.7296174182843033,"{""age<=22"": 4, ""age<=29"": 3, ""age<=39"": 3, ""juv_other_count<=0"": -3, ""priors_count<=0"": -3, ""priors_count<=2"": -5, ""priors_count<=6"": -5}"
x7b_giveup,visible,compas,10,ok,5.1048,0.6055605523836098,0.6055605523835149,0.60556055,True,ok,0.7378078848763421,"{""sex=1"": -2, ""age<=22"": -4, ""age<=29"": -2, ""age<=34"": -2, ""age<=45"": -2, ""juv_other_count<=0"": 3, ""priors_count<=0"": 2, ""priors_count<=1"": 2, ""priors_count<=2"": 4, ""priors_count<=6"": 5}"
x7b_giveup,visible,australian,3,ok,0.0607,0.3379872507337162,0.3379872507335173,0.33798725,True,ok,0.8915265062806046,"{""A8=0"": -5, ""A10<=1"": -2, ""A14<=126"": -2}"
x7b_giveup,visible,australian,4,ok,0.6316,0.3266563195115297,0.3266563195115181,0.32665632,True,ok,0.9259101554183522,"{""A3<=13"": 2, ""A8=1"": 5, ""A10<=1"": -2, ""A14<=126"": -2}"
x7b_giveup,visible,australian,5,ok,14.7069,0.31742251989231884,0.3174225006689548,0.31742252,True,ok,0.944113263785395,"{""A3<=13"": 3, ""A7<=26"": -1, ""A8=1"": 5, ""A10<=3"": -2, ""A14<=87"": -2}"
x7b_giveup,visible,australian,7,ok,3.0468,0.3038390458122755,0.0,0.30383905,False,ok,0.9490100063870556,"{""A3<=13"": 3, ""A3<=89"": -1, ""A5=14"": 3, ""A7<=26"": -1, ""A8=0"": -5, ""A10<=3"": -2, ""A14<=87"": -2}"
x7b_giveup,visible,australian,10,ok,3.0761,0.2899933849774524,0.0,0.28999338,False,ok,0.9367681498829039,"{""A3<=13"": 3, ""A3<=89"": -1, ""A4=2"": 1, ""A5=1"": -2, ""A5=14"": 3, ""A6=5"": -2, ""A7<=26"": -1, ""A8=1"": 5, ""A10<=3"": -2, ""A14<=87"": -2}"
x7b_giveup,visible,heart,3,ok,0.0202,0.39413198739569943,0.394131987395691,0.39413199,True,ok,0.7666666666666667,"{""chest<=3"": -4, ""oldpeak<=1.9"": -5, ""thal<=3"": -4}"
x7b_giveup,visible,heart,4,ok,0.0716,0.356107606733472,0.35610760673345926,0.35610761,True,ok,0.8638888888888888,"{""chest<=3"": -5, ""oldpeak<=0.6"": -4, ""number_of_major_vessels<=0"": -4, ""thal<=3"": -5}"
x7b_giveup,visible,heart,5,ok,0.5058,0.33644466276027807,0.33644464631004084,0.33644466,True,ok,0.8520833333333333,"{""chest<=3"": -3, ""resting_electrocardiographic_results<=0"": -2, ""oldpeak<=0.6"": -3, ""number_of_major_vessels<=0"": -3, ""thal<=3"": -4}"
x7b_giveup,visible,heart,7,ok,3.0286,0.31675485937146003,0.0,0.31496988,False,ok,0.8798611111111112,"{""sex=1"": 3, ""chest<=3"": -5, ""serum_cholestoral<=270"": -3, ""oldpeak<=0.6"": -3, ""oldpeak<=1.9"": -4, ""number_of_major_vessels<=0"": -4, ""thal<=3"": -4}"
x7b_giveup,visible,heart,10,ok,3.0691,0.2791468625811999,0.0,0.27914686,False,ok,0.8062499999999999,"{""age<=60"": -5, ""age<=63"": 5, ""sex=1"": 3, ""chest<=3"": -3, ""serum_cholestoral<=270"": -2, ""resting_electrocardiographic_results<=0"": -2, ""oldpeak<=0.6"": -2, ""oldpeak<=1.9"": -2, ""number_of_major_vessels<=0"": -2, ""thal<=3"": -3}"
x7b_giveup,visible,ionosphere,3,ok,0.2463,0.28199539974926296,0.28199539974925697,0.2819954,True,ok,0.9139130434782609,"{""a03<=0"": 5, ""a05<=0"": 5, ""a22<=0.82162"": -1}"
x7b_giveup,visible,ionosphere,4,ok,8.5937,0.2279781518735197,0.227978132345103,0.22797815,True,ok,0.9278260869565217,"{""a03<=0"": 5, ""a04<=-0.59677"": 1, ""a05<=0.06704"": 1, ""a06<=-0.23067"": 1}"
x7b_giveup,visible,ionosphere,5,ok,54.0006,0.20648715366327594,0.0,0.20648715,False,ok,0.9299999999999999,"{""a03<=0"": 5, ""a05<=0.06704"": 4, ""a06<=-0.23067"": 4, ""a06<=0.78579"": -3, ""a22<=-0.03333"": -2}"
x7b_giveup,visible,ionosphere,7,ok,3.0764,0.14271712498886777,0.0,0.14271712,False,ok,0.9382608695652174,"{""a03<=0"": 5, ""a05<=0"": 5, ""a06<=-0.23067"": 4, ""a07<=0.38431"": 2, ""a22<=-0.03333"": -3, ""a24<=-1"": 4, ""a32<=0.77702"": -2}"
x7b_giveup,visible,ionosphere,10,ok,3.0761,0.08583886979059814,0.0,0.08583887,False,ok,0.9252173913043477,"{""a03<=0"": 5, ""a05<=0"": 5, ""a06<=-0.23067"": 4, ""a07<=0.38431"": 2, ""a18<=0"": 1, ""a22<=-0.03333"": -3, ""a24<=-1"": 3, ""a29<=0.52798"": 2, ""a32<=0.77702"": -3, ""a33<=0.75115"": -2}"
x7b_giveup,visible,ilpd,3,ok,0.0249,0.5069721752569345,0.5069721752569236,0.50697218,True,ok,0.7462792345854004,"{""V1<=24"": 1, ""V4<=1"": 2, ""V5<=206"": 1}"
x7b_giveup,visible,ilpd,4,ok,0.3652,0.49795585352988103,0.49795583606196997,0.49795585,True,ok,0.7829553508150248,"{""V1<=24"": 3, ""V4<=1"": 4, ""V5<=206"": 2, ""V6<=69"": 3}"
x7b_giveup,visible,ilpd,5,ok,12.258,0.49203517133424296,0.49203515195850717,0.49203517,True,ok,0.7859673990077959,"{""V1<=24"": 3, ""V1<=66"": 3, ""V4<=1"": 5, ""V5<=206"": 2, ""V6<=69"": 3}"
x7b_giveup,visible,ilpd,7,ok,3.0327,0.48483984421584536,0.0,0.48346504,False,ok,0.7854358610914246,"{""V1<=24"": 1, ""V1<=60"": -1, ""V1<=66"": 2, ""V4<=1"": 2, ""V4<=4"": 5, ""V5<=206"": 1, ""V6<=69"": 1}"
x7b_giveup,visible,ilpd,10,ok,3.0575,0.4744057564957534,0.0,0.4735486,False,ok,0.7739192062367115,"{""V1<=24"": 1, ""V1<=66"": 1, ""V4<=0.6"": 1, ""V4<=4"": 5, ""V5<=206"": 1, ""V6<=69"": 1, ""V8<=6.5"": 1, ""V9<=3.1"": -1, ""V9<=4.1"": -1, ""V10<=1.3"": 1}"
x7b_giveup,visible,magic,3,ok,0.2135,0.47478486756430993,0.47478486756430077,0.47478487,True,ok,0.7965658356370701,"{""fLength:<=106.655"": -5, ""fSize:<=2.42"": -2, ""fAlpha:<=18.205"": -4}"
x7b_giveup,visible,magic,4,ok,0.8102,0.45620113872765816,0.4562011370443405,0.45620114,True,ok,0.8145058563689459,"{""fLength:<=106.655"": -2, ""fSize:<=2.42"": -1, ""fAlpha:<=11.711"": -1, ""fAlpha:<=27.106"": -1}"
x7b_giveup,visible,magic,5,ok,6.2954,0.44183375620039617,0.44183373686690075,0.44183376,True,ok,0.8292445077021656,"{""fLength:<=106.655"": -4, ""fWidth:<=11.1267"": 2, ""fSize:<=2.42"": -3, ""fAlpha:<=11.711"": -2, ""fAlpha:<=27.106"": -2}"
x7b_giveup,visible,magic,7,ok,3.2103,0.41879759785437926,0.0,0.4187976,False,ok,0.8452481964882139,"{""fLength:<=106.655"": -5, ""fWidth:<=11.1267"": 4, ""fWidth:<=39.6681"": -5, ""fSize:<=2.42"": -5, ""fM3Long:<=-34.8805"": 4, ""fAlpha:<=11.711"": -4, ""fAlpha:<=27.106"": -4}"
x7b_giveup,visible,magic,10,ok,3.2535,0.4020098369768927,0.0,0.40023123,False,ok,0.8539255463172146,"{""fLength:<=46.2915"": -2, ""fLength:<=106.655"": -4, ""fWidth:<=11.1267"": 3, ""fWidth:<=15.1087"": 2, ""fWidth:<=39.6681"": -3, ""fSize:<=2.2844"": -3, ""fSize:<=2.5289"": -3, ""fM3Long:<=-34.8805"": 3, ""fAlpha:<=11.711"": -4, ""fAlpha:<=27.106"": -3}"
x7b_giveup,visible,haberman,3,ok,0.0098,0.4906198182007443,0.4906198182007356,0.49061982,True,ok,0.6012228260869564,"{""Age_of_patient_at_time_of_operation<=38"": -3, ""Patients_year_of_operation=61"": -4, ""Number_of_positive_axillary_nodes_detected<=4"": -3}"
x7b_giveup,visible,haberman,4,ok,0.0166,0.4808848365382481,0.48088483653823694,0.48088484,True,ok,0.5883152173913043,"{""Age_of_patient_at_time_of_operation<=38"": -3, ""Patients_year_of_operation=65"": 2, ""Patients_year_of_operation=61"": -4, ""Number_of_positive_axillary_nodes_detected<=4"": -3}"
x7b_giveup,visible,haberman,5,ok,0.0631,0.4779456368232793,0.4779456368230084,0.47794564,True,ok,0.563858695652174,"{""Age_of_patient_at_time_of_operation<=38"": -4, ""Patients_year_of_operation=65"": 2, ""Patients_year_of_operation=61"": -5, ""Patients_year_of_operation=63"": -2, ""Number_of_positive_axillary_nodes_detected<=4"": -4}"
x7b_giveup,visible,haberman,7,ok,0.8641,0.4731003093016757,0.47310030930165214,0.47310031,True,ok,0.626358695652174,"{""Age_of_patient_at_time_of_operation<=38"": -3, ""Patients_year_of_operation=60"": -1, ""Patients_year_of_operation=65"": 2, ""Patients_year_of_operation=61"": -5, ""Patients_year_of_operation=63"": -2, ""Number_of_positive_axillary_nodes_detected<=0"": -1, ""Number_of_positive_axillary_nodes_detected<=4"": -3}"
x7b_giveup,visible,haberman,10,ok,2.338,0.46599816819711143,0.4659981681970336,0.46599817,True,ok,0.5957880434782609,"{""Age_of_patient_at_time_of_operation<=38"": -3, ""Age_of_patient_at_time_of_operation<=42"": -2, ""Age_of_patient_at_time_of_operation<=49"": 2, ""Age_of_patient_at_time_of_operation<=58"": -1, ""Patients_year_of_operation=65"": 2, ""Patients_year_of_operation=61"": -5, ""Patients_year_of_operation=63"": -2, ""Patients_year_of_operation=67"": -2, ""Number_of_positive_axillary_nodes_detected<=0"": -1, ""Number_of_positive_axillary_nodes_detected<=4"": -3}"
x7b_giveup,tiny,syn0,2,ok,0.0085,0.5446817400310768,0.5446817400310692,0.544681740031,True,ok,0.7354273023564362,"{""x0"": 3, ""x5"": -3}"
x7b_giveup,tiny,syn0,3,ok,0.011,0.517219768730159,0.5172197687301479,0.51721976873,True,ok,0.7913241614029015,"{""x0"": -5, ""x2"": 4, ""x5"": 5}"
x7b_giveup,tiny,syn1,2,ok,0.007,0.5424078436161445,0.5424078436161367,0.542407843616,True,ok,0.700215866162979,"{""x0"": 1, ""x5"": 1}"
x7b_giveup,tiny,syn1,3,ok,0.0087,0.5078273260983516,0.5078273260983408,0.507827326098,True,ok,0.7139773340528872,"{""x0"": 4, ""x5"": 4, ""x7"": 3}"
x7b_giveup,tiny,syn2,2,ok,0.0086,0.6108453902145077,0.610845390214499,0.610845390215,True,ok,0.6656700577256607,"{""x4"": 5, ""x8"": -3}"
x7b_giveup,tiny,syn2,3,ok,0.0103,0.5997197208530549,0.5997197208530098,0.599719720853,True,ok,0.681162796717662,"{""x3"": 2, ""x4"": 5, ""x8"": -3}"
x7b_giveup,tiny,syn3,2,ok,0.0085,0.5394043667750122,0.5394043667750046,0.539404366775,True,ok,0.7940387195706344,"{""x2"": -1, ""x3"": 1}"
x7b_giveup,tiny,syn3,3,ok,0.0122,0.4856527251948659,0.4856527251948555,0.485652725195,True,ok,0.8436019606232372,"{""x2"": -1, ""x3"": 1, ""x9"": 1}"
x7b_giveup,tiny,syn4,2,ok,0.0128,0.6132407316655778,0.613240731665569,0.613240731666,True,ok,0.6743073576053052,"{""x3"": 5, ""x5"": 4}"
x7b_giveup,tiny,syn4,3,ok,0.0102,0.5888039988601307,0.5888039988601181,0.58880399886,True,ok,0.7138344997509894,"{""x3"": 5, ""x5"": 4, ""x6"": -4}"
x7b_giveup,tiny,syn5,2,ok,0.0083,0.49061575337749247,0.4906157533774852,0.490615753377,True,ok,0.7676676570458405,"{""x1"": 3, ""x2"": -1}"
x7b_giveup,tiny,syn5,3,ok,0.0155,0.48817955613546987,0.48817955613545033,0.488179556135,True,ok,0.7614335738539898,"{""x1"": 5, ""x2"": -2, ""x9"": -1}"
x7b_giveup,tiny,syn6,2,ok,0.0087,0.14802788113021076,0.14802788113020865,0.14802788113,True,ok,0.6596320346320347,"{""x3"": 1, ""x4"": -1}"
x7b_giveup,tiny,syn6,3,ok,0.0147,0.13906553782524034,0.1390655378252374,0.139065537825,True,ok,0.751082251082251,"{""x3"": 1, ""x4"": -1, ""x6"": -1}"
x7b_giveup,tiny,syn7,2,ok,0.0089,0.5015280482234045,0.5015280482233685,0.501528048223,True,ok,0.7189240306819376,"{""x2"": -2, ""x4"": -2}"
x7b_giveup,tiny,syn7,3,ok,0.0114,0.4854612061587655,0.4854612061587551,0.485461206159,True,ok,0.7386606423592869,"{""x1"": 2, ""x2"": -2, ""x4"": -2}"
x7b_giveup,tiny,syn8,2,ok,0.0086,0.4961153691002832,0.49611536910027604,0.4961153691,True,ok,0.7551558336229869,"{""x2"": -1, ""x6"": 1}"
x7b_giveup,tiny,syn8,3,ok,0.0117,0.48292494900391036,0.48292494900390004,0.482924949004,True,ok,0.7773288147375739,"{""x2"": -5, ""x4"": 3, ""x6"": 5}"
x7b_giveup,tiny,syn9,2,ok,0.0063,0.5047078649095531,0.504707864909546,0.50470786491,True,ok,0.8380513495720869,"{""x6"": -3, ""x9"": 5}"
x7b_giveup,tiny,syn9,3,ok,0.0133,0.49035443087838726,0.49035443087837516,0.490354430878,True,ok,0.8486668861092825,"{""x1"": 1, ""x6"": -2, ""x9"": 3}"
x7b_giveup,tiny,syn10,2,ok,0.0081,0.4890810417103373,0.4890810417103303,0.48908104171,True,ok,0.6921452702702702,"{""x2"": -3, ""x3"": -3}"
x7b_giveup,tiny,syn10,3,ok,0.0123,0.4793160349932964,0.4793160349932862,0.479316034993,True,ok,0.7270660083160083,"{""x0"": 2, ""x2"": -5, ""x3"": -5}"
x7b_giveup,tiny,syn11,2,ok,0.0051,0.49211041732485106,0.4921104173248441,0.492110417325,True,ok,0.8401988636363635,"{""x6"": 5, ""x9"": 4}"
x7b_giveup,tiny,syn11,3,ok,0.0072,0.45169452509203867,0.4516945250917131,0.451694525092,True,ok,0.9240056818181819,"{""x1"": 4, ""x6"": 5, ""x9"": 5}"
x7b_giveup,tiny,adult0,2,ok,0.0074,0.4404415262608285,0.4404415262608221,0.440441526261,True,ok,0.7866125274122807,"{""x0"": 3, ""x5"": -2}"
x7b_giveup,tiny,adult0,3,ok,0.0095,0.4285576334555465,0.42855763345553727,0.428557633456,True,ok,0.7943393640350878,"{""x0"": 4, ""x5"": -3, ""x9"": 2}"
x7b_giveup,tiny,adult1,2,ok,0.0076,0.4251927761860085,0.42519277618600243,0.425192776186,True,ok,0.746898985745614,"{""x0"": 5, ""x4"": 4}"
x7b_giveup,tiny,adult1,3,ok,0.0093,0.4104985715595258,0.4104985715595159,0.41049857156,True,ok,0.7788856907894737,"{""x0"": 4, ""x4"": 3, ""x7"": 2}"
x7b_giveup,tiny,bank0,2,ok,0.0075,0.28737579334064095,0.2873757933406369,0.287375793341,True,ok,0.7791236306729264,"{""x2"": 2, ""x7"": 3}"
x7b_giveup,tiny,bank0,3,ok,0.0114,0.2824076251922267,0.2824076251920309,0.282407625192,True,ok,0.7864788732394365,"{""x0"": -2, ""x2"": 3, ""x7"": 4}"
x7b_giveup,tiny,bank1,2,ok,0.007,0.27445913427890106,0.27445913427889707,0.274459134279,True,ok,0.7549295774647888,"{""x1"": 3, ""x7"": 4}"
x7b_giveup,tiny,bank1,3,ok,0.0218,0.2649032414829257,0.26490324148292105,0.264903241483,True,ok,0.7729577464788733,"{""x0"": -3, ""x4"": -3, ""x7"": 5}"
x7b_giveup,tiny,mammo0,2,ok,0.0053,0.4870724927203053,0.48707249272029207,0.48707249272,True,ok,0.7961140335991854,"{""x0"": -5, ""x2"": 2}"
x7b_giveup,tiny,mammo0,3,ok,0.0071,0.4658357722339051,0.46583577223389516,0.465835772234,True,ok,0.8297980655014423,"{""x0"": -4, ""x1"": 3, ""x2"": 3}"
x7b_giveup,tiny,mammo1,2,ok,0.0056,0.4870724927203053,0.48707249272029207,0.48707249272,True,ok,0.7961140335991854,"{""x0"": -5, ""x2"": 2}"
x7b_giveup,tiny,mammo1,3,ok,0.0077,0.4658357722339051,0.46583577223389516,0.465835772234,True,ok,0.8297980655014423,"{""x0"": -4, ""x1"": 3, ""x2"": 3}"
x7b_giveup,tiny,mushroom0,2,ok,0.0064,0.15339675278235038,0.15339675276519177,0.153396752782,True,ok,0.979049335435909,"{""x1"": 5, ""x6"": -1}"
x7b_giveup,tiny,mushroom0,3,ok,0.0158,0.11698955207199077,0.11698954683867756,0.116989552072,True,ok,0.989562213711797,"{""x1"": 5, ""x3"": 5, ""x5"": 1}"
x7b_giveup,tiny,mushroom1,2,ok,0.0064,0.12878025349797625,0.12878025348817415,0.128780253498,True,ok,0.9699757202573152,"{""x1"": 5, ""x5"": 1}"
x7b_giveup,tiny,mushroom1,3,ok,0.0125,0.10091780231276294,0.10091780199297604,0.100917802313,True,ok,0.9789241821231007,"{""x1"": 5, ""x3"": 5, ""x5"": 1}"
x7b_giveup,tiny,fico0,2,ok,0.0107,0.5812007447676837,0.5812007447675754,0.581200744768,True,ok,0.7190124999999999,"{""x0"": 5, ""x9"": -3}"
x7b_giveup,tiny,fico0,3,ok,0.0144,0.574847113794094,0.5748471137940823,0.574847113794,True,ok,0.7441125,"{""x0"": 5, ""x4"": 2, ""x9"": -3}"
x7b_giveup,tiny,fico1,2,ok,0.0066,0.6102008403466027,0.6102008403434527,0.610200840347,True,ok,0.7442,"{""x2"": 5, ""x5"": 4}"
x7b_giveup,tiny,fico1,3,ok,0.0151,0.6005809873321837,0.6005809873321741,0.600580987332,True,ok,0.76435,"{""x2"": 5, ""x5"": 5, ""x9"": -4}"
x7b_giveup,tiny,compas0,2,ok,0.0071,0.629996371800631,0.629996371800622,0.629996371801,True,ok,0.7134433962264151,"{""x2"": 4, ""x6"": -3}"
x7b_giveup,tiny,compas0,3,ok,0.0094,0.6192854625477515,0.6192854625477404,0.619285462548,True,ok,0.7332396627860296,"{""x1"": -3, ""x3"": -4, ""x6"": 4}"
x7b_giveup,tiny,compas1,2,ok,0.0118,0.6190112288342146,0.6190112288342057,0.619011228834,True,ok,0.6652323364110799,"{""x0"": -4, ""x6"": 3}"
x7b_giveup,tiny,compas1,3,ok,0.0122,0.6112271865486547,0.6112271862555825,0.611227186549,True,ok,0.6573790646326776,"{""x1"": -3, ""x2"": -4, ""x6"": 4}"
x7b_giveup,tiny,australian0,2,ok,0.0079,0.3433494648221187,0.34334946482211165,0.343349464822,True,ok,0.8926925608953258,"{""x1"": -5, ""x5"": 2}"
x7b_giveup,tiny,australian0,3,ok,0.0127,0.3281367559010285,0.3281367559010214,0.328136755901,True,ok,0.8945029624753127,"{""x1"": -5, ""x2"": -2, ""x9"": -2}"
x7b_giveup,tiny,australian1,2,ok,0.0063,0.3433494648221187,0.34334946482211165,0.343349464822,True,ok,0.8926925608953258,"{""x1"": -5, ""x5"": 2}"
x7b_giveup,tiny,australian1,3,ok,0.0072,0.3281367559010285,0.3281367559010214,0.328136755901,True,ok,0.8945029624753127,"{""x1"": -5, ""x2"": -2, ""x9"": -2}"
x7b_giveup,tiny,heart0,2,ok,0.0057,0.39145572741205925,0.3914557274120262,0.391455727412,True,ok,0.725,"{""x0"": -5, ""x2"": -4}"
x7b_giveup,tiny,heart0,3,ok,0.0076,0.3286332589543534,0.3286332589540849,0.328633258954,True,ok,0.7479166666666667,"{""x0"": -4, ""x2"": -3, ""x5"": -4}"
x7b_giveup,tiny,heart1,2,ok,0.0057,0.39145572741205925,0.3914557274120262,0.391455727412,True,ok,0.725,"{""x0"": -5, ""x2"": -4}"
x7b_giveup,tiny,heart1,3,ok,0.0077,0.3286332589543534,0.3286332589540849,0.328633258954,True,ok,0.7479166666666667,"{""x0"": -4, ""x2"": -3, ""x5"": -4}"
x7b_giveup,tiny,ilpd0,2,ok,0.0053,0.5186090889548504,0.518609088954843,0.518609088955,True,ok,0.6821448313985627,"{""x2"": 5, ""x6"": 3}"
x7b_giveup,tiny,ilpd0,3,ok,0.0104,0.5095557789943593,0.5095557789943503,0.509555778994,True,ok,0.6901603095632947,"{""x2"": 1, ""x6"": 1, ""x8"": 5}"
x7b_giveup,tiny,ilpd1,2,ok,0.0053,0.5186090889548504,0.518609088954843,0.518609088955,True,ok,0.6821448313985627,"{""x2"": 5, ""x6"": 3}"
x7b_giveup,tiny,ilpd1,3,ok,0.0073,0.5095557789943593,0.5095557789943503,0.509555778994,True,ok,0.6901603095632947,"{""x2"": 1, ""x6"": 1, ""x8"": 5}"
x8_merge,visible,adult,3,ok,0.077,0.40451518177265444,0.404515181772648,0.40451518,True,ok,0.8246348665670107,"{""HSDiploma"": -1, ""NoHS"": -2, ""Married"": 2}"
x8_merge,visible,adult,4,ok,0.1251,0.3881656387542517,0.38816563875424215,0.38816564,True,ok,0.8444253261870338,"{""HSDiploma"": -2, ""NoHS"": -4, ""Married"": 4, ""AnyCapitalGains"": 3}"
x8_merge,visible,adult,5,ok,0.6826,0.37728155038497213,0.3772815503849611,0.37728155,True,ok,0.8586250083143998,"{""Age_22_to_29"": -2, ""HSDiploma"": -2, ""NoHS"": -4, ""Married"": 4, ""AnyCapitalGains"": 3}"
x8_merge,visible,adult,7,ok,37.323,0.3632879178831039,0.36328791788308834,0.36328792,True,ok,0.8706296888839099,"{""Age_22_to_29"": -3, ""HSDiploma"": -3, ""NoHS"": -5, ""JobManagerial"": 2, ""Married"": 5, ""WorkHrsPerWeek_lt_40"": -2, ""AnyCapitalGains"": 4}"
x8_merge,visible,adult,10,ok,3.15,0.35342272575902606,0.0,0.35342273,False,ok,0.8826068006539496,"{""Age_30_to_44"": 3, ""Age_45_to_59"": 4, ""Age_geq_60"": 3, ""HSDiploma"": -3, ""NoHS"": -5, ""JobManagerial"": 2, ""Married"": 5, ""WorkHrsPerWeek_lt_40"": -2, ""AnyCapitalGains"": 4, ""AnyCapitalLoss"": 3}"
x8_merge,visible,bank,3,ok,0.1312,0.28398526050475853,0.2839852605047516,0.28398526,True,ok,0.7726779284896623,"{""call_in_Q2"": -1, ""calls_b4_campaign_successful"": 2, ""emp_var_rate_lt_n1"": 2}"
x8_merge,visible,bank,4,ok,0.4986,0.28178061505771845,0.2817806150577114,0.28178062,True,ok,0.7779411200429753,"{""call_in_Q2"": -2, ""calls_b4_campaign_successful"": 3, ""cons_price_idx_geq_93_5"": 1, ""euribor3m_geq_300"": -4}"
x8_merge,visible,bank,5,ok,3.2794,0.2808465895282374,0.28084657195217616,0.28084659,True,ok,0.7830979925688596,"{""call_in_Q2"": -2, ""called_before"": 3, ""calls_b4_campaign_failed"": -1, ""emp_var_rate_lt_n1"": 4, ""cons_price_idx_geq_93_5"": 1}"
x8_merge,visible,bank,7,ok,3.1342,0.27923804198746716,0.0,0.27923804,False,ok,0.7830508284890227,"{""age_ge_60"": 1, ""job_blue_collar"": -1, ""call_in_Q2"": -2, ""calls_b4_campaign_failed"": -1, ""calls_b4_campaign_successful"": 3, ""emp_var_rate_lt_n1"": 5, ""cons_price_idx_geq_93_5"": 1}"
x8_merge,visible,bank,10,ok,3.2838,0.2780978603622512,0.0,0.27791022,False,ok,0.7790882463915483,"{""age_ge_60"": 2, ""job_student"": 1, ""job_blue_collar"": -1, ""credit_is_or_may_be_in_default"": -1, ""call_in_Q1"": 1, ""call_in_Q2"": -2, ""any_prior_calls_b4_campaign"": -1, ""calls_b4_campaign_successful"": 5, ""nr_employed_gt_5100"": -5, ""cons_price_idx_geq_93_5"": 1}"
x8_merge,visible,breastcancer,3,ok,0.036,0.0892270617348029,0.08922706173478838,0.08922706,True,ok,0.9878277153558053,"{""ClumpThickness"": 3, ""UniformityOfCellSize"": 5, ""BareNuclei"": 3}"
x8_merge,visible,breastcancer,4,ok,0.0742,0.07846697475234178,0.0784669747495391,0.07846697,True,ok,0.9898174157303371,"{""ClumpThickness"": 4, ""UniformityOfCellSize"": 5, ""BareNuclei"": 3, ""BlandChromatin"": 4}"
x8_merge,visible,breastcancer,5,ok,0.1398,0.07315003724742207,0.07315003724740168,0.07315004,True,ok,0.9918071161048689,"{""ClumpThickness"": 3, ""UniformityOfCellShape"": 4, ""MarginalAdhesion"": 2, ""BareNuclei"": 2, ""BlandChromatin"": 4}"
x8_merge,visible,breastcancer,7,ok,0.1211,0.06746347532828346,0.06746347532825825,0.06746348,True,ok,0.992626404494382,"{""ClumpThickness"": 4, ""UniformityOfCellShape"": 4, ""MarginalAdhesion"": 3, ""BareNuclei"": 3, ""BlandChromatin"": 5, ""NormalNucleoli"": 2, ""Mitoses"": 3}"
x8_merge,visible,breastcancer,10,ok,0.1097,0.06592425084343989,0.06592425084342558,0.06592425,True,ok,0.9915730337078652,"{""ClumpThickness"": 3, ""UniformityOfCellSize"": 1, ""UniformityOfCellShape"": 2, ""MarginalAdhesion"": 2, ""SingleEpithelialCellSize"": 1, ""BareNuclei"": 2, ""BlandChromatin"": 4, ""NormalNucleoli"": 1, ""Mitoses"": 2}"
x8_merge,visible,mammo,3,ok,0.0095,0.472334615836568,0.472334615836558,0.47233462,True,ok,0.8532843560933447,"{""IrregularShape"": 4, ""CircumscribedMargin"": -5, ""Age_geq_60"": 3}"
x8_merge,visible,mammo,4,ok,0.0124,0.46720671586568163,0.46720671586567164,0.46720672,True,ok,0.8571197061365601,"{""IrregularShape"": 3, ""CircumscribedMargin"": -4, ""SpiculatedMargin"": 2, ""Age_geq_60"": 3}"
x8_merge,visible,mammo,5,ok,0.0257,0.46370461455879974,0.46370461455878903,0.46370461,True,ok,0.8565795159896282,"{""IrregularShape"": -3, ""CircumscribedMargin"": 4, ""SpiculatedMargin"": -2, ""Age_lt_30"": 5, ""Age_geq_60"": -3}"
x8_merge,visible,mammo,7,ok,0.2311,0.4592871887627443,0.4592871887626357,0.45928719,True,ok,0.8508535004321521,"{""OvalShape"": -1, ""IrregularShape"": 2, ""CircumscribedMargin"": -3, ""ObscuredMargin"": -1, ""SpiculatedMargin"": 1, ""Age_geq_30"": 5, ""Age_geq_60"": 2}"
x8_merge,visible,mammo,10,ok,8.9487,0.45827677476065914,0.4582767747605343,0.45827677,True,ok,0.8453975799481418,"{""RoundShape"": 1, ""OvalShape"": 2, ""IrregularShape"": -3, ""CircumscribedMargin"": 5, ""ObscuredMargin"": 2, ""SpiculatedMargin"": -2, ""Age_lt_30"": 5, ""Age_geq_30"": -5, ""Age_geq_45"": -1, ""Age_geq_60"": -3}"
x8_merge,visible,mushroom,3,ok,0.1807,0.06494475825921053,0.06494475764181001,0.06494476,True,ok,0.9879991384619118,"{""odor_eq_almond"": -2, ""odor_eq_anise"": -2, ""odor_eq_none"": -1}"
x8_merge,visible,mushroom,4,ok,1.5137,0.03151661237198366,0.03151661160169937,0.03151661,True,ok,0.9953040107024872,"{""odor_eq_almond"": -5, ""odor_eq_anise"": -5, ""odor_eq_none"": -4, ""spore_print_color_eq_green"": 4}"
x8_merge,visible,mushroom,5,ok,26.8495,0.009137783224568645,0.009137783224560643,0.00913778,True,ok,0.9978992425138711,"{""odor_eq_almond"": -5, ""odor_eq_anise"": -5, ""odor_eq_none"": -3, ""stalk_surface_below_ring_eq_scaly"": 1, ""spore_print_color_eq_green"": 5}"
x8_merge,visible,mushroom,7,ok,0.1132,3.8593243796512854e-13,0.0,0.0,True,ok,1.0,"{""odor_eq_almond"": -5, ""odor_eq_anise"": -5, ""odor_eq_none"": -4, ""gill_size_eq_narrow"": 2, ""stalk_surface_below_ring_eq_scaly"": 2, ""spore_print_color_eq_green"": 5, ""population_eq_clustered"": 2}"
x8_merge,visible,mushroom,10,ok,0.1114,6.537876176643081e-13,0.0,0.0,True,ok,1.0,"{""odor_eq_almond"": -5, ""odor_eq_anise"": -5, ""odor_eq_none"": -2, ""odor_eq_foul"": 2, ""gill_size_eq_narrow"": 1, ""gill_color_eq_buff"": 2, ""stalk_root_eq_rooted"": -2, ""stalk_surface_below_ring_eq_scaly"": 1, ""spore_print_color_eq_green"": 3, ""population_eq_clustered"": 1}"
x8_merge,visible,spambase,3,ok,21.4884,0.39815962909806096,0.39815962909470604,0.39815963,True,ok,0.9099425338428271,"{""WordFreqRemove"": 2, ""WordFreqHP"": -1, ""CharFreqDollarSign"": 4}"
x8_merge,visible,spambase,4,ok,54.2213,0.36266309545965447,0.0,0.3626631,False,ok,0.9289029098413264,"{""WordFreqRemove"": 2, ""WordFreqHP"": -1, ""WordFreqGeorge"": -2, ""CharFreqDollarSign"": 4}"
x8_merge,visible,spambase,5,ok,3.6342,0.3360455337893006,0.0,0.33604553,False,ok,0.9378141137671929,"{""WordFreqRemove"": 2, ""WordFreqHP"": -1, ""WordFreqGeorge"": -3, ""WordFreqEDU"": -1, ""CharFreqDollarSign"": 4}"
x8_merge,visible,spambase,7,ok,4.7718,0.2981260710383189,0.0,0.29812607,False,ok,0.9548762305360545,"{""WordFreqRemove"": 3, ""WordFreqFree"": 1, ""WordFreq0"": 3, ""WordFreqHP"": -2, ""WordFreqGeorge"": -4, ""WordFreqEDU"": -2, ""CharFreqDollarSign"": 5}"
x8_merge,visible,spambase,10,ok,4.6397,0.2660206809736392,0.0,0.26602068,False,ok,0.9623631229203078,"{""WordFreqRemove"": 3, ""WordFreqFree"": 1, ""WordFreqBusiness"": 1, ""WordFreq0"": 3, ""WordFreqHP"": -2, ""WordFreqGeorge"": -4, ""WordFreqMeeting"": -2, ""WordFreqEDU"": -2, ""CharFreqExcalamationMark"": 1, ""CharFreqDollarSign"": 5}"
x8_merge,visible,fico,3,ok,0.3198,0.5918556511470763,0.5918556497771309,0.59185565,True,ok,0.7414784999999999,"{""ExternalRiskEstimate<=68"": 5, ""ExternalRiskEstimate<=78"": 4, ""MSinceMostRecentInqexcl7days<=-8"": -4}"
x8_merge,visible,fico,4,ok,6.5392,0.5785394194171956,0.5785394020275167,0.57853942,True,ok,0.763808,"{""ExternalRiskEstimate<=68"": 5, ""ExternalRiskEstimate<=78"": 4, ""MSinceMostRecentInqexcl7days<=-8"": -5, ""MSinceMostRecentInqexcl7days<=0"": 3}"
x8_merge,visible,fico,5,ok,54.0027,0.5695292740873528,0.0,0.56952927,False,ok,0.767671,"{""ExternalRiskEstimate<=68"": 3, ""ExternalRiskEstimate<=78"": 3, ""NumSatisfactoryTrades<=13"": 2, ""MSinceMostRecentInqexcl7days<=-8"": -5, ""MSinceMostRecentInqexcl7days<=0"": 2}"
x8_merge,visible,fico,7,ok,3.214,0.5605509559011824,0.0,0.56055096,False,ok,0.7739745,"{""ExternalRiskEstimate<=68"": 3, ""ExternalRiskEstimate<=78"": 3, ""AverageMInFile<=67"": 1, ""NumSatisfactoryTrades<=13"": 2, ""MSinceMostRecentInqexcl7days<=-8"": -5, ""MSinceMostRecentInqexcl7days<=0"": 2, ""NetFractionRevolvingBurden<=59"": -2}"
x8_merge,visible,fico,10,ok,3.2863,0.554169616008486,0.0,0.55416962,False,ok,0.7808244999999999,"{""ExternalRiskEstimate<=68"": 2, ""ExternalRiskEstimate<=78"": 2, ""AverageMInFile<=58"": 2, ""NumSatisfactoryTrades<=13"": 2, ""PercentTradesNeverDelq<=96"": 2, ""MSinceMostRecentDelq<=20"": 1, ""MSinceMostRecentInqexcl7days<=-8"": -5, ""MSinceMostRecentInqexcl7days<=0"": 2, ""NetFractionRevolvingBurden<=35"": -1, ""NetFractionRevolvingBurden<=59"": -2}"
x8_merge,visible,compas,3,ok,0.0458,0.6225382115397334,0.6225382115397236,0.62253821,True,ok,0.7012972288111494,"{""age<=29"": 4, ""priors_count<=1"": -4, ""priors_count<=6"": -5}"
x8_merge,visible,compas,4,ok,0.0637,0.6157965848787171,0.6157965848787027,0.61579658,True,ok,0.7252711258607099,"{""age<=22"": -3, ""age<=34"": -3, ""priors_count<=1"": 4, ""priors_count<=6"": 4}"
x8_merge,visible,compas,5,ok,0.0858,0.6121183269701487,0.6121183269701356,0.61211833,True,ok,0.7304002908326525,"{""age<=22"": 4, ""age<=34"": 4, ""priors_count<=0"": -3, ""priors_count<=2"": -4, ""priors_count<=6"": -4}"
x8_merge,visible,compas,7,ok,0.395,0.6082265159549372,0.6082265159549116,0.60822652,True,ok,0.7296174182843033,"{""age<=22"": 4, ""age<=29"": 3, ""age<=39"": 3, ""juv_other_count<=0"": -3, ""priors_count<=0"": -3, ""priors_count<=2"": -5, ""priors_count<=6"": -5}"
x8_merge,visible,compas,10,ok,4.9895,0.6055605523836098,0.6055605523835796,0.60556055,True,ok,0.7378078848763421,"{""sex=1"": 2, ""age<=22"": 4, ""age<=29"": 2, ""age<=34"": 2, ""age<=45"": 2, ""juv_other_count<=0"": -3, ""priors_count<=0"": -2, ""priors_count<=1"": -2, ""priors_count<=2"": -4, ""priors_count<=6"": -5}"
x8_merge,visible,australian,3,ok,0.0597,0.3379872507337162,0.33798725073351854,0.33798725,True,ok,0.8915265062806046,"{""A8=0"": -5, ""A10<=1"": -2, ""A14<=126"": -2}"
x8_merge,visible,australian,4,ok,0.6465,0.3266563195115297,0.3266563195115228,0.32665632,True,ok,0.9259101554183522,"{""A3<=13"": 2, ""A8=1"": 5, ""A10<=1"": -2, ""A14<=126"": -2}"
x8_merge,visible,australian,5,ok,14.6029,0.31742251989231884,0.3174225006689548,0.31742252,True,ok,0.944113263785395,"{""A3<=13"": 3, ""A7<=26"": -1, ""A8=1"": 5, ""A10<=3"": -2, ""A14<=87"": -2}"
x8_merge,visible,australian,7,ok,3.0487,0.3038390458122755,0.0,0.30383905,False,ok,0.9490100063870556,"{""A3<=13"": 3, ""A3<=89"": -1, ""A5=14"": 3, ""A7<=26"": -1, ""A8=0"": -5, ""A10<=3"": -2, ""A14<=87"": -2}"
x8_merge,visible,australian,10,ok,3.0562,0.2899933849774524,0.0,0.28999338,False,ok,0.9367681498829039,"{""A3<=13"": 3, ""A3<=89"": -1, ""A4=2"": 1, ""A5=1"": -2, ""A5=14"": 3, ""A6=5"": -2, ""A7<=26"": -1, ""A8=1"": 5, ""A10<=3"": -2, ""A14<=87"": -2}"
x8_merge,visible,heart,3,ok,0.0132,0.39413198739569943,0.39413198739569244,0.39413199,True,ok,0.7666666666666667,"{""chest<=3"": -4, ""oldpeak<=1.9"": -5, ""thal<=3"": -4}"
x8_merge,visible,heart,4,ok,0.0455,0.356107606733472,0.35610760673346364,0.35610761,True,ok,0.8638888888888888,"{""chest<=3"": -5, ""oldpeak<=0.6"": -4, ""number_of_major_vessels<=0"": -4, ""thal<=3"": -5}"
x8_merge,visible,heart,5,ok,0.5893,0.33644466276027807,0.33644464631004084,0.33644466,True,ok,0.8520833333333333,"{""chest<=3"": -3, ""resting_electrocardiographic_results<=0"": -2, ""oldpeak<=0.6"": -3, ""number_of_major_vessels<=0"": -3, ""thal<=3"": -4}"
x8_merge,visible,heart,7,ok,3.0497,0.31675485937146003,0.0,0.31496988,False,ok,0.8798611111111112,"{""sex=1"": 3, ""chest<=3"": -5, ""serum_cholestoral<=270"": -3, ""oldpeak<=0.6"": -3, ""oldpeak<=1.9"": -4, ""number_of_major_vessels<=0"": -4, ""thal<=3"": -4}"
x8_merge,visible,heart,10,ok,3.099,0.2791468625811999,0.0,0.27914686,False,ok,0.8062499999999999,"{""age<=60"": -5, ""age<=63"": 5, ""sex=1"": 3, ""chest<=3"": -3, ""serum_cholestoral<=270"": -2, ""resting_electrocardiographic_results<=0"": -2, ""oldpeak<=0.6"": -2, ""oldpeak<=1.9"": -2, ""number_of_major_vessels<=0"": -2, ""thal<=3"": -3}"
x8_merge,visible,ionosphere,3,ok,0.2564,0.28199539974926296,0.2819953997492579,0.2819954,True,ok,0.9139130434782609,"{""a03<=0"": 5, ""a05<=0"": 5, ""a22<=0.82162"": -1}"
x8_merge,visible,ionosphere,4,ok,8.5291,0.2279781518735197,0.227978132345103,0.22797815,True,ok,0.9278260869565217,"{""a03<=0"": 5, ""a04<=-0.59677"": 1, ""a05<=0.06704"": 1, ""a06<=-0.23067"": 1}"
x8_merge,visible,ionosphere,5,ok,54.0005,0.20648715366327594,0.0,0.20648715,False,ok,0.9299999999999999,"{""a03<=0"": 5, ""a05<=0.06704"": 4, ""a06<=-0.23067"": 4, ""a06<=0.78579"": -3, ""a22<=-0.03333"": -2}"
x8_merge,visible,ionosphere,7,ok,3.0712,0.14271712498886777,0.0,0.14271712,False,ok,0.9382608695652174,"{""a03<=0"": 5, ""a05<=0"": 5, ""a06<=-0.23067"": 4, ""a07<=0.38431"": 2, ""a22<=-0.03333"": -3, ""a24<=-1"": 4, ""a32<=0.77702"": -2}"
x8_merge,visible,ionosphere,10,ok,3.0796,0.08583886979059814,0.0,0.08583887,False,ok,0.9252173913043477,"{""a03<=0"": 5, ""a05<=0"": 5, ""a06<=-0.23067"": 4, ""a07<=0.38431"": 2, ""a18<=0"": 1, ""a22<=-0.03333"": -3, ""a24<=-1"": 3, ""a29<=0.52798"": 2, ""a32<=0.77702"": -3, ""a33<=0.75115"": -2}"
x8_merge,visible,ilpd,3,ok,0.0251,0.5069721752569345,0.5069721752569264,0.50697218,True,ok,0.7462792345854004,"{""V1<=24"": 1, ""V4<=1"": 2, ""V5<=206"": 1}"
x8_merge,visible,ilpd,4,ok,0.2926,0.49795585352988103,0.49795583606196997,0.49795585,True,ok,0.7829553508150248,"{""V1<=24"": 3, ""V4<=1"": 4, ""V5<=206"": 2, ""V6<=69"": 3}"
x8_merge,visible,ilpd,5,ok,12.1552,0.49203517133424296,0.49203515195850717,0.49203517,True,ok,0.7859673990077959,"{""V1<=24"": 3, ""V1<=66"": 3, ""V4<=1"": 5, ""V5<=206"": 2, ""V6<=69"": 3}"
x8_merge,visible,ilpd,7,ok,3.0323,0.48483984421584536,0.0,0.48346504,False,ok,0.7854358610914246,"{""V1<=24"": 1, ""V1<=60"": -1, ""V1<=66"": 2, ""V4<=1"": 2, ""V4<=4"": 5, ""V5<=206"": 1, ""V6<=69"": 1}"
x8_merge,visible,ilpd,10,ok,3.0601,0.4744057564957534,0.0,0.4735486,False,ok,0.7739192062367115,"{""V1<=24"": 1, ""V1<=66"": 1, ""V4<=0.6"": 1, ""V4<=4"": 5, ""V5<=206"": 1, ""V6<=69"": 1, ""V8<=6.5"": 1, ""V9<=3.1"": -1, ""V9<=4.1"": -1, ""V10<=1.3"": 1}"
x8_merge,visible,magic,3,ok,0.2084,0.47478486756430993,0.47478486756430066,0.47478487,True,ok,0.7965658356370701,"{""fLength:<=106.655"": -5, ""fSize:<=2.42"": -2, ""fAlpha:<=18.205"": -4}"
x8_merge,visible,magic,4,ok,0.7654,0.45620113872765816,0.4562011370443405,0.45620114,True,ok,0.8145058563689459,"{""fLength:<=106.655"": -2, ""fSize:<=2.42"": -1, ""fAlpha:<=11.711"": -1, ""fAlpha:<=27.106"": -1}"
x8_merge,visible,magic,5,ok,6.1695,0.44183375620039617,0.44183373686690075,0.44183376,True,ok,0.8292445077021656,"{""fLength:<=106.655"": -4, ""fWidth:<=11.1267"": 2, ""fSize:<=2.42"": -3, ""fAlpha:<=11.711"": -2, ""fAlpha:<=27.106"": -2}"
x8_merge,visible,magic,7,ok,3.2171,0.41879759785437926,0.0,0.4187976,False,ok,0.8452481964882139,"{""fLength:<=106.655"": -5, ""fWidth:<=11.1267"": 4, ""fWidth:<=39.6681"": -5, ""fSize:<=2.42"": -5, ""fM3Long:<=-34.8805"": 4, ""fAlpha:<=11.711"": -4, ""fAlpha:<=27.106"": -4}"
x8_merge,visible,magic,10,ok,3.2673,0.4020098369768927,0.0,0.40023123,False,ok,0.8539255463172146,"{""fLength:<=46.2915"": -2, ""fLength:<=106.655"": -4, ""fWidth:<=11.1267"": 3, ""fWidth:<=15.1087"": 2, ""fWidth:<=39.6681"": -3, ""fSize:<=2.2844"": -3, ""fSize:<=2.5289"": -3, ""fM3Long:<=-34.8805"": 3, ""fAlpha:<=11.711"": -4, ""fAlpha:<=27.106"": -3}"
x8_merge,visible,haberman,3,ok,0.0095,0.4906198182007443,0.49061981820073647,0.49061982,True,ok,0.6012228260869564,"{""Age_of_patient_at_time_of_operation<=38"": -3, ""Patients_year_of_operation=61"": -4, ""Number_of_positive_axillary_nodes_detected<=4"": -3}"
x8_merge,visible,haberman,4,ok,0.0169,0.4808848365382481,0.4808848365382387,0.48088484,True,ok,0.5883152173913043,"{""Age_of_patient_at_time_of_operation<=38"": -3, ""Patients_year_of_operation=65"": 2, ""Patients_year_of_operation=61"": -4, ""Number_of_positive_axillary_nodes_detected<=4"": -3}"
x8_merge,visible,haberman,5,ok,0.0638,0.4779456368232793,0.4779456368230109,0.47794564,True,ok,0.563858695652174,"{""Age_of_patient_at_time_of_operation<=38"": -4, ""Patients_year_of_operation=65"": 2, ""Patients_year_of_operation=61"": -5, ""Patients_year_of_operation=63"": -2, ""Number_of_positive_axillary_nodes_detected<=4"": -4}"
x8_merge,visible,haberman,7,ok,0.8713,0.4731003093016757,0.473100309301663,0.47310031,True,ok,0.626358695652174,"{""Age_of_patient_at_time_of_operation<=38"": -3, ""Patients_year_of_operation=60"": -1, ""Patients_year_of_operation=65"": 2, ""Patients_year_of_operation=61"": -5, ""Patients_year_of_operation=63"": -2, ""Number_of_positive_axillary_nodes_detected<=0"": -1, ""Number_of_positive_axillary_nodes_detected<=4"": -3}"
x8_merge,visible,haberman,10,ok,2.255,0.46599816819711143,0.46599816819706674,0.46599817,True,ok,0.5957880434782609,"{""Age_of_patient_at_time_of_operation<=38"": -3, ""Age_of_patient_at_time_of_operation<=42"": -2, ""Age_of_patient_at_time_of_operation<=49"": 2, ""Age_of_patient_at_time_of_operation<=58"": -1, ""Patients_year_of_operation=65"": 2, ""Patients_year_of_operation=61"": -5, ""Patients_year_of_operation=63"": -2, ""Patients_year_of_operation=67"": -2, ""Number_of_positive_axillary_nodes_detected<=0"": -1, ""Number_of_positive_axillary_nodes_detected<=4"": -3}"
x8_merge,tiny,syn0,2,ok,0.0084,0.5446817400310768,0.5446817400310702,0.544681740031,True,ok,0.7354273023564362,"{""x0"": 3, ""x5"": -3}"
x8_merge,tiny,syn0,3,ok,0.0106,0.517219768730159,0.5172197687301497,0.51721976873,True,ok,0.7913241614029015,"{""x0"": -5, ""x2"": 4, ""x5"": 5}"
x8_merge,tiny,syn1,2,ok,0.0059,0.5424078436161445,0.5424078436161377,0.542407843616,True,ok,0.700215866162979,"{""x0"": 1, ""x5"": 1}"
x8_merge,tiny,syn1,3,ok,0.0081,0.5078273260983516,0.5078273260983426,0.507827326098,True,ok,0.7139773340528872,"{""x0"": 4, ""x5"": 4, ""x7"": 3}"
x8_merge,tiny,syn2,2,ok,0.0093,0.6108453902145077,0.610845390214499,0.610845390215,True,ok,0.6656700577256607,"{""x4"": 5, ""x8"": -3}"
x8_merge,tiny,syn2,3,ok,0.0093,0.5997197208530549,0.5997197208530108,0.599719720853,True,ok,0.681162796717662,"{""x3"": 2, ""x4"": 5, ""x8"": -3}"
x8_merge,tiny,syn3,2,ok,0.0076,0.5394043667750122,0.5394043667750056,0.539404366775,True,ok,0.7940387195706344,"{""x2"": -1, ""x3"": 1}"
x8_merge,tiny,syn3,3,ok,0.0108,0.4856527251948659,0.485652725194859,0.485652725195,True,ok,0.8436019606232372,"{""x2"": -1, ""x3"": 1, ""x9"": 1}"
x8_merge,tiny,syn4,2,ok,0.0076,0.6132407316655778,0.613240731665569,0.613240731666,True,ok,0.6743073576053052,"{""x3"": 5, ""x5"": 4}"
x8_merge,tiny,syn4,3,ok,0.0099,0.5888039988601307,0.5888039988601202,0.58880399886,True,ok,0.7138344997509894,"{""x3"": 5, ""x5"": 4, ""x6"": -4}"
x8_merge,tiny,syn5,2,ok,0.007,0.49061575337749247,0.49061575337748514,0.490615753377,True,ok,0.7676676570458405,"{""x1"": 3, ""x2"": -1}"
x8_merge,tiny,syn5,3,ok,0.009,0.48817955613546987,0.48817955613545033,0.488179556135,True,ok,0.7614335738539898,"{""x1"": 5, ""x2"": -2, ""x9"": -1}"
x8_merge,tiny,syn6,2,ok,0.0056,0.14802788113021076,0.1480278811302089,0.14802788113,True,ok,0.6596320346320347,"{""x3"": 1, ""x4"": -1}"
x8_merge,tiny,syn6,3,ok,0.0127,0.13906553782524034,0.1390655378252384,0.139065537825,True,ok,0.751082251082251,"{""x3"": 1, ""x4"": -1, ""x6"": -1}"
x8_merge,tiny,syn7,2,ok,0.0077,0.5015280482234045,0.5015280482233694,0.501528048223,True,ok,0.7189240306819376,"{""x2"": -2, ""x4"": -2}"
x8_merge,tiny,syn7,3,ok,0.01,0.4854612061587655,0.48546120615875865,0.485461206159,True,ok,0.7386606423592869,"{""x1"": 2, ""x2"": -2, ""x4"": -2}"
x8_merge,tiny,syn8,2,ok,0.0082,0.4961153691002832,0.49611536910027687,0.4961153691,True,ok,0.7551558336229869,"{""x2"": -1, ""x6"": 1}"
x8_merge,tiny,syn8,3,ok,0.0101,0.48292494900391036,0.4829249490039018,0.482924949004,True,ok,0.7773288147375739,"{""x2"": -5, ""x4"": 3, ""x6"": 5}"
x8_merge,tiny,syn9,2,ok,0.0061,0.5047078649095531,0.504707864909546,0.50470786491,True,ok,0.8380513495720869,"{""x6"": -3, ""x9"": 5}"
x8_merge,tiny,syn9,3,ok,0.0073,0.49035443087838726,0.49035443087837605,0.490354430878,True,ok,0.8486668861092825,"{""x1"": 1, ""x6"": -2, ""x9"": 3}"
x8_merge,tiny,syn10,2,ok,0.0076,0.4890810417103373,0.4890810417103312,0.48908104171,True,ok,0.6921452702702702,"{""x2"": -3, ""x3"": -3}"
x8_merge,tiny,syn10,3,ok,0.0096,0.4793160349932964,0.4793160349932879,0.479316034993,True,ok,0.7270660083160083,"{""x0"": 2, ""x2"": -5, ""x3"": -5}"
x8_merge,tiny,syn11,2,ok,0.0046,0.49211041732485106,0.4921104173248441,0.492110417325,True,ok,0.8401988636363635,"{""x6"": 5, ""x9"": 4}"
x8_merge,tiny,syn11,3,ok,0.0069,0.45169452509203867,0.4516945250917147,0.451694525092,True,ok,0.9240056818181819,"{""x1"": 4, ""x6"": 5, ""x9"": 5}"
x8_merge,tiny,adult0,2,ok,0.0064,0.4404415262608285,0.4404415262608221,0.440441526261,True,ok,0.7866125274122807,"{""x0"": 3, ""x5"": -2}"
x8_merge,tiny,adult0,3,ok,0.0085,0.4285576334555465,0.42855763345553727,0.428557633456,True,ok,0.7943393640350878,"{""x0"": 4, ""x5"": -3, ""x9"": 2}"
x8_merge,tiny,adult1,2,ok,0.0068,0.4251927761860085,0.42519277618600243,0.425192776186,True,ok,0.746898985745614,"{""x0"": 5, ""x4"": 4}"
x8_merge,tiny,adult1,3,ok,0.0086,0.4104985715595258,0.41049857155951586,0.41049857156,True,ok,0.7788856907894737,"{""x0"": 4, ""x4"": 3, ""x7"": 2}"
x8_merge,tiny,bank0,2,ok,0.0109,0.28737579334064095,0.28737579334063684,0.287375793341,True,ok,0.7791236306729264,"{""x2"": 2, ""x7"": 3}"
x8_merge,tiny,bank0,3,ok,0.0101,0.2824076251922267,0.2824076251920309,0.282407625192,True,ok,0.7864788732394365,"{""x0"": -2, ""x2"": 3, ""x7"": 4}"
x8_merge,tiny,bank1,2,ok,0.0067,0.27445913427890106,0.27445913427889707,0.274459134279,True,ok,0.7549295774647888,"{""x1"": 3, ""x7"": 4}"
x8_merge,tiny,bank1,3,ok,0.0126,0.2649032414829257,0.264903241482921,0.264903241483,True,ok,0.7729577464788733,"{""x0"": -3, ""x3"": -3, ""x7"": 5}"
x8_merge,tiny,mammo0,2,ok,0.005,0.4870724927203053,0.48707249272029196,0.48707249272,True,ok,0.7961140335991854,"{""x0"": -5, ""x2"": 2}"
x8_merge,tiny,mammo0,3,ok,0.0067,0.4658357722339051,0.4658357722338968,0.465835772234,True,ok,0.8297980655014423,"{""x0"": -4, ""x1"": 3, ""x2"": 3}"
x8_merge,tiny,mammo1,2,ok,0.0049,0.4870724927203053,0.48707249272029196,0.48707249272,True,ok,0.7961140335991854,"{""x0"": -5, ""x2"": 2}"
x8_merge,tiny,mammo1,3,ok,0.0067,0.4658357722339051,0.4658357722338968,0.465835772234,True,ok,0.8297980655014423,"{""x0"": -4, ""x1"": 3, ""x2"": 3}"
x8_merge,tiny,mushroom0,2,ok,0.0063,0.15339675278235038,0.15339675276519177,0.153396752782,True,ok,0.979049335435909,"{""x1"": 5, ""x6"": -1}"
x8_merge,tiny,mushroom0,3,ok,0.0101,0.11698955207199077,0.11698954683867756,0.116989552072,True,ok,0.989562213711797,"{""x1"": 5, ""x3"": 5, ""x5"": 1}"
x8_merge,tiny,mushroom1,2,ok,0.0097,0.12878025349797625,0.12878025348817415,0.128780253498,True,ok,0.9699757202573152,"{""x1"": 5, ""x5"": 1}"
x8_merge,tiny,mushroom1,3,ok,0.0089,0.10091780231276294,0.10091780199297604,0.100917802313,True,ok,0.9789241821231007,"{""x1"": 5, ""x3"": 5, ""x5"": 1}"
x8_merge,tiny,fico0,2,ok,0.0058,0.5812007447676837,0.5812007447675754,0.581200744768,True,ok,0.7190124999999999,"{""x0"": 5, ""x9"": -3}"
x8_merge,tiny,fico0,3,ok,0.0077,0.574847113794094,0.5748471137940823,0.574847113794,True,ok,0.7441125,"{""x0"": 5, ""x4"": 2, ""x9"": -3}"
x8_merge,tiny,fico1,2,ok,0.0062,0.6102008403466027,0.6102008403434528,0.610200840347,True,ok,0.7442,"{""x2"": 5, ""x5"": 4}"
x8_merge,tiny,fico1,3,ok,0.0085,0.6005809873321837,0.6005809873321742,0.600580987332,True,ok,0.76435,"{""x2"": 5, ""x5"": 5, ""x9"": -4}"
x8_merge,tiny,compas0,2,ok,0.0113,0.629996371800631,0.629996371800622,0.629996371801,True,ok,0.7134433962264151,"{""x2"": 4, ""x6"": -3}"
x8_merge,tiny,compas0,3,ok,0.0093,0.6192854625477515,0.6192854625477416,0.619285462548,True,ok,0.7332396627860296,"{""x1"": -3, ""x3"": -4, ""x6"": 4}"
x8_merge,tiny,compas1,2,ok,0.0066,0.6190112288342146,0.6190112288342057,0.619011228834,True,ok,0.6652323364110799,"{""x0"": -4, ""x6"": 3}"
x8_merge,tiny,compas1,3,ok,0.0104,0.6112271865486547,0.6112271862555835,0.611227186549,True,ok,0.6573790646326776,"{""x1"": -3, ""x2"": -4, ""x6"": 4}"
x8_merge,tiny,australian0,2,ok,0.0055,0.3433494648221187,0.34334946482211165,0.343349464822,True,ok,0.8926925608953258,"{""x1"": -5, ""x5"": 2}"
x8_merge,tiny,australian0,3,ok,0.0069,0.3281367559010285,0.32813675590102265,0.328136755901,True,ok,0.8945029624753127,"{""x1"": -5, ""x2"": -2, ""x9"": -2}"
x8_merge,tiny,australian1,2,ok,0.0051,0.3433494648221187,0.34334946482211165,0.343349464822,True,ok,0.8926925608953258,"{""x1"": -5, ""x5"": 2}"
x8_merge,tiny,australian1,3,ok,0.007,0.3281367559010285,0.32813675590102265,0.328136755901,True,ok,0.8945029624753127,"{""x1"": -5, ""x2"": -2, ""x9"": -2}"
x8_merge,tiny,heart0,2,ok,0.0049,0.39145572741205925,0.3914557274120263,0.391455727412,True,ok,0.725,"{""x0"": -5, ""x2"": -4}"
x8_merge,tiny,heart0,3,ok,0.0067,0.3286332589543534,0.3286332589540862,0.328633258954,True,ok,0.7479166666666667,"{""x0"": -4, ""x2"": -3, ""x5"": -4}"
x8_merge,tiny,heart1,2,ok,0.005,0.39145572741205925,0.3914557274120263,0.391455727412,True,ok,0.725,"{""x0"": -5, ""x2"": -4}"
x8_merge,tiny,heart1,3,ok,0.0066,0.3286332589543534,0.3286332589540862,0.328633258954,True,ok,0.7479166666666667,"{""x0"": -4, ""x2"": -3, ""x5"": -4}"
x8_merge,tiny,ilpd0,2,ok,0.0047,0.5186090889548504,0.518609088954843,0.518609088955,True,ok,0.6821448313985627,"{""x2"": 5, ""x6"": 3}"
x8_merge,tiny,ilpd0,3,ok,0.0066,0.5095557789943593,0.5095557789943511,0.509555778994,True,ok,0.6901603095632947,"{""x2"": 1, ""x6"": 1, ""x8"": 5}"
x8_merge,tiny,ilpd1,2,ok,0.0048,0.5186090889548504,0.518609088954843,0.518609088955,True,ok,0.6821448313985627,"{""x2"": 5, ""x6"": 3}"
x8_merge,tiny,ilpd1,3,ok,0.0069,0.5095557789943593,0.5095557789943511,0.509555778994,True,ok,0.6901603095632947,"{""x2"": 1, ""x6"": 1, ""x8"": 5}"
