model,dataset,n,p,lam,objective,errors,leaves,seconds,wall,status,size,iterations,binary_features,lb,ub,known_objective,known_certified,verdict
gosdt,chudi,,,0.1,0.464935064935065,5.0,4.0,0.002,,optimal,,,,,,0.464935,True,ok
gosdt,chudi,,,0.05,0.25,0.0,5.0,0.043,,optimal,,,,,,0.25,True,ok
gosdt,chudi,,,0.02,0.1,0.0,5.0,0.567,,optimal,,,,,,0.1,True,ok
gosdt,chudi,,,0.01,0.05,0.0,5.0,1.344,,optimal,,,,,,0.05,True,ok
gosdt,chudi,,,0.005,0.025,0.0,5.0,1.821,,optimal,,,,,,0.025,True,ok
gosdt,monk_3,,,0.1,0.5213114754098361,27.0,3.0,0.0,,optimal,,,,,,0.521311,True,ok
gosdt,monk_3,,,0.05,0.3713114754098361,27.0,3.0,0.005,,optimal,,,,,,0.371311,True,ok
gosdt,monk_3,,,0.02,0.2429508196721311,15.0,6.0,0.053,,optimal,,,,,,0.242951,True,ok
gosdt,monk_3,,,0.01,0.1555737704918032,8.0,9.0,0.264,,optimal,,,,,,0.155574,True,ok
gosdt,monk_3,,,0.005,0.0945901639344262,3.0,14.0,1.006,,optimal,,,,,,0.09459,True,ok
gosdt,monk_1,,,0.1,0.4661290322580645,33.0,2.0,0.0,,optimal,,,,,,0.466129,True,ok
gosdt,monk_1,,,0.05,0.3387096774193548,11.0,5.0,0.002,,optimal,,,,,,0.33871,True,ok
gosdt,monk_1,,,0.02,0.16,0.0,8.0,0.053,,optimal,,,,,,0.16,True,ok
gosdt,monk_1,,,0.01,0.08,0.0,8.0,0.246,,optimal,,,,,,0.08,True,ok
gosdt,monk_1,,,0.005,0.04,0.0,8.0,0.771,,optimal,,,,,,0.04,True,ok
gosdt,iris,,,0.1,0.34,6.0,3.0,0.128,,optimal,,,,,,0.34,True,ok
gosdt,iris,,,0.05,0.19,6.0,3.0,2.143,,optimal,,,,,,0.19,True,ok
gosdt,iris,,,0.02,0.1,3.0,4.0,16.426,,optimal,,,,,,0.1,True,ok
gosdt,iris,,,0.01,0.06,3.0,4.0,30.0,,time,,,,,,0.06,True,ok
gosdt,iris,,,0.005,0.045,3.0,5.0,30.0,,time,,,,,,0.038333,True,worse_than_known
gosdt,monk_2,,,0.1,0.478698224852071,64.0,1.0,0.0,,optimal,,,,,,0.478698,True,ok
gosdt,monk_2,,,0.05,0.428698224852071,64.0,1.0,0.005,,optimal,,,,,,0.428698,True,ok
gosdt,monk_2,,,0.02,0.3589349112426035,37.0,7.0,0.075,,optimal,,,,,,0.358935,True,ok
gosdt,monk_2,,,0.01,0.2650887573964497,11.0,20.0,0.444,,optimal,,,,,,0.265089,True,ok
gosdt,monk_2,,,0.005,0.1527514792899408,3.0,27.0,1.858,,optimal,,,,,,0.152751,True,ok
gosdt,tic-tac-toe,,,0.1,0.4465553235908142,332.0,1.0,0.002,,optimal,,,,,,0.446555,True,ok
gosdt,tic-tac-toe,,,0.05,0.3965553235908142,332.0,1.0,0.163,,optimal,,,,,,0.396555,True,ok
gosdt,tic-tac-toe,,,0.02,0.3245929018789144,196.0,6.0,19.608,,optimal,,,,,,0.31833,True,WRONG
gosdt,tic-tac-toe,,,0.01,0.2507515657620042,154.0,9.0,30.0,,time,,,,,,0.250752,True,ok
gosdt,tic-tac-toe,,,0.005,,,,30.0,,memory,,,,,,0.15428,True,no_tree
gosdt,gaussian_1k,,,0.1,0.397,297.0,1.0,0.152,,optimal,,,,,,0.397,True,ok
gosdt,gaussian_1k,,,0.05,0.275,125.0,3.0,30.0,,time,,,,,,0.275,True,ok
gosdt,gaussian_1k,,,0.02,0.317,297.0,1.0,30.0,,time,,,,,,0.185,True,worse_than_known
gosdt,gaussian_1k,,,0.01,0.307,297.0,1.0,30.0,,time,,,,,,0.155,True,worse_than_known
gosdt,gaussian_1k,,,0.005,0.302,297.0,1.0,30.0,,time,,,,,,0.14,True,worse_than_known
gosdt,fico_1k,,,0.1,0.491,291.0,2.0,30.0,,time,,,,,,0.491,True,ok
gosdt,fico_1k,,,0.05,0.391,291.0,2.0,30.0,,time,,,,,,0.391,False,ok
gosdt,fico_1k,,,0.02,,,,30.0,,time,,,,,,0.331,False,no_tree
gosdt,fico_1k,,,0.01,0.311,291.0,2.0,30.0,,time,,,,,,0.311,False,ok
gosdt,fico_1k,,,0.005,,,,30.0,,time,,,,,,0.301,False,no_tree
gosdt,sine_1k,,,0.1,0.595,495.0,1.0,30.0,,time,,,,,,0.595,True,ok
gosdt,sine_1k,,,0.05,,,,30.0,,time,,,,,,0.545,False,no_tree
gosdt,sine_1k,,,0.02,0.494,454.0,2.0,30.0,,time,,,,,,0.494,False,ok
gosdt,sine_1k,,,0.01,0.474,454.0,2.0,30.0,,time,,,,,,0.474,False,ok
gosdt,sine_1k,,,0.005,0.462,447.0,3.0,30.0,,time,,,,,,0.4,False,worse_than_known
gosdt,car_evaluation,,,0.1,0.3997685185185186,518.0,1.0,0.0,,optimal,,,,,,0.399769,True,ok
gosdt,car_evaluation,,,0.05,0.2946759259259259,250.0,3.0,0.009,,optimal,,,,,,0.294676,True,ok
gosdt,car_evaluation,,,0.02,0.2046759259259259,250.0,3.0,0.564,,optimal,,,,,,0.204676,True,ok
gosdt,car_evaluation,,,0.01,0.1452314814814815,130.0,7.0,2.561,,optimal,,,,,,0.145231,True,ok
gosdt,car_evaluation,,,0.005,0.1063425925925926,106.0,9.0,6.276,,optimal,,,,,,0.106343,True,ok
gosdt,coupon_bar,,,0.1,0.5119184526921067,788.0,1.0,0.0,,optimal,,,,,,0.511918,True,ok
gosdt,coupon_bar,,,0.05,0.4538944066910612,677.0,2.0,0.0,,optimal,,,,,,0.453894,True,ok
gosdt,coupon_bar,,,0.02,0.3715525352848928,596.0,3.0,0.017,,optimal,,,,,,0.371553,True,ok
gosdt,coupon_bar,,,0.01,0.3410977522216414,576.0,4.0,0.375,,optimal,,,,,,0.341098,True,ok
gosdt,coupon_bar,,,0.005,0.3186199686356508,533.0,8.0,1.892,,optimal,,,,,,0.31862,True,ok
gosdt,compas_binned,,,0.1,0.5610829593166353,2494.0,2.0,0.0,,optimal,,,,,,0.561083,True,ok
gosdt,compas_binned,,,0.05,0.4610829593166353,2494.0,2.0,0.0,,optimal,,,,,,0.461083,True,ok
gosdt,compas_binned,,,0.02,0.4010829593166353,2494.0,2.0,0.0,,optimal,,,,,,0.401083,True,ok
gosdt,compas_binned,,,0.01,0.3748675256985666,2382.0,3.0,0.008,,optimal,,,,,,0.374868,True,ok
gosdt,compas_binned,,,0.005,0.355968582597365,2286.0,5.0,0.064,,optimal,,,,,,0.355969,True,ok
gosdt,fico_binary,,,0.1,0.5040443637058992,3180.0,2.0,0.0,,optimal,,,,,,0.504044,True,ok
gosdt,fico_binary,,,0.05,0.4040443637058992,3180.0,2.0,0.002,,optimal,,,,,,0.404044,True,ok
gosdt,fico_binary,,,0.02,0.3440443637058992,3180.0,2.0,0.084,,optimal,,,,,,0.344044,True,ok
gosdt,fico_binary,,,0.01,0.3240443637058992,3180.0,2.0,3.344,,optimal,,,,,,0.324044,True,ok
gosdt,fico_binary,,,0.005,0.308650922650349,3019.0,4.0,30.0,,time,,,,,,0.308651,True,ok
gosdt,compas_processed,,,0.1,0.411364187060819,3855.0,1.0,30.0,,time,,,,,,0.411364,True,ok
gosdt,compas_processed,,,0.05,0.3613641870608189,3855.0,1.0,30.0,,time,,,,,,0.361364,False,ok
gosdt,compas_processed,,,0.02,,,,30.0,,time,,,,,,0.32786,False,no_tree
gosdt,compas_processed,,,0.01,,,,30.0,,time,,,,,,0.30786,False,no_tree
gosdt,compas_processed,,,0.005,,,,30.0,,time,,,,,,0.29786,False,no_tree
pygosdt_v1,chudi,,,0.1,0.464935064935065,5.0,4.0,0.0023939169477671,,optimal,,,,,,0.464935,True,ok
pygosdt_v1,chudi,,,0.05,0.25,0.0,5.0,0.0056854580179788,,optimal,,,,,,0.25,True,ok
pygosdt_v1,chudi,,,0.02,0.1,0.0,5.0,0.0102417079615406,,optimal,,,,,,0.1,True,ok
pygosdt_v1,chudi,,,0.01,0.05,0.0,5.0,0.0107096249703317,,optimal,,,,,,0.05,True,ok
pygosdt_v1,chudi,,,0.005,0.025,0.0,5.0,0.0108717919792979,,optimal,,,,,,0.025,True,ok
pygosdt_v1,monk_3,,,0.1,0.5213114754098361,27.0,3.0,0.0006269589648582,,optimal,,,,,,0.521311,True,ok
pygosdt_v1,monk_3,,,0.05,0.3713114754098361,27.0,3.0,0.0029375000158324,,optimal,,,,,,0.371311,True,ok
pygosdt_v1,monk_3,,,0.02,0.2429508196721311,15.0,6.0,0.0217426249873824,,optimal,,,,,,0.242951,True,ok
pygosdt_v1,monk_3,,,0.01,0.1555737704918032,8.0,9.0,0.0536201669601723,,optimal,,,,,,0.155574,True,ok
pygosdt_v1,monk_3,,,0.005,0.0945901639344262,3.0,14.0,0.0944934589788317,,optimal,,,,,,0.09459,True,ok
pygosdt_v1,monk_1,,,0.1,0.4661290322580645,33.0,2.0,0.0007814589771442,,optimal,,,,,,0.466129,True,ok
pygosdt_v1,monk_1,,,0.05,0.3387096774193548,11.0,5.0,0.0026683750329539,,optimal,,,,,,0.33871,True,ok
pygosdt_v1,monk_1,,,0.02,0.16,0.0,8.0,0.007693332969211,,optimal,,,,,,0.16,True,ok
pygosdt_v1,monk_1,,,0.01,0.08,0.0,8.0,0.0094587500207126,,optimal,,,,,,0.08,True,ok
pygosdt_v1,monk_1,,,0.005,0.04,0.0,8.0,0.0103255419526249,,optimal,,,,,,0.04,True,ok
pygosdt_v1,iris,,,0.1,0.34,6.0,3.0,0.0013029999681748,,optimal,,,,,,0.34,True,ok
pygosdt_v1,iris,,,0.05,0.19,6.0,3.0,0.001503582985606,,optimal,,,,,,0.19,True,ok
pygosdt_v1,iris,,,0.02,0.1,6.0,3.0,0.0255035000154748,,optimal,,,,,,0.1,True,ok
pygosdt_v1,iris,,,0.01,0.06,3.0,4.0,0.1378733339952305,,optimal,,,,,,0.06,True,ok
pygosdt_v1,iris,,,0.005,0.0383333333333333,2.0,5.0,0.5848042919533327,,optimal,,,,,,0.038333,True,ok
pygosdt_v1,monk_2,,,0.1,0.478698224852071,64.0,1.0,0.0006054159603081,,optimal,,,,,,0.478698,True,ok
pygosdt_v1,monk_2,,,0.05,0.428698224852071,64.0,1.0,0.0040494169807061,,optimal,,,,,,0.428698,True,ok
pygosdt_v1,monk_2,,,0.02,0.3589349112426035,37.0,7.0,0.0469673330080695,,optimal,,,,,,0.358935,True,ok
pygosdt_v1,monk_2,,,0.01,0.2650887573964497,11.0,20.0,0.1290817919652909,,optimal,,,,,,0.265089,True,ok
pygosdt_v1,monk_2,,,0.005,0.1527514792899408,3.0,27.0,0.2105822500307113,,optimal,,,,,,0.152751,True,ok
pygosdt_v1,tic-tac-toe,,,0.1,0.4465553235908142,332.0,1.0,0.0010938750347122,,optimal,,,,,,0.446555,True,ok
pygosdt_v1,tic-tac-toe,,,0.05,0.3965553235908142,332.0,1.0,0.0209742500446736,,optimal,,,,,,0.396555,True,ok
pygosdt_v1,tic-tac-toe,,,0.02,0.3183298538622129,190.0,6.0,1.6646004580543377,,optimal,,,,,,0.31833,True,ok
pygosdt_v1,tic-tac-toe,,,0.01,0.2507515657620042,154.0,9.0,11.506411415990442,,optimal,,,,,,0.250752,True,ok
pygosdt_v1,tic-tac-toe,,,0.005,0.1542797494780793,52.0,20.0,25.247831625049,,optimal,,,,,,0.15428,True,ok
pygosdt_v1,gaussian_1k,,,0.1,0.397,297.0,1.0,0.0103442500112578,,optimal,,,,,,0.397,True,ok
pygosdt_v1,gaussian_1k,,,0.05,0.275,125.0,3.0,0.7593710829969496,,optimal,,,,,,0.275,True,ok
pygosdt_v1,gaussian_1k,,,0.02,0.185,125.0,3.0,18.89700241701212,,optimal,,,,,,0.185,True,ok
pygosdt_v1,gaussian_1k,,,0.01,0.155,125.0,3.0,30.0,,time,,,,,,0.155,True,ok
pygosdt_v1,gaussian_1k,,,0.005,0.14,125.0,3.0,30.0,,time,,,,,,0.14,True,ok
pygosdt_v1,fico_1k,,,0.1,0.491,291.0,2.0,9.509336292045193,,optimal,,,,,,0.491,True,ok
pygosdt_v1,fico_1k,,,0.05,0.391,291.0,2.0,30.0,,time,,,,,,0.391,False,ok
pygosdt_v1,fico_1k,,,0.02,0.3309999999999999,291.0,2.0,30.0,,time,,,,,,0.331,False,ok
pygosdt_v1,fico_1k,,,0.01,0.311,291.0,2.0,30.0,,time,,,,,,0.311,False,ok
pygosdt_v1,fico_1k,,,0.005,0.301,291.0,2.0,30.0,,time,,,,,,0.301,False,ok
pygosdt_v1,sine_1k,,,0.1,0.595,495.0,1.0,2.88772183295805,,optimal,,,,,,0.595,True,ok
pygosdt_v1,sine_1k,,,0.05,0.545,495.0,1.0,30.0,,time,,,,,,0.545,False,ok
pygosdt_v1,sine_1k,,,0.02,0.494,454.0,2.0,30.0,,time,,,,,,0.494,False,ok
pygosdt_v1,sine_1k,,,0.01,0.474,454.0,2.0,30.0,,time,,,,,,0.474,False,ok
pygosdt_v1,sine_1k,,,0.005,0.4,340.0,12.0,30.0,,time,,,,,,0.4,False,ok
pygosdt_v1,car_evaluation,,,0.1,0.3997685185185186,518.0,1.0,0.0010846660006791,,optimal,,,,,,0.399769,True,ok
pygosdt_v1,car_evaluation,,,0.05,0.2946759259259259,250.0,3.0,0.006231958977878,,optimal,,,,,,0.294676,True,ok
pygosdt_v1,car_evaluation,,,0.02,0.2046759259259259,250.0,3.0,0.0612191670225001,,optimal,,,,,,0.204676,True,ok
pygosdt_v1,car_evaluation,,,0.01,0.1452314814814815,130.0,7.0,0.1957122500170953,,optimal,,,,,,0.145231,True,ok
pygosdt_v1,car_evaluation,,,0.005,0.1063425925925926,106.0,9.0,0.5767841250053607,,optimal,,,,,,0.106343,True,ok
pygosdt_v1,coupon_bar,,,0.1,0.5119184526921067,788.0,1.0,0.0001289169886149,,optimal,,,,,,0.511918,True,ok
pygosdt_v1,coupon_bar,,,0.05,0.4538944066910612,677.0,2.0,0.0015731670428067,,optimal,,,,,,0.453894,True,ok
pygosdt_v1,coupon_bar,,,0.02,0.3715525352848928,596.0,3.0,0.0072995829978026,,optimal,,,,,,0.371553,True,ok
pygosdt_v1,coupon_bar,,,0.01,0.3410977522216414,576.0,4.0,0.0277707499917596,,optimal,,,,,,0.341098,True,ok
pygosdt_v1,coupon_bar,,,0.005,0.3186199686356508,533.0,8.0,0.1841989170061424,,optimal,,,,,,0.31862,True,ok
pygosdt_v1,compas_binned,,,0.1,0.5610829593166353,2494.0,2.0,0.0002207499928772,,optimal,,,,,,0.561083,True,ok
pygosdt_v1,compas_binned,,,0.05,0.4610829593166353,2494.0,2.0,0.0002962499856948,,optimal,,,,,,0.461083,True,ok
pygosdt_v1,compas_binned,,,0.02,0.4010829593166353,2494.0,2.0,0.0010955000179819,,optimal,,,,,,0.401083,True,ok
pygosdt_v1,compas_binned,,,0.01,0.3748675256985666,2382.0,3.0,0.0044776250142604,,optimal,,,,,,0.374868,True,ok
pygosdt_v1,compas_binned,,,0.005,0.355968582597365,2286.0,5.0,0.0074940420454367,,optimal,,,,,,0.355969,True,ok
pygosdt_v1,fico_binary,,,0.1,0.5040443637058992,3180.0,2.0,0.0002481660339981,,optimal,,,,,,0.504044,True,ok
pygosdt_v1,fico_binary,,,0.05,0.4040443637058992,3180.0,2.0,0.0009852089569903,,optimal,,,,,,0.404044,True,ok
pygosdt_v1,fico_binary,,,0.02,0.3440443637058992,3180.0,2.0,0.0140150419902056,,optimal,,,,,,0.344044,True,ok
pygosdt_v1,fico_binary,,,0.01,0.3240443637058992,3180.0,2.0,0.2512562500196509,,optimal,,,,,,0.324044,True,ok
pygosdt_v1,fico_binary,,,0.005,0.308650922650349,3019.0,4.0,2.914489082992077,,optimal,,,,,,0.308651,True,ok
pygosdt_v1,compas_processed,,,0.1,0.411364187060819,3855.0,1.0,0.0138245410053059,,optimal,,,,,,0.411364,True,ok
pygosdt_v1,compas_processed,,,0.05,0.3613641870608189,3855.0,1.0,30.0,,time,,,,,,0.361364,False,ok
pygosdt_v1,compas_processed,,,0.02,0.3278604313060334,3564.0,2.0,30.0,,time,,,,,,0.32786,False,ok
pygosdt_v1,compas_processed,,,0.01,0.3078604313060334,3564.0,2.0,30.0,,time,,,,,,0.30786,False,ok
pygosdt_v1,compas_processed,,,0.005,0.2978604313060334,3564.0,2.0,30.0,,time,,,,,,0.29786,False,ok
pygosdt_v1_flat,chudi,,,0.1,0.464935064935065,5.0,4.0,0.0026539999525994,,optimal,,,,,,0.464935,True,ok
pygosdt_v1_flat,chudi,,,0.05,0.25,0.0,5.0,0.0052810000488534,,optimal,,,,,,0.25,True,ok
pygosdt_v1_flat,chudi,,,0.02,0.1,0.0,5.0,0.0096644579898566,,optimal,,,,,,0.1,True,ok
pygosdt_v1_flat,chudi,,,0.01,0.05,0.0,5.0,0.0098572089918889,,optimal,,,,,,0.05,True,ok
pygosdt_v1_flat,chudi,,,0.005,0.025,0.0,5.0,0.0100425419514067,,optimal,,,,,,0.025,True,ok
pygosdt_v1_flat,monk_3,,,0.1,0.5213114754098361,27.0,3.0,0.0005747909890487,,optimal,,,,,,0.521311,True,ok
pygosdt_v1_flat,monk_3,,,0.05,0.3713114754098361,27.0,3.0,0.0028517080354504,,optimal,,,,,,0.371311,True,ok
pygosdt_v1_flat,monk_3,,,0.02,0.2429508196721311,15.0,6.0,0.0207841660012491,,optimal,,,,,,0.242951,True,ok
pygosdt_v1_flat,monk_3,,,0.01,0.1555737704918032,8.0,9.0,0.0591061660088598,,optimal,,,,,,0.155574,True,ok
pygosdt_v1_flat,monk_3,,,0.005,0.0945901639344262,3.0,14.0,0.1015066250110976,,optimal,,,,,,0.09459,True,ok
pygosdt_v1_flat,monk_1,,,0.1,0.4661290322580645,33.0,2.0,0.0006254579639062,,optimal,,,,,,0.466129,True,ok
pygosdt_v1_flat,monk_1,,,0.05,0.3387096774193548,11.0,5.0,0.0024776249774731,,optimal,,,,,,0.33871,True,ok
pygosdt_v1_flat,monk_1,,,0.02,0.16,0.0,8.0,0.0071585840196348,,optimal,,,,,,0.16,True,ok
pygosdt_v1_flat,monk_1,,,0.01,0.08,0.0,8.0,0.0090897500049322,,optimal,,,,,,0.08,True,ok
pygosdt_v1_flat,monk_1,,,0.005,0.04,0.0,8.0,0.0098024170147255,,optimal,,,,,,0.04,True,ok
pygosdt_v1_flat,iris,,,0.1,0.34,6.0,3.0,0.0011728340177796,,optimal,,,,,,0.34,True,ok
pygosdt_v1_flat,iris,,,0.05,0.19,6.0,3.0,0.0013355000410228,,optimal,,,,,,0.19,True,ok
pygosdt_v1_flat,iris,,,0.02,0.1,6.0,3.0,0.0241073750075884,,optimal,,,,,,0.1,True,ok
pygosdt_v1_flat,iris,,,0.01,0.06,3.0,4.0,0.1355291670188307,,optimal,,,,,,0.06,True,ok
pygosdt_v1_flat,iris,,,0.005,0.0383333333333333,2.0,5.0,0.6260074580204673,,optimal,,,,,,0.038333,True,ok
pygosdt_v1_flat,monk_2,,,0.1,0.478698224852071,64.0,1.0,0.0005512499483302,,optimal,,,,,,0.478698,True,ok
pygosdt_v1_flat,monk_2,,,0.05,0.428698224852071,64.0,1.0,0.003843875019811,,optimal,,,,,,0.428698,True,ok
pygosdt_v1_flat,monk_2,,,0.02,0.3589349112426035,37.0,7.0,0.048977458034642,,optimal,,,,,,0.358935,True,ok
pygosdt_v1_flat,monk_2,,,0.01,0.2650887573964497,11.0,20.0,0.1403430000063963,,optimal,,,,,,0.265089,True,ok
pygosdt_v1_flat,monk_2,,,0.005,0.1527514792899408,3.0,27.0,0.2300769580178894,,optimal,,,,,,0.152751,True,ok
pygosdt_v1_flat,tic-tac-toe,,,0.1,0.4465553235908142,332.0,1.0,0.0010158749646507,,optimal,,,,,,0.446555,True,ok
pygosdt_v1_flat,tic-tac-toe,,,0.05,0.3965553235908142,332.0,1.0,0.0197269589989446,,optimal,,,,,,0.396555,True,ok
pygosdt_v1_flat,tic-tac-toe,,,0.02,0.3183298538622129,190.0,6.0,1.8589495419873856,,optimal,,,,,,0.31833,True,ok
pygosdt_v1_flat,tic-tac-toe,,,0.01,0.2507515657620042,154.0,9.0,13.183316499984358,,optimal,,,,,,0.250752,True,ok
pygosdt_v1_flat,tic-tac-toe,,,0.005,0.1542797494780793,52.0,20.0,30.0,,time,,,,,,0.15428,True,ok
pygosdt_v1_flat,gaussian_1k,,,0.1,0.397,297.0,1.0,0.008537666988559,,optimal,,,,,,0.397,True,ok
pygosdt_v1_flat,gaussian_1k,,,0.05,0.275,125.0,3.0,0.8021729160100222,,optimal,,,,,,0.275,True,ok
pygosdt_v1_flat,gaussian_1k,,,0.02,0.185,125.0,3.0,18.904580499976873,,optimal,,,,,,0.185,True,ok
pygosdt_v1_flat,gaussian_1k,,,0.01,0.307,297.0,1.0,30.0,,time,,,,,,0.155,True,worse_than_known
pygosdt_v1_flat,gaussian_1k,,,0.005,0.302,297.0,1.0,30.0,,time,,,,,,0.14,True,worse_than_known
pygosdt_v1_flat,fico_1k,,,0.1,0.491,291.0,2.0,10.00811049999902,,optimal,,,,,,0.491,True,ok
pygosdt_v1_flat,fico_1k,,,0.05,0.391,291.0,2.0,30.0,,time,,,,,,0.391,False,ok
pygosdt_v1_flat,fico_1k,,,0.02,0.3309999999999999,291.0,2.0,30.0,,time,,,,,,0.331,False,ok
pygosdt_v1_flat,fico_1k,,,0.01,0.311,291.0,2.0,30.0,,time,,,,,,0.311,False,ok
pygosdt_v1_flat,fico_1k,,,0.005,0.301,291.0,2.0,30.0,,time,,,,,,0.301,False,ok
pygosdt_v1_flat,sine_1k,,,0.1,0.595,495.0,1.0,2.9199975000228733,,optimal,,,,,,0.595,True,ok
pygosdt_v1_flat,sine_1k,,,0.05,0.545,495.0,1.0,30.0,,time,,,,,,0.545,False,ok
pygosdt_v1_flat,sine_1k,,,0.02,0.494,454.0,2.0,30.0,,time,,,,,,0.494,False,ok
pygosdt_v1_flat,sine_1k,,,0.01,0.474,454.0,2.0,30.0,,time,,,,,,0.474,False,ok
pygosdt_v1_flat,sine_1k,,,0.005,0.4,340.0,12.0,30.0,,time,,,,,,0.4,False,ok
pygosdt_v1_flat,car_evaluation,,,0.1,0.3997685185185186,518.0,1.0,0.0003828330081887,,optimal,,,,,,0.399769,True,ok
pygosdt_v1_flat,car_evaluation,,,0.05,0.2946759259259259,250.0,3.0,0.0024673750158399,,optimal,,,,,,0.294676,True,ok
pygosdt_v1_flat,car_evaluation,,,0.02,0.2046759259259259,250.0,3.0,0.0432743749697692,,optimal,,,,,,0.204676,True,ok
pygosdt_v1_flat,car_evaluation,,,0.01,0.1452314814814815,130.0,7.0,0.1943437080481089,,optimal,,,,,,0.145231,True,ok
pygosdt_v1_flat,car_evaluation,,,0.005,0.1063425925925926,106.0,9.0,0.6509284169878811,,optimal,,,,,,0.106343,True,ok
pygosdt_v1_flat,coupon_bar,,,0.1,0.5119184526921067,788.0,1.0,6.958399899303913e-05,,optimal,,,,,,0.511918,True,ok
pygosdt_v1_flat,coupon_bar,,,0.05,0.4538944066910612,677.0,2.0,0.0005082919960841,,optimal,,,,,,0.453894,True,ok
pygosdt_v1_flat,coupon_bar,,,0.02,0.3715525352848928,596.0,3.0,0.0031207499559968,,optimal,,,,,,0.371553,True,ok
pygosdt_v1_flat,coupon_bar,,,0.01,0.3410977522216414,576.0,4.0,0.0201989579945802,,optimal,,,,,,0.341098,True,ok
pygosdt_v1_flat,coupon_bar,,,0.005,0.3186199686356508,533.0,8.0,0.2049170419923029,,optimal,,,,,,0.31862,True,ok
pygosdt_v1_flat,compas_binned,,,0.1,0.5610829593166353,2494.0,2.0,9.08750225789845e-05,,optimal,,,,,,0.561083,True,ok
pygosdt_v1_flat,compas_binned,,,0.05,0.4610829593166353,2494.0,2.0,7.48750171624124e-05,,optimal,,,,,,0.461083,True,ok
pygosdt_v1_flat,compas_binned,,,0.02,0.4010829593166353,2494.0,2.0,0.0004491670406423,,optimal,,,,,,0.401083,True,ok
pygosdt_v1_flat,compas_binned,,,0.01,0.3748675256985666,2382.0,3.0,0.002077083045151,,optimal,,,,,,0.374868,True,ok
pygosdt_v1_flat,compas_binned,,,0.005,0.355968582597365,2286.0,5.0,0.007395832973998,,optimal,,,,,,0.355969,True,ok
pygosdt_v1_flat,fico_binary,,,0.1,0.5040443637058992,3180.0,2.0,0.0001019169576466,,optimal,,,,,,0.504044,True,ok
pygosdt_v1_flat,fico_binary,,,0.05,0.4040443637058992,3180.0,2.0,0.000531333964318,,optimal,,,,,,0.404044,True,ok
pygosdt_v1_flat,fico_binary,,,0.02,0.3440443637058992,3180.0,2.0,0.0086845000041648,,optimal,,,,,,0.344044,True,ok
pygosdt_v1_flat,fico_binary,,,0.01,0.3240443637058992,3180.0,2.0,0.282388792023994,,optimal,,,,,,0.324044,True,ok
pygosdt_v1_flat,fico_binary,,,0.005,0.308650922650349,3019.0,4.0,3.2000616670120507,,optimal,,,,,,0.308651,True,ok
pygosdt_v1_flat,compas_processed,,,0.1,0.411364187060819,3855.0,1.0,0.0129336250247433,,optimal,,,,,,0.411364,True,ok
pygosdt_v1_flat,compas_processed,,,0.05,0.3613641870608189,3855.0,1.0,30.0,,time,,,,,,0.361364,False,ok
pygosdt_v1_flat,compas_processed,,,0.02,0.3278604313060334,3564.0,2.0,30.0,,time,,,,,,0.32786,False,ok
pygosdt_v1_flat,compas_processed,,,0.01,0.3078604313060334,3564.0,2.0,30.0,,time,,,,,,0.30786,False,ok
pygosdt_v1_flat,compas_processed,,,0.005,0.2978604313060334,3564.0,2.0,30.0,,time,,,,,,0.29786,False,ok
v2_group_simsupport,chudi,77.0,2.0,0.1,0.464935064935065,5.0,4.0,0.003167666029185,0.057,optimal,103.0,60.0,46.0,0.464935064935065,0.464935064935065,0.464935,True,ok
v2_group_simsupport,chudi,77.0,2.0,0.05,0.25,0.0,5.0,0.0068661659606732,0.007,optimal,238.0,152.0,46.0,0.25,0.25,0.25,True,ok
v2_group_simsupport,chudi,77.0,2.0,0.02,0.1,0.0,5.0,0.0123710000189021,0.013,optimal,405.0,285.0,46.0,0.1,0.1,0.1,True,ok
v2_group_simsupport,chudi,77.0,2.0,0.01,0.05,0.0,5.0,0.0125244170194491,0.013,optimal,423.0,297.0,46.0,0.05,0.05,0.05,True,ok
v2_group_simsupport,chudi,77.0,2.0,0.005,0.025,0.0,5.0,0.0125806250143796,0.013,optimal,423.0,297.0,46.0,0.025,0.025,0.025,True,ok
v2_group_simsupport,monk_3,122.0,11.0,0.1,0.5213114754098361,27.0,3.0,0.0005556659889407,0.001,optimal,24.0,18.0,11.0,0.521311475409836,0.521311475409836,0.521311,True,ok
v2_group_simsupport,monk_3,122.0,11.0,0.05,0.3713114754098361,27.0,3.0,0.0027864999719895,0.004,optimal,151.0,104.0,11.0,0.3713114754098361,0.3713114754098361,0.371311,True,ok
v2_group_simsupport,monk_3,122.0,11.0,0.02,0.2429508196721311,15.0,6.0,0.0208019579877145,0.022,optimal,1001.0,808.0,11.0,0.2429508196721311,0.2429508196721311,0.242951,True,ok
v2_group_simsupport,monk_3,122.0,11.0,0.01,0.1555737704918032,8.0,9.0,0.0570627500419504,0.058,optimal,2253.0,2021.0,11.0,0.1555737704918032,0.1555737704918032,0.155574,True,ok
v2_group_simsupport,monk_3,122.0,11.0,0.005,0.0945901639344262,3.0,14.0,0.1027728330227546,0.104,optimal,3494.0,3599.0,11.0,0.0945901639344262,0.0945901639344262,0.09459,True,ok
v2_group_simsupport,monk_1,124.0,11.0,0.1,0.4661290322580645,33.0,2.0,0.0006244169780984,0.001,optimal,34.0,21.0,11.0,0.4661290322580644,0.4661290322580644,0.466129,True,ok
v2_group_simsupport,monk_1,124.0,11.0,0.05,0.3387096774193548,11.0,5.0,0.0024818750098347,0.003,optimal,146.0,92.0,11.0,0.3387096774193548,0.3387096774193548,0.33871,True,ok
v2_group_simsupport,monk_1,124.0,11.0,0.02,0.16,0.0,8.0,0.0069595840177498,0.008,optimal,427.0,266.0,11.0,0.16,0.16,0.16,True,ok
v2_group_simsupport,monk_1,124.0,11.0,0.01,0.08,0.0,8.0,0.008752874971833,0.01,optimal,545.0,330.0,11.0,0.08,0.08,0.08,True,ok
v2_group_simsupport,monk_1,124.0,11.0,0.005,0.04,0.0,8.0,0.0096943749813362,0.01,optimal,583.0,363.0,11.0,0.04,0.04,0.04,True,ok
v2_group_simsupport,iris,150.0,4.0,0.1,0.34,6.0,3.0,0.0013158749788999,0.002,optimal,49.0,24.0,118.0,0.3399999999999999,0.3399999999999999,0.34,True,ok
v2_group_simsupport,iris,150.0,4.0,0.05,0.19,6.0,3.0,0.0015191659913398,0.002,optimal,61.0,30.0,118.0,0.19,0.19,0.19,True,ok
v2_group_simsupport,iris,150.0,4.0,0.02,0.1,6.0,3.0,0.0296916660154238,0.031,optimal,862.0,640.0,118.0,0.1,0.1,0.1,True,ok
v2_group_simsupport,iris,150.0,4.0,0.01,0.06,3.0,4.0,0.1639754999778233,0.165,optimal,3811.0,3312.0,118.0,0.06,0.06,0.06,True,ok
v2_group_simsupport,iris,150.0,4.0,0.005,0.0383333333333333,2.0,5.0,0.7942379169980995,0.796,optimal,14743.0,15707.0,118.0,0.0383333333333333,0.0383333333333333,0.038333,True,ok
v2_group_simsupport,monk_2,169.0,11.0,0.1,0.478698224852071,64.0,1.0,0.0005780420033261,0.001,optimal,23.0,20.0,11.0,0.478698224852071,0.478698224852071,0.478698,True,ok
v2_group_simsupport,monk_2,169.0,11.0,0.05,0.428698224852071,64.0,1.0,0.003842459002044,0.005,optimal,188.0,148.0,11.0,0.428698224852071,0.428698224852071,0.428698,True,ok
v2_group_simsupport,monk_2,169.0,11.0,0.02,0.3589349112426035,37.0,7.0,0.049771582998801,0.051,optimal,2022.0,1774.0,11.0,0.3589349112426035,0.3589349112426035,0.358935,True,ok
v2_group_simsupport,monk_2,169.0,11.0,0.01,0.2650887573964497,11.0,20.0,0.1433438750100322,0.145,optimal,4963.0,4929.0,11.0,0.2650887573964497,0.2650887573964497,0.265089,True,ok
v2_group_simsupport,monk_2,169.0,11.0,0.005,0.1527514792899408,3.0,27.0,0.2434032920282334,0.245,optimal,7525.0,8135.0,11.0,0.1527514792899408,0.1527514792899408,0.152751,True,ok
v2_group_simsupport,tic-tac-toe,958.0,9.0,0.1,0.4465553235908142,332.0,1.0,0.0010933749726973,0.011,optimal,55.0,36.0,27.0,0.4465553235908142,0.4465553235908142,0.446555,True,ok
v2_group_simsupport,tic-tac-toe,958.0,9.0,0.05,0.3965553235908142,332.0,1.0,0.0217121660243719,0.032,optimal,1051.0,744.0,27.0,0.3965553235908141,0.3965553235908141,0.396555,True,ok
v2_group_simsupport,tic-tac-toe,958.0,9.0,0.02,0.3183298538622129,190.0,6.0,1.906824708043132,1.92,optimal,69872.0,59303.0,27.0,0.3183298538622129,0.3183298538622129,0.31833,True,ok
v2_group_simsupport,tic-tac-toe,958.0,9.0,0.01,0.2507515657620042,154.0,9.0,13.543897332972849,13.577,optimal,426312.0,396030.0,27.0,0.2507515657620042,0.2507515657620042,0.250752,True,ok
v2_group_simsupport,tic-tac-toe,958.0,9.0,0.005,0.1542797494780793,52.0,20.0,30.0,30.065,time,951409.0,868736.0,27.0,0.01,0.2443736951983298,0.15428,True,ok
v2_group_simsupport,gaussian_1k,1000.0,1.0,0.1,0.397,297.0,1.0,0.0030646250233985,0.033,optimal,53.0,27.0,999.0,0.397,0.397,0.397,True,ok
v2_group_simsupport,gaussian_1k,1000.0,1.0,0.05,0.275,125.0,3.0,0.7338969170232303,0.771,optimal,8516.0,9159.0,999.0,0.275,0.275,0.275,True,ok
v2_group_simsupport,gaussian_1k,1000.0,1.0,0.02,0.185,125.0,3.0,16.378632958978415,16.412,optimal,53182.0,171917.0,999.0,0.185,0.185,0.185,True,ok
v2_group_simsupport,gaussian_1k,1000.0,1.0,0.01,0.307,297.0,1.0,30.0,30.04,time,67644.0,269504.0,999.0,0.02,0.307,0.155,True,worse_than_known
v2_group_simsupport,gaussian_1k,1000.0,1.0,0.005,0.302,297.0,1.0,30.0,30.036,time,51977.0,256768.0,999.0,0.01,0.302,0.14,True,worse_than_known
v2_group_simsupport,fico_1k,1000.0,23.0,0.1,0.491,291.0,2.0,5.384300582983997,5.404,optimal,48267.0,37005.0,1357.0,0.491,0.491,0.491,True,ok
v2_group_simsupport,fico_1k,1000.0,23.0,0.05,0.391,291.0,2.0,30.0,30.034,time,209280.0,206464.0,1357.0,0.125,0.391,0.391,False,ok
v2_group_simsupport,fico_1k,1000.0,23.0,0.02,0.3309999999999999,291.0,2.0,30.0,30.031,time,243362.0,208320.0,1357.0,0.065,0.3309999999999999,0.331,False,ok
v2_group_simsupport,fico_1k,1000.0,23.0,0.01,0.311,291.0,2.0,30.0,30.029,time,244124.0,202112.0,1357.0,0.045,0.311,0.311,False,ok
v2_group_simsupport,fico_1k,1000.0,23.0,0.005,0.301,291.0,2.0,30.0,30.034,time,249202.0,223104.0,1357.0,0.035,0.301,0.301,False,ok
v2_group_simsupport,sine_1k,1000.0,1.0,0.1,0.595,495.0,1.0,1.8253516670083627,1.856,optimal,16436.0,15889.0,999.0,0.595,0.595,0.595,True,ok
v2_group_simsupport,sine_1k,1000.0,1.0,0.05,0.545,495.0,1.0,30.0,30.04,time,121711.0,241792.0,999.0,0.1,0.545,0.545,False,ok
v2_group_simsupport,sine_1k,1000.0,1.0,0.02,0.494,454.0,2.0,30.0,30.039,time,92953.0,244032.0,999.0,0.04,0.494,0.494,False,ok
v2_group_simsupport,sine_1k,1000.0,1.0,0.01,0.474,454.0,2.0,30.0,30.038,time,80081.0,245888.0,999.0,0.02,0.474,0.474,False,ok
v2_group_simsupport,sine_1k,1000.0,1.0,0.005,0.4,340.0,12.0,30.0,30.041,time,61672.0,238144.0,999.0,0.01,0.449,0.4,False,ok
v2_group_simsupport,car_evaluation,1728.0,15.0,0.1,0.3997685185185186,518.0,1.0,0.0003980830078944,0.003,optimal,21.0,11.0,15.0,0.3997685185185184,0.3997685185185184,0.399769,True,ok
v2_group_simsupport,car_evaluation,1728.0,15.0,0.05,0.2946759259259259,250.0,3.0,0.0024378329981118,0.005,optimal,118.0,88.0,15.0,0.2946759259259259,0.2946759259259259,0.294676,True,ok
v2_group_simsupport,car_evaluation,1728.0,15.0,0.02,0.2046759259259259,250.0,3.0,0.0419255000306293,0.044,optimal,1848.0,1400.0,15.0,0.2046759259259259,0.2046759259259259,0.204676,True,ok
v2_group_simsupport,car_evaluation,1728.0,15.0,0.01,0.1452314814814815,130.0,7.0,0.1951872920035384,0.198,optimal,7189.0,6405.0,15.0,0.1452314814814815,0.1452314814814815,0.145231,True,ok
v2_group_simsupport,car_evaluation,1728.0,15.0,0.005,0.1063425925925926,106.0,9.0,1.033356375002768,1.037,optimal,20615.0,21039.0,15.0,0.1063425925925926,0.1063425925925926,0.106343,True,ok
v2_group_simsupport,coupon_bar,1913.0,14.0,0.1,0.5119184526921067,788.0,1.0,9.129202226176858e-05,0.003,optimal,1.0,1.0,14.0,0.5119184526921067,0.5119184526921067,0.511918,True,ok
v2_group_simsupport,coupon_bar,1913.0,14.0,0.05,0.4538944066910612,677.0,2.0,0.0005523330182768,0.003,optimal,29.0,15.0,14.0,0.4538944066910611,0.4538944066910611,0.453894,True,ok
v2_group_simsupport,coupon_bar,1913.0,14.0,0.02,0.3715525352848928,596.0,3.0,0.0033680829801596,0.006,optimal,179.0,106.0,14.0,0.3715525352848928,0.3715525352848928,0.371553,True,ok
v2_group_simsupport,coupon_bar,1913.0,14.0,0.01,0.3410977522216414,576.0,4.0,0.0218337089754641,0.025,optimal,989.0,704.0,14.0,0.3410977522216414,0.3410977522216414,0.341098,True,ok
v2_group_simsupport,coupon_bar,1913.0,14.0,0.005,0.3186199686356508,533.0,8.0,0.2122626659693196,0.215,optimal,5708.0,6194.0,14.0,0.3186199686356508,0.3186199686356508,0.31862,True,ok
v2_group_simsupport,compas_binned,6907.0,12.0,0.1,0.5610829593166353,2494.0,2.0,0.0001095829647965,0.007,optimal,3.0,1.0,12.0,0.5610829593166353,0.5610829593166353,0.561083,True,ok
v2_group_simsupport,compas_binned,6907.0,12.0,0.05,0.4610829593166353,2494.0,2.0,9.595800656825304e-05,0.008,optimal,3.0,1.0,12.0,0.4610829593166352,0.4610829593166352,0.461083,True,ok
v2_group_simsupport,compas_binned,6907.0,12.0,0.02,0.4010829593166353,2494.0,2.0,0.0004595830105245,0.007,optimal,21.0,11.0,12.0,0.4010829593166353,0.4010829593166353,0.401083,True,ok
v2_group_simsupport,compas_binned,6907.0,12.0,0.01,0.3748675256985666,2382.0,3.0,0.002090958005283,0.009,optimal,105.0,57.0,12.0,0.3748675256985667,0.3748675256985667,0.374868,True,ok
v2_group_simsupport,compas_binned,6907.0,12.0,0.005,0.355968582597365,2286.0,5.0,0.0077477500308305,0.014,optimal,354.0,221.0,12.0,0.3559685825973649,0.3559685825973649,0.355969,True,ok
v2_group_simsupport,fico_binary,10459.0,17.0,0.1,0.5040443637058992,3180.0,2.0,0.0001234999508596,0.013,optimal,3.0,1.0,17.0,0.5040443637058992,0.5040443637058992,0.504044,True,ok
v2_group_simsupport,fico_binary,10459.0,17.0,0.05,0.4040443637058992,3180.0,2.0,0.0005921670235693,0.014,optimal,25.0,13.0,17.0,0.4040443637058992,0.4040443637058992,0.404044,True,ok
v2_group_simsupport,fico_binary,10459.0,17.0,0.02,0.3440443637058992,3180.0,2.0,0.0090652080252766,0.022,optimal,428.0,240.0,17.0,0.3440443637058992,0.3440443637058992,0.344044,True,ok
v2_group_simsupport,fico_binary,10459.0,17.0,0.01,0.3240443637058992,3180.0,2.0,0.29463808395667,0.311,optimal,9379.0,7063.0,17.0,0.3240443637058992,0.3240443637058992,0.324044,True,ok
v2_group_simsupport,fico_binary,10459.0,17.0,0.005,0.308650922650349,3019.0,4.0,3.1064904159866273,3.13,optimal,65876.0,74412.0,17.0,0.308650922650349,0.308650922650349,0.308651,True,ok
v2_group_simsupport,compas_processed,12381.0,22.0,0.1,0.411364187060819,3855.0,1.0,0.0069962909910827,0.224,optimal,91.0,46.0,621.0,0.411364187060819,0.411364187060819,0.411364,True,ok
v2_group_simsupport,compas_processed,12381.0,22.0,0.05,0.3613641870608189,3855.0,1.0,30.0,30.267,time,235527.0,206016.0,621.0,0.1685728131814877,0.3613641870608189,0.361364,False,ok
v2_group_simsupport,compas_processed,12381.0,22.0,0.02,0.3278604313060334,3564.0,2.0,30.0,30.267,time,229592.0,206912.0,621.0,0.1085728131814877,0.3278604313060334,0.32786,False,ok
v2_group_simsupport,compas_processed,12381.0,22.0,0.01,0.3078604313060334,3564.0,2.0,30.0,30.308,time,224176.0,211840.0,621.0,0.0885728131814877,0.3078604313060334,0.30786,False,ok
v2_group_simsupport,compas_processed,12381.0,22.0,0.005,0.2978604313060334,3564.0,2.0,30.0,30.365,time,251704.0,238976.0,621.0,0.0785728131814877,0.2978604313060334,0.29786,False,ok
v3_column_dp,chudi,77.0,2.0,0.1,0.464935064935065,5.0,4.0,0.0036733340239152,0.272,optimal,123.0,60.0,46.0,0.464935064935065,0.464935064935065,0.464935,True,ok
v3_column_dp,chudi,77.0,2.0,0.05,0.25,0.0,5.0,0.0081152080092579,0.009,optimal,322.0,129.0,46.0,0.25,0.25,0.25,True,ok
v3_column_dp,chudi,77.0,2.0,0.02,0.1,0.0,5.0,0.0096692499937489,0.01,optimal,438.0,144.0,46.0,0.1,0.1,0.1,True,ok
v3_column_dp,chudi,77.0,2.0,0.01,0.05,0.0,5.0,0.0102300000144168,0.011,optimal,497.0,155.0,46.0,0.05,0.05,0.05,True,ok
v3_column_dp,chudi,77.0,2.0,0.005,0.025,0.0,5.0,0.0104115420253947,0.011,optimal,517.0,155.0,46.0,0.025,0.025,0.025,True,ok
v3_column_dp,monk_3,122.0,11.0,0.1,0.5213114754098361,27.0,3.0,0.0005550409550778,0.001,optimal,24.0,18.0,11.0,0.521311475409836,0.521311475409836,0.521311,True,ok
v3_column_dp,monk_3,122.0,11.0,0.05,0.3713114754098361,27.0,3.0,0.0028423329931683,0.004,optimal,151.0,104.0,11.0,0.3713114754098361,0.3713114754098361,0.371311,True,ok
v3_column_dp,monk_3,122.0,11.0,0.02,0.2429508196721311,15.0,6.0,0.0217604579520411,0.023,optimal,1001.0,808.0,11.0,0.2429508196721311,0.2429508196721311,0.242951,True,ok
v3_column_dp,monk_3,122.0,11.0,0.01,0.1555737704918032,8.0,9.0,0.0609345000120811,0.062,optimal,2253.0,2021.0,11.0,0.1555737704918032,0.1555737704918032,0.155574,True,ok
v3_column_dp,monk_3,122.0,11.0,0.005,0.0945901639344262,3.0,14.0,0.1066931670065969,0.108,optimal,3494.0,3599.0,11.0,0.0945901639344262,0.0945901639344262,0.09459,True,ok
v3_column_dp,monk_1,124.0,11.0,0.1,0.4661290322580645,33.0,2.0,0.0006297919899225,0.001,optimal,34.0,21.0,11.0,0.4661290322580644,0.4661290322580644,0.466129,True,ok
v3_column_dp,monk_1,124.0,11.0,0.05,0.3387096774193548,11.0,5.0,0.0025037499726749,0.003,optimal,146.0,92.0,11.0,0.3387096774193548,0.3387096774193548,0.33871,True,ok
v3_column_dp,monk_1,124.0,11.0,0.02,0.16,0.0,8.0,0.0072324589709751,0.008,optimal,427.0,266.0,11.0,0.16,0.16,0.16,True,ok
v3_column_dp,monk_1,124.0,11.0,0.01,0.08,0.0,8.0,0.0090328749502077,0.01,optimal,545.0,330.0,11.0,0.08,0.08,0.08,True,ok
v3_column_dp,monk_1,124.0,11.0,0.005,0.04,0.0,8.0,0.0099537080386653,0.011,optimal,583.0,363.0,11.0,0.04,0.04,0.04,True,ok
v3_column_dp,iris,150.0,4.0,0.1,0.34,6.0,3.0,0.0019253750215284,0.003,optimal,82.0,24.0,118.0,0.3399999999999999,0.3399999999999999,0.34,True,ok
v3_column_dp,iris,150.0,4.0,0.05,0.19,6.0,3.0,0.002448541985359,0.003,optimal,145.0,30.0,118.0,0.19,0.19,0.19,True,ok
v3_column_dp,iris,150.0,4.0,0.02,0.1,6.0,3.0,0.0431532079819589,0.044,optimal,1260.0,640.0,118.0,0.1,0.1,0.1,True,ok
v3_column_dp,iris,150.0,4.0,0.01,0.06,3.0,4.0,0.22356483299518,0.225,optimal,4916.0,3312.0,118.0,0.06,0.06,0.06,True,ok
v3_column_dp,iris,150.0,4.0,0.005,0.0383333333333333,2.0,5.0,1.04080466699088,1.043,optimal,16537.0,15707.0,118.0,0.0383333333333333,0.0383333333333333,0.038333,True,ok
v3_column_dp,monk_2,169.0,11.0,0.1,0.478698224852071,64.0,1.0,0.0005643750191666,0.001,optimal,23.0,20.0,11.0,0.478698224852071,0.478698224852071,0.478698,True,ok
v3_column_dp,monk_2,169.0,11.0,0.05,0.428698224852071,64.0,1.0,0.0038416659808717,0.005,optimal,188.0,148.0,11.0,0.428698224852071,0.428698224852071,0.428698,True,ok
v3_column_dp,monk_2,169.0,11.0,0.02,0.3589349112426035,37.0,7.0,0.0498418330098502,0.051,optimal,2022.0,1774.0,11.0,0.3589349112426035,0.3589349112426035,0.358935,True,ok
v3_column_dp,monk_2,169.0,11.0,0.01,0.2650887573964497,11.0,20.0,0.142492666025646,0.144,optimal,4963.0,4929.0,11.0,0.2650887573964497,0.2650887573964497,0.265089,True,ok
v3_column_dp,monk_2,169.0,11.0,0.005,0.1527514792899408,3.0,27.0,0.2504217920359224,0.252,optimal,7525.0,8135.0,11.0,0.1527514792899408,0.1527514792899408,0.152751,True,ok
v3_column_dp,tic-tac-toe,958.0,9.0,0.1,0.4465553235908142,332.0,1.0,0.0011118749971501,0.011,optimal,55.0,36.0,27.0,0.4465553235908142,0.4465553235908142,0.446555,True,ok
v3_column_dp,tic-tac-toe,958.0,9.0,0.05,0.3965553235908142,332.0,1.0,0.0204350000130943,0.031,optimal,1051.0,744.0,27.0,0.3965553235908141,0.3965553235908141,0.396555,True,ok
v3_column_dp,tic-tac-toe,958.0,9.0,0.02,0.3183298538622129,190.0,6.0,1.904396041005384,1.917,optimal,69872.0,59303.0,27.0,0.3183298538622129,0.3183298538622129,0.31833,True,ok
v3_column_dp,tic-tac-toe,958.0,9.0,0.01,0.2507515657620042,154.0,9.0,14.044296292006038,14.08,optimal,426312.0,396030.0,27.0,0.2507515657620042,0.2507515657620042,0.250752,True,ok
v3_column_dp,tic-tac-toe,958.0,9.0,0.005,0.1542797494780793,52.0,20.0,30.0,30.064,time,909245.0,819136.0,27.0,0.01,0.2443736951983298,0.15428,True,ok
v3_column_dp,gaussian_1k,1000.0,1.0,0.1,0.397,297.0,1.0,0.0007538329809904,0.034,optimal,1.0,1.0,999.0,0.397,0.397,0.397,True,ok
v3_column_dp,gaussian_1k,1000.0,1.0,0.05,0.275,125.0,3.0,0.0007718330016359,0.035,optimal,5.0,1.0,999.0,0.275,0.275,0.275,True,ok
v3_column_dp,gaussian_1k,1000.0,1.0,0.02,0.185,125.0,3.0,0.0007880420307628,0.035,optimal,5.0,1.0,999.0,0.1849999999999999,0.1849999999999999,0.185,True,ok
v3_column_dp,gaussian_1k,1000.0,1.0,0.01,0.155,125.0,3.0,0.0007675840170122,0.036,optimal,5.0,1.0,999.0,0.155,0.155,0.155,True,ok
v3_column_dp,gaussian_1k,1000.0,1.0,0.005,0.14,125.0,3.0,0.0007641250267624,0.034,optimal,5.0,1.0,999.0,0.14,0.14,0.14,True,ok
v3_column_dp,fico_1k,1000.0,23.0,0.1,0.491,291.0,2.0,12.91480612498708,12.935,optimal,48267.0,37005.0,1357.0,0.491,0.491,0.491,True,ok
v3_column_dp,fico_1k,1000.0,23.0,0.05,0.391,291.0,2.0,30.0,30.031,time,89473.0,87808.0,1357.0,0.125,0.391,0.391,False,ok
v3_column_dp,fico_1k,1000.0,23.0,0.02,0.3309999999999999,291.0,2.0,30.0,30.034,time,119164.0,97600.0,1357.0,0.065,0.3309999999999999,0.331,False,ok
v3_column_dp,fico_1k,1000.0,23.0,0.01,0.311,291.0,2.0,30.0,30.04,time,130945.0,100544.0,1357.0,0.045,0.311,0.311,False,ok
v3_column_dp,fico_1k,1000.0,23.0,0.005,0.301,291.0,2.0,30.0,30.038,time,147502.0,122496.0,1357.0,0.035,0.301,0.301,False,ok
v3_column_dp,sine_1k,1000.0,1.0,0.1,0.595,495.0,1.0,0.0007486249669454,0.036,optimal,1.0,1.0,999.0,0.595,0.595,0.595,True,ok
v3_column_dp,sine_1k,1000.0,1.0,0.05,0.545,495.0,1.0,0.0007392920088022,0.035,optimal,1.0,1.0,999.0,0.545,0.545,0.545,False,ok
v3_column_dp,sine_1k,1000.0,1.0,0.02,0.494,454.0,2.0,0.0008924169815145,0.035,optimal,3.0,1.0,999.0,0.494,0.494,0.494,False,ok
v3_column_dp,sine_1k,1000.0,1.0,0.01,0.429,169.0,26.0,0.0010508749983273,0.035,optimal,52.0,1.0,999.0,0.4290000000000001,0.4290000000000001,0.474,False,better_than_known
v3_column_dp,sine_1k,1000.0,1.0,0.005,0.269,109.0,32.0,0.0011984159937128,0.035,optimal,67.0,1.0,999.0,0.2690000000000001,0.2690000000000001,0.4,False,better_than_known
v3_column_dp,car_evaluation,1728.0,15.0,0.1,0.3997685185185186,518.0,1.0,0.0004240830312483,0.003,optimal,21.0,11.0,15.0,0.3997685185185184,0.3997685185185184,0.399769,True,ok
v3_column_dp,car_evaluation,1728.0,15.0,0.05,0.2946759259259259,250.0,3.0,0.002705082995817,0.005,optimal,118.0,88.0,15.0,0.2946759259259259,0.2946759259259259,0.294676,True,ok
v3_column_dp,car_evaluation,1728.0,15.0,0.02,0.2046759259259259,250.0,3.0,0.046978875005152,0.049,optimal,1848.0,1400.0,15.0,0.2046759259259259,0.2046759259259259,0.204676,True,ok
v3_column_dp,car_evaluation,1728.0,15.0,0.01,0.1452314814814815,130.0,7.0,0.2176303750020451,0.221,optimal,7189.0,6405.0,15.0,0.1452314814814815,0.1452314814814815,0.145231,True,ok
v3_column_dp,car_evaluation,1728.0,15.0,0.005,0.1063425925925926,106.0,9.0,0.725456416956149,0.729,optimal,20615.0,21039.0,15.0,0.1063425925925926,0.1063425925925926,0.106343,True,ok
v3_column_dp,coupon_bar,1913.0,14.0,0.1,0.5119184526921067,788.0,1.0,7.054198067635298e-05,0.003,optimal,1.0,1.0,14.0,0.5119184526921067,0.5119184526921067,0.511918,True,ok
v3_column_dp,coupon_bar,1913.0,14.0,0.05,0.4538944066910612,677.0,2.0,0.0005523749860003,0.003,optimal,29.0,15.0,14.0,0.4538944066910611,0.4538944066910611,0.453894,True,ok
v3_column_dp,coupon_bar,1913.0,14.0,0.02,0.3715525352848928,596.0,3.0,0.003428999974858,0.006,optimal,179.0,106.0,14.0,0.3715525352848928,0.3715525352848928,0.371553,True,ok
v3_column_dp,coupon_bar,1913.0,14.0,0.01,0.3410977522216414,576.0,4.0,0.0219673750107176,0.024,optimal,989.0,704.0,14.0,0.3410977522216414,0.3410977522216414,0.341098,True,ok
v3_column_dp,coupon_bar,1913.0,14.0,0.005,0.3186199686356508,533.0,8.0,0.2155021670041605,0.218,optimal,5708.0,6194.0,14.0,0.3186199686356508,0.3186199686356508,0.31862,True,ok
v3_column_dp,compas_binned,6907.0,12.0,0.1,0.5610829593166353,2494.0,2.0,9.250000584870576e-05,0.007,optimal,3.0,1.0,12.0,0.5610829593166353,0.5610829593166353,0.561083,True,ok
v3_column_dp,compas_binned,6907.0,12.0,0.05,0.4610829593166353,2494.0,2.0,9.599997429177164e-05,0.006,optimal,3.0,1.0,12.0,0.4610829593166352,0.4610829593166352,0.461083,True,ok
v3_column_dp,compas_binned,6907.0,12.0,0.02,0.4010829593166353,2494.0,2.0,0.0004841249901801,0.007,optimal,21.0,11.0,12.0,0.4010829593166353,0.4010829593166353,0.401083,True,ok
v3_column_dp,compas_binned,6907.0,12.0,0.01,0.3748675256985666,2382.0,3.0,0.0024696250329725,0.01,optimal,105.0,57.0,12.0,0.3748675256985667,0.3748675256985667,0.374868,True,ok
v3_column_dp,compas_binned,6907.0,12.0,0.005,0.355968582597365,2286.0,5.0,0.0079448749893344,0.015,optimal,354.0,221.0,12.0,0.3559685825973649,0.3559685825973649,0.355969,True,ok
v3_column_dp,fico_binary,10459.0,17.0,0.1,0.5040443637058992,3180.0,2.0,0.0001117920037358,0.015,optimal,3.0,1.0,17.0,0.5040443637058992,0.5040443637058992,0.504044,True,ok
v3_column_dp,fico_binary,10459.0,17.0,0.05,0.4040443637058992,3180.0,2.0,0.0005808750283904,0.014,optimal,25.0,13.0,17.0,0.4040443637058992,0.4040443637058992,0.404044,True,ok
v3_column_dp,fico_binary,10459.0,17.0,0.02,0.3440443637058992,3180.0,2.0,0.0094830419984646,0.023,optimal,428.0,240.0,17.0,0.3440443637058992,0.3440443637058992,0.344044,True,ok
v3_column_dp,fico_binary,10459.0,17.0,0.01,0.3240443637058992,3180.0,2.0,0.3037776669953018,0.32,optimal,9379.0,7063.0,17.0,0.3240443637058992,0.3240443637058992,0.324044,True,ok
v3_column_dp,fico_binary,10459.0,17.0,0.005,0.308650922650349,3019.0,4.0,3.3612900420557708,3.387,optimal,65876.0,74412.0,17.0,0.308650922650349,0.308650922650349,0.308651,True,ok
v3_column_dp,compas_processed,12381.0,22.0,0.1,0.411364187060819,3855.0,1.0,0.0104402090073563,0.272,optimal,91.0,46.0,621.0,0.411364187060819,0.411364187060819,0.411364,True,ok
v3_column_dp,compas_processed,12381.0,22.0,0.05,0.3613641870608189,3855.0,1.0,30.0,30.31,time,166414.0,138112.0,621.0,0.1685728131814877,0.3613641870608189,0.361364,False,ok
v3_column_dp,compas_processed,12381.0,22.0,0.02,0.3278604313060334,3564.0,2.0,30.0,30.299,time,151276.0,132160.0,621.0,0.1085728131814877,0.3278604313060334,0.32786,False,ok
v3_column_dp,compas_processed,12381.0,22.0,0.01,0.3078604313060334,3564.0,2.0,30.0,30.286,time,121714.0,113920.0,621.0,0.0885728131814877,0.3078604313060334,0.30786,False,ok
v3_column_dp,compas_processed,12381.0,22.0,0.005,0.2978604313060334,3564.0,2.0,30.0,30.273,time,179459.0,170176.0,621.0,0.0785728131814877,0.2978604313060334,0.29786,False,ok
v4_leaf_support_splits,chudi,77.0,2.0,0.1,0.464935064935065,5.0,4.0,0.003755000012461,0.269,optimal,121.0,59.0,46.0,0.464935064935065,0.464935064935065,0.464935,True,ok
v4_leaf_support_splits,chudi,77.0,2.0,0.05,0.25,0.0,5.0,0.0081589160254225,0.009,optimal,314.0,127.0,46.0,0.25,0.25,0.25,True,ok
v4_leaf_support_splits,chudi,77.0,2.0,0.02,0.1,0.0,5.0,0.0098079160088673,0.01,optimal,438.0,144.0,46.0,0.1,0.1,0.1,True,ok
v4_leaf_support_splits,chudi,77.0,2.0,0.01,0.05,0.0,5.0,0.0106520830304361,0.011,optimal,497.0,155.0,46.0,0.05,0.05,0.05,True,ok
v4_leaf_support_splits,chudi,77.0,2.0,0.005,0.025,0.0,5.0,0.0105601250543259,0.011,optimal,517.0,155.0,46.0,0.025,0.025,0.025,True,ok
v4_leaf_support_splits,monk_3,122.0,11.0,0.1,0.5213114754098361,27.0,3.0,0.0006245409604161,0.001,optimal,24.0,18.0,11.0,0.521311475409836,0.521311475409836,0.521311,True,ok
v4_leaf_support_splits,monk_3,122.0,11.0,0.05,0.3713114754098361,27.0,3.0,0.0029866659897379,0.004,optimal,151.0,104.0,11.0,0.3713114754098361,0.3713114754098361,0.371311,True,ok
v4_leaf_support_splits,monk_3,122.0,11.0,0.02,0.2429508196721311,15.0,6.0,0.0222734169801697,0.023,optimal,998.0,806.0,11.0,0.2429508196721311,0.2429508196721311,0.242951,True,ok
v4_leaf_support_splits,monk_3,122.0,11.0,0.01,0.1555737704918032,8.0,9.0,0.0596404999960213,0.06,optimal,2236.0,2002.0,11.0,0.1555737704918032,0.1555737704918032,0.155574,True,ok
v4_leaf_support_splits,monk_3,122.0,11.0,0.005,0.0945901639344262,3.0,14.0,0.1082098750048317,0.109,optimal,3494.0,3599.0,11.0,0.0945901639344262,0.0945901639344262,0.09459,True,ok
v4_leaf_support_splits,monk_1,124.0,11.0,0.1,0.4661290322580645,33.0,2.0,0.0006665830151177,0.002,optimal,34.0,21.0,11.0,0.4661290322580644,0.4661290322580644,0.466129,True,ok
v4_leaf_support_splits,monk_1,124.0,11.0,0.05,0.3387096774193548,11.0,5.0,0.0027305419789627,0.003,optimal,146.0,92.0,11.0,0.3387096774193548,0.3387096774193548,0.33871,True,ok
v4_leaf_support_splits,monk_1,124.0,11.0,0.02,0.16,0.0,8.0,0.0076091670198366,0.008,optimal,425.0,265.0,11.0,0.16,0.16,0.16,True,ok
v4_leaf_support_splits,monk_1,124.0,11.0,0.01,0.08,0.0,8.0,0.0096160839893855,0.01,optimal,545.0,330.0,11.0,0.08,0.08,0.08,True,ok
v4_leaf_support_splits,monk_1,124.0,11.0,0.005,0.04,0.0,8.0,0.0101480419980362,0.011,optimal,583.0,363.0,11.0,0.04,0.04,0.04,True,ok
v4_leaf_support_splits,iris,150.0,4.0,0.1,0.34,6.0,3.0,0.0016663750284351,0.003,optimal,70.0,22.0,118.0,0.3399999999999999,0.3399999999999999,0.34,True,ok
v4_leaf_support_splits,iris,150.0,4.0,0.05,0.19,6.0,3.0,0.0021453330409713,0.003,optimal,121.0,27.0,118.0,0.19,0.19,0.19,True,ok
v4_leaf_support_splits,iris,150.0,4.0,0.02,0.1,6.0,3.0,0.0369740420137532,0.038,optimal,1134.0,551.0,118.0,0.1,0.1,0.1,True,ok
v4_leaf_support_splits,iris,150.0,4.0,0.01,0.06,3.0,4.0,0.1882938749622553,0.19,optimal,4397.0,2783.0,118.0,0.06,0.06,0.06,True,ok
v4_leaf_support_splits,iris,150.0,4.0,0.005,0.0383333333333333,2.0,5.0,1.079021957993973,1.081,optimal,16537.0,15707.0,118.0,0.0383333333333333,0.0383333333333333,0.038333,True,ok
v4_leaf_support_splits,monk_2,169.0,11.0,0.1,0.478698224852071,64.0,1.0,0.0006061249878257,0.002,optimal,23.0,20.0,11.0,0.478698224852071,0.478698224852071,0.478698,True,ok
v4_leaf_support_splits,monk_2,169.0,11.0,0.05,0.428698224852071,64.0,1.0,0.0040591659490019,0.005,optimal,188.0,148.0,11.0,0.428698224852071,0.428698224852071,0.428698,True,ok
v4_leaf_support_splits,monk_2,169.0,11.0,0.02,0.3589349112426035,37.0,7.0,0.0529885409632697,0.054,optimal,2009.0,1767.0,11.0,0.3589349112426035,0.3589349112426035,0.358935,True,ok
v4_leaf_support_splits,monk_2,169.0,11.0,0.01,0.2650887573964497,11.0,20.0,0.149704500043299,0.151,optimal,4948.0,4916.0,11.0,0.2650887573964497,0.2650887573964497,0.265089,True,ok
v4_leaf_support_splits,monk_2,169.0,11.0,0.005,0.1527514792899408,3.0,27.0,0.239476291986648,0.241,optimal,7525.0,8135.0,11.0,0.1527514792899408,0.1527514792899408,0.152751,True,ok
v4_leaf_support_splits,tic-tac-toe,958.0,9.0,0.1,0.4465553235908142,332.0,1.0,0.0010907920077443,0.011,optimal,55.0,36.0,27.0,0.4465553235908142,0.4465553235908142,0.446555,True,ok
v4_leaf_support_splits,tic-tac-toe,958.0,9.0,0.05,0.3965553235908142,332.0,1.0,0.021250250050798,0.031,optimal,1045.0,741.0,27.0,0.3965553235908141,0.3965553235908141,0.396555,True,ok
v4_leaf_support_splits,tic-tac-toe,958.0,9.0,0.02,0.3183298538622129,190.0,6.0,2.0093703329912387,2.021,optimal,69524.0,59196.0,27.0,0.3183298538622129,0.3183298538622129,0.31833,True,ok
v4_leaf_support_splits,tic-tac-toe,958.0,9.0,0.01,0.2507515657620042,154.0,9.0,13.998084416962229,14.03,optimal,423347.0,394255.0,27.0,0.2507515657620042,0.2507515657620042,0.250752,True,ok
v4_leaf_support_splits,tic-tac-toe,958.0,9.0,0.005,0.1542797494780793,52.0,20.0,30.0,30.06,time,918077.0,831296.0,27.0,0.01,0.2443736951983298,0.15428,True,ok
v4_leaf_support_splits,gaussian_1k,1000.0,1.0,0.1,0.397,297.0,1.0,0.0005264999927021,0.031,optimal,1.0,1.0,999.0,0.397,0.397,0.397,True,ok
v4_leaf_support_splits,gaussian_1k,1000.0,1.0,0.05,0.275,125.0,3.0,0.0006453749956563,0.031,optimal,5.0,1.0,999.0,0.275,0.275,0.275,True,ok
v4_leaf_support_splits,gaussian_1k,1000.0,1.0,0.02,0.185,125.0,3.0,0.0006697500357404,0.031,optimal,5.0,1.0,999.0,0.1849999999999999,0.1849999999999999,0.185,True,ok
v4_leaf_support_splits,gaussian_1k,1000.0,1.0,0.01,0.155,125.0,3.0,0.0006771249463781,0.031,optimal,5.0,1.0,999.0,0.155,0.155,0.155,True,ok
v4_leaf_support_splits,gaussian_1k,1000.0,1.0,0.005,0.14,125.0,3.0,0.0006845829775556,0.031,optimal,5.0,1.0,999.0,0.14,0.14,0.14,True,ok
v4_leaf_support_splits,fico_1k,1000.0,23.0,0.1,0.491,291.0,2.0,0.4873831669683568,0.504,optimal,4477.0,2760.0,1357.0,0.491,0.491,0.491,True,ok
v4_leaf_support_splits,fico_1k,1000.0,23.0,0.05,0.391,291.0,2.0,30.0,30.032,time,195762.0,144512.0,1357.0,0.125,0.391,0.391,False,ok
v4_leaf_support_splits,fico_1k,1000.0,23.0,0.02,0.3309999999999999,291.0,2.0,30.0,30.04,time,284228.0,167936.0,1357.0,0.065,0.3309999999999999,0.331,False,ok
v4_leaf_support_splits,fico_1k,1000.0,23.0,0.01,0.311,291.0,2.0,30.0,30.034,time,189775.0,148544.0,1357.0,0.045,0.311,0.304,False,worse_than_known
v4_leaf_support_splits,fico_1k,1000.0,23.0,0.005,0.301,291.0,2.0,30.0,30.042,time,308781.0,179584.0,1357.0,0.035,0.301,0.284,False,worse_than_known
v4_leaf_support_splits,sine_1k,1000.0,1.0,0.1,0.595,495.0,1.0,0.0004831659607589,0.031,optimal,1.0,1.0,999.0,0.595,0.595,0.595,True,ok
v4_leaf_support_splits,sine_1k,1000.0,1.0,0.05,0.545,495.0,1.0,0.0005834589828737,0.031,optimal,1.0,1.0,999.0,0.545,0.545,0.545,False,ok
v4_leaf_support_splits,sine_1k,1000.0,1.0,0.02,0.494,454.0,2.0,0.0007485409732908,0.031,optimal,3.0,1.0,999.0,0.494,0.494,0.494,False,ok
v4_leaf_support_splits,sine_1k,1000.0,1.0,0.01,0.429,169.0,26.0,0.0009335000067949,0.031,optimal,52.0,1.0,999.0,0.4290000000000001,0.4290000000000001,0.443,False,better_than_known
v4_leaf_support_splits,sine_1k,1000.0,1.0,0.005,0.269,109.0,32.0,0.0010746670304797,0.032,optimal,67.0,1.0,999.0,0.2690000000000001,0.2690000000000001,0.4,False,better_than_known
v4_leaf_support_splits,car_evaluation,1728.0,15.0,0.1,0.3997685185185186,518.0,1.0,0.0003972499980591,0.003,optimal,21.0,11.0,15.0,0.3997685185185184,0.3997685185185184,0.399769,True,ok
v4_leaf_support_splits,car_evaluation,1728.0,15.0,0.05,0.2946759259259259,250.0,3.0,0.0025567910051904,0.005,optimal,118.0,88.0,15.0,0.2946759259259259,0.2946759259259259,0.294676,True,ok
v4_leaf_support_splits,car_evaluation,1728.0,15.0,0.02,0.2046759259259259,250.0,3.0,0.0451239169924519,0.047,optimal,1848.0,1400.0,15.0,0.2046759259259259,0.2046759259259259,0.204676,True,ok
v4_leaf_support_splits,car_evaluation,1728.0,15.0,0.01,0.1452314814814815,130.0,7.0,0.2062181250075809,0.209,optimal,7189.0,6404.0,15.0,0.1452314814814815,0.1452314814814815,0.145231,True,ok
v4_leaf_support_splits,car_evaluation,1728.0,15.0,0.005,0.1063425925925926,106.0,9.0,0.6832437919802032,0.687,optimal,20615.0,21039.0,15.0,0.1063425925925926,0.1063425925925926,0.106343,True,ok
v4_leaf_support_splits,coupon_bar,1913.0,14.0,0.1,0.5119184526921067,788.0,1.0,6.804196164011955e-05,0.003,optimal,1.0,1.0,14.0,0.5119184526921067,0.5119184526921067,0.511918,True,ok
v4_leaf_support_splits,coupon_bar,1913.0,14.0,0.05,0.4538944066910612,677.0,2.0,0.0004867080133408,0.003,optimal,27.0,14.0,14.0,0.4538944066910611,0.4538944066910611,0.453894,True,ok
v4_leaf_support_splits,coupon_bar,1913.0,14.0,0.02,0.3715525352848928,596.0,3.0,0.0034608340356498,0.006,optimal,179.0,106.0,14.0,0.3715525352848928,0.3715525352848928,0.371553,True,ok
v4_leaf_support_splits,coupon_bar,1913.0,14.0,0.01,0.3410977522216414,576.0,4.0,0.0209095410536974,0.023,optimal,987.0,700.0,14.0,0.3410977522216414,0.3410977522216414,0.341098,True,ok
v4_leaf_support_splits,coupon_bar,1913.0,14.0,0.005,0.3186199686356508,533.0,8.0,0.201941541978158,0.205,optimal,5704.0,6173.0,14.0,0.3186199686356508,0.3186199686356508,0.31862,True,ok
v4_leaf_support_splits,compas_binned,6907.0,12.0,0.1,0.5610829593166353,2494.0,2.0,8.533400250598788e-05,0.006,optimal,3.0,1.0,12.0,0.5610829593166353,0.5610829593166353,0.561083,True,ok
v4_leaf_support_splits,compas_binned,6907.0,12.0,0.05,0.4610829593166353,2494.0,2.0,8.783303201198578e-05,0.008,optimal,3.0,1.0,12.0,0.4610829593166352,0.4610829593166352,0.461083,True,ok
v4_leaf_support_splits,compas_binned,6907.0,12.0,0.02,0.4010829593166353,2494.0,2.0,0.0004404579522088,0.006,optimal,21.0,11.0,12.0,0.4010829593166353,0.4010829593166353,0.401083,True,ok
v4_leaf_support_splits,compas_binned,6907.0,12.0,0.01,0.3748675256985666,2382.0,3.0,0.0020014169858768,0.008,optimal,105.0,57.0,12.0,0.3748675256985667,0.3748675256985667,0.374868,True,ok
v4_leaf_support_splits,compas_binned,6907.0,12.0,0.005,0.355968582597365,2286.0,5.0,0.0073983750189654,0.013,optimal,354.0,221.0,12.0,0.3559685825973649,0.3559685825973649,0.355969,True,ok
v4_leaf_support_splits,fico_binary,10459.0,17.0,0.1,0.5040443637058992,3180.0,2.0,8.933403296396136e-05,0.012,optimal,3.0,1.0,17.0,0.5040443637058992,0.5040443637058992,0.504044,True,ok
v4_leaf_support_splits,fico_binary,10459.0,17.0,0.05,0.4040443637058992,3180.0,2.0,0.0005127500044181,0.013,optimal,23.0,12.0,17.0,0.4040443637058992,0.4040443637058992,0.404044,True,ok
v4_leaf_support_splits,fico_binary,10459.0,17.0,0.02,0.3440443637058992,3180.0,2.0,0.00592945801327,0.018,optimal,294.0,164.0,17.0,0.3440443637058992,0.3440443637058992,0.344044,True,ok
v4_leaf_support_splits,fico_binary,10459.0,17.0,0.01,0.3240443637058992,3180.0,2.0,0.2736882920144126,0.287,optimal,9206.0,6762.0,17.0,0.3240443637058992,0.3240443637058992,0.324044,True,ok
v4_leaf_support_splits,fico_binary,10459.0,17.0,0.005,0.308650922650349,3019.0,4.0,2.9899959579925053,3.014,optimal,64899.0,71310.0,17.0,0.308650922650349,0.308650922650349,0.308651,True,ok
v4_leaf_support_splits,compas_processed,12381.0,22.0,0.1,0.411364187060819,3855.0,1.0,0.0014330410049296,0.229,optimal,23.0,12.0,621.0,0.411364187060819,0.411364187060819,0.411364,True,ok
v4_leaf_support_splits,compas_processed,12381.0,22.0,0.05,0.3613641870608189,3855.0,1.0,1.4947998340358026,1.719,optimal,25109.0,15079.0,621.0,0.3613641870608189,0.3613641870608189,0.361364,True,ok
v4_leaf_support_splits,compas_processed,12381.0,22.0,0.02,0.3278604313060334,3564.0,2.0,30.0,30.34,time,502160.0,271424.0,621.0,0.1085728131814877,0.3278604313060334,0.32786,False,ok
v4_leaf_support_splits,compas_processed,12381.0,22.0,0.01,0.3078604313060334,3564.0,2.0,30.0,30.311,time,431900.0,242240.0,621.0,0.0885728131814877,0.3078604313060334,0.30786,False,ok
v4_leaf_support_splits,compas_processed,12381.0,22.0,0.005,0.2978604313060334,3564.0,2.0,30.0,30.317,time,397192.0,241728.0,621.0,0.0785728131814877,0.2978604313060334,0.29786,False,ok
v5_fused_node_kernel,chudi,77.0,2.0,0.1,0.464935064935065,5.0,4.0,0.0026558749959804,0.473,optimal,121.0,59.0,46.0,0.464935064935065,0.464935064935065,0.464935,True,ok
v5_fused_node_kernel,chudi,77.0,2.0,0.05,0.25,0.0,5.0,0.0058811670169234,0.006,optimal,314.0,127.0,46.0,0.25,0.25,0.25,True,ok
v5_fused_node_kernel,chudi,77.0,2.0,0.02,0.1,0.0,5.0,0.0074030000250786,0.008,optimal,438.0,144.0,46.0,0.1,0.1,0.1,True,ok
v5_fused_node_kernel,chudi,77.0,2.0,0.01,0.05,0.0,5.0,0.0079618750023655,0.008,optimal,497.0,155.0,46.0,0.05,0.05,0.05,True,ok
v5_fused_node_kernel,chudi,77.0,2.0,0.005,0.025,0.0,5.0,0.0079853329807519,0.008,optimal,517.0,155.0,46.0,0.025,0.025,0.025,True,ok
v5_fused_node_kernel,monk_3,122.0,11.0,0.1,0.5213114754098361,27.0,3.0,0.0003244580002501,0.001,optimal,24.0,18.0,11.0,0.521311475409836,0.521311475409836,0.521311,True,ok
v5_fused_node_kernel,monk_3,122.0,11.0,0.05,0.3713114754098361,27.0,3.0,0.0015110419481061,0.002,optimal,151.0,104.0,11.0,0.3713114754098361,0.3713114754098361,0.371311,True,ok
v5_fused_node_kernel,monk_3,122.0,11.0,0.02,0.2429508196721311,15.0,6.0,0.0110503329779021,0.012,optimal,998.0,806.0,11.0,0.2429508196721311,0.2429508196721311,0.242951,True,ok
v5_fused_node_kernel,monk_3,122.0,11.0,0.01,0.1555737704918032,8.0,9.0,0.0328253339976072,0.034,optimal,2236.0,2002.0,11.0,0.1555737704918032,0.1555737704918032,0.155574,True,ok
v5_fused_node_kernel,monk_3,122.0,11.0,0.005,0.0945901639344262,3.0,14.0,0.0602843749802559,0.061,optimal,3494.0,3599.0,11.0,0.0945901639344262,0.0945901639344262,0.09459,True,ok
v5_fused_node_kernel,monk_1,124.0,11.0,0.1,0.4661290322580645,33.0,2.0,0.0003334580105729,0.001,optimal,34.0,21.0,11.0,0.4661290322580644,0.4661290322580644,0.466129,True,ok
v5_fused_node_kernel,monk_1,124.0,11.0,0.05,0.3387096774193548,11.0,5.0,0.0013130839797668,0.002,optimal,146.0,92.0,11.0,0.3387096774193548,0.3387096774193548,0.33871,True,ok
v5_fused_node_kernel,monk_1,124.0,11.0,0.02,0.16,0.0,8.0,0.0038120420067571,0.005,optimal,425.0,265.0,11.0,0.16,0.16,0.16,True,ok
v5_fused_node_kernel,monk_1,124.0,11.0,0.01,0.08,0.0,8.0,0.0048432910116389,0.006,optimal,545.0,330.0,11.0,0.08,0.08,0.08,True,ok
v5_fused_node_kernel,monk_1,124.0,11.0,0.005,0.04,0.0,8.0,0.005269750021398,0.006,optimal,583.0,363.0,11.0,0.04,0.04,0.04,True,ok
v5_fused_node_kernel,iris,150.0,4.0,0.1,0.34,6.0,3.0,0.0012821250129491,0.002,optimal,70.0,22.0,118.0,0.3399999999999999,0.3399999999999999,0.34,True,ok
v5_fused_node_kernel,iris,150.0,4.0,0.05,0.19,6.0,3.0,0.0016005829675123,0.003,optimal,121.0,27.0,118.0,0.19,0.19,0.19,True,ok
v5_fused_node_kernel,iris,150.0,4.0,0.02,0.1,6.0,3.0,0.0270553749869577,0.028,optimal,1134.0,551.0,118.0,0.1,0.1,0.1,True,ok
v5_fused_node_kernel,iris,150.0,4.0,0.01,0.06,3.0,4.0,0.1407777499989606,0.142,optimal,4397.0,2783.0,118.0,0.06,0.06,0.06,True,ok
v5_fused_node_kernel,iris,150.0,4.0,0.005,0.0383333333333333,2.0,5.0,0.7771102919941768,0.779,optimal,16535.0,15707.0,118.0,0.0383333333333333,0.0383333333333333,0.038333,True,ok
v5_fused_node_kernel,monk_2,169.0,11.0,0.1,0.478698224852071,64.0,1.0,0.0002921249833889,0.001,optimal,23.0,20.0,11.0,0.478698224852071,0.478698224852071,0.478698,True,ok
v5_fused_node_kernel,monk_2,169.0,11.0,0.05,0.428698224852071,64.0,1.0,0.001948875025846,0.003,optimal,188.0,148.0,11.0,0.428698224852071,0.428698224852071,0.428698,True,ok
v5_fused_node_kernel,monk_2,169.0,11.0,0.02,0.3589349112426035,37.0,7.0,0.0271661669830791,0.028,optimal,2009.0,1767.0,11.0,0.3589349112426035,0.3589349112426035,0.358935,True,ok
v5_fused_node_kernel,monk_2,169.0,11.0,0.01,0.2650887573964497,11.0,20.0,0.0808998750289902,0.082,optimal,4948.0,4916.0,11.0,0.2650887573964497,0.2650887573964497,0.265089,True,ok
v5_fused_node_kernel,monk_2,169.0,11.0,0.005,0.1527514792899408,3.0,27.0,0.1314792920020409,0.133,optimal,7525.0,8135.0,11.0,0.1527514792899408,0.1527514792899408,0.152751,True,ok
v5_fused_node_kernel,tic-tac-toe,958.0,9.0,0.1,0.4465553235908142,332.0,1.0,0.0005705829826183,0.01,optimal,55.0,36.0,27.0,0.4465553235908142,0.4465553235908142,0.446555,True,ok
v5_fused_node_kernel,tic-tac-toe,958.0,9.0,0.05,0.3965553235908142,332.0,1.0,0.010420584003441,0.02,optimal,1045.0,741.0,27.0,0.3965553235908141,0.3965553235908141,0.396555,True,ok
v5_fused_node_kernel,tic-tac-toe,958.0,9.0,0.02,0.3183298538622129,190.0,6.0,1.0969758339924738,1.11,optimal,69524.0,59196.0,27.0,0.3183298538622129,0.3183298538622129,0.31833,True,ok
v5_fused_node_kernel,tic-tac-toe,958.0,9.0,0.01,0.2507515657620042,154.0,9.0,7.956233584030997,7.989,optimal,423347.0,394255.0,27.0,0.2507515657620042,0.2507515657620042,0.250752,True,ok
v5_fused_node_kernel,tic-tac-toe,958.0,9.0,0.005,0.1542797494780793,52.0,20.0,18.28955158399185,18.352,optimal,953651.0,872921.0,27.0,0.1542797494780793,0.1542797494780793,0.15428,True,ok
v5_fused_node_kernel,gaussian_1k,1000.0,1.0,0.1,0.397,297.0,1.0,0.00042262498755,0.034,optimal,1.0,1.0,999.0,0.397,0.397,0.397,True,ok
v5_fused_node_kernel,gaussian_1k,1000.0,1.0,0.05,0.275,125.0,3.0,0.0005103340372443,0.032,optimal,5.0,1.0,999.0,0.275,0.275,0.275,True,ok
v5_fused_node_kernel,gaussian_1k,1000.0,1.0,0.02,0.185,125.0,3.0,0.0005302080535329,0.031,optimal,5.0,1.0,999.0,0.1849999999999999,0.1849999999999999,0.185,True,ok
v5_fused_node_kernel,gaussian_1k,1000.0,1.0,0.01,0.155,125.0,3.0,0.0005584169994108,0.032,optimal,5.0,1.0,999.0,0.155,0.155,0.155,True,ok
v5_fused_node_kernel,gaussian_1k,1000.0,1.0,0.005,0.14,125.0,3.0,0.0005515840020962,0.031,optimal,5.0,1.0,999.0,0.14,0.14,0.14,True,ok
v5_fused_node_kernel,fico_1k,1000.0,23.0,0.1,0.491,291.0,2.0,0.3490983339725062,0.366,optimal,4477.0,2760.0,1357.0,0.491,0.491,0.491,True,ok
v5_fused_node_kernel,fico_1k,1000.0,23.0,0.05,0.391,291.0,2.0,30.0,30.031,time,266510.0,198848.0,1357.0,0.125,0.391,0.391,False,ok
v5_fused_node_kernel,fico_1k,1000.0,23.0,0.02,0.3309999999999999,291.0,2.0,30.0,30.043,time,398891.0,236288.0,1357.0,0.065,0.3309999999999999,0.331,False,ok
v5_fused_node_kernel,fico_1k,1000.0,23.0,0.01,0.311,291.0,2.0,30.0,30.031,time,255347.0,208768.0,1357.0,0.045,0.311,0.304,False,worse_than_known
v5_fused_node_kernel,fico_1k,1000.0,23.0,0.005,0.301,291.0,2.0,30.0,30.042,time,450722.0,271040.0,1357.0,0.035,0.301,0.284,False,worse_than_known
v5_fused_node_kernel,sine_1k,1000.0,1.0,0.1,0.595,495.0,1.0,0.0003682920360006,0.032,optimal,1.0,1.0,999.0,0.595,0.595,0.595,True,ok
v5_fused_node_kernel,sine_1k,1000.0,1.0,0.05,0.545,495.0,1.0,0.0004517919733189,0.031,optimal,1.0,1.0,999.0,0.545,0.545,0.545,False,ok
v5_fused_node_kernel,sine_1k,1000.0,1.0,0.02,0.494,454.0,2.0,0.0005405000410974,0.031,optimal,3.0,1.0,999.0,0.494,0.494,0.494,False,ok
v5_fused_node_kernel,sine_1k,1000.0,1.0,0.01,0.429,169.0,26.0,0.0007182920235209,0.032,optimal,52.0,1.0,999.0,0.4290000000000001,0.4290000000000001,0.443,False,better_than_known
v5_fused_node_kernel,sine_1k,1000.0,1.0,0.005,0.269,109.0,32.0,0.0007955830078572,0.032,optimal,67.0,1.0,999.0,0.2690000000000001,0.2690000000000001,0.4,False,better_than_known
v5_fused_node_kernel,car_evaluation,1728.0,15.0,0.1,0.3997685185185186,518.0,1.0,0.0002253749989904,0.003,optimal,21.0,11.0,15.0,0.3997685185185184,0.3997685185185184,0.399769,True,ok
v5_fused_node_kernel,car_evaluation,1728.0,15.0,0.05,0.2946759259259259,250.0,3.0,0.0013109169667586,0.004,optimal,118.0,88.0,15.0,0.2946759259259259,0.2946759259259259,0.294676,True,ok
v5_fused_node_kernel,car_evaluation,1728.0,15.0,0.02,0.2046759259259259,250.0,3.0,0.0250592909869737,0.028,optimal,1848.0,1400.0,15.0,0.2046759259259259,0.2046759259259259,0.204676,True,ok
v5_fused_node_kernel,car_evaluation,1728.0,15.0,0.01,0.1452314814814815,130.0,7.0,0.1125147920101881,0.115,optimal,7189.0,6404.0,15.0,0.1452314814814815,0.1452314814814815,0.145231,True,ok
v5_fused_node_kernel,car_evaluation,1728.0,15.0,0.005,0.1063425925925926,106.0,9.0,0.3761698750313371,0.38,optimal,20615.0,21039.0,15.0,0.1063425925925926,0.1063425925925926,0.106343,True,ok
v5_fused_node_kernel,coupon_bar,1913.0,14.0,0.1,0.5119184526921067,788.0,1.0,3.7375022657215595e-05,0.003,optimal,1.0,1.0,14.0,0.5119184526921067,0.5119184526921067,0.511918,True,ok
v5_fused_node_kernel,coupon_bar,1913.0,14.0,0.05,0.4538944066910612,677.0,2.0,0.0002564580063335,0.003,optimal,27.0,14.0,14.0,0.4538944066910611,0.4538944066910611,0.453894,True,ok
v5_fused_node_kernel,coupon_bar,1913.0,14.0,0.02,0.3715525352848928,596.0,3.0,0.0017579159466549,0.004,optimal,179.0,106.0,14.0,0.3715525352848928,0.3715525352848928,0.371553,True,ok
v5_fused_node_kernel,coupon_bar,1913.0,14.0,0.01,0.3410977522216414,576.0,4.0,0.0107751669711433,0.013,optimal,987.0,700.0,14.0,0.3410977522216414,0.3410977522216414,0.341098,True,ok
v5_fused_node_kernel,coupon_bar,1913.0,14.0,0.005,0.3186199686356508,533.0,8.0,0.1131582499947398,0.116,optimal,5704.0,6173.0,14.0,0.3186199686356508,0.3186199686356508,0.31862,True,ok
v5_fused_node_kernel,compas_binned,6907.0,12.0,0.1,0.5610829593166353,2494.0,2.0,5.408399738371372e-05,0.007,optimal,3.0,1.0,12.0,0.5610829593166353,0.5610829593166353,0.561083,True,ok
v5_fused_node_kernel,compas_binned,6907.0,12.0,0.05,0.4610829593166353,2494.0,2.0,4.800001624971628e-05,0.006,optimal,3.0,1.0,12.0,0.4610829593166352,0.4610829593166352,0.461083,True,ok
v5_fused_node_kernel,compas_binned,6907.0,12.0,0.02,0.4010829593166353,2494.0,2.0,0.0002525839954614,0.007,optimal,21.0,11.0,12.0,0.4010829593166353,0.4010829593166353,0.401083,True,ok
v5_fused_node_kernel,compas_binned,6907.0,12.0,0.01,0.3748675256985666,2382.0,3.0,0.001213125011418,0.008,optimal,105.0,57.0,12.0,0.3748675256985667,0.3748675256985667,0.374868,True,ok
v5_fused_node_kernel,compas_binned,6907.0,12.0,0.005,0.355968582597365,2286.0,5.0,0.0043647079728543,0.011,optimal,354.0,221.0,12.0,0.3559685825973649,0.3559685825973649,0.355969,True,ok
v5_fused_node_kernel,fico_binary,10459.0,17.0,0.1,0.5040443637058992,3180.0,2.0,5.512498319149017e-05,0.013,optimal,3.0,1.0,17.0,0.5040443637058992,0.5040443637058992,0.504044,True,ok
v5_fused_node_kernel,fico_binary,10459.0,17.0,0.05,0.4040443637058992,3180.0,2.0,0.0003017080016434,0.013,optimal,23.0,12.0,17.0,0.4040443637058992,0.4040443637058992,0.404044,True,ok
v5_fused_node_kernel,fico_binary,10459.0,17.0,0.02,0.3440443637058992,3180.0,2.0,0.0035529170418158,0.017,optimal,294.0,164.0,17.0,0.3440443637058992,0.3440443637058992,0.344044,True,ok
v5_fused_node_kernel,fico_binary,10459.0,17.0,0.01,0.3240443637058992,3180.0,2.0,0.1722631669836118,0.187,optimal,9206.0,6762.0,17.0,0.3240443637058992,0.3240443637058992,0.324044,True,ok
v5_fused_node_kernel,fico_binary,10459.0,17.0,0.005,0.308650922650349,3019.0,4.0,1.984559917007573,2.008,optimal,64899.0,71310.0,17.0,0.308650922650349,0.308650922650349,0.308651,True,ok
v5_fused_node_kernel,compas_processed,12381.0,22.0,0.1,0.411364187060819,3855.0,1.0,0.0011211250093765,0.229,optimal,23.0,12.0,621.0,0.411364187060819,0.411364187060819,0.411364,True,ok
v5_fused_node_kernel,compas_processed,12381.0,22.0,0.05,0.3613641870608189,3855.0,1.0,1.1808287080493756,1.41,optimal,25109.0,15079.0,621.0,0.3613641870608189,0.3613641870608189,0.361364,True,ok
v5_fused_node_kernel,compas_processed,12381.0,22.0,0.02,0.3278604313060334,3564.0,2.0,30.0,30.337,time,607325.0,328384.0,621.0,0.1085728131814877,0.3278604313060334,0.32786,False,ok
v5_fused_node_kernel,compas_processed,12381.0,22.0,0.01,0.3078604313060334,3564.0,2.0,30.0,30.347,time,516098.0,294656.0,621.0,0.0885728131814877,0.3078604313060334,0.30786,False,ok
v5_fused_node_kernel,compas_processed,12381.0,22.0,0.005,0.2978604313060334,3564.0,2.0,30.0,30.302,time,471330.0,286848.0,621.0,0.0785728131814877,0.2978604313060334,0.29786,False,ok
v7_depth2_pairs,chudi,77.0,2.0,0.1,0.464935064935065,5.0,4.0,0.0019506250391714,0.766,optimal,78.0,39.0,46.0,0.464935064935065,0.464935064935065,0.464935,True,ok
v7_depth2_pairs,chudi,77.0,2.0,0.05,0.25,0.0,5.0,0.0040727920131757,0.005,optimal,224.0,81.0,46.0,0.25,0.25,0.25,True,ok
v7_depth2_pairs,chudi,77.0,2.0,0.02,0.1,0.0,5.0,0.004954959033057,0.005,optimal,307.0,86.0,46.0,0.1,0.1,0.1,True,ok
v7_depth2_pairs,chudi,77.0,2.0,0.01,0.05,0.0,5.0,0.0049947500228881,0.005,optimal,323.0,90.0,46.0,0.05,0.05,0.05,True,ok
v7_depth2_pairs,chudi,77.0,2.0,0.005,0.025,0.0,5.0,0.0050032919971272,0.005,optimal,325.0,90.0,46.0,0.025,0.025,0.025,True,ok
v7_depth2_pairs,monk_3,122.0,11.0,0.1,0.5213114754098361,27.0,3.0,0.0001828750246204,0.001,optimal,12.0,7.0,11.0,0.521311475409836,0.521311475409836,0.521311,True,ok
v7_depth2_pairs,monk_3,122.0,11.0,0.05,0.3713114754098361,27.0,3.0,0.0005170829826965,0.001,optimal,44.0,23.0,11.0,0.3713114754098361,0.3713114754098361,0.371311,True,ok
v7_depth2_pairs,monk_3,122.0,11.0,0.02,0.2429508196721311,15.0,6.0,0.0055203750380314,0.006,optimal,512.0,319.0,11.0,0.2429508196721311,0.2429508196721311,0.242951,True,ok
v7_depth2_pairs,monk_3,122.0,11.0,0.01,0.1555737704918032,8.0,9.0,0.026074040972162,0.027,optimal,1657.0,1239.0,11.0,0.1555737704918032,0.1555737704918032,0.155574,True,ok
v7_depth2_pairs,monk_3,122.0,11.0,0.005,0.0945901639344262,3.0,14.0,0.0497047919780015,0.051,optimal,3078.0,2796.0,11.0,0.0945901639344262,0.0945901639344262,0.09459,True,ok
v7_depth2_pairs,monk_1,124.0,11.0,0.1,0.4661290322580645,33.0,2.0,0.0001279170392081,0.001,optimal,9.0,5.0,11.0,0.4661290322580644,0.4661290322580644,0.466129,True,ok
v7_depth2_pairs,monk_1,124.0,11.0,0.05,0.3387096774193548,11.0,5.0,0.0006482920143753,0.001,optimal,70.0,37.0,11.0,0.3387096774193548,0.3387096774193548,0.33871,True,ok
v7_depth2_pairs,monk_1,124.0,11.0,0.02,0.16,0.0,8.0,0.0010542079689912,0.002,optimal,111.0,47.0,11.0,0.16,0.16,0.16,True,ok
v7_depth2_pairs,monk_1,124.0,11.0,0.01,0.08,0.0,8.0,0.0011264999629929,0.002,optimal,124.0,52.0,11.0,0.08,0.08,0.08,True,ok
v7_depth2_pairs,monk_1,124.0,11.0,0.005,0.04,0.0,8.0,0.0011526669841259,0.002,optimal,126.0,52.0,11.0,0.04,0.04,0.04,True,ok
v7_depth2_pairs,iris,150.0,4.0,0.1,0.34,6.0,3.0,0.0012002079747617,0.002,optimal,70.0,22.0,118.0,0.3399999999999999,0.3399999999999999,0.34,True,ok
v7_depth2_pairs,iris,150.0,4.0,0.05,0.19,6.0,3.0,0.0015776250511407,0.003,optimal,121.0,27.0,118.0,0.19,0.19,0.19,True,ok
v7_depth2_pairs,iris,150.0,4.0,0.02,0.1,6.0,3.0,0.0163474589935503,0.017,optimal,657.0,323.0,118.0,0.1,0.1,0.1,True,ok
v7_depth2_pairs,iris,150.0,4.0,0.01,0.06,3.0,4.0,0.0710894580115564,0.072,optimal,2021.0,1338.0,118.0,0.06,0.06,0.06,True,ok
v7_depth2_pairs,iris,150.0,4.0,0.005,0.0383333333333333,2.0,5.0,0.4323511249967851,0.434,optimal,9150.0,8203.0,118.0,0.0383333333333333,0.0383333333333333,0.038333,True,ok
v7_depth2_pairs,monk_2,169.0,11.0,0.1,0.478698224852071,64.0,1.0,4.420900950208306e-05,0.001,optimal,1.0,1.0,11.0,0.478698224852071,0.478698224852071,0.478698,True,ok
v7_depth2_pairs,monk_2,169.0,11.0,0.05,0.428698224852071,64.0,1.0,0.0006662920350208,0.001,optimal,56.0,38.0,11.0,0.428698224852071,0.428698224852071,0.428698,True,ok
v7_depth2_pairs,monk_2,169.0,11.0,0.02,0.3589349112426035,37.0,7.0,0.0199058330035768,0.021,optimal,1407.0,1037.0,11.0,0.3589349112426035,0.3589349112426035,0.358935,True,ok
v7_depth2_pairs,monk_2,169.0,11.0,0.01,0.2650887573964497,11.0,20.0,0.0719918339746072,0.073,optimal,4404.0,4142.0,11.0,0.2650887573964497,0.2650887573964497,0.265089,True,ok
v7_depth2_pairs,monk_2,169.0,11.0,0.005,0.1527514792899408,3.0,27.0,0.1264046659925952,0.128,optimal,6971.0,7315.0,11.0,0.1527514792899408,0.1527514792899408,0.152751,True,ok
v7_depth2_pairs,tic-tac-toe,958.0,9.0,0.1,0.4465553235908142,332.0,1.0,6.479199510067701e-05,0.01,optimal,1.0,1.0,27.0,0.4465553235908142,0.4465553235908142,0.446555,True,ok
v7_depth2_pairs,tic-tac-toe,958.0,9.0,0.05,0.3965553235908142,332.0,1.0,0.0033517500269226,0.013,optimal,311.0,174.0,27.0,0.3965553235908141,0.3965553235908141,0.396555,True,ok
v7_depth2_pairs,tic-tac-toe,958.0,9.0,0.02,0.3183298538622129,190.0,6.0,0.2746122909593396,0.285,optimal,18351.0,12231.0,27.0,0.3183298538622129,0.3183298538622129,0.31833,True,ok
v7_depth2_pairs,tic-tac-toe,958.0,9.0,0.01,0.2507515657620042,154.0,9.0,2.8813465000130236,2.899,optimal,167558.0,122535.0,27.0,0.2507515657620042,0.2507515657620042,0.250752,True,ok
v7_depth2_pairs,tic-tac-toe,958.0,9.0,0.005,0.1542797494780793,52.0,20.0,7.784871458017733,7.818,optimal,456864.0,329562.0,27.0,0.1542797494780793,0.1542797494780793,0.15428,True,ok
v7_depth2_pairs,gaussian_1k,1000.0,1.0,0.1,0.397,297.0,1.0,0.0004197090165689,0.032,optimal,1.0,1.0,999.0,0.397,0.397,0.397,True,ok
v7_depth2_pairs,gaussian_1k,1000.0,1.0,0.05,0.275,125.0,3.0,0.0005239589954726,0.031,optimal,5.0,1.0,999.0,0.275,0.275,0.275,True,ok
v7_depth2_pairs,gaussian_1k,1000.0,1.0,0.02,0.185,125.0,3.0,0.0005392919993028,0.031,optimal,5.0,1.0,999.0,0.1849999999999999,0.1849999999999999,0.185,True,ok
v7_depth2_pairs,gaussian_1k,1000.0,1.0,0.01,0.155,125.0,3.0,0.000573415949475,0.031,optimal,5.0,1.0,999.0,0.155,0.155,0.155,True,ok
v7_depth2_pairs,gaussian_1k,1000.0,1.0,0.005,0.14,125.0,3.0,0.000564582995139,0.032,optimal,5.0,1.0,999.0,0.14,0.14,0.14,True,ok
v7_depth2_pairs,fico_1k,1000.0,23.0,0.1,0.491,291.0,2.0,0.3307775830035098,0.347,optimal,4230.0,2615.0,1357.0,0.491,0.491,0.491,True,ok
v7_depth2_pairs,fico_1k,1000.0,23.0,0.05,0.391,291.0,2.0,30.0,30.036,time,245327.0,200832.0,1357.0,0.125,0.391,0.391,False,ok
v7_depth2_pairs,fico_1k,1000.0,23.0,0.02,0.3309999999999999,291.0,2.0,30.0,30.03,time,137316.0,114368.0,1357.0,0.065,0.3309999999999999,0.331,False,ok
v7_depth2_pairs,fico_1k,1000.0,23.0,0.01,0.311,291.0,2.0,30.0,30.031,time,125130.0,111104.0,1357.0,0.045,0.311,0.304,False,worse_than_known
v7_depth2_pairs,fico_1k,1000.0,23.0,0.005,0.301,291.0,2.0,30.0,30.026,time,147098.0,139648.0,1357.0,0.035,0.301,0.284,False,worse_than_known
v7_depth2_pairs,sine_1k,1000.0,1.0,0.1,0.595,495.0,1.0,0.0003765829605981,0.031,optimal,1.0,1.0,999.0,0.595,0.595,0.595,True,ok
v7_depth2_pairs,sine_1k,1000.0,1.0,0.05,0.545,495.0,1.0,0.0004579999949783,0.031,optimal,1.0,1.0,999.0,0.545,0.545,0.545,False,ok
v7_depth2_pairs,sine_1k,1000.0,1.0,0.02,0.494,454.0,2.0,0.0005509580369107,0.031,optimal,3.0,1.0,999.0,0.494,0.494,0.494,False,ok
v7_depth2_pairs,sine_1k,1000.0,1.0,0.01,0.429,169.0,26.0,0.0007345409831032,0.032,optimal,52.0,1.0,999.0,0.4290000000000001,0.4290000000000001,0.443,False,better_than_known
v7_depth2_pairs,sine_1k,1000.0,1.0,0.005,0.269,109.0,32.0,0.0007992089958861,0.031,optimal,67.0,1.0,999.0,0.2690000000000001,0.2690000000000001,0.4,False,better_than_known
v7_depth2_pairs,car_evaluation,1728.0,15.0,0.1,0.3997685185185186,518.0,1.0,4.625000292435288e-05,0.002,optimal,1.0,1.0,15.0,0.3997685185185184,0.3997685185185184,0.399769,True,ok
v7_depth2_pairs,car_evaluation,1728.0,15.0,0.05,0.2946759259259259,250.0,3.0,0.0004085829714313,0.003,optimal,38.0,19.0,15.0,0.2946759259259259,0.2946759259259259,0.294676,True,ok
v7_depth2_pairs,car_evaluation,1728.0,15.0,0.02,0.2046759259259259,250.0,3.0,0.0075985829462297,0.01,optimal,711.0,427.0,15.0,0.2046759259259259,0.2046759259259259,0.204676,True,ok
v7_depth2_pairs,car_evaluation,1728.0,15.0,0.01,0.1452314814814815,130.0,7.0,0.041562958038412,0.044,optimal,3138.0,1963.0,15.0,0.1452314814814815,0.1452314814814815,0.145231,True,ok
v7_depth2_pairs,car_evaluation,1728.0,15.0,0.005,0.1063425925925926,106.0,9.0,0.1867355409776792,0.19,optimal,11331.0,8509.0,15.0,0.1063425925925926,0.1063425925925926,0.106343,True,ok
v7_depth2_pairs,coupon_bar,1913.0,14.0,0.1,0.5119184526921067,788.0,1.0,3.5582983400672674e-05,0.003,optimal,1.0,1.0,14.0,0.5119184526921067,0.5119184526921067,0.511918,True,ok
v7_depth2_pairs,coupon_bar,1913.0,14.0,0.05,0.4538944066910612,677.0,2.0,0.0002802910166792,0.003,optimal,27.0,14.0,14.0,0.4538944066910611,0.4538944066910611,0.453894,True,ok
v7_depth2_pairs,coupon_bar,1913.0,14.0,0.02,0.3715525352848928,596.0,3.0,0.0019329170463606,0.004,optimal,185.0,106.0,14.0,0.3715525352848928,0.3715525352848928,0.371553,True,ok
v7_depth2_pairs,coupon_bar,1913.0,14.0,0.01,0.3410977522216414,576.0,4.0,0.0125107910134829,0.015,optimal,1034.0,700.0,14.0,0.3410977522216414,0.3410977522216414,0.341098,True,ok
v7_depth2_pairs,coupon_bar,1913.0,14.0,0.005,0.3186199686356508,533.0,8.0,0.1351985840010456,0.138,optimal,5968.0,6117.0,14.0,0.3186199686356508,0.3186199686356508,0.31862,True,ok
v7_depth2_pairs,compas_binned,6907.0,12.0,0.1,0.5610829593166353,2494.0,2.0,6.470899097621441e-05,0.007,optimal,3.0,1.0,12.0,0.5610829593166353,0.5610829593166353,0.561083,True,ok
v7_depth2_pairs,compas_binned,6907.0,12.0,0.05,0.4610829593166353,2494.0,2.0,4.7291978262364864e-05,0.006,optimal,3.0,1.0,12.0,0.4610829593166352,0.4610829593166352,0.461083,True,ok
v7_depth2_pairs,compas_binned,6907.0,12.0,0.02,0.4010829593166353,2494.0,2.0,0.0002852500183507,0.006,optimal,21.0,11.0,12.0,0.4010829593166353,0.4010829593166353,0.401083,True,ok
v7_depth2_pairs,compas_binned,6907.0,12.0,0.01,0.3748675256985666,2382.0,3.0,0.0012672080192714,0.007,optimal,106.0,57.0,12.0,0.3748675256985667,0.3748675256985667,0.374868,True,ok
v7_depth2_pairs,compas_binned,6907.0,12.0,0.005,0.355968582597365,2286.0,5.0,0.0038045000401325,0.01,optimal,288.0,175.0,12.0,0.3559685825973649,0.3559685825973649,0.355969,True,ok
v7_depth2_pairs,fico_binary,10459.0,17.0,0.1,0.5040443637058992,3180.0,2.0,6.049999501556158e-05,0.012,optimal,3.0,1.0,17.0,0.5040443637058992,0.5040443637058992,0.504044,True,ok
v7_depth2_pairs,fico_binary,10459.0,17.0,0.05,0.4040443637058992,3180.0,2.0,0.0003332910127937,0.012,optimal,23.0,12.0,17.0,0.4040443637058992,0.4040443637058992,0.404044,True,ok
v7_depth2_pairs,fico_binary,10459.0,17.0,0.02,0.3440443637058992,3180.0,2.0,0.003971750033088,0.016,optimal,294.0,163.0,17.0,0.3440443637058992,0.3440443637058992,0.344044,True,ok
v7_depth2_pairs,fico_binary,10459.0,17.0,0.01,0.3240443637058992,3180.0,2.0,0.1903324159793555,0.204,optimal,9211.0,6569.0,17.0,0.3240443637058992,0.3240443637058992,0.324044,True,ok
v7_depth2_pairs,fico_binary,10459.0,17.0,0.005,0.308650922650349,3019.0,4.0,2.137146416003816,2.161,optimal,64082.0,67692.0,17.0,0.308650922650349,0.308650922650349,0.308651,True,ok
v7_depth2_pairs,compas_processed,12381.0,22.0,0.1,0.411364187060819,3855.0,1.0,0.0010712090297602,0.226,optimal,23.0,12.0,621.0,0.411364187060819,0.411364187060819,0.411364,True,ok
v7_depth2_pairs,compas_processed,12381.0,22.0,0.05,0.3613641870608189,3855.0,1.0,0.9801035419804977,1.207,optimal,18516.0,11312.0,621.0,0.3613641870608189,0.3613641870608189,0.361364,True,ok
v7_depth2_pairs,compas_processed,12381.0,22.0,0.02,0.3278604313060334,3564.0,2.0,30.0,30.321,time,444492.0,266880.0,621.0,0.1085728131814877,0.3278604313060334,0.32786,False,ok
v7_depth2_pairs,compas_processed,12381.0,22.0,0.01,0.3078604313060334,3564.0,2.0,30.0,30.294,time,337720.0,206720.0,621.0,0.0885728131814877,0.3078604313060334,0.30786,False,ok
v7_depth2_pairs,compas_processed,12381.0,22.0,0.005,0.2978604313060334,3564.0,2.0,30.0,30.289,time,422465.0,254400.0,621.0,0.0785728131814877,0.2978604313060334,0.29786,False,ok
v8_sound_lb_lean_nodes,chudi,77.0,2.0,0.1,0.464935064935065,5.0,4.0,0.0013470419798977,0.784,optimal,67.0,39.0,46.0,0.464935064935065,0.464935064935065,0.464935,True,ok
v8_sound_lb_lean_nodes,chudi,77.0,2.0,0.05,0.25,0.0,5.0,0.00259804102825,0.003,optimal,124.0,83.0,46.0,0.25,0.25,0.25,True,ok
v8_sound_lb_lean_nodes,chudi,77.0,2.0,0.02,0.1,0.0,5.0,0.002619249979034,0.003,optimal,132.0,88.0,46.0,0.1,0.1,0.1,True,ok
v8_sound_lb_lean_nodes,chudi,77.0,2.0,0.01,0.05,0.0,5.0,0.0028547089896164,0.003,optimal,137.0,92.0,46.0,0.05,0.05,0.05,True,ok
v8_sound_lb_lean_nodes,chudi,77.0,2.0,0.005,0.025,0.0,5.0,0.0027746669948101,0.003,optimal,137.0,92.0,46.0,0.025,0.025,0.025,True,ok
v8_sound_lb_lean_nodes,monk_3,122.0,11.0,0.1,0.5213114754098361,27.0,3.0,0.0001434999867342,0.001,optimal,12.0,7.0,11.0,0.521311475409836,0.521311475409836,0.521311,True,ok
v8_sound_lb_lean_nodes,monk_3,122.0,11.0,0.05,0.3713114754098361,27.0,3.0,0.0003852500231005,0.001,optimal,44.0,23.0,11.0,0.3713114754098361,0.3713114754098361,0.371311,True,ok
v8_sound_lb_lean_nodes,monk_3,122.0,11.0,0.02,0.2429508196721311,15.0,6.0,0.004094082978554,0.005,optimal,512.0,319.0,11.0,0.2429508196721311,0.2429508196721311,0.242951,True,ok
v8_sound_lb_lean_nodes,monk_3,122.0,11.0,0.01,0.1555737704918032,8.0,9.0,0.0201318750041537,0.021,optimal,1657.0,1239.0,11.0,0.1555737704918032,0.1555737704918032,0.155574,True,ok
v8_sound_lb_lean_nodes,monk_3,122.0,11.0,0.005,0.0945901639344262,3.0,14.0,0.0397050000028684,0.041,optimal,3078.0,2796.0,11.0,0.0945901639344262,0.0945901639344262,0.09459,True,ok
v8_sound_lb_lean_nodes,monk_1,124.0,11.0,0.1,0.4661290322580645,33.0,2.0,9.57080046646297e-05,0.001,optimal,9.0,5.0,11.0,0.4661290322580644,0.4661290322580644,0.466129,True,ok
v8_sound_lb_lean_nodes,monk_1,124.0,11.0,0.05,0.3387096774193548,11.0,5.0,0.0004678340046666,0.001,optimal,70.0,37.0,11.0,0.3387096774193548,0.3387096774193548,0.33871,True,ok
v8_sound_lb_lean_nodes,monk_1,124.0,11.0,0.02,0.16,0.0,8.0,0.0007956660119816,0.001,optimal,111.0,47.0,11.0,0.16,0.16,0.16,True,ok
v8_sound_lb_lean_nodes,monk_1,124.0,11.0,0.01,0.08,0.0,8.0,0.0008582500158809,0.002,optimal,124.0,52.0,11.0,0.08,0.08,0.08,True,ok
v8_sound_lb_lean_nodes,monk_1,124.0,11.0,0.005,0.04,0.0,8.0,0.0008896670187823,0.002,optimal,126.0,52.0,11.0,0.04,0.04,0.04,True,ok
v8_sound_lb_lean_nodes,iris,150.0,4.0,0.1,0.34,6.0,3.0,0.0007424159557558,0.002,optimal,45.0,22.0,118.0,0.3399999999999999,0.3399999999999999,0.34,True,ok
v8_sound_lb_lean_nodes,iris,150.0,4.0,0.05,0.19,6.0,3.0,0.0008818329661153,0.002,optimal,55.0,27.0,118.0,0.19,0.19,0.19,True,ok
v8_sound_lb_lean_nodes,iris,150.0,4.0,0.02,0.1,6.0,3.0,0.010408041998744,0.011,optimal,454.0,323.0,118.0,0.1,0.1,0.1,True,ok
v8_sound_lb_lean_nodes,iris,150.0,4.0,0.01,0.06,3.0,4.0,0.0496844589943066,0.051,optimal,1632.0,1338.0,118.0,0.06,0.06,0.06,True,ok
v8_sound_lb_lean_nodes,iris,150.0,4.0,0.005,0.0383333333333333,2.0,5.0,0.3298428750131279,0.331,optimal,8226.0,8203.0,118.0,0.0383333333333333,0.0383333333333333,0.038333,True,ok
v8_sound_lb_lean_nodes,monk_2,169.0,11.0,0.1,0.478698224852071,64.0,1.0,4.016701132059097e-05,0.001,optimal,1.0,1.0,11.0,0.478698224852071,0.478698224852071,0.478698,True,ok
v8_sound_lb_lean_nodes,monk_2,169.0,11.0,0.05,0.428698224852071,64.0,1.0,0.000523249967955,0.001,optimal,56.0,38.0,11.0,0.428698224852071,0.428698224852071,0.428698,True,ok
v8_sound_lb_lean_nodes,monk_2,169.0,11.0,0.02,0.3589349112426035,37.0,7.0,0.0169454590068198,0.018,optimal,1407.0,1037.0,11.0,0.3589349112426035,0.3589349112426035,0.358935,True,ok
v8_sound_lb_lean_nodes,monk_2,169.0,11.0,0.01,0.2650887573964497,11.0,20.0,0.0626660829875618,0.064,optimal,4404.0,4142.0,11.0,0.2650887573964497,0.2650887573964497,0.265089,True,ok
v8_sound_lb_lean_nodes,monk_2,169.0,11.0,0.005,0.1527514792899408,3.0,27.0,0.1103005000040866,0.112,optimal,6971.0,7315.0,11.0,0.1527514792899408,0.1527514792899408,0.152751,True,ok
v8_sound_lb_lean_nodes,tic-tac-toe,958.0,9.0,0.1,0.4465553235908142,332.0,1.0,5.608401261270046e-05,0.01,optimal,1.0,1.0,27.0,0.4465553235908142,0.4465553235908142,0.446555,True,ok
v8_sound_lb_lean_nodes,tic-tac-toe,958.0,9.0,0.05,0.3965553235908142,332.0,1.0,0.0025029579992406,0.012,optimal,311.0,174.0,27.0,0.3965553235908141,0.3965553235908141,0.396555,True,ok
v8_sound_lb_lean_nodes,tic-tac-toe,958.0,9.0,0.02,0.3183298538622129,190.0,6.0,0.2222578750224784,0.233,optimal,18351.0,12233.0,27.0,0.3183298538622129,0.3183298538622129,0.31833,True,ok
v8_sound_lb_lean_nodes,tic-tac-toe,958.0,9.0,0.01,0.2507515657620042,154.0,9.0,2.4848490830045193,2.502,optimal,167561.0,122554.0,27.0,0.2507515657620042,0.2507515657620042,0.250752,True,ok
v8_sound_lb_lean_nodes,tic-tac-toe,958.0,9.0,0.005,0.1542797494780793,52.0,20.0,6.651651167019736,6.687,optimal,456896.0,329625.0,27.0,0.1542797494780793,0.1542797494780793,0.15428,True,ok
v8_sound_lb_lean_nodes,gaussian_1k,1000.0,1.0,0.1,0.397,297.0,1.0,0.0003962080227211,0.031,optimal,1.0,1.0,999.0,0.397,0.397,0.397,True,ok
v8_sound_lb_lean_nodes,gaussian_1k,1000.0,1.0,0.05,0.275,125.0,3.0,0.0004920830251649,0.03,optimal,5.0,1.0,999.0,0.275,0.275,0.275,True,ok
v8_sound_lb_lean_nodes,gaussian_1k,1000.0,1.0,0.02,0.185,125.0,3.0,0.000513959035743,0.03,optimal,5.0,1.0,999.0,0.1849999999999999,0.1849999999999999,0.185,True,ok
v8_sound_lb_lean_nodes,gaussian_1k,1000.0,1.0,0.01,0.155,125.0,3.0,0.0005646669887937,0.03,optimal,5.0,1.0,999.0,0.155,0.155,0.155,True,ok
v8_sound_lb_lean_nodes,gaussian_1k,1000.0,1.0,0.005,0.14,125.0,3.0,0.0005981249851174,0.031,optimal,5.0,1.0,999.0,0.14,0.14,0.14,True,ok
v8_sound_lb_lean_nodes,fico_1k,1000.0,23.0,0.1,0.491,291.0,2.0,0.1610479169758036,0.178,optimal,4230.0,2615.0,1357.0,0.491,0.491,0.491,True,ok
v8_sound_lb_lean_nodes,fico_1k,1000.0,23.0,0.05,0.391,291.0,2.0,30.0,30.044,time,482261.0,390912.0,1357.0,0.125,0.391,0.391,False,ok
v8_sound_lb_lean_nodes,fico_1k,1000.0,23.0,0.02,0.3309999999999999,291.0,2.0,30.0,30.031,time,206991.0,175296.0,1357.0,0.065,0.3309999999999999,0.331,False,ok
v8_sound_lb_lean_nodes,fico_1k,1000.0,23.0,0.01,0.311,291.0,2.0,30.0,30.033,time,182876.0,159808.0,1357.0,0.045,0.311,0.304,False,worse_than_known
v8_sound_lb_lean_nodes,fico_1k,1000.0,23.0,0.005,0.301,291.0,2.0,30.0,30.072,time,199583.0,191552.0,1357.0,0.035,0.301,0.284,False,worse_than_known
v8_sound_lb_lean_nodes,sine_1k,1000.0,1.0,0.1,0.595,495.0,1.0,0.000425708014518,0.033,optimal,1.0,1.0,999.0,0.595,0.595,0.595,True,ok
v8_sound_lb_lean_nodes,sine_1k,1000.0,1.0,0.05,0.545,495.0,1.0,0.0005108749610371,0.047,optimal,1.0,1.0,999.0,0.545,0.545,0.545,False,ok
v8_sound_lb_lean_nodes,sine_1k,1000.0,1.0,0.02,0.494,454.0,2.0,0.0006032089586369,0.033,optimal,3.0,1.0,999.0,0.494,0.494,0.494,False,ok
v8_sound_lb_lean_nodes,sine_1k,1000.0,1.0,0.01,0.429,169.0,26.0,0.0007140419911593,0.033,optimal,52.0,1.0,999.0,0.4290000000000001,0.4290000000000001,0.443,False,better_than_known
v8_sound_lb_lean_nodes,sine_1k,1000.0,1.0,0.005,0.269,109.0,32.0,0.0007594170165248,0.032,optimal,67.0,1.0,999.0,0.2690000000000001,0.2690000000000001,0.4,False,better_than_known
v8_sound_lb_lean_nodes,car_evaluation,1728.0,15.0,0.1,0.3997685185185186,518.0,1.0,4.3249980080872774e-05,0.002,optimal,1.0,1.0,15.0,0.3997685185185184,0.3997685185185184,0.399769,True,ok
v8_sound_lb_lean_nodes,car_evaluation,1728.0,15.0,0.05,0.2946759259259259,250.0,3.0,0.000318459002301,0.003,optimal,38.0,19.0,15.0,0.2946759259259259,0.2946759259259259,0.294676,True,ok
v8_sound_lb_lean_nodes,car_evaluation,1728.0,15.0,0.02,0.2046759259259259,250.0,3.0,0.0061202080105431,0.008,optimal,711.0,427.0,15.0,0.2046759259259259,0.2046759259259259,0.204676,True,ok
v8_sound_lb_lean_nodes,car_evaluation,1728.0,15.0,0.01,0.1452314814814815,130.0,7.0,0.0345967920147813,0.037,optimal,3138.0,1963.0,15.0,0.1452314814814815,0.1452314814814815,0.145231,True,ok
v8_sound_lb_lean_nodes,car_evaluation,1728.0,15.0,0.005,0.1063425925925926,106.0,9.0,0.1614432500209659,0.165,optimal,11331.0,8509.0,15.0,0.1063425925925926,0.1063425925925926,0.106343,True,ok
v8_sound_lb_lean_nodes,coupon_bar,1913.0,14.0,0.1,0.5119184526921067,788.0,1.0,2.954201772809029e-05,0.003,optimal,1.0,1.0,14.0,0.5119184526921067,0.5119184526921067,0.511918,True,ok
v8_sound_lb_lean_nodes,coupon_bar,1913.0,14.0,0.05,0.4538944066910612,677.0,2.0,0.0002177919959649,0.003,optimal,27.0,14.0,14.0,0.4538944066910611,0.4538944066910611,0.453894,True,ok
v8_sound_lb_lean_nodes,coupon_bar,1913.0,14.0,0.02,0.3715525352848928,596.0,3.0,0.0015464580501429,0.004,optimal,185.0,106.0,14.0,0.3715525352848928,0.3715525352848928,0.371553,True,ok
v8_sound_lb_lean_nodes,coupon_bar,1913.0,14.0,0.01,0.3410977522216414,576.0,4.0,0.0098616250324994,0.012,optimal,1034.0,700.0,14.0,0.3410977522216414,0.3410977522216414,0.341098,True,ok
v8_sound_lb_lean_nodes,coupon_bar,1913.0,14.0,0.005,0.3186199686356508,533.0,8.0,0.1155544999637641,0.118,optimal,5968.0,6117.0,14.0,0.3186199686356508,0.3186199686356508,0.31862,True,ok
v8_sound_lb_lean_nodes,compas_binned,6907.0,12.0,0.1,0.5610829593166353,2494.0,2.0,5.1749986596405506e-05,0.006,optimal,3.0,1.0,12.0,0.5610829593166353,0.5610829593166353,0.561083,True,ok
v8_sound_lb_lean_nodes,compas_binned,6907.0,12.0,0.05,0.4610829593166353,2494.0,2.0,3.62499849870801e-05,0.006,optimal,3.0,1.0,12.0,0.4610829593166352,0.4610829593166352,0.461083,True,ok
v8_sound_lb_lean_nodes,compas_binned,6907.0,12.0,0.02,0.4010829593166353,2494.0,2.0,0.0002179160364903,0.006,optimal,21.0,11.0,12.0,0.4010829593166353,0.4010829593166353,0.401083,True,ok
v8_sound_lb_lean_nodes,compas_binned,6907.0,12.0,0.01,0.3748675256985666,2382.0,3.0,0.0010053750011138,0.007,optimal,106.0,57.0,12.0,0.3748675256985667,0.3748675256985667,0.374868,True,ok
v8_sound_lb_lean_nodes,compas_binned,6907.0,12.0,0.005,0.355968582597365,2286.0,5.0,0.0029780829790979,0.009,optimal,288.0,175.0,12.0,0.3559685825973649,0.3559685825973649,0.355969,True,ok
v8_sound_lb_lean_nodes,fico_binary,10459.0,17.0,0.1,0.5040443637058992,3180.0,2.0,5.825003609061241e-05,0.013,optimal,3.0,1.0,17.0,0.5040443637058992,0.5040443637058992,0.504044,True,ok
v8_sound_lb_lean_nodes,fico_binary,10459.0,17.0,0.05,0.4040443637058992,3180.0,2.0,0.0002633330295793,0.013,optimal,23.0,12.0,17.0,0.4040443637058992,0.4040443637058992,0.404044,True,ok
v8_sound_lb_lean_nodes,fico_binary,10459.0,17.0,0.02,0.3440443637058992,3180.0,2.0,0.0031797920237295,0.015,optimal,294.0,163.0,17.0,0.3440443637058992,0.3440443637058992,0.344044,True,ok
v8_sound_lb_lean_nodes,fico_binary,10459.0,17.0,0.01,0.3240443637058992,3180.0,2.0,0.1684039999963715,0.183,optimal,9211.0,6569.0,17.0,0.3240443637058992,0.3240443637058992,0.324044,True,ok
v8_sound_lb_lean_nodes,fico_binary,10459.0,17.0,0.005,0.308650922650349,3019.0,4.0,2.0194526249542832,2.046,optimal,64082.0,67692.0,17.0,0.308650922650349,0.308650922650349,0.308651,True,ok
v8_sound_lb_lean_nodes,compas_processed,12381.0,22.0,0.1,0.411364187060819,3855.0,1.0,0.0009206249960698,0.255,optimal,23.0,12.0,621.0,0.411364187060819,0.411364187060819,0.411364,True,ok
v8_sound_lb_lean_nodes,compas_processed,12381.0,22.0,0.05,0.3613641870608189,3855.0,1.0,0.7709202090045437,1.02,optimal,18516.0,11312.0,621.0,0.3613641870608189,0.3613641870608189,0.361364,True,ok
v8_sound_lb_lean_nodes,compas_processed,12381.0,22.0,0.02,0.3278604313060334,3564.0,2.0,30.0,30.361,time,530009.0,322688.0,621.0,0.1085728131814877,0.3278604313060334,0.32786,False,ok
v8_sound_lb_lean_nodes,compas_processed,12381.0,22.0,0.01,0.3078604313060334,3564.0,2.0,30.0,30.322,time,414658.0,251136.0,621.0,0.0885728131814877,0.3078604313060334,0.30786,False,ok
v8_sound_lb_lean_nodes,compas_processed,12381.0,22.0,0.005,0.2978604313060334,3564.0,2.0,30.0,30.321,time,515536.0,311168.0,621.0,0.0785728131814877,0.2978604313060334,0.29786,False,ok
v9_budget_deepening,chudi,77.0,2.0,0.1,0.464935064935065,5.0,4.0,0.0013779579894617,0.851,optimal,67.0,39.0,46.0,0.464935064935065,0.464935064935065,0.464935,True,ok
v9_budget_deepening,chudi,77.0,2.0,0.05,0.25,0.0,5.0,0.0026227500056847,0.003,optimal,124.0,83.0,46.0,0.25,0.25,0.25,True,ok
v9_budget_deepening,chudi,77.0,2.0,0.02,0.1,0.0,5.0,0.0027157919830642,0.003,optimal,132.0,88.0,46.0,0.1,0.1,0.1,True,ok
v9_budget_deepening,chudi,77.0,2.0,0.01,0.05,0.0,5.0,0.0029290419770404,0.003,optimal,137.0,92.0,46.0,0.05,0.05,0.05,True,ok
v9_budget_deepening,chudi,77.0,2.0,0.005,0.025,0.0,5.0,0.0027774579939432,0.003,optimal,137.0,92.0,46.0,0.025,0.025,0.025,True,ok
v9_budget_deepening,monk_3,122.0,11.0,0.1,0.5213114754098361,27.0,3.0,0.0001325830235145,0.001,optimal,12.0,7.0,11.0,0.521311475409836,0.521311475409836,0.521311,True,ok
v9_budget_deepening,monk_3,122.0,11.0,0.05,0.3713114754098361,27.0,3.0,0.0003935410059057,0.001,optimal,44.0,23.0,11.0,0.3713114754098361,0.3713114754098361,0.371311,True,ok
v9_budget_deepening,monk_3,122.0,11.0,0.02,0.2429508196721311,15.0,6.0,0.0029980419785715,0.004,optimal,334.0,221.0,11.0,0.2429508196721311,0.2429508196721311,0.242951,True,ok
v9_budget_deepening,monk_3,122.0,11.0,0.01,0.1555737704918032,8.0,9.0,0.0091323749511502,0.01,optimal,1022.0,711.0,11.0,0.1555737704918032,0.1555737704918032,0.155574,True,ok
v9_budget_deepening,monk_3,122.0,11.0,0.005,0.0945901639344262,3.0,14.0,0.0313083329820074,0.032,optimal,2413.0,2019.0,11.0,0.0945901639344262,0.0945901639344262,0.09459,True,ok
v9_budget_deepening,monk_1,124.0,11.0,0.1,0.4661290322580645,33.0,2.0,0.0001043750089593,0.001,optimal,9.0,5.0,11.0,0.4661290322580644,0.4661290322580644,0.466129,True,ok
v9_budget_deepening,monk_1,124.0,11.0,0.05,0.3387096774193548,11.0,5.0,0.0005619170260615,0.001,optimal,70.0,43.0,11.0,0.3387096774193548,0.3387096774193548,0.33871,True,ok
v9_budget_deepening,monk_1,124.0,11.0,0.02,0.16,0.0,8.0,0.0009143750066868,0.002,optimal,111.0,54.0,11.0,0.16,0.16,0.16,True,ok
v9_budget_deepening,monk_1,124.0,11.0,0.01,0.08,0.0,8.0,0.0009946670033968,0.002,optimal,124.0,59.0,11.0,0.08,0.08,0.08,True,ok
v9_budget_deepening,monk_1,124.0,11.0,0.005,0.04,0.0,8.0,0.0009666670230217,0.002,optimal,126.0,59.0,11.0,0.04,0.04,0.04,True,ok
v9_budget_deepening,iris,150.0,4.0,0.1,0.34,6.0,3.0,0.0007748749922029,0.002,optimal,45.0,22.0,118.0,0.3399999999999999,0.3399999999999999,0.34,True,ok
v9_budget_deepening,iris,150.0,4.0,0.05,0.19,6.0,3.0,0.0008949589682742,0.002,optimal,55.0,27.0,118.0,0.19,0.19,0.19,True,ok
v9_budget_deepening,iris,150.0,4.0,0.02,0.1,6.0,3.0,0.0107825410086661,0.012,optimal,454.0,323.0,118.0,0.1,0.1,0.1,True,ok
v9_budget_deepening,iris,150.0,4.0,0.01,0.06,3.0,4.0,0.0431650830432772,0.044,optimal,1308.0,1067.0,118.0,0.06,0.06,0.06,True,ok
v9_budget_deepening,iris,150.0,4.0,0.005,0.0383333333333333,2.0,5.0,0.3537021660013124,0.355,optimal,8185.0,8691.0,118.0,0.0383333333333333,0.0383333333333333,0.038333,True,ok
v9_budget_deepening,monk_2,169.0,11.0,0.1,0.478698224852071,64.0,1.0,7.12500186637044e-05,0.002,optimal,1.0,1.0,11.0,0.478698224852071,0.478698224852071,0.478698,True,ok
v9_budget_deepening,monk_2,169.0,11.0,0.05,0.428698224852071,64.0,1.0,0.0005849589942954,0.001,optimal,56.0,40.0,11.0,0.428698224852071,0.428698224852071,0.428698,True,ok
v9_budget_deepening,monk_2,169.0,11.0,0.02,0.3589349112426035,37.0,7.0,0.0211693749879486,0.022,optimal,1364.0,1097.0,11.0,0.3589349112426035,0.3589349112426035,0.358935,True,ok
v9_budget_deepening,monk_2,169.0,11.0,0.01,0.2650887573964497,11.0,20.0,0.0745601669768802,0.076,optimal,3988.0,4207.0,11.0,0.2650887573964497,0.2650887573964497,0.265089,True,ok
v9_budget_deepening,monk_2,169.0,11.0,0.005,0.1527514792899408,3.0,27.0,0.1045607089763507,0.106,optimal,5867.0,6763.0,11.0,0.1527514792899408,0.1527514792899408,0.152751,True,ok
v9_budget_deepening,tic-tac-toe,958.0,9.0,0.1,0.4465553235908142,332.0,1.0,4.837499000132084e-05,0.01,optimal,1.0,1.0,27.0,0.4465553235908142,0.4465553235908142,0.446555,True,ok
v9_budget_deepening,tic-tac-toe,958.0,9.0,0.05,0.3965553235908142,332.0,1.0,0.0027272909646853,0.013,optimal,311.0,184.0,27.0,0.3965553235908141,0.3965553235908141,0.396555,True,ok
v9_budget_deepening,tic-tac-toe,958.0,9.0,0.02,0.3183298538622129,190.0,6.0,0.237775458022952,0.248,optimal,17778.0,12162.0,27.0,0.3183298538622129,0.3183298538622129,0.31833,True,ok
v9_budget_deepening,tic-tac-toe,958.0,9.0,0.01,0.2507515657620042,154.0,9.0,2.844632624997758,2.865,optimal,164884.0,128085.0,27.0,0.2507515657620042,0.2507515657620042,0.250752,True,ok
v9_budget_deepening,tic-tac-toe,958.0,9.0,0.005,0.1542797494780793,52.0,20.0,5.19755104201613,5.228,optimal,310879.0,233405.0,27.0,0.1542797494780793,0.1542797494780793,0.15428,True,ok
v9_budget_deepening,gaussian_1k,1000.0,1.0,0.1,0.397,297.0,1.0,0.0004482080112211,0.036,optimal,1.0,1.0,999.0,0.397,0.397,0.397,True,ok
v9_budget_deepening,gaussian_1k,1000.0,1.0,0.05,0.275,125.0,3.0,0.0005338750197552,0.035,optimal,5.0,1.0,999.0,0.275,0.275,0.275,True,ok
v9_budget_deepening,gaussian_1k,1000.0,1.0,0.02,0.185,125.0,3.0,0.0005909170140512,0.034,optimal,5.0,1.0,999.0,0.1849999999999999,0.1849999999999999,0.185,True,ok
v9_budget_deepening,gaussian_1k,1000.0,1.0,0.01,0.155,125.0,3.0,0.0006167080136947,0.034,optimal,5.0,1.0,999.0,0.155,0.155,0.155,True,ok
v9_budget_deepening,gaussian_1k,1000.0,1.0,0.005,0.14,125.0,3.0,0.0006042920285835,0.033,optimal,5.0,1.0,999.0,0.14,0.14,0.14,True,ok
v9_budget_deepening,fico_1k,1000.0,23.0,0.1,0.491,291.0,2.0,0.1921533329878002,0.21,optimal,4230.0,2615.0,1357.0,0.491,0.491,0.491,True,ok
v9_budget_deepening,fico_1k,1000.0,23.0,0.05,0.391,291.0,2.0,30.0,30.068,time,442693.0,366336.0,1357.0,0.125,0.391,0.391,False,ok
v9_budget_deepening,fico_1k,1000.0,23.0,0.02,0.3309999999999999,291.0,2.0,30.0,30.124,time,178525.0,159680.0,1357.0,0.065,0.3309999999999999,0.331,False,ok
v9_budget_deepening,fico_1k,1000.0,23.0,0.01,0.311,291.0,2.0,30.0,30.053,time,193921.0,189504.0,1357.0,0.045,0.311,0.304,False,worse_than_known
v9_budget_deepening,fico_1k,1000.0,23.0,0.005,0.301,291.0,2.0,30.0,30.066,time,170116.0,162688.0,1357.0,0.035,0.301,0.284,False,worse_than_known
v9_budget_deepening,sine_1k,1000.0,1.0,0.1,0.595,495.0,1.0,0.0004194999928586,0.035,optimal,1.0,1.0,999.0,0.595,0.595,0.595,True,ok
v9_budget_deepening,sine_1k,1000.0,1.0,0.05,0.545,495.0,1.0,0.0004764579934999,0.033,optimal,1.0,1.0,999.0,0.545,0.545,0.545,False,ok
v9_budget_deepening,sine_1k,1000.0,1.0,0.02,0.494,454.0,2.0,0.0006070830277167,0.035,optimal,3.0,1.0,999.0,0.494,0.494,0.494,False,ok
v9_budget_deepening,sine_1k,1000.0,1.0,0.01,0.429,169.0,26.0,0.0007295419927686,0.034,optimal,52.0,1.0,999.0,0.4290000000000001,0.4290000000000001,0.443,False,better_than_known
v9_budget_deepening,sine_1k,1000.0,1.0,0.005,0.269,109.0,32.0,0.0007560420199297,0.033,optimal,67.0,1.0,999.0,0.2690000000000001,0.2690000000000001,0.4,False,better_than_known
v9_budget_deepening,car_evaluation,1728.0,15.0,0.1,0.3997685185185186,518.0,1.0,4.420900950208306e-05,0.003,optimal,1.0,1.0,15.0,0.3997685185185184,0.3997685185185184,0.399769,True,ok
v9_budget_deepening,car_evaluation,1728.0,15.0,0.05,0.2946759259259259,250.0,3.0,0.0003338750102557,0.003,optimal,38.0,19.0,15.0,0.2946759259259259,0.2946759259259259,0.294676,True,ok
v9_budget_deepening,car_evaluation,1728.0,15.0,0.02,0.2046759259259259,250.0,3.0,0.0070624169893562,0.009,optimal,723.0,471.0,15.0,0.2046759259259259,0.2046759259259259,0.204676,True,ok
v9_budget_deepening,car_evaluation,1728.0,15.0,0.01,0.1452314814814815,130.0,7.0,0.0469945829827338,0.05,optimal,2820.0,2320.0,15.0,0.1452314814814815,0.1452314814814815,0.145231,True,ok
v9_budget_deepening,car_evaluation,1728.0,15.0,0.005,0.1063425925925926,106.0,9.0,0.2052087920019403,0.208,optimal,10221.0,10417.0,15.0,0.1063425925925926,0.1063425925925926,0.106343,True,ok
v9_budget_deepening,coupon_bar,1913.0,14.0,0.1,0.5119184526921067,788.0,1.0,3.662501694634557e-05,0.003,optimal,1.0,1.0,14.0,0.5119184526921067,0.5119184526921067,0.511918,True,ok
v9_budget_deepening,coupon_bar,1913.0,14.0,0.05,0.4538944066910612,677.0,2.0,0.000225167023018,0.003,optimal,27.0,14.0,14.0,0.4538944066910611,0.4538944066910611,0.453894,True,ok
v9_budget_deepening,coupon_bar,1913.0,14.0,0.02,0.3715525352848928,596.0,3.0,0.0017324580112472,0.004,optimal,185.0,120.0,14.0,0.3715525352848928,0.3715525352848928,0.371553,True,ok
v9_budget_deepening,coupon_bar,1913.0,14.0,0.01,0.3410977522216414,576.0,4.0,0.010425042011775,0.013,optimal,920.0,772.0,14.0,0.3410977522216414,0.3410977522216414,0.341098,True,ok
v9_budget_deepening,coupon_bar,1913.0,14.0,0.005,0.3186199686356508,533.0,8.0,0.0689592090202495,0.072,optimal,3334.0,3958.0,14.0,0.3186199686356508,0.3186199686356508,0.31862,True,ok
v9_budget_deepening,compas_binned,6907.0,12.0,0.1,0.5610829593166353,2494.0,2.0,4.170800093561411e-05,0.007,optimal,3.0,1.0,12.0,0.5610829593166353,0.5610829593166353,0.561083,True,ok
v9_budget_deepening,compas_binned,6907.0,12.0,0.05,0.4610829593166353,2494.0,2.0,5.1875016652047634e-05,0.007,optimal,3.0,1.0,12.0,0.4610829593166352,0.4610829593166352,0.461083,True,ok
v9_budget_deepening,compas_binned,6907.0,12.0,0.02,0.4010829593166353,2494.0,2.0,0.0002407080028206,0.008,optimal,21.0,11.0,12.0,0.4010829593166353,0.4010829593166353,0.401083,True,ok
v9_budget_deepening,compas_binned,6907.0,12.0,0.01,0.3748675256985666,2382.0,3.0,0.001144333044067,0.008,optimal,104.0,61.0,12.0,0.3748675256985667,0.3748675256985667,0.374868,True,ok
v9_budget_deepening,compas_binned,6907.0,12.0,0.005,0.355968582597365,2286.0,5.0,0.0035755000426433,0.01,optimal,267.0,198.0,12.0,0.3559685825973649,0.3559685825973649,0.355969,True,ok
v9_budget_deepening,fico_binary,10459.0,17.0,0.1,0.5040443637058992,3180.0,2.0,4.8083020374178886e-05,0.013,optimal,3.0,1.0,17.0,0.5040443637058992,0.5040443637058992,0.504044,True,ok
v9_budget_deepening,fico_binary,10459.0,17.0,0.05,0.4040443637058992,3180.0,2.0,0.0003032080130651,0.014,optimal,23.0,12.0,17.0,0.4040443637058992,0.4040443637058992,0.404044,True,ok
v9_budget_deepening,fico_binary,10459.0,17.0,0.02,0.3440443637058992,3180.0,2.0,0.0034883340122178,0.017,optimal,277.0,164.0,17.0,0.3440443637058992,0.3440443637058992,0.344044,True,ok
v9_budget_deepening,fico_binary,10459.0,17.0,0.01,0.3240443637058992,3180.0,2.0,0.1219231669674627,0.135,optimal,5681.0,4270.0,17.0,0.3240443637058992,0.3240443637058992,0.324044,True,ok
v9_budget_deepening,fico_binary,10459.0,17.0,0.005,0.308650922650349,3019.0,4.0,1.88003987504635,1.906,optimal,51254.0,57936.0,17.0,0.308650922650349,0.308650922650349,0.308651,True,ok
v9_budget_deepening,compas_processed,12381.0,22.0,0.1,0.411364187060819,3855.0,1.0,0.0009319999953731,0.231,optimal,23.0,12.0,621.0,0.411364187060819,0.411364187060819,0.411364,True,ok
v9_budget_deepening,compas_processed,12381.0,22.0,0.05,0.3613641870608189,3855.0,1.0,0.865915208007209,1.135,optimal,18755.0,11979.0,621.0,0.3613641870608189,0.3613641870608189,0.361364,True,ok
v9_budget_deepening,compas_processed,12381.0,22.0,0.02,0.3278604313060334,3564.0,2.0,30.0,30.354,time,447269.0,333888.0,621.0,0.1085728131814877,0.3278604313060334,0.32786,False,ok
v9_budget_deepening,compas_processed,12381.0,22.0,0.01,0.3078604313060334,3564.0,2.0,30.0,30.334,time,305689.0,245760.0,621.0,0.0885728131814877,0.3078604313060334,0.30786,False,ok
v9_budget_deepening,compas_processed,12381.0,22.0,0.005,0.2978604313060334,3564.0,2.0,30.0,30.298,time,242564.0,191680.0,621.0,0.0785728131814877,0.2978604313060334,0.29786,False,ok
v10_depth2_everywhere_cheap,chudi,77.0,2.0,0.1,0.464935064935065,5.0,4.0,0.000571290962398,0.826,optimal,27.0,9.0,46.0,0.464935064935065,0.464935064935065,0.464935,True,ok
v10_depth2_everywhere_cheap,chudi,77.0,2.0,0.05,0.25,0.0,5.0,0.0015885829925537,0.002,optimal,78.0,24.0,46.0,0.25,0.25,0.25,True,ok
v10_depth2_everywhere_cheap,chudi,77.0,2.0,0.02,0.1,0.0,5.0,0.0012430000351741,0.002,optimal,86.0,26.0,46.0,0.1,0.1,0.1,True,ok
v10_depth2_everywhere_cheap,chudi,77.0,2.0,0.01,0.05,0.0,5.0,0.0013182920520193,0.002,optimal,95.0,29.0,46.0,0.05,0.05,0.05,True,ok
v10_depth2_everywhere_cheap,chudi,77.0,2.0,0.005,0.025,0.0,5.0,0.0012909169890917,0.002,optimal,95.0,29.0,46.0,0.025,0.025,0.025,True,ok
v10_depth2_everywhere_cheap,monk_3,122.0,11.0,0.1,0.5213114754098361,27.0,3.0,0.0001360829919576,0.001,optimal,12.0,7.0,11.0,0.521311475409836,0.521311475409836,0.521311,True,ok
v10_depth2_everywhere_cheap,monk_3,122.0,11.0,0.05,0.3713114754098361,27.0,3.0,0.0003351249615661,0.001,optimal,32.0,17.0,11.0,0.3713114754098361,0.3713114754098361,0.371311,True,ok
v10_depth2_everywhere_cheap,monk_3,122.0,11.0,0.02,0.2429508196721311,15.0,6.0,0.0024503750028088,0.003,optimal,242.0,164.0,11.0,0.2429508196721311,0.2429508196721311,0.242951,True,ok
v10_depth2_everywhere_cheap,monk_3,122.0,11.0,0.01,0.1555737704918032,8.0,9.0,0.0070570420357398,0.008,optimal,721.0,478.0,11.0,0.1555737704918032,0.1555737704918032,0.155574,True,ok
v10_depth2_everywhere_cheap,monk_3,122.0,11.0,0.005,0.0945901639344262,3.0,14.0,0.0219687919598072,0.023,optimal,1608.0,1064.0,11.0,0.0945901639344262,0.0945901639344262,0.09459,True,ok
v10_depth2_everywhere_cheap,monk_1,124.0,11.0,0.1,0.4661290322580645,33.0,2.0,6.1208033002913e-05,0.001,optimal,3.0,2.0,11.0,0.4661290322580644,0.4661290322580644,0.466129,True,ok
v10_depth2_everywhere_cheap,monk_1,124.0,11.0,0.05,0.3387096774193548,11.0,5.0,0.0004500410286709,0.001,optimal,48.0,32.0,11.0,0.3387096774193548,0.3387096774193548,0.33871,True,ok
v10_depth2_everywhere_cheap,monk_1,124.0,11.0,0.02,0.16,0.0,8.0,0.0008806670084595,0.002,optimal,108.0,53.0,11.0,0.16,0.16,0.16,True,ok
v10_depth2_everywhere_cheap,monk_1,124.0,11.0,0.01,0.08,0.0,8.0,0.0009043749887496,0.002,optimal,118.0,55.0,11.0,0.08,0.08,0.08,True,ok
v10_depth2_everywhere_cheap,monk_1,124.0,11.0,0.005,0.04,0.0,8.0,0.0009617500472813,0.002,optimal,120.0,55.0,11.0,0.04,0.04,0.04,True,ok
v10_depth2_everywhere_cheap,iris,150.0,4.0,0.1,0.34,6.0,3.0,0.0001814590068534,0.001,optimal,5.0,1.0,118.0,0.3399999999999999,0.3399999999999999,0.34,True,ok
v10_depth2_everywhere_cheap,iris,150.0,4.0,0.05,0.19,6.0,3.0,0.0001891249557957,0.001,optimal,5.0,1.0,118.0,0.19,0.19,0.19,True,ok
v10_depth2_everywhere_cheap,iris,150.0,4.0,0.02,0.1,6.0,3.0,0.0073723329696804,0.008,optimal,144.0,73.0,118.0,0.1,0.1,0.1,True,ok
v10_depth2_everywhere_cheap,iris,150.0,4.0,0.01,0.06,3.0,4.0,0.0352428340120241,0.036,optimal,621.0,343.0,118.0,0.06,0.06,0.06,True,ok
v10_depth2_everywhere_cheap,iris,150.0,4.0,0.005,0.0383333333333333,2.0,5.0,0.2830757919582538,0.284,optimal,4263.0,2850.0,118.0,0.0383333333333333,0.0383333333333333,0.038333,True,ok
v10_depth2_everywhere_cheap,monk_2,169.0,11.0,0.1,0.478698224852071,64.0,1.0,3.520800964906812e-05,0.001,optimal,1.0,1.0,11.0,0.478698224852071,0.478698224852071,0.478698,True,ok
v10_depth2_everywhere_cheap,monk_2,169.0,11.0,0.05,0.428698224852071,64.0,1.0,0.0005047919694334,0.001,optimal,47.0,35.0,11.0,0.428698224852071,0.428698224852071,0.428698,True,ok
v10_depth2_everywhere_cheap,monk_2,169.0,11.0,0.02,0.3589349112426035,37.0,7.0,0.0112076250370591,0.012,optimal,991.0,806.0,11.0,0.3589349112426035,0.3589349112426035,0.358935,True,ok
v10_depth2_everywhere_cheap,monk_2,169.0,11.0,0.01,0.2650887573964497,11.0,20.0,0.049517250037752,0.051,optimal,2754.0,2542.0,11.0,0.2650887573964497,0.2650887573964497,0.265089,True,ok
v10_depth2_everywhere_cheap,monk_2,169.0,11.0,0.005,0.1527514792899408,3.0,27.0,0.0710077499970793,0.072,optimal,4336.0,3730.0,11.0,0.1527514792899408,0.1527514792899408,0.152751,True,ok
v10_depth2_everywhere_cheap,tic-tac-toe,958.0,9.0,0.1,0.4465553235908142,332.0,1.0,5.9790967497974634e-05,0.011,optimal,1.0,1.0,27.0,0.4465553235908142,0.4465553235908142,0.446555,True,ok
v10_depth2_everywhere_cheap,tic-tac-toe,958.0,9.0,0.05,0.3965553235908142,332.0,1.0,0.0019548329873941,0.012,optimal,159.0,108.0,27.0,0.3965553235908141,0.3965553235908141,0.396555,True,ok
v10_depth2_everywhere_cheap,tic-tac-toe,958.0,9.0,0.02,0.3183298538622129,190.0,6.0,0.2029622920090332,0.214,optimal,11236.0,8618.0,27.0,0.3183298538622129,0.3183298538622129,0.31833,True,ok
v10_depth2_everywhere_cheap,tic-tac-toe,958.0,9.0,0.01,0.2507515657620042,154.0,9.0,2.31141112500336,2.33,optimal,104563.0,88731.0,27.0,0.2507515657620042,0.2507515657620042,0.250752,True,ok
v10_depth2_everywhere_cheap,tic-tac-toe,958.0,9.0,0.005,0.1542797494780793,52.0,20.0,4.271146582963411,4.31,optimal,203140.0,148215.0,27.0,0.1542797494780793,0.1542797494780793,0.15428,True,ok
v10_depth2_everywhere_cheap,gaussian_1k,1000.0,1.0,0.1,0.397,297.0,1.0,0.0004596660146489,0.035,optimal,1.0,1.0,999.0,0.397,0.397,0.397,True,ok
v10_depth2_everywhere_cheap,gaussian_1k,1000.0,1.0,0.05,0.275,125.0,3.0,0.0005340829957276,0.034,optimal,5.0,1.0,999.0,0.275,0.275,0.275,True,ok
v10_depth2_everywhere_cheap,gaussian_1k,1000.0,1.0,0.02,0.185,125.0,3.0,0.0005697080050595,0.033,optimal,5.0,1.0,999.0,0.1849999999999999,0.1849999999999999,0.185,True,ok
v10_depth2_everywhere_cheap,gaussian_1k,1000.0,1.0,0.01,0.155,125.0,3.0,0.0005946250166743,0.034,optimal,5.0,1.0,999.0,0.155,0.155,0.155,True,ok
v10_depth2_everywhere_cheap,gaussian_1k,1000.0,1.0,0.005,0.14,125.0,3.0,0.0006246250122785,0.035,optimal,5.0,1.0,999.0,0.14,0.14,0.14,True,ok
v10_depth2_everywhere_cheap,fico_1k,1000.0,23.0,0.1,0.491,291.0,2.0,0.1942805419676005,0.213,optimal,4230.0,2615.0,1357.0,0.491,0.491,0.491,True,ok
v10_depth2_everywhere_cheap,fico_1k,1000.0,23.0,0.05,0.391,291.0,2.0,30.0,30.065,time,442693.0,366336.0,1357.0,0.125,0.391,0.391,False,ok
v10_depth2_everywhere_cheap,fico_1k,1000.0,23.0,0.02,0.3309999999999999,291.0,2.0,30.0,30.038,time,176338.0,157568.0,1357.0,0.065,0.3309999999999999,0.331,False,ok
v10_depth2_everywhere_cheap,fico_1k,1000.0,23.0,0.01,0.311,291.0,2.0,30.0,30.093,time,181065.0,176448.0,1357.0,0.045,0.311,0.304,False,worse_than_known
v10_depth2_everywhere_cheap,fico_1k,1000.0,23.0,0.005,0.301,291.0,2.0,30.0,30.068,time,160258.0,153344.0,1357.0,0.035,0.301,0.284,False,worse_than_known
v10_depth2_everywhere_cheap,sine_1k,1000.0,1.0,0.1,0.595,495.0,1.0,0.0004486250109039,0.036,optimal,1.0,1.0,999.0,0.595,0.595,0.595,True,ok
v10_depth2_everywhere_cheap,sine_1k,1000.0,1.0,0.05,0.545,495.0,1.0,0.0005347500555217,0.036,optimal,1.0,1.0,999.0,0.545,0.545,0.545,False,ok
v10_depth2_everywhere_cheap,sine_1k,1000.0,1.0,0.02,0.494,454.0,2.0,0.0006198749761097,0.035,optimal,3.0,1.0,999.0,0.494,0.494,0.494,False,ok
v10_depth2_everywhere_cheap,sine_1k,1000.0,1.0,0.01,0.429,169.0,26.0,0.0007564999978058,0.036,optimal,52.0,1.0,999.0,0.4290000000000001,0.4290000000000001,0.443,False,better_than_known
v10_depth2_everywhere_cheap,sine_1k,1000.0,1.0,0.005,0.269,109.0,32.0,0.0008945419685915,0.038,optimal,67.0,1.0,999.0,0.2690000000000001,0.2690000000000001,0.4,False,better_than_known
v10_depth2_everywhere_cheap,car_evaluation,1728.0,15.0,0.1,0.3997685185185186,518.0,1.0,6.383302388712764e-05,0.003,optimal,1.0,1.0,15.0,0.3997685185185184,0.3997685185185184,0.399769,True,ok
v10_depth2_everywhere_cheap,car_evaluation,1728.0,15.0,0.05,0.2946759259259259,250.0,3.0,0.000274582998827,0.003,optimal,28.0,9.0,15.0,0.2946759259259259,0.2946759259259259,0.294676,True,ok
v10_depth2_everywhere_cheap,car_evaluation,1728.0,15.0,0.02,0.2046759259259259,250.0,3.0,0.0069469159934669,0.01,optimal,608.0,380.0,15.0,0.2046759259259259,0.2046759259259259,0.204676,True,ok
v10_depth2_everywhere_cheap,car_evaluation,1728.0,15.0,0.01,0.1452314814814815,130.0,7.0,0.0403999169939197,0.043,optimal,2203.0,1884.0,15.0,0.1452314814814815,0.1452314814814815,0.145231,True,ok
v10_depth2_everywhere_cheap,car_evaluation,1728.0,15.0,0.005,0.1063425925925926,106.0,9.0,0.2063840000191703,0.21,optimal,8654.0,8837.0,15.0,0.1063425925925926,0.1063425925925926,0.106343,True,ok
v10_depth2_everywhere_cheap,coupon_bar,1913.0,14.0,0.1,0.5119184526921067,788.0,1.0,4.179199459031224e-05,0.003,optimal,1.0,1.0,14.0,0.5119184526921067,0.5119184526921067,0.511918,True,ok
v10_depth2_everywhere_cheap,coupon_bar,1913.0,14.0,0.05,0.4538944066910612,677.0,2.0,0.0002454579807817,0.003,optimal,27.0,14.0,14.0,0.4538944066910611,0.4538944066910611,0.453894,True,ok
v10_depth2_everywhere_cheap,coupon_bar,1913.0,14.0,0.02,0.3715525352848928,596.0,3.0,0.0020086250151507,0.004,optimal,189.0,120.0,14.0,0.3715525352848928,0.3715525352848928,0.371553,True,ok
v10_depth2_everywhere_cheap,coupon_bar,1913.0,14.0,0.01,0.3410977522216414,576.0,4.0,0.0144118749885819,0.017,optimal,942.0,772.0,14.0,0.3410977522216414,0.3410977522216414,0.341098,True,ok
v10_depth2_everywhere_cheap,coupon_bar,1913.0,14.0,0.005,0.3186199686356508,533.0,8.0,0.0867465839837677,0.09,optimal,3518.0,3954.0,14.0,0.3186199686356508,0.3186199686356508,0.31862,True,ok
v10_depth2_everywhere_cheap,compas_binned,6907.0,12.0,0.1,0.5610829593166353,2494.0,2.0,4.670902853831649e-05,0.007,optimal,3.0,1.0,12.0,0.5610829593166353,0.5610829593166353,0.561083,True,ok
v10_depth2_everywhere_cheap,compas_binned,6907.0,12.0,0.05,0.4610829593166353,2494.0,2.0,4.1083956602960825e-05,0.006,optimal,3.0,1.0,12.0,0.4610829593166352,0.4610829593166352,0.461083,True,ok
v10_depth2_everywhere_cheap,compas_binned,6907.0,12.0,0.02,0.4010829593166353,2494.0,2.0,0.0002423329860903,0.007,optimal,21.0,11.0,12.0,0.4010829593166353,0.4010829593166353,0.401083,True,ok
v10_depth2_everywhere_cheap,compas_binned,6907.0,12.0,0.01,0.3748675256985666,2382.0,3.0,0.0013260000268928,0.008,optimal,111.0,61.0,12.0,0.3748675256985667,0.3748675256985667,0.374868,True,ok
v10_depth2_everywhere_cheap,compas_binned,6907.0,12.0,0.005,0.355968582597365,2286.0,5.0,0.0040825420292094,0.011,optimal,294.0,198.0,12.0,0.3559685825973649,0.3559685825973649,0.355969,True,ok
v10_depth2_everywhere_cheap,fico_binary,10459.0,17.0,0.1,0.5040443637058992,3180.0,2.0,4.554196493700147e-05,0.013,optimal,3.0,1.0,17.0,0.5040443637058992,0.5040443637058992,0.504044,True,ok
v10_depth2_everywhere_cheap,fico_binary,10459.0,17.0,0.05,0.4040443637058992,3180.0,2.0,0.0003207920235581,0.013,optimal,23.0,12.0,17.0,0.4040443637058992,0.4040443637058992,0.404044,True,ok
v10_depth2_everywhere_cheap,fico_binary,10459.0,17.0,0.02,0.3440443637058992,3180.0,2.0,0.0036713749868795,0.017,optimal,277.0,164.0,17.0,0.3440443637058992,0.3440443637058992,0.344044,True,ok
v10_depth2_everywhere_cheap,fico_binary,10459.0,17.0,0.01,0.3240443637058992,3180.0,2.0,0.1246424160199239,0.138,optimal,5681.0,4270.0,17.0,0.3240443637058992,0.3240443637058992,0.324044,True,ok
v10_depth2_everywhere_cheap,fico_binary,10459.0,17.0,0.005,0.308650922650349,3019.0,4.0,1.9770305840065705,2.002,optimal,51270.0,57876.0,17.0,0.308650922650349,0.308650922650349,0.308651,True,ok
v10_depth2_everywhere_cheap,compas_processed,12381.0,22.0,0.1,0.411364187060819,3855.0,1.0,0.0009744589915499,0.258,optimal,23.0,12.0,621.0,0.411364187060819,0.411364187060819,0.411364,True,ok
v10_depth2_everywhere_cheap,compas_processed,12381.0,22.0,0.05,0.3613641870608189,3855.0,1.0,1.07405520795146,1.343,optimal,18755.0,11979.0,621.0,0.3613641870608189,0.3613641870608189,0.361364,True,ok
v10_depth2_everywhere_cheap,compas_processed,12381.0,22.0,0.02,0.3278604313060334,3564.0,2.0,30.0,30.374,time,375282.0,282368.0,621.0,0.1085728131814877,0.3278604313060334,0.32786,False,ok
v10_depth2_everywhere_cheap,compas_processed,12381.0,22.0,0.01,0.3078604313060334,3564.0,2.0,30.0,30.366,time,309959.0,249664.0,621.0,0.0885728131814877,0.3078604313060334,0.30786,False,ok
v10_depth2_everywhere_cheap,compas_processed,12381.0,22.0,0.005,0.2978604313060334,3564.0,2.0,30.0,30.308,time,228009.0,177920.0,621.0,0.0785728131814877,0.2978604313060334,0.29786,False,ok
v13_numba_candidate_prep,chudi,77.0,2.0,0.1,0.464935064935065,5.0,4.0,0.0005315000307746,1.237,optimal,27.0,9.0,46.0,0.464935064935065,0.464935064935065,0.464935,True,ok
v13_numba_candidate_prep,chudi,77.0,2.0,0.05,0.25,0.0,5.0,0.0010060420027002,0.002,optimal,78.0,24.0,46.0,0.25,0.25,0.25,True,ok
v13_numba_candidate_prep,chudi,77.0,2.0,0.02,0.1,0.0,5.0,0.0010511250002309,0.002,optimal,86.0,26.0,46.0,0.1,0.1,0.1,True,ok
v13_numba_candidate_prep,chudi,77.0,2.0,0.01,0.05,0.0,5.0,0.0011477500083856,0.002,optimal,95.0,29.0,46.0,0.05,0.05,0.05,True,ok
v13_numba_candidate_prep,chudi,77.0,2.0,0.005,0.025,0.0,5.0,0.0011357920011505,0.002,optimal,95.0,29.0,46.0,0.025,0.025,0.025,True,ok
v13_numba_candidate_prep,monk_3,122.0,11.0,0.1,0.5213114754098361,27.0,3.0,0.0001300830044783,0.001,optimal,12.0,7.0,11.0,0.521311475409836,0.521311475409836,0.521311,True,ok
v13_numba_candidate_prep,monk_3,122.0,11.0,0.05,0.3713114754098361,27.0,3.0,0.0003312079934403,0.001,optimal,32.0,17.0,11.0,0.3713114754098361,0.3713114754098361,0.371311,True,ok
v13_numba_candidate_prep,monk_3,122.0,11.0,0.02,0.2429508196721311,15.0,6.0,0.002218207984697,0.003,optimal,242.0,164.0,11.0,0.2429508196721311,0.2429508196721311,0.242951,True,ok
v13_numba_candidate_prep,monk_3,122.0,11.0,0.01,0.1555737704918032,8.0,9.0,0.0066876670462079,0.007,optimal,721.0,478.0,11.0,0.1555737704918032,0.1555737704918032,0.155574,True,ok
v13_numba_candidate_prep,monk_3,122.0,11.0,0.005,0.0945901639344262,3.0,14.0,0.0215423330082558,0.022,optimal,1608.0,1064.0,11.0,0.0945901639344262,0.0945901639344262,0.09459,True,ok
v13_numba_candidate_prep,monk_1,124.0,11.0,0.1,0.4661290322580645,33.0,2.0,5.841598613187671e-05,0.001,optimal,3.0,2.0,11.0,0.4661290322580644,0.4661290322580644,0.466129,True,ok
v13_numba_candidate_prep,monk_1,124.0,11.0,0.05,0.3387096774193548,11.0,5.0,0.0003823750303126,0.001,optimal,48.0,32.0,11.0,0.3387096774193548,0.3387096774193548,0.33871,True,ok
v13_numba_candidate_prep,monk_1,124.0,11.0,0.02,0.16,0.0,8.0,0.0007995000341907,0.002,optimal,108.0,53.0,11.0,0.16,0.16,0.16,True,ok
v13_numba_candidate_prep,monk_1,124.0,11.0,0.01,0.08,0.0,8.0,0.0008199999574571,0.002,optimal,118.0,55.0,11.0,0.08,0.08,0.08,True,ok
v13_numba_candidate_prep,monk_1,124.0,11.0,0.005,0.04,0.0,8.0,0.0009007499902509,0.002,optimal,120.0,55.0,11.0,0.04,0.04,0.04,True,ok
v13_numba_candidate_prep,iris,150.0,4.0,0.1,0.34,6.0,3.0,0.000174207962118,0.001,optimal,5.0,1.0,118.0,0.3399999999999999,0.3399999999999999,0.34,True,ok
v13_numba_candidate_prep,iris,150.0,4.0,0.05,0.19,6.0,3.0,0.0001895840396173,0.001,optimal,5.0,1.0,118.0,0.19,0.19,0.19,True,ok
v13_numba_candidate_prep,iris,150.0,4.0,0.02,0.1,6.0,3.0,0.0069177079712972,0.008,optimal,144.0,73.0,118.0,0.1,0.1,0.1,True,ok
v13_numba_candidate_prep,iris,150.0,4.0,0.01,0.06,3.0,4.0,0.0328997920150868,0.034,optimal,621.0,343.0,118.0,0.06,0.06,0.06,True,ok
v13_numba_candidate_prep,iris,150.0,4.0,0.005,0.0383333333333333,2.0,5.0,0.2673134579672478,0.269,optimal,4263.0,2850.0,118.0,0.0383333333333333,0.0383333333333333,0.038333,True,ok
v13_numba_candidate_prep,monk_2,169.0,11.0,0.1,0.478698224852071,64.0,1.0,4.433398135006428e-05,0.001,optimal,1.0,1.0,11.0,0.478698224852071,0.478698224852071,0.478698,True,ok
v13_numba_candidate_prep,monk_2,169.0,11.0,0.05,0.428698224852071,64.0,1.0,0.000469166028779,0.001,optimal,47.0,35.0,11.0,0.428698224852071,0.428698224852071,0.428698,True,ok
v13_numba_candidate_prep,monk_2,169.0,11.0,0.02,0.3589349112426035,37.0,7.0,0.0101549589890055,0.011,optimal,991.0,806.0,11.0,0.3589349112426035,0.3589349112426035,0.358935,True,ok
v13_numba_candidate_prep,monk_2,169.0,11.0,0.01,0.2650887573964497,11.0,20.0,0.0448352920357137,0.046,optimal,2754.0,2542.0,11.0,0.2650887573964497,0.2650887573964497,0.265089,True,ok
v13_numba_candidate_prep,monk_2,169.0,11.0,0.005,0.1527514792899408,3.0,27.0,0.065478709002491,0.067,optimal,4336.0,3730.0,11.0,0.1527514792899408,0.1527514792899408,0.152751,True,ok
v13_numba_candidate_prep,tic-tac-toe,958.0,9.0,0.1,0.4465553235908142,332.0,1.0,4.962499951943755e-05,0.01,optimal,1.0,1.0,27.0,0.4465553235908142,0.4465553235908142,0.446555,True,ok
v13_numba_candidate_prep,tic-tac-toe,958.0,9.0,0.05,0.3965553235908142,332.0,1.0,0.0017696670256555,0.012,optimal,159.0,108.0,27.0,0.3965553235908141,0.3965553235908141,0.396555,True,ok
v13_numba_candidate_prep,tic-tac-toe,958.0,9.0,0.02,0.3183298538622129,190.0,6.0,0.1980964579852298,0.209,optimal,11236.0,8618.0,27.0,0.3183298538622129,0.3183298538622129,0.31833,True,ok
v13_numba_candidate_prep,tic-tac-toe,958.0,9.0,0.01,0.2507515657620042,154.0,9.0,1.958424707991071,1.974,optimal,104563.0,88731.0,27.0,0.2507515657620042,0.2507515657620042,0.250752,True,ok
v13_numba_candidate_prep,tic-tac-toe,958.0,9.0,0.005,0.1542797494780793,52.0,20.0,3.4241419580066577,3.445,optimal,203140.0,148215.0,27.0,0.1542797494780793,0.1542797494780793,0.15428,True,ok
v13_numba_candidate_prep,gaussian_1k,1000.0,1.0,0.1,0.397,297.0,1.0,0.0004539579967968,0.037,optimal,1.0,1.0,999.0,0.397,0.397,0.397,True,ok
v13_numba_candidate_prep,gaussian_1k,1000.0,1.0,0.05,0.275,125.0,3.0,0.0005491659976541,0.034,optimal,5.0,1.0,999.0,0.275,0.275,0.275,True,ok
v13_numba_candidate_prep,gaussian_1k,1000.0,1.0,0.02,0.185,125.0,3.0,0.0005576249677687,0.032,optimal,5.0,1.0,999.0,0.1849999999999999,0.1849999999999999,0.185,True,ok
v13_numba_candidate_prep,gaussian_1k,1000.0,1.0,0.01,0.155,125.0,3.0,0.0005997499683871,0.033,optimal,5.0,1.0,999.0,0.155,0.155,0.155,True,ok
v13_numba_candidate_prep,gaussian_1k,1000.0,1.0,0.005,0.14,125.0,3.0,0.0005926659796386,0.033,optimal,5.0,1.0,999.0,0.14,0.14,0.14,True,ok
v13_numba_candidate_prep,fico_1k,1000.0,23.0,0.1,0.491,291.0,2.0,0.1405333330039866,0.158,optimal,4230.0,2615.0,1357.0,0.491,0.491,0.491,True,ok
v13_numba_candidate_prep,fico_1k,1000.0,23.0,0.05,0.391,291.0,2.0,30.0,30.05,time,529219.0,432064.0,1357.0,0.125,0.391,0.391,False,ok
v13_numba_candidate_prep,fico_1k,1000.0,23.0,0.02,0.3309999999999999,291.0,2.0,30.0,30.033,time,173259.0,154816.0,1357.0,0.065,0.3309999999999999,0.331,False,ok
v13_numba_candidate_prep,fico_1k,1000.0,23.0,0.01,0.311,291.0,2.0,30.0,30.04,time,179592.0,174912.0,1357.0,0.045,0.311,0.304,False,worse_than_known
v13_numba_candidate_prep,fico_1k,1000.0,23.0,0.005,0.301,291.0,2.0,30.0,30.046,time,154190.0,147648.0,1357.0,0.035,0.301,0.284,False,worse_than_known
v13_numba_candidate_prep,sine_1k,1000.0,1.0,0.1,0.595,495.0,1.0,0.0007035830058157,0.048,optimal,1.0,1.0,999.0,0.595,0.595,0.595,True,ok
v13_numba_candidate_prep,sine_1k,1000.0,1.0,0.05,0.545,495.0,1.0,0.0007094169850461,0.05,optimal,1.0,1.0,999.0,0.545,0.545,0.545,False,ok
v13_numba_candidate_prep,sine_1k,1000.0,1.0,0.02,0.494,454.0,2.0,0.0007807500078342,0.043,optimal,3.0,1.0,999.0,0.494,0.494,0.494,False,ok
v13_numba_candidate_prep,sine_1k,1000.0,1.0,0.01,0.429,169.0,26.0,0.0009394999942742,0.076,optimal,52.0,1.0,999.0,0.4290000000000001,0.4290000000000001,0.443,False,better_than_known
v13_numba_candidate_prep,sine_1k,1000.0,1.0,0.005,0.269,109.0,32.0,0.0011717500165104,0.044,optimal,67.0,1.0,999.0,0.2690000000000001,0.2690000000000001,0.4,False,better_than_known
v13_numba_candidate_prep,car_evaluation,1728.0,15.0,0.1,0.3997685185185186,518.0,1.0,5.512498319149017e-05,0.003,optimal,1.0,1.0,15.0,0.3997685185185184,0.3997685185185184,0.399769,True,ok
v13_numba_candidate_prep,car_evaluation,1728.0,15.0,0.05,0.2946759259259259,250.0,3.0,0.0004897910403087,0.004,optimal,28.0,9.0,15.0,0.2946759259259259,0.2946759259259259,0.294676,True,ok
v13_numba_candidate_prep,car_evaluation,1728.0,15.0,0.02,0.2046759259259259,250.0,3.0,0.0152434170013293,0.019,optimal,608.0,380.0,15.0,0.2046759259259259,0.2046759259259259,0.204676,True,ok
v13_numba_candidate_prep,car_evaluation,1728.0,15.0,0.01,0.1452314814814815,130.0,7.0,0.0457875829888507,0.049,optimal,2203.0,1884.0,15.0,0.1452314814814815,0.1452314814814815,0.145231,True,ok
v13_numba_candidate_prep,car_evaluation,1728.0,15.0,0.005,0.1063425925925926,106.0,9.0,0.2354089590371586,0.239,optimal,8654.0,8837.0,15.0,0.1063425925925926,0.1063425925925926,0.106343,True,ok
v13_numba_candidate_prep,coupon_bar,1913.0,14.0,0.1,0.5119184526921067,788.0,1.0,4.133401671424508e-05,0.004,optimal,1.0,1.0,14.0,0.5119184526921067,0.5119184526921067,0.511918,True,ok
v13_numba_candidate_prep,coupon_bar,1913.0,14.0,0.05,0.4538944066910612,677.0,2.0,0.0002454999485053,0.003,optimal,27.0,14.0,14.0,0.4538944066910611,0.4538944066910611,0.453894,True,ok
v13_numba_candidate_prep,coupon_bar,1913.0,14.0,0.02,0.3715525352848928,596.0,3.0,0.0031128749833442,0.006,optimal,189.0,120.0,14.0,0.3715525352848928,0.3715525352848928,0.371553,True,ok
v13_numba_candidate_prep,coupon_bar,1913.0,14.0,0.01,0.3410977522216414,576.0,4.0,0.013700500014238,0.018,optimal,942.0,772.0,14.0,0.3410977522216414,0.3410977522216414,0.341098,True,ok
v13_numba_candidate_prep,coupon_bar,1913.0,14.0,0.005,0.3186199686356508,533.0,8.0,0.0974645829992368,0.101,optimal,3518.0,3954.0,14.0,0.3186199686356508,0.3186199686356508,0.31862,True,ok
v13_numba_candidate_prep,compas_binned,6907.0,12.0,0.1,0.5610829593166353,2494.0,2.0,5.7958008255809546e-05,0.009,optimal,3.0,1.0,12.0,0.5610829593166353,0.5610829593166353,0.561083,True,ok
v13_numba_candidate_prep,compas_binned,6907.0,12.0,0.05,0.4610829593166353,2494.0,2.0,4.720798460766673e-05,0.008,optimal,3.0,1.0,12.0,0.4610829593166352,0.4610829593166352,0.461083,True,ok
v13_numba_candidate_prep,compas_binned,6907.0,12.0,0.02,0.4010829593166353,2494.0,2.0,0.0002707499661482,0.008,optimal,21.0,11.0,12.0,0.4010829593166353,0.4010829593166353,0.401083,True,ok
v13_numba_candidate_prep,compas_binned,6907.0,12.0,0.01,0.3748675256985666,2382.0,3.0,0.0016466249944642,0.011,optimal,111.0,61.0,12.0,0.3748675256985667,0.3748675256985667,0.374868,True,ok
v13_numba_candidate_prep,compas_binned,6907.0,12.0,0.005,0.355968582597365,2286.0,5.0,0.0041673749801702,0.013,optimal,294.0,198.0,12.0,0.3559685825973649,0.3559685825973649,0.355969,True,ok
v13_numba_candidate_prep,fico_binary,10459.0,17.0,0.1,0.5040443637058992,3180.0,2.0,6.375001976266503e-05,0.019,optimal,3.0,1.0,17.0,0.5040443637058992,0.5040443637058992,0.504044,True,ok
v13_numba_candidate_prep,fico_binary,10459.0,17.0,0.05,0.4040443637058992,3180.0,2.0,0.0003419579588808,0.017,optimal,23.0,12.0,17.0,0.4040443637058992,0.4040443637058992,0.404044,True,ok
v13_numba_candidate_prep,fico_binary,10459.0,17.0,0.02,0.3440443637058992,3180.0,2.0,0.0042187079670839,0.023,optimal,277.0,164.0,17.0,0.3440443637058992,0.3440443637058992,0.344044,True,ok
v13_numba_candidate_prep,fico_binary,10459.0,17.0,0.01,0.3240443637058992,3180.0,2.0,0.1435642080032266,0.162,optimal,5681.0,4270.0,17.0,0.3240443637058992,0.3240443637058992,0.324044,True,ok
v13_numba_candidate_prep,fico_binary,10459.0,17.0,0.005,0.308650922650349,3019.0,4.0,1.907873040996492,1.938,optimal,51270.0,57876.0,17.0,0.308650922650349,0.308650922650349,0.308651,True,ok
v13_numba_candidate_prep,compas_processed,12381.0,22.0,0.1,0.411364187060819,3855.0,1.0,0.0010343749891035,0.32,optimal,23.0,12.0,621.0,0.411364187060819,0.411364187060819,0.411364,True,ok
v13_numba_candidate_prep,compas_processed,12381.0,22.0,0.05,0.3613641870608189,3855.0,1.0,1.057097958982922,1.403,optimal,18755.0,11979.0,621.0,0.3613641870608189,0.3613641870608189,0.361364,True,ok
v13_numba_candidate_prep,compas_processed,12381.0,22.0,0.02,0.3278604313060334,3564.0,2.0,30.0,30.395,time,417310.0,310784.0,621.0,0.1085728131814877,0.3278604313060334,0.32786,False,ok
v13_numba_candidate_prep,compas_processed,12381.0,22.0,0.01,0.3078604313060334,3564.0,2.0,30.0,30.343,time,276394.0,217216.0,621.0,0.0885728131814877,0.3078604313060334,0.30786,False,ok
v13_numba_candidate_prep,compas_processed,12381.0,22.0,0.005,0.2978604313060334,3564.0,2.0,30.0,30.391,time,263122.0,209792.0,621.0,0.0785728131814877,0.2978604313060334,0.29786,False,ok
v14_hardened_superset_lb,chudi,77.0,2.0,0.1,0.464935064935065,5.0,4.0,0.0005292919813655,1.234,optimal,27.0,9.0,46.0,0.464935064935065,0.464935064935065,0.464935,True,ok
v14_hardened_superset_lb,chudi,77.0,2.0,0.05,0.25,0.0,5.0,0.0010277919936925,0.002,optimal,78.0,24.0,46.0,0.25,0.25,0.25,True,ok
v14_hardened_superset_lb,chudi,77.0,2.0,0.02,0.1,0.0,5.0,0.0011068329913541,0.002,optimal,86.0,26.0,46.0,0.1,0.1,0.1,True,ok
v14_hardened_superset_lb,chudi,77.0,2.0,0.01,0.05,0.0,5.0,0.0011773340520448,0.002,optimal,95.0,29.0,46.0,0.05,0.05,0.05,True,ok
v14_hardened_superset_lb,chudi,77.0,2.0,0.005,0.025,0.0,5.0,0.0011625829502008,0.002,optimal,95.0,29.0,46.0,0.025,0.025,0.025,True,ok
v14_hardened_superset_lb,monk_3,122.0,11.0,0.1,0.5213114754098361,27.0,3.0,0.0001377500011585,0.001,optimal,12.0,7.0,11.0,0.521311475409836,0.521311475409836,0.521311,True,ok
v14_hardened_superset_lb,monk_3,122.0,11.0,0.05,0.3713114754098361,27.0,3.0,0.0003516250289976,0.001,optimal,32.0,17.0,11.0,0.3713114754098361,0.3713114754098361,0.371311,True,ok
v14_hardened_superset_lb,monk_3,122.0,11.0,0.02,0.2429508196721311,15.0,6.0,0.002323625027202,0.003,optimal,242.0,164.0,11.0,0.2429508196721311,0.2429508196721311,0.242951,True,ok
v14_hardened_superset_lb,monk_3,122.0,11.0,0.01,0.1555737704918032,8.0,9.0,0.0065466669620946,0.007,optimal,721.0,478.0,11.0,0.1555737704918032,0.1555737704918032,0.155574,True,ok
v14_hardened_superset_lb,monk_3,122.0,11.0,0.005,0.0945901639344262,3.0,14.0,0.0230990829877555,0.024,optimal,1608.0,1064.0,11.0,0.0945901639344262,0.0945901639344262,0.09459,True,ok
v14_hardened_superset_lb,monk_1,124.0,11.0,0.1,0.4661290322580645,33.0,2.0,6.508396472781897e-05,0.001,optimal,3.0,2.0,11.0,0.4661290322580644,0.4661290322580644,0.466129,True,ok
v14_hardened_superset_lb,monk_1,124.0,11.0,0.05,0.3387096774193548,11.0,5.0,0.0004199579707346,0.001,optimal,48.0,32.0,11.0,0.3387096774193548,0.3387096774193548,0.33871,True,ok
v14_hardened_superset_lb,monk_1,124.0,11.0,0.02,0.16,0.0,8.0,0.0008552919607609,0.002,optimal,108.0,53.0,11.0,0.16,0.16,0.16,True,ok
v14_hardened_superset_lb,monk_1,124.0,11.0,0.01,0.08,0.0,8.0,0.0009135830332525,0.002,optimal,118.0,55.0,11.0,0.08,0.08,0.08,True,ok
v14_hardened_superset_lb,monk_1,124.0,11.0,0.005,0.04,0.0,8.0,0.0008870000019669,0.002,optimal,120.0,55.0,11.0,0.04,0.04,0.04,True,ok
v14_hardened_superset_lb,iris,150.0,4.0,0.1,0.34,6.0,3.0,0.0001749170478433,0.001,optimal,5.0,1.0,118.0,0.3399999999999999,0.3399999999999999,0.34,True,ok
v14_hardened_superset_lb,iris,150.0,4.0,0.05,0.19,6.0,3.0,0.0001897089532576,0.001,optimal,5.0,1.0,118.0,0.19,0.19,0.19,True,ok
v14_hardened_superset_lb,iris,150.0,4.0,0.02,0.1,6.0,3.0,0.0070216660387814,0.008,optimal,144.0,73.0,118.0,0.1,0.1,0.1,True,ok
v14_hardened_superset_lb,iris,150.0,4.0,0.01,0.06,3.0,4.0,0.0333404999691993,0.034,optimal,621.0,343.0,118.0,0.06,0.06,0.06,True,ok
v14_hardened_superset_lb,iris,150.0,4.0,0.005,0.0383333333333333,2.0,5.0,0.2715534999733791,0.273,optimal,4263.0,2850.0,118.0,0.0383333333333333,0.0383333333333333,0.038333,True,ok
v14_hardened_superset_lb,monk_2,169.0,11.0,0.1,0.478698224852071,64.0,1.0,3.774999640882015e-05,0.001,optimal,1.0,1.0,11.0,0.478698224852071,0.478698224852071,0.478698,True,ok
v14_hardened_superset_lb,monk_2,169.0,11.0,0.05,0.428698224852071,64.0,1.0,0.0004807090153917,0.001,optimal,47.0,35.0,11.0,0.428698224852071,0.428698224852071,0.428698,True,ok
v14_hardened_superset_lb,monk_2,169.0,11.0,0.02,0.3589349112426035,37.0,7.0,0.0105625829892233,0.011,optimal,991.0,806.0,11.0,0.3589349112426035,0.3589349112426035,0.358935,True,ok
v14_hardened_superset_lb,monk_2,169.0,11.0,0.01,0.2650887573964497,11.0,20.0,0.0438082500477321,0.045,optimal,2754.0,2542.0,11.0,0.2650887573964497,0.2650887573964497,0.265089,True,ok
v14_hardened_superset_lb,monk_2,169.0,11.0,0.005,0.1527514792899408,3.0,27.0,0.0672737919958308,0.069,optimal,4336.0,3730.0,11.0,0.1527514792899408,0.1527514792899408,0.152751,True,ok
v14_hardened_superset_lb,tic-tac-toe,958.0,9.0,0.1,0.4465553235908142,332.0,1.0,7.045798702165484e-05,0.011,optimal,1.0,1.0,27.0,0.4465553235908142,0.4465553235908142,0.446555,True,ok
v14_hardened_superset_lb,tic-tac-toe,958.0,9.0,0.05,0.3965553235908142,332.0,1.0,0.0019078329787589,0.012,optimal,159.0,108.0,27.0,0.3965553235908141,0.3965553235908141,0.396555,True,ok
v14_hardened_superset_lb,tic-tac-toe,958.0,9.0,0.02,0.3183298538622129,190.0,6.0,0.1879447500105016,0.199,optimal,11236.0,8618.0,27.0,0.3183298538622129,0.3183298538622129,0.31833,True,ok
v14_hardened_superset_lb,tic-tac-toe,958.0,9.0,0.01,0.2507515657620042,154.0,9.0,2.035952874983195,2.051,optimal,104570.0,88727.0,27.0,0.2507515657620042,0.2507515657620042,0.250752,True,ok
v14_hardened_superset_lb,tic-tac-toe,958.0,9.0,0.005,0.1542797494780793,52.0,20.0,3.446870415995363,3.467,optimal,203137.0,148202.0,27.0,0.1542797494780793,0.1542797494780793,0.15428,True,ok
v14_hardened_superset_lb,gaussian_1k,1000.0,1.0,0.1,0.397,297.0,1.0,0.0004148330190218,0.032,optimal,1.0,1.0,999.0,0.397,0.397,0.397,True,ok
v14_hardened_superset_lb,gaussian_1k,1000.0,1.0,0.05,0.275,125.0,3.0,0.000502459006384,0.032,optimal,5.0,1.0,999.0,0.275,0.275,0.275,True,ok
v14_hardened_superset_lb,gaussian_1k,1000.0,1.0,0.02,0.185,125.0,3.0,0.0005336250178515,0.032,optimal,5.0,1.0,999.0,0.1849999999999999,0.1849999999999999,0.185,True,ok
v14_hardened_superset_lb,gaussian_1k,1000.0,1.0,0.01,0.155,125.0,3.0,0.0005408340366557,0.031,optimal,5.0,1.0,999.0,0.155,0.155,0.155,True,ok
v14_hardened_superset_lb,gaussian_1k,1000.0,1.0,0.005,0.14,125.0,3.0,0.0005512089701369,0.032,optimal,5.0,1.0,999.0,0.14,0.14,0.14,True,ok
v14_hardened_superset_lb,fico_1k,1000.0,23.0,0.1,0.491,291.0,2.0,0.1352930419961922,0.152,optimal,4228.0,2614.0,1357.0,0.491,0.491,0.491,True,ok
v14_hardened_superset_lb,fico_1k,1000.0,23.0,0.05,0.391,291.0,2.0,30.0,30.052,time,587368.0,479680.0,1357.0,0.125,0.391,0.391,False,ok
v14_hardened_superset_lb,fico_1k,1000.0,23.0,0.02,0.3309999999999999,291.0,2.0,30.0,30.028,time,208432.0,186432.0,1357.0,0.065,0.3309999999999999,0.331,False,ok
v14_hardened_superset_lb,fico_1k,1000.0,23.0,0.01,0.311,291.0,2.0,30.0,30.03,time,220028.0,214400.0,1357.0,0.045,0.311,0.304,False,worse_than_known
v14_hardened_superset_lb,fico_1k,1000.0,23.0,0.005,0.301,291.0,2.0,30.0,30.032,time,188500.0,179904.0,1357.0,0.035,0.301,0.284,False,worse_than_known
v14_hardened_superset_lb,sine_1k,1000.0,1.0,0.1,0.595,495.0,1.0,0.0003991659614257,0.032,optimal,1.0,1.0,999.0,0.595,0.595,0.595,True,ok
v14_hardened_superset_lb,sine_1k,1000.0,1.0,0.05,0.545,495.0,1.0,0.0004791249521076,0.032,optimal,1.0,1.0,999.0,0.545,0.545,0.545,False,ok
v14_hardened_superset_lb,sine_1k,1000.0,1.0,0.02,0.494,454.0,2.0,0.0005709580145776,0.031,optimal,3.0,1.0,999.0,0.494,0.494,0.494,False,ok
v14_hardened_superset_lb,sine_1k,1000.0,1.0,0.01,0.429,169.0,26.0,0.000700875010807,0.033,optimal,52.0,1.0,999.0,0.4290000000000001,0.4290000000000001,0.443,False,better_than_known
v14_hardened_superset_lb,sine_1k,1000.0,1.0,0.005,0.269,109.0,32.0,0.0007933749584481,0.037,optimal,67.0,1.0,999.0,0.2690000000000001,0.2690000000000001,0.4,False,better_than_known
v14_hardened_superset_lb,car_evaluation,1728.0,15.0,0.1,0.3997685185185186,518.0,1.0,3.937497967854142e-05,0.003,optimal,1.0,1.0,15.0,0.3997685185185184,0.3997685185185184,0.399769,True,ok
v14_hardened_superset_lb,car_evaluation,1728.0,15.0,0.05,0.2946759259259259,250.0,3.0,0.0002377500059083,0.003,optimal,28.0,9.0,15.0,0.2946759259259259,0.2946759259259259,0.294676,True,ok
v14_hardened_superset_lb,car_evaluation,1728.0,15.0,0.02,0.2046759259259259,250.0,3.0,0.0057412500027567,0.008,optimal,608.0,380.0,15.0,0.2046759259259259,0.2046759259259259,0.204676,True,ok
v14_hardened_superset_lb,car_evaluation,1728.0,15.0,0.01,0.1452314814814815,130.0,7.0,0.0344379589660093,0.037,optimal,2203.0,1884.0,15.0,0.1452314814814815,0.1452314814814815,0.145231,True,ok
v14_hardened_superset_lb,car_evaluation,1728.0,15.0,0.005,0.1063425925925926,106.0,9.0,0.1670981660136021,0.17,optimal,8654.0,8837.0,15.0,0.1063425925925926,0.1063425925925926,0.106343,True,ok
v14_hardened_superset_lb,coupon_bar,1913.0,14.0,0.1,0.5119184526921067,788.0,1.0,2.62079993262887e-05,0.002,optimal,1.0,1.0,14.0,0.5119184526921067,0.5119184526921067,0.511918,True,ok
v14_hardened_superset_lb,coupon_bar,1913.0,14.0,0.05,0.4538944066910612,677.0,2.0,0.0001835419679991,0.002,optimal,27.0,14.0,14.0,0.4538944066910611,0.4538944066910611,0.453894,True,ok
v14_hardened_superset_lb,coupon_bar,1913.0,14.0,0.02,0.3715525352848928,596.0,3.0,0.0016160000232048,0.004,optimal,189.0,120.0,14.0,0.3715525352848928,0.3715525352848928,0.371553,True,ok
v14_hardened_superset_lb,coupon_bar,1913.0,14.0,0.01,0.3410977522216414,576.0,4.0,0.0101555000292137,0.012,optimal,942.0,772.0,14.0,0.3410977522216414,0.3410977522216414,0.341098,True,ok
v14_hardened_superset_lb,coupon_bar,1913.0,14.0,0.005,0.3186199686356508,533.0,8.0,0.0681392079568468,0.071,optimal,3518.0,3954.0,14.0,0.3186199686356508,0.3186199686356508,0.31862,True,ok
v14_hardened_superset_lb,compas_binned,6907.0,12.0,0.1,0.5610829593166353,2494.0,2.0,3.5582983400672674e-05,0.006,optimal,3.0,1.0,12.0,0.5610829593166353,0.5610829593166353,0.561083,True,ok
v14_hardened_superset_lb,compas_binned,6907.0,12.0,0.05,0.4610829593166353,2494.0,2.0,3.2374984584748745e-05,0.006,optimal,3.0,1.0,12.0,0.4610829593166352,0.4610829593166352,0.461083,True,ok
v14_hardened_superset_lb,compas_binned,6907.0,12.0,0.02,0.4010829593166353,2494.0,2.0,0.0001977499923668,0.006,optimal,21.0,11.0,12.0,0.4010829593166353,0.4010829593166353,0.401083,True,ok
v14_hardened_superset_lb,compas_binned,6907.0,12.0,0.01,0.3748675256985666,2382.0,3.0,0.0010491249850019,0.007,optimal,111.0,61.0,12.0,0.3748675256985667,0.3748675256985667,0.374868,True,ok
v14_hardened_superset_lb,compas_binned,6907.0,12.0,0.005,0.355968582597365,2286.0,5.0,0.0032180830021388,0.009,optimal,294.0,198.0,12.0,0.3559685825973649,0.3559685825973649,0.355969,True,ok
v14_hardened_superset_lb,fico_binary,10459.0,17.0,0.1,0.5040443637058992,3180.0,2.0,4.3665990233421326e-05,0.012,optimal,3.0,1.0,17.0,0.5040443637058992,0.5040443637058992,0.504044,True,ok
v14_hardened_superset_lb,fico_binary,10459.0,17.0,0.05,0.4040443637058992,3180.0,2.0,0.0002371660084463,0.012,optimal,23.0,12.0,17.0,0.4040443637058992,0.4040443637058992,0.404044,True,ok
v14_hardened_superset_lb,fico_binary,10459.0,17.0,0.02,0.3440443637058992,3180.0,2.0,0.0030317910131998,0.015,optimal,277.0,164.0,17.0,0.3440443637058992,0.3440443637058992,0.344044,True,ok
v14_hardened_superset_lb,fico_binary,10459.0,17.0,0.01,0.3240443637058992,3180.0,2.0,0.1079175000195391,0.12,optimal,5681.0,4270.0,17.0,0.3240443637058992,0.3240443637058992,0.324044,True,ok
v14_hardened_superset_lb,fico_binary,10459.0,17.0,0.005,0.308650922650349,3019.0,4.0,1.6492372089996934,1.67,optimal,51270.0,57876.0,17.0,0.308650922650349,0.308650922650349,0.308651,True,ok
v14_hardened_superset_lb,compas_processed,12381.0,22.0,0.1,0.411364187060819,3855.0,1.0,0.000723208009731,0.217,optimal,23.0,12.0,621.0,0.411364187060819,0.411364187060819,0.411364,True,ok
v14_hardened_superset_lb,compas_processed,12381.0,22.0,0.05,0.3613641870608189,3855.0,1.0,0.767236125015188,0.989,optimal,18755.0,11978.0,621.0,0.3613641870608189,0.3613641870608189,0.361364,True,ok
v14_hardened_superset_lb,compas_processed,12381.0,22.0,0.02,0.3278604313060334,3564.0,2.0,30.0,30.323,time,507944.0,383744.0,621.0,0.1085728131814877,0.3278604313060334,0.32786,False,ok
v14_hardened_superset_lb,compas_processed,12381.0,22.0,0.01,0.3078604313060334,3564.0,2.0,30.0,30.304,time,361642.0,300096.0,621.0,0.0885728131814877,0.3078604313060334,0.30786,False,ok
v14_hardened_superset_lb,compas_processed,12381.0,22.0,0.005,0.2978604313060334,3564.0,2.0,30.0,30.278,time,322181.0,261184.0,621.0,0.0785728131814877,0.2978604313060334,0.29786,False,ok
v15_shape_relaxation,chudi,77.0,2.0,0.1,0.464935064935065,5.0,4.0,0.000436250003986,1.305,optimal,27.0,9.0,46.0,0.464935064935065,0.464935064935065,0.464935,True,ok
v15_shape_relaxation,chudi,77.0,2.0,0.05,0.25,0.0,5.0,0.0007957909838296,0.001,optimal,77.0,23.0,46.0,0.25,0.25,0.25,True,ok
v15_shape_relaxation,chudi,77.0,2.0,0.02,0.1,0.0,5.0,0.0008228340302594,0.001,optimal,85.0,25.0,46.0,0.1,0.1,0.1,True,ok
v15_shape_relaxation,chudi,77.0,2.0,0.01,0.05,0.0,5.0,0.0008865830022841,0.001,optimal,94.0,28.0,46.0,0.05,0.05,0.05,True,ok
v15_shape_relaxation,chudi,77.0,2.0,0.005,0.025,0.0,5.0,0.000877832993865,0.001,optimal,94.0,28.0,46.0,0.025,0.025,0.025,True,ok
v15_shape_relaxation,monk_3,122.0,11.0,0.1,0.5213114754098361,27.0,3.0,7.458298932760954e-05,0.001,optimal,6.0,3.0,11.0,0.521311475409836,0.521311475409836,0.521311,True,ok
v15_shape_relaxation,monk_3,122.0,11.0,0.05,0.3713114754098361,27.0,3.0,0.0002404170227237,0.001,optimal,38.0,15.0,11.0,0.3713114754098361,0.3713114754098361,0.371311,True,ok
v15_shape_relaxation,monk_3,122.0,11.0,0.02,0.2429508196721311,15.0,6.0,0.0011886669672094,0.002,optimal,156.0,90.0,11.0,0.2429508196721311,0.2429508196721311,0.242951,True,ok
v15_shape_relaxation,monk_3,122.0,11.0,0.01,0.1555737704918032,8.0,9.0,0.003552625013981,0.004,optimal,472.0,275.0,11.0,0.1555737704918032,0.1555737704918032,0.155574,True,ok
v15_shape_relaxation,monk_3,122.0,11.0,0.005,0.0945901639344262,3.0,14.0,0.0115592090296559,0.012,optimal,1414.0,918.0,11.0,0.0945901639344262,0.0945901639344262,0.09459,True,ok
v15_shape_relaxation,monk_1,124.0,11.0,0.1,0.4661290322580645,33.0,2.0,5.883397534489632e-05,0.001,optimal,3.0,2.0,11.0,0.4661290322580644,0.4661290322580644,0.466129,True,ok
v15_shape_relaxation,monk_1,124.0,11.0,0.05,0.3387096774193548,11.0,5.0,0.0003618749906308,0.001,optimal,46.0,30.0,11.0,0.3387096774193548,0.3387096774193548,0.33871,True,ok
v15_shape_relaxation,monk_1,124.0,11.0,0.02,0.16,0.0,8.0,0.000721667020116,0.001,optimal,100.0,51.0,11.0,0.16,0.16,0.16,True,ok
v15_shape_relaxation,monk_1,124.0,11.0,0.01,0.08,0.0,8.0,0.0007076250039972,0.001,optimal,109.0,52.0,11.0,0.08,0.08,0.08,True,ok
v15_shape_relaxation,monk_1,124.0,11.0,0.005,0.04,0.0,8.0,0.0007047909894026,0.001,optimal,111.0,52.0,11.0,0.04,0.04,0.04,True,ok
v15_shape_relaxation,iris,150.0,4.0,0.1,0.34,6.0,3.0,0.000136791029945,0.001,optimal,5.0,1.0,118.0,0.3399999999999999,0.3399999999999999,0.34,True,ok
v15_shape_relaxation,iris,150.0,4.0,0.05,0.19,6.0,3.0,0.000161540985573,0.001,optimal,5.0,1.0,118.0,0.19,0.19,0.19,True,ok
v15_shape_relaxation,iris,150.0,4.0,0.02,0.1,6.0,3.0,0.0055815000087022,0.007,optimal,142.0,72.0,118.0,0.1,0.1,0.1,True,ok
v15_shape_relaxation,iris,150.0,4.0,0.01,0.06,3.0,4.0,0.0278897919924929,0.029,optimal,621.0,343.0,118.0,0.06,0.06,0.06,True,ok
v15_shape_relaxation,iris,150.0,4.0,0.005,0.0383333333333333,2.0,5.0,0.2260708330431953,0.227,optimal,4263.0,2853.0,118.0,0.0383333333333333,0.0383333333333333,0.038333,True,ok
v15_shape_relaxation,monk_2,169.0,11.0,0.1,0.478698224852071,64.0,1.0,4.070898285135627e-05,0.001,optimal,1.0,1.0,11.0,0.478698224852071,0.478698224852071,0.478698,True,ok
v15_shape_relaxation,monk_2,169.0,11.0,0.05,0.428698224852071,64.0,1.0,0.0002040839754045,0.001,optimal,23.0,13.0,11.0,0.428698224852071,0.428698224852071,0.428698,True,ok
v15_shape_relaxation,monk_2,169.0,11.0,0.02,0.3589349112426035,37.0,7.0,0.0054822500096634,0.006,optimal,595.0,449.0,11.0,0.3589349112426035,0.3589349112426035,0.358935,True,ok
v15_shape_relaxation,monk_2,169.0,11.0,0.01,0.2650887573964497,11.0,20.0,0.0258189999731257,0.027,optimal,2169.0,1694.0,11.0,0.2650887573964497,0.2650887573964497,0.265089,True,ok
v15_shape_relaxation,monk_2,169.0,11.0,0.005,0.1527514792899408,3.0,27.0,0.0448054579901509,0.046,optimal,3809.0,2892.0,11.0,0.1527514792899408,0.1527514792899408,0.152751,True,ok
v15_shape_relaxation,tic-tac-toe,958.0,9.0,0.1,0.4465553235908142,332.0,1.0,4.633399657905102e-05,0.01,optimal,1.0,1.0,27.0,0.4465553235908142,0.4465553235908142,0.446555,True,ok
v15_shape_relaxation,tic-tac-toe,958.0,9.0,0.05,0.3965553235908142,332.0,1.0,0.0008077499805949,0.011,optimal,55.0,37.0,27.0,0.3965553235908141,0.3965553235908141,0.396555,True,ok
v15_shape_relaxation,tic-tac-toe,958.0,9.0,0.02,0.3183298538622129,190.0,6.0,0.0805647500092163,0.091,optimal,5778.0,3555.0,27.0,0.3183298538622129,0.3183298538622129,0.31833,True,ok
v15_shape_relaxation,tic-tac-toe,958.0,9.0,0.01,0.2507515657620042,154.0,9.0,1.2054709589574486,1.22,optimal,82278.0,53695.0,27.0,0.2507515657620042,0.2507515657620042,0.250752,True,ok
v15_shape_relaxation,tic-tac-toe,958.0,9.0,0.005,0.1542797494780793,52.0,20.0,1.8566448329947889,1.873,optimal,142320.0,83765.0,27.0,0.1542797494780793,0.1542797494780793,0.15428,True,ok
v15_shape_relaxation,gaussian_1k,1000.0,1.0,0.1,0.397,297.0,1.0,0.0004003750509582,0.033,optimal,1.0,1.0,999.0,0.397,0.397,0.397,True,ok
v15_shape_relaxation,gaussian_1k,1000.0,1.0,0.05,0.275,125.0,3.0,0.0004839170142076,0.031,optimal,5.0,1.0,999.0,0.275,0.275,0.275,True,ok
v15_shape_relaxation,gaussian_1k,1000.0,1.0,0.02,0.185,125.0,3.0,0.0005329999839887,0.032,optimal,5.0,1.0,999.0,0.1849999999999999,0.1849999999999999,0.185,True,ok
v15_shape_relaxation,gaussian_1k,1000.0,1.0,0.01,0.155,125.0,3.0,0.0005637079593725,0.031,optimal,5.0,1.0,999.0,0.155,0.155,0.155,True,ok
v15_shape_relaxation,gaussian_1k,1000.0,1.0,0.005,0.14,125.0,3.0,0.0005378749920055,0.031,optimal,5.0,1.0,999.0,0.14,0.14,0.14,True,ok
v15_shape_relaxation,fico_1k,1000.0,23.0,0.1,0.491,291.0,2.0,0.1004859999520704,0.136,optimal,4207.0,2608.0,1357.0,0.491,0.491,0.491,True,ok
v15_shape_relaxation,fico_1k,1000.0,23.0,0.05,0.391,291.0,2.0,30.0,30.06,time,741545.0,631616.0,1357.0,0.125,0.391,0.391,False,ok
v15_shape_relaxation,fico_1k,1000.0,23.0,0.02,0.3309999999999999,291.0,2.0,30.0,30.052,time,268286.0,240704.0,1357.0,0.065,0.3309999999999999,0.331,False,ok
v15_shape_relaxation,fico_1k,1000.0,23.0,0.01,0.311,291.0,2.0,30.0,30.067,time,270634.0,262656.0,1357.0,0.045,0.311,0.304,False,worse_than_known
v15_shape_relaxation,fico_1k,1000.0,23.0,0.005,0.301,291.0,2.0,30.0,30.033,time,234703.0,220032.0,1357.0,0.035,0.301,0.284,False,worse_than_known
v15_shape_relaxation,sine_1k,1000.0,1.0,0.1,0.595,495.0,1.0,0.0003911660169251,0.032,optimal,1.0,1.0,999.0,0.595,0.595,0.595,True,ok
v15_shape_relaxation,sine_1k,1000.0,1.0,0.05,0.545,495.0,1.0,0.0004639169783331,0.032,optimal,1.0,1.0,999.0,0.545,0.545,0.545,False,ok
v15_shape_relaxation,sine_1k,1000.0,1.0,0.02,0.494,454.0,2.0,0.0005514579825103,0.032,optimal,3.0,1.0,999.0,0.494,0.494,0.494,False,ok
v15_shape_relaxation,sine_1k,1000.0,1.0,0.01,0.429,169.0,26.0,0.0006785000441595,0.032,optimal,52.0,1.0,999.0,0.4290000000000001,0.4290000000000001,0.443,False,better_than_known
v15_shape_relaxation,sine_1k,1000.0,1.0,0.005,0.269,109.0,32.0,0.0007169590098783,0.032,optimal,67.0,1.0,999.0,0.2690000000000001,0.2690000000000001,0.4,False,better_than_known
v15_shape_relaxation,car_evaluation,1728.0,15.0,0.1,0.3997685185185186,518.0,1.0,3.3708056434988976e-05,0.002,optimal,1.0,1.0,15.0,0.3997685185185184,0.3997685185185184,0.399769,True,ok
v15_shape_relaxation,car_evaluation,1728.0,15.0,0.05,0.2946759259259259,250.0,3.0,0.0001945000258274,0.002,optimal,28.0,9.0,15.0,0.2946759259259259,0.2946759259259259,0.294676,True,ok
v15_shape_relaxation,car_evaluation,1728.0,15.0,0.02,0.2046759259259259,250.0,3.0,0.0048962089931592,0.007,optimal,624.0,382.0,15.0,0.2046759259259259,0.2046759259259259,0.204676,True,ok
v15_shape_relaxation,car_evaluation,1728.0,15.0,0.01,0.1452314814814815,130.0,7.0,0.0295460419729352,0.032,optimal,2311.0,1879.0,15.0,0.1452314814814815,0.1452314814814815,0.145231,True,ok
v15_shape_relaxation,car_evaluation,1728.0,15.0,0.005,0.1063425925925926,106.0,9.0,0.1460425839759409,0.149,optimal,8781.0,8192.0,15.0,0.1063425925925926,0.1063425925925926,0.106343,True,ok
v15_shape_relaxation,coupon_bar,1913.0,14.0,0.1,0.5119184526921067,788.0,1.0,3.608397673815489e-05,0.003,optimal,1.0,1.0,14.0,0.5119184526921067,0.5119184526921067,0.511918,True,ok
v15_shape_relaxation,coupon_bar,1913.0,14.0,0.05,0.4538944066910612,677.0,2.0,0.000197332992684,0.002,optimal,27.0,14.0,14.0,0.4538944066910611,0.4538944066910611,0.453894,True,ok
v15_shape_relaxation,coupon_bar,1913.0,14.0,0.02,0.3715525352848928,596.0,3.0,0.0015097079449333,0.004,optimal,189.0,120.0,14.0,0.3715525352848928,0.3715525352848928,0.371553,True,ok
v15_shape_relaxation,coupon_bar,1913.0,14.0,0.01,0.3410977522216414,576.0,4.0,0.0097467079758644,0.012,optimal,943.0,771.0,14.0,0.3410977522216414,0.3410977522216414,0.341098,True,ok
v15_shape_relaxation,coupon_bar,1913.0,14.0,0.005,0.3186199686356508,533.0,8.0,0.0666695419931784,0.069,optimal,3516.0,3955.0,14.0,0.3186199686356508,0.3186199686356508,0.31862,True,ok
v15_shape_relaxation,compas_binned,6907.0,12.0,0.1,0.5610829593166353,2494.0,2.0,4.358298610895872e-05,0.006,optimal,3.0,1.0,12.0,0.5610829593166353,0.5610829593166353,0.561083,True,ok
v15_shape_relaxation,compas_binned,6907.0,12.0,0.05,0.4610829593166353,2494.0,2.0,3.612501313909888e-05,0.006,optimal,3.0,1.0,12.0,0.4610829593166352,0.4610829593166352,0.461083,True,ok
v15_shape_relaxation,compas_binned,6907.0,12.0,0.02,0.4010829593166353,2494.0,2.0,0.0002145830076187,0.006,optimal,21.0,11.0,12.0,0.4010829593166353,0.4010829593166353,0.401083,True,ok
v15_shape_relaxation,compas_binned,6907.0,12.0,0.01,0.3748675256985666,2382.0,3.0,0.0011726659722626,0.007,optimal,111.0,61.0,12.0,0.3748675256985667,0.3748675256985667,0.374868,True,ok
v15_shape_relaxation,compas_binned,6907.0,12.0,0.005,0.355968582597365,2286.0,5.0,0.0031320420093834,0.009,optimal,294.0,198.0,12.0,0.3559685825973649,0.3559685825973649,0.355969,True,ok
v15_shape_relaxation,fico_binary,10459.0,17.0,0.1,0.5040443637058992,3180.0,2.0,4.695897223427892e-05,0.012,optimal,3.0,1.0,17.0,0.5040443637058992,0.5040443637058992,0.504044,True,ok
v15_shape_relaxation,fico_binary,10459.0,17.0,0.05,0.4040443637058992,3180.0,2.0,0.0002475829678587,0.012,optimal,23.0,12.0,17.0,0.4040443637058992,0.4040443637058992,0.404044,True,ok
v15_shape_relaxation,fico_binary,10459.0,17.0,0.02,0.3440443637058992,3180.0,2.0,0.0028908330132253,0.014,optimal,277.0,164.0,17.0,0.3440443637058992,0.3440443637058992,0.344044,True,ok
v15_shape_relaxation,fico_binary,10459.0,17.0,0.01,0.3240443637058992,3180.0,2.0,0.1038720409851521,0.116,optimal,5675.0,4295.0,17.0,0.3240443637058992,0.3240443637058992,0.324044,True,ok
v15_shape_relaxation,fico_binary,10459.0,17.0,0.005,0.308650922650349,3019.0,4.0,1.6266690830234438,1.647,optimal,51348.0,58199.0,17.0,0.308650922650349,0.308650922650349,0.308651,True,ok
v15_shape_relaxation,compas_processed,12381.0,22.0,0.1,0.411364187060819,3855.0,1.0,0.0006431670044548,0.233,optimal,23.0,12.0,621.0,0.411364187060819,0.411364187060819,0.411364,True,ok
v15_shape_relaxation,compas_processed,12381.0,22.0,0.05,0.3613641870608189,3855.0,1.0,0.6354943750193343,0.854,optimal,18797.0,11999.0,621.0,0.3613641870608189,0.3613641870608189,0.361364,True,ok
v15_shape_relaxation,compas_processed,12381.0,22.0,0.02,0.3278604313060334,3564.0,2.0,30.0,30.353,time,583350.0,442432.0,621.0,0.1085728131814877,0.3278604313060334,0.32786,False,ok
v15_shape_relaxation,compas_processed,12381.0,22.0,0.01,0.3078604313060334,3564.0,2.0,30.0,30.289,time,394269.0,328832.0,621.0,0.0885728131814877,0.3078604313060334,0.30786,False,ok
v15_shape_relaxation,compas_processed,12381.0,22.0,0.005,0.2978604313060334,3564.0,2.0,30.0,30.286,time,345904.0,285760.0,621.0,0.0785728131814877,0.2978604313060334,0.29786,False,ok
v16_fused_expansion,chudi,77.0,2.0,0.1,0.464935064935065,5.0,4.0,0.0003695409977808,1.66,optimal,19.0,9.0,46.0,0.464935064935065,0.464935064935065,0.464935,True,ok
v16_fused_expansion,chudi,77.0,2.0,0.05,0.25,0.0,5.0,0.0006318750092759,0.001,optimal,54.0,23.0,46.0,0.25,0.25,0.25,True,ok
v16_fused_expansion,chudi,77.0,2.0,0.02,0.1,0.0,5.0,0.0006834170198999,0.001,optimal,62.0,25.0,46.0,0.1,0.1,0.1,True,ok
v16_fused_expansion,chudi,77.0,2.0,0.01,0.05,0.0,5.0,0.0007828749949112,0.001,optimal,68.0,28.0,46.0,0.05,0.05,0.05,True,ok
v16_fused_expansion,chudi,77.0,2.0,0.005,0.025,0.0,5.0,0.0007534999749623,0.001,optimal,68.0,28.0,46.0,0.025,0.025,0.025,True,ok
v16_fused_expansion,monk_3,122.0,11.0,0.1,0.5213114754098361,27.0,3.0,7.562502287328243e-05,0.001,optimal,6.0,3.0,11.0,0.521311475409836,0.521311475409836,0.521311,True,ok
v16_fused_expansion,monk_3,122.0,11.0,0.05,0.3713114754098361,27.0,3.0,0.0001752080279402,0.001,optimal,28.0,15.0,11.0,0.3713114754098361,0.3713114754098361,0.371311,True,ok
v16_fused_expansion,monk_3,122.0,11.0,0.02,0.2429508196721311,15.0,6.0,0.0008863330003805,0.002,optimal,133.0,90.0,11.0,0.2429508196721311,0.2429508196721311,0.242951,True,ok
v16_fused_expansion,monk_3,122.0,11.0,0.01,0.1555737704918032,8.0,9.0,0.0025962090003304,0.003,optimal,380.0,275.0,11.0,0.1555737704918032,0.1555737704918032,0.155574,True,ok
v16_fused_expansion,monk_3,122.0,11.0,0.005,0.0945901639344262,3.0,14.0,0.0090458340127952,0.01,optimal,1235.0,919.0,11.0,0.0945901639344262,0.0945901639344262,0.09459,True,ok
v16_fused_expansion,monk_1,124.0,11.0,0.1,0.4661290322580645,33.0,2.0,5.329196574166417e-05,0.001,optimal,3.0,2.0,11.0,0.4661290322580644,0.4661290322580644,0.466129,True,ok
v16_fused_expansion,monk_1,124.0,11.0,0.05,0.3387096774193548,11.0,5.0,0.0002744169905781,0.001,optimal,46.0,30.0,11.0,0.3387096774193548,0.3387096774193548,0.33871,True,ok
v16_fused_expansion,monk_1,124.0,11.0,0.02,0.16,0.0,8.0,0.0005899580428376,0.001,optimal,94.0,51.0,11.0,0.16,0.16,0.16,True,ok
v16_fused_expansion,monk_1,124.0,11.0,0.01,0.08,0.0,8.0,0.0005637920112349,0.001,optimal,100.0,52.0,11.0,0.08,0.08,0.08,True,ok
v16_fused_expansion,monk_1,124.0,11.0,0.005,0.04,0.0,8.0,0.0005385419935919,0.001,optimal,100.0,52.0,11.0,0.04,0.04,0.04,True,ok
v16_fused_expansion,iris,150.0,4.0,0.1,0.34,6.0,3.0,0.0001318330178037,0.001,optimal,5.0,1.0,118.0,0.3399999999999999,0.3399999999999999,0.34,True,ok
v16_fused_expansion,iris,150.0,4.0,0.05,0.19,6.0,3.0,0.0001486670225858,0.001,optimal,5.0,1.0,118.0,0.19,0.19,0.19,True,ok
v16_fused_expansion,iris,150.0,4.0,0.02,0.1,6.0,3.0,0.0053200839902274,0.006,optimal,120.0,72.0,118.0,0.1,0.1,0.1,True,ok
v16_fused_expansion,iris,150.0,4.0,0.01,0.06,3.0,4.0,0.0258321670116856,0.027,optimal,500.0,343.0,118.0,0.06,0.06,0.06,True,ok
v16_fused_expansion,iris,150.0,4.0,0.005,0.0383333333333333,2.0,5.0,0.2129345419816672,0.214,optimal,3214.0,2853.0,118.0,0.0383333333333333,0.0383333333333333,0.038333,True,ok
v16_fused_expansion,monk_2,169.0,11.0,0.1,0.478698224852071,64.0,1.0,3.2334006391465664e-05,0.001,optimal,1.0,1.0,11.0,0.478698224852071,0.478698224852071,0.478698,True,ok
v16_fused_expansion,monk_2,169.0,11.0,0.05,0.428698224852071,64.0,1.0,0.0001457499456591,0.001,optimal,23.0,13.0,11.0,0.428698224852071,0.428698224852071,0.428698,True,ok
v16_fused_expansion,monk_2,169.0,11.0,0.02,0.3589349112426035,37.0,7.0,0.0039060830022208,0.005,optimal,541.0,448.0,11.0,0.3589349112426035,0.3589349112426035,0.358935,True,ok
v16_fused_expansion,monk_2,169.0,11.0,0.01,0.2650887573964497,11.0,20.0,0.0198193329852074,0.021,optimal,1956.0,1682.0,11.0,0.2650887573964497,0.2650887573964497,0.265089,True,ok
v16_fused_expansion,monk_2,169.0,11.0,0.005,0.1527514792899408,3.0,27.0,0.0326587090385146,0.034,optimal,3397.0,2860.0,11.0,0.1527514792899408,0.1527514792899408,0.152751,True,ok
v16_fused_expansion,tic-tac-toe,958.0,9.0,0.1,0.4465553235908142,332.0,1.0,4.316703416407108e-05,0.009,optimal,1.0,1.0,27.0,0.4465553235908142,0.4465553235908142,0.446555,True,ok
v16_fused_expansion,tic-tac-toe,958.0,9.0,0.05,0.3965553235908142,332.0,1.0,0.0006585830124095,0.01,optimal,55.0,37.0,27.0,0.3965553235908141,0.3965553235908141,0.396555,True,ok
v16_fused_expansion,tic-tac-toe,958.0,9.0,0.02,0.3183298538622129,190.0,6.0,0.0645347499521449,0.074,optimal,5139.0,3527.0,27.0,0.3183298538622129,0.3183298538622129,0.31833,True,ok
v16_fused_expansion,tic-tac-toe,958.0,9.0,0.01,0.2507515657620042,154.0,9.0,0.9680327500100248,0.981,optimal,70779.0,52820.0,27.0,0.2507515657620042,0.2507515657620042,0.250752,True,ok
v16_fused_expansion,tic-tac-toe,958.0,9.0,0.005,0.1542797494780793,52.0,20.0,1.4776554999989455,1.492,optimal,112521.0,81011.0,27.0,0.1542797494780793,0.1542797494780793,0.15428,True,ok
v16_fused_expansion,gaussian_1k,1000.0,1.0,0.1,0.397,297.0,1.0,0.0003858340205624,0.031,optimal,1.0,1.0,999.0,0.397,0.397,0.397,True,ok
v16_fused_expansion,gaussian_1k,1000.0,1.0,0.05,0.275,125.0,3.0,0.0004800000460818,0.031,optimal,5.0,1.0,999.0,0.275,0.275,0.275,True,ok
v16_fused_expansion,gaussian_1k,1000.0,1.0,0.02,0.185,125.0,3.0,0.0005247920053079,0.031,optimal,5.0,1.0,999.0,0.1849999999999999,0.1849999999999999,0.185,True,ok
v16_fused_expansion,gaussian_1k,1000.0,1.0,0.01,0.155,125.0,3.0,0.0005324169760569,0.031,optimal,5.0,1.0,999.0,0.155,0.155,0.155,True,ok
v16_fused_expansion,gaussian_1k,1000.0,1.0,0.005,0.14,125.0,3.0,0.0049810420023277,0.035,optimal,5.0,1.0,999.0,0.14,0.14,0.14,True,ok
v16_fused_expansion,fico_1k,1000.0,23.0,0.1,0.491,291.0,2.0,0.0972990830196067,0.114,optimal,4207.0,2608.0,1357.0,0.491,0.491,0.491,True,ok
v16_fused_expansion,fico_1k,1000.0,23.0,0.05,0.391,291.0,2.0,30.0,30.075,time,759302.0,648448.0,1357.0,0.125,0.391,0.391,False,ok
v16_fused_expansion,fico_1k,1000.0,23.0,0.02,0.3309999999999999,291.0,2.0,30.0,30.032,time,274718.0,246528.0,1357.0,0.065,0.3309999999999999,0.331,False,ok
v16_fused_expansion,fico_1k,1000.0,23.0,0.01,0.311,291.0,2.0,30.0,30.044,time,276502.0,268288.0,1357.0,0.045,0.311,0.304,False,worse_than_known
v16_fused_expansion,fico_1k,1000.0,23.0,0.005,0.301,291.0,2.0,30.0,30.03,time,240905.0,225920.0,1357.0,0.035,0.301,0.284,False,worse_than_known
v16_fused_expansion,sine_1k,1000.0,1.0,0.1,0.595,495.0,1.0,0.0033627090160734,0.034,optimal,1.0,1.0,999.0,0.595,0.595,0.595,True,ok
v16_fused_expansion,sine_1k,1000.0,1.0,0.05,0.545,495.0,1.0,0.0041244160383939,0.035,optimal,1.0,1.0,999.0,0.545,0.545,0.545,False,ok
v16_fused_expansion,sine_1k,1000.0,1.0,0.02,0.494,454.0,2.0,0.0046497079893015,0.037,optimal,3.0,1.0,999.0,0.494,0.494,0.494,False,ok
v16_fused_expansion,sine_1k,1000.0,1.0,0.01,0.429,169.0,26.0,0.0055128330131992,0.037,optimal,52.0,1.0,999.0,0.4290000000000001,0.4290000000000001,0.443,False,better_than_known
v16_fused_expansion,sine_1k,1000.0,1.0,0.005,0.269,109.0,32.0,0.0055319169769063,0.039,optimal,67.0,1.0,999.0,0.2690000000000001,0.2690000000000001,0.4,False,better_than_known
v16_fused_expansion,car_evaluation,1728.0,15.0,0.1,0.3997685185185186,518.0,1.0,3.145798109471798e-05,0.002,optimal,1.0,1.0,15.0,0.3997685185185184,0.3997685185185184,0.399769,True,ok
v16_fused_expansion,car_evaluation,1728.0,15.0,0.05,0.2946759259259259,250.0,3.0,0.000162792042829,0.002,optimal,18.0,9.0,15.0,0.2946759259259259,0.2946759259259259,0.294676,True,ok
v16_fused_expansion,car_evaluation,1728.0,15.0,0.02,0.2046759259259259,250.0,3.0,0.0040334169752895,0.006,optimal,572.0,382.0,15.0,0.2046759259259259,0.2046759259259259,0.204676,True,ok
v16_fused_expansion,car_evaluation,1728.0,15.0,0.01,0.1452314814814815,130.0,7.0,0.0243668340262956,0.027,optimal,2192.0,1856.0,15.0,0.1452314814814815,0.1452314814814815,0.145231,True,ok
v16_fused_expansion,car_evaluation,1728.0,15.0,0.005,0.1063425925925926,106.0,9.0,0.1106756670051254,0.113,optimal,8111.0,8169.0,15.0,0.1063425925925926,0.1063425925925926,0.106343,True,ok
v16_fused_expansion,coupon_bar,1913.0,14.0,0.1,0.5119184526921067,788.0,1.0,2.458400558680296e-05,0.002,optimal,1.0,1.0,14.0,0.5119184526921067,0.5119184526921067,0.511918,True,ok
v16_fused_expansion,coupon_bar,1913.0,14.0,0.05,0.4538944066910612,677.0,2.0,0.0001556249917484,0.002,optimal,27.0,14.0,14.0,0.4538944066910611,0.4538944066910611,0.453894,True,ok
v16_fused_expansion,coupon_bar,1913.0,14.0,0.02,0.3715525352848928,596.0,3.0,0.0012340000248514,0.003,optimal,189.0,120.0,14.0,0.3715525352848928,0.3715525352848928,0.371553,True,ok
v16_fused_expansion,coupon_bar,1913.0,14.0,0.01,0.3410977522216414,576.0,4.0,0.0078680829610675,0.01,optimal,943.0,771.0,14.0,0.3410977522216414,0.3410977522216414,0.341098,True,ok
v16_fused_expansion,coupon_bar,1913.0,14.0,0.005,0.3186199686356508,533.0,8.0,0.054394458013121,0.057,optimal,3516.0,3955.0,14.0,0.3186199686356508,0.3186199686356508,0.31862,True,ok
v16_fused_expansion,compas_binned,6907.0,12.0,0.1,0.5610829593166353,2494.0,2.0,3.7375022657215595e-05,0.006,optimal,3.0,1.0,12.0,0.5610829593166353,0.5610829593166353,0.561083,True,ok
v16_fused_expansion,compas_binned,6907.0,12.0,0.05,0.4610829593166353,2494.0,2.0,3.187498077750206e-05,0.006,optimal,3.0,1.0,12.0,0.4610829593166352,0.4610829593166352,0.461083,True,ok
v16_fused_expansion,compas_binned,6907.0,12.0,0.02,0.4010829593166353,2494.0,2.0,0.0001618749811314,0.006,optimal,21.0,11.0,12.0,0.4010829593166353,0.4010829593166353,0.401083,True,ok
v16_fused_expansion,compas_binned,6907.0,12.0,0.01,0.3748675256985666,2382.0,3.0,0.0008966249879449,0.007,optimal,111.0,61.0,12.0,0.3748675256985667,0.3748675256985667,0.374868,True,ok
v16_fused_expansion,compas_binned,6907.0,12.0,0.005,0.355968582597365,2286.0,5.0,0.0026159170083701,0.008,optimal,294.0,198.0,12.0,0.3559685825973649,0.3559685825973649,0.355969,True,ok
v16_fused_expansion,fico_binary,10459.0,17.0,0.1,0.5040443637058992,3180.0,2.0,4.158396041020751e-05,0.012,optimal,3.0,1.0,17.0,0.5040443637058992,0.5040443637058992,0.504044,True,ok
v16_fused_expansion,fico_binary,10459.0,17.0,0.05,0.4040443637058992,3180.0,2.0,0.0001973750186152,0.012,optimal,23.0,12.0,17.0,0.4040443637058992,0.4040443637058992,0.404044,True,ok
v16_fused_expansion,fico_binary,10459.0,17.0,0.02,0.3440443637058992,3180.0,2.0,0.0025296250241808,0.014,optimal,277.0,164.0,17.0,0.3440443637058992,0.3440443637058992,0.344044,True,ok
v16_fused_expansion,fico_binary,10459.0,17.0,0.01,0.3240443637058992,3180.0,2.0,0.0913920410093851,0.104,optimal,5675.0,4295.0,17.0,0.3240443637058992,0.3240443637058992,0.324044,True,ok
v16_fused_expansion,fico_binary,10459.0,17.0,0.005,0.308650922650349,3019.0,4.0,1.3916200419771485,1.413,optimal,51348.0,58199.0,17.0,0.308650922650349,0.308650922650349,0.308651,True,ok
v16_fused_expansion,compas_processed,12381.0,22.0,0.1,0.411364187060819,3855.0,1.0,0.0005925410077907,0.216,optimal,23.0,12.0,621.0,0.411364187060819,0.411364187060819,0.411364,True,ok
v16_fused_expansion,compas_processed,12381.0,22.0,0.05,0.3613641870608189,3855.0,1.0,0.6214558329666033,0.835,optimal,18797.0,11999.0,621.0,0.3613641870608189,0.3613641870608189,0.361364,True,ok
v16_fused_expansion,compas_processed,12381.0,22.0,0.02,0.3278604313060334,3564.0,2.0,30.0,30.346,time,618808.0,466624.0,621.0,0.1085728131814877,0.3278604313060334,0.32786,False,ok
v16_fused_expansion,compas_processed,12381.0,22.0,0.01,0.3078604313060334,3564.0,2.0,30.0,30.283,time,404725.0,336768.0,621.0,0.0885728131814877,0.3078604313060334,0.30786,False,ok
v16_fused_expansion,compas_processed,12381.0,22.0,0.005,0.2978604313060334,3564.0,2.0,30.0,30.271,time,351993.0,291904.0,621.0,0.0785728131814877,0.2978604313060334,0.29786,False,ok
v16b_fused_expansion,chudi,77.0,2.0,0.1,0.464935064935065,5.0,4.0,0.0003674160107038,1.714,optimal,19.0,9.0,46.0,0.464935064935065,0.464935064935065,0.464935,True,ok
v16b_fused_expansion,chudi,77.0,2.0,0.05,0.25,0.0,5.0,0.0006291669560596,0.001,optimal,54.0,23.0,46.0,0.25,0.25,0.25,True,ok
v16b_fused_expansion,chudi,77.0,2.0,0.02,0.1,0.0,5.0,0.0006752500194124,0.001,optimal,62.0,25.0,46.0,0.1,0.1,0.1,True,ok
v16b_fused_expansion,chudi,77.0,2.0,0.01,0.05,0.0,5.0,0.0007344170007854,0.001,optimal,68.0,28.0,46.0,0.05,0.05,0.05,True,ok
v16b_fused_expansion,chudi,77.0,2.0,0.005,0.025,0.0,5.0,0.0007285839528776,0.001,optimal,68.0,28.0,46.0,0.025,0.025,0.025,True,ok
v16b_fused_expansion,monk_3,122.0,11.0,0.1,0.5213114754098361,27.0,3.0,7.558299694210291e-05,0.001,optimal,6.0,3.0,11.0,0.521311475409836,0.521311475409836,0.521311,True,ok
v16b_fused_expansion,monk_3,122.0,11.0,0.05,0.3713114754098361,27.0,3.0,0.0001925830147229,0.001,optimal,28.0,15.0,11.0,0.3713114754098361,0.3713114754098361,0.371311,True,ok
v16b_fused_expansion,monk_3,122.0,11.0,0.02,0.2429508196721311,15.0,6.0,0.0008951250347308,0.002,optimal,133.0,90.0,11.0,0.2429508196721311,0.2429508196721311,0.242951,True,ok
v16b_fused_expansion,monk_3,122.0,11.0,0.01,0.1555737704918032,8.0,9.0,0.0025272499769926,0.003,optimal,380.0,275.0,11.0,0.1555737704918032,0.1555737704918032,0.155574,True,ok
v16b_fused_expansion,monk_3,122.0,11.0,0.005,0.0945901639344262,3.0,14.0,0.0082657499588094,0.009,optimal,1235.0,919.0,11.0,0.0945901639344262,0.0945901639344262,0.09459,True,ok
v16b_fused_expansion,monk_1,124.0,11.0,0.1,0.4661290322580645,33.0,2.0,5.579099524766207e-05,0.001,optimal,3.0,2.0,11.0,0.4661290322580644,0.4661290322580644,0.466129,True,ok
v16b_fused_expansion,monk_1,124.0,11.0,0.05,0.3387096774193548,11.0,5.0,0.0002772500156424,0.001,optimal,46.0,30.0,11.0,0.3387096774193548,0.3387096774193548,0.33871,True,ok
v16b_fused_expansion,monk_1,124.0,11.0,0.02,0.16,0.0,8.0,0.0005277920281514,0.001,optimal,94.0,51.0,11.0,0.16,0.16,0.16,True,ok
v16b_fused_expansion,monk_1,124.0,11.0,0.01,0.08,0.0,8.0,0.0005352909793145,0.001,optimal,100.0,52.0,11.0,0.08,0.08,0.08,True,ok
v16b_fused_expansion,monk_1,124.0,11.0,0.005,0.04,0.0,8.0,0.0005272079724818,0.001,optimal,100.0,52.0,11.0,0.04,0.04,0.04,True,ok
v16b_fused_expansion,iris,150.0,4.0,0.1,0.34,6.0,3.0,0.0001279160496778,0.001,optimal,5.0,1.0,118.0,0.3399999999999999,0.3399999999999999,0.34,True,ok
v16b_fused_expansion,iris,150.0,4.0,0.05,0.19,6.0,3.0,0.0001478750491514,0.001,optimal,5.0,1.0,118.0,0.19,0.19,0.19,True,ok
v16b_fused_expansion,iris,150.0,4.0,0.02,0.1,6.0,3.0,0.0052037920104339,0.006,optimal,120.0,72.0,118.0,0.1,0.1,0.1,True,ok
v16b_fused_expansion,iris,150.0,4.0,0.01,0.06,3.0,4.0,0.0257100840099155,0.027,optimal,500.0,343.0,118.0,0.06,0.06,0.06,True,ok
v16b_fused_expansion,iris,150.0,4.0,0.005,0.0383333333333333,2.0,5.0,0.2115892089786939,0.213,optimal,3214.0,2853.0,118.0,0.0383333333333333,0.0383333333333333,0.038333,True,ok
v16b_fused_expansion,monk_2,169.0,11.0,0.1,0.478698224852071,64.0,1.0,3.204098902642727e-05,0.001,optimal,1.0,1.0,11.0,0.478698224852071,0.478698224852071,0.478698,True,ok
v16b_fused_expansion,monk_2,169.0,11.0,0.05,0.428698224852071,64.0,1.0,0.0001389580429531,0.001,optimal,23.0,13.0,11.0,0.428698224852071,0.428698224852071,0.428698,True,ok
v16b_fused_expansion,monk_2,169.0,11.0,0.02,0.3589349112426035,37.0,7.0,0.0039785829721949,0.005,optimal,541.0,448.0,11.0,0.3589349112426035,0.3589349112426035,0.358935,True,ok
v16b_fused_expansion,monk_2,169.0,11.0,0.01,0.2650887573964497,11.0,20.0,0.0199544169590808,0.021,optimal,1956.0,1682.0,11.0,0.2650887573964497,0.2650887573964497,0.265089,True,ok
v16b_fused_expansion,monk_2,169.0,11.0,0.005,0.1527514792899408,3.0,27.0,0.0341180420364253,0.035,optimal,3397.0,2860.0,11.0,0.1527514792899408,0.1527514792899408,0.152751,True,ok
v16b_fused_expansion,tic-tac-toe,958.0,9.0,0.1,0.4465553235908142,332.0,1.0,4.675000673159957e-05,0.01,optimal,1.0,1.0,27.0,0.4465553235908142,0.4465553235908142,0.446555,True,ok
v16b_fused_expansion,tic-tac-toe,958.0,9.0,0.05,0.3965553235908142,332.0,1.0,0.000675749965012,0.01,optimal,55.0,37.0,27.0,0.3965553235908141,0.3965553235908141,0.396555,True,ok
v16b_fused_expansion,tic-tac-toe,958.0,9.0,0.02,0.3183298538622129,190.0,6.0,0.068418750015553,0.078,optimal,5139.0,3527.0,27.0,0.3183298538622129,0.3183298538622129,0.31833,True,ok
v16b_fused_expansion,tic-tac-toe,958.0,9.0,0.01,0.2507515657620042,154.0,9.0,0.9732932500191964,0.986,optimal,70779.0,52820.0,27.0,0.2507515657620042,0.2507515657620042,0.250752,True,ok
v16b_fused_expansion,tic-tac-toe,958.0,9.0,0.005,0.1542797494780793,52.0,20.0,1.499194832984358,1.514,optimal,112521.0,81011.0,27.0,0.1542797494780793,0.1542797494780793,0.15428,True,ok
v16b_fused_expansion,gaussian_1k,1000.0,1.0,0.1,0.397,297.0,1.0,0.0003898750292137,0.031,optimal,1.0,1.0,999.0,0.397,0.397,0.397,True,ok
v16b_fused_expansion,gaussian_1k,1000.0,1.0,0.05,0.275,125.0,3.0,0.0004795839777216,0.03,optimal,5.0,1.0,999.0,0.275,0.275,0.275,True,ok
v16b_fused_expansion,gaussian_1k,1000.0,1.0,0.02,0.185,125.0,3.0,0.000521124980878,0.03,optimal,5.0,1.0,999.0,0.1849999999999999,0.1849999999999999,0.185,True,ok
v16b_fused_expansion,gaussian_1k,1000.0,1.0,0.01,0.155,125.0,3.0,0.0005308330291882,0.031,optimal,5.0,1.0,999.0,0.155,0.155,0.155,True,ok
v16b_fused_expansion,gaussian_1k,1000.0,1.0,0.005,0.14,125.0,3.0,0.0005372089799493,0.03,optimal,5.0,1.0,999.0,0.14,0.14,0.14,True,ok
v16b_fused_expansion,fico_1k,1000.0,23.0,0.1,0.491,291.0,2.0,0.0967632090323604,0.114,optimal,4207.0,2608.0,1357.0,0.491,0.491,0.491,True,ok
v16b_fused_expansion,fico_1k,1000.0,23.0,0.05,0.391,291.0,2.0,30.0,30.059,time,758522.0,647680.0,1357.0,0.125,0.391,0.391,False,ok
v16b_fused_expansion,fico_1k,1000.0,23.0,0.02,0.3309999999999999,291.0,2.0,30.0,30.06,time,274429.0,246336.0,1357.0,0.065,0.3309999999999999,0.331,False,ok
v16b_fused_expansion,fico_1k,1000.0,23.0,0.01,0.311,291.0,2.0,30.0,30.037,time,276257.0,268032.0,1357.0,0.045,0.311,0.304,False,worse_than_known
v16b_fused_expansion,fico_1k,1000.0,23.0,0.005,0.301,291.0,2.0,30.0,30.055,time,239993.0,225024.0,1357.0,0.035,0.301,0.284,False,worse_than_known
v16b_fused_expansion,sine_1k,1000.0,1.0,0.1,0.595,495.0,1.0,0.0003952079568989,0.033,optimal,1.0,1.0,999.0,0.595,0.595,0.595,True,ok
v16b_fused_expansion,sine_1k,1000.0,1.0,0.05,0.545,495.0,1.0,0.0004729579668492,0.031,optimal,1.0,1.0,999.0,0.545,0.545,0.545,False,ok
v16b_fused_expansion,sine_1k,1000.0,1.0,0.02,0.494,454.0,2.0,0.0005612919921986,0.031,optimal,3.0,1.0,999.0,0.494,0.494,0.494,False,ok
v16b_fused_expansion,sine_1k,1000.0,1.0,0.01,0.429,169.0,26.0,0.0006665419787168,0.031,optimal,52.0,1.0,999.0,0.4290000000000001,0.4290000000000001,0.443,False,better_than_known
v16b_fused_expansion,sine_1k,1000.0,1.0,0.005,0.269,109.0,32.0,0.0007185830036178,0.032,optimal,67.0,1.0,999.0,0.2690000000000001,0.2690000000000001,0.4,False,better_than_known
v16b_fused_expansion,car_evaluation,1728.0,15.0,0.1,0.3997685185185186,518.0,1.0,3.174995072185993e-05,0.002,optimal,1.0,1.0,15.0,0.3997685185185184,0.3997685185185184,0.399769,True,ok
v16b_fused_expansion,car_evaluation,1728.0,15.0,0.05,0.2946759259259259,250.0,3.0,0.000154040986672,0.002,optimal,18.0,9.0,15.0,0.2946759259259259,0.2946759259259259,0.294676,True,ok
v16b_fused_expansion,car_evaluation,1728.0,15.0,0.02,0.2046759259259259,250.0,3.0,0.0038252499653026,0.006,optimal,572.0,382.0,15.0,0.2046759259259259,0.2046759259259259,0.204676,True,ok
v16b_fused_expansion,car_evaluation,1728.0,15.0,0.01,0.1452314814814815,130.0,7.0,0.0243916669860482,0.027,optimal,2192.0,1856.0,15.0,0.1452314814814815,0.1452314814814815,0.145231,True,ok
v16b_fused_expansion,car_evaluation,1728.0,15.0,0.005,0.1063425925925926,106.0,9.0,0.1180826669442467,0.121,optimal,8111.0,8169.0,15.0,0.1063425925925926,0.1063425925925926,0.106343,True,ok
v16b_fused_expansion,coupon_bar,1913.0,14.0,0.1,0.5119184526921067,788.0,1.0,2.6749970857053995e-05,0.003,optimal,1.0,1.0,14.0,0.5119184526921067,0.5119184526921067,0.511918,True,ok
v16b_fused_expansion,coupon_bar,1913.0,14.0,0.05,0.4538944066910612,677.0,2.0,0.0001632079947739,0.003,optimal,27.0,14.0,14.0,0.4538944066910611,0.4538944066910611,0.453894,True,ok
v16b_fused_expansion,coupon_bar,1913.0,14.0,0.02,0.3715525352848928,596.0,3.0,0.0012360829859972,0.004,optimal,189.0,120.0,14.0,0.3715525352848928,0.3715525352848928,0.371553,True,ok
v16b_fused_expansion,coupon_bar,1913.0,14.0,0.01,0.3410977522216414,576.0,4.0,0.008029541990254,0.01,optimal,943.0,771.0,14.0,0.3410977522216414,0.3410977522216414,0.341098,True,ok
v16b_fused_expansion,coupon_bar,1913.0,14.0,0.005,0.3186199686356508,533.0,8.0,0.0547519579995423,0.057,optimal,3516.0,3955.0,14.0,0.3186199686356508,0.3186199686356508,0.31862,True,ok
v16b_fused_expansion,compas_binned,6907.0,12.0,0.1,0.5610829593166353,2494.0,2.0,3.712502075359225e-05,0.006,optimal,3.0,1.0,12.0,0.5610829593166353,0.5610829593166353,0.561083,True,ok
v16b_fused_expansion,compas_binned,6907.0,12.0,0.05,0.4610829593166353,2494.0,2.0,3.120902692899108e-05,0.006,optimal,3.0,1.0,12.0,0.4610829593166352,0.4610829593166352,0.461083,True,ok
v16b_fused_expansion,compas_binned,6907.0,12.0,0.02,0.4010829593166353,2494.0,2.0,0.0001627500168979,0.006,optimal,21.0,11.0,12.0,0.4010829593166353,0.4010829593166353,0.401083,True,ok
v16b_fused_expansion,compas_binned,6907.0,12.0,0.01,0.3748675256985666,2382.0,3.0,0.0008831250015646,0.007,optimal,111.0,61.0,12.0,0.3748675256985667,0.3748675256985667,0.374868,True,ok
v16b_fused_expansion,compas_binned,6907.0,12.0,0.005,0.355968582597365,2286.0,5.0,0.0026207499904558,0.009,optimal,294.0,198.0,12.0,0.3559685825973649,0.3559685825973649,0.355969,True,ok
v16b_fused_expansion,fico_binary,10459.0,17.0,0.1,0.5040443637058992,3180.0,2.0,3.670895239338279e-05,0.012,optimal,3.0,1.0,17.0,0.5040443637058992,0.5040443637058992,0.504044,True,ok
v16b_fused_expansion,fico_binary,10459.0,17.0,0.05,0.4040443637058992,3180.0,2.0,0.0002009580493904,0.013,optimal,23.0,12.0,17.0,0.4040443637058992,0.4040443637058992,0.404044,True,ok
v16b_fused_expansion,fico_binary,10459.0,17.0,0.02,0.3440443637058992,3180.0,2.0,0.0024909159983508,0.015,optimal,277.0,164.0,17.0,0.3440443637058992,0.3440443637058992,0.344044,True,ok
v16b_fused_expansion,fico_binary,10459.0,17.0,0.01,0.3240443637058992,3180.0,2.0,0.0912845410057343,0.104,optimal,5675.0,4295.0,17.0,0.3240443637058992,0.3240443637058992,0.324044,True,ok
v16b_fused_expansion,fico_binary,10459.0,17.0,0.005,0.308650922650349,3019.0,4.0,1.445166707970202,1.467,optimal,51348.0,58199.0,17.0,0.308650922650349,0.308650922650349,0.308651,True,ok
v16b_fused_expansion,compas_processed,12381.0,22.0,0.1,0.411364187060819,3855.0,1.0,0.0005732919671572,0.225,optimal,23.0,12.0,621.0,0.411364187060819,0.411364187060819,0.411364,True,ok
v16b_fused_expansion,compas_processed,12381.0,22.0,0.05,0.3613641870608189,3855.0,1.0,0.6230664169997908,0.85,optimal,18797.0,11999.0,621.0,0.3613641870608189,0.3613641870608189,0.361364,True,ok
v16b_fused_expansion,compas_processed,12381.0,22.0,0.02,0.3278604313060334,3564.0,2.0,30.0,30.366,time,618091.0,465984.0,621.0,0.1085728131814877,0.3278604313060334,0.32786,False,ok
v16b_fused_expansion,compas_processed,12381.0,22.0,0.01,0.3078604313060334,3564.0,2.0,30.0,30.29,time,404873.0,336896.0,621.0,0.0885728131814877,0.3078604313060334,0.30786,False,ok
v16b_fused_expansion,compas_processed,12381.0,22.0,0.005,0.2978604313060334,3564.0,2.0,30.0,30.287,time,353367.0,293312.0,621.0,0.0785728131814877,0.2978604313060334,0.29786,False,ok
v18_expansion_cache_kernel_predictions,chudi,77.0,2.0,0.1,0.464935064935065,5.0,4.0,0.0003133339923806,1.716,optimal,19.0,9.0,46.0,0.464935064935065,0.464935064935065,0.464935,True,ok
v18_expansion_cache_kernel_predictions,chudi,77.0,2.0,0.05,0.25,0.0,5.0,0.0005526659660972,0.001,optimal,54.0,23.0,46.0,0.25,0.25,0.25,True,ok
v18_expansion_cache_kernel_predictions,chudi,77.0,2.0,0.02,0.1,0.0,5.0,0.0006813750369474,0.001,optimal,62.0,25.0,46.0,0.1,0.1,0.1,True,ok
v18_expansion_cache_kernel_predictions,chudi,77.0,2.0,0.01,0.05,0.0,5.0,0.000684208003804,0.001,optimal,68.0,28.0,46.0,0.05,0.05,0.05,True,ok
v18_expansion_cache_kernel_predictions,chudi,77.0,2.0,0.005,0.025,0.0,5.0,0.0006355840014293,0.001,optimal,68.0,28.0,46.0,0.025,0.025,0.025,True,ok
v18_expansion_cache_kernel_predictions,monk_3,122.0,11.0,0.1,0.5213114754098361,27.0,3.0,6.637501064687967e-05,0.001,optimal,6.0,3.0,11.0,0.521311475409836,0.521311475409836,0.521311,True,ok
v18_expansion_cache_kernel_predictions,monk_3,122.0,11.0,0.05,0.3713114754098361,27.0,3.0,0.0001597079681232,0.001,optimal,28.0,15.0,11.0,0.3713114754098361,0.3713114754098361,0.371311,True,ok
v18_expansion_cache_kernel_predictions,monk_3,122.0,11.0,0.02,0.2429508196721311,15.0,6.0,0.0008682920015417,0.002,optimal,133.0,90.0,11.0,0.2429508196721311,0.2429508196721311,0.242951,True,ok
v18_expansion_cache_kernel_predictions,monk_3,122.0,11.0,0.01,0.1555737704918032,8.0,9.0,0.0024409169564023,0.003,optimal,380.0,275.0,11.0,0.1555737704918032,0.1555737704918032,0.155574,True,ok
v18_expansion_cache_kernel_predictions,monk_3,122.0,11.0,0.005,0.0945901639344262,3.0,14.0,0.0078631659853272,0.009,optimal,1235.0,919.0,11.0,0.0945901639344262,0.0945901639344262,0.09459,True,ok
v18_expansion_cache_kernel_predictions,monk_1,124.0,11.0,0.1,0.4661290322580645,33.0,2.0,4.841596819460392e-05,0.001,optimal,3.0,2.0,11.0,0.4661290322580644,0.4661290322580644,0.466129,True,ok
v18_expansion_cache_kernel_predictions,monk_1,124.0,11.0,0.05,0.3387096774193548,11.0,5.0,0.0002492080093361,0.001,optimal,46.0,30.0,11.0,0.3387096774193548,0.3387096774193548,0.33871,True,ok
v18_expansion_cache_kernel_predictions,monk_1,124.0,11.0,0.02,0.16,0.0,8.0,0.0005071670166216,0.001,optimal,94.0,51.0,11.0,0.16,0.16,0.16,True,ok
v18_expansion_cache_kernel_predictions,monk_1,124.0,11.0,0.01,0.08,0.0,8.0,0.0005600829608738,0.001,optimal,100.0,52.0,11.0,0.08,0.08,0.08,True,ok
v18_expansion_cache_kernel_predictions,monk_1,124.0,11.0,0.005,0.04,0.0,8.0,0.0005105419550091,0.001,optimal,100.0,52.0,11.0,0.04,0.04,0.04,True,ok
v18_expansion_cache_kernel_predictions,iris,150.0,4.0,0.1,0.34,6.0,3.0,0.0001369999954476,0.001,optimal,5.0,1.0,118.0,0.3399999999999999,0.3399999999999999,0.34,True,ok
v18_expansion_cache_kernel_predictions,iris,150.0,4.0,0.05,0.19,6.0,3.0,0.0001553330221213,0.001,optimal,5.0,1.0,118.0,0.19,0.19,0.19,True,ok
v18_expansion_cache_kernel_predictions,iris,150.0,4.0,0.02,0.1,6.0,3.0,0.0050307500059716,0.006,optimal,120.0,72.0,118.0,0.1,0.1,0.1,True,ok
v18_expansion_cache_kernel_predictions,iris,150.0,4.0,0.01,0.06,3.0,4.0,0.0248317499645054,0.026,optimal,500.0,343.0,118.0,0.06,0.06,0.06,True,ok
v18_expansion_cache_kernel_predictions,iris,150.0,4.0,0.005,0.0383333333333333,2.0,5.0,0.2041047500097192,0.205,optimal,3214.0,2853.0,118.0,0.0383333333333333,0.0383333333333333,0.038333,True,ok
v18_expansion_cache_kernel_predictions,monk_2,169.0,11.0,0.1,0.478698224852071,64.0,1.0,3.262498648837209e-05,0.001,optimal,1.0,1.0,11.0,0.478698224852071,0.478698224852071,0.478698,True,ok
v18_expansion_cache_kernel_predictions,monk_2,169.0,11.0,0.05,0.428698224852071,64.0,1.0,0.000122207973618,0.001,optimal,23.0,13.0,11.0,0.428698224852071,0.428698224852071,0.428698,True,ok
v18_expansion_cache_kernel_predictions,monk_2,169.0,11.0,0.02,0.3589349112426035,37.0,7.0,0.0034901670296676,0.004,optimal,541.0,448.0,11.0,0.3589349112426035,0.3589349112426035,0.358935,True,ok
v18_expansion_cache_kernel_predictions,monk_2,169.0,11.0,0.01,0.2650887573964497,11.0,20.0,0.0190945000504143,0.02,optimal,1956.0,1682.0,11.0,0.2650887573964497,0.2650887573964497,0.265089,True,ok
v18_expansion_cache_kernel_predictions,monk_2,169.0,11.0,0.005,0.1527514792899408,3.0,27.0,0.0325593329616822,0.034,optimal,3397.0,2860.0,11.0,0.1527514792899408,0.1527514792899408,0.152751,True,ok
v18_expansion_cache_kernel_predictions,tic-tac-toe,958.0,9.0,0.1,0.4465553235908142,332.0,1.0,4.349998198449612e-05,0.01,optimal,1.0,1.0,27.0,0.4465553235908142,0.4465553235908142,0.446555,True,ok
v18_expansion_cache_kernel_predictions,tic-tac-toe,958.0,9.0,0.05,0.3965553235908142,332.0,1.0,0.0006401250138878,0.011,optimal,55.0,37.0,27.0,0.3965553235908141,0.3965553235908141,0.396555,True,ok
v18_expansion_cache_kernel_predictions,tic-tac-toe,958.0,9.0,0.02,0.3183298538622129,190.0,6.0,0.0622750420006923,0.072,optimal,5139.0,3527.0,27.0,0.3183298538622129,0.3183298538622129,0.31833,True,ok
v18_expansion_cache_kernel_predictions,tic-tac-toe,958.0,9.0,0.01,0.2507515657620042,154.0,9.0,0.9610818329965696,0.974,optimal,70779.0,52820.0,27.0,0.2507515657620042,0.2507515657620042,0.250752,True,ok
v18_expansion_cache_kernel_predictions,tic-tac-toe,958.0,9.0,0.005,0.1542797494780793,52.0,20.0,1.3876321670250036,1.403,optimal,112521.0,81011.0,27.0,0.1542797494780793,0.1542797494780793,0.15428,True,ok
v18_expansion_cache_kernel_predictions,gaussian_1k,1000.0,1.0,0.1,0.397,297.0,1.0,0.0003777089877985,0.032,optimal,1.0,1.0,999.0,0.397,0.397,0.397,True,ok
v18_expansion_cache_kernel_predictions,gaussian_1k,1000.0,1.0,0.05,0.275,125.0,3.0,0.0004793330444954,0.031,optimal,5.0,1.0,999.0,0.275,0.275,0.275,True,ok
v18_expansion_cache_kernel_predictions,gaussian_1k,1000.0,1.0,0.02,0.185,125.0,3.0,0.0005107499891892,0.031,optimal,5.0,1.0,999.0,0.1849999999999999,0.1849999999999999,0.185,True,ok
v18_expansion_cache_kernel_predictions,gaussian_1k,1000.0,1.0,0.01,0.155,125.0,3.0,0.0005377909983508,0.03,optimal,5.0,1.0,999.0,0.155,0.155,0.155,True,ok
v18_expansion_cache_kernel_predictions,gaussian_1k,1000.0,1.0,0.005,0.14,125.0,3.0,0.0005523330182768,0.032,optimal,5.0,1.0,999.0,0.14,0.14,0.14,True,ok
v18_expansion_cache_kernel_predictions,fico_1k,1000.0,23.0,0.1,0.491,291.0,2.0,0.0949024169822223,0.111,optimal,4207.0,2608.0,1357.0,0.491,0.491,0.491,True,ok
v18_expansion_cache_kernel_predictions,fico_1k,1000.0,23.0,0.05,0.391,291.0,2.0,30.0,30.076,time,757147.0,646400.0,1357.0,0.125,0.391,0.391,False,ok
v18_expansion_cache_kernel_predictions,fico_1k,1000.0,23.0,0.02,0.3309999999999999,291.0,2.0,30.0,30.033,time,284764.0,255744.0,1357.0,0.065,0.3309999999999999,0.331,False,ok
v18_expansion_cache_kernel_predictions,fico_1k,1000.0,23.0,0.01,0.311,291.0,2.0,30.0,30.04,time,278594.0,270400.0,1357.0,0.045,0.311,0.304,False,worse_than_known
v18_expansion_cache_kernel_predictions,fico_1k,1000.0,23.0,0.005,0.301,291.0,2.0,30.0,30.044,time,241009.0,226048.0,1357.0,0.035,0.301,0.284,False,worse_than_known
v18_expansion_cache_kernel_predictions,sine_1k,1000.0,1.0,0.1,0.595,495.0,1.0,0.0003852499648928,0.03,optimal,1.0,1.0,999.0,0.595,0.595,0.595,True,ok
v18_expansion_cache_kernel_predictions,sine_1k,1000.0,1.0,0.05,0.545,495.0,1.0,0.0004822079790756,0.032,optimal,1.0,1.0,999.0,0.545,0.545,0.545,False,ok
v18_expansion_cache_kernel_predictions,sine_1k,1000.0,1.0,0.02,0.494,454.0,2.0,0.0005649169906973,0.032,optimal,3.0,1.0,999.0,0.494,0.494,0.494,False,ok
v18_expansion_cache_kernel_predictions,sine_1k,1000.0,1.0,0.01,0.429,169.0,26.0,0.0006954590207897,0.032,optimal,52.0,1.0,999.0,0.4290000000000001,0.4290000000000001,0.443,False,better_than_known
v18_expansion_cache_kernel_predictions,sine_1k,1000.0,1.0,0.005,0.269,109.0,32.0,0.0007333750254474,0.032,optimal,67.0,1.0,999.0,0.2690000000000001,0.2690000000000001,0.4,False,better_than_known
v18_expansion_cache_kernel_predictions,car_evaluation,1728.0,15.0,0.1,0.3997685185185186,518.0,1.0,2.9790971893817183e-05,0.002,optimal,1.0,1.0,15.0,0.3997685185185184,0.3997685185185184,0.399769,True,ok
v18_expansion_cache_kernel_predictions,car_evaluation,1728.0,15.0,0.05,0.2946759259259259,250.0,3.0,0.0001362499897368,0.002,optimal,18.0,9.0,15.0,0.2946759259259259,0.2946759259259259,0.294676,True,ok
v18_expansion_cache_kernel_predictions,car_evaluation,1728.0,15.0,0.02,0.2046759259259259,250.0,3.0,0.0035206250031478,0.006,optimal,572.0,382.0,15.0,0.2046759259259259,0.2046759259259259,0.204676,True,ok
v18_expansion_cache_kernel_predictions,car_evaluation,1728.0,15.0,0.01,0.1452314814814815,130.0,7.0,0.022779457969591,0.025,optimal,2192.0,1856.0,15.0,0.1452314814814815,0.1452314814814815,0.145231,True,ok
v18_expansion_cache_kernel_predictions,car_evaluation,1728.0,15.0,0.005,0.1063425925925926,106.0,9.0,0.1123441670206375,0.115,optimal,8111.0,8169.0,15.0,0.1063425925925926,0.1063425925925926,0.106343,True,ok
v18_expansion_cache_kernel_predictions,coupon_bar,1913.0,14.0,0.1,0.5119184526921067,788.0,1.0,2.5958986952900887e-05,0.003,optimal,1.0,1.0,14.0,0.5119184526921067,0.5119184526921067,0.511918,True,ok
v18_expansion_cache_kernel_predictions,coupon_bar,1913.0,14.0,0.05,0.4538944066910612,677.0,2.0,0.0001732920063659,0.002,optimal,27.0,14.0,14.0,0.4538944066910611,0.4538944066910611,0.453894,True,ok
v18_expansion_cache_kernel_predictions,coupon_bar,1913.0,14.0,0.02,0.3715525352848928,596.0,3.0,0.0011463339906185,0.003,optimal,189.0,120.0,14.0,0.3715525352848928,0.3715525352848928,0.371553,True,ok
v18_expansion_cache_kernel_predictions,coupon_bar,1913.0,14.0,0.01,0.3410977522216414,576.0,4.0,0.0073243330116383,0.01,optimal,943.0,771.0,14.0,0.3410977522216414,0.3410977522216414,0.341098,True,ok
v18_expansion_cache_kernel_predictions,coupon_bar,1913.0,14.0,0.005,0.3186199686356508,533.0,8.0,0.0526800000225193,0.055,optimal,3516.0,3955.0,14.0,0.3186199686356508,0.3186199686356508,0.31862,True,ok
v18_expansion_cache_kernel_predictions,compas_binned,6907.0,12.0,0.1,0.5610829593166353,2494.0,2.0,3.5333039704710245e-05,0.006,optimal,3.0,1.0,12.0,0.5610829593166353,0.5610829593166353,0.561083,True,ok
v18_expansion_cache_kernel_predictions,compas_binned,6907.0,12.0,0.05,0.4610829593166353,2494.0,2.0,3.1582952942699194e-05,0.006,optimal,3.0,1.0,12.0,0.4610829593166352,0.4610829593166352,0.461083,True,ok
v18_expansion_cache_kernel_predictions,compas_binned,6907.0,12.0,0.02,0.4010829593166353,2494.0,2.0,0.0001525420229882,0.006,optimal,21.0,11.0,12.0,0.4010829593166353,0.4010829593166353,0.401083,True,ok
v18_expansion_cache_kernel_predictions,compas_binned,6907.0,12.0,0.01,0.3748675256985666,2382.0,3.0,0.0007769590010866,0.007,optimal,111.0,61.0,12.0,0.3748675256985667,0.3748675256985667,0.374868,True,ok
v18_expansion_cache_kernel_predictions,compas_binned,6907.0,12.0,0.005,0.355968582597365,2286.0,5.0,0.0024302909732796,0.009,optimal,294.0,198.0,12.0,0.3559685825973649,0.3559685825973649,0.355969,True,ok
v18_expansion_cache_kernel_predictions,fico_binary,10459.0,17.0,0.1,0.5040443637058992,3180.0,2.0,3.991700941696763e-05,0.012,optimal,3.0,1.0,17.0,0.5040443637058992,0.5040443637058992,0.504044,True,ok
v18_expansion_cache_kernel_predictions,fico_binary,10459.0,17.0,0.05,0.4040443637058992,3180.0,2.0,0.0001891669817268,0.012,optimal,23.0,12.0,17.0,0.4040443637058992,0.4040443637058992,0.404044,True,ok
v18_expansion_cache_kernel_predictions,fico_binary,10459.0,17.0,0.02,0.3440443637058992,3180.0,2.0,0.0022650000173598,0.014,optimal,277.0,164.0,17.0,0.3440443637058992,0.3440443637058992,0.344044,True,ok
v18_expansion_cache_kernel_predictions,fico_binary,10459.0,17.0,0.01,0.3240443637058992,3180.0,2.0,0.0864839170244522,0.099,optimal,5675.0,4295.0,17.0,0.3240443637058992,0.3240443637058992,0.324044,True,ok
v18_expansion_cache_kernel_predictions,fico_binary,10459.0,17.0,0.005,0.308650922650349,3019.0,4.0,1.3991337919724174,1.42,optimal,51348.0,58199.0,17.0,0.308650922650349,0.308650922650349,0.308651,True,ok
v18_expansion_cache_kernel_predictions,compas_processed,12381.0,22.0,0.1,0.411364187060819,3855.0,1.0,0.0005597080453298,0.224,optimal,23.0,12.0,621.0,0.411364187060819,0.411364187060819,0.411364,True,ok
v18_expansion_cache_kernel_predictions,compas_processed,12381.0,22.0,0.05,0.3613641870608189,3855.0,1.0,0.5394557079998776,0.758,optimal,18797.0,11999.0,621.0,0.3613641870608189,0.3613641870608189,0.361364,True,ok
v18_expansion_cache_kernel_predictions,compas_processed,12381.0,22.0,0.02,0.3278604313060334,3564.0,2.0,30.0,30.371,time,620428.0,468032.0,621.0,0.1085728131814877,0.3278604313060334,0.32786,False,ok
v18_expansion_cache_kernel_predictions,compas_processed,12381.0,22.0,0.01,0.3078604313060334,3564.0,2.0,30.0,30.29,time,414044.0,344128.0,621.0,0.0885728131814877,0.3078604313060334,0.30786,False,ok
v18_expansion_cache_kernel_predictions,compas_processed,12381.0,22.0,0.005,0.2978604313060334,3564.0,2.0,30.0,30.283,time,366960.0,306624.0,621.0,0.0785728131814877,0.2978604313060334,0.29786,False,ok
v19_depth3_triples,chudi,77.0,2.0,0.1,0.464935064935065,5.0,4.0,0.0003404580056667,2.551,optimal,19.0,9.0,46.0,0.464935064935065,0.464935064935065,0.464935,True,ok
v19_depth3_triples,chudi,77.0,2.0,0.05,0.25,0.0,5.0,0.0005971670034341,0.001,optimal,54.0,23.0,46.0,0.25,0.25,0.25,True,ok
v19_depth3_triples,chudi,77.0,2.0,0.02,0.1,0.0,5.0,0.0006104999920353,0.001,optimal,62.0,25.0,46.0,0.1,0.1,0.1,True,ok
v19_depth3_triples,chudi,77.0,2.0,0.01,0.05,0.0,5.0,0.0006576660089194,0.001,optimal,68.0,28.0,46.0,0.05,0.05,0.05,True,ok
v19_depth3_triples,chudi,77.0,2.0,0.005,0.025,0.0,5.0,0.0006323339766822,0.001,optimal,68.0,28.0,46.0,0.025,0.025,0.025,True,ok
v19_depth3_triples,monk_3,122.0,11.0,0.1,0.5213114754098361,27.0,3.0,6.841705180704594e-05,0.001,optimal,5.0,1.0,11.0,0.521311475409836,0.521311475409836,0.521311,True,ok
v19_depth3_triples,monk_3,122.0,11.0,0.05,0.3713114754098361,27.0,3.0,0.0001062499941326,0.001,optimal,6.0,2.0,11.0,0.3713114754098361,0.3713114754098361,0.371311,True,ok
v19_depth3_triples,monk_3,122.0,11.0,0.02,0.2429508196721311,15.0,6.0,0.0007299160351976,0.001,optimal,79.0,50.0,11.0,0.2429508196721311,0.2429508196721311,0.242951,True,ok
v19_depth3_triples,monk_3,122.0,11.0,0.01,0.1555737704918032,8.0,9.0,0.0025544579839333,0.003,optimal,304.0,193.0,11.0,0.1555737704918032,0.1555737704918032,0.155574,True,ok
v19_depth3_triples,monk_3,122.0,11.0,0.005,0.0945901639344262,3.0,14.0,0.0070614580181427,0.008,optimal,911.0,567.0,11.0,0.0945901639344262,0.0945901639344262,0.09459,True,ok
v19_depth3_triples,monk_1,124.0,11.0,0.1,0.4661290322580645,33.0,2.0,6.0125021263957024e-05,0.001,optimal,3.0,1.0,11.0,0.4661290322580644,0.4661290322580644,0.466129,True,ok
v19_depth3_triples,monk_1,124.0,11.0,0.05,0.3387096774193548,11.0,5.0,0.0001097919885069,0.001,optimal,7.0,4.0,11.0,0.3387096774193548,0.3387096774193548,0.33871,True,ok
v19_depth3_triples,monk_1,124.0,11.0,0.02,0.16,0.0,8.0,0.0005285409861244,0.001,optimal,66.0,29.0,11.0,0.16,0.16,0.16,True,ok
v19_depth3_triples,monk_1,124.0,11.0,0.01,0.08,0.0,8.0,0.0004704999737441,0.001,optimal,69.0,29.0,11.0,0.08,0.08,0.08,True,ok
v19_depth3_triples,monk_1,124.0,11.0,0.005,0.04,0.0,8.0,0.0004723330494016,0.001,optimal,81.0,36.0,11.0,0.04,0.04,0.04,True,ok
v19_depth3_triples,iris,150.0,4.0,0.1,0.34,6.0,3.0,0.0001440420164726,0.001,optimal,5.0,1.0,118.0,0.3399999999999999,0.3399999999999999,0.34,True,ok
v19_depth3_triples,iris,150.0,4.0,0.05,0.19,6.0,3.0,0.0001602920237928,0.001,optimal,5.0,1.0,118.0,0.19,0.19,0.19,True,ok
v19_depth3_triples,iris,150.0,4.0,0.02,0.1,6.0,3.0,0.0051295000012032,0.006,optimal,120.0,72.0,118.0,0.1,0.1,0.1,True,ok
v19_depth3_triples,iris,150.0,4.0,0.01,0.06,3.0,4.0,0.0248499169829301,0.026,optimal,500.0,343.0,118.0,0.06,0.06,0.06,True,ok
v19_depth3_triples,iris,150.0,4.0,0.005,0.0383333333333333,2.0,5.0,0.2053550420096144,0.207,optimal,3214.0,2853.0,118.0,0.0383333333333333,0.0383333333333333,0.038333,True,ok
v19_depth3_triples,monk_2,169.0,11.0,0.1,0.478698224852071,64.0,1.0,5.245802458375693e-05,0.001,optimal,1.0,1.0,11.0,0.478698224852071,0.478698224852071,0.478698,True,ok
v19_depth3_triples,monk_2,169.0,11.0,0.05,0.428698224852071,64.0,1.0,0.0001471670111641,0.001,optimal,23.0,13.0,11.0,0.428698224852071,0.428698224852071,0.428698,True,ok
v19_depth3_triples,monk_2,169.0,11.0,0.02,0.3589349112426035,37.0,7.0,0.0029578329995274,0.004,optimal,330.0,271.0,11.0,0.3589349112426035,0.3589349112426035,0.358935,True,ok
v19_depth3_triples,monk_2,169.0,11.0,0.01,0.2650887573964497,11.0,20.0,0.0111265419982373,0.012,optimal,1252.0,1017.0,11.0,0.2650887573964497,0.2650887573964497,0.265089,True,ok
v19_depth3_triples,monk_2,169.0,11.0,0.005,0.1527514792899408,3.0,27.0,0.0254601250053383,0.026,optimal,2211.0,1665.0,11.0,0.1527514792899408,0.1527514792899408,0.152751,True,ok
v19_depth3_triples,tic-tac-toe,958.0,9.0,0.1,0.4465553235908142,332.0,1.0,4.479201743379235e-05,0.01,optimal,1.0,1.0,27.0,0.4465553235908142,0.4465553235908142,0.446555,True,ok
v19_depth3_triples,tic-tac-toe,958.0,9.0,0.05,0.3965553235908142,332.0,1.0,0.0006172499852254,0.01,optimal,55.0,37.0,27.0,0.3965553235908141,0.3965553235908141,0.396555,True,ok
v19_depth3_triples,tic-tac-toe,958.0,9.0,0.02,0.3183298538622129,190.0,6.0,0.0955788749852217,0.106,optimal,5128.0,3491.0,27.0,0.3183298538622129,0.3183298538622129,0.31833,True,ok
v19_depth3_triples,tic-tac-toe,958.0,9.0,0.01,0.2507515657620042,154.0,9.0,1.0614336670259945,1.075,optimal,70505.0,52032.0,27.0,0.2507515657620042,0.2507515657620042,0.250752,True,ok
v19_depth3_triples,tic-tac-toe,958.0,9.0,0.005,0.1542797494780793,52.0,20.0,1.541971958009526,1.558,optimal,112035.0,80338.0,27.0,0.1542797494780793,0.1542797494780793,0.15428,True,ok
v19_depth3_triples,gaussian_1k,1000.0,1.0,0.1,0.397,297.0,1.0,0.0003857089905068,0.031,optimal,1.0,1.0,999.0,0.397,0.397,0.397,True,ok
v19_depth3_triples,gaussian_1k,1000.0,1.0,0.05,0.275,125.0,3.0,0.0004761250456795,0.031,optimal,5.0,1.0,999.0,0.275,0.275,0.275,True,ok
v19_depth3_triples,gaussian_1k,1000.0,1.0,0.02,0.185,125.0,3.0,0.0005183330504223,0.031,optimal,5.0,1.0,999.0,0.1849999999999999,0.1849999999999999,0.185,True,ok
v19_depth3_triples,gaussian_1k,1000.0,1.0,0.01,0.155,125.0,3.0,0.0005313329747878,0.031,optimal,5.0,1.0,999.0,0.155,0.155,0.155,True,ok
v19_depth3_triples,gaussian_1k,1000.0,1.0,0.005,0.14,125.0,3.0,0.0005507090245373,0.031,optimal,5.0,1.0,999.0,0.14,0.14,0.14,True,ok
v19_depth3_triples,fico_1k,1000.0,23.0,0.1,0.491,291.0,2.0,0.0975450829719193,0.114,optimal,4207.0,2608.0,1357.0,0.491,0.491,0.491,True,ok
v19_depth3_triples,fico_1k,1000.0,23.0,0.05,0.391,291.0,2.0,30.0,30.057,time,734572.0,625280.0,1357.0,0.125,0.391,0.391,False,ok
v19_depth3_triples,fico_1k,1000.0,23.0,0.02,0.3309999999999999,291.0,2.0,30.0,30.049,time,281887.0,252992.0,1357.0,0.065,0.3309999999999999,0.331,False,ok
v19_depth3_triples,fico_1k,1000.0,23.0,0.01,0.311,291.0,2.0,30.0,30.053,time,274788.0,266624.0,1357.0,0.045,0.311,0.304,False,worse_than_known
v19_depth3_triples,fico_1k,1000.0,23.0,0.005,0.301,291.0,2.0,30.0,30.037,time,237875.0,223168.0,1357.0,0.035,0.301,0.284,False,worse_than_known
v19_depth3_triples,sine_1k,1000.0,1.0,0.1,0.595,495.0,1.0,0.0003968750243075,0.031,optimal,1.0,1.0,999.0,0.595,0.595,0.595,True,ok
v19_depth3_triples,sine_1k,1000.0,1.0,0.05,0.545,495.0,1.0,0.0004807500517927,0.031,optimal,1.0,1.0,999.0,0.545,0.545,0.545,False,ok
v19_depth3_triples,sine_1k,1000.0,1.0,0.02,0.494,454.0,2.0,0.0005634580156765,0.031,optimal,3.0,1.0,999.0,0.494,0.494,0.494,False,ok
v19_depth3_triples,sine_1k,1000.0,1.0,0.01,0.429,169.0,26.0,0.0006724580307491,0.031,optimal,52.0,1.0,999.0,0.4290000000000001,0.4290000000000001,0.443,False,better_than_known
v19_depth3_triples,sine_1k,1000.0,1.0,0.005,0.269,109.0,32.0,0.0007521669613197,0.032,optimal,67.0,1.0,999.0,0.2690000000000001,0.2690000000000001,0.4,False,better_than_known
v19_depth3_triples,car_evaluation,1728.0,15.0,0.1,0.3997685185185186,518.0,1.0,3.2584008295089006e-05,0.003,optimal,1.0,1.0,15.0,0.3997685185185184,0.3997685185185184,0.399769,True,ok
v19_depth3_triples,car_evaluation,1728.0,15.0,0.05,0.2946759259259259,250.0,3.0,0.0002106250030919,0.003,optimal,15.0,8.0,15.0,0.2946759259259259,0.2946759259259259,0.294676,True,ok
v19_depth3_triples,car_evaluation,1728.0,15.0,0.02,0.2046759259259259,250.0,3.0,0.0028627500287257,0.005,optimal,146.0,88.0,15.0,0.2046759259259259,0.2046759259259259,0.204676,True,ok
v19_depth3_triples,car_evaluation,1728.0,15.0,0.01,0.1452314814814815,130.0,7.0,0.0211118749575689,0.024,optimal,1184.0,961.0,15.0,0.1452314814814815,0.1452314814814815,0.145231,True,ok
v19_depth3_triples,car_evaluation,1728.0,15.0,0.005,0.1063425925925926,106.0,9.0,0.1142794580082409,0.117,optimal,5446.0,5402.0,15.0,0.1063425925925926,0.1063425925925926,0.106343,True,ok
v19_depth3_triples,coupon_bar,1913.0,14.0,0.1,0.5119184526921067,788.0,1.0,2.879201201722026e-05,0.003,optimal,1.0,1.0,14.0,0.5119184526921067,0.5119184526921067,0.511918,True,ok
v19_depth3_triples,coupon_bar,1913.0,14.0,0.05,0.4538944066910612,677.0,2.0,0.000205416989047,0.003,optimal,27.0,14.0,14.0,0.4538944066910611,0.4538944066910611,0.453894,True,ok
v19_depth3_triples,coupon_bar,1913.0,14.0,0.02,0.3715525352848928,596.0,3.0,0.0017756660236045,0.004,optimal,179.0,120.0,14.0,0.3715525352848928,0.3715525352848928,0.371553,True,ok
v19_depth3_triples,coupon_bar,1913.0,14.0,0.01,0.3410977522216414,576.0,4.0,0.0083445829804986,0.011,optimal,943.0,771.0,14.0,0.3410977522216414,0.3410977522216414,0.341098,True,ok
v19_depth3_triples,coupon_bar,1913.0,14.0,0.005,0.3186199686356508,533.0,8.0,0.0767629170441068,0.079,optimal,3515.0,3961.0,14.0,0.3186199686356508,0.3186199686356508,0.31862,True,ok
v19_depth3_triples,compas_binned,6907.0,12.0,0.1,0.5610829593166353,2494.0,2.0,4.474999150261283e-05,0.007,optimal,3.0,1.0,12.0,0.5610829593166353,0.5610829593166353,0.561083,True,ok
v19_depth3_triples,compas_binned,6907.0,12.0,0.05,0.4610829593166353,2494.0,2.0,4.258396802470088e-05,0.007,optimal,3.0,1.0,12.0,0.4610829593166352,0.4610829593166352,0.461083,True,ok
v19_depth3_triples,compas_binned,6907.0,12.0,0.02,0.4010829593166353,2494.0,2.0,0.0001903329975903,0.008,optimal,21.0,11.0,12.0,0.4010829593166353,0.4010829593166353,0.401083,True,ok
v19_depth3_triples,compas_binned,6907.0,12.0,0.01,0.3748675256985666,2382.0,3.0,0.000935791991651,0.008,optimal,111.0,61.0,12.0,0.3748675256985667,0.3748675256985667,0.374868,True,ok
v19_depth3_triples,compas_binned,6907.0,12.0,0.005,0.355968582597365,2286.0,5.0,0.0029492080211639,0.011,optimal,294.0,198.0,12.0,0.3559685825973649,0.3559685825973649,0.355969,True,ok
v19_depth3_triples,fico_binary,10459.0,17.0,0.1,0.5040443637058992,3180.0,2.0,5.729199619963765e-05,0.014,optimal,3.0,1.0,17.0,0.5040443637058992,0.5040443637058992,0.504044,True,ok
v19_depth3_triples,fico_binary,10459.0,17.0,0.05,0.4040443637058992,3180.0,2.0,0.0002132919616997,0.014,optimal,23.0,12.0,17.0,0.4040443637058992,0.4040443637058992,0.404044,True,ok
v19_depth3_triples,fico_binary,10459.0,17.0,0.02,0.3440443637058992,3180.0,2.0,0.0024775839992798,0.016,optimal,277.0,164.0,17.0,0.3440443637058992,0.3440443637058992,0.344044,True,ok
v19_depth3_triples,fico_binary,10459.0,17.0,0.01,0.3240443637058992,3180.0,2.0,0.0936152919894084,0.109,optimal,5675.0,4295.0,17.0,0.3240443637058992,0.3240443637058992,0.324044,True,ok
v19_depth3_triples,fico_binary,10459.0,17.0,0.005,0.308650922650349,3019.0,4.0,1.4470703750266694,1.47,optimal,51348.0,58198.0,17.0,0.308650922650349,0.308650922650349,0.308651,True,ok
v19_depth3_triples,compas_processed,12381.0,22.0,0.1,0.411364187060819,3855.0,1.0,0.0005973749794065,0.237,optimal,23.0,12.0,621.0,0.411364187060819,0.411364187060819,0.411364,True,ok
v19_depth3_triples,compas_processed,12381.0,22.0,0.05,0.3613641870608189,3855.0,1.0,0.5541882920078933,0.786,optimal,18797.0,11999.0,621.0,0.3613641870608189,0.3613641870608189,0.361364,True,ok
v19_depth3_triples,compas_processed,12381.0,22.0,0.02,0.3278604313060334,3564.0,2.0,30.0,30.372,time,611065.0,461312.0,621.0,0.1085728131814877,0.3278604313060334,0.32786,False,ok
v19_depth3_triples,compas_processed,12381.0,22.0,0.01,0.3078604313060334,3564.0,2.0,30.0,30.318,time,413824.0,344128.0,621.0,0.0885728131814877,0.3078604313060334,0.30786,False,ok
v19_depth3_triples,compas_processed,12381.0,22.0,0.005,0.2978604313060334,3564.0,2.0,30.0,30.292,time,362742.0,302848.0,621.0,0.0785728131814877,0.2978604313060334,0.29786,False,ok
v20_two_peeled_leaves,chudi,77.0,2.0,0.1,0.464935064935065,5.0,4.0,0.0003047499922104,2.819,optimal,19.0,9.0,46.0,0.464935064935065,0.464935064935065,0.464935,True,ok
v20_two_peeled_leaves,chudi,77.0,2.0,0.05,0.25,0.0,5.0,0.0005672090337611,0.001,optimal,54.0,23.0,46.0,0.25,0.25,0.25,True,ok
v20_two_peeled_leaves,chudi,77.0,2.0,0.02,0.1,0.0,5.0,0.0006003330345265,0.001,optimal,62.0,25.0,46.0,0.1,0.1,0.1,True,ok
v20_two_peeled_leaves,chudi,77.0,2.0,0.01,0.05,0.0,5.0,0.0006396659882739,0.001,optimal,68.0,28.0,46.0,0.05,0.05,0.05,True,ok
v20_two_peeled_leaves,chudi,77.0,2.0,0.005,0.025,0.0,5.0,0.0006380829727277,0.001,optimal,68.0,28.0,46.0,0.025,0.025,0.025,True,ok
v20_two_peeled_leaves,monk_3,122.0,11.0,0.1,0.5213114754098361,27.0,3.0,7.620803080499172e-05,0.001,optimal,5.0,1.0,11.0,0.521311475409836,0.521311475409836,0.521311,True,ok
v20_two_peeled_leaves,monk_3,122.0,11.0,0.05,0.3713114754098361,27.0,3.0,0.0001125420094467,0.001,optimal,6.0,2.0,11.0,0.3713114754098361,0.3713114754098361,0.371311,True,ok
v20_two_peeled_leaves,monk_3,122.0,11.0,0.02,0.2429508196721311,15.0,6.0,0.0007327090133912,0.001,optimal,79.0,50.0,11.0,0.2429508196721311,0.2429508196721311,0.242951,True,ok
v20_two_peeled_leaves,monk_3,122.0,11.0,0.01,0.1555737704918032,8.0,9.0,0.002494917018339,0.003,optimal,307.0,185.0,11.0,0.1555737704918032,0.1555737704918032,0.155574,True,ok
v20_two_peeled_leaves,monk_3,122.0,11.0,0.005,0.0945901639344262,3.0,14.0,0.0066805409733206,0.007,optimal,908.0,557.0,11.0,0.0945901639344262,0.0945901639344262,0.09459,True,ok
v20_two_peeled_leaves,monk_1,124.0,11.0,0.1,0.4661290322580645,33.0,2.0,9.595794836059211e-05,0.001,optimal,3.0,1.0,11.0,0.4661290322580644,0.4661290322580644,0.466129,True,ok
v20_two_peeled_leaves,monk_1,124.0,11.0,0.05,0.3387096774193548,11.0,5.0,9.54590504989028e-05,0.001,optimal,3.0,2.0,11.0,0.3387096774193548,0.3387096774193548,0.33871,True,ok
v20_two_peeled_leaves,monk_1,124.0,11.0,0.02,0.16,0.0,8.0,0.0004700829740613,0.001,optimal,66.0,25.0,11.0,0.16,0.16,0.16,True,ok
v20_two_peeled_leaves,monk_1,124.0,11.0,0.01,0.08,0.0,8.0,0.0004536249907687,0.001,optimal,69.0,29.0,11.0,0.08,0.08,0.08,True,ok
v20_two_peeled_leaves,monk_1,124.0,11.0,0.005,0.04,0.0,8.0,0.0004590419703163,0.001,optimal,81.0,36.0,11.0,0.04,0.04,0.04,True,ok
v20_two_peeled_leaves,iris,150.0,4.0,0.1,0.34,6.0,3.0,0.0001357920118607,0.001,optimal,5.0,1.0,118.0,0.3399999999999999,0.3399999999999999,0.34,True,ok
v20_two_peeled_leaves,iris,150.0,4.0,0.05,0.19,6.0,3.0,0.0001484579988755,0.001,optimal,5.0,1.0,118.0,0.19,0.19,0.19,True,ok
v20_two_peeled_leaves,iris,150.0,4.0,0.02,0.1,6.0,3.0,0.0049988750251941,0.006,optimal,120.0,72.0,118.0,0.1,0.1,0.1,True,ok
v20_two_peeled_leaves,iris,150.0,4.0,0.01,0.06,3.0,4.0,0.0246330000227317,0.026,optimal,500.0,343.0,118.0,0.06,0.06,0.06,True,ok
v20_two_peeled_leaves,iris,150.0,4.0,0.005,0.0383333333333333,2.0,5.0,0.2003414580249227,0.202,optimal,3214.0,2853.0,118.0,0.0383333333333333,0.0383333333333333,0.038333,True,ok
v20_two_peeled_leaves,monk_2,169.0,11.0,0.1,0.478698224852071,64.0,1.0,5.1666051149368286e-05,0.001,optimal,1.0,1.0,11.0,0.478698224852071,0.478698224852071,0.478698,True,ok
v20_two_peeled_leaves,monk_2,169.0,11.0,0.05,0.428698224852071,64.0,1.0,0.000159999995958,0.001,optimal,23.0,13.0,11.0,0.428698224852071,0.428698224852071,0.428698,True,ok
v20_two_peeled_leaves,monk_2,169.0,11.0,0.02,0.3589349112426035,37.0,7.0,0.0029442500090226,0.004,optimal,333.0,276.0,11.0,0.3589349112426035,0.3589349112426035,0.358935,True,ok
v20_two_peeled_leaves,monk_2,169.0,11.0,0.01,0.2650887573964497,11.0,20.0,0.0105809579836204,0.011,optimal,1247.0,987.0,11.0,0.2650887573964497,0.2650887573964497,0.265089,True,ok
v20_two_peeled_leaves,monk_2,169.0,11.0,0.005,0.1527514792899408,3.0,27.0,0.0237330830423161,0.025,optimal,2307.0,1626.0,11.0,0.1527514792899408,0.1527514792899408,0.152751,True,ok
v20_two_peeled_leaves,tic-tac-toe,958.0,9.0,0.1,0.4465553235908142,332.0,1.0,4.120898665860295e-05,0.01,optimal,1.0,1.0,27.0,0.4465553235908142,0.4465553235908142,0.446555,True,ok
v20_two_peeled_leaves,tic-tac-toe,958.0,9.0,0.05,0.3965553235908142,332.0,1.0,0.000614124990534,0.011,optimal,55.0,37.0,27.0,0.3965553235908141,0.3965553235908141,0.396555,True,ok
v20_two_peeled_leaves,tic-tac-toe,958.0,9.0,0.02,0.3183298538622129,190.0,6.0,0.0626128750154748,0.073,optimal,5128.0,3491.0,27.0,0.3183298538622129,0.3183298538622129,0.31833,True,ok
v20_two_peeled_leaves,tic-tac-toe,958.0,9.0,0.01,0.2507515657620042,154.0,9.0,0.9841564579983242,0.997,optimal,70505.0,52032.0,27.0,0.2507515657620042,0.2507515657620042,0.250752,True,ok
v20_two_peeled_leaves,tic-tac-toe,958.0,9.0,0.005,0.1542797494780793,52.0,20.0,1.452935957990121,1.468,optimal,112035.0,80338.0,27.0,0.1542797494780793,0.1542797494780793,0.15428,True,ok
v20_two_peeled_leaves,gaussian_1k,1000.0,1.0,0.1,0.397,297.0,1.0,0.0003903750330209,0.031,optimal,1.0,1.0,999.0,0.397,0.397,0.397,True,ok
v20_two_peeled_leaves,gaussian_1k,1000.0,1.0,0.05,0.275,125.0,3.0,0.0004832500126212,0.031,optimal,5.0,1.0,999.0,0.275,0.275,0.275,True,ok
v20_two_peeled_leaves,gaussian_1k,1000.0,1.0,0.02,0.185,125.0,3.0,0.0005202500033192,0.031,optimal,5.0,1.0,999.0,0.1849999999999999,0.1849999999999999,0.185,True,ok
v20_two_peeled_leaves,gaussian_1k,1000.0,1.0,0.01,0.155,125.0,3.0,0.0005320420023053,0.031,optimal,5.0,1.0,999.0,0.155,0.155,0.155,True,ok
v20_two_peeled_leaves,gaussian_1k,1000.0,1.0,0.005,0.14,125.0,3.0,0.0005412920145317,0.031,optimal,5.0,1.0,999.0,0.14,0.14,0.14,True,ok
v20_two_peeled_leaves,fico_1k,1000.0,23.0,0.1,0.491,291.0,2.0,0.0969600420212373,0.114,optimal,4207.0,2608.0,1357.0,0.491,0.491,0.491,True,ok
v20_two_peeled_leaves,fico_1k,1000.0,23.0,0.05,0.391,291.0,2.0,30.0,30.059,time,748365.0,637888.0,1357.0,0.125,0.391,0.391,False,ok
v20_two_peeled_leaves,fico_1k,1000.0,23.0,0.02,0.3309999999999999,291.0,2.0,30.0,30.053,time,282799.0,253952.0,1357.0,0.065,0.3309999999999999,0.331,False,ok
v20_two_peeled_leaves,fico_1k,1000.0,23.0,0.01,0.311,291.0,2.0,30.0,30.044,time,274537.0,266368.0,1357.0,0.045,0.311,0.304,False,worse_than_known
v20_two_peeled_leaves,fico_1k,1000.0,23.0,0.005,0.301,291.0,2.0,30.0,30.031,time,237592.0,222848.0,1357.0,0.035,0.301,0.284,False,worse_than_known
v20_two_peeled_leaves,sine_1k,1000.0,1.0,0.1,0.595,495.0,1.0,0.000388832995668,0.031,optimal,1.0,1.0,999.0,0.595,0.595,0.595,True,ok
v20_two_peeled_leaves,sine_1k,1000.0,1.0,0.05,0.545,495.0,1.0,0.0004685829626396,0.031,optimal,1.0,1.0,999.0,0.545,0.545,0.545,False,ok
v20_two_peeled_leaves,sine_1k,1000.0,1.0,0.02,0.494,454.0,2.0,0.0005655419663526,0.031,optimal,3.0,1.0,999.0,0.494,0.494,0.494,False,ok
v20_two_peeled_leaves,sine_1k,1000.0,1.0,0.01,0.429,169.0,26.0,0.0006608340190723,0.031,optimal,52.0,1.0,999.0,0.4290000000000001,0.4290000000000001,0.443,False,better_than_known
v20_two_peeled_leaves,sine_1k,1000.0,1.0,0.005,0.269,109.0,32.0,0.0007321659941226,0.031,optimal,67.0,1.0,999.0,0.2690000000000001,0.2690000000000001,0.4,False,better_than_known
v20_two_peeled_leaves,car_evaluation,1728.0,15.0,0.1,0.3997685185185186,518.0,1.0,3.370898775756359e-05,0.002,optimal,1.0,1.0,15.0,0.3997685185185184,0.3997685185185184,0.399769,True,ok
v20_two_peeled_leaves,car_evaluation,1728.0,15.0,0.05,0.2946759259259259,250.0,3.0,0.0002059169928543,0.003,optimal,15.0,8.0,15.0,0.2946759259259259,0.2946759259259259,0.294676,True,ok
v20_two_peeled_leaves,car_evaluation,1728.0,15.0,0.02,0.2046759259259259,250.0,3.0,0.0026597080286592,0.005,optimal,135.0,69.0,15.0,0.2046759259259259,0.2046759259259259,0.204676,True,ok
v20_two_peeled_leaves,car_evaluation,1728.0,15.0,0.01,0.1452314814814815,130.0,7.0,0.0180275420425459,0.02,optimal,1103.0,849.0,15.0,0.1452314814814815,0.1452314814814815,0.145231,True,ok
v20_two_peeled_leaves,car_evaluation,1728.0,15.0,0.005,0.1063425925925926,106.0,9.0,0.1059725420200266,0.109,optimal,5391.0,5131.0,15.0,0.1063425925925926,0.1063425925925926,0.106343,True,ok
v20_two_peeled_leaves,coupon_bar,1913.0,14.0,0.1,0.5119184526921067,788.0,1.0,2.96669895760715e-05,0.003,optimal,1.0,1.0,14.0,0.5119184526921067,0.5119184526921067,0.511918,True,ok
v20_two_peeled_leaves,coupon_bar,1913.0,14.0,0.05,0.4538944066910612,677.0,2.0,0.0002126659965142,0.003,optimal,27.0,14.0,14.0,0.4538944066910611,0.4538944066910611,0.453894,True,ok
v20_two_peeled_leaves,coupon_bar,1913.0,14.0,0.02,0.3715525352848928,596.0,3.0,0.0018520420417189,0.004,optimal,178.0,120.0,14.0,0.3715525352848928,0.3715525352848928,0.371553,True,ok
v20_two_peeled_leaves,coupon_bar,1913.0,14.0,0.01,0.3410977522216414,576.0,4.0,0.0086759169935248,0.011,optimal,942.0,771.0,14.0,0.3410977522216414,0.3410977522216414,0.341098,True,ok
v20_two_peeled_leaves,coupon_bar,1913.0,14.0,0.005,0.3186199686356508,533.0,8.0,0.0586718339473009,0.061,optimal,3525.0,3982.0,14.0,0.3186199686356508,0.3186199686356508,0.31862,True,ok
v20_two_peeled_leaves,compas_binned,6907.0,12.0,0.1,0.5610829593166353,2494.0,2.0,3.670802107080817e-05,0.006,optimal,3.0,1.0,12.0,0.5610829593166353,0.5610829593166353,0.561083,True,ok
v20_two_peeled_leaves,compas_binned,6907.0,12.0,0.05,0.4610829593166353,2494.0,2.0,3.3165968488901854e-05,0.006,optimal,3.0,1.0,12.0,0.4610829593166352,0.4610829593166352,0.461083,True,ok
v20_two_peeled_leaves,compas_binned,6907.0,12.0,0.02,0.4010829593166353,2494.0,2.0,0.0001561249955557,0.006,optimal,21.0,11.0,12.0,0.4010829593166353,0.4010829593166353,0.401083,True,ok
v20_two_peeled_leaves,compas_binned,6907.0,12.0,0.01,0.3748675256985666,2382.0,3.0,0.0007988750003278,0.007,optimal,111.0,61.0,12.0,0.3748675256985667,0.3748675256985667,0.374868,True,ok
v20_two_peeled_leaves,compas_binned,6907.0,12.0,0.005,0.355968582597365,2286.0,5.0,0.0025431669782847,0.009,optimal,294.0,198.0,12.0,0.3559685825973649,0.3559685825973649,0.355969,True,ok
v20_two_peeled_leaves,fico_binary,10459.0,17.0,0.1,0.5040443637058992,3180.0,2.0,5.6124990805983543e-05,0.013,optimal,3.0,1.0,17.0,0.5040443637058992,0.5040443637058992,0.504044,True,ok
v20_two_peeled_leaves,fico_binary,10459.0,17.0,0.05,0.4040443637058992,3180.0,2.0,0.0002068749745376,0.013,optimal,23.0,12.0,17.0,0.4040443637058992,0.4040443637058992,0.404044,True,ok
v20_two_peeled_leaves,fico_binary,10459.0,17.0,0.02,0.3440443637058992,3180.0,2.0,0.002320832980331,0.015,optimal,277.0,164.0,17.0,0.3440443637058992,0.3440443637058992,0.344044,True,ok
v20_two_peeled_leaves,fico_binary,10459.0,17.0,0.01,0.3240443637058992,3180.0,2.0,0.0921703329659067,0.106,optimal,5675.0,4295.0,17.0,0.3240443637058992,0.3240443637058992,0.324044,True,ok
v20_two_peeled_leaves,fico_binary,10459.0,17.0,0.005,0.308650922650349,3019.0,4.0,1.4729207499767654,1.496,optimal,51348.0,58198.0,17.0,0.308650922650349,0.308650922650349,0.308651,True,ok
v20_two_peeled_leaves,compas_processed,12381.0,22.0,0.1,0.411364187060819,3855.0,1.0,0.0005540829733945,0.228,optimal,23.0,12.0,621.0,0.411364187060819,0.411364187060819,0.411364,True,ok
v20_two_peeled_leaves,compas_processed,12381.0,22.0,0.05,0.3613641870608189,3855.0,1.0,0.5422790419543162,0.778,optimal,18797.0,11999.0,621.0,0.3613641870608189,0.3613641870608189,0.361364,True,ok
v20_two_peeled_leaves,compas_processed,12381.0,22.0,0.02,0.3278604313060334,3564.0,2.0,30.0,30.416,time,595196.0,450560.0,621.0,0.1085728131814877,0.3278604313060334,0.32786,False,ok
v20_two_peeled_leaves,compas_processed,12381.0,22.0,0.01,0.3078604313060334,3564.0,2.0,30.0,30.331,time,411221.0,342208.0,621.0,0.0885728131814877,0.3078604313060334,0.30786,False,ok
v20_two_peeled_leaves,compas_processed,12381.0,22.0,0.005,0.2978604313060334,3564.0,2.0,30.0,30.292,time,355364.0,295744.0,621.0,0.0785728131814877,0.2978604313060334,0.29786,False,ok
v21_python_overhead,chudi,77.0,2.0,0.1,0.464935064935065,5.0,4.0,0.0003006670158356,2.957,optimal,19.0,9.0,46.0,0.464935064935065,0.464935064935065,0.464935,True,ok
v21_python_overhead,chudi,77.0,2.0,0.05,0.25,0.0,5.0,0.0005631250096485,0.001,optimal,54.0,23.0,46.0,0.25,0.25,0.25,True,ok
v21_python_overhead,chudi,77.0,2.0,0.02,0.1,0.0,5.0,0.0005847080028615,0.001,optimal,62.0,25.0,46.0,0.1,0.1,0.1,True,ok
v21_python_overhead,chudi,77.0,2.0,0.01,0.05,0.0,5.0,0.0009555419674143,0.001,optimal,68.0,28.0,46.0,0.05,0.05,0.05,True,ok
v21_python_overhead,chudi,77.0,2.0,0.005,0.025,0.0,5.0,0.0006463329773396,0.001,optimal,68.0,28.0,46.0,0.025,0.025,0.025,True,ok
v21_python_overhead,monk_3,122.0,11.0,0.1,0.5213114754098361,27.0,3.0,7.341703167185187e-05,0.001,optimal,5.0,1.0,11.0,0.521311475409836,0.521311475409836,0.521311,True,ok
v21_python_overhead,monk_3,122.0,11.0,0.05,0.3713114754098361,27.0,3.0,0.0001147080329246,0.001,optimal,6.0,2.0,11.0,0.3713114754098361,0.3713114754098361,0.371311,True,ok
v21_python_overhead,monk_3,122.0,11.0,0.02,0.2429508196721311,15.0,6.0,0.0007249169866554,0.001,optimal,79.0,49.0,11.0,0.2429508196721311,0.2429508196721311,0.242951,True,ok
v21_python_overhead,monk_3,122.0,11.0,0.01,0.1555737704918032,8.0,9.0,0.0023898749495856,0.003,optimal,306.0,185.0,11.0,0.1555737704918032,0.1555737704918032,0.155574,True,ok
v21_python_overhead,monk_3,122.0,11.0,0.005,0.0945901639344262,3.0,14.0,0.0070774999912828,0.008,optimal,937.0,638.0,11.0,0.0945901639344262,0.0945901639344262,0.09459,True,ok
v21_python_overhead,monk_1,124.0,11.0,0.1,0.4661290322580645,33.0,2.0,5.258404416963458e-05,0.001,optimal,3.0,1.0,11.0,0.4661290322580644,0.4661290322580644,0.466129,True,ok
v21_python_overhead,monk_1,124.0,11.0,0.05,0.3387096774193548,11.0,5.0,7.870898116379976e-05,0.001,optimal,3.0,2.0,11.0,0.3387096774193548,0.3387096774193548,0.33871,True,ok
v21_python_overhead,monk_1,124.0,11.0,0.02,0.16,0.0,8.0,0.0004633329808712,0.001,optimal,66.0,25.0,11.0,0.16,0.16,0.16,True,ok
v21_python_overhead,monk_1,124.0,11.0,0.01,0.08,0.0,8.0,0.0004152079927735,0.001,optimal,69.0,29.0,11.0,0.08,0.08,0.08,True,ok
v21_python_overhead,monk_1,124.0,11.0,0.005,0.04,0.0,8.0,0.0004012080025859,0.001,optimal,81.0,36.0,11.0,0.04,0.04,0.04,True,ok
v21_python_overhead,iris,150.0,4.0,0.1,0.34,6.0,3.0,0.0001458750339224,0.001,optimal,5.0,1.0,118.0,0.3399999999999999,0.3399999999999999,0.34,True,ok
v21_python_overhead,iris,150.0,4.0,0.05,0.19,6.0,3.0,0.0001599169918335,0.001,optimal,5.0,1.0,118.0,0.19,0.19,0.19,True,ok
v21_python_overhead,iris,150.0,4.0,0.02,0.1,6.0,3.0,0.00514204101637,0.006,optimal,120.0,72.0,118.0,0.1,0.1,0.1,True,ok
v21_python_overhead,iris,150.0,4.0,0.01,0.06,3.0,4.0,0.0249839579919353,0.026,optimal,500.0,343.0,118.0,0.06,0.06,0.06,True,ok
v21_python_overhead,iris,150.0,4.0,0.005,0.0383333333333333,2.0,5.0,0.1899713330203667,0.191,optimal,3223.0,2856.0,118.0,0.0383333333333333,0.0383333333333333,0.038333,True,ok
v21_python_overhead,monk_2,169.0,11.0,0.1,0.478698224852071,64.0,1.0,5.270796827971935e-05,0.001,optimal,1.0,1.0,11.0,0.478698224852071,0.478698224852071,0.478698,True,ok
v21_python_overhead,monk_2,169.0,11.0,0.05,0.428698224852071,64.0,1.0,0.0001522919628769,0.001,optimal,23.0,13.0,11.0,0.428698224852071,0.428698224852071,0.428698,True,ok
v21_python_overhead,monk_2,169.0,11.0,0.02,0.3589349112426035,37.0,7.0,0.0027075840043835,0.004,optimal,314.0,267.0,11.0,0.3589349112426035,0.3589349112426035,0.358935,True,ok
v21_python_overhead,monk_2,169.0,11.0,0.01,0.2650887573964497,11.0,20.0,0.0099749999935738,0.011,optimal,1264.0,990.0,11.0,0.2650887573964497,0.2650887573964497,0.265089,True,ok
v21_python_overhead,monk_2,169.0,11.0,0.005,0.1527514792899408,3.0,27.0,0.01672645797953,0.018,optimal,2139.0,1468.0,11.0,0.1527514792899408,0.1527514792899408,0.152751,True,ok
v21_python_overhead,tic-tac-toe,958.0,9.0,0.1,0.4465553235908142,332.0,1.0,3.74580267816782e-05,0.01,optimal,1.0,1.0,27.0,0.4465553235908142,0.4465553235908142,0.446555,True,ok
v21_python_overhead,tic-tac-toe,958.0,9.0,0.05,0.3965553235908142,332.0,1.0,0.0005826249835081,0.01,optimal,55.0,37.0,27.0,0.3965553235908141,0.3965553235908141,0.396555,True,ok
v21_python_overhead,tic-tac-toe,958.0,9.0,0.02,0.3183298538622129,190.0,6.0,0.0468744579702615,0.057,optimal,5045.0,3441.0,27.0,0.3183298538622129,0.3183298538622129,0.31833,True,ok
v21_python_overhead,tic-tac-toe,958.0,9.0,0.01,0.2507515657620042,154.0,9.0,0.697214082989376,0.711,optimal,71074.0,51668.0,27.0,0.2507515657620042,0.2507515657620042,0.250752,True,ok
v21_python_overhead,tic-tac-toe,958.0,9.0,0.005,0.1542797494780793,52.0,20.0,0.9689160830457696,0.986,optimal,103968.0,74781.0,27.0,0.1542797494780793,0.1542797494780793,0.15428,True,ok
v21_python_overhead,gaussian_1k,1000.0,1.0,0.1,0.397,297.0,1.0,0.0003922500181943,0.037,optimal,1.0,1.0,999.0,0.397,0.397,0.397,True,ok
v21_python_overhead,gaussian_1k,1000.0,1.0,0.05,0.275,125.0,3.0,0.0004767919890582,0.032,optimal,5.0,1.0,999.0,0.275,0.275,0.275,True,ok
v21_python_overhead,gaussian_1k,1000.0,1.0,0.02,0.185,125.0,3.0,0.0005418749642558,0.032,optimal,5.0,1.0,999.0,0.1849999999999999,0.1849999999999999,0.185,True,ok
v21_python_overhead,gaussian_1k,1000.0,1.0,0.01,0.155,125.0,3.0,0.0005452500190585,0.032,optimal,5.0,1.0,999.0,0.155,0.155,0.155,True,ok
v21_python_overhead,gaussian_1k,1000.0,1.0,0.005,0.14,125.0,3.0,0.0005505420267581,0.031,optimal,5.0,1.0,999.0,0.14,0.14,0.14,True,ok
v21_python_overhead,fico_1k,1000.0,23.0,0.1,0.491,291.0,2.0,0.0872996670077554,0.105,optimal,4206.0,2608.0,1357.0,0.491,0.491,0.491,True,ok
v21_python_overhead,fico_1k,1000.0,23.0,0.05,0.391,291.0,2.0,30.0,30.068,time,812042.0,689344.0,1357.0,0.125,0.391,0.391,False,ok
v21_python_overhead,fico_1k,1000.0,23.0,0.02,0.3309999999999999,291.0,2.0,30.0,30.038,time,291644.0,260992.0,1357.0,0.065,0.3309999999999999,0.331,False,ok
v21_python_overhead,fico_1k,1000.0,23.0,0.01,0.311,291.0,2.0,30.0,30.038,time,281778.0,272832.0,1357.0,0.045,0.311,0.304,False,worse_than_known
v21_python_overhead,fico_1k,1000.0,23.0,0.005,0.301,291.0,2.0,30.0,30.347,time,242797.0,226752.0,1357.0,0.035,0.301,0.284,False,worse_than_known
v21_python_overhead,sine_1k,1000.0,1.0,0.1,0.595,495.0,1.0,0.0003902500029653,0.031,optimal,1.0,1.0,999.0,0.595,0.595,0.595,True,ok
v21_python_overhead,sine_1k,1000.0,1.0,0.05,0.545,495.0,1.0,0.0004736249684356,0.034,optimal,1.0,1.0,999.0,0.545,0.545,0.545,False,ok
v21_python_overhead,sine_1k,1000.0,1.0,0.02,0.494,454.0,2.0,0.0005642910255119,0.03,optimal,3.0,1.0,999.0,0.494,0.494,0.494,False,ok
v21_python_overhead,sine_1k,1000.0,1.0,0.01,0.429,169.0,26.0,0.000660375051666,0.031,optimal,52.0,1.0,999.0,0.4290000000000001,0.4290000000000001,0.443,False,better_than_known
v21_python_overhead,sine_1k,1000.0,1.0,0.005,0.269,109.0,32.0,0.0007412499981001,0.031,optimal,67.0,1.0,999.0,0.2690000000000001,0.2690000000000001,0.4,False,better_than_known
v21_python_overhead,car_evaluation,1728.0,15.0,0.1,0.3997685185185186,518.0,1.0,3.024999750778079e-05,0.002,optimal,1.0,1.0,15.0,0.3997685185185184,0.3997685185185184,0.399769,True,ok
v21_python_overhead,car_evaluation,1728.0,15.0,0.05,0.2946759259259259,250.0,3.0,0.0001952080056071,0.002,optimal,15.0,8.0,15.0,0.2946759259259259,0.2946759259259259,0.294676,True,ok
v21_python_overhead,car_evaluation,1728.0,15.0,0.02,0.2046759259259259,250.0,3.0,0.00248270801967,0.005,optimal,135.0,69.0,15.0,0.2046759259259259,0.2046759259259259,0.204676,True,ok
v21_python_overhead,car_evaluation,1728.0,15.0,0.01,0.1452314814814815,130.0,7.0,0.0172569169662892,0.019,optimal,1107.0,846.0,15.0,0.1452314814814815,0.1452314814814815,0.145231,True,ok
v21_python_overhead,car_evaluation,1728.0,15.0,0.005,0.1063425925925926,106.0,9.0,0.0795620420249179,0.082,optimal,5690.0,5398.0,15.0,0.1063425925925926,0.1063425925925926,0.106343,True,ok
v21_python_overhead,coupon_bar,1913.0,14.0,0.1,0.5119184526921067,788.0,1.0,2.320797648280859e-05,0.002,optimal,1.0,1.0,14.0,0.5119184526921067,0.5119184526921067,0.511918,True,ok
v21_python_overhead,coupon_bar,1913.0,14.0,0.05,0.4538944066910612,677.0,2.0,0.0001802089973352,0.002,optimal,27.0,14.0,14.0,0.4538944066910611,0.4538944066910611,0.453894,True,ok
v21_python_overhead,coupon_bar,1913.0,14.0,0.02,0.3715525352848928,596.0,3.0,0.0016910000122152,0.004,optimal,178.0,120.0,14.0,0.3715525352848928,0.3715525352848928,0.371553,True,ok
v21_python_overhead,coupon_bar,1913.0,14.0,0.01,0.3410977522216414,576.0,4.0,0.008159999968484,0.01,optimal,951.0,775.0,14.0,0.3410977522216414,0.3410977522216414,0.341098,True,ok
v21_python_overhead,coupon_bar,1913.0,14.0,0.005,0.3186199686356508,533.0,8.0,0.039746374997776,0.042,optimal,3582.0,3989.0,14.0,0.3186199686356508,0.3186199686356508,0.31862,True,ok
v21_python_overhead,compas_binned,6907.0,12.0,0.1,0.5610829593166353,2494.0,2.0,3.479100996628404e-05,0.006,optimal,3.0,1.0,12.0,0.5610829593166353,0.5610829593166353,0.561083,True,ok
v21_python_overhead,compas_binned,6907.0,12.0,0.05,0.4610829593166353,2494.0,2.0,2.9707967769354585e-05,0.006,optimal,3.0,1.0,12.0,0.4610829593166352,0.4610829593166352,0.461083,True,ok
v21_python_overhead,compas_binned,6907.0,12.0,0.02,0.4010829593166353,2494.0,2.0,0.0001508749555796,0.006,optimal,21.0,11.0,12.0,0.4010829593166353,0.4010829593166353,0.401083,True,ok
v21_python_overhead,compas_binned,6907.0,12.0,0.01,0.3748675256985666,2382.0,3.0,0.0007626669830642,0.007,optimal,111.0,61.0,12.0,0.3748675256985667,0.3748675256985667,0.374868,True,ok
v21_python_overhead,compas_binned,6907.0,12.0,0.005,0.355968582597365,2286.0,5.0,0.002287957991939,0.008,optimal,296.0,199.0,12.0,0.3559685825973649,0.3559685825973649,0.355969,True,ok
v21_python_overhead,fico_binary,10459.0,17.0,0.1,0.5040443637058992,3180.0,2.0,3.691698657348752e-05,0.013,optimal,3.0,1.0,17.0,0.5040443637058992,0.5040443637058992,0.504044,True,ok
v21_python_overhead,fico_binary,10459.0,17.0,0.05,0.4040443637058992,3180.0,2.0,0.0002076249802485,0.015,optimal,23.0,12.0,17.0,0.4040443637058992,0.4040443637058992,0.404044,True,ok
v21_python_overhead,fico_binary,10459.0,17.0,0.02,0.3440443637058992,3180.0,2.0,0.0022594580077566,0.015,optimal,277.0,164.0,17.0,0.3440443637058992,0.3440443637058992,0.344044,True,ok
v21_python_overhead,fico_binary,10459.0,17.0,0.01,0.3240443637058992,3180.0,2.0,0.0678622919949702,0.082,optimal,5763.0,4414.0,17.0,0.3240443637058992,0.3240443637058992,0.324044,True,ok
v21_python_overhead,fico_binary,10459.0,17.0,0.005,0.308650922650349,3019.0,4.0,1.0132447499781847,1.035,optimal,51584.0,58714.0,17.0,0.308650922650349,0.308650922650349,0.308651,True,ok
v21_python_overhead,compas_processed,12381.0,22.0,0.1,0.411364187060819,3855.0,1.0,0.0005512079806067,0.232,optimal,23.0,12.0,621.0,0.411364187060819,0.411364187060819,0.411364,True,ok
v21_python_overhead,compas_processed,12381.0,22.0,0.05,0.3613641870608189,3855.0,1.0,0.4806011670152657,0.704,optimal,18815.0,12012.0,621.0,0.3613641870608189,0.3613641870608189,0.361364,True,ok
v21_python_overhead,compas_processed,12381.0,22.0,0.02,0.3278604313060334,3564.0,2.0,30.0,30.396,time,745786.0,562176.0,621.0,0.1085728131814877,0.3278604313060334,0.32786,False,ok
v21_python_overhead,compas_processed,12381.0,22.0,0.01,0.3078604313060334,3564.0,2.0,30.0,30.338,time,504289.0,423296.0,621.0,0.0885728131814877,0.3078604313060334,0.30786,False,ok
v21_python_overhead,compas_processed,12381.0,22.0,0.005,0.2978604313060334,3564.0,2.0,30.0,30.307,time,413220.0,348864.0,621.0,0.0785728131814877,0.2978604313060334,0.29786,False,ok
v22_kernel_side_masks,chudi,77.0,2.0,0.1,0.464935064935065,5.0,4.0,0.0003051250241696,2.942,optimal,19.0,9.0,46.0,0.464935064935065,0.464935064935065,0.464935,True,ok
v22_kernel_side_masks,chudi,77.0,2.0,0.05,0.25,0.0,5.0,0.0005490829935297,0.001,optimal,54.0,23.0,46.0,0.25,0.25,0.25,True,ok
v22_kernel_side_masks,chudi,77.0,2.0,0.02,0.1,0.0,5.0,0.0005702089983969,0.001,optimal,62.0,25.0,46.0,0.1,0.1,0.1,True,ok
v22_kernel_side_masks,chudi,77.0,2.0,0.01,0.05,0.0,5.0,0.0006104999920353,0.001,optimal,68.0,28.0,46.0,0.05,0.05,0.05,True,ok
v22_kernel_side_masks,chudi,77.0,2.0,0.005,0.025,0.0,5.0,0.0006019580177962,0.001,optimal,68.0,28.0,46.0,0.025,0.025,0.025,True,ok
v22_kernel_side_masks,monk_3,122.0,11.0,0.1,0.5213114754098361,27.0,3.0,7.01249809935689e-05,0.001,optimal,5.0,1.0,11.0,0.521311475409836,0.521311475409836,0.521311,True,ok
v22_kernel_side_masks,monk_3,122.0,11.0,0.05,0.3713114754098361,27.0,3.0,0.0001037080073729,0.001,optimal,6.0,2.0,11.0,0.3713114754098361,0.3713114754098361,0.371311,True,ok
v22_kernel_side_masks,monk_3,122.0,11.0,0.02,0.2429508196721311,15.0,6.0,0.0006711659952998,0.001,optimal,79.0,49.0,11.0,0.2429508196721311,0.2429508196721311,0.242951,True,ok
v22_kernel_side_masks,monk_3,122.0,11.0,0.01,0.1555737704918032,8.0,9.0,0.0022857500007376,0.003,optimal,306.0,185.0,11.0,0.1555737704918032,0.1555737704918032,0.155574,True,ok
v22_kernel_side_masks,monk_3,122.0,11.0,0.005,0.0945901639344262,3.0,14.0,0.0067640829947777,0.008,optimal,937.0,638.0,11.0,0.0945901639344262,0.0945901639344262,0.09459,True,ok
v22_kernel_side_masks,monk_1,124.0,11.0,0.1,0.4661290322580645,33.0,2.0,6.158294854685664e-05,0.001,optimal,3.0,1.0,11.0,0.4661290322580644,0.4661290322580644,0.466129,True,ok
v22_kernel_side_masks,monk_1,124.0,11.0,0.05,0.3387096774193548,11.0,5.0,7.679202826693654e-05,0.001,optimal,3.0,2.0,11.0,0.3387096774193548,0.3387096774193548,0.33871,True,ok
v22_kernel_side_masks,monk_1,124.0,11.0,0.02,0.16,0.0,8.0,0.0004297089762985,0.001,optimal,66.0,25.0,11.0,0.16,0.16,0.16,True,ok
v22_kernel_side_masks,monk_1,124.0,11.0,0.01,0.08,0.0,8.0,0.0003916669520549,0.001,optimal,69.0,29.0,11.0,0.08,0.08,0.08,True,ok
v22_kernel_side_masks,monk_1,124.0,11.0,0.005,0.04,0.0,8.0,0.0003763749846257,0.001,optimal,81.0,36.0,11.0,0.04,0.04,0.04,True,ok
v22_kernel_side_masks,iris,150.0,4.0,0.1,0.34,6.0,3.0,0.0001327089848928,0.001,optimal,5.0,1.0,118.0,0.3399999999999999,0.3399999999999999,0.34,True,ok
v22_kernel_side_masks,iris,150.0,4.0,0.05,0.19,6.0,3.0,0.0001749169896356,0.001,optimal,5.0,1.0,118.0,0.19,0.19,0.19,True,ok
v22_kernel_side_masks,iris,150.0,4.0,0.02,0.1,6.0,3.0,0.0049853330128826,0.006,optimal,120.0,72.0,118.0,0.1,0.1,0.1,True,ok
v22_kernel_side_masks,iris,150.0,4.0,0.01,0.06,3.0,4.0,0.024453165999148,0.025,optimal,500.0,343.0,118.0,0.06,0.06,0.06,True,ok
v22_kernel_side_masks,iris,150.0,4.0,0.005,0.0383333333333333,2.0,5.0,0.1905277909827418,0.192,optimal,3223.0,2856.0,118.0,0.0383333333333333,0.0383333333333333,0.038333,True,ok
v22_kernel_side_masks,monk_2,169.0,11.0,0.1,0.478698224852071,64.0,1.0,6.591703277081251e-05,0.001,optimal,1.0,1.0,11.0,0.478698224852071,0.478698224852071,0.478698,True,ok
v22_kernel_side_masks,monk_2,169.0,11.0,0.05,0.428698224852071,64.0,1.0,0.000148416031152,0.001,optimal,23.0,13.0,11.0,0.428698224852071,0.428698224852071,0.428698,True,ok
v22_kernel_side_masks,monk_2,169.0,11.0,0.02,0.3589349112426035,37.0,7.0,0.0028090830310247,0.004,optimal,314.0,267.0,11.0,0.3589349112426035,0.3589349112426035,0.358935,True,ok
v22_kernel_side_masks,monk_2,169.0,11.0,0.01,0.2650887573964497,11.0,20.0,0.0098446250194683,0.011,optimal,1264.0,990.0,11.0,0.2650887573964497,0.2650887573964497,0.265089,True,ok
v22_kernel_side_masks,monk_2,169.0,11.0,0.005,0.1527514792899408,3.0,27.0,0.0150294170016422,0.016,optimal,2139.0,1468.0,11.0,0.1527514792899408,0.1527514792899408,0.152751,True,ok
v22_kernel_side_masks,tic-tac-toe,958.0,9.0,0.1,0.4465553235908142,332.0,1.0,3.791600465774536e-05,0.01,optimal,1.0,1.0,27.0,0.4465553235908142,0.4465553235908142,0.446555,True,ok
v22_kernel_side_masks,tic-tac-toe,958.0,9.0,0.05,0.3965553235908142,332.0,1.0,0.0005684579955413,0.01,optimal,55.0,37.0,27.0,0.3965553235908141,0.3965553235908141,0.396555,True,ok
v22_kernel_side_masks,tic-tac-toe,958.0,9.0,0.02,0.3183298538622129,190.0,6.0,0.0438278330257162,0.054,optimal,5045.0,3441.0,27.0,0.3183298538622129,0.3183298538622129,0.31833,True,ok
v22_kernel_side_masks,tic-tac-toe,958.0,9.0,0.01,0.2507515657620042,154.0,9.0,0.6679269159794785,0.681,optimal,71074.0,51668.0,27.0,0.2507515657620042,0.2507515657620042,0.250752,True,ok
v22_kernel_side_masks,tic-tac-toe,958.0,9.0,0.005,0.1542797494780793,52.0,20.0,0.8756877920241095,0.89,optimal,103968.0,74781.0,27.0,0.1542797494780793,0.1542797494780793,0.15428,True,ok
v22_kernel_side_masks,gaussian_1k,1000.0,1.0,0.1,0.397,297.0,1.0,0.0004193339846096,0.033,optimal,1.0,1.0,999.0,0.397,0.397,0.397,True,ok
v22_kernel_side_masks,gaussian_1k,1000.0,1.0,0.05,0.275,125.0,3.0,0.0005048749735578,0.032,optimal,5.0,1.0,999.0,0.275,0.275,0.275,True,ok
v22_kernel_side_masks,gaussian_1k,1000.0,1.0,0.02,0.185,125.0,3.0,0.0005340829957276,0.033,optimal,5.0,1.0,999.0,0.1849999999999999,0.1849999999999999,0.185,True,ok
v22_kernel_side_masks,gaussian_1k,1000.0,1.0,0.01,0.155,125.0,3.0,0.0005526670138351,0.032,optimal,5.0,1.0,999.0,0.155,0.155,0.155,True,ok
v22_kernel_side_masks,gaussian_1k,1000.0,1.0,0.005,0.14,125.0,3.0,0.0005629580118693,0.032,optimal,5.0,1.0,999.0,0.14,0.14,0.14,True,ok
v22_kernel_side_masks,fico_1k,1000.0,23.0,0.1,0.491,291.0,2.0,0.0867817500256933,0.104,optimal,4206.0,2608.0,1357.0,0.491,0.491,0.491,True,ok
v22_kernel_side_masks,fico_1k,1000.0,23.0,0.05,0.391,291.0,2.0,30.0,30.061,time,840670.0,713152.0,1357.0,0.125,0.391,0.391,False,ok
v22_kernel_side_masks,fico_1k,1000.0,23.0,0.02,0.3309999999999999,291.0,2.0,30.0,30.047,time,288412.0,257920.0,1357.0,0.065,0.3309999999999999,0.331,False,ok
v22_kernel_side_masks,fico_1k,1000.0,23.0,0.01,0.311,291.0,2.0,30.0,30.057,time,284921.0,276032.0,1357.0,0.045,0.311,0.304,False,worse_than_known
v22_kernel_side_masks,fico_1k,1000.0,23.0,0.005,0.301,291.0,2.0,30.0,30.035,time,241421.0,225472.0,1357.0,0.035,0.301,0.284,False,worse_than_known
v22_kernel_side_masks,sine_1k,1000.0,1.0,0.1,0.595,495.0,1.0,0.0003922079922631,0.032,optimal,1.0,1.0,999.0,0.595,0.595,0.595,True,ok
v22_kernel_side_masks,sine_1k,1000.0,1.0,0.05,0.545,495.0,1.0,0.0004615840152837,0.031,optimal,1.0,1.0,999.0,0.545,0.545,0.545,False,ok
v22_kernel_side_masks,sine_1k,1000.0,1.0,0.02,0.494,454.0,2.0,0.0005808749701827,0.031,optimal,3.0,1.0,999.0,0.494,0.494,0.494,False,ok
v22_kernel_side_masks,sine_1k,1000.0,1.0,0.01,0.429,169.0,26.0,0.0006618329789489,0.032,optimal,52.0,1.0,999.0,0.4290000000000001,0.4290000000000001,0.443,False,better_than_known
v22_kernel_side_masks,sine_1k,1000.0,1.0,0.005,0.269,109.0,32.0,0.0007187920273281,0.032,optimal,67.0,1.0,999.0,0.2690000000000001,0.2690000000000001,0.4,False,better_than_known
v22_kernel_side_masks,car_evaluation,1728.0,15.0,0.1,0.3997685185185186,518.0,1.0,2.924998989328742e-05,0.003,optimal,1.0,1.0,15.0,0.3997685185185184,0.3997685185185184,0.399769,True,ok
v22_kernel_side_masks,car_evaluation,1728.0,15.0,0.05,0.2946759259259259,250.0,3.0,0.0001984999980777,0.003,optimal,15.0,8.0,15.0,0.2946759259259259,0.2946759259259259,0.294676,True,ok
v22_kernel_side_masks,car_evaluation,1728.0,15.0,0.02,0.2046759259259259,250.0,3.0,0.0025618340005166,0.005,optimal,135.0,69.0,15.0,0.2046759259259259,0.2046759259259259,0.204676,True,ok
v22_kernel_side_masks,car_evaluation,1728.0,15.0,0.01,0.1452314814814815,130.0,7.0,0.017266999988351,0.02,optimal,1107.0,846.0,15.0,0.1452314814814815,0.1452314814814815,0.145231,True,ok
v22_kernel_side_masks,car_evaluation,1728.0,15.0,0.005,0.1063425925925926,106.0,9.0,0.0765982079901732,0.079,optimal,5690.0,5398.0,15.0,0.1063425925925926,0.1063425925925926,0.106343,True,ok
v22_kernel_side_masks,coupon_bar,1913.0,14.0,0.1,0.5119184526921067,788.0,1.0,2.7375004719942808e-05,0.003,optimal,1.0,1.0,14.0,0.5119184526921067,0.5119184526921067,0.511918,True,ok
v22_kernel_side_masks,coupon_bar,1913.0,14.0,0.05,0.4538944066910612,677.0,2.0,0.0001767079811543,0.003,optimal,27.0,14.0,14.0,0.4538944066910611,0.4538944066910611,0.453894,True,ok
v22_kernel_side_masks,coupon_bar,1913.0,14.0,0.02,0.3715525352848928,596.0,3.0,0.0016807080246508,0.004,optimal,178.0,120.0,14.0,0.3715525352848928,0.3715525352848928,0.371553,True,ok
v22_kernel_side_masks,coupon_bar,1913.0,14.0,0.01,0.3410977522216414,576.0,4.0,0.0071090420242398,0.009,optimal,951.0,775.0,14.0,0.3410977522216414,0.3410977522216414,0.341098,True,ok
v22_kernel_side_masks,coupon_bar,1913.0,14.0,0.005,0.3186199686356508,533.0,8.0,0.0360196660039946,0.039,optimal,3582.0,3989.0,14.0,0.3186199686356508,0.3186199686356508,0.31862,True,ok
v22_kernel_side_masks,compas_binned,6907.0,12.0,0.1,0.5610829593166353,2494.0,2.0,3.1875038985162973e-05,0.006,optimal,3.0,1.0,12.0,0.5610829593166353,0.5610829593166353,0.561083,True,ok
v22_kernel_side_masks,compas_binned,6907.0,12.0,0.05,0.4610829593166353,2494.0,2.0,3.15000070258975e-05,0.006,optimal,3.0,1.0,12.0,0.4610829593166352,0.4610829593166352,0.461083,True,ok
v22_kernel_side_masks,compas_binned,6907.0,12.0,0.02,0.4010829593166353,2494.0,2.0,0.0001445000525563,0.006,optimal,21.0,11.0,12.0,0.4010829593166353,0.4010829593166353,0.401083,True,ok
v22_kernel_side_masks,compas_binned,6907.0,12.0,0.01,0.3748675256985666,2382.0,3.0,0.0007225419976748,0.007,optimal,111.0,61.0,12.0,0.3748675256985667,0.3748675256985667,0.374868,True,ok
v22_kernel_side_masks,compas_binned,6907.0,12.0,0.005,0.355968582597365,2286.0,5.0,0.0021172920241951,0.008,optimal,296.0,199.0,12.0,0.3559685825973649,0.3559685825973649,0.355969,True,ok
v22_kernel_side_masks,fico_binary,10459.0,17.0,0.1,0.5040443637058992,3180.0,2.0,4.558399086818099e-05,0.012,optimal,3.0,1.0,17.0,0.5040443637058992,0.5040443637058992,0.504044,True,ok
v22_kernel_side_masks,fico_binary,10459.0,17.0,0.05,0.4040443637058992,3180.0,2.0,0.0001753329997882,0.012,optimal,23.0,12.0,17.0,0.4040443637058992,0.4040443637058992,0.404044,True,ok
v22_kernel_side_masks,fico_binary,10459.0,17.0,0.02,0.3440443637058992,3180.0,2.0,0.002043665968813,0.014,optimal,277.0,164.0,17.0,0.3440443637058992,0.3440443637058992,0.344044,True,ok
v22_kernel_side_masks,fico_binary,10459.0,17.0,0.01,0.3240443637058992,3180.0,2.0,0.0862554169725626,0.099,optimal,5763.0,4414.0,17.0,0.3240443637058992,0.3240443637058992,0.324044,True,ok
v22_kernel_side_masks,fico_binary,10459.0,17.0,0.005,0.308650922650349,3019.0,4.0,0.977149249985814,0.998,optimal,51584.0,58714.0,17.0,0.308650922650349,0.308650922650349,0.308651,True,ok
v22_kernel_side_masks,compas_processed,12381.0,22.0,0.1,0.411364187060819,3855.0,1.0,0.0006179580232128,0.25,optimal,23.0,12.0,621.0,0.411364187060819,0.411364187060819,0.411364,True,ok
v22_kernel_side_masks,compas_processed,12381.0,22.0,0.05,0.3613641870608189,3855.0,1.0,0.4605231250170618,0.692,optimal,18815.0,12012.0,621.0,0.3613641870608189,0.3613641870608189,0.361364,True,ok
v22_kernel_side_masks,compas_processed,12381.0,22.0,0.02,0.3278604313060334,3564.0,2.0,30.0,30.411,time,794470.0,595008.0,621.0,0.1085728131814877,0.3278604313060334,0.32786,False,ok
v22_kernel_side_masks,compas_processed,12381.0,22.0,0.01,0.3078604313060334,3564.0,2.0,30.0,30.356,time,508999.0,427136.0,621.0,0.0885728131814877,0.3078604313060334,0.30786,False,ok
v22_kernel_side_masks,compas_processed,12381.0,22.0,0.005,0.2978604313060334,3564.0,2.0,30.0,30.303,time,422343.0,357184.0,621.0,0.0785728131814877,0.2978604313060334,0.29786,False,ok
v23_word_compaction,chudi,77.0,2.0,0.1,0.464935064935065,5.0,4.0,0.0003127499949187,3.087,optimal,19.0,9.0,46.0,0.464935064935065,0.464935064935065,0.464935,True,ok
v23_word_compaction,chudi,77.0,2.0,0.05,0.25,0.0,5.0,0.0005811249720863,0.001,optimal,54.0,23.0,46.0,0.25,0.25,0.25,True,ok
v23_word_compaction,chudi,77.0,2.0,0.02,0.1,0.0,5.0,0.0006150410044938,0.001,optimal,62.0,25.0,46.0,0.1,0.1,0.1,True,ok
v23_word_compaction,chudi,77.0,2.0,0.01,0.05,0.0,5.0,0.0006387080065906,0.001,optimal,68.0,28.0,46.0,0.05,0.05,0.05,True,ok
v23_word_compaction,chudi,77.0,2.0,0.005,0.025,0.0,5.0,0.0006393340299837,0.001,optimal,68.0,28.0,46.0,0.025,0.025,0.025,True,ok
v23_word_compaction,monk_3,122.0,11.0,0.1,0.5213114754098361,27.0,3.0,8.366600377485156e-05,0.001,optimal,5.0,1.0,11.0,0.521311475409836,0.521311475409836,0.521311,True,ok
v23_word_compaction,monk_3,122.0,11.0,0.05,0.3713114754098361,27.0,3.0,0.0001112909521907,0.001,optimal,6.0,2.0,11.0,0.3713114754098361,0.3713114754098361,0.371311,True,ok
v23_word_compaction,monk_3,122.0,11.0,0.02,0.2429508196721311,15.0,6.0,0.0007079160423018,0.001,optimal,79.0,49.0,11.0,0.2429508196721311,0.2429508196721311,0.242951,True,ok
v23_word_compaction,monk_3,122.0,11.0,0.01,0.1555737704918032,8.0,9.0,0.0024342500255443,0.003,optimal,306.0,185.0,11.0,0.1555737704918032,0.1555737704918032,0.155574,True,ok
v23_word_compaction,monk_3,122.0,11.0,0.005,0.0945901639344262,3.0,14.0,0.0069949160097166,0.008,optimal,937.0,638.0,11.0,0.0945901639344262,0.0945901639344262,0.09459,True,ok
v23_word_compaction,monk_1,124.0,11.0,0.1,0.4661290322580645,33.0,2.0,5.400000372901559e-05,0.001,optimal,3.0,1.0,11.0,0.4661290322580644,0.4661290322580644,0.466129,True,ok
v23_word_compaction,monk_1,124.0,11.0,0.05,0.3387096774193548,11.0,5.0,7.520901272073388e-05,0.001,optimal,3.0,2.0,11.0,0.3387096774193548,0.3387096774193548,0.33871,True,ok
v23_word_compaction,monk_1,124.0,11.0,0.02,0.16,0.0,8.0,0.0004445000085979,0.001,optimal,66.0,25.0,11.0,0.16,0.16,0.16,True,ok
v23_word_compaction,monk_1,124.0,11.0,0.01,0.08,0.0,8.0,0.0004029999836347,0.001,optimal,69.0,29.0,11.0,0.08,0.08,0.08,True,ok
v23_word_compaction,monk_1,124.0,11.0,0.005,0.04,0.0,8.0,0.0004039170453324,0.001,optimal,81.0,36.0,11.0,0.04,0.04,0.04,True,ok
v23_word_compaction,iris,150.0,4.0,0.1,0.34,6.0,3.0,0.0001380419707857,0.001,optimal,5.0,1.0,118.0,0.3399999999999999,0.3399999999999999,0.34,True,ok
v23_word_compaction,iris,150.0,4.0,0.05,0.19,6.0,3.0,0.0001592499902471,0.001,optimal,5.0,1.0,118.0,0.19,0.19,0.19,True,ok
v23_word_compaction,iris,150.0,4.0,0.02,0.1,6.0,3.0,0.0052007909980602,0.006,optimal,120.0,72.0,118.0,0.1,0.1,0.1,True,ok
v23_word_compaction,iris,150.0,4.0,0.01,0.06,3.0,4.0,0.0259674999979324,0.027,optimal,500.0,343.0,118.0,0.06,0.06,0.06,True,ok
v23_word_compaction,iris,150.0,4.0,0.005,0.0383333333333333,2.0,5.0,0.1896915000397712,0.191,optimal,3223.0,2856.0,118.0,0.0383333333333333,0.0383333333333333,0.038333,True,ok
v23_word_compaction,monk_2,169.0,11.0,0.1,0.478698224852071,64.0,1.0,6.416701944544911e-05,0.001,optimal,1.0,1.0,11.0,0.478698224852071,0.478698224852071,0.478698,True,ok
v23_word_compaction,monk_2,169.0,11.0,0.05,0.428698224852071,64.0,1.0,0.0001392500125803,0.001,optimal,23.0,13.0,11.0,0.428698224852071,0.428698224852071,0.428698,True,ok
v23_word_compaction,monk_2,169.0,11.0,0.02,0.3589349112426035,37.0,7.0,0.002717625000514,0.004,optimal,314.0,267.0,11.0,0.3589349112426035,0.3589349112426035,0.358935,True,ok
v23_word_compaction,monk_2,169.0,11.0,0.01,0.2650887573964497,11.0,20.0,0.0099054170423187,0.011,optimal,1264.0,990.0,11.0,0.2650887573964497,0.2650887573964497,0.265089,True,ok
v23_word_compaction,monk_2,169.0,11.0,0.005,0.1527514792899408,3.0,27.0,0.0152177920099347,0.016,optimal,2139.0,1468.0,11.0,0.1527514792899408,0.1527514792899408,0.152751,True,ok
v23_word_compaction,tic-tac-toe,958.0,9.0,0.1,0.4465553235908142,332.0,1.0,3.670796286314726e-05,0.01,optimal,1.0,1.0,27.0,0.4465553235908142,0.4465553235908142,0.446555,True,ok
v23_word_compaction,tic-tac-toe,958.0,9.0,0.05,0.3965553235908142,332.0,1.0,0.0005592079833149,0.01,optimal,55.0,37.0,27.0,0.3965553235908141,0.3965553235908141,0.396555,True,ok
v23_word_compaction,tic-tac-toe,958.0,9.0,0.02,0.3183298538622129,190.0,6.0,0.0440041660331189,0.054,optimal,5045.0,3441.0,27.0,0.3183298538622129,0.3183298538622129,0.31833,True,ok
v23_word_compaction,tic-tac-toe,958.0,9.0,0.01,0.2507515657620042,154.0,9.0,0.6951575409621,0.708,optimal,71074.0,51668.0,27.0,0.2507515657620042,0.2507515657620042,0.250752,True,ok
v23_word_compaction,tic-tac-toe,958.0,9.0,0.005,0.1542797494780793,52.0,20.0,0.8936316249892116,0.908,optimal,103968.0,74781.0,27.0,0.1542797494780793,0.1542797494780793,0.15428,True,ok
v23_word_compaction,gaussian_1k,1000.0,1.0,0.1,0.397,297.0,1.0,0.0003983749775215,0.033,optimal,1.0,1.0,999.0,0.397,0.397,0.397,True,ok
v23_word_compaction,gaussian_1k,1000.0,1.0,0.05,0.275,125.0,3.0,0.0005112910293973,0.033,optimal,5.0,1.0,999.0,0.275,0.275,0.275,True,ok
v23_word_compaction,gaussian_1k,1000.0,1.0,0.02,0.185,125.0,3.0,0.0005250410176813,0.032,optimal,5.0,1.0,999.0,0.1849999999999999,0.1849999999999999,0.185,True,ok
v23_word_compaction,gaussian_1k,1000.0,1.0,0.01,0.155,125.0,3.0,0.0005585839971899,0.032,optimal,5.0,1.0,999.0,0.155,0.155,0.155,True,ok
v23_word_compaction,gaussian_1k,1000.0,1.0,0.005,0.14,125.0,3.0,0.0005797079647891,0.033,optimal,5.0,1.0,999.0,0.14,0.14,0.14,True,ok
v23_word_compaction,fico_1k,1000.0,23.0,0.1,0.491,291.0,2.0,0.0874996250495314,0.106,optimal,4206.0,2608.0,1357.0,0.491,0.491,0.491,True,ok
v23_word_compaction,fico_1k,1000.0,23.0,0.05,0.391,291.0,2.0,30.0,30.068,time,837400.0,710272.0,1357.0,0.125,0.391,0.391,False,ok
v23_word_compaction,fico_1k,1000.0,23.0,0.02,0.3309999999999999,291.0,2.0,30.0,30.067,time,284947.0,254528.0,1357.0,0.065,0.3309999999999999,0.331,False,ok
v23_word_compaction,fico_1k,1000.0,23.0,0.01,0.311,291.0,2.0,30.0,30.035,time,269245.0,260416.0,1357.0,0.045,0.311,0.304,False,worse_than_known
v23_word_compaction,fico_1k,1000.0,23.0,0.005,0.301,291.0,2.0,30.0,30.037,time,242680.0,226560.0,1357.0,0.035,0.301,0.284,False,worse_than_known
v23_word_compaction,sine_1k,1000.0,1.0,0.1,0.595,495.0,1.0,0.0004014170262962,0.032,optimal,1.0,1.0,999.0,0.595,0.595,0.595,True,ok
v23_word_compaction,sine_1k,1000.0,1.0,0.05,0.545,495.0,1.0,0.0004955829936079,0.032,optimal,1.0,1.0,999.0,0.545,0.545,0.545,False,ok
v23_word_compaction,sine_1k,1000.0,1.0,0.02,0.494,454.0,2.0,0.0005853750044479,0.033,optimal,3.0,1.0,999.0,0.494,0.494,0.494,False,ok
v23_word_compaction,sine_1k,1000.0,1.0,0.01,0.429,169.0,26.0,0.0006797920214012,0.032,optimal,52.0,1.0,999.0,0.4290000000000001,0.4290000000000001,0.443,False,better_than_known
v23_word_compaction,sine_1k,1000.0,1.0,0.005,0.269,109.0,32.0,0.0007277089753188,0.032,optimal,67.0,1.0,999.0,0.2690000000000001,0.2690000000000001,0.4,False,better_than_known
v23_word_compaction,car_evaluation,1728.0,15.0,0.1,0.3997685185185186,518.0,1.0,3.0082999728620052e-05,0.003,optimal,1.0,1.0,15.0,0.3997685185185184,0.3997685185185184,0.399769,True,ok
v23_word_compaction,car_evaluation,1728.0,15.0,0.05,0.2946759259259259,250.0,3.0,0.0001917079789564,0.003,optimal,15.0,8.0,15.0,0.2946759259259259,0.2946759259259259,0.294676,True,ok
v23_word_compaction,car_evaluation,1728.0,15.0,0.02,0.2046759259259259,250.0,3.0,0.0023871250450611,0.005,optimal,135.0,69.0,15.0,0.2046759259259259,0.2046759259259259,0.204676,True,ok
v23_word_compaction,car_evaluation,1728.0,15.0,0.01,0.1452314814814815,130.0,7.0,0.0170969159808009,0.02,optimal,1107.0,846.0,15.0,0.1452314814814815,0.1452314814814815,0.145231,True,ok
v23_word_compaction,car_evaluation,1728.0,15.0,0.005,0.1063425925925926,106.0,9.0,0.0776177499792538,0.08,optimal,5690.0,5398.0,15.0,0.1063425925925926,0.1063425925925926,0.106343,True,ok
v23_word_compaction,coupon_bar,1913.0,14.0,0.1,0.5119184526921067,788.0,1.0,2.3291970137506723e-05,0.003,optimal,1.0,1.0,14.0,0.5119184526921067,0.5119184526921067,0.511918,True,ok
v23_word_compaction,coupon_bar,1913.0,14.0,0.05,0.4538944066910612,677.0,2.0,0.0001705000177025,0.003,optimal,27.0,14.0,14.0,0.4538944066910611,0.4538944066910611,0.453894,True,ok
v23_word_compaction,coupon_bar,1913.0,14.0,0.02,0.3715525352848928,596.0,3.0,0.0016850000247359,0.004,optimal,178.0,120.0,14.0,0.3715525352848928,0.3715525352848928,0.371553,True,ok
v23_word_compaction,coupon_bar,1913.0,14.0,0.01,0.3410977522216414,576.0,4.0,0.0074021670152433,0.01,optimal,951.0,775.0,14.0,0.3410977522216414,0.3410977522216414,0.341098,True,ok
v23_word_compaction,coupon_bar,1913.0,14.0,0.005,0.3186199686356508,533.0,8.0,0.0374112919671461,0.04,optimal,3582.0,3989.0,14.0,0.3186199686356508,0.3186199686356508,0.31862,True,ok
v23_word_compaction,compas_binned,6907.0,12.0,0.1,0.5610829593166353,2494.0,2.0,3.512500552460551e-05,0.006,optimal,3.0,1.0,12.0,0.5610829593166353,0.5610829593166353,0.561083,True,ok
v23_word_compaction,compas_binned,6907.0,12.0,0.05,0.4610829593166353,2494.0,2.0,3.4374999813735485e-05,0.006,optimal,3.0,1.0,12.0,0.4610829593166352,0.4610829593166352,0.461083,True,ok
v23_word_compaction,compas_binned,6907.0,12.0,0.02,0.4010829593166353,2494.0,2.0,0.000142875011079,0.007,optimal,21.0,11.0,12.0,0.4010829593166353,0.4010829593166353,0.401083,True,ok
v23_word_compaction,compas_binned,6907.0,12.0,0.01,0.3748675256985666,2382.0,3.0,0.0007046249811537,0.007,optimal,111.0,61.0,12.0,0.3748675256985667,0.3748675256985667,0.374868,True,ok
v23_word_compaction,compas_binned,6907.0,12.0,0.005,0.355968582597365,2286.0,5.0,0.0021139999735169,0.008,optimal,296.0,199.0,12.0,0.3559685825973649,0.3559685825973649,0.355969,True,ok
v23_word_compaction,fico_binary,10459.0,17.0,0.1,0.5040443637058992,3180.0,2.0,3.5541015677154064e-05,0.013,optimal,3.0,1.0,17.0,0.5040443637058992,0.5040443637058992,0.504044,True,ok
v23_word_compaction,fico_binary,10459.0,17.0,0.05,0.4040443637058992,3180.0,2.0,0.000177290989086,0.013,optimal,23.0,12.0,17.0,0.4040443637058992,0.4040443637058992,0.404044,True,ok
v23_word_compaction,fico_binary,10459.0,17.0,0.02,0.3440443637058992,3180.0,2.0,0.002048416994512,0.015,optimal,277.0,164.0,17.0,0.3440443637058992,0.3440443637058992,0.344044,True,ok
v23_word_compaction,fico_binary,10459.0,17.0,0.01,0.3240443637058992,3180.0,2.0,0.0602064590202644,0.076,optimal,5763.0,4414.0,17.0,0.3240443637058992,0.3240443637058992,0.324044,True,ok
v23_word_compaction,fico_binary,10459.0,17.0,0.005,0.308650922650349,3019.0,4.0,0.8849274999811314,0.904,optimal,51584.0,58714.0,17.0,0.308650922650349,0.308650922650349,0.308651,True,ok
v23_word_compaction,compas_processed,12381.0,22.0,0.1,0.411364187060819,3855.0,1.0,0.0005646659992635,0.246,optimal,23.0,12.0,621.0,0.411364187060819,0.411364187060819,0.411364,True,ok
v23_word_compaction,compas_processed,12381.0,22.0,0.05,0.3613641870608189,3855.0,1.0,0.4667502919910475,0.704,optimal,18815.0,12012.0,621.0,0.3613641870608189,0.3613641870608189,0.361364,True,ok
v23_word_compaction,compas_processed,12381.0,22.0,0.02,0.3278604313060334,3564.0,2.0,30.0,30.427,time,777737.0,584512.0,621.0,0.1085728131814877,0.3278604313060334,0.32786,False,ok
v23_word_compaction,compas_processed,12381.0,22.0,0.01,0.3078604313060334,3564.0,2.0,30.0,30.361,time,510883.0,428800.0,621.0,0.0885728131814877,0.3078604313060334,0.30786,False,ok
v23_word_compaction,compas_processed,12381.0,22.0,0.005,0.2978604313060334,3564.0,2.0,30.0,30.31,time,417063.0,352512.0,621.0,0.0785728131814877,0.2978604313060334,0.29786,False,ok
gosdt_mc8,chudi,77.0,2.0,0.1,0.464935064935065,5.0,4.0,0.0,0.262,optimal,123.0,2887.0,48.0,0.464935,0.464935,0.464935,True,ok
gosdt_mc8,chudi,77.0,2.0,0.05,0.25,0.0,5.0,0.011,0.267,optimal,1454.0,7015.0,48.0,0.25,0.25,0.25,True,ok
gosdt_mc8,chudi,77.0,2.0,0.02,0.1,0.0,5.0,0.257,0.533,optimal,3697.0,29967.0,48.0,0.1,0.1,0.1,True,ok
gosdt_mc8,chudi,77.0,2.0,0.01,0.05,0.0,5.0,0.913,1.057,optimal,4125.0,43667.0,48.0,0.05,0.05,0.05,True,ok
gosdt_mc8,chudi,77.0,2.0,0.005,0.025,0.0,5.0,1.367,1.574,optimal,4185.0,53262.0,48.0,0.025,0.025,0.025,True,ok
gosdt_mc8,monk_3,122.0,11.0,0.1,0.5213114754098361,27.0,3.0,0.0,0.278,optimal,28.0,4096.0,13.0,0.521311,0.521311,0.521311,True,ok
gosdt_mc8,monk_3,122.0,11.0,0.05,0.3713114754098361,27.0,3.0,0.002,0.266,optimal,661.0,4643.0,13.0,0.371311,0.371311,0.371311,True,ok
gosdt_mc8,monk_3,122.0,11.0,0.02,0.2429508196721311,15.0,6.0,0.015,0.267,optimal,3711.0,13337.0,13.0,0.242951,0.242951,0.242951,True,ok
gosdt_mc8,monk_3,122.0,11.0,0.01,0.1555737704918032,8.0,9.0,0.072,0.265,optimal,6947.0,34166.0,13.0,0.155574,0.155574,0.155574,True,ok
gosdt_mc8,monk_3,122.0,11.0,0.005,0.0945901639344262,3.0,14.0,0.278,0.538,optimal,9220.0,66408.0,13.0,0.0945902,0.0945902,0.09459,True,ok
gosdt_mc8,monk_1,124.0,11.0,0.1,0.4661290322580645,33.0,2.0,0.0,0.268,optimal,29.0,2329.0,13.0,0.466129,0.466129,0.466129,True,ok
gosdt_mc8,monk_1,124.0,11.0,0.05,0.3387096774193548,11.0,5.0,0.001,0.262,optimal,332.0,4194.0,13.0,0.33871,0.33871,0.33871,True,ok
gosdt_mc8,monk_1,124.0,11.0,0.02,0.16,0.0,8.0,0.019,0.281,optimal,3814.0,13168.0,13.0,0.16,0.16,0.16,True,ok
gosdt_mc8,monk_1,124.0,11.0,0.01,0.08,0.0,8.0,0.078,0.272,optimal,7067.0,31462.0,13.0,0.08,0.08,0.08,True,ok
gosdt_mc8,monk_1,124.0,11.0,0.005,0.04,0.0,8.0,0.232,0.271,optimal,8781.0,54663.0,13.0,0.04,0.04,0.04,True,ok
gosdt_mc8,iris,150.0,4.0,0.1,0.34,6.0,3.0,0.022,0.28,optimal,1571.0,8474.0,122.0,0.34,0.34,0.34,True,ok
gosdt_mc8,iris,150.0,4.0,0.05,0.19,6.0,3.0,0.394,0.536,optimal,16770.0,62374.0,122.0,0.19,0.19,0.19,True,ok
gosdt_mc8,iris,150.0,4.0,0.02,0.1,3.0,4.0,3.308,3.664,optimal,76313.0,526539.0,122.0,0.1,0.1,0.1,True,ok
gosdt_mc8,iris,150.0,4.0,0.01,0.06,3.0,4.0,30.0,31.314,time,208093.0,2401618.0,122.0,0.03,0.353333,0.06,True,ok
gosdt_mc8,iris,150.0,4.0,0.005,0.04,3.0,4.0,30.0,32.296,time,207538.0,2399900.0,122.0,0.02,0.055,0.038333,True,worse_than_known
gosdt_mc8,monk_2,169.0,11.0,0.1,0.478698224852071,64.0,1.0,0.0,0.27,optimal,23.0,5773.0,13.0,0.478698,0.478698,0.478698,True,ok
gosdt_mc8,monk_2,169.0,11.0,0.05,0.428698224852071,64.0,1.0,0.003,0.267,optimal,661.0,3485.0,13.0,0.428698,0.428698,0.428698,True,ok
gosdt_mc8,monk_2,169.0,11.0,0.02,0.3730177514792899,36.0,8.0,30.0,30.209,time,4545.0,193038564.0,13.0,0.188757,0.373018,0.358935,True,worse_than_known
gosdt_mc8,monk_2,169.0,11.0,0.01,0.2650887573964497,11.0,20.0,30.0,30.195,time,8894.0,185255586.0,13.0,0.127337,0.265089,0.265089,True,ok
gosdt_mc8,monk_2,169.0,11.0,0.005,0.1527514792899408,3.0,27.0,30.0,30.173,time,12051.0,188175570.0,13.0,0.02,0.152751,0.152751,True,ok
gosdt_mc8,tic-tac-toe,958.0,9.0,0.1,0.4465553235908142,332.0,1.0,0.0,0.274,optimal,55.0,8856.0,29.0,0.446555,0.446555,0.446555,True,ok
gosdt_mc8,tic-tac-toe,958.0,9.0,0.05,0.3965553235908142,332.0,1.0,0.045,0.27,optimal,4527.0,10054.0,29.0,0.396555,0.396555,0.396555,True,ok
gosdt_mc8,tic-tac-toe,958.0,9.0,0.02,0.3245929018789144,196.0,6.0,30.0,30.753,time,370478.0,165097758.0,29.0,0.150104,0.324593,0.31833,True,worse_than_known
gosdt_mc8,tic-tac-toe,958.0,9.0,0.01,0.3206263048016701,288.0,2.0,30.0,37.569,time,1151249.0,3039390.0,29.0,0.04,0.320626,0.250752,True,worse_than_known
gosdt_mc8,tic-tac-toe,958.0,9.0,0.005,,,,30.0,4.671,memory,,,,,,0.15428,True,no_tree
gosdt_mc8,gaussian_1k,1000.0,1.0,0.1,0.397,297.0,1.0,0.038,0.262,optimal,393.0,55288.0,1001.0,0.397,0.397,0.397,True,ok
gosdt_mc8,gaussian_1k,1000.0,1.0,0.05,0.275,125.0,3.0,30.0,31.039,time,23204.0,467502.0,1001.0,0.2,0.275,0.275,True,ok
gosdt_mc8,gaussian_1k,1000.0,1.0,0.02,0.317,297.0,1.0,30.0,35.499,time,34851.0,175848.0,1001.0,0.06,0.317,0.185,True,worse_than_known
gosdt_mc8,gaussian_1k,1000.0,1.0,0.01,,,,30.0,90.548,time,,,,,,0.155,True,no_tree
gosdt_mc8,gaussian_1k,1000.0,1.0,0.005,,,,30.0,1.331,memory,,,,,,0.14,True,no_tree
gosdt_mc8,fico_1k,1000.0,23.0,0.1,,,,30.0,90.462,time,,,,,,0.491,True,no_tree
gosdt_mc8,fico_1k,1000.0,23.0,0.05,,,,30.0,90.902,time,,,,,,0.391,False,no_tree
gosdt_mc8,fico_1k,1000.0,23.0,0.02,,,,30.0,90.748,time,,,,,,0.331,False,no_tree
gosdt_mc8,fico_1k,1000.0,23.0,0.01,,,,30.0,90.719,time,,,,,,0.304,False,no_tree
gosdt_mc8,fico_1k,1000.0,23.0,0.005,,,,30.0,90.349,time,,,,,,0.284,False,no_tree
gosdt_mc8,sine_1k,1000.0,1.0,0.1,,,,30.0,90.339,time,,,,,,0.595,True,no_tree
gosdt_mc8,sine_1k,1000.0,1.0,0.05,,,,30.0,90.551,time,,,,,,0.545,False,no_tree
gosdt_mc8,sine_1k,1000.0,1.0,0.02,,,,30.0,1.354,memory,,,,,,0.494,False,no_tree
gosdt_mc8,sine_1k,1000.0,1.0,0.01,,,,30.0,90.476,time,,,,,,0.443,False,no_tree
gosdt_mc8,sine_1k,1000.0,1.0,0.005,,,,30.0,1.602,memory,,,,,,0.4,False,no_tree
gosdt_mc8,car_evaluation,1728.0,15.0,0.1,0.3997685185185186,518.0,1.0,0.0,0.274,optimal,21.0,3955.0,17.0,0.399769,0.399769,0.399769,True,ok
gosdt_mc8,car_evaluation,1728.0,15.0,0.05,0.2946759259259259,250.0,3.0,0.003,0.283,optimal,447.0,3226.0,17.0,0.294676,0.294676,0.294676,True,ok
gosdt_mc8,car_evaluation,1728.0,15.0,0.02,0.2046759259259259,250.0,3.0,30.0,30.086,time,18329.0,201425527.0,17.0,0.08,0.204676,0.204676,True,ok
gosdt_mc8,car_evaluation,1728.0,15.0,0.01,0.1652314814814814,130.0,9.0,30.0,30.248,time,62752.0,201237170.0,17.0,0.04,0.165231,0.145231,True,worse_than_known
gosdt_mc8,car_evaluation,1728.0,15.0,0.005,0.1263425925925926,106.0,13.0,30.0,30.52,time,125330.0,188408349.0,17.0,0.02,0.126343,0.106343,True,worse_than_known
gosdt_mc8,coupon_bar,1913.0,14.0,0.1,0.5119184526921067,788.0,1.0,0.0,0.275,optimal,1.0,1549.0,16.0,0.511918,0.511918,0.511918,True,ok
gosdt_mc8,coupon_bar,1913.0,14.0,0.05,0.4538944066910612,677.0,2.0,0.0,0.271,optimal,29.0,3121.0,16.0,0.453894,0.453894,0.453894,True,ok
gosdt_mc8,coupon_bar,1913.0,14.0,0.02,0.3715525352848928,596.0,3.0,0.004,0.264,optimal,694.0,4169.0,16.0,0.371553,0.371553,0.371553,True,ok
gosdt_mc8,coupon_bar,1913.0,14.0,0.01,0.3410977522216414,576.0,4.0,30.0,30.171,time,8775.0,186926651.0,16.0,0.310324,0.341098,0.341098,True,ok
gosdt_mc8,coupon_bar,1913.0,14.0,0.005,0.3198248823836905,564.0,5.0,30.0,30.212,time,27605.0,195985797.0,16.0,0.283983,0.319825,0.31862,True,worse_than_known
gosdt_mc8,compas_binned,6907.0,12.0,0.1,0.5610829593166353,2494.0,2.0,0.0,0.269,optimal,1.0,2827.0,14.0,0.561083,0.561083,0.561083,True,ok
gosdt_mc8,compas_binned,6907.0,12.0,0.05,0.4610829593166353,2494.0,2.0,0.0,0.268,optimal,1.0,2454.0,14.0,0.461083,0.461083,0.461083,True,ok
gosdt_mc8,compas_binned,6907.0,12.0,0.02,0.4010829593166353,2494.0,2.0,0.0,0.272,optimal,21.0,8285.0,14.0,0.401083,0.401083,0.401083,True,ok
gosdt_mc8,compas_binned,6907.0,12.0,0.01,0.3748675256985666,2382.0,3.0,0.002,0.276,optimal,215.0,4806.0,14.0,0.374868,0.374868,0.374868,True,ok
gosdt_mc8,compas_binned,6907.0,12.0,0.005,0.355968582597365,2286.0,5.0,0.02,0.278,optimal,1505.0,7776.0,14.0,0.355969,0.355969,0.355969,True,ok
gosdt_mc8,fico_binary,10459.0,17.0,0.1,0.5040443637058992,3180.0,2.0,0.0,0.275,optimal,1.0,3142.0,19.0,0.504044,0.504044,0.504044,True,ok
gosdt_mc8,fico_binary,10459.0,17.0,0.05,0.4040443637058992,3180.0,2.0,0.0,0.284,optimal,25.0,11158.0,19.0,0.404044,0.404044,0.404044,True,ok
gosdt_mc8,fico_binary,10459.0,17.0,0.02,0.3440443637058992,3180.0,2.0,0.017,0.292,optimal,683.0,8999.0,19.0,0.344044,0.344044,0.344044,True,ok
gosdt_mc8,fico_binary,10459.0,17.0,0.01,0.3240443637058992,3180.0,2.0,0.655,0.793,optimal,23062.0,63430.0,19.0,0.324044,0.324044,0.324044,True,ok
gosdt_mc8,fico_binary,10459.0,17.0,0.005,0.308650922650349,3019.0,4.0,30.0,30.555,time,160074.0,144793685.0,19.0,0.24003,0.308651,0.308651,True,ok
gosdt_mc8,compas_processed,12381.0,22.0,0.1,0.411364187060819,3855.0,1.0,9.078,9.479,optimal,759.0,1735251.0,645.0,0.411364,0.411364,0.411364,True,ok
gosdt_mc8,compas_processed,12381.0,22.0,0.05,,,,30.0,90.731,time,,,,,,0.361364,True,no_tree
gosdt_mc8,compas_processed,12381.0,22.0,0.02,,,,30.0,1.359,memory,,,,,,0.32786,False,no_tree
gosdt_mc8,compas_processed,12381.0,22.0,0.01,,,,30.0,1.088,memory,,,,,,0.30786,False,no_tree
gosdt_mc8,compas_processed,12381.0,22.0,0.005,,,,30.0,1.083,memory,,,,,,0.29786,False,no_tree
v25_mc8_root_parallel,chudi,77,2,0.1,0.464935064935065,5,4,0.0003107080119661987,3.096,optimal,19,9,46,0.464935064935065,0.464935064935065,0.464935,True,ok
v25_mc8_root_parallel,chudi,77,2,0.05,0.25,0,5,0.0005628750077448785,0.001,optimal,54,23,46,0.25,0.25,0.25,True,ok
v25_mc8_root_parallel,chudi,77,2,0.02,0.1,0,5,0.0006060830201022327,0.001,optimal,62,25,46,0.1,0.1,0.1,True,ok
v25_mc8_root_parallel,chudi,77,2,0.01,0.05,0,5,0.0006619169726036489,0.001,optimal,68,28,46,0.05,0.05,0.05,True,ok
v25_mc8_root_parallel,chudi,77,2,0.005,0.025,0,5,0.0006411250215023756,0.001,optimal,68,28,46,0.025,0.025,0.025,True,ok
v25_mc8_root_parallel,monk_3,122,11,0.1,0.5213114754098361,27,3,7.150002056732774e-05,0.001,optimal,5,1,11,0.521311475409836,0.521311475409836,0.521311,True,ok
v25_mc8_root_parallel,monk_3,122,11,0.05,0.3713114754098361,27,3,0.00010641699191182852,0.001,optimal,6,2,11,0.3713114754098361,0.3713114754098361,0.371311,True,ok
v25_mc8_root_parallel,monk_3,122,11,0.02,0.24295081967213114,15,6,0.0006970000104047358,0.001,optimal,79,49,11,0.24295081967213114,0.24295081967213114,0.242951,True,ok
v25_mc8_root_parallel,monk_3,122,11,0.01,0.15557377049180326,8,9,0.002373875002376735,0.003,optimal,306,185,11,0.15557377049180326,0.15557377049180326,0.155574,True,ok
v25_mc8_root_parallel,monk_3,122,11,0.005,0.09459016393442624,3,14,0.007099666981957853,0.008,optimal,937,638,11,0.09459016393442624,0.09459016393442624,0.09459,True,ok
v25_mc8_root_parallel,monk_1,124,11,0.1,0.4661290322580645,33,2,5.4750009439885616e-05,0.001,optimal,3,1,11,0.46612903225806446,0.46612903225806446,0.466129,True,ok
v25_mc8_root_parallel,monk_1,124,11,0.05,0.33870967741935487,11,5,7.591699250042439e-05,0.001,optimal,3,2,11,0.3387096774193548,0.3387096774193548,0.33871,True,ok
v25_mc8_root_parallel,monk_1,124,11,0.02,0.16,0,8,0.00043050001841038465,0.001,optimal,66,25,11,0.16,0.16,0.16,True,ok
v25_mc8_root_parallel,monk_1,124,11,0.01,0.08,0,8,0.0003934999695047736,0.001,optimal,69,29,11,0.08,0.08,0.08,True,ok
v25_mc8_root_parallel,monk_1,124,11,0.005,0.04,0,8,0.00037995801540091634,0.001,optimal,81,36,11,0.04,0.04,0.04,True,ok
v25_mc8_root_parallel,iris,150,4,0.1,0.34,6,3,0.0001330830273218453,0.001,optimal,5,1,118,0.33999999999999997,0.33999999999999997,0.34,True,ok
v25_mc8_root_parallel,iris,150,4,0.05,0.19000000000000003,6,3,0.00016979197971522808,0.001,optimal,5,1,118,0.19,0.19,0.19,True,ok
v25_mc8_root_parallel,iris,150,4,0.02,0.1,6,3,0.0051502499845810235,0.006,optimal,120,72,118,0.1,0.1,0.1,True,ok
v25_mc8_root_parallel,iris,150,4,0.01,0.06,3,4,0.024891166016459465,0.026,optimal,500,343,118,0.060000000000000005,0.060000000000000005,0.06,True,ok
v25_mc8_root_parallel,iris,150,4,0.005,0.03833333333333334,2,5,0.24444395798491314,0.246,optimal,1422,13055,118,0.03833333333333333,0.03833333333333333,0.038333,True,ok
v25_mc8_root_parallel,monk_2,169,11,0.1,0.47869822485207103,64,1,6.895896513015032e-05,0.001,optimal,1,1,11,0.47869822485207103,0.47869822485207103,0.478698,True,ok
v25_mc8_root_parallel,monk_2,169,11,0.05,0.428698224852071,64,1,0.0001635410008020699,0.001,optimal,23,13,11,0.428698224852071,0.428698224852071,0.428698,True,ok
v25_mc8_root_parallel,monk_2,169,11,0.02,0.35893491124260357,37,7,0.002920541970524937,0.004,optimal,314,267,11,0.35893491124260357,0.35893491124260357,0.358935,True,ok
v25_mc8_root_parallel,monk_2,169,11,0.01,0.2650887573964497,11,20,0.010779541975352913,0.012,optimal,1264,990,11,0.2650887573964497,0.2650887573964497,0.265089,True,ok
v25_mc8_root_parallel,monk_2,169,11,0.005,0.15275147928994084,3,27,0.016389750002417713,0.017,optimal,2139,1468,11,0.15275147928994082,0.15275147928994082,0.152751,True,ok
v25_mc8_root_parallel,tic-tac-toe,958,9,0.1,0.4465553235908142,332,1,3.529200330376625e-05,0.011,optimal,1,1,27,0.4465553235908142,0.4465553235908142,0.446555,True,ok
v25_mc8_root_parallel,tic-tac-toe,958,9,0.05,0.3965553235908142,332,1,0.0006232919986359775,0.012,optimal,55,37,27,0.39655532359081413,0.39655532359081413,0.396555,True,ok
v25_mc8_root_parallel,tic-tac-toe,958,9,0.02,0.3183298538622129,190,6,0.047351791989058256,0.058,optimal,5045,3441,27,0.3183298538622129,0.3183298538622129,0.31833,True,ok
v25_mc8_root_parallel,tic-tac-toe,958,9,0.01,0.2507515657620042,154,9,0.22285833297064528,0.234,optimal,6515,66708,27,0.2507515657620042,0.2507515657620042,0.250752,True,ok
v25_mc8_root_parallel,tic-tac-toe,958,9,0.005,0.15427974947807935,52,20,0.3779687079950236,0.389,optimal,6882,136921,27,0.15427974947807932,0.15427974947807932,0.15428,True,ok
v25_mc8_root_parallel,gaussian_1k,1000,1,0.1,0.397,297,1,0.00042787502752617,0.037,optimal,1,1,999,0.397,0.397,0.397,True,ok
v25_mc8_root_parallel,gaussian_1k,1000,1,0.05,0.275,125,3,0.000502792012412101,0.034,optimal,5,1,999,0.275,0.275,0.275,True,ok
v25_mc8_root_parallel,gaussian_1k,1000,1,0.02,0.185,125,3,0.0005479580140672624,0.034,optimal,5,1,999,0.18499999999999997,0.18499999999999997,0.185,True,ok
v25_mc8_root_parallel,gaussian_1k,1000,1,0.01,0.155,125,3,0.0005666660144925117,0.033,optimal,5,1,999,0.155,0.155,0.155,True,ok
v25_mc8_root_parallel,gaussian_1k,1000,1,0.005,0.14,125,3,0.000560707994736731,0.033,optimal,5,1,999,0.14,0.14,0.14,True,ok
v25_mc8_root_parallel,fico_1k,1000,23,0.1,0.491,291,2,0.07668287499109283,0.096,optimal,2371,2682,1357,0.49100000000000005,0.49100000000000005,0.491,True,ok
v25_mc8_root_parallel,fico_1k,1000,23,0.05,0.391,291,2,30.0,30.033,time,1249,337472,1357,0.125,0.391,0.391,False,ok
v25_mc8_root_parallel,fico_1k,1000,23,0.02,0.33099999999999996,291,2,30.0,30.037,time,336,132608,1357,0.065,0.33099999999999996,0.331,False,ok
v25_mc8_root_parallel,fico_1k,1000,23,0.01,0.311,291,2,30.0,30.044,time,127,64,1357,0.045,0.311,0.304,False,worse_than_known
v25_mc8_root_parallel,fico_1k,1000,23,0.005,0.301,291,2,30.0,30.05,time,203,116288,1357,0.035,0.301,0.284,False,worse_than_known
v25_mc8_root_parallel,sine_1k,1000,1,0.1,0.595,495,1,0.0007646669982932508,0.07,optimal,1,1,999,0.595,0.595,0.595,True,ok
v25_mc8_root_parallel,sine_1k,1000,1,0.05,0.545,495,1,0.0008206250495277345,0.056,optimal,1,1,999,0.545,0.545,0.545,False,ok
v25_mc8_root_parallel,sine_1k,1000,1,0.02,0.494,454,2,0.0009705830016173422,0.057,optimal,3,1,999,0.494,0.494,0.494,False,ok
v25_mc8_root_parallel,sine_1k,1000,1,0.01,0.42900000000000005,169,26,0.0009297499782405794,0.05,optimal,52,1,999,0.42900000000000016,0.42900000000000016,0.443,False,better_than_known
v25_mc8_root_parallel,sine_1k,1000,1,0.005,0.269,109,32,0.0009551660041324794,0.045,optimal,67,1,999,0.26900000000000013,0.26900000000000013,0.4,False,better_than_known
v25_mc8_root_parallel,car_evaluation,1728,15,0.1,0.3997685185185186,518,1,4.187499871477485e-05,0.004,optimal,1,1,15,0.39976851851851847,0.39976851851851847,0.399769,True,ok
v25_mc8_root_parallel,car_evaluation,1728,15,0.05,0.29467592592592595,250,3,0.0002638330333866179,0.004,optimal,15,8,15,0.29467592592592595,0.29467592592592595,0.294676,True,ok
v25_mc8_root_parallel,car_evaluation,1728,15,0.02,0.20467592592592593,250,3,0.0031749579939059913,0.007,optimal,135,69,15,0.20467592592592593,0.20467592592592593,0.204676,True,ok
v25_mc8_root_parallel,car_evaluation,1728,15,0.01,0.1452314814814815,130,7,0.021250666002742946,0.025,optimal,1107,846,15,0.1452314814814815,0.1452314814814815,0.145231,True,ok
v25_mc8_root_parallel,car_evaluation,1728,15,0.005,0.1063425925925926,106,9,0.08708437503082678,0.091,optimal,3259,7121,15,0.1063425925925926,0.1063425925925926,0.106343,True,ok
v25_mc8_root_parallel,coupon_bar,1913,14,0.1,0.5119184526921067,788,1,3.6375015042722225e-05,0.003,optimal,1,1,14,0.5119184526921067,0.5119184526921067,0.511918,True,ok
v25_mc8_root_parallel,coupon_bar,1913,14,0.05,0.4538944066910612,677,2,0.00022916600573807955,0.003,optimal,27,14,14,0.4538944066910611,0.4538944066910611,0.453894,True,ok
v25_mc8_root_parallel,coupon_bar,1913,14,0.02,0.37155253528489285,596,3,0.0019248329917900264,0.005,optimal,178,120,14,0.3715525352848928,0.3715525352848928,0.371553,True,ok
v25_mc8_root_parallel,coupon_bar,1913,14,0.01,0.3410977522216414,576,4,0.008485333004500717,0.012,optimal,951,775,14,0.3410977522216414,0.3410977522216414,0.341098,True,ok
v25_mc8_root_parallel,coupon_bar,1913,14,0.005,0.3186199686356508,533,8,0.04223500000080094,0.045,optimal,3582,3989,14,0.3186199686356508,0.3186199686356508,0.31862,True,ok
v25_mc8_root_parallel,compas_binned,6907,12,0.1,0.5610829593166353,2494,2,4.154100315645337e-05,0.008,optimal,3,1,12,0.5610829593166353,0.5610829593166353,0.561083,True,ok
v25_mc8_root_parallel,compas_binned,6907,12,0.05,0.46108295931663534,2494,2,3.454199759289622e-05,0.008,optimal,3,1,12,0.46108295931663523,0.46108295931663523,0.461083,True,ok
v25_mc8_root_parallel,compas_binned,6907,12,0.02,0.4010829593166353,2494,2,0.00016358401626348495,0.008,optimal,21,11,12,0.4010829593166353,0.4010829593166353,0.401083,True,ok
v25_mc8_root_parallel,compas_binned,6907,12,0.01,0.37486752569856663,2382,3,0.0007768750074319541,0.008,optimal,111,61,12,0.3748675256985667,0.3748675256985667,0.374868,True,ok
v25_mc8_root_parallel,compas_binned,6907,12,0.005,0.355968582597365,2286,5,0.002362790983170271,0.01,optimal,296,199,12,0.35596858259736497,0.35596858259736497,0.355969,True,ok
v25_mc8_root_parallel,fico_binary,10459,17,0.1,0.5040443637058992,3180,2,4.895898746326566e-05,0.016,optimal,3,1,17,0.5040443637058992,0.5040443637058992,0.504044,True,ok
v25_mc8_root_parallel,fico_binary,10459,17,0.05,0.40404436370589925,3180,2,0.0002215420245192945,0.016,optimal,23,12,17,0.40404436370589925,0.40404436370589925,0.404044,True,ok
v25_mc8_root_parallel,fico_binary,10459,17,0.02,0.3440443637058992,3180,2,0.002390541019849479,0.018,optimal,277,164,17,0.3440443637058992,0.3440443637058992,0.344044,True,ok
v25_mc8_root_parallel,fico_binary,10459,17,0.01,0.32404436370589923,3180,2,0.0746064999839291,0.091,optimal,4607,5318,17,0.32404436370589923,0.32404436370589923,0.324044,True,ok
v25_mc8_root_parallel,fico_binary,10459,17,0.005,0.308650922650349,3019,4,1.050326041993685,1.067,optimal,4444,188820,17,0.308650922650349,0.308650922650349,0.308651,True,ok
v25_mc8_root_parallel,compas_processed,12381,22,0.1,0.411364187060819,3855,1,0.0006310420576483011,0.272,optimal,23,12,621,0.411364187060819,0.411364187060819,0.411364,True,ok
v25_mc8_root_parallel,compas_processed,12381,22,0.05,0.36136418706081896,3855,1,0.1884949579834938,0.451,optimal,2255,17584,621,0.36136418706081896,0.36136418706081896,0.361364,True,ok
v25_mc8_root_parallel,compas_processed,12381,22,0.02,0.32786043130603343,3564,2,30.0,30.316,time,1717,217664,621,0.10857281318148776,0.32786043130603343,0.32786,False,ok
v25_mc8_root_parallel,compas_processed,12381,22,0.01,0.30786043130603347,3564,2,30.0,30.378,time,1116,704,621,0.08857281318148777,0.30786043130603347,0.30786,False,ok
v25_mc8_root_parallel,compas_processed,12381,22,0.005,0.29786043130603346,3564,2,30.0,30.376,time,879,576,621,0.07857281318148776,0.29786043130603346,0.29786,False,ok
v28_compiled_search,chudi,77,2,0.1,0.464935064935065,5,4,0.00014154199743643403,13.983,optimal,19,9,46,0.464935064935065,0.464935064935065,0.464935,True,ok
v28_compiled_search,chudi,77,2,0.05,0.25,0,5,0.0002898749662563205,0.001,optimal,53,23,46,0.25,0.25,0.25,True,ok
v28_compiled_search,chudi,77,2,0.02,0.1,0,5,0.0003212920273654163,0.001,optimal,59,25,46,0.1,0.1,0.1,True,ok
v28_compiled_search,chudi,77,2,0.01,0.05,0,5,0.0003611670108512044,0.001,optimal,65,28,46,0.05,0.05,0.05,True,ok
v28_compiled_search,chudi,77,2,0.005,0.025,0,5,0.0003607919788919389,0.001,optimal,65,28,46,0.025,0.025,0.025,True,ok
v28_compiled_search,monk_3,122,11,0.1,0.5213114754098361,27,3,5.216698627918959e-05,0.001,optimal,3,1,11,0.521311475409836,0.521311475409836,0.521311,True,ok
v28_compiled_search,monk_3,122,11,0.05,0.3713114754098361,27,3,6.433296948671341e-05,0.001,optimal,27,15,11,0.37131147540983606,0.37131147540983606,0.371311,True,ok
v28_compiled_search,monk_3,122,11,0.02,0.24295081967213114,15,6,0.00034479197347536683,0.001,optimal,91,57,11,0.24295081967213114,0.24295081967213114,0.242951,True,ok
v28_compiled_search,monk_3,122,11,0.01,0.15557377049180326,8,9,0.0009752920013852417,0.002,optimal,319,206,11,0.15557377049180326,0.15557377049180326,0.155574,True,ok
v28_compiled_search,monk_3,122,11,0.005,0.09459016393442624,3,14,0.002297333034221083,0.003,optimal,935,635,11,0.09459016393442624,0.09459016393442624,0.09459,True,ok
v28_compiled_search,monk_1,124,11,0.1,0.4661290322580645,33,2,2.804200630635023e-05,0.001,optimal,1,1,11,0.46612903225806446,0.46612903225806446,0.466129,True,ok
v28_compiled_search,monk_1,124,11,0.05,0.33870967741935487,11,5,5.82499778829515e-05,0.001,optimal,40,21,11,0.3387096774193548,0.3387096774193548,0.33871,True,ok
v28_compiled_search,monk_1,124,11,0.02,0.16,0,8,0.00018616701709106565,0.001,optimal,68,25,11,0.16,0.16,0.16,True,ok
v28_compiled_search,monk_1,124,11,0.01,0.08,0,8,0.0001425830414518714,0.001,optimal,68,28,11,0.08,0.08,0.08,True,ok
v28_compiled_search,monk_1,124,11,0.005,0.04,0,8,0.00012912496458739042,0.001,optimal,81,36,11,0.04,0.04,0.04,True,ok
v28_compiled_search,iris,150,4,0.1,0.34,6,3,9.783299174159765e-05,0.001,optimal,5,1,118,0.34,0.34,0.34,True,ok
v28_compiled_search,iris,150,4,0.05,0.19000000000000003,6,3,0.0001342499745078385,0.001,optimal,9,1,118,0.19,0.19,0.19,True,ok
v28_compiled_search,iris,150,4,0.02,0.1,6,3,0.004375334014184773,0.006,optimal,122,72,118,0.1,0.1,0.1,True,ok
v28_compiled_search,iris,150,4,0.01,0.06,3,4,0.02126866701291874,0.022,optimal,499,343,118,0.060000000000000005,0.060000000000000005,0.06,True,ok
v28_compiled_search,iris,150,4,0.005,0.03833333333333334,2,5,0.1598041249671951,0.161,optimal,3219,2858,118,0.03833333333333333,0.03833333333333333,0.038333,True,ok
v28_compiled_search,monk_2,169,11,0.1,0.47869822485207103,64,1,4.441599594429135e-05,0.001,optimal,1,1,11,0.47869822485207103,0.47869822485207103,0.478698,True,ok
v28_compiled_search,monk_2,169,11,0.05,0.428698224852071,64,1,6.912497337907553e-05,0.001,optimal,23,13,11,0.428698224852071,0.428698224852071,0.428698,True,ok
v28_compiled_search,monk_2,169,11,0.02,0.35893491124260357,37,7,0.0012465000036172569,0.002,optimal,324,269,11,0.35893491124260357,0.35893491124260357,0.358935,True,ok
v28_compiled_search,monk_2,169,11,0.01,0.2650887573964497,11,20,0.0037420419976115227,0.005,optimal,1259,994,11,0.2650887573964497,0.2650887573964497,0.265089,True,ok
v28_compiled_search,monk_2,169,11,0.005,0.15275147928994084,3,27,0.00531820795731619,0.006,optimal,2180,1511,11,0.15275147928994082,0.15275147928994082,0.152751,True,ok
v28_compiled_search,tic-tac-toe,958,9,0.1,0.4465553235908142,332,1,2.7542002499103546e-05,0.01,optimal,1,1,27,0.4465553235908142,0.4465553235908142,0.446555,True,ok
v28_compiled_search,tic-tac-toe,958,9,0.05,0.3965553235908142,332,1,0.00039170897798612714,0.01,optimal,55,37,27,0.39655532359081413,0.39655532359081413,0.396555,True,ok
v28_compiled_search,tic-tac-toe,958,9,0.02,0.3183298538622129,190,6,0.028101250005420297,0.038,optimal,5045,3444,27,0.3183298538622129,0.3183298538622129,0.31833,True,ok
v28_compiled_search,tic-tac-toe,958,9,0.01,0.2507515657620042,154,9,0.4233540410059504,0.433,optimal,75188,56134,27,0.2507515657620042,0.2507515657620042,0.250752,True,ok
v28_compiled_search,tic-tac-toe,958,9,0.005,0.15427974947807935,52,20,0.49178754194872454,0.502,optimal,108480,78811,27,0.15427974947807932,0.15427974947807932,0.15428,True,ok
v28_compiled_search,gaussian_1k,1000,1,0.1,0.397,297,1,0.00033666600938886404,0.035,optimal,1,1,999,0.397,0.397,0.397,True,ok
v28_compiled_search,gaussian_1k,1000,1,0.05,0.275,125,3,0.0004370840033516288,0.037,optimal,5,1,999,0.275,0.275,0.275,True,ok
v28_compiled_search,gaussian_1k,1000,1,0.02,0.185,125,3,0.0004843329661525786,0.035,optimal,5,1,999,0.18499999999999997,0.18499999999999997,0.185,True,ok
v28_compiled_search,gaussian_1k,1000,1,0.01,0.155,125,3,0.0005002079997211695,0.033,optimal,5,1,999,0.155,0.155,0.155,True,ok
v28_compiled_search,gaussian_1k,1000,1,0.005,0.14,125,3,0.0005026250146329403,0.033,optimal,5,1,999,0.14,0.14,0.14,True,ok
v28_compiled_search,fico_1k,1000,23,0.1,0.491,291,2,0.053628332971129566,0.072,optimal,4206,2609,1357,0.49100000000000005,0.49100000000000005,0.491,True,ok
v28_compiled_search,fico_1k,1000,23,0.05,0.391,291,2,30.0,30.056,time,675539,571861,1357,0.125,0.391,0.391,False,ok
v28_compiled_search,fico_1k,1000,23,0.02,0.33099999999999996,291,2,30.0,30.048,time,208410,190557,1357,0.065,0.33099999999999996,0.331,False,ok
v28_compiled_search,fico_1k,1000,23,0.01,0.304,264,4,30.0,30.094,time,175892,170783,1357,0.045,0.304,0.304,False,ok
v28_compiled_search,fico_1k,1000,23,0.005,0.28400000000000003,264,4,30.0,30.056,time,179807,163778,1357,0.035,0.28400000000000003,0.284,False,ok
v28_compiled_search,sine_1k,1000,1,0.1,0.595,495,1,0.0003499999875202775,0.035,optimal,1,1,999,0.595,0.595,0.595,True,ok
v28_compiled_search,sine_1k,1000,1,0.05,0.545,495,1,0.00044000003254041076,0.033,optimal,1,1,999,0.545,0.545,0.545,False,ok
v28_compiled_search,sine_1k,1000,1,0.02,0.494,454,2,0.00048570899525657296,0.032,optimal,3,1,999,0.494,0.494,0.494,False,ok
v28_compiled_search,sine_1k,1000,1,0.01,0.42900000000000005,169,26,0.0005037089576944709,0.033,optimal,51,1,999,0.42900000000000016,0.42900000000000016,0.443,False,better_than_known
v28_compiled_search,sine_1k,1000,1,0.005,0.269,109,32,0.0005144999595358968,0.032,optimal,63,1,999,0.26900000000000013,0.26900000000000013,0.4,False,better_than_known
v28_compiled_search,car_evaluation,1728,15,0.1,0.3997685185185186,518,1,2.554204547777772e-05,0.003,optimal,1,1,15,0.39976851851851847,0.39976851851851847,0.399769,True,ok
v28_compiled_search,car_evaluation,1728,15,0.05,0.29467592592592595,250,3,0.00013237498933449388,0.003,optimal,15,8,15,0.29467592592592595,0.29467592592592595,0.294676,True,ok
v28_compiled_search,car_evaluation,1728,15,0.02,0.20467592592592593,250,3,0.0021576249855570495,0.005,optimal,147,97,15,0.20467592592592593,0.20467592592592593,0.204676,True,ok
v28_compiled_search,car_evaluation,1728,15,0.01,0.1452314814814815,130,7,0.0102981660165824,0.013,optimal,1111,851,15,0.1452314814814815,0.1452314814814815,0.145231,True,ok
v28_compiled_search,car_evaluation,1728,15,0.005,0.1063425925925926,106,9,0.03832595801213756,0.041,optimal,5697,5375,15,0.1063425925925926,0.1063425925925926,0.106343,True,ok
v28_compiled_search,coupon_bar,1913,14,0.1,0.5119184526921067,788,1,1.6207981389015913e-05,0.003,optimal,1,1,14,0.5119184526921067,0.5119184526921067,0.511918,True,ok
v28_compiled_search,coupon_bar,1913,14,0.05,0.4538944066910612,677,2,7.258303230628371e-05,0.003,optimal,27,14,14,0.4538944066910611,0.4538944066910611,0.453894,True,ok
v28_compiled_search,coupon_bar,1913,14,0.02,0.37155253528489285,596,3,0.0008884579874575138,0.003,optimal,184,120,14,0.3715525352848928,0.3715525352848928,0.371553,True,ok
v28_compiled_search,coupon_bar,1913,14,0.01,0.3410977522216414,576,4,0.0023367920075543225,0.005,optimal,951,775,14,0.3410977522216414,0.3410977522216414,0.341098,True,ok
v28_compiled_search,coupon_bar,1913,14,0.005,0.3186199686356508,533,8,0.010782250028569251,0.013,optimal,3582,3995,14,0.3186199686356508,0.3186199686356508,0.31862,True,ok
v28_compiled_search,compas_binned,6907,12,0.1,0.5610829593166353,2494,2,1.4166987966746092e-05,0.007,optimal,3,1,12,0.5610829593166353,0.5610829593166353,0.561083,True,ok
v28_compiled_search,compas_binned,6907,12,0.05,0.46108295931663534,2494,2,1.9208993762731552e-05,0.007,optimal,3,1,12,0.46108295931663523,0.46108295931663523,0.461083,True,ok
v28_compiled_search,compas_binned,6907,12,0.02,0.4010829593166353,2494,2,3.983394708484411e-05,0.007,optimal,21,11,12,0.4010829593166353,0.4010829593166353,0.401083,True,ok
v28_compiled_search,compas_binned,6907,12,0.01,0.37486752569856663,2382,3,0.0002049999893642962,0.007,optimal,111,61,12,0.3748675256985667,0.3748675256985667,0.374868,True,ok
v28_compiled_search,compas_binned,6907,12,0.005,0.355968582597365,2286,5,0.0006222500232979655,0.007,optimal,296,199,12,0.35596858259736497,0.35596858259736497,0.355969,True,ok
v28_compiled_search,fico_binary,10459,17,0.1,0.5040443637058992,3180,2,2.4416018277406693e-05,0.015,optimal,3,1,17,0.5040443637058992,0.5040443637058992,0.504044,True,ok
v28_compiled_search,fico_binary,10459,17,0.05,0.40404436370589925,3180,2,5.520897684618831e-05,0.013,optimal,23,12,17,0.40404436370589925,0.40404436370589925,0.404044,True,ok
v28_compiled_search,fico_binary,10459,17,0.02,0.3440443637058992,3180,2,0.000693499983754009,0.014,optimal,277,164,17,0.3440443637058992,0.3440443637058992,0.344044,True,ok
v28_compiled_search,fico_binary,10459,17,0.01,0.32404436370589923,3180,2,0.02444216702133417,0.038,optimal,6345,4926,17,0.32404436370589923,0.32404436370589923,0.324044,True,ok
v28_compiled_search,fico_binary,10459,17,0.005,0.308650922650349,3019,4,0.4314187500276603,0.445,optimal,56955,70488,17,0.308650922650349,0.308650922650349,0.308651,True,ok
v28_compiled_search,compas_processed,12381,22,0.1,0.411364187060819,3855,1,0.00022287503816187382,0.235,optimal,23,12,621,0.411364187060819,0.411364187060819,0.411364,True,ok
v28_compiled_search,compas_processed,12381,22,0.05,0.36136418706081896,3855,1,0.33960716699948534,0.573,optimal,18815,12028,621,0.36136418706081896,0.36136418706081896,0.361364,True,ok
v28_compiled_search,compas_processed,12381,22,0.02,0.32786043130603343,3564,2,30.0,30.475,time,1050709,768220,621,0.10857281318148776,0.32786043130603343,0.32786,False,ok
v28_compiled_search,compas_processed,12381,22,0.01,0.30786043130603347,3564,2,30.0,30.497,time,525656,443258,621,0.08857281318148777,0.30786043130603347,0.30786,False,ok
v28_compiled_search,compas_processed,12381,22,0.005,0.29786043130603346,3564,2,30.0,30.264,time,377142,318060,621,0.07857281318148776,0.29786043130603346,0.29786,False,ok
v29_compiled_mc8,chudi,77,2,0.1,0.464935064935065,5,4,0.0001348330406472087,14.094,optimal,19,9,46,0.464935064935065,0.464935064935065,0.464935,True,ok
v29_compiled_mc8,chudi,77,2,0.05,0.25,0,5,0.00028733303770422935,0.001,optimal,53,23,46,0.25,0.25,0.25,True,ok
v29_compiled_mc8,chudi,77,2,0.02,0.1,0,5,0.00033112510573118925,0.001,optimal,59,25,46,0.1,0.1,0.1,True,ok
v29_compiled_mc8,chudi,77,2,0.01,0.05,0,5,0.00036054104566574097,0.001,optimal,65,28,46,0.05,0.05,0.05,True,ok
v29_compiled_mc8,chudi,77,2,0.005,0.025,0,5,0.00035349989775568247,0.001,optimal,65,28,46,0.025,0.025,0.025,True,ok
v29_compiled_mc8,monk_3,122,11,0.1,0.5213114754098361,27,3,4.9208989366889e-05,0.001,optimal,3,1,11,0.521311475409836,0.521311475409836,0.521311,True,ok
v29_compiled_mc8,monk_3,122,11,0.05,0.3713114754098361,27,3,6.441597361117601e-05,0.001,optimal,27,15,11,0.37131147540983606,0.37131147540983606,0.371311,True,ok
v29_compiled_mc8,monk_3,122,11,0.02,0.24295081967213114,15,6,0.0003463749308139086,0.001,optimal,91,57,11,0.24295081967213114,0.24295081967213114,0.242951,True,ok
v29_compiled_mc8,monk_3,122,11,0.01,0.15557377049180326,8,9,0.0010017079766839743,0.002,optimal,319,206,11,0.15557377049180326,0.15557377049180326,0.155574,True,ok
v29_compiled_mc8,monk_3,122,11,0.005,0.09459016393442624,3,14,0.0024456660030409694,0.003,optimal,935,635,11,0.09459016393442624,0.09459016393442624,0.09459,True,ok
v29_compiled_mc8,monk_1,124,11,0.1,0.4661290322580645,33,2,3.3791991882026196e-05,0.001,optimal,1,1,11,0.46612903225806446,0.46612903225806446,0.466129,True,ok
v29_compiled_mc8,monk_1,124,11,0.05,0.33870967741935487,11,5,6.0416990891098976e-05,0.001,optimal,40,21,11,0.3387096774193548,0.3387096774193548,0.33871,True,ok
v29_compiled_mc8,monk_1,124,11,0.02,0.16,0,8,0.00019399996381253004,0.001,optimal,68,25,11,0.16,0.16,0.16,True,ok
v29_compiled_mc8,monk_1,124,11,0.01,0.08,0,8,0.00014708295930176973,0.001,optimal,68,28,11,0.08,0.08,0.08,True,ok
v29_compiled_mc8,monk_1,124,11,0.005,0.04,0,8,0.00011074997019022703,0.001,optimal,81,36,11,0.04,0.04,0.04,True,ok
v29_compiled_mc8,iris,150,4,0.1,0.34,6,3,9.495799895375967e-05,0.001,optimal,5,1,118,0.34,0.34,0.34,True,ok
v29_compiled_mc8,iris,150,4,0.05,0.19000000000000003,6,3,0.00011666701175272465,0.001,optimal,9,1,118,0.19,0.19,0.19,True,ok
v29_compiled_mc8,iris,150,4,0.02,0.1,6,3,0.0042794590117409825,0.005,optimal,122,72,118,0.1,0.1,0.1,True,ok
v29_compiled_mc8,iris,150,4,0.01,0.06,3,4,0.021349083981476724,0.023,optimal,499,343,118,0.060000000000000005,0.060000000000000005,0.06,True,ok
v29_compiled_mc8,iris,150,4,0.005,0.03833333333333334,2,5,0.15034391707740724,0.152,optimal,2372,3346,118,0.03833333333333333,0.03833333333333333,0.038333,True,ok
v29_compiled_mc8,monk_2,169,11,0.1,0.47869822485207103,64,1,5.6582968682050705e-05,0.001,optimal,1,1,11,0.47869822485207103,0.47869822485207103,0.478698,True,ok
v29_compiled_mc8,monk_2,169,11,0.05,0.428698224852071,64,1,8.399994112551212e-05,0.001,optimal,23,13,11,0.428698224852071,0.428698224852071,0.428698,True,ok
v29_compiled_mc8,monk_2,169,11,0.02,0.35893491124260357,37,7,0.0013994580367580056,0.002,optimal,324,269,11,0.35893491124260357,0.35893491124260357,0.358935,True,ok
v29_compiled_mc8,monk_2,169,11,0.01,0.2650887573964497,11,20,0.004234749940223992,0.005,optimal,1259,994,11,0.2650887573964497,0.2650887573964497,0.265089,True,ok
v29_compiled_mc8,monk_2,169,11,0.005,0.15275147928994084,3,27,0.006166459061205387,0.007,optimal,2180,1511,11,0.15275147928994082,0.15275147928994082,0.152751,True,ok
v29_compiled_mc8,tic-tac-toe,958,9,0.1,0.4465553235908142,332,1,3.0416063964366913e-05,0.011,optimal,1,1,27,0.4465553235908142,0.4465553235908142,0.446555,True,ok
v29_compiled_mc8,tic-tac-toe,958,9,0.05,0.3965553235908142,332,1,0.00044287508353590965,0.012,optimal,55,37,27,0.39655532359081413,0.39655532359081413,0.396555,True,ok
v29_compiled_mc8,tic-tac-toe,958,9,0.02,0.3183298538622129,190,6,0.03103266702964902,0.042,optimal,5045,3444,27,0.3183298538622129,0.3183298538622129,0.31833,True,ok
v29_compiled_mc8,tic-tac-toe,958,9,0.01,0.2507515657620042,154,9,0.15904154197778553,0.17,optimal,13564,63111,27,0.2507515657620042,0.2507515657620042,0.250752,True,ok
v29_compiled_mc8,tic-tac-toe,958,9,0.005,0.15427974947807935,52,20,0.2706570830196142,0.283,optimal,15351,150731,27,0.15427974947807932,0.15427974947807932,0.15428,True,ok
v29_compiled_mc8,gaussian_1k,1000,1,0.1,0.397,297,1,0.00037279201205819845,0.037,optimal,1,1,999,0.397,0.397,0.397,True,ok
v29_compiled_mc8,gaussian_1k,1000,1,0.05,0.275,125,3,0.00044650002382695675,0.037,optimal,5,1,999,0.275,0.275,0.275,True,ok
v29_compiled_mc8,gaussian_1k,1000,1,0.02,0.185,125,3,0.0004944580141454935,0.036,optimal,5,1,999,0.18499999999999997,0.18499999999999997,0.185,True,ok
v29_compiled_mc8,gaussian_1k,1000,1,0.01,0.155,125,3,0.0005167090566828847,0.036,optimal,5,1,999,0.155,0.155,0.155,True,ok
v29_compiled_mc8,gaussian_1k,1000,1,0.005,0.14,125,3,0.0005269590765237808,0.044,optimal,5,1,999,0.14,0.14,0.14,True,ok
v29_compiled_mc8,fico_1k,1000,23,0.1,0.491,291,2,0.05475524999201298,0.076,optimal,4206,2609,1357,0.49100000000000005,0.49100000000000005,0.491,True,ok
v29_compiled_mc8,fico_1k,1000,23,0.05,0.391,291,2,30.0,30.031,time,2922,2000,1357,0.125,0.391,0.391,False,ok
v29_compiled_mc8,fico_1k,1000,23,0.02,0.33099999999999996,291,2,30.0,30.04,time,2706,2000,1357,0.065,0.33099999999999996,0.331,False,ok
v29_compiled_mc8,fico_1k,1000,23,0.01,0.304,264,4,30.0,30.042,time,2469,2000,1357,0.045,0.304,0.304,False,ok
v29_compiled_mc8,fico_1k,1000,23,0.005,0.28400000000000003,264,4,30.0,30.042,time,2481,2000,1357,0.035,0.28400000000000003,0.284,False,ok
v29_compiled_mc8,sine_1k,1000,1,0.1,0.595,495,1,0.0004668750334531069,0.049,optimal,1,1,999,0.595,0.595,0.595,True,ok
v29_compiled_mc8,sine_1k,1000,1,0.05,0.545,495,1,0.0005091669736430049,0.042,optimal,1,1,999,0.545,0.545,0.545,False,ok
v29_compiled_mc8,sine_1k,1000,1,0.02,0.494,454,2,0.0005432500038295984,0.038,optimal,3,1,999,0.494,0.494,0.494,False,ok
v29_compiled_mc8,sine_1k,1000,1,0.01,0.42900000000000005,169,26,0.0005776250036433339,0.038,optimal,51,1,999,0.42900000000000016,0.42900000000000016,0.443,False,better_than_known
v29_compiled_mc8,sine_1k,1000,1,0.005,0.269,109,32,0.0005544999148696661,0.037,optimal,63,1,999,0.26900000000000013,0.26900000000000013,0.4,False,better_than_known
v29_compiled_mc8,car_evaluation,1728,15,0.1,0.3997685185185186,518,1,2.2082938812673092e-05,0.003,optimal,1,1,15,0.39976851851851847,0.39976851851851847,0.399769,True,ok
v29_compiled_mc8,car_evaluation,1728,15,0.05,0.29467592592592595,250,3,0.00014066591393202543,0.003,optimal,15,8,15,0.29467592592592595,0.29467592592592595,0.294676,True,ok
v29_compiled_mc8,car_evaluation,1728,15,0.02,0.20467592592592593,250,3,0.002207458019256592,0.005,optimal,147,97,15,0.20467592592592593,0.20467592592592593,0.204676,True,ok
v29_compiled_mc8,car_evaluation,1728,15,0.01,0.1452314814814815,130,7,0.010979374987073243,0.014,optimal,1111,851,15,0.1452314814814815,0.1452314814814815,0.145231,True,ok
v29_compiled_mc8,car_evaluation,1728,15,0.005,0.1063425925925926,106,9,0.04092574992682785,0.044,optimal,5697,5375,15,0.1063425925925926,0.1063425925925926,0.106343,True,ok
v29_compiled_mc8,coupon_bar,1913,14,0.1,0.5119184526921067,788,1,1.3582990504801273e-05,0.003,optimal,1,1,14,0.5119184526921067,0.5119184526921067,0.511918,True,ok
v29_compiled_mc8,coupon_bar,1913,14,0.05,0.4538944066910612,677,2,7.433292921632528e-05,0.003,optimal,27,14,14,0.4538944066910611,0.4538944066910611,0.453894,True,ok
v29_compiled_mc8,coupon_bar,1913,14,0.02,0.37155253528489285,596,3,0.0009352080523967743,0.004,optimal,184,120,14,0.3715525352848928,0.3715525352848928,0.371553,True,ok
v29_compiled_mc8,coupon_bar,1913,14,0.01,0.3410977522216414,576,4,0.0024811250623315573,0.005,optimal,951,775,14,0.3410977522216414,0.3410977522216414,0.341098,True,ok
v29_compiled_mc8,coupon_bar,1913,14,0.005,0.3186199686356508,533,8,0.011674208100885153,0.014,optimal,3582,3995,14,0.3186199686356508,0.3186199686356508,0.31862,True,ok
v29_compiled_mc8,compas_binned,6907,12,0.1,0.5610829593166353,2494,2,1.9875005818903446e-05,0.007,optimal,3,1,12,0.5610829593166353,0.5610829593166353,0.561083,True,ok
v29_compiled_mc8,compas_binned,6907,12,0.05,0.46108295931663534,2494,2,2.1290965378284454e-05,0.007,optimal,3,1,12,0.46108295931663523,0.46108295931663523,0.461083,True,ok
v29_compiled_mc8,compas_binned,6907,12,0.02,0.4010829593166353,2494,2,4.270800855010748e-05,0.007,optimal,21,11,12,0.4010829593166353,0.4010829593166353,0.401083,True,ok
v29_compiled_mc8,compas_binned,6907,12,0.01,0.37486752569856663,2382,3,0.00022420799359679222,0.007,optimal,111,61,12,0.3748675256985667,0.3748675256985667,0.374868,True,ok
v29_compiled_mc8,compas_binned,6907,12,0.005,0.355968582597365,2286,5,0.0006735000060871243,0.008,optimal,296,199,12,0.35596858259736497,0.35596858259736497,0.355969,True,ok
v29_compiled_mc8,fico_binary,10459,17,0.1,0.5040443637058992,3180,2,3.0333991162478924e-05,0.015,optimal,3,1,17,0.5040443637058992,0.5040443637058992,0.504044,True,ok
v29_compiled_mc8,fico_binary,10459,17,0.05,0.40404436370589925,3180,2,6.445799954235554e-05,0.016,optimal,23,12,17,0.40404436370589925,0.40404436370589925,0.404044,True,ok
v29_compiled_mc8,fico_binary,10459,17,0.02,0.3440443637058992,3180,2,0.0007603749400004745,0.015,optimal,277,164,17,0.3440443637058992,0.3440443637058992,0.344044,True,ok
v29_compiled_mc8,fico_binary,10459,17,0.01,0.32404436370589923,3180,2,0.026180999935604632,0.041,optimal,6345,4926,17,0.32404436370589923,0.32404436370589923,0.324044,True,ok
v29_compiled_mc8,fico_binary,10459,17,0.005,0.308650922650349,3019,4,0.385689957998693,0.401,optimal,14515,207131,17,0.308650922650349,0.308650922650349,0.308651,True,ok
v29_compiled_mc8,compas_processed,12381,22,0.1,0.411364187060819,3855,1,0.0002685830695554614,0.278,optimal,23,12,621,0.411364187060819,0.411364187060819,0.411364,True,ok
v29_compiled_mc8,compas_processed,12381,22,0.05,0.36136418706081896,3855,1,0.17972554091829807,0.443,optimal,6513,14266,621,0.36136418706081896,0.36136418706081896,0.361364,True,ok
v29_compiled_mc8,compas_processed,12381,22,0.02,0.32786043130603343,3564,2,30.0,30.408,time,3146,2000,621,0.10857281318148776,0.32786043130603343,0.32786,False,ok
v29_compiled_mc8,compas_processed,12381,22,0.01,0.30786043130603347,3564,2,30.0,30.507,time,2882,2000,621,0.08857281318148777,0.30786043130603347,0.30786,False,ok
v29_compiled_mc8,compas_processed,12381,22,0.005,0.29786043130603346,3564,2,30.0,30.3,time,2759,184568,621,0.07857281318148776,0.29786043130603346,0.29786,False,ok
v30_compiled_mc8_threads,chudi,77,2,0.1,0.464935064935065,5,4,0.00013691699132323265,14.028,optimal,19,9,46,0.464935064935065,0.464935064935065,0.464935,True,ok
v30_compiled_mc8_threads,chudi,77,2,0.05,0.25,0,5,0.0002761250361800194,0.001,optimal,53,23,46,0.25,0.25,0.25,True,ok
v30_compiled_mc8_threads,chudi,77,2,0.02,0.1,0,5,0.00031525001395493746,0.001,optimal,59,25,46,0.1,0.1,0.1,True,ok
v30_compiled_mc8_threads,chudi,77,2,0.01,0.05,0,5,0.0003465829649940133,0.001,optimal,65,28,46,0.05,0.05,0.05,True,ok
v30_compiled_mc8_threads,chudi,77,2,0.005,0.025,0,5,0.0003424999304115772,0.001,optimal,65,28,46,0.025,0.025,0.025,True,ok
v30_compiled_mc8_threads,monk_3,122,11,0.1,0.5213114754098361,27,3,4.812504630535841e-05,0.001,optimal,3,1,11,0.521311475409836,0.521311475409836,0.521311,True,ok
v30_compiled_mc8_threads,monk_3,122,11,0.05,0.3713114754098361,27,3,7.637497037649155e-05,0.001,optimal,27,15,11,0.37131147540983606,0.37131147540983606,0.371311,True,ok
v30_compiled_mc8_threads,monk_3,122,11,0.02,0.24295081967213114,15,6,0.0003516250289976597,0.001,optimal,91,57,11,0.24295081967213114,0.24295081967213114,0.242951,True,ok
v30_compiled_mc8_threads,monk_3,122,11,0.01,0.15557377049180326,8,9,0.0009938330622389913,0.002,optimal,319,206,11,0.15557377049180326,0.15557377049180326,0.155574,True,ok
v30_compiled_mc8_threads,monk_3,122,11,0.005,0.09459016393442624,3,14,0.00230470800306648,0.003,optimal,935,635,11,0.09459016393442624,0.09459016393442624,0.09459,True,ok
v30_compiled_mc8_threads,monk_1,124,11,0.1,0.4661290322580645,33,2,3.3250078558921814e-05,0.001,optimal,1,1,11,0.46612903225806446,0.46612903225806446,0.466129,True,ok
v30_compiled_mc8_threads,monk_1,124,11,0.05,0.33870967741935487,11,5,6.066600326448679e-05,0.001,optimal,40,21,11,0.3387096774193548,0.3387096774193548,0.33871,True,ok
v30_compiled_mc8_threads,monk_1,124,11,0.02,0.16,0,8,0.0001929589780047536,0.001,optimal,68,25,11,0.16,0.16,0.16,True,ok
v30_compiled_mc8_threads,monk_1,124,11,0.01,0.08,0,8,0.00014579109847545624,0.001,optimal,68,28,11,0.08,0.08,0.08,True,ok
v30_compiled_mc8_threads,monk_1,124,11,0.005,0.04,0,8,0.00010158400982618332,0.001,optimal,81,36,11,0.04,0.04,0.04,True,ok
v30_compiled_mc8_threads,iris,150,4,0.1,0.34,6,3,9.349989704787731e-05,0.001,optimal,5,1,118,0.34,0.34,0.34,True,ok
v30_compiled_mc8_threads,iris,150,4,0.05,0.19000000000000003,6,3,0.00012012501247227192,0.001,optimal,9,1,118,0.19,0.19,0.19,True,ok
v30_compiled_mc8_threads,iris,150,4,0.02,0.1,6,3,0.004328082897700369,0.005,optimal,122,72,118,0.1,0.1,0.1,True,ok
v30_compiled_mc8_threads,iris,150,4,0.01,0.06,3,4,0.021050707902759314,0.022,optimal,499,343,118,0.060000000000000005,0.060000000000000005,0.06,True,ok
v30_compiled_mc8_threads,iris,150,4,0.005,0.03833333333333334,2,5,0.12000141700264066,0.121,optimal,2372,3343,118,0.03833333333333333,0.03833333333333333,0.038333,True,ok
v30_compiled_mc8_threads,monk_2,169,11,0.1,0.47869822485207103,64,1,4.258309490978718e-05,0.001,optimal,1,1,11,0.47869822485207103,0.47869822485207103,0.478698,True,ok
v30_compiled_mc8_threads,monk_2,169,11,0.05,0.428698224852071,64,1,7.583410479128361e-05,0.001,optimal,23,13,11,0.428698224852071,0.428698224852071,0.428698,True,ok
v30_compiled_mc8_threads,monk_2,169,11,0.02,0.35893491124260357,37,7,0.0013732919469475746,0.002,optimal,324,269,11,0.35893491124260357,0.35893491124260357,0.358935,True,ok
v30_compiled_mc8_threads,monk_2,169,11,0.01,0.2650887573964497,11,20,0.004240292008034885,0.005,optimal,1259,994,11,0.2650887573964497,0.2650887573964497,0.265089,True,ok
v30_compiled_mc8_threads,monk_2,169,11,0.005,0.15275147928994084,3,27,0.005994500010274351,0.007,optimal,2180,1511,11,0.15275147928994082,0.15275147928994082,0.152751,True,ok
v30_compiled_mc8_threads,tic-tac-toe,958,9,0.1,0.4465553235908142,332,1,2.637505531311035e-05,0.012,optimal,1,1,27,0.4465553235908142,0.4465553235908142,0.446555,True,ok
v30_compiled_mc8_threads,tic-tac-toe,958,9,0.05,0.3965553235908142,332,1,0.0004279579734429717,0.012,optimal,55,37,27,0.39655532359081413,0.39655532359081413,0.396555,True,ok
v30_compiled_mc8_threads,tic-tac-toe,958,9,0.02,0.3183298538622129,190,6,0.02309558296110481,0.034,optimal,3048,4446,27,0.3183298538622129,0.3183298538622129,0.31833,True,ok
v30_compiled_mc8_threads,tic-tac-toe,958,9,0.01,0.2507515657620042,154,9,0.12040987494401634,0.132,optimal,3047,65964,27,0.2507515657620042,0.2507515657620042,0.250752,True,ok
v30_compiled_mc8_threads,tic-tac-toe,958,9,0.005,0.15427974947807935,52,20,0.2534208750585094,0.265,optimal,3027,175472,27,0.15427974947807932,0.15427974947807932,0.15428,True,ok
v30_compiled_mc8_threads,gaussian_1k,1000,1,0.1,0.397,297,1,0.00035404099617153406,0.036,optimal,1,1,999,0.397,0.397,0.397,True,ok
v30_compiled_mc8_threads,gaussian_1k,1000,1,0.05,0.275,125,3,0.0004384169587865472,0.035,optimal,5,1,999,0.275,0.275,0.275,True,ok
v30_compiled_mc8_threads,gaussian_1k,1000,1,0.02,0.185,125,3,0.0005019580712541938,0.035,optimal,5,1,999,0.18499999999999997,0.18499999999999997,0.185,True,ok
v30_compiled_mc8_threads,gaussian_1k,1000,1,0.01,0.155,125,3,0.0005211670650169253,0.036,optimal,5,1,999,0.155,0.155,0.155,True,ok
v30_compiled_mc8_threads,gaussian_1k,1000,1,0.005,0.14,125,3,0.0005228749942034483,0.036,optimal,5,1,999,0.14,0.14,0.14,True,ok
v30_compiled_mc8_threads,fico_1k,1000,23,0.1,0.491,291,2,0.05250733299180865,0.073,optimal,3225,2642,1357,0.49100000000000005,0.49100000000000005,0.491,True,ok
v30_compiled_mc8_threads,fico_1k,1000,23,0.05,0.391,291,2,30.0,30.068,time,2922,2185474,1357,0.125,0.391,0.391,False,ok
v30_compiled_mc8_threads,fico_1k,1000,23,0.02,0.33099999999999996,291,2,30.0,30.112,time,2706,1066814,1357,0.065,0.33099999999999996,0.331,False,ok
v30_compiled_mc8_threads,fico_1k,1000,23,0.01,0.304,264,4,30.0,30.273,time,2469,894857,1357,0.045,0.304,0.304,False,ok
v30_compiled_mc8_threads,fico_1k,1000,23,0.005,0.28400000000000003,264,4,30.0,30.287,time,2481,739375,1357,0.035,0.28400000000000003,0.284,False,ok
v30_compiled_mc8_threads,sine_1k,1000,1,0.1,0.595,495,1,0.00037362496368587017,0.038,optimal,1,1,999,0.595,0.595,0.595,True,ok
v30_compiled_mc8_threads,sine_1k,1000,1,0.05,0.545,495,1,0.0004616670776158571,0.037,optimal,1,1,999,0.545,0.545,0.545,False,ok
v30_compiled_mc8_threads,sine_1k,1000,1,0.02,0.494,454,2,0.0005289999535307288,0.037,optimal,3,1,999,0.494,0.494,0.494,False,ok
v30_compiled_mc8_threads,sine_1k,1000,1,0.01,0.42900000000000005,169,26,0.0005662910407409072,0.038,optimal,51,1,999,0.42900000000000016,0.42900000000000016,0.443,False,better_than_known
v30_compiled_mc8_threads,sine_1k,1000,1,0.005,0.269,109,32,0.0005454999627545476,0.038,optimal,63,1,999,0.26900000000000013,0.26900000000000013,0.4,False,better_than_known
v30_compiled_mc8_threads,car_evaluation,1728,15,0.1,0.3997685185185186,518,1,1.8750084564089775e-05,0.003,optimal,1,1,15,0.39976851851851847,0.39976851851851847,0.399769,True,ok
v30_compiled_mc8_threads,car_evaluation,1728,15,0.05,0.29467592592592595,250,3,0.0001339159207418561,0.003,optimal,15,8,15,0.29467592592592595,0.29467592592592595,0.294676,True,ok
v30_compiled_mc8_threads,car_evaluation,1728,15,0.02,0.20467592592592593,250,3,0.0021921659354120493,0.005,optimal,147,97,15,0.20467592592592593,0.20467592592592593,0.204676,True,ok
v30_compiled_mc8_threads,car_evaluation,1728,15,0.01,0.1452314814814815,130,7,0.011219417094253004,0.014,optimal,1111,851,15,0.1452314814814815,0.1452314814814815,0.145231,True,ok
v30_compiled_mc8_threads,car_evaluation,1728,15,0.005,0.1063425925925926,106,9,0.033309832913801074,0.036,optimal,2414,11531,15,0.1063425925925926,0.1063425925925926,0.106343,True,ok
v30_compiled_mc8_threads,coupon_bar,1913,14,0.1,0.5119184526921067,788,1,1.5749945305287838e-05,0.003,optimal,1,1,14,0.5119184526921067,0.5119184526921067,0.511918,True,ok
v30_compiled_mc8_threads,coupon_bar,1913,14,0.05,0.4538944066910612,677,2,7.916602771729231e-05,0.003,optimal,27,14,14,0.4538944066910611,0.4538944066910611,0.453894,True,ok
v30_compiled_mc8_threads,coupon_bar,1913,14,0.02,0.37155253528489285,596,3,0.0010243330616503954,0.004,optimal,184,120,14,0.3715525352848928,0.3715525352848928,0.371553,True,ok
v30_compiled_mc8_threads,coupon_bar,1913,14,0.01,0.3410977522216414,576,4,0.0025513339787721634,0.005,optimal,951,775,14,0.3410977522216414,0.3410977522216414,0.341098,True,ok
v30_compiled_mc8_threads,coupon_bar,1913,14,0.005,0.3186199686356508,533,8,0.011667250073514879,0.015,optimal,3582,3995,14,0.3186199686356508,0.3186199686356508,0.31862,True,ok
v30_compiled_mc8_threads,compas_binned,6907,12,0.1,0.5610829593166353,2494,2,2.13750172406435e-05,0.008,optimal,3,1,12,0.5610829593166353,0.5610829593166353,0.561083,True,ok
v30_compiled_mc8_threads,compas_binned,6907,12,0.05,0.46108295931663534,2494,2,2.54589831456542e-05,0.007,optimal,3,1,12,0.46108295931663523,0.46108295931663523,0.461083,True,ok
v30_compiled_mc8_threads,compas_binned,6907,12,0.02,0.4010829593166353,2494,2,5.9249927289783955e-05,0.009,optimal,21,11,12,0.4010829593166353,0.4010829593166353,0.401083,True,ok
v30_compiled_mc8_threads,compas_binned,6907,12,0.01,0.37486752569856663,2382,3,0.00023558398243039846,0.008,optimal,111,61,12,0.3748675256985667,0.3748675256985667,0.374868,True,ok
v30_compiled_mc8_threads,compas_binned,6907,12,0.005,0.355968582597365,2286,5,0.0007075000321492553,0.008,optimal,296,199,12,0.35596858259736497,0.35596858259736497,0.355969,True,ok
v30_compiled_mc8_threads,fico_binary,10459,17,0.1,0.5040443637058992,3180,2,3.2708048820495605e-05,0.015,optimal,3,1,17,0.5040443637058992,0.5040443637058992,0.504044,True,ok
v30_compiled_mc8_threads,fico_binary,10459,17,0.05,0.40404436370589925,3180,2,6.724998820573092e-05,0.017,optimal,23,12,17,0.40404436370589925,0.40404436370589925,0.404044,True,ok
v30_compiled_mc8_threads,fico_binary,10459,17,0.02,0.3440443637058992,3180,2,0.0007775829872116446,0.016,optimal,277,164,17,0.3440443637058992,0.3440443637058992,0.344044,True,ok
v30_compiled_mc8_threads,fico_binary,10459,17,0.01,0.32404436370589923,3180,2,0.02225412498228252,0.038,optimal,2851,7758,17,0.32404436370589923,0.32404436370589923,0.324044,True,ok
v30_compiled_mc8_threads,fico_binary,10459,17,0.005,0.308650922650349,3019,4,0.45168704201932997,0.468,optimal,14159,207764,17,0.308650922650349,0.308650922650349,0.308651,True,ok
v30_compiled_mc8_threads,compas_processed,12381,22,0.1,0.411364187060819,3855,1,0.00024820794351398945,0.275,optimal,23,12,621,0.411364187060819,0.411364187060819,0.411364,True,ok
v30_compiled_mc8_threads,compas_processed,12381,22,0.05,0.36136418706081896,3855,1,0.12721908290404826,0.401,optimal,3036,17053,621,0.36136418706081896,0.36136418706081896,0.361364,True,ok
v30_compiled_mc8_threads,compas_processed,12381,22,0.02,0.32786043130603343,3564,2,9.851093042059802,10.133,memory,3146,714740,621,0.10857281318148776,0.32786043130603343,0.32786,False,ok
v30_compiled_mc8_threads,compas_processed,12381,22,0.01,0.30786043130603347,3564,2,17.396401374950074,17.688,memory,2882,832662,621,0.08857281318148777,0.30786043130603347,0.30786,False,ok
v30_compiled_mc8_threads,compas_processed,12381,22,0.005,0.29786043130603346,3564,2,30.0,30.38,time,2759,1105707,621,0.07857281318148776,0.29786043130603346,0.29786,False,ok
v31_frame_cache,chudi,77,2,0.1,0.464935064935065,5,4,0.00017083296552300453,15.936,optimal,19,9,46,0.464935064935065,0.464935064935065,0.464935,True,ok
v31_frame_cache,chudi,77,2,0.05,0.25,0,5,0.00036029203329235315,0.001,optimal,53,23,46,0.25,0.25,0.25,True,ok
v31_frame_cache,chudi,77,2,0.02,0.1,0,5,0.0004143329570069909,0.001,optimal,59,25,46,0.1,0.1,0.1,True,ok
v31_frame_cache,chudi,77,2,0.01,0.05,0,5,0.0004680419806391001,0.001,optimal,65,28,46,0.05,0.05,0.05,True,ok
v31_frame_cache,chudi,77,2,0.005,0.025,0,5,0.00046558305621147156,0.001,optimal,65,28,46,0.025,0.025,0.025,True,ok
v31_frame_cache,monk_3,122,11,0.1,0.5213114754098361,27,3,6.133306305855513e-05,0.001,optimal,3,1,11,0.521311475409836,0.521311475409836,0.521311,True,ok
v31_frame_cache,monk_3,122,11,0.05,0.3713114754098361,27,3,7.66250304877758e-05,0.001,optimal,27,15,11,0.37131147540983606,0.37131147540983606,0.371311,True,ok
v31_frame_cache,monk_3,122,11,0.02,0.24295081967213114,15,6,0.00044633401557803154,0.002,optimal,91,57,11,0.24295081967213114,0.24295081967213114,0.242951,True,ok
v31_frame_cache,monk_3,122,11,0.01,0.15557377049180326,8,9,0.0012819590047001839,0.002,optimal,319,206,11,0.15557377049180326,0.15557377049180326,0.155574,True,ok
v31_frame_cache,monk_3,122,11,0.005,0.09459016393442624,3,14,0.003004707978107035,0.004,optimal,935,635,11,0.09459016393442624,0.09459016393442624,0.09459,True,ok
v31_frame_cache,monk_1,124,11,0.1,0.4661290322580645,33,2,3.62499849870801e-05,0.001,optimal,1,1,11,0.46612903225806446,0.46612903225806446,0.466129,True,ok
v31_frame_cache,monk_1,124,11,0.05,0.33870967741935487,11,5,7.262500002980232e-05,0.001,optimal,40,21,11,0.3387096774193548,0.3387096774193548,0.33871,True,ok
v31_frame_cache,monk_1,124,11,0.02,0.16,0,8,0.00024020799901336432,0.001,optimal,68,25,11,0.16,0.16,0.16,True,ok
v31_frame_cache,monk_1,124,11,0.01,0.08,0,8,0.00018658407498151064,0.001,optimal,68,28,11,0.08,0.08,0.08,True,ok
v31_frame_cache,monk_1,124,11,0.005,0.04,0,8,0.00013129203580319881,0.001,optimal,81,36,11,0.04,0.04,0.04,True,ok
v31_frame_cache,iris,150,4,0.1,0.34,6,3,0.0001217919634655118,0.002,optimal,5,1,118,0.34,0.34,0.34,True,ok
v31_frame_cache,iris,150,4,0.05,0.19000000000000003,6,3,0.0001502500381320715,0.002,optimal,9,1,118,0.19,0.19,0.19,True,ok
v31_frame_cache,iris,150,4,0.02,0.1,6,3,0.005686416989192367,0.007,optimal,122,72,118,0.1,0.1,0.1,True,ok
v31_frame_cache,iris,150,4,0.01,0.06,3,4,0.027640582993626595,0.029,optimal,499,343,118,0.060000000000000005,0.060000000000000005,0.06,True,ok
v31_frame_cache,iris,150,4,0.005,0.03833333333333334,2,5,0.15562549990136176,0.157,optimal,2372,3337,118,0.03833333333333333,0.03833333333333333,0.038333,True,ok
v31_frame_cache,monk_2,169,11,0.1,0.47869822485207103,64,1,5.8834091760218143e-05,0.002,optimal,1,1,11,0.47869822485207103,0.47869822485207103,0.478698,True,ok
v31_frame_cache,monk_2,169,11,0.05,0.428698224852071,64,1,9.937502909451723e-05,0.001,optimal,23,13,11,0.428698224852071,0.428698224852071,0.428698,True,ok
v31_frame_cache,monk_2,169,11,0.02,0.35893491124260357,37,7,0.001903209020383656,0.003,optimal,324,269,11,0.35893491124260357,0.35893491124260357,0.358935,True,ok
v31_frame_cache,monk_2,169,11,0.01,0.2650887573964497,11,20,0.0052125840447843075,0.007,optimal,1259,994,11,0.2650887573964497,0.2650887573964497,0.265089,True,ok
v31_frame_cache,monk_2,169,11,0.005,0.15275147928994084,3,27,0.008110124967060983,0.01,optimal,2180,1511,11,0.15275147928994082,0.15275147928994082,0.152751,True,ok
v31_frame_cache,tic-tac-toe,958,9,0.1,0.4465553235908142,332,1,4.291697405278683e-05,0.016,optimal,1,1,27,0.4465553235908142,0.4465553235908142,0.446555,True,ok
v31_frame_cache,tic-tac-toe,958,9,0.05,0.3965553235908142,332,1,0.0006053749239072204,0.016,optimal,55,37,27,0.39655532359081413,0.39655532359081413,0.396555,True,ok
v31_frame_cache,tic-tac-toe,958,9,0.02,0.3183298538622129,190,6,0.03251799999270588,0.048,optimal,3048,4483,27,0.3183298538622129,0.3183298538622129,0.31833,True,ok
v31_frame_cache,tic-tac-toe,958,9,0.01,0.2507515657620042,154,9,0.1441464580129832,0.16,optimal,3047,66513,27,0.2507515657620042,0.2507515657620042,0.250752,True,ok
v31_frame_cache,tic-tac-toe,958,9,0.005,0.15427974947807935,52,20,0.4277781250420958,0.448,optimal,3027,163072,27,0.15427974947807932,0.15427974947807932,0.15428,True,ok
v31_frame_cache,gaussian_1k,1000,1,0.1,0.397,297,1,0.0007524159736931324,0.079,optimal,1,1,999,0.397,0.397,0.397,True,ok
v31_frame_cache,gaussian_1k,1000,1,0.05,0.275,125,3,0.0009447919437661767,0.073,optimal,5,1,999,0.275,0.275,0.275,True,ok
v31_frame_cache,gaussian_1k,1000,1,0.02,0.185,125,3,0.0009073750115931034,0.069,optimal,5,1,999,0.18499999999999997,0.18499999999999997,0.185,True,ok
v31_frame_cache,gaussian_1k,1000,1,0.01,0.155,125,3,0.0009287919383496046,0.063,optimal,5,1,999,0.155,0.155,0.155,True,ok
v31_frame_cache,gaussian_1k,1000,1,0.005,0.14,125,3,0.0009461250156164169,0.062,optimal,5,1,999,0.14,0.14,0.14,True,ok
v31_frame_cache,fico_1k,1000,23,0.1,0.491,291,2,0.09079479204956442,0.126,optimal,3225,2639,1357,0.49100000000000005,0.49100000000000005,0.491,True,ok
v31_frame_cache,fico_1k,1000,23,0.05,0.391,291,2,30.0,30.315,time,2922,2098210,1357,0.125,0.391,0.391,False,ok
v31_frame_cache,fico_1k,1000,23,0.02,0.33099999999999996,291,2,30.0,30.326,time,2706,1082170,1357,0.065,0.33099999999999996,0.331,False,ok
v31_frame_cache,fico_1k,1000,23,0.01,0.304,264,4,30.0,30.275,time,2469,989360,1357,0.045,0.304,0.304,False,ok
v31_frame_cache,fico_1k,1000,23,0.005,0.28400000000000003,264,4,30.0,30.281,time,2481,722638,1357,0.035,0.28400000000000003,0.284,False,ok
v31_frame_cache,sine_1k,1000,1,0.1,0.595,495,1,0.0007745000766590238,0.08,optimal,1,1,999,0.595,0.595,0.595,True,ok
v31_frame_cache,sine_1k,1000,1,0.05,0.545,495,1,0.0009492919780313969,0.072,optimal,1,1,999,0.545,0.545,0.545,False,ok
v31_frame_cache,sine_1k,1000,1,0.02,0.494,454,2,0.0009192919824272394,0.065,optimal,3,1,999,0.494,0.494,0.494,False,ok
v31_frame_cache,sine_1k,1000,1,0.01,0.42900000000000005,169,26,0.0008541250135749578,0.056,optimal,51,1,999,0.42900000000000016,0.42900000000000016,0.443,False,better_than_known
v31_frame_cache,sine_1k,1000,1,0.005,0.269,109,32,0.0008714590221643448,0.056,optimal,63,1,999,0.26900000000000013,0.26900000000000013,0.4,False,better_than_known
v31_frame_cache,car_evaluation,1728,15,0.1,0.3997685185185186,518,1,3.6792014725506306e-05,0.005,optimal,1,1,15,0.39976851851851847,0.39976851851851847,0.399769,True,ok
v31_frame_cache,car_evaluation,1728,15,0.05,0.29467592592592595,250,3,0.0002303750952705741,0.005,optimal,15,8,15,0.29467592592592595,0.29467592592592595,0.294676,True,ok
v31_frame_cache,car_evaluation,1728,15,0.02,0.20467592592592593,250,3,0.0035517499782145023,0.008,optimal,147,97,15,0.20467592592592593,0.20467592592592593,0.204676,True,ok
v31_frame_cache,car_evaluation,1728,15,0.01,0.1452314814814815,130,7,0.017640208010561764,0.022,optimal,1111,851,15,0.1452314814814815,0.1452314814814815,0.145231,True,ok
v31_frame_cache,car_evaluation,1728,15,0.005,0.1063425925925926,106,9,0.046933415927924216,0.051,optimal,2414,11350,15,0.1063425925925926,0.1063425925925926,0.106343,True,ok
v31_frame_cache,coupon_bar,1913,14,0.1,0.5119184526921067,788,1,2.3250002413988113e-05,0.004,optimal,1,1,14,0.5119184526921067,0.5119184526921067,0.511918,True,ok
v31_frame_cache,coupon_bar,1913,14,0.05,0.4538944066910612,677,2,0.00011100003030151129,0.004,optimal,27,14,14,0.4538944066910611,0.4538944066910611,0.453894,True,ok
v31_frame_cache,coupon_bar,1913,14,0.02,0.37155253528489285,596,3,0.0011539169354364276,0.005,optimal,184,120,14,0.3715525352848928,0.3715525352848928,0.371553,True,ok
v31_frame_cache,coupon_bar,1913,14,0.01,0.3410977522216414,576,4,0.003469625022262335,0.007,optimal,951,775,14,0.3410977522216414,0.3410977522216414,0.341098,True,ok
v31_frame_cache,coupon_bar,1913,14,0.005,0.3186199686356508,533,8,0.01642499992158264,0.02,optimal,3582,3995,14,0.3186199686356508,0.3186199686356508,0.31862,True,ok
v31_frame_cache,compas_binned,6907,12,0.1,0.5610829593166353,2494,2,2.3499946109950542e-05,0.011,optimal,3,1,12,0.5610829593166353,0.5610829593166353,0.561083,True,ok
v31_frame_cache,compas_binned,6907,12,0.05,0.46108295931663534,2494,2,2.920802216976881e-05,0.01,optimal,3,1,12,0.46108295931663523,0.46108295931663523,0.461083,True,ok
v31_frame_cache,compas_binned,6907,12,0.02,0.4010829593166353,2494,2,5.270796827971935e-05,0.01,optimal,21,11,12,0.4010829593166353,0.4010829593166353,0.401083,True,ok
v31_frame_cache,compas_binned,6907,12,0.01,0.37486752569856663,2382,3,0.0002752910368144512,0.009,optimal,111,61,12,0.3748675256985667,0.3748675256985667,0.374868,True,ok
v31_frame_cache,compas_binned,6907,12,0.005,0.355968582597365,2286,5,0.0008603750029578805,0.01,optimal,296,199,12,0.35596858259736497,0.35596858259736497,0.355969,True,ok
v31_frame_cache,fico_binary,10459,17,0.1,0.5040443637058992,3180,2,3.945804201066494e-05,0.021,optimal,3,1,17,0.5040443637058992,0.5040443637058992,0.504044,True,ok
v31_frame_cache,fico_binary,10459,17,0.05,0.40404436370589925,3180,2,7.895799353718758e-05,0.019,optimal,23,12,17,0.40404436370589925,0.40404436370589925,0.404044,True,ok
v31_frame_cache,fico_binary,10459,17,0.02,0.3440443637058992,3180,2,0.0009610410779714584,0.02,optimal,277,164,17,0.3440443637058992,0.3440443637058992,0.344044,True,ok
v31_frame_cache,fico_binary,10459,17,0.01,0.32404436370589923,3180,2,0.027042125002481043,0.045,optimal,2851,7808,17,0.32404436370589923,0.32404436370589923,0.324044,True,ok
v31_frame_cache,fico_binary,10459,17,0.005,0.308650922650349,3019,4,0.6345732499612495,0.653,optimal,2814,239911,17,0.308650922650349,0.308650922650349,0.308651,True,ok
v31_frame_cache,compas_processed,12381,22,0.1,0.411364187060819,3855,1,0.00030929199419915676,0.324,optimal,23,12,621,0.411364187060819,0.411364187060819,0.411364,True,ok
v31_frame_cache,compas_processed,12381,22,0.05,0.36136418706081896,3855,1,0.1405409169383347,0.423,optimal,3036,16597,621,0.36136418706081896,0.36136418706081896,0.361364,True,ok
v31_frame_cache,compas_processed,12381,22,0.02,0.32786043130603343,3564,2,14.008705249987543,14.349,memory,3146,729848,621,0.10857281318148776,0.32786043130603343,0.32786,False,ok
v31_frame_cache,compas_processed,12381,22,0.01,0.30786043130603347,3564,2,30.0,30.484,time,2882,1003812,621,0.08857281318148777,0.30786043130603347,0.30786,False,ok
v31_frame_cache,compas_processed,12381,22,0.005,0.29786043130603346,3564,2,30.0,30.597,time,2759,789926,621,0.07857281318148776,0.29786043130603346,0.29786,False,ok
v32_shared_bound_table,chudi,77,2,0.1,0.464935064935065,5,4,0.0001397499581798911,15.321,optimal,19,9,46,0.464935064935065,0.464935064935065,0.464935,True,ok
v32_shared_bound_table,chudi,77,2,0.05,0.25,0,5,0.00027837499510496855,0.001,optimal,53,23,46,0.25,0.25,0.25,True,ok
v32_shared_bound_table,chudi,77,2,0.02,0.1,0,5,0.00033079099375754595,0.001,optimal,59,25,46,0.1,0.1,0.1,True,ok
v32_shared_bound_table,chudi,77,2,0.01,0.05,0,5,0.0003595000598579645,0.001,optimal,65,28,46,0.05,0.05,0.05,True,ok
v32_shared_bound_table,chudi,77,2,0.005,0.025,0,5,0.0003951250109821558,0.001,optimal,65,28,46,0.025,0.025,0.025,True,ok
v32_shared_bound_table,monk_3,122,11,0.1,0.5213114754098361,27,3,5.7541998103260994e-05,0.001,optimal,3,1,11,0.521311475409836,0.521311475409836,0.521311,True,ok
v32_shared_bound_table,monk_3,122,11,0.05,0.3713114754098361,27,3,6.200000643730164e-05,0.001,optimal,27,15,11,0.37131147540983606,0.37131147540983606,0.371311,True,ok
v32_shared_bound_table,monk_3,122,11,0.02,0.24295081967213114,15,6,0.00034070806577801704,0.001,optimal,91,57,11,0.24295081967213114,0.24295081967213114,0.242951,True,ok
v32_shared_bound_table,monk_3,122,11,0.01,0.15557377049180326,8,9,0.0009817919926717877,0.002,optimal,319,206,11,0.15557377049180326,0.15557377049180326,0.155574,True,ok
v32_shared_bound_table,monk_3,122,11,0.005,0.09459016393442624,3,14,0.002279333071783185,0.003,optimal,935,635,11,0.09459016393442624,0.09459016393442624,0.09459,True,ok
v32_shared_bound_table,monk_1,124,11,0.1,0.4661290322580645,33,2,2.933293581008911e-05,0.001,optimal,1,1,11,0.46612903225806446,0.46612903225806446,0.466129,True,ok
v32_shared_bound_table,monk_1,124,11,0.05,0.33870967741935487,11,5,5.6124990805983543e-05,0.001,optimal,40,21,11,0.3387096774193548,0.3387096774193548,0.33871,True,ok
v32_shared_bound_table,monk_1,124,11,0.02,0.16,0,8,0.00018541701138019562,0.001,optimal,68,25,11,0.16,0.16,0.16,True,ok
v32_shared_bound_table,monk_1,124,11,0.01,0.08,0,8,0.00018670805729925632,0.001,optimal,68,28,11,0.08,0.08,0.08,True,ok
v32_shared_bound_table,monk_1,124,11,0.005,0.04,0,8,0.00012054096441715956,0.001,optimal,81,36,11,0.04,0.04,0.04,True,ok
v32_shared_bound_table,iris,150,4,0.1,0.34,6,3,9.424996096640825e-05,0.001,optimal,5,1,118,0.34,0.34,0.34,True,ok
v32_shared_bound_table,iris,150,4,0.05,0.19000000000000003,6,3,0.00011862500105053186,0.001,optimal,9,1,118,0.19,0.19,0.19,True,ok
v32_shared_bound_table,iris,150,4,0.02,0.1,6,3,0.004353917087428272,0.005,optimal,122,72,118,0.1,0.1,0.1,True,ok
v32_shared_bound_table,iris,150,4,0.01,0.06,3,4,0.021662959014065564,0.023,optimal,499,343,118,0.060000000000000005,0.060000000000000005,0.06,True,ok
v32_shared_bound_table,iris,150,4,0.005,0.03833333333333334,2,5,0.11367112502921373,0.115,optimal,2372,2887,118,0.03833333333333333,0.03833333333333333,0.038333,True,ok
v32_shared_bound_table,monk_2,169,11,0.1,0.47869822485207103,64,1,4.483398515731096e-05,0.001,optimal,1,1,11,0.47869822485207103,0.47869822485207103,0.478698,True,ok
v32_shared_bound_table,monk_2,169,11,0.05,0.428698224852071,64,1,7.929198909550905e-05,0.001,optimal,23,13,11,0.428698224852071,0.428698224852071,0.428698,True,ok
v32_shared_bound_table,monk_2,169,11,0.02,0.35893491124260357,37,7,0.0013723329175263643,0.002,optimal,324,269,11,0.35893491124260357,0.35893491124260357,0.358935,True,ok
v32_shared_bound_table,monk_2,169,11,0.01,0.2650887573964497,11,20,0.00419000000692904,0.005,optimal,1259,994,11,0.2650887573964497,0.2650887573964497,0.265089,True,ok
v32_shared_bound_table,monk_2,169,11,0.005,0.15275147928994084,3,27,0.005858790944330394,0.007,optimal,2180,1511,11,0.15275147928994082,0.15275147928994082,0.152751,True,ok
v32_shared_bound_table,tic-tac-toe,958,9,0.1,0.4465553235908142,332,1,3.987504169344902e-05,0.011,optimal,1,1,27,0.4465553235908142,0.4465553235908142,0.446555,True,ok
v32_shared_bound_table,tic-tac-toe,958,9,0.05,0.3965553235908142,332,1,0.0004309579962864518,0.011,optimal,55,37,27,0.39655532359081413,0.39655532359081413,0.396555,True,ok
v32_shared_bound_table,tic-tac-toe,958,9,0.02,0.3183298538622129,190,6,0.02217933302745223,0.033,optimal,3048,3711,27,0.3183298538622129,0.3183298538622129,0.31833,True,ok
v32_shared_bound_table,tic-tac-toe,958,9,0.01,0.2507515657620042,154,9,0.08471562503837049,0.096,optimal,3047,43054,27,0.2507515657620042,0.2507515657620042,0.250752,True,ok
v32_shared_bound_table,tic-tac-toe,958,9,0.005,0.15427974947807935,52,20,0.2145922080380842,0.226,optimal,3027,132947,27,0.15427974947807932,0.15427974947807932,0.15428,True,ok
v32_shared_bound_table,gaussian_1k,1000,1,0.1,0.397,297,1,0.00035333307459950447,0.034,optimal,1,1,999,0.397,0.397,0.397,True,ok
v32_shared_bound_table,gaussian_1k,1000,1,0.05,0.275,125,3,0.0004154579946771264,0.033,optimal,5,1,999,0.275,0.275,0.275,True,ok
v32_shared_bound_table,gaussian_1k,1000,1,0.02,0.185,125,3,0.0004581660032272339,0.033,optimal,5,1,999,0.18499999999999997,0.18499999999999997,0.185,True,ok
v32_shared_bound_table,gaussian_1k,1000,1,0.01,0.155,125,3,0.0004766660276800394,0.032,optimal,5,1,999,0.155,0.155,0.155,True,ok
v32_shared_bound_table,gaussian_1k,1000,1,0.005,0.14,125,3,0.0004936669720336795,0.032,optimal,5,1,999,0.14,0.14,0.14,True,ok
v32_shared_bound_table,fico_1k,1000,23,0.1,0.491,291,2,0.050616416963748634,0.069,optimal,3225,2630,1357,0.49100000000000005,0.49100000000000005,0.491,True,ok
v32_shared_bound_table,fico_1k,1000,23,0.05,0.391,291,2,30.0,30.124,time,2922,3988581,1357,0.125,0.391,0.391,False,ok
v32_shared_bound_table,fico_1k,1000,23,0.02,0.33099999999999996,291,2,30.0,30.266,time,2706,1710372,1357,0.065,0.33099999999999996,0.331,False,ok
v32_shared_bound_table,fico_1k,1000,23,0.01,0.304,264,4,30.0,30.152,time,2469,1757950,1357,0.045,0.304,0.304,False,ok
v32_shared_bound_table,fico_1k,1000,23,0.005,0.28400000000000003,264,4,30.0,30.114,time,2481,1460481,1357,0.035,0.28400000000000003,0.284,False,ok
v32_shared_bound_table,sine_1k,1000,1,0.1,0.595,495,1,0.0004563339753076434,0.044,optimal,1,1,999,0.595,0.595,0.595,True,ok
v32_shared_bound_table,sine_1k,1000,1,0.05,0.545,495,1,0.0005022910190746188,0.038,optimal,1,1,999,0.545,0.545,0.545,False,ok
v32_shared_bound_table,sine_1k,1000,1,0.02,0.494,454,2,0.0005500830011442304,0.036,optimal,3,1,999,0.494,0.494,0.494,False,ok
v32_shared_bound_table,sine_1k,1000,1,0.01,0.42900000000000005,169,26,0.0005441659595817327,0.036,optimal,51,1,999,0.42900000000000016,0.42900000000000016,0.443,False,better_than_known
v32_shared_bound_table,sine_1k,1000,1,0.005,0.269,109,32,0.0006053750403225422,0.039,optimal,63,1,999,0.26900000000000013,0.26900000000000013,0.4,False,better_than_known
v32_shared_bound_table,car_evaluation,1728,15,0.1,0.3997685185185186,518,1,2.1916930563747883e-05,0.003,optimal,1,1,15,0.39976851851851847,0.39976851851851847,0.399769,True,ok
v32_shared_bound_table,car_evaluation,1728,15,0.05,0.29467592592592595,250,3,0.00014295894652605057,0.003,optimal,15,8,15,0.29467592592592595,0.29467592592592595,0.294676,True,ok
v32_shared_bound_table,car_evaluation,1728,15,0.02,0.20467592592592593,250,3,0.0023338330211117864,0.005,optimal,147,97,15,0.20467592592592593,0.20467592592592593,0.204676,True,ok
v32_shared_bound_table,car_evaluation,1728,15,0.01,0.1452314814814815,130,7,0.011554208002053201,0.015,optimal,1111,851,15,0.1452314814814815,0.1452314814814815,0.145231,True,ok
v32_shared_bound_table,car_evaluation,1728,15,0.005,0.1063425925925926,106,9,0.028954500099644065,0.032,optimal,2414,7882,15,0.1063425925925926,0.1063425925925926,0.106343,True,ok
v32_shared_bound_table,coupon_bar,1913,14,0.1,0.5119184526921067,788,1,1.8958933651447296e-05,0.003,optimal,1,1,14,0.5119184526921067,0.5119184526921067,0.511918,True,ok
v32_shared_bound_table,coupon_bar,1913,14,0.05,0.4538944066910612,677,2,8.241704199463129e-05,0.003,optimal,27,14,14,0.4538944066910611,0.4538944066910611,0.453894,True,ok
v32_shared_bound_table,coupon_bar,1913,14,0.02,0.37155253528489285,596,3,0.0008547920733690262,0.004,optimal,184,120,14,0.3715525352848928,0.3715525352848928,0.371553,True,ok
v32_shared_bound_table,coupon_bar,1913,14,0.01,0.3410977522216414,576,4,0.0025464579230174422,0.005,optimal,951,775,14,0.3410977522216414,0.3410977522216414,0.341098,True,ok
v32_shared_bound_table,coupon_bar,1913,14,0.005,0.3186199686356508,533,8,0.012057290994562209,0.015,optimal,3582,3995,14,0.3186199686356508,0.3186199686356508,0.31862,True,ok
v32_shared_bound_table,compas_binned,6907,12,0.1,0.5610829593166353,2494,2,1.895800232887268e-05,0.008,optimal,3,1,12,0.5610829593166353,0.5610829593166353,0.561083,True,ok
v32_shared_bound_table,compas_binned,6907,12,0.05,0.46108295931663534,2494,2,2.5165965780615807e-05,0.008,optimal,3,1,12,0.46108295931663523,0.46108295931663523,0.461083,True,ok
v32_shared_bound_table,compas_binned,6907,12,0.02,0.4010829593166353,2494,2,4.666694439947605e-05,0.008,optimal,21,11,12,0.4010829593166353,0.4010829593166353,0.401083,True,ok
v32_shared_bound_table,compas_binned,6907,12,0.01,0.37486752569856663,2382,3,0.00022429099772125483,0.008,optimal,111,61,12,0.3748675256985667,0.3748675256985667,0.374868,True,ok
v32_shared_bound_table,compas_binned,6907,12,0.005,0.355968582597365,2286,5,0.0007020829943940043,0.008,optimal,296,199,12,0.35596858259736497,0.35596858259736497,0.355969,True,ok
v32_shared_bound_table,fico_binary,10459,17,0.1,0.5040443637058992,3180,2,3.058300353586674e-05,0.017,optimal,3,1,17,0.5040443637058992,0.5040443637058992,0.504044,True,ok
v32_shared_bound_table,fico_binary,10459,17,0.05,0.40404436370589925,3180,2,6.708304863423109e-05,0.016,optimal,23,12,17,0.40404436370589925,0.40404436370589925,0.404044,True,ok
v32_shared_bound_table,fico_binary,10459,17,0.02,0.3440443637058992,3180,2,0.0007570419693365693,0.016,optimal,277,164,17,0.3440443637058992,0.3440443637058992,0.344044,True,ok
v32_shared_bound_table,fico_binary,10459,17,0.01,0.32404436370589923,3180,2,0.0293874170165509,0.045,optimal,2851,5401,17,0.32404436370589923,0.32404436370589923,0.324044,True,ok
v32_shared_bound_table,fico_binary,10459,17,0.005,0.308650922650349,3019,4,0.27010962506756186,0.286,optimal,14360,101233,17,0.308650922650349,0.308650922650349,0.308651,True,ok
v32_shared_bound_table,compas_processed,12381,22,0.1,0.411364187060819,3855,1,0.0002514999359846115,0.273,optimal,23,12,621,0.411364187060819,0.411364187060819,0.411364,True,ok
v32_shared_bound_table,compas_processed,12381,22,0.05,0.36136418706081896,3855,1,0.09796695795375854,0.363,optimal,3036,12222,621,0.36136418706081896,0.36136418706081896,0.361364,True,ok
v32_shared_bound_table,compas_processed,12381,22,0.02,0.32786043130603343,3564,2,27.797370166052133,28.069,memory,3146,2706778,621,0.10857281318148776,0.32786043130603343,0.32786,False,ok
v32_shared_bound_table,compas_processed,12381,22,0.01,0.30786043130603347,3564,2,4.964036958059296,5.241,memory,2882,287737,621,0.08857281318148777,0.30786043130603347,0.30786,False,ok
v32_shared_bound_table,compas_processed,12381,22,0.005,0.29786043130603346,3564,2,30.0,30.454,time,2759,1681765,621,0.07857281318148776,0.29786043130603346,0.29786,False,ok
v33_fast_handoff,chudi,77,2,0.1,0.464935064935065,5,4,0.00013870908878743649,15.491,optimal,19,9,46,0.464935064935065,0.464935064935065,0.464935,True,ok
v33_fast_handoff,chudi,77,2,0.05,0.25,0,5,0.00029608397744596004,0.001,optimal,53,23,46,0.25,0.25,0.25,True,ok
v33_fast_handoff,chudi,77,2,0.02,0.1,0,5,0.0003279589582234621,0.001,optimal,59,25,46,0.1,0.1,0.1,True,ok
v33_fast_handoff,chudi,77,2,0.01,0.05,0,5,0.00035445799585431814,0.001,optimal,65,28,46,0.05,0.05,0.05,True,ok
v33_fast_handoff,chudi,77,2,0.005,0.025,0,5,0.0003534170100465417,0.001,optimal,65,28,46,0.025,0.025,0.025,True,ok
v33_fast_handoff,monk_3,122,11,0.1,0.5213114754098361,27,3,5.312508437782526e-05,0.001,optimal,3,1,11,0.521311475409836,0.521311475409836,0.521311,True,ok
v33_fast_handoff,monk_3,122,11,0.05,0.3713114754098361,27,3,6.17089681327343e-05,0.001,optimal,27,15,11,0.37131147540983606,0.37131147540983606,0.371311,True,ok
v33_fast_handoff,monk_3,122,11,0.02,0.24295081967213114,15,6,0.00034383300226181746,0.001,optimal,91,57,11,0.24295081967213114,0.24295081967213114,0.242951,True,ok
v33_fast_handoff,monk_3,122,11,0.01,0.15557377049180326,8,9,0.0009922090684995055,0.002,optimal,319,206,11,0.15557377049180326,0.15557377049180326,0.155574,True,ok
v33_fast_handoff,monk_3,122,11,0.005,0.09459016393442624,3,14,0.0023300000466406345,0.003,optimal,930,630,11,0.09459016393442624,0.09459016393442624,0.09459,True,ok
v33_fast_handoff,monk_1,124,11,0.1,0.4661290322580645,33,2,2.945796586573124e-05,0.001,optimal,1,1,11,0.46612903225806446,0.46612903225806446,0.466129,True,ok
v33_fast_handoff,monk_1,124,11,0.05,0.33870967741935487,11,5,5.6832912378013134e-05,0.001,optimal,40,21,11,0.3387096774193548,0.3387096774193548,0.33871,True,ok
v33_fast_handoff,monk_1,124,11,0.02,0.16,0,8,0.0001901669893413782,0.001,optimal,68,25,11,0.16,0.16,0.16,True,ok
v33_fast_handoff,monk_1,124,11,0.01,0.08,0,8,0.00014600006397813559,0.001,optimal,68,28,11,0.08,0.08,0.08,True,ok
v33_fast_handoff,monk_1,124,11,0.005,0.04,0,8,0.00012708303984254599,0.001,optimal,81,36,11,0.04,0.04,0.04,True,ok
v33_fast_handoff,iris,150,4,0.1,0.34,6,3,9.91669949144125e-05,0.001,optimal,5,1,118,0.34,0.34,0.34,True,ok
v33_fast_handoff,iris,150,4,0.05,0.19000000000000003,6,3,0.00012354098726063967,0.001,optimal,9,1,118,0.19,0.19,0.19,True,ok
v33_fast_handoff,iris,150,4,0.02,0.1,6,3,0.00436045799870044,0.005,optimal,122,72,118,0.1,0.1,0.1,True,ok
v33_fast_handoff,iris,150,4,0.01,0.06,3,4,0.02156229200772941,0.023,optimal,499,343,118,0.060000000000000005,0.060000000000000005,0.06,True,ok
v33_fast_handoff,iris,150,4,0.005,0.03833333333333334,2,5,0.09829862508922815,0.1,optimal,739,7700,118,0.03833333333333333,0.03833333333333333,0.038333,True,ok
v33_fast_handoff,monk_2,169,11,0.1,0.47869822485207103,64,1,4.491698928177357e-05,0.001,optimal,1,1,11,0.47869822485207103,0.47869822485207103,0.478698,True,ok
v33_fast_handoff,monk_2,169,11,0.05,0.428698224852071,64,1,7.43749551475048e-05,0.001,optimal,23,13,11,0.428698224852071,0.428698224852071,0.428698,True,ok
v33_fast_handoff,monk_2,169,11,0.02,0.35893491124260357,37,7,0.0013800420565530658,0.002,optimal,324,269,11,0.35893491124260357,0.35893491124260357,0.358935,True,ok
v33_fast_handoff,monk_2,169,11,0.01,0.2650887573964497,11,20,0.004065625020302832,0.005,optimal,1260,998,11,0.2650887573964497,0.2650887573964497,0.265089,True,ok
v33_fast_handoff,monk_2,169,11,0.005,0.15275147928994084,3,27,0.005747082992456853,0.007,optimal,2193,1535,11,0.15275147928994082,0.15275147928994082,0.152751,True,ok
v33_fast_handoff,tic-tac-toe,958,9,0.1,0.4465553235908142,332,1,3.5375007428228855e-05,0.011,optimal,1,1,27,0.4465553235908142,0.4465553235908142,0.446555,True,ok
v33_fast_handoff,tic-tac-toe,958,9,0.05,0.3965553235908142,332,1,0.00042933307122439146,0.011,optimal,55,37,27,0.39655532359081413,0.39655532359081413,0.396555,True,ok
v33_fast_handoff,tic-tac-toe,958,9,0.02,0.3183298538622129,190,6,0.013516125036403537,0.024,optimal,1161,3842,27,0.3183298538622129,0.3183298538622129,0.31833,True,ok
v33_fast_handoff,tic-tac-toe,958,9,0.01,0.2507515657620042,154,9,0.07246104208752513,0.083,optimal,1249,43402,27,0.2507515657620042,0.2507515657620042,0.250752,True,ok
v33_fast_handoff,tic-tac-toe,958,9,0.005,0.15427974947807935,52,20,0.18251937499735504,0.193,optimal,1948,122097,27,0.15427974947807932,0.15427974947807932,0.15428,True,ok
v33_fast_handoff,gaussian_1k,1000,1,0.1,0.397,297,1,0.00035683298483490944,0.035,optimal,1,1,999,0.397,0.397,0.397,True,ok
v33_fast_handoff,gaussian_1k,1000,1,0.05,0.275,125,3,0.0004284579772502184,0.034,optimal,5,1,999,0.275,0.275,0.275,True,ok
v33_fast_handoff,gaussian_1k,1000,1,0.02,0.185,125,3,0.0005211670650169253,0.036,optimal,5,1,999,0.18499999999999997,0.18499999999999997,0.185,True,ok
v33_fast_handoff,gaussian_1k,1000,1,0.01,0.155,125,3,0.0005268329987302423,0.036,optimal,5,1,999,0.155,0.155,0.155,True,ok
v33_fast_handoff,gaussian_1k,1000,1,0.005,0.14,125,3,0.0005357919726520777,0.035,optimal,5,1,999,0.14,0.14,0.14,True,ok
v33_fast_handoff,fico_1k,1000,23,0.1,0.491,291,2,0.030902083963155746,0.051,optimal,801,2634,1357,0.49100000000000005,0.49100000000000005,0.491,True,ok
v33_fast_handoff,fico_1k,1000,23,0.05,0.391,291,2,30.0,30.255,time,668,3943229,1357,0.125,0.391,0.391,False,ok
v33_fast_handoff,fico_1k,1000,23,0.02,0.33099999999999996,291,2,30.0,30.389,time,754,1695659,1357,0.065,0.33099999999999996,0.331,False,ok
v33_fast_handoff,fico_1k,1000,23,0.01,0.304,264,4,30.0,30.216,time,706,1773185,1357,0.045,0.304,0.304,False,ok
v33_fast_handoff,fico_1k,1000,23,0.005,0.28400000000000003,264,4,30.0,30.298,time,677,1487236,1357,0.035,0.28400000000000003,0.284,False,ok
v33_fast_handoff,sine_1k,1000,1,0.1,0.595,495,1,0.0005813339957967401,0.039,optimal,1,1,999,0.595,0.595,0.595,True,ok
v33_fast_handoff,sine_1k,1000,1,0.05,0.545,495,1,0.0004914170131087303,0.038,optimal,1,1,999,0.545,0.545,0.545,False,ok
v33_fast_handoff,sine_1k,1000,1,0.02,0.494,454,2,0.0005445410497486591,0.036,optimal,3,1,999,0.494,0.494,0.494,False,ok
v33_fast_handoff,sine_1k,1000,1,0.01,0.42900000000000005,169,26,0.0005600419826805592,0.036,optimal,51,1,999,0.42900000000000016,0.42900000000000016,0.443,False,better_than_known
v33_fast_handoff,sine_1k,1000,1,0.005,0.269,109,32,0.0005945418961346149,0.036,optimal,63,1,999,0.26900000000000013,0.26900000000000013,0.4,False,better_than_known
v33_fast_handoff,car_evaluation,1728,15,0.1,0.3997685185185186,518,1,2.1459069103002548e-05,0.003,optimal,1,1,15,0.39976851851851847,0.39976851851851847,0.399769,True,ok
v33_fast_handoff,car_evaluation,1728,15,0.05,0.29467592592592595,250,3,0.00014483300037682056,0.003,optimal,15,8,15,0.29467592592592595,0.29467592592592595,0.294676,True,ok
v33_fast_handoff,car_evaluation,1728,15,0.02,0.20467592592592593,250,3,0.002308333059772849,0.005,optimal,147,97,15,0.20467592592592593,0.20467592592592593,0.204676,True,ok
v33_fast_handoff,car_evaluation,1728,15,0.01,0.1452314814814815,130,7,0.009870499954558909,0.013,optimal,621,981,15,0.1452314814814815,0.1452314814814815,0.145231,True,ok
v33_fast_handoff,car_evaluation,1728,15,0.005,0.1063425925925926,106,9,0.020316083100624382,0.023,optimal,1084,8293,15,0.1063425925925926,0.1063425925925926,0.106343,True,ok
v33_fast_handoff,coupon_bar,1913,14,0.1,0.5119184526921067,788,1,1.5042023733258247e-05,0.003,optimal,1,1,14,0.5119184526921067,0.5119184526921067,0.511918,True,ok
v33_fast_handoff,coupon_bar,1913,14,0.05,0.4538944066910612,677,2,7.462501525878906e-05,0.003,optimal,27,14,14,0.4538944066910611,0.4538944066910611,0.453894,True,ok
v33_fast_handoff,coupon_bar,1913,14,0.02,0.37155253528489285,596,3,0.0008439170196652412,0.004,optimal,184,120,14,0.3715525352848928,0.3715525352848928,0.371553,True,ok
v33_fast_handoff,coupon_bar,1913,14,0.01,0.3410977522216414,576,4,0.002620332990773022,0.005,optimal,951,786,14,0.3410977522216414,0.3410977522216414,0.341098,True,ok
v33_fast_handoff,coupon_bar,1913,14,0.005,0.3186199686356508,533,8,0.009606707957573235,0.013,optimal,2043,5116,14,0.3186199686356508,0.3186199686356508,0.31862,True,ok
v33_fast_handoff,compas_binned,6907,12,0.1,0.5610829593166353,2494,2,1.7417012713849545e-05,0.008,optimal,3,1,12,0.5610829593166353,0.5610829593166353,0.561083,True,ok
v33_fast_handoff,compas_binned,6907,12,0.05,0.46108295931663534,2494,2,2.3667002096772194e-05,0.008,optimal,3,1,12,0.46108295931663523,0.46108295931663523,0.461083,True,ok
v33_fast_handoff,compas_binned,6907,12,0.02,0.4010829593166353,2494,2,4.449998959898949e-05,0.008,optimal,21,11,12,0.4010829593166353,0.4010829593166353,0.401083,True,ok
v33_fast_handoff,compas_binned,6907,12,0.01,0.37486752569856663,2382,3,0.00022479204926639795,0.008,optimal,111,61,12,0.3748675256985667,0.3748675256985667,0.374868,True,ok
v33_fast_handoff,compas_binned,6907,12,0.005,0.355968582597365,2286,5,0.0006870829965919256,0.008,optimal,296,199,12,0.35596858259736497,0.35596858259736497,0.355969,True,ok
v33_fast_handoff,fico_binary,10459,17,0.1,0.5040443637058992,3180,2,0.00021966698113828897,0.016,optimal,3,1,17,0.5040443637058992,0.5040443637058992,0.504044,True,ok
v33_fast_handoff,fico_binary,10459,17,0.05,0.40404436370589925,3180,2,7.541605737060308e-05,0.016,optimal,23,12,17,0.40404436370589925,0.40404436370589925,0.404044,True,ok
v33_fast_handoff,fico_binary,10459,17,0.02,0.3440443637058992,3180,2,0.0007745829643681645,0.016,optimal,277,164,17,0.3440443637058992,0.3440443637058992,0.344044,True,ok
v33_fast_handoff,fico_binary,10459,17,0.01,0.32404436370589923,3180,2,0.025978833087719977,0.043,optimal,1528,6351,17,0.32404436370589923,0.32404436370589923,0.324044,True,ok
v33_fast_handoff,fico_binary,10459,17,0.005,0.308650922650349,3019,4,0.22500570805277675,0.24,optimal,1760,106704,17,0.308650922650349,0.308650922650349,0.308651,True,ok
v33_fast_handoff,compas_processed,12381,22,0.1,0.411364187060819,3855,1,0.0002502499846741557,0.272,optimal,23,12,621,0.411364187060819,0.411364187060819,0.411364,True,ok
v33_fast_handoff,compas_processed,12381,22,0.05,0.36136418706081896,3855,1,0.07289316598325968,0.331,optimal,890,12182,621,0.36136418706081896,0.36136418706081896,0.361364,True,ok
v33_fast_handoff,compas_processed,12381,22,0.02,0.32786043130603343,3564,2,30.0,30.721,time,843,2847015,621,0.10857281318148776,0.32786043130603343,0.32786,False,ok
v33_fast_handoff,compas_processed,12381,22,0.01,0.30786043130603347,3564,2,30.0,30.461,time,787,2128271,621,0.08857281318148777,0.30786043130603347,0.30786,False,ok
v33_fast_handoff,compas_processed,12381,22,0.005,0.29786043130603346,3564,2,30.0,30.497,time,770,1640350,621,0.07857281318148776,0.29786043130603346,0.29786,False,ok
v34_shared_solutions_live_incumbent,chudi,77,2,0.1,0.464935064935065,5,4,0.00013137503992766142,15.811,optimal,19,9,46,0.464935064935065,0.464935064935065,0.464935,True,ok
v34_shared_solutions_live_incumbent,chudi,77,2,0.05,0.25,0,5,0.00028008397202938795,0.001,optimal,53,23,46,0.25,0.25,0.25,True,ok
v34_shared_solutions_live_incumbent,chudi,77,2,0.02,0.1,0,5,0.00031995796598494053,0.001,optimal,59,25,46,0.1,0.1,0.1,True,ok
v34_shared_solutions_live_incumbent,chudi,77,2,0.01,0.05,0,5,0.00035904208198189735,0.001,optimal,65,28,46,0.05,0.05,0.05,True,ok
v34_shared_solutions_live_incumbent,chudi,77,2,0.005,0.025,0,5,0.0003471249947324395,0.001,optimal,65,28,46,0.025,0.025,0.025,True,ok
v34_shared_solutions_live_incumbent,monk_3,122,11,0.1,0.5213114754098361,27,3,5.270796827971935e-05,0.001,optimal,3,1,11,0.521311475409836,0.521311475409836,0.521311,True,ok
v34_shared_solutions_live_incumbent,monk_3,122,11,0.05,0.3713114754098361,27,3,6.3000014051795e-05,0.001,optimal,27,15,11,0.37131147540983606,0.37131147540983606,0.371311,True,ok
v34_shared_solutions_live_incumbent,monk_3,122,11,0.02,0.24295081967213114,15,6,0.00034683302510529757,0.001,optimal,91,57,11,0.24295081967213114,0.24295081967213114,0.242951,True,ok
v34_shared_solutions_live_incumbent,monk_3,122,11,0.01,0.15557377049180326,8,9,0.0009854160016402602,0.002,optimal,319,206,11,0.15557377049180326,0.15557377049180326,0.155574,True,ok
v34_shared_solutions_live_incumbent,monk_3,122,11,0.005,0.09459016393442624,3,14,0.002261957968585193,0.003,optimal,930,630,11,0.09459016393442624,0.09459016393442624,0.09459,True,ok
v34_shared_solutions_live_incumbent,monk_1,124,11,0.1,0.4661290322580645,33,2,2.816703636199236e-05,0.001,optimal,1,1,11,0.46612903225806446,0.46612903225806446,0.466129,True,ok
v34_shared_solutions_live_incumbent,monk_1,124,11,0.05,0.33870967741935487,11,5,5.6415912695229053e-05,0.001,optimal,40,21,11,0.3387096774193548,0.3387096774193548,0.33871,True,ok
v34_shared_solutions_live_incumbent,monk_1,124,11,0.02,0.16,0,8,0.0001986249117180705,0.001,optimal,68,25,11,0.16,0.16,0.16,True,ok
v34_shared_solutions_live_incumbent,monk_1,124,11,0.01,0.08,0,8,0.00014395802281796932,0.001,optimal,68,28,11,0.08,0.08,0.08,True,ok
v34_shared_solutions_live_incumbent,monk_1,124,11,0.005,0.04,0,8,0.0001236249227076769,0.001,optimal,81,36,11,0.04,0.04,0.04,True,ok
v34_shared_solutions_live_incumbent,iris,150,4,0.1,0.34,6,3,9.32919792830944e-05,0.001,optimal,5,1,118,0.34,0.34,0.34,True,ok
v34_shared_solutions_live_incumbent,iris,150,4,0.05,0.19000000000000003,6,3,0.00012275006156414747,0.001,optimal,9,1,118,0.19,0.19,0.19,True,ok
v34_shared_solutions_live_incumbent,iris,150,4,0.02,0.1,6,3,0.004426667001098394,0.006,optimal,122,72,118,0.1,0.1,0.1,True,ok
v34_shared_solutions_live_incumbent,iris,150,4,0.01,0.06,3,4,0.02136587502900511,0.023,optimal,499,343,118,0.060000000000000005,0.060000000000000005,0.06,True,ok
v34_shared_solutions_live_incumbent,iris,150,4,0.005,0.03833333333333334,2,5,0.06950774998404086,0.071,optimal,739,5763,118,0.03833333333333333,0.03833333333333333,0.038333,True,ok
v34_shared_solutions_live_incumbent,monk_2,169,11,0.1,0.47869822485207103,64,1,4.3291947804391384e-05,0.001,optimal,1,1,11,0.47869822485207103,0.47869822485207103,0.478698,True,ok
v34_shared_solutions_live_incumbent,monk_2,169,11,0.05,0.428698224852071,64,1,7.087504491209984e-05,0.001,optimal,23,13,11,0.428698224852071,0.428698224852071,0.428698,True,ok
v34_shared_solutions_live_incumbent,monk_2,169,11,0.02,0.35893491124260357,37,7,0.00133050000295043,0.002,optimal,324,269,11,0.35893491124260357,0.35893491124260357,0.358935,True,ok
v34_shared_solutions_live_incumbent,monk_2,169,11,0.01,0.2650887573964497,11,20,0.004086500033736229,0.005,optimal,1260,998,11,0.2650887573964497,0.2650887573964497,0.265089,True,ok
v34_shared_solutions_live_incumbent,monk_2,169,11,0.005,0.15275147928994084,3,27,0.0057290829718112946,0.007,optimal,2188,1528,11,0.15275147928994082,0.15275147928994082,0.152751,True,ok
v34_shared_solutions_live_incumbent,tic-tac-toe,958,9,0.1,0.4465553235908142,332,1,3.0459021218121052e-05,0.011,optimal,1,1,27,0.4465553235908142,0.4465553235908142,0.446555,True,ok
v34_shared_solutions_live_incumbent,tic-tac-toe,958,9,0.05,0.3965553235908142,332,1,0.0004302080487832427,0.011,optimal,55,37,27,0.39655532359081413,0.39655532359081413,0.396555,True,ok
v34_shared_solutions_live_incumbent,tic-tac-toe,958,9,0.02,0.3183298538622129,190,6,0.013715540990233421,0.025,optimal,1159,3487,27,0.3183298538622129,0.3183298538622129,0.31833,True,ok
v34_shared_solutions_live_incumbent,tic-tac-toe,958,9,0.01,0.2507515657620042,154,9,0.0733584159752354,0.084,optimal,1251,41313,27,0.2507515657620042,0.2507515657620042,0.250752,True,ok
v34_shared_solutions_live_incumbent,tic-tac-toe,958,9,0.005,0.15427974947807935,52,20,0.17261629097629339,0.184,optimal,1964,114911,27,0.15427974947807932,0.15427974947807932,0.15428,True,ok
v34_shared_solutions_live_incumbent,gaussian_1k,1000,1,0.1,0.397,297,1,0.0003623340744525194,0.036,optimal,1,1,999,0.397,0.397,0.397,True,ok
v34_shared_solutions_live_incumbent,gaussian_1k,1000,1,0.05,0.275,125,3,0.0004533330211415887,0.035,optimal,5,1,999,0.275,0.275,0.275,True,ok
v34_shared_solutions_live_incumbent,gaussian_1k,1000,1,0.02,0.185,125,3,0.0004959580255672336,0.035,optimal,5,1,999,0.18499999999999997,0.18499999999999997,0.185,True,ok
v34_shared_solutions_live_incumbent,gaussian_1k,1000,1,0.01,0.155,125,3,0.0005127500044181943,0.035,optimal,5,1,999,0.155,0.155,0.155,True,ok
v34_shared_solutions_live_incumbent,gaussian_1k,1000,1,0.005,0.14,125,3,0.0005225830245763063,0.035,optimal,5,1,999,0.14,0.14,0.14,True,ok
v34_shared_solutions_live_incumbent,fico_1k,1000,23,0.1,0.491,291,2,0.03172687499318272,0.051,optimal,801,2635,1357,0.49100000000000005,0.49100000000000005,0.491,True,ok
v34_shared_solutions_live_incumbent,fico_1k,1000,23,0.05,0.391,291,2,30.0,30.106,time,668,3691958,1357,0.125,0.391,0.391,False,ok
v34_shared_solutions_live_incumbent,fico_1k,1000,23,0.02,0.33099999999999996,291,2,30.0,30.243,time,754,1557876,1357,0.065,0.33099999999999996,0.331,False,ok
v34_shared_solutions_live_incumbent,fico_1k,1000,23,0.01,0.304,264,4,30.0,30.185,time,706,1443714,1357,0.045,0.304,0.304,False,ok
v34_shared_solutions_live_incumbent,fico_1k,1000,23,0.005,0.28400000000000003,264,4,30.0,30.351,time,677,1085956,1357,0.035,0.28400000000000003,0.284,False,ok
v34_shared_solutions_live_incumbent,sine_1k,1000,1,0.1,0.595,495,1,0.00047979201190173626,0.044,optimal,1,1,999,0.595,0.595,0.595,True,ok
v34_shared_solutions_live_incumbent,sine_1k,1000,1,0.05,0.545,495,1,0.0004971250891685486,0.04,optimal,1,1,999,0.545,0.545,0.545,False,ok
v34_shared_solutions_live_incumbent,sine_1k,1000,1,0.02,0.494,454,2,0.0005457919323816895,0.038,optimal,3,1,999,0.494,0.494,0.494,False,ok
v34_shared_solutions_live_incumbent,sine_1k,1000,1,0.01,0.42900000000000005,169,26,0.000561791006475687,0.037,optimal,51,1,999,0.42900000000000016,0.42900000000000016,0.443,False,better_than_known
v34_shared_solutions_live_incumbent,sine_1k,1000,1,0.005,0.269,109,32,0.000573375029489398,0.036,optimal,63,1,999,0.26900000000000013,0.26900000000000013,0.4,False,better_than_known
v34_shared_solutions_live_incumbent,car_evaluation,1728,15,0.1,0.3997685185185186,518,1,2.4540931917726994e-05,0.003,optimal,1,1,15,0.39976851851851847,0.39976851851851847,0.399769,True,ok
v34_shared_solutions_live_incumbent,car_evaluation,1728,15,0.05,0.29467592592592595,250,3,0.00014291598927229643,0.003,optimal,15,8,15,0.29467592592592595,0.29467592592592595,0.294676,True,ok
v34_shared_solutions_live_incumbent,car_evaluation,1728,15,0.02,0.20467592592592593,250,3,0.002304959110915661,0.005,optimal,147,97,15,0.20467592592592593,0.20467592592592593,0.204676,True,ok
v34_shared_solutions_live_incumbent,car_evaluation,1728,15,0.01,0.1452314814814815,130,7,0.008860999951139092,0.012,optimal,621,957,15,0.1452314814814815,0.1452314814814815,0.145231,True,ok
v34_shared_solutions_live_incumbent,car_evaluation,1728,15,0.005,0.1063425925925926,106,9,0.021427207975648344,0.024,optimal,1090,6220,15,0.1063425925925926,0.1063425925925926,0.106343,True,ok
v34_shared_solutions_live_incumbent,coupon_bar,1913,14,0.1,0.5119184526921067,788,1,1.4332938008010387e-05,0.003,optimal,1,1,14,0.5119184526921067,0.5119184526921067,0.511918,True,ok
v34_shared_solutions_live_incumbent,coupon_bar,1913,14,0.05,0.4538944066910612,677,2,7.466599345207214e-05,0.003,optimal,27,14,14,0.4538944066910611,0.4538944066910611,0.453894,True,ok
v34_shared_solutions_live_incumbent,coupon_bar,1913,14,0.02,0.37155253528489285,596,3,0.0008371250005438924,0.004,optimal,184,120,14,0.3715525352848928,0.3715525352848928,0.371553,True,ok
v34_shared_solutions_live_incumbent,coupon_bar,1913,14,0.01,0.3410977522216414,576,4,0.0026018338976427913,0.005,optimal,951,786,14,0.3410977522216414,0.3410977522216414,0.341098,True,ok
v34_shared_solutions_live_incumbent,coupon_bar,1913,14,0.005,0.3186199686356508,533,8,0.010767666972242296,0.014,optimal,2054,5206,14,0.3186199686356508,0.3186199686356508,0.31862,True,ok
v34_shared_solutions_live_incumbent,compas_binned,6907,12,0.1,0.5610829593166353,2494,2,1.9458006136119366e-05,0.007,optimal,3,1,12,0.5610829593166353,0.5610829593166353,0.561083,True,ok
v34_shared_solutions_live_incumbent,compas_binned,6907,12,0.05,0.46108295931663534,2494,2,2.1708081476390362e-05,0.007,optimal,3,1,12,0.46108295931663523,0.46108295931663523,0.461083,True,ok
v34_shared_solutions_live_incumbent,compas_binned,6907,12,0.02,0.4010829593166353,2494,2,4.516600165516138e-05,0.007,optimal,21,11,12,0.4010829593166353,0.4010829593166353,0.401083,True,ok
v34_shared_solutions_live_incumbent,compas_binned,6907,12,0.01,0.37486752569856663,2382,3,0.0002280420158058405,0.007,optimal,111,61,12,0.3748675256985667,0.3748675256985667,0.374868,True,ok
v34_shared_solutions_live_incumbent,compas_binned,6907,12,0.005,0.355968582597365,2286,5,0.0006790419574826956,0.008,optimal,296,199,12,0.35596858259736497,0.35596858259736497,0.355969,True,ok
v34_shared_solutions_live_incumbent,fico_binary,10459,17,0.1,0.5040443637058992,3180,2,0.0002157080452889204,0.015,optimal,3,1,17,0.5040443637058992,0.5040443637058992,0.504044,True,ok
v34_shared_solutions_live_incumbent,fico_binary,10459,17,0.05,0.40404436370589925,3180,2,7.391697727143764e-05,0.015,optimal,23,12,17,0.40404436370589925,0.40404436370589925,0.404044,True,ok
v34_shared_solutions_live_incumbent,fico_binary,10459,17,0.02,0.3440443637058992,3180,2,0.0007848750101402402,0.016,optimal,277,164,17,0.3440443637058992,0.3440443637058992,0.344044,True,ok
v34_shared_solutions_live_incumbent,fico_binary,10459,17,0.01,0.32404436370589923,3180,2,0.025331582990475,0.04,optimal,1586,6327,17,0.32404436370589923,0.32404436370589923,0.324044,True,ok
v34_shared_solutions_live_incumbent,fico_binary,10459,17,0.005,0.308650922650349,3019,4,0.21825762500520796,0.233,optimal,1747,96204,17,0.308650922650349,0.308650922650349,0.308651,True,ok
v34_shared_solutions_live_incumbent,compas_processed,12381,22,0.1,0.411364187060819,3855,1,0.0002472079358994961,0.267,optimal,23,12,621,0.411364187060819,0.411364187060819,0.411364,True,ok
v34_shared_solutions_live_incumbent,compas_processed,12381,22,0.05,0.36136418706081896,3855,1,0.07388941594399512,0.332,optimal,890,12189,621,0.36136418706081896,0.36136418706081896,0.361364,True,ok
v34_shared_solutions_live_incumbent,compas_processed,12381,22,0.02,0.32786043130603343,3564,2,30.0,30.542,time,843,2043956,621,0.10857281318148776,0.32786043130603343,0.32786,False,ok
v34_shared_solutions_live_incumbent,compas_processed,12381,22,0.01,0.30786043130603347,3564,2,30.0,30.495,time,787,1481469,621,0.08857281318148777,0.30786043130603347,0.30786,False,ok
v34_shared_solutions_live_incumbent,compas_processed,12381,22,0.005,0.29786043130603346,3564,2,30.0,30.488,time,770,1192228,621,0.07857281318148776,0.29786043130603346,0.29786,False,ok
v35_pooled_table,chudi,77,2,0.1,0.464935064935065,5,4,0.00013404199853539467,15.816,optimal,19,9,46,0.464935064935065,0.464935064935065,0.464935,True,ok
v35_pooled_table,chudi,77,2,0.05,0.25,0,5,0.0002912089694291353,0.001,optimal,53,23,46,0.25,0.25,0.25,True,ok
v35_pooled_table,chudi,77,2,0.02,0.1,0,5,0.00033416703809052706,0.001,optimal,59,25,46,0.1,0.1,0.1,True,ok
v35_pooled_table,chudi,77,2,0.01,0.05,0,5,0.00035324995405972004,0.001,optimal,65,28,46,0.05,0.05,0.05,True,ok
v35_pooled_table,chudi,77,2,0.005,0.025,0,5,0.0003451249795034528,0.001,optimal,65,28,46,0.025,0.025,0.025,True,ok
v35_pooled_table,monk_3,122,11,0.1,0.5213114754098361,27,3,5.0083035603165627e-05,0.001,optimal,3,1,11,0.521311475409836,0.521311475409836,0.521311,True,ok
v35_pooled_table,monk_3,122,11,0.05,0.3713114754098361,27,3,6.0832942835986614e-05,0.001,optimal,27,15,11,0.37131147540983606,0.37131147540983606,0.371311,True,ok
v35_pooled_table,monk_3,122,11,0.02,0.24295081967213114,15,6,0.0003439580323174596,0.001,optimal,91,57,11,0.24295081967213114,0.24295081967213114,0.242951,True,ok
v35_pooled_table,monk_3,122,11,0.01,0.15557377049180326,8,9,0.0009689579019322991,0.002,optimal,319,206,11,0.15557377049180326,0.15557377049180326,0.155574,True,ok
v35_pooled_table,monk_3,122,11,0.005,0.09459016393442624,3,14,0.0023399590281769633,0.003,optimal,930,630,11,0.09459016393442624,0.09459016393442624,0.09459,True,ok
v35_pooled_table,monk_1,124,11,0.1,0.4661290322580645,33,2,3.241607919335365e-05,0.001,optimal,1,1,11,0.46612903225806446,0.46612903225806446,0.466129,True,ok
v35_pooled_table,monk_1,124,11,0.05,0.33870967741935487,11,5,5.916692316532135e-05,0.001,optimal,40,21,11,0.3387096774193548,0.3387096774193548,0.33871,True,ok
v35_pooled_table,monk_1,124,11,0.02,0.16,0,8,0.00019104196690022945,0.001,optimal,68,25,11,0.16,0.16,0.16,True,ok
v35_pooled_table,monk_1,124,11,0.01,0.08,0,8,0.00014695804566144943,0.001,optimal,68,28,11,0.08,0.08,0.08,True,ok
v35_pooled_table,monk_1,124,11,0.005,0.04,0,8,0.0001254579983651638,0.001,optimal,81,36,11,0.04,0.04,0.04,True,ok
v35_pooled_table,iris,150,4,0.1,0.34,6,3,9.674998000264168e-05,0.001,optimal,5,1,118,0.34,0.34,0.34,True,ok
v35_pooled_table,iris,150,4,0.05,0.19000000000000003,6,3,0.00011716596782207489,0.001,optimal,9,1,118,0.19,0.19,0.19,True,ok
v35_pooled_table,iris,150,4,0.02,0.1,6,3,0.004313917015679181,0.005,optimal,122,72,118,0.1,0.1,0.1,True,ok
v35_pooled_table,iris,150,4,0.01,0.06,3,4,0.02120062499307096,0.022,optimal,499,343,118,0.060000000000000005,0.060000000000000005,0.06,True,ok
v35_pooled_table,iris,150,4,0.005,0.03833333333333334,2,5,0.07008837501052767,0.071,optimal,739,5797,118,0.03833333333333333,0.03833333333333333,0.038333,True,ok
v35_pooled_table,monk_2,169,11,0.1,0.47869822485207103,64,1,4.075001925230026e-05,0.001,optimal,1,1,11,0.47869822485207103,0.47869822485207103,0.478698,True,ok
v35_pooled_table,monk_2,169,11,0.05,0.428698224852071,64,1,7.149996235966682e-05,0.001,optimal,23,13,11,0.428698224852071,0.428698224852071,0.428698,True,ok
v35_pooled_table,monk_2,169,11,0.02,0.35893491124260357,37,7,0.0013606669381260872,0.002,optimal,324,269,11,0.35893491124260357,0.35893491124260357,0.358935,True,ok
v35_pooled_table,monk_2,169,11,0.01,0.2650887573964497,11,20,0.004898624960333109,0.006,optimal,1248,1010,11,0.2650887573964497,0.2650887573964497,0.265089,True,ok
v35_pooled_table,monk_2,169,11,0.005,0.15275147928994084,3,27,0.0057897919323295355,0.007,optimal,1525,1610,11,0.15275147928994082,0.15275147928994082,0.152751,True,ok
v35_pooled_table,tic-tac-toe,958,9,0.1,0.4465553235908142,332,1,3.5415985621511936e-05,0.011,optimal,1,1,27,0.4465553235908142,0.4465553235908142,0.446555,True,ok
v35_pooled_table,tic-tac-toe,958,9,0.05,0.3965553235908142,332,1,0.00043933396227657795,0.012,optimal,55,37,27,0.39655532359081413,0.39655532359081413,0.396555,True,ok
v35_pooled_table,tic-tac-toe,958,9,0.02,0.3183298538622129,190,6,0.011312791961245239,0.022,optimal,789,3630,27,0.3183298538622129,0.3183298538622129,0.31833,True,ok
v35_pooled_table,tic-tac-toe,958,9,0.01,0.2507515657620042,154,9,0.06595445796847343,0.077,optimal,792,41847,27,0.2507515657620042,0.2507515657620042,0.250752,True,ok
v35_pooled_table,tic-tac-toe,958,9,0.005,0.15427974947807935,52,20,0.15916570799890906,0.17,optimal,770,110477,27,0.15427974947807932,0.15427974947807932,0.15428,True,ok
v35_pooled_table,gaussian_1k,1000,1,0.1,0.397,297,1,0.00037837494164705276,0.036,optimal,1,1,999,0.397,0.397,0.397,True,ok
v35_pooled_table,gaussian_1k,1000,1,0.05,0.275,125,3,0.00043945806100964546,0.035,optimal,5,1,999,0.275,0.275,0.275,True,ok
v35_pooled_table,gaussian_1k,1000,1,0.02,0.185,125,3,0.0004975420888513327,0.035,optimal,5,1,999,0.18499999999999997,0.18499999999999997,0.185,True,ok
v35_pooled_table,gaussian_1k,1000,1,0.01,0.155,125,3,0.000534291029907763,0.035,optimal,5,1,999,0.155,0.155,0.155,True,ok
v35_pooled_table,gaussian_1k,1000,1,0.005,0.14,125,3,0.0005357919726520777,0.035,optimal,5,1,999,0.14,0.14,0.14,True,ok
v35_pooled_table,fico_1k,1000,23,0.1,0.491,291,2,0.03293491608928889,0.053,optimal,801,2639,1357,0.49100000000000005,0.49100000000000005,0.491,True,ok
v35_pooled_table,fico_1k,1000,23,0.05,0.391,291,2,30.0,30.166,time,668,3725558,1357,0.125,0.391,0.391,False,ok
v35_pooled_table,fico_1k,1000,23,0.02,0.33099999999999996,291,2,30.0,30.299,time,754,1557462,1357,0.065,0.33099999999999996,0.331,False,ok
v35_pooled_table,fico_1k,1000,23,0.01,0.304,264,4,30.0,30.187,time,706,1427611,1357,0.045,0.304,0.304,False,ok
v35_pooled_table,fico_1k,1000,23,0.005,0.28400000000000003,264,4,30.0,30.234,time,677,1036954,1357,0.035,0.28400000000000003,0.284,False,ok
v35_pooled_table,sine_1k,1000,1,0.1,0.595,495,1,0.0006174169247969985,0.059,optimal,1,1,999,0.595,0.595,0.595,True,ok
v35_pooled_table,sine_1k,1000,1,0.05,0.545,495,1,0.000649375026114285,0.054,optimal,1,1,999,0.545,0.545,0.545,False,ok
v35_pooled_table,sine_1k,1000,1,0.02,0.494,454,2,0.0006676249904558063,0.047,optimal,3,1,999,0.494,0.494,0.494,False,ok
v35_pooled_table,sine_1k,1000,1,0.01,0.42900000000000005,169,26,0.0006463330937549472,0.043,optimal,51,1,999,0.42900000000000016,0.42900000000000016,0.443,False,better_than_known
v35_pooled_table,sine_1k,1000,1,0.005,0.269,109,32,0.0006699999794363976,0.043,optimal,63,1,999,0.26900000000000013,0.26900000000000013,0.4,False,better_than_known
v35_pooled_table,car_evaluation,1728,15,0.1,0.3997685185185186,518,1,2.675002906471491e-05,0.004,optimal,1,1,15,0.39976851851851847,0.39976851851851847,0.399769,True,ok
v35_pooled_table,car_evaluation,1728,15,0.05,0.29467592592592595,250,3,0.00016258296091109514,0.003,optimal,15,8,15,0.29467592592592595,0.29467592592592595,0.294676,True,ok
v35_pooled_table,car_evaluation,1728,15,0.02,0.20467592592592593,250,3,0.002522667055018246,0.006,optimal,147,97,15,0.20467592592592593,0.20467592592592593,0.204676,True,ok
v35_pooled_table,car_evaluation,1728,15,0.01,0.1452314814814815,130,7,0.012149957939982414,0.016,optimal,621,968,15,0.1452314814814815,0.1452314814814815,0.145231,True,ok
v35_pooled_table,car_evaluation,1728,15,0.005,0.1063425925925926,106,9,0.01681716600432992,0.02,optimal,686,5958,15,0.1063425925925926,0.1063425925925926,0.106343,True,ok
v35_pooled_table,coupon_bar,1913,14,0.1,0.5119184526921067,788,1,2.1332991309463978e-05,0.004,optimal,1,1,14,0.5119184526921067,0.5119184526921067,0.511918,True,ok
v35_pooled_table,coupon_bar,1913,14,0.05,0.4538944066910612,677,2,9.412493091076612e-05,0.003,optimal,27,14,14,0.4538944066910611,0.4538944066910611,0.453894,True,ok
v35_pooled_table,coupon_bar,1913,14,0.02,0.37155253528489285,596,3,0.0009978750022128224,0.004,optimal,184,120,14,0.3715525352848928,0.3715525352848928,0.371553,True,ok
v35_pooled_table,coupon_bar,1913,14,0.01,0.3410977522216414,576,4,0.0030642079655081034,0.006,optimal,951,786,14,0.3410977522216414,0.3410977522216414,0.341098,True,ok
v35_pooled_table,coupon_bar,1913,14,0.005,0.3186199686356508,533,8,0.011458667111583054,0.015,optimal,1224,5307,14,0.3186199686356508,0.3186199686356508,0.31862,True,ok
v35_pooled_table,compas_binned,6907,12,0.1,0.5610829593166353,2494,2,2.6957946829497814e-05,0.009,optimal,3,1,12,0.5610829593166353,0.5610829593166353,0.561083,True,ok
v35_pooled_table,compas_binned,6907,12,0.05,0.46108295931663534,2494,2,2.6833033189177513e-05,0.009,optimal,3,1,12,0.46108295931663523,0.46108295931663523,0.461083,True,ok
v35_pooled_table,compas_binned,6907,12,0.02,0.4010829593166353,2494,2,6.070802919566631e-05,0.009,optimal,21,11,12,0.4010829593166353,0.4010829593166353,0.401083,True,ok
v35_pooled_table,compas_binned,6907,12,0.01,0.37486752569856663,2382,3,0.0002715829759836197,0.009,optimal,111,61,12,0.3748675256985667,0.3748675256985667,0.374868,True,ok
v35_pooled_table,compas_binned,6907,12,0.005,0.355968582597365,2286,5,0.0007653339998796582,0.009,optimal,296,199,12,0.35596858259736497,0.35596858259736497,0.355969,True,ok
v35_pooled_table,fico_binary,10459,17,0.1,0.5040443637058992,3180,2,0.00023795897141098976,0.017,optimal,3,1,17,0.5040443637058992,0.5040443637058992,0.504044,True,ok
v35_pooled_table,fico_binary,10459,17,0.05,0.40404436370589925,3180,2,7.599999662488699e-05,0.017,optimal,23,12,17,0.40404436370589925,0.40404436370589925,0.404044,True,ok
v35_pooled_table,fico_binary,10459,17,0.02,0.3440443637058992,3180,2,0.0008089169859886169,0.017,optimal,277,164,17,0.3440443637058992,0.3440443637058992,0.344044,True,ok
v35_pooled_table,fico_binary,10459,17,0.01,0.32404436370589923,3180,2,0.025277125067077577,0.041,optimal,1365,6380,17,0.32404436370589923,0.32404436370589923,0.324044,True,ok
v35_pooled_table,fico_binary,10459,17,0.005,0.308650922650349,3019,4,0.20234512502793223,0.218,optimal,1517,96660,17,0.308650922650349,0.308650922650349,0.308651,True,ok
v35_pooled_table,compas_processed,12381,22,0.1,0.411364187060819,3855,1,0.00025004101917147636,0.293,optimal,23,12,621,0.411364187060819,0.411364187060819,0.411364,True,ok
v35_pooled_table,compas_processed,12381,22,0.05,0.36136418706081896,3855,1,0.07785937504377216,0.341,optimal,890,12258,621,0.36136418706081896,0.36136418706081896,0.361364,True,ok
v35_pooled_table,compas_processed,12381,22,0.02,0.32786043130603343,3564,2,30.0,30.448,time,843,1754313,621,0.10857281318148776,0.32786043130603343,0.32786,False,ok
v35_pooled_table,compas_processed,12381,22,0.01,0.30786043130603347,3564,2,30.0,30.579,time,787,1414497,621,0.08857281318148777,0.30786043130603347,0.30786,False,ok
v35_pooled_table,compas_processed,12381,22,0.005,0.29786043130603346,3564,2,30.0,30.443,time,770,1141835,621,0.07857281318148776,0.29786043130603346,0.29786,False,ok
v36_cached_root_handoff,chudi,77,2,0.1,0.464935064935065,5,4,0.00013616704382002354,15.905,optimal,19,9,46,0.464935064935065,0.464935064935065,0.464935,True,ok
v36_cached_root_handoff,chudi,77,2,0.05,0.25,0,5,0.000280959066003561,0.001,optimal,53,23,46,0.25,0.25,0.25,True,ok
v36_cached_root_handoff,chudi,77,2,0.02,0.1,0,5,0.00032345892395824194,0.001,optimal,59,25,46,0.1,0.1,0.1,True,ok
v36_cached_root_handoff,chudi,77,2,0.01,0.05,0,5,0.0003547499654814601,0.001,optimal,65,28,46,0.05,0.05,0.05,True,ok
v36_cached_root_handoff,chudi,77,2,0.005,0.025,0,5,0.00035579095128923655,0.001,optimal,65,28,46,0.025,0.025,0.025,True,ok
v36_cached_root_handoff,monk_3,122,11,0.1,0.5213114754098361,27,3,6.333296187222004e-05,0.001,optimal,3,1,11,0.521311475409836,0.521311475409836,0.521311,True,ok
v36_cached_root_handoff,monk_3,122,11,0.05,0.3713114754098361,27,3,6.820796988904476e-05,0.001,optimal,27,15,11,0.37131147540983606,0.37131147540983606,0.371311,True,ok
v36_cached_root_handoff,monk_3,122,11,0.02,0.24295081967213114,15,6,0.00034791696816682816,0.001,optimal,91,57,11,0.24295081967213114,0.24295081967213114,0.242951,True,ok
v36_cached_root_handoff,monk_3,122,11,0.01,0.15557377049180326,8,9,0.0009782080305740237,0.002,optimal,319,206,11,0.15557377049180326,0.15557377049180326,0.155574,True,ok
v36_cached_root_handoff,monk_3,122,11,0.005,0.09459016393442624,3,14,0.00228079198859632,0.003,optimal,930,630,11,0.09459016393442624,0.09459016393442624,0.09459,True,ok
v36_cached_root_handoff,monk_1,124,11,0.1,0.4661290322580645,33,2,3.529200330376625e-05,0.001,optimal,1,1,11,0.46612903225806446,0.46612903225806446,0.466129,True,ok
v36_cached_root_handoff,monk_1,124,11,0.05,0.33870967741935487,11,5,6.633298471570015e-05,0.001,optimal,40,21,11,0.3387096774193548,0.3387096774193548,0.33871,True,ok
v36_cached_root_handoff,monk_1,124,11,0.02,0.16,0,8,0.00021462503354996443,0.001,optimal,68,25,11,0.16,0.16,0.16,True,ok
v36_cached_root_handoff,monk_1,124,11,0.01,0.08,0,8,0.0001495840260758996,0.001,optimal,68,28,11,0.08,0.08,0.08,True,ok
v36_cached_root_handoff,monk_1,124,11,0.005,0.04,0,8,0.00010204198770225048,0.001,optimal,81,36,11,0.04,0.04,0.04,True,ok
v36_cached_root_handoff,iris,150,4,0.1,0.34,6,3,9.716697968542576e-05,0.001,optimal,5,1,118,0.34,0.34,0.34,True,ok
v36_cached_root_handoff,iris,150,4,0.05,0.19000000000000003,6,3,0.00012254202738404274,0.001,optimal,9,1,118,0.19,0.19,0.19,True,ok
v36_cached_root_handoff,iris,150,4,0.02,0.1,6,3,0.004437917028553784,0.006,optimal,122,72,118,0.1,0.1,0.1,True,ok
v36_cached_root_handoff,iris,150,4,0.01,0.06,3,4,0.021750790998339653,0.023,optimal,499,343,118,0.060000000000000005,0.060000000000000005,0.06,True,ok
v36_cached_root_handoff,iris,150,4,0.005,0.03833333333333334,2,5,0.06966137501876801,0.071,optimal,739,5804,118,0.03833333333333333,0.03833333333333333,0.038333,True,ok
v36_cached_root_handoff,monk_2,169,11,0.1,0.47869822485207103,64,1,4.383409395813942e-05,0.001,optimal,1,1,11,0.47869822485207103,0.47869822485207103,0.478698,True,ok
v36_cached_root_handoff,monk_2,169,11,0.05,0.428698224852071,64,1,7.441698107868433e-05,0.001,optimal,23,13,11,0.428698224852071,0.428698224852071,0.428698,True,ok
v36_cached_root_handoff,monk_2,169,11,0.02,0.35893491124260357,37,7,0.001400750013999641,0.002,optimal,324,269,11,0.35893491124260357,0.35893491124260357,0.358935,True,ok
v36_cached_root_handoff,monk_2,169,11,0.01,0.2650887573964497,11,20,0.00503604207187891,0.006,optimal,1238,1020,11,0.2650887573964497,0.2650887573964497,0.265089,True,ok
v36_cached_root_handoff,monk_2,169,11,0.005,0.15275147928994084,3,27,0.005740625085309148,0.007,optimal,1516,1651,11,0.15275147928994082,0.15275147928994082,0.152751,True,ok
v36_cached_root_handoff,tic-tac-toe,958,9,0.1,0.4465553235908142,332,1,2.6540947146713734e-05,0.012,optimal,1,1,27,0.4465553235908142,0.4465553235908142,0.446555,True,ok
v36_cached_root_handoff,tic-tac-toe,958,9,0.05,0.3965553235908142,332,1,0.00042029202450066805,0.011,optimal,55,37,27,0.39655532359081413,0.39655532359081413,0.396555,True,ok
v36_cached_root_handoff,tic-tac-toe,958,9,0.02,0.3183298538622129,190,6,0.011357082985341549,0.022,optimal,789,3709,27,0.3183298538622129,0.3183298538622129,0.31833,True,ok
v36_cached_root_handoff,tic-tac-toe,958,9,0.01,0.2507515657620042,154,9,0.06682212499435991,0.078,optimal,792,41510,27,0.2507515657620042,0.2507515657620042,0.250752,True,ok
v36_cached_root_handoff,tic-tac-toe,958,9,0.005,0.15427974947807935,52,20,0.18583979201503098,0.197,optimal,770,111910,27,0.15427974947807932,0.15427974947807932,0.15428,True,ok
v36_cached_root_handoff,gaussian_1k,1000,1,0.1,0.397,297,1,0.00045054208021610975,0.046,optimal,1,1,999,0.397,0.397,0.397,True,ok
v36_cached_root_handoff,gaussian_1k,1000,1,0.05,0.275,125,3,0.0005416250787675381,0.043,optimal,5,1,999,0.275,0.275,0.275,True,ok
v36_cached_root_handoff,gaussian_1k,1000,1,0.02,0.185,125,3,0.0005751659628003836,0.041,optimal,5,1,999,0.18499999999999997,0.18499999999999997,0.185,True,ok
v36_cached_root_handoff,gaussian_1k,1000,1,0.01,0.155,125,3,0.0005593340611085296,0.04,optimal,5,1,999,0.155,0.155,0.155,True,ok
v36_cached_root_handoff,gaussian_1k,1000,1,0.005,0.14,125,3,0.0005462090484797955,0.039,optimal,5,1,999,0.14,0.14,0.14,True,ok
v36_cached_root_handoff,fico_1k,1000,23,0.1,0.491,291,2,0.026653749984689057,0.047,optimal,801,2639,1357,0.49100000000000005,0.49100000000000005,0.491,True,ok
v36_cached_root_handoff,fico_1k,1000,23,0.05,0.391,291,2,30.0,30.076,time,668,2749538,1357,0.125,0.391,0.391,False,ok
v36_cached_root_handoff,fico_1k,1000,23,0.02,0.33099999999999996,291,2,30.0,30.18,time,754,1194710,1357,0.065,0.33099999999999996,0.331,False,ok
v36_cached_root_handoff,fico_1k,1000,23,0.01,0.304,264,4,30.0,30.435,time,706,945747,1357,0.045,0.304,0.304,False,ok
v36_cached_root_handoff,fico_1k,1000,23,0.005,0.28400000000000003,264,4,30.0,30.557,time,677,684611,1357,0.035,0.28400000000000003,0.284,False,ok
v36_cached_root_handoff,sine_1k,1000,1,0.1,0.595,495,1,0.0007009579567238688,0.066,optimal,1,1,999,0.595,0.595,0.595,True,ok
v36_cached_root_handoff,sine_1k,1000,1,0.05,0.545,495,1,0.0007357079302892089,0.065,optimal,1,1,999,0.545,0.545,0.545,False,ok
v36_cached_root_handoff,sine_1k,1000,1,0.02,0.494,454,2,0.0008229579543694854,0.058,optimal,3,1,999,0.494,0.494,0.494,False,ok
v36_cached_root_handoff,sine_1k,1000,1,0.01,0.42900000000000005,169,26,0.0008566660108044744,0.058,optimal,51,1,999,0.42900000000000016,0.42900000000000016,0.443,False,better_than_known
v36_cached_root_handoff,sine_1k,1000,1,0.005,0.269,109,32,0.0008808749262243509,0.058,optimal,63,1,999,0.26900000000000013,0.26900000000000013,0.4,False,better_than_known
v36_cached_root_handoff,car_evaluation,1728,15,0.1,0.3997685185185186,518,1,4.2792060412466526e-05,0.005,optimal,1,1,15,0.39976851851851847,0.39976851851851847,0.399769,True,ok
v36_cached_root_handoff,car_evaluation,1728,15,0.05,0.29467592592592595,250,3,0.00022883398924022913,0.005,optimal,15,8,15,0.29467592592592595,0.29467592592592595,0.294676,True,ok
v36_cached_root_handoff,car_evaluation,1728,15,0.02,0.20467592592592593,250,3,0.0035449169808998704,0.008,optimal,147,97,15,0.20467592592592593,0.20467592592592593,0.204676,True,ok
v36_cached_root_handoff,car_evaluation,1728,15,0.01,0.1452314814814815,130,7,0.015003166976384819,0.019,optimal,621,960,15,0.1452314814814815,0.1452314814814815,0.145231,True,ok
v36_cached_root_handoff,car_evaluation,1728,15,0.005,0.1063425925925926,106,9,0.018556291004642844,0.023,optimal,686,6365,15,0.1063425925925926,0.1063425925925926,0.106343,True,ok
v36_cached_root_handoff,coupon_bar,1913,14,0.1,0.5119184526921067,788,1,2.2959080524742603e-05,0.005,optimal,1,1,14,0.5119184526921067,0.5119184526921067,0.511918,True,ok
v36_cached_root_handoff,coupon_bar,1913,14,0.05,0.4538944066910612,677,2,0.00011849997099488974,0.005,optimal,27,14,14,0.4538944066910611,0.4538944066910611,0.453894,True,ok
v36_cached_root_handoff,coupon_bar,1913,14,0.02,0.37155253528489285,596,3,0.0012802500277757645,0.006,optimal,184,120,14,0.3715525352848928,0.3715525352848928,0.371553,True,ok
v36_cached_root_handoff,coupon_bar,1913,14,0.01,0.3410977522216414,576,4,0.00397724995855242,0.008,optimal,951,786,14,0.3410977522216414,0.3410977522216414,0.341098,True,ok
v36_cached_root_handoff,coupon_bar,1913,14,0.005,0.3186199686356508,533,8,0.013352832989767194,0.017,optimal,1152,5641,14,0.3186199686356508,0.3186199686356508,0.31862,True,ok
v36_cached_root_handoff,compas_binned,6907,12,0.1,0.5610829593166353,2494,2,2.550007775425911e-05,0.01,optimal,3,1,12,0.5610829593166353,0.5610829593166353,0.561083,True,ok
v36_cached_root_handoff,compas_binned,6907,12,0.05,0.46108295931663534,2494,2,3.2542040571570396e-05,0.01,optimal,3,1,12,0.46108295931663523,0.46108295931663523,0.461083,True,ok
v36_cached_root_handoff,compas_binned,6907,12,0.02,0.4010829593166353,2494,2,6.479199510067701e-05,0.01,optimal,21,11,12,0.4010829593166353,0.4010829593166353,0.401083,True,ok
v36_cached_root_handoff,compas_binned,6907,12,0.01,0.37486752569856663,2382,3,0.00030816695652902126,0.01,optimal,111,61,12,0.3748675256985667,0.3748675256985667,0.374868,True,ok
v36_cached_root_handoff,compas_binned,6907,12,0.005,0.355968582597365,2286,5,0.0009490000084042549,0.011,optimal,296,199,12,0.35596858259736497,0.35596858259736497,0.355969,True,ok
v36_cached_root_handoff,fico_binary,10459,17,0.1,0.5040443637058992,3180,2,4.900002386420965e-05,0.021,optimal,3,1,17,0.5040443637058992,0.5040443637058992,0.504044,True,ok
v36_cached_root_handoff,fico_binary,10459,17,0.05,0.40404436370589925,3180,2,0.00010079191997647285,0.021,optimal,23,12,17,0.40404436370589925,0.40404436370589925,0.404044,True,ok
v36_cached_root_handoff,fico_binary,10459,17,0.02,0.3440443637058992,3180,2,0.0009895000839605927,0.021,optimal,277,164,17,0.3440443637058992,0.3440443637058992,0.344044,True,ok
v36_cached_root_handoff,fico_binary,10459,17,0.01,0.32404436370589923,3180,2,0.023721499950625002,0.042,optimal,823,5746,17,0.32404436370589923,0.32404436370589923,0.324044,True,ok
v36_cached_root_handoff,fico_binary,10459,17,0.005,0.308650922650349,3019,4,0.2600085000740364,0.279,optimal,920,95662,17,0.308650922650349,0.308650922650349,0.308651,True,ok
v36_cached_root_handoff,compas_processed,12381,22,0.1,0.411364187060819,3855,1,0.00035137496888637543,0.397,optimal,23,12,621,0.411364187060819,0.411364187060819,0.411364,True,ok
v36_cached_root_handoff,compas_processed,12381,22,0.05,0.36136418706081896,3855,1,0.09636312501970679,0.425,optimal,890,12219,621,0.36136418706081896,0.36136418706081896,0.361364,True,ok
v36_cached_root_handoff,compas_processed,12381,22,0.02,0.32786043130603343,3564,2,30.0,30.432,time,843,1228573,621,0.10857281318148776,0.32786043130603343,0.32786,False,ok
v36_cached_root_handoff,compas_processed,12381,22,0.01,0.30786043130603347,3564,2,13.462097499985248,13.942,memory,787,362299,621,0.08857281318148777,0.30786043130603347,0.30786,False,ok
v36_cached_root_handoff,compas_processed,12381,22,0.005,0.29786043130603346,3564,2,30.0,30.589,time,770,746370,621,0.07857281318148776,0.29786043130603346,0.29786,False,ok
v37_gated_handoff,chudi,77,2,0.1,0.464935064935065,5,4,0.00013466703239828348,15.8,optimal,19,9,46,0.464935064935065,0.464935064935065,0.464935,True,ok
v37_gated_handoff,chudi,77,2,0.05,0.25,0,5,0.0002803331008180976,0.001,optimal,53,23,46,0.25,0.25,0.25,True,ok
v37_gated_handoff,chudi,77,2,0.02,0.1,0,5,0.0003143330104649067,0.001,optimal,59,25,46,0.1,0.1,0.1,True,ok
v37_gated_handoff,chudi,77,2,0.01,0.05,0,5,0.0003499169833958149,0.001,optimal,65,28,46,0.05,0.05,0.05,True,ok
v37_gated_handoff,chudi,77,2,0.005,0.025,0,5,0.0003427499905228615,0.001,optimal,65,28,46,0.025,0.025,0.025,True,ok
v37_gated_handoff,monk_3,122,11,0.1,0.5213114754098361,27,3,4.900002386420965e-05,0.001,optimal,3,1,11,0.521311475409836,0.521311475409836,0.521311,True,ok
v37_gated_handoff,monk_3,122,11,0.05,0.3713114754098361,27,3,6.17500627413392e-05,0.001,optimal,27,15,11,0.37131147540983606,0.37131147540983606,0.371311,True,ok
v37_gated_handoff,monk_3,122,11,0.02,0.24295081967213114,15,6,0.0003772089257836342,0.001,optimal,91,57,11,0.24295081967213114,0.24295081967213114,0.242951,True,ok
v37_gated_handoff,monk_3,122,11,0.01,0.15557377049180326,8,9,0.0009869160130620003,0.002,optimal,319,206,11,0.15557377049180326,0.15557377049180326,0.155574,True,ok
v37_gated_handoff,monk_3,122,11,0.005,0.09459016393442624,3,14,0.0022207919973880053,0.003,optimal,930,630,11,0.09459016393442624,0.09459016393442624,0.09459,True,ok
v37_gated_handoff,monk_1,124,11,0.1,0.4661290322580645,33,2,3.55839729309082e-05,0.001,optimal,1,1,11,0.46612903225806446,0.46612903225806446,0.466129,True,ok
v37_gated_handoff,monk_1,124,11,0.05,0.33870967741935487,11,5,6.187497638165951e-05,0.001,optimal,40,21,11,0.3387096774193548,0.3387096774193548,0.33871,True,ok
v37_gated_handoff,monk_1,124,11,0.02,0.16,0,8,0.00019362499006092548,0.001,optimal,68,25,11,0.16,0.16,0.16,True,ok
v37_gated_handoff,monk_1,124,11,0.01,0.08,0,8,0.0001508750719949603,0.001,optimal,68,28,11,0.08,0.08,0.08,True,ok
v37_gated_handoff,monk_1,124,11,0.005,0.04,0,8,0.00010116701014339924,0.001,optimal,81,36,11,0.04,0.04,0.04,True,ok
v37_gated_handoff,iris,150,4,0.1,0.34,6,3,9.791692718863487e-05,0.001,optimal,5,1,118,0.34,0.34,0.34,True,ok
v37_gated_handoff,iris,150,4,0.05,0.19000000000000003,6,3,0.00011920789256691933,0.001,optimal,9,1,118,0.19,0.19,0.19,True,ok
v37_gated_handoff,iris,150,4,0.02,0.1,6,3,0.004384625004604459,0.005,optimal,122,72,118,0.1,0.1,0.1,True,ok
v37_gated_handoff,iris,150,4,0.01,0.06,3,4,0.021561749977990985,0.023,optimal,499,343,118,0.060000000000000005,0.060000000000000005,0.06,True,ok
v37_gated_handoff,iris,150,4,0.005,0.03833333333333334,2,5,0.07154316699597985,0.073,optimal,739,5966,118,0.03833333333333333,0.03833333333333333,0.038333,True,ok
v37_gated_handoff,monk_2,169,11,0.1,0.47869822485207103,64,1,4.937499761581421e-05,0.001,optimal,1,1,11,0.47869822485207103,0.47869822485207103,0.478698,True,ok
v37_gated_handoff,monk_2,169,11,0.05,0.428698224852071,64,1,7.266702596098185e-05,0.001,optimal,23,13,11,0.428698224852071,0.428698224852071,0.428698,True,ok
v37_gated_handoff,monk_2,169,11,0.02,0.35893491124260357,37,7,0.001391374971717596,0.002,optimal,324,269,11,0.35893491124260357,0.35893491124260357,0.358935,True,ok
v37_gated_handoff,monk_2,169,11,0.01,0.2650887573964497,11,20,0.004196709021925926,0.005,optimal,1260,1001,11,0.2650887573964497,0.2650887573964497,0.265089,True,ok
v37_gated_handoff,monk_2,169,11,0.005,0.15275147928994084,3,27,0.005698958993889391,0.007,optimal,1552,1650,11,0.15275147928994082,0.15275147928994082,0.152751,True,ok
v37_gated_handoff,tic-tac-toe,958,9,0.1,0.4465553235908142,332,1,3.583298530429602e-05,0.011,optimal,1,1,27,0.4465553235908142,0.4465553235908142,0.446555,True,ok
v37_gated_handoff,tic-tac-toe,958,9,0.05,0.3965553235908142,332,1,0.0004348750226199627,0.011,optimal,55,37,27,0.39655532359081413,0.39655532359081413,0.396555,True,ok
v37_gated_handoff,tic-tac-toe,958,9,0.02,0.3183298538622129,190,6,0.011578124947845936,0.022,optimal,789,3604,27,0.3183298538622129,0.3183298538622129,0.31833,True,ok
v37_gated_handoff,tic-tac-toe,958,9,0.01,0.2507515657620042,154,9,0.06381912506185472,0.074,optimal,792,40950,27,0.2507515657620042,0.2507515657620042,0.250752,True,ok
v37_gated_handoff,tic-tac-toe,958,9,0.005,0.15427974947807935,52,20,0.1635926249437034,0.174,optimal,1323,110719,27,0.15427974947807932,0.15427974947807932,0.15428,True,ok
v37_gated_handoff,gaussian_1k,1000,1,0.1,0.397,297,1,0.00036562501918524504,0.035,optimal,1,1,999,0.397,0.397,0.397,True,ok
v37_gated_handoff,gaussian_1k,1000,1,0.05,0.275,125,3,0.0004405409563332796,0.035,optimal,5,1,999,0.275,0.275,0.275,True,ok
v37_gated_handoff,gaussian_1k,1000,1,0.02,0.185,125,3,0.0004957920173183084,0.034,optimal,5,1,999,0.18499999999999997,0.18499999999999997,0.185,True,ok
v37_gated_handoff,gaussian_1k,1000,1,0.01,0.155,125,3,0.0005228749942034483,0.035,optimal,5,1,999,0.155,0.155,0.155,True,ok
v37_gated_handoff,gaussian_1k,1000,1,0.005,0.14,125,3,0.0005342920776456594,0.035,optimal,5,1,999,0.14,0.14,0.14,True,ok
v37_gated_handoff,fico_1k,1000,23,0.1,0.491,291,2,0.025327541981823742,0.046,optimal,801,2638,1357,0.49100000000000005,0.49100000000000005,0.491,True,ok
v37_gated_handoff,fico_1k,1000,23,0.05,0.391,291,2,30.0,30.181,time,668,3818801,1357,0.125,0.391,0.391,False,ok
v37_gated_handoff,fico_1k,1000,23,0.02,0.33099999999999996,291,2,30.0,30.299,time,754,1619617,1357,0.065,0.33099999999999996,0.331,False,ok
v37_gated_handoff,fico_1k,1000,23,0.01,0.304,264,4,30.0,30.113,time,706,1569154,1357,0.045,0.304,0.304,False,ok
v37_gated_handoff,fico_1k,1000,23,0.005,0.28400000000000003,264,4,30.0,30.28,time,677,1184161,1357,0.035,0.28400000000000003,0.284,False,ok
v37_gated_handoff,sine_1k,1000,1,0.1,0.595,495,1,0.0004534580511972308,0.043,optimal,1,1,999,0.595,0.595,0.595,True,ok
v37_gated_handoff,sine_1k,1000,1,0.05,0.545,495,1,0.0005255419528111815,0.04,optimal,1,1,999,0.545,0.545,0.545,False,ok
v37_gated_handoff,sine_1k,1000,1,0.02,0.494,454,2,0.0005628330400213599,0.038,optimal,3,1,999,0.494,0.494,0.494,False,ok
v37_gated_handoff,sine_1k,1000,1,0.01,0.42900000000000005,169,26,0.0005579580320045352,0.037,optimal,51,1,999,0.42900000000000016,0.42900000000000016,0.443,False,better_than_known
v37_gated_handoff,sine_1k,1000,1,0.005,0.269,109,32,0.0005687079392373562,0.036,optimal,63,1,999,0.26900000000000013,0.26900000000000013,0.4,False,better_than_known
v37_gated_handoff,car_evaluation,1728,15,0.1,0.3997685185185186,518,1,2.883397974073887e-05,0.003,optimal,1,1,15,0.39976851851851847,0.39976851851851847,0.399769,True,ok
v37_gated_handoff,car_evaluation,1728,15,0.05,0.29467592592592595,250,3,0.0001409169053658843,0.003,optimal,15,8,15,0.29467592592592595,0.29467592592592595,0.294676,True,ok
v37_gated_handoff,car_evaluation,1728,15,0.02,0.20467592592592593,250,3,0.0023194580571725965,0.005,optimal,147,97,15,0.20467592592592593,0.20467592592592593,0.204676,True,ok
v37_gated_handoff,car_evaluation,1728,15,0.01,0.1452314814814815,130,7,0.01009641692508012,0.013,optimal,621,957,15,0.1452314814814815,0.1452314814814815,0.145231,True,ok
v37_gated_handoff,car_evaluation,1728,15,0.005,0.1063425925925926,106,9,0.016381624969653785,0.019,optimal,1081,6232,15,0.1063425925925926,0.1063425925925926,0.106343,True,ok
v37_gated_handoff,coupon_bar,1913,14,0.1,0.5119184526921067,788,1,2.1583051420748234e-05,0.003,optimal,1,1,14,0.5119184526921067,0.5119184526921067,0.511918,True,ok
v37_gated_handoff,coupon_bar,1913,14,0.05,0.4538944066910612,677,2,8.37499974295497e-05,0.003,optimal,27,14,14,0.4538944066910611,0.4538944066910611,0.453894,True,ok
v37_gated_handoff,coupon_bar,1913,14,0.02,0.37155253528489285,596,3,0.0008416670607402921,0.004,optimal,184,120,14,0.3715525352848928,0.3715525352848928,0.371553,True,ok
v37_gated_handoff,coupon_bar,1913,14,0.01,0.3410977522216414,576,4,0.002604417037218809,0.005,optimal,951,786,14,0.3410977522216414,0.3410977522216414,0.341098,True,ok
v37_gated_handoff,coupon_bar,1913,14,0.005,0.3186199686356508,533,8,0.010679041966795921,0.014,optimal,1335,5465,14,0.3186199686356508,0.3186199686356508,0.31862,True,ok
v37_gated_handoff,compas_binned,6907,12,0.1,0.5610829593166353,2494,2,2.2916006855666637e-05,0.007,optimal,3,1,12,0.5610829593166353,0.5610829593166353,0.561083,True,ok
v37_gated_handoff,compas_binned,6907,12,0.05,0.46108295931663534,2494,2,2.5707995519042015e-05,0.007,optimal,3,1,12,0.46108295931663523,0.46108295931663523,0.461083,True,ok
v37_gated_handoff,compas_binned,6907,12,0.02,0.4010829593166353,2494,2,5.17918961122632e-05,0.007,optimal,21,11,12,0.4010829593166353,0.4010829593166353,0.401083,True,ok
v37_gated_handoff,compas_binned,6907,12,0.01,0.37486752569856663,2382,3,0.00023866700939834118,0.007,optimal,111,61,12,0.3748675256985667,0.3748675256985667,0.374868,True,ok
v37_gated_handoff,compas_binned,6907,12,0.005,0.355968582597365,2286,5,0.0007039590273052454,0.008,optimal,296,199,12,0.35596858259736497,0.35596858259736497,0.355969,True,ok
v37_gated_handoff,fico_binary,10459,17,0.1,0.5040443637058992,3180,2,3.804103471338749e-05,0.015,optimal,3,1,17,0.5040443637058992,0.5040443637058992,0.504044,True,ok
v37_gated_handoff,fico_binary,10459,17,0.05,0.40404436370589925,3180,2,6.929098162800074e-05,0.014,optimal,23,12,17,0.40404436370589925,0.40404436370589925,0.404044,True,ok
v37_gated_handoff,fico_binary,10459,17,0.02,0.3440443637058992,3180,2,0.000751374987885356,0.015,optimal,277,164,17,0.3440443637058992,0.3440443637058992,0.344044,True,ok
v37_gated_handoff,fico_binary,10459,17,0.01,0.32404436370589923,3180,2,0.023959374986588955,0.038,optimal,1413,6419,17,0.32404436370589923,0.32404436370589923,0.324044,True,ok
v37_gated_handoff,fico_binary,10459,17,0.005,0.308650922650349,3019,4,0.19312670803628862,0.207,optimal,1558,95521,17,0.308650922650349,0.308650922650349,0.308651,True,ok
v37_gated_handoff,compas_processed,12381,22,0.1,0.411364187060819,3855,1,0.00024675007443875074,0.271,optimal,23,12,621,0.411364187060819,0.411364187060819,0.411364,True,ok
v37_gated_handoff,compas_processed,12381,22,0.05,0.36136418706081896,3855,1,0.0706908330321312,0.328,optimal,890,12217,621,0.36136418706081896,0.36136418706081896,0.361364,True,ok
v37_gated_handoff,compas_processed,12381,22,0.02,0.32786043130603343,3564,2,9.320170374936424,9.597,memory,843,669752,621,0.10857281318148776,0.32786043130603343,0.32786,False,ok
v37_gated_handoff,compas_processed,12381,22,0.01,0.30786043130603347,3564,2,26.641398582956754,26.96,memory,787,1376518,621,0.08857281318148777,0.30786043130603347,0.30786,False,ok
v37_gated_handoff,compas_processed,12381,22,0.005,0.29786043130603346,3564,2,0.6857834999682382,1.019,memory,770,41669,621,0.07857281318148776,0.29786043130603346,0.29786,False,ok
v39_own_memory_accounting,chudi,77,2,0.1,0.464935064935065,5,4,0.00013195909559726715,15.853,optimal,19,9,46,0.464935064935065,0.464935064935065,0.464935,True,ok
v39_own_memory_accounting,chudi,77,2,0.05,0.25,0,5,0.0002758329501375556,0.001,optimal,53,23,46,0.25,0.25,0.25,True,ok
v39_own_memory_accounting,chudi,77,2,0.02,0.1,0,5,0.00033950002398341894,0.001,optimal,59,25,46,0.1,0.1,0.1,True,ok
v39_own_memory_accounting,chudi,77,2,0.01,0.05,0,5,0.00037645793054252863,0.001,optimal,65,28,46,0.05,0.05,0.05,True,ok
v39_own_memory_accounting,chudi,77,2,0.005,0.025,0,5,0.0003592090215533972,0.001,optimal,65,28,46,0.025,0.025,0.025,True,ok
v39_own_memory_accounting,monk_3,122,11,0.1,0.5213114754098361,27,3,5.0208065658807755e-05,0.001,optimal,3,1,11,0.521311475409836,0.521311475409836,0.521311,True,ok
v39_own_memory_accounting,monk_3,122,11,0.05,0.3713114754098361,27,3,6.083305925130844e-05,0.001,optimal,27,15,11,0.37131147540983606,0.37131147540983606,0.371311,True,ok
v39_own_memory_accounting,monk_3,122,11,0.02,0.24295081967213114,15,6,0.00034300005063414574,0.001,optimal,91,57,11,0.24295081967213114,0.24295081967213114,0.242951,True,ok
v39_own_memory_accounting,monk_3,122,11,0.01,0.15557377049180326,8,9,0.000985541963018477,0.002,optimal,319,206,11,0.15557377049180326,0.15557377049180326,0.155574,True,ok
v39_own_memory_accounting,monk_3,122,11,0.005,0.09459016393442624,3,14,0.002395500079728663,0.003,optimal,930,630,11,0.09459016393442624,0.09459016393442624,0.09459,True,ok
v39_own_memory_accounting,monk_1,124,11,0.1,0.4661290322580645,33,2,3.1957984901964664e-05,0.001,optimal,1,1,11,0.46612903225806446,0.46612903225806446,0.466129,True,ok
v39_own_memory_accounting,monk_1,124,11,0.05,0.33870967741935487,11,5,5.8999983593821526e-05,0.001,optimal,40,21,11,0.3387096774193548,0.3387096774193548,0.33871,True,ok
v39_own_memory_accounting,monk_1,124,11,0.02,0.16,0,8,0.0001889170380309224,0.001,optimal,68,25,11,0.16,0.16,0.16,True,ok
v39_own_memory_accounting,monk_1,124,11,0.01,0.08,0,8,0.00014554103836417198,0.001,optimal,68,28,11,0.08,0.08,0.08,True,ok
v39_own_memory_accounting,monk_1,124,11,0.005,0.04,0,8,0.00010233302600681782,0.001,optimal,81,36,11,0.04,0.04,0.04,True,ok
v39_own_memory_accounting,iris,150,4,0.1,0.34,6,3,9.645894169807434e-05,0.001,optimal,5,1,118,0.34,0.34,0.34,True,ok
v39_own_memory_accounting,iris,150,4,0.05,0.19000000000000003,6,3,0.0001193339703604579,0.001,optimal,9,1,118,0.19,0.19,0.19,True,ok
v39_own_memory_accounting,iris,150,4,0.02,0.1,6,3,0.004436417017132044,0.006,optimal,122,72,118,0.1,0.1,0.1,True,ok
v39_own_memory_accounting,iris,150,4,0.01,0.06,3,4,0.0215887090889737,0.023,optimal,499,343,118,0.060000000000000005,0.060000000000000005,0.06,True,ok
v39_own_memory_accounting,iris,150,4,0.005,0.03833333333333334,2,5,0.06944454100448638,0.071,optimal,739,5799,118,0.03833333333333333,0.03833333333333333,0.038333,True,ok
v39_own_memory_accounting,monk_2,169,11,0.1,0.47869822485207103,64,1,4.0790997445583344e-05,0.001,optimal,1,1,11,0.47869822485207103,0.47869822485207103,0.478698,True,ok
v39_own_memory_accounting,monk_2,169,11,0.05,0.428698224852071,64,1,7.920898497104645e-05,0.001,optimal,23,13,11,0.428698224852071,0.428698224852071,0.428698,True,ok
v39_own_memory_accounting,monk_2,169,11,0.02,0.35893491124260357,37,7,0.001392125035636127,0.002,optimal,324,269,11,0.35893491124260357,0.35893491124260357,0.358935,True,ok
v39_own_memory_accounting,monk_2,169,11,0.01,0.2650887573964497,11,20,0.004162958008237183,0.005,optimal,1260,1001,11,0.2650887573964497,0.2650887573964497,0.265089,True,ok
v39_own_memory_accounting,monk_2,169,11,0.005,0.15275147928994084,3,27,0.0057562500005587935,0.007,optimal,1541,1637,11,0.15275147928994082,0.15275147928994082,0.152751,True,ok
v39_own_memory_accounting,tic-tac-toe,958,9,0.1,0.4465553235908142,332,1,3.300001844763756e-05,0.011,optimal,1,1,27,0.4465553235908142,0.4465553235908142,0.446555,True,ok
v39_own_memory_accounting,tic-tac-toe,958,9,0.05,0.3965553235908142,332,1,0.0004249169724062085,0.011,optimal,55,37,27,0.39655532359081413,0.39655532359081413,0.396555,True,ok
v39_own_memory_accounting,tic-tac-toe,958,9,0.02,0.3183298538622129,190,6,0.011326542007736862,0.022,optimal,789,3560,27,0.3183298538622129,0.3183298538622129,0.31833,True,ok
v39_own_memory_accounting,tic-tac-toe,958,9,0.01,0.2507515657620042,154,9,0.06667916709557176,0.078,optimal,792,41125,27,0.2507515657620042,0.2507515657620042,0.250752,True,ok
v39_own_memory_accounting,tic-tac-toe,958,9,0.005,0.15427974947807935,52,20,0.16469266696367413,0.176,optimal,770,110481,27,0.15427974947807932,0.15427974947807932,0.15428,True,ok
v39_own_memory_accounting,gaussian_1k,1000,1,0.1,0.397,297,1,0.00036987499333918095,0.036,optimal,1,1,999,0.397,0.397,0.397,True,ok
v39_own_memory_accounting,gaussian_1k,1000,1,0.05,0.275,125,3,0.0004422080237418413,0.035,optimal,5,1,999,0.275,0.275,0.275,True,ok
v39_own_memory_accounting,gaussian_1k,1000,1,0.02,0.185,125,3,0.0005101249553263187,0.035,optimal,5,1,999,0.18499999999999997,0.18499999999999997,0.185,True,ok
v39_own_memory_accounting,gaussian_1k,1000,1,0.01,0.155,125,3,0.0005214579869061708,0.035,optimal,5,1,999,0.155,0.155,0.155,True,ok
v39_own_memory_accounting,gaussian_1k,1000,1,0.005,0.14,125,3,0.0005351660074666142,0.036,optimal,5,1,999,0.14,0.14,0.14,True,ok
v39_own_memory_accounting,fico_1k,1000,23,0.1,0.491,291,2,0.024859167053364217,0.044,optimal,801,2633,1357,0.49100000000000005,0.49100000000000005,0.491,True,ok
v39_own_memory_accounting,fico_1k,1000,23,0.05,0.391,291,2,30.0,30.19,time,668,4615111,1357,0.125,0.391,0.391,False,ok
v39_own_memory_accounting,fico_1k,1000,23,0.02,0.33099999999999996,291,2,30.0,30.184,time,754,1748430,1357,0.065,0.33099999999999996,0.331,False,ok
v39_own_memory_accounting,fico_1k,1000,23,0.01,0.304,264,4,30.0,30.157,time,706,1830963,1357,0.045,0.304,0.304,False,ok
v39_own_memory_accounting,fico_1k,1000,23,0.005,0.28400000000000003,264,4,30.0,30.237,time,677,1434890,1357,0.035,0.28400000000000003,0.284,False,ok
v39_own_memory_accounting,sine_1k,1000,1,0.1,0.595,495,1,0.00045320799108594656,0.043,optimal,1,1,999,0.595,0.595,0.595,True,ok
v39_own_memory_accounting,sine_1k,1000,1,0.05,0.545,495,1,0.0004925000248476863,0.04,optimal,1,1,999,0.545,0.545,0.545,False,ok
v39_own_memory_accounting,sine_1k,1000,1,0.02,0.494,454,2,0.0005334579618647695,0.037,optimal,3,1,999,0.494,0.494,0.494,False,ok
v39_own_memory_accounting,sine_1k,1000,1,0.01,0.42900000000000005,169,26,0.0005656670546159148,0.037,optimal,51,1,999,0.42900000000000016,0.42900000000000016,0.443,False,better_than_known
v39_own_memory_accounting,sine_1k,1000,1,0.005,0.269,109,32,0.0005785420071333647,0.037,optimal,63,1,999,0.26900000000000013,0.26900000000000013,0.4,False,better_than_known
v39_own_memory_accounting,car_evaluation,1728,15,0.1,0.3997685185185186,518,1,2.5792047381401062e-05,0.003,optimal,1,1,15,0.39976851851851847,0.39976851851851847,0.399769,True,ok
v39_own_memory_accounting,car_evaluation,1728,15,0.05,0.29467592592592595,250,3,0.0001409579999744892,0.003,optimal,15,8,15,0.29467592592592595,0.29467592592592595,0.294676,True,ok
v39_own_memory_accounting,car_evaluation,1728,15,0.02,0.20467592592592593,250,3,0.0022898330353200436,0.005,optimal,147,97,15,0.20467592592592593,0.20467592592592593,0.204676,True,ok
v39_own_memory_accounting,car_evaluation,1728,15,0.01,0.1452314814814815,130,7,0.009258833015337586,0.012,optimal,621,961,15,0.1452314814814815,0.1452314814814815,0.145231,True,ok
v39_own_memory_accounting,car_evaluation,1728,15,0.005,0.1063425925925926,106,9,0.013715542037971318,0.017,optimal,686,6269,15,0.1063425925925926,0.1063425925925926,0.106343,True,ok
v39_own_memory_accounting,coupon_bar,1913,14,0.1,0.5119184526921067,788,1,1.4499993994832039e-05,0.003,optimal,1,1,14,0.5119184526921067,0.5119184526921067,0.511918,True,ok
v39_own_memory_accounting,coupon_bar,1913,14,0.05,0.4538944066910612,677,2,7.916707545518875e-05,0.003,optimal,27,14,14,0.4538944066910611,0.4538944066910611,0.453894,True,ok
v39_own_memory_accounting,coupon_bar,1913,14,0.02,0.37155253528489285,596,3,0.0008475829381495714,0.004,optimal,184,120,14,0.3715525352848928,0.3715525352848928,0.371553,True,ok
v39_own_memory_accounting,coupon_bar,1913,14,0.01,0.3410977522216414,576,4,0.0025315419770777225,0.005,optimal,951,786,14,0.3410977522216414,0.3410977522216414,0.341098,True,ok
v39_own_memory_accounting,coupon_bar,1913,14,0.005,0.3186199686356508,533,8,0.008169041946530342,0.011,optimal,1374,5448,14,0.3186199686356508,0.3186199686356508,0.31862,True,ok
v39_own_memory_accounting,compas_binned,6907,12,0.1,0.5610829593166353,2494,2,1.6457983292639256e-05,0.007,optimal,3,1,12,0.5610829593166353,0.5610829593166353,0.561083,True,ok
v39_own_memory_accounting,compas_binned,6907,12,0.05,0.46108295931663534,2494,2,2.216699067503214e-05,0.007,optimal,3,1,12,0.46108295931663523,0.46108295931663523,0.461083,True,ok
v39_own_memory_accounting,compas_binned,6907,12,0.02,0.4010829593166353,2494,2,5.6958990171551704e-05,0.008,optimal,21,11,12,0.4010829593166353,0.4010829593166353,0.401083,True,ok
v39_own_memory_accounting,compas_binned,6907,12,0.01,0.37486752569856663,2382,3,0.00022137502674013376,0.008,optimal,111,61,12,0.3748675256985667,0.3748675256985667,0.374868,True,ok
v39_own_memory_accounting,compas_binned,6907,12,0.005,0.355968582597365,2286,5,0.0008139170240610838,0.008,optimal,296,199,12,0.35596858259736497,0.35596858259736497,0.355969,True,ok
v39_own_memory_accounting,fico_binary,10459,17,0.1,0.5040443637058992,3180,2,3.200001083314419e-05,0.015,optimal,3,1,17,0.5040443637058992,0.5040443637058992,0.504044,True,ok
v39_own_memory_accounting,fico_binary,10459,17,0.05,0.40404436370589925,3180,2,8.254207205027342e-05,0.015,optimal,23,12,17,0.40404436370589925,0.40404436370589925,0.404044,True,ok
v39_own_memory_accounting,fico_binary,10459,17,0.02,0.3440443637058992,3180,2,0.0007396669825538993,0.016,optimal,277,164,17,0.3440443637058992,0.3440443637058992,0.344044,True,ok
v39_own_memory_accounting,fico_binary,10459,17,0.01,0.32404436370589923,3180,2,0.02214391704183072,0.037,optimal,1419,6384,17,0.32404436370589923,0.32404436370589923,0.324044,True,ok
v39_own_memory_accounting,fico_binary,10459,17,0.005,0.308650922650349,3019,4,0.18198833300266415,0.197,optimal,1560,96425,17,0.308650922650349,0.308650922650349,0.308651,True,ok
v39_own_memory_accounting,compas_processed,12381,22,0.1,0.411364187060819,3855,1,0.0002568330382928252,0.27,optimal,23,12,621,0.411364187060819,0.411364187060819,0.411364,True,ok
v39_own_memory_accounting,compas_processed,12381,22,0.05,0.36136418706081896,3855,1,0.07184062502346933,0.334,optimal,890,12208,621,0.36136418706081896,0.36136418706081896,0.361364,True,ok
v39_own_memory_accounting,compas_processed,12381,22,0.02,0.32786043130603343,3564,2,14.998841500026174,15.268,memory,843,1554003,621,0.10857281318148776,0.32786043130603343,0.32786,False,ok
v39_own_memory_accounting,compas_processed,12381,22,0.01,0.30786043130603347,3564,2,20.826434042071924,21.091,memory,787,1537219,621,0.08857281318148777,0.30786043130603347,0.30786,False,ok
v39_own_memory_accounting,compas_processed,12381,22,0.005,0.29786043130603346,3564,2,27.589958500000648,27.883,memory,770,1573748,621,0.07857281318148776,0.29786043130603346,0.29786,False,ok
v40_no_depth3_stage,chudi,77,2,0.1,0.464935064935065,5,4,0.0001408339012414217,16.024,optimal,19,9,46,0.464935064935065,0.464935064935065,0.464935,True,ok
v40_no_depth3_stage,chudi,77,2,0.05,0.25,0,5,0.0002900830004364252,0.001,optimal,53,23,46,0.25,0.25,0.25,True,ok
v40_no_depth3_stage,chudi,77,2,0.02,0.1,0,5,0.00033300009090453386,0.001,optimal,59,25,46,0.1,0.1,0.1,True,ok
v40_no_depth3_stage,chudi,77,2,0.01,0.05,0,5,0.00036758300848305225,0.001,optimal,65,28,46,0.05,0.05,0.05,True,ok
v40_no_depth3_stage,chudi,77,2,0.005,0.025,0,5,0.0003596659516915679,0.001,optimal,65,28,46,0.025,0.025,0.025,True,ok
v40_no_depth3_stage,monk_3,122,11,0.1,0.5213114754098361,27,3,2.0875013433396816e-05,0.001,optimal,6,3,11,0.521311475409836,0.521311475409836,0.521311,True,ok
v40_no_depth3_stage,monk_3,122,11,0.05,0.3713114754098361,27,3,4.7457986511290073e-05,0.001,optimal,28,15,11,0.37131147540983606,0.37131147540983606,0.371311,True,ok
v40_no_depth3_stage,monk_3,122,11,0.02,0.24295081967213114,15,6,0.000203792005777359,0.001,optimal,131,87,11,0.24295081967213117,0.24295081967213117,0.242951,True,ok
v40_no_depth3_stage,monk_3,122,11,0.01,0.15557377049180326,8,9,0.0005807500565424562,0.001,optimal,385,283,11,0.15557377049180326,0.15557377049180326,0.155574,True,ok
v40_no_depth3_stage,monk_3,122,11,0.005,0.09459016393442624,3,14,0.0022112909937277436,0.003,optimal,1308,1032,11,0.09459016393442624,0.09459016393442624,0.09459,True,ok
v40_no_depth3_stage,monk_1,124,11,0.1,0.4661290322580645,33,2,2.166710328310728e-05,0.001,optimal,3,2,11,0.46612903225806446,0.46612903225806446,0.466129,True,ok
v40_no_depth3_stage,monk_1,124,11,0.05,0.33870967741935487,11,5,5.5875047110021114e-05,0.001,optimal,42,23,11,0.3387096774193548,0.3387096774193548,0.33871,True,ok
v40_no_depth3_stage,monk_1,124,11,0.02,0.16,0,8,0.00010787497740238905,0.001,optimal,94,49,11,0.16,0.16,0.16,True,ok
v40_no_depth3_stage,monk_1,124,11,0.01,0.08,0,8,0.0001052080187946558,0.001,optimal,100,50,11,0.08,0.08,0.08,True,ok
v40_no_depth3_stage,monk_1,124,11,0.005,0.04,0,8,0.00010304106399416924,0.001,optimal,100,50,11,0.04,0.04,0.04,True,ok
v40_no_depth3_stage,iris,150,4,0.1,0.34,6,3,0.0001003750367090106,0.001,optimal,5,1,118,0.34,0.34,0.34,True,ok
v40_no_depth3_stage,iris,150,4,0.05,0.19000000000000003,6,3,0.00012458302080631256,0.001,optimal,9,1,118,0.19,0.19,0.19,True,ok
v40_no_depth3_stage,iris,150,4,0.02,0.1,6,3,0.0044404580257833,0.006,optimal,122,72,118,0.1,0.1,0.1,True,ok
v40_no_depth3_stage,iris,150,4,0.01,0.06,3,4,0.021817166008986533,0.023,optimal,499,343,118,0.060000000000000005,0.060000000000000005,0.06,True,ok
v40_no_depth3_stage,iris,150,4,0.005,0.03833333333333334,2,5,0.06921887502539903,0.071,optimal,739,5792,118,0.03833333333333333,0.03833333333333333,0.038333,True,ok
v40_no_depth3_stage,monk_2,169,11,0.1,0.47869822485207103,64,1,1.737498678267002e-05,0.001,optimal,1,1,11,0.47869822485207103,0.47869822485207103,0.478698,True,ok
v40_no_depth3_stage,monk_2,169,11,0.05,0.428698224852071,64,1,5.337491165846586e-05,0.001,optimal,23,13,11,0.428698224852071,0.428698224852071,0.428698,True,ok
v40_no_depth3_stage,monk_2,169,11,0.02,0.35893491124260357,37,7,0.0009989161044359207,0.002,optimal,530,431,11,0.35893491124260357,0.35893491124260357,0.358935,True,ok
v40_no_depth3_stage,monk_2,169,11,0.01,0.2650887573964497,11,20,0.003538333112373948,0.005,optimal,1855,1626,11,0.2650887573964497,0.2650887573964497,0.265089,True,ok
v40_no_depth3_stage,monk_2,169,11,0.005,0.15275147928994084,3,27,0.00567770900670439,0.007,optimal,1974,2787,11,0.15275147928994082,0.15275147928994082,0.152751,True,ok
v40_no_depth3_stage,tic-tac-toe,958,9,0.1,0.4465553235908142,332,1,3.166601527482271e-05,0.011,optimal,1,1,27,0.4465553235908142,0.4465553235908142,0.446555,True,ok
v40_no_depth3_stage,tic-tac-toe,958,9,0.05,0.3965553235908142,332,1,0.00042491708882153034,0.011,optimal,55,37,27,0.39655532359081413,0.39655532359081413,0.396555,True,ok
v40_no_depth3_stage,tic-tac-toe,958,9,0.02,0.3183298538622129,190,6,0.011429500067606568,0.022,optimal,789,3694,27,0.3183298538622129,0.3183298538622129,0.31833,True,ok
v40_no_depth3_stage,tic-tac-toe,958,9,0.01,0.2507515657620042,154,9,0.0645015409681946,0.075,optimal,792,41410,27,0.2507515657620042,0.2507515657620042,0.250752,True,ok
v40_no_depth3_stage,tic-tac-toe,958,9,0.005,0.15427974947807935,52,20,0.16575766599271446,0.177,optimal,770,113159,27,0.15427974947807932,0.15427974947807932,0.15428,True,ok
v40_no_depth3_stage,gaussian_1k,1000,1,0.1,0.397,297,1,0.00036987499333918095,0.037,optimal,1,1,999,0.397,0.397,0.397,True,ok
v40_no_depth3_stage,gaussian_1k,1000,1,0.05,0.275,125,3,0.00045008398592472076,0.037,optimal,5,1,999,0.275,0.275,0.275,True,ok
v40_no_depth3_stage,gaussian_1k,1000,1,0.02,0.185,125,3,0.0005059170071035624,0.037,optimal,5,1,999,0.18499999999999997,0.18499999999999997,0.185,True,ok
v40_no_depth3_stage,gaussian_1k,1000,1,0.01,0.155,125,3,0.0005273340502753854,0.037,optimal,5,1,999,0.155,0.155,0.155,True,ok
v40_no_depth3_stage,gaussian_1k,1000,1,0.005,0.14,125,3,0.000538166961632669,0.037,optimal,5,1,999,0.14,0.14,0.14,True,ok
v40_no_depth3_stage,fico_1k,1000,23,0.1,0.491,291,2,0.02527804102282971,0.046,optimal,801,2636,1357,0.49100000000000005,0.49100000000000005,0.491,True,ok
v40_no_depth3_stage,fico_1k,1000,23,0.05,0.391,291,2,30.0,30.065,time,668,4536560,1357,0.125,0.391,0.391,False,ok
v40_no_depth3_stage,fico_1k,1000,23,0.02,0.33099999999999996,291,2,30.0,30.138,time,754,1658908,1357,0.065,0.33099999999999996,0.331,False,ok
v40_no_depth3_stage,fico_1k,1000,23,0.01,0.304,264,4,30.0,30.213,time,706,1768066,1357,0.045,0.304,0.304,False,ok
v40_no_depth3_stage,fico_1k,1000,23,0.005,0.28400000000000003,264,4,30.0,30.148,time,677,1478063,1357,0.035,0.28400000000000003,0.284,False,ok
v40_no_depth3_stage,sine_1k,1000,1,0.1,0.595,495,1,0.0004273329395800829,0.046,optimal,1,1,999,0.595,0.595,0.595,True,ok
v40_no_depth3_stage,sine_1k,1000,1,0.05,0.545,495,1,0.0004985829582437873,0.041,optimal,1,1,999,0.545,0.545,0.545,False,ok
v40_no_depth3_stage,sine_1k,1000,1,0.02,0.494,454,2,0.0005348749691620469,0.039,optimal,3,1,999,0.494,0.494,0.494,False,ok
v40_no_depth3_stage,sine_1k,1000,1,0.01,0.42900000000000005,169,26,0.0005640420131385326,0.039,optimal,51,1,999,0.42900000000000016,0.42900000000000016,0.443,False,better_than_known
v40_no_depth3_stage,sine_1k,1000,1,0.005,0.269,109,32,0.0005552920047193766,0.038,optimal,63,1,999,0.26900000000000013,0.26900000000000013,0.4,False,better_than_known
v40_no_depth3_stage,car_evaluation,1728,15,0.1,0.3997685185185186,518,1,2.095801755785942e-05,0.003,optimal,1,1,15,0.39976851851851847,0.39976851851851847,0.399769,True,ok
v40_no_depth3_stage,car_evaluation,1728,15,0.05,0.29467592592592595,250,3,5.925004370510578e-05,0.003,optimal,18,9,15,0.29467592592592595,0.29467592592592595,0.294676,True,ok
v40_no_depth3_stage,car_evaluation,1728,15,0.02,0.20467592592592593,250,3,0.001020333031192422,0.004,optimal,567,377,15,0.20467592592592593,0.20467592592592593,0.204676,True,ok
v40_no_depth3_stage,car_evaluation,1728,15,0.01,0.1452314814814815,130,7,0.0054576660040766,0.008,optimal,1377,2083,15,0.1452314814814815,0.1452314814814815,0.145231,True,ok
v40_no_depth3_stage,car_evaluation,1728,15,0.005,0.1063425925925926,106,9,0.012066000024788082,0.015,optimal,1529,11232,15,0.1063425925925926,0.1063425925925926,0.106343,True,ok
v40_no_depth3_stage,coupon_bar,1913,14,0.1,0.5119184526921067,788,1,1.4041084796190262e-05,0.003,optimal,1,1,14,0.5119184526921067,0.5119184526921067,0.511918,True,ok
v40_no_depth3_stage,coupon_bar,1913,14,0.05,0.4538944066910612,677,2,3.9958045817911625e-05,0.003,optimal,27,14,14,0.4538944066910611,0.4538944066910611,0.453894,True,ok
v40_no_depth3_stage,coupon_bar,1913,14,0.02,0.37155253528489285,596,3,0.000278332969173789,0.003,optimal,189,120,14,0.3715525352848928,0.3715525352848928,0.371553,True,ok
v40_no_depth3_stage,coupon_bar,1913,14,0.01,0.3410977522216414,576,4,0.0019449590472504497,0.005,optimal,952,787,14,0.3410977522216414,0.3410977522216414,0.341098,True,ok
v40_no_depth3_stage,coupon_bar,1913,14,0.005,0.3186199686356508,533,8,0.008438166929408908,0.011,optimal,1471,5374,14,0.3186199686356508,0.3186199686356508,0.31862,True,ok
v40_no_depth3_stage,compas_binned,6907,12,0.1,0.5610829593166353,2494,2,1.7707934603095055e-05,0.008,optimal,3,1,12,0.5610829593166353,0.5610829593166353,0.561083,True,ok
v40_no_depth3_stage,compas_binned,6907,12,0.05,0.46108295931663534,2494,2,2.0749983377754688e-05,0.008,optimal,3,1,12,0.46108295931663523,0.46108295931663523,0.461083,True,ok
v40_no_depth3_stage,compas_binned,6907,12,0.02,0.4010829593166353,2494,2,4.516704939305782e-05,0.007,optimal,21,11,12,0.4010829593166353,0.4010829593166353,0.401083,True,ok
v40_no_depth3_stage,compas_binned,6907,12,0.01,0.37486752569856663,2382,3,0.00021529197692871094,0.007,optimal,111,61,12,0.3748675256985667,0.3748675256985667,0.374868,True,ok
v40_no_depth3_stage,compas_binned,6907,12,0.005,0.355968582597365,2286,5,0.0006567920790985227,0.008,optimal,296,199,12,0.35596858259736497,0.35596858259736497,0.355969,True,ok
v40_no_depth3_stage,fico_binary,10459,17,0.1,0.5040443637058992,3180,2,2.679100725799799e-05,0.014,optimal,3,1,17,0.5040443637058992,0.5040443637058992,0.504044,True,ok
v40_no_depth3_stage,fico_binary,10459,17,0.05,0.40404436370589925,3180,2,7.004197686910629e-05,0.014,optimal,23,12,17,0.40404436370589925,0.40404436370589925,0.404044,True,ok
v40_no_depth3_stage,fico_binary,10459,17,0.02,0.3440443637058992,3180,2,0.0007614169735461473,0.016,optimal,277,164,17,0.3440443637058992,0.3440443637058992,0.344044,True,ok
v40_no_depth3_stage,fico_binary,10459,17,0.01,0.32404436370589923,3180,2,0.02506404195446521,0.04,optimal,1398,6417,17,0.32404436370589923,0.32404436370589923,0.324044,True,ok
v40_no_depth3_stage,fico_binary,10459,17,0.005,0.308650922650349,3019,4,0.19333625002764165,0.208,optimal,1530,96533,17,0.308650922650349,0.308650922650349,0.308651,True,ok
v40_no_depth3_stage,compas_processed,12381,22,0.1,0.411364187060819,3855,1,0.00026704196352511644,0.291,optimal,23,12,621,0.411364187060819,0.411364187060819,0.411364,True,ok
v40_no_depth3_stage,compas_processed,12381,22,0.05,0.36136418706081896,3855,1,0.07261329202447087,0.353,optimal,890,12334,621,0.36136418706081896,0.36136418706081896,0.361364,True,ok
v40_no_depth3_stage,compas_processed,12381,22,0.02,0.32786043130603343,3564,2,14.848379250033759,15.13,memory,843,1550750,621,0.10857281318148776,0.32786043130603343,0.32786,False,ok
v40_no_depth3_stage,compas_processed,12381,22,0.01,0.30786043130603347,3564,2,20.067278625094332,20.332,memory,787,1532908,621,0.08857281318148777,0.30786043130603347,0.30786,False,ok
v40_no_depth3_stage,compas_processed,12381,22,0.005,0.29786043130603346,3564,2,26.874242707970552,27.155,memory,770,1581739,621,0.07857281318148776,0.29786043130603346,0.29786,False,ok
v41_node_keyed_frame_cache,chudi,77,2,0.1,0.464935064935065,5,4,0.00014016602654010057,17.258,optimal,19,9,46,0.464935064935065,0.464935064935065,0.464935,True,ok
v41_node_keyed_frame_cache,chudi,77,2,0.05,0.25,0,5,0.00031150004360824823,0.001,optimal,53,23,46,0.25,0.25,0.25,True,ok
v41_node_keyed_frame_cache,chudi,77,2,0.02,0.1,0,5,0.00033404200803488493,0.001,optimal,59,25,46,0.1,0.1,0.1,True,ok
v41_node_keyed_frame_cache,chudi,77,2,0.01,0.05,0,5,0.0003679579822346568,0.001,optimal,65,28,46,0.05,0.05,0.05,True,ok
v41_node_keyed_frame_cache,chudi,77,2,0.005,0.025,0,5,0.00034783303271979094,0.001,optimal,65,28,46,0.025,0.025,0.025,True,ok
v41_node_keyed_frame_cache,monk_3,122,11,0.1,0.5213114754098361,27,3,2.7084024623036385e-05,0.001,optimal,6,3,11,0.521311475409836,0.521311475409836,0.521311,True,ok
v41_node_keyed_frame_cache,monk_3,122,11,0.05,0.3713114754098361,27,3,5.066697485744953e-05,0.001,optimal,28,15,11,0.37131147540983606,0.37131147540983606,0.371311,True,ok
v41_node_keyed_frame_cache,monk_3,122,11,0.02,0.24295081967213114,15,6,0.000196542008779943,0.001,optimal,131,87,11,0.24295081967213117,0.24295081967213117,0.242951,True,ok
v41_node_keyed_frame_cache,monk_3,122,11,0.01,0.15557377049180326,8,9,0.0005323749501258135,0.001,optimal,385,283,11,0.15557377049180326,0.15557377049180326,0.155574,True,ok
v41_node_keyed_frame_cache,monk_3,122,11,0.005,0.09459016393442624,3,14,0.0019741670694202185,0.003,optimal,1308,1032,11,0.09459016393442624,0.09459016393442624,0.09459,True,ok
v41_node_keyed_frame_cache,monk_1,124,11,0.1,0.4661290322580645,33,2,2.0499923266470432e-05,0.001,optimal,3,2,11,0.46612903225806446,0.46612903225806446,0.466129,True,ok
v41_node_keyed_frame_cache,monk_1,124,11,0.05,0.33870967741935487,11,5,5.64999645575881e-05,0.001,optimal,42,23,11,0.3387096774193548,0.3387096774193548,0.33871,True,ok
v41_node_keyed_frame_cache,monk_1,124,11,0.02,0.16,0,8,0.00010708300396800041,0.001,optimal,94,49,11,0.16,0.16,0.16,True,ok
v41_node_keyed_frame_cache,monk_1,124,11,0.01,0.08,0,8,0.000106374965980649,0.001,optimal,100,50,11,0.08,0.08,0.08,True,ok
v41_node_keyed_frame_cache,monk_1,124,11,0.005,0.04,0,8,0.00010241696145385504,0.001,optimal,100,50,11,0.04,0.04,0.04,True,ok
v41_node_keyed_frame_cache,iris,150,4,0.1,0.34,6,3,0.00010962493252009153,0.001,optimal,5,1,118,0.34,0.34,0.34,True,ok
v41_node_keyed_frame_cache,iris,150,4,0.05,0.19000000000000003,6,3,0.00012324994895607233,0.001,optimal,9,1,118,0.19,0.19,0.19,True,ok
v41_node_keyed_frame_cache,iris,150,4,0.02,0.1,6,3,0.00449395808391273,0.006,optimal,122,72,118,0.1,0.1,0.1,True,ok
v41_node_keyed_frame_cache,iris,150,4,0.01,0.06,3,4,0.02028408308979124,0.021,optimal,499,343,118,0.060000000000000005,0.060000000000000005,0.06,True,ok
v41_node_keyed_frame_cache,iris,150,4,0.005,0.03833333333333334,2,5,0.06514941703062505,0.066,optimal,739,5568,118,0.03833333333333333,0.03833333333333333,0.038333,True,ok
v41_node_keyed_frame_cache,monk_2,169,11,0.1,0.47869822485207103,64,1,3.495893906801939e-05,0.001,optimal,1,1,11,0.47869822485207103,0.47869822485207103,0.478698,True,ok
v41_node_keyed_frame_cache,monk_2,169,11,0.05,0.428698224852071,64,1,5.27920201420784e-05,0.001,optimal,23,13,11,0.428698224852071,0.428698224852071,0.428698,True,ok
v41_node_keyed_frame_cache,monk_2,169,11,0.02,0.35893491124260357,37,7,0.0008987910114228725,0.002,optimal,530,431,11,0.35893491124260357,0.35893491124260357,0.358935,True,ok
v41_node_keyed_frame_cache,monk_2,169,11,0.01,0.2650887573964497,11,20,0.00304883299395442,0.004,optimal,1855,1626,11,0.2650887573964497,0.2650887573964497,0.265089,True,ok
v41_node_keyed_frame_cache,monk_2,169,11,0.005,0.15275147928994084,3,27,0.005814541946165264,0.007,optimal,2165,2814,11,0.15275147928994082,0.15275147928994082,0.152751,True,ok
v41_node_keyed_frame_cache,tic-tac-toe,958,9,0.1,0.4465553235908142,332,1,5.341600626707077e-05,0.011,optimal,1,1,27,0.4465553235908142,0.4465553235908142,0.446555,True,ok
v41_node_keyed_frame_cache,tic-tac-toe,958,9,0.05,0.3965553235908142,332,1,0.0004367500077933073,0.011,optimal,55,37,27,0.39655532359081413,0.39655532359081413,0.396555,True,ok
v41_node_keyed_frame_cache,tic-tac-toe,958,9,0.02,0.3183298538622129,190,6,0.011358459014445543,0.022,optimal,789,3587,27,0.3183298538622129,0.3183298538622129,0.31833,True,ok
v41_node_keyed_frame_cache,tic-tac-toe,958,9,0.01,0.2507515657620042,154,9,0.06336829101201147,0.074,optimal,792,40708,27,0.2507515657620042,0.2507515657620042,0.250752,True,ok
v41_node_keyed_frame_cache,tic-tac-toe,958,9,0.005,0.15427974947807935,52,20,0.1524230829672888,0.164,optimal,1362,107567,27,0.15427974947807932,0.15427974947807932,0.15428,True,ok
v41_node_keyed_frame_cache,gaussian_1k,1000,1,0.1,0.397,297,1,0.0003852079389616847,0.036,optimal,1,1,999,0.397,0.397,0.397,True,ok
v41_node_keyed_frame_cache,gaussian_1k,1000,1,0.05,0.275,125,3,0.00042162497993558645,0.034,optimal,5,1,999,0.275,0.275,0.275,True,ok
v41_node_keyed_frame_cache,gaussian_1k,1000,1,0.02,0.185,125,3,0.00048295792657881975,0.033,optimal,5,1,999,0.18499999999999997,0.18499999999999997,0.185,True,ok
v41_node_keyed_frame_cache,gaussian_1k,1000,1,0.01,0.155,125,3,0.00048804201651364565,0.033,optimal,5,1,999,0.155,0.155,0.155,True,ok
v41_node_keyed_frame_cache,gaussian_1k,1000,1,0.005,0.14,125,3,0.0004895000020042062,0.033,optimal,5,1,999,0.14,0.14,0.14,True,ok
v41_node_keyed_frame_cache,fico_1k,1000,23,0.1,0.491,291,2,0.028280291007831693,0.047,optimal,801,2639,1357,0.49100000000000005,0.49100000000000005,0.491,True,ok
v41_node_keyed_frame_cache,fico_1k,1000,23,0.05,0.391,291,2,30.0,30.063,time,668,4327175,1357,0.125,0.391,0.391,False,ok
v41_node_keyed_frame_cache,fico_1k,1000,23,0.02,0.33099999999999996,291,2,30.0,30.167,time,754,1684778,1357,0.065,0.33099999999999996,0.331,False,ok
v41_node_keyed_frame_cache,fico_1k,1000,23,0.01,0.304,264,4,30.0,30.211,time,706,1672502,1357,0.045,0.304,0.304,False,ok
v41_node_keyed_frame_cache,fico_1k,1000,23,0.005,0.28400000000000003,264,4,30.0,30.117,time,677,1249111,1357,0.035,0.28400000000000003,0.284,False,ok
v41_node_keyed_frame_cache,sine_1k,1000,1,0.1,0.595,495,1,0.0005958749679848552,0.062,optimal,1,1,999,0.595,0.595,0.595,True,ok
v41_node_keyed_frame_cache,sine_1k,1000,1,0.05,0.545,495,1,0.0007426670053973794,0.057,optimal,1,1,999,0.545,0.545,0.545,False,ok
v41_node_keyed_frame_cache,sine_1k,1000,1,0.02,0.494,454,2,0.0007350830128416419,0.053,optimal,3,1,999,0.494,0.494,0.494,False,ok
v41_node_keyed_frame_cache,sine_1k,1000,1,0.01,0.42900000000000005,169,26,0.0006528750527650118,0.046,optimal,51,1,999,0.42900000000000016,0.42900000000000016,0.443,False,better_than_known
v41_node_keyed_frame_cache,sine_1k,1000,1,0.005,0.269,109,32,0.0006831670179963112,0.043,optimal,63,1,999,0.26900000000000013,0.26900000000000013,0.4,False,better_than_known
v41_node_keyed_frame_cache,car_evaluation,1728,15,0.1,0.3997685185185186,518,1,2.9249931685626507e-05,0.004,optimal,1,1,15,0.39976851851851847,0.39976851851851847,0.399769,True,ok
v41_node_keyed_frame_cache,car_evaluation,1728,15,0.05,0.29467592592592595,250,3,8.045905269682407e-05,0.003,optimal,18,9,15,0.29467592592592595,0.29467592592592595,0.294676,True,ok
v41_node_keyed_frame_cache,car_evaluation,1728,15,0.02,0.20467592592592593,250,3,0.001246499945409596,0.005,optimal,567,377,15,0.20467592592592593,0.20467592592592593,0.204676,True,ok
v41_node_keyed_frame_cache,car_evaluation,1728,15,0.01,0.1452314814814815,130,7,0.006691999966278672,0.01,optimal,1345,2102,15,0.1452314814814815,0.1452314814814815,0.145231,True,ok
v41_node_keyed_frame_cache,car_evaluation,1728,15,0.005,0.1063425925925926,106,9,0.014011875027790666,0.017,optimal,1491,10247,15,0.1063425925925926,0.1063425925925926,0.106343,True,ok
v41_node_keyed_frame_cache,coupon_bar,1913,14,0.1,0.5119184526921067,788,1,2.0459061488509178e-05,0.003,optimal,1,1,14,0.5119184526921067,0.5119184526921067,0.511918,True,ok
v41_node_keyed_frame_cache,coupon_bar,1913,14,0.05,0.4538944066910612,677,2,4.7332956455647945e-05,0.003,optimal,27,14,14,0.4538944066910611,0.4538944066910611,0.453894,True,ok
v41_node_keyed_frame_cache,coupon_bar,1913,14,0.02,0.37155253528489285,596,3,0.00034470902755856514,0.003,optimal,189,120,14,0.3715525352848928,0.3715525352848928,0.371553,True,ok
v41_node_keyed_frame_cache,coupon_bar,1913,14,0.01,0.3410977522216414,576,4,0.002198833040893078,0.005,optimal,952,787,14,0.3410977522216414,0.3410977522216414,0.341098,True,ok
v41_node_keyed_frame_cache,coupon_bar,1913,14,0.005,0.3186199686356508,533,8,0.009765499969944358,0.013,optimal,1360,5268,14,0.3186199686356508,0.3186199686356508,0.31862,True,ok
v41_node_keyed_frame_cache,compas_binned,6907,12,0.1,0.5610829593166353,2494,2,2.8791953809559345e-05,0.009,optimal,3,1,12,0.5610829593166353,0.5610829593166353,0.561083,True,ok
v41_node_keyed_frame_cache,compas_binned,6907,12,0.05,0.46108295931663534,2494,2,2.904096618294716e-05,0.008,optimal,3,1,12,0.46108295931663523,0.46108295931663523,0.461083,True,ok
v41_node_keyed_frame_cache,compas_binned,6907,12,0.02,0.4010829593166353,2494,2,7.062498480081558e-05,0.009,optimal,21,11,12,0.4010829593166353,0.4010829593166353,0.401083,True,ok
v41_node_keyed_frame_cache,compas_binned,6907,12,0.01,0.37486752569856663,2382,3,0.0002619160804897547,0.009,optimal,111,61,12,0.3748675256985667,0.3748675256985667,0.374868,True,ok
v41_node_keyed_frame_cache,compas_binned,6907,12,0.005,0.355968582597365,2286,5,0.0007862079655751586,0.009,optimal,296,199,12,0.35596858259736497,0.35596858259736497,0.355969,True,ok
v41_node_keyed_frame_cache,fico_binary,10459,17,0.1,0.5040443637058992,3180,2,4.183303099125624e-05,0.017,optimal,3,1,17,0.5040443637058992,0.5040443637058992,0.504044,True,ok
v41_node_keyed_frame_cache,fico_binary,10459,17,0.05,0.40404436370589925,3180,2,7.624994032084942e-05,0.016,optimal,23,12,17,0.40404436370589925,0.40404436370589925,0.404044,True,ok
v41_node_keyed_frame_cache,fico_binary,10459,17,0.02,0.3440443637058992,3180,2,0.0008235840359702706,0.017,optimal,277,164,17,0.3440443637058992,0.3440443637058992,0.344044,True,ok
v41_node_keyed_frame_cache,fico_binary,10459,17,0.01,0.32404436370589923,3180,2,0.022155291051603854,0.038,optimal,1417,6329,17,0.32404436370589923,0.32404436370589923,0.324044,True,ok
v41_node_keyed_frame_cache,fico_binary,10459,17,0.005,0.308650922650349,3019,4,0.24291324999649078,0.258,optimal,1538,96785,17,0.308650922650349,0.308650922650349,0.308651,True,ok
v41_node_keyed_frame_cache,compas_processed,12381,22,0.1,0.411364187060819,3855,1,0.00030208402313292027,0.275,optimal,23,12,621,0.411364187060819,0.411364187060819,0.411364,True,ok
v41_node_keyed_frame_cache,compas_processed,12381,22,0.05,0.36136418706081896,3855,1,0.07450662495102733,0.337,optimal,890,12270,621,0.36136418706081896,0.36136418706081896,0.361364,True,ok
v41_node_keyed_frame_cache,compas_processed,12381,22,0.02,0.32786043130603343,3564,2,18.811309000011533,19.088,memory,843,1548291,621,0.10857281318148776,0.32786043130603343,0.32786,False,ok
v41_node_keyed_frame_cache,compas_processed,12381,22,0.01,0.30786043130603347,3564,2,25.99929595796857,26.287,memory,787,1531785,621,0.08857281318148777,0.30786043130603347,0.30786,False,ok
v41_node_keyed_frame_cache,compas_processed,12381,22,0.005,0.29786043130603346,3564,2,30.0,30.366,time,770,1431659,621,0.07857281318148776,0.29786043130603346,0.29786,False,ok
v40_sequential,chudi,77,2,0.1,0.464935064935065,5,4,0.00013220799155533314,15.879,optimal,19,9,46,0.464935064935065,0.464935064935065,0.464935,True,ok
v40_sequential,chudi,77,2,0.05,0.25,0,5,0.0002774590393528342,0.001,optimal,53,23,46,0.25,0.25,0.25,True,ok
v40_sequential,chudi,77,2,0.02,0.1,0,5,0.00031849998049438,0.001,optimal,59,25,46,0.1,0.1,0.1,True,ok
v40_sequential,chudi,77,2,0.01,0.05,0,5,0.0003531249240040779,0.001,optimal,65,28,46,0.05,0.05,0.05,True,ok
v40_sequential,chudi,77,2,0.005,0.025,0,5,0.00034374999813735485,0.001,optimal,65,28,46,0.025,0.025,0.025,True,ok
v40_sequential,monk_3,122,11,0.1,0.5213114754098361,27,3,2.2249994799494743e-05,0.001,optimal,6,3,11,0.521311475409836,0.521311475409836,0.521311,True,ok
v40_sequential,monk_3,122,11,0.05,0.3713114754098361,27,3,4.858395550400019e-05,0.001,optimal,28,15,11,0.37131147540983606,0.37131147540983606,0.371311,True,ok
v40_sequential,monk_3,122,11,0.02,0.24295081967213114,15,6,0.0002030420582741499,0.001,optimal,131,87,11,0.24295081967213117,0.24295081967213117,0.242951,True,ok
v40_sequential,monk_3,122,11,0.01,0.15557377049180326,8,9,0.0005642499309033155,0.001,optimal,385,283,11,0.15557377049180326,0.15557377049180326,0.155574,True,ok
v40_sequential,monk_3,122,11,0.005,0.09459016393442624,3,14,0.0020181669387966394,0.003,optimal,1308,1032,11,0.09459016393442624,0.09459016393442624,0.09459,True,ok
v40_sequential,monk_1,124,11,0.1,0.4661290322580645,33,2,1.650000922381878e-05,0.001,optimal,3,2,11,0.46612903225806446,0.46612903225806446,0.466129,True,ok
v40_sequential,monk_1,124,11,0.05,0.33870967741935487,11,5,5.1709008403122425e-05,0.001,optimal,42,23,11,0.3387096774193548,0.3387096774193548,0.33871,True,ok
v40_sequential,monk_1,124,11,0.02,0.16,0,8,0.00010229204781353474,0.001,optimal,94,49,11,0.16,0.16,0.16,True,ok
v40_sequential,monk_1,124,11,0.01,0.08,0,8,0.00010120798833668232,0.001,optimal,100,50,11,0.08,0.08,0.08,True,ok
v40_sequential,monk_1,124,11,0.005,0.04,0,8,9.833392687141895e-05,0.001,optimal,100,50,11,0.04,0.04,0.04,True,ok
v40_sequential,iris,150,4,0.1,0.34,6,3,0.00010624993592500687,0.001,optimal,5,1,118,0.34,0.34,0.34,True,ok
v40_sequential,iris,150,4,0.05,0.19000000000000003,6,3,0.00013020902406424284,0.001,optimal,9,1,118,0.19,0.19,0.19,True,ok
v40_sequential,iris,150,4,0.02,0.1,6,3,0.004446499980986118,0.006,optimal,122,72,118,0.1,0.1,0.1,True,ok
v40_sequential,iris,150,4,0.01,0.06,3,4,0.021560166962444782,0.023,optimal,499,343,118,0.060000000000000005,0.060000000000000005,0.06,True,ok
v40_sequential,iris,150,4,0.005,0.03833333333333334,2,5,0.1580514160450548,0.159,optimal,3219,2862,118,0.03833333333333333,0.03833333333333333,0.038333,True,ok
v40_sequential,monk_2,169,11,0.1,0.47869822485207103,64,1,1.6167061403393745e-05,0.001,optimal,1,1,11,0.47869822485207103,0.47869822485207103,0.478698,True,ok
v40_sequential,monk_2,169,11,0.05,0.428698224852071,64,1,4.741700831800699e-05,0.001,optimal,23,13,11,0.428698224852071,0.428698224852071,0.428698,True,ok
v40_sequential,monk_2,169,11,0.02,0.35893491124260357,37,7,0.00088283303193748,0.002,optimal,530,431,11,0.35893491124260357,0.35893491124260357,0.358935,True,ok
v40_sequential,monk_2,169,11,0.01,0.2650887573964497,11,20,0.0031061669578775764,0.004,optimal,1855,1623,11,0.2650887573964497,0.2650887573964497,0.265089,True,ok
v40_sequential,monk_2,169,11,0.005,0.15275147928994084,3,27,0.005067833000794053,0.006,optimal,3026,2506,11,0.15275147928994082,0.15275147928994082,0.152751,True,ok
v40_sequential,tic-tac-toe,958,9,0.1,0.4465553235908142,332,1,2.366607077419758e-05,0.01,optimal,1,1,27,0.4465553235908142,0.4465553235908142,0.446555,True,ok
v40_sequential,tic-tac-toe,958,9,0.05,0.3965553235908142,332,1,0.0003986669471487403,0.011,optimal,55,37,27,0.39655532359081413,0.39655532359081413,0.396555,True,ok
v40_sequential,tic-tac-toe,958,9,0.02,0.3183298538622129,190,6,0.027698041987605393,0.038,optimal,5049,3449,27,0.3183298538622129,0.3183298538622129,0.31833,True,ok
v40_sequential,tic-tac-toe,958,9,0.01,0.2507515657620042,154,9,0.3929196250392124,0.403,optimal,75610,56421,27,0.2507515657620042,0.2507515657620042,0.250752,True,ok
v40_sequential,tic-tac-toe,958,9,0.005,0.15427974947807935,52,20,0.49114541697781533,0.502,optimal,108555,78766,27,0.15427974947807932,0.15427974947807932,0.15428,True,ok
v40_sequential,gaussian_1k,1000,1,0.1,0.397,297,1,0.00033075001556426287,0.033,optimal,1,1,999,0.397,0.397,0.397,True,ok
v40_sequential,gaussian_1k,1000,1,0.05,0.275,125,3,0.000410917098633945,0.033,optimal,5,1,999,0.275,0.275,0.275,True,ok
v40_sequential,gaussian_1k,1000,1,0.02,0.185,125,3,0.0004605000140145421,0.032,optimal,5,1,999,0.18499999999999997,0.18499999999999997,0.185,True,ok
v40_sequential,gaussian_1k,1000,1,0.01,0.155,125,3,0.0004770839586853981,0.032,optimal,5,1,999,0.155,0.155,0.155,True,ok
v40_sequential,gaussian_1k,1000,1,0.005,0.14,125,3,0.00048691697884351015,0.033,optimal,5,1,999,0.14,0.14,0.14,True,ok
v40_sequential,fico_1k,1000,23,0.1,0.491,291,2,0.047645665938034654,0.066,optimal,4206,2612,1357,0.49100000000000005,0.49100000000000005,0.491,True,ok
v40_sequential,fico_1k,1000,23,0.05,0.391,291,2,30.0,30.046,time,1349533,1141460,1357,0.125,0.391,0.391,False,ok
v40_sequential,fico_1k,1000,23,0.02,0.33099999999999996,291,2,30.0,30.053,time,364661,331270,1357,0.065,0.33099999999999996,0.331,False,ok
v40_sequential,fico_1k,1000,23,0.01,0.304,264,4,30.0,30.043,time,380768,374021,1357,0.045,0.304,0.304,False,ok
v40_sequential,fico_1k,1000,23,0.005,0.28400000000000003,264,4,30.0,30.075,time,367210,354187,1357,0.035,0.28400000000000003,0.284,False,ok
v40_sequential,sine_1k,1000,1,0.1,0.595,495,1,0.0003646670375019312,0.034,optimal,1,1,999,0.595,0.595,0.595,True,ok
v40_sequential,sine_1k,1000,1,0.05,0.545,495,1,0.0004462499637156725,0.034,optimal,1,1,999,0.545,0.545,0.545,False,ok
v40_sequential,sine_1k,1000,1,0.02,0.494,454,2,0.0005175829865038395,0.035,optimal,3,1,999,0.494,0.494,0.494,False,ok
v40_sequential,sine_1k,1000,1,0.01,0.42900000000000005,169,26,0.0005299580516293645,0.034,optimal,51,1,999,0.42900000000000016,0.42900000000000016,0.441,False,better_than_known
v40_sequential,sine_1k,1000,1,0.005,0.269,109,32,0.0005540830316022038,0.035,optimal,63,1,999,0.26900000000000013,0.26900000000000013,0.361,False,better_than_known
v40_sequential,car_evaluation,1728,15,0.1,0.3997685185185186,518,1,2.5417073629796505e-05,0.003,optimal,1,1,15,0.39976851851851847,0.39976851851851847,0.399769,True,ok
v40_sequential,car_evaluation,1728,15,0.05,0.29467592592592595,250,3,6.595801096409559e-05,0.003,optimal,18,9,15,0.29467592592592595,0.29467592592592595,0.294676,True,ok
v40_sequential,car_evaluation,1728,15,0.02,0.20467592592592593,250,3,0.0010492079891264439,0.004,optimal,567,377,15,0.20467592592592593,0.20467592592592593,0.204676,True,ok
v40_sequential,car_evaluation,1728,15,0.01,0.1452314814814815,130,7,0.00528816704172641,0.008,optimal,2170,1874,15,0.1452314814814815,0.1452314814814815,0.145231,True,ok
v40_sequential,car_evaluation,1728,15,0.005,0.1063425925925926,106,9,0.02414070803206414,0.027,optimal,8538,8724,15,0.1063425925925926,0.1063425925925926,0.106343,True,ok
v40_sequential,coupon_bar,1913,14,0.1,0.5119184526921067,788,1,1.8834020011126995e-05,0.003,optimal,1,1,14,0.5119184526921067,0.5119184526921067,0.511918,True,ok
v40_sequential,coupon_bar,1913,14,0.05,0.4538944066910612,677,2,4.116701893508434e-05,0.003,optimal,27,14,14,0.4538944066910611,0.4538944066910611,0.453894,True,ok
v40_sequential,coupon_bar,1913,14,0.02,0.37155253528489285,596,3,0.000280416919849813,0.003,optimal,189,120,14,0.3715525352848928,0.3715525352848928,0.371553,True,ok
v40_sequential,coupon_bar,1913,14,0.01,0.3410977522216414,576,4,0.0018958339933305979,0.005,optimal,952,787,14,0.3410977522216414,0.3410977522216414,0.341098,True,ok
v40_sequential,coupon_bar,1913,14,0.005,0.3186199686356508,533,8,0.010829249978996813,0.014,optimal,3866,4283,14,0.3186199686356508,0.3186199686356508,0.31862,True,ok
v40_sequential,compas_binned,6907,12,0.1,0.5610829593166353,2494,2,1.7666956409811974e-05,0.007,optimal,3,1,12,0.5610829593166353,0.5610829593166353,0.561083,True,ok
v40_sequential,compas_binned,6907,12,0.05,0.46108295931663534,2494,2,2.4833017960190773e-05,0.007,optimal,3,1,12,0.46108295931663523,0.46108295931663523,0.461083,True,ok
v40_sequential,compas_binned,6907,12,0.02,0.4010829593166353,2494,2,4.600000102072954e-05,0.007,optimal,21,11,12,0.4010829593166353,0.4010829593166353,0.401083,True,ok
v40_sequential,compas_binned,6907,12,0.01,0.37486752569856663,2382,3,0.00020875001791864634,0.007,optimal,111,61,12,0.3748675256985667,0.3748675256985667,0.374868,True,ok
v40_sequential,compas_binned,6907,12,0.005,0.355968582597365,2286,5,0.0006361659616231918,0.008,optimal,296,199,12,0.35596858259736497,0.35596858259736497,0.355969,True,ok
v40_sequential,fico_binary,10459,17,0.1,0.5040443637058992,3180,2,3.758398815989494e-05,0.015,optimal,3,1,17,0.5040443637058992,0.5040443637058992,0.504044,True,ok
v40_sequential,fico_binary,10459,17,0.05,0.40404436370589925,3180,2,8.229201193898916e-05,0.016,optimal,23,12,17,0.40404436370589925,0.40404436370589925,0.404044,True,ok
v40_sequential,fico_binary,10459,17,0.02,0.3440443637058992,3180,2,0.0007727909833192825,0.016,optimal,277,164,17,0.3440443637058992,0.3440443637058992,0.344044,True,ok
v40_sequential,fico_binary,10459,17,0.01,0.32404436370589923,3180,2,0.02681924996431917,0.042,optimal,6346,4971,17,0.32404436370589923,0.32404436370589923,0.324044,True,ok
v40_sequential,fico_binary,10459,17,0.005,0.308650922650349,3019,4,0.4313753329915926,0.446,optimal,57049,70792,17,0.308650922650349,0.308650922650349,0.308651,True,ok
v40_sequential,compas_processed,12381,22,0.1,0.411364187060819,3855,1,0.0002519580302760005,0.249,optimal,23,12,621,0.411364187060819,0.411364187060819,0.411364,True,ok
v40_sequential,compas_processed,12381,22,0.05,0.36136418706081896,3855,1,0.28089537494815886,0.535,optimal,18241,11737,621,0.36136418706081896,0.36136418706081896,0.361364,True,ok
v40_sequential,compas_processed,12381,22,0.02,0.32786043130603343,3564,2,30.0,30.279,time,1296675,933749,621,0.10857281318148776,0.32786043130603343,0.32786,False,ok
v40_sequential,compas_processed,12381,22,0.01,0.30786043130603347,3564,2,30.0,30.308,time,763278,640033,621,0.08857281318148777,0.30786043130603347,0.30786,False,ok
v40_sequential,compas_processed,12381,22,0.005,0.29786043130603346,3564,2,30.0,30.28,time,565567,486135,621,0.07857281318148776,0.29786043130603346,0.29786,False,ok
v43_greedy_seed,chudi,77,2,0.1,0.464935064935065,5,4,0.00018454203382134438,17.073,optimal,23,10,46,0.464935064935065,0.464935064935065,0.464935,True,ok
v43_greedy_seed,chudi,77,2,0.05,0.25,0,5,0.00029562495183199644,0.001,optimal,53,24,46,0.25,0.25,0.25,True,ok
v43_greedy_seed,chudi,77,2,0.02,0.1,0,5,0.00033249997068196535,0.001,optimal,59,26,46,0.1,0.1,0.1,True,ok
v43_greedy_seed,chudi,77,2,0.01,0.05,0,5,0.0003660001093521714,0.001,optimal,65,29,46,0.05,0.05,0.05,True,ok
v43_greedy_seed,chudi,77,2,0.005,0.025,0,5,0.0003601249773055315,0.001,optimal,65,29,46,0.025,0.025,0.025,True,ok
v43_greedy_seed,monk_3,122,11,0.1,0.5213114754098361,27,3,3.0374969355762005e-05,0.001,optimal,6,3,11,0.521311475409836,0.521311475409836,0.521311,True,ok
v43_greedy_seed,monk_3,122,11,0.05,0.3713114754098361,27,3,6.316695362329483e-05,0.001,optimal,28,15,11,0.37131147540983606,0.37131147540983606,0.371311,True,ok
v43_greedy_seed,monk_3,122,11,0.02,0.24295081967213114,15,6,0.00021437497343868017,0.001,optimal,131,88,11,0.24295081967213117,0.24295081967213117,0.2429508196721311,True,ok
v43_greedy_seed,monk_3,122,11,0.01,0.15557377049180326,8,9,0.0005815830081701279,0.001,optimal,385,284,11,0.15557377049180326,0.15557377049180326,0.1555737704918032,True,ok
v43_greedy_seed,monk_3,122,11,0.005,0.09459016393442624,3,14,0.00199441600125283,0.003,optimal,1298,1001,11,0.09459016393442624,0.09459016393442624,0.09459,True,ok
v43_greedy_seed,monk_1,124,11,0.1,0.4661290322580645,33,2,2.2542080841958523e-05,0.001,optimal,3,2,11,0.46612903225806446,0.46612903225806446,0.466129,True,ok
v43_greedy_seed,monk_1,124,11,0.05,0.33870967741935487,11,5,8.549995254725218e-05,0.001,optimal,44,24,11,0.3387096774193548,0.3387096774193548,0.3387096774193548,True,ok
v43_greedy_seed,monk_1,124,11,0.02,0.16,0,8,0.00013058306649327278,0.001,optimal,95,50,11,0.16,0.16,0.16,True,ok
v43_greedy_seed,monk_1,124,11,0.01,0.08,0,8,0.0001301249722018838,0.001,optimal,101,51,11,0.08,0.08,0.08,True,ok
v43_greedy_seed,monk_1,124,11,0.005,0.04,0,8,0.0001229170011356473,0.001,optimal,101,51,11,0.04,0.04,0.04,True,ok
v43_greedy_seed,iris,150,4,0.1,0.34,6,3,0.00011016696225851774,0.001,optimal,5,0,118,0.34,0.34,0.34,True,ok
v43_greedy_seed,iris,150,4,0.05,0.19000000000000003,6,3,0.00013120798394083977,0.001,optimal,9,0,118,0.19,0.19,0.19,True,ok
v43_greedy_seed,iris,150,4,0.02,0.1,6,3,0.004392916918732226,0.006,optimal,122,73,118,0.1,0.1,0.1,True,ok
v43_greedy_seed,iris,150,4,0.01,0.06,3,4,0.011156333959661424,0.012,optimal,203,339,118,0.060000000000000005,0.060000000000000005,0.06,True,ok
v43_greedy_seed,iris,150,4,0.005,0.03833333333333334,2,5,0.030624583014287055,0.032,optimal,153,2141,118,0.03833333333333333,0.03833333333333333,0.038333,True,ok
v43_greedy_seed,monk_2,169,11,0.1,0.47869822485207103,64,1,2.5292043574154377e-05,0.001,optimal,1,1,11,0.47869822485207103,0.47869822485207103,0.478698,True,ok
v43_greedy_seed,monk_2,169,11,0.05,0.428698224852071,64,1,6.637501064687967e-05,0.001,optimal,23,14,11,0.428698224852071,0.428698224852071,0.428698,True,ok
v43_greedy_seed,monk_2,169,11,0.02,0.35893491124260357,37,7,0.0010162079706788063,0.002,optimal,546,446,11,0.35893491124260357,0.35893491124260357,0.3589349112426035,True,ok
v43_greedy_seed,monk_2,169,11,0.01,0.2650887573964497,11,20,0.003460582927800715,0.004,optimal,1843,1631,11,0.2650887573964497,0.2650887573964497,0.2650887573964497,True,ok
v43_greedy_seed,monk_2,169,11,0.005,0.15275147928994084,3,27,0.006425291998311877,0.008,optimal,2358,2838,11,0.15275147928994082,0.15275147928994082,0.152751,True,ok
v43_greedy_seed,tic-tac-toe,958,9,0.1,0.4465553235908142,332,1,4.733400419354439e-05,0.011,optimal,1,1,27,0.4465553235908142,0.4465553235908142,0.446555,True,ok
v43_greedy_seed,tic-tac-toe,958,9,0.05,0.3965553235908142,332,1,0.0004502920201048255,0.011,optimal,55,38,27,0.39655532359081413,0.39655532359081413,0.396555,True,ok
v43_greedy_seed,tic-tac-toe,958,9,0.02,0.3183298538622129,190,6,0.011803166009485722,0.023,optimal,802,4230,27,0.3183298538622129,0.3183298538622129,0.3183298538622129,True,ok
v43_greedy_seed,tic-tac-toe,958,9,0.01,0.2507515657620042,154,9,0.07017908291891217,0.081,optimal,905,42234,27,0.2507515657620042,0.2507515657620042,0.2507515657620042,True,ok
v43_greedy_seed,tic-tac-toe,958,9,0.005,0.15427974947807935,52,20,0.17062308406457305,0.182,optimal,1081,115017,27,0.15427974947807932,0.15427974947807932,0.1542797494780793,True,ok
v43_greedy_seed,gaussian_1k,1000,1,0.1,0.397,297,1,0.000364125007763505,0.035,optimal,1,0,999,0.397,0.397,0.397,True,ok
v43_greedy_seed,gaussian_1k,1000,1,0.05,0.275,125,3,0.0004374169511720538,0.033,optimal,5,0,999,0.275,0.275,0.275,True,ok
v43_greedy_seed,gaussian_1k,1000,1,0.02,0.185,125,3,0.00047708407510071993,0.033,optimal,5,0,999,0.18499999999999997,0.18499999999999997,0.185,True,ok
v43_greedy_seed,gaussian_1k,1000,1,0.01,0.155,125,3,0.0004837500164285302,0.032,optimal,5,0,999,0.155,0.155,0.155,True,ok
v43_greedy_seed,gaussian_1k,1000,1,0.005,0.14,125,3,0.000492708059027791,0.032,optimal,5,0,999,0.14,0.14,0.14,True,ok
v43_greedy_seed,fico_1k,1000,23,0.1,0.491,291,2,0.01814783294685185,0.036,optimal,11,2641,1357,0.49100000000000005,0.49100000000000005,0.491,True,ok
v43_greedy_seed,fico_1k,1000,23,0.05,0.391,291,2,30.0,30.097,time,11,4750901,1357,0.125,0.391,0.391,False,ok
v43_greedy_seed,fico_1k,1000,23,0.02,0.33099999999999996,291,2,30.0,30.236,time,11,1788208,1357,0.065,0.33099999999999996,0.331,False,ok
v43_greedy_seed,fico_1k,1000,23,0.01,0.304,264,4,30.0,30.156,time,17,1879987,1357,0.045,0.304,0.304,False,ok
v43_greedy_seed,fico_1k,1000,23,0.005,0.28400000000000003,264,4,30.0,30.08,time,17,1557640,1357,0.035,0.28400000000000003,0.284,False,ok
v43_greedy_seed,sine_1k,1000,1,0.1,0.595,495,1,0.0004444170044735074,0.041,optimal,1,0,999,0.595,0.595,0.595,True,ok
v43_greedy_seed,sine_1k,1000,1,0.05,0.545,495,1,0.00048754108138382435,0.038,optimal,1,0,999,0.545,0.545,0.545,True,ok
v43_greedy_seed,sine_1k,1000,1,0.02,0.494,454,2,0.0006025420734658837,0.045,optimal,3,0,999,0.494,0.494,0.494,True,ok
v43_greedy_seed,sine_1k,1000,1,0.01,0.42900000000000005,169,26,0.0006235840264707804,0.04,optimal,51,0,999,0.42900000000000016,0.42900000000000016,0.429,True,ok
v43_greedy_seed,sine_1k,1000,1,0.005,0.269,109,32,0.0006530829705297947,0.04,optimal,63,0,999,0.26900000000000013,0.26900000000000013,0.269,True,ok
v43_greedy_seed,car_evaluation,1728,15,0.1,0.3997685185185186,518,1,4.095910117030144e-05,0.003,optimal,1,1,15,0.39976851851851847,0.39976851851851847,0.3997685185185186,True,ok
v43_greedy_seed,car_evaluation,1728,15,0.05,0.29467592592592595,250,3,9.983300697058439e-05,0.003,optimal,18,10,15,0.29467592592592595,0.29467592592592595,0.2946759259259259,True,ok
v43_greedy_seed,car_evaluation,1728,15,0.02,0.20467592592592593,250,3,0.0012255829060450196,0.004,optimal,548,377,15,0.20467592592592593,0.20467592592592593,0.2046759259259259,True,ok
v43_greedy_seed,car_evaluation,1728,15,0.01,0.1452314814814815,130,7,0.006003624992445111,0.009,optimal,1412,1869,15,0.1452314814814815,0.1452314814814815,0.145231,True,ok
v43_greedy_seed,car_evaluation,1728,15,0.005,0.1063425925925926,106,9,0.012634458020329475,0.016,optimal,1642,10327,15,0.1063425925925926,0.1063425925925926,0.1063425925925926,True,ok
v43_greedy_seed,coupon_bar,1913,14,0.1,0.5119184526921067,788,1,2.9749935492873192e-05,0.003,optimal,1,1,14,0.5119184526921067,0.5119184526921067,0.511918,True,ok
v43_greedy_seed,coupon_bar,1913,14,0.05,0.4538944066910612,677,2,6.320793181657791e-05,0.003,optimal,27,15,14,0.4538944066910611,0.4538944066910611,0.453894,True,ok
v43_greedy_seed,coupon_bar,1913,14,0.02,0.37155253528489285,596,3,0.0003349590115249157,0.003,optimal,189,122,14,0.3715525352848928,0.3715525352848928,0.3715525352848928,True,ok
v43_greedy_seed,coupon_bar,1913,14,0.01,0.3410977522216414,576,4,0.0020985000301152468,0.005,optimal,952,778,14,0.3410977522216414,0.3410977522216414,0.3410977522216414,True,ok
v43_greedy_seed,coupon_bar,1913,14,0.005,0.3186199686356508,533,8,0.00929762504529208,0.012,optimal,1655,4829,14,0.3186199686356508,0.3186199686356508,0.3186199686356508,True,ok
v43_greedy_seed,compas_binned,6907,12,0.1,0.5610829593166353,2494,2,3.120908513665199e-05,0.008,optimal,3,1,12,0.5610829593166353,0.5610829593166353,0.5610829593166353,True,ok
v43_greedy_seed,compas_binned,6907,12,0.05,0.46108295931663534,2494,2,4.083302337676287e-05,0.008,optimal,3,1,12,0.46108295931663523,0.46108295931663523,0.4610829593166353,True,ok
v43_greedy_seed,compas_binned,6907,12,0.02,0.4010829593166353,2494,2,7.454201113432646e-05,0.008,optimal,21,12,12,0.4010829593166353,0.4010829593166353,0.4010829593166353,True,ok
v43_greedy_seed,compas_binned,6907,12,0.01,0.37486752569856663,2382,3,0.00026300002355128527,0.008,optimal,111,63,12,0.3748675256985667,0.3748675256985667,0.3748675256985666,True,ok
v43_greedy_seed,compas_binned,6907,12,0.005,0.355968582597365,2286,5,0.0007549580186605453,0.008,optimal,297,201,12,0.35596858259736497,0.35596858259736497,0.355968582597365,True,ok
v43_greedy_seed,fico_binary,10459,17,0.1,0.5040443637058992,3180,2,4.341697786003351e-05,0.015,optimal,3,1,17,0.5040443637058992,0.5040443637058992,0.504044,True,ok
v43_greedy_seed,fico_binary,10459,17,0.05,0.40404436370589925,3180,2,0.0001052499283105135,0.016,optimal,23,13,17,0.40404436370589925,0.40404436370589925,0.404044,True,ok
v43_greedy_seed,fico_binary,10459,17,0.02,0.3440443637058992,3180,2,0.0007935420144349337,0.016,optimal,277,166,17,0.3440443637058992,0.3440443637058992,0.344044,True,ok
v43_greedy_seed,fico_binary,10459,17,0.01,0.32404436370589923,3180,2,0.023752792039886117,0.038,optimal,1250,6377,17,0.32404436370589923,0.32404436370589923,0.324044,True,ok
v43_greedy_seed,fico_binary,10459,17,0.005,0.308650922650349,3019,4,0.1918584998929873,0.207,optimal,1421,96908,17,0.308650922650349,0.308650922650349,0.308650922650349,True,ok
v43_greedy_seed,compas_processed,12381,22,0.1,0.411364187060819,3855,1,0.0003826669417321682,0.266,optimal,23,13,621,0.411364187060819,0.411364187060819,0.411364,True,ok
v43_greedy_seed,compas_processed,12381,22,0.05,0.36136418706081896,3855,1,0.06784754095133394,0.323,optimal,260,12323,621,0.36136418706081896,0.36136418706081896,0.361364,True,ok
v43_greedy_seed,compas_processed,12381,22,0.02,0.32786043130603343,3564,2,13.388100625015795,13.693,memory,11,1510923,621,0.10857281318148776,0.32786043130603343,0.32786,False,ok
v43_greedy_seed,compas_processed,12381,22,0.01,0.30786043130603347,3564,2,17.605960041983053,17.874,memory,11,1543645,621,0.08857281318148777,0.30786043130603347,0.30786,False,ok
v43_greedy_seed,compas_processed,12381,22,0.005,0.29786043130603346,3564,2,24.0234386670636,24.286,memory,11,1595222,621,0.07857281318148776,0.29786043130603346,0.29786,False,ok
v43_anytime_10ms,chudi,77,2,0.1,0.464935064935065,5,4,0.00022666691802442074,19.159,optimal,23,10,46,0.464935064935065,0.464935064935065,0.464935,True,ok
v43_anytime_10ms,chudi,77,2,0.05,0.25,0,5,0.0003315000794827938,0.001,optimal,53,24,46,0.25,0.25,0.25,True,ok
v43_anytime_10ms,chudi,77,2,0.02,0.1,0,5,0.0003679579822346568,0.001,optimal,59,26,46,0.1,0.1,0.1,True,ok
v43_anytime_10ms,chudi,77,2,0.01,0.05,0,5,0.0004110840382054448,0.001,optimal,65,29,46,0.05,0.05,0.05,True,ok
v43_anytime_10ms,chudi,77,2,0.005,0.025,0,5,0.0003997919848188758,0.001,optimal,65,29,46,0.025,0.025,0.025,True,ok
v43_anytime_10ms,monk_3,122,11,0.1,0.5213114754098361,27,3,4.224991425871849e-05,0.001,optimal,6,3,11,0.521311475409836,0.521311475409836,0.521311,True,ok
v43_anytime_10ms,monk_3,122,11,0.05,0.3713114754098361,27,3,7.504201494157314e-05,0.001,optimal,28,15,11,0.37131147540983606,0.37131147540983606,0.371311,True,ok
v43_anytime_10ms,monk_3,122,11,0.02,0.24295081967213114,15,6,0.0002348329871892929,0.001,optimal,131,88,11,0.24295081967213117,0.24295081967213117,0.2429508196721311,True,ok
v43_anytime_10ms,monk_3,122,11,0.01,0.15557377049180326,8,9,0.0007183749694377184,0.002,optimal,448,327,11,0.15557377049180326,0.15557377049180326,0.1555737704918032,True,ok
v43_anytime_10ms,monk_3,122,11,0.005,0.09459016393442624,3,14,0.0021799160167574883,0.003,optimal,1267,1002,11,0.09459016393442624,0.09459016393442624,0.09459,True,ok
v43_anytime_10ms,monk_1,124,11,0.1,0.4661290322580645,33,2,2.4957931600511074e-05,0.001,optimal,3,2,11,0.46612903225806446,0.46612903225806446,0.466129,True,ok
v43_anytime_10ms,monk_1,124,11,0.05,0.33870967741935487,11,5,7.645809091627598e-05,0.001,optimal,44,24,11,0.3387096774193548,0.3387096774193548,0.3387096774193548,True,ok
v43_anytime_10ms,monk_1,124,11,0.02,0.16,0,8,0.00013583304826170206,0.001,optimal,95,50,11,0.16,0.16,0.16,True,ok
v43_anytime_10ms,monk_1,124,11,0.01,0.08,0,8,0.00013879197649657726,0.001,optimal,101,51,11,0.08,0.08,0.08,True,ok
v43_anytime_10ms,monk_1,124,11,0.005,0.04,0,8,0.00013329193461686373,0.001,optimal,101,51,11,0.04,0.04,0.04,True,ok
v43_anytime_10ms,iris,150,4,0.1,0.34,6,3,0.00011424999684095383,0.001,optimal,5,0,118,0.34,0.34,0.34,True,ok
v43_anytime_10ms,iris,150,4,0.05,0.19000000000000003,6,3,0.00013958406634628773,0.001,optimal,9,0,118,0.19,0.19,0.19,True,ok
v43_anytime_10ms,iris,150,4,0.02,0.1,6,3,0.004997082985937595,0.006,optimal,122,81,118,0.1,0.1,0.1,True,ok
v43_anytime_10ms,iris,150,4,0.01,0.06,3,4,0.010075042024254799,0.011,time,250,192,118,0.02,0.060000000000000005,0.06,True,ok
v43_anytime_10ms,iris,150,4,0.005,0.03833333333333334,2,5,0.010313208098523319,0.012,time,295,258,118,0.01,0.03833333333333333,0.038333,True,ok
v43_anytime_10ms,monk_2,169,11,0.1,0.47869822485207103,64,1,2.1958956494927406e-05,0.001,optimal,1,1,11,0.47869822485207103,0.47869822485207103,0.478698,True,ok
v43_anytime_10ms,monk_2,169,11,0.05,0.428698224852071,64,1,6.474996916949749e-05,0.001,optimal,23,14,11,0.428698224852071,0.428698224852071,0.428698,True,ok
v43_anytime_10ms,monk_2,169,11,0.02,0.35893491124260357,37,7,0.0010706250322982669,0.002,optimal,579,468,11,0.35893491124260357,0.35893491124260357,0.3589349112426035,True,ok
v43_anytime_10ms,monk_2,169,11,0.01,0.2650887573964497,11,20,0.0037783330772072077,0.005,optimal,1970,1745,11,0.2650887573964497,0.2650887573964497,0.2650887573964497,True,ok
v43_anytime_10ms,monk_2,169,11,0.005,0.15275147928994084,3,27,0.006335416925139725,0.007,optimal,3298,2789,11,0.15275147928994082,0.15275147928994082,0.152751,True,ok
v43_anytime_10ms,tic-tac-toe,958,9,0.1,0.4465553235908142,332,1,3.5624951124191284e-05,0.011,optimal,1,1,27,0.4465553235908142,0.4465553235908142,0.446555,True,ok
v43_anytime_10ms,tic-tac-toe,958,9,0.05,0.3965553235908142,332,1,0.0004468329716473818,0.011,optimal,55,38,27,0.39655532359081413,0.39655532359081413,0.396555,True,ok
v43_anytime_10ms,tic-tac-toe,958,9,0.02,0.3406263048016701,288,2,0.01052920799702406,0.021,time,1862,1237,27,0.04,0.3406263048016701,0.3183298538622129,True,worse_than_known
v43_anytime_10ms,tic-tac-toe,958,9,0.01,0.2839874739039666,205,7,0.010453374939970672,0.022,time,2266,1493,27,0.02,0.2839874739039666,0.2507515657620042,True,worse_than_known
v43_anytime_10ms,tic-tac-toe,958,9,0.005,0.19180584551148225,64,25,0.010276708984747529,0.022,time,2387,1537,27,0.01,0.19180584551148225,0.1542797494780793,True,worse_than_known
v43_anytime_10ms,gaussian_1k,1000,1,0.1,0.397,297,1,0.00039324990939348936,0.036,optimal,1,0,999,0.397,0.397,0.397,True,ok
v43_anytime_10ms,gaussian_1k,1000,1,0.05,0.275,125,3,0.00046716700308024883,0.038,optimal,5,0,999,0.275,0.275,0.275,True,ok
v43_anytime_10ms,gaussian_1k,1000,1,0.02,0.185,125,3,0.0005274160066619515,0.037,optimal,5,0,999,0.18499999999999997,0.18499999999999997,0.185,True,ok
v43_anytime_10ms,gaussian_1k,1000,1,0.01,0.155,125,3,0.0005397089989855886,0.037,optimal,5,0,999,0.155,0.155,0.155,True,ok
v43_anytime_10ms,gaussian_1k,1000,1,0.005,0.14,125,3,0.0005566669860854745,0.036,optimal,5,0,999,0.14,0.14,0.14,True,ok
v43_anytime_10ms,fico_1k,1000,23,0.1,0.491,291,2,0.010077249957248569,0.031,time,305,198,1357,0.225,0.49100000000000005,0.491,True,ok
v43_anytime_10ms,fico_1k,1000,23,0.05,0.391,291,2,0.022730208933353424,0.047,time,11,4,1357,0.125,0.391,0.391,False,ok
v43_anytime_10ms,fico_1k,1000,23,0.02,0.33099999999999996,291,2,0.03434662509243935,0.058,time,11,4,1357,0.065,0.33099999999999996,0.331,False,ok
v43_anytime_10ms,fico_1k,1000,23,0.01,0.311,291,2,0.03976279101334512,0.062,time,15,4,1357,0.045,0.311,0.304,False,worse_than_known
v43_anytime_10ms,fico_1k,1000,23,0.005,0.301,291,2,0.0401249579153955,0.064,time,15,4,1357,0.035,0.301,0.284,False,worse_than_known
v43_anytime_10ms,sine_1k,1000,1,0.1,0.595,495,1,0.00040662509854882956,0.037,optimal,1,0,999,0.595,0.595,0.595,True,ok
v43_anytime_10ms,sine_1k,1000,1,0.05,0.545,495,1,0.0004931249422952533,0.036,optimal,1,0,999,0.545,0.545,0.545,True,ok
v43_anytime_10ms,sine_1k,1000,1,0.02,0.494,454,2,0.0005443340633064508,0.036,optimal,3,0,999,0.494,0.494,0.494,True,ok
v43_anytime_10ms,sine_1k,1000,1,0.01,0.42900000000000005,169,26,0.0005773749435320497,0.037,optimal,51,0,999,0.42900000000000016,0.42900000000000016,0.429,True,ok
v43_anytime_10ms,sine_1k,1000,1,0.005,0.269,109,32,0.0006000000284984708,0.037,optimal,63,0,999,0.26900000000000013,0.26900000000000013,0.269,True,ok
v43_anytime_10ms,car_evaluation,1728,15,0.1,0.3997685185185186,518,1,3.975001163780689e-05,0.003,optimal,1,1,15,0.39976851851851847,0.39976851851851847,0.3997685185185186,True,ok
v43_anytime_10ms,car_evaluation,1728,15,0.05,0.29467592592592595,250,3,9.020906873047352e-05,0.003,optimal,18,10,15,0.29467592592592595,0.29467592592592595,0.2946759259259259,True,ok
v43_anytime_10ms,car_evaluation,1728,15,0.02,0.20467592592592593,250,3,0.0011979169212281704,0.004,optimal,547,389,15,0.20467592592592593,0.20467592592592593,0.2046759259259259,True,ok
v43_anytime_10ms,car_evaluation,1728,15,0.01,0.1452314814814815,130,7,0.005757083999924362,0.009,optimal,2119,1890,15,0.1452314814814815,0.1452314814814815,0.145231,True,ok
v43_anytime_10ms,car_evaluation,1728,15,0.005,0.1063425925925926,106,9,0.010047500021755695,0.013,time,3305,3518,15,0.01,0.1063425925925926,0.1063425925925926,True,ok
v43_anytime_10ms,coupon_bar,1913,14,0.1,0.5119184526921067,788,1,3.550003748387098e-05,0.003,optimal,1,1,14,0.5119184526921067,0.5119184526921067,0.511918,True,ok
v43_anytime_10ms,coupon_bar,1913,14,0.05,0.4538944066910612,677,2,5.558400880545378e-05,0.003,optimal,27,15,14,0.4538944066910611,0.4538944066910611,0.453894,True,ok
v43_anytime_10ms,coupon_bar,1913,14,0.02,0.37155253528489285,596,3,0.0003265420673415065,0.003,optimal,189,122,14,0.3715525352848928,0.3715525352848928,0.3715525352848928,True,ok
v43_anytime_10ms,coupon_bar,1913,14,0.01,0.3410977522216414,576,4,0.0022774169920012355,0.005,optimal,946,825,14,0.3410977522216414,0.3410977522216414,0.3410977522216414,True,ok
v43_anytime_10ms,coupon_bar,1913,14,0.005,0.3186199686356508,533,8,0.01009387499652803,0.013,time,3054,3572,14,0.26771040250914796,0.3186199686356508,0.3186199686356508,True,ok
v43_anytime_10ms,compas_binned,6907,12,0.1,0.5610829593166353,2494,2,3.15000070258975e-05,0.008,optimal,3,1,12,0.5610829593166353,0.5610829593166353,0.5610829593166353,True,ok
v43_anytime_10ms,compas_binned,6907,12,0.05,0.46108295931663534,2494,2,3.541703335940838e-05,0.008,optimal,3,1,12,0.46108295931663523,0.46108295931663523,0.4610829593166353,True,ok
v43_anytime_10ms,compas_binned,6907,12,0.02,0.4010829593166353,2494,2,7.004197686910629e-05,0.008,optimal,21,12,12,0.4010829593166353,0.4010829593166353,0.4010829593166353,True,ok
v43_anytime_10ms,compas_binned,6907,12,0.01,0.37486752569856663,2382,3,0.0002667499938979745,0.008,optimal,111,63,12,0.3748675256985667,0.3748675256985667,0.3748675256985666,True,ok
v43_anytime_10ms,compas_binned,6907,12,0.005,0.355968582597365,2286,5,0.0007366660283878446,0.008,optimal,297,204,12,0.35596858259736497,0.35596858259736497,0.355968582597365,True,ok
v43_anytime_10ms,fico_binary,10459,17,0.1,0.5040443637058992,3180,2,4.3625012040138245e-05,0.016,optimal,3,1,17,0.5040443637058992,0.5040443637058992,0.504044,True,ok
v43_anytime_10ms,fico_binary,10459,17,0.05,0.40404436370589925,3180,2,9.075005073100328e-05,0.015,optimal,23,13,17,0.40404436370589925,0.40404436370589925,0.404044,True,ok
v43_anytime_10ms,fico_binary,10459,17,0.02,0.3440443637058992,3180,2,0.0008398339850828052,0.016,optimal,277,168,17,0.3440443637058992,0.3440443637058992,0.344044,True,ok
v43_anytime_10ms,fico_binary,10459,17,0.01,0.32404436370589923,3180,2,0.010205916943959892,0.026,time,2461,1848,17,0.23407400325078878,0.32404436370589923,0.324044,True,ok
v43_anytime_10ms,fico_binary,10459,17,0.005,0.308650922650349,3019,4,0.010122957988642156,0.025,time,2880,2019,17,0.2240740032507888,0.308650922650349,0.308650922650349,True,ok
v43_anytime_10ms,compas_processed,12381,22,0.1,0.411364187060819,3855,1,0.00039837497752159834,0.264,optimal,23,13,621,0.411364187060819,0.411364187060819,0.411364,True,ok
v43_anytime_10ms,compas_processed,12381,22,0.05,0.36136418706081896,3855,1,0.010346375056542456,0.298,time,720,443,621,0.16857281318148776,0.36136418706081896,0.361364,True,ok
v43_anytime_10ms,compas_processed,12381,22,0.02,0.32786043130603343,3564,2,0.010186958010308444,0.281,time,175,107,621,0.10857281318148776,0.32786043130603343,0.32786,False,ok
v43_anytime_10ms,compas_processed,12381,22,0.01,0.30786043130603347,3564,2,0.010043124901130795,0.283,time,113,63,621,0.08857281318148777,0.30786043130603347,0.30786,False,ok
v43_anytime_10ms,compas_processed,12381,22,0.005,0.29786043130603346,3564,2,0.012450457899831235,0.275,time,11,4,621,0.07857281318148776,0.29786043130603346,0.29786,False,ok
v43_anytime_20ms,chudi,77,2,0.1,0.464935064935065,5,4,0.00021462503354996443,19.374,optimal,23,10,46,0.464935064935065,0.464935064935065,0.464935,True,ok
v43_anytime_20ms,chudi,77,2,0.05,0.25,0,5,0.0003289590822532773,0.001,optimal,53,24,46,0.25,0.25,0.25,True,ok
v43_anytime_20ms,chudi,77,2,0.02,0.1,0,5,0.00039950001519173384,0.001,optimal,59,26,46,0.1,0.1,0.1,True,ok
v43_anytime_20ms,chudi,77,2,0.01,0.05,0,5,0.0004101250087842345,0.001,optimal,65,29,46,0.05,0.05,0.05,True,ok
v43_anytime_20ms,chudi,77,2,0.005,0.025,0,5,0.000400334014557302,0.001,optimal,65,29,46,0.025,0.025,0.025,True,ok
v43_anytime_20ms,monk_3,122,11,0.1,0.5213114754098361,27,3,3.400002606213093e-05,0.001,optimal,6,3,11,0.521311475409836,0.521311475409836,0.521311,True,ok
v43_anytime_20ms,monk_3,122,11,0.05,0.3713114754098361,27,3,6.979203317314386e-05,0.001,optimal,28,15,11,0.37131147540983606,0.37131147540983606,0.371311,True,ok
v43_anytime_20ms,monk_3,122,11,0.02,0.24295081967213114,15,6,0.00023258407600224018,0.001,optimal,131,88,11,0.24295081967213117,0.24295081967213117,0.2429508196721311,True,ok
v43_anytime_20ms,monk_3,122,11,0.01,0.15557377049180326,8,9,0.0006353330099955201,0.002,optimal,385,284,11,0.15557377049180326,0.15557377049180326,0.1555737704918032,True,ok
v43_anytime_20ms,monk_3,122,11,0.005,0.09459016393442624,3,14,0.0022608330473303795,0.003,optimal,1298,1005,11,0.09459016393442624,0.09459016393442624,0.09459,True,ok
v43_anytime_20ms,monk_1,124,11,0.1,0.4661290322580645,33,2,3.0542025342583656e-05,0.001,optimal,3,2,11,0.46612903225806446,0.46612903225806446,0.466129,True,ok
v43_anytime_20ms,monk_1,124,11,0.05,0.33870967741935487,11,5,8.112494833767414e-05,0.001,optimal,44,24,11,0.3387096774193548,0.3387096774193548,0.3387096774193548,True,ok
v43_anytime_20ms,monk_1,124,11,0.02,0.16,0,8,0.00013766693882644176,0.001,optimal,95,50,11,0.16,0.16,0.16,True,ok
v43_anytime_20ms,monk_1,124,11,0.01,0.08,0,8,0.00013470801059156656,0.001,optimal,101,51,11,0.08,0.08,0.08,True,ok
v43_anytime_20ms,monk_1,124,11,0.005,0.04,0,8,0.00013045803643763065,0.001,optimal,101,51,11,0.04,0.04,0.04,True,ok
v43_anytime_20ms,iris,150,4,0.1,0.34,6,3,0.00011245801579207182,0.001,optimal,5,0,118,0.34,0.34,0.34,True,ok
v43_anytime_20ms,iris,150,4,0.05,0.19000000000000003,6,3,0.0001367910299450159,0.001,optimal,9,0,118,0.19,0.19,0.19,True,ok
v43_anytime_20ms,iris,150,4,0.02,0.1,6,3,0.004879040992818773,0.006,optimal,122,77,118,0.1,0.1,0.1,True,ok
v43_anytime_20ms,iris,150,4,0.01,0.06,3,4,0.008935833000577986,0.01,optimal,115,381,118,0.060000000000000005,0.060000000000000005,0.06,True,ok
v43_anytime_20ms,iris,150,4,0.005,0.03833333333333334,2,5,0.02524354204069823,0.027,time,111,1604,118,0.01,0.03833333333333333,0.038333,True,ok
v43_anytime_20ms,monk_2,169,11,0.1,0.47869822485207103,64,1,2.845900598913431e-05,0.001,optimal,1,1,11,0.47869822485207103,0.47869822485207103,0.478698,True,ok
v43_anytime_20ms,monk_2,169,11,0.05,0.428698224852071,64,1,6.854196544736624e-05,0.001,optimal,23,14,11,0.428698224852071,0.428698224852071,0.428698,True,ok
v43_anytime_20ms,monk_2,169,11,0.02,0.35893491124260357,37,7,0.001040124916471541,0.002,optimal,546,449,11,0.35893491124260357,0.35893491124260357,0.3589349112426035,True,ok
v43_anytime_20ms,monk_2,169,11,0.01,0.2650887573964497,11,20,0.003526667016558349,0.005,optimal,1831,1626,11,0.2650887573964497,0.2650887573964497,0.2650887573964497,True,ok
v43_anytime_20ms,monk_2,169,11,0.005,0.15275147928994084,3,27,0.00665112491697073,0.008,optimal,2384,2850,11,0.15275147928994082,0.15275147928994082,0.152751,True,ok
v43_anytime_20ms,tic-tac-toe,958,9,0.1,0.4465553235908142,332,1,3.3667078241705894e-05,0.012,optimal,1,1,27,0.4465553235908142,0.4465553235908142,0.446555,True,ok
v43_anytime_20ms,tic-tac-toe,958,9,0.05,0.3965553235908142,332,1,0.00046912499237805605,0.012,optimal,55,38,27,0.39655532359081413,0.39655532359081413,0.396555,True,ok
v43_anytime_20ms,tic-tac-toe,958,9,0.02,0.3183298538622129,190,6,0.015580417006276548,0.027,optimal,677,6252,27,0.3183298538622129,0.3183298538622129,0.3183298538622129,True,ok
v43_anytime_20ms,tic-tac-toe,958,9,0.01,0.2839874739039666,205,7,0.020885834004729986,0.033,time,732,11427,27,0.02,0.2839874739039666,0.2507515657620042,True,worse_than_known
v43_anytime_20ms,tic-tac-toe,958,9,0.005,0.19180584551148225,64,25,0.02091483399271965,0.032,time,813,11925,27,0.01,0.19180584551148225,0.1542797494780793,True,worse_than_known
v43_anytime_20ms,gaussian_1k,1000,1,0.1,0.397,297,1,0.0003958749584853649,0.037,optimal,1,0,999,0.397,0.397,0.397,True,ok
v43_anytime_20ms,gaussian_1k,1000,1,0.05,0.275,125,3,0.00047075003385543823,0.037,optimal,5,0,999,0.275,0.275,0.275,True,ok
v43_anytime_20ms,gaussian_1k,1000,1,0.02,0.185,125,3,0.0005274160066619515,0.036,optimal,5,0,999,0.18499999999999997,0.18499999999999997,0.185,True,ok
v43_anytime_20ms,gaussian_1k,1000,1,0.01,0.155,125,3,0.0005448749288916588,0.037,optimal,5,0,999,0.155,0.155,0.155,True,ok
v43_anytime_20ms,gaussian_1k,1000,1,0.005,0.14,125,3,0.000555249978788197,0.036,optimal,5,0,999,0.14,0.14,0.14,True,ok
v43_anytime_20ms,fico_1k,1000,23,0.1,0.491,291,2,0.02022470801603049,0.041,time,11,2586,1357,0.225,0.49100000000000005,0.491,True,ok
v43_anytime_20ms,fico_1k,1000,23,0.05,0.391,291,2,0.021118083968758583,0.043,time,11,4,1357,0.125,0.391,0.391,False,ok
v43_anytime_20ms,fico_1k,1000,23,0.02,0.33099999999999996,291,2,0.030887249973602593,0.052,time,11,4,1357,0.065,0.33099999999999996,0.331,False,ok
v43_anytime_20ms,fico_1k,1000,23,0.01,0.311,291,2,0.042630083044059575,0.064,time,15,4,1357,0.045,0.311,0.304,False,worse_than_known
v43_anytime_20ms,fico_1k,1000,23,0.005,0.301,291,2,0.04490079206880182,0.07,time,15,4,1357,0.035,0.301,0.284,False,worse_than_known
v43_anytime_20ms,sine_1k,1000,1,0.1,0.595,495,1,0.0004449590342119336,0.041,optimal,1,0,999,0.595,0.595,0.595,True,ok
v43_anytime_20ms,sine_1k,1000,1,0.05,0.545,495,1,0.0005606660852208734,0.041,optimal,1,0,999,0.545,0.545,0.545,True,ok
v43_anytime_20ms,sine_1k,1000,1,0.02,0.494,454,2,0.0005677910521626472,0.04,optimal,3,0,999,0.494,0.494,0.494,True,ok
v43_anytime_20ms,sine_1k,1000,1,0.01,0.42900000000000005,169,26,0.0005949580809101462,0.038,optimal,51,0,999,0.42900000000000016,0.42900000000000016,0.429,True,ok
v43_anytime_20ms,sine_1k,1000,1,0.005,0.269,109,32,0.0006060409359633923,0.038,optimal,63,0,999,0.26900000000000013,0.26900000000000013,0.269,True,ok
v43_anytime_20ms,car_evaluation,1728,15,0.1,0.3997685185185186,518,1,3.741588443517685e-05,0.003,optimal,1,1,15,0.39976851851851847,0.39976851851851847,0.3997685185185186,True,ok
v43_anytime_20ms,car_evaluation,1728,15,0.05,0.29467592592592595,250,3,8.824991527944803e-05,0.003,optimal,18,10,15,0.29467592592592595,0.29467592592592595,0.2946759259259259,True,ok
v43_anytime_20ms,car_evaluation,1728,15,0.02,0.20467592592592593,250,3,0.0011544580338522792,0.004,optimal,548,377,15,0.20467592592592593,0.20467592592592593,0.2046759259259259,True,ok
v43_anytime_20ms,car_evaluation,1728,15,0.01,0.1452314814814815,130,7,0.005875415983609855,0.009,optimal,1357,2021,15,0.1452314814814815,0.1452314814814815,0.145231,True,ok
v43_anytime_20ms,car_evaluation,1728,15,0.005,0.1063425925925926,106,9,0.01591283397283405,0.019,optimal,1510,13443,15,0.1063425925925926,0.1063425925925926,0.1063425925925926,True,ok
v43_anytime_20ms,coupon_bar,1913,14,0.1,0.5119184526921067,788,1,2.3000058718025684e-05,0.003,optimal,1,1,14,0.5119184526921067,0.5119184526921067,0.511918,True,ok
v43_anytime_20ms,coupon_bar,1913,14,0.05,0.4538944066910612,677,2,5.283299833536148e-05,0.003,optimal,27,15,14,0.4538944066910611,0.4538944066910611,0.453894,True,ok
v43_anytime_20ms,coupon_bar,1913,14,0.02,0.37155253528489285,596,3,0.00032004108652472496,0.003,optimal,189,122,14,0.3715525352848928,0.3715525352848928,0.3715525352848928,True,ok
v43_anytime_20ms,coupon_bar,1913,14,0.01,0.3410977522216414,576,4,0.0021097499411553144,0.005,optimal,950,795,14,0.3410977522216414,0.3410977522216414,0.3410977522216414,True,ok
v43_anytime_20ms,coupon_bar,1913,14,0.005,0.3186199686356508,533,8,0.01292024995200336,0.016,optimal,1512,7597,14,0.3186199686356508,0.3186199686356508,0.3186199686356508,True,ok
v43_anytime_20ms,compas_binned,6907,12,0.1,0.5610829593166353,2494,2,3.0083931051194668e-05,0.008,optimal,3,1,12,0.5610829593166353,0.5610829593166353,0.5610829593166353,True,ok
v43_anytime_20ms,compas_binned,6907,12,0.05,0.46108295931663534,2494,2,2.9041082598268986e-05,0.008,optimal,3,1,12,0.46108295931663523,0.46108295931663523,0.4610829593166353,True,ok
v43_anytime_20ms,compas_binned,6907,12,0.02,0.4010829593166353,2494,2,6.720901001244783e-05,0.008,optimal,21,12,12,0.4010829593166353,0.4010829593166353,0.4010829593166353,True,ok
v43_anytime_20ms,compas_binned,6907,12,0.01,0.37486752569856663,2382,3,0.00027291697915643454,0.008,optimal,111,63,12,0.3748675256985667,0.3748675256985667,0.3748675256985666,True,ok
v43_anytime_20ms,compas_binned,6907,12,0.005,0.355968582597365,2286,5,0.0007223749998956919,0.008,optimal,297,201,12,0.35596858259736497,0.35596858259736497,0.355968582597365,True,ok
v43_anytime_20ms,fico_binary,10459,17,0.1,0.5040443637058992,3180,2,4.941702354699373e-05,0.015,optimal,3,1,17,0.5040443637058992,0.5040443637058992,0.504044,True,ok
v43_anytime_20ms,fico_binary,10459,17,0.05,0.40404436370589925,3180,2,8.841603994369507e-05,0.015,optimal,23,13,17,0.40404436370589925,0.40404436370589925,0.404044,True,ok
v43_anytime_20ms,fico_binary,10459,17,0.02,0.3440443637058992,3180,2,0.0008339160121977329,0.016,optimal,277,168,17,0.3440443637058992,0.3440443637058992,0.344044,True,ok
v43_anytime_20ms,fico_binary,10459,17,0.01,0.32404436370589923,3180,2,0.021196417044848204,0.036,time,1157,7452,17,0.23407400325078878,0.32404436370589923,0.324044,True,ok
v43_anytime_20ms,fico_binary,10459,17,0.005,0.308650922650349,3019,4,0.02094041695818305,0.036,time,1294,10878,17,0.2240740032507888,0.308650922650349,0.308650922650349,True,ok
v43_anytime_20ms,compas_processed,12381,22,0.1,0.411364187060819,3855,1,0.0003904580371454358,0.271,optimal,23,13,621,0.411364187060819,0.411364187060819,0.411364,True,ok
v43_anytime_20ms,compas_processed,12381,22,0.05,0.36136418706081896,3855,1,0.021121791913174093,0.308,time,143,3461,621,0.16857281318148776,0.36136418706081896,0.361364,True,ok
v43_anytime_20ms,compas_processed,12381,22,0.02,0.32786043130603343,3564,2,0.020645833923481405,0.286,time,323,209,621,0.10857281318148776,0.32786043130603343,0.32786,False,ok
v43_anytime_20ms,compas_processed,12381,22,0.01,0.30786043130603347,3564,2,0.022713333950378,0.305,time,343,231,621,0.08857281318148777,0.30786043130603347,0.30786,False,ok
v43_anytime_20ms,compas_processed,12381,22,0.005,0.29786043130603346,3564,2,0.023392791976220906,0.303,time,261,154,621,0.07857281318148776,0.29786043130603346,0.29786,False,ok
v43_anytime_50ms,chudi,77,2,0.1,0.464935064935065,5,4,0.00020887504797428846,19.262,optimal,23,10,46,0.464935064935065,0.464935064935065,0.464935,True,ok
v43_anytime_50ms,chudi,77,2,0.05,0.25,0,5,0.00033133302349597216,0.001,optimal,53,24,46,0.25,0.25,0.25,True,ok
v43_anytime_50ms,chudi,77,2,0.02,0.1,0,5,0.0003720419481396675,0.001,optimal,59,26,46,0.1,0.1,0.1,True,ok
v43_anytime_50ms,chudi,77,2,0.01,0.05,0,5,0.00040679192170500755,0.001,optimal,65,29,46,0.05,0.05,0.05,True,ok
v43_anytime_50ms,chudi,77,2,0.005,0.025,0,5,0.0004036249592900276,0.001,optimal,65,29,46,0.025,0.025,0.025,True,ok
v43_anytime_50ms,monk_3,122,11,0.1,0.5213114754098361,27,3,4.3042004108428955e-05,0.001,optimal,6,3,11,0.521311475409836,0.521311475409836,0.521311,True,ok
v43_anytime_50ms,monk_3,122,11,0.05,0.3713114754098361,27,3,7.641699630767107e-05,0.001,optimal,28,15,11,0.37131147540983606,0.37131147540983606,0.371311,True,ok
v43_anytime_50ms,monk_3,122,11,0.02,0.24295081967213114,15,6,0.0002371249720454216,0.001,optimal,131,88,11,0.24295081967213117,0.24295081967213117,0.2429508196721311,True,ok
v43_anytime_50ms,monk_3,122,11,0.01,0.15557377049180326,8,9,0.0006432499503716826,0.002,optimal,385,284,11,0.15557377049180326,0.15557377049180326,0.1555737704918032,True,ok
v43_anytime_50ms,monk_3,122,11,0.005,0.09459016393442624,3,14,0.0021472080843523145,0.003,optimal,1270,975,11,0.09459016393442624,0.09459016393442624,0.09459,True,ok
v43_anytime_50ms,monk_1,124,11,0.1,0.4661290322580645,33,2,2.5290995836257935e-05,0.001,optimal,3,2,11,0.46612903225806446,0.46612903225806446,0.466129,True,ok
v43_anytime_50ms,monk_1,124,11,0.05,0.33870967741935487,11,5,7.754203397780657e-05,0.001,optimal,44,24,11,0.3387096774193548,0.3387096774193548,0.3387096774193548,True,ok
v43_anytime_50ms,monk_1,124,11,0.02,0.16,0,8,0.00013683305587619543,0.001,optimal,95,50,11,0.16,0.16,0.16,True,ok
v43_anytime_50ms,monk_1,124,11,0.01,0.08,0,8,0.00013745902106165886,0.001,optimal,101,51,11,0.08,0.08,0.08,True,ok
v43_anytime_50ms,monk_1,124,11,0.005,0.04,0,8,0.0001332079991698265,0.001,optimal,101,51,11,0.04,0.04,0.04,True,ok
v43_anytime_50ms,iris,150,4,0.1,0.34,6,3,0.00011487503070384264,0.001,optimal,5,0,118,0.34,0.34,0.34,True,ok
v43_anytime_50ms,iris,150,4,0.05,0.19000000000000003,6,3,0.0001412919955328107,0.001,optimal,9,0,118,0.19,0.19,0.19,True,ok
v43_anytime_50ms,iris,150,4,0.02,0.1,6,3,0.004880499909631908,0.006,optimal,122,73,118,0.1,0.1,0.1,True,ok
v43_anytime_50ms,iris,150,4,0.01,0.06,3,4,0.01088320801500231,0.012,optimal,186,345,118,0.060000000000000005,0.060000000000000005,0.06,True,ok
v43_anytime_50ms,iris,150,4,0.005,0.03833333333333334,2,5,0.03259399998933077,0.034,optimal,150,2201,118,0.03833333333333333,0.03833333333333333,0.038333,True,ok
v43_anytime_50ms,monk_2,169,11,0.1,0.47869822485207103,64,1,2.3082946427166462e-05,0.001,optimal,1,1,11,0.47869822485207103,0.47869822485207103,0.478698,True,ok
v43_anytime_50ms,monk_2,169,11,0.05,0.428698224852071,64,1,6.616604514420033e-05,0.001,optimal,23,14,11,0.428698224852071,0.428698224852071,0.428698,True,ok
v43_anytime_50ms,monk_2,169,11,0.02,0.35893491124260357,37,7,0.0010469999397173524,0.002,optimal,546,446,11,0.35893491124260357,0.35893491124260357,0.3589349112426035,True,ok
v43_anytime_50ms,monk_2,169,11,0.01,0.2650887573964497,11,20,0.0035743750631809235,0.005,optimal,1866,1657,11,0.2650887573964497,0.2650887573964497,0.2650887573964497,True,ok
v43_anytime_50ms,monk_2,169,11,0.005,0.15275147928994084,3,27,0.006962666055187583,0.008,optimal,2325,3003,11,0.15275147928994082,0.15275147928994082,0.152751,True,ok
v43_anytime_50ms,tic-tac-toe,958,9,0.1,0.4465553235908142,332,1,3.924989141523838e-05,0.011,optimal,1,1,27,0.4465553235908142,0.4465553235908142,0.446555,True,ok
v43_anytime_50ms,tic-tac-toe,958,9,0.05,0.3965553235908142,332,1,0.0004598330706357956,0.012,optimal,55,38,27,0.39655532359081413,0.39655532359081413,0.396555,True,ok
v43_anytime_50ms,tic-tac-toe,958,9,0.02,0.3183298538622129,190,6,0.015805291011929512,0.027,optimal,780,6279,27,0.3183298538622129,0.3183298538622129,0.3183298538622129,True,ok
v43_anytime_50ms,tic-tac-toe,958,9,0.01,0.25427974947807935,52,20,0.05269108293578029,0.064,time,834,32897,27,0.02,0.2542797494780793,0.2507515657620042,True,worse_than_known
v43_anytime_50ms,tic-tac-toe,958,9,0.005,0.19180584551148225,64,25,0.051815500017255545,0.064,time,990,34040,27,0.01,0.19180584551148225,0.1542797494780793,True,worse_than_known
v43_anytime_50ms,gaussian_1k,1000,1,0.1,0.397,297,1,0.00039062497671693563,0.038,optimal,1,0,999,0.397,0.397,0.397,True,ok
v43_anytime_50ms,gaussian_1k,1000,1,0.05,0.275,125,3,0.000543624977581203,0.039,optimal,5,0,999,0.275,0.275,0.275,True,ok
v43_anytime_50ms,gaussian_1k,1000,1,0.02,0.185,125,3,0.0006335839862003922,0.044,optimal,5,0,999,0.18499999999999997,0.18499999999999997,0.185,True,ok
v43_anytime_50ms,gaussian_1k,1000,1,0.01,0.155,125,3,0.0006072920514270663,0.042,optimal,5,0,999,0.155,0.155,0.155,True,ok
v43_anytime_50ms,gaussian_1k,1000,1,0.005,0.14,125,3,0.0006079580634832382,0.041,optimal,5,0,999,0.14,0.14,0.14,True,ok
v43_anytime_50ms,fico_1k,1000,23,0.1,0.491,291,2,0.03372062498237938,0.057,optimal,11,2795,1357,0.49100000000000005,0.49100000000000005,0.491,True,ok
v43_anytime_50ms,fico_1k,1000,23,0.05,0.391,291,2,0.05201737501192838,0.085,time,11,2925,1357,0.125,0.391,0.391,False,ok
v43_anytime_50ms,fico_1k,1000,23,0.02,0.33099999999999996,291,2,0.06089779199101031,0.084,time,11,36,1357,0.065,0.33099999999999996,0.331,False,ok
v43_anytime_50ms,fico_1k,1000,23,0.01,0.311,291,2,0.0754542910726741,0.1,time,142,81,1357,0.045,0.311,0.304,False,worse_than_known
v43_anytime_50ms,fico_1k,1000,23,0.005,0.28900000000000003,264,5,0.07879941596183926,0.101,time,134,80,1357,0.035,0.28900000000000003,0.284,False,worse_than_known
v43_anytime_50ms,sine_1k,1000,1,0.1,0.595,495,1,0.00041354098357260227,0.04,optimal,1,0,999,0.595,0.595,0.595,True,ok
v43_anytime_50ms,sine_1k,1000,1,0.05,0.545,495,1,0.0004980419762432575,0.039,optimal,1,0,999,0.545,0.545,0.545,True,ok
v43_anytime_50ms,sine_1k,1000,1,0.02,0.494,454,2,0.0005574999377131462,0.038,optimal,3,0,999,0.494,0.494,0.494,True,ok
v43_anytime_50ms,sine_1k,1000,1,0.01,0.42900000000000005,169,26,0.000591833028011024,0.038,optimal,51,0,999,0.42900000000000016,0.42900000000000016,0.429,True,ok
v43_anytime_50ms,sine_1k,1000,1,0.005,0.269,109,32,0.0005794169846922159,0.038,optimal,63,0,999,0.26900000000000013,0.26900000000000013,0.269,True,ok
v43_anytime_50ms,car_evaluation,1728,15,0.1,0.3997685185185186,518,1,3.4041935577988625e-05,0.003,optimal,1,1,15,0.39976851851851847,0.39976851851851847,0.3997685185185186,True,ok
v43_anytime_50ms,car_evaluation,1728,15,0.05,0.29467592592592595,250,3,8.470797911286354e-05,0.003,optimal,18,10,15,0.29467592592592595,0.29467592592592595,0.2946759259259259,True,ok
v43_anytime_50ms,car_evaluation,1728,15,0.02,0.20467592592592593,250,3,0.0011233330005779862,0.004,optimal,548,377,15,0.20467592592592593,0.20467592592592593,0.2046759259259259,True,ok
v43_anytime_50ms,car_evaluation,1728,15,0.01,0.1452314814814815,130,7,0.00588812492787838,0.009,optimal,1547,1948,15,0.1452314814814815,0.1452314814814815,0.145231,True,ok
v43_anytime_50ms,car_evaluation,1728,15,0.005,0.1063425925925926,106,9,0.015077000018209219,0.018,optimal,1654,12876,15,0.1063425925925926,0.1063425925925926,0.1063425925925926,True,ok
v43_anytime_50ms,coupon_bar,1913,14,0.1,0.5119184526921067,788,1,2.5166897103190422e-05,0.003,optimal,1,1,14,0.5119184526921067,0.5119184526921067,0.511918,True,ok
v43_anytime_50ms,coupon_bar,1913,14,0.05,0.4538944066910612,677,2,5.583406891673803e-05,0.003,optimal,27,15,14,0.4538944066910611,0.4538944066910611,0.453894,True,ok
v43_anytime_50ms,coupon_bar,1913,14,0.02,0.37155253528489285,596,3,0.0003197499318048358,0.003,optimal,189,122,14,0.3715525352848928,0.3715525352848928,0.3715525352848928,True,ok
v43_anytime_50ms,coupon_bar,1913,14,0.01,0.3410977522216414,576,4,0.0020628749625757337,0.005,optimal,952,780,14,0.3410977522216414,0.3410977522216414,0.3410977522216414,True,ok
v43_anytime_50ms,coupon_bar,1913,14,0.005,0.3186199686356508,533,8,0.01192625006660819,0.015,optimal,1649,6311,14,0.3186199686356508,0.3186199686356508,0.3186199686356508,True,ok
v43_anytime_50ms,compas_binned,6907,12,0.1,0.5610829593166353,2494,2,2.9959017410874367e-05,0.007,optimal,3,1,12,0.5610829593166353,0.5610829593166353,0.5610829593166353,True,ok
v43_anytime_50ms,compas_binned,6907,12,0.05,0.46108295931663534,2494,2,3.7207966670393944e-05,0.008,optimal,3,1,12,0.46108295931663523,0.46108295931663523,0.4610829593166353,True,ok
v43_anytime_50ms,compas_binned,6907,12,0.02,0.4010829593166353,2494,2,7.954100146889687e-05,0.008,optimal,21,12,12,0.4010829593166353,0.4010829593166353,0.4010829593166353,True,ok
v43_anytime_50ms,compas_binned,6907,12,0.01,0.37486752569856663,2382,3,0.0002906660083681345,0.008,optimal,111,63,12,0.3748675256985667,0.3748675256985667,0.3748675256985666,True,ok
v43_anytime_50ms,compas_binned,6907,12,0.005,0.355968582597365,2286,5,0.0007993329782038927,0.009,optimal,297,201,12,0.35596858259736497,0.35596858259736497,0.355968582597365,True,ok
v43_anytime_50ms,fico_binary,10459,17,0.1,0.5040443637058992,3180,2,4.566705320030451e-05,0.016,optimal,3,1,17,0.5040443637058992,0.5040443637058992,0.504044,True,ok
v43_anytime_50ms,fico_binary,10459,17,0.05,0.40404436370589925,3180,2,9.204098023474216e-05,0.016,optimal,23,13,17,0.40404436370589925,0.40404436370589925,0.404044,True,ok
v43_anytime_50ms,fico_binary,10459,17,0.02,0.3440443637058992,3180,2,0.0008445410057902336,0.016,optimal,277,166,17,0.3440443637058992,0.3440443637058992,0.344044,True,ok
v43_anytime_50ms,fico_binary,10459,17,0.01,0.32404436370589923,3180,2,0.028619542019441724,0.044,optimal,1115,8331,17,0.32404436370589923,0.32404436370589923,0.324044,True,ok
v43_anytime_50ms,fico_binary,10459,17,0.005,0.308650922650349,3019,4,0.051941916113719344,0.068,time,1247,25041,17,0.2240740032507888,0.308650922650349,0.308650922650349,True,ok
v43_anytime_50ms,compas_processed,12381,22,0.1,0.411364187060819,3855,1,0.00040912500116974115,0.274,optimal,23,13,621,0.411364187060819,0.411364187060819,0.411364,True,ok
v43_anytime_50ms,compas_processed,12381,22,0.05,0.36136418706081896,3855,1,0.05130500008817762,0.32,time,9,9580,621,0.16857281318148776,0.36136418706081896,0.361364,True,ok
v43_anytime_50ms,compas_processed,12381,22,0.02,0.32786043130603343,3564,2,0.05379133298993111,0.319,time,11,5982,621,0.10857281318148776,0.32786043130603343,0.32786,False,ok
v43_anytime_50ms,compas_processed,12381,22,0.01,0.30786043130603347,3564,2,0.05276962497737259,0.362,time,11,3966,621,0.08857281318148777,0.30786043130603347,0.30786,False,ok
v43_anytime_50ms,compas_processed,12381,22,0.005,0.29786043130603346,3564,2,0.052498959004879,0.319,time,11,2177,621,0.07857281318148776,0.29786043130603346,0.29786,False,ok
v43_anytime_100ms,chudi,77,2,0.1,0.464935064935065,5,4,0.00027358310762792826,19.332,optimal,23,10,46,0.464935064935065,0.464935064935065,0.464935,True,ok
v43_anytime_100ms,chudi,77,2,0.05,0.25,0,5,0.000358375022187829,0.001,optimal,53,24,46,0.25,0.25,0.25,True,ok
v43_anytime_100ms,chudi,77,2,0.02,0.1,0,5,0.0003905829507857561,0.001,optimal,59,26,46,0.1,0.1,0.1,True,ok
v43_anytime_100ms,chudi,77,2,0.01,0.05,0,5,0.0004237500252202153,0.001,optimal,65,29,46,0.05,0.05,0.05,True,ok
v43_anytime_100ms,chudi,77,2,0.005,0.025,0,5,0.0004397500306367874,0.001,optimal,65,29,46,0.025,0.025,0.025,True,ok
v43_anytime_100ms,monk_3,122,11,0.1,0.5213114754098361,27,3,4.366703797131777e-05,0.001,optimal,6,3,11,0.521311475409836,0.521311475409836,0.521311,True,ok
v43_anytime_100ms,monk_3,122,11,0.05,0.3713114754098361,27,3,7.924996316432953e-05,0.001,optimal,28,15,11,0.37131147540983606,0.37131147540983606,0.371311,True,ok
v43_anytime_100ms,monk_3,122,11,0.02,0.24295081967213114,15,6,0.0002596670528873801,0.001,optimal,131,88,11,0.24295081967213117,0.24295081967213117,0.2429508196721311,True,ok
v43_anytime_100ms,monk_3,122,11,0.01,0.15557377049180326,8,9,0.0007146249990910292,0.002,optimal,385,284,11,0.15557377049180326,0.15557377049180326,0.1555737704918032,True,ok
v43_anytime_100ms,monk_3,122,11,0.005,0.09459016393442624,3,14,0.002451749984174967,0.004,optimal,1298,1001,11,0.09459016393442624,0.09459016393442624,0.09459,True,ok
v43_anytime_100ms,monk_1,124,11,0.1,0.4661290322580645,33,2,2.7249916456639767e-05,0.001,optimal,3,2,11,0.46612903225806446,0.46612903225806446,0.466129,True,ok
v43_anytime_100ms,monk_1,124,11,0.05,0.33870967741935487,11,5,8.541694842278957e-05,0.001,optimal,44,24,11,0.3387096774193548,0.3387096774193548,0.3387096774193548,True,ok
v43_anytime_100ms,monk_1,124,11,0.02,0.16,0,8,0.0001503330422565341,0.001,optimal,95,50,11,0.16,0.16,0.16,True,ok
v43_anytime_100ms,monk_1,124,11,0.01,0.08,0,8,0.00015191698912531137,0.001,optimal,101,51,11,0.08,0.08,0.08,True,ok
v43_anytime_100ms,monk_1,124,11,0.005,0.04,0,8,0.0001687910407781601,0.001,optimal,101,51,11,0.04,0.04,0.04,True,ok
v43_anytime_100ms,iris,150,4,0.1,0.34,6,3,0.00012308405712246895,0.002,optimal,5,0,118,0.34,0.34,0.34,True,ok
v43_anytime_100ms,iris,150,4,0.05,0.19000000000000003,6,3,0.0001558329677209258,0.002,optimal,9,0,118,0.19,0.19,0.19,True,ok
v43_anytime_100ms,iris,150,4,0.02,0.1,6,3,0.005437958985567093,0.007,optimal,122,73,118,0.1,0.1,0.1,True,ok
v43_anytime_100ms,iris,150,4,0.01,0.06,3,4,0.01251858298201114,0.014,optimal,172,369,118,0.060000000000000005,0.060000000000000005,0.06,True,ok
v43_anytime_100ms,iris,150,4,0.005,0.03833333333333334,2,5,0.040268291952088475,0.042,optimal,143,2139,118,0.03833333333333333,0.03833333333333333,0.038333,True,ok
v43_anytime_100ms,monk_2,169,11,0.1,0.47869822485207103,64,1,3.458303399384022e-05,0.001,optimal,1,1,11,0.47869822485207103,0.47869822485207103,0.478698,True,ok
v43_anytime_100ms,monk_2,169,11,0.05,0.428698224852071,64,1,7.583305705338717e-05,0.001,optimal,23,14,11,0.428698224852071,0.428698224852071,0.428698,True,ok
v43_anytime_100ms,monk_2,169,11,0.02,0.35893491124260357,37,7,0.0010965000838041306,0.002,optimal,546,446,11,0.35893491124260357,0.35893491124260357,0.3589349112426035,True,ok
v43_anytime_100ms,monk_2,169,11,0.01,0.2650887573964497,11,20,0.004253457998856902,0.006,optimal,1838,1625,11,0.2650887573964497,0.2650887573964497,0.2650887573964497,True,ok
v43_anytime_100ms,monk_2,169,11,0.005,0.15275147928994084,3,27,0.007358624949119985,0.01,optimal,1919,3216,11,0.15275147928994082,0.15275147928994082,0.152751,True,ok
v43_anytime_100ms,tic-tac-toe,958,9,0.1,0.4465553235908142,332,1,4.900002386420965e-05,0.012,optimal,1,1,27,0.4465553235908142,0.4465553235908142,0.446555,True,ok
v43_anytime_100ms,tic-tac-toe,958,9,0.05,0.3965553235908142,332,1,0.0004938750062137842,0.012,optimal,55,38,27,0.39655532359081413,0.39655532359081413,0.396555,True,ok
v43_anytime_100ms,tic-tac-toe,958,9,0.02,0.3183298538622129,190,6,0.015118292067199945,0.026,optimal,783,5606,27,0.3183298538622129,0.3183298538622129,0.3183298538622129,True,ok
v43_anytime_100ms,tic-tac-toe,958,9,0.01,0.2507515657620042,154,9,0.09229991608299315,0.104,optimal,874,60184,27,0.2507515657620042,0.2507515657620042,0.2507515657620042,True,ok
v43_anytime_100ms,tic-tac-toe,958,9,0.005,0.15427974947807935,52,20,0.10693758307024837,0.121,time,834,68331,27,0.01,0.15427974947807932,0.1542797494780793,True,ok
v43_anytime_100ms,gaussian_1k,1000,1,0.1,0.397,297,1,0.0004500410286709666,0.043,optimal,1,0,999,0.397,0.397,0.397,True,ok
v43_anytime_100ms,gaussian_1k,1000,1,0.05,0.275,125,3,0.0005525839515030384,0.043,optimal,5,0,999,0.275,0.275,0.275,True,ok
v43_anytime_100ms,gaussian_1k,1000,1,0.02,0.185,125,3,0.0005763330264016986,0.041,optimal,5,0,999,0.18499999999999997,0.18499999999999997,0.185,True,ok
v43_anytime_100ms,gaussian_1k,1000,1,0.01,0.155,125,3,0.0006029999349266291,0.04,optimal,5,0,999,0.155,0.155,0.155,True,ok
v43_anytime_100ms,gaussian_1k,1000,1,0.005,0.14,125,3,0.0006109160603955388,0.04,optimal,5,0,999,0.14,0.14,0.14,True,ok
v43_anytime_100ms,fico_1k,1000,23,0.1,0.491,291,2,0.020680124987848103,0.043,optimal,11,2793,1357,0.49100000000000005,0.49100000000000005,0.491,True,ok
v43_anytime_100ms,fico_1k,1000,23,0.05,0.391,291,2,0.10929720802232623,0.131,time,11,12742,1357,0.125,0.391,0.391,False,ok
v43_anytime_100ms,fico_1k,1000,23,0.02,0.33099999999999996,291,2,0.10443474992644042,0.126,time,11,5453,1357,0.065,0.33099999999999996,0.331,False,ok
v43_anytime_100ms,fico_1k,1000,23,0.01,0.311,291,2,0.15803645900450647,0.18,time,15,1078,1357,0.045,0.311,0.304,False,worse_than_known
v43_anytime_100ms,fico_1k,1000,23,0.005,0.301,291,2,0.19552908302284777,0.227,time,15,1171,1357,0.035,0.301,0.284,False,worse_than_known
v43_anytime_100ms,sine_1k,1000,1,0.1,0.595,495,1,0.0004377090372145176,0.041,optimal,1,0,999,0.595,0.595,0.595,True,ok
v43_anytime_100ms,sine_1k,1000,1,0.05,0.545,495,1,0.0005046660080552101,0.04,optimal,1,0,999,0.545,0.545,0.545,True,ok
v43_anytime_100ms,sine_1k,1000,1,0.02,0.494,454,2,0.0005663749761879444,0.039,optimal,3,0,999,0.494,0.494,0.494,True,ok
v43_anytime_100ms,sine_1k,1000,1,0.01,0.42900000000000005,169,26,0.0005995839601382613,0.039,optimal,51,0,999,0.42900000000000016,0.42900000000000016,0.429,True,ok
v43_anytime_100ms,sine_1k,1000,1,0.005,0.269,109,32,0.0006150000263005495,0.039,optimal,63,0,999,0.26900000000000013,0.26900000000000013,0.269,True,ok
v43_anytime_100ms,car_evaluation,1728,15,0.1,0.3997685185185186,518,1,3.229198046028614e-05,0.003,optimal,1,1,15,0.39976851851851847,0.39976851851851847,0.3997685185185186,True,ok
v43_anytime_100ms,car_evaluation,1728,15,0.05,0.29467592592592595,250,3,8.491601329296827e-05,0.003,optimal,18,10,15,0.29467592592592595,0.29467592592592595,0.2946759259259259,True,ok
v43_anytime_100ms,car_evaluation,1728,15,0.02,0.20467592592592593,250,3,0.0011267499066889286,0.004,optimal,548,377,15,0.20467592592592593,0.20467592592592593,0.2046759259259259,True,ok
v43_anytime_100ms,car_evaluation,1728,15,0.01,0.1452314814814815,130,7,0.006086874986067414,0.009,optimal,1698,1888,15,0.1452314814814815,0.1452314814814815,0.145231,True,ok
v43_anytime_100ms,car_evaluation,1728,15,0.005,0.1063425925925926,106,9,0.01482437492813915,0.018,optimal,1808,12386,15,0.1063425925925926,0.1063425925925926,0.1063425925925926,True,ok
v43_anytime_100ms,coupon_bar,1913,14,0.1,0.5119184526921067,788,1,2.3541972041130066e-05,0.003,optimal,1,1,14,0.5119184526921067,0.5119184526921067,0.511918,True,ok
v43_anytime_100ms,coupon_bar,1913,14,0.05,0.4538944066910612,677,2,5.7750032283365726e-05,0.003,optimal,27,15,14,0.4538944066910611,0.4538944066910611,0.453894,True,ok
v43_anytime_100ms,coupon_bar,1913,14,0.02,0.37155253528489285,596,3,0.00033591699320822954,0.003,optimal,189,122,14,0.3715525352848928,0.3715525352848928,0.3715525352848928,True,ok
v43_anytime_100ms,coupon_bar,1913,14,0.01,0.3410977522216414,576,4,0.002022000029683113,0.005,optimal,952,778,14,0.3410977522216414,0.3410977522216414,0.3410977522216414,True,ok
v43_anytime_100ms,coupon_bar,1913,14,0.005,0.3186199686356508,533,8,0.01110512507148087,0.014,optimal,1600,5793,14,0.3186199686356508,0.3186199686356508,0.3186199686356508,True,ok
v43_anytime_100ms,compas_binned,6907,12,0.1,0.5610829593166353,2494,2,2.7125002816319466e-05,0.007,optimal,3,1,12,0.5610829593166353,0.5610829593166353,0.5610829593166353,True,ok
v43_anytime_100ms,compas_binned,6907,12,0.05,0.46108295931663534,2494,2,2.7665984816849232e-05,0.007,optimal,3,1,12,0.46108295931663523,0.46108295931663523,0.4610829593166353,True,ok
v43_anytime_100ms,compas_binned,6907,12,0.02,0.4010829593166353,2494,2,6.895896513015032e-05,0.007,optimal,21,12,12,0.4010829593166353,0.4010829593166353,0.4010829593166353,True,ok
v43_anytime_100ms,compas_binned,6907,12,0.01,0.37486752569856663,2382,3,0.00025699997786432505,0.007,optimal,111,63,12,0.3748675256985667,0.3748675256985667,0.3748675256985666,True,ok
v43_anytime_100ms,compas_binned,6907,12,0.005,0.355968582597365,2286,5,0.0007196669466793537,0.008,optimal,297,201,12,0.35596858259736497,0.35596858259736497,0.355968582597365,True,ok
v43_anytime_100ms,fico_binary,10459,17,0.1,0.5040443637058992,3180,2,4.6749948523938656e-05,0.016,optimal,3,1,17,0.5040443637058992,0.5040443637058992,0.504044,True,ok
v43_anytime_100ms,fico_binary,10459,17,0.05,0.40404436370589925,3180,2,9.712495375424623e-05,0.016,optimal,23,13,17,0.40404436370589925,0.40404436370589925,0.404044,True,ok
v43_anytime_100ms,fico_binary,10459,17,0.02,0.3440443637058992,3180,2,0.0008517919341102242,0.016,optimal,277,166,17,0.3440443637058992,0.3440443637058992,0.344044,True,ok
v43_anytime_100ms,fico_binary,10459,17,0.01,0.32404436370589923,3180,2,0.027040042099542916,0.042,optimal,1232,7906,17,0.32404436370589923,0.32404436370589923,0.324044,True,ok
v43_anytime_100ms,fico_binary,10459,17,0.005,0.308650922650349,3019,4,0.1029804169666022,0.119,time,1305,47527,17,0.2240740032507888,0.308650922650349,0.308650922650349,True,ok
v43_anytime_100ms,compas_processed,12381,22,0.1,0.411364187060819,3855,1,0.00044304109178483486,0.306,optimal,23,13,621,0.411364187060819,0.411364187060819,0.411364,True,ok
v43_anytime_100ms,compas_processed,12381,22,0.05,0.36136418706081896,3855,1,0.06990120804402977,0.358,optimal,241,12556,621,0.36136418706081896,0.36136418706081896,0.361364,True,ok
v43_anytime_100ms,compas_processed,12381,22,0.02,0.32786043130603343,3564,2,0.10986529209185392,0.408,time,11,13844,621,0.10857281318148776,0.32786043130603343,0.32786,False,ok
v43_anytime_100ms,compas_processed,12381,22,0.01,0.30786043130603347,3564,2,0.11424691695719957,0.441,time,11,11162,621,0.08857281318148777,0.30786043130603347,0.30786,False,ok
v43_anytime_100ms,compas_processed,12381,22,0.005,0.29786043130603346,3564,2,0.10889329202473164,0.4,time,11,9159,621,0.07857281318148776,0.29786043130603346,0.29786,False,ok
v43_anytime_300ms,chudi,77,2,0.1,0.464935064935065,5,4,0.00023324997164309025,19.238,optimal,23,10,46,0.464935064935065,0.464935064935065,0.464935,True,ok
v43_anytime_300ms,chudi,77,2,0.05,0.25,0,5,0.00033208297099918127,0.001,optimal,53,24,46,0.25,0.25,0.25,True,ok
v43_anytime_300ms,chudi,77,2,0.02,0.1,0,5,0.00037641695234924555,0.001,optimal,59,26,46,0.1,0.1,0.1,True,ok
v43_anytime_300ms,chudi,77,2,0.01,0.05,0,5,0.0004081249935552478,0.001,optimal,65,29,46,0.05,0.05,0.05,True,ok
v43_anytime_300ms,chudi,77,2,0.005,0.025,0,5,0.0004003749927505851,0.001,optimal,65,29,46,0.025,0.025,0.025,True,ok
v43_anytime_300ms,monk_3,122,11,0.1,0.5213114754098361,27,3,3.362505231052637e-05,0.001,optimal,6,3,11,0.521311475409836,0.521311475409836,0.521311,True,ok
v43_anytime_300ms,monk_3,122,11,0.05,0.3713114754098361,27,3,7.066596299409866e-05,0.001,optimal,28,15,11,0.37131147540983606,0.37131147540983606,0.371311,True,ok
v43_anytime_300ms,monk_3,122,11,0.02,0.24295081967213114,15,6,0.00023749994579702616,0.001,optimal,131,88,11,0.24295081967213117,0.24295081967213117,0.2429508196721311,True,ok
v43_anytime_300ms,monk_3,122,11,0.01,0.15557377049180326,8,9,0.0006484999321401119,0.002,optimal,385,284,11,0.15557377049180326,0.15557377049180326,0.1555737704918032,True,ok
v43_anytime_300ms,monk_3,122,11,0.005,0.09459016393442624,3,14,0.00226329208817333,0.003,optimal,1298,1001,11,0.09459016393442624,0.09459016393442624,0.09459,True,ok
v43_anytime_300ms,monk_1,124,11,0.1,0.4661290322580645,33,2,3.124994691461325e-05,0.001,optimal,3,2,11,0.46612903225806446,0.46612903225806446,0.466129,True,ok
v43_anytime_300ms,monk_1,124,11,0.05,0.33870967741935487,11,5,8.370901923626661e-05,0.001,optimal,44,24,11,0.3387096774193548,0.3387096774193548,0.3387096774193548,True,ok
v43_anytime_300ms,monk_1,124,11,0.02,0.16,0,8,0.00014116603415459394,0.001,optimal,95,50,11,0.16,0.16,0.16,True,ok
v43_anytime_300ms,monk_1,124,11,0.01,0.08,0,8,0.00014120794367045164,0.001,optimal,101,51,11,0.08,0.08,0.08,True,ok
v43_anytime_300ms,monk_1,124,11,0.005,0.04,0,8,0.000134957954287529,0.001,optimal,101,51,11,0.04,0.04,0.04,True,ok
v43_anytime_300ms,iris,150,4,0.1,0.34,6,3,0.00011254206765443087,0.001,optimal,5,0,118,0.34,0.34,0.34,True,ok
v43_anytime_300ms,iris,150,4,0.05,0.19000000000000003,6,3,0.0001354999840259552,0.001,optimal,9,0,118,0.19,0.19,0.19,True,ok
v43_anytime_300ms,iris,150,4,0.02,0.1,6,3,0.004799125017598271,0.006,optimal,122,73,118,0.1,0.1,0.1,True,ok
v43_anytime_300ms,iris,150,4,0.01,0.06,3,4,0.011002750019542873,0.012,optimal,183,360,118,0.060000000000000005,0.060000000000000005,0.06,True,ok
v43_anytime_300ms,iris,150,4,0.005,0.03833333333333334,2,5,0.032760457950644195,0.034,optimal,145,2144,118,0.03833333333333333,0.03833333333333333,0.038333,True,ok
v43_anytime_300ms,monk_2,169,11,0.1,0.47869822485207103,64,1,2.6208930648863316e-05,0.001,optimal,1,1,11,0.47869822485207103,0.47869822485207103,0.478698,True,ok
v43_anytime_300ms,monk_2,169,11,0.05,0.428698224852071,64,1,6.737501826137304e-05,0.001,optimal,23,14,11,0.428698224852071,0.428698224852071,0.428698,True,ok
v43_anytime_300ms,monk_2,169,11,0.02,0.35893491124260357,37,7,0.0010420000180602074,0.002,optimal,546,446,11,0.35893491124260357,0.35893491124260357,0.3589349112426035,True,ok
v43_anytime_300ms,monk_2,169,11,0.01,0.2650887573964497,11,20,0.0036395839415490627,0.005,optimal,1894,1676,11,0.2650887573964497,0.2650887573964497,0.2650887573964497,True,ok
v43_anytime_300ms,monk_2,169,11,0.005,0.15275147928994084,3,27,0.0074487089877948165,0.009,optimal,2425,3061,11,0.15275147928994082,0.15275147928994082,0.152751,True,ok
v43_anytime_300ms,tic-tac-toe,958,9,0.1,0.4465553235908142,332,1,5.395803600549698e-05,0.012,optimal,1,1,27,0.4465553235908142,0.4465553235908142,0.446555,True,ok
v43_anytime_300ms,tic-tac-toe,958,9,0.05,0.3965553235908142,332,1,0.00046504195779561996,0.012,optimal,55,38,27,0.39655532359081413,0.39655532359081413,0.396555,True,ok
v43_anytime_300ms,tic-tac-toe,958,9,0.02,0.3183298538622129,190,6,0.014775917050428689,0.026,optimal,816,5199,27,0.3183298538622129,0.3183298538622129,0.3183298538622129,True,ok
v43_anytime_300ms,tic-tac-toe,958,9,0.01,0.2507515657620042,154,9,0.11001516703981906,0.121,optimal,810,56003,27,0.2507515657620042,0.2507515657620042,0.2507515657620042,True,ok
v43_anytime_300ms,tic-tac-toe,958,9,0.005,0.15427974947807935,52,20,0.20960587507579476,0.222,optimal,995,140542,27,0.15427974947807932,0.15427974947807932,0.1542797494780793,True,ok
v43_anytime_300ms,gaussian_1k,1000,1,0.1,0.397,297,1,0.000410459004342556,0.039,optimal,1,0,999,0.397,0.397,0.397,True,ok
v43_anytime_300ms,gaussian_1k,1000,1,0.05,0.275,125,3,0.0004906249232590199,0.038,optimal,5,0,999,0.275,0.275,0.275,True,ok
v43_anytime_300ms,gaussian_1k,1000,1,0.02,0.185,125,3,0.0005484579596668482,0.038,optimal,5,0,999,0.18499999999999997,0.18499999999999997,0.185,True,ok
v43_anytime_300ms,gaussian_1k,1000,1,0.01,0.155,125,3,0.0005467080045491457,0.037,optimal,5,0,999,0.155,0.155,0.155,True,ok
v43_anytime_300ms,gaussian_1k,1000,1,0.005,0.14,125,3,0.0005804160609841347,0.037,optimal,5,0,999,0.14,0.14,0.14,True,ok
v43_anytime_300ms,fico_1k,1000,23,0.1,0.491,291,2,0.021388666005805135,0.043,optimal,11,2793,1357,0.49100000000000005,0.49100000000000005,0.491,True,ok
v43_anytime_300ms,fico_1k,1000,23,0.05,0.391,291,2,0.3161787500139326,0.338,time,11,55082,1357,0.125,0.391,0.391,False,ok
v43_anytime_300ms,fico_1k,1000,23,0.02,0.33099999999999996,291,2,0.3216765830293298,0.347,time,11,30144,1357,0.065,0.33099999999999996,0.331,False,ok
v43_anytime_300ms,fico_1k,1000,23,0.01,0.304,264,4,0.4405701250070706,0.465,time,17,16889,1357,0.045,0.304,0.304,False,ok
v43_anytime_300ms,fico_1k,1000,23,0.005,0.28400000000000003,264,4,0.45991375006269664,0.484,time,17,6021,1357,0.035,0.28400000000000003,0.284,False,ok
v43_anytime_300ms,sine_1k,1000,1,0.1,0.595,495,1,0.0004431670531630516,0.043,optimal,1,0,999,0.595,0.595,0.595,True,ok
v43_anytime_300ms,sine_1k,1000,1,0.05,0.545,495,1,0.0005003339610993862,0.04,optimal,1,0,999,0.545,0.545,0.545,True,ok
v43_anytime_300ms,sine_1k,1000,1,0.02,0.494,454,2,0.0006048750365152955,0.04,optimal,3,0,999,0.494,0.494,0.494,True,ok
v43_anytime_300ms,sine_1k,1000,1,0.01,0.42900000000000005,169,26,0.000637458055280149,0.041,optimal,51,0,999,0.42900000000000016,0.42900000000000016,0.429,True,ok
v43_anytime_300ms,sine_1k,1000,1,0.005,0.269,109,32,0.0006426250329241157,0.04,optimal,63,0,999,0.26900000000000013,0.26900000000000013,0.269,True,ok
v43_anytime_300ms,car_evaluation,1728,15,0.1,0.3997685185185186,518,1,3.120803739875555e-05,0.003,optimal,1,1,15,0.39976851851851847,0.39976851851851847,0.3997685185185186,True,ok
v43_anytime_300ms,car_evaluation,1728,15,0.05,0.29467592592592595,250,3,8.529203478246927e-05,0.003,optimal,18,10,15,0.29467592592592595,0.29467592592592595,0.2946759259259259,True,ok
v43_anytime_300ms,car_evaluation,1728,15,0.02,0.20467592592592593,250,3,0.0011606250191107392,0.004,optimal,548,377,15,0.20467592592592593,0.20467592592592593,0.2046759259259259,True,ok
v43_anytime_300ms,car_evaluation,1728,15,0.01,0.1452314814814815,130,7,0.006509750033728778,0.01,optimal,1684,1890,15,0.1452314814814815,0.1452314814814815,0.145231,True,ok
v43_anytime_300ms,car_evaluation,1728,15,0.005,0.1063425925925926,106,9,0.014125291956588626,0.017,optimal,1725,11135,15,0.1063425925925926,0.1063425925925926,0.1063425925925926,True,ok
v43_anytime_300ms,coupon_bar,1913,14,0.1,0.5119184526921067,788,1,2.5833025574684143e-05,0.003,optimal,1,1,14,0.5119184526921067,0.5119184526921067,0.511918,True,ok
v43_anytime_300ms,coupon_bar,1913,14,0.05,0.4538944066910612,677,2,6.0999998822808266e-05,0.003,optimal,27,15,14,0.4538944066910611,0.4538944066910611,0.453894,True,ok
v43_anytime_300ms,coupon_bar,1913,14,0.02,0.37155253528489285,596,3,0.00033291697036474943,0.003,optimal,189,122,14,0.3715525352848928,0.3715525352848928,0.3715525352848928,True,ok
v43_anytime_300ms,coupon_bar,1913,14,0.01,0.3410977522216414,576,4,0.002122374949976802,0.005,optimal,952,778,14,0.3410977522216414,0.3410977522216414,0.3410977522216414,True,ok
v43_anytime_300ms,coupon_bar,1913,14,0.005,0.3186199686356508,533,8,0.008915749960578978,0.012,optimal,1717,4859,14,0.3186199686356508,0.3186199686356508,0.3186199686356508,True,ok
v43_anytime_300ms,compas_binned,6907,12,0.1,0.5610829593166353,2494,2,2.8583104722201824e-05,0.008,optimal,3,1,12,0.5610829593166353,0.5610829593166353,0.5610829593166353,True,ok
v43_anytime_300ms,compas_binned,6907,12,0.05,0.46108295931663534,2494,2,2.8708018362522125e-05,0.008,optimal,3,1,12,0.46108295931663523,0.46108295931663523,0.4610829593166353,True,ok
v43_anytime_300ms,compas_binned,6907,12,0.02,0.4010829593166353,2494,2,6.820796988904476e-05,0.008,optimal,21,12,12,0.4010829593166353,0.4010829593166353,0.4010829593166353,True,ok
v43_anytime_300ms,compas_binned,6907,12,0.01,0.37486752569856663,2382,3,0.00027870899066329,0.008,optimal,111,63,12,0.3748675256985667,0.3748675256985667,0.3748675256985666,True,ok
v43_anytime_300ms,compas_binned,6907,12,0.005,0.355968582597365,2286,5,0.000777167035266757,0.009,optimal,297,201,12,0.35596858259736497,0.35596858259736497,0.355968582597365,True,ok
v43_anytime_300ms,fico_binary,10459,17,0.1,0.5040443637058992,3180,2,4.537496715784073e-05,0.016,optimal,3,1,17,0.5040443637058992,0.5040443637058992,0.504044,True,ok
v43_anytime_300ms,fico_binary,10459,17,0.05,0.40404436370589925,3180,2,9.316694922745228e-05,0.016,optimal,23,13,17,0.40404436370589925,0.40404436370589925,0.404044,True,ok
v43_anytime_300ms,fico_binary,10459,17,0.02,0.3440443637058992,3180,2,0.0008420830126851797,0.017,optimal,277,166,17,0.3440443637058992,0.3440443637058992,0.344044,True,ok
v43_anytime_300ms,fico_binary,10459,17,0.01,0.32404436370589923,3180,2,0.029450458008795977,0.045,optimal,1183,7213,17,0.32404436370589923,0.32404436370589923,0.324044,True,ok
v43_anytime_300ms,fico_binary,10459,17,0.005,0.308650922650349,3019,4,0.24303891707677394,0.259,optimal,1309,100010,17,0.308650922650349,0.308650922650349,0.308650922650349,True,ok
v43_anytime_300ms,compas_processed,12381,22,0.1,0.411364187060819,3855,1,0.0004343329928815365,0.31,optimal,23,13,621,0.411364187060819,0.411364187060819,0.411364,True,ok
v43_anytime_300ms,compas_processed,12381,22,0.05,0.36136418706081896,3855,1,0.07376745902001858,0.356,optimal,231,12462,621,0.36136418706081896,0.36136418706081896,0.361364,True,ok
v43_anytime_300ms,compas_processed,12381,22,0.02,0.32786043130603343,3564,2,0.3207385840360075,0.606,time,11,34725,621,0.10857281318148776,0.32786043130603343,0.32786,False,ok
v43_anytime_300ms,compas_processed,12381,22,0.01,0.30786043130603347,3564,2,0.33008904196321964,0.623,time,11,33021,621,0.08857281318148777,0.30786043130603347,0.30786,False,ok
v43_anytime_300ms,compas_processed,12381,22,0.005,0.29786043130603346,3564,2,0.3212045419495553,0.635,time,11,28173,621,0.07857281318148776,0.29786043130603346,0.29786,False,ok
v43_anytime_1000ms,chudi,77,2,0.1,0.464935064935065,5,4,0.0002572500379756093,19.49,optimal,23,10,46,0.464935064935065,0.464935064935065,0.464935,True,ok
v43_anytime_1000ms,chudi,77,2,0.05,0.25,0,5,0.0003364579752087593,0.001,optimal,53,24,46,0.25,0.25,0.25,True,ok
v43_anytime_1000ms,chudi,77,2,0.02,0.1,0,5,0.00037345802411437035,0.001,optimal,59,26,46,0.1,0.1,0.1,True,ok
v43_anytime_1000ms,chudi,77,2,0.01,0.05,0,5,0.00040945899672806263,0.001,optimal,65,29,46,0.05,0.05,0.05,True,ok
v43_anytime_1000ms,chudi,77,2,0.005,0.025,0,5,0.00040437502320855856,0.001,optimal,65,29,46,0.025,0.025,0.025,True,ok
v43_anytime_1000ms,monk_3,122,11,0.1,0.5213114754098361,27,3,4.2874948121607304e-05,0.001,optimal,6,3,11,0.521311475409836,0.521311475409836,0.521311,True,ok
v43_anytime_1000ms,monk_3,122,11,0.05,0.3713114754098361,27,3,7.595797069370747e-05,0.001,optimal,28,15,11,0.37131147540983606,0.37131147540983606,0.371311,True,ok
v43_anytime_1000ms,monk_3,122,11,0.02,0.24295081967213114,15,6,0.00023566698655486107,0.001,optimal,131,88,11,0.24295081967213117,0.24295081967213117,0.2429508196721311,True,ok
v43_anytime_1000ms,monk_3,122,11,0.01,0.15557377049180326,8,9,0.0006356670055538416,0.002,optimal,385,284,11,0.15557377049180326,0.15557377049180326,0.1555737704918032,True,ok
v43_anytime_1000ms,monk_3,122,11,0.005,0.09459016393442624,3,14,0.0022103750379756093,0.003,optimal,1298,1001,11,0.09459016393442624,0.09459016393442624,0.09459,True,ok
v43_anytime_1000ms,monk_1,124,11,0.1,0.4661290322580645,33,2,2.895807847380638e-05,0.001,optimal,3,2,11,0.46612903225806446,0.46612903225806446,0.466129,True,ok
v43_anytime_1000ms,monk_1,124,11,0.05,0.33870967741935487,11,5,7.97909451648593e-05,0.001,optimal,44,24,11,0.3387096774193548,0.3387096774193548,0.3387096774193548,True,ok
v43_anytime_1000ms,monk_1,124,11,0.02,0.16,0,8,0.00014050002209842205,0.001,optimal,95,50,11,0.16,0.16,0.16,True,ok
v43_anytime_1000ms,monk_1,124,11,0.01,0.08,0,8,0.00013520801439881325,0.001,optimal,101,51,11,0.08,0.08,0.08,True,ok
v43_anytime_1000ms,monk_1,124,11,0.005,0.04,0,8,0.00013420800678431988,0.001,optimal,101,51,11,0.04,0.04,0.04,True,ok
v43_anytime_1000ms,iris,150,4,0.1,0.34,6,3,0.00011566700413823128,0.002,optimal,5,0,118,0.34,0.34,0.34,True,ok
v43_anytime_1000ms,iris,150,4,0.05,0.19000000000000003,6,3,0.0001420410117134452,0.001,optimal,9,0,118,0.19,0.19,0.19,True,ok
v43_anytime_1000ms,iris,150,4,0.02,0.1,6,3,0.004865583032369614,0.006,optimal,122,73,118,0.1,0.1,0.1,True,ok
v43_anytime_1000ms,iris,150,4,0.01,0.06,3,4,0.010982458014041185,0.012,optimal,188,334,118,0.060000000000000005,0.060000000000000005,0.06,True,ok
v43_anytime_1000ms,iris,150,4,0.005,0.03833333333333334,2,5,0.031442124978639185,0.033,optimal,146,2140,118,0.03833333333333333,0.03833333333333333,0.038333,True,ok
v43_anytime_1000ms,monk_2,169,11,0.1,0.47869822485207103,64,1,2.5250017642974854e-05,0.001,optimal,1,1,11,0.47869822485207103,0.47869822485207103,0.478698,True,ok
v43_anytime_1000ms,monk_2,169,11,0.05,0.428698224852071,64,1,6.533297710120678e-05,0.001,optimal,23,14,11,0.428698224852071,0.428698224852071,0.428698,True,ok
v43_anytime_1000ms,monk_2,169,11,0.02,0.35893491124260357,37,7,0.001026166952215135,0.002,optimal,546,446,11,0.35893491124260357,0.35893491124260357,0.3589349112426035,True,ok
v43_anytime_1000ms,monk_2,169,11,0.01,0.2650887573964497,11,20,0.0036950421053916216,0.005,optimal,1891,1670,11,0.2650887573964497,0.2650887573964497,0.2650887573964497,True,ok
v43_anytime_1000ms,monk_2,169,11,0.005,0.15275147928994084,3,27,0.0065053749131038785,0.008,optimal,2197,2834,11,0.15275147928994082,0.15275147928994082,0.152751,True,ok
v43_anytime_1000ms,tic-tac-toe,958,9,0.1,0.4465553235908142,332,1,4.6584056690335274e-05,0.012,optimal,1,1,27,0.4465553235908142,0.4465553235908142,0.446555,True,ok
v43_anytime_1000ms,tic-tac-toe,958,9,0.05,0.3965553235908142,332,1,0.0004967910936102271,0.012,optimal,55,38,27,0.39655532359081413,0.39655532359081413,0.396555,True,ok
v43_anytime_1000ms,tic-tac-toe,958,9,0.02,0.3183298538622129,190,6,0.012926000053994358,0.025,optimal,781,4450,27,0.3183298538622129,0.3183298538622129,0.3183298538622129,True,ok
v43_anytime_1000ms,tic-tac-toe,958,9,0.01,0.2507515657620042,154,9,0.07540199998766184,0.087,optimal,821,41578,27,0.2507515657620042,0.2507515657620042,0.2507515657620042,True,ok
v43_anytime_1000ms,tic-tac-toe,958,9,0.005,0.15427974947807935,52,20,0.17257241695187986,0.184,optimal,1011,112008,27,0.15427974947807932,0.15427974947807932,0.1542797494780793,True,ok
v43_anytime_1000ms,gaussian_1k,1000,1,0.1,0.397,297,1,0.00045858300291001797,0.043,optimal,1,0,999,0.397,0.397,0.397,True,ok
v43_anytime_1000ms,gaussian_1k,1000,1,0.05,0.275,125,3,0.0005129170604050159,0.042,optimal,5,0,999,0.275,0.275,0.275,True,ok
v43_anytime_1000ms,gaussian_1k,1000,1,0.02,0.185,125,3,0.0005794999888166785,0.041,optimal,5,0,999,0.18499999999999997,0.18499999999999997,0.185,True,ok
v43_anytime_1000ms,gaussian_1k,1000,1,0.01,0.155,125,3,0.0006057500140741467,0.041,optimal,5,0,999,0.155,0.155,0.155,True,ok
v43_anytime_1000ms,gaussian_1k,1000,1,0.005,0.14,125,3,0.0005873750196769834,0.04,optimal,5,0,999,0.14,0.14,0.14,True,ok
v43_anytime_1000ms,fico_1k,1000,23,0.1,0.491,291,2,0.020488791982643306,0.042,optimal,11,2635,1357,0.49100000000000005,0.49100000000000005,0.491,True,ok
v43_anytime_1000ms,fico_1k,1000,23,0.05,0.391,291,2,1.0511082090670243,1.073,time,11,191044,1357,0.125,0.391,0.391,False,ok
v43_anytime_1000ms,fico_1k,1000,23,0.02,0.33099999999999996,291,2,1.0568135839421302,1.084,time,11,131526,1357,0.065,0.33099999999999996,0.331,False,ok
v43_anytime_1000ms,fico_1k,1000,23,0.01,0.304,264,4,1.0837367090862244,1.111,time,17,63471,1357,0.045,0.304,0.304,False,ok
v43_anytime_1000ms,fico_1k,1000,23,0.005,0.28400000000000003,264,4,1.1301533749792725,1.157,time,17,35680,1357,0.035,0.28400000000000003,0.284,False,ok
v43_anytime_1000ms,sine_1k,1000,1,0.1,0.595,495,1,0.0004954589530825615,0.047,optimal,1,0,999,0.595,0.595,0.595,True,ok
v43_anytime_1000ms,sine_1k,1000,1,0.05,0.545,495,1,0.0005632920656353235,0.045,optimal,1,0,999,0.545,0.545,0.545,True,ok
v43_anytime_1000ms,sine_1k,1000,1,0.02,0.494,454,2,0.0006252500461414456,0.044,optimal,3,0,999,0.494,0.494,0.494,True,ok
v43_anytime_1000ms,sine_1k,1000,1,0.01,0.42900000000000005,169,26,0.0006460408912971616,0.043,optimal,51,0,999,0.42900000000000016,0.42900000000000016,0.429,True,ok
v43_anytime_1000ms,sine_1k,1000,1,0.005,0.269,109,32,0.0006843749433755875,0.043,optimal,63,0,999,0.26900000000000013,0.26900000000000013,0.269,True,ok
v43_anytime_1000ms,car_evaluation,1728,15,0.1,0.3997685185185186,518,1,3.479095175862312e-05,0.003,optimal,1,1,15,0.39976851851851847,0.39976851851851847,0.3997685185185186,True,ok
v43_anytime_1000ms,car_evaluation,1728,15,0.05,0.29467592592592595,250,3,9.27080400288105e-05,0.003,optimal,18,10,15,0.29467592592592595,0.29467592592592595,0.2946759259259259,True,ok
v43_anytime_1000ms,car_evaluation,1728,15,0.02,0.20467592592592593,250,3,0.0012260410003364086,0.004,optimal,548,377,15,0.20467592592592593,0.20467592592592593,0.2046759259259259,True,ok
v43_anytime_1000ms,car_evaluation,1728,15,0.01,0.1452314814814815,130,7,0.006027875002473593,0.009,optimal,1575,1852,15,0.1452314814814815,0.1452314814814815,0.145231,True,ok
v43_anytime_1000ms,car_evaluation,1728,15,0.005,0.1063425925925926,106,9,0.013969374937005341,0.017,optimal,1612,10473,15,0.1063425925925926,0.1063425925925926,0.1063425925925926,True,ok
v43_anytime_1000ms,coupon_bar,1913,14,0.1,0.5119184526921067,788,1,2.6041059754788876e-05,0.003,optimal,1,1,14,0.5119184526921067,0.5119184526921067,0.511918,True,ok
v43_anytime_1000ms,coupon_bar,1913,14,0.05,0.4538944066910612,677,2,6.408302579075098e-05,0.003,optimal,27,15,14,0.4538944066910611,0.4538944066910611,0.453894,True,ok
v43_anytime_1000ms,coupon_bar,1913,14,0.02,0.37155253528489285,596,3,0.00034783303271979094,0.003,optimal,189,122,14,0.3715525352848928,0.3715525352848928,0.3715525352848928,True,ok
v43_anytime_1000ms,coupon_bar,1913,14,0.01,0.3410977522216414,576,4,0.0022692499915137887,0.005,optimal,979,798,14,0.3410977522216414,0.3410977522216414,0.3410977522216414,True,ok
v43_anytime_1000ms,coupon_bar,1913,14,0.005,0.3186199686356508,533,8,0.009764584014192224,0.013,optimal,1624,4968,14,0.3186199686356508,0.3186199686356508,0.3186199686356508,True,ok
v43_anytime_1000ms,compas_binned,6907,12,0.1,0.5610829593166353,2494,2,3.3082906156778336e-05,0.008,optimal,3,1,12,0.5610829593166353,0.5610829593166353,0.5610829593166353,True,ok
v43_anytime_1000ms,compas_binned,6907,12,0.05,0.46108295931663534,2494,2,3.333308268338442e-05,0.008,optimal,3,1,12,0.46108295931663523,0.46108295931663523,0.4610829593166353,True,ok
v43_anytime_1000ms,compas_binned,6907,12,0.02,0.4010829593166353,2494,2,7.558299694210291e-05,0.008,optimal,21,12,12,0.4010829593166353,0.4010829593166353,0.4010829593166353,True,ok
v43_anytime_1000ms,compas_binned,6907,12,0.01,0.37486752569856663,2382,3,0.00026933394838124514,0.008,optimal,111,63,12,0.3748675256985667,0.3748675256985667,0.3748675256985666,True,ok
v43_anytime_1000ms,compas_binned,6907,12,0.005,0.355968582597365,2286,5,0.0007867080857977271,0.009,optimal,297,201,12,0.35596858259736497,0.35596858259736497,0.355968582597365,True,ok
v43_anytime_1000ms,fico_binary,10459,17,0.1,0.5040443637058992,3180,2,5.5666896514594555e-05,0.017,optimal,3,1,17,0.5040443637058992,0.5040443637058992,0.504044,True,ok
v43_anytime_1000ms,fico_binary,10459,17,0.05,0.40404436370589925,3180,2,9.062502067536116e-05,0.016,optimal,23,13,17,0.40404436370589925,0.40404436370589925,0.404044,True,ok
v43_anytime_1000ms,fico_binary,10459,17,0.02,0.3440443637058992,3180,2,0.0008877910440787673,0.017,optimal,277,166,17,0.3440443637058992,0.3440443637058992,0.344044,True,ok
v43_anytime_1000ms,fico_binary,10459,17,0.01,0.32404436370589923,3180,2,0.029295042040757835,0.045,optimal,1188,6382,17,0.32404436370589923,0.32404436370589923,0.324044,True,ok
v43_anytime_1000ms,fico_binary,10459,17,0.005,0.308650922650349,3019,4,0.24322004104033113,0.26,optimal,1216,95671,17,0.308650922650349,0.308650922650349,0.308650922650349,True,ok
v43_anytime_1000ms,compas_processed,12381,22,0.1,0.411364187060819,3855,1,0.00046829204075038433,0.31,optimal,23,13,621,0.411364187060819,0.411364187060819,0.411364,True,ok
v43_anytime_1000ms,compas_processed,12381,22,0.05,0.36136418706081896,3855,1,0.07760962494648993,0.362,optimal,256,12200,621,0.36136418706081896,0.36136418706081896,0.361364,True,ok
v43_anytime_1000ms,compas_processed,12381,22,0.02,0.32786043130603343,3564,2,1.0560155420098454,1.342,time,11,95048,621,0.10857281318148776,0.32786043130603343,0.32786,False,ok
v43_anytime_1000ms,compas_processed,12381,22,0.01,0.30786043130603347,3564,2,1.1242754169506952,1.447,time,11,77424,621,0.08857281318148777,0.30786043130603347,0.30786,False,ok
v43_anytime_1000ms,compas_processed,12381,22,0.005,0.29786043130603346,3564,2,1.0577559999655932,1.377,time,11,70811,621,0.07857281318148776,0.29786043130603346,0.29786,False,ok
v43c_anytime_5ms,chudi,77,2,0.1,0.464935064935065,5,4,0.0002929579932242632,19.863,optimal,23,10,46,0.464935064935065,0.464935064935065,0.464935,True,ok
v43c_anytime_5ms,chudi,77,2,0.05,0.25,0,5,0.00034054205752909184,0.001,optimal,53,24,46,0.25,0.25,0.25,True,ok
v43c_anytime_5ms,chudi,77,2,0.02,0.1,0,5,0.00036912492942065,0.001,optimal,59,26,46,0.1,0.1,0.1,True,ok
v43c_anytime_5ms,chudi,77,2,0.01,0.05,0,5,0.0004082500236108899,0.001,optimal,65,29,46,0.05,0.05,0.05,True,ok
v43c_anytime_5ms,chudi,77,2,0.005,0.025,0,5,0.0004438749747350812,0.001,optimal,65,29,46,0.025,0.025,0.025,True,ok
v43c_anytime_5ms,monk_3,122,11,0.1,0.5213114754098361,27,3,3.774999640882015e-05,0.001,optimal,6,3,11,0.521311475409836,0.521311475409836,0.521311,True,ok
v43c_anytime_5ms,monk_3,122,11,0.05,0.3713114754098361,27,3,7.345899939537048e-05,0.001,optimal,28,15,11,0.37131147540983606,0.37131147540983606,0.371311,True,ok
v43c_anytime_5ms,monk_3,122,11,0.02,0.24295081967213114,15,6,0.00023729202803224325,0.001,optimal,131,88,11,0.24295081967213117,0.24295081967213117,0.2429508196721311,True,ok
v43c_anytime_5ms,monk_3,122,11,0.01,0.15557377049180326,8,9,0.0007342919707298279,0.002,optimal,448,326,11,0.15557377049180326,0.15557377049180326,0.1555737704918032,True,ok
v43c_anytime_5ms,monk_3,122,11,0.005,0.09459016393442624,3,14,0.0022938749752938747,0.003,optimal,1297,1025,11,0.09459016393442624,0.09459016393442624,0.09459,True,ok
v43c_anytime_5ms,monk_1,124,11,0.1,0.4661290322580645,33,2,2.795807085931301e-05,0.001,optimal,3,2,11,0.46612903225806446,0.46612903225806446,0.466129,True,ok
v43c_anytime_5ms,monk_1,124,11,0.05,0.33870967741935487,11,5,7.924996316432953e-05,0.001,optimal,44,24,11,0.3387096774193548,0.3387096774193548,0.3387096774193548,True,ok
v43c_anytime_5ms,monk_1,124,11,0.02,0.16,0,8,0.00013950001448392868,0.001,optimal,95,50,11,0.16,0.16,0.16,True,ok
v43c_anytime_5ms,monk_1,124,11,0.01,0.08,0,8,0.0001373329432681203,0.001,optimal,101,51,11,0.08,0.08,0.08,True,ok
v43c_anytime_5ms,monk_1,124,11,0.005,0.04,0,8,0.0001341670285910368,0.001,optimal,101,51,11,0.04,0.04,0.04,True,ok
v43c_anytime_5ms,iris,150,4,0.1,0.34,6,3,0.0001200829865410924,0.002,optimal,5,0,118,0.34,0.34,0.34,True,ok
v43c_anytime_5ms,iris,150,4,0.05,0.19000000000000003,6,3,0.00014104100409895182,0.001,optimal,9,0,118,0.19,0.19,0.19,True,ok
v43c_anytime_5ms,iris,150,4,0.02,0.1,6,3,0.004933374933898449,0.006,optimal,122,81,118,0.1,0.1,0.1,True,ok
v43c_anytime_5ms,iris,150,4,0.01,0.06,3,4,0.005065208999440074,0.006,time,155,104,118,0.02,0.060000000000000005,0.06,True,ok
v43c_anytime_5ms,iris,150,4,0.005,0.03833333333333334,2,5,0.005269708926789463,0.007,time,151,115,118,0.01,0.03833333333333333,0.038333,True,ok
v43c_anytime_5ms,monk_2,169,11,0.1,0.47869822485207103,64,1,2.7834088541567326e-05,0.001,optimal,1,1,11,0.47869822485207103,0.47869822485207103,0.478698,True,ok
v43c_anytime_5ms,monk_2,169,11,0.05,0.428698224852071,64,1,7.062498480081558e-05,0.001,optimal,23,14,11,0.428698224852071,0.428698224852071,0.428698,True,ok
v43c_anytime_5ms,monk_2,169,11,0.02,0.35893491124260357,37,7,0.0010735420510172844,0.002,optimal,558,458,11,0.35893491124260357,0.35893491124260357,0.3589349112426035,True,ok
v43c_anytime_5ms,monk_2,169,11,0.01,0.2650887573964497,11,20,0.003900791984051466,0.005,optimal,1957,1737,11,0.2650887573964497,0.2650887573964497,0.2650887573964497,True,ok
v43c_anytime_5ms,monk_2,169,11,0.005,0.15275147928994084,3,27,0.00554608297534287,0.007,time,2961,2393,11,0.01,0.15275147928994082,0.152751,True,ok
v43c_anytime_5ms,tic-tac-toe,958,9,0.1,0.4465553235908142,332,1,3.241701051592827e-05,0.011,optimal,1,1,27,0.4465553235908142,0.4465553235908142,0.446555,True,ok
v43c_anytime_5ms,tic-tac-toe,958,9,0.05,0.3965553235908142,332,1,0.00044662493746727705,0.012,optimal,55,38,27,0.39655532359081413,0.39655532359081413,0.396555,True,ok
v43c_anytime_5ms,tic-tac-toe,958,9,0.02,0.3406263048016701,288,2,0.005057874950580299,0.016,time,861,582,27,0.04,0.3406263048016701,0.3183298538622129,True,worse_than_known
v43c_anytime_5ms,tic-tac-toe,958,9,0.01,0.2839874739039666,205,7,0.005424832925200462,0.017,time,1105,703,27,0.02,0.2839874739039666,0.2507515657620042,True,worse_than_known
v43c_anytime_5ms,tic-tac-toe,958,9,0.005,0.19180584551148225,64,25,0.0050648750038817525,0.016,time,1123,709,27,0.01,0.19180584551148225,0.1542797494780793,True,worse_than_known
v43c_anytime_5ms,gaussian_1k,1000,1,0.1,0.397,297,1,0.0004296669503673911,0.041,optimal,1,0,999,0.397,0.397,0.397,True,ok
v43c_anytime_5ms,gaussian_1k,1000,1,0.05,0.275,125,3,0.0005170830991119146,0.041,optimal,5,0,999,0.275,0.275,0.275,True,ok
v43c_anytime_5ms,gaussian_1k,1000,1,0.02,0.185,125,3,0.0005722499918192625,0.041,optimal,5,0,999,0.18499999999999997,0.18499999999999997,0.185,True,ok
v43c_anytime_5ms,gaussian_1k,1000,1,0.01,0.155,125,3,0.0005604159086942673,0.041,optimal,5,0,999,0.155,0.155,0.155,True,ok
v43c_anytime_5ms,gaussian_1k,1000,1,0.005,0.14,125,3,0.0005717499880120158,0.039,optimal,5,0,999,0.14,0.14,0.14,True,ok
v43c_anytime_5ms,fico_1k,1000,23,0.1,0.491,291,2,0.0050084590911865234,0.027,time,326,204,1357,0.225,0.49100000000000005,0.491,True,ok
v43c_anytime_5ms,fico_1k,1000,23,0.05,0.391,291,2,0.005139250075444579,0.027,time,240,139,1357,0.125,0.391,0.391,False,ok
v43c_anytime_5ms,fico_1k,1000,23,0.02,0.33099999999999996,291,2,0.005187290953472257,0.03,time,171,114,1357,0.065,0.33099999999999996,0.331,False,ok
v43c_anytime_5ms,fico_1k,1000,23,0.01,0.311,291,2,0.00513933296315372,0.026,time,162,111,1357,0.045,0.311,0.304,False,worse_than_known
v43c_anytime_5ms,fico_1k,1000,23,0.005,0.301,291,2,0.005117708002217114,0.026,time,138,105,1357,0.035,0.301,0.284,False,worse_than_known
v43c_anytime_5ms,sine_1k,1000,1,0.1,0.595,495,1,0.00038712495006620884,0.037,optimal,1,0,999,0.595,0.595,0.595,True,ok
v43c_anytime_5ms,sine_1k,1000,1,0.05,0.545,495,1,0.0004795830463990569,0.037,optimal,1,0,999,0.545,0.545,0.545,True,ok
v43c_anytime_5ms,sine_1k,1000,1,0.02,0.494,454,2,0.0005374999018386006,0.037,optimal,3,0,999,0.494,0.494,0.494,True,ok
v43c_anytime_5ms,sine_1k,1000,1,0.01,0.42900000000000005,169,26,0.0005614169640466571,0.037,optimal,51,0,999,0.42900000000000016,0.42900000000000016,0.429,True,ok
v43c_anytime_5ms,sine_1k,1000,1,0.005,0.269,109,32,0.0005801660008728504,0.038,optimal,63,0,999,0.26900000000000013,0.26900000000000013,0.269,True,ok
v43c_anytime_5ms,car_evaluation,1728,15,0.1,0.3997685185185186,518,1,3.975001163780689e-05,0.003,optimal,1,1,15,0.39976851851851847,0.39976851851851847,0.3997685185185186,True,ok
v43c_anytime_5ms,car_evaluation,1728,15,0.05,0.29467592592592595,250,3,8.320901542901993e-05,0.003,optimal,18,10,15,0.29467592592592595,0.29467592592592595,0.2946759259259259,True,ok
v43c_anytime_5ms,car_evaluation,1728,15,0.02,0.20467592592592593,250,3,0.0011552500072866678,0.004,optimal,548,390,15,0.20467592592592593,0.20467592592592593,0.2046759259259259,True,ok
v43c_anytime_5ms,car_evaluation,1728,15,0.01,0.1452314814814815,130,7,0.005014499998651445,0.008,time,1949,1754,15,0.02,0.1452314814814815,0.145231,True,ok
v43c_anytime_5ms,car_evaluation,1728,15,0.005,0.1063425925925926,106,9,0.005084000062197447,0.008,time,1941,1925,15,0.01,0.11023148148148149,0.1063425925925926,True,ok
v43c_anytime_5ms,coupon_bar,1913,14,0.1,0.5119184526921067,788,1,2.6291003450751305e-05,0.003,optimal,1,1,14,0.5119184526921067,0.5119184526921067,0.511918,True,ok
v43c_anytime_5ms,coupon_bar,1913,14,0.05,0.4538944066910612,677,2,5.570799112319946e-05,0.003,optimal,27,15,14,0.4538944066910611,0.4538944066910611,0.453894,True,ok
v43c_anytime_5ms,coupon_bar,1913,14,0.02,0.37155253528489285,596,3,0.00035245809704065323,0.003,optimal,189,122,14,0.3715525352848928,0.3715525352848928,0.3715525352848928,True,ok
v43c_anytime_5ms,coupon_bar,1913,14,0.01,0.3410977522216414,576,4,0.002141249948181212,0.005,optimal,946,822,14,0.3410977522216414,0.3410977522216414,0.3410977522216414,True,ok
v43c_anytime_5ms,coupon_bar,1913,14,0.005,0.3186199686356508,533,8,0.005067334044724703,0.008,time,1809,1925,14,0.26771040250914796,0.3186199686356508,0.3186199686356508,True,ok
v43c_anytime_5ms,compas_binned,6907,12,0.1,0.5610829593166353,2494,2,3.4374999813735485e-05,0.009,optimal,3,1,12,0.5610829593166353,0.5610829593166353,0.5610829593166353,True,ok
v43c_anytime_5ms,compas_binned,6907,12,0.05,0.46108295931663534,2494,2,3.474997356534004e-05,0.008,optimal,3,1,12,0.46108295931663523,0.46108295931663523,0.4610829593166353,True,ok
v43c_anytime_5ms,compas_binned,6907,12,0.02,0.4010829593166353,2494,2,7.187493611127138e-05,0.008,optimal,21,12,12,0.4010829593166353,0.4010829593166353,0.4010829593166353,True,ok
v43c_anytime_5ms,compas_binned,6907,12,0.01,0.37486752569856663,2382,3,0.00025329203344881535,0.008,optimal,111,63,12,0.3748675256985667,0.3748675256985667,0.3748675256985666,True,ok
v43c_anytime_5ms,compas_binned,6907,12,0.005,0.355968582597365,2286,5,0.0007354170083999634,0.008,optimal,297,204,12,0.35596858259736497,0.35596858259736497,0.355968582597365,True,ok
v43c_anytime_5ms,fico_binary,10459,17,0.1,0.5040443637058992,3180,2,5.6832912378013134e-05,0.016,optimal,3,1,17,0.5040443637058992,0.5040443637058992,0.504044,True,ok
v43c_anytime_5ms,fico_binary,10459,17,0.05,0.40404436370589925,3180,2,0.00010783399920910597,0.017,optimal,23,13,17,0.40404436370589925,0.40404436370589925,0.404044,True,ok
v43c_anytime_5ms,fico_binary,10459,17,0.02,0.3440443637058992,3180,2,0.0009654170135036111,0.023,optimal,277,169,17,0.3440443637058992,0.3440443637058992,0.344044,True,ok
v43c_anytime_5ms,fico_binary,10459,17,0.01,0.32404436370589923,3180,2,0.005123625043779612,0.023,time,1248,837,17,0.23407400325078878,0.32404436370589923,0.324044,True,ok
v43c_anytime_5ms,fico_binary,10459,17,0.005,0.308650922650349,3019,4,0.005070790997706354,0.021,time,1609,1025,17,0.2240740032507888,0.308650922650349,0.308650922650349,True,ok
v43c_anytime_5ms,compas_processed,12381,22,0.1,0.411364187060819,3855,1,0.0004171250620856881,0.281,optimal,23,13,621,0.411364187060819,0.411364187060819,0.411364,True,ok
v43c_anytime_5ms,compas_processed,12381,22,0.05,0.36136418706081896,3855,1,0.005374375032261014,0.278,time,365,230,621,0.16857281318148776,0.36136418706081896,0.361364,True,ok
v43c_anytime_5ms,compas_processed,12381,22,0.02,0.32786043130603343,3564,2,0.005163541994988918,0.287,time,271,154,621,0.10857281318148776,0.32786043130603343,0.32786,False,ok
v43c_anytime_5ms,compas_processed,12381,22,0.01,0.30786043130603347,3564,2,0.005189291085116565,0.303,time,217,127,621,0.08857281318148777,0.30786043130603347,0.30786,False,ok
v43c_anytime_5ms,compas_processed,12381,22,0.005,0.29786043130603346,3564,2,0.005138208041898906,0.285,time,195,116,621,0.07857281318148776,0.29786043130603346,0.29786,False,ok
v43c_anytime_10ms,chudi,77,2,0.1,0.464935064935065,5,4,0.00027900002896785736,19.695,optimal,23,10,46,0.464935064935065,0.464935064935065,0.464935,True,ok
v43c_anytime_10ms,chudi,77,2,0.05,0.25,0,5,0.0003321251133456826,0.001,optimal,53,24,46,0.25,0.25,0.25,True,ok
v43c_anytime_10ms,chudi,77,2,0.02,0.1,0,5,0.00037283299025148153,0.001,optimal,59,26,46,0.1,0.1,0.1,True,ok
v43c_anytime_10ms,chudi,77,2,0.01,0.05,0,5,0.0004063330125063658,0.001,optimal,65,29,46,0.05,0.05,0.05,True,ok
v43c_anytime_10ms,chudi,77,2,0.005,0.025,0,5,0.000436166999861598,0.001,optimal,65,29,46,0.025,0.025,0.025,True,ok
v43c_anytime_10ms,monk_3,122,11,0.1,0.5213114754098361,27,3,4.1624996811151505e-05,0.001,optimal,6,3,11,0.521311475409836,0.521311475409836,0.521311,True,ok
v43c_anytime_10ms,monk_3,122,11,0.05,0.3713114754098361,27,3,7.520802319049835e-05,0.001,optimal,28,15,11,0.37131147540983606,0.37131147540983606,0.371311,True,ok
v43c_anytime_10ms,monk_3,122,11,0.02,0.24295081967213114,15,6,0.00023958308156579733,0.001,optimal,131,88,11,0.24295081967213117,0.24295081967213117,0.2429508196721311,True,ok
v43c_anytime_10ms,monk_3,122,11,0.01,0.15557377049180326,8,9,0.0007310410728678107,0.002,optimal,448,325,11,0.15557377049180326,0.15557377049180326,0.1555737704918032,True,ok
v43c_anytime_10ms,monk_3,122,11,0.005,0.09459016393442624,3,14,0.0022954170126467943,0.003,optimal,1293,1028,11,0.09459016393442624,0.09459016393442624,0.09459,True,ok
v43c_anytime_10ms,monk_1,124,11,0.1,0.4661290322580645,33,2,2.4834065698087215e-05,0.001,optimal,3,2,11,0.46612903225806446,0.46612903225806446,0.466129,True,ok
v43c_anytime_10ms,monk_1,124,11,0.05,0.33870967741935487,11,5,7.733306847512722e-05,0.001,optimal,44,24,11,0.3387096774193548,0.3387096774193548,0.3387096774193548,True,ok
v43c_anytime_10ms,monk_1,124,11,0.02,0.16,0,8,0.00013741699513047934,0.001,optimal,95,50,11,0.16,0.16,0.16,True,ok
v43c_anytime_10ms,monk_1,124,11,0.01,0.08,0,8,0.00014050002209842205,0.001,optimal,101,51,11,0.08,0.08,0.08,True,ok
v43c_anytime_10ms,monk_1,124,11,0.005,0.04,0,8,0.00013395806308835745,0.001,optimal,101,51,11,0.04,0.04,0.04,True,ok
v43c_anytime_10ms,iris,150,4,0.1,0.34,6,3,0.0001103340182453394,0.001,optimal,5,0,118,0.34,0.34,0.34,True,ok
v43c_anytime_10ms,iris,150,4,0.05,0.19000000000000003,6,3,0.0001403329661116004,0.001,optimal,9,0,118,0.19,0.19,0.19,True,ok
v43c_anytime_10ms,iris,150,4,0.02,0.1,6,3,0.004934165976010263,0.006,optimal,122,82,118,0.1,0.1,0.1,True,ok
v43c_anytime_10ms,iris,150,4,0.01,0.06,3,4,0.010180125012993813,0.012,time,250,189,118,0.02,0.060000000000000005,0.06,True,ok
v43c_anytime_10ms,iris,150,4,0.005,0.03833333333333334,2,5,0.010273459018208086,0.012,time,301,261,118,0.01,0.03833333333333333,0.038333,True,ok
v43c_anytime_10ms,monk_2,169,11,0.1,0.47869822485207103,64,1,2.1332991309463978e-05,0.001,optimal,1,1,11,0.47869822485207103,0.47869822485207103,0.478698,True,ok
v43c_anytime_10ms,monk_2,169,11,0.05,0.428698224852071,64,1,6.358395330607891e-05,0.001,optimal,23,14,11,0.428698224852071,0.428698224852071,0.428698,True,ok
v43c_anytime_10ms,monk_2,169,11,0.02,0.35893491124260357,37,7,0.0010249579790979624,0.002,optimal,554,452,11,0.35893491124260357,0.35893491124260357,0.3589349112426035,True,ok
v43c_anytime_10ms,monk_2,169,11,0.01,0.2650887573964497,11,20,0.0037383330054581165,0.005,optimal,1975,1751,11,0.2650887573964497,0.2650887573964497,0.2650887573964497,True,ok
v43c_anytime_10ms,monk_2,169,11,0.005,0.15275147928994084,3,27,0.00630554195959121,0.007,optimal,3224,2740,11,0.15275147928994082,0.15275147928994082,0.152751,True,ok
v43c_anytime_10ms,tic-tac-toe,958,9,0.1,0.4465553235908142,332,1,3.4250086173415184e-05,0.011,optimal,1,1,27,0.4465553235908142,0.4465553235908142,0.446555,True,ok
v43c_anytime_10ms,tic-tac-toe,958,9,0.05,0.3965553235908142,332,1,0.0004405418876558542,0.011,optimal,55,38,27,0.39655532359081413,0.39655532359081413,0.396555,True,ok
v43c_anytime_10ms,tic-tac-toe,958,9,0.02,0.3406263048016701,288,2,0.010529375053010881,0.021,time,2101,1386,27,0.04,0.3406263048016701,0.3183298538622129,True,worse_than_known
v43c_anytime_10ms,tic-tac-toe,958,9,0.01,0.2839874739039666,205,7,0.010487290914170444,0.022,time,2117,1398,27,0.02,0.2839874739039666,0.2507515657620042,True,worse_than_known
v43c_anytime_10ms,tic-tac-toe,958,9,0.005,0.19180584551148225,64,25,0.010300791007466614,0.022,time,2374,1529,27,0.01,0.19180584551148225,0.1542797494780793,True,worse_than_known
v43c_anytime_10ms,gaussian_1k,1000,1,0.1,0.397,297,1,0.0003934579435735941,0.038,optimal,1,0,999,0.397,0.397,0.397,True,ok
v43c_anytime_10ms,gaussian_1k,1000,1,0.05,0.275,125,3,0.0004462499637156725,0.037,optimal,5,0,999,0.275,0.275,0.275,True,ok
v43c_anytime_10ms,gaussian_1k,1000,1,0.02,0.185,125,3,0.000517916982062161,0.036,optimal,5,0,999,0.18499999999999997,0.18499999999999997,0.185,True,ok
v43c_anytime_10ms,gaussian_1k,1000,1,0.01,0.155,125,3,0.0005428330041468143,0.037,optimal,5,0,999,0.155,0.155,0.155,True,ok
v43c_anytime_10ms,gaussian_1k,1000,1,0.005,0.14,125,3,0.0005522089777514338,0.037,optimal,5,0,999,0.14,0.14,0.14,True,ok
v43c_anytime_10ms,fico_1k,1000,23,0.1,0.491,291,2,0.010392999975010753,0.031,time,747,468,1357,0.225,0.49100000000000005,0.491,True,ok
v43c_anytime_10ms,fico_1k,1000,23,0.05,0.391,291,2,0.010331082972697914,0.031,time,498,300,1357,0.125,0.391,0.391,False,ok
v43c_anytime_10ms,fico_1k,1000,23,0.02,0.33099999999999996,291,2,0.010034582926891744,0.031,time,363,241,1357,0.065,0.33099999999999996,0.331,False,ok
v43c_anytime_10ms,fico_1k,1000,23,0.01,0.311,291,2,0.010463499929755926,0.033,time,308,217,1357,0.045,0.311,0.304,False,worse_than_known
v43c_anytime_10ms,fico_1k,1000,23,0.005,0.301,291,2,0.010447583976201713,0.032,time,278,208,1357,0.035,0.301,0.284,False,worse_than_known
v43c_anytime_10ms,sine_1k,1000,1,0.1,0.595,495,1,0.0003885419573634863,0.038,optimal,1,0,999,0.595,0.595,0.595,True,ok
v43c_anytime_10ms,sine_1k,1000,1,0.05,0.545,495,1,0.0004989579319953918,0.037,optimal,1,0,999,0.545,0.545,0.545,True,ok
v43c_anytime_10ms,sine_1k,1000,1,0.02,0.494,454,2,0.0006065419875085354,0.042,optimal,3,0,999,0.494,0.494,0.494,True,ok
v43c_anytime_10ms,sine_1k,1000,1,0.01,0.42900000000000005,169,26,0.000639959005638957,0.045,optimal,51,0,999,0.42900000000000016,0.42900000000000016,0.429,True,ok
v43c_anytime_10ms,sine_1k,1000,1,0.005,0.269,109,32,0.0006330830510705709,0.04,optimal,63,0,999,0.26900000000000013,0.26900000000000013,0.269,True,ok
v43c_anytime_10ms,car_evaluation,1728,15,0.1,0.3997685185185186,518,1,4.1416031308472157e-05,0.003,optimal,1,1,15,0.39976851851851847,0.39976851851851847,0.3997685185185186,True,ok
v43c_anytime_10ms,car_evaluation,1728,15,0.05,0.29467592592592595,250,3,9.320804383605719e-05,0.003,optimal,18,10,15,0.29467592592592595,0.29467592592592595,0.2946759259259259,True,ok
v43c_anytime_10ms,car_evaluation,1728,15,0.02,0.20467592592592593,250,3,0.0012062090681865811,0.004,optimal,547,389,15,0.20467592592592593,0.20467592592592593,0.2046759259259259,True,ok
v43c_anytime_10ms,car_evaluation,1728,15,0.01,0.1452314814814815,130,7,0.005788665963336825,0.009,optimal,2122,1885,15,0.1452314814814815,0.1452314814814815,0.145231,True,ok
v43c_anytime_10ms,car_evaluation,1728,15,0.005,0.1063425925925926,106,9,0.010071167023852468,0.013,time,3253,3464,15,0.01,0.1063425925925926,0.1063425925925926,True,ok
v43c_anytime_10ms,coupon_bar,1913,14,0.1,0.5119184526921067,788,1,2.6041059754788876e-05,0.003,optimal,1,1,14,0.5119184526921067,0.5119184526921067,0.511918,True,ok
v43c_anytime_10ms,coupon_bar,1913,14,0.05,0.4538944066910612,677,2,5.5582961067557335e-05,0.003,optimal,27,15,14,0.4538944066910611,0.4538944066910611,0.453894,True,ok
v43c_anytime_10ms,coupon_bar,1913,14,0.02,0.37155253528489285,596,3,0.000328624970279634,0.003,optimal,189,122,14,0.3715525352848928,0.3715525352848928,0.3715525352848928,True,ok
v43c_anytime_10ms,coupon_bar,1913,14,0.01,0.3410977522216414,576,4,0.002320125000551343,0.005,optimal,946,824,14,0.3410977522216414,0.3410977522216414,0.3410977522216414,True,ok
v43c_anytime_10ms,coupon_bar,1913,14,0.005,0.3186199686356508,533,8,0.010103542008437216,0.013,time,3060,3574,14,0.26771040250914796,0.3186199686356508,0.3186199686356508,True,ok
v43c_anytime_10ms,compas_binned,6907,12,0.1,0.5610829593166353,2494,2,3.212492447346449e-05,0.008,optimal,3,1,12,0.5610829593166353,0.5610829593166353,0.5610829593166353,True,ok
v43c_anytime_10ms,compas_binned,6907,12,0.05,0.46108295931663534,2494,2,4.3459003791213036e-05,0.008,optimal,3,1,12,0.46108295931663523,0.46108295931663523,0.4610829593166353,True,ok
v43c_anytime_10ms,compas_binned,6907,12,0.02,0.4010829593166353,2494,2,7.287494372576475e-05,0.008,optimal,21,12,12,0.4010829593166353,0.4010829593166353,0.4010829593166353,True,ok
v43c_anytime_10ms,compas_binned,6907,12,0.01,0.37486752569856663,2382,3,0.0002685419749468565,0.008,optimal,111,63,12,0.3748675256985667,0.3748675256985667,0.3748675256985666,True,ok
v43c_anytime_10ms,compas_binned,6907,12,0.005,0.355968582597365,2286,5,0.0007497919723391533,0.008,optimal,297,204,12,0.35596858259736497,0.35596858259736497,0.355968582597365,True,ok
v43c_anytime_10ms,fico_binary,10459,17,0.1,0.5040443637058992,3180,2,4.895799793303013e-05,0.016,optimal,3,1,17,0.5040443637058992,0.5040443637058992,0.504044,True,ok
v43c_anytime_10ms,fico_binary,10459,17,0.05,0.40404436370589925,3180,2,8.92499228939414e-05,0.015,optimal,23,13,17,0.40404436370589925,0.40404436370589925,0.404044,True,ok
v43c_anytime_10ms,fico_binary,10459,17,0.02,0.3440443637058992,3180,2,0.0008229590021073818,0.016,optimal,277,168,17,0.3440443637058992,0.3440443637058992,0.344044,True,ok
v43c_anytime_10ms,fico_binary,10459,17,0.01,0.32404436370589923,3180,2,0.010208375053480268,0.026,time,2460,1845,17,0.23407400325078878,0.32404436370589923,0.324044,True,ok
v43c_anytime_10ms,fico_binary,10459,17,0.005,0.308650922650349,3019,4,0.010232249973341823,0.026,time,3018,2077,17,0.2240740032507888,0.308650922650349,0.308650922650349,True,ok
v43c_anytime_10ms,compas_processed,12381,22,0.1,0.411364187060819,3855,1,0.00041975011117756367,0.293,optimal,23,13,621,0.411364187060819,0.411364187060819,0.411364,True,ok
v43c_anytime_10ms,compas_processed,12381,22,0.05,0.36136418706081896,3855,1,0.01034579100087285,0.287,time,727,460,621,0.16857281318148776,0.36136418706081896,0.361364,True,ok
v43c_anytime_10ms,compas_processed,12381,22,0.02,0.32786043130603343,3564,2,0.010481582954525948,0.31,time,479,321,621,0.10857281318148776,0.32786043130603343,0.32786,False,ok
v43c_anytime_10ms,compas_processed,12381,22,0.01,0.30786043130603347,3564,2,0.010100667015649378,0.279,time,385,229,621,0.08857281318148777,0.30786043130603347,0.30786,False,ok
v43c_anytime_10ms,compas_processed,12381,22,0.005,0.29786043130603346,3564,2,0.010484666912816465,0.29,time,357,219,621,0.07857281318148776,0.29786043130603346,0.29786,False,ok
v43c_anytime_20ms,chudi,77,2,0.1,0.464935064935065,5,4,0.0003100420581176877,19.752,optimal,23,10,46,0.464935064935065,0.464935064935065,0.464935,True,ok
v43c_anytime_20ms,chudi,77,2,0.05,0.25,0,5,0.0003507910296320915,0.001,optimal,53,24,46,0.25,0.25,0.25,True,ok
v43c_anytime_20ms,chudi,77,2,0.02,0.1,0,5,0.00038170802872627974,0.001,optimal,59,26,46,0.1,0.1,0.1,True,ok
v43c_anytime_20ms,chudi,77,2,0.01,0.05,0,5,0.00042995798867195845,0.001,optimal,65,29,46,0.05,0.05,0.05,True,ok
v43c_anytime_20ms,chudi,77,2,0.005,0.025,0,5,0.00040570797864347696,0.001,optimal,65,29,46,0.025,0.025,0.025,True,ok
v43c_anytime_20ms,monk_3,122,11,0.1,0.5213114754098361,27,3,4.291604273021221e-05,0.001,optimal,6,3,11,0.521311475409836,0.521311475409836,0.521311,True,ok
v43c_anytime_20ms,monk_3,122,11,0.05,0.3713114754098361,27,3,7.56249064579606e-05,0.001,optimal,28,15,11,0.37131147540983606,0.37131147540983606,0.371311,True,ok
v43c_anytime_20ms,monk_3,122,11,0.02,0.24295081967213114,15,6,0.00023895804770290852,0.001,optimal,131,88,11,0.24295081967213117,0.24295081967213117,0.2429508196721311,True,ok
v43c_anytime_20ms,monk_3,122,11,0.01,0.15557377049180326,8,9,0.0006455839611589909,0.002,optimal,385,284,11,0.15557377049180326,0.15557377049180326,0.1555737704918032,True,ok
v43c_anytime_20ms,monk_3,122,11,0.005,0.09459016393442624,3,14,0.002228999976068735,0.003,optimal,1298,1006,11,0.09459016393442624,0.09459016393442624,0.09459,True,ok
v43c_anytime_20ms,monk_1,124,11,0.1,0.4661290322580645,33,2,2.604199107736349e-05,0.001,optimal,3,2,11,0.46612903225806446,0.46612903225806446,0.466129,True,ok
v43c_anytime_20ms,monk_1,124,11,0.05,0.33870967741935487,11,5,7.912504952400923e-05,0.001,optimal,44,24,11,0.3387096774193548,0.3387096774193548,0.3387096774193548,True,ok
v43c_anytime_20ms,monk_1,124,11,0.02,0.16,0,8,0.00013991608284413815,0.001,optimal,95,50,11,0.16,0.16,0.16,True,ok
v43c_anytime_20ms,monk_1,124,11,0.01,0.08,0,8,0.000140791991725564,0.001,optimal,101,51,11,0.08,0.08,0.08,True,ok
v43c_anytime_20ms,monk_1,124,11,0.005,0.04,0,8,0.0001342500327154994,0.001,optimal,101,51,11,0.04,0.04,0.04,True,ok
v43c_anytime_20ms,iris,150,4,0.1,0.34,6,3,0.00011054205242544413,0.001,optimal,5,0,118,0.34,0.34,0.34,True,ok
v43c_anytime_20ms,iris,150,4,0.05,0.19000000000000003,6,3,0.00014916702639311552,0.002,optimal,9,0,118,0.19,0.19,0.19,True,ok
v43c_anytime_20ms,iris,150,4,0.02,0.1,6,3,0.0049074169946834445,0.006,optimal,122,77,118,0.1,0.1,0.1,True,ok
v43c_anytime_20ms,iris,150,4,0.01,0.06,3,4,0.008979832986369729,0.01,optimal,114,374,118,0.060000000000000005,0.060000000000000005,0.06,True,ok
v43c_anytime_20ms,iris,150,4,0.005,0.03833333333333334,2,5,0.025142500060610473,0.027,time,111,1414,118,0.01,0.03833333333333333,0.038333,True,ok
v43c_anytime_20ms,monk_2,169,11,0.1,0.47869822485207103,64,1,3.9792037568986416e-05,0.001,optimal,1,1,11,0.47869822485207103,0.47869822485207103,0.478698,True,ok
v43c_anytime_20ms,monk_2,169,11,0.05,0.428698224852071,64,1,7.399998139590025e-05,0.001,optimal,23,14,11,0.428698224852071,0.428698224852071,0.428698,True,ok
v43c_anytime_20ms,monk_2,169,11,0.02,0.35893491124260357,37,7,0.001017875038087368,0.002,optimal,548,448,11,0.35893491124260357,0.35893491124260357,0.3589349112426035,True,ok
v43c_anytime_20ms,monk_2,169,11,0.01,0.2650887573964497,11,20,0.0036525839241221547,0.005,optimal,1888,1686,11,0.2650887573964497,0.2650887573964497,0.2650887573964497,True,ok
v43c_anytime_20ms,monk_2,169,11,0.005,0.15275147928994084,3,27,0.0074627919821068645,0.009,optimal,2294,3222,11,0.15275147928994082,0.15275147928994082,0.152751,True,ok
v43c_anytime_20ms,tic-tac-toe,958,9,0.1,0.4465553235908142,332,1,3.912497777491808e-05,0.013,optimal,1,1,27,0.4465553235908142,0.4465553235908142,0.446555,True,ok
v43c_anytime_20ms,tic-tac-toe,958,9,0.05,0.3965553235908142,332,1,0.00047604204155504704,0.012,optimal,55,38,27,0.39655532359081413,0.39655532359081413,0.396555,True,ok
v43c_anytime_20ms,tic-tac-toe,958,9,0.02,0.3183298538622129,190,6,0.017016708035953343,0.029,optimal,537,6329,27,0.3183298538622129,0.3183298538622129,0.3183298538622129,True,ok
v43c_anytime_20ms,tic-tac-toe,958,9,0.01,0.2839874739039666,205,7,0.02100366703234613,0.035,time,491,9019,27,0.02,0.2839874739039666,0.2507515657620042,True,worse_than_known
v43c_anytime_20ms,tic-tac-toe,958,9,0.005,0.19180584551148225,64,25,0.021037291968241334,0.033,time,805,8231,27,0.01,0.19180584551148225,0.1542797494780793,True,worse_than_known
v43c_anytime_20ms,gaussian_1k,1000,1,0.1,0.397,297,1,0.0006490419618785381,0.057,optimal,1,0,999,0.397,0.397,0.397,True,ok
v43c_anytime_20ms,gaussian_1k,1000,1,0.05,0.275,125,3,0.0005236249417066574,0.046,optimal,5,0,999,0.275,0.275,0.275,True,ok
v43c_anytime_20ms,gaussian_1k,1000,1,0.02,0.185,125,3,0.0005509589100256562,0.04,optimal,5,0,999,0.18499999999999997,0.18499999999999997,0.185,True,ok
v43c_anytime_20ms,gaussian_1k,1000,1,0.01,0.155,125,3,0.0005767910042777658,0.038,optimal,5,0,999,0.155,0.155,0.155,True,ok
v43c_anytime_20ms,gaussian_1k,1000,1,0.005,0.14,125,3,0.0005889169406145811,0.039,optimal,5,0,999,0.14,0.14,0.14,True,ok
v43c_anytime_20ms,fico_1k,1000,23,0.1,0.491,291,2,0.02021016599610448,0.044,time,277,2759,1357,0.225,0.49100000000000005,0.491,True,ok
v43c_anytime_20ms,fico_1k,1000,23,0.05,0.391,291,2,0.021219291957095265,0.043,time,238,3108,1357,0.125,0.391,0.391,False,ok
v43c_anytime_20ms,fico_1k,1000,23,0.02,0.33099999999999996,291,2,0.021607665927149355,0.044,time,161,2323,1357,0.065,0.33099999999999996,0.331,False,ok
v43c_anytime_20ms,fico_1k,1000,23,0.01,0.311,291,2,0.022010791930370033,0.043,time,170,2529,1357,0.045,0.311,0.304,False,worse_than_known
v43c_anytime_20ms,fico_1k,1000,23,0.005,0.301,291,2,0.021802541916258633,0.045,time,158,2677,1357,0.035,0.301,0.284,False,worse_than_known
v43c_anytime_20ms,sine_1k,1000,1,0.1,0.595,495,1,0.00046695792116224766,0.043,optimal,1,0,999,0.595,0.595,0.595,True,ok
v43c_anytime_20ms,sine_1k,1000,1,0.05,0.545,495,1,0.0005671250401064754,0.044,optimal,1,0,999,0.545,0.545,0.545,True,ok
v43c_anytime_20ms,sine_1k,1000,1,0.02,0.494,454,2,0.0005967080360278487,0.042,optimal,3,0,999,0.494,0.494,0.494,True,ok
v43c_anytime_20ms,sine_1k,1000,1,0.01,0.42900000000000005,169,26,0.0006193749140948057,0.041,optimal,51,0,999,0.42900000000000016,0.42900000000000016,0.429,True,ok
v43c_anytime_20ms,sine_1k,1000,1,0.005,0.269,109,32,0.0006397080142050982,0.04,optimal,63,0,999,0.26900000000000013,0.26900000000000013,0.269,True,ok
v43c_anytime_20ms,car_evaluation,1728,15,0.1,0.3997685185185186,518,1,3.8207974284887314e-05,0.003,optimal,1,1,15,0.39976851851851847,0.39976851851851847,0.3997685185185186,True,ok
v43c_anytime_20ms,car_evaluation,1728,15,0.05,0.29467592592592595,250,3,9.220896754413843e-05,0.003,optimal,18,10,15,0.29467592592592595,0.29467592592592595,0.2946759259259259,True,ok
v43c_anytime_20ms,car_evaluation,1728,15,0.02,0.20467592592592593,250,3,0.001229958957992494,0.004,optimal,548,377,15,0.20467592592592593,0.20467592592592593,0.2046759259259259,True,ok
v43c_anytime_20ms,car_evaluation,1728,15,0.01,0.1452314814814815,130,7,0.006629750016145408,0.01,optimal,1264,2163,15,0.1452314814814815,0.1452314814814815,0.145231,True,ok
v43c_anytime_20ms,car_evaluation,1728,15,0.005,0.1063425925925926,106,9,0.015325709013268352,0.019,optimal,1453,13051,15,0.1063425925925926,0.1063425925925926,0.1063425925925926,True,ok
v43c_anytime_20ms,coupon_bar,1913,14,0.1,0.5119184526921067,788,1,2.862501423805952e-05,0.003,optimal,1,1,14,0.5119184526921067,0.5119184526921067,0.511918,True,ok
v43c_anytime_20ms,coupon_bar,1913,14,0.05,0.4538944066910612,677,2,6.025005131959915e-05,0.003,optimal,27,15,14,0.4538944066910611,0.4538944066910611,0.453894,True,ok
v43c_anytime_20ms,coupon_bar,1913,14,0.02,0.37155253528489285,596,3,0.00033358403015881777,0.003,optimal,189,122,14,0.3715525352848928,0.3715525352848928,0.3715525352848928,True,ok
v43c_anytime_20ms,coupon_bar,1913,14,0.01,0.3410977522216414,576,4,0.002178375027142465,0.005,optimal,950,793,14,0.3410977522216414,0.3410977522216414,0.3410977522216414,True,ok
v43c_anytime_20ms,coupon_bar,1913,14,0.005,0.3186199686356508,533,8,0.014121999964118004,0.017,optimal,1499,7566,14,0.3186199686356508,0.3186199686356508,0.3186199686356508,True,ok
v43c_anytime_20ms,compas_binned,6907,12,0.1,0.5610829593166353,2494,2,4.22910088673234e-05,0.01,optimal,3,1,12,0.5610829593166353,0.5610829593166353,0.5610829593166353,True,ok
v43c_anytime_20ms,compas_binned,6907,12,0.05,0.46108295931663534,2494,2,3.979192115366459e-05,0.008,optimal,3,1,12,0.46108295931663523,0.46108295931663523,0.4610829593166353,True,ok
v43c_anytime_20ms,compas_binned,6907,12,0.02,0.4010829593166353,2494,2,7.058307528495789e-05,0.008,optimal,21,12,12,0.4010829593166353,0.4010829593166353,0.4010829593166353,True,ok
v43c_anytime_20ms,compas_binned,6907,12,0.01,0.37486752569856663,2382,3,0.00027112499810755253,0.008,optimal,111,63,12,0.3748675256985667,0.3748675256985667,0.3748675256985666,True,ok
v43c_anytime_20ms,compas_binned,6907,12,0.005,0.355968582597365,2286,5,0.0007636670488864183,0.009,optimal,297,201,12,0.35596858259736497,0.35596858259736497,0.355968582597365,True,ok
v43c_anytime_20ms,fico_binary,10459,17,0.1,0.5040443637058992,3180,2,3.966700751334429e-05,0.016,optimal,3,1,17,0.5040443637058992,0.5040443637058992,0.504044,True,ok
v43c_anytime_20ms,fico_binary,10459,17,0.05,0.40404436370589925,3180,2,8.804199751466513e-05,0.016,optimal,23,13,17,0.40404436370589925,0.40404436370589925,0.404044,True,ok
v43c_anytime_20ms,fico_binary,10459,17,0.02,0.3440443637058992,3180,2,0.0008917090017348528,0.017,optimal,277,168,17,0.3440443637058992,0.3440443637058992,0.344044,True,ok
v43c_anytime_20ms,fico_binary,10459,17,0.01,0.32404436370589923,3180,2,0.02059016691055149,0.036,time,1140,7479,17,0.23407400325078878,0.32404436370589923,0.324044,True,ok
v43c_anytime_20ms,fico_binary,10459,17,0.005,0.308650922650349,3019,4,0.02110037498641759,0.037,time,1302,9939,17,0.2240740032507888,0.308650922650349,0.308650922650349,True,ok
v43c_anytime_20ms,compas_processed,12381,22,0.1,0.411364187060819,3855,1,0.00044733297545462847,0.318,optimal,23,13,621,0.411364187060819,0.411364187060819,0.411364,True,ok
v43c_anytime_20ms,compas_processed,12381,22,0.05,0.36136418706081896,3855,1,0.02201808406971395,0.301,time,298,3054,621,0.16857281318148776,0.36136418706081896,0.361364,True,ok
v43c_anytime_20ms,compas_processed,12381,22,0.02,0.32786043130603343,3564,2,0.021616042009554803,0.297,time,243,2860,621,0.10857281318148776,0.32786043130603343,0.32786,False,ok
v43c_anytime_20ms,compas_processed,12381,22,0.01,0.30786043130603347,3564,2,0.02236254105810076,0.314,time,149,2711,621,0.08857281318148777,0.30786043130603347,0.30786,False,ok
v43c_anytime_20ms,compas_processed,12381,22,0.005,0.29786043130603346,3564,2,0.021510208025574684,0.298,time,137,2205,621,0.07857281318148776,0.29786043130603346,0.29786,False,ok
v43c_anytime_50ms,chudi,77,2,0.1,0.464935064935065,5,4,0.0002910830080509186,19.994,optimal,23,10,46,0.464935064935065,0.464935064935065,0.464935,True,ok
v43c_anytime_50ms,chudi,77,2,0.05,0.25,0,5,0.0003322080010548234,0.001,optimal,53,24,46,0.25,0.25,0.25,True,ok
v43c_anytime_50ms,chudi,77,2,0.02,0.1,0,5,0.0003715410130098462,0.001,optimal,59,26,46,0.1,0.1,0.1,True,ok
v43c_anytime_50ms,chudi,77,2,0.01,0.05,0,5,0.0004088339628651738,0.001,optimal,65,29,46,0.05,0.05,0.05,True,ok
v43c_anytime_50ms,chudi,77,2,0.005,0.025,0,5,0.0003993749851360917,0.001,optimal,65,29,46,0.025,0.025,0.025,True,ok
v43c_anytime_50ms,monk_3,122,11,0.1,0.5213114754098361,27,3,3.4958007745444775e-05,0.001,optimal,6,3,11,0.521311475409836,0.521311475409836,0.521311,True,ok
v43c_anytime_50ms,monk_3,122,11,0.05,0.3713114754098361,27,3,7.170799653977156e-05,0.001,optimal,28,15,11,0.37131147540983606,0.37131147540983606,0.371311,True,ok
v43c_anytime_50ms,monk_3,122,11,0.02,0.24295081967213114,15,6,0.00023670797236263752,0.001,optimal,131,88,11,0.24295081967213117,0.24295081967213117,0.2429508196721311,True,ok
v43c_anytime_50ms,monk_3,122,11,0.01,0.15557377049180326,8,9,0.000649375026114285,0.002,optimal,385,284,11,0.15557377049180326,0.15557377049180326,0.1555737704918032,True,ok
v43c_anytime_50ms,monk_3,122,11,0.005,0.09459016393442624,3,14,0.0022754999808967113,0.003,optimal,1285,991,11,0.09459016393442624,0.09459016393442624,0.09459,True,ok
v43c_anytime_50ms,monk_1,124,11,0.1,0.4661290322580645,33,2,3.216695040464401e-05,0.001,optimal,3,2,11,0.46612903225806446,0.46612903225806446,0.466129,True,ok
v43c_anytime_50ms,monk_1,124,11,0.05,0.33870967741935487,11,5,8.495908696204424e-05,0.001,optimal,44,24,11,0.3387096774193548,0.3387096774193548,0.3387096774193548,True,ok
v43c_anytime_50ms,monk_1,124,11,0.02,0.16,0,8,0.00014362495858222246,0.001,optimal,95,50,11,0.16,0.16,0.16,True,ok
v43c_anytime_50ms,monk_1,124,11,0.01,0.08,0,8,0.00014170794747769833,0.001,optimal,101,51,11,0.08,0.08,0.08,True,ok
v43c_anytime_50ms,monk_1,124,11,0.005,0.04,0,8,0.0001397080486640334,0.001,optimal,101,51,11,0.04,0.04,0.04,True,ok
v43c_anytime_50ms,iris,150,4,0.1,0.34,6,3,0.00011516700033098459,0.001,optimal,5,0,118,0.34,0.34,0.34,True,ok
v43c_anytime_50ms,iris,150,4,0.05,0.19000000000000003,6,3,0.00013733399100601673,0.001,optimal,9,0,118,0.19,0.19,0.19,True,ok
v43c_anytime_50ms,iris,150,4,0.02,0.1,6,3,0.004876040969975293,0.006,optimal,122,73,118,0.1,0.1,0.1,True,ok
v43c_anytime_50ms,iris,150,4,0.01,0.06,3,4,0.01068845798727125,0.012,optimal,175,356,118,0.060000000000000005,0.060000000000000005,0.06,True,ok
v43c_anytime_50ms,iris,150,4,0.005,0.03833333333333334,2,5,0.032671542023308575,0.034,optimal,149,2207,118,0.03833333333333333,0.03833333333333333,0.038333,True,ok
v43c_anytime_50ms,monk_2,169,11,0.1,0.47869822485207103,64,1,2.5374931283295155e-05,0.001,optimal,1,1,11,0.47869822485207103,0.47869822485207103,0.478698,True,ok
v43c_anytime_50ms,monk_2,169,11,0.05,0.428698224852071,64,1,7.020810153335333e-05,0.001,optimal,23,14,11,0.428698224852071,0.428698224852071,0.428698,True,ok
v43c_anytime_50ms,monk_2,169,11,0.02,0.35893491124260357,37,7,0.0010924999369308352,0.002,optimal,546,446,11,0.35893491124260357,0.35893491124260357,0.3589349112426035,True,ok
v43c_anytime_50ms,monk_2,169,11,0.01,0.2650887573964497,11,20,0.003812875016592443,0.005,optimal,1880,1668,11,0.2650887573964497,0.2650887573964497,0.2650887573964497,True,ok
v43c_anytime_50ms,monk_2,169,11,0.005,0.15275147928994084,3,27,0.007047333987429738,0.008,optimal,2169,3312,11,0.15275147928994082,0.15275147928994082,0.152751,True,ok
v43c_anytime_50ms,tic-tac-toe,958,9,0.1,0.4465553235908142,332,1,3.63329891115427e-05,0.011,optimal,1,1,27,0.4465553235908142,0.4465553235908142,0.446555,True,ok
v43c_anytime_50ms,tic-tac-toe,958,9,0.05,0.3965553235908142,332,1,0.0004568330477923155,0.011,optimal,55,38,27,0.39655532359081413,0.39655532359081413,0.396555,True,ok
v43c_anytime_50ms,tic-tac-toe,958,9,0.02,0.3183298538622129,190,6,0.01638425001874566,0.028,optimal,724,6259,27,0.3183298538622129,0.3183298538622129,0.3183298538622129,True,ok
v43c_anytime_50ms,tic-tac-toe,958,9,0.01,0.25427974947807935,52,20,0.0531823750352487,0.064,time,844,33379,27,0.02,0.2542797494780793,0.2507515657620042,True,worse_than_known
v43c_anytime_50ms,tic-tac-toe,958,9,0.005,0.19180584551148225,64,25,0.0524625830585137,0.066,time,890,29965,27,0.01,0.19180584551148225,0.1542797494780793,True,worse_than_known
v43c_anytime_50ms,gaussian_1k,1000,1,0.1,0.397,297,1,0.0004362079780548811,0.041,optimal,1,0,999,0.397,0.397,0.397,True,ok
v43c_anytime_50ms,gaussian_1k,1000,1,0.05,0.275,125,3,0.0005336670437827706,0.045,optimal,5,0,999,0.275,0.275,0.275,True,ok
v43c_anytime_50ms,gaussian_1k,1000,1,0.02,0.185,125,3,0.0005826249253004789,0.041,optimal,5,0,999,0.18499999999999997,0.18499999999999997,0.185,True,ok
v43c_anytime_50ms,gaussian_1k,1000,1,0.01,0.155,125,3,0.000594708020798862,0.039,optimal,5,0,999,0.155,0.155,0.155,True,ok
v43c_anytime_50ms,gaussian_1k,1000,1,0.005,0.14,125,3,0.0005831250455230474,0.038,optimal,5,0,999,0.14,0.14,0.14,True,ok
v43c_anytime_50ms,fico_1k,1000,23,0.1,0.491,291,2,0.022330750012770295,0.044,optimal,271,3158,1357,0.49100000000000005,0.49100000000000005,0.491,True,ok
v43c_anytime_50ms,fico_1k,1000,23,0.05,0.391,291,2,0.05234287504572421,0.074,time,234,10855,1357,0.125,0.391,0.391,False,ok
v43c_anytime_50ms,fico_1k,1000,23,0.02,0.33099999999999996,291,2,0.05240116606000811,0.075,time,11,8077,1357,0.065,0.33099999999999996,0.331,False,ok
v43c_anytime_50ms,fico_1k,1000,23,0.01,0.311,291,2,0.05245112499687821,0.076,time,11,7432,1357,0.045,0.311,0.304,False,worse_than_known
v43c_anytime_50ms,fico_1k,1000,23,0.005,0.301,291,2,0.052983707981184125,0.076,time,13,6881,1357,0.035,0.301,0.284,False,worse_than_known
v43c_anytime_50ms,sine_1k,1000,1,0.1,0.595,495,1,0.0004954999312758446,0.047,optimal,1,0,999,0.595,0.595,0.595,True,ok
v43c_anytime_50ms,sine_1k,1000,1,0.05,0.545,495,1,0.0005989579949527979,0.045,optimal,1,0,999,0.545,0.545,0.545,True,ok
v43c_anytime_50ms,sine_1k,1000,1,0.02,0.494,454,2,0.0006360000697895885,0.045,optimal,3,0,999,0.494,0.494,0.494,True,ok
v43c_anytime_50ms,sine_1k,1000,1,0.01,0.42900000000000005,169,26,0.0006835419917479157,0.043,optimal,51,0,999,0.42900000000000016,0.42900000000000016,0.429,True,ok
v43c_anytime_50ms,sine_1k,1000,1,0.005,0.269,109,32,0.0006912499666213989,0.043,optimal,63,0,999,0.26900000000000013,0.26900000000000013,0.269,True,ok
v43c_anytime_50ms,car_evaluation,1728,15,0.1,0.3997685185185186,518,1,5.616690032184124e-05,0.004,optimal,1,1,15,0.39976851851851847,0.39976851851851847,0.3997685185185186,True,ok
v43c_anytime_50ms,car_evaluation,1728,15,0.05,0.29467592592592595,250,3,0.00010300008580088615,0.003,optimal,18,10,15,0.29467592592592595,0.29467592592592595,0.2946759259259259,True,ok
v43c_anytime_50ms,car_evaluation,1728,15,0.02,0.20467592592592593,250,3,0.0013407910009846091,0.005,optimal,548,377,15,0.20467592592592593,0.20467592592592593,0.2046759259259259,True,ok
v43c_anytime_50ms,car_evaluation,1728,15,0.01,0.1452314814814815,130,7,0.006276583066210151,0.01,optimal,1159,1954,15,0.1452314814814815,0.1452314814814815,0.145231,True,ok
v43c_anytime_50ms,car_evaluation,1728,15,0.005,0.1063425925925926,106,9,0.01624070794787258,0.02,optimal,1453,13432,15,0.1063425925925926,0.1063425925925926,0.1063425925925926,True,ok
v43c_anytime_50ms,coupon_bar,1913,14,0.1,0.5119184526921067,788,1,3.583298530429602e-05,0.004,optimal,1,1,14,0.5119184526921067,0.5119184526921067,0.511918,True,ok
v43c_anytime_50ms,coupon_bar,1913,14,0.05,0.4538944066910612,677,2,6.629189010709524e-05,0.003,optimal,27,15,14,0.4538944066910611,0.4538944066910611,0.453894,True,ok
v43c_anytime_50ms,coupon_bar,1913,14,0.02,0.37155253528489285,596,3,0.00035208393819630146,0.003,optimal,189,122,14,0.3715525352848928,0.3715525352848928,0.3715525352848928,True,ok
v43c_anytime_50ms,coupon_bar,1913,14,0.01,0.3410977522216414,576,4,0.002247874974273145,0.005,optimal,952,780,14,0.3410977522216414,0.3410977522216414,0.3410977522216414,True,ok
v43c_anytime_50ms,coupon_bar,1913,14,0.005,0.3186199686356508,533,8,0.013250000076368451,0.016,optimal,1472,6623,14,0.3186199686356508,0.3186199686356508,0.3186199686356508,True,ok
v43c_anytime_50ms,compas_binned,6907,12,0.1,0.5610829593166353,2494,2,3.600004129111767e-05,0.008,optimal,3,1,12,0.5610829593166353,0.5610829593166353,0.5610829593166353,True,ok
v43c_anytime_50ms,compas_binned,6907,12,0.05,0.46108295931663534,2494,2,3.604206722229719e-05,0.008,optimal,3,1,12,0.46108295931663523,0.46108295931663523,0.4610829593166353,True,ok
v43c_anytime_50ms,compas_binned,6907,12,0.02,0.4010829593166353,2494,2,8.058303501456976e-05,0.008,optimal,21,12,12,0.4010829593166353,0.4010829593166353,0.4010829593166353,True,ok
v43c_anytime_50ms,compas_binned,6907,12,0.01,0.37486752569856663,2382,3,0.00030054105445742607,0.009,optimal,111,63,12,0.3748675256985667,0.3748675256985667,0.3748675256985666,True,ok
v43c_anytime_50ms,compas_binned,6907,12,0.005,0.355968582597365,2286,5,0.0008107920875772834,0.009,optimal,297,201,12,0.35596858259736497,0.35596858259736497,0.355968582597365,True,ok
v43c_anytime_50ms,fico_binary,10459,17,0.1,0.5040443637058992,3180,2,4.791701212525368e-05,0.016,optimal,3,1,17,0.5040443637058992,0.5040443637058992,0.504044,True,ok
v43c_anytime_50ms,fico_binary,10459,17,0.05,0.40404436370589925,3180,2,0.00010325002949684858,0.016,optimal,23,13,17,0.40404436370589925,0.40404436370589925,0.404044,True,ok
v43c_anytime_50ms,fico_binary,10459,17,0.02,0.3440443637058992,3180,2,0.000865166075527668,0.017,optimal,277,166,17,0.3440443637058992,0.3440443637058992,0.344044,True,ok
v43c_anytime_50ms,fico_binary,10459,17,0.01,0.32404436370589923,3180,2,0.03904808301012963,0.055,optimal,1072,8167,17,0.32404436370589923,0.32404436370589923,0.324044,True,ok
v43c_anytime_50ms,fico_binary,10459,17,0.005,0.308650922650349,3019,4,0.05429429200012237,0.071,time,1192,20329,17,0.2240740032507888,0.308650922650349,0.308650922650349,True,ok
v43c_anytime_50ms,compas_processed,12381,22,0.1,0.411364187060819,3855,1,0.0004161249380558729,0.287,optimal,23,13,621,0.411364187060819,0.411364187060819,0.411364,True,ok
v43c_anytime_50ms,compas_processed,12381,22,0.05,0.36136418706081896,3855,1,0.051157457986846566,0.325,time,300,8496,621,0.16857281318148776,0.36136418706081896,0.361364,True,ok
v43c_anytime_50ms,compas_processed,12381,22,0.02,0.32786043130603343,3564,2,0.0523100410355255,0.34,time,197,6171,621,0.10857281318148776,0.32786043130603343,0.32786,False,ok
v43c_anytime_50ms,compas_processed,12381,22,0.01,0.30786043130603347,3564,2,0.05252679192926735,0.33,time,207,7449,621,0.08857281318148777,0.30786043130603347,0.30786,False,ok
v43c_anytime_50ms,compas_processed,12381,22,0.005,0.29786043130603346,3564,2,0.05310625000856817,0.332,time,179,5782,621,0.07857281318148776,0.29786043130603346,0.29786,False,ok
v43c_anytime_100ms,chudi,77,2,0.1,0.464935064935065,5,4,0.000303249922581017,20.178,optimal,23,10,46,0.464935064935065,0.464935064935065,0.464935,True,ok
v43c_anytime_100ms,chudi,77,2,0.05,0.25,0,5,0.0003662080271169543,0.002,optimal,53,24,46,0.25,0.25,0.25,True,ok
v43c_anytime_100ms,chudi,77,2,0.02,0.1,0,5,0.00041624996811151505,0.001,optimal,59,26,46,0.1,0.1,0.1,True,ok
v43c_anytime_100ms,chudi,77,2,0.01,0.05,0,5,0.00046250002924352884,0.001,optimal,65,29,46,0.05,0.05,0.05,True,ok
v43c_anytime_100ms,chudi,77,2,0.005,0.025,0,5,0.00044541596435010433,0.001,optimal,65,29,46,0.025,0.025,0.025,True,ok
v43c_anytime_100ms,monk_3,122,11,0.1,0.5213114754098361,27,3,3.7708086892962456e-05,0.001,optimal,6,3,11,0.521311475409836,0.521311475409836,0.521311,True,ok
v43c_anytime_100ms,monk_3,122,11,0.05,0.3713114754098361,27,3,7.887498941272497e-05,0.001,optimal,28,15,11,0.37131147540983606,0.37131147540983606,0.371311,True,ok
v43c_anytime_100ms,monk_3,122,11,0.02,0.24295081967213114,15,6,0.00026133295614272356,0.001,optimal,131,88,11,0.24295081967213117,0.24295081967213117,0.2429508196721311,True,ok
v43c_anytime_100ms,monk_3,122,11,0.01,0.15557377049180326,8,9,0.0007169579621404409,0.002,optimal,385,284,11,0.15557377049180326,0.15557377049180326,0.1555737704918032,True,ok
v43c_anytime_100ms,monk_3,122,11,0.005,0.09459016393442624,3,14,0.002520292066037655,0.004,optimal,1308,1002,11,0.09459016393442624,0.09459016393442624,0.09459,True,ok
v43c_anytime_100ms,monk_1,124,11,0.1,0.4661290322580645,33,2,3.574998117983341e-05,0.001,optimal,3,2,11,0.46612903225806446,0.46612903225806446,0.466129,True,ok
v43c_anytime_100ms,monk_1,124,11,0.05,0.33870967741935487,11,5,9.033293463289738e-05,0.001,optimal,44,24,11,0.3387096774193548,0.3387096774193548,0.3387096774193548,True,ok
v43c_anytime_100ms,monk_1,124,11,0.02,0.16,0,8,0.00015487498603761196,0.001,optimal,95,50,11,0.16,0.16,0.16,True,ok
v43c_anytime_100ms,monk_1,124,11,0.01,0.08,0,8,0.00015304109547287226,0.001,optimal,101,51,11,0.08,0.08,0.08,True,ok
v43c_anytime_100ms,monk_1,124,11,0.005,0.04,0,8,0.0001484170788899064,0.001,optimal,101,51,11,0.04,0.04,0.04,True,ok
v43c_anytime_100ms,iris,150,4,0.1,0.34,6,3,0.00013541604857891798,0.002,optimal,5,0,118,0.34,0.34,0.34,True,ok
v43c_anytime_100ms,iris,150,4,0.05,0.19000000000000003,6,3,0.00015354098286479712,0.002,optimal,9,0,118,0.19,0.19,0.19,True,ok
v43c_anytime_100ms,iris,150,4,0.02,0.1,6,3,0.005453125108033419,0.007,optimal,122,73,118,0.1,0.1,0.1,True,ok
v43c_anytime_100ms,iris,150,4,0.01,0.06,3,4,0.011018666089512408,0.012,optimal,169,348,118,0.060000000000000005,0.060000000000000005,0.06,True,ok
v43c_anytime_100ms,iris,150,4,0.005,0.03833333333333334,2,5,0.036216000095009804,0.038,optimal,138,2212,118,0.03833333333333333,0.03833333333333333,0.038333,True,ok
v43c_anytime_100ms,monk_2,169,11,0.1,0.47869822485207103,64,1,3.63329891115427e-05,0.001,optimal,1,1,11,0.47869822485207103,0.47869822485207103,0.478698,True,ok
v43c_anytime_100ms,monk_2,169,11,0.05,0.428698224852071,64,1,8.333392906934023e-05,0.001,optimal,23,14,11,0.428698224852071,0.428698224852071,0.428698,True,ok
v43c_anytime_100ms,monk_2,169,11,0.02,0.35893491124260357,37,7,0.0011665000347420573,0.002,optimal,546,446,11,0.35893491124260357,0.35893491124260357,0.3589349112426035,True,ok
v43c_anytime_100ms,monk_2,169,11,0.01,0.2650887573964497,11,20,0.0041267090709879994,0.005,optimal,1886,1683,11,0.2650887573964497,0.2650887573964497,0.2650887573964497,True,ok
v43c_anytime_100ms,monk_2,169,11,0.005,0.15275147928994084,3,27,0.007341417018324137,0.009,optimal,2047,3182,11,0.15275147928994082,0.15275147928994082,0.152751,True,ok
v43c_anytime_100ms,tic-tac-toe,958,9,0.1,0.4465553235908142,332,1,4.520907532423735e-05,0.012,optimal,1,1,27,0.4465553235908142,0.4465553235908142,0.446555,True,ok
v43c_anytime_100ms,tic-tac-toe,958,9,0.05,0.3965553235908142,332,1,0.00048758299089968204,0.012,optimal,55,38,27,0.39655532359081413,0.39655532359081413,0.396555,True,ok
v43c_anytime_100ms,tic-tac-toe,958,9,0.02,0.3183298538622129,190,6,0.01524699991568923,0.027,optimal,761,5682,27,0.3183298538622129,0.3183298538622129,0.3183298538622129,True,ok
v43c_anytime_100ms,tic-tac-toe,958,9,0.01,0.2507515657620042,154,9,0.10358837491367012,0.116,time,834,60939,27,0.02,0.2507515657620042,0.2507515657620042,True,ok
v43c_anytime_100ms,tic-tac-toe,958,9,0.005,0.15427974947807935,52,20,0.10580258292611688,0.118,time,948,65712,27,0.01,0.15427974947807932,0.1542797494780793,True,ok
v43c_anytime_100ms,gaussian_1k,1000,1,0.1,0.397,297,1,0.0004116250202059746,0.04,optimal,1,0,999,0.397,0.397,0.397,True,ok
v43c_anytime_100ms,gaussian_1k,1000,1,0.05,0.275,125,3,0.0005012919427827001,0.04,optimal,5,0,999,0.275,0.275,0.275,True,ok
v43c_anytime_100ms,gaussian_1k,1000,1,0.02,0.185,125,3,0.000559499952942133,0.038,optimal,5,0,999,0.18499999999999997,0.18499999999999997,0.185,True,ok
v43c_anytime_100ms,gaussian_1k,1000,1,0.01,0.155,125,3,0.0008975829696282744,0.039,optimal,5,0,999,0.155,0.155,0.155,True,ok
v43c_anytime_100ms,gaussian_1k,1000,1,0.005,0.14,125,3,0.0006187920225784183,0.04,optimal,5,0,999,0.14,0.14,0.14,True,ok
v43c_anytime_100ms,fico_1k,1000,23,0.1,0.491,291,2,0.024723834008909762,0.049,optimal,11,2797,1357,0.49100000000000005,0.49100000000000005,0.491,True,ok
v43c_anytime_100ms,fico_1k,1000,23,0.05,0.391,291,2,0.10695320798549801,0.129,time,11,18720,1357,0.125,0.391,0.391,False,ok
v43c_anytime_100ms,fico_1k,1000,23,0.02,0.33099999999999996,291,2,0.10573370906058699,0.129,time,11,9689,1357,0.065,0.33099999999999996,0.331,False,ok
v43c_anytime_100ms,fico_1k,1000,23,0.01,0.311,291,2,0.10479925002437085,0.128,time,11,13313,1357,0.045,0.311,0.304,False,worse_than_known
v43c_anytime_100ms,fico_1k,1000,23,0.005,0.301,291,2,0.10399183293338865,0.129,time,15,12387,1357,0.035,0.301,0.284,False,worse_than_known
v43c_anytime_100ms,sine_1k,1000,1,0.1,0.595,495,1,0.00045508297625929117,0.04,optimal,1,0,999,0.595,0.595,0.595,True,ok
v43c_anytime_100ms,sine_1k,1000,1,0.05,0.545,495,1,0.0005057499511167407,0.039,optimal,1,0,999,0.545,0.545,0.545,True,ok
v43c_anytime_100ms,sine_1k,1000,1,0.02,0.494,454,2,0.0006004159804433584,0.039,optimal,3,0,999,0.494,0.494,0.494,True,ok
v43c_anytime_100ms,sine_1k,1000,1,0.01,0.42900000000000005,169,26,0.0006424590246751904,0.041,optimal,51,0,999,0.42900000000000016,0.42900000000000016,0.429,True,ok
v43c_anytime_100ms,sine_1k,1000,1,0.005,0.269,109,32,0.0006144590443000197,0.039,optimal,63,0,999,0.26900000000000013,0.26900000000000013,0.269,True,ok
v43c_anytime_100ms,car_evaluation,1728,15,0.1,0.3997685185185186,518,1,3.5958015359938145e-05,0.003,optimal,1,1,15,0.39976851851851847,0.39976851851851847,0.3997685185185186,True,ok
v43c_anytime_100ms,car_evaluation,1728,15,0.05,0.29467592592592595,250,3,9.279092773795128e-05,0.003,optimal,18,10,15,0.29467592592592595,0.29467592592592595,0.2946759259259259,True,ok
v43c_anytime_100ms,car_evaluation,1728,15,0.02,0.20467592592592593,250,3,0.0011628329521045089,0.004,optimal,548,377,15,0.20467592592592593,0.20467592592592593,0.2046759259259259,True,ok
v43c_anytime_100ms,car_evaluation,1728,15,0.01,0.1452314814814815,130,7,0.006130624911747873,0.009,optimal,1736,1879,15,0.1452314814814815,0.1452314814814815,0.145231,True,ok
v43c_anytime_100ms,car_evaluation,1728,15,0.005,0.1063425925925926,106,9,0.01984524994622916,0.023,optimal,1695,13116,15,0.1063425925925926,0.1063425925925926,0.1063425925925926,True,ok
v43c_anytime_100ms,coupon_bar,1913,14,0.1,0.5119184526921067,788,1,3.6375015042722225e-05,0.004,optimal,1,1,14,0.5119184526921067,0.5119184526921067,0.511918,True,ok
v43c_anytime_100ms,coupon_bar,1913,14,0.05,0.4538944066910612,677,2,6.912497337907553e-05,0.003,optimal,27,15,14,0.4538944066910611,0.4538944066910611,0.453894,True,ok
v43c_anytime_100ms,coupon_bar,1913,14,0.02,0.37155253528489285,596,3,0.0003524159546941519,0.004,optimal,189,122,14,0.3715525352848928,0.3715525352848928,0.3715525352848928,True,ok
v43c_anytime_100ms,coupon_bar,1913,14,0.01,0.3410977522216414,576,4,0.002208207966759801,0.006,optimal,952,781,14,0.3410977522216414,0.3410977522216414,0.3410977522216414,True,ok
v43c_anytime_100ms,coupon_bar,1913,14,0.005,0.3186199686356508,533,8,0.011896208045072854,0.015,optimal,1493,5767,14,0.3186199686356508,0.3186199686356508,0.3186199686356508,True,ok
v43c_anytime_100ms,compas_binned,6907,12,0.1,0.5610829593166353,2494,2,3.4708064049482346e-05,0.009,optimal,3,1,12,0.5610829593166353,0.5610829593166353,0.5610829593166353,True,ok
v43c_anytime_100ms,compas_binned,6907,12,0.05,0.46108295931663534,2494,2,2.933293581008911e-05,0.008,optimal,3,1,12,0.46108295931663523,0.46108295931663523,0.4610829593166353,True,ok
v43c_anytime_100ms,compas_binned,6907,12,0.02,0.4010829593166353,2494,2,7.316702976822853e-05,0.008,optimal,21,12,12,0.4010829593166353,0.4010829593166353,0.4010829593166353,True,ok
v43c_anytime_100ms,compas_binned,6907,12,0.01,0.37486752569856663,2382,3,0.0002832920290529728,0.008,optimal,111,63,12,0.3748675256985667,0.3748675256985667,0.3748675256985666,True,ok
v43c_anytime_100ms,compas_binned,6907,12,0.005,0.355968582597365,2286,5,0.0007495000027120113,0.009,optimal,297,201,12,0.35596858259736497,0.35596858259736497,0.355968582597365,True,ok
v43c_anytime_100ms,fico_binary,10459,17,0.1,0.5040443637058992,3180,2,5.054206121712923e-05,0.016,optimal,3,1,17,0.5040443637058992,0.5040443637058992,0.504044,True,ok
v43c_anytime_100ms,fico_binary,10459,17,0.05,0.40404436370589925,3180,2,0.00011658307630568743,0.017,optimal,23,13,17,0.40404436370589925,0.40404436370589925,0.404044,True,ok
v43c_anytime_100ms,fico_binary,10459,17,0.02,0.3440443637058992,3180,2,0.0008962909923866391,0.017,optimal,277,166,17,0.3440443637058992,0.3440443637058992,0.344044,True,ok
v43c_anytime_100ms,fico_binary,10459,17,0.01,0.32404436370589923,3180,2,0.03497483301907778,0.051,optimal,1098,8143,17,0.32404436370589923,0.32404436370589923,0.324044,True,ok
v43c_anytime_100ms,fico_binary,10459,17,0.005,0.308650922650349,3019,4,0.10429508402012289,0.12,time,1302,45853,17,0.2240740032507888,0.308650922650349,0.308650922650349,True,ok
v43c_anytime_100ms,compas_processed,12381,22,0.1,0.411364187060819,3855,1,0.0004575410857796669,0.32,optimal,23,13,621,0.411364187060819,0.411364187060819,0.411364,True,ok
v43c_anytime_100ms,compas_processed,12381,22,0.05,0.36136418706081896,3855,1,0.08461795805487782,0.377,optimal,9,12654,621,0.36136418706081896,0.36136418706081896,0.361364,True,ok
v43c_anytime_100ms,compas_processed,12381,22,0.02,0.32786043130603343,3564,2,0.11078850005287677,0.398,time,235,11853,621,0.10857281318148776,0.32786043130603343,0.32786,False,ok
v43c_anytime_100ms,compas_processed,12381,22,0.01,0.30786043130603347,3564,2,0.10626958298962563,0.415,time,11,15214,621,0.08857281318148777,0.30786043130603347,0.30786,False,ok
v43c_anytime_100ms,compas_processed,12381,22,0.005,0.29786043130603346,3564,2,0.10319266701117158,0.398,time,177,13069,621,0.07857281318148776,0.29786043130603346,0.29786,False,ok
v43c_anytime_300ms,chudi,77,2,0.1,0.464935064935065,5,4,0.0008172079687938094,20.856,optimal,23,10,46,0.464935064935065,0.464935064935065,0.464935,True,ok
v43c_anytime_300ms,chudi,77,2,0.05,0.25,0,5,0.00040845898911356926,0.003,optimal,53,24,46,0.25,0.25,0.25,True,ok
v43c_anytime_300ms,chudi,77,2,0.02,0.1,0,5,0.00044054200407117605,0.001,optimal,59,26,46,0.1,0.1,0.1,True,ok
v43c_anytime_300ms,chudi,77,2,0.01,0.05,0,5,0.0004912910517305136,0.001,optimal,65,29,46,0.05,0.05,0.05,True,ok
v43c_anytime_300ms,chudi,77,2,0.005,0.025,0,5,0.0004988750442862511,0.001,optimal,65,29,46,0.025,0.025,0.025,True,ok
v43c_anytime_300ms,monk_3,122,11,0.1,0.5213114754098361,27,3,5.9416983276605606e-05,0.001,optimal,6,3,11,0.521311475409836,0.521311475409836,0.521311,True,ok
v43c_anytime_300ms,monk_3,122,11,0.05,0.3713114754098361,27,3,9.766698349267244e-05,0.001,optimal,28,15,11,0.37131147540983606,0.37131147540983606,0.371311,True,ok
v43c_anytime_300ms,monk_3,122,11,0.02,0.24295081967213114,15,6,0.0002930419286713004,0.001,optimal,131,88,11,0.24295081967213117,0.24295081967213117,0.2429508196721311,True,ok
v43c_anytime_300ms,monk_3,122,11,0.01,0.15557377049180326,8,9,0.001133957994170487,0.003,optimal,385,284,11,0.15557377049180326,0.15557377049180326,0.1555737704918032,True,ok
v43c_anytime_300ms,monk_3,122,11,0.005,0.09459016393442624,3,14,0.003117875079624355,0.005,optimal,1293,1010,11,0.09459016393442624,0.09459016393442624,0.09459,True,ok
v43c_anytime_300ms,monk_1,124,11,0.1,0.4661290322580645,33,2,5.100003909319639e-05,0.001,optimal,3,2,11,0.46612903225806446,0.46612903225806446,0.466129,True,ok
v43c_anytime_300ms,monk_1,124,11,0.05,0.33870967741935487,11,5,0.00011612509842962027,0.001,optimal,44,24,11,0.3387096774193548,0.3387096774193548,0.3387096774193548,True,ok
v43c_anytime_300ms,monk_1,124,11,0.02,0.16,0,8,0.00032604101579636335,0.003,optimal,95,50,11,0.16,0.16,0.16,True,ok
v43c_anytime_300ms,monk_1,124,11,0.01,0.08,0,8,0.00026233296375721693,0.002,optimal,101,51,11,0.08,0.08,0.08,True,ok
v43c_anytime_300ms,monk_1,124,11,0.005,0.04,0,8,0.00026599992997944355,0.002,optimal,101,51,11,0.04,0.04,0.04,True,ok
v43c_anytime_300ms,iris,150,4,0.1,0.34,6,3,0.0001437499886378646,0.003,optimal,5,0,118,0.34,0.34,0.34,True,ok
v43c_anytime_300ms,iris,150,4,0.05,0.19000000000000003,6,3,0.0001558329677209258,0.002,optimal,9,0,118,0.19,0.19,0.19,True,ok
v43c_anytime_300ms,iris,150,4,0.02,0.1,6,3,0.005347625003196299,0.007,optimal,122,73,118,0.1,0.1,0.1,True,ok
v43c_anytime_300ms,iris,150,4,0.01,0.06,3,4,0.014218374970369041,0.016,optimal,178,361,118,0.060000000000000005,0.060000000000000005,0.06,True,ok
v43c_anytime_300ms,iris,150,4,0.005,0.03833333333333334,2,5,0.039771458017639816,0.041,optimal,136,2190,118,0.03833333333333333,0.03833333333333333,0.038333,True,ok
v43c_anytime_300ms,monk_2,169,11,0.1,0.47869822485207103,64,1,6.262504030019045e-05,0.001,optimal,1,1,11,0.47869822485207103,0.47869822485207103,0.478698,True,ok
v43c_anytime_300ms,monk_2,169,11,0.05,0.428698224852071,64,1,0.00013599998783320189,0.004,optimal,23,14,11,0.428698224852071,0.428698224852071,0.428698,True,ok
v43c_anytime_300ms,monk_2,169,11,0.02,0.35893491124260357,37,7,0.0017308330861851573,0.004,optimal,546,448,11,0.35893491124260357,0.35893491124260357,0.3589349112426035,True,ok
v43c_anytime_300ms,monk_2,169,11,0.01,0.2650887573964497,11,20,0.006732666050083935,0.008,optimal,1559,1714,11,0.2650887573964497,0.2650887573964497,0.2650887573964497,True,ok
v43c_anytime_300ms,monk_2,169,11,0.005,0.15275147928994084,3,27,0.008429790963418782,0.011,optimal,979,3330,11,0.15275147928994082,0.15275147928994082,0.152751,True,ok
v43c_anytime_300ms,tic-tac-toe,958,9,0.1,0.4465553235908142,332,1,5.437491927295923e-05,0.013,optimal,1,1,27,0.4465553235908142,0.4465553235908142,0.446555,True,ok
v43c_anytime_300ms,tic-tac-toe,958,9,0.05,0.3965553235908142,332,1,0.0004829999525099993,0.012,optimal,55,38,27,0.39655532359081413,0.39655532359081413,0.396555,True,ok
v43c_anytime_300ms,tic-tac-toe,958,9,0.02,0.3183298538622129,190,6,0.015277958940714598,0.027,optimal,738,5418,27,0.3183298538622129,0.3183298538622129,0.3183298538622129,True,ok
v43c_anytime_300ms,tic-tac-toe,958,9,0.01,0.2507515657620042,154,9,0.10312829201575369,0.115,optimal,799,57641,27,0.2507515657620042,0.2507515657620042,0.2507515657620042,True,ok
v43c_anytime_300ms,tic-tac-toe,958,9,0.005,0.15427974947807935,52,20,0.2611690000630915,0.274,optimal,917,148323,27,0.15427974947807932,0.15427974947807932,0.1542797494780793,True,ok
v43c_anytime_300ms,gaussian_1k,1000,1,0.1,0.397,297,1,0.0004819160094484687,0.045,optimal,1,0,999,0.397,0.397,0.397,True,ok
v43c_anytime_300ms,gaussian_1k,1000,1,0.05,0.275,125,3,0.0007614169735461473,0.046,optimal,5,0,999,0.275,0.275,0.275,True,ok
v43c_anytime_300ms,gaussian_1k,1000,1,0.02,0.185,125,3,0.0006200000643730164,0.045,optimal,5,0,999,0.18499999999999997,0.18499999999999997,0.185,True,ok
v43c_anytime_300ms,gaussian_1k,1000,1,0.01,0.155,125,3,0.0006055840058252215,0.043,optimal,5,0,999,0.155,0.155,0.155,True,ok
v43c_anytime_300ms,gaussian_1k,1000,1,0.005,0.14,125,3,0.0006100829923525453,0.041,optimal,5,0,999,0.14,0.14,0.14,True,ok
v43c_anytime_300ms,fico_1k,1000,23,0.1,0.491,291,2,0.022298709023743868,0.046,optimal,11,2793,1357,0.49100000000000005,0.49100000000000005,0.491,True,ok
v43c_anytime_300ms,fico_1k,1000,23,0.05,0.391,291,2,0.31134550005663186,0.334,time,11,46369,1357,0.125,0.391,0.391,False,ok
v43c_anytime_300ms,fico_1k,1000,23,0.02,0.33099999999999996,291,2,0.3122333330102265,0.337,time,11,34236,1357,0.065,0.33099999999999996,0.331,False,ok
v43c_anytime_300ms,fico_1k,1000,23,0.01,0.304,264,4,0.4479338329983875,0.473,time,17,16468,1357,0.045,0.304,0.304,False,ok
v43c_anytime_300ms,fico_1k,1000,23,0.005,0.28400000000000003,264,4,0.44502404192462564,0.471,time,17,7288,1357,0.035,0.28400000000000003,0.284,False,ok
v43c_anytime_300ms,sine_1k,1000,1,0.1,0.595,495,1,0.000490749953314662,0.044,optimal,1,0,999,0.595,0.595,0.595,True,ok
v43c_anytime_300ms,sine_1k,1000,1,0.05,0.545,495,1,0.0005351250292733312,0.041,optimal,1,0,999,0.545,0.545,0.545,True,ok
v43c_anytime_300ms,sine_1k,1000,1,0.02,0.494,454,2,0.0006004580063745379,0.042,optimal,3,0,999,0.494,0.494,0.494,True,ok
v43c_anytime_300ms,sine_1k,1000,1,0.01,0.42900000000000005,169,26,0.0006275419145822525,0.04,optimal,51,0,999,0.42900000000000016,0.42900000000000016,0.429,True,ok
v43c_anytime_300ms,sine_1k,1000,1,0.005,0.269,109,32,0.0006060830783098936,0.04,optimal,63,0,999,0.26900000000000013,0.26900000000000013,0.269,True,ok
v43c_anytime_300ms,car_evaluation,1728,15,0.1,0.3997685185185186,518,1,3.433309029787779e-05,0.003,optimal,1,1,15,0.39976851851851847,0.39976851851851847,0.3997685185185186,True,ok
v43c_anytime_300ms,car_evaluation,1728,15,0.05,0.29467592592592595,250,3,8.737505413591862e-05,0.003,optimal,18,10,15,0.29467592592592595,0.29467592592592595,0.2946759259259259,True,ok
v43c_anytime_300ms,car_evaluation,1728,15,0.02,0.20467592592592593,250,3,0.001164125045761466,0.004,optimal,548,377,15,0.20467592592592593,0.20467592592592593,0.2046759259259259,True,ok
v43c_anytime_300ms,car_evaluation,1728,15,0.01,0.1452314814814815,130,7,0.006248250021599233,0.009,optimal,1600,1936,15,0.1452314814814815,0.1452314814814815,0.145231,True,ok
v43c_anytime_300ms,car_evaluation,1728,15,0.005,0.1063425925925926,106,9,0.01794708298984915,0.021,optimal,1732,11149,15,0.1063425925925926,0.1063425925925926,0.1063425925925926,True,ok
v43c_anytime_300ms,coupon_bar,1913,14,0.1,0.5119184526921067,788,1,4.654203075915575e-05,0.004,optimal,1,1,14,0.5119184526921067,0.5119184526921067,0.511918,True,ok
v43c_anytime_300ms,coupon_bar,1913,14,0.05,0.4538944066910612,677,2,7.850001566112041e-05,0.003,optimal,27,15,14,0.4538944066910611,0.4538944066910611,0.453894,True,ok
v43c_anytime_300ms,coupon_bar,1913,14,0.02,0.37155253528489285,596,3,0.0003505420172587037,0.003,optimal,189,122,14,0.3715525352848928,0.3715525352848928,0.3715525352848928,True,ok
v43c_anytime_300ms,coupon_bar,1913,14,0.01,0.3410977522216414,576,4,0.002112540998496115,0.005,optimal,952,779,14,0.3410977522216414,0.3410977522216414,0.3410977522216414,True,ok
v43c_anytime_300ms,coupon_bar,1913,14,0.005,0.3186199686356508,533,8,0.013086916995234787,0.016,optimal,1640,5357,14,0.3186199686356508,0.3186199686356508,0.3186199686356508,True,ok
v43c_anytime_300ms,compas_binned,6907,12,0.1,0.5610829593166353,2494,2,3.883300814777613e-05,0.008,optimal,3,1,12,0.5610829593166353,0.5610829593166353,0.5610829593166353,True,ok
v43c_anytime_300ms,compas_binned,6907,12,0.05,0.46108295931663534,2494,2,3.141607157886028e-05,0.008,optimal,3,1,12,0.46108295931663523,0.46108295931663523,0.4610829593166353,True,ok
v43c_anytime_300ms,compas_binned,6907,12,0.02,0.4010829593166353,2494,2,7.691700011491776e-05,0.007,optimal,21,12,12,0.4010829593166353,0.4010829593166353,0.4010829593166353,True,ok
v43c_anytime_300ms,compas_binned,6907,12,0.01,0.37486752569856663,2382,3,0.00027191697154194117,0.008,optimal,111,63,12,0.3748675256985667,0.3748675256985667,0.3748675256985666,True,ok
v43c_anytime_300ms,compas_binned,6907,12,0.005,0.355968582597365,2286,5,0.0008000419475138187,0.009,optimal,297,201,12,0.35596858259736497,0.35596858259736497,0.355968582597365,True,ok
v43c_anytime_300ms,fico_binary,10459,17,0.1,0.5040443637058992,3180,2,5.508307367563248e-05,0.015,optimal,3,1,17,0.5040443637058992,0.5040443637058992,0.504044,True,ok
v43c_anytime_300ms,fico_binary,10459,17,0.05,0.40404436370589925,3180,2,0.00011237501166760921,0.015,optimal,23,13,17,0.40404436370589925,0.40404436370589925,0.404044,True,ok
v43c_anytime_300ms,fico_binary,10459,17,0.02,0.3440443637058992,3180,2,0.0008764159865677357,0.016,optimal,277,166,17,0.3440443637058992,0.3440443637058992,0.344044,True,ok
v43c_anytime_300ms,fico_binary,10459,17,0.01,0.32404436370589923,3180,2,0.03230754192918539,0.047,optimal,1173,7298,17,0.32404436370589923,0.32404436370589923,0.324044,True,ok
v43c_anytime_300ms,fico_binary,10459,17,0.005,0.308650922650349,3019,4,0.3092093749437481,0.324,time,1364,96027,17,0.2240740032507888,0.308650922650349,0.308650922650349,True,ok
v43c_anytime_300ms,compas_processed,12381,22,0.1,0.411364187060819,3855,1,0.0005519170081242919,0.321,optimal,23,13,621,0.411364187060819,0.411364187060819,0.411364,True,ok
v43c_anytime_300ms,compas_processed,12381,22,0.05,0.36136418706081896,3855,1,0.08702829200774431,0.385,optimal,244,12546,621,0.36136418706081896,0.36136418706081896,0.361364,True,ok
v43c_anytime_300ms,compas_processed,12381,22,0.02,0.32786043130603343,3564,2,0.32173983298707753,0.64,time,11,36902,621,0.10857281318148776,0.32786043130603343,0.32786,False,ok
v43c_anytime_300ms,compas_processed,12381,22,0.01,0.30786043130603347,3564,2,0.3100285839755088,0.621,time,11,25128,621,0.08857281318148777,0.30786043130603347,0.30786,False,ok
v43c_anytime_300ms,compas_processed,12381,22,0.005,0.29786043130603346,3564,2,0.31804558308795094,0.628,time,11,26786,621,0.07857281318148776,0.29786043130603346,0.29786,False,ok
v43c_anytime_1000ms,chudi,77,2,0.1,0.464935064935065,5,4,0.0008870840538293123,21.339,optimal,23,10,46,0.464935064935065,0.464935064935065,0.464935,True,ok
v43c_anytime_1000ms,chudi,77,2,0.05,0.25,0,5,0.0003677919739857316,0.002,optimal,53,24,46,0.25,0.25,0.25,True,ok
v43c_anytime_1000ms,chudi,77,2,0.02,0.1,0,5,0.00040979101322591305,0.001,optimal,59,26,46,0.1,0.1,0.1,True,ok
v43c_anytime_1000ms,chudi,77,2,0.01,0.05,0,5,0.0004243330331519246,0.001,optimal,65,29,46,0.05,0.05,0.05,True,ok
v43c_anytime_1000ms,chudi,77,2,0.005,0.025,0,5,0.00041483400855213404,0.001,optimal,65,29,46,0.025,0.025,0.025,True,ok
v43c_anytime_1000ms,monk_3,122,11,0.1,0.5213114754098361,27,3,5.708402022719383e-05,0.001,optimal,6,3,11,0.521311475409836,0.521311475409836,0.521311,True,ok
v43c_anytime_1000ms,monk_3,122,11,0.05,0.3713114754098361,27,3,8.62909946590662e-05,0.001,optimal,28,15,11,0.37131147540983606,0.37131147540983606,0.371311,True,ok
v43c_anytime_1000ms,monk_3,122,11,0.02,0.24295081967213114,15,6,0.0002476670779287815,0.001,optimal,131,88,11,0.24295081967213117,0.24295081967213117,0.2429508196721311,True,ok
v43c_anytime_1000ms,monk_3,122,11,0.01,0.15557377049180326,8,9,0.0006613340228796005,0.002,optimal,385,284,11,0.15557377049180326,0.15557377049180326,0.1555737704918032,True,ok
v43c_anytime_1000ms,monk_3,122,11,0.005,0.09459016393442624,3,14,0.0021320419618859887,0.003,optimal,1242,949,11,0.09459016393442624,0.09459016393442624,0.09459,True,ok
v43c_anytime_1000ms,monk_1,124,11,0.1,0.4661290322580645,33,2,3.9624981582164764e-05,0.001,optimal,3,2,11,0.46612903225806446,0.46612903225806446,0.466129,True,ok
v43c_anytime_1000ms,monk_1,124,11,0.05,0.33870967741935487,11,5,9.287497960031033e-05,0.001,optimal,44,24,11,0.3387096774193548,0.3387096774193548,0.3387096774193548,True,ok
v43c_anytime_1000ms,monk_1,124,11,0.02,0.16,0,8,0.00014920893590897322,0.001,optimal,95,50,11,0.16,0.16,0.16,True,ok
v43c_anytime_1000ms,monk_1,124,11,0.01,0.08,0,8,0.00014883303083479404,0.001,optimal,101,51,11,0.08,0.08,0.08,True,ok
v43c_anytime_1000ms,monk_1,124,11,0.005,0.04,0,8,0.00013912504073232412,0.001,optimal,101,51,11,0.04,0.04,0.04,True,ok
v43c_anytime_1000ms,iris,150,4,0.1,0.34,6,3,0.000122333993203938,0.002,optimal,5,0,118,0.34,0.34,0.34,True,ok
v43c_anytime_1000ms,iris,150,4,0.05,0.19000000000000003,6,3,0.00014587503392249346,0.001,optimal,9,0,118,0.19,0.19,0.19,True,ok
v43c_anytime_1000ms,iris,150,4,0.02,0.1,6,3,0.004882583045400679,0.006,optimal,122,73,118,0.1,0.1,0.1,True,ok
v43c_anytime_1000ms,iris,150,4,0.01,0.06,3,4,0.011033833026885986,0.012,optimal,183,342,118,0.060000000000000005,0.060000000000000005,0.06,True,ok
v43c_anytime_1000ms,iris,150,4,0.005,0.03833333333333334,2,5,0.035528792068362236,0.037,optimal,144,2142,118,0.03833333333333333,0.03833333333333333,0.038333,True,ok
v43c_anytime_1000ms,monk_2,169,11,0.1,0.47869822485207103,64,1,3.895896952599287e-05,0.001,optimal,1,1,11,0.47869822485207103,0.47869822485207103,0.478698,True,ok
v43c_anytime_1000ms,monk_2,169,11,0.05,0.428698224852071,64,1,8.204102050513029e-05,0.001,optimal,23,14,11,0.428698224852071,0.428698224852071,0.428698,True,ok
v43c_anytime_1000ms,monk_2,169,11,0.02,0.35893491124260357,37,7,0.0010990409646183252,0.002,optimal,546,446,11,0.35893491124260357,0.35893491124260357,0.3589349112426035,True,ok
v43c_anytime_1000ms,monk_2,169,11,0.01,0.2650887573964497,11,20,0.004023458110168576,0.005,optimal,1876,1665,11,0.2650887573964497,0.2650887573964497,0.2650887573964497,True,ok
v43c_anytime_1000ms,monk_2,169,11,0.005,0.15275147928994084,3,27,0.006651125033386052,0.008,optimal,2043,2893,11,0.15275147928994082,0.15275147928994082,0.152751,True,ok
v43c_anytime_1000ms,tic-tac-toe,958,9,0.1,0.4465553235908142,332,1,4.824995994567871e-05,0.013,optimal,1,1,27,0.4465553235908142,0.4465553235908142,0.446555,True,ok
v43c_anytime_1000ms,tic-tac-toe,958,9,0.05,0.3965553235908142,332,1,0.00048554211389273405,0.012,optimal,55,38,27,0.39655532359081413,0.39655532359081413,0.396555,True,ok
v43c_anytime_1000ms,tic-tac-toe,958,9,0.02,0.3183298538622129,190,6,0.012822750024497509,0.024,optimal,817,4051,27,0.3183298538622129,0.3183298538622129,0.3183298538622129,True,ok
v43c_anytime_1000ms,tic-tac-toe,958,9,0.01,0.2507515657620042,154,9,0.07982079207431525,0.091,optimal,834,41803,27,0.2507515657620042,0.2507515657620042,0.2507515657620042,True,ok
v43c_anytime_1000ms,tic-tac-toe,958,9,0.005,0.15427974947807935,52,20,0.2414346659788862,0.254,optimal,920,132155,27,0.15427974947807932,0.15427974947807932,0.1542797494780793,True,ok
v43c_anytime_1000ms,gaussian_1k,1000,1,0.1,0.397,297,1,0.0006199999479576945,0.043,optimal,1,0,999,0.397,0.397,0.397,True,ok
v43c_anytime_1000ms,gaussian_1k,1000,1,0.05,0.275,125,3,0.0005598750431090593,0.046,optimal,5,0,999,0.275,0.275,0.275,True,ok
v43c_anytime_1000ms,gaussian_1k,1000,1,0.02,0.185,125,3,0.0006253749597817659,0.044,optimal,5,0,999,0.18499999999999997,0.18499999999999997,0.185,True,ok
v43c_anytime_1000ms,gaussian_1k,1000,1,0.01,0.155,125,3,0.0006517089204862714,0.045,optimal,5,0,999,0.155,0.155,0.155,True,ok
v43c_anytime_1000ms,gaussian_1k,1000,1,0.005,0.14,125,3,0.0006187920225784183,0.041,optimal,5,0,999,0.14,0.14,0.14,True,ok
v43c_anytime_1000ms,fico_1k,1000,23,0.1,0.491,291,2,0.0208338750526309,0.044,optimal,11,2641,1357,0.49100000000000005,0.49100000000000005,0.491,True,ok
v43c_anytime_1000ms,fico_1k,1000,23,0.05,0.391,291,2,1.0738084580516443,1.098,time,11,176030,1357,0.125,0.391,0.391,False,ok
v43c_anytime_1000ms,fico_1k,1000,23,0.02,0.33099999999999996,291,2,1.046707957983017,1.073,time,11,124057,1357,0.065,0.33099999999999996,0.331,False,ok
v43c_anytime_1000ms,fico_1k,1000,23,0.01,0.304,264,4,1.0950412499951199,1.121,time,17,57239,1357,0.045,0.304,0.304,False,ok
v43c_anytime_1000ms,fico_1k,1000,23,0.005,0.28400000000000003,264,4,1.175886542070657,1.202,time,17,32716,1357,0.035,0.28400000000000003,0.284,False,ok
v43c_anytime_1000ms,sine_1k,1000,1,0.1,0.595,495,1,0.0004929999122396111,0.047,optimal,1,0,999,0.595,0.595,0.595,True,ok
v43c_anytime_1000ms,sine_1k,1000,1,0.05,0.545,495,1,0.0006207500118762255,0.046,optimal,1,0,999,0.545,0.545,0.545,True,ok
v43c_anytime_1000ms,sine_1k,1000,1,0.02,0.494,454,2,0.0006416250253096223,0.044,optimal,3,0,999,0.494,0.494,0.494,True,ok
v43c_anytime_1000ms,sine_1k,1000,1,0.01,0.42900000000000005,169,26,0.0012713329633697867,0.054,optimal,51,0,999,0.42900000000000016,0.42900000000000016,0.429,True,ok
v43c_anytime_1000ms,sine_1k,1000,1,0.005,0.269,109,32,0.0006943329935893416,0.049,optimal,63,0,999,0.26900000000000013,0.26900000000000013,0.269,True,ok
v43c_anytime_1000ms,car_evaluation,1728,15,0.1,0.3997685185185186,518,1,4.375004209578037e-05,0.004,optimal,1,1,15,0.39976851851851847,0.39976851851851847,0.3997685185185186,True,ok
v43c_anytime_1000ms,car_evaluation,1728,15,0.05,0.29467592592592595,250,3,0.0001082499511539936,0.003,optimal,18,10,15,0.29467592592592595,0.29467592592592595,0.2946759259259259,True,ok
v43c_anytime_1000ms,car_evaluation,1728,15,0.02,0.20467592592592593,250,3,0.0013185840798541903,0.005,optimal,548,377,15,0.20467592592592593,0.20467592592592593,0.2046759259259259,True,ok
v43c_anytime_1000ms,car_evaluation,1728,15,0.01,0.1452314814814815,130,7,0.006943832966499031,0.01,optimal,1211,1952,15,0.1452314814814815,0.1452314814814815,0.145231,True,ok
v43c_anytime_1000ms,car_evaluation,1728,15,0.005,0.1063425925925926,106,9,0.017113166977651417,0.021,optimal,1477,11302,15,0.1063425925925926,0.1063425925925926,0.1063425925925926,True,ok
v43c_anytime_1000ms,coupon_bar,1913,14,0.1,0.5119184526921067,788,1,3.8707978092134e-05,0.004,optimal,1,1,14,0.5119184526921067,0.5119184526921067,0.511918,True,ok
v43c_anytime_1000ms,coupon_bar,1913,14,0.05,0.4538944066910612,677,2,7.841596379876137e-05,0.003,optimal,27,15,14,0.4538944066910611,0.4538944066910611,0.453894,True,ok
v43c_anytime_1000ms,coupon_bar,1913,14,0.02,0.37155253528489285,596,3,0.0003928749356418848,0.004,optimal,189,122,14,0.3715525352848928,0.3715525352848928,0.3715525352848928,True,ok
v43c_anytime_1000ms,coupon_bar,1913,14,0.01,0.3410977522216414,576,4,0.0024665830424055457,0.006,optimal,952,786,14,0.3410977522216414,0.3410977522216414,0.3410977522216414,True,ok
v43c_anytime_1000ms,coupon_bar,1913,14,0.005,0.3186199686356508,533,8,0.012011207989417017,0.015,optimal,1356,5580,14,0.3186199686356508,0.3186199686356508,0.3186199686356508,True,ok
v43c_anytime_1000ms,compas_binned,6907,12,0.1,0.5610829593166353,2494,2,4.358298610895872e-05,0.009,optimal,3,1,12,0.5610829593166353,0.5610829593166353,0.5610829593166353,True,ok
v43c_anytime_1000ms,compas_binned,6907,12,0.05,0.46108295931663534,2494,2,4.233396612107754e-05,0.009,optimal,3,1,12,0.46108295931663523,0.46108295931663523,0.4610829593166353,True,ok
v43c_anytime_1000ms,compas_binned,6907,12,0.02,0.4010829593166353,2494,2,9.279197547584772e-05,0.009,optimal,21,12,12,0.4010829593166353,0.4010829593166353,0.4010829593166353,True,ok
v43c_anytime_1000ms,compas_binned,6907,12,0.01,0.37486752569856663,2382,3,0.00030629197135567665,0.009,optimal,111,63,12,0.3748675256985667,0.3748675256985667,0.3748675256985666,True,ok
v43c_anytime_1000ms,compas_binned,6907,12,0.005,0.355968582597365,2286,5,0.0007960000075399876,0.01,optimal,297,201,12,0.35596858259736497,0.35596858259736497,0.355968582597365,True,ok
v43c_anytime_1000ms,fico_binary,10459,17,0.1,0.5040443637058992,3180,2,5.9290905483067036e-05,0.017,optimal,3,1,17,0.5040443637058992,0.5040443637058992,0.504044,True,ok
v43c_anytime_1000ms,fico_binary,10459,17,0.05,0.40404436370589925,3180,2,0.0001264170277863741,0.017,optimal,23,13,17,0.40404436370589925,0.40404436370589925,0.404044,True,ok
v43c_anytime_1000ms,fico_binary,10459,17,0.02,0.3440443637058992,3180,2,0.0009062499739229679,0.018,optimal,277,166,17,0.3440443637058992,0.3440443637058992,0.344044,True,ok
v43c_anytime_1000ms,fico_binary,10459,17,0.01,0.32404436370589923,3180,2,0.03325075004249811,0.05,optimal,1080,6446,17,0.32404436370589923,0.32404436370589923,0.324044,True,ok
v43c_anytime_1000ms,fico_binary,10459,17,0.005,0.308650922650349,3019,4,0.29275466699618846,0.31,optimal,1216,96269,17,0.308650922650349,0.308650922650349,0.308650922650349,True,ok
v43c_anytime_1000ms,compas_processed,12381,22,0.1,0.411364187060819,3855,1,0.0004718749551102519,0.34,optimal,23,13,621,0.411364187060819,0.411364187060819,0.411364,True,ok
v43c_anytime_1000ms,compas_processed,12381,22,0.05,0.36136418706081896,3855,1,0.06962633295916021,0.383,optimal,208,12324,621,0.36136418706081896,0.36136418706081896,0.361364,True,ok
v43c_anytime_1000ms,compas_processed,12381,22,0.02,0.32786043130603343,3564,2,1.053729209001176,1.349,time,11,88097,621,0.10857281318148776,0.32786043130603343,0.32786,False,ok
v43c_anytime_1000ms,compas_processed,12381,22,0.01,0.30786043130603347,3564,2,1.0833622090285644,1.39,time,11,70815,621,0.08857281318148777,0.30786043130603347,0.30786,False,ok
v43c_anytime_1000ms,compas_processed,12381,22,0.005,0.29786043130603346,3564,2,1.045815791003406,1.365,time,11,67458,621,0.07857281318148776,0.29786043130603346,0.29786,False,ok
v43c_anytime_1ms,chudi,77,2,0.1,0.464935064935065,5,4,0.0002666669897735119,19.456,optimal,23,10,46,0.464935064935065,0.464935064935065,0.464935,True,ok
v43c_anytime_1ms,chudi,77,2,0.05,0.25,0,5,0.000336333061568439,0.001,optimal,53,24,46,0.25,0.25,0.25,True,ok
v43c_anytime_1ms,chudi,77,2,0.02,0.1,0,5,0.0003777500241994858,0.001,optimal,59,26,46,0.1,0.1,0.1,True,ok
v43c_anytime_1ms,chudi,77,2,0.01,0.05,0,5,0.00041395798325538635,0.001,optimal,65,29,46,0.05,0.05,0.05,True,ok
v43c_anytime_1ms,chudi,77,2,0.005,0.025,0,5,0.0004080419894307852,0.001,optimal,65,29,46,0.025,0.025,0.025,True,ok
v43c_anytime_1ms,monk_3,122,11,0.1,0.5213114754098361,27,3,4.491698928177357e-05,0.001,optimal,6,3,11,0.521311475409836,0.521311475409836,0.521311,True,ok
v43c_anytime_1ms,monk_3,122,11,0.05,0.3713114754098361,27,3,7.479207124561071e-05,0.001,optimal,28,15,11,0.37131147540983606,0.37131147540983606,0.371311,True,ok
v43c_anytime_1ms,monk_3,122,11,0.02,0.24295081967213114,15,6,0.0002382500097155571,0.001,optimal,131,88,11,0.24295081967213117,0.24295081967213117,0.2429508196721311,True,ok
v43c_anytime_1ms,monk_3,122,11,0.01,0.15557377049180326,8,9,0.0007208749884739518,0.002,optimal,448,325,11,0.15557377049180326,0.15557377049180326,0.1555737704918032,True,ok
v43c_anytime_1ms,monk_3,122,11,0.005,0.09459016393442624,3,14,0.001026832964271307,0.002,time,627,469,11,0.01,0.09459016393442624,0.09459,True,ok
v43c_anytime_1ms,monk_1,124,11,0.1,0.4661290322580645,33,2,2.595805563032627e-05,0.001,optimal,3,2,11,0.46612903225806446,0.46612903225806446,0.466129,True,ok
v43c_anytime_1ms,monk_1,124,11,0.05,0.33870967741935487,11,5,7.875007577240467e-05,0.001,optimal,44,24,11,0.3387096774193548,0.3387096774193548,0.3387096774193548,True,ok
v43c_anytime_1ms,monk_1,124,11,0.02,0.16,0,8,0.00013800000306218863,0.001,optimal,95,50,11,0.16,0.16,0.16,True,ok
v43c_anytime_1ms,monk_1,124,11,0.01,0.08,0,8,0.00013495807070285082,0.001,optimal,101,51,11,0.08,0.08,0.08,True,ok
v43c_anytime_1ms,monk_1,124,11,0.005,0.04,0,8,0.00013262499123811722,0.001,optimal,101,51,11,0.04,0.04,0.04,True,ok
v43c_anytime_1ms,iris,150,4,0.1,0.34,6,3,0.00011395907495170832,0.001,optimal,5,0,118,0.34,0.34,0.34,True,ok
v43c_anytime_1ms,iris,150,4,0.05,0.19000000000000003,6,3,0.00013691699132323265,0.001,optimal,9,0,118,0.19,0.19,0.19,True,ok
v43c_anytime_1ms,iris,150,4,0.02,0.1,6,3,0.001573040965013206,0.003,time,39,21,118,0.04,0.1,0.1,True,ok
v43c_anytime_1ms,iris,150,4,0.01,0.06666666666666667,4,4,0.001087999902665615,0.002,time,46,23,118,0.02,0.06999999999999999,0.06,True,worse_than_known
v43c_anytime_1ms,iris,150,4,0.005,0.043333333333333335,2,6,0.0011721670161932707,0.002,time,49,21,118,0.01,0.055,0.038333,True,worse_than_known
v43c_anytime_1ms,monk_2,169,11,0.1,0.47869822485207103,64,1,2.1834042854607105e-05,0.001,optimal,1,1,11,0.47869822485207103,0.47869822485207103,0.478698,True,ok
v43c_anytime_1ms,monk_2,169,11,0.05,0.428698224852071,64,1,6.487499922513962e-05,0.001,optimal,23,14,11,0.428698224852071,0.428698224852071,0.428698,True,ok
v43c_anytime_1ms,monk_2,169,11,0.02,0.35893491124260357,37,7,0.0010535831097513437,0.002,optimal,567,461,11,0.35893491124260357,0.35893491124260357,0.3589349112426035,True,ok
v43c_anytime_1ms,monk_2,169,11,0.01,0.26692307692307693,13,19,0.0013765000039711595,0.002,time,877,658,11,0.02,0.26692307692307693,0.2650887573964497,True,worse_than_known
v43c_anytime_1ms,monk_2,169,11,0.005,0.16183431952662722,2,30,0.0014307500096037984,0.003,time,965,638,11,0.01,0.16183431952662722,0.152751,True,worse_than_known
v43c_anytime_1ms,tic-tac-toe,958,9,0.1,0.4465553235908142,332,1,3.491598181426525e-05,0.011,optimal,1,1,27,0.4465553235908142,0.4465553235908142,0.446555,True,ok
v43c_anytime_1ms,tic-tac-toe,958,9,0.05,0.3965553235908142,332,1,0.00047104095574468374,0.012,optimal,55,38,27,0.39655532359081413,0.39655532359081413,0.396555,True,ok
v43c_anytime_1ms,tic-tac-toe,958,9,0.02,0.3406263048016701,288,2,0.0010621669935062528,0.012,time,188,105,27,0.04,0.3406263048016701,0.3183298538622129,True,worse_than_known
v43c_anytime_1ms,tic-tac-toe,958,9,0.01,0.2839874739039666,205,7,0.0010929169366136193,0.012,time,212,111,27,0.02,0.2839874739039666,0.2507515657620042,True,worse_than_known
v43c_anytime_1ms,tic-tac-toe,958,9,0.005,0.19180584551148225,64,25,0.0010851669358089566,0.013,time,291,142,27,0.01,0.19180584551148225,0.1542797494780793,True,worse_than_known
v43c_anytime_1ms,gaussian_1k,1000,1,0.1,0.397,297,1,0.00039537507109344006,0.037,optimal,1,0,999,0.397,0.397,0.397,True,ok
v43c_anytime_1ms,gaussian_1k,1000,1,0.05,0.275,125,3,0.00046141690108925104,0.038,optimal,5,0,999,0.275,0.275,0.275,True,ok
v43c_anytime_1ms,gaussian_1k,1000,1,0.02,0.185,125,3,0.0005195830017328262,0.037,optimal,5,0,999,0.18499999999999997,0.18499999999999997,0.185,True,ok
v43c_anytime_1ms,gaussian_1k,1000,1,0.01,0.155,125,3,0.00054695806466043,0.037,optimal,5,0,999,0.155,0.155,0.155,True,ok
v43c_anytime_1ms,gaussian_1k,1000,1,0.005,0.14,125,3,0.0006502909818664193,0.037,optimal,5,0,999,0.14,0.14,0.14,True,ok
v43c_anytime_1ms,fico_1k,1000,23,0.1,0.491,291,2,0.001256332965567708,0.023,time,43,24,1357,0.225,0.49100000000000005,0.491,True,ok
v43c_anytime_1ms,fico_1k,1000,23,0.05,0.391,291,2,0.0012713329633697867,0.028,time,37,21,1357,0.125,0.391,0.391,False,ok
v43c_anytime_1ms,fico_1k,1000,23,0.02,0.33099999999999996,291,2,0.0013729160418733954,0.027,time,23,16,1357,0.065,0.33099999999999996,0.331,False,ok
v43c_anytime_1ms,fico_1k,1000,23,0.01,0.311,291,2,0.0010188339510932565,0.03,time,12,9,1357,0.045,0.311,0.304,False,worse_than_known
v43c_anytime_1ms,fico_1k,1000,23,0.005,0.301,291,2,0.0010185000719502568,0.027,time,13,9,1357,0.035,0.301,0.284,False,worse_than_known
v43c_anytime_1ms,sine_1k,1000,1,0.1,0.595,495,1,0.0004351249663159251,0.042,optimal,1,0,999,0.595,0.595,0.595,True,ok
v43c_anytime_1ms,sine_1k,1000,1,0.05,0.545,495,1,0.0005336670437827706,0.041,optimal,1,0,999,0.545,0.545,0.545,True,ok
v43c_anytime_1ms,sine_1k,1000,1,0.02,0.494,454,2,0.0006032920209690928,0.04,optimal,3,0,999,0.494,0.494,0.494,True,ok
v43c_anytime_1ms,sine_1k,1000,1,0.01,0.42900000000000005,169,26,0.0006247499259188771,0.04,optimal,51,0,999,0.42900000000000016,0.42900000000000016,0.429,True,ok
v43c_anytime_1ms,sine_1k,1000,1,0.005,0.269,109,32,0.0006055000703781843,0.038,optimal,63,0,999,0.26900000000000013,0.26900000000000013,0.269,True,ok
v43c_anytime_1ms,car_evaluation,1728,15,0.1,0.3997685185185186,518,1,4.691700451076031e-05,0.003,optimal,1,1,15,0.39976851851851847,0.39976851851851847,0.3997685185185186,True,ok
v43c_anytime_1ms,car_evaluation,1728,15,0.05,0.29467592592592595,250,3,8.995900861918926e-05,0.003,optimal,18,10,15,0.29467592592592595,0.29467592592592595,0.2946759259259259,True,ok
v43c_anytime_1ms,car_evaluation,1728,15,0.02,0.20467592592592593,250,3,0.0011989579070359468,0.004,optimal,548,389,15,0.20467592592592593,0.20467592592592593,0.2046759259259259,True,ok
v43c_anytime_1ms,car_evaluation,1728,15,0.01,0.1452314814814815,130,7,0.001319417031481862,0.004,time,570,439,15,0.02,0.17467592592592593,0.145231,True,ok
v43c_anytime_1ms,car_evaluation,1728,15,0.005,0.13300925925925927,178,6,0.001389250042848289,0.004,time,597,468,15,0.01,0.1437962962962963,0.1063425925925926,True,worse_than_known
v43c_anytime_1ms,coupon_bar,1913,14,0.1,0.5119184526921067,788,1,2.504198346287012e-05,0.003,optimal,1,1,14,0.5119184526921067,0.5119184526921067,0.511918,True,ok
v43c_anytime_1ms,coupon_bar,1913,14,0.05,0.4538944066910612,677,2,5.570799112319946e-05,0.003,optimal,27,15,14,0.4538944066910611,0.4538944066910611,0.453894,True,ok
v43c_anytime_1ms,coupon_bar,1913,14,0.02,0.37155253528489285,596,3,0.00033133302349597216,0.003,optimal,189,122,14,0.3715525352848928,0.3715525352848928,0.3715525352848928,True,ok
v43c_anytime_1ms,coupon_bar,1913,14,0.01,0.3410977522216414,576,4,0.0014279579045251012,0.004,time,605,509,14,0.27771040250914797,0.3410977522216414,0.3410977522216414,True,ok
v43c_anytime_1ms,coupon_bar,1913,14,0.005,0.31982488238369056,564,5,0.0014752079732716084,0.004,time,691,553,14,0.26771040250914796,0.31982488238369056,0.3186199686356508,True,worse_than_known
v43c_anytime_1ms,compas_binned,6907,12,0.1,0.5610829593166353,2494,2,3.062502946704626e-05,0.008,optimal,3,1,12,0.5610829593166353,0.5610829593166353,0.5610829593166353,True,ok
v43c_anytime_1ms,compas_binned,6907,12,0.05,0.46108295931663534,2494,2,2.9374961741268635e-05,0.008,optimal,3,1,12,0.46108295931663523,0.46108295931663523,0.4610829593166353,True,ok
v43c_anytime_1ms,compas_binned,6907,12,0.02,0.4010829593166353,2494,2,6.858399137854576e-05,0.008,optimal,21,12,12,0.4010829593166353,0.4010829593166353,0.4010829593166353,True,ok
v43c_anytime_1ms,compas_binned,6907,12,0.01,0.37486752569856663,2382,3,0.0002672499977052212,0.008,optimal,111,63,12,0.3748675256985667,0.3748675256985667,0.3748675256985666,True,ok
v43c_anytime_1ms,compas_binned,6907,12,0.005,0.355968582597365,2286,5,0.0007584999548271298,0.009,optimal,297,204,12,0.35596858259736497,0.35596858259736497,0.355968582597365,True,ok
v43c_anytime_1ms,fico_binary,10459,17,0.1,0.5040443637058992,3180,2,4.549999721348286e-05,0.016,optimal,3,1,17,0.5040443637058992,0.5040443637058992,0.504044,True,ok
v43c_anytime_1ms,fico_binary,10459,17,0.05,0.40404436370589925,3180,2,8.533301297575235e-05,0.016,optimal,23,13,17,0.40404436370589925,0.40404436370589925,0.404044,True,ok
v43c_anytime_1ms,fico_binary,10459,17,0.02,0.3440443637058992,3180,2,0.0008407500572502613,0.017,optimal,277,168,17,0.3440443637058992,0.3440443637058992,0.344044,True,ok
v43c_anytime_1ms,fico_binary,10459,17,0.01,0.32404436370589923,3180,2,0.0014909590827301145,0.017,time,501,304,17,0.23407400325078878,0.32404436370589923,0.324044,True,ok
v43c_anytime_1ms,fico_binary,10459,17,0.005,0.308650922650349,3019,4,0.0015816249651834369,0.017,time,523,314,17,0.2240740032507888,0.308650922650349,0.308650922650349,True,ok
v43c_anytime_1ms,compas_processed,12381,22,0.1,0.411364187060819,3855,1,0.000379708013497293,0.271,optimal,23,13,621,0.411364187060819,0.411364187060819,0.411364,True,ok
v43c_anytime_1ms,compas_processed,12381,22,0.05,0.36136418706081896,3855,1,0.0010307920165359974,0.29,time,65,36,621,0.16857281318148776,0.36136418706081896,0.361364,True,ok
v43c_anytime_1ms,compas_processed,12381,22,0.02,0.32786043130603343,3564,2,0.001153541961684823,0.289,time,55,30,621,0.10857281318148776,0.32786043130603343,0.32786,False,ok
v43c_anytime_1ms,compas_processed,12381,22,0.01,0.30786043130603347,3564,2,0.0011869160225614905,0.278,time,49,27,621,0.08857281318148777,0.30786043130603347,0.30786,False,ok
v43c_anytime_1ms,compas_processed,12381,22,0.005,0.29786043130603346,3564,2,0.001248417072929442,0.282,time,43,24,621,0.07857281318148776,0.29786043130603346,0.29786,False,ok
v43c_anytime_2ms,chudi,77,2,0.1,0.464935064935065,5,4,0.0003256669733673334,20.339,optimal,23,10,46,0.464935064935065,0.464935064935065,0.464935,True,ok
v43c_anytime_2ms,chudi,77,2,0.05,0.25,0,5,0.0003416660474613309,0.002,optimal,53,24,46,0.25,0.25,0.25,True,ok
v43c_anytime_2ms,chudi,77,2,0.02,0.1,0,5,0.00037645897828042507,0.001,optimal,59,26,46,0.1,0.1,0.1,True,ok
v43c_anytime_2ms,chudi,77,2,0.01,0.05,0,5,0.00041458301711827517,0.001,optimal,65,29,46,0.05,0.05,0.05,True,ok
v43c_anytime_2ms,chudi,77,2,0.005,0.025,0,5,0.00040141702629625797,0.001,optimal,65,29,46,0.025,0.025,0.025,True,ok
v43c_anytime_2ms,monk_3,122,11,0.1,0.5213114754098361,27,3,4.2874948121607304e-05,0.001,optimal,6,3,11,0.521311475409836,0.521311475409836,0.521311,True,ok
v43c_anytime_2ms,monk_3,122,11,0.05,0.3713114754098361,27,3,7.599999662488699e-05,0.001,optimal,28,15,11,0.37131147540983606,0.37131147540983606,0.371311,True,ok
v43c_anytime_2ms,monk_3,122,11,0.02,0.24295081967213114,15,6,0.00023650005459785461,0.001,optimal,131,88,11,0.24295081967213117,0.24295081967213117,0.2429508196721311,True,ok
v43c_anytime_2ms,monk_3,122,11,0.01,0.15557377049180326,8,9,0.0007192500634118915,0.002,optimal,448,326,11,0.15557377049180326,0.15557377049180326,0.1555737704918032,True,ok
v43c_anytime_2ms,monk_3,122,11,0.005,0.09459016393442624,3,14,0.0020418750355020165,0.003,time,1205,937,11,0.01,0.09459016393442624,0.09459,True,ok
v43c_anytime_2ms,monk_1,124,11,0.1,0.4661290322580645,33,2,2.7665984816849232e-05,0.001,optimal,3,2,11,0.46612903225806446,0.46612903225806446,0.466129,True,ok
v43c_anytime_2ms,monk_1,124,11,0.05,0.33870967741935487,11,5,8.39160056784749e-05,0.001,optimal,44,24,11,0.3387096774193548,0.3387096774193548,0.3387096774193548,True,ok
v43c_anytime_2ms,monk_1,124,11,0.02,0.16,0,8,0.0001539160730317235,0.001,optimal,95,50,11,0.16,0.16,0.16,True,ok
v43c_anytime_2ms,monk_1,124,11,0.01,0.08,0,8,0.00014958297833800316,0.001,optimal,101,51,11,0.08,0.08,0.08,True,ok
v43c_anytime_2ms,monk_1,124,11,0.005,0.04,0,8,0.00014600006397813559,0.001,optimal,101,51,11,0.04,0.04,0.04,True,ok
v43c_anytime_2ms,iris,150,4,0.1,0.34,6,3,0.00012962508480995893,0.002,optimal,5,0,118,0.34,0.34,0.34,True,ok
v43c_anytime_2ms,iris,150,4,0.05,0.19000000000000003,6,3,0.00015345902647823095,0.002,optimal,9,0,118,0.19,0.19,0.19,True,ok
v43c_anytime_2ms,iris,150,4,0.02,0.1,6,3,0.0021917090052738786,0.004,time,44,25,118,0.04,0.1,0.1,True,ok
v43c_anytime_2ms,iris,150,4,0.01,0.06,3,4,0.002230208949185908,0.004,time,78,42,118,0.02,0.060000000000000005,0.06,True,ok
v43c_anytime_2ms,iris,150,4,0.005,0.043333333333333335,2,6,0.002443792065605521,0.004,time,74,42,118,0.01,0.04333333333333333,0.038333,True,worse_than_known
v43c_anytime_2ms,monk_2,169,11,0.1,0.47869822485207103,64,1,3.02919652312994e-05,0.001,optimal,1,1,11,0.47869822485207103,0.47869822485207103,0.478698,True,ok
v43c_anytime_2ms,monk_2,169,11,0.05,0.428698224852071,64,1,7.754098623991013e-05,0.001,optimal,23,14,11,0.428698224852071,0.428698224852071,0.428698,True,ok
v43c_anytime_2ms,monk_2,169,11,0.02,0.35893491124260357,37,7,0.0011452919570729136,0.002,optimal,546,450,11,0.35893491124260357,0.35893491124260357,0.3589349112426035,True,ok
v43c_anytime_2ms,monk_2,169,11,0.01,0.2650887573964497,11,20,0.0024410419864580035,0.004,time,1300,1040,11,0.02,0.2650887573964497,0.2650887573964497,True,ok
v43c_anytime_2ms,monk_2,169,11,0.005,0.15275147928994084,3,27,0.0024457090767100453,0.004,time,1322,985,11,0.01,0.15642011834319525,0.152751,True,ok
v43c_anytime_2ms,tic-tac-toe,958,9,0.1,0.4465553235908142,332,1,5.1709008403122425e-05,0.012,optimal,1,1,27,0.4465553235908142,0.4465553235908142,0.446555,True,ok
v43c_anytime_2ms,tic-tac-toe,958,9,0.05,0.3965553235908142,332,1,0.0005589169450104237,0.013,optimal,55,38,27,0.39655532359081413,0.39655532359081413,0.396555,True,ok
v43c_anytime_2ms,tic-tac-toe,958,9,0.02,0.3406263048016701,288,2,0.00200374994892627,0.015,time,342,192,27,0.04,0.3406263048016701,0.3183298538622129,True,worse_than_known
v43c_anytime_2ms,tic-tac-toe,958,9,0.01,0.2839874739039666,205,7,0.002029750030487776,0.014,time,377,205,27,0.02,0.2839874739039666,0.2507515657620042,True,worse_than_known
v43c_anytime_2ms,tic-tac-toe,958,9,0.005,0.19180584551148225,64,25,0.0022847080836072564,0.014,time,550,278,27,0.01,0.19180584551148225,0.1542797494780793,True,worse_than_known
v43c_anytime_2ms,gaussian_1k,1000,1,0.1,0.397,297,1,0.00040866690687835217,0.039,optimal,1,0,999,0.397,0.397,0.397,True,ok
v43c_anytime_2ms,gaussian_1k,1000,1,0.05,0.275,125,3,0.0004802499897778034,0.039,optimal,5,0,999,0.275,0.275,0.275,True,ok
v43c_anytime_2ms,gaussian_1k,1000,1,0.02,0.185,125,3,0.0005434999475255609,0.038,optimal,5,0,999,0.18499999999999997,0.18499999999999997,0.185,True,ok
v43c_anytime_2ms,gaussian_1k,1000,1,0.01,0.155,125,3,0.0005534999072551727,0.037,optimal,5,0,999,0.155,0.155,0.155,True,ok
v43c_anytime_2ms,gaussian_1k,1000,1,0.005,0.14,125,3,0.0005634999834001064,0.038,optimal,5,0,999,0.14,0.14,0.14,True,ok
v43c_anytime_2ms,fico_1k,1000,23,0.1,0.491,291,2,0.002080083009786904,0.024,time,122,78,1357,0.225,0.49100000000000005,0.491,True,ok
v43c_anytime_2ms,fico_1k,1000,23,0.05,0.391,291,2,0.002221583970822394,0.024,time,99,56,1357,0.125,0.391,0.391,False,ok
v43c_anytime_2ms,fico_1k,1000,23,0.02,0.33099999999999996,291,2,0.0022041669581085443,0.024,time,63,42,1357,0.065,0.33099999999999996,0.331,False,ok
v43c_anytime_2ms,fico_1k,1000,23,0.01,0.311,291,2,0.0021810000762343407,0.023,time,54,39,1357,0.045,0.311,0.304,False,worse_than_known
v43c_anytime_2ms,fico_1k,1000,23,0.005,0.301,291,2,0.002094583003781736,0.027,time,15,14,1357,0.035,0.301,0.284,False,worse_than_known
v43c_anytime_2ms,sine_1k,1000,1,0.1,0.595,495,1,0.0004081249935552478,0.045,optimal,1,0,999,0.595,0.595,0.595,True,ok
v43c_anytime_2ms,sine_1k,1000,1,0.05,0.545,495,1,0.0006755419308319688,0.041,optimal,1,0,999,0.545,0.545,0.545,True,ok
v43c_anytime_2ms,sine_1k,1000,1,0.02,0.494,454,2,0.0005830420413985848,0.057,optimal,3,0,999,0.494,0.494,0.494,True,ok
v43c_anytime_2ms,sine_1k,1000,1,0.01,0.42900000000000005,169,26,0.0006005840841680765,0.039,optimal,51,0,999,0.42900000000000016,0.42900000000000016,0.429,True,ok
v43c_anytime_2ms,sine_1k,1000,1,0.005,0.269,109,32,0.0006151669658720493,0.039,optimal,63,0,999,0.26900000000000013,0.26900000000000013,0.269,True,ok
v43c_anytime_2ms,car_evaluation,1728,15,0.1,0.3997685185185186,518,1,5.541706923395395e-05,0.003,optimal,1,1,15,0.39976851851851847,0.39976851851851847,0.3997685185185186,True,ok
v43c_anytime_2ms,car_evaluation,1728,15,0.05,0.29467592592592595,250,3,0.00012729200534522533,0.004,optimal,18,10,15,0.29467592592592595,0.29467592592592595,0.2946759259259259,True,ok
v43c_anytime_2ms,car_evaluation,1728,15,0.02,0.20467592592592593,250,3,0.0012534999987110496,0.004,optimal,548,381,15,0.20467592592592593,0.20467592592592593,0.2046759259259259,True,ok
v43c_anytime_2ms,car_evaluation,1728,15,0.01,0.1452314814814815,130,7,0.0021767079597339034,0.005,time,888,734,15,0.02,0.1552314814814815,0.145231,True,ok
v43c_anytime_2ms,car_evaluation,1728,15,0.005,0.11023148148148149,130,7,0.0020065419375896454,0.005,time,879,710,15,0.01,0.13300925925925924,0.1063425925925926,True,worse_than_known
v43c_anytime_2ms,coupon_bar,1913,14,0.1,0.5119184526921067,788,1,0.00012720900122076273,0.004,optimal,1,1,14,0.5119184526921067,0.5119184526921067,0.511918,True,ok
v43c_anytime_2ms,coupon_bar,1913,14,0.05,0.4538944066910612,677,2,8.02080612629652e-05,0.003,optimal,27,15,14,0.4538944066910611,0.4538944066910611,0.453894,True,ok
v43c_anytime_2ms,coupon_bar,1913,14,0.02,0.37155253528489285,596,3,0.0003486250061541796,0.003,optimal,189,123,14,0.3715525352848928,0.3715525352848928,0.3715525352848928,True,ok
v43c_anytime_2ms,coupon_bar,1913,14,0.01,0.3410977522216414,576,4,0.0022429580567404628,0.005,optimal,946,830,14,0.3410977522216414,0.3410977522216414,0.3410977522216414,True,ok
v43c_anytime_2ms,coupon_bar,1913,14,0.005,0.31982488238369056,564,5,0.0020589999621734023,0.005,time,755,608,14,0.26771040250914796,0.31982488238369056,0.3186199686356508,True,worse_than_known
v43c_anytime_2ms,compas_binned,6907,12,0.1,0.5610829593166353,2494,2,3.854208625853062e-05,0.009,optimal,3,1,12,0.5610829593166353,0.5610829593166353,0.5610829593166353,True,ok
v43c_anytime_2ms,compas_binned,6907,12,0.05,0.46108295931663534,2494,2,3.374996595084667e-05,0.009,optimal,3,1,12,0.46108295931663523,0.46108295931663523,0.4610829593166353,True,ok
v43c_anytime_2ms,compas_binned,6907,12,0.02,0.4010829593166353,2494,2,8.804094977676868e-05,0.009,optimal,21,12,12,0.4010829593166353,0.4010829593166353,0.4010829593166353,True,ok
v43c_anytime_2ms,compas_binned,6907,12,0.01,0.37486752569856663,2382,3,0.00031637505162507296,0.009,optimal,111,63,12,0.3748675256985667,0.3748675256985667,0.3748675256985666,True,ok
v43c_anytime_2ms,compas_binned,6907,12,0.005,0.355968582597365,2286,5,0.0008962909923866391,0.01,optimal,297,203,12,0.35596858259736497,0.35596858259736497,0.355968582597365,True,ok
v43c_anytime_2ms,fico_binary,10459,17,0.1,0.5040443637058992,3180,2,6.1208033002913e-05,0.018,optimal,3,1,17,0.5040443637058992,0.5040443637058992,0.504044,True,ok
v43c_anytime_2ms,fico_binary,10459,17,0.05,0.40404436370589925,3180,2,0.00011904200073331594,0.017,optimal,23,13,17,0.40404436370589925,0.40404436370589925,0.404044,True,ok
v43c_anytime_2ms,fico_binary,10459,17,0.02,0.3440443637058992,3180,2,0.0009604579536244273,0.018,optimal,277,170,17,0.3440443637058992,0.3440443637058992,0.344044,True,ok
v43c_anytime_2ms,fico_binary,10459,17,0.01,0.32404436370589923,3180,2,0.002450042054988444,0.02,time,728,457,17,0.23407400325078878,0.32404436370589923,0.324044,True,ok
v43c_anytime_2ms,fico_binary,10459,17,0.005,0.308650922650349,3019,4,0.00200524996034801,0.019,time,612,368,17,0.2240740032507888,0.308650922650349,0.308650922650349,True,ok
v43c_anytime_2ms,compas_processed,12381,22,0.1,0.411364187060819,3855,1,0.00039654201827943325,0.295,optimal,23,13,621,0.411364187060819,0.411364187060819,0.411364,True,ok
v43c_anytime_2ms,compas_processed,12381,22,0.05,0.36136418706081896,3855,1,0.002051540999673307,0.316,time,135,75,621,0.16857281318148776,0.36136418706081896,0.361364,True,ok
v43c_anytime_2ms,compas_processed,12381,22,0.02,0.32786043130603343,3564,2,0.002119541051797569,0.297,time,111,62,621,0.10857281318148776,0.32786043130603343,0.32786,False,ok
v43c_anytime_2ms,compas_processed,12381,22,0.01,0.30786043130603347,3564,2,0.0021895000245422125,0.271,time,85,49,621,0.08857281318148777,0.30786043130603347,0.30786,False,ok
v43c_anytime_2ms,compas_processed,12381,22,0.005,0.29786043130603346,3564,2,0.002208834048360586,0.282,time,81,47,621,0.07857281318148776,0.29786043130603346,0.29786,False,ok
v45_anytime_2ms,chudi,77,2,0.1,0.464935064935065,5,4,0.00031525001395493746,17.273,optimal,25,12,46,0.464935064935065,0.464935064935065,0.464935,True,ok
v45_anytime_2ms,chudi,77,2,0.05,0.25,0,5,0.00040670798625797033,0.001,optimal,53,25,46,0.25,0.25,0.25,True,ok
v45_anytime_2ms,chudi,77,2,0.02,0.1,0,5,0.0004391670227050781,0.001,optimal,59,27,46,0.1,0.1,0.1,True,ok
v45_anytime_2ms,chudi,77,2,0.01,0.05,0,5,0.0004713329253718257,0.001,optimal,65,30,46,0.05,0.05,0.05,True,ok
v45_anytime_2ms,chudi,77,2,0.005,0.025,0,5,0.0004652090137824416,0.001,optimal,65,30,46,0.025,0.025,0.025,True,ok
v45_anytime_2ms,monk_3,122,11,0.1,0.5213114754098361,27,3,7.333408575505018e-05,0.001,optimal,8,3,11,0.521311475409836,0.521311475409836,0.521311,True,ok
v45_anytime_2ms,monk_3,122,11,0.05,0.3713114754098361,27,3,9.579095058143139e-05,0.001,optimal,38,15,11,0.37131147540983606,0.37131147540983606,0.371311,True,ok
v45_anytime_2ms,monk_3,122,11,0.02,0.24295081967213114,15,6,0.0002987500047311187,0.001,optimal,140,91,11,0.24295081967213117,0.24295081967213117,0.2429508196721311,True,ok
v45_anytime_2ms,monk_3,122,11,0.01,0.15557377049180326,8,9,0.0007317080162465572,0.002,optimal,397,293,11,0.15557377049180326,0.15557377049180326,0.1555737704918032,True,ok
v45_anytime_2ms,monk_3,122,11,0.005,0.09459016393442624,3,14,0.0019330830546095967,0.003,optimal,1183,846,11,0.09459016393442624,0.09459016393442624,0.09459,True,ok
v45_anytime_2ms,monk_1,124,11,0.1,0.4661290322580645,33,2,5.937495734542608e-05,0.001,optimal,7,2,11,0.46612903225806446,0.46612903225806446,0.466129,True,ok
v45_anytime_2ms,monk_1,124,11,0.05,0.33870967741935487,11,5,0.0001276669790968299,0.001,optimal,44,24,11,0.3387096774193548,0.3387096774193548,0.3387096774193548,True,ok
v45_anytime_2ms,monk_1,124,11,0.02,0.16,0,8,0.00022741698194295168,0.001,optimal,100,47,11,0.16,0.16,0.16,True,ok
v45_anytime_2ms,monk_1,124,11,0.01,0.08,0,8,0.000220458023250103,0.001,optimal,106,48,11,0.08,0.08,0.08,True,ok
v45_anytime_2ms,monk_1,124,11,0.005,0.04,0,8,0.00021841702982783318,0.001,optimal,106,48,11,0.04,0.04,0.04,True,ok
v45_anytime_2ms,iris,150,4,0.1,0.34,6,3,0.00016095803584903479,0.001,optimal,5,1,118,0.34,0.34,0.34,True,ok
v45_anytime_2ms,iris,150,4,0.05,0.19000000000000003,6,3,0.00019824993796646595,0.001,optimal,9,1,118,0.19,0.19,0.19,True,ok
v45_anytime_2ms,iris,150,4,0.02,0.1,6,3,0.002190958010032773,0.003,time,45,29,118,0.04,0.1,0.1,True,ok
v45_anytime_2ms,iris,150,4,0.01,0.06,3,4,0.0028093750588595867,0.004,time,90,52,118,0.02,0.060000000000000005,0.06,True,ok
v45_anytime_2ms,iris,150,4,0.005,0.03833333333333334,2,5,0.0028985419776290655,0.004,time,85,47,118,0.01,0.03833333333333333,0.038333,True,ok
v45_anytime_2ms,monk_2,169,11,0.1,0.47869822485207103,64,1,4.3874955736100674e-05,0.001,optimal,9,1,11,0.47869822485207103,0.47869822485207103,0.478698,True,ok
v45_anytime_2ms,monk_2,169,11,0.05,0.428698224852071,64,1,8.720904588699341e-05,0.001,optimal,39,14,11,0.428698224852071,0.428698224852071,0.428698,True,ok
v45_anytime_2ms,monk_2,169,11,0.02,0.35893491124260357,37,7,0.001001875032670796,0.002,optimal,574,456,11,0.35893491124260357,0.35893491124260357,0.3589349112426035,True,ok
v45_anytime_2ms,monk_2,169,11,0.01,0.2650887573964497,11,20,0.0022516249446198344,0.003,time,1328,1045,11,0.02,0.2650887573964497,0.2650887573964497,True,ok
v45_anytime_2ms,monk_2,169,11,0.005,0.15275147928994084,3,27,0.002132583991624415,0.003,time,1244,796,11,0.01,0.15275147928994082,0.152751,True,ok
v45_anytime_2ms,tic-tac-toe,958,9,0.1,0.4465553235908142,332,1,5.520903505384922e-05,0.01,optimal,7,1,27,0.4465553235908142,0.4465553235908142,0.446555,True,ok
v45_anytime_2ms,tic-tac-toe,958,9,0.05,0.3965553235908142,332,1,0.0004490840947255492,0.01,optimal,69,38,27,0.39655532359081413,0.39655532359081413,0.396555,True,ok
v45_anytime_2ms,tic-tac-toe,958,9,0.02,0.3406263048016701,288,2,0.0020872909808531404,0.012,time,412,217,27,0.04,0.3406263048016701,0.3183298538622129,True,worse_than_known
v45_anytime_2ms,tic-tac-toe,958,9,0.01,0.25872651356993737,85,17,0.002222917042672634,0.012,time,476,249,27,0.02,0.25872651356993737,0.2507515657620042,True,worse_than_known
v45_anytime_2ms,tic-tac-toe,958,9,0.005,0.15592901878914406,44,22,0.002429458894766867,0.013,time,664,321,27,0.01,0.15592901878914403,0.1542797494780793,True,worse_than_known
v45_anytime_2ms,gaussian_1k,1000,1,0.1,0.397,297,1,0.0003575000446289778,0.033,optimal,1,0,999,0.397,0.397,0.397,True,ok
v45_anytime_2ms,gaussian_1k,1000,1,0.05,0.275,125,3,0.00042916706297546625,0.032,optimal,5,0,999,0.275,0.275,0.275,True,ok
v45_anytime_2ms,gaussian_1k,1000,1,0.02,0.185,125,3,0.00048450008034706116,0.032,optimal,5,0,999,0.18499999999999997,0.18499999999999997,0.185,True,ok
v45_anytime_2ms,gaussian_1k,1000,1,0.01,0.155,125,3,0.0005006249994039536,0.032,optimal,5,0,999,0.155,0.155,0.155,True,ok
v45_anytime_2ms,gaussian_1k,1000,1,0.005,0.14,125,3,0.0005217909347265959,0.032,optimal,5,0,999,0.14,0.14,0.14,True,ok
v45_anytime_2ms,fico_1k,1000,23,0.1,0.491,291,2,0.002249834011308849,0.022,time,156,90,1357,0.225,0.49100000000000005,0.491,True,ok
v45_anytime_2ms,fico_1k,1000,23,0.05,0.391,291,2,0.0023495840141549706,0.022,time,118,62,1357,0.125,0.391,0.391,False,ok
v45_anytime_2ms,fico_1k,1000,23,0.02,0.33099999999999996,291,2,0.0024197910679504275,0.021,time,83,50,1357,0.065,0.33099999999999996,0.331,False,ok
v45_anytime_2ms,fico_1k,1000,23,0.01,0.311,291,2,0.002385666943155229,0.021,time,68,44,1357,0.045,0.311,0.304,False,worse_than_known
v45_anytime_2ms,fico_1k,1000,23,0.005,0.301,291,2,0.002449250081554055,0.022,time,64,46,1357,0.035,0.301,0.284,False,worse_than_known
v45_anytime_2ms,sine_1k,1000,1,0.1,0.595,495,1,0.0003753750352188945,0.034,optimal,1,0,999,0.595,0.595,0.595,True,ok
v45_anytime_2ms,sine_1k,1000,1,0.05,0.545,495,1,0.0004446660168468952,0.033,optimal,1,0,999,0.545,0.545,0.545,True,ok
v45_anytime_2ms,sine_1k,1000,1,0.02,0.494,454,2,0.0005131249781697989,0.033,optimal,3,0,999,0.494,0.494,0.494,True,ok
v45_anytime_2ms,sine_1k,1000,1,0.01,0.42900000000000005,169,26,0.0005951659986749291,0.034,optimal,51,0,999,0.42900000000000016,0.42900000000000016,0.429,True,ok
v45_anytime_2ms,sine_1k,1000,1,0.005,0.269,109,32,0.0006244579562917352,0.034,optimal,63,0,999,0.26900000000000013,0.26900000000000013,0.269,True,ok
v45_anytime_2ms,car_evaluation,1728,15,0.1,0.3997685185185186,518,1,5.24579081684351e-05,0.003,optimal,3,1,15,0.39976851851851847,0.39976851851851847,0.3997685185185186,True,ok
v45_anytime_2ms,car_evaluation,1728,15,0.05,0.29467592592592595,250,3,0.00013574992772191763,0.003,optimal,26,10,15,0.29467592592592595,0.29467592592592595,0.2946759259259259,True,ok
v45_anytime_2ms,car_evaluation,1728,15,0.02,0.20467592592592593,250,3,0.0012591250706464052,0.004,optimal,561,386,15,0.20467592592592593,0.20467592592592593,0.2046759259259259,True,ok
v45_anytime_2ms,car_evaluation,1728,15,0.01,0.1452314814814815,130,7,0.002210750011727214,0.005,time,1042,803,15,0.02,0.14523148148148152,0.145231,True,ok
v45_anytime_2ms,car_evaluation,1728,15,0.005,0.1063425925925926,106,9,0.002060457947663963,0.005,time,930,704,15,0.01,0.1063425925925926,0.1063425925925926,True,ok
v45_anytime_2ms,coupon_bar,1913,14,0.1,0.5119184526921067,788,1,2.9583927243947983e-05,0.003,optimal,3,1,14,0.5119184526921067,0.5119184526921067,0.511918,True,ok
v45_anytime_2ms,coupon_bar,1913,14,0.05,0.4538944066910612,677,2,7.225002627819777e-05,0.003,optimal,28,15,14,0.4538944066910611,0.4538944066910611,0.453894,True,ok
v45_anytime_2ms,coupon_bar,1913,14,0.02,0.37155253528489285,596,3,0.0003281249664723873,0.003,optimal,193,119,14,0.3715525352848928,0.3715525352848928,0.3715525352848928,True,ok
v45_anytime_2ms,coupon_bar,1913,14,0.01,0.3410977522216414,576,4,0.0019687919411808252,0.005,optimal,947,796,14,0.3410977522216414,0.3410977522216414,0.3410977522216414,True,ok
v45_anytime_2ms,coupon_bar,1913,14,0.005,0.31982488238369056,564,5,0.0022696249652653933,0.005,time,1199,1037,14,0.26771040250914796,0.31982488238369056,0.3186199686356508,True,worse_than_known
v45_anytime_2ms,compas_binned,6907,12,0.1,0.5610829593166353,2494,2,4.658394027501345e-05,0.007,optimal,3,1,12,0.5610829593166353,0.5610829593166353,0.5610829593166353,True,ok
v45_anytime_2ms,compas_binned,6907,12,0.05,0.46108295931663534,2494,2,4.454201553016901e-05,0.007,optimal,3,1,12,0.46108295931663523,0.46108295931663523,0.4610829593166353,True,ok
v45_anytime_2ms,compas_binned,6907,12,0.02,0.4010829593166353,2494,2,0.0001015419838950038,0.007,optimal,25,12,12,0.4010829593166353,0.4010829593166353,0.4010829593166353,True,ok
v45_anytime_2ms,compas_binned,6907,12,0.01,0.37486752569856663,2382,3,0.0002901249099522829,0.007,optimal,114,63,12,0.3748675256985667,0.3748675256985667,0.3748675256985666,True,ok
v45_anytime_2ms,compas_binned,6907,12,0.005,0.355968582597365,2286,5,0.0007192080374807119,0.008,optimal,289,189,12,0.35596858259736497,0.35596858259736497,0.355968582597365,True,ok
v45_anytime_2ms,fico_binary,10459,17,0.1,0.5040443637058992,3180,2,4.779198206961155e-05,0.014,optimal,5,1,17,0.5040443637058992,0.5040443637058992,0.504044,True,ok
v45_anytime_2ms,fico_binary,10459,17,0.05,0.40404436370589925,3180,2,0.0001307500060647726,0.014,optimal,26,13,17,0.40404436370589925,0.40404436370589925,0.404044,True,ok
v45_anytime_2ms,fico_binary,10459,17,0.02,0.3440443637058992,3180,2,0.0007992920000106096,0.014,optimal,283,168,17,0.3440443637058992,0.3440443637058992,0.344044,True,ok
v45_anytime_2ms,fico_binary,10459,17,0.01,0.32404436370589923,3180,2,0.0025249160826206207,0.016,time,866,535,17,0.23407400325078878,0.32404436370589923,0.324044,True,ok
v45_anytime_2ms,fico_binary,10459,17,0.005,0.308650922650349,3019,4,0.002435124944895506,0.017,time,986,576,17,0.2240740032507888,0.308650922650349,0.308650922650349,True,ok
v45_anytime_2ms,compas_processed,12381,22,0.1,0.411364187060819,3855,1,0.0004694580566138029,0.24,optimal,29,13,621,0.411364187060819,0.411364187060819,0.411364,True,ok
v45_anytime_2ms,compas_processed,12381,22,0.05,0.36136418706081896,3855,1,0.0021200840128585696,0.244,time,181,94,621,0.16857281318148776,0.36136418706081896,0.361364,True,ok
v45_anytime_2ms,compas_processed,12381,22,0.02,0.32786043130603343,3564,2,0.002431875094771385,0.249,time,157,70,621,0.10857281318148776,0.32786043130603343,0.32786,False,ok
v45_anytime_2ms,compas_processed,12381,22,0.01,0.30786043130603347,3564,2,0.002061458071693778,0.245,time,121,46,621,0.08857281318148777,0.30786043130603347,0.30786,False,ok
v45_anytime_2ms,compas_processed,12381,22,0.005,0.29786043130603346,3564,2,0.002069624955765903,0.243,time,95,40,621,0.07857281318148776,0.29786043130603346,0.29786,False,ok
v45_anytime_5ms,chudi,77,2,0.1,0.464935064935065,5,4,0.0002922499552369118,17.194,optimal,25,12,46,0.464935064935065,0.464935064935065,0.464935,True,ok
v45_anytime_5ms,chudi,77,2,0.05,0.25,0,5,0.0003974999999627471,0.001,optimal,53,25,46,0.25,0.25,0.25,True,ok
v45_anytime_5ms,chudi,77,2,0.02,0.1,0,5,0.0004425420193001628,0.001,optimal,59,27,46,0.1,0.1,0.1,True,ok
v45_anytime_5ms,chudi,77,2,0.01,0.05,0,5,0.00047095795162022114,0.001,optimal,65,30,46,0.05,0.05,0.05,True,ok
v45_anytime_5ms,chudi,77,2,0.005,0.025,0,5,0.00046716700308024883,0.001,optimal,65,30,46,0.025,0.025,0.025,True,ok
v45_anytime_5ms,monk_3,122,11,0.1,0.5213114754098361,27,3,6.108300294727087e-05,0.001,optimal,8,3,11,0.521311475409836,0.521311475409836,0.521311,True,ok
v45_anytime_5ms,monk_3,122,11,0.05,0.3713114754098361,27,3,9.104202035814524e-05,0.001,optimal,38,15,11,0.37131147540983606,0.37131147540983606,0.371311,True,ok
v45_anytime_5ms,monk_3,122,11,0.02,0.24295081967213114,15,6,0.00029645801987499,0.001,optimal,140,91,11,0.24295081967213117,0.24295081967213117,0.2429508196721311,True,ok
v45_anytime_5ms,monk_3,122,11,0.01,0.15557377049180326,8,9,0.0007323749596253037,0.002,optimal,397,293,11,0.15557377049180326,0.15557377049180326,0.1555737704918032,True,ok
v45_anytime_5ms,monk_3,122,11,0.005,0.09459016393442624,3,14,0.002016125014051795,0.003,optimal,1198,862,11,0.09459016393442624,0.09459016393442624,0.09459,True,ok
v45_anytime_5ms,monk_1,124,11,0.1,0.4661290322580645,33,2,5.179201252758503e-05,0.001,optimal,7,2,11,0.46612903225806446,0.46612903225806446,0.466129,True,ok
v45_anytime_5ms,monk_1,124,11,0.05,0.33870967741935487,11,5,0.00012395798694342375,0.001,optimal,44,24,11,0.3387096774193548,0.3387096774193548,0.3387096774193548,True,ok
v45_anytime_5ms,monk_1,124,11,0.02,0.16,0,8,0.00022583396639674902,0.001,optimal,100,47,11,0.16,0.16,0.16,True,ok
v45_anytime_5ms,monk_1,124,11,0.01,0.08,0,8,0.00022083299700170755,0.001,optimal,106,48,11,0.08,0.08,0.08,True,ok
v45_anytime_5ms,monk_1,124,11,0.005,0.04,0,8,0.0002521671121940017,0.001,optimal,106,48,11,0.04,0.04,0.04,True,ok
v45_anytime_5ms,iris,150,4,0.1,0.34,6,3,0.00016108399722725153,0.001,optimal,5,1,118,0.34,0.34,0.34,True,ok
v45_anytime_5ms,iris,150,4,0.05,0.19000000000000003,6,3,0.00020041700918227434,0.001,optimal,9,1,118,0.19,0.19,0.19,True,ok
v45_anytime_5ms,iris,150,4,0.02,0.1,6,3,0.004663833067752421,0.006,optimal,122,84,118,0.1,0.1,0.1,True,ok
v45_anytime_5ms,iris,150,4,0.01,0.06,3,4,0.00512183306273073,0.006,time,159,103,118,0.02,0.060000000000000005,0.06,True,ok
v45_anytime_5ms,iris,150,4,0.005,0.03833333333333334,2,5,0.0054305000230669975,0.007,time,185,116,118,0.01,0.03833333333333333,0.038333,True,ok
v45_anytime_5ms,monk_2,169,11,0.1,0.47869822485207103,64,1,4.03339508920908e-05,0.001,optimal,9,1,11,0.47869822485207103,0.47869822485207103,0.478698,True,ok
v45_anytime_5ms,monk_2,169,11,0.05,0.428698224852071,64,1,8.53340607136488e-05,0.001,optimal,39,14,11,0.428698224852071,0.428698224852071,0.428698,True,ok
v45_anytime_5ms,monk_2,169,11,0.02,0.35893491124260357,37,7,0.0009918339783325791,0.002,optimal,570,453,11,0.35893491124260357,0.35893491124260357,0.3589349112426035,True,ok
v45_anytime_5ms,monk_2,169,11,0.01,0.2650887573964497,11,20,0.003484916058368981,0.004,optimal,1915,1662,11,0.2650887573964497,0.2650887573964497,0.2650887573964497,True,ok
v45_anytime_5ms,monk_2,169,11,0.005,0.15275147928994084,3,27,0.005425999988801777,0.006,time,2938,2340,11,0.01,0.15275147928994082,0.152751,True,ok
v45_anytime_5ms,tic-tac-toe,958,9,0.1,0.4465553235908142,332,1,5.312508437782526e-05,0.01,optimal,7,1,27,0.4465553235908142,0.4465553235908142,0.446555,True,ok
v45_anytime_5ms,tic-tac-toe,958,9,0.05,0.3965553235908142,332,1,0.0004771669628098607,0.01,optimal,69,38,27,0.39655532359081413,0.39655532359081413,0.396555,True,ok
v45_anytime_5ms,tic-tac-toe,958,9,0.02,0.3406263048016701,288,2,0.005013291956856847,0.015,time,953,632,27,0.04,0.3406263048016701,0.3183298538622129,True,worse_than_known
v45_anytime_5ms,tic-tac-toe,958,9,0.01,0.25872651356993737,85,17,0.005035917041823268,0.015,time,1171,693,27,0.02,0.25872651356993737,0.2507515657620042,True,worse_than_known
v45_anytime_5ms,tic-tac-toe,958,9,0.005,0.15592901878914406,44,22,0.005142417037859559,0.015,time,1298,741,27,0.01,0.15592901878914403,0.1542797494780793,True,worse_than_known
v45_anytime_5ms,gaussian_1k,1000,1,0.1,0.397,297,1,0.00035966699942946434,0.033,optimal,1,0,999,0.397,0.397,0.397,True,ok
v45_anytime_5ms,gaussian_1k,1000,1,0.05,0.275,125,3,0.0004300411092117429,0.032,optimal,5,0,999,0.275,0.275,0.275,True,ok
v45_anytime_5ms,gaussian_1k,1000,1,0.02,0.185,125,3,0.00047800003085285425,0.032,optimal,5,0,999,0.18499999999999997,0.18499999999999997,0.185,True,ok
v45_anytime_5ms,gaussian_1k,1000,1,0.01,0.155,125,3,0.0005192919634282589,0.034,optimal,5,0,999,0.155,0.155,0.155,True,ok
v45_anytime_5ms,gaussian_1k,1000,1,0.005,0.14,125,3,0.0005265419604256749,0.033,optimal,5,0,999,0.14,0.14,0.14,True,ok
v45_anytime_5ms,fico_1k,1000,23,0.1,0.491,291,2,0.005151749937795103,0.024,time,398,242,1357,0.225,0.49100000000000005,0.491,True,ok
v45_anytime_5ms,fico_1k,1000,23,0.05,0.391,291,2,0.005414958926849067,0.024,time,306,165,1357,0.125,0.391,0.391,False,ok
v45_anytime_5ms,fico_1k,1000,23,0.02,0.33099999999999996,291,2,0.005234459065832198,0.025,time,217,115,1357,0.065,0.33099999999999996,0.331,False,ok
v45_anytime_5ms,fico_1k,1000,23,0.01,0.311,291,2,0.00506945897359401,0.024,time,230,102,1357,0.045,0.311,0.304,False,worse_than_known
v45_anytime_5ms,fico_1k,1000,23,0.005,0.301,291,2,0.005368083016946912,0.024,time,140,84,1357,0.035,0.301,0.284,False,worse_than_known
v45_anytime_5ms,sine_1k,1000,1,0.1,0.595,495,1,0.0003558750031515956,0.033,optimal,1,0,999,0.595,0.595,0.595,True,ok
v45_anytime_5ms,sine_1k,1000,1,0.05,0.545,495,1,0.00043050001841038465,0.032,optimal,1,0,999,0.545,0.545,0.545,True,ok
v45_anytime_5ms,sine_1k,1000,1,0.02,0.494,454,2,0.0004988749278709292,0.032,optimal,3,0,999,0.494,0.494,0.494,True,ok
v45_anytime_5ms,sine_1k,1000,1,0.01,0.42900000000000005,169,26,0.0006010829238221049,0.033,optimal,51,0,999,0.42900000000000016,0.42900000000000016,0.429,True,ok
v45_anytime_5ms,sine_1k,1000,1,0.005,0.269,109,32,0.0006165419472381473,0.033,optimal,63,0,999,0.26900000000000013,0.26900000000000013,0.269,True,ok
v45_anytime_5ms,car_evaluation,1728,15,0.1,0.3997685185185186,518,1,5.0292001105844975e-05,0.003,optimal,3,1,15,0.39976851851851847,0.39976851851851847,0.3997685185185186,True,ok
v45_anytime_5ms,car_evaluation,1728,15,0.05,0.29467592592592595,250,3,0.00013108307030051947,0.003,optimal,26,10,15,0.29467592592592595,0.29467592592592595,0.2946759259259259,True,ok
v45_anytime_5ms,car_evaluation,1728,15,0.02,0.20467592592592593,250,3,0.0011385839898139238,0.004,optimal,561,386,15,0.20467592592592593,0.20467592592592593,0.2046759259259259,True,ok
v45_anytime_5ms,car_evaluation,1728,15,0.01,0.1452314814814815,130,7,0.004788583959452808,0.007,optimal,2234,1768,15,0.14523148148148152,0.14523148148148152,0.145231,True,ok
v45_anytime_5ms,car_evaluation,1728,15,0.005,0.1063425925925926,106,9,0.005009916960261762,0.008,time,2182,1937,15,0.01,0.1063425925925926,0.1063425925925926,True,ok
v45_anytime_5ms,coupon_bar,1913,14,0.1,0.5119184526921067,788,1,3.062502946704626e-05,0.003,optimal,3,1,14,0.5119184526921067,0.5119184526921067,0.511918,True,ok
v45_anytime_5ms,coupon_bar,1913,14,0.05,0.4538944066910612,677,2,7.01249809935689e-05,0.003,optimal,28,15,14,0.4538944066910611,0.4538944066910611,0.453894,True,ok
v45_anytime_5ms,coupon_bar,1913,14,0.02,0.37155253528489285,596,3,0.0003284580307081342,0.003,optimal,193,119,14,0.3715525352848928,0.3715525352848928,0.3715525352848928,True,ok
v45_anytime_5ms,coupon_bar,1913,14,0.01,0.3410977522216414,576,4,0.0019689169712364674,0.004,optimal,947,795,14,0.3410977522216414,0.3410977522216414,0.3410977522216414,True,ok
v45_anytime_5ms,coupon_bar,1913,14,0.005,0.3186199686356508,533,8,0.005446208058856428,0.008,time,2224,2241,14,0.26771040250914796,0.3186199686356508,0.3186199686356508,True,ok
v45_anytime_5ms,compas_binned,6907,12,0.1,0.5610829593166353,2494,2,4.570803139358759e-05,0.007,optimal,3,1,12,0.5610829593166353,0.5610829593166353,0.5610829593166353,True,ok
v45_anytime_5ms,compas_binned,6907,12,0.05,0.46108295931663534,2494,2,3.999995533376932e-05,0.007,optimal,3,1,12,0.46108295931663523,0.46108295931663523,0.4610829593166353,True,ok
v45_anytime_5ms,compas_binned,6907,12,0.02,0.4010829593166353,2494,2,9.266589768230915e-05,0.007,optimal,25,12,12,0.4010829593166353,0.4010829593166353,0.4010829593166353,True,ok
v45_anytime_5ms,compas_binned,6907,12,0.01,0.37486752569856663,2382,3,0.0002768340054899454,0.007,optimal,114,63,12,0.3748675256985667,0.3748675256985667,0.3748675256985666,True,ok
v45_anytime_5ms,compas_binned,6907,12,0.005,0.355968582597365,2286,5,0.0007568750297650695,0.008,optimal,289,189,12,0.35596858259736497,0.35596858259736497,0.355968582597365,True,ok
v45_anytime_5ms,fico_binary,10459,17,0.1,0.5040443637058992,3180,2,6.408302579075098e-05,0.014,optimal,5,1,17,0.5040443637058992,0.5040443637058992,0.504044,True,ok
v45_anytime_5ms,fico_binary,10459,17,0.05,0.40404436370589925,3180,2,0.00013470894191414118,0.014,optimal,26,13,17,0.40404436370589925,0.40404436370589925,0.404044,True,ok
v45_anytime_5ms,fico_binary,10459,17,0.02,0.3440443637058992,3180,2,0.0008431250462308526,0.015,optimal,283,168,17,0.3440443637058992,0.3440443637058992,0.344044,True,ok
v45_anytime_5ms,fico_binary,10459,17,0.01,0.32404436370589923,3180,2,0.00502849998883903,0.019,time,1588,1063,17,0.23407400325078878,0.32404436370589923,0.324044,True,ok
v45_anytime_5ms,fico_binary,10459,17,0.005,0.308650922650349,3019,4,0.005479249986819923,0.019,time,2107,1336,17,0.2240740032507888,0.308650922650349,0.308650922650349,True,ok
v45_anytime_5ms,compas_processed,12381,22,0.1,0.411364187060819,3855,1,0.00044237507972866297,0.244,optimal,29,13,621,0.411364187060819,0.411364187060819,0.411364,True,ok
v45_anytime_5ms,compas_processed,12381,22,0.05,0.36136418706081896,3855,1,0.005048249964602292,0.247,time,404,245,621,0.16857281318148776,0.36136418706081896,0.361364,True,ok
v45_anytime_5ms,compas_processed,12381,22,0.02,0.32786043130603343,3564,2,0.0054272080305963755,0.256,time,333,170,621,0.10857281318148776,0.32786043130603343,0.32786,False,ok
v45_anytime_5ms,compas_processed,12381,22,0.01,0.30786043130603347,3564,2,0.00508816703222692,0.246,time,277,120,621,0.08857281318148777,0.30786043130603347,0.30786,False,ok
v45_anytime_5ms,compas_processed,12381,22,0.005,0.29786043130603346,3564,2,0.005299875047057867,0.245,time,253,106,621,0.07857281318148776,0.29786043130603346,0.29786,False,ok
v45_anytime_10ms,chudi,77,2,0.1,0.464935064935065,5,4,0.0002797089982777834,17.285,optimal,25,12,46,0.464935064935065,0.464935064935065,0.464935,True,ok
v45_anytime_10ms,chudi,77,2,0.05,0.25,0,5,0.0004063750384375453,0.001,optimal,53,25,46,0.25,0.25,0.25,True,ok
v45_anytime_10ms,chudi,77,2,0.02,0.1,0,5,0.00044291699305176735,0.001,optimal,59,27,46,0.1,0.1,0.1,True,ok
v45_anytime_10ms,chudi,77,2,0.01,0.05,0,5,0.00047087506391108036,0.001,optimal,65,30,46,0.05,0.05,0.05,True,ok
v45_anytime_10ms,chudi,77,2,0.005,0.025,0,5,0.000466165947727859,0.001,optimal,65,30,46,0.025,0.025,0.025,True,ok
v45_anytime_10ms,monk_3,122,11,0.1,0.5213114754098361,27,3,6.233295425772667e-05,0.001,optimal,8,3,11,0.521311475409836,0.521311475409836,0.521311,True,ok
v45_anytime_10ms,monk_3,122,11,0.05,0.3713114754098361,27,3,9.120802860707045e-05,0.001,optimal,38,15,11,0.37131147540983606,0.37131147540983606,0.371311,True,ok
v45_anytime_10ms,monk_3,122,11,0.02,0.24295081967213114,15,6,0.00029937492217868567,0.001,optimal,140,91,11,0.24295081967213117,0.24295081967213117,0.2429508196721311,True,ok
v45_anytime_10ms,monk_3,122,11,0.01,0.15557377049180326,8,9,0.0007330840453505516,0.002,optimal,397,293,11,0.15557377049180326,0.15557377049180326,0.1555737704918032,True,ok
v45_anytime_10ms,monk_3,122,11,0.005,0.09459016393442624,3,14,0.0019585000118240714,0.003,optimal,1173,836,11,0.09459016393442624,0.09459016393442624,0.09459,True,ok
v45_anytime_10ms,monk_1,124,11,0.1,0.4661290322580645,33,2,4.87080542370677e-05,0.001,optimal,7,2,11,0.46612903225806446,0.46612903225806446,0.466129,True,ok
v45_anytime_10ms,monk_1,124,11,0.05,0.33870967741935487,11,5,0.0001217919634655118,0.001,optimal,44,24,11,0.3387096774193548,0.3387096774193548,0.3387096774193548,True,ok
v45_anytime_10ms,monk_1,124,11,0.02,0.16,0,8,0.0002288749674335122,0.001,optimal,100,47,11,0.16,0.16,0.16,True,ok
v45_anytime_10ms,monk_1,124,11,0.01,0.08,0,8,0.000219999928958714,0.001,optimal,106,48,11,0.08,0.08,0.08,True,ok
v45_anytime_10ms,monk_1,124,11,0.005,0.04,0,8,0.00022562500089406967,0.001,optimal,106,48,11,0.04,0.04,0.04,True,ok
v45_anytime_10ms,iris,150,4,0.1,0.34,6,3,0.00015479198191314936,0.001,optimal,5,1,118,0.34,0.34,0.34,True,ok
v45_anytime_10ms,iris,150,4,0.05,0.19000000000000003,6,3,0.00019862502813339233,0.001,optimal,9,1,118,0.19,0.19,0.19,True,ok
v45_anytime_10ms,iris,150,4,0.02,0.1,6,3,0.004813708015717566,0.006,optimal,122,84,118,0.1,0.1,0.1,True,ok
v45_anytime_10ms,iris,150,4,0.01,0.06,3,4,0.01020504196640104,0.011,time,266,189,118,0.02,0.060000000000000005,0.06,True,ok
v45_anytime_10ms,iris,150,4,0.005,0.03833333333333334,2,5,0.010003458010032773,0.011,time,321,244,118,0.01,0.03833333333333333,0.038333,True,ok
v45_anytime_10ms,monk_2,169,11,0.1,0.47869822485207103,64,1,5.425000563263893e-05,0.001,optimal,9,1,11,0.47869822485207103,0.47869822485207103,0.478698,True,ok
v45_anytime_10ms,monk_2,169,11,0.05,0.428698224852071,64,1,8.662499021738768e-05,0.001,optimal,39,14,11,0.428698224852071,0.428698224852071,0.428698,True,ok
v45_anytime_10ms,monk_2,169,11,0.02,0.35893491124260357,37,7,0.0009847090113908052,0.002,optimal,568,454,11,0.35893491124260357,0.35893491124260357,0.3589349112426035,True,ok
v45_anytime_10ms,monk_2,169,11,0.01,0.2650887573964497,11,20,0.0034924159990623593,0.004,optimal,1906,1647,11,0.2650887573964497,0.2650887573964497,0.2650887573964497,True,ok
v45_anytime_10ms,monk_2,169,11,0.005,0.15275147928994084,3,27,0.006311250035651028,0.007,optimal,3270,2724,11,0.15275147928994082,0.15275147928994082,0.152751,True,ok
v45_anytime_10ms,tic-tac-toe,958,9,0.1,0.4465553235908142,332,1,6.65830448269844e-05,0.011,optimal,7,1,27,0.4465553235908142,0.4465553235908142,0.446555,True,ok
v45_anytime_10ms,tic-tac-toe,958,9,0.05,0.3965553235908142,332,1,0.000480000046081841,0.011,optimal,69,38,27,0.39655532359081413,0.39655532359081413,0.396555,True,ok
v45_anytime_10ms,tic-tac-toe,958,9,0.02,0.3406263048016701,288,2,0.01048175001051277,0.021,time,2203,1438,27,0.04,0.3406263048016701,0.3183298538622129,True,worse_than_known
v45_anytime_10ms,tic-tac-toe,958,9,0.01,0.25427974947807935,52,20,0.010168082895688713,0.021,time,2458,1541,27,0.02,0.2542797494780793,0.2507515657620042,True,worse_than_known
v45_anytime_10ms,tic-tac-toe,958,9,0.005,0.15592901878914406,44,22,0.010463249986059964,0.021,time,2775,1759,27,0.01,0.15592901878914403,0.1542797494780793,True,worse_than_known
v45_anytime_10ms,gaussian_1k,1000,1,0.1,0.397,297,1,0.00037841603625565767,0.034,optimal,1,0,999,0.397,0.397,0.397,True,ok
v45_anytime_10ms,gaussian_1k,1000,1,0.05,0.275,125,3,0.00044895894825458527,0.034,optimal,5,0,999,0.275,0.275,0.275,True,ok
v45_anytime_10ms,gaussian_1k,1000,1,0.02,0.185,125,3,0.0005170420045033097,0.033,optimal,5,0,999,0.18499999999999997,0.18499999999999997,0.185,True,ok
v45_anytime_10ms,gaussian_1k,1000,1,0.01,0.155,125,3,0.0005296249873936176,0.033,optimal,5,0,999,0.155,0.155,0.155,True,ok
v45_anytime_10ms,gaussian_1k,1000,1,0.005,0.14,125,3,0.0005110000493004918,0.033,optimal,5,0,999,0.14,0.14,0.14,True,ok
v45_anytime_10ms,fico_1k,1000,23,0.1,0.491,291,2,0.010143458028323948,0.029,time,814,503,1357,0.225,0.49100000000000005,0.491,True,ok
v45_anytime_10ms,fico_1k,1000,23,0.05,0.391,291,2,0.010263292002491653,0.029,time,580,337,1357,0.125,0.391,0.391,False,ok
v45_anytime_10ms,fico_1k,1000,23,0.02,0.33099999999999996,291,2,0.010490333079360425,0.029,time,428,249,1357,0.065,0.33099999999999996,0.331,False,ok
v45_anytime_10ms,fico_1k,1000,23,0.01,0.311,291,2,0.010314584011211991,0.029,time,438,239,1357,0.045,0.311,0.304,False,worse_than_known
v45_anytime_10ms,fico_1k,1000,23,0.005,0.301,291,2,0.010216624941676855,0.028,time,192,98,1357,0.035,0.301,0.284,False,worse_than_known
v45_anytime_10ms,sine_1k,1000,1,0.1,0.595,495,1,0.0003554999129846692,0.033,optimal,1,0,999,0.595,0.595,0.595,True,ok
v45_anytime_10ms,sine_1k,1000,1,0.05,0.545,495,1,0.0004574171034619212,0.033,optimal,1,0,999,0.545,0.545,0.545,True,ok
v45_anytime_10ms,sine_1k,1000,1,0.02,0.494,454,2,0.000506000011228025,0.034,optimal,3,0,999,0.494,0.494,0.494,True,ok
v45_anytime_10ms,sine_1k,1000,1,0.01,0.42900000000000005,169,26,0.0005931250052526593,0.033,optimal,51,0,999,0.42900000000000016,0.42900000000000016,0.429,True,ok
v45_anytime_10ms,sine_1k,1000,1,0.005,0.269,109,32,0.0006257499335333705,0.033,optimal,63,0,999,0.26900000000000013,0.26900000000000013,0.269,True,ok
v45_anytime_10ms,car_evaluation,1728,15,0.1,0.3997685185185186,518,1,4.849990364164114e-05,0.003,optimal,3,1,15,0.39976851851851847,0.39976851851851847,0.3997685185185186,True,ok
v45_anytime_10ms,car_evaluation,1728,15,0.05,0.29467592592592595,250,3,0.00013270799536257982,0.003,optimal,26,10,15,0.29467592592592595,0.29467592592592595,0.2946759259259259,True,ok
v45_anytime_10ms,car_evaluation,1728,15,0.02,0.20467592592592593,250,3,0.001074249972589314,0.004,optimal,561,387,15,0.20467592592592593,0.20467592592592593,0.2046759259259259,True,ok
v45_anytime_10ms,car_evaluation,1728,15,0.01,0.1452314814814815,130,7,0.004830416990444064,0.007,optimal,2234,1767,15,0.14523148148148152,0.14523148148148152,0.145231,True,ok
v45_anytime_10ms,car_evaluation,1728,15,0.005,0.1063425925925926,106,9,0.010113834054209292,0.013,time,3988,3929,15,0.01,0.1063425925925926,0.1063425925925926,True,ok
v45_anytime_10ms,coupon_bar,1913,14,0.1,0.5119184526921067,788,1,2.9290909878909588e-05,0.003,optimal,3,1,14,0.5119184526921067,0.5119184526921067,0.511918,True,ok
v45_anytime_10ms,coupon_bar,1913,14,0.05,0.4538944066910612,677,2,6.862496957182884e-05,0.003,optimal,28,15,14,0.4538944066910611,0.4538944066910611,0.453894,True,ok
v45_anytime_10ms,coupon_bar,1913,14,0.02,0.37155253528489285,596,3,0.0003412079531699419,0.003,optimal,193,119,14,0.3715525352848928,0.3715525352848928,0.3715525352848928,True,ok
v45_anytime_10ms,coupon_bar,1913,14,0.01,0.3410977522216414,576,4,0.001954958075657487,0.005,optimal,947,796,14,0.3410977522216414,0.3410977522216414,0.3410977522216414,True,ok
v45_anytime_10ms,coupon_bar,1913,14,0.005,0.3186199686356508,533,8,0.010356166982091963,0.013,time,3709,4202,14,0.26771040250914796,0.3186199686356508,0.3186199686356508,True,ok
v45_anytime_10ms,compas_binned,6907,12,0.1,0.5610829593166353,2494,2,4.0499959141016006e-05,0.007,optimal,3,1,12,0.5610829593166353,0.5610829593166353,0.5610829593166353,True,ok
v45_anytime_10ms,compas_binned,6907,12,0.05,0.46108295931663534,2494,2,3.724999260157347e-05,0.007,optimal,3,1,12,0.46108295931663523,0.46108295931663523,0.4610829593166353,True,ok
v45_anytime_10ms,compas_binned,6907,12,0.02,0.4010829593166353,2494,2,9.308301378041506e-05,0.007,optimal,25,12,12,0.4010829593166353,0.4010829593166353,0.4010829593166353,True,ok
v45_anytime_10ms,compas_binned,6907,12,0.01,0.37486752569856663,2382,3,0.00027829199098050594,0.007,optimal,114,63,12,0.3748675256985667,0.3748675256985667,0.3748675256985666,True,ok
v45_anytime_10ms,compas_binned,6907,12,0.005,0.355968582597365,2286,5,0.0007317920681089163,0.007,optimal,289,188,12,0.35596858259736497,0.35596858259736497,0.355968582597365,True,ok
v45_anytime_10ms,fico_binary,10459,17,0.1,0.5040443637058992,3180,2,5.1292008720338345e-05,0.014,optimal,5,1,17,0.5040443637058992,0.5040443637058992,0.504044,True,ok
v45_anytime_10ms,fico_binary,10459,17,0.05,0.40404436370589925,3180,2,0.00012866698671132326,0.014,optimal,26,13,17,0.40404436370589925,0.40404436370589925,0.404044,True,ok
v45_anytime_10ms,fico_binary,10459,17,0.02,0.3440443637058992,3180,2,0.0008106669411063194,0.015,optimal,283,167,17,0.3440443637058992,0.3440443637058992,0.344044,True,ok
v45_anytime_10ms,fico_binary,10459,17,0.01,0.32404436370589923,3180,2,0.010206916951574385,0.024,time,2680,2010,17,0.23407400325078878,0.32404436370589923,0.324044,True,ok
v45_anytime_10ms,fico_binary,10459,17,0.005,0.308650922650349,3019,4,0.010091333999298513,0.024,time,3411,2340,17,0.2240740032507888,0.308650922650349,0.308650922650349,True,ok
v45_anytime_10ms,compas_processed,12381,22,0.1,0.411364187060819,3855,1,0.0004455000162124634,0.241,optimal,29,13,621,0.411364187060819,0.411364187060819,0.411364,True,ok
v45_anytime_10ms,compas_processed,12381,22,0.05,0.36136418706081896,3855,1,0.010441749938763678,0.256,time,914,559,621,0.16857281318148776,0.36136418706081896,0.361364,True,ok
v45_anytime_10ms,compas_processed,12381,22,0.02,0.32786043130603343,3564,2,0.010283916955813766,0.256,time,521,328,621,0.10857281318148776,0.32786043130603343,0.32786,False,ok
v45_anytime_10ms,compas_processed,12381,22,0.01,0.30786043130603347,3564,2,0.010020665940828621,0.261,time,459,227,621,0.08857281318148777,0.30786043130603347,0.30786,False,ok
v45_anytime_10ms,compas_processed,12381,22,0.005,0.29786043130603346,3564,2,0.010366917005740106,0.253,time,411,194,621,0.07857281318148776,0.29786043130603346,0.29786,False,ok
v45_anytime_20ms,chudi,77,2,0.1,0.464935064935065,5,4,0.00027941702865064144,17.336,optimal,25,12,46,0.464935064935065,0.464935064935065,0.464935,True,ok
v45_anytime_20ms,chudi,77,2,0.05,0.25,0,5,0.00040179200004786253,0.001,optimal,53,25,46,0.25,0.25,0.25,True,ok
v45_anytime_20ms,chudi,77,2,0.02,0.1,0,5,0.0004373330157250166,0.001,optimal,59,27,46,0.1,0.1,0.1,True,ok
v45_anytime_20ms,chudi,77,2,0.01,0.05,0,5,0.0005110420752316713,0.001,optimal,65,30,46,0.05,0.05,0.05,True,ok
v45_anytime_20ms,chudi,77,2,0.005,0.025,0,5,0.0004778750007972121,0.001,optimal,65,30,46,0.025,0.025,0.025,True,ok
v45_anytime_20ms,monk_3,122,11,0.1,0.5213114754098361,27,3,6.237498018890619e-05,0.001,optimal,8,3,11,0.521311475409836,0.521311475409836,0.521311,True,ok
v45_anytime_20ms,monk_3,122,11,0.05,0.3713114754098361,27,3,9.13750845938921e-05,0.001,optimal,38,15,11,0.37131147540983606,0.37131147540983606,0.371311,True,ok
v45_anytime_20ms,monk_3,122,11,0.02,0.24295081967213114,15,6,0.0002919160760939121,0.001,optimal,140,91,11,0.24295081967213117,0.24295081967213117,0.2429508196721311,True,ok
v45_anytime_20ms,monk_3,122,11,0.01,0.15557377049180326,8,9,0.0006957909790799022,0.002,optimal,391,283,11,0.15557377049180326,0.15557377049180326,0.1555737704918032,True,ok
v45_anytime_20ms,monk_3,122,11,0.005,0.09459016393442624,3,14,0.0020126670133322477,0.003,optimal,1227,888,11,0.09459016393442624,0.09459016393442624,0.09459,True,ok
v45_anytime_20ms,monk_1,124,11,0.1,0.4661290322580645,33,2,4.795799031853676e-05,0.001,optimal,7,2,11,0.46612903225806446,0.46612903225806446,0.466129,True,ok
v45_anytime_20ms,monk_1,124,11,0.05,0.33870967741935487,11,5,0.00012012501247227192,0.001,optimal,44,24,11,0.3387096774193548,0.3387096774193548,0.3387096774193548,True,ok
v45_anytime_20ms,monk_1,124,11,0.02,0.16,0,8,0.00022066698875278234,0.001,optimal,100,47,11,0.16,0.16,0.16,True,ok
v45_anytime_20ms,monk_1,124,11,0.01,0.08,0,8,0.00021758303046226501,0.001,optimal,106,48,11,0.08,0.08,0.08,True,ok
v45_anytime_20ms,monk_1,124,11,0.005,0.04,0,8,0.0002138749696314335,0.001,optimal,106,48,11,0.04,0.04,0.04,True,ok
v45_anytime_20ms,iris,150,4,0.1,0.34,6,3,0.00015774997882544994,0.001,optimal,5,1,118,0.34,0.34,0.34,True,ok
v45_anytime_20ms,iris,150,4,0.05,0.19000000000000003,6,3,0.00019537494517862797,0.001,optimal,9,1,118,0.19,0.19,0.19,True,ok
v45_anytime_20ms,iris,150,4,0.02,0.1,6,3,0.004715041955932975,0.006,optimal,122,79,118,0.1,0.1,0.1,True,ok
v45_anytime_20ms,iris,150,4,0.01,0.06,3,4,0.009375250083394349,0.011,optimal,110,373,118,0.060000000000000005,0.060000000000000005,0.06,True,ok
v45_anytime_20ms,iris,150,4,0.005,0.03833333333333334,2,5,0.02038545801769942,0.022,time,555,409,118,0.01,0.03833333333333333,0.038333,True,ok
v45_anytime_20ms,monk_2,169,11,0.1,0.47869822485207103,64,1,4.666706081479788e-05,0.001,optimal,9,1,11,0.47869822485207103,0.47869822485207103,0.478698,True,ok
v45_anytime_20ms,monk_2,169,11,0.05,0.428698224852071,64,1,9.004096500575542e-05,0.001,optimal,39,14,11,0.428698224852071,0.428698224852071,0.428698,True,ok
v45_anytime_20ms,monk_2,169,11,0.02,0.35893491124260357,37,7,0.0010487909894436598,0.002,optimal,576,457,11,0.35893491124260357,0.35893491124260357,0.3589349112426035,True,ok
v45_anytime_20ms,monk_2,169,11,0.01,0.2650887573964497,11,20,0.003567083040252328,0.005,optimal,1882,1598,11,0.2650887573964497,0.2650887573964497,0.2650887573964497,True,ok
v45_anytime_20ms,monk_2,169,11,0.005,0.15275147928994084,3,27,0.007271167007274926,0.008,optimal,2155,3426,11,0.15275147928994082,0.15275147928994082,0.152751,True,ok
v45_anytime_20ms,tic-tac-toe,958,9,0.1,0.4465553235908142,332,1,6.129196844995022e-05,0.011,optimal,7,1,27,0.4465553235908142,0.4465553235908142,0.446555,True,ok
v45_anytime_20ms,tic-tac-toe,958,9,0.05,0.3965553235908142,332,1,0.0004852908896282315,0.011,optimal,69,38,27,0.39655532359081413,0.39655532359081413,0.396555,True,ok
v45_anytime_20ms,tic-tac-toe,958,9,0.02,0.3183298538622129,190,6,0.014561958028934896,0.026,optimal,706,6149,27,0.3183298538622129,0.3183298538622129,0.3183298538622129,True,ok
v45_anytime_20ms,tic-tac-toe,958,9,0.01,0.25427974947807935,52,20,0.020330208004452288,0.031,time,4850,3008,27,0.02,0.2542797494780793,0.2507515657620042,True,worse_than_known
v45_anytime_20ms,tic-tac-toe,958,9,0.005,0.15427974947807935,52,20,0.02034754096530378,0.032,time,4876,3201,27,0.01,0.15427974947807932,0.1542797494780793,True,ok
v45_anytime_20ms,gaussian_1k,1000,1,0.1,0.397,297,1,0.00038374995347112417,0.036,optimal,1,0,999,0.397,0.397,0.397,True,ok
v45_anytime_20ms,gaussian_1k,1000,1,0.05,0.275,125,3,0.0004457499599084258,0.034,optimal,5,0,999,0.275,0.275,0.275,True,ok
v45_anytime_20ms,gaussian_1k,1000,1,0.02,0.185,125,3,0.0004974580369889736,0.033,optimal,5,0,999,0.18499999999999997,0.18499999999999997,0.185,True,ok
v45_anytime_20ms,gaussian_1k,1000,1,0.01,0.155,125,3,0.0005026670405641198,0.033,optimal,5,0,999,0.155,0.155,0.155,True,ok
v45_anytime_20ms,gaussian_1k,1000,1,0.005,0.14,125,3,0.0005144169554114342,0.033,optimal,5,0,999,0.14,0.14,0.14,True,ok
v45_anytime_20ms,fico_1k,1000,23,0.1,0.491,291,2,0.020173625089228153,0.039,time,344,3044,1357,0.225,0.49100000000000005,0.491,True,ok
v45_anytime_20ms,fico_1k,1000,23,0.05,0.391,291,2,0.021182458964176476,0.042,time,191,3825,1357,0.125,0.391,0.391,False,ok
v45_anytime_20ms,fico_1k,1000,23,0.02,0.33099999999999996,291,2,0.021061083069071174,0.042,time,49,2836,1357,0.065,0.33099999999999996,0.331,False,ok
v45_anytime_20ms,fico_1k,1000,23,0.01,0.311,291,2,0.02213745901826769,0.044,time,15,2736,1357,0.045,0.311,0.304,False,worse_than_known
v45_anytime_20ms,fico_1k,1000,23,0.005,0.301,291,2,0.020664666080847383,0.042,time,386,171,1357,0.035,0.301,0.284,False,worse_than_known
v45_anytime_20ms,sine_1k,1000,1,0.1,0.595,495,1,0.0003979169996455312,0.037,optimal,1,0,999,0.595,0.595,0.595,True,ok
v45_anytime_20ms,sine_1k,1000,1,0.05,0.545,495,1,0.0004925830289721489,0.057,optimal,1,0,999,0.545,0.545,0.545,True,ok
v45_anytime_20ms,sine_1k,1000,1,0.02,0.494,454,2,0.0005658749723806977,0.038,optimal,3,0,999,0.494,0.494,0.494,True,ok
v45_anytime_20ms,sine_1k,1000,1,0.01,0.42900000000000005,169,26,0.0006763749988749623,0.037,optimal,51,0,999,0.42900000000000016,0.42900000000000016,0.429,True,ok
v45_anytime_20ms,sine_1k,1000,1,0.005,0.269,109,32,0.000743374926969409,0.038,optimal,63,0,999,0.26900000000000013,0.26900000000000013,0.269,True,ok
v45_anytime_20ms,car_evaluation,1728,15,0.1,0.3997685185185186,518,1,5.904096178710461e-05,0.003,optimal,3,1,15,0.39976851851851847,0.39976851851851847,0.3997685185185186,True,ok
v45_anytime_20ms,car_evaluation,1728,15,0.05,0.29467592592592595,250,3,0.00015595799777656794,0.003,optimal,26,10,15,0.29467592592592595,0.29467592592592595,0.2946759259259259,True,ok
v45_anytime_20ms,car_evaluation,1728,15,0.02,0.20467592592592593,250,3,0.001187667017802596,0.004,optimal,562,384,15,0.20467592592592593,0.20467592592592593,0.2046759259259259,True,ok
v45_anytime_20ms,car_evaluation,1728,15,0.01,0.1452314814814815,130,7,0.006043541943654418,0.009,optimal,1701,1846,15,0.14523148148148152,0.14523148148148152,0.145231,True,ok
v45_anytime_20ms,car_evaluation,1728,15,0.005,0.1063425925925926,106,9,0.02036358299665153,0.023,time,7195,7123,15,0.01,0.1063425925925926,0.1063425925925926,True,ok
v45_anytime_20ms,coupon_bar,1913,14,0.1,0.5119184526921067,788,1,3.912497777491808e-05,0.003,optimal,3,1,14,0.5119184526921067,0.5119184526921067,0.511918,True,ok
v45_anytime_20ms,coupon_bar,1913,14,0.05,0.4538944066910612,677,2,8.366699330508709e-05,0.003,optimal,28,15,14,0.4538944066910611,0.4538944066910611,0.453894,True,ok
v45_anytime_20ms,coupon_bar,1913,14,0.02,0.37155253528489285,596,3,0.00036708300467580557,0.003,optimal,193,119,14,0.3715525352848928,0.3715525352848928,0.3715525352848928,True,ok
v45_anytime_20ms,coupon_bar,1913,14,0.01,0.3410977522216414,576,4,0.0022531249560415745,0.005,optimal,977,810,14,0.3410977522216414,0.3410977522216414,0.3410977522216414,True,ok
v45_anytime_20ms,coupon_bar,1913,14,0.005,0.3186199686356508,533,8,0.012184082996100187,0.015,optimal,1400,7608,14,0.3186199686356508,0.3186199686356508,0.3186199686356508,True,ok
v45_anytime_20ms,compas_binned,6907,12,0.1,0.5610829593166353,2494,2,5.0625065341591835e-05,0.007,optimal,3,1,12,0.5610829593166353,0.5610829593166353,0.5610829593166353,True,ok
v45_anytime_20ms,compas_binned,6907,12,0.05,0.46108295931663534,2494,2,5.049991887062788e-05,0.007,optimal,3,1,12,0.46108295931663523,0.46108295931663523,0.4610829593166353,True,ok
v45_anytime_20ms,compas_binned,6907,12,0.02,0.4010829593166353,2494,2,0.00011583406012505293,0.007,optimal,25,12,12,0.4010829593166353,0.4010829593166353,0.4010829593166353,True,ok
v45_anytime_20ms,compas_binned,6907,12,0.01,0.37486752569856663,2382,3,0.00031070795375853777,0.008,optimal,114,63,12,0.3748675256985667,0.3748675256985667,0.3748675256985666,True,ok
v45_anytime_20ms,compas_binned,6907,12,0.005,0.355968582597365,2286,5,0.0007571660680696368,0.008,optimal,289,187,12,0.35596858259736497,0.35596858259736497,0.355968582597365,True,ok
v45_anytime_20ms,fico_binary,10459,17,0.1,0.5040443637058992,3180,2,7.30000901967287e-05,0.015,optimal,5,1,17,0.5040443637058992,0.5040443637058992,0.504044,True,ok
v45_anytime_20ms,fico_binary,10459,17,0.05,0.40404436370589925,3180,2,0.00014450005255639553,0.015,optimal,26,13,17,0.40404436370589925,0.40404436370589925,0.404044,True,ok
v45_anytime_20ms,fico_binary,10459,17,0.02,0.3440443637058992,3180,2,0.0008780419593676925,0.016,optimal,283,168,17,0.3440443637058992,0.3440443637058992,0.344044,True,ok
v45_anytime_20ms,fico_binary,10459,17,0.01,0.32404436370589923,3180,2,0.02012195799034089,0.035,time,1164,8262,17,0.23407400325078878,0.32404436370589923,0.324044,True,ok
v45_anytime_20ms,fico_binary,10459,17,0.005,0.308650922650349,3019,4,0.02048570802435279,0.035,time,5472,4117,17,0.2240740032507888,0.308650922650349,0.308650922650349,True,ok
v45_anytime_20ms,compas_processed,12381,22,0.1,0.411364187060819,3855,1,0.0004440000047907233,0.251,optimal,29,13,621,0.411364187060819,0.411364187060819,0.411364,True,ok
v45_anytime_20ms,compas_processed,12381,22,0.05,0.36136418706081896,3855,1,0.020991291967220604,0.27,time,262,4014,621,0.16857281318148776,0.36136418706081896,0.361364,True,ok
v45_anytime_20ms,compas_processed,12381,22,0.02,0.32786043130603343,3564,2,0.021439958014525473,0.283,time,237,2890,621,0.10857281318148776,0.32786043130603343,0.32786,False,ok
v45_anytime_20ms,compas_processed,12381,22,0.01,0.30786043130603347,3564,2,0.02198020799551159,0.272,time,77,2636,621,0.08857281318148777,0.30786043130603347,0.30786,False,ok
v45_anytime_20ms,compas_processed,12381,22,0.005,0.29786043130603346,3564,2,0.022009874926880002,0.286,time,77,2236,621,0.07857281318148776,0.29786043130603346,0.29786,False,ok
v45_anytime_50ms,chudi,77,2,0.1,0.464935064935065,5,4,0.00028779194690287113,17.176,optimal,25,12,46,0.464935064935065,0.464935064935065,0.464935,True,ok
v45_anytime_50ms,chudi,77,2,0.05,0.25,0,5,0.00040666700806468725,0.001,optimal,53,25,46,0.25,0.25,0.25,True,ok
v45_anytime_50ms,chudi,77,2,0.02,0.1,0,5,0.0004437920870259404,0.001,optimal,59,27,46,0.1,0.1,0.1,True,ok
v45_anytime_50ms,chudi,77,2,0.01,0.05,0,5,0.0004760000156238675,0.001,optimal,65,30,46,0.05,0.05,0.05,True,ok
v45_anytime_50ms,chudi,77,2,0.005,0.025,0,5,0.00047220801934599876,0.001,optimal,65,30,46,0.025,0.025,0.025,True,ok
v45_anytime_50ms,monk_3,122,11,0.1,0.5213114754098361,27,3,6.079196464270353e-05,0.001,optimal,8,3,11,0.521311475409836,0.521311475409836,0.521311,True,ok
v45_anytime_50ms,monk_3,122,11,0.05,0.3713114754098361,27,3,9.099999442696571e-05,0.001,optimal,38,15,11,0.37131147540983606,0.37131147540983606,0.371311,True,ok
v45_anytime_50ms,monk_3,122,11,0.02,0.24295081967213114,15,6,0.00029574998188763857,0.001,optimal,140,91,11,0.24295081967213117,0.24295081967213117,0.2429508196721311,True,ok
v45_anytime_50ms,monk_3,122,11,0.01,0.15557377049180326,8,9,0.000745333032682538,0.002,optimal,391,283,11,0.15557377049180326,0.15557377049180326,0.1555737704918032,True,ok
v45_anytime_50ms,monk_3,122,11,0.005,0.09459016393442624,3,14,0.002000708016566932,0.003,optimal,1224,880,11,0.09459016393442624,0.09459016393442624,0.09459,True,ok
v45_anytime_50ms,monk_1,124,11,0.1,0.4661290322580645,33,2,4.779198206961155e-05,0.001,optimal,7,2,11,0.46612903225806446,0.46612903225806446,0.466129,True,ok
v45_anytime_50ms,monk_1,124,11,0.05,0.33870967741935487,11,5,0.00012029195204377174,0.001,optimal,44,24,11,0.3387096774193548,0.3387096774193548,0.3387096774193548,True,ok
v45_anytime_50ms,monk_1,124,11,0.02,0.16,0,8,0.0002514160005375743,0.001,optimal,100,47,11,0.16,0.16,0.16,True,ok
v45_anytime_50ms,monk_1,124,11,0.01,0.08,0,8,0.0002400000812485814,0.001,optimal,106,48,11,0.08,0.08,0.08,True,ok
v45_anytime_50ms,monk_1,124,11,0.005,0.04,0,8,0.00022112508304417133,0.001,optimal,106,48,11,0.04,0.04,0.04,True,ok
v45_anytime_50ms,iris,150,4,0.1,0.34,6,3,0.0001591250766068697,0.001,optimal,5,1,118,0.34,0.34,0.34,True,ok
v45_anytime_50ms,iris,150,4,0.05,0.19000000000000003,6,3,0.00019679206889122725,0.001,optimal,9,1,118,0.19,0.19,0.19,True,ok
v45_anytime_50ms,iris,150,4,0.02,0.1,6,3,0.004727834020741284,0.006,optimal,122,76,118,0.1,0.1,0.1,True,ok
v45_anytime_50ms,iris,150,4,0.01,0.06,3,4,0.00990291591733694,0.011,optimal,124,372,118,0.060000000000000005,0.060000000000000005,0.06,True,ok
v45_anytime_50ms,iris,150,4,0.005,0.03833333333333334,2,5,0.040059750084765255,0.041,optimal,522,2127,118,0.03833333333333333,0.03833333333333333,0.038333,True,ok
v45_anytime_50ms,monk_2,169,11,0.1,0.47869822485207103,64,1,4.604097921401262e-05,0.001,optimal,9,1,11,0.47869822485207103,0.47869822485207103,0.478698,True,ok
v45_anytime_50ms,monk_2,169,11,0.05,0.428698224852071,64,1,9.283400140702724e-05,0.001,optimal,39,14,11,0.428698224852071,0.428698224852071,0.428698,True,ok
v45_anytime_50ms,monk_2,169,11,0.02,0.35893491124260357,37,7,0.00106412498280406,0.002,optimal,564,445,11,0.35893491124260357,0.35893491124260357,0.3589349112426035,True,ok
v45_anytime_50ms,monk_2,169,11,0.01,0.2650887573964497,11,20,0.0036551249213516712,0.005,optimal,1875,1575,11,0.2650887573964497,0.2650887573964497,0.2650887573964497,True,ok
v45_anytime_50ms,monk_2,169,11,0.005,0.15275147928994084,3,27,0.006957000005058944,0.008,optimal,1859,3349,11,0.15275147928994082,0.15275147928994082,0.152751,True,ok
v45_anytime_50ms,tic-tac-toe,958,9,0.1,0.4465553235908142,332,1,6.266601849347353e-05,0.011,optimal,7,1,27,0.4465553235908142,0.4465553235908142,0.446555,True,ok
v45_anytime_50ms,tic-tac-toe,958,9,0.05,0.3965553235908142,332,1,0.00048741709906607866,0.012,optimal,69,38,27,0.39655532359081413,0.39655532359081413,0.396555,True,ok
v45_anytime_50ms,tic-tac-toe,958,9,0.02,0.3183298538622129,190,6,0.014991624979302287,0.026,optimal,747,6187,27,0.3183298538622129,0.3183298538622129,0.3183298538622129,True,ok
v45_anytime_50ms,tic-tac-toe,958,9,0.01,0.25427974947807935,52,20,0.05351541598793119,0.065,time,3126,26894,27,0.02,0.2542797494780793,0.2507515657620042,True,worse_than_known
v45_anytime_50ms,tic-tac-toe,958,9,0.005,0.15427974947807935,52,20,0.05233137495815754,0.064,time,4917,24295,27,0.01,0.15427974947807932,0.1542797494780793,True,ok
v45_anytime_50ms,gaussian_1k,1000,1,0.1,0.397,297,1,0.0003862919984385371,0.037,optimal,1,0,999,0.397,0.397,0.397,True,ok
v45_anytime_50ms,gaussian_1k,1000,1,0.05,0.275,125,3,0.0004681670106947422,0.037,optimal,5,0,999,0.275,0.275,0.275,True,ok
v45_anytime_50ms,gaussian_1k,1000,1,0.02,0.185,125,3,0.0005268749082461,0.036,optimal,5,0,999,0.18499999999999997,0.18499999999999997,0.185,True,ok
v45_anytime_50ms,gaussian_1k,1000,1,0.01,0.155,125,3,0.0005529159680008888,0.037,optimal,5,0,999,0.155,0.155,0.155,True,ok
v45_anytime_50ms,gaussian_1k,1000,1,0.005,0.14,125,3,0.000553417019546032,0.036,optimal,5,0,999,0.14,0.14,0.14,True,ok
v45_anytime_50ms,fico_1k,1000,23,0.1,0.491,291,2,0.021656374912708998,0.042,optimal,307,3141,1357,0.49100000000000005,0.49100000000000005,0.491,True,ok
v45_anytime_50ms,fico_1k,1000,23,0.05,0.391,291,2,0.05233950004912913,0.074,time,238,10956,1357,0.125,0.391,0.391,False,ok
v45_anytime_50ms,fico_1k,1000,23,0.02,0.33099999999999996,291,2,0.05225220893044025,0.074,time,47,6515,1357,0.065,0.33099999999999996,0.331,False,ok
v45_anytime_50ms,fico_1k,1000,23,0.01,0.311,291,2,0.0524702079128474,0.074,time,15,6543,1357,0.045,0.311,0.304,False,worse_than_known
v45_anytime_50ms,fico_1k,1000,23,0.005,0.301,291,2,0.05263666692189872,0.074,time,17,5833,1357,0.035,0.301,0.284,False,worse_than_known
v45_anytime_50ms,sine_1k,1000,1,0.1,0.595,495,1,0.00040808296762406826,0.038,optimal,1,0,999,0.595,0.595,0.595,True,ok
v45_anytime_50ms,sine_1k,1000,1,0.05,0.545,495,1,0.0004968750290572643,0.038,optimal,1,0,999,0.545,0.545,0.545,True,ok
v45_anytime_50ms,sine_1k,1000,1,0.02,0.494,454,2,0.0005557909607887268,0.037,optimal,3,0,999,0.494,0.494,0.494,True,ok
v45_anytime_50ms,sine_1k,1000,1,0.01,0.42900000000000005,169,26,0.0006707499269396067,0.038,optimal,51,0,999,0.42900000000000016,0.42900000000000016,0.429,True,ok
v45_anytime_50ms,sine_1k,1000,1,0.005,0.269,109,32,0.0006914580008015037,0.038,optimal,63,0,999,0.26900000000000013,0.26900000000000013,0.269,True,ok
v45_anytime_50ms,car_evaluation,1728,15,0.1,0.3997685185185186,518,1,4.958396311849356e-05,0.003,optimal,3,1,15,0.39976851851851847,0.39976851851851847,0.3997685185185186,True,ok
v45_anytime_50ms,car_evaluation,1728,15,0.05,0.29467592592592595,250,3,0.00015524995978921652,0.003,optimal,26,10,15,0.29467592592592595,0.29467592592592595,0.2946759259259259,True,ok
v45_anytime_50ms,car_evaluation,1728,15,0.02,0.20467592592592593,250,3,0.001170499948784709,0.004,optimal,561,382,15,0.20467592592592593,0.20467592592592593,0.2046759259259259,True,ok
v45_anytime_50ms,car_evaluation,1728,15,0.01,0.1452314814814815,130,7,0.00543379201553762,0.008,optimal,1485,1891,15,0.14523148148148152,0.14523148148148152,0.145231,True,ok
v45_anytime_50ms,car_evaluation,1728,15,0.005,0.1063425925925926,106,9,0.019161749980412424,0.022,optimal,4396,8770,15,0.1063425925925926,0.1063425925925926,0.1063425925925926,True,ok
v45_anytime_50ms,coupon_bar,1913,14,0.1,0.5119184526921067,788,1,3.258301876485348e-05,0.003,optimal,3,1,14,0.5119184526921067,0.5119184526921067,0.511918,True,ok
v45_anytime_50ms,coupon_bar,1913,14,0.05,0.4538944066910612,677,2,7.712503429502249e-05,0.003,optimal,28,15,14,0.4538944066910611,0.4538944066910611,0.453894,True,ok
v45_anytime_50ms,coupon_bar,1913,14,0.02,0.37155253528489285,596,3,0.00037299992982298136,0.003,optimal,193,119,14,0.3715525352848928,0.3715525352848928,0.3715525352848928,True,ok
v45_anytime_50ms,coupon_bar,1913,14,0.01,0.3410977522216414,576,4,0.0021534160478040576,0.005,optimal,974,792,14,0.3410977522216414,0.3410977522216414,0.3410977522216414,True,ok
v45_anytime_50ms,coupon_bar,1913,14,0.005,0.3186199686356508,533,8,0.012743541970849037,0.016,optimal,1351,7501,14,0.3186199686356508,0.3186199686356508,0.3186199686356508,True,ok
v45_anytime_50ms,compas_binned,6907,12,0.1,0.5610829593166353,2494,2,4.924996756017208e-05,0.007,optimal,3,1,12,0.5610829593166353,0.5610829593166353,0.5610829593166353,True,ok
v45_anytime_50ms,compas_binned,6907,12,0.05,0.46108295931663534,2494,2,4.349998198449612e-05,0.007,optimal,3,1,12,0.46108295931663523,0.46108295931663523,0.4610829593166353,True,ok
v45_anytime_50ms,compas_binned,6907,12,0.02,0.4010829593166353,2494,2,0.0001051250146701932,0.008,optimal,25,12,12,0.4010829593166353,0.4010829593166353,0.4010829593166353,True,ok
v45_anytime_50ms,compas_binned,6907,12,0.01,0.37486752569856663,2382,3,0.0003237080527469516,0.008,optimal,114,63,12,0.3748675256985667,0.3748675256985667,0.3748675256985666,True,ok
v45_anytime_50ms,compas_binned,6907,12,0.005,0.355968582597365,2286,5,0.000764083000831306,0.008,optimal,289,187,12,0.35596858259736497,0.35596858259736497,0.355968582597365,True,ok
v45_anytime_50ms,fico_binary,10459,17,0.1,0.5040443637058992,3180,2,6.845791358500719e-05,0.015,optimal,5,1,17,0.5040443637058992,0.5040443637058992,0.504044,True,ok
v45_anytime_50ms,fico_binary,10459,17,0.05,0.40404436370589925,3180,2,0.00014399993233382702,0.014,optimal,26,13,17,0.40404436370589925,0.40404436370589925,0.404044,True,ok
v45_anytime_50ms,fico_binary,10459,17,0.02,0.3440443637058992,3180,2,0.0008692080155014992,0.015,optimal,283,166,17,0.3440443637058992,0.3440443637058992,0.344044,True,ok
v45_anytime_50ms,fico_binary,10459,17,0.01,0.32404436370589923,3180,2,0.02477012504823506,0.039,optimal,1124,8317,17,0.32404436370589923,0.32404436370589923,0.324044,True,ok
v45_anytime_50ms,fico_binary,10459,17,0.005,0.308650922650349,3019,4,0.053022374981082976,0.068,time,5682,22114,17,0.2240740032507888,0.308650922650349,0.308650922650349,True,ok
v45_anytime_50ms,compas_processed,12381,22,0.1,0.411364187060819,3855,1,0.00043829099740833044,0.262,optimal,29,13,621,0.411364187060819,0.411364187060819,0.411364,True,ok
v45_anytime_50ms,compas_processed,12381,22,0.05,0.36136418706081896,3855,1,0.05075329099781811,0.303,time,335,10045,621,0.16857281318148776,0.36136418706081896,0.361364,True,ok
v45_anytime_50ms,compas_processed,12381,22,0.02,0.32786043130603343,3564,2,0.05158049997407943,0.327,time,139,9326,621,0.10857281318148776,0.32786043130603343,0.32786,False,ok
v45_anytime_50ms,compas_processed,12381,22,0.01,0.30786043130603347,3564,2,0.052315541077405214,0.328,time,77,7715,621,0.08857281318148777,0.30786043130603347,0.30786,False,ok
v45_anytime_50ms,compas_processed,12381,22,0.005,0.29786043130603346,3564,2,0.0522137499647215,0.326,time,145,6144,621,0.07857281318148776,0.29786043130603346,0.29786,False,ok
v45_anytime_100ms,chudi,77,2,0.1,0.464935064935065,5,4,0.0002827499993145466,17.334,optimal,25,12,46,0.464935064935065,0.464935064935065,0.464935,True,ok
v45_anytime_100ms,chudi,77,2,0.05,0.25,0,5,0.00040679099038243294,0.001,optimal,53,25,46,0.25,0.25,0.25,True,ok
v45_anytime_100ms,chudi,77,2,0.02,0.1,0,5,0.00044241698924452066,0.001,optimal,59,27,46,0.1,0.1,0.1,True,ok
v45_anytime_100ms,chudi,77,2,0.01,0.05,0,5,0.0004907500697299838,0.001,optimal,65,30,46,0.05,0.05,0.05,True,ok
v45_anytime_100ms,chudi,77,2,0.005,0.025,0,5,0.00046633300371468067,0.001,optimal,65,30,46,0.025,0.025,0.025,True,ok
v45_anytime_100ms,monk_3,122,11,0.1,0.5213114754098361,27,3,7.083301898092031e-05,0.001,optimal,8,3,11,0.521311475409836,0.521311475409836,0.521311,True,ok
v45_anytime_100ms,monk_3,122,11,0.05,0.3713114754098361,27,3,0.00010337494313716888,0.001,optimal,38,15,11,0.37131147540983606,0.37131147540983606,0.371311,True,ok
v45_anytime_100ms,monk_3,122,11,0.02,0.24295081967213114,15,6,0.0002959169214591384,0.001,optimal,140,91,11,0.24295081967213117,0.24295081967213117,0.2429508196721311,True,ok
v45_anytime_100ms,monk_3,122,11,0.01,0.15557377049180326,8,9,0.000711292028427124,0.002,optimal,391,283,11,0.15557377049180326,0.15557377049180326,0.1555737704918032,True,ok
v45_anytime_100ms,monk_3,122,11,0.005,0.09459016393442624,3,14,0.0020110419718548656,0.003,optimal,1224,880,11,0.09459016393442624,0.09459016393442624,0.09459,True,ok
v45_anytime_100ms,monk_1,124,11,0.1,0.4661290322580645,33,2,5.312508437782526e-05,0.001,optimal,7,2,11,0.46612903225806446,0.46612903225806446,0.466129,True,ok
v45_anytime_100ms,monk_1,124,11,0.05,0.33870967741935487,11,5,0.00012758292723447084,0.001,optimal,44,24,11,0.3387096774193548,0.3387096774193548,0.3387096774193548,True,ok
v45_anytime_100ms,monk_1,124,11,0.02,0.16,0,8,0.0002247499069198966,0.001,optimal,100,47,11,0.16,0.16,0.16,True,ok
v45_anytime_100ms,monk_1,124,11,0.01,0.08,0,8,0.00022175000049173832,0.001,optimal,106,48,11,0.08,0.08,0.08,True,ok
v45_anytime_100ms,monk_1,124,11,0.005,0.04,0,8,0.0002175000263378024,0.001,optimal,106,48,11,0.04,0.04,0.04,True,ok
v45_anytime_100ms,iris,150,4,0.1,0.34,6,3,0.00015662494115531445,0.001,optimal,5,1,118,0.34,0.34,0.34,True,ok
v45_anytime_100ms,iris,150,4,0.05,0.19000000000000003,6,3,0.0002007089788094163,0.001,optimal,9,1,118,0.19,0.19,0.19,True,ok
v45_anytime_100ms,iris,150,4,0.02,0.1,6,3,0.004805833101272583,0.006,optimal,122,76,118,0.1,0.1,0.1,True,ok
v45_anytime_100ms,iris,150,4,0.01,0.06,3,4,0.009709374979138374,0.011,optimal,129,378,118,0.060000000000000005,0.060000000000000005,0.06,True,ok
v45_anytime_100ms,iris,150,4,0.005,0.03833333333333334,2,5,0.040441874996759,0.042,optimal,522,2157,118,0.03833333333333333,0.03833333333333333,0.038333,True,ok
v45_anytime_100ms,monk_2,169,11,0.1,0.47869822485207103,64,1,4.329101648181677e-05,0.001,optimal,9,1,11,0.47869822485207103,0.47869822485207103,0.478698,True,ok
v45_anytime_100ms,monk_2,169,11,0.05,0.428698224852071,64,1,9.233306627720594e-05,0.001,optimal,39,14,11,0.428698224852071,0.428698224852071,0.428698,True,ok
v45_anytime_100ms,monk_2,169,11,0.02,0.35893491124260357,37,7,0.001069542020559311,0.002,optimal,564,445,11,0.35893491124260357,0.35893491124260357,0.3589349112426035,True,ok
v45_anytime_100ms,monk_2,169,11,0.01,0.2650887573964497,11,20,0.003566875006072223,0.005,optimal,1880,1587,11,0.2650887573964497,0.2650887573964497,0.2650887573964497,True,ok
v45_anytime_100ms,monk_2,169,11,0.005,0.15275147928994084,3,27,0.006177332950755954,0.007,optimal,1848,3064,11,0.15275147928994082,0.15275147928994082,0.152751,True,ok
v45_anytime_100ms,tic-tac-toe,958,9,0.1,0.4465553235908142,332,1,7.29589955881238e-05,0.011,optimal,7,1,27,0.4465553235908142,0.4465553235908142,0.446555,True,ok
v45_anytime_100ms,tic-tac-toe,958,9,0.05,0.3965553235908142,332,1,0.0004925830289721489,0.012,optimal,69,38,27,0.39655532359081413,0.39655532359081413,0.396555,True,ok
v45_anytime_100ms,tic-tac-toe,958,9,0.02,0.3183298538622129,190,6,0.015238041989505291,0.026,optimal,782,6218,27,0.3183298538622129,0.3183298538622129,0.3183298538622129,True,ok
v45_anytime_100ms,tic-tac-toe,958,9,0.01,0.2507515657620042,154,9,0.09636645903810859,0.108,optimal,3099,56425,27,0.2507515657620042,0.2507515657620042,0.2507515657620042,True,ok
v45_anytime_100ms,tic-tac-toe,958,9,0.005,0.15427974947807935,52,20,0.10457095794845372,0.116,time,6978,60092,27,0.01,0.15427974947807932,0.1542797494780793,True,ok
v45_anytime_100ms,gaussian_1k,1000,1,0.1,0.397,297,1,0.00038012489676475525,0.036,optimal,1,0,999,0.397,0.397,0.397,True,ok
v45_anytime_100ms,gaussian_1k,1000,1,0.05,0.275,125,3,0.0004570829914882779,0.035,optimal,5,0,999,0.275,0.275,0.275,True,ok
v45_anytime_100ms,gaussian_1k,1000,1,0.02,0.185,125,3,0.00048808404244482517,0.033,optimal,5,0,999,0.18499999999999997,0.18499999999999997,0.185,True,ok
v45_anytime_100ms,gaussian_1k,1000,1,0.01,0.155,125,3,0.0004994580522179604,0.033,optimal,5,0,999,0.155,0.155,0.155,True,ok
v45_anytime_100ms,gaussian_1k,1000,1,0.005,0.14,125,3,0.0005094169173389673,0.033,optimal,5,0,999,0.14,0.14,0.14,True,ok
v45_anytime_100ms,fico_1k,1000,23,0.1,0.491,291,2,0.032089333049952984,0.051,optimal,19,2796,1357,0.49100000000000005,0.49100000000000005,0.491,True,ok
v45_anytime_100ms,fico_1k,1000,23,0.05,0.391,291,2,0.1043289169901982,0.125,time,27,23014,1357,0.125,0.391,0.391,False,ok
v45_anytime_100ms,fico_1k,1000,23,0.02,0.33099999999999996,291,2,0.10461508296430111,0.126,time,45,15207,1357,0.065,0.33099999999999996,0.331,False,ok
v45_anytime_100ms,fico_1k,1000,23,0.01,0.311,291,2,0.10500674997456372,0.127,time,15,14869,1357,0.045,0.311,0.304,False,worse_than_known
v45_anytime_100ms,fico_1k,1000,23,0.005,0.29500000000000004,275,4,0.10459541704040021,0.126,time,701,10736,1357,0.035,0.295,0.284,False,worse_than_known
v45_anytime_100ms,sine_1k,1000,1,0.1,0.595,495,1,0.0004005410009995103,0.037,optimal,1,0,999,0.595,0.595,0.595,True,ok
v45_anytime_100ms,sine_1k,1000,1,0.05,0.545,495,1,0.000493708997964859,0.037,optimal,1,0,999,0.545,0.545,0.545,True,ok
v45_anytime_100ms,sine_1k,1000,1,0.02,0.494,454,2,0.0005651250248774886,0.036,optimal,3,0,999,0.494,0.494,0.494,True,ok
v45_anytime_100ms,sine_1k,1000,1,0.01,0.42900000000000005,169,26,0.0006861670408397913,0.037,optimal,51,0,999,0.42900000000000016,0.42900000000000016,0.429,True,ok
v45_anytime_100ms,sine_1k,1000,1,0.005,0.269,109,32,0.0007180829998105764,0.037,optimal,63,0,999,0.26900000000000013,0.26900000000000013,0.269,True,ok
v45_anytime_100ms,car_evaluation,1728,15,0.1,0.3997685185185186,518,1,5.316699389368296e-05,0.003,optimal,3,1,15,0.39976851851851847,0.39976851851851847,0.3997685185185186,True,ok
v45_anytime_100ms,car_evaluation,1728,15,0.05,0.29467592592592595,250,3,0.00015287497080862522,0.003,optimal,26,10,15,0.29467592592592595,0.29467592592592595,0.2946759259259259,True,ok
v45_anytime_100ms,car_evaluation,1728,15,0.02,0.20467592592592593,250,3,0.0011855409247800708,0.004,optimal,561,382,15,0.20467592592592593,0.20467592592592593,0.2046759259259259,True,ok
v45_anytime_100ms,car_evaluation,1728,15,0.01,0.1452314814814815,130,7,0.005539707955904305,0.008,optimal,1553,1868,15,0.14523148148148152,0.14523148148148152,0.145231,True,ok
v45_anytime_100ms,car_evaluation,1728,15,0.005,0.1063425925925926,106,9,0.017545499955303967,0.021,optimal,4349,8825,15,0.1063425925925926,0.1063425925925926,0.1063425925925926,True,ok
v45_anytime_100ms,coupon_bar,1913,14,0.1,0.5119184526921067,788,1,3.683299291878939e-05,0.003,optimal,3,1,14,0.5119184526921067,0.5119184526921067,0.511918,True,ok
v45_anytime_100ms,coupon_bar,1913,14,0.05,0.4538944066910612,677,2,7.850001566112041e-05,0.003,optimal,28,15,14,0.4538944066910611,0.4538944066910611,0.453894,True,ok
v45_anytime_100ms,coupon_bar,1913,14,0.02,0.37155253528489285,596,3,0.0003587080864235759,0.003,optimal,193,119,14,0.3715525352848928,0.3715525352848928,0.3715525352848928,True,ok
v45_anytime_100ms,coupon_bar,1913,14,0.01,0.3410977522216414,576,4,0.0020606659818440676,0.005,optimal,947,768,14,0.3410977522216414,0.3410977522216414,0.3410977522216414,True,ok
v45_anytime_100ms,coupon_bar,1913,14,0.005,0.3186199686356508,533,8,0.008071874966844916,0.011,optimal,1351,4490,14,0.3186199686356508,0.3186199686356508,0.3186199686356508,True,ok
v45_anytime_100ms,compas_binned,6907,12,0.1,0.5610829593166353,2494,2,4.3874955736100674e-05,0.008,optimal,3,1,12,0.5610829593166353,0.5610829593166353,0.5610829593166353,True,ok
v45_anytime_100ms,compas_binned,6907,12,0.05,0.46108295931663534,2494,2,4.533305764198303e-05,0.008,optimal,3,1,12,0.46108295931663523,0.46108295931663523,0.4610829593166353,True,ok
v45_anytime_100ms,compas_binned,6907,12,0.02,0.4010829593166353,2494,2,9.979191236197948e-05,0.007,optimal,25,12,12,0.4010829593166353,0.4010829593166353,0.4010829593166353,True,ok
v45_anytime_100ms,compas_binned,6907,12,0.01,0.37486752569856663,2382,3,0.0003056660061702132,0.007,optimal,114,63,12,0.3748675256985667,0.3748675256985667,0.3748675256985666,True,ok
v45_anytime_100ms,compas_binned,6907,12,0.005,0.355968582597365,2286,5,0.0007690000347793102,0.008,optimal,289,187,12,0.35596858259736497,0.35596858259736497,0.355968582597365,True,ok
v45_anytime_100ms,fico_binary,10459,17,0.1,0.5040443637058992,3180,2,6.162503268569708e-05,0.015,optimal,5,1,17,0.5040443637058992,0.5040443637058992,0.504044,True,ok
v45_anytime_100ms,fico_binary,10459,17,0.05,0.40404436370589925,3180,2,0.00015183398500084877,0.015,optimal,26,13,17,0.40404436370589925,0.40404436370589925,0.404044,True,ok
v45_anytime_100ms,fico_binary,10459,17,0.02,0.3440443637058992,3180,2,0.0008436659118160605,0.015,optimal,283,166,17,0.3440443637058992,0.3440443637058992,0.344044,True,ok
v45_anytime_100ms,fico_binary,10459,17,0.01,0.32404436370589923,3180,2,0.022647416917607188,0.037,optimal,1135,7893,17,0.32404436370589923,0.32404436370589923,0.324044,True,ok
v45_anytime_100ms,fico_binary,10459,17,0.005,0.308650922650349,3019,4,0.10545716690830886,0.12,time,6605,51069,17,0.2240740032507888,0.308650922650349,0.308650922650349,True,ok
v45_anytime_100ms,compas_processed,12381,22,0.1,0.411364187060819,3855,1,0.0004356249701231718,0.241,optimal,29,13,621,0.411364187060819,0.411364187060819,0.411364,True,ok
v45_anytime_100ms,compas_processed,12381,22,0.05,0.36136418706081896,3855,1,0.0682204170152545,0.307,optimal,17,12622,621,0.36136418706081896,0.36136418706081896,0.361364,True,ok
v45_anytime_100ms,compas_processed,12381,22,0.02,0.32786043130603343,3564,2,0.10556716693099588,0.371,time,41,14679,621,0.10857281318148776,0.32786043130603343,0.32786,False,ok
v45_anytime_100ms,compas_processed,12381,22,0.01,0.30786043130603347,3564,2,0.10471958306152374,0.371,time,77,16371,621,0.08857281318148777,0.30786043130603347,0.30786,False,ok
v45_anytime_100ms,compas_processed,12381,22,0.005,0.29786043130603346,3564,2,0.1036223330302164,0.371,time,147,13120,621,0.07857281318148776,0.29786043130603346,0.29786,False,ok
v45_greedy_family_lns,chudi,77,2,0.1,0.464935064935065,5,4,0.00018037494737654924,17.279,optimal,23,10,46,0.464935064935065,0.464935064935065,0.464935,True,ok
v45_greedy_family_lns,chudi,77,2,0.05,0.25,0,5,0.0002969170454889536,0.001,optimal,53,24,46,0.25,0.25,0.25,True,ok
v45_greedy_family_lns,chudi,77,2,0.02,0.1,0,5,0.0003386669559404254,0.001,optimal,59,26,46,0.1,0.1,0.1,True,ok
v45_greedy_family_lns,chudi,77,2,0.01,0.05,0,5,0.00037112494464963675,0.001,optimal,65,29,46,0.05,0.05,0.05,True,ok
v45_greedy_family_lns,chudi,77,2,0.005,0.025,0,5,0.0004208330065011978,0.001,optimal,65,29,46,0.025,0.025,0.025,True,ok
v45_greedy_family_lns,monk_3,122,11,0.1,0.5213114754098361,27,3,3.3499905839562416e-05,0.001,optimal,6,3,11,0.521311475409836,0.521311475409836,0.521311,True,ok
v45_greedy_family_lns,monk_3,122,11,0.05,0.3713114754098361,27,3,6.65419502183795e-05,0.001,optimal,28,15,11,0.37131147540983606,0.37131147540983606,0.371311,True,ok
v45_greedy_family_lns,monk_3,122,11,0.02,0.24295081967213114,15,6,0.00021495798137038946,0.001,optimal,131,88,11,0.24295081967213117,0.24295081967213117,0.2429508196721311,True,ok
v45_greedy_family_lns,monk_3,122,11,0.01,0.15557377049180326,8,9,0.0005810420261695981,0.001,optimal,385,284,11,0.15557377049180326,0.15557377049180326,0.1555737704918032,True,ok
v45_greedy_family_lns,monk_3,122,11,0.005,0.09459016393442624,3,14,0.0019702499266713858,0.003,optimal,1298,1001,11,0.09459016393442624,0.09459016393442624,0.09459,True,ok
v45_greedy_family_lns,monk_1,124,11,0.1,0.4661290322580645,33,2,2.3540924303233624e-05,0.001,optimal,3,2,11,0.46612903225806446,0.46612903225806446,0.466129,True,ok
v45_greedy_family_lns,monk_1,124,11,0.05,0.33870967741935487,11,5,7.025001104921103e-05,0.001,optimal,44,24,11,0.3387096774193548,0.3387096774193548,0.3387096774193548,True,ok
v45_greedy_family_lns,monk_1,124,11,0.02,0.16,0,8,0.00012341700494289398,0.001,optimal,95,50,11,0.16,0.16,0.16,True,ok
v45_greedy_family_lns,monk_1,124,11,0.01,0.08,0,8,0.00015824998263269663,0.001,optimal,101,51,11,0.08,0.08,0.08,True,ok
v45_greedy_family_lns,monk_1,124,11,0.005,0.04,0,8,0.00013749999925494194,0.001,optimal,101,51,11,0.04,0.04,0.04,True,ok
v45_greedy_family_lns,iris,150,4,0.1,0.34,6,3,0.00010549998842179775,0.001,optimal,5,0,118,0.34,0.34,0.34,True,ok
v45_greedy_family_lns,iris,150,4,0.05,0.19000000000000003,6,3,0.00012550002429634333,0.001,optimal,9,0,118,0.19,0.19,0.19,True,ok
v45_greedy_family_lns,iris,150,4,0.02,0.1,6,3,0.004401499987579882,0.005,optimal,122,73,118,0.1,0.1,0.1,True,ok
v45_greedy_family_lns,iris,150,4,0.01,0.06,3,4,0.011234249919652939,0.012,optimal,203,339,118,0.060000000000000005,0.060000000000000005,0.06,True,ok
v45_greedy_family_lns,iris,150,4,0.005,0.03833333333333334,2,5,0.030801250017248094,0.032,optimal,163,2146,118,0.03833333333333333,0.03833333333333333,0.038333,True,ok
v45_greedy_family_lns,monk_2,169,11,0.1,0.47869822485207103,64,1,2.8875074349343777e-05,0.001,optimal,1,1,11,0.47869822485207103,0.47869822485207103,0.478698,True,ok
v45_greedy_family_lns,monk_2,169,11,0.05,0.428698224852071,64,1,6.837490946054459e-05,0.001,optimal,23,14,11,0.428698224852071,0.428698224852071,0.428698,True,ok
v45_greedy_family_lns,monk_2,169,11,0.02,0.35893491124260357,37,7,0.0010389169910922647,0.002,optimal,546,446,11,0.35893491124260357,0.35893491124260357,0.3589349112426035,True,ok
v45_greedy_family_lns,monk_2,169,11,0.01,0.2650887573964497,11,20,0.003617375041358173,0.005,optimal,1880,1668,11,0.2650887573964497,0.2650887573964497,0.2650887573964497,True,ok
v45_greedy_family_lns,monk_2,169,11,0.005,0.15275147928994084,3,27,0.006584374932572246,0.008,optimal,2303,2864,11,0.15275147928994082,0.15275147928994082,0.152751,True,ok
v45_greedy_family_lns,tic-tac-toe,958,9,0.1,0.4465553235908142,332,1,4.095910117030144e-05,0.011,optimal,1,1,27,0.4465553235908142,0.4465553235908142,0.446555,True,ok
v45_greedy_family_lns,tic-tac-toe,958,9,0.05,0.3965553235908142,332,1,0.00045008305460214615,0.011,optimal,55,38,27,0.39655532359081413,0.39655532359081413,0.396555,True,ok
v45_greedy_family_lns,tic-tac-toe,958,9,0.02,0.3183298538622129,190,6,0.012337042018771172,0.023,optimal,821,4222,27,0.3183298538622129,0.3183298538622129,0.3183298538622129,True,ok
v45_greedy_family_lns,tic-tac-toe,958,9,0.01,0.2507515657620042,154,9,0.07590879104100168,0.087,optimal,882,42012,27,0.2507515657620042,0.2507515657620042,0.2507515657620042,True,ok
v45_greedy_family_lns,tic-tac-toe,958,9,0.005,0.15427974947807935,52,20,0.15931279095821083,0.17,optimal,978,111541,27,0.15427974947807932,0.15427974947807932,0.1542797494780793,True,ok
v45_greedy_family_lns,gaussian_1k,1000,1,0.1,0.397,297,1,0.00038708304055035114,0.035,optimal,1,0,999,0.397,0.397,0.397,True,ok
v45_greedy_family_lns,gaussian_1k,1000,1,0.05,0.275,125,3,0.00045362499076873064,0.034,optimal,5,0,999,0.275,0.275,0.275,True,ok
v45_greedy_family_lns,gaussian_1k,1000,1,0.02,0.185,125,3,0.0005147920455783606,0.035,optimal,5,0,999,0.18499999999999997,0.18499999999999997,0.185,True,ok
v45_greedy_family_lns,gaussian_1k,1000,1,0.01,0.155,125,3,0.0005281660705804825,0.035,optimal,5,0,999,0.155,0.155,0.155,True,ok
v45_greedy_family_lns,gaussian_1k,1000,1,0.005,0.14,125,3,0.0005380000220611691,0.035,optimal,5,0,999,0.14,0.14,0.14,True,ok
v45_greedy_family_lns,fico_1k,1000,23,0.1,0.491,291,2,0.018111541052348912,0.037,optimal,11,2639,1357,0.49100000000000005,0.49100000000000005,0.491,True,ok
v45_greedy_family_lns,fico_1k,1000,23,0.05,0.391,291,2,30.0,30.076,time,11,4681805,1357,0.125,0.391,0.391,False,ok
v45_greedy_family_lns,fico_1k,1000,23,0.02,0.33099999999999996,291,2,30.0,30.169,time,11,1769379,1357,0.065,0.33099999999999996,0.331,False,ok
v45_greedy_family_lns,fico_1k,1000,23,0.01,0.304,264,4,30.0,30.235,time,17,1845793,1357,0.045,0.304,0.304,False,ok
v45_greedy_family_lns,fico_1k,1000,23,0.005,0.28400000000000003,264,4,30.0,30.34,time,17,1504440,1357,0.035,0.28400000000000003,0.284,False,ok
v45_greedy_family_lns,sine_1k,1000,1,0.1,0.595,495,1,0.0004000830231234431,0.039,optimal,1,0,999,0.595,0.595,0.595,True,ok
v45_greedy_family_lns,sine_1k,1000,1,0.05,0.545,495,1,0.0004877920728176832,0.036,optimal,1,0,999,0.545,0.545,0.545,True,ok
v45_greedy_family_lns,sine_1k,1000,1,0.02,0.494,454,2,0.0005300840130075812,0.037,optimal,3,0,999,0.494,0.494,0.494,True,ok
v45_greedy_family_lns,sine_1k,1000,1,0.01,0.42900000000000005,169,26,0.0005709170363843441,0.036,optimal,51,0,999,0.42900000000000016,0.42900000000000016,0.429,True,ok
v45_greedy_family_lns,sine_1k,1000,1,0.005,0.269,109,32,0.0005908330203965306,0.037,optimal,63,0,999,0.26900000000000013,0.26900000000000013,0.269,True,ok
v45_greedy_family_lns,car_evaluation,1728,15,0.1,0.3997685185185186,518,1,3.837491385638714e-05,0.003,optimal,1,1,15,0.39976851851851847,0.39976851851851847,0.3997685185185186,True,ok
v45_greedy_family_lns,car_evaluation,1728,15,0.05,0.29467592592592595,250,3,9.14169941097498e-05,0.003,optimal,18,10,15,0.29467592592592595,0.29467592592592595,0.2946759259259259,True,ok
v45_greedy_family_lns,car_evaluation,1728,15,0.02,0.20467592592592593,250,3,0.0011212500976398587,0.004,optimal,548,377,15,0.20467592592592593,0.20467592592592593,0.2046759259259259,True,ok
v45_greedy_family_lns,car_evaluation,1728,15,0.01,0.1452314814814815,130,7,0.006130291032604873,0.009,optimal,1542,1873,15,0.1452314814814815,0.1452314814814815,0.145231,True,ok
v45_greedy_family_lns,car_evaluation,1728,15,0.005,0.1063425925925926,106,9,0.01322379196062684,0.016,optimal,1719,10511,15,0.1063425925925926,0.1063425925925926,0.1063425925925926,True,ok
v45_greedy_family_lns,coupon_bar,1913,14,0.1,0.5119184526921067,788,1,2.7959002181887627e-05,0.003,optimal,1,1,14,0.5119184526921067,0.5119184526921067,0.511918,True,ok
v45_greedy_family_lns,coupon_bar,1913,14,0.05,0.4538944066910612,677,2,5.633395630866289e-05,0.003,optimal,27,15,14,0.4538944066910611,0.4538944066910611,0.453894,True,ok
v45_greedy_family_lns,coupon_bar,1913,14,0.02,0.37155253528489285,596,3,0.000334707903675735,0.003,optimal,189,122,14,0.3715525352848928,0.3715525352848928,0.3715525352848928,True,ok
v45_greedy_family_lns,coupon_bar,1913,14,0.01,0.3410977522216414,576,4,0.0020414580358192325,0.005,optimal,952,778,14,0.3410977522216414,0.3410977522216414,0.3410977522216414,True,ok
v45_greedy_family_lns,coupon_bar,1913,14,0.005,0.3186199686356508,533,8,0.008768957923166454,0.012,optimal,1803,4846,14,0.3186199686356508,0.3186199686356508,0.3186199686356508,True,ok
v45_greedy_family_lns,compas_binned,6907,12,0.1,0.5610829593166353,2494,2,2.8957962058484554e-05,0.008,optimal,3,1,12,0.5610829593166353,0.5610829593166353,0.5610829593166353,True,ok
v45_greedy_family_lns,compas_binned,6907,12,0.05,0.46108295931663534,2494,2,3.020802978426218e-05,0.008,optimal,3,1,12,0.46108295931663523,0.46108295931663523,0.4610829593166353,True,ok
v45_greedy_family_lns,compas_binned,6907,12,0.02,0.4010829593166353,2494,2,6.675010081380606e-05,0.008,optimal,21,12,12,0.4010829593166353,0.4010829593166353,0.4010829593166353,True,ok
v45_greedy_family_lns,compas_binned,6907,12,0.01,0.37486752569856663,2382,3,0.0002590829972177744,0.008,optimal,111,63,12,0.3748675256985667,0.3748675256985667,0.3748675256985666,True,ok
v45_greedy_family_lns,compas_binned,6907,12,0.005,0.355968582597365,2286,5,0.0007260410347953439,0.009,optimal,297,201,12,0.35596858259736497,0.35596858259736497,0.355968582597365,True,ok
v45_greedy_family_lns,fico_binary,10459,17,0.1,0.5040443637058992,3180,2,3.629201091825962e-05,0.015,optimal,3,1,17,0.5040443637058992,0.5040443637058992,0.504044,True,ok
v45_greedy_family_lns,fico_binary,10459,17,0.05,0.40404436370589925,3180,2,8.354103192687035e-05,0.015,optimal,23,13,17,0.40404436370589925,0.40404436370589925,0.404044,True,ok
v45_greedy_family_lns,fico_binary,10459,17,0.02,0.3440443637058992,3180,2,0.0007931250147521496,0.016,optimal,277,166,17,0.3440443637058992,0.3440443637058992,0.344044,True,ok
v45_greedy_family_lns,fico_binary,10459,17,0.01,0.32404436370589923,3180,2,0.02369937498588115,0.039,optimal,1227,6420,17,0.32404436370589923,0.32404436370589923,0.324044,True,ok
v45_greedy_family_lns,fico_binary,10459,17,0.005,0.308650922650349,3019,4,0.20606179093010724,0.221,optimal,1443,96521,17,0.308650922650349,0.308650922650349,0.308650922650349,True,ok
v45_greedy_family_lns,compas_processed,12381,22,0.1,0.411364187060819,3855,1,0.0004183748969808221,0.287,optimal,23,13,621,0.411364187060819,0.411364187060819,0.411364,True,ok
v45_greedy_family_lns,compas_processed,12381,22,0.05,0.36136418706081896,3855,1,0.06855062500108033,0.344,optimal,252,12296,621,0.36136418706081896,0.36136418706081896,0.361364,True,ok
v45_greedy_family_lns,compas_processed,12381,22,0.02,0.32786043130603343,3564,2,14.44148920790758,14.725,memory,11,1550111,621,0.10857281318148776,0.32786043130603343,0.32786,False,ok
v45_greedy_family_lns,compas_processed,12381,22,0.01,0.30786043130603347,3564,2,19.630749458097853,19.901,memory,11,1545839,621,0.08857281318148777,0.30786043130603347,0.30786,False,ok
v45_greedy_family_lns,compas_processed,12381,22,0.005,0.29786043130603346,3564,2,25.91386279091239,26.188,memory,11,1598162,621,0.07857281318148776,0.29786043130603346,0.29786,False,ok
v45_anytime_1ms,chudi,77,2,0.1,0.464935064935065,5,4,0.00030991598032414913,17.255,optimal,25,12,46,0.464935064935065,0.464935064935065,0.464935,True,ok
v45_anytime_1ms,chudi,77,2,0.05,0.25,0,5,0.0004017909523099661,0.001,optimal,53,25,46,0.25,0.25,0.25,True,ok
v45_anytime_1ms,chudi,77,2,0.02,0.1,0,5,0.00047220801934599876,0.001,optimal,59,27,46,0.1,0.1,0.1,True,ok
v45_anytime_1ms,chudi,77,2,0.01,0.05,0,5,0.000477125053294003,0.001,optimal,65,30,46,0.05,0.05,0.05,True,ok
v45_anytime_1ms,chudi,77,2,0.005,0.025,0,5,0.00047220801934599876,0.001,optimal,65,30,46,0.025,0.025,0.025,True,ok
v45_anytime_1ms,monk_3,122,11,0.1,0.5213114754098361,27,3,6.158300675451756e-05,0.001,optimal,8,3,11,0.521311475409836,0.521311475409836,0.521311,True,ok
v45_anytime_1ms,monk_3,122,11,0.05,0.3713114754098361,27,3,9.03749605640769e-05,0.001,optimal,38,15,11,0.37131147540983606,0.37131147540983606,0.371311,True,ok
v45_anytime_1ms,monk_3,122,11,0.02,0.24295081967213114,15,6,0.00029200001154094934,0.001,optimal,140,91,11,0.24295081967213117,0.24295081967213117,0.2429508196721311,True,ok
v45_anytime_1ms,monk_3,122,11,0.01,0.15557377049180326,8,9,0.0007094169268384576,0.002,optimal,394,286,11,0.15557377049180326,0.15557377049180326,0.1555737704918032,True,ok
v45_anytime_1ms,monk_3,122,11,0.005,0.09459016393442624,3,14,0.0013143749674782157,0.002,time,825,554,11,0.01,0.09459016393442624,0.09459,True,ok
v45_anytime_1ms,monk_1,124,11,0.1,0.4661290322580645,33,2,5.4999953135848045e-05,0.001,optimal,7,2,11,0.46612903225806446,0.46612903225806446,0.466129,True,ok
v45_anytime_1ms,monk_1,124,11,0.05,0.33870967741935487,11,5,0.00013004103675484657,0.001,optimal,44,24,11,0.3387096774193548,0.3387096774193548,0.3387096774193548,True,ok
v45_anytime_1ms,monk_1,124,11,0.02,0.16,0,8,0.00022616703063249588,0.001,optimal,100,47,11,0.16,0.16,0.16,True,ok
v45_anytime_1ms,monk_1,124,11,0.01,0.08,0,8,0.0002180419396609068,0.001,optimal,106,48,11,0.08,0.08,0.08,True,ok
v45_anytime_1ms,monk_1,124,11,0.005,0.04,0,8,0.0002122499281540513,0.001,optimal,106,48,11,0.04,0.04,0.04,True,ok
v45_anytime_1ms,iris,150,4,0.1,0.34,6,3,0.00015704205725342035,0.001,optimal,5,1,118,0.34,0.34,0.34,True,ok
v45_anytime_1ms,iris,150,4,0.05,0.19000000000000003,6,3,0.0002067919122055173,0.001,optimal,9,1,118,0.19,0.19,0.19,True,ok
v45_anytime_1ms,iris,150,4,0.02,0.1,6,3,0.001027416903525591,0.002,time,26,12,118,0.04,0.1,0.1,True,ok
v45_anytime_1ms,iris,150,4,0.01,0.06666666666666667,4,4,0.001710916985757649,0.003,time,58,33,118,0.02,0.06666666666666667,0.06,True,worse_than_known
v45_anytime_1ms,iris,150,4,0.005,0.04,3,4,0.0025149999419227242,0.004,time,80,46,118,0.01,0.04,0.038333,True,worse_than_known
v45_anytime_1ms,monk_2,169,11,0.1,0.47869822485207103,64,1,4.075001925230026e-05,0.001,optimal,9,1,11,0.47869822485207103,0.47869822485207103,0.478698,True,ok
v45_anytime_1ms,monk_2,169,11,0.05,0.428698224852071,64,1,8.38330015540123e-05,0.001,optimal,39,14,11,0.428698224852071,0.428698224852071,0.428698,True,ok
v45_anytime_1ms,monk_2,169,11,0.02,0.35893491124260357,37,7,0.0009728340664878488,0.002,optimal,568,452,11,0.35893491124260357,0.35893491124260357,0.3589349112426035,True,ok
v45_anytime_1ms,monk_2,169,11,0.01,0.26692307692307693,13,19,0.0014005829580128193,0.002,time,860,632,11,0.02,0.26692307692307693,0.2650887573964497,True,worse_than_known
v45_anytime_1ms,monk_2,169,11,0.005,0.16183431952662722,2,30,0.0012175830779597163,0.002,time,767,429,11,0.01,0.19183431952662722,0.152751,True,worse_than_known
v45_anytime_1ms,tic-tac-toe,958,9,0.1,0.4465553235908142,332,1,5.137501284480095e-05,0.01,optimal,7,1,27,0.4465553235908142,0.4465553235908142,0.446555,True,ok
v45_anytime_1ms,tic-tac-toe,958,9,0.05,0.3965553235908142,332,1,0.0004528329009190202,0.011,optimal,69,38,27,0.39655532359081413,0.39655532359081413,0.396555,True,ok
v45_anytime_1ms,tic-tac-toe,958,9,0.02,0.3406263048016701,288,2,0.0010636670049279928,0.011,time,218,107,27,0.04,0.3406263048016701,0.3183298538622129,True,worse_than_known
v45_anytime_1ms,tic-tac-toe,958,9,0.01,0.25872651356993737,85,17,0.0013141250237822533,0.011,time,246,119,27,0.02,0.25872651356993737,0.2507515657620042,True,worse_than_known
v45_anytime_1ms,tic-tac-toe,958,9,0.005,0.19180584551148225,64,25,0.00125812494661659,0.012,time,340,163,27,0.01,0.19180584551148225,0.1542797494780793,True,worse_than_known
v45_anytime_1ms,gaussian_1k,1000,1,0.1,0.397,297,1,0.00036445795558393,0.035,optimal,1,0,999,0.397,0.397,0.397,True,ok
v45_anytime_1ms,gaussian_1k,1000,1,0.05,0.275,125,3,0.000445583020336926,0.034,optimal,5,0,999,0.275,0.275,0.275,True,ok
v45_anytime_1ms,gaussian_1k,1000,1,0.02,0.185,125,3,0.0005060828989371657,0.034,optimal,5,0,999,0.18499999999999997,0.18499999999999997,0.185,True,ok
v45_anytime_1ms,gaussian_1k,1000,1,0.01,0.155,125,3,0.0005064579891040921,0.034,optimal,5,0,999,0.155,0.155,0.155,True,ok
v45_anytime_1ms,gaussian_1k,1000,1,0.005,0.14,125,3,0.0005117920227348804,0.033,optimal,5,0,999,0.14,0.14,0.14,True,ok
v45_anytime_1ms,fico_1k,1000,23,0.1,0.491,291,2,0.0011777500621974468,0.02,time,75,38,1357,0.225,0.49100000000000005,0.491,True,ok
v45_anytime_1ms,fico_1k,1000,23,0.05,0.391,291,2,0.0012384590227156878,0.02,time,55,28,1357,0.125,0.391,0.391,False,ok
v45_anytime_1ms,fico_1k,1000,23,0.02,0.33099999999999996,291,2,0.0012949580559507012,0.02,time,35,20,1357,0.065,0.33099999999999996,0.331,False,ok
v45_anytime_1ms,fico_1k,1000,23,0.01,0.311,291,2,0.0010085829999297857,0.02,time,20,11,1357,0.045,0.311,0.304,False,worse_than_known
v45_anytime_1ms,fico_1k,1000,23,0.005,0.301,291,2,0.0010020419722422957,0.02,time,21,11,1357,0.035,0.301,0.284,False,worse_than_known
v45_anytime_1ms,sine_1k,1000,1,0.1,0.595,495,1,0.0003541249316185713,0.034,optimal,1,0,999,0.595,0.595,0.595,True,ok
v45_anytime_1ms,sine_1k,1000,1,0.05,0.545,495,1,0.00043762498535215855,0.034,optimal,1,0,999,0.545,0.545,0.545,True,ok
v45_anytime_1ms,sine_1k,1000,1,0.02,0.494,454,2,0.0004805839853361249,0.034,optimal,3,0,999,0.494,0.494,0.494,True,ok
v45_anytime_1ms,sine_1k,1000,1,0.01,0.42900000000000005,169,26,0.0005902500124648213,0.034,optimal,51,0,999,0.42900000000000016,0.42900000000000016,0.429,True,ok
v45_anytime_1ms,sine_1k,1000,1,0.005,0.269,109,32,0.0006162920035421848,0.034,optimal,63,0,999,0.26900000000000013,0.26900000000000013,0.269,True,ok
v45_anytime_1ms,car_evaluation,1728,15,0.1,0.3997685185185186,518,1,5.370797589421272e-05,0.003,optimal,3,1,15,0.39976851851851847,0.39976851851851847,0.3997685185185186,True,ok
v45_anytime_1ms,car_evaluation,1728,15,0.05,0.29467592592592595,250,3,0.00013766600750386715,0.003,optimal,26,10,15,0.29467592592592595,0.29467592592592595,0.2946759259259259,True,ok
v45_anytime_1ms,car_evaluation,1728,15,0.02,0.20467592592592593,250,3,0.001108042080886662,0.004,optimal,561,386,15,0.20467592592592593,0.20467592592592593,0.2046759259259259,True,ok
v45_anytime_1ms,car_evaluation,1728,15,0.01,0.1452314814814815,130,7,0.00109587493352592,0.004,time,463,332,15,0.02,0.14523148148148152,0.145231,True,ok
v45_anytime_1ms,car_evaluation,1728,15,0.005,0.1063425925925926,106,9,0.0012073749676346779,0.004,time,547,402,15,0.01,0.1063425925925926,0.1063425925925926,True,ok
v45_anytime_1ms,coupon_bar,1913,14,0.1,0.5119184526921067,788,1,2.7749920263886452e-05,0.003,optimal,3,1,14,0.5119184526921067,0.5119184526921067,0.511918,True,ok
v45_anytime_1ms,coupon_bar,1913,14,0.05,0.4538944066910612,677,2,6.995792500674725e-05,0.003,optimal,28,15,14,0.4538944066910611,0.4538944066910611,0.453894,True,ok
v45_anytime_1ms,coupon_bar,1913,14,0.02,0.37155253528489285,596,3,0.00033183395862579346,0.003,optimal,193,119,14,0.3715525352848928,0.3715525352848928,0.3715525352848928,True,ok
v45_anytime_1ms,coupon_bar,1913,14,0.01,0.3410977522216414,576,4,0.0012637079926207662,0.004,time,618,490,14,0.27771040250914797,0.3410977522216414,0.3410977522216414,True,ok
v45_anytime_1ms,coupon_bar,1913,14,0.005,0.31982488238369056,564,5,0.0012292088940739632,0.004,time,723,543,14,0.26771040250914796,0.31982488238369056,0.3186199686356508,True,worse_than_known
v45_anytime_1ms,compas_binned,6907,12,0.1,0.5610829593166353,2494,2,4.720897413790226e-05,0.007,optimal,3,1,12,0.5610829593166353,0.5610829593166353,0.5610829593166353,True,ok
v45_anytime_1ms,compas_binned,6907,12,0.05,0.46108295931663534,2494,2,4.499999340623617e-05,0.007,optimal,3,1,12,0.46108295931663523,0.46108295931663523,0.4610829593166353,True,ok
v45_anytime_1ms,compas_binned,6907,12,0.02,0.4010829593166353,2494,2,0.00010016595479100943,0.007,optimal,25,12,12,0.4010829593166353,0.4010829593166353,0.4010829593166353,True,ok
v45_anytime_1ms,compas_binned,6907,12,0.01,0.37486752569856663,2382,3,0.00028549996204674244,0.007,optimal,114,63,12,0.3748675256985667,0.3748675256985667,0.3748675256985666,True,ok
v45_anytime_1ms,compas_binned,6907,12,0.005,0.355968582597365,2286,5,0.000726083992049098,0.008,optimal,289,189,12,0.35596858259736497,0.35596858259736497,0.355968582597365,True,ok
v45_anytime_1ms,fico_binary,10459,17,0.1,0.5040443637058992,3180,2,7.375003769993782e-05,0.015,optimal,5,1,17,0.5040443637058992,0.5040443637058992,0.504044,True,ok
v45_anytime_1ms,fico_binary,10459,17,0.05,0.40404436370589925,3180,2,0.00015820807311683893,0.015,optimal,26,13,17,0.40404436370589925,0.40404436370589925,0.404044,True,ok
v45_anytime_1ms,fico_binary,10459,17,0.02,0.3440443637058992,3180,2,0.0008362079970538616,0.015,optimal,283,168,17,0.3440443637058992,0.3440443637058992,0.344044,True,ok
v45_anytime_1ms,fico_binary,10459,17,0.01,0.32404436370589923,3180,2,0.001459416002035141,0.016,time,517,307,17,0.23407400325078878,0.32404436370589923,0.324044,True,ok
v45_anytime_1ms,fico_binary,10459,17,0.005,0.308650922650349,3019,4,0.0012001249706372619,0.015,time,511,263,17,0.2240740032507888,0.308650922650349,0.308650922650349,True,ok
v45_anytime_1ms,compas_processed,12381,22,0.1,0.411364187060819,3855,1,0.0004219169495627284,0.243,optimal,29,13,621,0.411364187060819,0.411364187060819,0.411364,True,ok
v45_anytime_1ms,compas_processed,12381,22,0.05,0.36136418706081896,3855,1,0.0011380420764908195,0.241,time,89,44,621,0.16857281318148776,0.36136418706081896,0.361364,True,ok
v45_anytime_1ms,compas_processed,12381,22,0.02,0.32786043130603343,3564,2,0.0012461250880733132,0.244,time,65,33,621,0.10857281318148776,0.32786043130603343,0.32786,False,ok
v45_anytime_1ms,compas_processed,12381,22,0.01,0.30786043130603347,3564,2,0.0014064169954508543,0.247,time,45,23,621,0.08857281318148777,0.30786043130603347,0.30786,False,ok
v45_anytime_1ms,compas_processed,12381,22,0.005,0.29786043130603346,3564,2,0.0013292919611558318,0.242,time,57,29,621,0.07857281318148776,0.29786043130603346,0.29786,False,ok
v46_anytime_1ms,chudi,77,2,0.1,0.464935064935065,5,4,0.0002934170188382268,20.01,optimal,25,12,46,0.464935064935065,0.464935064935065,0.464935,True,ok
v46_anytime_1ms,chudi,77,2,0.05,0.25,0,5,0.00040508306119591,0.001,optimal,53,25,46,0.25,0.25,0.25,True,ok
v46_anytime_1ms,chudi,77,2,0.02,0.1,0,5,0.000445583020336926,0.001,optimal,59,27,46,0.1,0.1,0.1,True,ok
v46_anytime_1ms,chudi,77,2,0.01,0.05,0,5,0.0004891670541837811,0.001,optimal,65,30,46,0.05,0.05,0.05,True,ok
v46_anytime_1ms,chudi,77,2,0.005,0.025,0,5,0.00046620809007436037,0.001,optimal,65,30,46,0.025,0.025,0.025,True,ok
v46_anytime_1ms,monk_3,122,11,0.1,0.5213114754098361,27,3,6.504193879663944e-05,0.001,optimal,8,3,11,0.521311475409836,0.521311475409836,0.521311,True,ok
v46_anytime_1ms,monk_3,122,11,0.05,0.3713114754098361,27,3,0.00013420800678431988,0.001,optimal,38,16,11,0.37131147540983606,0.37131147540983606,0.371311,True,ok
v46_anytime_1ms,monk_3,122,11,0.02,0.24295081967213114,15,6,0.000304791028611362,0.001,optimal,140,91,11,0.24295081967213117,0.24295081967213117,0.2429508196721311,True,ok
v46_anytime_1ms,monk_3,122,11,0.01,0.15557377049180326,8,9,0.0007294579409062862,0.002,optimal,397,294,11,0.15557377049180326,0.15557377049180326,0.1555737704918032,True,ok
v46_anytime_1ms,monk_3,122,11,0.005,0.09459016393442624,3,14,0.0011336670722812414,0.002,time,674,442,11,0.01,0.09459016393442624,0.09459,True,ok
v46_anytime_1ms,monk_1,124,11,0.1,0.4661290322580645,33,2,7.079204078763723e-05,0.001,optimal,7,2,11,0.46612903225806446,0.46612903225806446,0.466129,True,ok
v46_anytime_1ms,monk_1,124,11,0.05,0.33870967741935487,11,5,0.00013158307410776615,0.001,optimal,44,24,11,0.3387096774193548,0.3387096774193548,0.3387096774193548,True,ok
v46_anytime_1ms,monk_1,124,11,0.02,0.16,0,8,0.00023812497965991497,0.001,optimal,100,47,11,0.16,0.16,0.16,True,ok
v46_anytime_1ms,monk_1,124,11,0.01,0.08,0,8,0.00022712501231580973,0.001,optimal,106,48,11,0.08,0.08,0.08,True,ok
v46_anytime_1ms,monk_1,124,11,0.005,0.04,0,8,0.00022308295592665672,0.001,optimal,106,48,11,0.04,0.04,0.04,True,ok
v46_anytime_1ms,iris,150,4,0.1,0.34,6,3,0.00016000005416572094,0.001,optimal,5,1,118,0.34,0.34,0.34,True,ok
v46_anytime_1ms,iris,150,4,0.05,0.19000000000000003,6,3,0.00020108406897634268,0.001,optimal,9,1,118,0.19,0.19,0.19,True,ok
v46_anytime_1ms,iris,150,4,0.02,0.1,6,3,0.0010400830069556832,0.002,time,26,12,118,0.04,0.1,0.1,True,ok
v46_anytime_1ms,iris,150,4,0.01,0.06,3,4,0.0011333329603075981,0.002,time,38,20,118,0.02,0.060000000000000005,0.06,True,ok
v46_anytime_1ms,iris,150,4,0.005,0.03833333333333334,2,5,0.001061958959326148,0.002,time,34,14,118,0.01,0.03833333333333333,0.038333,True,ok
v46_anytime_1ms,monk_2,169,11,0.1,0.47869822485207103,64,1,4.483305383473635e-05,0.001,optimal,9,1,11,0.47869822485207103,0.47869822485207103,0.478698,True,ok
v46_anytime_1ms,monk_2,169,11,0.05,0.428698224852071,64,1,8.833303581923246e-05,0.001,optimal,39,14,11,0.428698224852071,0.428698224852071,0.428698,True,ok
v46_anytime_1ms,monk_2,169,11,0.02,0.35893491124260357,37,7,0.0010015410371124744,0.002,optimal,559,432,11,0.35893491124260357,0.35893491124260357,0.3589349112426035,True,ok
v46_anytime_1ms,monk_2,169,11,0.01,0.26692307692307693,13,19,0.0012026670156046748,0.002,time,736,519,11,0.02,0.26692307692307693,0.2650887573964497,True,worse_than_known
v46_anytime_1ms,monk_2,169,11,0.005,0.16183431952662722,2,30,0.0012820831034332514,0.002,time,775,445,11,0.01,0.17642011834319526,0.152751,True,worse_than_known
v46_anytime_1ms,tic-tac-toe,958,9,0.1,0.4465553235908142,332,1,5.908298771828413e-05,0.01,optimal,7,1,27,0.4465553235908142,0.4465553235908142,0.446555,True,ok
v46_anytime_1ms,tic-tac-toe,958,9,0.05,0.3965553235908142,332,1,0.00045891699846833944,0.011,optimal,69,38,27,0.39655532359081413,0.39655532359081413,0.396555,True,ok
v46_anytime_1ms,tic-tac-toe,958,9,0.02,0.3406263048016701,288,2,0.0012631249846890569,0.012,time,308,155,27,0.04,0.3406263048016701,0.3183298538622129,True,worse_than_known
v46_anytime_1ms,tic-tac-toe,958,9,0.01,0.25872651356993737,85,17,0.0012528749648481607,0.012,time,236,113,27,0.02,0.25872651356993737,0.2507515657620042,True,worse_than_known
v46_anytime_1ms,tic-tac-toe,958,9,0.005,0.19180584551148225,64,25,0.0010107499547302723,0.012,time,233,111,27,0.01,0.19180584551148225,0.1542797494780793,True,worse_than_known
v46_anytime_1ms,gaussian_1k,1000,1,0.1,0.397,297,1,0.0004972090246155858,0.033,optimal,1,0,999,0.397,0.397,0.397,True,ok
v46_anytime_1ms,gaussian_1k,1000,1,0.05,0.275,125,3,0.0005729170516133308,0.033,optimal,5,0,999,0.275,0.275,0.275,True,ok
v46_anytime_1ms,gaussian_1k,1000,1,0.02,0.185,125,3,0.0006316249491646886,0.033,optimal,5,0,999,0.18499999999999997,0.18499999999999997,0.185,True,ok
v46_anytime_1ms,gaussian_1k,1000,1,0.01,0.155,125,3,0.0006490419618785381,0.034,optimal,5,0,999,0.155,0.155,0.155,True,ok
v46_anytime_1ms,gaussian_1k,1000,1,0.005,0.14,125,3,0.0006604589289054275,0.033,optimal,5,0,999,0.14,0.14,0.14,True,ok
v46_anytime_1ms,fico_1k,1000,23,0.1,0.491,291,2,0.0011139169801026583,0.02,time,43,24,1357,0.225,0.49100000000000005,0.491,True,ok
v46_anytime_1ms,fico_1k,1000,23,0.05,0.391,291,2,0.001251291949301958,0.02,time,39,22,1357,0.125,0.391,0.391,False,ok
v46_anytime_1ms,fico_1k,1000,23,0.02,0.33099999999999996,291,2,0.001116958912461996,0.019,time,19,11,1357,0.065,0.33099999999999996,0.331,False,ok
v46_anytime_1ms,fico_1k,1000,23,0.01,0.311,291,2,0.0010845840442925692,0.019,time,16,11,1357,0.045,0.311,0.304,False,worse_than_known
v46_anytime_1ms,fico_1k,1000,23,0.005,0.28700000000000003,267,4,0.001133291982114315,0.019,time,19,11,1357,0.035,0.29900000000000004,0.284,False,worse_than_known
v46_anytime_1ms,sine_1k,1000,1,0.1,0.595,495,1,0.0004692920483648777,0.034,optimal,1,0,999,0.595,0.595,0.595,True,ok
v46_anytime_1ms,sine_1k,1000,1,0.05,0.545,495,1,0.0005573750240728259,0.033,optimal,1,0,999,0.545,0.545,0.545,True,ok
v46_anytime_1ms,sine_1k,1000,1,0.02,0.494,454,2,0.0006367500172927976,0.033,optimal,3,0,999,0.494,0.494,0.494,True,ok
v46_anytime_1ms,sine_1k,1000,1,0.01,0.42900000000000005,169,26,0.0007177080260589719,0.033,optimal,51,0,999,0.42900000000000016,0.42900000000000016,0.429,True,ok
v46_anytime_1ms,sine_1k,1000,1,0.005,0.269,109,32,0.0007434580475091934,0.038,optimal,63,0,999,0.26900000000000013,0.26900000000000013,0.269,True,ok
v46_anytime_1ms,car_evaluation,1728,15,0.1,0.3997685185185186,518,1,5.679100286215544e-05,0.003,optimal,3,1,15,0.39976851851851847,0.39976851851851847,0.3997685185185186,True,ok
v46_anytime_1ms,car_evaluation,1728,15,0.05,0.29467592592592595,250,3,0.00013887498062103987,0.003,optimal,26,10,15,0.29467592592592595,0.29467592592592595,0.2946759259259259,True,ok
v46_anytime_1ms,car_evaluation,1728,15,0.02,0.20467592592592593,250,3,0.001068208017386496,0.004,optimal,561,386,15,0.20467592592592593,0.20467592592592593,0.2046759259259259,True,ok
v46_anytime_1ms,car_evaluation,1728,15,0.01,0.1452314814814815,130,7,0.0010668750619515777,0.004,time,449,321,15,0.02,0.14523148148148152,0.145231,True,ok
v46_anytime_1ms,car_evaluation,1728,15,0.005,0.1063425925925926,106,9,0.0010514160385355353,0.004,time,462,331,15,0.01,0.1063425925925926,0.1063425925925926,True,ok
v46_anytime_1ms,coupon_bar,1913,14,0.1,0.5119184526921067,788,1,3.3084070309996605e-05,0.003,optimal,3,1,14,0.5119184526921067,0.5119184526921067,0.511918,True,ok
v46_anytime_1ms,coupon_bar,1913,14,0.05,0.4538944066910612,677,2,8.287501987069845e-05,0.003,optimal,28,15,14,0.4538944066910611,0.4538944066910611,0.453894,True,ok
v46_anytime_1ms,coupon_bar,1913,14,0.02,0.37155253528489285,596,3,0.00033249997068196535,0.003,optimal,193,119,14,0.3715525352848928,0.3715525352848928,0.3715525352848928,True,ok
v46_anytime_1ms,coupon_bar,1913,14,0.01,0.3410977522216414,576,4,0.0010114579927176237,0.004,time,518,395,14,0.27771040250914797,0.3410977522216414,0.3410977522216414,True,ok
v46_anytime_1ms,coupon_bar,1913,14,0.005,0.31982488238369056,564,5,0.0012268329737707973,0.004,time,698,546,14,0.26771040250914796,0.31982488238369056,0.3186199686356508,True,worse_than_known
v46_anytime_1ms,compas_binned,6907,12,0.1,0.5610829593166353,2494,2,4.0958053432404995e-05,0.007,optimal,3,1,12,0.5610829593166353,0.5610829593166353,0.5610829593166353,True,ok
v46_anytime_1ms,compas_binned,6907,12,0.05,0.46108295931663534,2494,2,4.841701593250036e-05,0.007,optimal,3,1,12,0.46108295931663523,0.46108295931663523,0.4610829593166353,True,ok
v46_anytime_1ms,compas_binned,6907,12,0.02,0.4010829593166353,2494,2,0.00010412500705569983,0.007,optimal,25,12,12,0.4010829593166353,0.4010829593166353,0.4010829593166353,True,ok
v46_anytime_1ms,compas_binned,6907,12,0.01,0.37486752569856663,2382,3,0.0003541250480338931,0.007,optimal,114,63,12,0.3748675256985667,0.3748675256985667,0.3748675256985666,True,ok
v46_anytime_1ms,compas_binned,6907,12,0.005,0.355968582597365,2286,5,0.0007302499143406749,0.008,optimal,289,189,12,0.35596858259736497,0.35596858259736497,0.355968582597365,True,ok
v46_anytime_1ms,fico_binary,10459,17,0.1,0.5040443637058992,3180,2,6.337498780339956e-05,0.014,optimal,5,1,17,0.5040443637058992,0.5040443637058992,0.504044,True,ok
v46_anytime_1ms,fico_binary,10459,17,0.05,0.40404436370589925,3180,2,0.00014712498523294926,0.014,optimal,26,13,17,0.40404436370589925,0.40404436370589925,0.404044,True,ok
v46_anytime_1ms,fico_binary,10459,17,0.02,0.3440443637058992,3180,2,0.000873749959282577,0.014,optimal,281,170,17,0.3440443637058992,0.3440443637058992,0.344044,True,ok
v46_anytime_1ms,fico_binary,10459,17,0.01,0.32404436370589923,3180,2,0.001007291954010725,0.015,time,384,219,17,0.23407400325078878,0.32404436370589923,0.324044,True,ok
v46_anytime_1ms,fico_binary,10459,17,0.005,0.308650922650349,3019,4,0.0011480420362204313,0.014,time,500,260,17,0.2240740032507888,0.308650922650349,0.308650922650349,True,ok
v46_anytime_1ms,compas_processed,12381,22,0.1,0.411364187060819,3855,1,0.0005365000106394291,0.242,optimal,27,13,621,0.411364187060819,0.411364187060819,0.411364,True,ok
v46_anytime_1ms,compas_processed,12381,22,0.05,0.36136418706081896,3855,1,0.0010577919892966747,0.242,time,65,34,621,0.16857281318148776,0.36136418706081896,0.361364,True,ok
v46_anytime_1ms,compas_processed,12381,22,0.02,0.32786043130603343,3564,2,0.001034958055242896,0.248,time,73,37,621,0.10857281318148776,0.32786043130603343,0.32786,False,ok
v46_anytime_1ms,compas_processed,12381,22,0.01,0.30786043130603347,3564,2,0.0013706670142710209,0.235,time,63,32,621,0.08857281318148777,0.30786043130603347,0.30786,False,ok
v46_anytime_1ms,compas_processed,12381,22,0.005,0.29786043130603346,3564,2,0.001052499981597066,0.252,time,41,19,621,0.07857281318148776,0.29786043130603346,0.29786,False,ok
v46_anytime_2ms,chudi,77,2,0.1,0.464935064935065,5,4,0.00029716710560023785,19.878,optimal,25,12,46,0.464935064935065,0.464935064935065,0.464935,True,ok
v46_anytime_2ms,chudi,77,2,0.05,0.25,0,5,0.00039962504524737597,0.001,optimal,53,25,46,0.25,0.25,0.25,True,ok
v46_anytime_2ms,chudi,77,2,0.02,0.1,0,5,0.00044299999717622995,0.001,optimal,59,27,46,0.1,0.1,0.1,True,ok
v46_anytime_2ms,chudi,77,2,0.01,0.05,0,5,0.0005122919101268053,0.001,optimal,65,30,46,0.05,0.05,0.05,True,ok
v46_anytime_2ms,chudi,77,2,0.005,0.025,0,5,0.00047508301213383675,0.001,optimal,65,30,46,0.025,0.025,0.025,True,ok
v46_anytime_2ms,monk_3,122,11,0.1,0.5213114754098361,27,3,6.454100366681814e-05,0.001,optimal,8,3,11,0.521311475409836,0.521311475409836,0.521311,True,ok
v46_anytime_2ms,monk_3,122,11,0.05,0.3713114754098361,27,3,0.00011395802721381187,0.001,optimal,38,16,11,0.37131147540983606,0.37131147540983606,0.371311,True,ok
v46_anytime_2ms,monk_3,122,11,0.02,0.24295081967213114,15,6,0.0002931660274043679,0.001,optimal,140,91,11,0.24295081967213117,0.24295081967213117,0.2429508196721311,True,ok
v46_anytime_2ms,monk_3,122,11,0.01,0.15557377049180326,8,9,0.0006950839888304472,0.002,optimal,392,285,11,0.15557377049180326,0.15557377049180326,0.1555737704918032,True,ok
v46_anytime_2ms,monk_3,122,11,0.005,0.09459016393442624,3,14,0.001983957947231829,0.003,optimal,1229,890,11,0.09459016393442624,0.09459016393442624,0.09459,True,ok
v46_anytime_2ms,monk_1,124,11,0.1,0.4661290322580645,33,2,5.508295726031065e-05,0.001,optimal,7,2,11,0.46612903225806446,0.46612903225806446,0.466129,True,ok
v46_anytime_2ms,monk_1,124,11,0.05,0.33870967741935487,11,5,0.00011845806147903204,0.001,optimal,44,24,11,0.3387096774193548,0.3387096774193548,0.3387096774193548,True,ok
v46_anytime_2ms,monk_1,124,11,0.02,0.16,0,8,0.00022604106925427914,0.001,optimal,100,47,11,0.16,0.16,0.16,True,ok
v46_anytime_2ms,monk_1,124,11,0.01,0.08,0,8,0.00026158394757658243,0.001,optimal,106,48,11,0.08,0.08,0.08,True,ok
v46_anytime_2ms,monk_1,124,11,0.005,0.04,0,8,0.0002285840455442667,0.001,optimal,106,48,11,0.04,0.04,0.04,True,ok
v46_anytime_2ms,iris,150,4,0.1,0.34,6,3,0.00015970796812325716,0.001,optimal,5,1,118,0.34,0.34,0.34,True,ok
v46_anytime_2ms,iris,150,4,0.05,0.19000000000000003,6,3,0.00020487501751631498,0.001,optimal,9,1,118,0.19,0.19,0.19,True,ok
v46_anytime_2ms,iris,150,4,0.02,0.1,6,3,0.00209445902146399,0.003,time,44,28,118,0.04,0.1,0.1,True,ok
v46_anytime_2ms,iris,150,4,0.01,0.06,3,4,0.002256625099107623,0.003,time,70,49,118,0.02,0.060000000000000005,0.06,True,ok
v46_anytime_2ms,iris,150,4,0.005,0.03833333333333334,2,5,0.0020075839711353183,0.003,time,61,49,118,0.01,0.03833333333333333,0.038333,True,ok
v46_anytime_2ms,monk_2,169,11,0.1,0.47869822485207103,64,1,3.833300434052944e-05,0.001,optimal,9,1,11,0.47869822485207103,0.47869822485207103,0.478698,True,ok
v46_anytime_2ms,monk_2,169,11,0.05,0.428698224852071,64,1,8.266698569059372e-05,0.001,optimal,39,14,11,0.428698224852071,0.428698224852071,0.428698,True,ok
v46_anytime_2ms,monk_2,169,11,0.02,0.35893491124260357,37,7,0.0009854160016402602,0.002,optimal,559,431,11,0.35893491124260357,0.35893491124260357,0.3589349112426035,True,ok
v46_anytime_2ms,monk_2,169,11,0.01,0.26692307692307693,13,19,0.002133375033736229,0.003,time,1302,1025,11,0.02,0.26692307692307693,0.2650887573964497,True,worse_than_known
v46_anytime_2ms,monk_2,169,11,0.005,0.15275147928994084,3,27,0.002023708075284958,0.003,time,1172,728,11,0.01,0.15275147928994082,0.152751,True,ok
v46_anytime_2ms,tic-tac-toe,958,9,0.1,0.4465553235908142,332,1,6.416591349989176e-05,0.01,optimal,7,1,27,0.4465553235908142,0.4465553235908142,0.446555,True,ok
v46_anytime_2ms,tic-tac-toe,958,9,0.05,0.3965553235908142,332,1,0.0004606249276548624,0.01,optimal,69,38,27,0.39655532359081413,0.39655532359081413,0.396555,True,ok
v46_anytime_2ms,tic-tac-toe,958,9,0.02,0.3406263048016701,288,2,0.002047999994829297,0.012,time,497,260,27,0.04,0.3406263048016701,0.3183298538622129,True,worse_than_known
v46_anytime_2ms,tic-tac-toe,958,9,0.01,0.25872651356993737,85,17,0.0023274580016732216,0.013,time,499,264,27,0.02,0.25872651356993737,0.2507515657620042,True,worse_than_known
v46_anytime_2ms,tic-tac-toe,958,9,0.005,0.15592901878914406,44,22,0.002178416005335748,0.012,time,596,289,27,0.01,0.15592901878914403,0.1542797494780793,True,worse_than_known
v46_anytime_2ms,gaussian_1k,1000,1,0.1,0.397,297,1,0.0005906668957322836,0.032,optimal,1,0,999,0.397,0.397,0.397,True,ok
v46_anytime_2ms,gaussian_1k,1000,1,0.05,0.275,125,3,0.0006694160401821136,0.032,optimal,5,0,999,0.275,0.275,0.275,True,ok
v46_anytime_2ms,gaussian_1k,1000,1,0.02,0.185,125,3,0.0007875000592321157,0.033,optimal,5,0,999,0.18499999999999997,0.18499999999999997,0.185,True,ok
v46_anytime_2ms,gaussian_1k,1000,1,0.01,0.155,125,3,0.0007867920212447643,0.034,optimal,5,0,999,0.155,0.155,0.155,True,ok
v46_anytime_2ms,gaussian_1k,1000,1,0.005,0.14,125,3,0.0007534578908234835,0.033,optimal,5,0,999,0.14,0.14,0.14,True,ok
v46_anytime_2ms,fico_1k,1000,23,0.1,0.491,291,2,0.0022749160416424274,0.021,time,98,66,1357,0.225,0.49100000000000005,0.491,True,ok
v46_anytime_2ms,fico_1k,1000,23,0.05,0.391,291,2,0.002030333038419485,0.02,time,70,43,1357,0.125,0.391,0.391,False,ok
v46_anytime_2ms,fico_1k,1000,23,0.02,0.33099999999999996,291,2,0.0020673340186476707,0.02,time,43,29,1357,0.065,0.33099999999999996,0.331,False,ok
v46_anytime_2ms,fico_1k,1000,23,0.01,0.311,291,2,0.00202562496997416,0.027,time,18,15,1357,0.045,0.311,0.304,False,worse_than_known
v46_anytime_2ms,fico_1k,1000,23,0.005,0.28700000000000003,267,4,0.00431150000076741,0.025,time,13,4,1357,0.035,0.29900000000000004,0.284,False,worse_than_known
v46_anytime_2ms,sine_1k,1000,1,0.1,0.595,495,1,0.000590750016272068,0.037,optimal,1,0,999,0.595,0.595,0.595,True,ok
v46_anytime_2ms,sine_1k,1000,1,0.05,0.545,495,1,0.0006600000197067857,0.033,optimal,1,0,999,0.545,0.545,0.545,True,ok
v46_anytime_2ms,sine_1k,1000,1,0.02,0.494,454,2,0.0008537499234080315,0.033,optimal,3,0,999,0.494,0.494,0.494,True,ok
v46_anytime_2ms,sine_1k,1000,1,0.01,0.42900000000000005,169,26,0.0009095410350710154,0.035,optimal,51,0,999,0.42900000000000016,0.42900000000000016,0.429,True,ok
v46_anytime_2ms,sine_1k,1000,1,0.005,0.269,109,32,0.0009015420218929648,0.038,optimal,63,0,999,0.26900000000000013,0.26900000000000013,0.269,True,ok
v46_anytime_2ms,car_evaluation,1728,15,0.1,0.3997685185185186,518,1,5.670799873769283e-05,0.003,optimal,3,1,15,0.39976851851851847,0.39976851851851847,0.3997685185185186,True,ok
v46_anytime_2ms,car_evaluation,1728,15,0.05,0.29467592592592595,250,3,0.00014529202599078417,0.003,optimal,26,10,15,0.29467592592592595,0.29467592592592595,0.2946759259259259,True,ok
v46_anytime_2ms,car_evaluation,1728,15,0.02,0.20467592592592593,250,3,0.00109737494494766,0.004,optimal,561,386,15,0.20467592592592593,0.20467592592592593,0.2046759259259259,True,ok
v46_anytime_2ms,car_evaluation,1728,15,0.01,0.1452314814814815,130,7,0.002008834038861096,0.005,time,928,702,15,0.02,0.14523148148148152,0.145231,True,ok
v46_anytime_2ms,car_evaluation,1728,15,0.005,0.1063425925925926,106,9,0.0022981249494478106,0.005,time,1030,809,15,0.01,0.1063425925925926,0.1063425925925926,True,ok
v46_anytime_2ms,coupon_bar,1913,14,0.1,0.5119184526921067,788,1,3.2917014323174953e-05,0.003,optimal,3,1,14,0.5119184526921067,0.5119184526921067,0.511918,True,ok
v46_anytime_2ms,coupon_bar,1913,14,0.05,0.4538944066910612,677,2,8.616701234132051e-05,0.003,optimal,28,15,14,0.4538944066910611,0.4538944066910611,0.453894,True,ok
v46_anytime_2ms,coupon_bar,1913,14,0.02,0.37155253528489285,596,3,0.0003309580497443676,0.003,optimal,193,119,14,0.3715525352848928,0.3715525352848928,0.3715525352848928,True,ok
v46_anytime_2ms,coupon_bar,1913,14,0.01,0.3410977522216414,576,4,0.0019853749545291066,0.004,optimal,948,806,14,0.3410977522216414,0.3410977522216414,0.3410977522216414,True,ok
v46_anytime_2ms,coupon_bar,1913,14,0.005,0.3186199686356508,533,8,0.0021048750495538116,0.005,time,1109,943,14,0.26771040250914796,0.3186199686356508,0.3186199686356508,True,ok
v46_anytime_2ms,compas_binned,6907,12,0.1,0.5610829593166353,2494,2,4.38750721514225e-05,0.007,optimal,3,1,12,0.5610829593166353,0.5610829593166353,0.5610829593166353,True,ok
v46_anytime_2ms,compas_binned,6907,12,0.05,0.46108295931663534,2494,2,3.9917067624628544e-05,0.006,optimal,3,1,12,0.46108295931663523,0.46108295931663523,0.4610829593166353,True,ok
v46_anytime_2ms,compas_binned,6907,12,0.02,0.4010829593166353,2494,2,0.00010020798072218895,0.006,optimal,25,12,12,0.4010829593166353,0.4010829593166353,0.4010829593166353,True,ok
v46_anytime_2ms,compas_binned,6907,12,0.01,0.37486752569856663,2382,3,0.0003024579491466284,0.007,optimal,114,63,12,0.3748675256985667,0.3748675256985667,0.3748675256985666,True,ok
v46_anytime_2ms,compas_binned,6907,12,0.005,0.355968582597365,2286,5,0.0007108328863978386,0.007,optimal,289,189,12,0.35596858259736497,0.35596858259736497,0.355968582597365,True,ok
v46_anytime_2ms,fico_binary,10459,17,0.1,0.5040443637058992,3180,2,5.470798350870609e-05,0.013,optimal,5,1,17,0.5040443637058992,0.5040443637058992,0.504044,True,ok
v46_anytime_2ms,fico_binary,10459,17,0.05,0.40404436370589925,3180,2,0.00013270799536257982,0.013,optimal,26,13,17,0.40404436370589925,0.40404436370589925,0.404044,True,ok
v46_anytime_2ms,fico_binary,10459,17,0.02,0.3440443637058992,3180,2,0.0008710420224815607,0.014,optimal,281,172,17,0.3440443637058992,0.3440443637058992,0.344044,True,ok
v46_anytime_2ms,fico_binary,10459,17,0.01,0.32404436370589923,3180,2,0.0021280000219121575,0.015,time,796,499,17,0.23407400325078878,0.32404436370589923,0.324044,True,ok
v46_anytime_2ms,fico_binary,10459,17,0.005,0.308650922650349,3019,4,0.0022289579501375556,0.015,time,901,539,17,0.2240740032507888,0.308650922650349,0.308650922650349,True,ok
v46_anytime_2ms,compas_processed,12381,22,0.1,0.411364187060819,3855,1,0.0006241250084713101,0.24,optimal,29,13,621,0.411364187060819,0.411364187060819,0.411364,True,ok
v46_anytime_2ms,compas_processed,12381,22,0.05,0.36136418706081896,3855,1,0.0021910000359639525,0.244,time,147,79,621,0.16857281318148776,0.36136418706081896,0.361364,True,ok
v46_anytime_2ms,compas_processed,12381,22,0.02,0.32786043130603343,3564,2,0.0020439999643713236,0.243,time,133,72,621,0.10857281318148776,0.32786043130603343,0.32786,False,ok
v46_anytime_2ms,compas_processed,12381,22,0.01,0.30786043130603347,3564,2,0.002352291950955987,0.247,time,177,95,621,0.08857281318148777,0.30786043130603347,0.30786,False,ok
v46_anytime_2ms,compas_processed,12381,22,0.005,0.29786043130603346,3564,2,0.0021979169687256217,0.241,time,125,67,621,0.07857281318148776,0.29786043130603346,0.29786,False,ok
v46_anytime_5ms,chudi,77,2,0.1,0.464935064935065,5,4,0.0002851670142263174,19.771,optimal,25,12,46,0.464935064935065,0.464935064935065,0.464935,True,ok
v46_anytime_5ms,chudi,77,2,0.05,0.25,0,5,0.00042749999556690454,0.001,optimal,53,25,46,0.25,0.25,0.25,True,ok
v46_anytime_5ms,chudi,77,2,0.02,0.1,0,5,0.0004480419447645545,0.001,optimal,59,27,46,0.1,0.1,0.1,True,ok
v46_anytime_5ms,chudi,77,2,0.01,0.05,0,5,0.0004752500681206584,0.001,optimal,65,30,46,0.05,0.05,0.05,True,ok
v46_anytime_5ms,chudi,77,2,0.005,0.025,0,5,0.00046487501822412014,0.001,optimal,65,30,46,0.025,0.025,0.025,True,ok
v46_anytime_5ms,monk_3,122,11,0.1,0.5213114754098361,27,3,6.566697265952826e-05,0.001,optimal,8,3,11,0.521311475409836,0.521311475409836,0.521311,True,ok
v46_anytime_5ms,monk_3,122,11,0.05,0.3713114754098361,27,3,0.00011562497820705175,0.001,optimal,38,16,11,0.37131147540983606,0.37131147540983606,0.371311,True,ok
v46_anytime_5ms,monk_3,122,11,0.02,0.24295081967213114,15,6,0.0002972079673781991,0.001,optimal,140,91,11,0.24295081967213117,0.24295081967213117,0.2429508196721311,True,ok
v46_anytime_5ms,monk_3,122,11,0.01,0.15557377049180326,8,9,0.0007043329533189535,0.002,optimal,392,287,11,0.15557377049180326,0.15557377049180326,0.1555737704918032,True,ok
v46_anytime_5ms,monk_3,122,11,0.005,0.09459016393442624,3,14,0.0019310839707031846,0.003,optimal,1189,850,11,0.09459016393442624,0.09459016393442624,0.09459,True,ok
v46_anytime_5ms,monk_1,124,11,0.1,0.4661290322580645,33,2,5.51670091226697e-05,0.001,optimal,7,2,11,0.46612903225806446,0.46612903225806446,0.466129,True,ok
v46_anytime_5ms,monk_1,124,11,0.05,0.33870967741935487,11,5,0.00017300003673881292,0.001,optimal,44,24,11,0.3387096774193548,0.3387096774193548,0.3387096774193548,True,ok
v46_anytime_5ms,monk_1,124,11,0.02,0.16,0,8,0.0002359169302508235,0.001,optimal,100,47,11,0.16,0.16,0.16,True,ok
v46_anytime_5ms,monk_1,124,11,0.01,0.08,0,8,0.00022570800501853228,0.001,optimal,106,48,11,0.08,0.08,0.08,True,ok
v46_anytime_5ms,monk_1,124,11,0.005,0.04,0,8,0.00022154208272695541,0.001,optimal,106,48,11,0.04,0.04,0.04,True,ok
v46_anytime_5ms,iris,150,4,0.1,0.34,6,3,0.00015958305448293686,0.001,optimal,5,1,118,0.34,0.34,0.34,True,ok
v46_anytime_5ms,iris,150,4,0.05,0.19000000000000003,6,3,0.00020066602155566216,0.001,optimal,9,1,118,0.19,0.19,0.19,True,ok
v46_anytime_5ms,iris,150,4,0.02,0.1,6,3,0.0047859160695225,0.006,optimal,122,95,118,0.1,0.1,0.1,True,ok
v46_anytime_5ms,iris,150,4,0.01,0.06,3,4,0.005052417051047087,0.006,time,145,112,118,0.02,0.060000000000000005,0.06,True,ok
v46_anytime_5ms,iris,150,4,0.005,0.03833333333333334,2,5,0.0050935420440509915,0.006,time,169,150,118,0.01,0.03833333333333333,0.038333,True,ok
v46_anytime_5ms,monk_2,169,11,0.1,0.47869822485207103,64,1,3.950006794184446e-05,0.001,optimal,9,1,11,0.47869822485207103,0.47869822485207103,0.478698,True,ok
v46_anytime_5ms,monk_2,169,11,0.05,0.428698224852071,64,1,8.312496356666088e-05,0.001,optimal,39,14,11,0.428698224852071,0.428698224852071,0.428698,True,ok
v46_anytime_5ms,monk_2,169,11,0.02,0.35893491124260357,37,7,0.001005082973279059,0.002,optimal,559,432,11,0.35893491124260357,0.35893491124260357,0.3589349112426035,True,ok
v46_anytime_5ms,monk_2,169,11,0.01,0.2650887573964497,11,20,0.0034749170299619436,0.004,optimal,1923,1677,11,0.2650887573964497,0.2650887573964497,0.2650887573964497,True,ok
v46_anytime_5ms,monk_2,169,11,0.005,0.15275147928994084,3,27,0.005136167048476636,0.006,time,2788,2208,11,0.01,0.15275147928994082,0.152751,True,ok
v46_anytime_5ms,tic-tac-toe,958,9,0.1,0.4465553235908142,332,1,5.483406130224466e-05,0.01,optimal,7,1,27,0.4465553235908142,0.4465553235908142,0.446555,True,ok
v46_anytime_5ms,tic-tac-toe,958,9,0.05,0.3965553235908142,332,1,0.0004555420018732548,0.011,optimal,69,38,27,0.39655532359081413,0.39655532359081413,0.396555,True,ok
v46_anytime_5ms,tic-tac-toe,958,9,0.02,0.3406263048016701,288,2,0.005079583963379264,0.015,time,1135,709,27,0.04,0.3406263048016701,0.3183298538622129,True,worse_than_known
v46_anytime_5ms,tic-tac-toe,958,9,0.01,0.25872651356993737,85,17,0.005253209033980966,0.015,time,1211,731,27,0.02,0.25872651356993737,0.2507515657620042,True,worse_than_known
v46_anytime_5ms,tic-tac-toe,958,9,0.005,0.15592901878914406,44,22,0.00524179101921618,0.015,time,1285,759,27,0.01,0.15592901878914403,0.1542797494780793,True,worse_than_known
v46_anytime_5ms,gaussian_1k,1000,1,0.1,0.397,297,1,0.0009453750681132078,0.033,optimal,1,0,999,0.397,0.397,0.397,True,ok
v46_anytime_5ms,gaussian_1k,1000,1,0.05,0.275,125,3,0.000990999978967011,0.033,optimal,5,0,999,0.275,0.275,0.275,True,ok
v46_anytime_5ms,gaussian_1k,1000,1,0.02,0.185,125,3,0.0010249159531667829,0.033,optimal,5,0,999,0.18499999999999997,0.18499999999999997,0.185,True,ok
v46_anytime_5ms,gaussian_1k,1000,1,0.01,0.155,125,3,0.0010161250829696655,0.033,optimal,5,0,999,0.155,0.155,0.155,True,ok
v46_anytime_5ms,gaussian_1k,1000,1,0.005,0.14,125,3,0.0010514999739825726,0.033,optimal,5,0,999,0.14,0.14,0.14,True,ok
v46_anytime_5ms,fico_1k,1000,23,0.1,0.491,291,2,0.005035333102568984,0.023,time,247,162,1357,0.225,0.49100000000000005,0.491,True,ok
v46_anytime_5ms,fico_1k,1000,23,0.05,0.391,291,2,0.005177916958928108,0.023,time,190,122,1357,0.125,0.391,0.391,False,ok
v46_anytime_5ms,fico_1k,1000,23,0.02,0.33099999999999996,291,2,0.0051787919364869595,0.023,time,147,106,1357,0.065,0.33099999999999996,0.331,False,ok
v46_anytime_5ms,fico_1k,1000,23,0.01,0.311,291,2,0.0053034169832244515,0.023,time,146,105,1357,0.045,0.311,0.304,False,worse_than_known
v46_anytime_5ms,fico_1k,1000,23,0.005,0.299,284,3,0.005214417004026473,0.023,time,130,98,1357,0.035,0.29900000000000004,0.284,False,worse_than_known
v46_anytime_5ms,sine_1k,1000,1,0.1,0.595,495,1,0.0008484999416396022,0.033,optimal,1,0,999,0.595,0.595,0.595,True,ok
v46_anytime_5ms,sine_1k,1000,1,0.05,0.545,495,1,0.0009302920661866665,0.033,optimal,1,0,999,0.545,0.545,0.545,True,ok
v46_anytime_5ms,sine_1k,1000,1,0.02,0.494,454,2,0.001025125035084784,0.033,optimal,3,0,999,0.494,0.494,0.494,True,ok
v46_anytime_5ms,sine_1k,1000,1,0.01,0.42900000000000005,169,26,0.0011154579697176814,0.033,optimal,51,0,999,0.42900000000000016,0.42900000000000016,0.429,True,ok
v46_anytime_5ms,sine_1k,1000,1,0.005,0.269,109,32,0.001174582983367145,0.034,optimal,63,0,999,0.26900000000000013,0.26900000000000013,0.269,True,ok
v46_anytime_5ms,car_evaluation,1728,15,0.1,0.3997685185185186,518,1,5.03340270370245e-05,0.003,optimal,3,1,15,0.39976851851851847,0.39976851851851847,0.3997685185185186,True,ok
v46_anytime_5ms,car_evaluation,1728,15,0.05,0.29467592592592595,250,3,0.00015437498223036528,0.003,optimal,26,10,15,0.29467592592592595,0.29467592592592595,0.2946759259259259,True,ok
v46_anytime_5ms,car_evaluation,1728,15,0.02,0.20467592592592593,250,3,0.0010997080244123936,0.004,optimal,561,386,15,0.20467592592592593,0.20467592592592593,0.2046759259259259,True,ok
v46_anytime_5ms,car_evaluation,1728,15,0.01,0.1452314814814815,130,7,0.00503370794467628,0.008,optimal,2247,1815,15,0.14523148148148152,0.14523148148148152,0.145231,True,ok
v46_anytime_5ms,car_evaluation,1728,15,0.005,0.1063425925925926,106,9,0.0050691659562289715,0.008,time,2223,1958,15,0.01,0.1063425925925926,0.1063425925925926,True,ok
v46_anytime_5ms,coupon_bar,1913,14,0.1,0.5119184526921067,788,1,2.7875066734850407e-05,0.003,optimal,3,1,14,0.5119184526921067,0.5119184526921067,0.511918,True,ok
v46_anytime_5ms,coupon_bar,1913,14,0.05,0.4538944066910612,677,2,0.00010383292101323605,0.003,optimal,28,15,14,0.4538944066910611,0.4538944066910611,0.453894,True,ok
v46_anytime_5ms,coupon_bar,1913,14,0.02,0.37155253528489285,596,3,0.00034354208037257195,0.003,optimal,193,119,14,0.3715525352848928,0.3715525352848928,0.3715525352848928,True,ok
v46_anytime_5ms,coupon_bar,1913,14,0.01,0.3410977522216414,576,4,0.0020182079169899225,0.005,optimal,948,810,14,0.3410977522216414,0.3410977522216414,0.3410977522216414,True,ok
v46_anytime_5ms,coupon_bar,1913,14,0.005,0.3186199686356508,533,8,0.005185000016354024,0.008,time,2142,2161,14,0.26771040250914796,0.3186199686356508,0.3186199686356508,True,ok
v46_anytime_5ms,compas_binned,6907,12,0.1,0.5610829593166353,2494,2,4.254200030118227e-05,0.007,optimal,3,1,12,0.5610829593166353,0.5610829593166353,0.5610829593166353,True,ok
v46_anytime_5ms,compas_binned,6907,12,0.05,0.46108295931663534,2494,2,4.983297549188137e-05,0.007,optimal,3,1,12,0.46108295931663523,0.46108295931663523,0.4610829593166353,True,ok
v46_anytime_5ms,compas_binned,6907,12,0.02,0.4010829593166353,2494,2,0.0001120840897783637,0.007,optimal,25,12,12,0.4010829593166353,0.4010829593166353,0.4010829593166353,True,ok
v46_anytime_5ms,compas_binned,6907,12,0.01,0.37486752569856663,2382,3,0.00029912497848272324,0.007,optimal,114,63,12,0.3748675256985667,0.3748675256985667,0.3748675256985666,True,ok
v46_anytime_5ms,compas_binned,6907,12,0.005,0.355968582597365,2286,5,0.0007378750015050173,0.007,optimal,289,189,12,0.35596858259736497,0.35596858259736497,0.355968582597365,True,ok
v46_anytime_5ms,fico_binary,10459,17,0.1,0.5040443637058992,3180,2,5.9582991525530815e-05,0.014,optimal,5,1,17,0.5040443637058992,0.5040443637058992,0.504044,True,ok
v46_anytime_5ms,fico_binary,10459,17,0.05,0.40404436370589925,3180,2,0.00014529190957546234,0.013,optimal,26,13,17,0.40404436370589925,0.40404436370589925,0.404044,True,ok
v46_anytime_5ms,fico_binary,10459,17,0.02,0.3440443637058992,3180,2,0.0008757499745115638,0.015,optimal,281,170,17,0.3440443637058992,0.3440443637058992,0.344044,True,ok
v46_anytime_5ms,fico_binary,10459,17,0.01,0.32404436370589923,3180,2,0.005291291046887636,0.022,time,1669,1137,17,0.23407400325078878,0.32404436370589923,0.324044,True,ok
v46_anytime_5ms,fico_binary,10459,17,0.005,0.308650922650349,3019,4,0.005074582993984222,0.019,time,1900,1214,17,0.2240740032507888,0.308650922650349,0.308650922650349,True,ok
v46_anytime_5ms,compas_processed,12381,22,0.1,0.411364187060819,3855,1,0.0008575419196859002,0.239,optimal,29,13,621,0.411364187060819,0.411364187060819,0.411364,True,ok
v46_anytime_5ms,compas_processed,12381,22,0.05,0.36136418706081896,3855,1,0.005082709016278386,0.243,time,336,212,621,0.16857281318148776,0.36136418706081896,0.361364,True,ok
v46_anytime_5ms,compas_processed,12381,22,0.02,0.32786043130603343,3564,2,0.00514683302026242,0.238,time,338,176,621,0.10857281318148776,0.32786043130603343,0.32786,False,ok
v46_anytime_5ms,compas_processed,12381,22,0.01,0.30786043130603347,3564,2,0.005109166959300637,0.243,time,367,188,621,0.08857281318148777,0.30786043130603347,0.30786,False,ok
v46_anytime_5ms,compas_processed,12381,22,0.005,0.29786043130603346,3564,2,0.0053333749528974295,0.242,time,315,163,621,0.07857281318148776,0.29786043130603346,0.29786,False,ok
v46_anytime_10ms,chudi,77,2,0.1,0.464935064935065,5,4,0.000288125011138618,19.708,optimal,25,12,46,0.464935064935065,0.464935064935065,0.464935,True,ok
v46_anytime_10ms,chudi,77,2,0.05,0.25,0,5,0.0004011249402537942,0.001,optimal,53,25,46,0.25,0.25,0.25,True,ok
v46_anytime_10ms,chudi,77,2,0.02,0.1,0,5,0.0004402500344440341,0.001,optimal,59,27,46,0.1,0.1,0.1,True,ok
v46_anytime_10ms,chudi,77,2,0.01,0.05,0,5,0.00047087506391108036,0.001,optimal,65,30,46,0.05,0.05,0.05,True,ok
v46_anytime_10ms,chudi,77,2,0.005,0.025,0,5,0.0004625410074368119,0.001,optimal,65,30,46,0.025,0.025,0.025,True,ok
v46_anytime_10ms,monk_3,122,11,0.1,0.5213114754098361,27,3,7.724994793534279e-05,0.001,optimal,8,3,11,0.521311475409836,0.521311475409836,0.521311,True,ok
v46_anytime_10ms,monk_3,122,11,0.05,0.3713114754098361,27,3,0.00011862500105053186,0.001,optimal,38,16,11,0.37131147540983606,0.37131147540983606,0.371311,True,ok
v46_anytime_10ms,monk_3,122,11,0.02,0.24295081967213114,15,6,0.00029429199639707804,0.001,optimal,140,91,11,0.24295081967213117,0.24295081967213117,0.2429508196721311,True,ok
v46_anytime_10ms,monk_3,122,11,0.01,0.15557377049180326,8,9,0.0007049590349197388,0.002,optimal,392,285,11,0.15557377049180326,0.15557377049180326,0.1555737704918032,True,ok
v46_anytime_10ms,monk_3,122,11,0.005,0.09459016393442624,3,14,0.0019079579506069422,0.003,optimal,1189,850,11,0.09459016393442624,0.09459016393442624,0.09459,True,ok
v46_anytime_10ms,monk_1,124,11,0.1,0.4661290322580645,33,2,5.495792720466852e-05,0.001,optimal,7,2,11,0.46612903225806446,0.46612903225806446,0.466129,True,ok
v46_anytime_10ms,monk_1,124,11,0.05,0.33870967741935487,11,5,0.00011866597924381495,0.001,optimal,44,24,11,0.3387096774193548,0.3387096774193548,0.3387096774193548,True,ok
v46_anytime_10ms,monk_1,124,11,0.02,0.16,0,8,0.00022020796313881874,0.001,optimal,100,47,11,0.16,0.16,0.16,True,ok
v46_anytime_10ms,monk_1,124,11,0.01,0.08,0,8,0.00021745904814451933,0.001,optimal,106,48,11,0.08,0.08,0.08,True,ok
v46_anytime_10ms,monk_1,124,11,0.005,0.04,0,8,0.00024808396119624376,0.001,optimal,106,48,11,0.04,0.04,0.04,True,ok
v46_anytime_10ms,iris,150,4,0.1,0.34,6,3,0.00016195804346352816,0.001,optimal,5,1,118,0.34,0.34,0.34,True,ok
v46_anytime_10ms,iris,150,4,0.05,0.19000000000000003,6,3,0.00019929104018956423,0.001,optimal,9,1,118,0.19,0.19,0.19,True,ok
v46_anytime_10ms,iris,150,4,0.02,0.1,6,3,0.004767916980199516,0.006,optimal,122,94,118,0.1,0.1,0.1,True,ok
v46_anytime_10ms,iris,150,4,0.01,0.06,3,4,0.010114540928043425,0.011,time,256,221,118,0.02,0.060000000000000005,0.06,True,ok
v46_anytime_10ms,iris,150,4,0.005,0.03833333333333334,2,5,0.010069417068734765,0.011,time,311,369,118,0.01,0.03833333333333333,0.038333,True,ok
v46_anytime_10ms,monk_2,169,11,0.1,0.47869822485207103,64,1,4.495901521295309e-05,0.001,optimal,9,1,11,0.47869822485207103,0.47869822485207103,0.478698,True,ok
v46_anytime_10ms,monk_2,169,11,0.05,0.428698224852071,64,1,8.504092693328857e-05,0.001,optimal,39,14,11,0.428698224852071,0.428698224852071,0.428698,True,ok
v46_anytime_10ms,monk_2,169,11,0.02,0.35893491124260357,37,7,0.0009975000284612179,0.002,optimal,561,429,11,0.35893491124260357,0.35893491124260357,0.3589349112426035,True,ok
v46_anytime_10ms,monk_2,169,11,0.01,0.2650887573964497,11,20,0.0034877919824793935,0.004,optimal,1902,1656,11,0.2650887573964497,0.2650887573964497,0.2650887573964497,True,ok
v46_anytime_10ms,monk_2,169,11,0.005,0.15275147928994084,3,27,0.006756542017683387,0.008,optimal,3335,2811,11,0.15275147928994082,0.15275147928994082,0.152751,True,ok
v46_anytime_10ms,tic-tac-toe,958,9,0.1,0.4465553235908142,332,1,7.262500002980232e-05,0.01,optimal,7,1,27,0.4465553235908142,0.4465553235908142,0.446555,True,ok
v46_anytime_10ms,tic-tac-toe,958,9,0.05,0.3965553235908142,332,1,0.0004599170060828328,0.011,optimal,69,38,27,0.39655532359081413,0.39655532359081413,0.396555,True,ok
v46_anytime_10ms,tic-tac-toe,958,9,0.02,0.3406263048016701,288,2,0.010153000010177493,0.02,time,2251,1479,27,0.04,0.3406263048016701,0.3183298538622129,True,worse_than_known
v46_anytime_10ms,tic-tac-toe,958,9,0.01,0.25872651356993737,85,17,0.010048167081549764,0.02,time,2330,1526,27,0.02,0.25872651356993737,0.2507515657620042,True,worse_than_known
v46_anytime_10ms,tic-tac-toe,958,9,0.005,0.15592901878914406,44,22,0.010046583018265665,0.02,time,2624,1665,27,0.01,0.15592901878914403,0.1542797494780793,True,worse_than_known
v46_anytime_10ms,gaussian_1k,1000,1,0.1,0.397,297,1,0.0014598340494558215,0.035,optimal,1,0,999,0.397,0.397,0.397,True,ok
v46_anytime_10ms,gaussian_1k,1000,1,0.05,0.275,125,3,0.0014752079732716084,0.034,optimal,5,0,999,0.275,0.275,0.275,True,ok
v46_anytime_10ms,gaussian_1k,1000,1,0.02,0.185,125,3,0.0014944999711588025,0.034,optimal,5,0,999,0.18499999999999997,0.18499999999999997,0.185,True,ok
v46_anytime_10ms,gaussian_1k,1000,1,0.01,0.155,125,3,0.0015470419311895967,0.034,optimal,5,0,999,0.155,0.155,0.155,True,ok
v46_anytime_10ms,gaussian_1k,1000,1,0.005,0.14,125,3,0.0015619579935446382,0.035,optimal,5,0,999,0.14,0.14,0.14,True,ok
v46_anytime_10ms,fico_1k,1000,23,0.1,0.491,291,2,0.010220292024314404,0.029,time,502,344,1357,0.225,0.49100000000000005,0.491,True,ok
v46_anytime_10ms,fico_1k,1000,23,0.05,0.391,291,2,0.01022241695318371,0.029,time,383,244,1357,0.125,0.391,0.391,False,ok
v46_anytime_10ms,fico_1k,1000,23,0.02,0.33099999999999996,291,2,0.010285375057719648,0.028,time,277,206,1357,0.065,0.33099999999999996,0.331,False,ok
v46_anytime_10ms,fico_1k,1000,23,0.01,0.311,291,2,0.010212124907411635,0.028,time,281,202,1357,0.045,0.311,0.304,False,worse_than_known
v46_anytime_10ms,fico_1k,1000,23,0.005,0.29600000000000004,276,4,0.010292207938618958,0.029,time,267,198,1357,0.035,0.29600000000000004,0.284,False,worse_than_known
v46_anytime_10ms,sine_1k,1000,1,0.1,0.595,495,1,0.0013384580379351974,0.035,optimal,1,0,999,0.595,0.595,0.595,True,ok
v46_anytime_10ms,sine_1k,1000,1,0.05,0.545,495,1,0.0013866249937564135,0.033,optimal,1,0,999,0.545,0.545,0.545,True,ok
v46_anytime_10ms,sine_1k,1000,1,0.02,0.494,454,2,0.001488290959969163,0.034,optimal,3,0,999,0.494,0.494,0.494,True,ok
v46_anytime_10ms,sine_1k,1000,1,0.01,0.42900000000000005,169,26,0.001573916058987379,0.034,optimal,51,0,999,0.42900000000000016,0.42900000000000016,0.429,True,ok
v46_anytime_10ms,sine_1k,1000,1,0.005,0.269,109,32,0.0016065000090748072,0.035,optimal,63,0,999,0.26900000000000013,0.26900000000000013,0.269,True,ok
v46_anytime_10ms,car_evaluation,1728,15,0.1,0.3997685185185186,518,1,4.416599404066801e-05,0.003,optimal,3,1,15,0.39976851851851847,0.39976851851851847,0.3997685185185186,True,ok
v46_anytime_10ms,car_evaluation,1728,15,0.05,0.29467592592592595,250,3,0.00013508403208106756,0.003,optimal,26,10,15,0.29467592592592595,0.29467592592592595,0.2946759259259259,True,ok
v46_anytime_10ms,car_evaluation,1728,15,0.02,0.20467592592592593,250,3,0.0010607080766931176,0.004,optimal,561,386,15,0.20467592592592593,0.20467592592592593,0.2046759259259259,True,ok
v46_anytime_10ms,car_evaluation,1728,15,0.01,0.1452314814814815,130,7,0.004807041026651859,0.007,optimal,2228,1784,15,0.14523148148148152,0.14523148148148152,0.145231,True,ok
v46_anytime_10ms,car_evaluation,1728,15,0.005,0.1063425925925926,106,9,0.010113333002664149,0.013,time,3948,3945,15,0.01,0.1063425925925926,0.1063425925925926,True,ok
v46_anytime_10ms,coupon_bar,1913,14,0.1,0.5119184526921067,788,1,2.8083915822207928e-05,0.003,optimal,3,1,14,0.5119184526921067,0.5119184526921067,0.511918,True,ok
v46_anytime_10ms,coupon_bar,1913,14,0.05,0.4538944066910612,677,2,7.987499702721834e-05,0.003,optimal,28,15,14,0.4538944066910611,0.4538944066910611,0.453894,True,ok
v46_anytime_10ms,coupon_bar,1913,14,0.02,0.37155253528489285,596,3,0.000332667026668787,0.003,optimal,193,119,14,0.3715525352848928,0.3715525352848928,0.3715525352848928,True,ok
v46_anytime_10ms,coupon_bar,1913,14,0.01,0.3410977522216414,576,4,0.0020788749679923058,0.005,optimal,970,831,14,0.3410977522216414,0.3410977522216414,0.3410977522216414,True,ok
v46_anytime_10ms,coupon_bar,1913,14,0.005,0.3186199686356508,533,8,0.010162124992348254,0.013,time,3662,4154,14,0.26771040250914796,0.3186199686356508,0.3186199686356508,True,ok
v46_anytime_10ms,compas_binned,6907,12,0.1,0.5610829593166353,2494,2,5.441706161946058e-05,0.007,optimal,3,1,12,0.5610829593166353,0.5610829593166353,0.5610829593166353,True,ok
v46_anytime_10ms,compas_binned,6907,12,0.05,0.46108295931663534,2494,2,4.429102409631014e-05,0.006,optimal,3,1,12,0.46108295931663523,0.46108295931663523,0.4610829593166353,True,ok
v46_anytime_10ms,compas_binned,6907,12,0.02,0.4010829593166353,2494,2,0.00010470801498740911,0.006,optimal,25,12,12,0.4010829593166353,0.4010829593166353,0.4010829593166353,True,ok
v46_anytime_10ms,compas_binned,6907,12,0.01,0.37486752569856663,2382,3,0.00028795807156711817,0.006,optimal,114,63,12,0.3748675256985667,0.3748675256985667,0.3748675256985666,True,ok
v46_anytime_10ms,compas_binned,6907,12,0.005,0.355968582597365,2286,5,0.0007039159536361694,0.007,optimal,289,189,12,0.35596858259736497,0.35596858259736497,0.355968582597365,True,ok
v46_anytime_10ms,fico_binary,10459,17,0.1,0.5040443637058992,3180,2,6.254203617572784e-05,0.014,optimal,5,1,17,0.5040443637058992,0.5040443637058992,0.504044,True,ok
v46_anytime_10ms,fico_binary,10459,17,0.05,0.40404436370589925,3180,2,0.0001431669807061553,0.014,optimal,26,13,17,0.40404436370589925,0.40404436370589925,0.404044,True,ok
v46_anytime_10ms,fico_binary,10459,17,0.02,0.3440443637058992,3180,2,0.0008403749670833349,0.014,optimal,281,170,17,0.3440443637058992,0.3440443637058992,0.344044,True,ok
v46_anytime_10ms,fico_binary,10459,17,0.01,0.32404436370589923,3180,2,0.010283792042173445,0.024,time,2766,2098,17,0.23407400325078878,0.32404436370589923,0.324044,True,ok
v46_anytime_10ms,fico_binary,10459,17,0.005,0.308650922650349,3019,4,0.010200874996371567,0.024,time,3376,2395,17,0.2240740032507888,0.308650922650349,0.308650922650349,True,ok
v46_anytime_10ms,compas_processed,12381,22,0.1,0.411364187060819,3855,1,0.001271583023481071,0.238,optimal,29,13,621,0.411364187060819,0.411364187060819,0.411364,True,ok
v46_anytime_10ms,compas_processed,12381,22,0.05,0.36136418706081896,3855,1,0.010219291900284588,0.251,time,658,439,621,0.16857281318148776,0.36136418706081896,0.361364,True,ok
v46_anytime_10ms,compas_processed,12381,22,0.02,0.32786043130603343,3564,2,0.010067875031381845,0.242,time,618,342,621,0.10857281318148776,0.32786043130603343,0.32786,False,ok
v46_anytime_10ms,compas_processed,12381,22,0.01,0.30786043130603347,3564,2,0.010035415994934738,0.242,time,355,248,621,0.08857281318148777,0.30786043130603347,0.30786,False,ok
v46_anytime_10ms,compas_processed,12381,22,0.005,0.29786043130603346,3564,2,0.0104192920261994,0.247,time,553,292,621,0.07857281318148776,0.29786043130603346,0.29786,False,ok
v46_anytime_20ms,chudi,77,2,0.1,0.464935064935065,5,4,0.0002944159787148237,19.721,optimal,25,12,46,0.464935064935065,0.464935064935065,0.464935,True,ok
v46_anytime_20ms,chudi,77,2,0.05,0.25,0,5,0.00040454103145748377,0.001,optimal,53,25,46,0.25,0.25,0.25,True,ok
v46_anytime_20ms,chudi,77,2,0.02,0.1,0,5,0.00045354198664426804,0.001,optimal,59,27,46,0.1,0.1,0.1,True,ok
v46_anytime_20ms,chudi,77,2,0.01,0.05,0,5,0.00046691601164638996,0.001,optimal,65,30,46,0.05,0.05,0.05,True,ok
v46_anytime_20ms,chudi,77,2,0.005,0.025,0,5,0.0004595840582624078,0.001,optimal,65,30,46,0.025,0.025,0.025,True,ok
v46_anytime_20ms,monk_3,122,11,0.1,0.5213114754098361,27,3,6.458302959799767e-05,0.001,optimal,8,3,11,0.521311475409836,0.521311475409836,0.521311,True,ok
v46_anytime_20ms,monk_3,122,11,0.05,0.3713114754098361,27,3,0.00011237501166760921,0.001,optimal,38,16,11,0.37131147540983606,0.37131147540983606,0.371311,True,ok
v46_anytime_20ms,monk_3,122,11,0.02,0.24295081967213114,15,6,0.0002972499933093786,0.001,optimal,140,91,11,0.24295081967213117,0.24295081967213117,0.2429508196721311,True,ok
v46_anytime_20ms,monk_3,122,11,0.01,0.15557377049180326,8,9,0.0007035830058157444,0.002,optimal,391,283,11,0.15557377049180326,0.15557377049180326,0.1555737704918032,True,ok
v46_anytime_20ms,monk_3,122,11,0.005,0.09459016393442624,3,14,0.002070791902951896,0.003,optimal,1265,921,11,0.09459016393442624,0.09459016393442624,0.09459,True,ok
v46_anytime_20ms,monk_1,124,11,0.1,0.4661290322580645,33,2,7.145805284380913e-05,0.001,optimal,7,2,11,0.46612903225806446,0.46612903225806446,0.466129,True,ok
v46_anytime_20ms,monk_1,124,11,0.05,0.33870967741935487,11,5,0.00013162498362362385,0.001,optimal,44,24,11,0.3387096774193548,0.3387096774193548,0.3387096774193548,True,ok
v46_anytime_20ms,monk_1,124,11,0.02,0.16,0,8,0.00023433298338204622,0.001,optimal,100,47,11,0.16,0.16,0.16,True,ok
v46_anytime_20ms,monk_1,124,11,0.01,0.08,0,8,0.00022733293008059263,0.001,optimal,106,48,11,0.08,0.08,0.08,True,ok
v46_anytime_20ms,monk_1,124,11,0.005,0.04,0,8,0.00022345792967826128,0.001,optimal,106,48,11,0.04,0.04,0.04,True,ok
v46_anytime_20ms,iris,150,4,0.1,0.34,6,3,0.00016595900524407625,0.001,optimal,5,1,118,0.34,0.34,0.34,True,ok
v46_anytime_20ms,iris,150,4,0.05,0.19000000000000003,6,3,0.00019420799799263477,0.001,optimal,9,1,118,0.19,0.19,0.19,True,ok
v46_anytime_20ms,iris,150,4,0.02,0.1,6,3,0.00514549994841218,0.006,optimal,90,83,118,0.1,0.1,0.1,True,ok
v46_anytime_20ms,iris,150,4,0.01,0.06,3,4,0.008902458008378744,0.01,optimal,110,408,118,0.060000000000000005,0.060000000000000005,0.06,True,ok
v46_anytime_20ms,iris,150,4,0.005,0.03833333333333334,2,5,0.020350041100755334,0.022,time,551,462,118,0.01,0.03833333333333333,0.038333,True,ok
v46_anytime_20ms,monk_2,169,11,0.1,0.47869822485207103,64,1,5.00410096719861e-05,0.001,optimal,9,1,11,0.47869822485207103,0.47869822485207103,0.478698,True,ok
v46_anytime_20ms,monk_2,169,11,0.05,0.428698224852071,64,1,9.39579913392663e-05,0.001,optimal,39,14,11,0.428698224852071,0.428698224852071,0.428698,True,ok
v46_anytime_20ms,monk_2,169,11,0.02,0.35893491124260357,37,7,0.0010508329141885042,0.002,optimal,533,411,11,0.35893491124260357,0.35893491124260357,0.3589349112426035,True,ok
v46_anytime_20ms,monk_2,169,11,0.01,0.2650887573964497,11,20,0.00357204198371619,0.005,optimal,1881,1599,11,0.2650887573964497,0.2650887573964497,0.2650887573964497,True,ok
v46_anytime_20ms,monk_2,169,11,0.005,0.15275147928994084,3,27,0.006955791963264346,0.008,optimal,1892,3621,11,0.15275147928994082,0.15275147928994082,0.152751,True,ok
v46_anytime_20ms,tic-tac-toe,958,9,0.1,0.4465553235908142,332,1,6.758398376405239e-05,0.011,optimal,7,1,27,0.4465553235908142,0.4465553235908142,0.446555,True,ok
v46_anytime_20ms,tic-tac-toe,958,9,0.05,0.3965553235908142,332,1,0.0004857920575886965,0.011,optimal,69,38,27,0.39655532359081413,0.39655532359081413,0.396555,True,ok
v46_anytime_20ms,tic-tac-toe,958,9,0.02,0.3183298538622129,190,6,0.01398270798381418,0.025,optimal,763,6220,27,0.3183298538622129,0.3183298538622129,0.3183298538622129,True,ok
v46_anytime_20ms,tic-tac-toe,958,9,0.01,0.25427974947807935,52,20,0.02045120799448341,0.031,time,4859,3084,27,0.02,0.2542797494780793,0.2507515657620042,True,worse_than_known
v46_anytime_20ms,tic-tac-toe,958,9,0.005,0.15427974947807935,52,20,0.020140415988862514,0.031,time,4878,3230,27,0.01,0.15427974947807932,0.1542797494780793,True,ok
v46_anytime_20ms,gaussian_1k,1000,1,0.1,0.397,297,1,0.0025465000653639436,0.038,optimal,1,0,999,0.397,0.397,0.397,True,ok
v46_anytime_20ms,gaussian_1k,1000,1,0.05,0.275,125,3,0.002531916950829327,0.037,optimal,5,0,999,0.275,0.275,0.275,True,ok
v46_anytime_20ms,gaussian_1k,1000,1,0.02,0.185,125,3,0.0025726669700816274,0.036,optimal,5,0,999,0.18499999999999997,0.18499999999999997,0.185,True,ok
v46_anytime_20ms,gaussian_1k,1000,1,0.01,0.155,125,3,0.002484792028553784,0.035,optimal,5,0,999,0.155,0.155,0.155,True,ok
v46_anytime_20ms,gaussian_1k,1000,1,0.005,0.14,125,3,0.0025644999695941806,0.036,optimal,5,0,999,0.14,0.14,0.14,True,ok
v46_anytime_20ms,fico_1k,1000,23,0.1,0.491,291,2,0.02019783400464803,0.039,time,15,2828,1357,0.225,0.49100000000000005,0.491,True,ok
v46_anytime_20ms,fico_1k,1000,23,0.05,0.391,291,2,0.0201547920005396,0.04,time,891,537,1357,0.125,0.391,0.391,False,ok
v46_anytime_20ms,fico_1k,1000,23,0.02,0.33099999999999996,291,2,0.02007087494712323,0.04,time,788,469,1357,0.065,0.33099999999999996,0.331,False,ok
v46_anytime_20ms,fico_1k,1000,23,0.01,0.311,291,2,0.02047979098279029,0.04,time,474,298,1357,0.045,0.311,0.304,False,worse_than_known
v46_anytime_20ms,fico_1k,1000,23,0.005,0.29600000000000004,276,4,0.02004149998538196,0.039,time,795,472,1357,0.035,0.29600000000000004,0.284,False,worse_than_known
v46_anytime_20ms,sine_1k,1000,1,0.1,0.595,495,1,0.002309124916791916,0.035,optimal,1,0,999,0.595,0.595,0.595,True,ok
v46_anytime_20ms,sine_1k,1000,1,0.05,0.545,495,1,0.0023314160062000155,0.035,optimal,1,0,999,0.545,0.545,0.545,True,ok
v46_anytime_20ms,sine_1k,1000,1,0.02,0.494,454,2,0.0024418749380856752,0.035,optimal,3,0,999,0.494,0.494,0.494,True,ok
v46_anytime_20ms,sine_1k,1000,1,0.01,0.42900000000000005,169,26,0.0025232909247279167,0.035,optimal,51,0,999,0.42900000000000016,0.42900000000000016,0.429,True,ok
v46_anytime_20ms,sine_1k,1000,1,0.005,0.269,109,32,0.0025745839811861515,0.035,optimal,63,0,999,0.26900000000000013,0.26900000000000013,0.269,True,ok
v46_anytime_20ms,car_evaluation,1728,15,0.1,0.3997685185185186,518,1,4.725006874650717e-05,0.003,optimal,3,1,15,0.39976851851851847,0.39976851851851847,0.3997685185185186,True,ok
v46_anytime_20ms,car_evaluation,1728,15,0.05,0.29467592592592595,250,3,0.00013641605619341135,0.003,optimal,26,10,15,0.29467592592592595,0.29467592592592595,0.2946759259259259,True,ok
v46_anytime_20ms,car_evaluation,1728,15,0.02,0.20467592592592593,250,3,0.00106729194521904,0.004,optimal,561,382,15,0.20467592592592593,0.20467592592592593,0.2046759259259259,True,ok
v46_anytime_20ms,car_evaluation,1728,15,0.01,0.1452314814814815,130,7,0.005485999980010092,0.008,optimal,1596,1983,15,0.14523148148148152,0.14523148148148152,0.145231,True,ok
v46_anytime_20ms,car_evaluation,1728,15,0.005,0.1063425925925926,106,9,0.020050834049470723,0.023,time,7817,7706,15,0.01,0.1063425925925926,0.1063425925925926,True,ok
v46_anytime_20ms,coupon_bar,1913,14,0.1,0.5119184526921067,788,1,3.308302257210016e-05,0.003,optimal,3,1,14,0.5119184526921067,0.5119184526921067,0.511918,True,ok
v46_anytime_20ms,coupon_bar,1913,14,0.05,0.4538944066910612,677,2,8.425000123679638e-05,0.003,optimal,28,15,14,0.4538944066910611,0.4538944066910611,0.453894,True,ok
v46_anytime_20ms,coupon_bar,1913,14,0.02,0.37155253528489285,596,3,0.000325417029671371,0.003,optimal,193,119,14,0.3715525352848928,0.3715525352848928,0.3715525352848928,True,ok
v46_anytime_20ms,coupon_bar,1913,14,0.01,0.3410977522216414,576,4,0.0018954999977722764,0.004,optimal,947,781,14,0.3410977522216414,0.3410977522216414,0.3410977522216414,True,ok
v46_anytime_20ms,coupon_bar,1913,14,0.005,0.3186199686356508,533,8,0.01244237506762147,0.015,optimal,1717,8259,14,0.3186199686356508,0.3186199686356508,0.3186199686356508,True,ok
v46_anytime_20ms,compas_binned,6907,12,0.1,0.5610829593166353,2494,2,4.708289634436369e-05,0.007,optimal,3,1,12,0.5610829593166353,0.5610829593166353,0.5610829593166353,True,ok
v46_anytime_20ms,compas_binned,6907,12,0.05,0.46108295931663534,2494,2,4.595797508955002e-05,0.007,optimal,3,1,12,0.46108295931663523,0.46108295931663523,0.4610829593166353,True,ok
v46_anytime_20ms,compas_binned,6907,12,0.02,0.4010829593166353,2494,2,0.00010316702537238598,0.007,optimal,25,12,12,0.4010829593166353,0.4010829593166353,0.4010829593166353,True,ok
v46_anytime_20ms,compas_binned,6907,12,0.01,0.37486752569856663,2382,3,0.0002927089808508754,0.007,optimal,114,63,12,0.3748675256985667,0.3748675256985667,0.3748675256985666,True,ok
v46_anytime_20ms,compas_binned,6907,12,0.005,0.355968582597365,2286,5,0.000729665975086391,0.007,optimal,289,187,12,0.35596858259736497,0.35596858259736497,0.355968582597365,True,ok
v46_anytime_20ms,fico_binary,10459,17,0.1,0.5040443637058992,3180,2,6.408407352864742e-05,0.014,optimal,5,1,17,0.5040443637058992,0.5040443637058992,0.504044,True,ok
v46_anytime_20ms,fico_binary,10459,17,0.05,0.40404436370589925,3180,2,0.00012974999845027924,0.014,optimal,26,13,17,0.40404436370589925,0.40404436370589925,0.404044,True,ok
v46_anytime_20ms,fico_binary,10459,17,0.02,0.3440443637058992,3180,2,0.0008180830627679825,0.014,optimal,281,168,17,0.3440443637058992,0.3440443637058992,0.344044,True,ok
v46_anytime_20ms,fico_binary,10459,17,0.01,0.32404436370589923,3180,2,0.020255624898709357,0.034,time,1152,8395,17,0.23407400325078878,0.32404436370589923,0.324044,True,ok
v46_anytime_20ms,fico_binary,10459,17,0.005,0.308650922650349,3019,4,0.020063834032043815,0.034,time,5735,4420,17,0.2240740032507888,0.308650922650349,0.308650922650349,True,ok
v46_anytime_20ms,compas_processed,12381,22,0.1,0.411364187060819,3855,1,0.0004516670014709234,0.241,optimal,29,13,621,0.411364187060819,0.411364187060819,0.411364,True,ok
v46_anytime_20ms,compas_processed,12381,22,0.05,0.36136418706081896,3855,1,0.02050045900978148,0.259,time,71,3541,621,0.16857281318148776,0.36136418706081896,0.361364,True,ok
v46_anytime_20ms,compas_processed,12381,22,0.02,0.32786043130603343,3564,2,0.02004358300473541,0.271,time,1253,781,621,0.10857281318148776,0.32786043130603343,0.32786,False,ok
v46_anytime_20ms,compas_processed,12381,22,0.01,0.30786043130603347,3564,2,0.020477124955505133,0.256,time,868,703,621,0.08857281318148777,0.30786043130603347,0.30786,False,ok
v46_anytime_20ms,compas_processed,12381,22,0.005,0.29786043130603346,3564,2,0.020579374977387488,0.257,time,695,458,621,0.07857281318148776,0.29786043130603346,0.29786,False,ok
v46_anytime_50ms,chudi,77,2,0.1,0.464935064935065,5,4,0.00029654207173734903,19.722,optimal,25,12,46,0.464935064935065,0.464935064935065,0.464935,True,ok
v46_anytime_50ms,chudi,77,2,0.05,0.25,0,5,0.0004131249152123928,0.001,optimal,53,25,46,0.25,0.25,0.25,True,ok
v46_anytime_50ms,chudi,77,2,0.02,0.1,0,5,0.00045245897490531206,0.001,optimal,59,27,46,0.1,0.1,0.1,True,ok
v46_anytime_50ms,chudi,77,2,0.01,0.05,0,5,0.00048037501983344555,0.001,optimal,65,30,46,0.05,0.05,0.05,True,ok
v46_anytime_50ms,chudi,77,2,0.005,0.025,0,5,0.0004677500110119581,0.001,optimal,65,30,46,0.025,0.025,0.025,True,ok
v46_anytime_50ms,monk_3,122,11,0.1,0.5213114754098361,27,3,7.654097862541676e-05,0.001,optimal,8,3,11,0.521311475409836,0.521311475409836,0.521311,True,ok
v46_anytime_50ms,monk_3,122,11,0.05,0.3713114754098361,27,3,0.00011970801278948784,0.001,optimal,38,16,11,0.37131147540983606,0.37131147540983606,0.371311,True,ok
v46_anytime_50ms,monk_3,122,11,0.02,0.24295081967213114,15,6,0.0003013329114764929,0.001,optimal,140,91,11,0.24295081967213117,0.24295081967213117,0.2429508196721311,True,ok
v46_anytime_50ms,monk_3,122,11,0.01,0.15557377049180326,8,9,0.0007329590152949095,0.002,optimal,391,283,11,0.15557377049180326,0.15557377049180326,0.1555737704918032,True,ok
v46_anytime_50ms,monk_3,122,11,0.005,0.09459016393442624,3,14,0.0019929578993469477,0.003,optimal,1225,881,11,0.09459016393442624,0.09459016393442624,0.09459,True,ok
v46_anytime_50ms,monk_1,124,11,0.1,0.4661290322580645,33,2,5.4750009439885616e-05,0.001,optimal,7,2,11,0.46612903225806446,0.46612903225806446,0.466129,True,ok
v46_anytime_50ms,monk_1,124,11,0.05,0.33870967741935487,11,5,0.00012108299415558577,0.001,optimal,44,24,11,0.3387096774193548,0.3387096774193548,0.3387096774193548,True,ok
v46_anytime_50ms,monk_1,124,11,0.02,0.16,0,8,0.00022325001191347837,0.001,optimal,100,47,11,0.16,0.16,0.16,True,ok
v46_anytime_50ms,monk_1,124,11,0.01,0.08,0,8,0.00023437500931322575,0.001,optimal,106,48,11,0.08,0.08,0.08,True,ok
v46_anytime_50ms,monk_1,124,11,0.005,0.04,0,8,0.00025387504138052464,0.001,optimal,106,48,11,0.04,0.04,0.04,True,ok
v46_anytime_50ms,iris,150,4,0.1,0.34,6,3,0.00016245793085545301,0.001,optimal,5,1,118,0.34,0.34,0.34,True,ok
v46_anytime_50ms,iris,150,4,0.05,0.19000000000000003,6,3,0.00019754201639443636,0.001,optimal,9,1,118,0.19,0.19,0.19,True,ok
v46_anytime_50ms,iris,150,4,0.02,0.1,6,3,0.004765458055771887,0.006,optimal,122,76,118,0.1,0.1,0.1,True,ok
v46_anytime_50ms,iris,150,4,0.01,0.06,3,4,0.010138874989934266,0.011,optimal,129,388,118,0.060000000000000005,0.060000000000000005,0.06,True,ok
v46_anytime_50ms,iris,150,4,0.005,0.03833333333333334,2,5,0.040493750013411045,0.042,optimal,522,2209,118,0.03833333333333333,0.03833333333333333,0.038333,True,ok
v46_anytime_50ms,monk_2,169,11,0.1,0.47869822485207103,64,1,4.929094575345516e-05,0.001,optimal,9,1,11,0.47869822485207103,0.47869822485207103,0.478698,True,ok
v46_anytime_50ms,monk_2,169,11,0.05,0.428698224852071,64,1,9.337498340755701e-05,0.001,optimal,39,14,11,0.428698224852071,0.428698224852071,0.428698,True,ok
v46_anytime_50ms,monk_2,169,11,0.02,0.35893491124260357,37,7,0.0010729159694164991,0.002,optimal,533,410,11,0.35893491124260357,0.35893491124260357,0.3589349112426035,True,ok
v46_anytime_50ms,monk_2,169,11,0.01,0.2650887573964497,11,20,0.003704708069562912,0.005,optimal,1874,1570,11,0.2650887573964497,0.2650887573964497,0.2650887573964497,True,ok
v46_anytime_50ms,monk_2,169,11,0.005,0.15275147928994084,3,27,0.006748249987140298,0.008,optimal,1833,3341,11,0.15275147928994082,0.15275147928994082,0.152751,True,ok
v46_anytime_50ms,tic-tac-toe,958,9,0.1,0.4465553235908142,332,1,6.283307448029518e-05,0.012,optimal,7,1,27,0.4465553235908142,0.4465553235908142,0.446555,True,ok
v46_anytime_50ms,tic-tac-toe,958,9,0.05,0.3965553235908142,332,1,0.0004881670465692878,0.011,optimal,69,38,27,0.39655532359081413,0.39655532359081413,0.396555,True,ok
v46_anytime_50ms,tic-tac-toe,958,9,0.02,0.3183298538622129,190,6,0.014119707979261875,0.025,optimal,744,6085,27,0.3183298538622129,0.3183298538622129,0.3183298538622129,True,ok
v46_anytime_50ms,tic-tac-toe,958,9,0.01,0.25427974947807935,52,20,0.051973666064441204,0.063,time,3132,27216,27,0.02,0.2542797494780793,0.2507515657620042,True,worse_than_known
v46_anytime_50ms,tic-tac-toe,958,9,0.005,0.15427974947807935,52,20,0.050768665969371796,0.062,time,5090,23997,27,0.01,0.15427974947807932,0.1542797494780793,True,ok
v46_anytime_50ms,gaussian_1k,1000,1,0.1,0.397,297,1,0.000386958010494709,0.036,optimal,1,0,999,0.397,0.397,0.397,True,ok
v46_anytime_50ms,gaussian_1k,1000,1,0.05,0.275,125,3,0.0004699170822277665,0.035,optimal,5,0,999,0.275,0.275,0.275,True,ok
v46_anytime_50ms,gaussian_1k,1000,1,0.02,0.185,125,3,0.00049979193136096,0.035,optimal,5,0,999,0.18499999999999997,0.18499999999999997,0.185,True,ok
v46_anytime_50ms,gaussian_1k,1000,1,0.01,0.155,125,3,0.0005217499565333128,0.034,optimal,5,0,999,0.155,0.155,0.155,True,ok
v46_anytime_50ms,gaussian_1k,1000,1,0.005,0.14,125,3,0.005454875063151121,0.038,optimal,5,0,999,0.14,0.14,0.14,True,ok
v46_anytime_50ms,fico_1k,1000,23,0.1,0.491,291,2,0.04344366607256234,0.063,optimal,15,2799,1357,0.49100000000000005,0.49100000000000005,0.491,True,ok
v46_anytime_50ms,fico_1k,1000,23,0.05,0.391,291,2,0.05142875004094094,0.072,time,684,6793,1357,0.125,0.391,0.391,False,ok
v46_anytime_50ms,fico_1k,1000,23,0.02,0.33099999999999996,291,2,0.05125033401418477,0.074,time,19,3762,1357,0.065,0.33099999999999996,0.331,False,ok
v46_anytime_50ms,fico_1k,1000,23,0.01,0.304,264,4,0.051543000037781894,0.072,time,462,4880,1357,0.045,0.304,0.304,False,ok
v46_anytime_50ms,fico_1k,1000,23,0.005,0.28400000000000003,264,4,0.051121957949362695,0.073,time,279,4901,1357,0.035,0.28400000000000003,0.284,False,ok
v46_anytime_50ms,sine_1k,1000,1,0.1,0.595,495,1,0.0004000000189989805,0.036,optimal,1,0,999,0.595,0.595,0.595,True,ok
v46_anytime_50ms,sine_1k,1000,1,0.05,0.545,495,1,0.0005047910381108522,0.036,optimal,1,0,999,0.545,0.545,0.545,True,ok
v46_anytime_50ms,sine_1k,1000,1,0.02,0.494,454,2,0.0005725830560550094,0.036,optimal,3,0,999,0.494,0.494,0.494,True,ok
v46_anytime_50ms,sine_1k,1000,1,0.01,0.42900000000000005,169,26,0.0006636249599978328,0.037,optimal,51,0,999,0.42900000000000016,0.42900000000000016,0.429,True,ok
v46_anytime_50ms,sine_1k,1000,1,0.005,0.269,109,32,0.006118749966844916,0.042,optimal,63,0,999,0.26900000000000013,0.26900000000000013,0.269,True,ok
v46_anytime_50ms,car_evaluation,1728,15,0.1,0.3997685185185186,518,1,5.066697485744953e-05,0.003,optimal,3,1,15,0.39976851851851847,0.39976851851851847,0.3997685185185186,True,ok
v46_anytime_50ms,car_evaluation,1728,15,0.05,0.29467592592592595,250,3,0.00016237504314631224,0.003,optimal,26,10,15,0.29467592592592595,0.29467592592592595,0.2946759259259259,True,ok
v46_anytime_50ms,car_evaluation,1728,15,0.02,0.20467592592592593,250,3,0.0011840841034427285,0.004,optimal,561,382,15,0.20467592592592593,0.20467592592592593,0.2046759259259259,True,ok
v46_anytime_50ms,car_evaluation,1728,15,0.01,0.1452314814814815,130,7,0.00572066695895046,0.009,optimal,1548,1902,15,0.14523148148148152,0.14523148148148152,0.145231,True,ok
v46_anytime_50ms,car_evaluation,1728,15,0.005,0.1063425925925926,106,9,0.018739791004918516,0.022,optimal,4345,9042,15,0.1063425925925926,0.1063425925925926,0.1063425925925926,True,ok
v46_anytime_50ms,coupon_bar,1913,14,0.1,0.5119184526921067,788,1,4.22910088673234e-05,0.003,optimal,3,1,14,0.5119184526921067,0.5119184526921067,0.511918,True,ok
v46_anytime_50ms,coupon_bar,1913,14,0.05,0.4538944066910612,677,2,9.270908776670694e-05,0.003,optimal,28,15,14,0.4538944066910611,0.4538944066910611,0.453894,True,ok
v46_anytime_50ms,coupon_bar,1913,14,0.02,0.37155253528489285,596,3,0.0003732909681275487,0.003,optimal,193,119,14,0.3715525352848928,0.3715525352848928,0.3715525352848928,True,ok
v46_anytime_50ms,coupon_bar,1913,14,0.01,0.3410977522216414,576,4,0.002148583997040987,0.005,optimal,973,790,14,0.3410977522216414,0.3410977522216414,0.3410977522216414,True,ok
v46_anytime_50ms,coupon_bar,1913,14,0.005,0.3186199686356508,533,8,0.011251707910560071,0.014,optimal,1352,6851,14,0.3186199686356508,0.3186199686356508,0.3186199686356508,True,ok
v46_anytime_50ms,compas_binned,6907,12,0.1,0.5610829593166353,2494,2,4.6958914026618004e-05,0.007,optimal,3,1,12,0.5610829593166353,0.5610829593166353,0.5610829593166353,True,ok
v46_anytime_50ms,compas_binned,6907,12,0.05,0.46108295931663534,2494,2,4.533398896455765e-05,0.007,optimal,3,1,12,0.46108295931663523,0.46108295931663523,0.4610829593166353,True,ok
v46_anytime_50ms,compas_binned,6907,12,0.02,0.4010829593166353,2494,2,0.00012029206845909357,0.007,optimal,25,12,12,0.4010829593166353,0.4010829593166353,0.4010829593166353,True,ok
v46_anytime_50ms,compas_binned,6907,12,0.01,0.37486752569856663,2382,3,0.0003103329800069332,0.007,optimal,114,63,12,0.3748675256985667,0.3748675256985667,0.3748675256985666,True,ok
v46_anytime_50ms,compas_binned,6907,12,0.005,0.355968582597365,2286,5,0.0007650830084457994,0.008,optimal,289,187,12,0.35596858259736497,0.35596858259736497,0.355968582597365,True,ok
v46_anytime_50ms,fico_binary,10459,17,0.1,0.5040443637058992,3180,2,7.770804222673178e-05,0.015,optimal,5,1,17,0.5040443637058992,0.5040443637058992,0.504044,True,ok
v46_anytime_50ms,fico_binary,10459,17,0.05,0.40404436370589925,3180,2,0.00015650002751499414,0.014,optimal,26,13,17,0.40404436370589925,0.40404436370589925,0.404044,True,ok
v46_anytime_50ms,fico_binary,10459,17,0.02,0.3440443637058992,3180,2,0.0008750410052016377,0.015,optimal,281,166,17,0.3440443637058992,0.3440443637058992,0.344044,True,ok
v46_anytime_50ms,fico_binary,10459,17,0.01,0.32404436370589923,3180,2,0.02801733394153416,0.042,optimal,1023,8534,17,0.32404436370589923,0.32404436370589923,0.324044,True,ok
v46_anytime_50ms,fico_binary,10459,17,0.005,0.308650922650349,3019,4,0.050818625022657216,0.065,time,5329,22768,17,0.2240740032507888,0.308650922650349,0.308650922650349,True,ok
v46_anytime_50ms,compas_processed,12381,22,0.1,0.411364187060819,3855,1,0.00044466706458479166,0.251,optimal,29,13,621,0.411364187060819,0.411364187060819,0.411364,True,ok
v46_anytime_50ms,compas_processed,12381,22,0.05,0.36136418706081896,3855,1,0.050216333009302616,0.296,time,17,9806,621,0.16857281318148776,0.36136418706081896,0.361364,True,ok
v46_anytime_50ms,compas_processed,12381,22,0.02,0.32786043130603343,3564,2,0.05142470798455179,0.311,time,336,5964,621,0.10857281318148776,0.32786043130603343,0.32786,False,ok
v46_anytime_50ms,compas_processed,12381,22,0.01,0.30786043130603347,3564,2,0.05160091596189886,0.314,time,1347,5745,621,0.08857281318148777,0.30786043130603347,0.30786,False,ok
v46_anytime_50ms,compas_processed,12381,22,0.005,0.29786043130603346,3564,2,0.05128841695841402,0.319,time,738,4699,621,0.07857281318148776,0.29786043130603346,0.29786,False,ok
v46_anytime_100ms,chudi,77,2,0.1,0.464935064935065,5,4,0.0002930830232799053,20.252,optimal,25,12,46,0.464935064935065,0.464935064935065,0.464935,True,ok
v46_anytime_100ms,chudi,77,2,0.05,0.25,0,5,0.0004076249897480011,0.001,optimal,53,25,46,0.25,0.25,0.25,True,ok
v46_anytime_100ms,chudi,77,2,0.02,0.1,0,5,0.0004462499637156725,0.001,optimal,59,27,46,0.1,0.1,0.1,True,ok
v46_anytime_100ms,chudi,77,2,0.01,0.05,0,5,0.0004820829490199685,0.001,optimal,65,30,46,0.05,0.05,0.05,True,ok
v46_anytime_100ms,chudi,77,2,0.005,0.025,0,5,0.0004654160002246499,0.001,optimal,65,30,46,0.025,0.025,0.025,True,ok
v46_anytime_100ms,monk_3,122,11,0.1,0.5213114754098361,27,3,6.225006654858589e-05,0.001,optimal,8,3,11,0.521311475409836,0.521311475409836,0.521311,True,ok
v46_anytime_100ms,monk_3,122,11,0.05,0.3713114754098361,27,3,0.00011183402966707945,0.001,optimal,38,16,11,0.37131147540983606,0.37131147540983606,0.371311,True,ok
v46_anytime_100ms,monk_3,122,11,0.02,0.24295081967213114,15,6,0.000303708016872406,0.001,optimal,140,91,11,0.24295081967213117,0.24295081967213117,0.2429508196721311,True,ok
v46_anytime_100ms,monk_3,122,11,0.01,0.15557377049180326,8,9,0.0007026670500636101,0.002,optimal,391,283,11,0.15557377049180326,0.15557377049180326,0.1555737704918032,True,ok
v46_anytime_100ms,monk_3,122,11,0.005,0.09459016393442624,3,14,0.0020792089635506272,0.003,optimal,1216,873,11,0.09459016393442624,0.09459016393442624,0.09459,True,ok
v46_anytime_100ms,monk_1,124,11,0.1,0.4661290322580645,33,2,6.004201713949442e-05,0.001,optimal,7,2,11,0.46612903225806446,0.46612903225806446,0.466129,True,ok
v46_anytime_100ms,monk_1,124,11,0.05,0.33870967741935487,11,5,0.00012262503150850534,0.001,optimal,44,24,11,0.3387096774193548,0.3387096774193548,0.3387096774193548,True,ok
v46_anytime_100ms,monk_1,124,11,0.02,0.16,0,8,0.00022441602777689695,0.001,optimal,100,47,11,0.16,0.16,0.16,True,ok
v46_anytime_100ms,monk_1,124,11,0.01,0.08,0,8,0.0002512499922886491,0.001,optimal,106,48,11,0.08,0.08,0.08,True,ok
v46_anytime_100ms,monk_1,124,11,0.005,0.04,0,8,0.00022866693325340748,0.001,optimal,106,48,11,0.04,0.04,0.04,True,ok
v46_anytime_100ms,iris,150,4,0.1,0.34,6,3,0.00015899993013590574,0.001,optimal,5,1,118,0.34,0.34,0.34,True,ok
v46_anytime_100ms,iris,150,4,0.05,0.19000000000000003,6,3,0.00020454195328056812,0.001,optimal,9,1,118,0.19,0.19,0.19,True,ok
v46_anytime_100ms,iris,150,4,0.02,0.1,6,3,0.004640250001102686,0.006,optimal,122,75,118,0.1,0.1,0.1,True,ok
v46_anytime_100ms,iris,150,4,0.01,0.06,3,4,0.010097790975123644,0.011,optimal,129,375,118,0.060000000000000005,0.060000000000000005,0.06,True,ok
v46_anytime_100ms,iris,150,4,0.005,0.03833333333333334,2,5,0.03944770898669958,0.041,optimal,522,2127,118,0.03833333333333333,0.03833333333333333,0.038333,True,ok
v46_anytime_100ms,monk_2,169,11,0.1,0.47869822485207103,64,1,4.954205360263586e-05,0.001,optimal,9,1,11,0.47869822485207103,0.47869822485207103,0.478698,True,ok
v46_anytime_100ms,monk_2,169,11,0.05,0.428698224852071,64,1,9.933300316333771e-05,0.001,optimal,39,14,11,0.428698224852071,0.428698224852071,0.428698,True,ok
v46_anytime_100ms,monk_2,169,11,0.02,0.35893491124260357,37,7,0.001072959043085575,0.002,optimal,533,410,11,0.35893491124260357,0.35893491124260357,0.3589349112426035,True,ok
v46_anytime_100ms,monk_2,169,11,0.01,0.2650887573964497,11,20,0.0036479169502854347,0.005,optimal,1866,1573,11,0.2650887573964497,0.2650887573964497,0.2650887573964497,True,ok
v46_anytime_100ms,monk_2,169,11,0.005,0.15275147928994084,3,27,0.006600541993975639,0.008,optimal,1876,3320,11,0.15275147928994082,0.15275147928994082,0.152751,True,ok
v46_anytime_100ms,tic-tac-toe,958,9,0.1,0.4465553235908142,332,1,6.666604895144701e-05,0.011,optimal,7,1,27,0.4465553235908142,0.4465553235908142,0.446555,True,ok
v46_anytime_100ms,tic-tac-toe,958,9,0.05,0.3965553235908142,332,1,0.0004895419115200639,0.011,optimal,69,38,27,0.39655532359081413,0.39655532359081413,0.396555,True,ok
v46_anytime_100ms,tic-tac-toe,958,9,0.02,0.3183298538622129,190,6,0.013301874976605177,0.024,optimal,762,5158,27,0.3183298538622129,0.3183298538622129,0.3183298538622129,True,ok
v46_anytime_100ms,tic-tac-toe,958,9,0.01,0.2507515657620042,154,9,0.09663441707380116,0.107,optimal,3099,57535,27,0.2507515657620042,0.2507515657620042,0.2507515657620042,True,ok
v46_anytime_100ms,tic-tac-toe,958,9,0.005,0.15427974947807935,52,20,0.10256979207042605,0.114,time,7012,57411,27,0.01,0.15427974947807932,0.1542797494780793,True,ok
v46_anytime_100ms,gaussian_1k,1000,1,0.1,0.397,297,1,0.00038175005465745926,0.035,optimal,1,0,999,0.397,0.397,0.397,True,ok
v46_anytime_100ms,gaussian_1k,1000,1,0.05,0.275,125,3,0.0004779578885063529,0.035,optimal,5,0,999,0.275,0.275,0.275,True,ok
v46_anytime_100ms,gaussian_1k,1000,1,0.02,0.185,125,3,0.0005067500751465559,0.034,optimal,5,0,999,0.18499999999999997,0.18499999999999997,0.185,True,ok
v46_anytime_100ms,gaussian_1k,1000,1,0.01,0.155,125,3,0.0005241659237071872,0.033,optimal,5,0,999,0.155,0.155,0.155,True,ok
v46_anytime_100ms,gaussian_1k,1000,1,0.005,0.14,125,3,0.0005668749799951911,0.036,optimal,5,0,999,0.14,0.14,0.14,True,ok
v46_anytime_100ms,fico_1k,1000,23,0.1,0.491,291,2,0.032212667050771415,0.052,optimal,19,2795,1357,0.49100000000000005,0.49100000000000005,0.491,True,ok
v46_anytime_100ms,fico_1k,1000,23,0.05,0.391,291,2,0.10117812501266599,0.121,time,368,5133,1357,0.125,0.391,0.391,False,ok
v46_anytime_100ms,fico_1k,1000,23,0.02,0.33099999999999996,291,2,0.10143504093866795,0.122,time,23,5006,1357,0.065,0.33099999999999996,0.331,False,ok
v46_anytime_100ms,fico_1k,1000,23,0.01,0.304,264,4,0.10289591702166945,0.124,time,28,8,1357,0.045,0.304,0.304,False,ok
v46_anytime_100ms,fico_1k,1000,23,0.005,0.28400000000000003,264,4,0.102565958048217,0.123,time,38,7553,1357,0.035,0.28400000000000003,0.284,False,ok
v46_anytime_100ms,sine_1k,1000,1,0.1,0.595,495,1,0.000404624966904521,0.038,optimal,1,0,999,0.595,0.595,0.595,True,ok
v46_anytime_100ms,sine_1k,1000,1,0.05,0.545,495,1,0.00048625003546476364,0.036,optimal,1,0,999,0.545,0.545,0.545,True,ok
v46_anytime_100ms,sine_1k,1000,1,0.02,0.494,454,2,0.0005625000922009349,0.036,optimal,3,0,999,0.494,0.494,0.494,True,ok
v46_anytime_100ms,sine_1k,1000,1,0.01,0.42900000000000005,169,26,0.0006796250818297267,0.037,optimal,51,0,999,0.42900000000000016,0.42900000000000016,0.429,True,ok
v46_anytime_100ms,sine_1k,1000,1,0.005,0.269,109,32,0.0007083750097081065,0.037,optimal,63,0,999,0.26900000000000013,0.26900000000000013,0.269,True,ok
v46_anytime_100ms,car_evaluation,1728,15,0.1,0.3997685185185186,518,1,5.366699770092964e-05,0.003,optimal,3,1,15,0.39976851851851847,0.39976851851851847,0.3997685185185186,True,ok
v46_anytime_100ms,car_evaluation,1728,15,0.05,0.29467592592592595,250,3,0.0001559159718453884,0.003,optimal,26,10,15,0.29467592592592595,0.29467592592592595,0.2946759259259259,True,ok
v46_anytime_100ms,car_evaluation,1728,15,0.02,0.20467592592592593,250,3,0.0011756670428439975,0.004,optimal,561,382,15,0.20467592592592593,0.20467592592592593,0.2046759259259259,True,ok
v46_anytime_100ms,car_evaluation,1728,15,0.01,0.1452314814814815,130,7,0.005473041906952858,0.008,optimal,1547,1856,15,0.14523148148148152,0.14523148148148152,0.145231,True,ok
v46_anytime_100ms,car_evaluation,1728,15,0.005,0.1063425925925926,106,9,0.018930707941763103,0.022,optimal,4349,9057,15,0.1063425925925926,0.1063425925925926,0.1063425925925926,True,ok
v46_anytime_100ms,coupon_bar,1913,14,0.1,0.5119184526921067,788,1,3.412493970245123e-05,0.003,optimal,3,1,14,0.5119184526921067,0.5119184526921067,0.511918,True,ok
v46_anytime_100ms,coupon_bar,1913,14,0.05,0.4538944066910612,677,2,9.591702837496996e-05,0.003,optimal,28,15,14,0.4538944066910611,0.4538944066910611,0.453894,True,ok
v46_anytime_100ms,coupon_bar,1913,14,0.02,0.37155253528489285,596,3,0.00036870897747576237,0.003,optimal,193,119,14,0.3715525352848928,0.3715525352848928,0.3715525352848928,True,ok
v46_anytime_100ms,coupon_bar,1913,14,0.01,0.3410977522216414,576,4,0.0021095420233905315,0.005,optimal,973,786,14,0.3410977522216414,0.3410977522216414,0.3410977522216414,True,ok
v46_anytime_100ms,coupon_bar,1913,14,0.005,0.3186199686356508,533,8,0.011826333007775247,0.015,optimal,1351,7122,14,0.3186199686356508,0.3186199686356508,0.3186199686356508,True,ok
v46_anytime_100ms,compas_binned,6907,12,0.1,0.5610829593166353,2494,2,5.137501284480095e-05,0.007,optimal,3,1,12,0.5610829593166353,0.5610829593166353,0.5610829593166353,True,ok
v46_anytime_100ms,compas_binned,6907,12,0.05,0.46108295931663534,2494,2,5.0332979299128056e-05,0.007,optimal,3,1,12,0.46108295931663523,0.46108295931663523,0.4610829593166353,True,ok
v46_anytime_100ms,compas_binned,6907,12,0.02,0.4010829593166353,2494,2,0.00011358293704688549,0.007,optimal,25,12,12,0.4010829593166353,0.4010829593166353,0.4010829593166353,True,ok
v46_anytime_100ms,compas_binned,6907,12,0.01,0.37486752569856663,2382,3,0.0003307090373709798,0.007,optimal,114,63,12,0.3748675256985667,0.3748675256985667,0.3748675256985666,True,ok
v46_anytime_100ms,compas_binned,6907,12,0.005,0.355968582597365,2286,5,0.0007900419877842069,0.008,optimal,289,187,12,0.35596858259736497,0.35596858259736497,0.355968582597365,True,ok
v46_anytime_100ms,fico_binary,10459,17,0.1,0.5040443637058992,3180,2,6.204203236848116e-05,0.014,optimal,5,1,17,0.5040443637058992,0.5040443637058992,0.504044,True,ok
v46_anytime_100ms,fico_binary,10459,17,0.05,0.40404436370589925,3180,2,0.0001638750545680523,0.015,optimal,26,13,17,0.40404436370589925,0.40404436370589925,0.404044,True,ok
v46_anytime_100ms,fico_binary,10459,17,0.02,0.3440443637058992,3180,2,0.0009085829369723797,0.015,optimal,281,166,17,0.3440443637058992,0.3440443637058992,0.344044,True,ok
v46_anytime_100ms,fico_binary,10459,17,0.01,0.32404436370589923,3180,2,0.02761883393395692,0.042,optimal,1320,8126,17,0.32404436370589923,0.32404436370589923,0.324044,True,ok
v46_anytime_100ms,fico_binary,10459,17,0.005,0.308650922650349,3019,4,0.10381958296056837,0.118,time,6790,46720,17,0.2240740032507888,0.308650922650349,0.308650922650349,True,ok
v46_anytime_100ms,compas_processed,12381,22,0.1,0.411364187060819,3855,1,0.00044537498615682125,0.247,optimal,29,13,621,0.411364187060819,0.411364187060819,0.411364,True,ok
v46_anytime_100ms,compas_processed,12381,22,0.05,0.36136418706081896,3855,1,0.08554154203739017,0.327,optimal,17,14342,621,0.36136418706081896,0.36136418706081896,0.361364,True,ok
v46_anytime_100ms,compas_processed,12381,22,0.02,0.32786043130603343,3564,2,0.10388154198881239,0.374,time,1718,10306,621,0.10857281318148776,0.32786043130603343,0.32786,False,ok
v46_anytime_100ms,compas_processed,12381,22,0.01,0.30786043130603347,3564,2,0.10342945798765868,0.364,time,3466,10726,621,0.08857281318148777,0.30786043130603347,0.30786,False,ok
v46_anytime_100ms,compas_processed,12381,22,0.005,0.29786043130603346,3564,2,0.10291100002359599,0.368,time,878,8256,621,0.07857281318148776,0.29786043130603346,0.29786,False,ok
v46_anytime_300ms,chudi,77,2,0.1,0.464935064935065,5,4,0.0002862500259652734,21.531,optimal,25,12,46,0.464935064935065,0.464935064935065,0.464935,True,ok
v46_anytime_300ms,chudi,77,2,0.05,0.25,0,5,0.00040620798245072365,0.001,optimal,53,25,46,0.25,0.25,0.25,True,ok
v46_anytime_300ms,chudi,77,2,0.02,0.1,0,5,0.0004432910354807973,0.001,optimal,59,27,46,0.1,0.1,0.1,True,ok
v46_anytime_300ms,chudi,77,2,0.01,0.05,0,5,0.0005232499679550529,0.001,optimal,65,30,46,0.05,0.05,0.05,True,ok
v46_anytime_300ms,chudi,77,2,0.005,0.025,0,5,0.0004980829544365406,0.001,optimal,65,30,46,0.025,0.025,0.025,True,ok
v46_anytime_300ms,monk_3,122,11,0.1,0.5213114754098361,27,3,6.679201032966375e-05,0.001,optimal,8,3,11,0.521311475409836,0.521311475409836,0.521311,True,ok
v46_anytime_300ms,monk_3,122,11,0.05,0.3713114754098361,27,3,0.00011758296750485897,0.001,optimal,38,16,11,0.37131147540983606,0.37131147540983606,0.371311,True,ok
v46_anytime_300ms,monk_3,122,11,0.02,0.24295081967213114,15,6,0.00030129204969853163,0.001,optimal,140,91,11,0.24295081967213117,0.24295081967213117,0.2429508196721311,True,ok
v46_anytime_300ms,monk_3,122,11,0.01,0.15557377049180326,8,9,0.0007144579431042075,0.002,optimal,391,283,11,0.15557377049180326,0.15557377049180326,0.1555737704918032,True,ok
v46_anytime_300ms,monk_3,122,11,0.005,0.09459016393442624,3,14,0.0020019999938085675,0.003,optimal,1225,881,11,0.09459016393442624,0.09459016393442624,0.09459,True,ok
v46_anytime_300ms,monk_1,124,11,0.1,0.4661290322580645,33,2,5.7124998420476913e-05,0.001,optimal,7,2,11,0.46612903225806446,0.46612903225806446,0.466129,True,ok
v46_anytime_300ms,monk_1,124,11,0.05,0.33870967741935487,11,5,0.0001241250429302454,0.001,optimal,44,24,11,0.3387096774193548,0.3387096774193548,0.3387096774193548,True,ok
v46_anytime_300ms,monk_1,124,11,0.02,0.16,0,8,0.000230124918743968,0.001,optimal,100,47,11,0.16,0.16,0.16,True,ok
v46_anytime_300ms,monk_1,124,11,0.01,0.08,0,8,0.00022637494839727879,0.001,optimal,106,48,11,0.08,0.08,0.08,True,ok
v46_anytime_300ms,monk_1,124,11,0.005,0.04,0,8,0.0002235410502180457,0.001,optimal,106,48,11,0.04,0.04,0.04,True,ok
v46_anytime_300ms,iris,150,4,0.1,0.34,6,3,0.00016158295329660177,0.001,optimal,5,1,118,0.34,0.34,0.34,True,ok
v46_anytime_300ms,iris,150,4,0.05,0.19000000000000003,6,3,0.0002021249383687973,0.001,optimal,9,1,118,0.19,0.19,0.19,True,ok
v46_anytime_300ms,iris,150,4,0.02,0.1,6,3,0.004742666031233966,0.006,optimal,122,76,118,0.1,0.1,0.1,True,ok
v46_anytime_300ms,iris,150,4,0.01,0.06,3,4,0.009986458928324282,0.011,optimal,129,359,118,0.060000000000000005,0.060000000000000005,0.06,True,ok
v46_anytime_300ms,iris,150,4,0.005,0.03833333333333334,2,5,0.04023687494918704,0.042,optimal,522,2119,118,0.03833333333333333,0.03833333333333333,0.038333,True,ok
v46_anytime_300ms,monk_2,169,11,0.1,0.47869822485207103,64,1,5.16669824719429e-05,0.001,optimal,9,1,11,0.47869822485207103,0.47869822485207103,0.478698,True,ok
v46_anytime_300ms,monk_2,169,11,0.05,0.428698224852071,64,1,9.608292020857334e-05,0.001,optimal,39,14,11,0.428698224852071,0.428698224852071,0.428698,True,ok
v46_anytime_300ms,monk_2,169,11,0.02,0.35893491124260357,37,7,0.001076208078302443,0.002,optimal,533,410,11,0.35893491124260357,0.35893491124260357,0.3589349112426035,True,ok
v46_anytime_300ms,monk_2,169,11,0.01,0.2650887573964497,11,20,0.0037416249979287386,0.005,optimal,1879,1587,11,0.2650887573964497,0.2650887573964497,0.2650887573964497,True,ok
v46_anytime_300ms,monk_2,169,11,0.005,0.15275147928994084,3,27,0.006763707962818444,0.008,optimal,1846,3125,11,0.15275147928994082,0.15275147928994082,0.152751,True,ok
v46_anytime_300ms,tic-tac-toe,958,9,0.1,0.4465553235908142,332,1,6.24579843133688e-05,0.012,optimal,7,1,27,0.4465553235908142,0.4465553235908142,0.446555,True,ok
v46_anytime_300ms,tic-tac-toe,958,9,0.05,0.3965553235908142,332,1,0.000512082944624126,0.012,optimal,69,38,27,0.39655532359081413,0.39655532359081413,0.396555,True,ok
v46_anytime_300ms,tic-tac-toe,958,9,0.02,0.3183298538622129,190,6,0.011897334014065564,0.023,optimal,750,4676,27,0.3183298538622129,0.3183298538622129,0.3183298538622129,True,ok
v46_anytime_300ms,tic-tac-toe,958,9,0.01,0.2507515657620042,154,9,0.0896805829834193,0.101,optimal,3099,53463,27,0.2507515657620042,0.2507515657620042,0.2507515657620042,True,ok
v46_anytime_300ms,tic-tac-toe,958,9,0.005,0.15427974947807935,52,20,0.26120054197963327,0.273,optimal,6951,129058,27,0.15427974947807932,0.15427974947807932,0.1542797494780793,True,ok
v46_anytime_300ms,gaussian_1k,1000,1,0.1,0.397,297,1,0.00038241699803620577,0.036,optimal,1,0,999,0.397,0.397,0.397,True,ok
v46_anytime_300ms,gaussian_1k,1000,1,0.05,0.275,125,3,0.0004949580179527402,0.035,optimal,5,0,999,0.275,0.275,0.275,True,ok
v46_anytime_300ms,gaussian_1k,1000,1,0.02,0.185,125,3,0.0005585000617429614,0.035,optimal,5,0,999,0.18499999999999997,0.18499999999999997,0.185,True,ok
v46_anytime_300ms,gaussian_1k,1000,1,0.01,0.155,125,3,0.0005374170141294599,0.035,optimal,5,0,999,0.155,0.155,0.155,True,ok
v46_anytime_300ms,gaussian_1k,1000,1,0.005,0.14,125,3,0.000527750002220273,0.034,optimal,5,0,999,0.14,0.14,0.14,True,ok
v46_anytime_300ms,fico_1k,1000,23,0.1,0.491,291,2,0.0344148330623284,0.054,optimal,19,2793,1357,0.49100000000000005,0.49100000000000005,0.491,True,ok
v46_anytime_300ms,fico_1k,1000,23,0.05,0.391,291,2,0.3001970420591533,0.321,time,511,42087,1357,0.125,0.391,0.391,False,ok
v46_anytime_300ms,fico_1k,1000,23,0.02,0.33099999999999996,291,2,0.300346834002994,0.322,time,1641,14739,1357,0.065,0.33099999999999996,0.331,False,ok
v46_anytime_300ms,fico_1k,1000,23,0.01,0.304,264,4,0.3006127499975264,0.322,time,360,6020,1357,0.045,0.304,0.304,False,ok
v46_anytime_300ms,fico_1k,1000,23,0.005,0.28400000000000003,264,4,0.30059591599274427,0.322,time,29,5156,1357,0.035,0.28400000000000003,0.284,False,ok
v46_anytime_300ms,sine_1k,1000,1,0.1,0.595,495,1,0.0004323340253904462,0.038,optimal,1,0,999,0.595,0.595,0.595,True,ok
v46_anytime_300ms,sine_1k,1000,1,0.05,0.545,495,1,0.0004868340911343694,0.038,optimal,1,0,999,0.545,0.545,0.545,True,ok
v46_anytime_300ms,sine_1k,1000,1,0.02,0.494,454,2,0.0005576669936999679,0.037,optimal,3,0,999,0.494,0.494,0.494,True,ok
v46_anytime_300ms,sine_1k,1000,1,0.01,0.42900000000000005,169,26,0.0007049170089885592,0.037,optimal,51,0,999,0.42900000000000016,0.42900000000000016,0.429,True,ok
v46_anytime_300ms,sine_1k,1000,1,0.005,0.269,109,32,0.0007022089557722211,0.037,optimal,63,0,999,0.26900000000000013,0.26900000000000013,0.269,True,ok
v46_anytime_300ms,car_evaluation,1728,15,0.1,0.3997685185185186,518,1,4.8459041863679886e-05,0.003,optimal,3,1,15,0.39976851851851847,0.39976851851851847,0.3997685185185186,True,ok
v46_anytime_300ms,car_evaluation,1728,15,0.05,0.29467592592592595,250,3,0.00016320799477398396,0.003,optimal,26,10,15,0.29467592592592595,0.29467592592592595,0.2946759259259259,True,ok
v46_anytime_300ms,car_evaluation,1728,15,0.02,0.20467592592592593,250,3,0.0011576670221984386,0.004,optimal,561,382,15,0.20467592592592593,0.20467592592592593,0.2046759259259259,True,ok
v46_anytime_300ms,car_evaluation,1728,15,0.01,0.1452314814814815,130,7,0.005398374982178211,0.008,optimal,1555,1859,15,0.14523148148148152,0.14523148148148152,0.145231,True,ok
v46_anytime_300ms,car_evaluation,1728,15,0.005,0.1063425925925926,106,9,0.018214624957181513,0.021,optimal,4349,8551,15,0.1063425925925926,0.1063425925925926,0.1063425925925926,True,ok
v46_anytime_300ms,coupon_bar,1913,14,0.1,0.5119184526921067,788,1,3.558304160833359e-05,0.003,optimal,3,1,14,0.5119184526921067,0.5119184526921067,0.511918,True,ok
v46_anytime_300ms,coupon_bar,1913,14,0.05,0.4538944066910612,677,2,9.629200212657452e-05,0.003,optimal,28,15,14,0.4538944066910611,0.4538944066910611,0.453894,True,ok
v46_anytime_300ms,coupon_bar,1913,14,0.02,0.37155253528489285,596,3,0.0003629999700933695,0.003,optimal,193,119,14,0.3715525352848928,0.3715525352848928,0.3715525352848928,True,ok
v46_anytime_300ms,coupon_bar,1913,14,0.01,0.3410977522216414,576,4,0.0021662500221282244,0.005,optimal,975,792,14,0.3410977522216414,0.3410977522216414,0.3410977522216414,True,ok
v46_anytime_300ms,coupon_bar,1913,14,0.005,0.3186199686356508,533,8,0.008720624959096313,0.012,optimal,1351,4719,14,0.3186199686356508,0.3186199686356508,0.3186199686356508,True,ok
v46_anytime_300ms,compas_binned,6907,12,0.1,0.5610829593166353,2494,2,4.5541091822087765e-05,0.008,optimal,3,1,12,0.5610829593166353,0.5610829593166353,0.5610829593166353,True,ok
v46_anytime_300ms,compas_binned,6907,12,0.05,0.46108295931663534,2494,2,4.654191434383392e-05,0.007,optimal,3,1,12,0.46108295931663523,0.46108295931663523,0.4610829593166353,True,ok
v46_anytime_300ms,compas_binned,6907,12,0.02,0.4010829593166353,2494,2,0.0001194999786093831,0.007,optimal,25,12,12,0.4010829593166353,0.4010829593166353,0.4010829593166353,True,ok
v46_anytime_300ms,compas_binned,6907,12,0.01,0.37486752569856663,2382,3,0.0003284589620307088,0.008,optimal,114,63,12,0.3748675256985667,0.3748675256985667,0.3748675256985666,True,ok
v46_anytime_300ms,compas_binned,6907,12,0.005,0.355968582597365,2286,5,0.0007972919847816229,0.008,optimal,289,187,12,0.35596858259736497,0.35596858259736497,0.355968582597365,True,ok
v46_anytime_300ms,fico_binary,10459,17,0.1,0.5040443637058992,3180,2,6.987492088228464e-05,0.015,optimal,5,1,17,0.5040443637058992,0.5040443637058992,0.504044,True,ok
v46_anytime_300ms,fico_binary,10459,17,0.05,0.40404436370589925,3180,2,0.0001616249792277813,0.015,optimal,26,13,17,0.40404436370589925,0.40404436370589925,0.404044,True,ok
v46_anytime_300ms,fico_binary,10459,17,0.02,0.3440443637058992,3180,2,0.0008957500103861094,0.016,optimal,281,166,17,0.3440443637058992,0.3440443637058992,0.344044,True,ok
v46_anytime_300ms,fico_binary,10459,17,0.01,0.32404436370589923,3180,2,0.02494970802217722,0.04,optimal,1302,7503,17,0.32404436370589923,0.32404436370589923,0.324044,True,ok
v46_anytime_300ms,fico_binary,10459,17,0.005,0.308650922650349,3019,4,0.20412699994631112,0.219,optimal,5778,94917,17,0.308650922650349,0.308650922650349,0.308650922650349,True,ok
v46_anytime_300ms,compas_processed,12381,22,0.1,0.411364187060819,3855,1,0.00047312502283602953,0.254,optimal,29,13,621,0.411364187060819,0.411364187060819,0.411364,True,ok
v46_anytime_300ms,compas_processed,12381,22,0.05,0.36136418706081896,3855,1,0.06978537503164262,0.316,optimal,17,13018,621,0.36136418706081896,0.36136418706081896,0.361364,True,ok
v46_anytime_300ms,compas_processed,12381,22,0.02,0.32786043130603343,3564,2,0.3024535409640521,0.567,time,7144,32604,621,0.10857281318148776,0.32786043130603343,0.32786,False,ok
v46_anytime_300ms,compas_processed,12381,22,0.01,0.30786043130603347,3564,2,0.30158283398486674,0.567,time,7767,26785,621,0.08857281318148777,0.30786043130603347,0.30786,False,ok
v46_anytime_300ms,compas_processed,12381,22,0.005,0.29786043130603346,3564,2,0.3033221249934286,0.574,time,4740,26465,621,0.07857281318148776,0.29786043130603346,0.29786,False,ok
v46_topk_pairs,chudi,77,2,0.1,0.464935064935065,5,4,0.00017625000327825546,20.173,optimal,23,10,46,0.464935064935065,0.464935064935065,0.464935,True,ok
v46_topk_pairs,chudi,77,2,0.05,0.25,0,5,0.0003153750440105796,0.001,optimal,53,24,46,0.25,0.25,0.25,True,ok
v46_topk_pairs,chudi,77,2,0.02,0.1,0,5,0.0003463750472292304,0.001,optimal,59,26,46,0.1,0.1,0.1,True,ok
v46_topk_pairs,chudi,77,2,0.01,0.05,0,5,0.00037383404560387135,0.001,optimal,65,29,46,0.05,0.05,0.05,True,ok
v46_topk_pairs,chudi,77,2,0.005,0.025,0,5,0.0003718750085681677,0.001,optimal,65,29,46,0.025,0.025,0.025,True,ok
v46_topk_pairs,monk_3,122,11,0.1,0.5213114754098361,27,3,3.333296626806259e-05,0.001,optimal,6,3,11,0.521311475409836,0.521311475409836,0.521311,True,ok
v46_topk_pairs,monk_3,122,11,0.05,0.3713114754098361,27,3,6.599992047995329e-05,0.001,optimal,28,15,11,0.37131147540983606,0.37131147540983606,0.371311,True,ok
v46_topk_pairs,monk_3,122,11,0.02,0.24295081967213114,15,6,0.000213916995562613,0.001,optimal,131,88,11,0.24295081967213117,0.24295081967213117,0.2429508196721311,True,ok
v46_topk_pairs,monk_3,122,11,0.01,0.15557377049180326,8,9,0.0005727499956265092,0.001,optimal,385,284,11,0.15557377049180326,0.15557377049180326,0.1555737704918032,True,ok
v46_topk_pairs,monk_3,122,11,0.005,0.09459016393442624,3,14,0.0019450000254437327,0.003,optimal,1298,1001,11,0.09459016393442624,0.09459016393442624,0.09459,True,ok
v46_topk_pairs,monk_1,124,11,0.1,0.4661290322580645,33,2,2.2875028662383556e-05,0.001,optimal,3,2,11,0.46612903225806446,0.46612903225806446,0.466129,True,ok
v46_topk_pairs,monk_1,124,11,0.05,0.33870967741935487,11,5,7.01249809935689e-05,0.001,optimal,44,24,11,0.3387096774193548,0.3387096774193548,0.3387096774193548,True,ok
v46_topk_pairs,monk_1,124,11,0.02,0.16,0,8,0.0001411670818924904,0.001,optimal,95,50,11,0.16,0.16,0.16,True,ok
v46_topk_pairs,monk_1,124,11,0.01,0.08,0,8,0.00012920890003442764,0.001,optimal,101,51,11,0.08,0.08,0.08,True,ok
v46_topk_pairs,monk_1,124,11,0.005,0.04,0,8,0.00012154097203165293,0.001,optimal,101,51,11,0.04,0.04,0.04,True,ok
v46_topk_pairs,iris,150,4,0.1,0.34,6,3,0.00010062498040497303,0.001,optimal,5,0,118,0.34,0.34,0.34,True,ok
v46_topk_pairs,iris,150,4,0.05,0.19000000000000003,6,3,0.00015316600911319256,0.001,optimal,9,0,118,0.19,0.19,0.19,True,ok
v46_topk_pairs,iris,150,4,0.02,0.1,6,3,0.004348125075921416,0.006,optimal,122,73,118,0.1,0.1,0.1,True,ok
v46_topk_pairs,iris,150,4,0.01,0.06,3,4,0.011665459023788571,0.013,optimal,209,344,118,0.060000000000000005,0.060000000000000005,0.06,True,ok
v46_topk_pairs,iris,150,4,0.005,0.03833333333333334,2,5,0.029993249918334186,0.031,optimal,154,2117,118,0.03833333333333333,0.03833333333333333,0.038333,True,ok
v46_topk_pairs,monk_2,169,11,0.1,0.47869822485207103,64,1,2.3416941985487938e-05,0.001,optimal,1,1,11,0.47869822485207103,0.47869822485207103,0.478698,True,ok
v46_topk_pairs,monk_2,169,11,0.05,0.428698224852071,64,1,6.679201032966375e-05,0.001,optimal,23,14,11,0.428698224852071,0.428698224852071,0.428698,True,ok
v46_topk_pairs,monk_2,169,11,0.02,0.35893491124260357,37,7,0.0010217089438810945,0.002,optimal,546,446,11,0.35893491124260357,0.35893491124260357,0.3589349112426035,True,ok
v46_topk_pairs,monk_2,169,11,0.01,0.2650887573964497,11,20,0.003625791985541582,0.005,optimal,1886,1668,11,0.2650887573964497,0.2650887573964497,0.2650887573964497,True,ok
v46_topk_pairs,monk_2,169,11,0.005,0.15275147928994084,3,27,0.006119041005149484,0.007,optimal,1963,2926,11,0.15275147928994082,0.15275147928994082,0.152751,True,ok
v46_topk_pairs,tic-tac-toe,958,9,0.1,0.4465553235908142,332,1,3.787502646446228e-05,0.011,optimal,1,1,27,0.4465553235908142,0.4465553235908142,0.446555,True,ok
v46_topk_pairs,tic-tac-toe,958,9,0.05,0.3965553235908142,332,1,0.00047279195860028267,0.012,optimal,55,38,27,0.39655532359081413,0.39655532359081413,0.396555,True,ok
v46_topk_pairs,tic-tac-toe,958,9,0.02,0.3183298538622129,190,6,0.011831583920866251,0.023,optimal,715,4160,27,0.3183298538622129,0.3183298538622129,0.3183298538622129,True,ok
v46_topk_pairs,tic-tac-toe,958,9,0.01,0.2507515657620042,154,9,0.06785366695839912,0.079,optimal,763,41844,27,0.2507515657620042,0.2507515657620042,0.2507515657620042,True,ok
v46_topk_pairs,tic-tac-toe,958,9,0.005,0.15427974947807935,52,20,0.20139537495560944,0.213,optimal,938,137315,27,0.15427974947807932,0.15427974947807932,0.1542797494780793,True,ok
v46_topk_pairs,gaussian_1k,1000,1,0.1,0.397,297,1,0.0003785829758271575,0.037,optimal,1,0,999,0.397,0.397,0.397,True,ok
v46_topk_pairs,gaussian_1k,1000,1,0.05,0.275,125,3,0.0004656669916585088,0.037,optimal,5,0,999,0.275,0.275,0.275,True,ok
v46_topk_pairs,gaussian_1k,1000,1,0.02,0.185,125,3,0.0005148749332875013,0.036,optimal,5,0,999,0.18499999999999997,0.18499999999999997,0.185,True,ok
v46_topk_pairs,gaussian_1k,1000,1,0.01,0.155,125,3,0.0005276249721646309,0.036,optimal,5,0,999,0.155,0.155,0.155,True,ok
v46_topk_pairs,gaussian_1k,1000,1,0.005,0.14,125,3,0.0005394580075517297,0.037,optimal,5,0,999,0.14,0.14,0.14,True,ok
v46_topk_pairs,fico_1k,1000,23,0.1,0.491,291,2,0.020250250003300607,0.041,optimal,11,2635,1357,0.49100000000000005,0.49100000000000005,0.491,True,ok
v46_topk_pairs,fico_1k,1000,23,0.05,0.391,291,2,30.0,30.049,time,11,4563646,1357,0.125,0.391,0.391,False,ok
v46_topk_pairs,fico_1k,1000,23,0.02,0.33099999999999996,291,2,30.0,30.03,time,11,1995320,1357,0.065,0.33099999999999996,0.331,False,ok
v46_topk_pairs,fico_1k,1000,23,0.01,0.304,264,4,30.0,30.03,time,17,1224885,1357,0.045,0.304,0.304,False,ok
v46_topk_pairs,fico_1k,1000,23,0.005,0.28400000000000003,264,4,30.0,30.029,time,17,1369974,1357,0.035,0.28400000000000003,0.284,False,ok
v46_topk_pairs,sine_1k,1000,1,0.1,0.595,495,1,0.0004699999699369073,0.046,optimal,1,0,999,0.595,0.595,0.595,True,ok
v46_topk_pairs,sine_1k,1000,1,0.05,0.545,495,1,0.0005394580075517297,0.042,optimal,1,0,999,0.545,0.545,0.545,True,ok
v46_topk_pairs,sine_1k,1000,1,0.02,0.494,454,2,0.0005493339849635959,0.039,optimal,3,0,999,0.494,0.494,0.494,True,ok
v46_topk_pairs,sine_1k,1000,1,0.01,0.42900000000000005,169,26,0.0005990419303998351,0.038,optimal,51,0,999,0.42900000000000016,0.42900000000000016,0.429,True,ok
v46_topk_pairs,sine_1k,1000,1,0.005,0.269,109,32,0.0005665000062435865,0.037,optimal,63,0,999,0.26900000000000013,0.26900000000000013,0.269,True,ok
v46_topk_pairs,car_evaluation,1728,15,0.1,0.3997685185185186,518,1,3.2374984584748745e-05,0.003,optimal,1,1,15,0.39976851851851847,0.39976851851851847,0.3997685185185186,True,ok
v46_topk_pairs,car_evaluation,1728,15,0.05,0.29467592592592595,250,3,8.166697807610035e-05,0.003,optimal,18,10,15,0.29467592592592595,0.29467592592592595,0.2946759259259259,True,ok
v46_topk_pairs,car_evaluation,1728,15,0.02,0.20467592592592593,250,3,0.001097958069294691,0.004,optimal,548,377,15,0.20467592592592593,0.20467592592592593,0.2046759259259259,True,ok
v46_topk_pairs,car_evaluation,1728,15,0.01,0.1452314814814815,130,7,0.005500999977812171,0.008,optimal,1888,1822,15,0.1452314814814815,0.1452314814814815,0.145231,True,ok
v46_topk_pairs,car_evaluation,1728,15,0.005,0.1063425925925926,106,9,0.012787749990820885,0.015,optimal,1798,11015,15,0.1063425925925926,0.1063425925925926,0.1063425925925926,True,ok
v46_topk_pairs,coupon_bar,1913,14,0.1,0.5119184526921067,788,1,2.3458036594092846e-05,0.003,optimal,1,1,14,0.5119184526921067,0.5119184526921067,0.511918,True,ok
v46_topk_pairs,coupon_bar,1913,14,0.05,0.4538944066910612,677,2,7.691700011491776e-05,0.003,optimal,27,15,14,0.4538944066910611,0.4538944066910611,0.453894,True,ok
v46_topk_pairs,coupon_bar,1913,14,0.02,0.37155253528489285,596,3,0.0003087500808760524,0.003,optimal,189,122,14,0.3715525352848928,0.3715525352848928,0.3715525352848928,True,ok
v46_topk_pairs,coupon_bar,1913,14,0.01,0.3410977522216414,576,4,0.001927000004798174,0.005,optimal,952,778,14,0.3410977522216414,0.3410977522216414,0.3410977522216414,True,ok
v46_topk_pairs,coupon_bar,1913,14,0.005,0.3186199686356508,533,8,0.008102583000436425,0.011,optimal,1497,5079,14,0.3186199686356508,0.3186199686356508,0.3186199686356508,True,ok
v46_topk_pairs,compas_binned,6907,12,0.1,0.5610829593166353,2494,2,2.654106356203556e-05,0.007,optimal,3,1,12,0.5610829593166353,0.5610829593166353,0.5610829593166353,True,ok
v46_topk_pairs,compas_binned,6907,12,0.05,0.46108295931663534,2494,2,3.50830378010869e-05,0.009,optimal,3,1,12,0.46108295931663523,0.46108295931663523,0.4610829593166353,True,ok
v46_topk_pairs,compas_binned,6907,12,0.02,0.4010829593166353,2494,2,6.866699550300837e-05,0.008,optimal,21,12,12,0.4010829593166353,0.4010829593166353,0.4010829593166353,True,ok
v46_topk_pairs,compas_binned,6907,12,0.01,0.37486752569856663,2382,3,0.00026412506122142076,0.008,optimal,111,63,12,0.3748675256985667,0.3748675256985667,0.3748675256985666,True,ok
v46_topk_pairs,compas_binned,6907,12,0.005,0.355968582597365,2286,5,0.0007399579044431448,0.009,optimal,297,201,12,0.35596858259736497,0.35596858259736497,0.355968582597365,True,ok
v46_topk_pairs,fico_binary,10459,17,0.1,0.5040443637058992,3180,2,4.295795224606991e-05,0.015,optimal,3,1,17,0.5040443637058992,0.5040443637058992,0.504044,True,ok
v46_topk_pairs,fico_binary,10459,17,0.05,0.40404436370589925,3180,2,9.491597302258015e-05,0.016,optimal,23,13,17,0.40404436370589925,0.40404436370589925,0.404044,True,ok
v46_topk_pairs,fico_binary,10459,17,0.02,0.3440443637058992,3180,2,0.0008053750498220325,0.016,optimal,277,166,17,0.3440443637058992,0.3440443637058992,0.344044,True,ok
v46_topk_pairs,fico_binary,10459,17,0.01,0.32404436370589923,3180,2,0.024430332938209176,0.04,optimal,1063,6429,17,0.32404436370589923,0.32404436370589923,0.324044,True,ok
v46_topk_pairs,fico_binary,10459,17,0.005,0.308650922650349,3019,4,0.1825077919056639,0.198,optimal,1350,95406,17,0.308650922650349,0.308650922650349,0.308650922650349,True,ok
v46_topk_pairs,compas_processed,12381,22,0.1,0.411364187060819,3855,1,0.00040541705675423145,0.287,optimal,23,13,621,0.411364187060819,0.411364187060819,0.411364,True,ok
v46_topk_pairs,compas_processed,12381,22,0.05,0.36136418706081896,3855,1,0.06362608401104808,0.357,optimal,33,12266,621,0.36136418706081896,0.36136418706081896,0.361364,True,ok
v46_topk_pairs,compas_processed,12381,22,0.02,0.32786043130603343,3564,2,13.548033666913398,13.832,memory,11,1555793,621,0.10857281318148776,0.32786043130603343,0.32786,False,ok
v46_topk_pairs,compas_processed,12381,22,0.01,0.30786043130603347,3564,2,18.594822166953236,18.866,memory,11,1567694,621,0.08857281318148777,0.30786043130603347,0.30786,False,ok
v46_topk_pairs,compas_processed,12381,22,0.005,0.29786043130603346,3564,2,24.569878250011243,24.849,memory,11,1643065,621,0.07857281318148776,0.29786043130603346,0.29786,False,ok
v47_guesses_like,chudi,77,2,0.1,0.4727272727272727,21,2,7.24580604583025e-05,19.966,guessed,9,6,9,0.4727272727272728,0.4727272727272728,0.464935,True,worse_than_known
v47_guesses_like,chudi,77,2,0.05,0.25,0,5,8.254195563495159e-05,0.001,guessed,33,14,9,0.25,0.25,0.25,True,ok
v47_guesses_like,chudi,77,2,0.02,0.1,0,5,5.816703196614981e-05,0.001,guessed,35,14,9,0.1,0.1,0.1,True,ok
v47_guesses_like,chudi,77,2,0.01,0.05,0,5,5.3333002142608166e-05,0.001,guessed,35,14,9,0.05,0.05,0.05,True,ok
v47_guesses_like,chudi,77,2,0.005,0.025,0,5,5.12079568579793e-05,0.001,guessed,35,14,9,0.025,0.025,0.025,True,ok
v47_guesses_like,monk_3,122,11,0.1,0.5213114754098361,27,3,3.366603050380945e-05,0.002,guessed,6,2,9,0.521311475409836,0.521311475409836,0.521311,True,ok
v47_guesses_like,monk_3,122,11,0.05,0.3713114754098361,27,3,6.11250288784504e-05,0.001,guessed,20,11,9,0.37131147540983606,0.37131147540983606,0.371311,True,ok
v47_guesses_like,monk_3,122,11,0.02,0.24295081967213114,15,6,0.00016841699834913015,0.001,guessed,109,75,9,0.24295081967213117,0.24295081967213117,0.2429508196721311,True,ok
v47_guesses_like,monk_3,122,11,0.01,0.15557377049180326,8,9,0.000406875042244792,0.002,guessed,277,218,9,0.15557377049180326,0.15557377049180326,0.1555737704918032,True,ok
v47_guesses_like,monk_3,122,11,0.005,0.09459016393442624,3,14,0.0008228330407291651,0.002,guessed,612,461,9,0.09459016393442624,0.09459016393442624,0.09459,True,ok
v47_guesses_like,monk_1,124,11,0.1,0.4661290322580645,33,2,2.3042084649205208e-05,0.001,guessed,3,1,9,0.46612903225806446,0.46612903225806446,0.466129,True,ok
v47_guesses_like,monk_1,124,11,0.05,0.3661290322580645,33,2,5.195802077651024e-05,0.001,guessed,36,22,9,0.3661290322580645,0.3661290322580645,0.3387096774193548,True,worse_than_known
v47_guesses_like,monk_1,124,11,0.02,0.20870967741935484,11,6,2.9916991479694843e-05,0.001,upperbound,9,0,9,0.257741935483871,0.20870967741935484,0.16,True,worse_than_known
v47_guesses_like,monk_1,124,11,0.01,0.14870967741935484,11,6,2.8957962058484554e-05,0.001,upperbound,9,0,9,0.23774193548387096,0.14870967741935484,0.08,True,worse_than_known
v47_guesses_like,monk_1,124,11,0.005,0.11870967741935484,11,6,2.7084024623036385e-05,0.001,upperbound,9,0,9,0.22774193548387098,0.11870967741935484,0.04,True,worse_than_known
v47_guesses_like,iris,150,4,0.1,0.34,6,3,2.9959017410874367e-05,0.002,guessed,5,0,14,0.34,0.34,0.34,True,ok
v47_guesses_like,iris,150,4,0.05,0.19000000000000003,6,3,2.4458044208586216e-05,0.002,guessed,5,0,14,0.19,0.19,0.19,True,ok
v47_guesses_like,iris,150,4,0.02,0.1,6,3,8.383393287658691e-05,0.002,guessed,23,15,14,0.1,0.1,0.1,True,ok
v47_guesses_like,iris,150,4,0.01,0.06666666666666667,4,4,0.00024225004017353058,0.002,guessed,89,64,14,0.06666666666666667,0.06666666666666667,0.06,True,worse_than_known
v47_guesses_like,iris,150,4,0.005,0.045,3,5,0.0011551668867468834,0.003,guessed,456,372,14,0.045,0.045,0.038333,True,worse_than_known
v47_guesses_like,monk_2,169,11,0.1,0.47869822485207103,64,1,1.4332938008010387e-05,0.001,guessed,1,0,11,0.47869822485207103,0.47869822485207103,0.478698,True,ok
v47_guesses_like,monk_2,169,11,0.05,0.428698224852071,64,1,1.2665987014770508e-05,0.001,guessed,1,0,11,0.428698224852071,0.428698224852071,0.428698,True,ok
v47_guesses_like,monk_2,169,11,0.02,0.398698224852071,64,1,1.166702713817358e-05,0.001,guessed,1,0,11,0.398698224852071,0.398698224852071,0.3589349112426035,True,worse_than_known
v47_guesses_like,monk_2,169,11,0.01,0.388698224852071,64,1,1.1625001206994057e-05,0.001,guessed,1,0,11,0.388698224852071,0.388698224852071,0.2650887573964497,True,worse_than_known
v47_guesses_like,monk_2,169,11,0.005,0.383698224852071,64,1,1.1416035704314709e-05,0.001,guessed,1,0,11,0.383698224852071,0.383698224852071,0.152751,True,worse_than_known
v47_guesses_like,tic-tac-toe,958,9,0.1,0.4465553235908142,332,1,2.5333021767437458e-05,0.011,guessed,1,1,19,0.4465553235908142,0.4465553235908142,0.446555,True,ok
v47_guesses_like,tic-tac-toe,958,9,0.05,0.3965553235908142,332,1,0.0001561250537633896,0.011,guessed,45,27,19,0.39655532359081413,0.39655532359081413,0.396555,True,ok
v47_guesses_like,tic-tac-toe,958,9,0.02,0.3183298538622129,190,6,0.0036132080713286996,0.015,guessed,1131,801,19,0.3183298538622129,0.3183298538622129,0.3183298538622129,True,ok
v47_guesses_like,tic-tac-toe,958,9,0.01,0.2507515657620042,154,9,0.012778415926732123,0.024,guessed,1671,8118,19,0.2507515657620042,0.2507515657620042,0.2507515657620042,True,ok
v47_guesses_like,tic-tac-toe,958,9,0.005,0.15927974947807932,52,21,0.027144541032612324,0.038,guessed,1465,24909,19,0.15927974947807932,0.15927974947807932,0.1542797494780793,True,worse_than_known
v47_guesses_like,gaussian_1k,1000,1,0.1,0.397,297,1,2.862501423805952e-05,0.007,guessed,1,0,20,0.397,0.397,0.397,True,ok
v47_guesses_like,gaussian_1k,1000,1,0.05,0.275,125,3,2.316699828952551e-05,0.007,guessed,5,0,20,0.275,0.275,0.275,True,ok
v47_guesses_like,gaussian_1k,1000,1,0.02,0.185,125,3,1.9915984012186527e-05,0.007,guessed,5,0,20,0.18499999999999997,0.18499999999999997,0.185,True,ok
v47_guesses_like,gaussian_1k,1000,1,0.01,0.155,125,3,2.1832995116710663e-05,0.007,guessed,5,0,20,0.155,0.155,0.155,True,ok
v47_guesses_like,gaussian_1k,1000,1,0.005,0.14,125,3,2.145790494978428e-05,0.007,guessed,5,0,20,0.14,0.14,0.14,True,ok
v47_guesses_like,fico_1k,1000,23,0.1,0.491,291,2,0.00012779200915247202,0.011,guessed,21,11,35,0.49100000000000005,0.49100000000000005,0.491,True,ok
v47_guesses_like,fico_1k,1000,23,0.05,0.391,291,2,0.0034361250000074506,0.013,guessed,765,484,35,0.391,0.391,0.391,False,ok
v47_guesses_like,fico_1k,1000,23,0.02,0.33099999999999996,291,2,0.10662433307152241,0.117,guessed,997,43536,35,0.33099999999999996,0.33099999999999996,0.331,False,ok
v47_guesses_like,fico_1k,1000,23,0.01,0.311,291,2,0.856053875060752,0.867,guessed,1207,423950,35,0.311,0.311,0.304,False,worse_than_known
v47_guesses_like,fico_1k,1000,23,0.005,0.30000000000000004,280,4,2.655183333088644,2.666,guessed,1211,1218042,35,0.3,0.3,0.284,False,worse_than_known
v47_guesses_like,sine_1k,1000,1,0.1,0.595,495,1,2.7374946512281895e-05,0.008,guessed,1,0,24,0.595,0.595,0.595,True,ok
v47_guesses_like,sine_1k,1000,1,0.05,0.545,495,1,2.4499953724443913e-05,0.008,guessed,1,0,24,0.545,0.545,0.545,True,ok
v47_guesses_like,sine_1k,1000,1,0.02,0.494,454,2,2.4541979655623436e-05,0.007,guessed,3,0,24,0.494,0.494,0.494,True,ok
v47_guesses_like,sine_1k,1000,1,0.01,0.439,259,18,3.1791976653039455e-05,0.008,guessed,35,0,24,0.4390000000000001,0.4390000000000001,0.429,True,worse_than_known
v47_guesses_like,sine_1k,1000,1,0.005,0.349,259,18,2.537504769861698e-05,0.008,guessed,35,0,24,0.3490000000000001,0.3490000000000001,0.269,True,worse_than_known
v47_guesses_like,car_evaluation,1728,15,0.1,0.3997685185185186,518,1,2.3000058718025684e-05,0.004,guessed,1,1,13,0.39976851851851847,0.39976851851851847,0.3997685185185186,True,ok
v47_guesses_like,car_evaluation,1728,15,0.05,0.29467592592592595,250,3,6.279093213379383e-05,0.004,guessed,14,8,13,0.29467592592592595,0.29467592592592595,0.2946759259259259,True,ok
v47_guesses_like,car_evaluation,1728,15,0.02,0.20467592592592593,250,3,0.0006994579453021288,0.005,guessed,416,297,13,0.20467592592592593,0.20467592592592593,0.2046759259259259,True,ok
v47_guesses_like,car_evaluation,1728,15,0.01,0.1452314814814815,130,7,0.002810999983921647,0.007,guessed,1384,1223,13,0.1452314814814815,0.1452314814814815,0.145231,True,ok
v47_guesses_like,car_evaluation,1728,15,0.005,0.11023148148148149,130,7,0.0075854589231312275,0.012,guessed,1677,4865,13,0.11023148148148149,0.11023148148148149,0.1063425925925926,True,worse_than_known
v47_guesses_like,coupon_bar,1913,14,0.1,0.5119184526921067,788,1,2.350006252527237e-05,0.004,guessed,1,1,11,0.5119184526921067,0.5119184526921067,0.511918,True,ok
v47_guesses_like,coupon_bar,1913,14,0.05,0.4538944066910612,677,2,4.479195922613144e-05,0.004,guessed,19,10,11,0.4538944066910611,0.4538944066910611,0.453894,True,ok
v47_guesses_like,coupon_bar,1913,14,0.02,0.37155253528489285,596,3,0.0001261249417439103,0.004,guessed,86,48,11,0.3715525352848928,0.3715525352848928,0.3715525352848928,True,ok
v47_guesses_like,coupon_bar,1913,14,0.01,0.3410977522216414,576,4,0.0004802080802619457,0.004,guessed,314,216,11,0.3410977522216414,0.3410977522216414,0.3410977522216414,True,ok
v47_guesses_like,coupon_bar,1913,14,0.005,0.31982488238369056,564,5,0.0016969579737633467,0.006,guessed,951,793,11,0.31982488238369056,0.31982488238369056,0.3186199686356508,True,worse_than_known
v47_guesses_like,compas_binned,6907,12,0.1,0.5610829593166353,2494,2,2.6291003450751305e-05,0.01,guessed,3,1,11,0.5610829593166353,0.5610829593166353,0.5610829593166353,True,ok
v47_guesses_like,compas_binned,6907,12,0.05,0.46108295931663534,2494,2,2.595805563032627e-05,0.01,guessed,3,1,11,0.46108295931663523,0.46108295931663523,0.4610829593166353,True,ok
v47_guesses_like,compas_binned,6907,12,0.02,0.4010829593166353,2494,2,5.262496415525675e-05,0.01,guessed,17,10,11,0.4010829593166353,0.4010829593166353,0.4010829593166353,True,ok
v47_guesses_like,compas_binned,6907,12,0.01,0.37486752569856663,2382,3,0.000173665932379663,0.01,guessed,82,44,11,0.3748675256985667,0.3748675256985667,0.3748675256985666,True,ok
v47_guesses_like,compas_binned,6907,12,0.005,0.355968582597365,2286,5,0.0004373330157250166,0.01,guessed,209,138,11,0.35596858259736497,0.35596858259736497,0.355968582597365,True,ok
v47_guesses_like,fico_binary,10459,17,0.1,0.5040443637058992,3180,2,5.554093513637781e-05,0.017,guessed,3,1,16,0.5040443637058992,0.5040443637058992,0.504044,True,ok
v47_guesses_like,fico_binary,10459,17,0.05,0.40404436370589925,3180,2,9.437499102205038e-05,0.018,guessed,23,12,16,0.40404436370589925,0.40404436370589925,0.404044,True,ok
v47_guesses_like,fico_binary,10459,17,0.02,0.3440443637058992,3180,2,0.0006697920616716146,0.018,guessed,269,159,16,0.3440443637058992,0.3440443637058992,0.344044,True,ok
v47_guesses_like,fico_binary,10459,17,0.01,0.32404436370589923,3180,2,0.009684457909315825,0.027,guessed,1080,3567,16,0.32404436370589923,0.32404436370589923,0.324044,True,ok
v47_guesses_like,fico_binary,10459,17,0.005,0.308650922650349,3019,4,0.03777349996380508,0.055,guessed,1339,20833,16,0.308650922650349,0.308650922650349,0.308650922650349,True,ok
v47_guesses_like,compas_processed,12381,22,0.1,0.411364187060819,3855,1,2.295803278684616e-05,0.052,guessed,1,0,26,0.411364187060819,0.411364187060819,0.411364,True,ok
v47_guesses_like,compas_processed,12381,22,0.05,0.36136418706081896,3855,1,2.5916029699146748e-05,0.052,guessed,1,0,26,0.36136418706081896,0.36136418706081896,0.361364,True,ok
v47_guesses_like,compas_processed,12381,22,0.02,0.33060657459009773,3598,2,0.00044783297926187515,0.057,guessed,139,82,26,0.3306065745900978,0.3306065745900978,0.32786,False,worse_than_known
v47_guesses_like,compas_processed,12381,22,0.01,0.3106065745900978,3598,2,0.009076041984371841,0.062,guessed,887,3354,26,0.3106065745900978,0.3106065745900978,0.30786,False,worse_than_known
v47_guesses_like,compas_processed,12381,22,0.005,0.30060657459009776,3598,2,0.07322404207661748,0.125,guessed,953,34572,26,0.30060657459009776,0.30060657459009776,0.29786,False,worse_than_known
v48_fast_binarize,chudi,77,2,0.1,0.464935064935065,5,4,0.00018791703041642904,19.846,optimal,23,10,46,0.464935064935065,0.464935064935065,0.464935,True,ok
v48_fast_binarize,chudi,77,2,0.05,0.25,0,5,0.00029795896261930466,0.001,optimal,53,24,46,0.25,0.25,0.25,True,ok
v48_fast_binarize,chudi,77,2,0.02,0.1,0,5,0.00033412501215934753,0.001,optimal,59,26,46,0.1,0.1,0.1,True,ok
v48_fast_binarize,chudi,77,2,0.01,0.05,0,5,0.0003636659821495414,0.001,optimal,65,29,46,0.05,0.05,0.05,True,ok
v48_fast_binarize,chudi,77,2,0.005,0.025,0,5,0.00035870797000825405,0.001,optimal,65,29,46,0.025,0.025,0.025,True,ok
v48_fast_binarize,monk_3,122,11,0.1,0.5213114754098361,27,3,4.020810592919588e-05,0.001,optimal,6,3,11,0.521311475409836,0.521311475409836,0.521311,True,ok
v48_fast_binarize,monk_3,122,11,0.05,0.3713114754098361,27,3,7.104210089892149e-05,0.001,optimal,28,15,11,0.37131147540983606,0.37131147540983606,0.371311,True,ok
v48_fast_binarize,monk_3,122,11,0.02,0.24295081967213114,15,6,0.0002215830609202385,0.001,optimal,131,88,11,0.24295081967213117,0.24295081967213117,0.2429508196721311,True,ok
v48_fast_binarize,monk_3,122,11,0.01,0.15557377049180326,8,9,0.0005975409876555204,0.001,optimal,385,284,11,0.15557377049180326,0.15557377049180326,0.1555737704918032,True,ok
v48_fast_binarize,monk_3,122,11,0.005,0.09459016393442624,3,14,0.0020731670083478093,0.003,optimal,1298,1001,11,0.09459016393442624,0.09459016393442624,0.09459,True,ok
v48_fast_binarize,monk_1,124,11,0.1,0.4661290322580645,33,2,2.4416018277406693e-05,0.001,optimal,3,2,11,0.46612903225806446,0.46612903225806446,0.466129,True,ok
v48_fast_binarize,monk_1,124,11,0.05,0.33870967741935487,11,5,7.466599345207214e-05,0.001,optimal,44,24,11,0.3387096774193548,0.3387096774193548,0.3387096774193548,True,ok
v48_fast_binarize,monk_1,124,11,0.02,0.16,0,8,0.00013216596562415361,0.001,optimal,95,50,11,0.16,0.16,0.16,True,ok
v48_fast_binarize,monk_1,124,11,0.01,0.08,0,8,0.00013120798394083977,0.001,optimal,101,51,11,0.08,0.08,0.08,True,ok
v48_fast_binarize,monk_1,124,11,0.005,0.04,0,8,0.00012758292723447084,0.001,optimal,101,51,11,0.04,0.04,0.04,True,ok
v48_fast_binarize,iris,150,4,0.1,0.34,6,3,0.00010204093996435404,0.001,optimal,5,0,118,0.34,0.34,0.34,True,ok
v48_fast_binarize,iris,150,4,0.05,0.19000000000000003,6,3,0.00012683391105383635,0.001,optimal,9,0,118,0.19,0.19,0.19,True,ok
v48_fast_binarize,iris,150,4,0.02,0.1,6,3,0.004351167008280754,0.005,optimal,122,73,118,0.1,0.1,0.1,True,ok
v48_fast_binarize,iris,150,4,0.01,0.06,3,4,0.011541791958734393,0.012,optimal,211,342,118,0.060000000000000005,0.060000000000000005,0.06,True,ok
v48_fast_binarize,iris,150,4,0.005,0.03833333333333334,2,5,0.03813245799392462,0.039,optimal,166,2175,118,0.03833333333333333,0.03833333333333333,0.038333,True,ok
v48_fast_binarize,monk_2,169,11,0.1,0.47869822485207103,64,1,2.975005190819502e-05,0.001,optimal,1,1,11,0.47869822485207103,0.47869822485207103,0.478698,True,ok
v48_fast_binarize,monk_2,169,11,0.05,0.428698224852071,64,1,6.212503649294376e-05,0.001,optimal,23,14,11,0.428698224852071,0.428698224852071,0.428698,True,ok
v48_fast_binarize,monk_2,169,11,0.02,0.35893491124260357,37,7,0.0009452910162508488,0.002,optimal,546,446,11,0.35893491124260357,0.35893491124260357,0.3589349112426035,True,ok
v48_fast_binarize,monk_2,169,11,0.01,0.2650887573964497,11,20,0.0033544159960001707,0.004,optimal,1891,1668,11,0.2650887573964497,0.2650887573964497,0.2650887573964497,True,ok
v48_fast_binarize,monk_2,169,11,0.005,0.15275147928994084,3,27,0.006230125087313354,0.007,optimal,2585,2893,11,0.15275147928994082,0.15275147928994082,0.152751,True,ok
v48_fast_binarize,tic-tac-toe,958,9,0.1,0.4465553235908142,332,1,3.066693898290396e-05,0.005,optimal,1,1,27,0.4465553235908142,0.4465553235908142,0.446555,True,ok
v48_fast_binarize,tic-tac-toe,958,9,0.05,0.3965553235908142,332,1,0.00040600006468594074,0.006,optimal,55,38,27,0.39655532359081413,0.39655532359081413,0.396555,True,ok
v48_fast_binarize,tic-tac-toe,958,9,0.02,0.3183298538622129,190,6,0.012703665997833014,0.018,optimal,919,4203,27,0.3183298538622129,0.3183298538622129,0.3183298538622129,True,ok
v48_fast_binarize,tic-tac-toe,958,9,0.01,0.2507515657620042,154,9,0.08042995806317776,0.086,optimal,792,42034,27,0.2507515657620042,0.2507515657620042,0.2507515657620042,True,ok
v48_fast_binarize,tic-tac-toe,958,9,0.005,0.15427974947807935,52,20,0.2331552499672398,0.238,optimal,994,136735,27,0.15427974947807932,0.15427974947807932,0.1542797494780793,True,ok
v48_fast_binarize,gaussian_1k,1000,1,0.1,0.397,297,1,0.00035066704731434584,0.008,optimal,1,0,999,0.397,0.397,0.397,True,ok
v48_fast_binarize,gaussian_1k,1000,1,0.05,0.275,125,3,0.00041862495709210634,0.008,optimal,5,0,999,0.275,0.275,0.275,True,ok
v48_fast_binarize,gaussian_1k,1000,1,0.02,0.185,125,3,0.00047483399976044893,0.008,optimal,5,0,999,0.18499999999999997,0.18499999999999997,0.185,True,ok
v48_fast_binarize,gaussian_1k,1000,1,0.01,0.155,125,3,0.0005018330411985517,0.008,optimal,5,0,999,0.155,0.155,0.155,True,ok
v48_fast_binarize,gaussian_1k,1000,1,0.005,0.14,125,3,0.0004891250282526016,0.008,optimal,5,0,999,0.14,0.14,0.14,True,ok
v48_fast_binarize,fico_1k,1000,23,0.1,0.491,291,2,0.02089495793916285,0.031,optimal,11,2636,1357,0.49100000000000005,0.49100000000000005,0.491,True,ok
v48_fast_binarize,fico_1k,1000,23,0.05,0.391,291,2,30.0,30.058,time,11,4589841,1357,0.125,0.391,0.391,False,ok
v48_fast_binarize,fico_1k,1000,23,0.02,0.33099999999999996,291,2,30.0,30.016,time,11,1998739,1357,0.065,0.33099999999999996,0.331,False,ok
v48_fast_binarize,fico_1k,1000,23,0.01,0.304,264,4,30.0,30.015,time,17,1208767,1357,0.045,0.304,0.304,False,ok
v48_fast_binarize,fico_1k,1000,23,0.005,0.28400000000000003,264,4,30.0,30.016,time,17,1260159,1357,0.035,0.28400000000000003,0.284,False,ok
v48_fast_binarize,sine_1k,1000,1,0.1,0.595,495,1,0.0006152919959276915,0.014,optimal,1,0,999,0.595,0.595,0.595,True,ok
v48_fast_binarize,sine_1k,1000,1,0.05,0.545,495,1,0.0006570830009877682,0.012,optimal,1,0,999,0.545,0.545,0.545,True,ok
v48_fast_binarize,sine_1k,1000,1,0.02,0.494,454,2,0.0006726250285282731,0.011,optimal,3,0,999,0.494,0.494,0.494,True,ok
v48_fast_binarize,sine_1k,1000,1,0.01,0.42900000000000005,169,26,0.0007171249017119408,0.011,optimal,51,0,999,0.42900000000000016,0.42900000000000016,0.429,True,ok
v48_fast_binarize,sine_1k,1000,1,0.005,0.269,109,32,0.0006789580220356584,0.011,optimal,63,0,999,0.26900000000000013,0.26900000000000013,0.269,True,ok
v48_fast_binarize,car_evaluation,1728,15,0.1,0.3997685185185186,518,1,3.925000783056021e-05,0.002,optimal,1,1,15,0.39976851851851847,0.39976851851851847,0.3997685185185186,True,ok
v48_fast_binarize,car_evaluation,1728,15,0.05,0.29467592592592595,250,3,0.00010583398398011923,0.002,optimal,18,10,15,0.29467592592592595,0.29467592592592595,0.2946759259259259,True,ok
v48_fast_binarize,car_evaluation,1728,15,0.02,0.20467592592592593,250,3,0.0013178749941289425,0.003,optimal,548,377,15,0.20467592592592593,0.20467592592592593,0.2046759259259259,True,ok
v48_fast_binarize,car_evaluation,1728,15,0.01,0.1452314814814815,130,7,0.006155124981887639,0.008,optimal,1512,1865,15,0.1452314814814815,0.1452314814814815,0.145231,True,ok
v48_fast_binarize,car_evaluation,1728,15,0.005,0.1063425925925926,106,9,0.017466124962083995,0.019,optimal,1542,10466,15,0.1063425925925926,0.1063425925925926,0.1063425925925926,True,ok
v48_fast_binarize,coupon_bar,1913,14,0.1,0.5119184526921067,788,1,3.10409814119339e-05,0.002,optimal,1,1,14,0.5119184526921067,0.5119184526921067,0.511918,True,ok
v48_fast_binarize,coupon_bar,1913,14,0.05,0.4538944066910612,677,2,6.958399899303913e-05,0.002,optimal,27,15,14,0.4538944066910611,0.4538944066910611,0.453894,True,ok
v48_fast_binarize,coupon_bar,1913,14,0.02,0.37155253528489285,596,3,0.0003582499921321869,0.002,optimal,189,122,14,0.3715525352848928,0.3715525352848928,0.3715525352848928,True,ok
v48_fast_binarize,coupon_bar,1913,14,0.01,0.3410977522216414,576,4,0.0023331670090556145,0.004,optimal,952,786,14,0.3410977522216414,0.3410977522216414,0.3410977522216414,True,ok
v48_fast_binarize,coupon_bar,1913,14,0.005,0.3186199686356508,533,8,0.009434999898076057,0.011,optimal,1275,4638,14,0.3186199686356508,0.3186199686356508,0.3186199686356508,True,ok
v48_fast_binarize,compas_binned,6907,12,0.1,0.5610829593166353,2494,2,3.629201091825962e-05,0.004,optimal,3,1,12,0.5610829593166353,0.5610829593166353,0.5610829593166353,True,ok
v48_fast_binarize,compas_binned,6907,12,0.05,0.46108295931663534,2494,2,3.8041966035962105e-05,0.004,optimal,3,1,12,0.46108295931663523,0.46108295931663523,0.4610829593166353,True,ok
v48_fast_binarize,compas_binned,6907,12,0.02,0.4010829593166353,2494,2,7.354095578193665e-05,0.004,optimal,21,12,12,0.4010829593166353,0.4010829593166353,0.4010829593166353,True,ok
v48_fast_binarize,compas_binned,6907,12,0.01,0.37486752569856663,2382,3,0.00028795795515179634,0.004,optimal,111,63,12,0.3748675256985667,0.3748675256985667,0.3748675256985666,True,ok
v48_fast_binarize,compas_binned,6907,12,0.005,0.355968582597365,2286,5,0.0008269170066341758,0.004,optimal,297,201,12,0.35596858259736497,0.35596858259736497,0.355968582597365,True,ok
v48_fast_binarize,fico_binary,10459,17,0.1,0.5040443637058992,3180,2,4.424992948770523e-05,0.006,optimal,3,1,17,0.5040443637058992,0.5040443637058992,0.504044,True,ok
v48_fast_binarize,fico_binary,10459,17,0.05,0.40404436370589925,3180,2,9.183399379253387e-05,0.006,optimal,23,13,17,0.40404436370589925,0.40404436370589925,0.404044,True,ok
v48_fast_binarize,fico_binary,10459,17,0.02,0.3440443637058992,3180,2,0.0008625000482425094,0.007,optimal,277,166,17,0.3440443637058992,0.3440443637058992,0.344044,True,ok
v48_fast_binarize,fico_binary,10459,17,0.01,0.32404436370589923,3180,2,0.02458220801781863,0.03,optimal,1043,6447,17,0.32404436370589923,0.32404436370589923,0.324044,True,ok
v48_fast_binarize,fico_binary,10459,17,0.005,0.308650922650349,3019,4,0.23155587504152209,0.237,optimal,1069,95963,17,0.308650922650349,0.308650922650349,0.308650922650349,True,ok
v48_fast_binarize,compas_processed,12381,22,0.1,0.411364187060819,3855,1,0.0003868750063702464,0.072,optimal,23,13,621,0.411364187060819,0.411364187060819,0.411364,True,ok
v48_fast_binarize,compas_processed,12381,22,0.05,0.36136418706081896,3855,1,0.0647273330250755,0.131,optimal,41,12273,621,0.36136418706081896,0.36136418706081896,0.361364,True,ok
v48_fast_binarize,compas_processed,12381,22,0.02,0.32786043130603343,3564,2,16.62768654199317,16.705,memory,11,1584980,621,0.10857281318148776,0.32786043130603343,0.32786,False,ok
v48_fast_binarize,compas_processed,12381,22,0.01,0.30786043130603347,3564,2,22.129757749964483,22.201,memory,11,1586075,621,0.08857281318148777,0.30786043130603347,0.30786,False,ok
v48_fast_binarize,compas_processed,12381,22,0.005,0.29786043130603346,3564,2,29.569325875025243,29.648,memory,11,1688094,621,0.07857281318148776,0.29786043130603346,0.29786,False,ok
v49_cands_pairs_lazy_ws,chudi,77,2,0.1,0.464935064935065,5,4,0.00014720798935741186,21.019,optimal,27,10,46,0.464935064935065,0.464935064935065,0.464935,True,ok
v49_cands_pairs_lazy_ws,chudi,77,2,0.05,0.25,0,5,0.00018400000408291817,0.001,optimal,69,24,46,0.25,0.25,0.25,True,ok
v49_cands_pairs_lazy_ws,chudi,77,2,0.02,0.1,0,5,0.0001872499706223607,0.001,optimal,78,26,46,0.1,0.1,0.1,True,ok
v49_cands_pairs_lazy_ws,chudi,77,2,0.01,0.05,0,5,0.0001877080649137497,0.001,optimal,87,29,46,0.05,0.05,0.05,True,ok
v49_cands_pairs_lazy_ws,chudi,77,2,0.005,0.025,0,5,0.0001829999964684248,0.001,optimal,87,29,46,0.025,0.025,0.025,True,ok
v49_cands_pairs_lazy_ws,monk_3,122,11,0.1,0.5213114754098361,27,3,3.179209306836128e-05,0.001,optimal,6,3,11,0.521311475409836,0.521311475409836,0.521311,True,ok
v49_cands_pairs_lazy_ws,monk_3,122,11,0.05,0.3713114754098361,27,3,6.391690112650394e-05,0.001,optimal,28,15,11,0.37131147540983606,0.37131147540983606,0.371311,True,ok
v49_cands_pairs_lazy_ws,monk_3,122,11,0.02,0.24295081967213114,15,6,0.00021654204465448856,0.001,optimal,131,88,11,0.24295081967213117,0.24295081967213117,0.2429508196721311,True,ok
v49_cands_pairs_lazy_ws,monk_3,122,11,0.01,0.15557377049180326,8,9,0.0005831669550389051,0.001,optimal,385,284,11,0.15557377049180326,0.15557377049180326,0.1555737704918032,True,ok
v49_cands_pairs_lazy_ws,monk_3,122,11,0.005,0.09459016393442624,3,14,0.002002792083658278,0.003,optimal,1278,1003,11,0.09459016393442624,0.09459016393442624,0.09459,True,ok
v49_cands_pairs_lazy_ws,monk_1,124,11,0.1,0.4661290322580645,33,2,3.2041920349001884e-05,0.001,optimal,3,2,11,0.46612903225806446,0.46612903225806446,0.466129,True,ok
v49_cands_pairs_lazy_ws,monk_1,124,11,0.05,0.33870967741935487,11,5,7.733306847512722e-05,0.001,optimal,44,24,11,0.3387096774193548,0.3387096774193548,0.3387096774193548,True,ok
v49_cands_pairs_lazy_ws,monk_1,124,11,0.02,0.16,0,8,0.00013658404350280762,0.001,optimal,95,50,11,0.16,0.16,0.16,True,ok
v49_cands_pairs_lazy_ws,monk_1,124,11,0.01,0.08,0,8,0.00013116700574755669,0.001,optimal,101,51,11,0.08,0.08,0.08,True,ok
v49_cands_pairs_lazy_ws,monk_1,124,11,0.005,0.04,0,8,0.00013016699813306332,0.001,optimal,101,51,11,0.04,0.04,0.04,True,ok
v49_cands_pairs_lazy_ws,iris,150,4,0.1,0.34,6,3,0.00010241696145385504,0.001,optimal,5,0,118,0.34,0.34,0.34,True,ok
v49_cands_pairs_lazy_ws,iris,150,4,0.05,0.19000000000000003,6,3,0.000128416926600039,0.001,optimal,9,0,118,0.19,0.19,0.19,True,ok
v49_cands_pairs_lazy_ws,iris,150,4,0.02,0.1,6,3,0.0015497080748900771,0.002,optimal,125,58,118,0.1,0.1,0.1,True,ok
v49_cands_pairs_lazy_ws,iris,150,4,0.01,0.06,3,4,0.006511084036901593,0.007,optimal,350,314,118,0.060000000000000005,0.060000000000000005,0.06,True,ok
v49_cands_pairs_lazy_ws,iris,150,4,0.005,0.03833333333333334,2,5,0.016215791925787926,0.017,optimal,475,2001,118,0.03833333333333333,0.03833333333333333,0.038333,True,ok
v49_cands_pairs_lazy_ws,monk_2,169,11,0.1,0.47869822485207103,64,1,2.9583927243947983e-05,0.001,optimal,1,1,11,0.47869822485207103,0.47869822485207103,0.478698,True,ok
v49_cands_pairs_lazy_ws,monk_2,169,11,0.05,0.428698224852071,64,1,6.516696885228157e-05,0.001,optimal,23,14,11,0.428698224852071,0.428698224852071,0.428698,True,ok
v49_cands_pairs_lazy_ws,monk_2,169,11,0.02,0.35893491124260357,37,7,0.0009720000671222806,0.002,optimal,546,452,11,0.35893491124260357,0.35893491124260357,0.3589349112426035,True,ok
v49_cands_pairs_lazy_ws,monk_2,169,11,0.01,0.2650887573964497,11,20,0.003320082905702293,0.004,optimal,1847,1651,11,0.2650887573964497,0.2650887573964497,0.2650887573964497,True,ok
v49_cands_pairs_lazy_ws,monk_2,169,11,0.005,0.15275147928994084,3,27,0.006211790954694152,0.007,optimal,2586,2874,11,0.15275147928994082,0.15275147928994082,0.152751,True,ok
v49_cands_pairs_lazy_ws,tic-tac-toe,958,9,0.1,0.4465553235908142,332,1,3.3041927963495255e-05,0.004,optimal,1,1,27,0.4465553235908142,0.4465553235908142,0.446555,True,ok
v49_cands_pairs_lazy_ws,tic-tac-toe,958,9,0.05,0.3965553235908142,332,1,0.00036566704511642456,0.004,optimal,55,38,27,0.39655532359081413,0.39655532359081413,0.396555,True,ok
v49_cands_pairs_lazy_ws,tic-tac-toe,958,9,0.02,0.3183298538622129,190,6,0.010231749969534576,0.014,optimal,701,3947,27,0.3183298538622129,0.3183298538622129,0.3183298538622129,True,ok
v49_cands_pairs_lazy_ws,tic-tac-toe,958,9,0.01,0.2507515657620042,154,9,0.07322175009176135,0.077,optimal,1137,45520,27,0.2507515657620042,0.2507515657620042,0.2507515657620042,True,ok
v49_cands_pairs_lazy_ws,tic-tac-toe,958,9,0.005,0.15427974947807935,52,20,0.23986741597764194,0.243,optimal,930,162293,27,0.15427974947807932,0.15427974947807932,0.1542797494780793,True,ok
v49_cands_pairs_lazy_ws,gaussian_1k,1000,1,0.1,0.397,297,1,0.0003619580529630184,0.006,optimal,1,0,999,0.397,0.397,0.397,True,ok
v49_cands_pairs_lazy_ws,gaussian_1k,1000,1,0.05,0.275,125,3,0.00041641597636044025,0.006,optimal,5,0,999,0.275,0.275,0.275,True,ok
v49_cands_pairs_lazy_ws,gaussian_1k,1000,1,0.02,0.185,125,3,0.0004668340552598238,0.006,optimal,5,0,999,0.18499999999999997,0.18499999999999997,0.185,True,ok
v49_cands_pairs_lazy_ws,gaussian_1k,1000,1,0.01,0.155,125,3,0.0004774159751832485,0.006,optimal,5,0,999,0.155,0.155,0.155,True,ok
v49_cands_pairs_lazy_ws,gaussian_1k,1000,1,0.005,0.14,125,3,0.0004906249232590199,0.006,optimal,5,0,999,0.14,0.14,0.14,True,ok
v49_cands_pairs_lazy_ws,fico_1k,1000,23,0.1,0.491,291,2,0.019930124981328845,0.029,optimal,11,2554,1357,0.49100000000000005,0.49100000000000005,0.491,True,ok
v49_cands_pairs_lazy_ws,fico_1k,1000,23,0.05,0.391,291,2,30.0,30.06,time,11,4568295,1357,0.125,0.391,0.391,False,ok
v49_cands_pairs_lazy_ws,fico_1k,1000,23,0.02,0.33099999999999996,291,2,30.0,30.025,time,11,2008303,1357,0.065,0.33099999999999996,0.331,False,ok
v49_cands_pairs_lazy_ws,fico_1k,1000,23,0.01,0.304,264,4,30.0,30.013,time,17,1221547,1357,0.045,0.304,0.304,False,ok
v49_cands_pairs_lazy_ws,fico_1k,1000,23,0.005,0.28400000000000003,264,4,30.0,30.013,time,17,1176650,1357,0.035,0.28400000000000003,0.284,False,ok
v49_cands_pairs_lazy_ws,sine_1k,1000,1,0.1,0.595,495,1,0.00046533404383808374,0.008,optimal,1,0,999,0.595,0.595,0.595,True,ok
v49_cands_pairs_lazy_ws,sine_1k,1000,1,0.05,0.545,495,1,0.0005567499902099371,0.008,optimal,1,0,999,0.545,0.545,0.545,True,ok
v49_cands_pairs_lazy_ws,sine_1k,1000,1,0.02,0.494,454,2,0.0005926669109612703,0.008,optimal,3,0,999,0.494,0.494,0.494,True,ok
v49_cands_pairs_lazy_ws,sine_1k,1000,1,0.01,0.42900000000000005,169,26,0.0006185829406604171,0.008,optimal,51,0,999,0.42900000000000016,0.42900000000000016,0.429,True,ok
v49_cands_pairs_lazy_ws,sine_1k,1000,1,0.005,0.269,109,32,0.000649083056487143,0.008,optimal,63,0,999,0.26900000000000013,0.26900000000000013,0.269,True,ok
v49_cands_pairs_lazy_ws,car_evaluation,1728,15,0.1,0.3997685185185186,518,1,3.67090106010437e-05,0.002,optimal,1,1,15,0.39976851851851847,0.39976851851851847,0.3997685185185186,True,ok
v49_cands_pairs_lazy_ws,car_evaluation,1728,15,0.05,0.29467592592592595,250,3,8.420809172093868e-05,0.002,optimal,18,10,15,0.29467592592592595,0.29467592592592595,0.2946759259259259,True,ok
v49_cands_pairs_lazy_ws,car_evaluation,1728,15,0.02,0.20467592592592593,250,3,0.0010671659838408232,0.003,optimal,548,379,15,0.20467592592592593,0.20467592592592593,0.2046759259259259,True,ok
v49_cands_pairs_lazy_ws,car_evaluation,1728,15,0.01,0.1452314814814815,130,7,0.006136375013738871,0.008,optimal,1776,1909,15,0.1452314814814815,0.1452314814814815,0.145231,True,ok
v49_cands_pairs_lazy_ws,car_evaluation,1728,15,0.005,0.1063425925925926,106,9,0.013527832925319672,0.015,optimal,1580,11163,15,0.1063425925925926,0.1063425925925926,0.1063425925925926,True,ok
v49_cands_pairs_lazy_ws,coupon_bar,1913,14,0.1,0.5119184526921067,788,1,2.845900598913431e-05,0.002,optimal,1,1,14,0.5119184526921067,0.5119184526921067,0.511918,True,ok
v49_cands_pairs_lazy_ws,coupon_bar,1913,14,0.05,0.4538944066910612,677,2,5.691591650247574e-05,0.001,optimal,27,15,14,0.4538944066910611,0.4538944066910611,0.453894,True,ok
v49_cands_pairs_lazy_ws,coupon_bar,1913,14,0.02,0.37155253528489285,596,3,0.00031595793552696705,0.002,optimal,189,122,14,0.3715525352848928,0.3715525352848928,0.3715525352848928,True,ok
v49_cands_pairs_lazy_ws,coupon_bar,1913,14,0.01,0.3410977522216414,576,4,0.001953125,0.003,optimal,951,778,14,0.3410977522216414,0.3410977522216414,0.3410977522216414,True,ok
v49_cands_pairs_lazy_ws,coupon_bar,1913,14,0.005,0.3186199686356508,533,8,0.008310875040479004,0.01,optimal,1349,4771,14,0.3186199686356508,0.3186199686356508,0.3186199686356508,True,ok
v49_cands_pairs_lazy_ws,compas_binned,6907,12,0.1,0.5610829593166353,2494,2,3.1708041206002235e-05,0.003,optimal,3,1,12,0.5610829593166353,0.5610829593166353,0.5610829593166353,True,ok
v49_cands_pairs_lazy_ws,compas_binned,6907,12,0.05,0.46108295931663534,2494,2,3.724999260157347e-05,0.003,optimal,3,1,12,0.46108295931663523,0.46108295931663523,0.4610829593166353,True,ok
v49_cands_pairs_lazy_ws,compas_binned,6907,12,0.02,0.4010829593166353,2494,2,7.458298932760954e-05,0.003,optimal,21,12,12,0.4010829593166353,0.4010829593166353,0.4010829593166353,True,ok
v49_cands_pairs_lazy_ws,compas_binned,6907,12,0.01,0.37486752569856663,2382,3,0.0002697079908102751,0.003,optimal,109,63,12,0.3748675256985667,0.3748675256985667,0.3748675256985666,True,ok
v49_cands_pairs_lazy_ws,compas_binned,6907,12,0.005,0.355968582597365,2286,5,0.000734084052965045,0.004,optimal,289,201,12,0.35596858259736497,0.35596858259736497,0.355968582597365,True,ok
v49_cands_pairs_lazy_ws,fico_binary,10459,17,0.1,0.5040443637058992,3180,2,4.879198968410492e-05,0.005,optimal,3,1,17,0.5040443637058992,0.5040443637058992,0.504044,True,ok
v49_cands_pairs_lazy_ws,fico_binary,10459,17,0.05,0.40404436370589925,3180,2,9.462493471801281e-05,0.005,optimal,23,13,17,0.40404436370589925,0.40404436370589925,0.404044,True,ok
v49_cands_pairs_lazy_ws,fico_binary,10459,17,0.02,0.3440443637058992,3180,2,0.0008363329106941819,0.006,optimal,277,166,17,0.3440443637058992,0.3440443637058992,0.344044,True,ok
v49_cands_pairs_lazy_ws,fico_binary,10459,17,0.01,0.32404436370589923,3180,2,0.024590665940195322,0.03,optimal,1089,6414,17,0.32404436370589923,0.32404436370589923,0.324044,True,ok
v49_cands_pairs_lazy_ws,fico_binary,10459,17,0.005,0.308650922650349,3019,4,0.20928812504280359,0.214,optimal,1476,94746,17,0.308650922650349,0.308650922650349,0.308650922650349,True,ok
v49_cands_pairs_lazy_ws,compas_processed,12381,22,0.1,0.411364187060819,3855,1,0.0003679159563034773,0.057,optimal,23,13,621,0.411364187060819,0.411364187060819,0.411364,True,ok
v49_cands_pairs_lazy_ws,compas_processed,12381,22,0.05,0.36136418706081896,3855,1,0.08567704097367823,0.14,optimal,65,12191,621,0.36136418706081896,0.36136418706081896,0.361364,True,ok
v49_cands_pairs_lazy_ws,compas_processed,12381,22,0.02,0.32786043130603343,3564,2,14.292938334052451,14.371,memory,11,1565421,621,0.10857281318148776,0.32786043130603343,0.32786,False,ok
v49_cands_pairs_lazy_ws,compas_processed,12381,22,0.01,0.30786043130603347,3564,2,18.08469954098109,18.145,memory,11,1555808,621,0.08857281318148777,0.30786043130603347,0.30786,False,ok
v49_cands_pairs_lazy_ws,compas_processed,12381,22,0.005,0.29786043130603346,3564,2,24.563826583093032,24.636,memory,11,1641052,621,0.07857281318148776,0.29786043130603346,0.29786,False,ok
v49_anytime_2ms,chudi,77,2,0.1,0.464935064935065,5,4,0.00027608301024883986,21.585,optimal,32,12,46,0.464935064935065,0.464935064935065,0.464935,True,ok
v49_anytime_2ms,chudi,77,2,0.05,0.25,0,5,0.00030041695572435856,0.001,optimal,69,25,46,0.25,0.25,0.25,True,ok
v49_anytime_2ms,chudi,77,2,0.02,0.1,0,5,0.0003019999712705612,0.001,optimal,78,27,46,0.1,0.1,0.1,True,ok
v49_anytime_2ms,chudi,77,2,0.01,0.05,0,5,0.0003047080244868994,0.001,optimal,87,30,46,0.05,0.05,0.05,True,ok
v49_anytime_2ms,chudi,77,2,0.005,0.025,0,5,0.00029512494802474976,0.001,optimal,87,30,46,0.025,0.025,0.025,True,ok
v49_anytime_2ms,monk_3,122,11,0.1,0.5213114754098361,27,3,8.316594175994396e-05,0.001,optimal,8,3,11,0.521311475409836,0.521311475409836,0.521311,True,ok
v49_anytime_2ms,monk_3,122,11,0.05,0.3713114754098361,27,3,0.00012500002048909664,0.001,optimal,38,16,11,0.37131147540983606,0.37131147540983606,0.371311,True,ok
v49_anytime_2ms,monk_3,122,11,0.02,0.24295081967213114,15,6,0.0003117920132353902,0.001,optimal,140,91,11,0.24295081967213117,0.24295081967213117,0.2429508196721311,True,ok
v49_anytime_2ms,monk_3,122,11,0.01,0.15557377049180326,8,9,0.0007281249854713678,0.001,optimal,394,286,11,0.15557377049180326,0.15557377049180326,0.1555737704918032,True,ok
v49_anytime_2ms,monk_3,122,11,0.005,0.09459016393442624,3,14,0.0020897500216960907,0.003,optimal,1248,905,11,0.09459016393442624,0.09459016393442624,0.09459,True,ok
v49_anytime_2ms,monk_1,124,11,0.1,0.4661290322580645,33,2,5.9750047512352467e-05,0.001,optimal,7,2,11,0.46612903225806446,0.46612903225806446,0.466129,True,ok
v49_anytime_2ms,monk_1,124,11,0.05,0.33870967741935487,11,5,0.00012479210272431374,0.001,optimal,44,24,11,0.3387096774193548,0.3387096774193548,0.3387096774193548,True,ok
v49_anytime_2ms,monk_1,124,11,0.02,0.16,0,8,0.00023962499108165503,0.001,optimal,100,47,11,0.16,0.16,0.16,True,ok
v49_anytime_2ms,monk_1,124,11,0.01,0.08,0,8,0.00023570796474814415,0.001,optimal,106,48,11,0.08,0.08,0.08,True,ok
v49_anytime_2ms,monk_1,124,11,0.005,0.04,0,8,0.00022670801263302565,0.001,optimal,106,48,11,0.04,0.04,0.04,True,ok
v49_anytime_2ms,iris,150,4,0.1,0.34,6,3,0.00014291610568761826,0.001,optimal,5,1,118,0.34,0.34,0.34,True,ok
v49_anytime_2ms,iris,150,4,0.05,0.19000000000000003,6,3,0.00016062497161328793,0.001,optimal,9,1,118,0.19,0.19,0.19,True,ok
v49_anytime_2ms,iris,150,4,0.02,0.1,6,3,0.0020572920329868793,0.003,optimal,125,68,118,0.1,0.1,0.1,True,ok
v49_anytime_2ms,iris,150,4,0.01,0.06,3,4,0.002134709036909044,0.003,time,149,96,118,0.02,0.060000000000000005,0.06,True,ok
v49_anytime_2ms,iris,150,4,0.005,0.03833333333333334,2,5,0.0020048749865964055,0.003,time,136,81,118,0.01,0.03833333333333333,0.038333,True,ok
v49_anytime_2ms,monk_2,169,11,0.1,0.47869822485207103,64,1,4.099996294826269e-05,0.001,optimal,9,1,11,0.47869822485207103,0.47869822485207103,0.478698,True,ok
v49_anytime_2ms,monk_2,169,11,0.05,0.428698224852071,64,1,8.516700472682714e-05,0.001,optimal,39,14,11,0.428698224852071,0.428698224852071,0.428698,True,ok
v49_anytime_2ms,monk_2,169,11,0.02,0.35893491124260357,37,7,0.0010216250084340572,0.002,optimal,563,444,11,0.35893491124260357,0.35893491124260357,0.3589349112426035,True,ok
v49_anytime_2ms,monk_2,169,11,0.01,0.26692307692307693,13,19,0.002149541978724301,0.003,time,1272,1011,11,0.02,0.26692307692307693,0.2650887573964497,True,worse_than_known
v49_anytime_2ms,monk_2,169,11,0.005,0.15642011834319527,7,23,0.0022673329804092646,0.003,time,1260,809,11,0.01,0.15775147928994082,0.152751,True,worse_than_known
v49_anytime_2ms,tic-tac-toe,958,9,0.1,0.4465553235908142,332,1,5.716690793633461e-05,0.004,optimal,7,1,27,0.4465553235908142,0.4465553235908142,0.446555,True,ok
v49_anytime_2ms,tic-tac-toe,958,9,0.05,0.3965553235908142,332,1,0.00040912500116974115,0.004,optimal,69,38,27,0.39655532359081413,0.39655532359081413,0.396555,True,ok
v49_anytime_2ms,tic-tac-toe,958,9,0.02,0.3406263048016701,288,2,0.0021599169122055173,0.006,time,588,311,27,0.04,0.3406263048016701,0.3183298538622129,True,worse_than_known
v49_anytime_2ms,tic-tac-toe,958,9,0.01,0.25872651356993737,85,17,0.0023791249841451645,0.006,time,610,333,27,0.02,0.25872651356993737,0.2507515657620042,True,worse_than_known
v49_anytime_2ms,tic-tac-toe,958,9,0.005,0.15592901878914406,44,22,0.002027458045631647,0.006,time,573,277,27,0.01,0.15592901878914403,0.1542797494780793,True,worse_than_known
v49_anytime_2ms,gaussian_1k,1000,1,0.1,0.397,297,1,0.0005836669588461518,0.006,optimal,1,0,999,0.397,0.397,0.397,True,ok
v49_anytime_2ms,gaussian_1k,1000,1,0.05,0.275,125,3,0.0006497499998658895,0.006,optimal,5,0,999,0.275,0.275,0.275,True,ok
v49_anytime_2ms,gaussian_1k,1000,1,0.02,0.185,125,3,0.0007057089824229479,0.006,optimal,5,0,999,0.18499999999999997,0.18499999999999997,0.185,True,ok
v49_anytime_2ms,gaussian_1k,1000,1,0.01,0.155,125,3,0.0007184590213000774,0.007,optimal,5,0,999,0.155,0.155,0.155,True,ok
v49_anytime_2ms,gaussian_1k,1000,1,0.005,0.14,125,3,0.0007287919288501143,0.006,optimal,5,0,999,0.14,0.14,0.14,True,ok
v49_anytime_2ms,fico_1k,1000,23,0.1,0.491,291,2,0.00225108303129673,0.011,time,105,71,1357,0.225,0.49100000000000005,0.491,True,ok
v49_anytime_2ms,fico_1k,1000,23,0.05,0.391,291,2,0.0022569579305127263,0.011,time,84,52,1357,0.125,0.391,0.391,False,ok
v49_anytime_2ms,fico_1k,1000,23,0.02,0.33099999999999996,291,2,0.0022591669112443924,0.011,time,51,36,1357,0.065,0.33099999999999996,0.331,False,ok
v49_anytime_2ms,fico_1k,1000,23,0.01,0.311,291,2,0.0020562499994412065,0.011,time,40,29,1357,0.045,0.311,0.304,False,worse_than_known
v49_anytime_2ms,fico_1k,1000,23,0.005,0.28700000000000003,267,4,0.002027875045314431,0.011,time,31,19,1357,0.035,0.28700000000000003,0.284,False,worse_than_known
v49_anytime_2ms,sine_1k,1000,1,0.1,0.595,495,1,0.0005584589671343565,0.006,optimal,1,0,999,0.595,0.595,0.595,True,ok
v49_anytime_2ms,sine_1k,1000,1,0.05,0.545,495,1,0.0006447089836001396,0.006,optimal,1,0,999,0.545,0.545,0.545,True,ok
v49_anytime_2ms,sine_1k,1000,1,0.02,0.494,454,2,0.0007109169382601976,0.006,optimal,3,0,999,0.494,0.494,0.494,True,ok
v49_anytime_2ms,sine_1k,1000,1,0.01,0.42900000000000005,169,26,0.0008096669334918261,0.007,optimal,51,0,999,0.42900000000000016,0.42900000000000016,0.429,True,ok
v49_anytime_2ms,sine_1k,1000,1,0.005,0.269,109,32,0.0008457499789074063,0.007,optimal,63,0,999,0.26900000000000013,0.26900000000000013,0.269,True,ok
v49_anytime_2ms,car_evaluation,1728,15,0.1,0.3997685185185186,518,1,4.2166910134255886e-05,0.001,optimal,3,1,15,0.39976851851851847,0.39976851851851847,0.3997685185185186,True,ok
v49_anytime_2ms,car_evaluation,1728,15,0.05,0.29467592592592595,250,3,0.000124208047054708,0.001,optimal,26,10,15,0.29467592592592595,0.29467592592592595,0.2946759259259259,True,ok
v49_anytime_2ms,car_evaluation,1728,15,0.02,0.20467592592592593,250,3,0.000989957945421338,0.002,optimal,561,389,15,0.20467592592592593,0.20467592592592593,0.2046759259259259,True,ok
v49_anytime_2ms,car_evaluation,1728,15,0.01,0.1452314814814815,130,7,0.0022564170649275184,0.004,time,1064,867,15,0.02,0.14523148148148152,0.145231,True,ok
v49_anytime_2ms,car_evaluation,1728,15,0.005,0.1063425925925926,106,9,0.0022111249854788184,0.004,time,974,789,15,0.01,0.1063425925925926,0.1063425925925926,True,ok
v49_anytime_2ms,coupon_bar,1913,14,0.1,0.5119184526921067,788,1,2.566608600318432e-05,0.001,optimal,3,1,14,0.5119184526921067,0.5119184526921067,0.511918,True,ok
v49_anytime_2ms,coupon_bar,1913,14,0.05,0.4538944066910612,677,2,8.070806507021189e-05,0.001,optimal,28,15,14,0.4538944066910611,0.4538944066910611,0.453894,True,ok
v49_anytime_2ms,coupon_bar,1913,14,0.02,0.37155253528489285,596,3,0.0003215000033378601,0.002,optimal,193,119,14,0.3715525352848928,0.3715525352848928,0.3715525352848928,True,ok
v49_anytime_2ms,coupon_bar,1913,14,0.01,0.3410977522216414,576,4,0.0019132910529151559,0.003,optimal,948,807,14,0.3410977522216414,0.3410977522216414,0.3410977522216414,True,ok
v49_anytime_2ms,coupon_bar,1913,14,0.005,0.3186199686356508,533,8,0.0020607910118997097,0.003,time,1116,962,14,0.26771040250914796,0.3186199686356508,0.3186199686356508,True,ok
v49_anytime_2ms,compas_binned,6907,12,0.1,0.5610829593166353,2494,2,4.029099363833666e-05,0.003,optimal,3,1,12,0.5610829593166353,0.5610829593166353,0.5610829593166353,True,ok
v49_anytime_2ms,compas_binned,6907,12,0.05,0.46108295931663534,2494,2,3.995897714048624e-05,0.002,optimal,3,1,12,0.46108295931663523,0.46108295931663523,0.4610829593166353,True,ok
v49_anytime_2ms,compas_binned,6907,12,0.02,0.4010829593166353,2494,2,0.0001004169462248683,0.003,optimal,25,12,12,0.4010829593166353,0.4010829593166353,0.4010829593166353,True,ok
v49_anytime_2ms,compas_binned,6907,12,0.01,0.37486752569856663,2382,3,0.00028549996204674244,0.003,optimal,112,63,12,0.3748675256985667,0.3748675256985667,0.3748675256985666,True,ok
v49_anytime_2ms,compas_binned,6907,12,0.005,0.355968582597365,2286,5,0.0007153339684009552,0.003,optimal,277,189,12,0.35596858259736497,0.35596858259736497,0.355968582597365,True,ok
v49_anytime_2ms,fico_binary,10459,17,0.1,0.5040443637058992,3180,2,5.916703958064318e-05,0.005,optimal,5,1,17,0.5040443637058992,0.5040443637058992,0.504044,True,ok
v49_anytime_2ms,fico_binary,10459,17,0.05,0.40404436370589925,3180,2,0.00014504208229482174,0.005,optimal,26,13,17,0.40404436370589925,0.40404436370589925,0.404044,True,ok
v49_anytime_2ms,fico_binary,10459,17,0.02,0.3440443637058992,3180,2,0.000851999968290329,0.005,optimal,281,170,17,0.3440443637058992,0.3440443637058992,0.344044,True,ok
v49_anytime_2ms,fico_binary,10459,17,0.01,0.32404436370589923,3180,2,0.0020373750012367964,0.007,time,807,511,17,0.23407400325078878,0.32404436370589923,0.324044,True,ok
v49_anytime_2ms,fico_binary,10459,17,0.005,0.308650922650349,3019,4,0.0021002920111641288,0.007,time,880,529,17,0.2240740032507888,0.308650922650349,0.308650922650349,True,ok
v49_anytime_2ms,compas_processed,12381,22,0.1,0.411364187060819,3855,1,0.0006093750707805157,0.054,optimal,29,13,621,0.411364187060819,0.411364187060819,0.411364,True,ok
v49_anytime_2ms,compas_processed,12381,22,0.05,0.36136418706081896,3855,1,0.0021933340467512608,0.055,time,157,84,621,0.16857281318148776,0.36136418706081896,0.361364,True,ok
v49_anytime_2ms,compas_processed,12381,22,0.02,0.32786043130603343,3564,2,0.00236504094209522,0.057,time,157,86,621,0.10857281318148776,0.32786043130603343,0.32786,False,ok
v49_anytime_2ms,compas_processed,12381,22,0.01,0.30786043130603347,3564,2,0.0023898340296000242,0.058,time,215,114,621,0.08857281318148777,0.30786043130603347,0.30786,False,ok
v49_anytime_2ms,compas_processed,12381,22,0.005,0.29786043130603346,3564,2,0.002302750013768673,0.055,time,131,70,621,0.07857281318148776,0.29786043130603346,0.29786,False,ok
v49_anytime_5ms,chudi,77,2,0.1,0.464935064935065,5,4,0.00032529199961572886,23.606,optimal,32,12,46,0.464935064935065,0.464935064935065,0.464935,True,ok
v49_anytime_5ms,chudi,77,2,0.05,0.25,0,5,0.0003032910171896219,0.001,optimal,69,25,46,0.25,0.25,0.25,True,ok
v49_anytime_5ms,chudi,77,2,0.02,0.1,0,5,0.0002984580351039767,0.001,optimal,78,27,46,0.1,0.1,0.1,True,ok
v49_anytime_5ms,chudi,77,2,0.01,0.05,0,5,0.00030033395159989595,0.001,optimal,87,30,46,0.05,0.05,0.05,True,ok
v49_anytime_5ms,chudi,77,2,0.005,0.025,0,5,0.00029133306816220284,0.001,optimal,87,30,46,0.025,0.025,0.025,True,ok
v49_anytime_5ms,monk_3,122,11,0.1,0.5213114754098361,27,3,6.491690874099731e-05,0.001,optimal,8,3,11,0.521311475409836,0.521311475409836,0.521311,True,ok
v49_anytime_5ms,monk_3,122,11,0.05,0.3713114754098361,27,3,0.00011341704521328211,0.001,optimal,38,16,11,0.37131147540983606,0.37131147540983606,0.371311,True,ok
v49_anytime_5ms,monk_3,122,11,0.02,0.24295081967213114,15,6,0.0003006670158356428,0.001,optimal,140,91,11,0.24295081967213117,0.24295081967213117,0.2429508196721311,True,ok
v49_anytime_5ms,monk_3,122,11,0.01,0.15557377049180326,8,9,0.0008127919863909483,0.002,optimal,434,312,11,0.15557377049180326,0.15557377049180326,0.1555737704918032,True,ok
v49_anytime_5ms,monk_3,122,11,0.005,0.09459016393442624,3,14,0.0021219589980319142,0.003,optimal,1235,910,11,0.09459016393442624,0.09459016393442624,0.09459,True,ok
v49_anytime_5ms,monk_1,124,11,0.1,0.4661290322580645,33,2,5.862500984221697e-05,0.001,optimal,7,2,11,0.46612903225806446,0.46612903225806446,0.466129,True,ok
v49_anytime_5ms,monk_1,124,11,0.05,0.33870967741935487,11,5,0.00012079102452844381,0.001,optimal,44,24,11,0.3387096774193548,0.3387096774193548,0.3387096774193548,True,ok
v49_anytime_5ms,monk_1,124,11,0.02,0.16,0,8,0.00023549993056803942,0.001,optimal,100,47,11,0.16,0.16,0.16,True,ok
v49_anytime_5ms,monk_1,124,11,0.01,0.08,0,8,0.00023150001652538776,0.001,optimal,106,48,11,0.08,0.08,0.08,True,ok
v49_anytime_5ms,monk_1,124,11,0.005,0.04,0,8,0.00022737495601177216,0.001,optimal,106,48,11,0.04,0.04,0.04,True,ok
v49_anytime_5ms,iris,150,4,0.1,0.34,6,3,0.0001331249950453639,0.001,optimal,5,1,118,0.34,0.34,0.34,True,ok
v49_anytime_5ms,iris,150,4,0.05,0.19000000000000003,6,3,0.00015566591173410416,0.001,optimal,9,1,118,0.19,0.19,0.19,True,ok
v49_anytime_5ms,iris,150,4,0.02,0.1,6,3,0.0020950830075889826,0.003,optimal,127,68,118,0.1,0.1,0.1,True,ok
v49_anytime_5ms,iris,150,4,0.01,0.06,3,4,0.00506533298175782,0.006,time,376,279,118,0.02,0.060000000000000005,0.06,True,ok
v49_anytime_5ms,iris,150,4,0.005,0.03833333333333334,2,5,0.005024875048547983,0.006,time,466,437,118,0.01,0.03833333333333333,0.038333,True,ok
v49_anytime_5ms,monk_2,169,11,0.1,0.47869822485207103,64,1,3.91670037060976e-05,0.001,optimal,9,1,11,0.47869822485207103,0.47869822485207103,0.478698,True,ok
v49_anytime_5ms,monk_2,169,11,0.05,0.428698224852071,64,1,8.495897054672241e-05,0.001,optimal,39,14,11,0.428698224852071,0.428698224852071,0.428698,True,ok
v49_anytime_5ms,monk_2,169,11,0.02,0.35893491124260357,37,7,0.0010134169133380055,0.002,optimal,563,443,11,0.35893491124260357,0.35893491124260357,0.3589349112426035,True,ok
v49_anytime_5ms,monk_2,169,11,0.01,0.2650887573964497,11,20,0.0036240830086171627,0.004,optimal,1928,1710,11,0.2650887573964497,0.2650887573964497,0.2650887573964497,True,ok
v49_anytime_5ms,monk_2,169,11,0.005,0.15275147928994084,3,27,0.005047249956987798,0.006,time,2711,2105,11,0.01,0.15275147928994082,0.152751,True,ok
v49_anytime_5ms,tic-tac-toe,958,9,0.1,0.4465553235908142,332,1,5.941605195403099e-05,0.004,optimal,7,1,27,0.4465553235908142,0.4465553235908142,0.446555,True,ok
v49_anytime_5ms,tic-tac-toe,958,9,0.05,0.3965553235908142,332,1,0.0004124999977648258,0.004,optimal,69,38,27,0.39655532359081413,0.39655532359081413,0.396555,True,ok
v49_anytime_5ms,tic-tac-toe,958,9,0.02,0.3406263048016701,288,2,0.005125875002704561,0.009,time,1181,759,27,0.04,0.3406263048016701,0.3183298538622129,True,worse_than_known
v49_anytime_5ms,tic-tac-toe,958,9,0.01,0.25872651356993737,85,17,0.005261624930426478,0.009,time,1424,876,27,0.02,0.25872651356993737,0.2507515657620042,True,worse_than_known
v49_anytime_5ms,tic-tac-toe,958,9,0.005,0.15592901878914406,44,22,0.00501879199873656,0.009,time,1417,846,27,0.01,0.15592901878914403,0.1542797494780793,True,worse_than_known
v49_anytime_5ms,gaussian_1k,1000,1,0.1,0.397,297,1,0.0008772090077400208,0.007,optimal,1,0,999,0.397,0.397,0.397,True,ok
v49_anytime_5ms,gaussian_1k,1000,1,0.05,0.275,125,3,0.0009459590073674917,0.007,optimal,5,0,999,0.275,0.275,0.275,True,ok
v49_anytime_5ms,gaussian_1k,1000,1,0.02,0.185,125,3,0.000992167042568326,0.007,optimal,5,0,999,0.18499999999999997,0.18499999999999997,0.185,True,ok
v49_anytime_5ms,gaussian_1k,1000,1,0.01,0.155,125,3,0.0010192919289693236,0.007,optimal,5,0,999,0.155,0.155,0.155,True,ok
v49_anytime_5ms,gaussian_1k,1000,1,0.005,0.14,125,3,0.0010548330610617995,0.007,optimal,5,0,999,0.14,0.14,0.14,True,ok
v49_anytime_5ms,fico_1k,1000,23,0.1,0.491,291,2,0.005276084062643349,0.014,time,265,175,1357,0.225,0.49100000000000005,0.491,True,ok
v49_anytime_5ms,fico_1k,1000,23,0.05,0.391,291,2,0.005119416979141533,0.014,time,152,95,1357,0.125,0.391,0.391,False,ok
v49_anytime_5ms,fico_1k,1000,23,0.02,0.33099999999999996,291,2,0.005071291932836175,0.013,time,159,109,1357,0.065,0.33099999999999996,0.331,False,ok
v49_anytime_5ms,fico_1k,1000,23,0.01,0.311,291,2,0.0052566659869626164,0.014,time,146,105,1357,0.045,0.311,0.304,False,worse_than_known
v49_anytime_5ms,fico_1k,1000,23,0.005,0.299,284,3,0.00525058398488909,0.014,time,117,88,1357,0.035,0.29900000000000004,0.284,False,worse_than_known
v49_anytime_5ms,sine_1k,1000,1,0.1,0.595,495,1,0.0008556250249966979,0.007,optimal,1,0,999,0.595,0.595,0.595,True,ok
v49_anytime_5ms,sine_1k,1000,1,0.05,0.545,495,1,0.0009476249106228352,0.007,optimal,1,0,999,0.545,0.545,0.545,True,ok
v49_anytime_5ms,sine_1k,1000,1,0.02,0.494,454,2,0.0010093749733641744,0.007,optimal,3,0,999,0.494,0.494,0.494,True,ok
v49_anytime_5ms,sine_1k,1000,1,0.01,0.42900000000000005,169,26,0.0011331250425428152,0.007,optimal,51,0,999,0.42900000000000016,0.42900000000000016,0.429,True,ok
v49_anytime_5ms,sine_1k,1000,1,0.005,0.269,109,32,0.0011437919456511736,0.007,optimal,63,0,999,0.26900000000000013,0.26900000000000013,0.269,True,ok
v49_anytime_5ms,car_evaluation,1728,15,0.1,0.3997685185185186,518,1,4.158308729529381e-05,0.001,optimal,3,1,15,0.39976851851851847,0.39976851851851847,0.3997685185185186,True,ok
v49_anytime_5ms,car_evaluation,1728,15,0.05,0.29467592592592595,250,3,0.00012504193000495434,0.001,optimal,26,10,15,0.29467592592592595,0.29467592592592595,0.2946759259259259,True,ok
v49_anytime_5ms,car_evaluation,1728,15,0.02,0.20467592592592593,250,3,0.0009781660046428442,0.002,optimal,561,389,15,0.20467592592592593,0.20467592592592593,0.2046759259259259,True,ok
v49_anytime_5ms,car_evaluation,1728,15,0.01,0.1452314814814815,130,7,0.004823958035558462,0.006,optimal,2254,1848,15,0.14523148148148152,0.14523148148148152,0.145231,True,ok
v49_anytime_5ms,car_evaluation,1728,15,0.005,0.1063425925925926,106,9,0.0051328749395906925,0.006,time,2178,1994,15,0.01,0.1063425925925926,0.1063425925925926,True,ok
v49_anytime_5ms,coupon_bar,1913,14,0.1,0.5119184526921067,788,1,2.650008536875248e-05,0.001,optimal,3,1,14,0.5119184526921067,0.5119184526921067,0.511918,True,ok
v49_anytime_5ms,coupon_bar,1913,14,0.05,0.4538944066910612,677,2,8.070806507021189e-05,0.001,optimal,28,15,14,0.4538944066910611,0.4538944066910611,0.453894,True,ok
v49_anytime_5ms,coupon_bar,1913,14,0.02,0.37155253528489285,596,3,0.0003201250219717622,0.002,optimal,193,119,14,0.3715525352848928,0.3715525352848928,0.3715525352848928,True,ok
v49_anytime_5ms,coupon_bar,1913,14,0.01,0.3410977522216414,576,4,0.0019372919341549277,0.003,optimal,947,812,14,0.3410977522216414,0.3410977522216414,0.3410977522216414,True,ok
v49_anytime_5ms,coupon_bar,1913,14,0.005,0.3186199686356508,533,8,0.005255374941043556,0.007,time,2122,2184,14,0.26771040250914796,0.3186199686356508,0.3186199686356508,True,ok
v49_anytime_5ms,compas_binned,6907,12,0.1,0.5610829593166353,2494,2,3.966700751334429e-05,0.003,optimal,3,1,12,0.5610829593166353,0.5610829593166353,0.5610829593166353,True,ok
v49_anytime_5ms,compas_binned,6907,12,0.05,0.46108295931663534,2494,2,4.045793320983648e-05,0.003,optimal,3,1,12,0.46108295931663523,0.46108295931663523,0.4610829593166353,True,ok
v49_anytime_5ms,compas_binned,6907,12,0.02,0.4010829593166353,2494,2,0.00010974996257573366,0.003,optimal,25,12,12,0.4010829593166353,0.4010829593166353,0.4010829593166353,True,ok
v49_anytime_5ms,compas_binned,6907,12,0.01,0.37486752569856663,2382,3,0.00028549996204674244,0.003,optimal,112,63,12,0.3748675256985667,0.3748675256985667,0.3748675256985666,True,ok
v49_anytime_5ms,compas_binned,6907,12,0.005,0.355968582597365,2286,5,0.0006982499035075307,0.003,optimal,277,189,12,0.35596858259736497,0.35596858259736497,0.355968582597365,True,ok
v49_anytime_5ms,fico_binary,10459,17,0.1,0.5040443637058992,3180,2,5.566701292991638e-05,0.005,optimal,5,1,17,0.5040443637058992,0.5040443637058992,0.504044,True,ok
v49_anytime_5ms,fico_binary,10459,17,0.05,0.40404436370589925,3180,2,0.00016599998343735933,0.005,optimal,26,13,17,0.40404436370589925,0.40404436370589925,0.404044,True,ok
v49_anytime_5ms,fico_binary,10459,17,0.02,0.3440443637058992,3180,2,0.0009159160545095801,0.006,optimal,285,177,17,0.3440443637058992,0.3440443637058992,0.344044,True,ok
v49_anytime_5ms,fico_binary,10459,17,0.01,0.32404436370589923,3180,2,0.005048999912105501,0.01,time,1766,1213,17,0.23407400325078878,0.32404436370589923,0.324044,True,ok
v49_anytime_5ms,fico_binary,10459,17,0.005,0.308650922650349,3019,4,0.005191541975364089,0.01,time,2068,1352,17,0.2240740032507888,0.308650922650349,0.308650922650349,True,ok
v49_anytime_5ms,compas_processed,12381,22,0.1,0.411364187060819,3855,1,0.000869042007252574,0.055,optimal,29,13,621,0.411364187060819,0.411364187060819,0.411364,True,ok
v49_anytime_5ms,compas_processed,12381,22,0.05,0.36136418706081896,3855,1,0.005062833894044161,0.061,time,336,212,621,0.16857281318148776,0.36136418706081896,0.361364,True,ok
v49_anytime_5ms,compas_processed,12381,22,0.02,0.32786043130603343,3564,2,0.0052519169403240085,0.061,time,338,176,621,0.10857281318148776,0.32786043130603343,0.32786,False,ok
v49_anytime_5ms,compas_processed,12381,22,0.01,0.30786043130603347,3564,2,0.005172250093892217,0.06,time,163,92,621,0.08857281318148777,0.30786043130603347,0.30786,False,ok
v49_anytime_5ms,compas_processed,12381,22,0.005,0.29786043130603346,3564,2,0.005238459096290171,0.058,time,277,145,621,0.07857281318148776,0.29786043130603346,0.29786,False,ok
v49_anytime_10ms,chudi,77,2,0.1,0.464935064935065,5,4,0.0002874999772757292,21.459,optimal,32,12,46,0.464935064935065,0.464935064935065,0.464935,True,ok
v49_anytime_10ms,chudi,77,2,0.05,0.25,0,5,0.00029858306515961885,0.001,optimal,69,25,46,0.25,0.25,0.25,True,ok
v49_anytime_10ms,chudi,77,2,0.02,0.1,0,5,0.0002967079635709524,0.001,optimal,78,27,46,0.1,0.1,0.1,True,ok
v49_anytime_10ms,chudi,77,2,0.01,0.05,0,5,0.00029987492598593235,0.001,optimal,87,30,46,0.05,0.05,0.05,True,ok
v49_anytime_10ms,chudi,77,2,0.005,0.025,0,5,0.00029162492137402296,0.001,optimal,87,30,46,0.025,0.025,0.025,True,ok
v49_anytime_10ms,monk_3,122,11,0.1,0.5213114754098361,27,3,6.683298852294683e-05,0.001,optimal,8,3,11,0.521311475409836,0.521311475409836,0.521311,True,ok
v49_anytime_10ms,monk_3,122,11,0.05,0.3713114754098361,27,3,0.00011587492190301418,0.001,optimal,38,16,11,0.37131147540983606,0.37131147540983606,0.371311,True,ok
v49_anytime_10ms,monk_3,122,11,0.02,0.24295081967213114,15,6,0.0003054169937968254,0.001,optimal,140,91,11,0.24295081967213117,0.24295081967213117,0.2429508196721311,True,ok
v49_anytime_10ms,monk_3,122,11,0.01,0.15557377049180326,8,9,0.0007445829687640071,0.001,optimal,391,285,11,0.15557377049180326,0.15557377049180326,0.1555737704918032,True,ok
v49_anytime_10ms,monk_3,122,11,0.005,0.09459016393442624,3,14,0.002097915974445641,0.003,optimal,1250,908,11,0.09459016393442624,0.09459016393442624,0.09459,True,ok
v49_anytime_10ms,monk_1,124,11,0.1,0.4661290322580645,33,2,7.116701453924179e-05,0.001,optimal,7,2,11,0.46612903225806446,0.46612903225806446,0.466129,True,ok
v49_anytime_10ms,monk_1,124,11,0.05,0.33870967741935487,11,5,0.00012858398258686066,0.001,optimal,44,24,11,0.3387096774193548,0.3387096774193548,0.3387096774193548,True,ok
v49_anytime_10ms,monk_1,124,11,0.02,0.16,0,8,0.0002449160674586892,0.001,optimal,100,47,11,0.16,0.16,0.16,True,ok
v49_anytime_10ms,monk_1,124,11,0.01,0.08,0,8,0.0002316669560968876,0.001,optimal,106,48,11,0.08,0.08,0.08,True,ok
v49_anytime_10ms,monk_1,124,11,0.005,0.04,0,8,0.0002276669256389141,0.001,optimal,106,48,11,0.04,0.04,0.04,True,ok
v49_anytime_10ms,iris,150,4,0.1,0.34,6,3,0.000140791991725564,0.001,optimal,5,1,118,0.34,0.34,0.34,True,ok
v49_anytime_10ms,iris,150,4,0.05,0.19000000000000003,6,3,0.00015962496399879456,0.001,optimal,9,1,118,0.19,0.19,0.19,True,ok
v49_anytime_10ms,iris,150,4,0.02,0.1,6,3,0.002032750053331256,0.003,optimal,127,68,118,0.1,0.1,0.1,True,ok
v49_anytime_10ms,iris,150,4,0.01,0.06,3,4,0.008610000018961728,0.009,optimal,562,431,118,0.060000000000000005,0.060000000000000005,0.06,True,ok
v49_anytime_10ms,iris,150,4,0.005,0.03833333333333334,2,5,0.010009125107899308,0.011,time,840,761,118,0.01,0.03833333333333333,0.038333,True,ok
v49_anytime_10ms,monk_2,169,11,0.1,0.47869822485207103,64,1,4.445796366780996e-05,0.001,optimal,9,1,11,0.47869822485207103,0.47869822485207103,0.478698,True,ok
v49_anytime_10ms,monk_2,169,11,0.05,0.428698224852071,64,1,8.574989624321461e-05,0.001,optimal,39,14,11,0.428698224852071,0.428698224852071,0.428698,True,ok
v49_anytime_10ms,monk_2,169,11,0.02,0.35893491124260357,37,7,0.0009892500238493085,0.002,optimal,537,422,11,0.35893491124260357,0.35893491124260357,0.3589349112426035,True,ok
v49_anytime_10ms,monk_2,169,11,0.01,0.2650887573964497,11,20,0.003635957953520119,0.004,optimal,1935,1728,11,0.2650887573964497,0.2650887573964497,0.2650887573964497,True,ok
v49_anytime_10ms,monk_2,169,11,0.005,0.15275147928994084,3,27,0.006445292034186423,0.007,optimal,3232,2696,11,0.15275147928994082,0.15275147928994082,0.152751,True,ok
v49_anytime_10ms,tic-tac-toe,958,9,0.1,0.4465553235908142,332,1,5.52500132471323e-05,0.004,optimal,7,1,27,0.4465553235908142,0.4465553235908142,0.446555,True,ok
v49_anytime_10ms,tic-tac-toe,958,9,0.05,0.3965553235908142,332,1,0.00040537503082305193,0.004,optimal,69,38,27,0.39655532359081413,0.39655532359081413,0.396555,True,ok
v49_anytime_10ms,tic-tac-toe,958,9,0.02,0.3406263048016701,288,2,0.010165290907025337,0.014,time,2531,1695,27,0.04,0.3406263048016701,0.3183298538622129,True,worse_than_known
v49_anytime_10ms,tic-tac-toe,958,9,0.01,0.25427974947807935,52,20,0.010082249995321035,0.014,time,2830,1830,27,0.02,0.2542797494780793,0.2507515657620042,True,worse_than_known
v49_anytime_10ms,tic-tac-toe,958,9,0.005,0.15427974947807935,52,20,0.01017699996009469,0.014,time,3162,2128,27,0.01,0.15427974947807932,0.1542797494780793,True,ok
v49_anytime_10ms,gaussian_1k,1000,1,0.1,0.397,297,1,0.0014472919283434749,0.007,optimal,1,0,999,0.397,0.397,0.397,True,ok
v49_anytime_10ms,gaussian_1k,1000,1,0.05,0.275,125,3,0.0014714580029249191,0.007,optimal,5,0,999,0.275,0.275,0.275,True,ok
v49_anytime_10ms,gaussian_1k,1000,1,0.02,0.185,125,3,0.0015077079879119992,0.007,optimal,5,0,999,0.18499999999999997,0.18499999999999997,0.185,True,ok
v49_anytime_10ms,gaussian_1k,1000,1,0.01,0.155,125,3,0.001504708081483841,0.008,optimal,5,0,999,0.155,0.155,0.155,True,ok
v49_anytime_10ms,gaussian_1k,1000,1,0.005,0.14,125,3,0.001541542005725205,0.007,optimal,5,0,999,0.14,0.14,0.14,True,ok
v49_anytime_10ms,fico_1k,1000,23,0.1,0.491,291,2,0.010153749957680702,0.019,time,529,356,1357,0.225,0.49100000000000005,0.491,True,ok
v49_anytime_10ms,fico_1k,1000,23,0.05,0.391,291,2,0.01007279206532985,0.019,time,320,203,1357,0.125,0.391,0.391,False,ok
v49_anytime_10ms,fico_1k,1000,23,0.02,0.33099999999999996,291,2,0.010012999991886318,0.019,time,311,217,1357,0.065,0.33099999999999996,0.331,False,ok
v49_anytime_10ms,fico_1k,1000,23,0.01,0.311,291,2,0.010049124946817756,0.019,time,100,81,1357,0.045,0.311,0.304,False,worse_than_known
v49_anytime_10ms,fico_1k,1000,23,0.005,0.29600000000000004,276,4,0.01009758294094354,0.019,time,226,177,1357,0.035,0.29600000000000004,0.284,False,worse_than_known
v49_anytime_10ms,sine_1k,1000,1,0.1,0.595,495,1,0.001328708021901548,0.007,optimal,1,0,999,0.595,0.595,0.595,True,ok
v49_anytime_10ms,sine_1k,1000,1,0.05,0.545,495,1,0.0013931660214439034,0.007,optimal,1,0,999,0.545,0.545,0.545,True,ok
v49_anytime_10ms,sine_1k,1000,1,0.02,0.494,454,2,0.001475999946705997,0.007,optimal,3,0,999,0.494,0.494,0.494,True,ok
v49_anytime_10ms,sine_1k,1000,1,0.01,0.42900000000000005,169,26,0.0016217089723795652,0.007,optimal,51,0,999,0.42900000000000016,0.42900000000000016,0.429,True,ok
v49_anytime_10ms,sine_1k,1000,1,0.005,0.269,109,32,0.001616833033040166,0.008,optimal,63,0,999,0.26900000000000013,0.26900000000000013,0.269,True,ok
v49_anytime_10ms,car_evaluation,1728,15,0.1,0.3997685185185186,518,1,4.8208050429821014e-05,0.001,optimal,3,1,15,0.39976851851851847,0.39976851851851847,0.3997685185185186,True,ok
v49_anytime_10ms,car_evaluation,1728,15,0.05,0.29467592592592595,250,3,0.00012633297592401505,0.001,optimal,26,10,15,0.29467592592592595,0.29467592592592595,0.2946759259259259,True,ok
v49_anytime_10ms,car_evaluation,1728,15,0.02,0.20467592592592593,250,3,0.0009842501021921635,0.002,optimal,561,389,15,0.20467592592592593,0.20467592592592593,0.2046759259259259,True,ok
v49_anytime_10ms,car_evaluation,1728,15,0.01,0.1452314814814815,130,7,0.004882958950474858,0.006,optimal,2250,1851,15,0.14523148148148152,0.14523148148148152,0.145231,True,ok
v49_anytime_10ms,car_evaluation,1728,15,0.005,0.1063425925925926,106,9,0.010110207949765027,0.011,time,3908,4009,15,0.01,0.1063425925925926,0.1063425925925926,True,ok
v49_anytime_10ms,coupon_bar,1913,14,0.1,0.5119184526921067,788,1,2.475001383572817e-05,0.001,optimal,3,1,14,0.5119184526921067,0.5119184526921067,0.511918,True,ok
v49_anytime_10ms,coupon_bar,1913,14,0.05,0.4538944066910612,677,2,9.037507697939873e-05,0.001,optimal,28,15,14,0.4538944066910611,0.4538944066910611,0.453894,True,ok
v49_anytime_10ms,coupon_bar,1913,14,0.02,0.37155253528489285,596,3,0.0003201250219717622,0.002,optimal,193,119,14,0.3715525352848928,0.3715525352848928,0.3715525352848928,True,ok
v49_anytime_10ms,coupon_bar,1913,14,0.01,0.3410977522216414,576,4,0.0019012079574167728,0.003,optimal,948,807,14,0.3410977522216414,0.3410977522216414,0.3410977522216414,True,ok
v49_anytime_10ms,coupon_bar,1913,14,0.005,0.3186199686356508,533,8,0.01034287502989173,0.012,time,3705,4321,14,0.26771040250914796,0.3186199686356508,0.3186199686356508,True,ok
v49_anytime_10ms,compas_binned,6907,12,0.1,0.5610829593166353,2494,2,4.416704177856445e-05,0.003,optimal,3,1,12,0.5610829593166353,0.5610829593166353,0.5610829593166353,True,ok
v49_anytime_10ms,compas_binned,6907,12,0.05,0.46108295931663534,2494,2,4.0915911085903645e-05,0.003,optimal,3,1,12,0.46108295931663523,0.46108295931663523,0.4610829593166353,True,ok
v49_anytime_10ms,compas_binned,6907,12,0.02,0.4010829593166353,2494,2,0.00010758289135992527,0.003,optimal,25,12,12,0.4010829593166353,0.4010829593166353,0.4010829593166353,True,ok
v49_anytime_10ms,compas_binned,6907,12,0.01,0.37486752569856663,2382,3,0.0003024999750778079,0.003,optimal,112,63,12,0.3748675256985667,0.3748675256985667,0.3748675256985666,True,ok
v49_anytime_10ms,compas_binned,6907,12,0.005,0.355968582597365,2286,5,0.0007414580322802067,0.003,optimal,277,189,12,0.35596858259736497,0.35596858259736497,0.355968582597365,True,ok
v49_anytime_10ms,fico_binary,10459,17,0.1,0.5040443637058992,3180,2,5.8832927606999874e-05,0.005,optimal,5,1,17,0.5040443637058992,0.5040443637058992,0.504044,True,ok
v49_anytime_10ms,fico_binary,10459,17,0.05,0.40404436370589925,3180,2,0.00014804198872298002,0.005,optimal,26,13,17,0.40404436370589925,0.40404436370589925,0.404044,True,ok
v49_anytime_10ms,fico_binary,10459,17,0.02,0.3440443637058992,3180,2,0.0008406250271946192,0.006,optimal,281,170,17,0.3440443637058992,0.3440443637058992,0.344044,True,ok
v49_anytime_10ms,fico_binary,10459,17,0.01,0.32404436370589923,3180,2,0.01010129100177437,0.015,time,2841,2181,17,0.23407400325078878,0.32404436370589923,0.324044,True,ok
v49_anytime_10ms,fico_binary,10459,17,0.005,0.308650922650349,3019,4,0.01014079200103879,0.015,time,3413,2430,17,0.2240740032507888,0.308650922650349,0.308650922650349,True,ok
v49_anytime_10ms,compas_processed,12381,22,0.1,0.411364187060819,3855,1,0.0004467089893296361,0.055,optimal,29,13,621,0.411364187060819,0.411364187060819,0.411364,True,ok
v49_anytime_10ms,compas_processed,12381,22,0.05,0.36136418706081896,3855,1,0.010142041952349246,0.066,time,568,400,621,0.16857281318148776,0.36136418706081896,0.361364,True,ok
v49_anytime_10ms,compas_processed,12381,22,0.02,0.32786043130603343,3564,2,0.010397249949164689,0.064,time,595,330,621,0.10857281318148776,0.32786043130603343,0.32786,False,ok
v49_anytime_10ms,compas_processed,12381,22,0.01,0.30786043130603347,3564,2,0.010042542009614408,0.062,time,343,208,621,0.08857281318148777,0.30786043130603347,0.30786,False,ok
v49_anytime_10ms,compas_processed,12381,22,0.005,0.29786043130603346,3564,2,0.010391457937657833,0.063,time,277,162,621,0.07857281318148776,0.29786043130603346,0.29786,False,ok
v49_anytime_20ms,chudi,77,2,0.1,0.464935064935065,5,4,0.00027270906139165163,24.834,optimal,32,12,46,0.464935064935065,0.464935064935065,0.464935,True,ok
v49_anytime_20ms,chudi,77,2,0.05,0.25,0,5,0.0003172080032527447,0.001,optimal,69,25,46,0.25,0.25,0.25,True,ok
v49_anytime_20ms,chudi,77,2,0.02,0.1,0,5,0.00031745899468660355,0.001,optimal,78,27,46,0.1,0.1,0.1,True,ok
v49_anytime_20ms,chudi,77,2,0.01,0.05,0,5,0.00030970899388194084,0.001,optimal,87,30,46,0.05,0.05,0.05,True,ok
v49_anytime_20ms,chudi,77,2,0.005,0.025,0,5,0.00031462498009204865,0.001,optimal,87,30,46,0.025,0.025,0.025,True,ok
v49_anytime_20ms,monk_3,122,11,0.1,0.5213114754098361,27,3,7.929094135761261e-05,0.001,optimal,8,3,11,0.521311475409836,0.521311475409836,0.521311,True,ok
v49_anytime_20ms,monk_3,122,11,0.05,0.3713114754098361,27,3,0.00012141698971390724,0.001,optimal,38,16,11,0.37131147540983606,0.37131147540983606,0.371311,True,ok
v49_anytime_20ms,monk_3,122,11,0.02,0.24295081967213114,15,6,0.00031454209238290787,0.001,optimal,140,91,11,0.24295081967213117,0.24295081967213117,0.2429508196721311,True,ok
v49_anytime_20ms,monk_3,122,11,0.01,0.15557377049180326,8,9,0.0007417500019073486,0.001,optimal,391,283,11,0.15557377049180326,0.15557377049180326,0.1555737704918032,True,ok
v49_anytime_20ms,monk_3,122,11,0.005,0.09459016393442624,3,14,0.0021647500107064843,0.003,optimal,1203,874,11,0.09459016393442624,0.09459016393442624,0.09459,True,ok
v49_anytime_20ms,monk_1,124,11,0.1,0.4661290322580645,33,2,6.745790597051382e-05,0.001,optimal,7,2,11,0.46612903225806446,0.46612903225806446,0.466129,True,ok
v49_anytime_20ms,monk_1,124,11,0.05,0.33870967741935487,11,5,0.0001320410519838333,0.001,optimal,44,24,11,0.3387096774193548,0.3387096774193548,0.3387096774193548,True,ok
v49_anytime_20ms,monk_1,124,11,0.02,0.16,0,8,0.00023858400527387857,0.001,optimal,100,47,11,0.16,0.16,0.16,True,ok
v49_anytime_20ms,monk_1,124,11,0.01,0.08,0,8,0.00027195794973522425,0.001,optimal,106,48,11,0.08,0.08,0.08,True,ok
v49_anytime_20ms,monk_1,124,11,0.005,0.04,0,8,0.0002443749690428376,0.001,optimal,106,48,11,0.04,0.04,0.04,True,ok
v49_anytime_20ms,iris,150,4,0.1,0.34,6,3,0.00013591605238616467,0.001,optimal,5,1,118,0.34,0.34,0.34,True,ok
v49_anytime_20ms,iris,150,4,0.05,0.19000000000000003,6,3,0.00015891692601144314,0.001,optimal,9,1,118,0.19,0.19,0.19,True,ok
v49_anytime_20ms,iris,150,4,0.02,0.1,6,3,0.0020375000312924385,0.003,optimal,127,62,118,0.1,0.1,0.1,True,ok
v49_anytime_20ms,iris,150,4,0.01,0.06,3,4,0.005918958922848105,0.007,optimal,263,353,118,0.060000000000000005,0.060000000000000005,0.06,True,ok
v49_anytime_20ms,iris,150,4,0.005,0.03833333333333334,2,5,0.020230833091773093,0.021,time,685,2384,118,0.01,0.03833333333333333,0.038333,True,ok
v49_anytime_20ms,monk_2,169,11,0.1,0.47869822485207103,64,1,5.0165923312306404e-05,0.001,optimal,9,1,11,0.47869822485207103,0.47869822485207103,0.478698,True,ok
v49_anytime_20ms,monk_2,169,11,0.05,0.428698224852071,64,1,9.887502528727055e-05,0.001,optimal,39,14,11,0.428698224852071,0.428698224852071,0.428698,True,ok
v49_anytime_20ms,monk_2,169,11,0.02,0.35893491124260357,37,7,0.0010149580193683505,0.002,optimal,537,423,11,0.35893491124260357,0.35893491124260357,0.3589349112426035,True,ok
v49_anytime_20ms,monk_2,169,11,0.01,0.2650887573964497,11,20,0.003542124992236495,0.004,optimal,1924,1664,11,0.2650887573964497,0.2650887573964497,0.2650887573964497,True,ok
v49_anytime_20ms,monk_2,169,11,0.005,0.15275147928994084,3,27,0.006768999970518053,0.008,optimal,1911,3427,11,0.15275147928994082,0.15275147928994082,0.152751,True,ok
v49_anytime_20ms,tic-tac-toe,958,9,0.1,0.4465553235908142,332,1,6.554194260388613e-05,0.004,optimal,7,1,27,0.4465553235908142,0.4465553235908142,0.446555,True,ok
v49_anytime_20ms,tic-tac-toe,958,9,0.05,0.3965553235908142,332,1,0.0004170419415459037,0.004,optimal,69,38,27,0.39655532359081413,0.39655532359081413,0.396555,True,ok
v49_anytime_20ms,tic-tac-toe,958,9,0.02,0.3183298538622129,190,6,0.014365292037837207,0.018,optimal,827,6480,27,0.3183298538622129,0.3183298538622129,0.3183298538622129,True,ok
v49_anytime_20ms,tic-tac-toe,958,9,0.01,0.25427974947807935,52,20,0.020505083026364446,0.024,time,5964,3910,27,0.02,0.2542797494780793,0.2507515657620042,True,worse_than_known
v49_anytime_20ms,tic-tac-toe,958,9,0.005,0.15427974947807935,52,20,0.020305042038671672,0.024,time,5988,4211,27,0.01,0.15427974947807932,0.1542797494780793,True,ok
v49_anytime_20ms,gaussian_1k,1000,1,0.1,0.397,297,1,0.0003516250289976597,0.006,optimal,1,0,999,0.397,0.397,0.397,True,ok
v49_anytime_20ms,gaussian_1k,1000,1,0.05,0.275,125,3,0.002458499977365136,0.008,optimal,5,0,999,0.275,0.275,0.275,True,ok
v49_anytime_20ms,gaussian_1k,1000,1,0.02,0.185,125,3,0.002488750033080578,0.009,optimal,5,0,999,0.18499999999999997,0.18499999999999997,0.185,True,ok
v49_anytime_20ms,gaussian_1k,1000,1,0.01,0.155,125,3,0.0025252919876948,0.008,optimal,5,0,999,0.155,0.155,0.155,True,ok
v49_anytime_20ms,gaussian_1k,1000,1,0.005,0.14,125,3,0.0026206669863313437,0.008,optimal,5,0,999,0.14,0.14,0.14,True,ok
v49_anytime_20ms,fico_1k,1000,23,0.1,0.491,291,2,0.02002204197924584,0.03,time,188,214,1357,0.225,0.49100000000000005,0.491,True,ok
v49_anytime_20ms,fico_1k,1000,23,0.05,0.391,291,2,0.020132708945311606,0.029,time,876,533,1357,0.125,0.391,0.391,False,ok
v49_anytime_20ms,fico_1k,1000,23,0.02,0.33099999999999996,291,2,0.020182666019536555,0.029,time,471,298,1357,0.065,0.33099999999999996,0.331,False,ok
v49_anytime_20ms,fico_1k,1000,23,0.01,0.311,291,2,0.020453042001463473,0.03,time,388,251,1357,0.045,0.311,0.304,False,worse_than_known
v49_anytime_20ms,fico_1k,1000,23,0.005,0.29600000000000004,276,4,0.020249375025741756,0.029,time,413,268,1357,0.035,0.29600000000000004,0.284,False,worse_than_known
v49_anytime_20ms,sine_1k,1000,1,0.1,0.595,495,1,0.00036874995566904545,0.006,optimal,1,0,999,0.595,0.595,0.595,True,ok
v49_anytime_20ms,sine_1k,1000,1,0.05,0.545,495,1,0.0023618750274181366,0.008,optimal,1,0,999,0.545,0.545,0.545,True,ok
v49_anytime_20ms,sine_1k,1000,1,0.02,0.494,454,2,0.002425332902930677,0.008,optimal,3,0,999,0.494,0.494,0.494,True,ok
v49_anytime_20ms,sine_1k,1000,1,0.01,0.42900000000000005,169,26,0.0025229579769074917,0.008,optimal,51,0,999,0.42900000000000016,0.42900000000000016,0.429,True,ok
v49_anytime_20ms,sine_1k,1000,1,0.005,0.269,109,32,0.0026626659091562033,0.009,optimal,63,0,999,0.26900000000000013,0.26900000000000013,0.269,True,ok
v49_anytime_20ms,car_evaluation,1728,15,0.1,0.3997685185185186,518,1,5.124998278915882e-05,0.002,optimal,3,1,15,0.39976851851851847,0.39976851851851847,0.3997685185185186,True,ok
v49_anytime_20ms,car_evaluation,1728,15,0.05,0.29467592592592595,250,3,0.00013524992391467094,0.001,optimal,26,10,15,0.29467592592592595,0.29467592592592595,0.2946759259259259,True,ok
v49_anytime_20ms,car_evaluation,1728,15,0.02,0.20467592592592593,250,3,0.0010248749749734998,0.002,optimal,561,385,15,0.20467592592592593,0.20467592592592593,0.2046759259259259,True,ok
v49_anytime_20ms,car_evaluation,1728,15,0.01,0.1452314814814815,130,7,0.005476917023770511,0.007,optimal,1581,2030,15,0.14523148148148152,0.14523148148148152,0.145231,True,ok
v49_anytime_20ms,car_evaluation,1728,15,0.005,0.1063425925925926,106,9,0.020256791962310672,0.022,time,7907,7996,15,0.01,0.1063425925925926,0.1063425925925926,True,ok
v49_anytime_20ms,coupon_bar,1913,14,0.1,0.5119184526921067,788,1,2.7000089175999165e-05,0.001,optimal,3,1,14,0.5119184526921067,0.5119184526921067,0.511918,True,ok
v49_anytime_20ms,coupon_bar,1913,14,0.05,0.4538944066910612,677,2,8.079200051724911e-05,0.001,optimal,28,15,14,0.4538944066910611,0.4538944066910611,0.453894,True,ok
v49_anytime_20ms,coupon_bar,1913,14,0.02,0.37155253528489285,596,3,0.0003439170541241765,0.002,optimal,193,119,14,0.3715525352848928,0.3715525352848928,0.3715525352848928,True,ok
v49_anytime_20ms,coupon_bar,1913,14,0.01,0.3410977522216414,576,4,0.0018034999957308173,0.003,optimal,946,782,14,0.3410977522216414,0.3410977522216414,0.3410977522216414,True,ok
v49_anytime_20ms,coupon_bar,1913,14,0.005,0.3186199686356508,533,8,0.01237404195126146,0.014,optimal,1681,8121,14,0.3186199686356508,0.3186199686356508,0.3186199686356508,True,ok
v49_anytime_20ms,compas_binned,6907,12,0.1,0.5610829593166353,2494,2,5.258398596197367e-05,0.003,optimal,3,1,12,0.5610829593166353,0.5610829593166353,0.5610829593166353,True,ok
v49_anytime_20ms,compas_binned,6907,12,0.05,0.46108295931663534,2494,2,4.2750034481287e-05,0.003,optimal,3,1,12,0.46108295931663523,0.46108295931663523,0.4610829593166353,True,ok
v49_anytime_20ms,compas_binned,6907,12,0.02,0.4010829593166353,2494,2,0.00010437495075166225,0.003,optimal,25,12,12,0.4010829593166353,0.4010829593166353,0.4010829593166353,True,ok
v49_anytime_20ms,compas_binned,6907,12,0.01,0.37486752569856663,2382,3,0.0002939589321613312,0.003,optimal,112,63,12,0.3748675256985667,0.3748675256985667,0.3748675256985666,True,ok
v49_anytime_20ms,compas_binned,6907,12,0.005,0.355968582597365,2286,5,0.0006925420602783561,0.003,optimal,277,187,12,0.35596858259736497,0.35596858259736497,0.355968582597365,True,ok
v49_anytime_20ms,fico_binary,10459,17,0.1,0.5040443637058992,3180,2,5.662499461323023e-05,0.005,optimal,5,1,17,0.5040443637058992,0.5040443637058992,0.504044,True,ok
v49_anytime_20ms,fico_binary,10459,17,0.05,0.40404436370589925,3180,2,0.00013508298434317112,0.005,optimal,26,13,17,0.40404436370589925,0.40404436370589925,0.404044,True,ok
v49_anytime_20ms,fico_binary,10459,17,0.02,0.3440443637058992,3180,2,0.0008026669966056943,0.005,optimal,281,168,17,0.3440443637058992,0.3440443637058992,0.344044,True,ok
v49_anytime_20ms,fico_binary,10459,17,0.01,0.32404436370589923,3180,2,0.02011204103473574,0.025,time,1141,8159,17,0.23407400325078878,0.32404436370589923,0.324044,True,ok
v49_anytime_20ms,fico_binary,10459,17,0.005,0.308650922650349,3019,4,0.020190958050079644,0.025,time,6130,4718,17,0.2240740032507888,0.308650922650349,0.308650922650349,True,ok
v49_anytime_20ms,compas_processed,12381,22,0.1,0.411364187060819,3855,1,0.0004355830606073141,0.054,optimal,29,13,621,0.411364187060819,0.411364187060819,0.411364,True,ok
v49_anytime_20ms,compas_processed,12381,22,0.05,0.36136418706081896,3855,1,0.02046870905905962,0.073,time,17,3374,621,0.16857281318148776,0.36136418706081896,0.361364,True,ok
v49_anytime_20ms,compas_processed,12381,22,0.02,0.32786043130603343,3564,2,0.020602417062036693,0.074,time,1220,748,621,0.10857281318148776,0.32786043130603343,0.32786,False,ok
v49_anytime_20ms,compas_processed,12381,22,0.01,0.30786043130603347,3564,2,0.020652250037528574,0.074,time,809,568,621,0.08857281318148777,0.30786043130603347,0.30786,False,ok
v49_anytime_20ms,compas_processed,12381,22,0.005,0.29786043130603346,3564,2,0.020249542081728578,0.073,time,664,435,621,0.07857281318148776,0.29786043130603346,0.29786,False,ok
