model,suite,dataset,k,n_train,d,status,seconds,nnz,loss,best_known,regret,auc_train,auc_test,loss_test,a,b,points,lower_bound,note
h8_fastbeam,hidden_fine,Amazon_employee_access,3,10000,107,ok,0.0126,3,0.21658596921283446,,,0.5696542230371682,0.6045698806647631,0.21258276999079218,0.501267916148029,-2.953083541478502,"{""ROLE_ROLLUP_2=118052"": 2, ""ROLE_FAMILY=292795"": 2, ""ROLE_FAMILY=19793"": 3}",,
h8_fastbeam,hidden_fine,Amazon_employee_access,4,10000,107,ok,0.0128,4,0.21516535347102017,,,0.5985755740996073,0.6288117724577202,0.2114003860372587,0.3740931573783132,-3.048561491326786,"{""ROLE_ROLLUP_2=118052"": 3, ""ROLE_FAMILY=19721"": 2, ""ROLE_FAMILY=292795"": 3, ""ROLE_FAMILY=19793"": 4}",,
h8_fastbeam,hidden_fine,Amazon_employee_access,5,10000,107,ok,0.0135,5,0.21432259633427406,,,0.6061517108271879,0.6378753935134344,0.21003699900643819,0.5462973344309265,-3.00101560899907,"{""RESOURCE=4675"": -5, ""ROLE_ROLLUP_2=118052"": 2, ""ROLE_FAMILY=19721"": 1, ""ROLE_FAMILY=292795"": 2, ""ROLE_FAMILY=19793"": 3}",,
h8_fastbeam,hidden_fine,Amazon_employee_access,7,10000,107,ok,0.0176,7,0.21272137283153442,,,0.6237937368085373,0.6401039607584743,0.21039707539836794,0.39630672584000837,-3.085622110572242,"{""RESOURCE=4675"": -5, ""ROLE_ROLLUP_1=119062"": 3, ""ROLE_ROLLUP_2=118052"": 3, ""ROLE_TITLE=118396"": 3, ""ROLE_FAMILY=19721"": 2, ""ROLE_FAMILY=292795"": 3, ""ROLE_FAMILY=19793"": 4}",,
h8_fastbeam,hidden_fine,Amazon_employee_access,10,10000,107,ok,0.0218,10,0.21081775889054793,,,0.6493341868999162,0.6591229226151256,0.2102050192732704,0.46963699592420793,-3.1890679850278114,"{""RESOURCE=4675"": -5, ""ROLE_ROLLUP_1=119062"": 3, ""ROLE_ROLLUP_2=118052"": 2, ""ROLE_TITLE=117905"": -1, ""ROLE_TITLE=118777"": 2, ""ROLE_TITLE=118396"": 3, ""ROLE_FAMILY_DESC=117906"": 1, ""ROLE_FAMILY=19721"": 2, ""ROLE_FAMILY=292795"": 3, ""ROLE_FAMILY=19793"": 4}",,
h8_fastbeam,hidden_fine,APSFailure,3,10000,3979,ok,0.1315,3,0.03901488351469301,,,0.9780775123660914,0.9774292826431319,0.04617036364303551,0.5142456806581679,0.13853370002440757,"{""aa_000<=161060"": -5, ""bj_000<=2.97647e+06"": -5, ""az_002<=5762"": -4}",,
h8_fastbeam,hidden_fine,APSFailure,4,10000,3979,ok,0.1459,4,0.037234322914371065,,,0.9800308230913233,0.9709708078750848,0.04759643541391854,0.6806554041362273,0.5851923954515997,"{""bt_000<=586768"": -2, ""aa_000<=102706"": -4, ""bj_000<=2.97647e+06"": -3, ""az_002<=5762"": -3}",,
h8_fastbeam,hidden_fine,APSFailure,5,10000,3979,ok,0.1745,5,0.0360853436427954,,,0.9784961392361973,0.9775424304141209,0.043279980790862385,0.5475009865303635,1.3487831729195618,"{""bt_000<=160363"": -5, ""bj_000<=2.97647e+06"": -4, ""bx_000 missing"": -4, ""az_002<=3408"": -4, ""ee_005<=5.18153e+06"": -3}",,
h8_fastbeam,hidden_fine,APSFailure,7,10000,3979,ok,0.2166,7,0.03413582406131137,,,0.9832169449353744,0.9743064041638381,0.044328529773633045,0.756813304907301,1.232560890441844,"{""bt_000<=160363"": -2, ""ci_000<=3.20124e+06"": -5, ""bj_000<=2.97647e+06"": -3, ""bx_000 missing"": -3, ""az_002<=5762"": -3, ""ee_005<=5.18153e+06"": -2, ""ee_001<=615564"": 2}",,
h8_fastbeam,hidden_fine,APSFailure,10,10000,3979,ok,0.3203,10,0.031807470012493344,,,0.9864745259360166,0.9747001584068795,0.0473141452436649,0.7252439836253163,1.5030559192174193,"{""bt_000<=160363"": -2, ""ci_000<=3.20124e+06"": -4, ""bj_000<=2.97647e+06"": -2, ""ck_000<=4.89284e+06"": -2, ""cs_004<=387784"": -3, ""bx_000 missing"": -3, ""az_002<=5762"": -3, ""ba_000<=7.38398e+06"": 2, ""ee_005<=5.18153e+06"": -3, ""ee_001<=615564"": 3}",,
h8_fastbeam,hidden_fine,Bank_Customer_Churn,3,8000,324,ok,0.0301,3,0.39169834970183276,,,0.7929535976731419,0.7873512958258722,0.39554092666195245,0.8306484659215624,2.5221971846718003,"{""age<=41"": -2, ""products_number<=1"": 2, ""products_number<=2"": -5}",,
h8_fastbeam,hidden_fine,Bank_Customer_Churn,4,8000,324,ok,0.0303,4,0.3774194914600253,,,0.8187578372547699,0.8105509207204123,0.38216205647970924,0.8722412340273915,3.178239884360577,"{""age<=42"": -2, ""products_number<=1"": 2, ""products_number<=2"": -5, ""active_member=1"": -1}",,
h8_fastbeam,hidden_fine,Bank_Customer_Churn,5,8000,324,ok,0.0357,5,0.3680227748563262,,,0.8296680182219183,0.8243806209907903,0.3704416536211043,0.8706006576972639,2.0384055559369116,"{""country=Germany"": 1, ""age<=42"": -2, ""products_number<=1"": 2, ""products_number<=2"": -5, ""active_member=0"": 1}",,
h8_fastbeam,hidden_fine,Bank_Customer_Churn,7,8000,324,ok,0.0631,7,0.3602065012938404,,,0.8381505041846848,0.8358520307672851,0.36260612291903316,0.7953246077924779,1.4689191670461064,"{""country=Germany"": 1, ""age<=38"": -1, ""age<=44"": -2, ""age<=64"": 2, ""products_number<=1"": 2, ""products_number<=2"": -5, ""active_member=1"": -1}",,
h8_fastbeam,hidden_fine,Bank_Customer_Churn,10,8000,324,ok,0.0844,10,0.3533712875606135,,,0.8472568404426424,0.8409017646305781,0.3573216845249159,0.810533923099509,1.0873565913916825,"{""country=Germany"": 1, ""gender=Female"": 1, ""age<=38"": -1, ""age<=42"": -1, ""age<=46"": -1, ""age<=64"": 2, ""balance<=177640"": -1, ""products_number<=1"": 2, ""products_number<=2"": -5, ""active_member=0"": 1}",,
h8_fastbeam,hidden_fine,Bioresponse,3,3000,2777,ok,0.0378,3,0.5444732147899204,,,0.7853363063489343,0.7647384435175133,0.5684376020634457,1.0270868900467196,1.0248638162512098,"{""D27=1"": -2, ""D84<=0.114354"": -1, ""D88<=0.0947"": 1}",,
h8_fastbeam,hidden_fine,Bioresponse,4,3000,2777,ok,0.0391,4,0.5341918199798001,,,0.7976803494919804,0.7756699617164733,0.5600374271467868,0.4935771322808476,0.8698090706882583,"{""D27=1"": -4, ""D14<=0.066"": 3, ""D84<=0.109183"": -2, ""D88<=0.0947"": 2}",,
h8_fastbeam,hidden_fine,Bioresponse,5,3000,2777,ok,0.0596,5,0.5289238403574305,,,0.8057338584009551,0.7805303982629566,0.5606498142660102,0.34268055270901926,0.24579057834603973,"{""D27=1"": -5, ""D14<=0.066"": 4, ""D84<=0.109183"": -3, ""D88<=0.0878"": 3, ""D469<=0.0833"": 2}",,
h8_fastbeam,hidden_fine,Bioresponse,7,3000,2777,ok,0.0534,7,0.5216372785163488,,,0.8151923275784502,0.7939010627964117,0.5515444864133627,0.3529335525479855,1.724093003709974,"{""D27=1"": -5, ""D15<=0.508217"": -1, ""D54<=0.220518"": -4, ""D14<=0.066"": 4, ""D84<=0.114354"": -3, ""D88<=0.0947"": 3, ""D469<=0.0833"": 2}",,
h8_fastbeam,hidden_fine,Bioresponse,10,3000,2777,ok,0.0953,10,0.5120554384770438,,,0.8240672805188841,0.796122364436318,0.5505322958670936,0.34644225139723667,2.3647917665177305,"{""D27=1"": -5, ""D15<=0.508217"": -2, ""D64<=0.00507"": -1, ""D54<=0.220518"": -5, ""D14<=0.066"": 3, ""D67<=0.0782"": -2, ""D84<=0.109183"": -2, ""D5<=0.225141"": -2, ""D88<=0.0947"": 3, ""D469<=0.0833"": 3}",,
h8_fastbeam,hidden_fine,blood-transfusion,3,598,99,ok,0.0054,3,0.47227958180263785,,,0.73878026933531,0.7133284600389863,0.493291365455067,0.30088725067438615,-1.7726211606822364,"{""MonthsSinceLastDonation<=5"": 4, ""NumberOfDonations<=4"": -5, ""MonthsSinceFirstDonation<=43"": 3}",,
h8_fastbeam,hidden_fine,blood-transfusion,4,598,99,ok,0.0094,4,0.4600520642212,,,0.7520694341487522,0.704069200779727,0.5041619489420429,0.3118996115330214,-1.1552481386438163,"{""MonthsSinceLastDonation<=5"": 4, ""NumberOfDonations<=4"": -4, ""NumberOfDonations<=12"": -5, ""MonthsSinceFirstDonation<=53"": 5}",,
h8_fastbeam,hidden_fine,blood-transfusion,5,598,99,ok,0.0087,5,0.45610747874517305,,,0.7616289844329134,0.7035818713450294,0.5148427350688248,0.34000730760622305,-1.263387105245868,"{""MonthsSinceLastDonation<=5"": 4, ""NumberOfDonations<=4"": -3, ""NumberOfDonations<=12"": -5, ""MonthsSinceFirstDonation<=2"": -4, ""MonthsSinceFirstDonation<=53"": 5}",,
h8_fastbeam,hidden_fine,blood-transfusion,7,598,99,ok,0.0139,7,0.4496557270533915,,,0.7731344205584384,0.7077241715399609,0.5065029331681458,0.3577961557136463,-1.1218645624834251,"{""MonthsSinceLastDonation<=5"": 3, ""NumberOfDonations<=1"": -2, ""NumberOfDonations<=4"": -3, ""NumberOfDonations<=6"": -2, ""NumberOfDonations<=12"": -4, ""MonthsSinceFirstDonation<=22"": 2, ""MonthsSinceFirstDonation<=53"": 5}",,
h8_fastbeam,hidden_fine,blood-transfusion,10,598,99,ok,0.0196,10,0.4399191396498333,,,0.7865085248332098,0.6884746588693957,0.5295713856808582,0.3599815430468682,-1.2461046336555557,"{""MonthsSinceLastDonation<=5"": 3, ""NumberOfDonations<=2"": -3, ""NumberOfDonations<=4"": -3, ""NumberOfDonations<=12"": -5, ""MonthsSinceFirstDonation<=2"": -4, ""MonthsSinceFirstDonation<=12"": 3, ""MonthsSinceFirstDonation<=43"": 2, ""MonthsSinceFirstDonation<=53"": 4, ""MonthsSinceFirstDonation<=64"": -3, ""MonthsSinceFirstDonation<=76"": 3}",,
h8_fastbeam,hidden_fine,churn,3,4000,1131,ok,0.0334,3,0.3040339428089002,,,0.8212100569857442,0.8188186824527943,0.3025362719617639,0.5190491302182283,2.280400161245064,"{""international_plan=1"": 4, ""total_day_minutes<=253.1"": -5, ""number_customer_service_calls<=3"": -5}",,
h8_fastbeam,hidden_fine,churn,4,4000,1131,ok,0.0262,4,0.2967901369276622,,,0.8425964322684606,0.8433235082852402,0.29116826546464686,0.5282837043034879,1.5147906949243763,"{""international_plan=1"": 4, ""voice_mail_plan=0"": 2, ""total_day_minutes<=253.1"": -5, ""number_customer_service_calls<=3"": -5}",,
h8_fastbeam,hidden_fine,churn,5,4000,1131,ok,0.0287,5,0.2894318801785185,,,0.8634899189357722,0.8481658534168874,0.29533115621233297,0.5432272025706797,3.561466965747918,"{""international_plan=1"": 4, ""voice_mail_plan=1"": -2, ""total_day_minutes<=253.1"": -5, ""total_eve_minutes<=251.2"": -2, ""number_customer_service_calls<=3"": -5}",,
h8_fastbeam,hidden_fine,churn,7,4000,1131,ok,0.0671,7,0.28009407155158406,,,0.8705354478495033,0.8656115060395148,0.2772877472159422,0.5579708957618528,5.7085940709291885,"{""international_plan=1"": 4, ""voice_mail_plan=1"": -2, ""total_day_minutes<=245.7"": -4, ""total_day_minutes<=289.1"": -3, ""total_eve_minutes<=251.2"": -2, ""total_intl_minutes<=13.2"": -2, ""number_customer_service_calls<=3"": -5}",,
h8_fastbeam,hidden_fine,churn,10,4000,1131,ok,0.0628,10,0.27075752683494125,,,0.8818901506654512,0.8755892964770186,0.2696260402836291,0.5752115110836945,8.271848957740007,"{""international_plan=0"": -4, ""voice_mail_plan=1"": -2, ""total_day_minutes<=161.6"": 1, ""total_day_minutes<=221.9"": -2, ""total_day_minutes<=253.1"": -3, ""total_day_minutes<=289.1"": -3, ""total_eve_minutes<=251.2"": -2, ""total_intl_minutes<=13.2"": -2, ""total_intl_calls<=2"": 1, ""number_customer_service_calls<=3"": -5}",,
h8_fastbeam,hidden_fine,coil2000_insurance_policies,3,7857,246,ok,0.0363,3,0.20524120713763552,,,0.7263726806450383,0.7403846153846154,0.20397821492435045,0.4204045932352338,-1.1498258027904675,"{""contributionCarPolicies<=5"": -3, ""purchasingPowerClass<=6"": -2, ""contributionFirePolicies<=2"": -2}",,
h8_fastbeam,hidden_fine,coil2000_insurance_policies,4,7857,246,ok,0.0402,4,0.2037731268834351,,,0.7372743560409724,0.7488067488067489,0.203130323607654,0.2507301827457803,-1.078097542656011,"{""contributionCarPolicies<=5"": -5, ""purchasingPowerClass<=6"": -3, ""contributionFirePolicies<=2"": -3, ""averageIncome<=3"": -2}",,
h8_fastbeam,hidden_fine,coil2000_insurance_policies,5,7857,246,ok,0.0466,5,0.20249253112167231,,,0.7439187098770207,0.7516488141488142,0.20275858128071725,0.4122949403061201,-0.9997667701254324,"{""contributionCarPolicies<=5"": -3, ""purchasingPowerClass<=6"": -2, ""contributionFirePolicies<=2"": -2, ""numberOfThirdPartyInsuranceAgriculture=1"": -5, ""averageIncome<=3"": -1}",,
h8_fastbeam,hidden_fine,coil2000_insurance_policies,7,7857,246,ok,0.072,7,0.20097713127245964,,,0.7501256864413335,0.7526131276131277,0.20285376836479954,0.4195036674503349,-1.7323934772779614,"{""contributionCarPolicies<=5"": -3, ""purchasingPowerClass<=6"": -1, ""contributionFirePolicies<=2"": -2, ""lowerLevelEducation<=2"": 1, ""numberOfThirdPartyInsuranceAgriculture=1"": -5, ""farmer<=0"": 1, ""averageIncome<=3"": -1}",,
h8_fastbeam,hidden_fine,coil2000_insurance_policies,10,7857,246,ok,0.0751,10,0.1992420127140036,,,0.7595160942137483,0.7500531875531875,0.2046432602550692,0.4149610638095886,-1.2824143883090864,"{""contributionCarPolicies<=5"": -3, ""purchasingPowerClass<=6"": -1, ""customerMainType=Living well"": -2, ""contributionFirePolicies<=2"": -2, ""oneCar<=6"": -1, ""noCar<=1"": -1, ""lowerLevelEducation<=2"": 1, ""numberOfThirdPartyInsuranceAgriculture=1"": -5, ""farmer<=0"": 1, ""averageIncome<=3"": -1}",,
h8_fastbeam,hidden_fine,credit-g,3,800,226,ok,0.0066,3,0.535546878703165,,,0.7185863095238095,0.7360714285714287,0.5290164243948341,0.33264669706598515,1.033160613495658,"{""checking_status=no checking account"": -5, ""duration_months<=11"": -3, ""credit_amount<=8947"": -4}",,
h8_fastbeam,hidden_fine,credit-g,4,800,226,ok,0.0079,4,0.5253631839566748,,,0.7451004464285715,0.7661309523809523,0.5096589749009145,0.7629137591775519,-0.39789080418586154,"{""checking_status=no checking account"": -2, ""duration_months<=15"": -1, ""credit_history=critical account / other credits existing"": -1, ""savings_status=< 100 DM"": 1}",,
h8_fastbeam,hidden_fine,credit-g,5,800,226,ok,0.0113,5,0.5167323369709709,,,0.756781994047619,0.7638690476190476,0.5180535068443952,0.7938801882939992,-0.31031228045735465,"{""checking_status=no checking account"": -2, ""duration_months<=15"": -1, ""credit_history=critical account / other credits existing"": -1, ""savings_status=< 100 DM"": 1, ""other_debtors=guarantor"": -2}",,
h8_fastbeam,hidden_fine,credit-g,7,800,226,ok,0.0152,7,0.5028739529512366,,,0.7737202380952382,0.7519642857142859,0.5327745900654309,0.3735967381072488,1.011999049638154,"{""checking_status=no checking account"": -4, ""duration_months<=11"": -3, ""credit_history=critical account / other credits existing"": -2, ""credit_purpose=car (used)"": -3, ""credit_amount<=8947"": -4, ""savings_status=< 100 DM"": 2, ""other_debtors=guarantor"": -4}",,
h8_fastbeam,hidden_fine,credit-g,10,800,226,ok,0.0302,10,0.4884987706912933,,,0.7942522321428571,0.7675,0.5130254113105006,0.2867384298371597,0.4968982442838492,"{""checking_status=no checking account"": -5, ""duration_months<=15"": -3, ""credit_history=critical account / other credits existing"": -3, ""credit_purpose=car (new)"": 3, ""credit_purpose=education"": 4, ""credit_amount<=9436"": -5, ""savings_status=< 100 DM"": 3, ""employment_since=4 <= ... < 7 years"": -3, ""other_debtors=guarantor"": -4, ""age_years<=34"": 2}",,
h8_fastbeam,hidden_fine,credit_card_clients_default,3,10000,1080,ok,0.0599,3,0.4469228174490162,,,0.7220046187810615,0.719294115024645,0.44474486158214743,0.25975000670455617,1.2208818293625645,"{""PAY_0<=0"": -4, ""PAY_0<=1"": -5, ""PAY_3<=0"": -3}",,
h8_fastbeam,hidden_fine,credit_card_clients_default,4,10000,1080,ok,0.0862,4,0.4431316544591831,,,0.748028856468569,0.7522812951905422,0.4390752216769733,0.28251063269628746,0.8533142512887281,"{""PAY_0<=0"": -3, ""PAY_0<=1"": -5, ""PAY_3<=0"": -3, ""PAY_AMT1<=3470"": 2}",,
h8_fastbeam,hidden_fine,credit_card_clients_default,5,10000,1080,ok,0.0768,5,0.44122810076093966,,,0.7524304501012826,0.75609204497855,0.4393447552430231,0.23954295730360728,1.1166852512043988,"{""PAY_0<=0"": -4, ""PAY_0<=1"": -5, ""PAY_3<=0"": -3, ""PAY_6<=0"": -2, ""PAY_AMT1<=3470"": 2}",,
h8_fastbeam,hidden_fine,credit_card_clients_default,7,10000,1080,ok,0.096,7,0.43851484931589185,,,0.7629532289208324,0.7664315945800606,0.4355006528713803,0.30206481562791837,0.9657856185375963,"{""LIMIT_BAL<=160000"": 1, ""PAY_0<=0"": -3, ""PAY_0<=1"": -4, ""PAY_3<=0"": -2, ""PAY_6<=0"": -2, ""PAY_AMT1<=3470"": 1, ""PAY_AMT4<=0"": 1}",,
h8_fastbeam,hidden_fine,credit_card_clients_default,10,10000,1080,ok,0.1486,10,0.4347997855016795,,,0.7724510792790131,0.7770813538889059,0.43027229474536655,0.2695967306572295,1.3533624668318769,"{""LIMIT_BAL<=160000"": 2, ""AGE<=35"": -1, ""PAY_0<=0"": -3, ""PAY_0<=1"": -5, ""PAY_3<=0"": -2, ""PAY_5<=0"": -2, ""BILL_AMT1<=8229"": 1, ""BILL_AMT1<=171647"": -3, ""PAY_AMT2<=5000"": 2, ""PAY_AMT3<=0"": 1}",,
h8_fastbeam,hidden_fine,customer_satisfaction_in_airline,3,10000,311,ok,0.0499,3,0.4272755608110558,,,0.8634436021906313,0.8620981469427396,0.4298433196932694,0.7805144794589948,1.5158886495788904,"{""Seatcomfort=5"": -5, ""Inflightentertainment=4"": -3, ""Inflightentertainment=5"": -5}",,
h8_fastbeam,hidden_fine,customer_satisfaction_in_airline,4,10000,311,ok,0.0449,4,0.3877875711344735,,,0.8879972064139303,0.8874743635443142,0.3891745950184261,1.3102300684747143,1.8141998462345184,"{""Seatcomfort=5"": -4, ""Seatcomfort=0"": -5, ""Inflightentertainment=4"": -2, ""Inflightentertainment=5"": -3}",,
h8_fastbeam,hidden_fine,customer_satisfaction_in_airline,5,10000,311,ok,0.0535,5,0.3635706536225406,,,0.9117048681179708,0.9103079216002314,0.36604727797441594,1.276637056442899,2.3816516537702443,"{""Class=Business"": -1, ""Seatcomfort=5"": -4, ""Seatcomfort=0"": -5, ""Inflightentertainment=4"": -2, ""Inflightentertainment=5"": -3}",,
h8_fastbeam,hidden_fine,customer_satisfaction_in_airline,7,10000,311,ok,0.068,7,0.32404958475150997,,,0.9322404017804168,0.9311764485566095,0.3271972668470117,1.092187544002878,3.316659327689042,"{""Class=Business"": -1, ""Seatcomfort=5"": -5, ""Seatcomfort=0"": -5, ""Inflightentertainment=4"": -2, ""Inflightentertainment=5"": -3, ""EaseofOnlinebooking=4"": -2, ""EaseofOnlinebooking=5"": -2}",,
h8_fastbeam,hidden_fine,customer_satisfaction_in_airline,10,10000,311,ok,0.0999,10,0.28960956596223136,,,0.9460266190666164,0.9467865962019301,0.28904104754055615,1.2461572933966865,1.726528177540514,"{""CustomerType=disloyal Customer"": 2, ""TypeofTravel=Personal Travel"": 1, ""Seatcomfort=5"": -5, ""Seatcomfort=0"": -5, ""DepartureArrivaltimeconvenient=5"": 1, ""Inflightentertainment=4"": -2, ""Inflightentertainment=5"": -3, ""EaseofOnlinebooking=4"": -1, ""EaseofOnlinebooking=5"": -1, ""Cleanliness=5"": -1}",,
h8_fastbeam,hidden_fine,Diabetes130US,3,10000,294,ok,0.0667,3,0.28915757541679216,,,0.6045498155901117,0.6029904306220095,0.28826592586864447,0.26034085009683317,-1.1031218112421572,"{""discharge_disposition_id=Discharged to home"": -2, ""discharge_disposition_id=Discharged/transferred to another rehab fac including rehab units of a hospital ."": 5, ""number_inpatient<=1"": -4}",,
h8_fastbeam,hidden_fine,Diabetes130US,4,10000,294,ok,0.1114,4,0.287705398440096,,,0.6080256927830942,0.6076844098883573,0.28750503325016313,0.5677907472334784,-0.3778345011514562,"{""discharge_disposition_id=Discharged to home"": -1, ""discharge_disposition_id=Discharged/transferred to another rehab fac including rehab units of a hospital ."": 2, ""discharge_disposition_id=Expired"": -5, ""number_inpatient<=2"": -3}",,
h8_fastbeam,hidden_fine,Diabetes130US,5,10000,294,ok,0.0714,5,0.28712961623553157,,,0.6142457261762361,0.6134230462519936,0.28671596378869124,0.6337441253316353,-0.7894076204973823,"{""discharge_disposition_id=Discharged to home"": -1, ""discharge_disposition_id=Discharged/transferred to another rehab fac including rehab units of a hospital ."": 2, ""discharge_disposition_id=Expired"": -5, ""number_inpatient<=1"": -1, ""number_inpatient<=2"": -1}",,
h8_fastbeam,hidden_fine,Diabetes130US,7,10000,294,ok,0.1024,7,0.28598581610307716,,,0.6254666317783095,0.6155791467304624,0.28712216702234816,0.572101991006388,-0.8768795641191863,"{""diag_1=434"": 1, ""discharge_disposition_id=Discharged to home"": -1, ""discharge_disposition_id=Discharged/transferred to another rehab fac including rehab units of a hospital ."": 2, ""discharge_disposition_id=Expired"": -5, ""number_inpatient<=1"": -1, ""number_inpatient<=2"": -1, ""age=[50-60)"": -1}",,
h8_fastbeam,hidden_fine,Diabetes130US,10,10000,294,ok,0.1202,10,0.28481866189409677,,,0.6367634818580542,0.6325408692185007,0.285384702065962,0.5601559503638708,-0.8916087035311375,"{""diag_1=434"": 1, ""diag_1=584"": 1, ""discharge_disposition_id=Discharged to home"": -1, ""discharge_disposition_id=Discharged/transferred to another rehab fac including rehab units of a hospital ."": 2, ""discharge_disposition_id=Expired"": -5, ""discharge_disposition_id=Discharged/transferred to another type of inpatient care institution"": 1, ""number_inpatient<=1"": -1, ""number_inpatient<=2"": -1, ""age=[50-60)"": -1, ""num_medications<=6"": -1}",,
h8_fastbeam,hidden_fine,E-CommereShippingData,3,8799,261,ok,0.0288,3,0.5076527275783854,,,0.7202857142857143,0.7208682406702208,0.5070763730738578,23.558289914281488,-117.60217234996654,"{""Discount_offered<=10"": 5, ""Weight_in_gms<=2064"": 1, ""Weight_in_gms<=3914"": -1}",,
h8_fastbeam,hidden_fine,E-CommereShippingData,4,8799,261,ok,0.0374,3,0.5076527275783854,,,0.7202857142857143,0.7208682406702208,0.5070763730738578,23.558289914281488,-117.60217234996654,"{""Discount_offered<=10"": 5, ""Weight_in_gms<=2064"": 1, ""Weight_in_gms<=3914"": -1}",,
h8_fastbeam,hidden_fine,E-CommereShippingData,5,8799,261,ok,0.034,4,0.507652727578046,,,0.7202857142857143,0.7208682406702208,0.5070763730735113,23.79995429380363,-95.01053995377183,"{""Discount_offered<=10"": 3, ""Discount_offered<=61"": 1, ""Weight_in_gms<=2064"": 1, ""Weight_in_gms<=3914"": -1}",,
h8_fastbeam,hidden_fine,E-CommereShippingData,7,8799,261,ok,0.035,3,0.5076527275777714,,,0.7202857142857143,0.7208682406702208,0.5070763730732304,24.050190967015972,-71.96129567960372,"{""Discount_offered<=10"": 3, ""Weight_in_gms<=2064"": 1, ""Weight_in_gms<=3914"": -1}",,
h8_fastbeam,hidden_fine,E-CommereShippingData,10,8799,261,ok,0.0549,4,0.5076527275783839,,,0.7202857142857143,0.7208682406702208,0.5070763730738561,23.5593121362297,-117.60728345970759,"{""Discount_offered<=10"": 3, ""Discount_offered<=13"": 2, ""Weight_in_gms<=2064"": 1, ""Weight_in_gms<=3914"": -1}",,
h8_fastbeam,hidden_fine,Fitness_Club,3,1200,164,ok,0.0065,3,0.4690788908472814,,,0.7972491286274277,0.7943635312056365,0.48765064444083617,0.4613284395468862,1.3235466224419556,"{""months_as_member<=6"": -5, ""months_as_member<=15"": -3, ""months_as_member<=26"": -3}",,
h8_fastbeam,hidden_fine,Fitness_Club,4,1200,164,ok,0.0118,4,0.4581264201795103,,,0.8142618758454535,0.7947841632052159,0.4877389540474858,0.5925924681615296,2.2534923094958166,"{""months_as_member<=6"": -3, ""months_as_member<=11"": -2, ""months_as_member<=19"": -2, ""months_as_member<=38"": -3}",,
h8_fastbeam,hidden_fine,Fitness_Club,5,1200,164,ok,0.01,5,0.45484794424395897,,,0.8212410846819449,0.809401125190599,0.4808756775560179,0.4061906565095338,2.240353287215945,"{""months_as_member<=6"": -5, ""months_as_member<=11"": -2, ""months_as_member<=15"": -2, ""months_as_member<=21"": -2, ""months_as_member<=38"": -4}",,
h8_fastbeam,hidden_fine,Fitness_Club,7,1200,164,ok,0.0138,7,0.45138083217947306,,,0.8282104196082691,0.8116620221883379,0.4827050423838273,0.32724605123424766,2.134517121004497,"{""months_as_member<=6"": -5, ""months_as_member<=11"": -3, ""months_as_member<=15"": -2, ""months_as_member<=21"": -3, ""months_as_member<=38"": -5, ""day_of_week=Sun"": 1, ""category=HIIT"": 1}",,
h8_fastbeam,hidden_fine,Fitness_Club,10,1200,164,ok,0.0264,10,0.4463795254136152,,,0.8331078790511831,0.795125926704874,0.498669964530923,0.3764758365881336,2.8742117850150946,"{""months_as_member<=6"": -5, ""months_as_member<=11"": -3, ""months_as_member<=15"": -2, ""months_as_member<=21"": -2, ""months_as_member<=38"": -5, ""weight<=84.17"": -2, ""weight<=87.37"": 3, ""weight<=90.34"": -2, ""day_of_week=Mon"": -1, ""day_of_week=Wed"": -2}",,
h8_fastbeam,hidden_fine,GiveMeSomeCredit,3,10000,385,ok,0.0366,3,0.1912350528109245,,,0.8243370099411463,0.8105263968419782,0.19158106335323902,0.3801220175220081,0.43305115241336106,"{""RevolvingUtilizationOfUnsecuredLines<=0.313411"": -4, ""NumberOfTime30-59DaysPastDueNotWorse<=0"": -3, ""NumberOfTimes90DaysLate<=0"": -5}",,
h8_fastbeam,hidden_fine,GiveMeSomeCredit,4,10000,385,ok,0.046,4,0.18876620578485032,,,0.8346001458724706,0.8164271542641248,0.18948999105146863,0.3432170803704401,1.0656263158079666,"{""RevolvingUtilizationOfUnsecuredLines<=0.313411"": -4, ""NumberOfTime30-59DaysPastDueNotWorse<=0"": -3, ""NumberOfTimes90DaysLate<=0"": -5, ""NumberOfTime60-89DaysPastDueNotWorse<=0"": -3}",,
h8_fastbeam,hidden_fine,GiveMeSomeCredit,5,10000,385,ok,0.0468,5,0.18667130745934402,,,0.8467726316588755,0.8265090051358919,0.18939733192029698,0.33470775957289584,0.4690940848968709,"{""RevolvingUtilizationOfUnsecuredLines<=0.313411"": -4, ""age<=57"": 2, ""NumberOfTime30-59DaysPastDueNotWorse<=0"": -3, ""NumberOfTimes90DaysLate<=0"": -5, ""NumberOfTime60-89DaysPastDueNotWorse<=0"": -3}",,
h8_fastbeam,hidden_fine,GiveMeSomeCredit,7,10000,385,ok,0.0696,7,0.18483402805615737,,,0.8464202854044709,0.828845951474676,0.1871758036929641,0.26070579571425284,1.3598438285219416,"{""RevolvingUtilizationOfUnsecuredLines<=0.313411"": -5, ""RevolvingUtilizationOfUnsecuredLines<=1.00708"": -3, ""age<=57"": 3, ""NumberOfTime30-59DaysPastDueNotWorse<=0"": -4, ""NumberOfTimes90DaysLate<=0"": -5, ""NumberOfTimes90DaysLate<=1"": -3, ""NumberOfTime60-89DaysPastDueNotWorse<=0"": -3}",,
h8_fastbeam,hidden_fine,GiveMeSomeCredit,10,10000,385,ok,0.1079,10,0.1825768642396007,,,0.8561551021964331,0.8382283867755275,0.18639180554923898,0.3921619648706153,3.0848110440262606,"{""RevolvingUtilizationOfUnsecuredLines<=0.313411"": -3, ""RevolvingUtilizationOfUnsecuredLines<=1.00708"": -2, ""age<=57"": 2, ""NumberOfTime30-59DaysPastDueNotWorse<=0"": -2, ""NumberOfTime30-59DaysPastDueNotWorse<=1"": -2, ""MonthlyIncome<=5348"": 1, ""NumberOfTimes90DaysLate<=0"": -3, ""NumberOfTimes90DaysLate<=1"": -2, ""NumberRealEstateLoansOrLines<=4"": -4, ""NumberOfTime60-89DaysPastDueNotWorse<=0"": -2}",,
h8_fastbeam,hidden_fine,hazelnut-contaminant,3,1920,2970,ok,0.0286,3,0.46061515402782743,,,0.8408040364583333,0.8299131944444444,0.47111867588191564,0.5056146550237353,0.8873408320107181,"{""s52<=-0.000857"": 5, ""s53<=0.001785"": -4, ""s53<=0.002461"": -4}",,
h8_fastbeam,hidden_fine,hazelnut-contaminant,4,1920,2970,ok,0.0286,4,0.4412004290794086,,,0.8681868489583333,0.8698003472222223,0.4356575859311306,0.4882379796819735,0.36518182239483704,"{""s46<=0.00235"": -3, ""s52<=-0.000857"": 5, ""s53<=0.002365"": -4, ""s61<=-0.000807"": 3}",,
h8_fastbeam,hidden_fine,hazelnut-contaminant,5,1920,2970,ok,0.0475,5,0.4208516230035272,,,0.8845328776041667,0.8761631944444443,0.43229421232148185,0.4452495740548071,-0.6879633754984259,"{""s46<=0.002311"": -3, ""s52<=-0.000857"": 5, ""s52<=-0.000599"": 4, ""s53<=0.002365"": -4, ""s61<=-0.001058"": 3}",,
h8_fastbeam,hidden_fine,hazelnut-contaminant,7,1920,2970,ok,0.0532,7,0.38649966172767275,,,0.9038736979166666,0.8937152777777778,0.40522536860695424,0.5690523038342505,2.6871224009829455,"{""s41<=-0.000343"": -3, ""s46<=0.002311"": -3, ""s52<=-0.000857"": 4, ""s52<=-0.000599"": 3, ""s53<=0.002365"": -3, ""s61<=-0.001063"": 2, ""s63<=0.001943"": -5}",,
h8_fastbeam,hidden_fine,hazelnut-contaminant,10,1920,2970,ok,0.0726,10,0.35146354049713474,,,0.9209711371527778,0.8941319444444443,0.40629195036941046,0.7002368893642414,3.7129047800157564,"{""s23<=0.001318"": -2, ""s41<=0.000389"": -2, ""s43<=0.000114"": 2, ""s46<=0.00232"": -3, ""s52<=-0.000857"": 3, ""s52<=-0.000599"": 3, ""s53<=0.002365"": -2, ""s61<=-0.001063"": 2, ""s61<=-0.000807"": 2, ""s63<=0.00199"": -5}",,
h8_fastbeam,hidden_fine,HR_Analytics,3,10000,208,ok,0.0376,3,0.4697631968903641,,,0.7676549484817384,0.7713215053220921,0.4652080304355107,0.48593954320923854,-1.9707074933652684,"{""city_development_index<=0.624"": 4, ""major_discipline=nan"": -2, ""company_size=nan"": 3}",,
h8_fastbeam,hidden_fine,HR_Analytics,4,10000,208,ok,0.0404,4,0.4676035268383846,,,0.7700044188119165,0.7741901415376301,0.4641906988246582,0.3987423126662525,-1.9546355765583012,"{""city_development_index<=0.624"": 5, ""major_discipline=nan"": -2, ""company_size=nan"": 4, ""last_new_job=never"": -2}",,
h8_fastbeam,hidden_fine,HR_Analytics,5,10000,208,ok,0.0446,5,0.46474730283649934,,,0.7770435349127808,0.7789764753871953,0.4624536463096525,0.38968018617069683,-1.666955420283358,"{""city_development_index<=0.624"": 5, ""enrolled_university=no_enrollment"": -1, ""major_discipline=nan"": -2, ""company_size=nan"": 4, ""last_new_job=never"": -2}",,
h8_fastbeam,hidden_fine,HR_Analytics,7,10000,208,ok,0.0579,7,0.45995409497451356,,,0.7870017271400735,0.7850763359105022,0.4598455061876597,0.34515468777973346,-2.045593071306248,"{""city=city_103"": 2, ""city_development_index<=0.624"": 5, ""city_development_index<=0.83"": 2, ""enrolled_university=no_enrollment"": -1, ""major_discipline=nan"": -2, ""company_size=nan"": 4, ""last_new_job=never"": -2}",,
h8_fastbeam,hidden_fine,HR_Analytics,10,10000,208,ok,0.0843,10,0.45626309861244974,,,0.7915861643751024,0.7917453058097045,0.45662473403194126,0.34478745300993363,-1.8108318649403976,"{""city=city_100"": 3, ""city_development_index<=0.624"": 5, ""city_development_index<=0.83"": 2, ""city_development_index<=0.915"": -2, ""city_development_index<=0.92"": 2, ""relevent_experience=Has relevent experience"": -1, ""enrolled_university=no_enrollment"": -1, ""major_discipline=nan"": -3, ""company_size=nan"": 4, ""last_new_job=never"": -2}",,
h8_fastbeam,hidden_fine,in_vehicle_coupon,3,10000,112,ok,0.0433,3,0.6398995986323498,,,0.6610468290093193,0.6600006913378627,0.6407932044331149,0.5769066010198863,0.4867955148241555,"{""coupon=Restaurant(<20)"": -2, ""coupon=Carry out & Take away"": -2, ""expiration=1d"": -1}",,
h8_fastbeam,hidden_fine,in_vehicle_coupon,4,10000,112,ok,0.0447,4,0.6312226980148472,,,0.6767009438718441,0.6791295534544393,0.6301484675534975,0.5789684173964547,0.1927197821009626,"{""destination=No Urgent Place"": -1, ""coupon=Restaurant(<20)"": -2, ""coupon=Carry out & Take away"": -2, ""expiration=2h"": 1}",,
h8_fastbeam,hidden_fine,in_vehicle_coupon,5,10000,112,ok,0.0643,5,0.6227798682681225,,,0.6930002938185917,0.6891735186292727,0.6269416439173136,0.23416511377559093,0.2466892432047167,"{""weather=Sunny"": -3, ""coupon=Restaurant(<20)"": -5, ""coupon=Carry out & Take away"": -5, ""expiration=2h"": 3, ""CoffeeHouse=never"": 3}",,
h8_fastbeam,hidden_fine,in_vehicle_coupon,7,10000,112,ok,0.0743,7,0.6128936920515669,,,0.7124548918349738,0.7089281719526838,0.6162601956007485,0.23133000401426398,0.9820376017966901,"{""destination=No Urgent Place"": -2, ""weather=Sunny"": -3, ""coupon=Restaurant(<20)"": -5, ""coupon=Carry out & Take away"": -5, ""expiration=1d"": -3, ""CoffeeHouse=less1"": 2, ""CoffeeHouse=never"": 4}",,
h8_fastbeam,hidden_fine,in_vehicle_coupon,10,10000,112,ok,0.129,10,0.6051859354699445,,,0.7244346845510119,0.7259093212562262,0.6049334473310537,0.20616216938295126,-0.10435253177187799,"{""destination=No Urgent Place"": -4, ""passenger=Kid(s)"": 3, ""weather=Sunny"": -3, ""coupon=Restaurant(<20)"": -5, ""coupon=Carry out & Take away"": -5, ""coupon=Bar"": 2, ""expiration=2h"": 4, ""CoffeeHouse=less1"": 2, ""CoffeeHouse=never"": 4, ""direction_same=0"": 2}",,
h8_fastbeam,hidden_fine,Is-this-a-good-customer,3,1378,216,ok,0.0073,3,0.311838893953753,,,0.74953963807467,0.6714429361488184,0.3351355227211546,0.3657301857182583,-2.0467211766347466,"{""credit_term<=10"": -3, ""education=Higher education"": -2, ""product_type=Cell phones"": 4}",,
h8_fastbeam,hidden_fine,Is-this-a-good-customer,4,1378,216,ok,0.0094,4,0.3080507187991343,,,0.7653249659619088,0.6808697838109603,0.3372747024346666,0.3541196761376098,-2.520143841454618,"{""credit_term<=10"": -3, ""education=Higher education"": -2, ""product_type=Cell phones"": 4, ""is_client=1"": 2}",,
h8_fastbeam,hidden_fine,Is-this-a-good-customer,5,1378,216,ok,0.0118,5,0.3041087589238982,,,0.7758963364058906,0.6651164739400034,0.34528371038828665,0.33610684614275443,-4.081811756905901,"{""credit_term<=10"": -3, ""age<=54"": 5, ""education=Higher education"": -2, ""product_type=Cell phones"": 4, ""is_client=1"": 2}",,
h8_fastbeam,hidden_fine,Is-this-a-good-customer,7,1378,216,ok,0.0174,7,0.2969551540620373,,,0.786405108061159,0.651458019105078,0.3563977737850017,0.37165569747836924,-3.9160882800189225,"{""credit_amount<=23000"": -2, ""credit_term<=10"": -2, ""age<=54"": 5, ""education=Higher education"": -2, ""product_type=Cell phones"": 4, ""income<=39000"": 2, ""is_client=0"": -2}",,
h8_fastbeam,hidden_fine,Is-this-a-good-customer,10,1378,216,ok,0.0259,10,0.29017345195290367,,,0.802852939795615,0.6558991117814646,0.3575440506340214,0.372135873824852,-4.9783093250435915,"{""credit_amount<=23000"": -2, ""credit_term<=10"": -2, ""credit_term<=12"": -1, ""age<=54"": 5, ""sex=male"": -1, ""education=Secondary special education"": 2, ""education=Secondary education"": 3, ""product_type=Cell phones"": 4, ""income<=39000"": 2, ""is_client=1"": 2}",,
h8_fastbeam,hidden_fine,kddcup09_appetency,3,10000,1148,ok,0.0597,3,0.0764818761383098,,,0.8026435152455278,0.7916315908576601,0.07759899389491016,0.4165706552572506,-4.326760156305799,"{""Var126<=-28"": 3, ""Var126<=-12"": 3, ""Var218=cJvF"": -4}",,
h8_fastbeam,hidden_fine,kddcup09_appetency,4,10000,1148,ok,0.0679,4,0.07573855856199134,,,0.8221531462275699,0.8247748359357321,0.07754813022113018,0.3124868831408605,-4.15109859414899,"{""Var126<=-28"": 4, ""Var126<=-12"": 4, ""Var218=cJvF"": -5, ""Var28<=213.36"": -2}",,
h8_fastbeam,hidden_fine,kddcup09_appetency,5,10000,1148,ok,0.0596,5,0.07520644762779784,,,0.8228732677616631,0.7881918986195972,0.07854919405322248,0.28665837718226184,-5.177585307891822,"{""Var126<=-28"": 4, ""Var126<=-12"": 5, ""Var218=cJvF"": -5, ""Var212=NhsEn4L"": 2, ""Var119<=590"": 2}",,
h8_fastbeam,hidden_fine,kddcup09_appetency,7,10000,1148,ok,0.0793,7,0.07434194104164256,,,0.8344575580158279,0.7994025797691786,0.07862179832136724,0.30456642526372296,-4.5999252839272575,"{""Var126<=-28"": 4, ""Var126<=-12"": 5, ""Var126<=36"": -2, ""Var218=cJvF"": -5, ""Var212=NhsEn4L"": 2, ""Var119<=590"": 2, ""Var28<=213.36"": -2}",,
h8_fastbeam,hidden_fine,kddcup09_appetency,10,10000,1148,ok,0.0957,10,0.07319026783048291,,,0.8446968397017472,0.7706720977596742,0.08177659155081785,0.3989102703444534,-4.485825556177944,"{""Var126<=-28"": 3, ""Var126<=-12"": 4, ""Var126<=36"": -2, ""Var218=cJvF"": -4, ""Var212=NhsEn4L"": 2, ""Var119<=590"": 2, ""Var119<=1800"": -2, ""Var28<=213.36"": -1, ""Var94<=132201"": -2, ""Var94<=371355"": 3}",,
h8_fastbeam,hidden_fine,Marketing_Campaign,3,1792,732,ok,0.0156,3,0.34968904789250305,,,0.7450125867256092,0.8082814275081286,0.3196490043414209,0.45926552231329504,1.5529617963781646,"{""Recency<=17"": 3, ""AcceptedCmp3=0"": -4, ""AcceptedCmp5=0"": -5}",,
h8_fastbeam,hidden_fine,Marketing_Campaign,4,1792,732,ok,0.0167,4,0.33682240525816487,,,0.7848013753300177,0.8172327339679555,0.3151591065672357,0.4224178353819406,1.5572095131415535,"{""Recency<=20"": 3, ""MntGoldProds<=14"": -3, ""AcceptedCmp3=0"": -4, ""AcceptedCmp5=0"": -5}",,
h8_fastbeam,hidden_fine,Marketing_Campaign,5,1792,732,ok,0.0302,5,0.32688383941033355,,,0.807451341560754,0.8157832882829945,0.3202663017673748,0.43755919130600057,1.4395758937762184,"{""Marital_Status=Single"": 2, ""Recency<=20"": 3, ""MntGoldProds<=14"": -3, ""AcceptedCmp3=0"": -4, ""AcceptedCmp5=0"": -5}",,
h8_fastbeam,hidden_fine,Marketing_Campaign,7,1792,732,ok,0.0325,7,0.30788552071707537,,,0.8337054092220788,0.8630861440827359,0.28968478240946444,0.5312248241899876,0.8373087159589181,"{""Marital_Status=Single"": 2, ""Recency<=19"": 3, ""NumCatalogPurchases<=0"": -3, ""NumWebVisitsMonth<=5"": -2, ""AcceptedCmp3=0"": -3, ""AcceptedCmp5=1"": 4, ""AcceptedCmp1=0"": -3}",,
h8_fastbeam,hidden_fine,Marketing_Campaign,10,1792,732,ok,0.0388,10,0.28704323474864574,,,0.8656400810462332,0.8343126885258746,0.32157136857149776,0.35977610967010054,2.8409628910030196,"{""Education=PhD"": 3, ""Marital_Status=Single"": 3, ""Recency<=16"": 3, ""Recency<=61"": 3, ""MntMeatProducts<=256"": -3, ""MntGoldProds<=14"": -4, ""NumWebVisitsMonth<=5"": -4, ""AcceptedCmp3=0"": -5, ""AcceptedCmp5=0"": -5, ""AcceptedCmp1=0"": -4}",,
h8_fastbeam,hidden_fine,NATICUSdroid,3,5992,80,ok,0.0199,3,0.268260936032401,,,0.940827081554009,0.9450425344675857,0.25664610928203074,0.7525481919196928,-6.845282599972134,"{""android.permission.READ_PHONE_STATE=1"": 5, ""com.google.android.c2dm.permission.RECEIVE=0"": 5, ""com.android.launcher.permission.INSTALL_SHORTCUT=1"": 3}",,
h8_fastbeam,hidden_fine,NATICUSdroid,4,5992,80,ok,0.0231,4,0.24087086567525057,,,0.956363390050208,0.9553906326390926,0.24352520212662457,0.9257434375963655,-1.6123421594688265,"{""android.permission.READ_PHONE_STATE=0"": -4, ""com.google.android.c2dm.permission.RECEIVE=0"": 4, ""com.android.launcher.permission.INSTALL_SHORTCUT=0"": -3, ""android.permission.READ_EXTERNAL_STORAGE=0"": 2}",,
h8_fastbeam,hidden_fine,NATICUSdroid,5,5992,80,ok,0.0266,5,0.22709576920195354,,,0.9621806868755894,0.9610315830644373,0.2308385159553744,0.9190351153116305,-3.1535678264461944,"{""android.permission.READ_PHONE_STATE=1"": 4, ""com.google.android.c2dm.permission.RECEIVE=0"": 4, ""com.android.launcher.permission.INSTALL_SHORTCUT=0"": -3, ""com.android.vending.BILLING=1"": -2, ""android.permission.READ_EXTERNAL_STORAGE=1"": -2}",,
h8_fastbeam,hidden_fine,NATICUSdroid,7,5992,80,ok,0.0332,7,0.21246156469560976,,,0.968801456101746,0.9663821257455754,0.22014627002926884,0.961086733482825,-4.331885969004282,"{""android.permission.READ_PHONE_STATE=1"": 4, ""com.google.android.c2dm.permission.RECEIVE=1"": -4, ""com.android.launcher.permission.INSTALL_SHORTCUT=0"": -2, ""com.android.vending.BILLING=0"": 2, ""android.permission.READ_EXTERNAL_STORAGE=0"": 2, ""android.permission.RECEIVE_BOOT_COMPLETED=1"": 1, ""android.permission.BLUETOOTH=1"": -2}",,
h8_fastbeam,hidden_fine,NATICUSdroid,10,5992,80,ok,0.05,10,0.19446167843096646,,,0.9736416874107482,0.9726625598904859,0.19842492548658702,0.9383651116707211,-3.876925986771747,"{""android.permission.READ_PHONE_STATE=0"": -4, ""com.google.android.c2dm.permission.RECEIVE=0"": 4, ""com.android.launcher.permission.INSTALL_SHORTCUT=0"": -2, ""com.android.vending.BILLING=1"": -2, ""android.permission.READ_EXTERNAL_STORAGE=0"": 2, ""android.permission.GET_TASKS=1"": 1, ""android.permission.RECEIVE_BOOT_COMPLETED=1"": 1, ""android.permission.ACCESS_COARSE_LOCATION=1"": 1, ""android.permission.CAMERA=0"": 1, ""android.permission.BLUETOOTH=1"": -2}",,
h8_fastbeam,hidden_fine,online_shoppers_intention,3,9864,457,ok,0.0497,3,0.25419795504171205,,,0.9030128449169382,0.8829023927003045,0.274914505407797,0.629081674613393,0.6984783628349426,"{""PageValues<=0"": -5, ""PageValues<=21.7407"": -2, ""Month=Nov"": 2}",,
h8_fastbeam,hidden_fine,online_shoppers_intention,4,9864,457,ok,0.0523,4,0.24839261094898532,,,0.9098997091117834,0.8857689099697522,0.2707134244143898,1.1425844323440635,1.7807352317015401,"{""PageValues<=0"": -3, ""PageValues<=28.9418"": -1, ""Month=Nov"": 1, ""VisitorType=Returning_Visitor"": -1}",,
h8_fastbeam,hidden_fine,online_shoppers_intention,5,9864,457,ok,0.069,5,0.24630870687599507,,,0.912804465148272,0.8903098652410286,0.2697464750531107,0.6163718261076643,-0.09462014354058375,"{""ExitRates<=0.0777778"": 3, ""PageValues<=0"": -5, ""PageValues<=21.7407"": -2, ""Month=Nov"": 2, ""VisitorType=Returning_Visitor"": -2}",,
h8_fastbeam,hidden_fine,online_shoppers_intention,7,9864,457,ok,0.0929,7,0.242676489105226,,,0.9151562019109403,0.8912174282240154,0.26615727043684534,0.5849901935482847,-0.2017218933621949,"{""Administrative<=6"": 1, ""ExitRates<=0.0777778"": 3, ""PageValues<=0"": -5, ""PageValues<=8.17473"": -1, ""PageValues<=28.9418"": -2, ""Month=Nov"": 2, ""VisitorType=Returning_Visitor"": -2}",,
h8_fastbeam,hidden_fine,online_shoppers_intention,10,9864,457,ok,0.1326,10,0.24008890862627633,,,0.9184271617854682,0.8953884495181438,0.26343622788132415,0.5789731372536954,-0.7444712221172,"{""Administrative<=6"": 1, ""ProductRelated<=1"": 2, ""ProductRelated_Duration<=4339.53"": -1, ""BounceRates<=0.0126984"": 1, ""ExitRates<=0.0833333"": 4, ""PageValues<=0"": -5, ""PageValues<=9.55063"": -1, ""PageValues<=28.9418"": -2, ""Month=Nov"": 2, ""VisitorType=Returning_Visitor"": -2}",,
h8_fastbeam,hidden_fine,polish_companies_bankruptcy,3,4728,3928,ok,0.0599,3,0.15328786394991553,,,0.858995288248337,0.8526496674057651,0.15524279783128833,1.3107506009730672,-4.10452330009971,"{""sales_growth_ratio missing"": 5, ""operating_profit_to_financial_expenses missing"": 2, ""sales_profit_to_total_assets<=-0.029501"": 2}",,
h8_fastbeam,hidden_fine,polish_companies_bankruptcy,4,4728,3928,ok,0.0766,4,0.14523560409272954,,,0.8888504711751664,0.8955376940133037,0.14368401426825403,1.2775802960989668,-4.769992472584068,"{""sales_growth_ratio missing"": 5, ""operating_profit_to_financial_expenses missing"": 2, ""sales_profit_to_total_assets<=-0.029501"": 2, ""current_assets_minus_inventory_to_short_term_liabilities<=0.85923"": 1}",,
h8_fastbeam,hidden_fine,polish_companies_bankruptcy,5,4728,3928,ok,0.0809,5,0.13883736873573285,,,0.9014644539911307,0.9027050997782706,0.14280495312099806,1.2102774401376204,-4.982791187271316,"{""sales_growth_ratio missing"": 5, ""sales_growth_ratio<=0.87412"": 1, ""operating_profit_to_financial_expenses missing"": 2, ""sales_profit_to_total_assets<=-0.029501"": 2, ""current_assets_minus_inventory_to_short_term_liabilities<=0.85923"": 1}",,
h8_fastbeam,hidden_fine,polish_companies_bankruptcy,7,4728,3928,ok,0.1485,7,0.13318321032223915,,,0.914637610864745,0.9000886917960088,0.14246460755219154,1.3427041785187381,-5.590194415352804,"{""sales_growth_ratio missing"": 5, ""sales_growth_ratio<=0.87412"": 1, ""operating_profit_to_financial_expenses missing"": 2, ""sales_profit_to_total_assets<=-0.029501"": 2, ""operating_profit_to_total_assets<=0.007673"": -1, ""gross_profit_plus_depreciation_to_sales<=0.060892"": 1, ""current_assets_minus_inventory_to_short_term_liabilities<=0.85923"": 1}",,
h8_fastbeam,hidden_fine,polish_companies_bankruptcy,10,4728,3928,ok,0.1928,10,0.12542244080847822,,,0.9226091324833703,0.9157760532150776,0.1362061306521006,1.2680761281106951,-4.693553707533392,"{""sales_growth_ratio missing"": 5, ""sales_growth_ratio<=0.76336"": 1, ""operating_profit_to_financial_expenses missing"": 3, ""operating_profit_to_financial_expenses<=-1.2334"": 1, ""sales_profit_to_total_assets<=-0.029501"": 2, ""operating_profit_to_total_assets<=0.007673"": -1, ""three_year_gross_profit_to_total_assets missing"": -4, ""three_year_gross_profit_to_total_assets<=0.84225"": -1, ""current_assets_minus_inventory_to_short_term_liabilities<=0.85923"": 1, ""constant_capital_to_total_assets<=0.69154"": 1}",,
h8_fastbeam,hidden_fine,qsar-biodeg,3,843,1525,ok,0.014,3,0.4307288765650146,,,0.8524465217062662,0.8193158953722335,0.4762761418050653,0.5815239715568313,-2.062248008105779,"{""Weighted_LeadingEigenvalue_Burden_Matrix<=3.813"": 4, ""Adjacency_LeadingEigenvalue<=2.152"": 3, ""Sum_dO_EStates<=0"": -3}",,
h8_fastbeam,hidden_fine,qsar-biodeg,4,843,1525,ok,0.0185,4,0.39277248579729257,,,0.8788612713850186,0.8561871227364185,0.4294908632629002,0.48159387098397927,-3.7224945513375123,"{""Weighted_LeadingEigenvalue_Burden_Matrix<=3.648"": 5, ""Laplace_Leading_Eigenvalue<=5.098"": 4, ""Sum_dO_EStates<=0"": -4, ""Freq_CN_At_Dist2<=1"": 4}",,
h8_fastbeam,hidden_fine,qsar-biodeg,5,843,1525,ok,0.0174,5,0.373604607848859,,,0.8927001184207212,0.8572937625754526,0.42596149594508675,0.5092663245060732,-4.9685523192269505,"{""Weighted_LeadingEigenvalue_Burden_Matrix<=3.592"": 4, ""Weighted_SpectralMoment6_Burden_Matrix<=8.491"": 3, ""Sum_dO_EStates<=0"": -4, ""Num_Nitrogen_Atoms<=0"": 4, ""Num_ssssC_Atoms<=0"": 5}",,
h8_fastbeam,hidden_fine,qsar-biodeg,7,843,1525,ok,0.0217,7,0.3455714564599396,,,0.9114143717402805,0.8577464788732394,0.42967733025989413,1.0942641471100534,-7.887726821821236,"{""Weighted_LeadingEigenvalue_Burden_Matrix<=3.592"": 2, ""Num_Substituted_BenzeneC<=3"": 3, ""Sum_dO_EStates<=0"": -2, ""Weighted_HyperWiener_Index_Burden_Matrix<=3.261"": 1, ""Num_Nitrogen_Atoms<=0"": 2, ""Num_ssssC_Atoms<=0"": 3, ""Num_HBond_Donors_Atoms<=0"": -1}",,
h8_fastbeam,hidden_fine,qsar-biodeg,10,843,1525,ok,0.0341,10,0.3189906002409472,,,0.9277570611504448,0.8926559356136821,0.3769630404413807,0.6479429877870048,-11.113238560746783,"{""Weighted_LeadingEigenvalue_Burden_Matrix<=3.592"": 3, ""Num_Substituted_BenzeneC<=3"": 4, ""Sum_dO_EStates<=0"": -3, ""Weighted_HyperWiener_Index_Burden_Matrix<=3.261"": 2, ""Sum_dssC_EStates<=-0.855"": 2, ""Num_Nitrogen_Atoms<=0"": 3, ""Num_Nitrogen_Atoms<=1"": 2, ""Num_Halogen_Atoms<=1"": 4, ""Num_ssssC_Atoms<=0"": 5, ""Num_HBond_Donors_Atoms<=0"": -1}",,
h8_fastbeam,hidden_fine,seismic-bumps,3,2067,479,ok,0.0135,3,0.20594262981549422,,,0.7861459317025619,0.7241809767385214,0.22131318820811172,0.2620079427588176,-0.7549759891528449,"{""genergy<=16840"": -5, ""gpuls<=1133"": -4, ""nbumps<=1"": -5}",,
h8_fastbeam,hidden_fine,seismic-bumps,4,2067,479,ok,0.0172,4,0.20308788304998954,,,0.7982796173881257,0.7138290098648156,0.22636036306418617,0.3497729772549646,-1.1858260586112328,"{""genergy<=16840"": -4, ""gpuls<=1133"": -3, ""gdpuls<=21"": 2, ""nbumps<=1"": -4}",,
h8_fastbeam,hidden_fine,seismic-bumps,5,2067,479,ok,0.0174,5,0.2018267146324363,,,0.8052022725195723,0.6961088783339422,0.22910436208871662,0.2570583820692861,-1.535230043185273,"{""seismic=b"": 2, ""genergy<=18400"": -5, ""gpuls<=1133"": -4, ""gdpuls<=21"": 3, ""nbumps<=1"": -5}",,
h8_fastbeam,hidden_fine,seismic-bumps,7,2067,479,ok,0.0255,7,0.19931675627226905,,,0.8132387211746428,0.7029898916088174,0.22816594995411413,0.4838920438917863,-2.456474055192331,"{""genergy<=18400"": -3, ""gpuls<=1133"": -2, ""gdenergy<=-73"": 2, ""gdenergy<=197"": 5, ""gdpuls<=21"": 2, ""gdpuls<=92"": -3, ""nbumps<=1"": -3}",,
h8_fastbeam,hidden_fine,seismic-bumps,10,2067,479,ok,0.048,10,0.1952561695461741,,,0.8235598744935572,0.6919376446230666,0.23987506824829943,0.4136573639299152,-2.6288657172010406,"{""seismic=b"": 1, ""genergy<=18400"": -4, ""gpuls<=1133"": -3, ""gdenergy<=-73"": 2, ""gdenergy<=-37"": 2, ""gdenergy<=110"": -2, ""gdenergy<=197"": 5, ""gdpuls<=-1"": -2, ""gdpuls<=9"": 3, ""nbumps<=1"": -3}",,
h8_fastbeam,hidden_fine,taiwanese_bankruptcy,3,5455,3919,ok,0.1131,3,0.08980801609068735,,,0.9242286116516557,0.8557076446280991,0.10449196081071375,0.496483146759966,-3.901292925271642,"{""Debt_Ratio_Percent<=0.161774"": -5, ""Continuous_Interest_Rate_After_Tax<=0.781567"": 4, ""NonIndustry_Income_Expenditure_Revenue<=0.303453"": 3}",,
h8_fastbeam,hidden_fine,taiwanese_bankruptcy,4,5455,3919,ok,0.0977,4,0.08722762024048554,,,0.9331199736520347,0.8827565426997245,0.10111880350708857,0.6392080287379889,-7.85207261641826,"{""Persistent_EPS_Last_4_Seasons<=0.226624"": 4, ""Net_Worth_to_Assets<=0.838196"": 4, ""Continuous_Interest_Rate_After_Tax<=0.781454"": 2, ""NonIndustry_Income_Expenditure_Revenue<=0.303453"": 2}",,
h8_fastbeam,hidden_fine,taiwanese_bankruptcy,5,5455,3919,ok,0.1113,5,0.08412624784397382,,,0.9395778082970259,0.8853219696969697,0.1042590510508694,0.5484919760875828,-8.206364270727306,"{""Net_Worth_to_Assets<=0.838196"": 4, ""ROA_C_Before_Interest_Depreciation<=0.506654"": 5, ""Retained_Earnings_to_Total_Assets<=0.910048"": 3, ""DFL<=0.0266054"": 2, ""NonIndustry_Income_Expenditure_Revenue<=0.303453"": 3}",,
h8_fastbeam,hidden_fine,taiwanese_bankruptcy,7,5455,3919,ok,0.1581,7,0.08008255390143369,,,0.9485950980729821,0.8977186639118457,0.0996621418559408,0.465741869240778,-5.210541010975593,"{""Persistent_EPS_Last_4_Seasons<=0.200908"": 3, ""Debt_Ratio_Percent<=0.161774"": -4, ""ROA_C_Before_Interest_Depreciation<=0.506654"": 5, ""Retained_Earnings_to_Total_Assets<=0.910048"": 3, ""DFL<=0.0266054"": 4, ""DFL<=0.0271899"": -3, ""NonIndustry_Income_Expenditure_Revenue<=0.303453"": 3}",,
h8_fastbeam,hidden_fine,taiwanese_bankruptcy,10,5455,3919,ok,0.1834,10,0.077173685023464,,,0.9527421042208407,0.9016959366391184,0.10179061658888183,0.7462035675398561,-9.39238385338843,"{""Persistent_EPS_Last_4_Seasons<=0.178973"": 2, ""Persistent_EPS_Last_4_Seasons<=0.20242"": 1, ""Net_Worth_to_Assets<=0.838196"": 2, ""Retained_Earnings_to_Total_Assets<=0.910048"": 2, ""DFL<=0.0266054"": 3, ""DFL<=0.0269432"": -2, ""ROA_B_Before_Interest_Depreciation_After_Tax<=0.565501"": 5, ""NonIndustry_Income_Expenditure_Revenue<=0.303453"": 2, ""Gross_Profit_to_Sales<=0.604286"": 1, ""Operating_Funds_to_Liability<=0.341285"": 1}",,
h8_fastbeam,hidden_fine,jm1,3,8708,1045,ok,0.076,3,0.44408462987156444,,,0.7036015195514864,0.6854327747688279,0.4529422950030261,0.35450174923813915,-0.17979453414388716,"{""loc<=5"": -3, ""loc<=27"": -2, ""loc<=68"": -3}",,
h8_fastbeam,hidden_fine,jm1,4,8708,1045,ok,0.0632,4,0.44124097459986134,,,0.7137039764639372,0.6979091705939324,0.4495215181272461,0.1711863546020291,-0.20380651645789155,"{""loc<=32"": -4, ""loc<=68"": -5, ""l<=0"": 5, ""lOBlank<=1"": -5}",,
h8_fastbeam,hidden_fine,jm1,5,8708,1045,ok,0.0553,5,0.44029363253123927,,,0.7113011888449609,0.6884336837662794,0.4519602584088925,0.21071095413752636,0.5091720270454098,"{""loc<=43"": -4, ""iv(g)<=9"": -3, ""lOBlank<=1"": -5, ""uniq_Op<=0"": 5, ""uniq_Opnd<=59"": -3}",,
h8_fastbeam,hidden_fine,jm1,7,8708,1045,ok,0.0714,7,0.43742889957991626,,,0.7255088515859928,0.6997454266065719,0.45055271341606984,0.22342922729908188,0.9512426708648752,"{""loc<=22"": -3, ""loc<=43"": -3, ""iv(g)<=9"": -3, ""l<=0"": 5, ""l<=0.09"": -2, ""lOBlank<=1"": -4, ""uniq_Opnd<=59"": -3}",,
h8_fastbeam,hidden_fine,jm1,10,8708,1045,ok,0.0939,10,0.43294774847070566,,,0.7338443292091141,0.698479999350716,0.452546884323482,0.2092815259976388,0.9529348973995477,"{""loc<=5"": -5, ""loc<=22"": -3, ""loc<=43"": -3, ""loc<=68"": -3, ""iv(g)<=9"": -3, ""l<=0.09"": -2, ""lOBlank<=1"": -4, ""uniq_Opnd<=59"": -4, ""total_Op<=10"": 4, ""total_Opnd<=106"": 3}",,
h9_noband,hidden_fine,Amazon_employee_access,3,10000,107,ok,0.0116,3,0.21658596921283446,,,0.5696542230371682,0.6045698806647631,0.21258276999079218,0.501267916148029,-2.953083541478502,"{""ROLE_ROLLUP_2=118052"": 2, ""ROLE_FAMILY=292795"": 2, ""ROLE_FAMILY=19793"": 3}",,
h9_noband,hidden_fine,Amazon_employee_access,4,10000,107,ok,0.0128,4,0.21516535347102017,,,0.5985755740996073,0.6288117724577202,0.2114003860372587,0.3740931573783132,-3.048561491326786,"{""ROLE_ROLLUP_2=118052"": 3, ""ROLE_FAMILY=19721"": 2, ""ROLE_FAMILY=292795"": 3, ""ROLE_FAMILY=19793"": 4}",,
h9_noband,hidden_fine,Amazon_employee_access,5,10000,107,ok,0.0204,5,0.21432259633427406,,,0.6061517108271879,0.6378753935134344,0.21003699900643819,0.5462973344309265,-3.00101560899907,"{""RESOURCE=4675"": -5, ""ROLE_ROLLUP_2=118052"": 2, ""ROLE_FAMILY=19721"": 1, ""ROLE_FAMILY=292795"": 2, ""ROLE_FAMILY=19793"": 3}",,
h9_noband,hidden_fine,Amazon_employee_access,7,10000,107,ok,0.0173,7,0.21272137283153442,,,0.6237937368085373,0.6401039607584743,0.21039707539836794,0.39630672584000837,-3.085622110572242,"{""RESOURCE=4675"": -5, ""ROLE_ROLLUP_1=119062"": 3, ""ROLE_ROLLUP_2=118052"": 3, ""ROLE_TITLE=118396"": 3, ""ROLE_FAMILY=19721"": 2, ""ROLE_FAMILY=292795"": 3, ""ROLE_FAMILY=19793"": 4}",,
h9_noband,hidden_fine,Amazon_employee_access,10,10000,107,ok,0.0212,10,0.21081775889054793,,,0.6493341868999162,0.6591229226151256,0.2102050192732704,0.46963699592420793,-3.1890679850278114,"{""RESOURCE=4675"": -5, ""ROLE_ROLLUP_1=119062"": 3, ""ROLE_ROLLUP_2=118052"": 2, ""ROLE_TITLE=117905"": -1, ""ROLE_TITLE=118777"": 2, ""ROLE_TITLE=118396"": 3, ""ROLE_FAMILY_DESC=117906"": 1, ""ROLE_FAMILY=19721"": 2, ""ROLE_FAMILY=292795"": 3, ""ROLE_FAMILY=19793"": 4}",,
h9_noband,hidden_fine,APSFailure,3,10000,3979,ok,0.1323,3,0.03901488351469301,,,0.9780775123660914,0.9774292826431319,0.04617036364303551,0.5142456806581679,0.13853370002440757,"{""aa_000<=161060"": -5, ""bj_000<=2.97647e+06"": -5, ""az_002<=5762"": -4}",,
h9_noband,hidden_fine,APSFailure,4,10000,3979,ok,0.146,4,0.037234322914371065,,,0.9800308230913233,0.9709708078750848,0.04759643541391854,0.6806554041362273,0.5851923954515997,"{""bt_000<=586768"": -2, ""aa_000<=102706"": -4, ""bj_000<=2.97647e+06"": -3, ""az_002<=5762"": -3}",,
h9_noband,hidden_fine,APSFailure,5,10000,3979,ok,0.1712,5,0.0360853436427954,,,0.9784961392361973,0.9775424304141209,0.043279980790862385,0.5475009865303635,1.3487831729195618,"{""bt_000<=160363"": -5, ""bj_000<=2.97647e+06"": -4, ""bx_000 missing"": -4, ""az_002<=3408"": -4, ""ee_005<=5.18153e+06"": -3}",,
h9_noband,hidden_fine,APSFailure,7,10000,3979,ok,0.2052,7,0.03413582406131137,,,0.9832169449353744,0.9743064041638381,0.044328529773633045,0.756813304907301,1.232560890441844,"{""bt_000<=160363"": -2, ""ci_000<=3.20124e+06"": -5, ""bj_000<=2.97647e+06"": -3, ""bx_000 missing"": -3, ""az_002<=5762"": -3, ""ee_005<=5.18153e+06"": -2, ""ee_001<=615564"": 2}",,
h9_noband,hidden_fine,APSFailure,10,10000,3979,ok,0.2674,10,0.031807470012493344,,,0.9864745259360166,0.9747001584068795,0.0473141452436649,0.7252439836253163,1.5030559192174193,"{""bt_000<=160363"": -2, ""ci_000<=3.20124e+06"": -4, ""bj_000<=2.97647e+06"": -2, ""ck_000<=4.89284e+06"": -2, ""cs_004<=387784"": -3, ""bx_000 missing"": -3, ""az_002<=5762"": -3, ""ba_000<=7.38398e+06"": 2, ""ee_005<=5.18153e+06"": -3, ""ee_001<=615564"": 3}",,
h9_noband,hidden_fine,Bank_Customer_Churn,3,8000,324,ok,0.0347,3,0.39169834970183276,,,0.7929535976731419,0.7873512958258722,0.39554092666195245,0.8306484659215624,2.5221971846718003,"{""age<=41"": -2, ""products_number<=1"": 2, ""products_number<=2"": -5}",,
h9_noband,hidden_fine,Bank_Customer_Churn,4,8000,324,ok,0.0285,4,0.3774194914600253,,,0.8187578372547699,0.8105509207204123,0.38216205647970924,0.8722412340273915,3.178239884360577,"{""age<=42"": -2, ""products_number<=1"": 2, ""products_number<=2"": -5, ""active_member=1"": -1}",,
h9_noband,hidden_fine,Bank_Customer_Churn,5,8000,324,ok,0.0357,5,0.3680227748563262,,,0.8296680182219183,0.8243806209907903,0.3704416536211043,0.8706006576972639,2.0384055559369116,"{""country=Germany"": 1, ""age<=42"": -2, ""products_number<=1"": 2, ""products_number<=2"": -5, ""active_member=0"": 1}",,
h9_noband,hidden_fine,Bank_Customer_Churn,7,8000,324,ok,0.0561,7,0.3602065012938404,,,0.8381505041846848,0.8358520307672851,0.36260612291903316,0.7953246077924779,1.4689191670461064,"{""country=Germany"": 1, ""age<=38"": -1, ""age<=44"": -2, ""age<=64"": 2, ""products_number<=1"": 2, ""products_number<=2"": -5, ""active_member=1"": -1}",,
h9_noband,hidden_fine,Bank_Customer_Churn,10,8000,324,ok,0.0869,10,0.3533712875606135,,,0.8472568404426424,0.8409017646305781,0.3573216845249159,0.810533923099509,1.0873565913916825,"{""country=Germany"": 1, ""gender=Female"": 1, ""age<=38"": -1, ""age<=42"": -1, ""age<=46"": -1, ""age<=64"": 2, ""balance<=177640"": -1, ""products_number<=1"": 2, ""products_number<=2"": -5, ""active_member=0"": 1}",,
h9_noband,hidden_fine,Bioresponse,3,3000,2777,ok,0.0359,3,0.5444732147899204,,,0.7853363063489343,0.7647384435175133,0.5684376020634457,1.0270868900467196,1.0248638162512098,"{""D27=1"": -2, ""D84<=0.114354"": -1, ""D88<=0.0947"": 1}",,
h9_noband,hidden_fine,Bioresponse,4,3000,2777,ok,0.0403,4,0.5341918199798001,,,0.7976803494919804,0.7756699617164733,0.5600374271467868,0.4935771322808476,0.8698090706882583,"{""D27=1"": -4, ""D14<=0.066"": 3, ""D84<=0.109183"": -2, ""D88<=0.0947"": 2}",,
h9_noband,hidden_fine,Bioresponse,5,3000,2777,ok,0.0697,5,0.5289238403574305,,,0.8057338584009551,0.7805303982629566,0.5606498142660102,0.34268055270901926,0.24579057834603973,"{""D27=1"": -5, ""D14<=0.066"": 4, ""D84<=0.109183"": -3, ""D88<=0.0878"": 3, ""D469<=0.0833"": 2}",,
h9_noband,hidden_fine,Bioresponse,7,3000,2777,ok,0.0516,7,0.5216372785163488,,,0.8151923275784502,0.7939010627964117,0.5515444864133627,0.3529335525479855,1.724093003709974,"{""D27=1"": -5, ""D15<=0.508217"": -1, ""D54<=0.220518"": -4, ""D14<=0.066"": 4, ""D84<=0.114354"": -3, ""D88<=0.0947"": 3, ""D469<=0.0833"": 2}",,
h9_noband,hidden_fine,Bioresponse,10,3000,2777,ok,0.0911,10,0.5120554384770438,,,0.8240672805188841,0.796122364436318,0.5505322958670936,0.34644225139723667,2.3647917665177305,"{""D27=1"": -5, ""D15<=0.508217"": -2, ""D64<=0.00507"": -1, ""D54<=0.220518"": -5, ""D14<=0.066"": 3, ""D67<=0.0782"": -2, ""D84<=0.109183"": -2, ""D5<=0.225141"": -2, ""D88<=0.0947"": 3, ""D469<=0.0833"": 3}",,
h9_noband,hidden_fine,blood-transfusion,3,598,99,ok,0.005,3,0.47227958180263785,,,0.73878026933531,0.7133284600389863,0.493291365455067,0.30088725067438615,-1.7726211606822364,"{""MonthsSinceLastDonation<=5"": 4, ""NumberOfDonations<=4"": -5, ""MonthsSinceFirstDonation<=43"": 3}",,
h9_noband,hidden_fine,blood-transfusion,4,598,99,ok,0.0074,4,0.4600520642212,,,0.7520694341487522,0.704069200779727,0.5041619489420429,0.3118996115330214,-1.1552481386438163,"{""MonthsSinceLastDonation<=5"": 4, ""NumberOfDonations<=4"": -4, ""NumberOfDonations<=12"": -5, ""MonthsSinceFirstDonation<=53"": 5}",,
h9_noband,hidden_fine,blood-transfusion,5,598,99,ok,0.0091,5,0.45610747874517305,,,0.7616289844329134,0.7035818713450294,0.5148427350688248,0.34000730760622305,-1.263387105245868,"{""MonthsSinceLastDonation<=5"": 4, ""NumberOfDonations<=4"": -3, ""NumberOfDonations<=12"": -5, ""MonthsSinceFirstDonation<=2"": -4, ""MonthsSinceFirstDonation<=53"": 5}",,
h9_noband,hidden_fine,blood-transfusion,7,598,99,ok,0.0132,7,0.4496557270533915,,,0.7731344205584384,0.7077241715399609,0.5065029331681458,0.3577961557136463,-1.1218645624834251,"{""MonthsSinceLastDonation<=5"": 3, ""NumberOfDonations<=1"": -2, ""NumberOfDonations<=4"": -3, ""NumberOfDonations<=6"": -2, ""NumberOfDonations<=12"": -4, ""MonthsSinceFirstDonation<=22"": 2, ""MonthsSinceFirstDonation<=53"": 5}",,
h9_noband,hidden_fine,blood-transfusion,10,598,99,ok,0.0176,10,0.4399191396498333,,,0.7865085248332098,0.6884746588693957,0.5295713856808582,0.3599815430468682,-1.2461046336555557,"{""MonthsSinceLastDonation<=5"": 3, ""NumberOfDonations<=2"": -3, ""NumberOfDonations<=4"": -3, ""NumberOfDonations<=12"": -5, ""MonthsSinceFirstDonation<=2"": -4, ""MonthsSinceFirstDonation<=12"": 3, ""MonthsSinceFirstDonation<=43"": 2, ""MonthsSinceFirstDonation<=53"": 4, ""MonthsSinceFirstDonation<=64"": -3, ""MonthsSinceFirstDonation<=76"": 3}",,
h9_noband,hidden_fine,churn,3,4000,1131,ok,0.0221,3,0.3040339428089002,,,0.8212100569857442,0.8188186824527943,0.3025362719617639,0.5190491302182283,2.280400161245064,"{""international_plan=1"": 4, ""total_day_minutes<=253.1"": -5, ""number_customer_service_calls<=3"": -5}",,
h9_noband,hidden_fine,churn,4,4000,1131,ok,0.0258,4,0.2967901369276622,,,0.8425964322684606,0.8433235082852402,0.29116826546464686,0.5282837043034879,1.5147906949243763,"{""international_plan=1"": 4, ""voice_mail_plan=0"": 2, ""total_day_minutes<=253.1"": -5, ""number_customer_service_calls<=3"": -5}",,
h9_noband,hidden_fine,churn,5,4000,1131,ok,0.0293,5,0.2894318801785185,,,0.8634899189357722,0.8481658534168874,0.29533115621233297,0.5432272025706797,3.561466965747918,"{""international_plan=1"": 4, ""voice_mail_plan=1"": -2, ""total_day_minutes<=253.1"": -5, ""total_eve_minutes<=251.2"": -2, ""number_customer_service_calls<=3"": -5}",,
h9_noband,hidden_fine,churn,7,4000,1131,ok,0.0434,7,0.28009407155158406,,,0.8705354478495033,0.8656115060395148,0.2772877472159422,0.5579708957618528,5.7085940709291885,"{""international_plan=1"": 4, ""voice_mail_plan=1"": -2, ""total_day_minutes<=245.7"": -4, ""total_day_minutes<=289.1"": -3, ""total_eve_minutes<=251.2"": -2, ""total_intl_minutes<=13.2"": -2, ""number_customer_service_calls<=3"": -5}",,
h9_noband,hidden_fine,churn,10,4000,1131,ok,0.0635,10,0.27075752683494125,,,0.8818901506654512,0.8755892964770186,0.2696260402836291,0.5752115110836945,8.271848957740007,"{""international_plan=0"": -4, ""voice_mail_plan=1"": -2, ""total_day_minutes<=161.6"": 1, ""total_day_minutes<=221.9"": -2, ""total_day_minutes<=253.1"": -3, ""total_day_minutes<=289.1"": -3, ""total_eve_minutes<=251.2"": -2, ""total_intl_minutes<=13.2"": -2, ""total_intl_calls<=2"": 1, ""number_customer_service_calls<=3"": -5}",,
h9_noband,hidden_fine,coil2000_insurance_policies,3,7857,246,ok,0.0392,3,0.20524120713763552,,,0.7263726806450383,0.7403846153846154,0.20397821492435045,0.4204045932352338,-1.1498258027904675,"{""contributionCarPolicies<=5"": -3, ""purchasingPowerClass<=6"": -2, ""contributionFirePolicies<=2"": -2}",,
h9_noband,hidden_fine,coil2000_insurance_policies,4,7857,246,ok,0.0381,4,0.2037731268834351,,,0.7372743560409724,0.7488067488067489,0.203130323607654,0.2507301827457803,-1.078097542656011,"{""contributionCarPolicies<=5"": -5, ""purchasingPowerClass<=6"": -3, ""contributionFirePolicies<=2"": -3, ""averageIncome<=3"": -2}",,
h9_noband,hidden_fine,coil2000_insurance_policies,5,7857,246,ok,0.0466,5,0.20249253112167231,,,0.7439187098770207,0.7516488141488142,0.20275858128071725,0.4122949403061201,-0.9997667701254324,"{""contributionCarPolicies<=5"": -3, ""purchasingPowerClass<=6"": -2, ""contributionFirePolicies<=2"": -2, ""numberOfThirdPartyInsuranceAgriculture=1"": -5, ""averageIncome<=3"": -1}",,
h9_noband,hidden_fine,coil2000_insurance_policies,7,7857,246,ok,0.0587,7,0.20097713127245964,,,0.7501256864413335,0.7526131276131277,0.20285376836479954,0.4195036674503349,-1.7323934772779614,"{""contributionCarPolicies<=5"": -3, ""purchasingPowerClass<=6"": -1, ""contributionFirePolicies<=2"": -2, ""lowerLevelEducation<=2"": 1, ""numberOfThirdPartyInsuranceAgriculture=1"": -5, ""farmer<=0"": 1, ""averageIncome<=3"": -1}",,
h9_noband,hidden_fine,coil2000_insurance_policies,10,7857,246,ok,0.0753,10,0.1992420127140036,,,0.7595160942137483,0.7500531875531875,0.2046432602550692,0.4149610638095886,-1.2824143883090864,"{""contributionCarPolicies<=5"": -3, ""purchasingPowerClass<=6"": -1, ""customerMainType=Living well"": -2, ""contributionFirePolicies<=2"": -2, ""oneCar<=6"": -1, ""noCar<=1"": -1, ""lowerLevelEducation<=2"": 1, ""numberOfThirdPartyInsuranceAgriculture=1"": -5, ""farmer<=0"": 1, ""averageIncome<=3"": -1}",,
h9_noband,hidden_fine,credit-g,3,800,226,ok,0.0093,3,0.535546878703165,,,0.7185863095238095,0.7360714285714287,0.5290164243948341,0.33264669706598515,1.033160613495658,"{""checking_status=no checking account"": -5, ""duration_months<=11"": -3, ""credit_amount<=8947"": -4}",,
h9_noband,hidden_fine,credit-g,4,800,226,ok,0.008,4,0.5253631839566748,,,0.7451004464285715,0.7661309523809523,0.5096589749009145,0.7629137591775519,-0.39789080418586154,"{""checking_status=no checking account"": -2, ""duration_months<=15"": -1, ""credit_history=critical account / other credits existing"": -1, ""savings_status=< 100 DM"": 1}",,
h9_noband,hidden_fine,credit-g,5,800,226,ok,0.0111,5,0.5167323369709709,,,0.756781994047619,0.7638690476190476,0.5180535068443952,0.7938801882939992,-0.31031228045735465,"{""checking_status=no checking account"": -2, ""duration_months<=15"": -1, ""credit_history=critical account / other credits existing"": -1, ""savings_status=< 100 DM"": 1, ""other_debtors=guarantor"": -2}",,
h9_noband,hidden_fine,credit-g,7,800,226,ok,0.0149,7,0.5028739529512366,,,0.7737202380952382,0.7519642857142859,0.5327745900654309,0.3735967381072488,1.011999049638154,"{""checking_status=no checking account"": -4, ""duration_months<=11"": -3, ""credit_history=critical account / other credits existing"": -2, ""credit_purpose=car (used)"": -3, ""credit_amount<=8947"": -4, ""savings_status=< 100 DM"": 2, ""other_debtors=guarantor"": -4}",,
h9_noband,hidden_fine,credit-g,10,800,226,ok,0.031,10,0.4884987706912933,,,0.7942522321428571,0.7675,0.5130254113105006,0.2867384298371597,0.4968982442838492,"{""checking_status=no checking account"": -5, ""duration_months<=15"": -3, ""credit_history=critical account / other credits existing"": -3, ""credit_purpose=car (new)"": 3, ""credit_purpose=education"": 4, ""credit_amount<=9436"": -5, ""savings_status=< 100 DM"": 3, ""employment_since=4 <= ... < 7 years"": -3, ""other_debtors=guarantor"": -4, ""age_years<=34"": 2}",,
h9_noband,hidden_fine,credit_card_clients_default,3,10000,1080,ok,0.0594,3,0.4469228174490162,,,0.7220046187810615,0.719294115024645,0.44474486158214743,0.25975000670455617,1.2208818293625645,"{""PAY_0<=0"": -4, ""PAY_0<=1"": -5, ""PAY_3<=0"": -3}",,
h9_noband,hidden_fine,credit_card_clients_default,4,10000,1080,ok,0.0654,4,0.4431316544591831,,,0.748028856468569,0.7522812951905422,0.4390752216769733,0.28251063269628746,0.8533142512887281,"{""PAY_0<=0"": -3, ""PAY_0<=1"": -5, ""PAY_3<=0"": -3, ""PAY_AMT1<=3470"": 2}",,
h9_noband,hidden_fine,credit_card_clients_default,5,10000,1080,ok,0.0772,5,0.44122810076093966,,,0.7524304501012826,0.75609204497855,0.4393447552430231,0.23954295730360728,1.1166852512043988,"{""PAY_0<=0"": -4, ""PAY_0<=1"": -5, ""PAY_3<=0"": -3, ""PAY_6<=0"": -2, ""PAY_AMT1<=3470"": 2}",,
h9_noband,hidden_fine,credit_card_clients_default,7,10000,1080,ok,0.087,7,0.43851484931589185,,,0.7629532289208324,0.7664315945800606,0.4355006528713803,0.30206481562791837,0.9657856185375963,"{""LIMIT_BAL<=160000"": 1, ""PAY_0<=0"": -3, ""PAY_0<=1"": -4, ""PAY_3<=0"": -2, ""PAY_6<=0"": -2, ""PAY_AMT1<=3470"": 1, ""PAY_AMT4<=0"": 1}",,
h9_noband,hidden_fine,credit_card_clients_default,10,10000,1080,ok,0.1431,10,0.4347997855016795,,,0.7724510792790131,0.7770813538889059,0.43027229474536655,0.2695967306572295,1.3533624668318769,"{""LIMIT_BAL<=160000"": 2, ""AGE<=35"": -1, ""PAY_0<=0"": -3, ""PAY_0<=1"": -5, ""PAY_3<=0"": -2, ""PAY_5<=0"": -2, ""BILL_AMT1<=8229"": 1, ""BILL_AMT1<=171647"": -3, ""PAY_AMT2<=5000"": 2, ""PAY_AMT3<=0"": 1}",,
h9_noband,hidden_fine,customer_satisfaction_in_airline,3,10000,311,ok,0.0473,3,0.4272755608110558,,,0.8634436021906313,0.8620981469427396,0.4298433196932694,0.7805144794589948,1.5158886495788904,"{""Seatcomfort=5"": -5, ""Inflightentertainment=4"": -3, ""Inflightentertainment=5"": -5}",,
h9_noband,hidden_fine,customer_satisfaction_in_airline,4,10000,311,ok,0.0506,4,0.3877875711344735,,,0.8879972064139303,0.8874743635443142,0.3891745950184261,1.3102300684747143,1.8141998462345184,"{""Seatcomfort=5"": -4, ""Seatcomfort=0"": -5, ""Inflightentertainment=4"": -2, ""Inflightentertainment=5"": -3}",,
h9_noband,hidden_fine,customer_satisfaction_in_airline,5,10000,311,ok,0.0551,5,0.3635706536225406,,,0.9117048681179708,0.9103079216002314,0.36604727797441594,1.276637056442899,2.3816516537702443,"{""Class=Business"": -1, ""Seatcomfort=5"": -4, ""Seatcomfort=0"": -5, ""Inflightentertainment=4"": -2, ""Inflightentertainment=5"": -3}",,
h9_noband,hidden_fine,customer_satisfaction_in_airline,7,10000,311,ok,0.0807,7,0.32404958475150997,,,0.9322404017804168,0.9311764485566095,0.3271972668470117,1.092187544002878,3.316659327689042,"{""Class=Business"": -1, ""Seatcomfort=5"": -5, ""Seatcomfort=0"": -5, ""Inflightentertainment=4"": -2, ""Inflightentertainment=5"": -3, ""EaseofOnlinebooking=4"": -2, ""EaseofOnlinebooking=5"": -2}",,
h9_noband,hidden_fine,customer_satisfaction_in_airline,10,10000,311,ok,0.1429,10,0.28960956596223136,,,0.9460266190666164,0.9467865962019301,0.28904104754055615,1.2461572933966865,1.726528177540514,"{""CustomerType=disloyal Customer"": 2, ""TypeofTravel=Personal Travel"": 1, ""Seatcomfort=5"": -5, ""Seatcomfort=0"": -5, ""DepartureArrivaltimeconvenient=5"": 1, ""Inflightentertainment=4"": -2, ""Inflightentertainment=5"": -3, ""EaseofOnlinebooking=4"": -1, ""EaseofOnlinebooking=5"": -1, ""Cleanliness=5"": -1}",,
h9_noband,hidden_fine,Diabetes130US,3,10000,294,ok,0.0643,3,0.28915757541679216,,,0.6045498155901117,0.6029904306220095,0.28826592586864447,0.26034085009683317,-1.1031218112421572,"{""discharge_disposition_id=Discharged to home"": -2, ""discharge_disposition_id=Discharged/transferred to another rehab fac including rehab units of a hospital ."": 5, ""number_inpatient<=1"": -4}",,
h9_noband,hidden_fine,Diabetes130US,4,10000,294,ok,0.0683,4,0.287705398440096,,,0.6080256927830942,0.6076844098883573,0.28750503325016313,0.5677907472334784,-0.3778345011514562,"{""discharge_disposition_id=Discharged to home"": -1, ""discharge_disposition_id=Discharged/transferred to another rehab fac including rehab units of a hospital ."": 2, ""discharge_disposition_id=Expired"": -5, ""number_inpatient<=2"": -3}",,
h9_noband,hidden_fine,Diabetes130US,5,10000,294,ok,0.0695,5,0.28712961623553157,,,0.6142457261762361,0.6134230462519936,0.28671596378869124,0.6337441253316353,-0.7894076204973823,"{""discharge_disposition_id=Discharged to home"": -1, ""discharge_disposition_id=Discharged/transferred to another rehab fac including rehab units of a hospital ."": 2, ""discharge_disposition_id=Expired"": -5, ""number_inpatient<=1"": -1, ""number_inpatient<=2"": -1}",,
h9_noband,hidden_fine,Diabetes130US,7,10000,294,ok,0.1054,7,0.28598581610307716,,,0.6254666317783095,0.6155791467304624,0.28712216702234816,0.572101991006388,-0.8768795641191863,"{""diag_1=434"": 1, ""discharge_disposition_id=Discharged to home"": -1, ""discharge_disposition_id=Discharged/transferred to another rehab fac including rehab units of a hospital ."": 2, ""discharge_disposition_id=Expired"": -5, ""number_inpatient<=1"": -1, ""number_inpatient<=2"": -1, ""age=[50-60)"": -1}",,
h9_noband,hidden_fine,Diabetes130US,10,10000,294,ok,0.1316,10,0.28481866189409677,,,0.6367634818580542,0.6325408692185007,0.285384702065962,0.5601559503638708,-0.8916087035311375,"{""diag_1=434"": 1, ""diag_1=584"": 1, ""discharge_disposition_id=Discharged to home"": -1, ""discharge_disposition_id=Discharged/transferred to another rehab fac including rehab units of a hospital ."": 2, ""discharge_disposition_id=Expired"": -5, ""discharge_disposition_id=Discharged/transferred to another type of inpatient care institution"": 1, ""number_inpatient<=1"": -1, ""number_inpatient<=2"": -1, ""age=[50-60)"": -1, ""num_medications<=6"": -1}",,
h9_noband,hidden_fine,E-CommereShippingData,3,8799,261,ok,0.0292,3,0.5076527275783854,,,0.7202857142857143,0.7208682406702208,0.5070763730738578,23.558289914281488,-117.60217234996654,"{""Discount_offered<=10"": 5, ""Weight_in_gms<=2064"": 1, ""Weight_in_gms<=3914"": -1}",,
h9_noband,hidden_fine,E-CommereShippingData,4,8799,261,ok,0.051,3,0.5076527275783854,,,0.7202857142857143,0.7208682406702208,0.5070763730738578,23.558289914281488,-117.60217234996654,"{""Discount_offered<=10"": 5, ""Weight_in_gms<=2064"": 1, ""Weight_in_gms<=3914"": -1}",,
h9_noband,hidden_fine,E-CommereShippingData,5,8799,261,ok,0.0319,4,0.507652727578046,,,0.7202857142857143,0.7208682406702208,0.5070763730735113,23.79995429380363,-95.01053995377183,"{""Discount_offered<=10"": 3, ""Discount_offered<=61"": 1, ""Weight_in_gms<=2064"": 1, ""Weight_in_gms<=3914"": -1}",,
h9_noband,hidden_fine,E-CommereShippingData,7,8799,261,ok,0.0422,4,0.507652727578385,,,0.7202857142857143,0.7208682406702208,0.5070763730738572,23.55856102506822,-117.60352790390019,"{""Discount_offered<=10"": 3, ""Discount_offered<=11"": 2, ""Weight_in_gms<=2064"": 1, ""Weight_in_gms<=3914"": -1}",,
h9_noband,hidden_fine,E-CommereShippingData,10,8799,261,ok,0.067,5,0.5076527275792994,,,0.7202857142857143,0.7208682406702208,0.5070763730747918,23.10188648217347,-184.62581463595183,"{""Discount_offered<=10"": 3, ""Discount_offered<=11"": 2, ""Discount_offered<=61"": 3, ""Weight_in_gms<=2064"": 1, ""Weight_in_gms<=3914"": -1}",,
h9_noband,hidden_fine,Fitness_Club,3,1200,164,ok,0.0068,3,0.4690788908472814,,,0.7972491286274277,0.7943635312056365,0.48765064444083617,0.4613284395468862,1.3235466224419556,"{""months_as_member<=6"": -5, ""months_as_member<=15"": -3, ""months_as_member<=26"": -3}",,
h9_noband,hidden_fine,Fitness_Club,4,1200,164,ok,0.0087,4,0.4581264201795103,,,0.8142618758454535,0.7947841632052159,0.4877389540474858,0.5925924681615296,2.2534923094958166,"{""months_as_member<=6"": -3, ""months_as_member<=11"": -2, ""months_as_member<=19"": -2, ""months_as_member<=38"": -3}",,
h9_noband,hidden_fine,Fitness_Club,5,1200,164,ok,0.0104,5,0.45484794424395897,,,0.8212410846819449,0.809401125190599,0.4808756775560179,0.4061906565095338,2.240353287215945,"{""months_as_member<=6"": -5, ""months_as_member<=11"": -2, ""months_as_member<=15"": -2, ""months_as_member<=21"": -2, ""months_as_member<=38"": -4}",,
h9_noband,hidden_fine,Fitness_Club,7,1200,164,ok,0.0143,7,0.45138083217947306,,,0.8282104196082691,0.8116620221883379,0.4827050423838273,0.32724605123424766,2.134517121004497,"{""months_as_member<=6"": -5, ""months_as_member<=11"": -3, ""months_as_member<=15"": -2, ""months_as_member<=21"": -3, ""months_as_member<=38"": -5, ""day_of_week=Sun"": 1, ""category=HIIT"": 1}",,
h9_noband,hidden_fine,Fitness_Club,10,1200,164,ok,0.0281,10,0.4463795254136152,,,0.8331078790511831,0.795125926704874,0.498669964530923,0.3764758365881336,2.8742117850150946,"{""months_as_member<=6"": -5, ""months_as_member<=11"": -3, ""months_as_member<=15"": -2, ""months_as_member<=21"": -2, ""months_as_member<=38"": -5, ""weight<=84.17"": -2, ""weight<=87.37"": 3, ""weight<=90.34"": -2, ""day_of_week=Mon"": -1, ""day_of_week=Wed"": -2}",,
h9_noband,hidden_fine,GiveMeSomeCredit,3,10000,385,ok,0.0369,3,0.1912350528109245,,,0.8243370099411463,0.8105263968419782,0.19158106335323902,0.3801220175220081,0.43305115241336106,"{""RevolvingUtilizationOfUnsecuredLines<=0.313411"": -4, ""NumberOfTime30-59DaysPastDueNotWorse<=0"": -3, ""NumberOfTimes90DaysLate<=0"": -5}",,
h9_noband,hidden_fine,GiveMeSomeCredit,4,10000,385,ok,0.0439,4,0.18876620578485032,,,0.8346001458724706,0.8164271542641248,0.18948999105146863,0.3432170803704401,1.0656263158079666,"{""RevolvingUtilizationOfUnsecuredLines<=0.313411"": -4, ""NumberOfTime30-59DaysPastDueNotWorse<=0"": -3, ""NumberOfTimes90DaysLate<=0"": -5, ""NumberOfTime60-89DaysPastDueNotWorse<=0"": -3}",,
h9_noband,hidden_fine,GiveMeSomeCredit,5,10000,385,ok,0.0485,5,0.18667130745934402,,,0.8467726316588755,0.8265090051358919,0.18939733192029698,0.33470775957289584,0.4690940848968709,"{""RevolvingUtilizationOfUnsecuredLines<=0.313411"": -4, ""age<=57"": 2, ""NumberOfTime30-59DaysPastDueNotWorse<=0"": -3, ""NumberOfTimes90DaysLate<=0"": -5, ""NumberOfTime60-89DaysPastDueNotWorse<=0"": -3}",,
h9_noband,hidden_fine,GiveMeSomeCredit,7,10000,385,ok,0.0678,7,0.18483402805615737,,,0.8464202854044709,0.828845951474676,0.1871758036929641,0.26070579571425284,1.3598438285219416,"{""RevolvingUtilizationOfUnsecuredLines<=0.313411"": -5, ""RevolvingUtilizationOfUnsecuredLines<=1.00708"": -3, ""age<=57"": 3, ""NumberOfTime30-59DaysPastDueNotWorse<=0"": -4, ""NumberOfTimes90DaysLate<=0"": -5, ""NumberOfTimes90DaysLate<=1"": -3, ""NumberOfTime60-89DaysPastDueNotWorse<=0"": -3}",,
h9_noband,hidden_fine,GiveMeSomeCredit,10,10000,385,ok,0.1061,10,0.1825768642396007,,,0.8561551021964331,0.8382283867755275,0.18639180554923898,0.3921619648706153,3.0848110440262606,"{""RevolvingUtilizationOfUnsecuredLines<=0.313411"": -3, ""RevolvingUtilizationOfUnsecuredLines<=1.00708"": -2, ""age<=57"": 2, ""NumberOfTime30-59DaysPastDueNotWorse<=0"": -2, ""NumberOfTime30-59DaysPastDueNotWorse<=1"": -2, ""MonthlyIncome<=5348"": 1, ""NumberOfTimes90DaysLate<=0"": -3, ""NumberOfTimes90DaysLate<=1"": -2, ""NumberRealEstateLoansOrLines<=4"": -4, ""NumberOfTime60-89DaysPastDueNotWorse<=0"": -2}",,
h9_noband,hidden_fine,hazelnut-contaminant,3,1920,2970,ok,0.0288,3,0.46061515402782743,,,0.8408040364583333,0.8299131944444444,0.47111867588191564,0.5056146550237353,0.8873408320107181,"{""s52<=-0.000857"": 5, ""s53<=0.001785"": -4, ""s53<=0.002461"": -4}",,
h9_noband,hidden_fine,hazelnut-contaminant,4,1920,2970,ok,0.0293,4,0.4412004290794086,,,0.8681868489583333,0.8698003472222223,0.4356575859311306,0.4882379796819735,0.36518182239483704,"{""s46<=0.00235"": -3, ""s52<=-0.000857"": 5, ""s53<=0.002365"": -4, ""s61<=-0.000807"": 3}",,
h9_noband,hidden_fine,hazelnut-contaminant,5,1920,2970,ok,0.0393,5,0.4208516230035272,,,0.8845328776041667,0.8761631944444443,0.43229421232148185,0.4452495740548071,-0.6879633754984259,"{""s46<=0.002311"": -3, ""s52<=-0.000857"": 5, ""s52<=-0.000599"": 4, ""s53<=0.002365"": -4, ""s61<=-0.001058"": 3}",,
h9_noband,hidden_fine,hazelnut-contaminant,7,1920,2970,ok,0.0541,7,0.38649966172767275,,,0.9038736979166666,0.8937152777777778,0.40522536860695424,0.5690523038342505,2.6871224009829455,"{""s41<=-0.000343"": -3, ""s46<=0.002311"": -3, ""s52<=-0.000857"": 4, ""s52<=-0.000599"": 3, ""s53<=0.002365"": -3, ""s61<=-0.001063"": 2, ""s63<=0.001943"": -5}",,
h9_noband,hidden_fine,hazelnut-contaminant,10,1920,2970,ok,0.0759,10,0.35146354049713474,,,0.9209711371527778,0.8941319444444443,0.40629195036941046,0.7002368893642414,3.7129047800157564,"{""s23<=0.001318"": -2, ""s41<=0.000389"": -2, ""s43<=0.000114"": 2, ""s46<=0.00232"": -3, ""s52<=-0.000857"": 3, ""s52<=-0.000599"": 3, ""s53<=0.002365"": -2, ""s61<=-0.001063"": 2, ""s61<=-0.000807"": 2, ""s63<=0.00199"": -5}",,
h9_noband,hidden_fine,HR_Analytics,3,10000,208,ok,0.0361,3,0.4697631968903641,,,0.7676549484817384,0.7713215053220921,0.4652080304355107,0.48593954320923854,-1.9707074933652684,"{""city_development_index<=0.624"": 4, ""major_discipline=nan"": -2, ""company_size=nan"": 3}",,
h9_noband,hidden_fine,HR_Analytics,4,10000,208,ok,0.0506,4,0.4676035268383846,,,0.7700044188119165,0.7741901415376301,0.4641906988246582,0.3987423126662525,-1.9546355765583012,"{""city_development_index<=0.624"": 5, ""major_discipline=nan"": -2, ""company_size=nan"": 4, ""last_new_job=never"": -2}",,
h9_noband,hidden_fine,HR_Analytics,5,10000,208,ok,0.0455,5,0.46474730283649934,,,0.7770435349127808,0.7789764753871953,0.4624536463096525,0.38968018617069683,-1.666955420283358,"{""city_development_index<=0.624"": 5, ""enrolled_university=no_enrollment"": -1, ""major_discipline=nan"": -2, ""company_size=nan"": 4, ""last_new_job=never"": -2}",,
h9_noband,hidden_fine,HR_Analytics,7,10000,208,ok,0.0561,7,0.45995409497451356,,,0.7870017271400735,0.7850763359105022,0.4598455061876597,0.34515468777973346,-2.045593071306248,"{""city=city_103"": 2, ""city_development_index<=0.624"": 5, ""city_development_index<=0.83"": 2, ""enrolled_university=no_enrollment"": -1, ""major_discipline=nan"": -2, ""company_size=nan"": 4, ""last_new_job=never"": -2}",,
h9_noband,hidden_fine,HR_Analytics,10,10000,208,ok,0.0837,10,0.45626309861244974,,,0.7915861643751024,0.7917453058097045,0.45662473403194126,0.34478745300993363,-1.8108318649403976,"{""city=city_100"": 3, ""city_development_index<=0.624"": 5, ""city_development_index<=0.83"": 2, ""city_development_index<=0.915"": -2, ""city_development_index<=0.92"": 2, ""relevent_experience=Has relevent experience"": -1, ""enrolled_university=no_enrollment"": -1, ""major_discipline=nan"": -3, ""company_size=nan"": 4, ""last_new_job=never"": -2}",,
h9_noband,hidden_fine,in_vehicle_coupon,3,10000,112,ok,0.0427,3,0.6398995986323498,,,0.6610468290093193,0.6600006913378627,0.6407932044331149,0.5769066010198863,0.4867955148241555,"{""coupon=Restaurant(<20)"": -2, ""coupon=Carry out & Take away"": -2, ""expiration=1d"": -1}",,
h9_noband,hidden_fine,in_vehicle_coupon,4,10000,112,ok,0.0466,4,0.6312226980148472,,,0.6767009438718441,0.6791295534544393,0.6301484675534975,0.5789684173964547,0.1927197821009626,"{""destination=No Urgent Place"": -1, ""coupon=Restaurant(<20)"": -2, ""coupon=Carry out & Take away"": -2, ""expiration=2h"": 1}",,
h9_noband,hidden_fine,in_vehicle_coupon,5,10000,112,ok,0.0671,5,0.6227798682681225,,,0.6930002938185917,0.6891735186292727,0.6269416439173136,0.23416511377559093,0.2466892432047167,"{""weather=Sunny"": -3, ""coupon=Restaurant(<20)"": -5, ""coupon=Carry out & Take away"": -5, ""expiration=2h"": 3, ""CoffeeHouse=never"": 3}",,
h9_noband,hidden_fine,in_vehicle_coupon,7,10000,112,ok,0.0739,7,0.6128936920515669,,,0.7124548918349738,0.7089281719526838,0.6162601956007485,0.23133000401426398,0.9820376017966901,"{""destination=No Urgent Place"": -2, ""weather=Sunny"": -3, ""coupon=Restaurant(<20)"": -5, ""coupon=Carry out & Take away"": -5, ""expiration=1d"": -3, ""CoffeeHouse=less1"": 2, ""CoffeeHouse=never"": 4}",,
h9_noband,hidden_fine,in_vehicle_coupon,10,10000,112,ok,0.0896,10,0.6051859354699445,,,0.7244346845510119,0.7259093212562262,0.6049334473310537,0.20616216938295126,-0.10435253177187799,"{""destination=No Urgent Place"": -4, ""passenger=Kid(s)"": 3, ""weather=Sunny"": -3, ""coupon=Restaurant(<20)"": -5, ""coupon=Carry out & Take away"": -5, ""coupon=Bar"": 2, ""expiration=2h"": 4, ""CoffeeHouse=less1"": 2, ""CoffeeHouse=never"": 4, ""direction_same=0"": 2}",,
h9_noband,hidden_fine,Is-this-a-good-customer,3,1378,216,ok,0.0076,3,0.311838893953753,,,0.74953963807467,0.6714429361488184,0.3351355227211546,0.3657301857182583,-2.0467211766347466,"{""credit_term<=10"": -3, ""education=Higher education"": -2, ""product_type=Cell phones"": 4}",,
h9_noband,hidden_fine,Is-this-a-good-customer,4,1378,216,ok,0.0091,4,0.3080507187991343,,,0.7653249659619088,0.6808697838109603,0.3372747024346666,0.3541196761376098,-2.520143841454618,"{""credit_term<=10"": -3, ""education=Higher education"": -2, ""product_type=Cell phones"": 4, ""is_client=1"": 2}",,
h9_noband,hidden_fine,Is-this-a-good-customer,5,1378,216,ok,0.0108,5,0.3041087589238982,,,0.7758963364058906,0.6651164739400034,0.34528371038828665,0.33610684614275443,-4.081811756905901,"{""credit_term<=10"": -3, ""age<=54"": 5, ""education=Higher education"": -2, ""product_type=Cell phones"": 4, ""is_client=1"": 2}",,
h9_noband,hidden_fine,Is-this-a-good-customer,7,1378,216,ok,0.0171,7,0.2969551540620373,,,0.786405108061159,0.651458019105078,0.3563977737850017,0.37165569747836924,-3.9160882800189225,"{""credit_amount<=23000"": -2, ""credit_term<=10"": -2, ""age<=54"": 5, ""education=Higher education"": -2, ""product_type=Cell phones"": 4, ""income<=39000"": 2, ""is_client=0"": -2}",,
h9_noband,hidden_fine,Is-this-a-good-customer,10,1378,216,ok,0.0389,10,0.29017345195290367,,,0.802852939795615,0.6558991117814646,0.3575440506340214,0.372135873824852,-4.9783093250435915,"{""credit_amount<=23000"": -2, ""credit_term<=10"": -2, ""credit_term<=12"": -1, ""age<=54"": 5, ""sex=male"": -1, ""education=Secondary special education"": 2, ""education=Secondary education"": 3, ""product_type=Cell phones"": 4, ""income<=39000"": 2, ""is_client=1"": 2}",,
h9_noband,hidden_fine,kddcup09_appetency,3,10000,1148,ok,0.0528,3,0.0764818761383098,,,0.8026435152455278,0.7916315908576601,0.07759899389491016,0.4165706552572506,-4.326760156305799,"{""Var126<=-28"": 3, ""Var126<=-12"": 3, ""Var218=cJvF"": -4}",,
h9_noband,hidden_fine,kddcup09_appetency,4,10000,1148,ok,0.0591,4,0.07573855856199134,,,0.8221531462275699,0.8247748359357321,0.07754813022113018,0.3124868831408605,-4.15109859414899,"{""Var126<=-28"": 4, ""Var126<=-12"": 4, ""Var218=cJvF"": -5, ""Var28<=213.36"": -2}",,
h9_noband,hidden_fine,kddcup09_appetency,5,10000,1148,ok,0.0625,5,0.07520644762779784,,,0.8228732677616631,0.7881918986195972,0.07854919405322248,0.28665837718226184,-5.177585307891822,"{""Var126<=-28"": 4, ""Var126<=-12"": 5, ""Var218=cJvF"": -5, ""Var212=NhsEn4L"": 2, ""Var119<=590"": 2}",,
h9_noband,hidden_fine,kddcup09_appetency,7,10000,1148,ok,0.075,7,0.07434194104164256,,,0.8344575580158279,0.7994025797691786,0.07862179832136724,0.30456642526372296,-4.5999252839272575,"{""Var126<=-28"": 4, ""Var126<=-12"": 5, ""Var126<=36"": -2, ""Var218=cJvF"": -5, ""Var212=NhsEn4L"": 2, ""Var119<=590"": 2, ""Var28<=213.36"": -2}",,
h9_noband,hidden_fine,kddcup09_appetency,10,10000,1148,ok,0.102,10,0.07319026783048291,,,0.8446968397017472,0.7706720977596742,0.08177659155081785,0.3989102703444534,-4.485825556177944,"{""Var126<=-28"": 3, ""Var126<=-12"": 4, ""Var126<=36"": -2, ""Var218=cJvF"": -4, ""Var212=NhsEn4L"": 2, ""Var119<=590"": 2, ""Var119<=1800"": -2, ""Var28<=213.36"": -1, ""Var94<=132201"": -2, ""Var94<=371355"": 3}",,
h9_noband,hidden_fine,Marketing_Campaign,3,1792,732,ok,0.0176,3,0.34968904789250305,,,0.7450125867256092,0.8082814275081286,0.3196490043414209,0.45926552231329504,1.5529617963781646,"{""Recency<=17"": 3, ""AcceptedCmp3=0"": -4, ""AcceptedCmp5=0"": -5}",,
h9_noband,hidden_fine,Marketing_Campaign,4,1792,732,ok,0.017,4,0.33682240525816487,,,0.7848013753300177,0.8172327339679555,0.3151591065672357,0.4224178353819406,1.5572095131415535,"{""Recency<=20"": 3, ""MntGoldProds<=14"": -3, ""AcceptedCmp3=0"": -4, ""AcceptedCmp5=0"": -5}",,
h9_noband,hidden_fine,Marketing_Campaign,5,1792,732,ok,0.0202,5,0.32688383941033355,,,0.807451341560754,0.8157832882829945,0.3202663017673748,0.43755919130600057,1.4395758937762184,"{""Marital_Status=Single"": 2, ""Recency<=20"": 3, ""MntGoldProds<=14"": -3, ""AcceptedCmp3=0"": -4, ""AcceptedCmp5=0"": -5}",,
h9_noband,hidden_fine,Marketing_Campaign,7,1792,732,ok,0.0325,7,0.30788552071707537,,,0.8337054092220788,0.8630861440827359,0.28968478240946444,0.5312248241899876,0.8373087159589181,"{""Marital_Status=Single"": 2, ""Recency<=19"": 3, ""NumCatalogPurchases<=0"": -3, ""NumWebVisitsMonth<=5"": -2, ""AcceptedCmp3=0"": -3, ""AcceptedCmp5=1"": 4, ""AcceptedCmp1=0"": -3}",,
h9_noband,hidden_fine,Marketing_Campaign,10,1792,732,ok,0.0387,10,0.28704323474864574,,,0.8656400810462332,0.8343126885258746,0.32157136857149776,0.35977610967010054,2.8409628910030196,"{""Education=PhD"": 3, ""Marital_Status=Single"": 3, ""Recency<=16"": 3, ""Recency<=61"": 3, ""MntMeatProducts<=256"": -3, ""MntGoldProds<=14"": -4, ""NumWebVisitsMonth<=5"": -4, ""AcceptedCmp3=0"": -5, ""AcceptedCmp5=0"": -5, ""AcceptedCmp1=0"": -4}",,
h9_noband,hidden_fine,NATICUSdroid,3,5992,80,ok,0.0205,3,0.268260936032401,,,0.940827081554009,0.9450425344675857,0.25664610928203074,0.7525481919196928,-6.845282599972134,"{""android.permission.READ_PHONE_STATE=1"": 5, ""com.google.android.c2dm.permission.RECEIVE=0"": 5, ""com.android.launcher.permission.INSTALL_SHORTCUT=1"": 3}",,
h9_noband,hidden_fine,NATICUSdroid,4,5992,80,ok,0.0232,4,0.24087086567525057,,,0.956363390050208,0.9553906326390926,0.24352520212662457,0.9257434375963655,-1.6123421594688265,"{""android.permission.READ_PHONE_STATE=0"": -4, ""com.google.android.c2dm.permission.RECEIVE=0"": 4, ""com.android.launcher.permission.INSTALL_SHORTCUT=0"": -3, ""android.permission.READ_EXTERNAL_STORAGE=0"": 2}",,
h9_noband,hidden_fine,NATICUSdroid,5,5992,80,ok,0.0253,5,0.22709576920195354,,,0.9621806868755894,0.9610315830644373,0.2308385159553744,0.9190351153116305,-3.1535678264461944,"{""android.permission.READ_PHONE_STATE=1"": 4, ""com.google.android.c2dm.permission.RECEIVE=0"": 4, ""com.android.launcher.permission.INSTALL_SHORTCUT=0"": -3, ""com.android.vending.BILLING=1"": -2, ""android.permission.READ_EXTERNAL_STORAGE=1"": -2}",,
h9_noband,hidden_fine,NATICUSdroid,7,5992,80,ok,0.0365,7,0.21246156469560976,,,0.968801456101746,0.9663821257455754,0.22014627002926884,0.961086733482825,-4.331885969004282,"{""android.permission.READ_PHONE_STATE=1"": 4, ""com.google.android.c2dm.permission.RECEIVE=1"": -4, ""com.android.launcher.permission.INSTALL_SHORTCUT=0"": -2, ""com.android.vending.BILLING=0"": 2, ""android.permission.READ_EXTERNAL_STORAGE=0"": 2, ""android.permission.RECEIVE_BOOT_COMPLETED=1"": 1, ""android.permission.BLUETOOTH=1"": -2}",,
h9_noband,hidden_fine,NATICUSdroid,10,5992,80,ok,0.0494,10,0.19446167843096646,,,0.9736416874107482,0.9726625598904859,0.19842492548658702,0.9383651116707211,-3.876925986771747,"{""android.permission.READ_PHONE_STATE=0"": -4, ""com.google.android.c2dm.permission.RECEIVE=0"": 4, ""com.android.launcher.permission.INSTALL_SHORTCUT=0"": -2, ""com.android.vending.BILLING=1"": -2, ""android.permission.READ_EXTERNAL_STORAGE=0"": 2, ""android.permission.GET_TASKS=1"": 1, ""android.permission.RECEIVE_BOOT_COMPLETED=1"": 1, ""android.permission.ACCESS_COARSE_LOCATION=1"": 1, ""android.permission.CAMERA=0"": 1, ""android.permission.BLUETOOTH=1"": -2}",,
h9_noband,hidden_fine,online_shoppers_intention,3,9864,457,ok,0.0517,3,0.25419795504171205,,,0.9030128449169382,0.8829023927003045,0.274914505407797,0.629081674613393,0.6984783628349426,"{""PageValues<=0"": -5, ""PageValues<=21.7407"": -2, ""Month=Nov"": 2}",,
h9_noband,hidden_fine,online_shoppers_intention,4,9864,457,ok,0.054,4,0.24839261094898532,,,0.9098997091117834,0.8857689099697522,0.2707134244143898,1.1425844323440635,1.7807352317015401,"{""PageValues<=0"": -3, ""PageValues<=28.9418"": -1, ""Month=Nov"": 1, ""VisitorType=Returning_Visitor"": -1}",,
h9_noband,hidden_fine,online_shoppers_intention,5,9864,457,ok,0.0682,5,0.24630870687599507,,,0.912804465148272,0.8903098652410286,0.2697464750531107,0.6163718261076643,-0.09462014354058375,"{""ExitRates<=0.0777778"": 3, ""PageValues<=0"": -5, ""PageValues<=21.7407"": -2, ""Month=Nov"": 2, ""VisitorType=Returning_Visitor"": -2}",,
h9_noband,hidden_fine,online_shoppers_intention,7,9864,457,ok,0.0901,7,0.242676489105226,,,0.9151562019109403,0.8912174282240154,0.26615727043684534,0.5849901935482847,-0.2017218933621949,"{""Administrative<=6"": 1, ""ExitRates<=0.0777778"": 3, ""PageValues<=0"": -5, ""PageValues<=8.17473"": -1, ""PageValues<=28.9418"": -2, ""Month=Nov"": 2, ""VisitorType=Returning_Visitor"": -2}",,
h9_noband,hidden_fine,online_shoppers_intention,10,9864,457,ok,0.1325,10,0.24008890862627633,,,0.9184271617854682,0.8953884495181438,0.26343622788132415,0.5789731372536954,-0.7444712221172,"{""Administrative<=6"": 1, ""ProductRelated<=1"": 2, ""ProductRelated_Duration<=4339.53"": -1, ""BounceRates<=0.0126984"": 1, ""ExitRates<=0.0833333"": 4, ""PageValues<=0"": -5, ""PageValues<=9.55063"": -1, ""PageValues<=28.9418"": -2, ""Month=Nov"": 2, ""VisitorType=Returning_Visitor"": -2}",,
h9_noband,hidden_fine,polish_companies_bankruptcy,3,4728,3928,ok,0.0582,3,0.15328786394991553,,,0.858995288248337,0.8526496674057651,0.15524279783128833,1.3107506009730672,-4.10452330009971,"{""sales_growth_ratio missing"": 5, ""operating_profit_to_financial_expenses missing"": 2, ""sales_profit_to_total_assets<=-0.029501"": 2}",,
h9_noband,hidden_fine,polish_companies_bankruptcy,4,4728,3928,ok,0.0721,4,0.14523560409272954,,,0.8888504711751664,0.8955376940133037,0.14368401426825403,1.2775802960989668,-4.769992472584068,"{""sales_growth_ratio missing"": 5, ""operating_profit_to_financial_expenses missing"": 2, ""sales_profit_to_total_assets<=-0.029501"": 2, ""current_assets_minus_inventory_to_short_term_liabilities<=0.85923"": 1}",,
h9_noband,hidden_fine,polish_companies_bankruptcy,5,4728,3928,ok,0.0781,5,0.13883736873573285,,,0.9014644539911307,0.9027050997782706,0.14280495312099806,1.2102774401376204,-4.982791187271316,"{""sales_growth_ratio missing"": 5, ""sales_growth_ratio<=0.87412"": 1, ""operating_profit_to_financial_expenses missing"": 2, ""sales_profit_to_total_assets<=-0.029501"": 2, ""current_assets_minus_inventory_to_short_term_liabilities<=0.85923"": 1}",,
h9_noband,hidden_fine,polish_companies_bankruptcy,7,4728,3928,ok,0.1103,7,0.13318321032223915,,,0.914637610864745,0.9000886917960088,0.14246460755219154,1.3427041785187381,-5.590194415352804,"{""sales_growth_ratio missing"": 5, ""sales_growth_ratio<=0.87412"": 1, ""operating_profit_to_financial_expenses missing"": 2, ""sales_profit_to_total_assets<=-0.029501"": 2, ""operating_profit_to_total_assets<=0.007673"": -1, ""gross_profit_plus_depreciation_to_sales<=0.060892"": 1, ""current_assets_minus_inventory_to_short_term_liabilities<=0.85923"": 1}",,
h9_noband,hidden_fine,polish_companies_bankruptcy,10,4728,3928,ok,0.1736,10,0.12542244080847822,,,0.9226091324833703,0.9157760532150776,0.1362061306521006,1.2680761281106951,-4.693553707533392,"{""sales_growth_ratio missing"": 5, ""sales_growth_ratio<=0.76336"": 1, ""operating_profit_to_financial_expenses missing"": 3, ""operating_profit_to_financial_expenses<=-1.2334"": 1, ""sales_profit_to_total_assets<=-0.029501"": 2, ""operating_profit_to_total_assets<=0.007673"": -1, ""three_year_gross_profit_to_total_assets missing"": -4, ""three_year_gross_profit_to_total_assets<=0.84225"": -1, ""current_assets_minus_inventory_to_short_term_liabilities<=0.85923"": 1, ""constant_capital_to_total_assets<=0.69154"": 1}",,
h9_noband,hidden_fine,qsar-biodeg,3,843,1525,ok,0.0138,3,0.4307288765650146,,,0.8524465217062662,0.8193158953722335,0.4762761418050653,0.5815239715568313,-2.062248008105779,"{""Weighted_LeadingEigenvalue_Burden_Matrix<=3.813"": 4, ""Adjacency_LeadingEigenvalue<=2.152"": 3, ""Sum_dO_EStates<=0"": -3}",,
h9_noband,hidden_fine,qsar-biodeg,4,843,1525,ok,0.0181,4,0.39277248579729257,,,0.8788612713850186,0.8561871227364185,0.4294908632629002,0.48159387098397927,-3.7224945513375123,"{""Weighted_LeadingEigenvalue_Burden_Matrix<=3.648"": 5, ""Laplace_Leading_Eigenvalue<=5.098"": 4, ""Sum_dO_EStates<=0"": -4, ""Freq_CN_At_Dist2<=1"": 4}",,
h9_noband,hidden_fine,qsar-biodeg,5,843,1525,ok,0.0178,5,0.373604607848859,,,0.8927001184207212,0.8572937625754526,0.42596149594508675,0.5092663245060732,-4.9685523192269505,"{""Weighted_LeadingEigenvalue_Burden_Matrix<=3.592"": 4, ""Weighted_SpectralMoment6_Burden_Matrix<=8.491"": 3, ""Sum_dO_EStates<=0"": -4, ""Num_Nitrogen_Atoms<=0"": 4, ""Num_ssssC_Atoms<=0"": 5}",,
h9_noband,hidden_fine,qsar-biodeg,7,843,1525,ok,0.0352,7,0.3455714564599396,,,0.9114143717402805,0.8577464788732394,0.42967733025989413,1.0942641471100534,-7.887726821821236,"{""Weighted_LeadingEigenvalue_Burden_Matrix<=3.592"": 2, ""Num_Substituted_BenzeneC<=3"": 3, ""Sum_dO_EStates<=0"": -2, ""Weighted_HyperWiener_Index_Burden_Matrix<=3.261"": 1, ""Num_Nitrogen_Atoms<=0"": 2, ""Num_ssssC_Atoms<=0"": 3, ""Num_HBond_Donors_Atoms<=0"": -1}",,
h9_noband,hidden_fine,qsar-biodeg,10,843,1525,ok,0.0332,10,0.3189906002409472,,,0.9277570611504448,0.8926559356136821,0.3769630404413807,0.6479429877870048,-11.113238560746783,"{""Weighted_LeadingEigenvalue_Burden_Matrix<=3.592"": 3, ""Num_Substituted_BenzeneC<=3"": 4, ""Sum_dO_EStates<=0"": -3, ""Weighted_HyperWiener_Index_Burden_Matrix<=3.261"": 2, ""Sum_dssC_EStates<=-0.855"": 2, ""Num_Nitrogen_Atoms<=0"": 3, ""Num_Nitrogen_Atoms<=1"": 2, ""Num_Halogen_Atoms<=1"": 4, ""Num_ssssC_Atoms<=0"": 5, ""Num_HBond_Donors_Atoms<=0"": -1}",,
h9_noband,hidden_fine,seismic-bumps,3,2067,479,ok,0.0127,3,0.20594262981549422,,,0.7861459317025619,0.7241809767385214,0.22131318820811172,0.2620079427588176,-0.7549759891528449,"{""genergy<=16840"": -5, ""gpuls<=1133"": -4, ""nbumps<=1"": -5}",,
h9_noband,hidden_fine,seismic-bumps,4,2067,479,ok,0.0154,4,0.20308788304998954,,,0.7982796173881257,0.7138290098648156,0.22636036306418617,0.3497729772549646,-1.1858260586112328,"{""genergy<=16840"": -4, ""gpuls<=1133"": -3, ""gdpuls<=21"": 2, ""nbumps<=1"": -4}",,
h9_noband,hidden_fine,seismic-bumps,5,2067,479,ok,0.0179,5,0.2018267146324363,,,0.8052022725195723,0.6961088783339422,0.22910436208871662,0.2570583820692861,-1.535230043185273,"{""seismic=b"": 2, ""genergy<=18400"": -5, ""gpuls<=1133"": -4, ""gdpuls<=21"": 3, ""nbumps<=1"": -5}",,
h9_noband,hidden_fine,seismic-bumps,7,2067,479,ok,0.0262,7,0.19931675627226905,,,0.8132387211746428,0.7029898916088174,0.22816594995411413,0.4838920438917863,-2.456474055192331,"{""genergy<=18400"": -3, ""gpuls<=1133"": -2, ""gdenergy<=-73"": 2, ""gdenergy<=197"": 5, ""gdpuls<=21"": 2, ""gdpuls<=92"": -3, ""nbumps<=1"": -3}",,
h9_noband,hidden_fine,seismic-bumps,10,2067,479,ok,0.0464,10,0.1952561695461741,,,0.8235598744935572,0.6919376446230666,0.23987506824829943,0.4136573639299152,-2.6288657172010406,"{""seismic=b"": 1, ""genergy<=18400"": -4, ""gpuls<=1133"": -3, ""gdenergy<=-73"": 2, ""gdenergy<=-37"": 2, ""gdenergy<=110"": -2, ""gdenergy<=197"": 5, ""gdpuls<=-1"": -2, ""gdpuls<=9"": 3, ""nbumps<=1"": -3}",,
h9_noband,hidden_fine,taiwanese_bankruptcy,3,5455,3919,ok,0.1089,3,0.08980801609068735,,,0.9242286116516557,0.8557076446280991,0.10449196081071375,0.496483146759966,-3.901292925271642,"{""Debt_Ratio_Percent<=0.161774"": -5, ""Continuous_Interest_Rate_After_Tax<=0.781567"": 4, ""NonIndustry_Income_Expenditure_Revenue<=0.303453"": 3}",,
h9_noband,hidden_fine,taiwanese_bankruptcy,4,5455,3919,ok,0.0977,4,0.08722762024048554,,,0.9331199736520347,0.8827565426997245,0.10111880350708857,0.6392080287379889,-7.85207261641826,"{""Persistent_EPS_Last_4_Seasons<=0.226624"": 4, ""Net_Worth_to_Assets<=0.838196"": 4, ""Continuous_Interest_Rate_After_Tax<=0.781454"": 2, ""NonIndustry_Income_Expenditure_Revenue<=0.303453"": 2}",,
h9_noband,hidden_fine,taiwanese_bankruptcy,5,5455,3919,ok,0.1104,5,0.08412624784397382,,,0.9395778082970259,0.8853219696969697,0.1042590510508694,0.5484919760875828,-8.206364270727306,"{""Net_Worth_to_Assets<=0.838196"": 4, ""ROA_C_Before_Interest_Depreciation<=0.506654"": 5, ""Retained_Earnings_to_Total_Assets<=0.910048"": 3, ""DFL<=0.0266054"": 2, ""NonIndustry_Income_Expenditure_Revenue<=0.303453"": 3}",,
h9_noband,hidden_fine,taiwanese_bankruptcy,7,5455,3919,ok,0.151,7,0.08008255390143369,,,0.9485950980729821,0.8977186639118457,0.0996621418559408,0.465741869240778,-5.210541010975593,"{""Persistent_EPS_Last_4_Seasons<=0.200908"": 3, ""Debt_Ratio_Percent<=0.161774"": -4, ""ROA_C_Before_Interest_Depreciation<=0.506654"": 5, ""Retained_Earnings_to_Total_Assets<=0.910048"": 3, ""DFL<=0.0266054"": 4, ""DFL<=0.0271899"": -3, ""NonIndustry_Income_Expenditure_Revenue<=0.303453"": 3}",,
h9_noband,hidden_fine,taiwanese_bankruptcy,10,5455,3919,ok,0.177,10,0.077173685023464,,,0.9527421042208407,0.9016959366391184,0.10179061658888183,0.7462035675398561,-9.39238385338843,"{""Persistent_EPS_Last_4_Seasons<=0.178973"": 2, ""Persistent_EPS_Last_4_Seasons<=0.20242"": 1, ""Net_Worth_to_Assets<=0.838196"": 2, ""Retained_Earnings_to_Total_Assets<=0.910048"": 2, ""DFL<=0.0266054"": 3, ""DFL<=0.0269432"": -2, ""ROA_B_Before_Interest_Depreciation_After_Tax<=0.565501"": 5, ""NonIndustry_Income_Expenditure_Revenue<=0.303453"": 2, ""Gross_Profit_to_Sales<=0.604286"": 1, ""Operating_Funds_to_Liability<=0.341285"": 1}",,
h9_noband,hidden_fine,jm1,3,8708,1045,ok,0.0587,3,0.44408462987156444,,,0.7036015195514864,0.6854327747688279,0.4529422950030261,0.35450174923813915,-0.17979453414388716,"{""loc<=5"": -3, ""loc<=27"": -2, ""loc<=68"": -3}",,
h9_noband,hidden_fine,jm1,4,8708,1045,ok,0.0744,4,0.44124097459986134,,,0.7137039764639372,0.6979091705939324,0.4495215181272461,0.1711863546020291,-0.20380651645789155,"{""loc<=32"": -4, ""loc<=68"": -5, ""l<=0"": 5, ""lOBlank<=1"": -5}",,
h9_noband,hidden_fine,jm1,5,8708,1045,ok,0.052,5,0.44029363253123927,,,0.7113011888449609,0.6884336837662794,0.4519602584088925,0.21071095413752636,0.5091720270454098,"{""loc<=43"": -4, ""iv(g)<=9"": -3, ""lOBlank<=1"": -5, ""uniq_Op<=0"": 5, ""uniq_Opnd<=59"": -3}",,
h9_noband,hidden_fine,jm1,7,8708,1045,ok,0.0688,7,0.43742889957991626,,,0.7255088515859928,0.6997454266065719,0.45055271341606984,0.22342922729908188,0.9512426708648752,"{""loc<=22"": -3, ""loc<=43"": -3, ""iv(g)<=9"": -3, ""l<=0"": 5, ""l<=0.09"": -2, ""lOBlank<=1"": -4, ""uniq_Opnd<=59"": -3}",,
h9_noband,hidden_fine,jm1,10,8708,1045,ok,0.0941,10,0.43294774847070566,,,0.7338443292091141,0.698479999350716,0.452546884323482,0.2092815259976388,0.9529348973995477,"{""loc<=5"": -5, ""loc<=22"": -3, ""loc<=43"": -3, ""loc<=68"": -3, ""iv(g)<=9"": -3, ""l<=0.09"": -2, ""lOBlank<=1"": -4, ""uniq_Opnd<=59"": -4, ""total_Op<=10"": 4, ""total_Opnd<=106"": 3}",,
v35_scratch,hidden_fine,Amazon_employee_access,3,10000,107,ok,0.0125,3,0.21658596921283446,,,0.5696542230371682,0.6045698806647631,0.21258276999079218,0.501267916148029,-2.953083541478502,"{""ROLE_ROLLUP_2=118052"": 2, ""ROLE_FAMILY=292795"": 2, ""ROLE_FAMILY=19793"": 3}",,
v35_scratch,hidden_fine,Amazon_employee_access,4,10000,107,ok,0.0144,4,0.21516535347102017,,,0.5985755740996073,0.6288117724577202,0.2114003860372587,0.3740931573783132,-3.048561491326786,"{""ROLE_ROLLUP_2=118052"": 3, ""ROLE_FAMILY=19721"": 2, ""ROLE_FAMILY=292795"": 3, ""ROLE_FAMILY=19793"": 4}",,
v35_scratch,hidden_fine,Amazon_employee_access,5,10000,107,ok,0.0264,5,0.21432259633427406,,,0.6061517108271879,0.6378753935134344,0.21003699900643819,0.5462973344309265,-3.00101560899907,"{""RESOURCE=4675"": -5, ""ROLE_ROLLUP_2=118052"": 2, ""ROLE_FAMILY=19721"": 1, ""ROLE_FAMILY=292795"": 2, ""ROLE_FAMILY=19793"": 3}",,
v35_scratch,hidden_fine,Amazon_employee_access,7,10000,107,ok,0.036,7,0.21280015209414513,,,0.6304791834066363,0.6537623544915441,0.21081145998731626,0.44634472209943565,-3.166044826226136,"{""RESOURCE=4675"": -5, ""ROLE_ROLLUP_2=118052"": 2, ""ROLE_TITLE=118396"": 3, ""ROLE_FAMILY_DESC=117906"": 1, ""ROLE_FAMILY=19721"": 2, ""ROLE_FAMILY=292795"": 3, ""ROLE_FAMILY=19793"": 4}",,
v35_scratch,hidden_fine,Amazon_employee_access,10,10000,107,ok,0.037,10,0.21081775889054793,,,0.6493341868999162,0.6591229226151256,0.2102050192732704,0.46963699592420793,-3.1890679850278114,"{""RESOURCE=4675"": -5, ""ROLE_ROLLUP_1=119062"": 3, ""ROLE_ROLLUP_2=118052"": 2, ""ROLE_TITLE=117905"": -1, ""ROLE_TITLE=118777"": 2, ""ROLE_TITLE=118396"": 3, ""ROLE_FAMILY_DESC=117906"": 1, ""ROLE_FAMILY=19721"": 2, ""ROLE_FAMILY=292795"": 3, ""ROLE_FAMILY=19793"": 4}",,
v35_scratch,hidden_fine,APSFailure,3,10000,3979,ok,1.865,3,0.03888494534086354,,,0.9678217167190231,0.966458474768047,0.04612105230574829,1.8375346793284892,0.17795598295135256,"{""bt_000<=360199"": -1, ""ci_000<=6.02194e+06"": -2, ""bj_000<=2.97647e+06"": -1}",,
v35_scratch,hidden_fine,APSFailure,4,10000,3979,ok,2.2271,4,0.03733852369702835,,,0.9746165259709021,0.9779135551029645,0.044902957153174494,0.6571914150406005,0.6514034955074516,"{""bt_000<=102435"": -5, ""aa_000<=588328"": -2, ""bj_000<=2.97647e+06"": -3, ""az_001<=10068"": -2}",,
v35_scratch,hidden_fine,APSFailure,5,10000,3979,ok,3.1018,5,0.03701231329933162,,,0.9743335026971611,0.9804933242815117,0.041350441568945434,1.020890714143734,1.2382017511410666,"{""ci_000<=9.22543e+06"": -3, ""bj_000<=5.02951e+06"": -2, ""cs_003 missing"": -5, ""ee_005<=5.18153e+06"": -1, ""az_001<=5600"": -2}",,
v35_scratch,hidden_fine,APSFailure,7,10000,3979,ok,3.6166,7,0.03374692039386231,,,0.9831083495241777,0.9742430414120842,0.04517000804430612,1.5132525510079007,1.4429127586599741,"{""bt_000<=51598.8"": -2, ""ci_000<=6.02194e+06"": -1, ""bj_000<=2.97647e+06"": -1, ""ck_000<=4.89284e+06"": -1, ""az_002<=5762"": -1, ""cs_003 missing"": -5, ""ee_005<=5.18153e+06"": -1}",,
v35_scratch,hidden_fine,APSFailure,10,10000,3979,ok,4.6233,10,0.03175172863820603,,,0.985578754461274,0.9732382892057027,0.046942765705953834,1.2897734217556636,1.6888160366291427,"{""bt_000<=51598.8"": -2, ""ck_000<=4.89284e+06"": -2, ""aq_000<=2.37762e+06"": -1, ""cs_004<=510174"": -1, ""az_002<=10032"": -1, ""ba_001<=7.29769e+06"": 1, ""ba_000<=7.38398e+06"": 1, ""cs_003 missing"": -5, ""ee_005<=5.18153e+06"": -2, ""cn_003<=1.04591e+06"": -1}",,
v35_scratch,hidden_fine,Bank_Customer_Churn,3,8000,324,ok,0.1105,3,0.39169834970183276,,,0.7929535976731419,0.7873512958258722,0.39554092666195245,0.8306484659215624,2.5221971846718003,"{""age<=41"": -2, ""products_number<=1"": 2, ""products_number<=2"": -5}",,
v35_scratch,hidden_fine,Bank_Customer_Churn,4,8000,324,ok,0.1236,4,0.3774194914600253,,,0.8187578372547699,0.8105509207204123,0.38216205647970924,0.8722412340273915,3.178239884360577,"{""age<=42"": -2, ""products_number<=1"": 2, ""products_number<=2"": -5, ""active_member=1"": -1}",,
v35_scratch,hidden_fine,Bank_Customer_Churn,5,8000,324,ok,0.1386,5,0.3680227748563262,,,0.8296680182219183,0.8243806209907903,0.3704416536211043,0.8706006576972639,2.0384055559369116,"{""country=Germany"": 1, ""age<=42"": -2, ""products_number<=1"": 2, ""products_number<=2"": -5, ""active_member=0"": 1}",,
v35_scratch,hidden_fine,Bank_Customer_Churn,7,8000,324,ok,0.1761,7,0.3602065012938404,,,0.8381505041846848,0.8358520307672851,0.36260612291903316,0.7953246077924779,1.4689191670461064,"{""country=Germany"": 1, ""age<=38"": -1, ""age<=44"": -2, ""age<=64"": 2, ""products_number<=1"": 2, ""products_number<=2"": -5, ""active_member=1"": -1}",,
v35_scratch,hidden_fine,Bank_Customer_Churn,10,8000,324,ok,0.3441,10,0.3533663522061782,,,0.8462667700397761,0.840148314724586,0.35634040430645264,0.798991435295939,4.265060250819293,"{""country=Germany"": 1, ""gender=Female"": 1, ""age<=38"": -1, ""age<=42"": -1, ""age<=46"": -1, ""age<=64"": 2, ""products_number<=1"": 2, ""products_number<=2"": -5, ""products_number<=3"": -5, ""active_member=0"": 1}",,
v35_scratch,hidden_fine,Bioresponse,3,3000,2777,ok,0.3597,3,0.5444732147899204,,,0.7853363063489343,0.7647384435175133,0.5684376020634457,1.0270868900467196,1.0248638162512098,"{""D27=1"": -2, ""D84<=0.114354"": -1, ""D88<=0.0947"": 1}",,
v35_scratch,hidden_fine,Bioresponse,4,3000,2777,ok,0.3669,4,0.5341918199798001,,,0.7976803494919804,0.7756699617164733,0.5600374271467868,0.4935771322808476,0.8698090706882583,"{""D27=1"": -4, ""D14<=0.066"": 3, ""D84<=0.109183"": -2, ""D88<=0.0947"": 2}",,
v35_scratch,hidden_fine,Bioresponse,5,3000,2777,ok,0.4135,5,0.5289238403574305,,,0.8057338584009551,0.7805303982629566,0.5606498142660102,0.34268055270901926,0.24579057834603973,"{""D27=1"": -5, ""D14<=0.066"": 4, ""D84<=0.109183"": -3, ""D88<=0.0878"": 3, ""D469<=0.0833"": 2}",,
v35_scratch,hidden_fine,Bioresponse,7,3000,2777,ok,0.5001,7,0.5216102632831496,,,0.8159143925499727,0.7932475287126449,0.5515747870865814,0.41983967773606967,1.5148418275083642,"{""D27=1"": -4, ""D15<=0.504973"": -1, ""D54<=0.220518"": -4, ""D14<=0.066"": 3, ""D84<=0.109183"": -2, ""D88<=0.0947"": 3, ""D469<=0.0833"": 2}",,
v35_scratch,hidden_fine,Bioresponse,10,3000,2777,ok,0.6202,10,0.5120484352010306,,,0.8233411866665533,0.7935617964687732,0.5521212575525827,0.5701896403204774,2.028277781840598,"{""D27=1"": -3, ""D15<=0.508217"": -1, ""D64<=0.00507"": -1, ""D54<=0.220518"": -3, ""D14<=0.066"": 2, ""D67<=0.0782"": -1, ""D84<=0.109183"": -1, ""D5<=0.225141"": -1, ""D88<=0.0947"": 2, ""D469<=0.0833"": 2}",,
v35_scratch,hidden_fine,blood-transfusion,3,598,99,ok,0.0082,3,0.47227958180263785,,,0.73878026933531,0.7133284600389863,0.493291365455067,0.30088725067438615,-1.7726211606822364,"{""MonthsSinceLastDonation<=5"": 4, ""NumberOfDonations<=4"": -5, ""MonthsSinceFirstDonation<=43"": 3}",,
v35_scratch,hidden_fine,blood-transfusion,4,598,99,ok,0.0093,4,0.45763877467462577,,,0.7496679639238943,0.7010233918128655,0.5173837068357208,1.280848411331425,0.13849595635208206,"{""MonthsSinceLastDonation<=5"": 1, ""NumberOfDonations<=4"": -1, ""NumberOfDonations<=16"": -2, ""MonthsSinceFirstDonation<=53"": 1}",,
v35_scratch,hidden_fine,blood-transfusion,5,598,99,ok,0.0118,5,0.4539686541195506,,,0.7574978379046208,0.6985867446393763,0.523090933213237,0.6026299726888892,0.06959480370231369,"{""MonthsSinceLastDonation<=5"": 2, ""NumberOfDonations<=4"": -2, ""NumberOfDonations<=12"": -2, ""NumberOfDonations<=16"": -3, ""MonthsSinceFirstDonation<=53"": 3}",,
v35_scratch,hidden_fine,blood-transfusion,7,598,99,ok,0.0172,7,0.4461542359212335,,,0.768285149493452,0.684088693957115,0.5343867328350045,0.4200590348989838,-0.11747725607683808,"{""MonthsSinceLastDonation<=5"": 3, ""NumberOfDonations<=12"": -3, ""TotalBloodDonated<=1000"": -3, ""TotalBloodDonated<=4000"": -4, ""MonthsSinceFirstDonation<=2"": -3, ""MonthsSinceFirstDonation<=43"": 2, ""MonthsSinceFirstDonation<=53"": 3}",,
v35_scratch,hidden_fine,blood-transfusion,10,598,99,ok,0.0324,10,0.43797092952480277,,,0.7808098591549296,0.6598440545808966,0.5818167231629379,0.43031685350265936,-0.9257342070882792,"{""MonthsSinceLastDonation<=1"": -3, ""MonthsSinceLastDonation<=5"": 3, ""NumberOfDonations<=4"": -2, ""NumberOfDonations<=6"": -2, ""NumberOfDonations<=16"": -5, ""TotalBloodDonated<=3000"": -3, ""MonthsSinceFirstDonation<=2"": -3, ""MonthsSinceFirstDonation<=43"": 2, ""MonthsSinceFirstDonation<=53"": 3, ""MonthsSinceFirstDonation<=83"": 4}",,
v35_scratch,hidden_fine,churn,3,4000,1131,ok,0.1916,3,0.3040339428089002,,,0.8212100569857442,0.8188186824527943,0.3025362719617639,0.5190491302182283,2.280400161245064,"{""international_plan=1"": 4, ""total_day_charge<=43.03"": -5, ""number_customer_service_calls<=3"": -5}",,
v35_scratch,hidden_fine,churn,4,4000,1131,ok,0.2169,4,0.2974274909661617,,,0.8527734502820477,0.8307408416515989,0.3067595197893903,0.5317554984096405,3.2422882957071537,"{""international_plan=1"": 4, ""total_day_charge<=43.03"": -5, ""total_eve_charge<=21.53"": -2, ""number_customer_service_calls<=3"": -5}",,
v35_scratch,hidden_fine,churn,5,4000,1131,ok,0.2111,5,0.2894318801785185,,,0.8634899189357722,0.8481658534168874,0.29533115621233297,0.5432272025706797,2.47501256060656,"{""international_plan=1"": 4, ""voice_mail_plan=0"": 2, ""total_day_charge<=43.03"": -5, ""total_eve_minutes<=251.2"": -2, ""number_customer_service_calls<=3"": -5}",,
v35_scratch,hidden_fine,churn,7,4000,1131,ok,0.2992,7,0.28009407155158406,,,0.8705354478495033,0.8656115060395148,0.2772877472159422,0.5579708957618527,4.592652279405481,"{""international_plan=1"": 4, ""voice_mail_plan=0"": 2, ""total_day_minutes<=289.1"": -3, ""total_day_charge<=41.77"": -4, ""total_eve_minutes<=251.2"": -2, ""total_intl_charge<=3.56"": -2, ""number_customer_service_calls<=3"": -5}",,
v35_scratch,hidden_fine,churn,10,4000,1131,ok,0.3978,10,0.27081350980600905,,,0.8831228867014741,0.8762456757403876,0.26810539666559335,0.5968140389523339,4.9735467107017675,"{""international_plan=1"": 4, ""voice_mail_plan=0"": 2, ""total_day_minutes<=289.1"": -3, ""total_day_charge<=37.72"": -1, ""total_day_charge<=42.43"": -3, ""total_eve_minutes<=251.2"": -2, ""total_night_charge<=7.46"": -1, ""total_intl_minutes<=13.2"": -2, ""total_intl_calls<=2"": 1, ""number_customer_service_calls<=3"": -5}",,
v35_scratch,hidden_fine,coil2000_insurance_policies,3,7857,246,ok,0.1001,3,0.20524120713763552,,,0.7263726806450383,0.7403846153846154,0.20397821492435045,0.4204045932352338,-1.1498258027904675,"{""contributionCarPolicies<=5"": -3, ""purchasingPowerClass<=6"": -2, ""contributionFirePolicies<=2"": -2}",,
v35_scratch,hidden_fine,coil2000_insurance_policies,4,7857,246,ok,0.0721,4,0.20362359027589094,,,0.7335821184125009,0.7449541199541199,0.20326845762912807,0.4175420853239372,0.9013807517551972,"{""contributionCarPolicies<=5"": -3, ""purchasingPowerClass<=6"": -2, ""contributionFirePolicies<=2"": -2, ""numberOfBoatPolicies<=0"": -5}",,
v35_scratch,hidden_fine,coil2000_insurance_policies,5,7857,246,ok,0.086,5,0.20221623192719468,,,0.7437995169946539,0.7522986272986274,0.20271320430501755,0.4051714787640998,0.9425112266952691,"{""contributionCarPolicies<=5"": -3, ""purchasingPowerClass<=6"": -2, ""contributionFirePolicies<=2"": -2, ""averageIncome<=3"": -1, ""numberOfBoatPolicies<=0"": -5}",,
v35_scratch,hidden_fine,coil2000_insurance_policies,7,7857,246,ok,0.1166,7,0.20004183494503078,,,0.7552912404486963,0.7589516964516965,0.2016942559884399,0.4043169426501442,0.6523993629486331,"{""contributionCarPolicies<=5"": -3, ""purchasingPowerClass<=6"": -2, ""contributionFirePolicies<=2"": -2, ""numberOfThirdPartyInsuranceAgriculture=1"": -5, ""farmer<=0"": 1, ""averageIncome<=3"": -1, ""numberOfBoatPolicies<=0"": -5}",,
v35_scratch,hidden_fine,coil2000_insurance_policies,10,7857,246,ok,0.1504,10,0.198075990492317,,,0.7640612968878248,0.7586117586117587,0.20199127981569423,0.4120052753951374,0.3525760091012164,"{""contributionCarPolicies<=5"": -3, ""purchasingPowerClass<=6"": -1, ""customerMainType=Living well"": -2, ""contributionFirePolicies<=2"": -2, ""lowerLevelEducation<=2"": 1, ""numberOfThirdPartyInsuranceAgriculture=1"": -5, ""farmer<=0"": 1, ""averageIncome<=3"": -1, ""numberOfBoatPolicies<=0"": -5, ""protestant<=1"": -2}",,
v35_scratch,hidden_fine,credit-g,3,800,226,ok,0.011,3,0.535546878703165,,,0.7185863095238095,0.7360714285714287,0.5290164243948341,0.33264669706598515,1.033160613495658,"{""checking_status=no checking account"": -5, ""duration_months<=11"": -3, ""credit_amount<=8947"": -4}",,
v35_scratch,hidden_fine,credit-g,4,800,226,ok,0.0139,4,0.5253631839566748,,,0.7451004464285715,0.7661309523809523,0.5096589749009145,0.7629137591775519,-0.39789080418586154,"{""checking_status=no checking account"": -2, ""duration_months<=15"": -1, ""credit_history=critical account / other credits existing"": -1, ""savings_status=< 100 DM"": 1}",,
v35_scratch,hidden_fine,credit-g,5,800,226,ok,0.0198,5,0.5167323369709709,,,0.756781994047619,0.7638690476190476,0.5180535068443952,0.7938801882939992,-0.31031228045735465,"{""checking_status=no checking account"": -2, ""duration_months<=15"": -1, ""credit_history=critical account / other credits existing"": -1, ""savings_status=< 100 DM"": 1, ""other_debtors=guarantor"": -2}",,
v35_scratch,hidden_fine,credit-g,7,800,226,ok,0.0509,7,0.5028739529512366,,,0.7737202380952382,0.7519642857142859,0.5327745900654309,0.3735967381072488,1.011999049638154,"{""checking_status=no checking account"": -4, ""duration_months<=11"": -3, ""credit_history=critical account / other credits existing"": -2, ""credit_purpose=car (used)"": -3, ""credit_amount<=8947"": -4, ""savings_status=< 100 DM"": 2, ""other_debtors=guarantor"": -4}",,
v35_scratch,hidden_fine,credit-g,10,800,226,ok,0.0638,10,0.4884987706912933,,,0.7942522321428571,0.7675,0.5130254113105006,0.2867384298371597,0.4968982442838492,"{""checking_status=no checking account"": -5, ""duration_months<=15"": -3, ""credit_history=critical account / other credits existing"": -3, ""credit_purpose=car (new)"": 3, ""credit_purpose=education"": 4, ""credit_amount<=9436"": -5, ""savings_status=< 100 DM"": 3, ""employment_since=4 <= ... < 7 years"": -3, ""other_debtors=guarantor"": -4, ""age_years<=34"": 2}",,
v35_scratch,hidden_fine,credit_card_clients_default,3,10000,1080,ok,0.4856,3,0.4469228174490162,,,0.7220046187810615,0.719294115024645,0.44474486158214743,0.25975000670455617,1.2208818293625645,"{""PAY_0<=0"": -4, ""PAY_0<=1"": -5, ""PAY_3<=0"": -3}",,
v35_scratch,hidden_fine,credit_card_clients_default,4,10000,1080,ok,0.5113,4,0.4431316544591831,,,0.748028856468569,0.7522812951905422,0.4390752216769733,0.28251063269628746,0.8533142512887281,"{""PAY_0<=0"": -3, ""PAY_0<=1"": -5, ""PAY_3<=0"": -3, ""PAY_AMT1<=3470"": 2}",,
v35_scratch,hidden_fine,credit_card_clients_default,5,10000,1080,ok,0.5347,5,0.44122810076093966,,,0.7524304501012826,0.75609204497855,0.4393447552430231,0.23954295730360728,1.1166852512043988,"{""PAY_0<=0"": -4, ""PAY_0<=1"": -5, ""PAY_3<=0"": -3, ""PAY_6<=0"": -2, ""PAY_AMT1<=3470"": 2}",,
v35_scratch,hidden_fine,credit_card_clients_default,7,10000,1080,ok,0.6089,7,0.43851484931589185,,,0.7629532289208324,0.7664315945800606,0.4355006528713803,0.30206481562791837,0.9657856185375963,"{""LIMIT_BAL<=160000"": 1, ""PAY_0<=0"": -3, ""PAY_0<=1"": -4, ""PAY_3<=0"": -2, ""PAY_6<=0"": -2, ""PAY_AMT1<=3470"": 1, ""PAY_AMT4<=0"": 1}",,
v35_scratch,hidden_fine,credit_card_clients_default,10,10000,1080,ok,0.7369,10,0.43491113008139043,,,0.7693246890240562,0.7688547596292716,0.43406883763500353,0.29505074652198304,1.1307571603689046,"{""LIMIT_BAL<=160000"": 1, ""AGE<=35"": -1, ""PAY_0<=0"": -3, ""PAY_0<=1"": -4, ""PAY_3<=0"": -2, ""PAY_6<=0"": -2, ""BILL_AMT1<=141697"": -2, ""PAY_AMT1<=3470"": 1, ""PAY_AMT2<=5000"": 2, ""PAY_AMT4<=0"": 1}",,
v35_scratch,hidden_fine,customer_satisfaction_in_airline,3,10000,311,ok,0.1358,3,0.4272755608110558,,,0.8634436021906313,0.8620981469427396,0.4298433196932694,0.7805144794589948,1.5158886495788904,"{""Seatcomfort=5"": -5, ""Inflightentertainment=4"": -3, ""Inflightentertainment=5"": -5}",,
v35_scratch,hidden_fine,customer_satisfaction_in_airline,4,10000,311,ok,0.1429,4,0.3877875711344735,,,0.8879972064139303,0.8874743635443142,0.3891745950184261,1.3102300684747143,1.8141998462345184,"{""Seatcomfort=5"": -4, ""Seatcomfort=0"": -5, ""Inflightentertainment=4"": -2, ""Inflightentertainment=5"": -3}",,
v35_scratch,hidden_fine,customer_satisfaction_in_airline,5,10000,311,ok,0.156,5,0.3635706536225406,,,0.9117048681179708,0.9103079216002314,0.36604727797441594,1.276637056442899,2.3816516537702443,"{""Class=Business"": -1, ""Seatcomfort=5"": -4, ""Seatcomfort=0"": -5, ""Inflightentertainment=4"": -2, ""Inflightentertainment=5"": -3}",,
v35_scratch,hidden_fine,customer_satisfaction_in_airline,7,10000,311,ok,0.189,7,0.32404958475150997,,,0.9322404017804168,0.9311764485566095,0.3271972668470117,1.092187544002878,3.316659327689042,"{""Class=Business"": -1, ""Seatcomfort=5"": -5, ""Seatcomfort=0"": -5, ""Inflightentertainment=4"": -2, ""Inflightentertainment=5"": -3, ""EaseofOnlinebooking=4"": -2, ""EaseofOnlinebooking=5"": -2}",,
v35_scratch,hidden_fine,customer_satisfaction_in_airline,10,10000,311,ok,0.2577,10,0.2896095659622313,,,0.9460266190666164,0.9467865962019301,0.28904104754055615,1.2461572933966865,4.218842764333887,"{""CustomerType=Loyal Customer"": -2, ""TypeofTravel=Personal Travel"": 1, ""Seatcomfort=5"": -5, ""Seatcomfort=0"": -5, ""DepartureArrivaltimeconvenient=5"": 1, ""Inflightentertainment=4"": -2, ""Inflightentertainment=5"": -3, ""EaseofOnlinebooking=4"": -1, ""EaseofOnlinebooking=5"": -1, ""Cleanliness=5"": -1}",,
v35_scratch,hidden_fine,Diabetes130US,3,10000,294,ok,0.1306,3,0.28915757541679216,,,0.6045498155901117,0.6029904306220095,0.28826592586864447,0.26034085009683317,-1.1031218112421572,"{""discharge_disposition_id=Discharged to home"": -2, ""discharge_disposition_id=Discharged/transferred to another rehab fac including rehab units of a hospital ."": 5, ""number_inpatient<=1"": -4}",,
v35_scratch,hidden_fine,Diabetes130US,4,10000,294,ok,0.135,4,0.2874222825182353,,,0.615258360745614,0.6135954944178629,0.28634963878988823,0.5828802853844646,-0.9288968607845094,"{""discharge_disposition_id=Discharged to home"": -1, ""discharge_disposition_id=Discharged/transferred to another rehab fac including rehab units of a hospital ."": 2, ""discharge_disposition_id=Expired"": -5, ""number_inpatient<=1"": -2}",,
v35_scratch,hidden_fine,Diabetes130US,5,10000,294,ok,0.1595,5,0.2869177581107921,,,0.6165561453349282,0.6145803429027114,0.2860596359760788,0.5642101666680989,-0.9917679556949406,"{""diag_1=434"": 1, ""discharge_disposition_id=Discharged to home"": -1, ""discharge_disposition_id=Discharged/transferred to another rehab fac including rehab units of a hospital ."": 2, ""discharge_disposition_id=Expired"": -5, ""number_inpatient<=1"": -2}",,
v35_scratch,hidden_fine,Diabetes130US,7,10000,294,ok,0.2356,7,0.28598581610307716,,,0.6254666317783095,0.6155791467304624,0.28712216702234816,0.572101991006388,-0.8768795641191863,"{""diag_1=434"": 1, ""discharge_disposition_id=Discharged to home"": -1, ""discharge_disposition_id=Discharged/transferred to another rehab fac including rehab units of a hospital ."": 2, ""discharge_disposition_id=Expired"": -5, ""number_inpatient<=1"": -1, ""number_inpatient<=2"": -1, ""age=[50-60)"": -1}",,
v35_scratch,hidden_fine,Diabetes130US,10,10000,294,ok,0.3982,10,0.2844660792978437,,,0.6405182167065391,0.6279465709728866,0.2857040719812968,0.5518058856738286,-0.39543482015309567,"{""diag_1=434"": 1, ""diag_1=584"": 1, ""discharge_disposition_id=Discharged to home"": -1, ""discharge_disposition_id=Discharged/transferred to another rehab fac including rehab units of a hospital ."": 2, ""discharge_disposition_id=Expired"": -5, ""number_inpatient<=1"": -1, ""number_inpatient<=2"": -1, ""age=[50-60)"": -1, ""number_emergency<=0"": -1, ""num_medications<=6"": -1}",,
v35_scratch,hidden_fine,E-CommereShippingData,3,8799,261,ok,0.1181,3,0.5076527275780734,,,0.7202857142857143,0.7208682406702208,0.507076373073539,23.77819367043768,-94.92349746030814,"{""Discount_offered<=10"": 4, ""Weight_in_gms<=2064"": 1, ""Weight_in_gms<=3914"": -1}",,
v35_scratch,hidden_fine,E-CommereShippingData,4,8799,261,ok,0.1702,3,0.5100655750037021,,,0.7217530088958661,0.720957539340787,0.5098599341533147,3.3885442948513815,-6.581421021232273,"{""Discount_offered<=10"": 2, ""Weight_in_gms<=2064"": 1, ""Weight_in_gms<=4010"": -1}",,
v35_scratch,hidden_fine,E-CommereShippingData,5,8799,261,ok,0.179,3,0.5100655750037021,,,0.7217530088958661,0.720957539340787,0.5098599341533147,3.3885442948513815,-6.581421021232273,"{""Discount_offered<=10"": 2, ""Weight_in_gms<=2064"": 1, ""Weight_in_gms<=4010"": -1}",,
v35_scratch,hidden_fine,E-CommereShippingData,7,8799,261,ok,0.1938,3,0.5100655750037021,,,0.7217530088958661,0.720957539340787,0.5098599341533147,3.3885442948513815,-6.581421021232273,"{""Discount_offered<=10"": 2, ""Weight_in_gms<=2064"": 1, ""Weight_in_gms<=4010"": -1}",,
v35_scratch,hidden_fine,E-CommereShippingData,10,8799,261,ok,0.2283,3,0.5100655750037021,,,0.7217530088958661,0.720957539340787,0.5098599341533147,3.3885442948513815,-6.581421021232273,"{""Discount_offered<=10"": 2, ""Weight_in_gms<=2064"": 1, ""Weight_in_gms<=4010"": -1}",,
v35_scratch,hidden_fine,Fitness_Club,3,1200,164,ok,0.0117,3,0.46643575836634726,,,0.8066392171964019,0.781061044218939,0.49879175963104017,0.39946307519620683,0.9688140225899976,"{""months_as_member<=6"": -5, ""months_as_member<=11"": -3, ""months_as_member<=21"": -4}",,
v35_scratch,hidden_fine,Fitness_Club,4,1200,164,ok,0.0164,4,0.4581264201795103,,,0.8142618758454535,0.7947841632052159,0.4877389540474858,0.5925924681615296,2.2534923094958166,"{""months_as_member<=6"": -3, ""months_as_member<=11"": -2, ""months_as_member<=19"": -2, ""months_as_member<=38"": -3}",,
v35_scratch,hidden_fine,Fitness_Club,5,1200,164,ok,0.0196,5,0.4547598713910752,,,0.8212410846819449,0.809401125190599,0.4793896265661658,0.32253584075889324,2.2898519491098397,"{""months_as_member<=6"": -5, ""months_as_member<=11"": -3, ""months_as_member<=15"": -2, ""months_as_member<=21"": -3, ""months_as_member<=38"": -5}",,
v35_scratch,hidden_fine,Fitness_Club,7,1200,164,ok,0.027,7,0.45138083217947306,,,0.8282104196082691,0.8116620221883379,0.4827050423838273,0.32724605123424766,2.134517121004497,"{""months_as_member<=6"": -5, ""months_as_member<=11"": -3, ""months_as_member<=15"": -2, ""months_as_member<=21"": -3, ""months_as_member<=38"": -5, ""day_of_week=Sun"": 1, ""category=HIIT"": 1}",,
v35_scratch,hidden_fine,Fitness_Club,10,1200,164,ok,0.0541,10,0.4463795254136152,,,0.8331078790511831,0.795125926704874,0.498669964530923,0.3764758365881336,2.8742117850150946,"{""months_as_member<=6"": -5, ""months_as_member<=11"": -3, ""months_as_member<=15"": -2, ""months_as_member<=21"": -2, ""months_as_member<=38"": -5, ""weight<=84.17"": -2, ""weight<=87.37"": 3, ""weight<=90.34"": -2, ""day_of_week=Mon"": -1, ""day_of_week=Wed"": -2}",,
v35_scratch,hidden_fine,GiveMeSomeCredit,3,10000,385,ok,0.1665,3,0.1912350528109245,,,0.8243370099411463,0.8105263968419782,0.19158106335323902,0.3801220175220081,0.43305115241336106,"{""RevolvingUtilizationOfUnsecuredLines<=0.313411"": -4, ""NumberOfTime30-59DaysPastDueNotWorse<=0"": -3, ""NumberOfTimes90DaysLate<=0"": -5}",,
v35_scratch,hidden_fine,GiveMeSomeCredit,4,10000,385,ok,0.1781,4,0.18876620578485032,,,0.8346001458724706,0.8164271542641248,0.18948999105146863,0.3432170803704401,1.0656263158079666,"{""RevolvingUtilizationOfUnsecuredLines<=0.313411"": -4, ""NumberOfTime30-59DaysPastDueNotWorse<=0"": -3, ""NumberOfTimes90DaysLate<=0"": -5, ""NumberOfTime60-89DaysPastDueNotWorse<=0"": -3}",,
v35_scratch,hidden_fine,GiveMeSomeCredit,5,10000,385,ok,0.2522,5,0.18667130745934402,,,0.8467726316588755,0.8265090051358919,0.18939733192029698,0.33470775957289584,0.4690940848968709,"{""RevolvingUtilizationOfUnsecuredLines<=0.313411"": -4, ""age<=57"": 2, ""NumberOfTime30-59DaysPastDueNotWorse<=0"": -3, ""NumberOfTimes90DaysLate<=0"": -5, ""NumberOfTime60-89DaysPastDueNotWorse<=0"": -3}",,
v35_scratch,hidden_fine,GiveMeSomeCredit,7,10000,385,ok,0.2953,7,0.18483402805615737,,,0.8464202854044709,0.828845951474676,0.1871758036929641,0.26070579571425284,1.3598438285219416,"{""RevolvingUtilizationOfUnsecuredLines<=0.313411"": -5, ""RevolvingUtilizationOfUnsecuredLines<=1.00708"": -3, ""age<=57"": 3, ""NumberOfTime30-59DaysPastDueNotWorse<=0"": -4, ""NumberOfTimes90DaysLate<=0"": -5, ""NumberOfTimes90DaysLate<=1"": -3, ""NumberOfTime60-89DaysPastDueNotWorse<=0"": -3}",,
v35_scratch,hidden_fine,GiveMeSomeCredit,10,10000,385,ok,0.3434,10,0.1825326280489399,,,0.8562047622732077,0.8362559065324131,0.1865176800280363,0.25753228784532767,2.0609528945230293,"{""RevolvingUtilizationOfUnsecuredLines<=0.313411"": -5, ""RevolvingUtilizationOfUnsecuredLines<=1.00708"": -3, ""age<=57"": 3, ""NumberOfTime30-59DaysPastDueNotWorse<=0"": -3, ""NumberOfTime30-59DaysPastDueNotWorse<=1"": -2, ""MonthlyIncome<=5348"": 2, ""NumberOfTimes90DaysLate<=0"": -5, ""NumberOfTimes90DaysLate<=1"": -3, ""NumberRealEstateLoansOrLines<=2"": -3, ""NumberOfTime60-89DaysPastDueNotWorse<=0"": -3}",,
v35_scratch,hidden_fine,hazelnut-contaminant,3,1920,2970,ok,0.2259,3,0.46061515402782743,,,0.8408040364583333,0.8299131944444444,0.47111867588191564,0.5056146550237353,0.8873408320107181,"{""s52<=-0.000857"": 5, ""s53<=0.001785"": -4, ""s53<=0.002461"": -4}",,
v35_scratch,hidden_fine,hazelnut-contaminant,4,1920,2970,ok,0.2703,4,0.4427189989934041,,,0.8720198567708334,0.8732899305555555,0.4398344788620682,0.5884381094285062,1.2056890394990836,"{""s46<=0.00235"": -3, ""s52<=-0.000857"": 4, ""s53<=0.002365"": -3, ""s61<=-0.001063"": 2}",,
v35_scratch,hidden_fine,hazelnut-contaminant,5,1920,2970,ok,0.2942,5,0.41914001437177467,,,0.8856971571180555,0.8745486111111112,0.4342200302117375,0.4636041053970057,-0.5728900797469878,"{""s46<=0.002311"": -3, ""s52<=-0.000893"": 5, ""s52<=-0.000599"": 4, ""s53<=0.002365"": -4, ""s61<=-0.001058"": 3}",,
v35_scratch,hidden_fine,hazelnut-contaminant,7,1920,2970,ok,0.2957,7,0.3921156116813786,,,0.9025282118055555,0.8795399305555556,0.43769530304948046,0.49693984551950426,0.5096345379356835,"{""s23<=0.001318"": -3, ""s43<=0.000114"": 3, ""s46<=0.00235"": -4, ""s52<=-0.000893"": 5, ""s52<=-0.000599"": 4, ""s53<=0.002365"": -3, ""s61<=-0.001058"": 3}",,
v35_scratch,hidden_fine,hazelnut-contaminant,10,1920,2970,ok,0.6032,10,0.35146354049713474,,,0.9209711371527778,0.8941319444444443,0.40629195036941046,0.7002368893642414,3.7129047800157564,"{""s23<=0.001318"": -2, ""s41<=0.000389"": -2, ""s43<=0.000114"": 2, ""s46<=0.00232"": -3, ""s52<=-0.000857"": 3, ""s52<=-0.000599"": 3, ""s53<=0.002365"": -2, ""s61<=-0.001063"": 2, ""s61<=-0.000807"": 2, ""s63<=0.00199"": -5}",,
v35_scratch,hidden_fine,HR_Analytics,3,10000,208,ok,0.0949,3,0.4697631968903641,,,0.7676549484817384,0.7713215053220921,0.4652080304355107,0.48593954320923854,-1.9707074933652684,"{""city_development_index<=0.624"": 4, ""major_discipline=nan"": -2, ""company_size=nan"": 3}",,
v35_scratch,hidden_fine,HR_Analytics,4,10000,208,ok,0.0883,4,0.4676035268383846,,,0.7700044188119165,0.7741901415376301,0.4641906988246582,0.3987423126662525,-1.9546355765583012,"{""city_development_index<=0.624"": 5, ""major_discipline=nan"": -2, ""company_size=nan"": 4, ""last_new_job=never"": -2}",,
v35_scratch,hidden_fine,HR_Analytics,5,10000,208,ok,0.1092,5,0.46474730283649934,,,0.7770435349127808,0.7789764753871953,0.4624536463096525,0.38968018617069683,-1.666955420283358,"{""city_development_index<=0.624"": 5, ""enrolled_university=no_enrollment"": -1, ""major_discipline=nan"": -2, ""company_size=nan"": 4, ""last_new_job=never"": -2}",,
v35_scratch,hidden_fine,HR_Analytics,7,10000,208,ok,0.1337,7,0.45995409497451356,,,0.7870017271400735,0.7850763359105022,0.4598455061876597,0.34515468777973346,-2.045593071306248,"{""city=city_103"": 2, ""city_development_index<=0.624"": 5, ""city_development_index<=0.83"": 2, ""enrolled_university=no_enrollment"": -1, ""major_discipline=nan"": -2, ""company_size=nan"": 4, ""last_new_job=never"": -2}",,
v35_scratch,hidden_fine,HR_Analytics,10,10000,208,ok,0.2023,10,0.45626309861244974,,,0.7915861643751024,0.7917453058097045,0.45662473403194126,0.34478745300993363,-1.8108318649403976,"{""city=city_103"": 2, ""city=city_160"": 2, ""city=city_100"": 3, ""city_development_index<=0.624"": 5, ""city_development_index<=0.83"": 2, ""relevent_experience=Has relevent experience"": -1, ""enrolled_university=no_enrollment"": -1, ""major_discipline=nan"": -3, ""company_size=nan"": 4, ""last_new_job=never"": -2}",,
v35_scratch,hidden_fine,in_vehicle_coupon,3,10000,112,ok,0.0532,3,0.6398995986323498,,,0.6610468290093193,0.6600006913378627,0.6407932044331149,0.5769066010198863,0.4867955148241555,"{""coupon=Restaurant(<20)"": -2, ""coupon=Carry out & Take away"": -2, ""expiration=1d"": -1}",,
v35_scratch,hidden_fine,in_vehicle_coupon,4,10000,112,ok,0.0573,4,0.6312226980148472,,,0.6767009438718441,0.6791295534544393,0.6301484675534975,0.5789684173964547,0.1927197821009626,"{""destination=No Urgent Place"": -1, ""coupon=Restaurant(<20)"": -2, ""coupon=Carry out & Take away"": -2, ""expiration=2h"": 1}",,
v35_scratch,hidden_fine,in_vehicle_coupon,5,10000,112,ok,0.081,5,0.6227798682681225,,,0.6930002938185917,0.6891735186292727,0.6269416439173136,0.23416511377559093,0.2466892432047167,"{""weather=Sunny"": -3, ""coupon=Restaurant(<20)"": -5, ""coupon=Carry out & Take away"": -5, ""expiration=2h"": 3, ""CoffeeHouse=never"": 3}",,
v35_scratch,hidden_fine,in_vehicle_coupon,7,10000,112,ok,0.0972,7,0.6128936920515669,,,0.7124548918349738,0.7089281719526838,0.6162601956007485,0.23133000401426398,0.9820376017966901,"{""destination=No Urgent Place"": -2, ""weather=Sunny"": -3, ""coupon=Restaurant(<20)"": -5, ""coupon=Carry out & Take away"": -5, ""expiration=1d"": -3, ""CoffeeHouse=less1"": 2, ""CoffeeHouse=never"": 4}",,
v35_scratch,hidden_fine,in_vehicle_coupon,10,10000,112,ok,0.1632,10,0.6062711305250843,,,0.7219829624349181,0.717010628993536,0.6104659155730172,0.35154537766883054,0.94834229558302,"{""destination=No Urgent Place"": -2, ""weather=Sunny"": -2, ""coupon=Coffee House"": -1, ""coupon=Restaurant(<20)"": -4, ""coupon=Carry out & Take away"": -4, ""expiration=2h"": 2, ""gender=Male"": -1, ""CoffeeHouse=less1"": 1, ""CoffeeHouse=never"": 2, ""direction_same=1"": -1}",,
v35_scratch,hidden_fine,Is-this-a-good-customer,3,1378,216,ok,0.0139,3,0.311838893953753,,,0.74953963807467,0.6714429361488184,0.3351355227211546,0.3657301857182583,-2.0467211766347466,"{""credit_term<=10"": -3, ""education=Higher education"": -2, ""product_type=Cell phones"": 4}",,
v35_scratch,hidden_fine,Is-this-a-good-customer,4,1378,216,ok,0.0162,4,0.30781285837601097,,,0.7653875647506221,0.6680492709904475,0.342238688508442,0.3393480125336467,-2.8767568770257883,"{""credit_term<=10"": -3, ""product_type=Cell phones"": 5, ""product_type=Jewelry"": 5, ""is_client=1"": 2}",,
v35_scratch,hidden_fine,Is-this-a-good-customer,5,1378,216,ok,0.0222,5,0.3037268066747034,,,0.7758572121629447,0.652714932126697,0.3514020179264943,0.37703734541981193,-4.2369839691859825,"{""credit_term<=10"": -3, ""age<=54"": 4, ""product_type=Cell phones"": 4, ""product_type=Jewelry"": 5, ""is_client=1"": 2}",,
v35_scratch,hidden_fine,Is-this-a-good-customer,7,1378,216,ok,0.0353,7,0.2964307604532604,,,0.7870284876654303,0.6709401709401709,0.346467774801359,0.39219950761259426,-3.655082736876422,"{""credit_term<=10"": -2, ""credit_term<=15"": -2, ""age<=54"": 4, ""education=Higher education"": -2, ""product_type=Cell phones"": 4, ""product_type=Jewelry"": 5, ""is_client=1"": 2}",,
v35_scratch,hidden_fine,Is-this-a-good-customer,10,1378,216,ok,0.0741,10,0.28812575556183534,,,0.8060089620599175,0.6605077928607339,0.35797190920909006,0.3951210733659974,-3.488170710219349,"{""credit_amount<=23000"": -2, ""credit_term<=10"": -2, ""age<=54"": 4, ""sex=male"": -1, ""education=Higher education"": -2, ""education=Incomplete higher education"": -3, ""product_type=Cell phones"": 4, ""product_type=Jewelry"": 5, ""income<=39000"": 2, ""is_client=0"": -2}",,
v35_scratch,hidden_fine,kddcup09_appetency,3,10000,1148,ok,0.4198,3,0.0764818761383098,,,0.8026435152455278,0.7916315908576601,0.07759899389491016,0.4165706552572506,-4.326760156305799,"{""Var126<=-28"": 3, ""Var126<=-12"": 3, ""Var218=cJvF"": -4}",,
v35_scratch,hidden_fine,kddcup09_appetency,4,10000,1148,ok,0.4781,4,0.07573855856199134,,,0.8221531462275699,0.8247748359357321,0.07754813022113018,0.3124868831408605,-4.15109859414899,"{""Var126<=-28"": 4, ""Var126<=-12"": 4, ""Var218=cJvF"": -5, ""Var28<=213.36"": -2}",,
v35_scratch,hidden_fine,kddcup09_appetency,5,10000,1148,ok,0.4574,5,0.07520644762779784,,,0.8228732677616631,0.7881918986195972,0.07854919405322248,0.28665837718226184,-5.177585307891822,"{""Var126<=-28"": 4, ""Var126<=-12"": 5, ""Var218=cJvF"": -5, ""Var212=NhsEn4L"": 2, ""Var119<=590"": 2}",,
v35_scratch,hidden_fine,kddcup09_appetency,7,10000,1148,ok,0.5348,7,0.07434589778330453,,,0.837137565520192,0.8032812853586785,0.07886851446146662,0.5007508130155061,-5.189386750077624,"{""Var126<=-28"": 2, ""Var126<=-12"": 3, ""Var218=cJvF"": -3, ""Var212=NhsEn4L"": 1, ""Var119<=590"": 1, ""Var28<=213.36"": -1, ""Var94<=371355"": 1}",,
v35_scratch,hidden_fine,kddcup09_appetency,10,10000,1148,ok,0.7496,10,0.07347411483922389,,,0.8404753488499791,0.7850237610319076,0.08025123410796593,0.6961199137705751,-4.736203922629445,"{""Var126<=-28"": 2, ""Var126<=-12"": 2, ""Var126<=36"": -1, ""Var218=cJvF"": -2, ""Var212=NhsEn4L"": 1, ""Var119<=590"": 1, ""Var71<=6"": 2, ""Var28<=213.36"": -1, ""Var94<=132201"": -1, ""Var94<=371355"": 1}",,
v35_scratch,hidden_fine,Marketing_Campaign,3,1792,732,ok,0.0403,3,0.34968904789250305,,,0.7450125867256092,0.8082814275081286,0.3196490043414209,0.45926552231329504,1.5529617963781646,"{""Recency<=17"": 3, ""AcceptedCmp3=0"": -4, ""AcceptedCmp5=0"": -5}",,
v35_scratch,hidden_fine,Marketing_Campaign,4,1792,732,ok,0.0729,4,0.33682240525816487,,,0.7848013753300177,0.8172327339679555,0.3151591065672358,0.42241783538194055,-2.2445510052959112,"{""Recency<=20"": 3, ""MntGoldProds<=14"": -3, ""AcceptedCmp3=1"": 4, ""AcceptedCmp5=1"": 5}",,
v35_scratch,hidden_fine,Marketing_Campaign,5,1792,732,ok,0.0841,5,0.32688383941033355,,,0.807451341560754,0.8157832882829945,0.3202663017673748,0.4375591913060006,-2.498456827977787,"{""Marital_Status=Single"": 2, ""Recency<=20"": 3, ""MntGoldProds<=14"": -3, ""AcceptedCmp3=1"": 4, ""AcceptedCmp5=1"": 5}",,
v35_scratch,hidden_fine,Marketing_Campaign,7,1792,732,ok,0.1725,7,0.3078533637770631,,,0.8354098360655738,0.8588945038586595,0.293804204314372,0.3581223989856542,-0.48984403178585373,"{""Marital_Status=Single"": 3, ""Recency<=19"": 4, ""NumCatalogPurchases<=0"": -5, ""NumWebVisitsMonth<=5"": -3, ""AcceptedCmp3=1"": 5, ""AcceptedCmp5=1"": 5, ""AcceptedCmp1=0"": -5}",,
v35_scratch,hidden_fine,Marketing_Campaign,10,1792,732,ok,0.1345,10,0.28704323474864574,,,0.8656400810462332,0.8343126885258746,0.32157136857149776,0.3597761096701006,1.0420823426525168,"{""Education=PhD"": 3, ""Marital_Status=Single"": 3, ""Recency<=16"": 3, ""Recency<=61"": 3, ""MntMeatProducts<=256"": -3, ""MntGoldProds<=14"": -4, ""NumWebVisitsMonth<=5"": -4, ""AcceptedCmp3=1"": 5, ""AcceptedCmp5=0"": -5, ""AcceptedCmp1=0"": -4}",,
v35_scratch,hidden_fine,NATICUSdroid,3,5992,80,ok,0.0161,3,0.268260936032401,,,0.940827081554009,0.9450425344675857,0.25664610928203074,0.7525481919196928,-3.08254164037367,"{""android.permission.READ_PHONE_STATE=1"": 5, ""com.google.android.c2dm.permission.RECEIVE=1"": -5, ""com.android.launcher.permission.INSTALL_SHORTCUT=1"": 3}",,
v35_scratch,hidden_fine,NATICUSdroid,4,5992,80,ok,0.0233,4,0.24087086567525062,,,0.956363390050208,0.9553906326390926,0.24352520212662457,0.9257434375963657,-4.389572472257924,"{""android.permission.READ_PHONE_STATE=1"": 4, ""com.google.android.c2dm.permission.RECEIVE=1"": -4, ""com.android.launcher.permission.INSTALL_SHORTCUT=1"": 3, ""android.permission.READ_EXTERNAL_STORAGE=0"": 2}",,
v35_scratch,hidden_fine,NATICUSdroid,5,5992,80,ok,0.0308,5,0.22709576920195354,,,0.9621806868755894,0.9610315830644373,0.2308385159553744,0.9190351153116305,-2.234532711134564,"{""android.permission.READ_PHONE_STATE=0"": -4, ""com.google.android.c2dm.permission.RECEIVE=1"": -4, ""com.android.launcher.permission.INSTALL_SHORTCUT=1"": 3, ""com.android.vending.BILLING=0"": 2, ""android.permission.READ_EXTERNAL_STORAGE=0"": 2}",,
v35_scratch,hidden_fine,NATICUSdroid,7,5992,80,ok,0.0541,7,0.21246156469560976,,,0.968801456101746,0.9663821257455754,0.2201462700292688,0.961086733482825,-6.254059435969931,"{""android.permission.READ_PHONE_STATE=0"": -4, ""com.google.android.c2dm.permission.RECEIVE=0"": 4, ""com.android.launcher.permission.INSTALL_SHORTCUT=1"": 2, ""com.android.vending.BILLING=0"": 2, ""android.permission.READ_EXTERNAL_STORAGE=0"": 2, ""android.permission.RECEIVE_BOOT_COMPLETED=1"": 1, ""android.permission.BLUETOOTH=1"": -2}",,
v35_scratch,hidden_fine,NATICUSdroid,10,5992,80,ok,0.1168,10,0.19440604665271602,,,0.9735129458121472,0.9718920504546787,0.20143203868510176,0.9392023149779215,-5.871924395321135,"{""android.permission.READ_PHONE_STATE=0"": -4, ""com.google.android.c2dm.permission.RECEIVE=0"": 4, ""com.android.launcher.permission.INSTALL_SHORTCUT=1"": 2, ""com.android.vending.BILLING=0"": 2, ""android.permission.READ_EXTERNAL_STORAGE=0"": 2, ""android.permission.GET_TASKS=0"": -1, ""android.permission.RECEIVE_BOOT_COMPLETED=0"": -1, ""android.permission.ACCESS_COARSE_LOCATION=0"": -1, ""android.permission.REQUEST_INSTALL_PACKAGES=1"": -5, ""android.permission.BLUETOOTH=0"": 2}",,
v35_scratch,hidden_fine,online_shoppers_intention,3,9864,457,ok,0.1979,3,0.25419795504171205,,,0.9030128449169382,0.8829023927003045,0.274914505407797,0.629081674613393,0.6984783628349426,"{""PageValues<=0"": -5, ""PageValues<=21.7407"": -2, ""Month=Nov"": 2}",,
v35_scratch,hidden_fine,online_shoppers_intention,4,9864,457,ok,0.2198,4,0.24839261094898532,,,0.9098997091117834,0.8857689099697522,0.2707134244143898,1.1425844323440635,1.7807352317015401,"{""PageValues<=0"": -3, ""PageValues<=28.9418"": -1, ""Month=Nov"": 1, ""VisitorType=Returning_Visitor"": -1}",,
v35_scratch,hidden_fine,online_shoppers_intention,5,9864,457,ok,0.2242,5,0.24643930110368165,,,0.9128093772074793,0.890311749454834,0.2698934029111671,0.6438386993430766,0.9896018472181335,"{""BounceRates<=0.000323719"": 1, ""PageValues<=0"": -5, ""PageValues<=21.7407"": -2, ""Month=Nov"": 2, ""VisitorType=Returning_Visitor"": -1}",,
v35_scratch,hidden_fine,online_shoppers_intention,7,9864,457,ok,0.2734,7,0.24283480450102995,,,0.9152424183741508,0.8914102461034459,0.2639526951137545,0.6417267553562709,0.6971772375537533,"{""Administrative<=6"": 1, ""BounceRates<=0.0126984"": 1, ""PageValues<=0"": -5, ""PageValues<=9.55063"": -1, ""PageValues<=28.9418"": -1, ""Month=Nov"": 2, ""VisitorType=Returning_Visitor"": -2}",,
v35_scratch,hidden_fine,online_shoppers_intention,10,9864,457,ok,0.4531,10,0.24003502632536078,,,0.9169526009078429,0.8935463164876244,0.26396950793174284,0.631425320322449,-0.31883442790807576,"{""Administrative<=6"": 1, ""ProductRelated_Duration<=4339.53"": -1, ""BounceRates<=0.000323719"": 1, ""ExitRates<=0.0777778"": 2, ""PageValues<=0"": -5, ""PageValues<=9.55063"": -1, ""PageValues<=28.9418"": -1, ""Month=Nov"": 2, ""Month=Oct"": 1, ""VisitorType=Returning_Visitor"": -1}",,
v35_scratch,hidden_fine,polish_companies_bankruptcy,3,4728,3928,ok,0.7848,3,0.15328786394991553,,,0.858995288248337,0.8526496674057651,0.15524279783128833,1.3107506009730672,-4.10452330009971,"{""sales_growth_ratio missing"": 5, ""operating_profit_to_financial_expenses missing"": 2, ""sales_profit_to_total_assets<=-0.029501"": 2}",,
v35_scratch,hidden_fine,polish_companies_bankruptcy,4,4728,3928,ok,0.9021,4,0.14523560409272954,,,0.8888504711751664,0.8955376940133037,0.14368401426825403,1.2775802960989668,-4.769992472584068,"{""sales_growth_ratio missing"": 5, ""operating_profit_to_financial_expenses missing"": 2, ""sales_profit_to_total_assets<=-0.029501"": 2, ""current_assets_minus_inventory_to_short_term_liabilities<=0.85923"": 1}",,
v35_scratch,hidden_fine,polish_companies_bankruptcy,5,4728,3928,ok,1.0935,5,0.13883736873573285,,,0.9014644539911307,0.9027050997782706,0.14280495312099806,1.2102774401376204,-4.982791187271316,"{""sales_growth_ratio missing"": 5, ""sales_growth_ratio<=0.87412"": 1, ""operating_profit_to_financial_expenses missing"": 2, ""sales_profit_to_total_assets<=-0.029501"": 2, ""current_assets_minus_inventory_to_short_term_liabilities<=0.85923"": 1}",,
v35_scratch,hidden_fine,polish_companies_bankruptcy,7,4728,3928,ok,1.116,7,0.1320852703875336,,,0.9128703575388026,0.905410199556541,0.14100550132196468,1.4415884608095932,-5.582224777467396,"{""sales_growth_ratio missing"": 5, ""sales_growth_ratio<=0.87412"": 1, ""operating_profit_to_financial_expenses missing"": 2, ""sales_profit_to_total_assets<=-0.029501"": 2, ""gross_margin<=-0.017018"": -1, ""current_assets_minus_inventory_to_short_term_liabilities<=0.36019"": 1, ""constant_capital_to_total_assets<=0.69154"": 1}",,
v35_scratch,hidden_fine,polish_companies_bankruptcy,10,4728,3928,ok,1.0879,10,0.1248944834592766,,,0.9240753187361419,0.9051552106430155,0.13871745976879085,1.2249938265242488,-5.725048396799238,"{""sales_growth_ratio missing"": 5, ""sales_growth_ratio<=0.87412"": 1, ""operating_profit_to_financial_expenses missing"": 3, ""operating_profit_to_financial_expenses<=-0.91377"": 1, ""sales_profit_to_total_assets<=-0.029501"": 3, ""operating_profit_to_total_assets<=0.007673"": -2, ""gross_profit_plus_depreciation_to_sales<=0.038818"": 1, ""gross_margin<=-0.011885"": -1, ""current_assets_minus_inventory_to_short_term_liabilities<=0.36019"": 1, ""constant_capital_to_total_assets<=0.69154"": 1}",,
v35_scratch,hidden_fine,qsar-biodeg,3,843,1525,ok,0.0458,3,0.43367250101754473,,,0.8555141223008895,0.813128772635815,0.5001180810311222,0.8530811541985261,-2.2157182768611223,"{""Weighted_LeadingEigenvalue_Burden_Matrix<=3.648"": 3, ""Sum_dO_EStates<=0"": -2, ""Freq_CN_At_Dist2<=1"": 2}",,
v35_scratch,hidden_fine,qsar-biodeg,4,843,1525,ok,0.0526,4,0.39277248579729257,,,0.8788612713850186,0.8561871227364185,0.4294908632629002,0.48159387098397927,-3.7224945513375123,"{""Weighted_LeadingEigenvalue_Burden_Matrix<=3.648"": 5, ""Laplace_Leading_Eigenvalue<=5.098"": 4, ""Sum_dO_EStates<=0"": -4, ""Freq_CN_At_Dist2<=1"": 4}",,
v35_scratch,hidden_fine,qsar-biodeg,5,843,1525,ok,0.0751,5,0.3753728504128269,,,0.8848704930837259,0.8659456740442656,0.4077063599061128,0.49098069908507597,-5.392336284054848,"{""Weighted_LeadingEigenvalue_Burden_Matrix<=3.592"": 4, ""Laplace_Leading_Eigenvalue<=4.992"": 4, ""Sum_dO_EStates<=0"": -4, ""Num_Nitrogen_Atoms<=0"": 4, ""Num_Halogen_Atoms<=1"": 5}",,
v35_scratch,hidden_fine,qsar-biodeg,7,843,1525,ok,0.1423,7,0.3468152168241033,,,0.9110805260903525,0.8841046277665996,0.3984714714920621,0.7571708549124444,-8.465118964474843,"{""Weighted_LeadingEigenvalue_Burden_Matrix<=3.592"": 3, ""Laplace_Leading_Eigenvalue<=4.982"": 2, ""Sum_dO_EStates<=0"": -2, ""Sum_dssC_EStates<=-0.855"": 2, ""Num_Nitrogen_Atoms<=0"": 3, ""Num_Halogen_Atoms<=1"": 4, ""Num_Terminal_PrimaryC<=3"": 3}",,
v35_scratch,hidden_fine,qsar-biodeg,10,843,1525,ok,0.1953,10,0.3189038677013837,,,0.9256689510947618,0.8778169014084507,0.4305714026826971,0.562201942099809,-8.177979253565933,"{""Weighted_LeadingEigenvalue_Burden_Matrix<=3.592"": 4, ""Laplace_Leading_Eigenvalue<=4.918"": 2, ""Sum_dO_EStates<=0"": -3, ""Weighted_HyperWiener_Index_Burden_Matrix<=2.555"": 5, ""Sum_dssC_EStates<=-1.283"": -5, ""Sum_dssC_EStates<=-0.855"": 5, ""Num_Nitrogen_Atoms<=0"": 4, ""Num_Halogen_Atoms<=1"": 5, ""Num_Terminal_PrimaryC<=3"": 5, ""Weighted_Balaban_Index_Barysz_Matrix<=2.3699"": -3}",,
v35_scratch,hidden_fine,seismic-bumps,3,2067,479,ok,0.0311,3,0.20594262981549422,,,0.7861459317025619,0.7241809767385214,0.22131318820811172,0.2620079427588176,-0.7549759891528449,"{""genergy<=16840"": -5, ""gpuls<=1133"": -4, ""nbumps<=1"": -5}",,
v35_scratch,hidden_fine,seismic-bumps,4,2067,479,ok,0.035,4,0.20308788304998954,,,0.7982796173881257,0.7138290098648156,0.22636036306418617,0.3497729772549646,-1.1858260586112328,"{""genergy<=16840"": -4, ""gpuls<=1133"": -3, ""gdpuls<=21"": 2, ""nbumps<=1"": -4}",,
v35_scratch,hidden_fine,seismic-bumps,5,2067,479,ok,0.0602,5,0.20092689917604634,,,0.802988012916197,0.7125806844476922,0.2292438298485628,0.2767049885404903,-1.0620037111382676,"{""genergy<=16840"": -5, ""gpuls<=1133"": -4, ""gdpuls<=4"": -3, ""gdpuls<=9"": 5, ""nbumps<=1"": -5}",,
v35_scratch,hidden_fine,seismic-bumps,7,2067,479,ok,0.0704,7,0.19790192537187107,,,0.8109711517957778,0.7057301181342102,0.23031586732010814,0.30140212997134275,-0.8949364134740806,"{""genergy<=18400"": -5, ""gpuls<=1133"": -4, ""gdenergy<=-37"": 2, ""gdpuls<=4"": -4, ""gdpuls<=9"": 5, ""nbumps<=1"": -3, ""nbumps2<=0"": -2}",,
v35_scratch,hidden_fine,seismic-bumps,10,2067,479,ok,0.0997,10,0.19423538863098358,,,0.8256713223870594,0.7066130800146145,0.2337308097627632,0.37195605366261586,-0.8869921352923978,"{""seismic=a"": -1, ""genergy<=18400"": -4, ""gpuls<=1133"": -3, ""gdenergy<=-37"": 2, ""gdenergy<=110"": -5, ""gdenergy<=131"": 5, ""gdpuls<=-1"": -3, ""gdpuls<=9"": 4, ""nbumps<=1"": -3, ""nbumps<=2"": -1}",,
v35_scratch,hidden_fine,taiwanese_bankruptcy,3,5455,3919,ok,1.1877,3,0.09175057644384231,,,0.9065217672079766,0.847021349862259,0.10686378269449594,0.755407522041296,-3.285483094298028,"{""ROA_A_Before_Interest_After_Tax<=0.473288"": 4, ""Debt_Ratio_Percent<=0.161774"": -3, ""DFL<=0.0266054"": 3}",,
v35_scratch,hidden_fine,taiwanese_bankruptcy,4,5455,3919,ok,1.3002,4,0.08762999629484357,,,0.926405978232792,0.8607007575757577,0.10570386220708115,0.45800640113579233,-3.718738119504141,"{""Debt_Ratio_Percent<=0.161774"": -5, ""Retained_Earnings_to_Total_Assets<=0.910048"": 4, ""DFL<=0.0266054"": 3, ""NonIndustry_Income_Expenditure_Revenue<=0.303453"": 4}",,
v35_scratch,hidden_fine,taiwanese_bankruptcy,5,5455,3919,ok,1.375,5,0.08488034362124128,,,0.9344163839570168,0.8667613636363637,0.10131291690016325,0.3825727951660237,-4.103324263151749,"{""Persistent_EPS_Last_4_Seasons<=0.200908"": 3, ""Debt_Ratio_Percent<=0.161774"": -5, ""Retained_Earnings_to_Total_Assets<=0.910048"": 4, ""DFL<=0.0266054"": 4, ""NonIndustry_Income_Expenditure_Revenue<=0.303453"": 4}",,
v35_scratch,hidden_fine,taiwanese_bankruptcy,7,5455,3919,ok,2.132,7,0.0805039987073016,,,0.9458612814066024,0.8956611570247933,0.09770564013627497,0.5509732636477516,-2.8014208461889334,"{""Persistent_EPS_Last_4_Seasons<=0.178973"": 2, ""Persistent_EPS_Last_4_Seasons<=0.20242"": 3, ""Debt_Ratio_Percent<=0.161774"": -3, ""Retained_Earnings_to_Total_Assets<=0.910048"": 3, ""DFL<=0.0266054"": 4, ""DFL<=0.0271899"": -4, ""NonIndustry_Income_Expenditure_Revenue<=0.303453"": 2}",,
v35_scratch,hidden_fine,taiwanese_bankruptcy,10,5455,3919,ok,2.2396,10,0.07709649363232889,,,0.9546514706642099,0.9054321625344353,0.09832227409457399,0.4041938922581643,-6.070336562987696,"{""Persistent_EPS_Last_4_Seasons<=0.178973"": 3, ""Borrowing_Dependency<=0.379112"": -2, ""Net_Worth_to_Assets<=0.838196"": 3, ""ROA_C_Before_Interest_Depreciation<=0.506654"": 5, ""DFL<=0.0266054"": 5, ""DFL<=0.0269432"": -4, ""ROA_B_Before_Interest_Depreciation_After_Tax<=0.495423"": 3, ""Net_Value_Per_Share_B<=0.152332"": 3, ""AfterTax_Net_Interest_Rate<=0.809144"": 2, ""NonIndustry_Income_Expenditure_Revenue<=0.303453"": 3}",,
v35_scratch,hidden_fine,jm1,3,8708,1045,ok,0.3774,3,0.4438459372151034,,,0.7017691341421215,0.6859860187534831,0.4517830119054154,0.21491204858953017,-0.21428592427992355,"{""loc<=5"": -5, ""loc<=32"": -4, ""loc<=68"": -4}",,
v35_scratch,hidden_fine,jm1,4,8708,1045,ok,0.3696,4,0.44124097459986134,,,0.7137039764639372,0.6979091705939324,0.4495215181272461,0.1711863546020291,-0.20380651645789155,"{""loc<=32"": -4, ""loc<=68"": -5, ""l<=0"": 5, ""lOBlank<=1"": -5}",,
v35_scratch,hidden_fine,jm1,5,8708,1045,ok,0.4486,5,0.4394533334222266,,,0.7172806940823095,0.7003886234640377,0.4486995652359559,0.1693247605005774,0.10609545528757161,"{""loc<=32"": -4, ""loc<=68"": -4, ""iv(g)<=9"": -3, ""l<=0"": 5, ""lOBlank<=1"": -5}",,
v35_scratch,hidden_fine,jm1,7,8708,1045,ok,0.5075,7,0.4365767844686039,,,0.7232561431261674,0.6994045525622365,0.4503699492679885,0.1721231802143583,0.5075517472710268,"{""loc<=32"": -4, ""loc<=68"": -5, ""iv(g)<=9"": -3, ""l<=0"": 4, ""lOBlank<=1"": -5, ""uniq_Opnd<=59"": -5, ""total_Opnd<=106"": 4}",,
v35_scratch,hidden_fine,jm1,10,8708,1045,ok,0.5541,10,0.432916042190614,,,0.7335618744853176,0.6995871636574162,0.4517095854847645,0.16810463988070776,0.5297630616980105,"{""loc<=5"": -5, ""loc<=22"": -4, ""loc<=43"": -3, ""loc<=68"": -4, ""iv(g)<=9"": -4, ""d<=10.15"": 3, ""lOBlank<=1"": -5, ""uniq_Opnd<=59"": -5, ""total_Op<=10"": 2, ""total_Opnd<=106"": 4}",,
fasterrisk,hidden_fine,Amazon_employee_access,3,10000,107,ok,2.2007,3,0.21660463043619294,,,0.5844059288412192,0.6058056958781756,0.2143102325993002,0.35194504583813924,-3.005047280652931,"{""ROLE_ROLLUP_2=118052"": 3, ""ROLE_FAMILY=19721"": 2, ""ROLE_FAMILY=292795"": 3}",,
fasterrisk,hidden_fine,Amazon_employee_access,4,10000,107,ok,3.7938,4,0.21516535347102017,,,0.5985755740996073,0.6288117724577202,0.2114003860372587,0.3740931573783132,-3.048561491326786,"{""ROLE_ROLLUP_2=118052"": 3, ""ROLE_FAMILY=19721"": 2, ""ROLE_FAMILY=292795"": 3, ""ROLE_FAMILY=19793"": 4}",,
fasterrisk,hidden_fine,Amazon_employee_access,5,10000,107,ok,7.4294,5,0.21432259633427406,,,0.6061517108271879,0.6378753935134344,0.21003699900643819,0.5462973344309265,-3.00101560899907,"{""RESOURCE=4675"": -5, ""ROLE_ROLLUP_2=118052"": 2, ""ROLE_FAMILY=19721"": 1, ""ROLE_FAMILY=292795"": 2, ""ROLE_FAMILY=19793"": 3}",,
fasterrisk,hidden_fine,Amazon_employee_access,7,10000,107,ok,13.0522,7,0.212834450779987,,,0.6237937368085373,0.6401039607584743,0.21019182596556593,0.5839295677196881,-3.059763152714046,"{""RESOURCE=4675"": -4, ""ROLE_ROLLUP_1=119062"": 2, ""ROLE_ROLLUP_2=118052"": 2, ""ROLE_FAMILY=19721"": 1, ""ROLE_FAMILY=292795"": 2, ""ROLE_FAMILY=19793"": 3, ""ROLE_CODE=118399"": 2}",,
fasterrisk,hidden_fine,Amazon_employee_access,10,10000,107,ok,25.0394,10,0.21095776960192406,,,0.6476312702357703,0.6582751299509482,0.21049530254933288,0.5273405470881866,-3.197430354642984,"{""RESOURCE=4675"": -5, ""ROLE_ROLLUP_1=119062"": 3, ""ROLE_ROLLUP_2=118052"": 2, ""ROLE_TITLE=117905"": -1, ""ROLE_TITLE=118777"": 2, ""ROLE_TITLE=118396"": 3, ""ROLE_FAMILY_DESC=117906"": 1, ""ROLE_FAMILY=19721"": 2, ""ROLE_FAMILY=292795"": 2, ""ROLE_FAMILY=19793"": 3}",,
fasterrisk,hidden_fine,APSFailure,3,10000,3979,ok,13.4414,3,0.04041805664384568,,,0.9467491429121238,0.9577279927585427,0.04719313162882827,0.7297774228707068,0.08680283686851768,"{""bt_000<=360199"": -2, ""ci_000<=1.03731e+07"": -5, ""bj_000<=2.97647e+06"": -2}",,
fasterrisk,hidden_fine,APSFailure,4,10000,3979,ok,18.4769,4,0.03864092958644224,,,0.9697072256460724,0.9777189409368635,0.04643257694774124,0.7153332233427792,0.6330940205367056,"{""bt_000<=586768"": -2, ""ci_000<=1.03731e+07"": -4, ""bj_000<=2.97647e+06"": -2, ""az_001<=10068"": -2}",,
fasterrisk,hidden_fine,APSFailure,5,10000,3979,ok,23.617,5,0.037223946127536586,,,0.9707324113414121,0.9710432224485178,0.042830614497015924,1.6274441495333527,1.6250264378770036,"{""ci_000<=1.03731e+07"": -2, ""bj_000<=5.02951e+06"": -1, ""ee_005<=5.18153e+06"": -1, ""az_005 missing"": -3, ""az_001<=10068"": -1}",,
fasterrisk,hidden_fine,APSFailure,7,10000,3979,ok,36.6301,7,0.0348084452426977,,,0.9770374159018568,0.9817107942973523,0.04258149828817311,1.1282848175131428,2.1932151028539684,"{""bt_000<=102435"": -2, ""ci_000<=1.03731e+07"": -1, ""bj_000<=5.02951e+06"": -1, ""ck_000<=4.89284e+06"": -1, ""ee_005<=5.18153e+06"": -2, ""az_005 missing"": -5, ""az_001<=10068"": -1}",,
fasterrisk,hidden_fine,APSFailure,10,10000,3979,ok,57.1124,10,0.03287062844510851,,,0.986425010929875,0.9790948178320887,0.04485961256599961,1.0001886882419064,1.9418863159710573,"{""ci_000<=1.03731e+07"": -1, ""bj_000<=5.02951e+06"": -2, ""ck_000<=4.89284e+06"": -2, ""cs_004<=387784"": -2, ""ba_001<=7.29769e+06"": 1, ""ba_000<=7.38398e+06"": 1, ""ee_005<=5.18153e+06"": -2, ""az_005 missing"": -5, ""az_001<=10068"": -1, ""cn_003<=1.04591e+06"": -1}",,
fasterrisk,hidden_fine,Bank_Customer_Churn,3,8000,324,ok,1.1037,3,0.39169834970183276,,,0.7929535976731419,0.7873512958258722,0.39554092666195245,0.8306484659215624,2.5221971846718003,"{""age<=41"": -2, ""products_number<=1"": 2, ""products_number<=2"": -5}",,
fasterrisk,hidden_fine,Bank_Customer_Churn,4,8000,324,ok,2.4317,4,0.3774194914600253,,,0.8187578372547699,0.8105509207204123,0.38216205647970924,0.8722412340273915,3.178239884360577,"{""age<=42"": -2, ""products_number<=1"": 2, ""products_number<=2"": -5, ""active_member=1"": -1}",,
fasterrisk,hidden_fine,Bank_Customer_Churn,5,8000,324,ok,3.5589,5,0.36807602820912716,,,0.8304476505090002,0.8268391658222167,0.37043959186050096,0.866187274598379,1.956338097185302,"{""country=Germany"": 1, ""age<=41"": -2, ""products_number<=1"": 2, ""products_number<=2"": -5, ""active_member=0"": 1}",,
fasterrisk,hidden_fine,Bank_Customer_Churn,7,8000,324,ok,6.6266,7,0.3602065012938404,,,0.8381505041846848,0.8358520307672851,0.36260612291903316,0.7953246077924779,1.4689191670461064,"{""country=Germany"": 1, ""age<=38"": -1, ""age<=44"": -2, ""age<=64"": 2, ""products_number<=1"": 2, ""products_number<=2"": -5, ""active_member=1"": -1}",,
fasterrisk,hidden_fine,Bank_Customer_Churn,10,8000,324,ok,13.2867,10,0.35424609490487863,,,0.8473412564648322,0.8439394710581151,0.3560854571381916,0.8406300270871606,0.9777187729109197,"{""country=Germany"": 1, ""gender=Female"": 1, ""age<=34"": -1, ""age<=41"": -1, ""age<=46"": -1, ""age<=67"": 2, ""balance<=177640"": -1, ""products_number<=1"": 2, ""products_number<=2"": -5, ""active_member=0"": 1}",,
fasterrisk,hidden_fine,Bioresponse,3,3000,2777,ok,2.5244,3,0.5444732147899204,,,0.7853363063489343,0.7647384435175133,0.5684376020634457,1.0270868900467196,1.0248638162512098,"{""D27=1"": -2, ""D84<=0.114354"": -1, ""D88<=0.0947"": 1}",,
fasterrisk,hidden_fine,Bioresponse,4,3000,2777,ok,3.4926,4,0.5342407358344495,,,0.7977868910066874,0.7748414376321353,0.561193219286198,0.4912738026301671,0.8970417893532351,"{""D27=1"": -4, ""D14<=0.066"": 3, ""D84<=0.109183"": -2, ""D88<=0.0878"": 2}",,
fasterrisk,hidden_fine,Bioresponse,5,3000,2777,ok,4.3259,5,0.529485136545344,,,0.8049869486644483,0.7809375178561226,0.558665317820623,0.46434164255598387,0.47417389442887226,"{""D27=1"": -4, ""D14<=0.066"": 3, ""D84<=0.109183"": -2, ""D88<=0.0878"": 2, ""D469<=0.0833"": 1}",,
fasterrisk,hidden_fine,Bioresponse,7,3000,2777,ok,6.4473,7,0.5216390367896485,,,0.8152133672893377,0.7937260727958403,0.5510722594449603,0.36035179348236274,1.7829746508415025,"{""D27=1"": -5, ""D15<=0.508217"": -1, ""D54<=0.220518"": -4, ""D14<=0.066"": 3, ""D84<=0.114354"": -3, ""D88<=0.0947"": 3, ""D469<=0.0833"": 2}",,
fasterrisk,hidden_fine,Bioresponse,10,3000,2777,ok,10.2374,10,0.5120554384770438,,,0.8240672805188841,0.796122364436318,0.5505322958670936,0.34644225139723667,2.3647917665177305,"{""D27=1"": -5, ""D15<=0.508217"": -2, ""D64<=0.00507"": -1, ""D54<=0.220518"": -5, ""D14<=0.066"": 3, ""D67<=0.0782"": -2, ""D84<=0.109183"": -2, ""D5<=0.225141"": -2, ""D88<=0.0947"": 3, ""D469<=0.0833"": 3}",,
fasterrisk,hidden_fine,blood-transfusion,3,598,99,ok,0.3581,3,0.4723586025598607,,,0.7413284531751915,0.7285575048732944,0.48595911994826385,0.3331580489347165,-2.002133351562857,"{""MonthsSinceLastDonation<=5"": 4, ""TotalBloodDonated<=1000"": -4, ""MonthsSinceFirstDonation<=43"": 3}",,
fasterrisk,hidden_fine,blood-transfusion,4,598,99,ok,0.6017,4,0.45763877467462577,,,0.7496679639238943,0.7010233918128655,0.5173837068357208,0.6404242056657126,0.13849595635208226,"{""MonthsSinceLastDonation<=5"": 2, ""TotalBloodDonated<=1000"": -2, ""TotalBloodDonated<=4000"": -4, ""MonthsSinceFirstDonation<=53"": 2}",,
fasterrisk,hidden_fine,blood-transfusion,5,598,99,ok,0.962,5,0.4539686541195506,,,0.7574978379046208,0.6985867446393763,0.523090933213237,0.6026299726888892,0.06959480370231369,"{""MonthsSinceLastDonation<=5"": 2, ""NumberOfDonations<=16"": -3, ""TotalBloodDonated<=1000"": -2, ""TotalBloodDonated<=3000"": -2, ""MonthsSinceFirstDonation<=53"": 3}",,
fasterrisk,hidden_fine,blood-transfusion,7,598,99,ok,1.9929,7,0.4461542359212335,,,0.768285149493452,0.684088693957115,0.5343867328350045,0.4200590348989838,-0.11747725607683808,"{""MonthsSinceLastDonation<=5"": 3, ""NumberOfDonations<=16"": -4, ""TotalBloodDonated<=1000"": -3, ""TotalBloodDonated<=3000"": -3, ""MonthsSinceFirstDonation<=2"": -3, ""MonthsSinceFirstDonation<=43"": 2, ""MonthsSinceFirstDonation<=53"": 3}",,
fasterrisk,hidden_fine,blood-transfusion,10,598,99,ok,4.2914,10,0.4383330370111679,,,0.7775512725475661,0.636817738791423,0.6072184117165296,0.552136562706111,-0.48660681561329366,"{""MonthsSinceLastDonation<=5"": 2, ""NumberOfDonations<=4"": -2, ""NumberOfDonations<=6"": -1, ""NumberOfDonations<=12"": -2, ""TotalBloodDonated<=4000"": -5, ""MonthsSinceFirstDonation<=2"": -2, ""MonthsSinceFirstDonation<=43"": 2, ""MonthsSinceFirstDonation<=53"": 3, ""MonthsSinceFirstDonation<=64"": -2, ""MonthsSinceFirstDonation<=83"": 4}",,
fasterrisk,hidden_fine,churn,3,4000,1131,ok,1.8831,3,0.30482152763757453,,,0.8165371333433489,0.8115778696983957,0.3046053028676807,0.6063988442652399,4.361954735004701,"{""international_plan=0"": -4, ""total_day_charge<=43.03"": -4, ""number_customer_service_calls<=3"": -4}",,
fasterrisk,hidden_fine,churn,4,4000,1131,ok,2.7283,4,0.2967901369276622,,,0.8425964322684606,0.8433235082852402,0.29116826546464686,0.5282837043034879,3.6279255121383285,"{""international_plan=0"": -4, ""voice_mail_plan=0"": 2, ""total_day_minutes<=253.1"": -5, ""number_customer_service_calls<=3"": -5}",,
fasterrisk,hidden_fine,churn,5,4000,1131,ok,3.8259,5,0.290748514571229,,,0.8626749548785683,0.8466343018023597,0.2970688028589212,0.5784861253238752,4.579067639519726,"{""international_plan=0"": -4, ""voice_mail_plan=0"": 2, ""total_day_charge<=43.03"": -4, ""total_eve_charge<=21.35"": -2, ""number_customer_service_calls<=3"": -5}",,
fasterrisk,hidden_fine,churn,7,4000,1131,ok,6.3768,7,0.280094071551584,,,0.8705354478495033,0.8656115060395148,0.2772877472159422,0.5579708957618529,7.940477653976602,"{""international_plan=0"": -4, ""voice_mail_plan=1"": -2, ""total_day_charge<=41.77"": -4, ""total_day_charge<=49.15"": -3, ""total_eve_minutes<=251.2"": -2, ""total_intl_charge<=3.56"": -2, ""number_customer_service_calls<=3"": -5}",,
fasterrisk,hidden_fine,churn,10,4000,1131,ok,11.0758,10,0.27081350980600905,,,0.8831228867014741,0.8762456757403876,0.26810539666559335,0.5968140389523339,8.55443094441577,"{""international_plan=0"": -4, ""voice_mail_plan=1"": -2, ""total_day_charge<=37.72"": -1, ""total_day_charge<=42.43"": -3, ""total_day_charge<=49.15"": -3, ""total_eve_minutes<=251.2"": -2, ""total_night_charge<=7.46"": -1, ""total_intl_calls<=2"": 1, ""total_intl_charge<=3.56"": -2, ""number_customer_service_calls<=3"": -5}",,
fasterrisk,hidden_fine,coil2000_insurance_policies,3,7857,246,ok,2.1,3,0.20524120713763552,,,0.7263726806450383,0.7403846153846154,0.20397821492435045,0.4204045932352338,-1.1498258027904675,"{""contributionCarPolicies<=5"": -3, ""purchasingPowerClass<=6"": -2, ""contributionFirePolicies<=2"": -2}",,
fasterrisk,hidden_fine,coil2000_insurance_policies,4,7857,246,ok,3.4157,4,0.20362359027589094,,,0.7335821184125009,0.7449541199541199,0.20326845762912807,0.4175420853239372,0.9013807517551972,"{""contributionCarPolicies<=5"": -3, ""purchasingPowerClass<=6"": -2, ""contributionFirePolicies<=2"": -2, ""numberOfBoatPolicies<=0"": -5}",,
fasterrisk,hidden_fine,coil2000_insurance_policies,5,7857,246,ok,5.3585,5,0.20230747733931057,,,0.7421035436938594,0.7499884374884376,0.20262420124749406,0.6497997209838783,0.7911735809611095,"{""contributionCarPolicies<=5"": -2, ""purchasingPowerClass<=6"": -1, ""contributionFirePolicies<=2"": -1, ""averageIncome<=3"": -1, ""numberOfBoatPolicies<=0"": -3}",,
fasterrisk,hidden_fine,coil2000_insurance_policies,7,7857,246,ok,10.7785,7,0.20007676526347962,,,0.7560573361054577,0.7605218855218856,0.20104364005190312,0.4406803566502783,0.6110858834253908,"{""contributionCarPolicies<=5"": -3, ""purchasingPowerClass<=6"": -1, ""contributionFirePolicies<=2"": -2, ""numberOfThirdPartyInsuranceAgriculture=1"": -5, ""farmer<=0"": 1, ""averageIncome<=3"": -1, ""numberOfBoatPolicies<=0"": -5}",,
fasterrisk,hidden_fine,coil2000_insurance_policies,10,7857,246,ok,20.3741,10,0.198075990492317,,,0.7640612968878248,0.7586117586117587,0.20199127981569423,0.4120052753951374,0.3525760091012164,"{""contributionCarPolicies<=5"": -3, ""purchasingPowerClass<=6"": -1, ""customerMainType=Living well"": -2, ""contributionFirePolicies<=2"": -2, ""lowerLevelEducation<=2"": 1, ""numberOfThirdPartyInsuranceAgriculture=1"": -5, ""farmer<=0"": 1, ""averageIncome<=3"": -1, ""numberOfBoatPolicies<=0"": -5, ""protestant<=1"": -2}",,
fasterrisk,hidden_fine,credit-g,3,800,226,ok,0.3613,3,0.535546878703165,,,0.7185863095238095,0.7360714285714287,0.5290164243948341,0.33264669706598515,1.033160613495658,"{""checking_status=no checking account"": -5, ""duration_months<=11"": -3, ""credit_amount<=8947"": -4}",,
fasterrisk,hidden_fine,credit-g,4,800,226,ok,0.6314,4,0.5253631839566748,,,0.7451004464285715,0.7661309523809523,0.5096589749009146,0.38145687958877594,-0.39789080418586165,"{""checking_status=no checking account"": -4, ""duration_months<=15"": -2, ""credit_history=critical account / other credits existing"": -2, ""savings_status=< 100 DM"": 2}",,
fasterrisk,hidden_fine,credit-g,5,800,226,ok,0.6985,5,0.5167323369709708,,,0.756781994047619,0.7638690476190476,0.5180535068443953,0.3969400941469995,-0.31031228045735504,"{""checking_status=no checking account"": -4, ""duration_months<=15"": -2, ""credit_history=critical account / other credits existing"": -2, ""savings_status=< 100 DM"": 2, ""other_debtors=guarantor"": -4}",,
fasterrisk,hidden_fine,credit-g,7,800,226,ok,1.4188,7,0.5032726238168289,,,0.7720610119047618,0.7480952380952381,0.5359240963550003,0.2896639596216017,0.8709021913408045,"{""checking_status=no checking account"": -5, ""duration_months<=11"": -3, ""credit_history=critical account / other credits existing"": -3, ""credit_purpose=car (used)"": -4, ""credit_amount<=8947"": -5, ""savings_status=< 100 DM"": 3, ""other_debtors=guarantor"": -5}",,
fasterrisk,hidden_fine,credit-g,10,800,226,ok,2.6052,10,0.48853918524135653,,,0.7943675595238096,0.768452380952381,0.512774347295793,0.2916621787536825,0.2408602294851042,"{""checking_status=no checking account"": -5, ""duration_months<=15"": -3, ""credit_history=critical account / other credits existing"": -3, ""credit_purpose=car (new)"": 3, ""credit_purpose=education"": 4, ""credit_amount<=9436"": -4, ""savings_status=< 100 DM"": 3, ""employment_since=4 <= ... < 7 years"": -3, ""other_debtors=guarantor"": -4, ""age_years<=34"": 2}",,
fasterrisk,hidden_fine,credit_card_clients_default,3,10000,1080,ok,3.9589,3,0.44698489442050465,,,0.7220046187810615,0.719294115024645,0.44548136592890225,0.3833593768120114,1.1572807711384439,"{""PAY_0<=0"": -3, ""PAY_0<=1"": -3, ""PAY_3<=0"": -2}",,
fasterrisk,hidden_fine,credit_card_clients_default,4,10000,1080,ok,5.3907,4,0.4432002467066177,,,0.748028856468569,0.7522812951905422,0.4394195881723393,0.44876275647048625,0.9536283353728224,"{""PAY_0<=0"": -2, ""PAY_0<=1"": -3, ""PAY_3<=0"": -2, ""PAY_AMT1<=3470"": 1}",,
fasterrisk,hidden_fine,credit_card_clients_default,5,10000,1080,ok,7.3021,5,0.4413685140898554,,,0.7497734087588732,0.7534924133293581,0.4392393217342886,0.2808157388595552,1.0903473417779117,"{""PAY_0<=0"": -3, ""PAY_0<=1"": -5, ""PAY_3<=0"": -2, ""PAY_6<=0"": -2, ""PAY_AMT1<=3700"": 2}",,
fasterrisk,hidden_fine,credit_card_clients_default,7,10000,1080,ok,11.4259,7,0.4386206436615146,,,0.7627908390150935,0.7654981791433197,0.43638540470427994,0.30550929971104407,0.9338898339982286,"{""PAY_0<=0"": -3, ""PAY_0<=1"": -4, ""PAY_3<=0"": -2, ""PAY_6<=0"": -2, ""PAY_AMT1<=3470"": 1, ""PAY_AMT2<=5000"": 1, ""PAY_AMT4<=0"": 1}",,
fasterrisk,hidden_fine,credit_card_clients_default,10,10000,1080,ok,18.9897,10,0.4349639995638467,,,0.7708021904613302,0.7703770162470012,0.43328933782124457,0.27273405780306975,1.3549203391610862,"{""LIMIT_BAL<=160000"": 2, ""AGE<=35"": -1, ""PAY_0<=0"": -3, ""PAY_0<=1"": -5, ""PAY_3<=0"": -2, ""PAY_6<=0"": -2, ""BILL_AMT1<=8229"": 1, ""BILL_AMT1<=141697"": -3, ""PAY_AMT2<=5000"": 2, ""PAY_AMT4<=0"": 1}",,
fasterrisk,hidden_fine,customer_satisfaction_in_airline,3,10000,311,ok,1.0031,3,0.4281015839681115,,,0.8639011340477325,0.8625701935197239,0.4299196115238181,1.043706870853111,1.433346609969101,"{""Seatcomfort=5"": -5, ""Inflightentertainment=4"": -2, ""Inflightentertainment=5"": -4}",,
fasterrisk,hidden_fine,customer_satisfaction_in_airline,4,10000,311,ok,1.6512,4,0.3908874365334163,,,0.8879782964695033,0.8874504706259171,0.3931676046176184,0.9314025520702304,1.8570345425263683,"{""Seatcomfort=5"": -5, ""Seatcomfort=0"": -5, ""Inflightentertainment=4"": -3, ""Inflightentertainment=5"": -4}",,
fasterrisk,hidden_fine,customer_satisfaction_in_airline,5,10000,311,ok,3.555,5,0.3641123008921705,,,0.9116419426038584,0.910200080590168,0.3667300248776335,1.2849773736234704,2.3909698236609445,"{""Class=Business"": -1, ""Seatcomfort=5"": -4, ""Seatcomfort=0"": -4, ""Inflightentertainment=4"": -2, ""Inflightentertainment=5"": -3}",,
fasterrisk,hidden_fine,customer_satisfaction_in_airline,7,10000,311,ok,5.4875,7,0.32404958475150997,,,0.9322404017804168,0.9311764485566095,0.3271972668470117,1.092187544002878,3.316659327689042,"{""Class=Business"": -1, ""Seatcomfort=5"": -5, ""Seatcomfort=0"": -5, ""Inflightentertainment=4"": -2, ""Inflightentertainment=5"": -3, ""EaseofOnlinebooking=4"": -2, ""EaseofOnlinebooking=5"": -2}",,
fasterrisk,hidden_fine,customer_satisfaction_in_airline,10,10000,311,ok,14.2895,10,0.29239173515663275,,,0.9446713391114483,0.9446888625421032,0.2937353915414586,1.077459149979481,5.33154593821378,"{""CustomerType=Loyal Customer"": -2, ""TypeofTravel=Business travel"": -1, ""Seatcomfort=5"": -5, ""Seatcomfort=0"": -5, ""DepartureArrivaltimeconvenient=5"": 1, ""Inflightentertainment=4"": -2, ""Inflightentertainment=5"": -3, ""EaseofOnlinebooking=4"": -2, ""EaseofOnlinebooking=5"": -2, ""Cleanliness=5"": -1}",,
fasterrisk,hidden_fine,Diabetes130US,3,10000,294,ok,2.0075,3,0.2893196262489548,,,0.6044434061004784,0.6031329744816587,0.28791051773465853,0.4191722578845394,-0.9526030743897084,"{""discharge_disposition_id=Discharged to home"": -1, ""discharge_disposition_id=Discharged/transferred to another rehab fac including rehab units of a hospital ."": 3, ""number_inpatient<=1"": -3}",,
fasterrisk,hidden_fine,Diabetes130US,4,10000,294,ok,5.0746,4,0.2884666024359271,,,0.6157905327950557,0.6062250797448165,0.28859892594467673,0.5291411556088552,-1.000326917154835,"{""discharge_disposition_id=Discharged to home"": -1, ""discharge_disposition_id=Discharged/transferred to another rehab fac including rehab units of a hospital ."": 2, ""number_inpatient<=1"": -2, ""age=[50-60)"": -1}",,
fasterrisk,hidden_fine,Diabetes130US,5,10000,294,ok,6.7918,5,0.2874638451731623,,,0.618393764952153,0.6090051834130782,0.28807181984281127,0.7638852779097665,-0.45119076683189696,"{""discharge_disposition_id=Discharged to home"": -1, ""discharge_disposition_id=Discharged/transferred to another rehab fac including rehab units of a hospital ."": 1, ""discharge_disposition_id=Expired"": -5, ""number_inpatient<=1"": -1, ""number_emergency<=1"": -1}",,
fasterrisk,hidden_fine,Diabetes130US,7,10000,294,ok,8.7299,6,0.2871304824793936,,,0.6212211548046251,0.6132246810207337,0.2874907493167066,0.7623319925230773,-0.44717412734924694,"{""discharge_disposition_id=Discharged to home"": -1, ""discharge_disposition_id=Discharged/transferred to another rehab fac including rehab units of a hospital ."": 1, ""discharge_disposition_id=Expired"": -5, ""number_inpatient<=1"": -1, ""number_emergency<=1"": -1, ""number_diagnoses<=2"": -1}",,
fasterrisk,hidden_fine,Diabetes130US,10,10000,294,ok,15.3371,7,0.286480910486691,,,0.622884581838118,0.6090809409888358,0.28788398470454585,0.7284949922265883,-0.5734950469959255,"{""diag_1=434"": 1, ""diag_1=584"": 1, ""discharge_disposition_id=Discharged to home"": -1, ""discharge_disposition_id=Discharged/transferred to another rehab fac including rehab units of a hospital ."": 1, ""discharge_disposition_id=Expired"": -5, ""number_inpatient<=1"": -1, ""number_emergency<=1"": -1}",,
fasterrisk,hidden_fine,E-CommereShippingData,3,8799,261,ok,2.1025,3,0.5076527275772206,,,0.7202857142857143,0.7208682406702208,0.5070763730726677,12.446879726778981,-37.15136195888996,"{""Discount_offered<=10"": 3, ""Weight_in_gms<=2064"": 2, ""Weight_in_gms<=3914"": -2}",,
fasterrisk,hidden_fine,E-CommereShippingData,4,8799,261,ok,3.9503,3,0.5076527275771855,,,0.7202857142857143,0.7208682406702208,0.507076373072632,8.327715800642624,-33.12158598112322,"{""Discount_offered<=10"": 4, ""Weight_in_gms<=2064"": 3, ""Weight_in_gms<=3914"": -3}",,
fasterrisk,hidden_fine,E-CommereShippingData,5,8799,261,ok,6.7394,3,0.5076527275772206,,,0.7202857142857143,0.7208682406702208,0.5070763730726677,12.446879726778981,-37.15136195888996,"{""Discount_offered<=10"": 3, ""Weight_in_gms<=2064"": 2, ""Weight_in_gms<=3914"": -2}",,
fasterrisk,hidden_fine,E-CommereShippingData,7,8799,261,ok,11.1022,3,0.5076527275772206,,,0.7202857142857143,0.7208682406702208,0.5070763730726677,12.446879726778981,-37.15136195888996,"{""Discount_offered<=10"": 3, ""Weight_in_gms<=2064"": 2, ""Weight_in_gms<=3914"": -2}",,
fasterrisk,hidden_fine,E-CommereShippingData,10,8799,261,ok,19.6905,6,0.5083593737611101,,,0.7431988353526815,0.731165064299336,0.5152064086102903,0.8030100579352708,-3.901814104579579,"{""Prior_purchases<=3"": -1, ""Prior_purchases<=5"": 1, ""Discount_offered<=10"": 5, ""Weight_in_gms<=2064"": 3, ""Weight_in_gms<=3914"": -2, ""Weight_in_gms<=4010"": -2}",,
fasterrisk,hidden_fine,Fitness_Club,3,1200,164,ok,0.5437,3,0.46668391381993773,,,0.8066392171964019,0.781061044218939,0.49815249153265273,0.4704776934811423,0.8806204081572504,"{""months_as_member<=6"": -4, ""months_as_member<=11"": -3, ""months_as_member<=21"": -3}",,
fasterrisk,hidden_fine,Fitness_Club,4,1200,164,ok,0.9759,4,0.4581516762924945,,,0.8142618758454535,0.7947841632052159,0.4894866311768374,0.3844592418075662,2.368223154286739,"{""months_as_member<=6"": -5, ""months_as_member<=11"": -3, ""months_as_member<=19"": -3, ""months_as_member<=38"": -5}",,
fasterrisk,hidden_fine,Fitness_Club,5,1200,164,ok,1.4408,5,0.4551554261151163,,,0.8212410846819449,0.809401125190599,0.4858417612767206,0.48863148276597906,2.5626019036426317,"{""months_as_member<=6"": -4, ""months_as_member<=11"": -2, ""months_as_member<=15"": -1, ""months_as_member<=21"": -2, ""months_as_member<=38"": -4}",,
fasterrisk,hidden_fine,Fitness_Club,7,1200,164,ok,2.551,7,0.4515411391130035,,,0.8281034522481249,0.8120563646879436,0.4845415006725119,0.35826914292799983,2.4864864104777555,"{""months_as_member<=6"": -5, ""months_as_member<=11"": -3, ""months_as_member<=15"": -2, ""months_as_member<=21"": -2, ""months_as_member<=38"": -5, ""days_before<=13"": -1, ""category=HIIT"": 1}",,
fasterrisk,hidden_fine,Fitness_Club,10,1200,164,ok,5.6195,10,0.446891615871463,,,0.832025040236184,0.7947315842052683,0.498765993836849,0.38722656790121107,2.639262987149961,"{""months_as_member<=6"": -5, ""months_as_member<=11"": -3, ""months_as_member<=15"": -2, ""months_as_member<=22"": -2, ""months_as_member<=38"": -4, ""weight<=84.17"": -2, ""weight<=87.37"": 3, ""weight<=92.08"": -2, ""day_of_week=Mon"": -1, ""day_of_week=Wed"": -2}",,
fasterrisk,hidden_fine,GiveMeSomeCredit,3,10000,385,ok,2.6529,3,0.19133445809338429,,,0.8235118516977098,0.8099668643852458,0.19197252930212544,0.4541172614471665,0.4559931713877151,"{""RevolvingUtilizationOfUnsecuredLines<=0.313411"": -3, ""NumberOfTime30-59DaysPastDueNotWorse<=0"": -3, ""NumberOfTimes90DaysLate<=0"": -4}",,
fasterrisk,hidden_fine,GiveMeSomeCredit,4,10000,385,ok,4.7925,4,0.18876620578485032,,,0.8346001458724706,0.8164271542641248,0.18948999105146863,0.3432170803704401,1.0656263158079666,"{""RevolvingUtilizationOfUnsecuredLines<=0.313411"": -4, ""NumberOfTime30-59DaysPastDueNotWorse<=0"": -3, ""NumberOfTimes90DaysLate<=0"": -5, ""NumberOfTime60-89DaysPastDueNotWorse<=0"": -3}",,
fasterrisk,hidden_fine,GiveMeSomeCredit,5,10000,385,ok,6.9646,5,0.18684199750420785,,,0.8448346071143027,0.8264217386059429,0.1894901002089672,0.3493862928232952,0.2862841443730776,"{""RevolvingUtilizationOfUnsecuredLines<=0.313411"": -4, ""age<=57"": 2, ""NumberOfTime30-59DaysPastDueNotWorse<=0"": -3, ""NumberOfTimes90DaysLate<=0"": -5, ""NumberOfTime60-89DaysPastDueNotWorse<=0"": -2}",,
fasterrisk,hidden_fine,GiveMeSomeCredit,7,10000,385,ok,13.1336,7,0.1848384913888482,,,0.850639309410953,0.8282864190179435,0.1875201319207793,0.324179527288564,2.5757738649367736,"{""RevolvingUtilizationOfUnsecuredLines<=0.313411"": -4, ""RevolvingUtilizationOfUnsecuredLines<=1.00708"": -3, ""age<=57"": 2, ""NumberOfTime30-59DaysPastDueNotWorse<=0"": -3, ""NumberOfTimes90DaysLate<=0"": -5, ""NumberRealEstateLoansOrLines<=4"": -4, ""NumberOfTime60-89DaysPastDueNotWorse<=0"": -3}",,
fasterrisk,hidden_fine,GiveMeSomeCredit,10,10000,385,ok,24.318,10,0.1825768642396007,,,0.8561551021964331,0.8382283867755275,0.18639180554923898,0.3921619648706153,3.0848110440262606,"{""RevolvingUtilizationOfUnsecuredLines<=0.313411"": -3, ""RevolvingUtilizationOfUnsecuredLines<=1.00708"": -2, ""age<=57"": 2, ""NumberOfTime30-59DaysPastDueNotWorse<=0"": -2, ""NumberOfTime30-59DaysPastDueNotWorse<=1"": -2, ""MonthlyIncome<=5348"": 1, ""NumberOfTimes90DaysLate<=0"": -3, ""NumberOfTimes90DaysLate<=1"": -2, ""NumberRealEstateLoansOrLines<=4"": -4, ""NumberOfTime60-89DaysPastDueNotWorse<=0"": -2}",,
fasterrisk,hidden_fine,hazelnut-contaminant,3,1920,2970,ok,1.8003,3,0.46061515402782743,,,0.8408040364583333,0.8299131944444444,0.47111867588191564,0.5056146550237353,0.8873408320107181,"{""s52<=-0.000857"": 5, ""s53<=0.001785"": -4, ""s53<=0.002461"": -4}",,
fasterrisk,hidden_fine,hazelnut-contaminant,4,1920,2970,ok,2.5039,4,0.44182210850232273,,,0.8660232204861111,0.8451822916666667,0.46785290456495593,0.4863127956372019,0.4035667066060683,"{""s52<=-0.000857"": 3, ""s52<=-0.000747"": 3, ""s53<=0.001822"": -4, ""s53<=0.002461"": -4}",,
fasterrisk,hidden_fine,hazelnut-contaminant,5,1920,2970,ok,3.282,5,0.4196585235505555,,,0.88474609375,0.8754774305555555,0.43424997216557437,0.4581945326421462,-0.49176672230611845,"{""s46<=0.00235"": -3, ""s52<=-0.000893"": 5, ""s52<=-0.000599"": 4, ""s53<=0.002365"": -4, ""s61<=-0.001063"": 3}",,
fasterrisk,hidden_fine,hazelnut-contaminant,7,1920,2970,ok,5.0384,7,0.3921156116813786,,,0.9025282118055555,0.8795399305555556,0.43769530304948046,0.49693984551950426,0.5096345379356835,"{""s23<=0.001318"": -3, ""s43<=0.000114"": 3, ""s46<=0.00235"": -4, ""s52<=-0.000893"": 5, ""s52<=-0.000599"": 4, ""s53<=0.002365"": -3, ""s61<=-0.001058"": 3}",,
fasterrisk,hidden_fine,hazelnut-contaminant,10,1920,2970,ok,11.5578,10,0.3559231836241066,,,0.9181412760416666,0.8931597222222222,0.4023000691164922,1.0236815745585781,5.13477339332927,"{""s23<=0.001401"": -2, ""s41<=0.000401"": -2, ""s43<=0.000114"": 2, ""s46<=0.00235"": -2, ""s52<=-0.000893"": 2, ""s52<=-0.000599"": 2, ""s53<=0.002365"": -1, ""s61<=-0.001131"": 1, ""s61<=-0.000807"": 2, ""s63<=0.00199"": -4}",,
fasterrisk,hidden_fine,HR_Analytics,3,10000,208,ok,1.7095,3,0.4697631968903641,,,0.7676549484817384,0.7713215053220921,0.4652080304355107,0.48593954320923854,-1.9707074933652684,"{""city_development_index<=0.624"": 4, ""major_discipline=nan"": -2, ""company_size=nan"": 3}",,
fasterrisk,hidden_fine,HR_Analytics,4,10000,208,ok,2.4886,4,0.46773122833545294,,,0.7733872778815173,0.776021467951574,0.46389280156960067,0.342760789218721,-2.048377880003684,"{""city_development_index<=0.624"": 4, ""city_development_index<=0.775"": 2, ""major_discipline=nan"": -3, ""company_size=nan"": 4}",,
fasterrisk,hidden_fine,HR_Analytics,5,10000,208,ok,3.6309,5,0.46474730283649934,,,0.7770435349127808,0.7789764753871953,0.4624536463096525,0.38968018617069683,-1.666955420283358,"{""city_development_index<=0.624"": 5, ""enrolled_university=no_enrollment"": -1, ""major_discipline=nan"": -2, ""company_size=nan"": 4, ""last_new_job=never"": -2}",,
fasterrisk,hidden_fine,HR_Analytics,7,10000,208,ok,6.6918,7,0.45995409497451356,,,0.7870017271400735,0.7850763359105022,0.4598455061876597,0.34515468777973346,-2.045593071306248,"{""city=city_103"": 2, ""city_development_index<=0.624"": 5, ""city_development_index<=0.83"": 2, ""enrolled_university=no_enrollment"": -1, ""major_discipline=nan"": -2, ""company_size=nan"": 4, ""last_new_job=never"": -2}",,
fasterrisk,hidden_fine,HR_Analytics,10,10000,208,ok,12.6815,10,0.45649151358552315,,,0.7913673338260693,0.7909440203322983,0.45671316794862504,0.3419575920824553,-2.0852825954907104,"{""city=city_103"": 2, ""city=city_160"": 2, ""city_development_index<=0.624"": 5, ""city_development_index<=0.83"": 2, ""relevent_experience=Has relevent experience"": -1, ""enrolled_university=no_enrollment"": -1, ""major_discipline=nan"": -3, ""company_size=nan"": 4, ""last_new_job=never"": -2, ""training_hours<=121"": 1}",,
fasterrisk,hidden_fine,in_vehicle_coupon,3,10000,112,ok,1.6212,3,0.6404336030738231,,,0.6610468290093193,0.6600006913378627,0.6412471490972353,0.2372176389367829,0.4419435777107362,"{""coupon=Restaurant(<20)"": -5, ""coupon=Carry out & Take away"": -5, ""expiration=1d"": -2}",,
fasterrisk,hidden_fine,in_vehicle_coupon,4,10000,112,ok,2.3867,4,0.6317075544606207,,,0.6789074367083447,0.6760547304793254,0.6346322978387184,0.3694649481444891,0.40223802016973076,"{""weather=Sunny"": -2, ""coupon=Restaurant(<20)"": -3, ""coupon=Carry out & Take away"": -3, ""expiration=2h"": 2}",,
fasterrisk,hidden_fine,in_vehicle_coupon,5,10000,112,ok,3.2194,5,0.6229099127946892,,,0.6917016303181655,0.6877833425403014,0.6265829621385338,0.31415656290919364,0.27027351007586353,"{""weather=Sunny"": -2, ""coupon=Restaurant(<20)"": -4, ""coupon=Carry out & Take away"": -4, ""expiration=2h"": 2, ""CoffeeHouse=never"": 2}",,
fasterrisk,hidden_fine,in_vehicle_coupon,7,10000,112,ok,5.8935,7,0.6134092914304612,,,0.7124652659791986,0.7113860084956292,0.614842723554347,0.27591660040934574,0.3086811239604448,"{""destination=No Urgent Place"": -2, ""weather=Sunny"": -2, ""coupon=Restaurant(<20)"": -4, ""coupon=Carry out & Take away"": -5, ""expiration=2h"": 2, ""CoffeeHouse=less1"": 2, ""CoffeeHouse=never"": 3}",,
fasterrisk,hidden_fine,in_vehicle_coupon,10,10000,112,ok,9.967,10,0.6058440754366209,,,0.7233237339549288,0.7208664680918228,0.6085133962249066,0.212820889085233,0.3755275017779874,"{""destination=No Urgent Place"": -3, ""weather=Sunny"": -3, ""coupon=Restaurant(<20)"": -5, ""coupon=Carry out & Take away"": -5, ""coupon=Bar"": 2, ""expiration=2h"": 4, ""gender=Male"": -1, ""CoffeeHouse=less1"": 2, ""CoffeeHouse=never"": 4, ""direction_same=1"": -2}",,
fasterrisk,hidden_fine,Is-this-a-good-customer,3,1378,216,ok,0.5219,3,0.311838893953753,,,0.74953963807467,0.6714429361488184,0.3351355227211546,0.3657301857182583,-2.0467211766347466,"{""credit_term<=10"": -3, ""education=Higher education"": -2, ""product_type=Cell phones"": 4}",,
fasterrisk,hidden_fine,Is-this-a-good-customer,4,1378,216,ok,0.8452,4,0.30798353014294466,,,0.764472057465688,0.6667923579688285,0.34245394457461087,0.5511762010869359,-2.75689009131416,"{""credit_term<=10"": -2, ""product_type=Cell phones"": 3, ""product_type=Jewelry"": 4, ""is_client=1"": 1}",,
fasterrisk,hidden_fine,Is-this-a-good-customer,5,1378,216,ok,1.4296,5,0.3037268066747034,,,0.7758572121629447,0.652714932126697,0.3514020179264943,0.37703734541981193,-4.2369839691859825,"{""credit_term<=10"": -3, ""age<=54"": 4, ""product_type=Cell phones"": 4, ""product_type=Jewelry"": 5, ""is_client=1"": 2}",,
fasterrisk,hidden_fine,Is-this-a-good-customer,7,1378,216,ok,2.994,7,0.2966799208563272,,,0.7798478849434263,0.6532595944360651,0.351861490772584,0.8211146366043393,-4.0497241235991375,"{""credit_amount<=23000"": -1, ""credit_term<=10"": -1, ""age<=54"": 2, ""education=Higher education"": -1, ""product_type=Cell phones"": 2, ""product_type=Jewelry"": 2, ""income<=39000"": 1}",,
fasterrisk,hidden_fine,Is-this-a-good-customer,10,1378,216,ok,5.8793,10,0.28812575556183534,,,0.8060089620599175,0.6605077928607339,0.35797190920909006,0.3951210733659974,-3.488170710219349,"{""credit_amount<=23000"": -2, ""credit_term<=10"": -2, ""age<=54"": 4, ""sex=male"": -1, ""education=Higher education"": -2, ""education=Incomplete higher education"": -3, ""product_type=Cell phones"": 4, ""product_type=Jewelry"": 5, ""income<=39000"": 2, ""is_client=0"": -2}",,
fasterrisk,hidden_fine,kddcup09_appetency,3,10000,1148,ok,6.3796,3,0.07648899464197724,,,0.803111394050046,0.7936591989137813,0.07773505017693358,0.5104128532067854,-4.467808288605977,"{""Var126<=-28"": 2, ""Var126<=-12"": 3, ""Var218=cJvF"": -3}",,
fasterrisk,hidden_fine,kddcup09_appetency,4,10000,1148,ok,9.9429,4,0.07576383696210157,,,0.822811208042482,0.8276261597646526,0.0776507138336394,0.40034097083040815,-4.050065357888091,"{""Var126<=-28"": 3, ""Var126<=-12"": 3, ""Var218=cJvF"": -4, ""Var28<=213.36"": -2}",,
fasterrisk,hidden_fine,kddcup09_appetency,5,10000,1148,ok,13.4611,5,0.07522390893344505,,,0.8224617288865399,0.78938673908124,0.07823810828791271,0.5104250734167992,-5.097927681230445,"{""Var126<=-28"": 2, ""Var126<=-12"": 3, ""Var218=cJvF"": -3, ""Var212=NhsEn4L"": 1, ""Var119<=590"": 1}",,
fasterrisk,hidden_fine,kddcup09_appetency,7,10000,1148,ok,23.1965,7,0.0742590431692694,,,0.8353941735933321,0.7822267481330618,0.07960554325433473,0.36596347131647006,-5.47668924997376,"{""Var126<=-28"": 3, ""Var126<=-12"": 4, ""Var218=cJvF"": -4, ""Var212=NhsEn4L"": 2, ""Var119<=590"": 1, ""Var94<=132201"": -2, ""Var94<=371355"": 3}",,
fasterrisk,hidden_fine,kddcup09_appetency,10,10000,1148,ok,41.8757,10,0.07327622676181443,,,0.8419908071538554,0.7882552613713509,0.08080126785552702,0.30320741175728144,-4.927400734362879,"{""Var197=TyGl"": 2, ""Var126<=-28"": 4, ""Var126<=-12"": 4, ""Var218=cJvF"": -5, ""Var212=NhsEn4L"": 2, ""Var119<=590"": 3, ""Var119<=1450"": -2, ""Var28<=213.36"": -2, ""Var94<=132201"": -2, ""Var94<=371355"": 3}",,
fasterrisk,hidden_fine,Marketing_Campaign,3,1792,732,ok,0.733,3,0.3500456481721258,,,0.7450125867256092,0.8082814275081286,0.319122128861257,0.6061246035638973,-0.7253327709193503,"{""Recency<=17"": 2, ""AcceptedCmp3=0"": -3, ""AcceptedCmp5=1"": 4}",,
fasterrisk,hidden_fine,Marketing_Campaign,4,1792,732,ok,1.1622,4,0.33705801442168337,,,0.7840695032848282,0.8153915462059781,0.3175091702569072,0.4552552522505056,-2.23957216865798,"{""Recency<=20"": 3, ""MntGoldProds<=14"": -3, ""AcceptedCmp3=1"": 4, ""AcceptedCmp5=1"": 4}",,
fasterrisk,hidden_fine,Marketing_Campaign,5,1792,732,ok,1.7482,5,0.32688383941033355,,,0.807451341560754,0.8157832882829945,0.3202663017673748,0.4375591913060006,-2.498456827977787,"{""Marital_Status=Single"": 2, ""Recency<=20"": 3, ""MntGoldProds<=14"": -3, ""AcceptedCmp3=1"": 4, ""AcceptedCmp5=1"": 5}",,
fasterrisk,hidden_fine,Marketing_Campaign,7,1792,732,ok,3.2008,7,0.30800309749253546,,,0.8330951065266777,0.843087711051044,0.3047307088499854,0.5319257436618839,1.4237237973199544,"{""Marital_Status=Single"": 2, ""Recency<=16"": 3, ""NumCatalogPurchases<=0"": -3, ""NumWebVisitsMonth<=5"": -2, ""AcceptedCmp3=1"": 3, ""AcceptedCmp5=0"": -4, ""AcceptedCmp1=0"": -3}",,
fasterrisk,hidden_fine,Marketing_Campaign,10,1792,732,ok,6.4958,10,0.28704323474864574,,,0.8656400810462332,0.8343126885258746,0.32157136857149776,0.3597761096701006,1.0420823426525168,"{""Education=PhD"": 3, ""Marital_Status=Single"": 3, ""Recency<=16"": 3, ""Recency<=61"": 3, ""MntMeatProducts<=256"": -3, ""MntGoldProds<=14"": -4, ""NumWebVisitsMonth<=5"": -4, ""AcceptedCmp3=1"": 5, ""AcceptedCmp5=0"": -5, ""AcceptedCmp1=0"": -4}",,
fasterrisk,hidden_fine,NATICUSdroid,3,5992,80,ok,0.8952,3,0.268260936032401,,,0.940827081554009,0.9450425344675857,0.25664610928203074,0.7525481919196929,-4.587638024213056,"{""android.permission.READ_PHONE_STATE=1"": 5, ""com.google.android.c2dm.permission.RECEIVE=0"": 5, ""com.android.launcher.permission.INSTALL_SHORTCUT=0"": -3}",,
fasterrisk,hidden_fine,NATICUSdroid,4,5992,80,ok,1.5779,4,0.24192472418140196,,,0.9556611242103105,0.9533470225872689,0.24843937583910458,0.7475434430083392,1.3879395231639307,"{""android.permission.READ_PHONE_STATE=0"": -5, ""com.google.android.c2dm.permission.RECEIVE=1"": -5, ""com.android.launcher.permission.INSTALL_SHORTCUT=0"": -3, ""android.permission.READ_EXTERNAL_STORAGE=0"": 3}",,
fasterrisk,hidden_fine,NATICUSdroid,5,5992,80,ok,3.1957,5,0.22768851790406894,,,0.9618554674855873,0.9612789674391317,0.22924617708011835,0.7808326376727013,2.227353188247008,"{""android.permission.READ_PHONE_STATE=0"": -5, ""com.google.android.c2dm.permission.RECEIVE=1"": -5, ""com.android.launcher.permission.INSTALL_SHORTCUT=0"": -3, ""com.android.vending.BILLING=1"": -2, ""android.permission.READ_EXTERNAL_STORAGE=0"": 2}",,
fasterrisk,hidden_fine,NATICUSdroid,7,5992,80,ok,7.5694,7,0.21402694504464825,,,0.9689855125316852,0.9664016818226264,0.222508841351879,0.7538651037413311,1.4491744708836385,"{""android.permission.READ_PHONE_STATE=0"": -5, ""com.google.android.c2dm.permission.RECEIVE=1"": -5, ""com.android.launcher.permission.INSTALL_SHORTCUT=0"": -3, ""com.android.vending.BILLING=1"": -2, ""android.permission.READ_EXTERNAL_STORAGE=0"": 3, ""android.permission.RECEIVE_BOOT_COMPLETED=1"": 1, ""android.permission.BLUETOOTH=1"": -2}",,
fasterrisk,hidden_fine,NATICUSdroid,10,5992,80,ok,16.236,10,0.19446167843096646,,,0.9736416874107482,0.9726625598904859,0.19842492548658702,0.9383651116707211,-0.12346554008886228,"{""android.permission.READ_PHONE_STATE=0"": -4, ""com.google.android.c2dm.permission.RECEIVE=1"": -4, ""com.android.launcher.permission.INSTALL_SHORTCUT=0"": -2, ""com.android.vending.BILLING=1"": -2, ""android.permission.READ_EXTERNAL_STORAGE=0"": 2, ""android.permission.GET_TASKS=0"": -1, ""android.permission.RECEIVE_BOOT_COMPLETED=1"": 1, ""android.permission.ACCESS_COARSE_LOCATION=0"": -1, ""android.permission.CAMERA=0"": 1, ""android.permission.BLUETOOTH=0"": 2}",,
fasterrisk,hidden_fine,online_shoppers_intention,3,9864,457,ok,3.4851,3,0.25419795504171205,,,0.9030128449169382,0.8829023927003045,0.274914505407797,0.629081674613393,0.6984783628349426,"{""PageValues<=0"": -5, ""PageValues<=21.7407"": -2, ""Month=Nov"": 2}",,
fasterrisk,hidden_fine,online_shoppers_intention,4,9864,457,ok,5.3473,4,0.2485281816098756,,,0.9098997091117834,0.8857689099697522,0.271951400602836,0.664461349372307,1.9888687087732617,"{""PageValues<=0"": -5, ""PageValues<=28.9418"": -2, ""Month=Nov"": 2, ""VisitorType=Returning_Visitor"": -2}",,
fasterrisk,hidden_fine,online_shoppers_intention,5,9864,457,ok,7.205,5,0.24693318439127002,,,0.9121172091204285,0.890502683120459,0.26858101719256744,0.70533741502795,0.6298881391120608,"{""BounceRates<=0.000323719"": 1, ""PageValues<=0"": -5, ""PageValues<=21.7407"": -1, ""Month=Nov"": 2, ""VisitorType=Returning_Visitor"": -1}",,
fasterrisk,hidden_fine,online_shoppers_intention,7,9864,457,ok,12.4789,7,0.24283480450102995,,,0.9152424183741508,0.8914102461034459,0.2639526951137545,0.6417267553562709,0.6971772375537533,"{""Administrative<=6"": 1, ""BounceRates<=0.0126984"": 1, ""PageValues<=0"": -5, ""PageValues<=9.55063"": -1, ""PageValues<=28.9418"": -1, ""Month=Nov"": 2, ""VisitorType=Returning_Visitor"": -2}",,
fasterrisk,hidden_fine,online_shoppers_intention,10,9864,457,ok,29.6714,10,0.24061760284700542,,,0.9189671346300331,0.8967262413200551,0.26217007437176376,0.7273043416542658,-0.7553285430822149,"{""Administrative<=6"": 1, ""ProductRelated_Duration<=4339.53"": -1, ""BounceRates<=0.0126984"": 1, ""ExitRates<=0.0833333"": 2, ""PageValues<=0"": -4, ""PageValues<=9.55063"": -1, ""PageValues<=28.9418"": -1, ""Month=Nov"": 2, ""Month=Oct"": 1, ""VisitorType=Returning_Visitor"": -1}",,
fasterrisk,hidden_fine,polish_companies_bankruptcy,3,4728,3928,ok,5.8908,3,0.15339903893812135,,,0.8589620288248337,0.8526164079822618,0.15556313874047076,1.3714908894242523,-4.170720579074902,"{""sales_growth_ratio missing"": 4, ""operating_profit_to_financial_expenses missing"": 2, ""sales_profit_to_total_assets<=-0.029501"": 2}",,
fasterrisk,hidden_fine,polish_companies_bankruptcy,4,4728,3928,ok,8.3011,4,0.14534103950561097,,,0.887358647450111,0.8893348115299335,0.14435436311755276,1.2663549791544986,-4.702809542667248,"{""sales_growth_ratio missing"": 5, ""operating_profit_to_financial_expenses missing"": 2, ""sales_profit_to_total_assets<=-0.029501"": 2, ""current_assets_minus_inventory_to_short_term_liabilities<=0.79622"": 1}",,
fasterrisk,hidden_fine,polish_companies_bankruptcy,5,4728,3928,ok,10.5778,5,0.13987939112690834,,,0.9019117239467849,0.9020509977827051,0.14400390083409162,1.2490966929769949,-5.069375746903788,"{""sales_growth_ratio missing"": 4, ""sales_growth_ratio<=0.88654"": 1, ""operating_profit_to_financial_expenses missing"": 2, ""sales_profit_to_total_assets<=-0.029501"": 2, ""current_assets_minus_inventory_to_short_term_liabilities<=0.85923"": 1}",,
fasterrisk,hidden_fine,polish_companies_bankruptcy,7,4728,3928,ok,17.1723,7,0.13284979257802645,,,0.9118538664079823,0.9066075388026607,0.14111178636631283,1.4907018245960528,-5.640560111858688,"{""sales_growth_ratio missing"": 4, ""sales_growth_ratio<=0.84022"": 1, ""operating_profit_to_financial_expenses missing"": 2, ""sales_profit_to_total_assets<=-0.029501"": 2, ""gross_margin<=-0.022446"": -1, ""current_assets_minus_inventory_to_short_term_liabilities<=0.36019"": 1, ""constant_capital_to_total_assets<=0.69154"": 1}",,
fasterrisk,hidden_fine,polish_companies_bankruptcy,10,4728,3928,ok,29.4463,10,0.12472582910140471,,,0.929314370842572,0.9185587583148559,0.13611918733539727,1.3787836681075352,-5.08699487556613,"{""sales_growth_ratio missing"": 4, ""sales_growth_ratio<=0.84022"": 1, ""operating_profit_to_financial_expenses missing"": 2, ""operating_profit_to_financial_expenses<=2.3139"": -1, ""sales_profit_to_total_assets<=-0.029501"": 1, ""operating_profit_to_sales<=-0.002175"": 2, ""operating_profit_to_total_assets<=0.007673"": -2, ""gross_profit_plus_depreciation_to_sales<=0.038818"": 1, ""current_assets_minus_inventory_to_short_term_liabilities<=0.36019"": 1, ""constant_capital_to_total_assets<=0.69154"": 1}",,
fasterrisk,hidden_fine,qsar-biodeg,3,843,1525,ok,0.5357,3,0.43482815422351345,,,0.8564211746327697,0.8112173038229377,0.4998128831809963,0.4947357342744719,-2.494434629586466,"{""Weighted_LeadingEigenvalue_Burden_Matrix<=3.648"": 5, ""Sum_dO_EStates<=0"": -3, ""Freq_CN_At_Dist2<=1"": 4}",,
fasterrisk,hidden_fine,qsar-biodeg,4,843,1525,ok,0.796,4,0.3929333772662924,,,0.8740173599737963,0.8550804828973843,0.4265658989361502,0.5319415904041066,-3.8000186523193498,"{""Weighted_LeadingEigenvalue_Burden_Matrix<=3.648"": 4, ""Laplace_Leading_Eigenvalue<=5.098"": 4, ""Sum_dO_EStates<=0"": -4, ""Freq_CN_At_Dist2<=1"": 4}",,
fasterrisk,hidden_fine,qsar-biodeg,5,843,1525,ok,1.3158,5,0.3765961597385826,,,0.8892923732016428,0.8856639839034206,0.39006340561029185,0.526246737245502,-6.209918767262521,"{""Weighted_LeadingEigenvalue_Burden_Matrix<=3.592"": 4, ""Laplace_Leading_Eigenvalue<=5.098"": 4, ""Sum_dO_EStates<=0"": -3, ""Num_Nitrogen_Atoms<=0"": 4, ""Num_Halogen_Atoms<=1"": 5}",,
fasterrisk,hidden_fine,qsar-biodeg,7,843,1525,ok,2.5314,7,0.3518097277157802,,,0.9041264582126031,0.8831488933601609,0.39694772415285967,0.6670368320895633,-5.941009701648482,"{""Weighted_LeadingEigenvalue_Burden_Matrix<=3.648"": 3, ""Laplace_Leading_Eigenvalue<=5.098"": 3, ""Sum_dO_EStates<=0"": -3, ""Weighted_HyperWiener_Index_Burden_Matrix<=2.593"": 4, ""Num_Nitrogen_Atoms<=0"": 3, ""Num_Halogen_Atoms<=1"": 4, ""Weighted_Balaban_Index_Barysz_Matrix<=2.3699"": -2}",,
fasterrisk,hidden_fine,qsar-biodeg,10,843,1525,ok,5.3619,10,0.3201624904249638,,,0.9248469349189952,0.8843058350100603,0.4116160424017544,0.5747659059768148,-8.048294822758216,"{""Weighted_LeadingEigenvalue_Burden_Matrix<=3.648"": 4, ""Laplace_Leading_Eigenvalue<=4.992"": 2, ""Sum_dO_EStates<=0"": -3, ""Weighted_HyperWiener_Index_Burden_Matrix<=2.555"": 5, ""Sum_dssC_EStates<=-1.775"": -5, ""Sum_dssC_EStates<=-0.855"": 4, ""Num_Nitrogen_Atoms<=0"": 4, ""Num_Halogen_Atoms<=1"": 5, ""Num_Terminal_PrimaryC<=3"": 4, ""Weighted_Balaban_Index_Barysz_Matrix<=2.3699"": -3}",,
fasterrisk,hidden_fine,seismic-bumps,3,2067,479,ok,1.1953,3,0.2060208367855061,,,0.7861459317025619,0.7241809767385214,0.22118098815738246,0.45937161705520546,-0.8066750966328776,"{""genergy<=16840"": -3, ""gpuls<=1133"": -2, ""nbumps<=1"": -3}",,
fasterrisk,hidden_fine,seismic-bumps,4,2067,479,ok,2.1464,4,0.20308788304998954,,,0.7982796173881257,0.7138290098648156,0.22636036306418617,0.3497729772549646,-1.1858260586112328,"{""genergy<=16840"": -4, ""gpuls<=1133"": -3, ""gdpuls<=21"": 2, ""nbumps<=1"": -4}",,
fasterrisk,hidden_fine,seismic-bumps,5,2067,479,ok,3.1975,5,0.20100862370597272,,,0.8000255125354129,0.707739617586165,0.23084959040066755,0.3391348798007349,-1.0526818119982957,"{""genergy<=16840"": -4, ""gpuls<=1133"": -3, ""gdpuls<=4"": -4, ""gdpuls<=9"": 5, ""nbumps<=1"": -4}",,
fasterrisk,hidden_fine,seismic-bumps,7,2067,479,ok,5.848,7,0.1977498666994238,,,0.812977884058854,0.6996711728169529,0.2339563318166386,0.34560476609911356,-1.3082301427345935,"{""seismic=b"": 1, ""genergy<=18400"": -4, ""gpuls<=1133"": -3, ""gdenergy<=-37"": 2, ""gdpuls<=4"": -4, ""gdpuls<=9"": 5, ""nbumps<=1"": -4}",,
fasterrisk,hidden_fine,seismic-bumps,10,2067,479,ok,11.0737,10,0.19432140396989103,,,0.8262691534407653,0.6837778589696748,0.2375752177650853,0.3862475524838411,-0.8525385681068951,"{""seismic=a"": -1, ""genergy<=19810"": -3, ""gpuls<=1133"": -3, ""gdenergy<=-37"": 2, ""gdenergy<=110"": -5, ""gdenergy<=131"": 5, ""gdpuls<=-1"": -3, ""gdpuls<=9"": 4, ""nbumps<=1"": -3, ""nbumps<=2"": -1}",,
fasterrisk,hidden_fine,taiwanese_bankruptcy,3,5455,3919,ok,7.9386,3,0.09227362276517831,,,0.9103141306032478,0.871539256198347,0.10352322227593956,0.7359649969830976,-3.153411838642372,"{""Borrowing_Dependency<=0.379112"": -3, ""ROA_A_Before_Interest_After_Tax<=0.473288"": 4, ""DFL<=0.0266054"": 3}",,
fasterrisk,hidden_fine,taiwanese_bankruptcy,4,5455,3919,ok,10.8639,4,0.08902803318497958,,,0.9244793908970363,0.8793216253443527,0.1021945556320168,0.4045755945197976,-3.3650873102887155,"{""Persistent_EPS_Last_4_Seasons<=0.20242"": 4, ""Borrowing_Dependency<=0.379112"": -5, ""Retained_Earnings_to_Total_Assets<=0.910048"": 4, ""DFL<=0.0266054"": 4}",,
fasterrisk,hidden_fine,taiwanese_bankruptcy,5,5455,3919,ok,14.296,5,0.0853825470862894,,,0.9320382863489987,0.8605027548209367,0.10443352040472821,0.6626138578377911,-5.891149979979291,"{""Persistent_EPS_Last_4_Seasons<=0.192304"": 2, ""Equity_to_Liability<=0.0222162"": 3, ""Retained_Earnings_to_Total_Assets<=0.910048"": 2, ""DFL<=0.0266054"": 3, ""NonIndustry_Income_Expenditure_Revenue<=0.303453"": 2}",,
fasterrisk,hidden_fine,taiwanese_bankruptcy,7,5455,3919,ok,21.9349,7,0.08185439599978366,,,0.9449464214985621,0.8983643250688704,0.0971315007521649,0.4000833283903685,-2.7409543073689995,"{""Persistent_EPS_Last_4_Seasons<=0.20242"": 4, ""Borrowing_Dependency<=0.379112"": -4, ""Net_Profit_Before_Tax_Per_Share<=0.125104"": 3, ""Retained_Earnings_to_Total_Assets<=0.910048"": 4, ""DFL<=0.0266054"": 5, ""DFL<=0.0274676"": -5, ""NonIndustry_Income_Expenditure_Revenue<=0.303453"": 3}",,
fasterrisk,hidden_fine,taiwanese_bankruptcy,10,5455,3919,ok,36.5484,10,0.07798212415924831,,,0.9481559653171225,0.8983298898071626,0.09700214424695876,0.5219629650775495,-2.491340486185522,"{""Persistent_EPS_Last_4_Seasons<=0.178973"": 2, ""Borrowing_Dependency<=0.379112"": -2, ""Debt_Ratio_Percent<=0.161774"": -2, ""DFL<=0.0266054"": 4, ""DFL<=0.0277307"": -4, ""ROA_B_Before_Interest_Depreciation_After_Tax<=0.495423"": 2, ""Net_Value_Per_Share_B<=0.152332"": 2, ""AfterTax_Net_Interest_Rate<=0.809144"": 2, ""NonIndustry_Income_Expenditure_Revenue<=0.303453"": 2, ""Operating_Funds_to_Liability<=0.341285"": 1}",,
fasterrisk,hidden_fine,jm1,3,8708,1045,ok,3.598,3,0.44415136526268845,,,0.7036015195514864,0.6854327747688279,0.45294103367260846,0.28937223691535396,-0.25562705618174186,"{""loc<=5"": -4, ""loc<=27"": -3, ""loc<=68"": -3}",,
fasterrisk,hidden_fine,jm1,4,8708,1045,ok,5.2768,4,0.4412429855553192,,,0.7137039764639372,0.6979091705939324,0.44962342136935723,0.3032907999644766,-0.1927671179359807,"{""loc<=32"": -2, ""loc<=68"": -3, ""l<=0"": 3, ""lOBlank<=1"": -3}",,
fasterrisk,hidden_fine,jm1,5,8708,1045,ok,6.7751,5,0.4394963212305703,,,0.7166595472020504,0.7005218619297799,0.4487989284904524,0.21296637523268075,0.18384849485246504,"{""loc<=33"": -3, ""loc<=68"": -3, ""iv(g)<=9"": -3, ""l<=0"": 4, ""lOBlank<=1"": -4}",,
fasterrisk,hidden_fine,jm1,7,8708,1045,ok,10.5167,7,0.4368806948160845,,,0.7231300208598201,0.6994417511186621,0.4506230500047609,0.26994730231347547,0.5448129184524068,"{""loc<=32"": -2, ""loc<=68"": -3, ""iv(g)<=9"": -2, ""l<=0"": 3, ""lOBlank<=1"": -4, ""uniq_Opnd<=59"": -3, ""total_Opnd<=106"": 2}",,
fasterrisk,hidden_fine,jm1,10,8708,1045,ok,18.4361,10,0.4337762762915193,,,0.7308339998588783,0.700091035012634,0.45122159999884404,0.29207087438215074,0.5500236384903038,"{""loc<=22"": -2, ""loc<=43"": -2, ""loc<=68"": -2, ""iv(g)<=1"": -1, ""iv(g)<=9"": -2, ""l<=0"": 1, ""d<=10.15"": 2, ""lOBlank<=1"": -3, ""uniq_Opnd<=59"": -3, ""total_Opnd<=106"": 2}",,
i21_spat2,hidden_fine,Amazon_employee_access,3,10000,107,ok,0.0052,3,0.21658596921283446,,,0.5696542230371682,0.6045698806647631,0.21258276999079218,0.501267916148029,-2.953083541478502,"{""ROLE_ROLLUP_2=118052"": 2, ""ROLE_FAMILY=292795"": 2, ""ROLE_FAMILY=19793"": 3}",,
i21_spat2,hidden_fine,Amazon_employee_access,4,10000,107,ok,0.0084,4,0.21516535347102017,,,0.5985755740996073,0.6288117724577202,0.2114003860372587,0.3740931573783132,-3.048561491326786,"{""ROLE_ROLLUP_2=118052"": 3, ""ROLE_FAMILY=19721"": 2, ""ROLE_FAMILY=292795"": 3, ""ROLE_FAMILY=19793"": 4}",,
i21_spat2,hidden_fine,Amazon_employee_access,5,10000,107,ok,0.0062,5,0.21432259633427406,,,0.6061517108271879,0.6378753935134344,0.21003699900643819,0.5462973344309265,-3.00101560899907,"{""RESOURCE=4675"": -5, ""ROLE_ROLLUP_2=118052"": 2, ""ROLE_FAMILY=19721"": 1, ""ROLE_FAMILY=292795"": 2, ""ROLE_FAMILY=19793"": 3}",,
i21_spat2,hidden_fine,Amazon_employee_access,7,10000,107,ok,0.0085,7,0.21280015209414513,,,0.6304791834066363,0.6537623544915441,0.21081145998731626,0.44634472209943565,-3.166044826226136,"{""RESOURCE=4675"": -5, ""ROLE_ROLLUP_2=118052"": 2, ""ROLE_TITLE=118396"": 3, ""ROLE_FAMILY_DESC=117906"": 1, ""ROLE_FAMILY=19721"": 2, ""ROLE_FAMILY=292795"": 3, ""ROLE_FAMILY=19793"": 4}",,
i21_spat2,hidden_fine,Amazon_employee_access,10,10000,107,ok,0.0101,10,0.21081775889054793,,,0.6493341868999162,0.6591229226151256,0.2102050192732704,0.46963699592420793,-3.1890679850278114,"{""RESOURCE=4675"": -5, ""ROLE_ROLLUP_1=119062"": 3, ""ROLE_ROLLUP_2=118052"": 2, ""ROLE_TITLE=117905"": -1, ""ROLE_TITLE=118777"": 2, ""ROLE_TITLE=118396"": 3, ""ROLE_FAMILY_DESC=117906"": 1, ""ROLE_FAMILY=19721"": 2, ""ROLE_FAMILY=292795"": 3, ""ROLE_FAMILY=19793"": 4}",,
i21_spat2,hidden_fine,APSFailure,3,10000,3979,ok,0.1075,3,0.03901488351469301,,,0.9780775123660914,0.9774292826431319,0.04617036364303551,0.5142456806581679,0.13853370002440757,"{""aa_000<=161060"": -5, ""bj_000<=2.97647e+06"": -5, ""az_002<=5762"": -4}",,
i21_spat2,hidden_fine,APSFailure,4,10000,3979,ok,0.0952,4,0.037234322914371065,,,0.9800308230913233,0.9709708078750848,0.04759643541391854,0.6806554041362273,0.5851923954515997,"{""bt_000<=586768"": -2, ""aa_000<=102706"": -4, ""bj_000<=2.97647e+06"": -3, ""az_002<=5762"": -3}",,
i21_spat2,hidden_fine,APSFailure,5,10000,3979,ok,0.0998,5,0.03607660138672987,,,0.9784961392361973,0.9775424304141209,0.042881852157499,0.7235209114748808,1.211730782670076,"{""bt_000<=160363"": -4, ""bj_000<=2.97647e+06"": -3, ""bx_000 missing"": -3, ""az_002<=3408"": -3, ""ee_005<=5.18153e+06"": -2}",,
i21_spat2,hidden_fine,APSFailure,7,10000,3979,ok,0.116,7,0.03413582406131137,,,0.9832169449353744,0.9743064041638381,0.044328529773633045,0.756813304907301,1.232560890441844,"{""bt_000<=160363"": -2, ""ci_000<=3.20124e+06"": -5, ""bj_000<=2.97647e+06"": -3, ""bx_000 missing"": -3, ""az_002<=5762"": -3, ""ee_005<=5.18153e+06"": -2, ""ee_001<=615564"": 2}",,
i21_spat2,hidden_fine,APSFailure,10,10000,3979,ok,0.1853,10,0.0317888151050698,,,0.986265775171488,0.974071056800181,0.046569205204468486,0.6775869961553399,1.430439045000927,"{""bt_000<=160363"": -2, ""ci_000<=3.20124e+06"": -5, ""bj_000<=2.97647e+06"": -2, ""ck_000<=4.89284e+06"": -2, ""cs_004<=510174"": -3, ""bx_000 missing"": -4, ""az_002<=5762"": -3, ""ba_000<=7.38398e+06"": 2, ""ee_005<=5.18153e+06"": -3, ""ee_001<=615564"": 3}",,
i21_spat2,hidden_fine,Bank_Customer_Churn,3,8000,324,ok,0.0173,3,0.39169834970183276,,,0.7929535976731419,0.7873512958258722,0.39554092666195245,0.8306484659215624,2.5221971846718003,"{""age<=41"": -2, ""products_number<=1"": 2, ""products_number<=2"": -5}",,
i21_spat2,hidden_fine,Bank_Customer_Churn,4,8000,324,ok,0.0236,4,0.37741949146002524,,,0.8187578372547699,0.8105509207204123,0.38216205647970936,0.8722412340273916,2.305998650333186,"{""age<=42"": -2, ""products_number<=1"": 2, ""products_number<=2"": -5, ""active_member=0"": 1}",,
i21_spat2,hidden_fine,Bank_Customer_Churn,5,8000,324,ok,0.0182,5,0.36802277485632623,,,0.8296680182219183,0.8243806209907903,0.37044165362086556,0.8706006576719009,2.909006213539207,"{""country=Germany"": 1, ""age<=42"": -2, ""products_number<=1"": 2, ""products_number<=2"": -5, ""active_member=1"": -1}",,
i21_spat2,hidden_fine,Bank_Customer_Churn,7,8000,324,ok,0.0398,7,0.3602065012938404,,,0.8381505041846848,0.8358520307672851,0.36260612291903316,0.7953246077924779,1.4689191670461064,"{""country=Germany"": 1, ""age<=38"": -1, ""age<=44"": -2, ""age<=64"": 2, ""products_number<=1"": 2, ""products_number<=2"": -5, ""active_member=1"": -1}",,
i21_spat2,hidden_fine,Bank_Customer_Churn,10,8000,324,ok,0.0414,10,0.3533712875606135,,,0.8472568404426424,0.8409017646305781,0.3573216845249159,0.8105339230995089,1.897890514491191,"{""country=Germany"": 1, ""gender=Female"": 1, ""age<=38"": -1, ""age<=42"": -1, ""age<=46"": -1, ""age<=64"": 2, ""balance<=177640"": -1, ""products_number<=1"": 2, ""products_number<=2"": -5, ""active_member=1"": -1}",,
i21_spat2,hidden_fine,Bioresponse,3,3000,2777,ok,0.0204,3,0.5444732147899204,,,0.7853363063489343,0.7647384435175133,0.5684376020634457,1.0270868900467196,1.0248638162512098,"{""D27=1"": -2, ""D84<=0.114354"": -1, ""D88<=0.0947"": 1}",,
i21_spat2,hidden_fine,Bioresponse,4,3000,2777,ok,0.0235,4,0.5341918199798001,,,0.7976803494919804,0.7756699617164733,0.5600374271467868,0.4935771322808476,0.8698090706882583,"{""D27=1"": -4, ""D14<=0.066"": 3, ""D84<=0.109183"": -2, ""D88<=0.0947"": 2}",,
i21_spat2,hidden_fine,Bioresponse,5,3000,2777,ok,0.025,5,0.5289238403574305,,,0.8057338584009551,0.7805303982629566,0.5606498142660102,0.34268055270901926,0.24579057834603973,"{""D27=1"": -5, ""D14<=0.066"": 4, ""D84<=0.109183"": -3, ""D88<=0.0878"": 3, ""D469<=0.0833"": 2}",,
i21_spat2,hidden_fine,Bioresponse,7,3000,2777,ok,0.0354,7,0.5216102632831496,,,0.8159143925499727,0.7932475287126449,0.5515747870865814,0.41983967773606967,1.5148418275083642,"{""D27=1"": -4, ""D15<=0.504973"": -1, ""D54<=0.220518"": -4, ""D14<=0.066"": 3, ""D84<=0.109183"": -2, ""D88<=0.0947"": 3, ""D469<=0.0833"": 2}",,
i21_spat2,hidden_fine,Bioresponse,10,3000,2777,ok,0.0594,10,0.5120484352010306,,,0.8233411866665533,0.7935617964687732,0.5521212575525827,0.5701896403204774,2.028277781840598,"{""D27=1"": -3, ""D15<=0.508217"": -1, ""D64<=0.00507"": -1, ""D54<=0.220518"": -3, ""D14<=0.066"": 2, ""D67<=0.0782"": -1, ""D84<=0.109183"": -1, ""D5<=0.225141"": -1, ""D88<=0.0947"": 2, ""D469<=0.0833"": 2}",,
i21_spat2,hidden_fine,blood-transfusion,3,598,99,ok,0.0021,3,0.47227958180263785,,,0.73878026933531,0.7133284600389863,0.493291365455067,0.30088725067438615,-1.7726211606822364,"{""MonthsSinceLastDonation<=5"": 4, ""NumberOfDonations<=4"": -5, ""MonthsSinceFirstDonation<=43"": 3}",,
i21_spat2,hidden_fine,blood-transfusion,4,598,99,ok,0.0058,4,0.4599105377529783,,,0.7520694341487522,0.704069200779727,0.505416571304978,0.4104606392271012,-1.1473598684650168,"{""MonthsSinceLastDonation<=5"": 3, ""NumberOfDonations<=4"": -3, ""TotalBloodDonated<=3000"": -4, ""MonthsSinceFirstDonation<=53"": 4}",,
i21_spat2,hidden_fine,blood-transfusion,5,598,99,ok,0.0052,5,0.45610747874517305,,,0.7616289844329134,0.7035818713450294,0.5148427350688248,0.34000730760622305,-1.263387105245868,"{""MonthsSinceLastDonation<=5"": 4, ""NumberOfDonations<=4"": -3, ""NumberOfDonations<=12"": -5, ""MonthsSinceFirstDonation<=2"": -4, ""MonthsSinceFirstDonation<=53"": 5}",,
i21_spat2,hidden_fine,blood-transfusion,7,598,99,ok,0.0053,7,0.4496557270533915,,,0.7731344205584384,0.7077241715399609,0.5065029331681458,0.3577961557136463,-1.1218645624834251,"{""MonthsSinceLastDonation<=5"": 3, ""NumberOfDonations<=1"": -2, ""NumberOfDonations<=4"": -3, ""NumberOfDonations<=6"": -2, ""NumberOfDonations<=12"": -4, ""MonthsSinceFirstDonation<=22"": 2, ""MonthsSinceFirstDonation<=53"": 5}",,
i21_spat2,hidden_fine,blood-transfusion,10,598,99,ok,0.0104,10,0.43975961133417607,,,0.7914350135903139,0.6896929824561403,0.5334794494511416,0.29794035015528725,-1.5584024504709317,"{""MonthsSinceLastDonation<=5"": 3, ""MonthsSinceLastDonation<=14"": 2, ""NumberOfDonations<=2"": -4, ""NumberOfDonations<=12"": -5, ""TotalBloodDonated<=1000"": -2, ""TotalBloodDonated<=1500"": -2, ""MonthsSinceFirstDonation<=2"": -4, ""MonthsSinceFirstDonation<=12"": 3, ""MonthsSinceFirstDonation<=43"": 3, ""MonthsSinceFirstDonation<=53"": 4}",,
i21_spat2,hidden_fine,churn,3,4000,1131,ok,0.0133,3,0.3040339428089002,,,0.8212100569857442,0.8188186824527943,0.3025362719617639,0.5190491302182283,2.280400161245064,"{""international_plan=1"": 4, ""total_day_minutes<=253.1"": -5, ""number_customer_service_calls<=3"": -5}",,
i21_spat2,hidden_fine,churn,4,4000,1131,ok,0.0139,4,0.2967901369276622,,,0.8425964322684606,0.8433235082852402,0.29116826546464686,0.5282837043034879,1.5147906949243763,"{""international_plan=1"": 4, ""voice_mail_plan=0"": 2, ""total_day_minutes<=253.1"": -5, ""number_customer_service_calls<=3"": -5}",,
i21_spat2,hidden_fine,churn,5,4000,1131,ok,0.0176,5,0.28943188017851845,,,0.8634899189357722,0.8481658534168874,0.2953311562129633,0.5432272026159972,4.647921371311879,"{""international_plan=0"": -4, ""voice_mail_plan=0"": 2, ""total_day_minutes<=253.1"": -5, ""total_eve_minutes<=251.2"": -2, ""number_customer_service_calls<=3"": -5}",,
i21_spat2,hidden_fine,churn,7,4000,1131,ok,0.0262,7,0.2800856798709407,,,0.8705686329389539,0.8656362750683212,0.27662445173899536,0.5450097153183903,7.15926905645337,"{""international_plan=0"": -4, ""voice_mail_plan=0"": 2, ""total_day_minutes<=289.1"": -4, ""total_day_charge<=41.77"": -4, ""total_eve_minutes<=251.2"": -2, ""total_intl_minutes<=13.2"": -2, ""number_customer_service_calls<=3"": -5}",,
i21_spat2,hidden_fine,churn,10,4000,1131,ok,0.0341,10,0.27081350980600905,,,0.8831228867014741,0.8762456757403876,0.26810539666559335,0.5968140389523339,6.167174788606435,"{""international_plan=1"": 4, ""voice_mail_plan=1"": -2, ""total_day_minutes<=221.9"": -1, ""total_day_minutes<=249.6"": -3, ""total_day_minutes<=289.1"": -3, ""total_eve_minutes<=251.2"": -2, ""total_night_charge<=7.46"": -1, ""total_intl_minutes<=13.2"": -2, ""total_intl_calls<=2"": 1, ""number_customer_service_calls<=3"": -5}",,
i21_spat2,hidden_fine,coil2000_insurance_policies,3,7857,246,ok,0.0189,3,0.20524120713763552,,,0.7263726806450383,0.7403846153846154,0.20397821492435045,0.4204045932352338,-1.1498258027904675,"{""contributionCarPolicies<=5"": -3, ""purchasingPowerClass<=6"": -2, ""contributionFirePolicies<=2"": -2}",,
i21_spat2,hidden_fine,coil2000_insurance_policies,4,7857,246,ok,0.0201,4,0.2037731268834351,,,0.7372743560409724,0.7488067488067489,0.203130323607654,0.2507301827457803,-1.078097542656011,"{""contributionCarPolicies<=5"": -5, ""purchasingPowerClass<=6"": -3, ""contributionFirePolicies<=2"": -3, ""averageIncome<=3"": -2}",,
i21_spat2,hidden_fine,coil2000_insurance_policies,5,7857,246,ok,0.0261,5,0.20249253112167231,,,0.7439187098770207,0.7516488141488142,0.20275858128071725,0.4122949403061201,-0.9997667701254324,"{""contributionCarPolicies<=5"": -3, ""purchasingPowerClass<=6"": -2, ""contributionFirePolicies<=2"": -2, ""numberOfThirdPartyInsuranceAgriculture=1"": -5, ""averageIncome<=3"": -1}",,
i21_spat2,hidden_fine,coil2000_insurance_policies,7,7857,246,ok,0.0343,7,0.2010020194395058,,,0.7531147437843653,0.7560263810263811,0.20218519392309572,0.424375977156827,-1.3678648965737654,"{""contributionCarPolicies<=5"": -3, ""purchasingPowerClass<=6"": -1, ""contributionFirePolicies<=2"": -2, ""oneCar<=6"": -1, ""numberOfThirdPartyInsuranceAgriculture=1"": -5, ""farmer<=0"": 1, ""averageIncome<=3"": -1}",,
i21_spat2,hidden_fine,coil2000_insurance_policies,10,7857,246,ok,0.0716,10,0.1992420127140036,,,0.7595160942137483,0.7500531875531875,0.2046432602550692,0.4149610638095886,-1.2824143883090864,"{""contributionCarPolicies<=5"": -3, ""purchasingPowerClass<=6"": -1, ""customerMainType=Living well"": -2, ""contributionFirePolicies<=2"": -2, ""oneCar<=6"": -1, ""noCar<=1"": -1, ""lowerLevelEducation<=2"": 1, ""numberOfThirdPartyInsuranceAgriculture=1"": -5, ""farmer<=0"": 1, ""averageIncome<=3"": -1}",,
i21_spat2,hidden_fine,credit-g,3,800,226,ok,0.0031,3,0.535546878703165,,,0.7185863095238095,0.7360714285714287,0.5290164243948341,0.33264669706598515,1.033160613495658,"{""checking_status=no checking account"": -5, ""duration_months<=11"": -3, ""credit_amount<=8947"": -4}",,
i21_spat2,hidden_fine,credit-g,4,800,226,ok,0.0041,4,0.5253631839566748,,,0.7451004464285715,0.7661309523809523,0.5096589749009145,0.7629137591775519,-0.39789080418586154,"{""checking_status=no checking account"": -2, ""duration_months<=15"": -1, ""credit_history=critical account / other credits existing"": -1, ""savings_status=< 100 DM"": 1}",,
i21_spat2,hidden_fine,credit-g,5,800,226,ok,0.005,5,0.5167323369709709,,,0.756781994047619,0.7638690476190476,0.5180535068443952,0.7938801882939992,-0.31031228045735465,"{""checking_status=no checking account"": -2, ""duration_months<=15"": -1, ""credit_history=critical account / other credits existing"": -1, ""savings_status=< 100 DM"": 1, ""other_debtors=guarantor"": -2}",,
i21_spat2,hidden_fine,credit-g,7,800,226,ok,0.0087,7,0.5028739529512366,,,0.7737202380952382,0.7519642857142859,0.5327745900654309,0.3735967381072488,1.011999049638154,"{""checking_status=no checking account"": -4, ""duration_months<=11"": -3, ""credit_history=critical account / other credits existing"": -2, ""credit_purpose=car (used)"": -3, ""credit_amount<=8947"": -4, ""savings_status=< 100 DM"": 2, ""other_debtors=guarantor"": -4}",,
i21_spat2,hidden_fine,credit-g,10,800,226,ok,0.0198,10,0.4884987706912933,,,0.7942522321428571,0.7675,0.5130254113105006,0.2867384298371597,0.4968982442838492,"{""checking_status=no checking account"": -5, ""duration_months<=15"": -3, ""credit_history=critical account / other credits existing"": -3, ""credit_purpose=car (new)"": 3, ""credit_purpose=education"": 4, ""credit_amount<=9436"": -5, ""savings_status=< 100 DM"": 3, ""employment_since=4 <= ... < 7 years"": -3, ""other_debtors=guarantor"": -4, ""age_years<=34"": 2}",,
i21_spat2,hidden_fine,credit_card_clients_default,3,10000,1080,ok,0.0349,3,0.4469228174490162,,,0.7220046187810615,0.719294115024645,0.44474486158214743,0.25975000670455617,1.2208818293625645,"{""PAY_0<=0"": -4, ""PAY_0<=1"": -5, ""PAY_3<=0"": -3}",,
i21_spat2,hidden_fine,credit_card_clients_default,4,10000,1080,ok,0.0367,4,0.4431316544591831,,,0.748028856468569,0.7522812951905422,0.4390752216769733,0.28251063269628746,0.8533142512887281,"{""PAY_0<=0"": -3, ""PAY_0<=1"": -5, ""PAY_3<=0"": -3, ""PAY_AMT1<=3470"": 2}",,
i21_spat2,hidden_fine,credit_card_clients_default,5,10000,1080,ok,0.0624,5,0.44122810076093966,,,0.7524304501012826,0.75609204497855,0.4393447552430231,0.23954295730360728,1.1166852512043988,"{""PAY_0<=0"": -4, ""PAY_0<=1"": -5, ""PAY_3<=0"": -3, ""PAY_6<=0"": -2, ""PAY_AMT1<=3470"": 2}",,
i21_spat2,hidden_fine,credit_card_clients_default,7,10000,1080,ok,0.0555,7,0.43851484931589185,,,0.7629532289208324,0.7664315945800606,0.4355006528713803,0.30206481562791837,0.9657856185375963,"{""LIMIT_BAL<=160000"": 1, ""PAY_0<=0"": -3, ""PAY_0<=1"": -4, ""PAY_3<=0"": -2, ""PAY_6<=0"": -2, ""PAY_AMT1<=3470"": 1, ""PAY_AMT4<=0"": 1}",,
i21_spat2,hidden_fine,credit_card_clients_default,10,10000,1080,ok,0.0936,10,0.4347997855016795,,,0.7724510792790131,0.7770813538889059,0.43027229474536655,0.2695967306572295,1.3533624668318769,"{""LIMIT_BAL<=160000"": 2, ""AGE<=35"": -1, ""PAY_0<=0"": -3, ""PAY_0<=1"": -5, ""PAY_3<=0"": -2, ""PAY_5<=0"": -2, ""BILL_AMT1<=8229"": 1, ""BILL_AMT1<=171647"": -3, ""PAY_AMT2<=5000"": 2, ""PAY_AMT3<=0"": 1}",,
i21_spat2,hidden_fine,customer_satisfaction_in_airline,3,10000,311,ok,0.028,3,0.4272755608110558,,,0.8634436021906313,0.8620981469427396,0.4298433196932694,0.7805144794589948,1.5158886495788904,"{""Seatcomfort=5"": -5, ""Inflightentertainment=4"": -3, ""Inflightentertainment=5"": -5}",,
i21_spat2,hidden_fine,customer_satisfaction_in_airline,4,10000,311,ok,0.0386,4,0.3877875711344735,,,0.8879972064139303,0.8874743635443142,0.3891745950184261,1.3102300684747143,1.8141998462345184,"{""Seatcomfort=5"": -4, ""Seatcomfort=0"": -5, ""Inflightentertainment=4"": -2, ""Inflightentertainment=5"": -3}",,
i21_spat2,hidden_fine,customer_satisfaction_in_airline,5,10000,311,ok,0.0302,5,0.3635706536225406,,,0.9117048681179708,0.9103079216002314,0.36604727797441594,1.276637056442899,2.3816516537702443,"{""Class=Business"": -1, ""Seatcomfort=5"": -4, ""Seatcomfort=0"": -5, ""Inflightentertainment=4"": -2, ""Inflightentertainment=5"": -3}",,
i21_spat2,hidden_fine,customer_satisfaction_in_airline,7,10000,311,ok,0.037,7,0.32404958475150997,,,0.9322404017804168,0.9311764485566095,0.3271972668470117,1.092187544002878,3.316659327689042,"{""Class=Business"": -1, ""Seatcomfort=5"": -5, ""Seatcomfort=0"": -5, ""Inflightentertainment=4"": -2, ""Inflightentertainment=5"": -3, ""EaseofOnlinebooking=4"": -2, ""EaseofOnlinebooking=5"": -2}",,
i21_spat2,hidden_fine,customer_satisfaction_in_airline,10,10000,311,ok,0.0523,10,0.28960956596223136,,,0.9460266190666164,0.9467865962019301,0.28904104754055615,1.2461572933966865,1.726528177540514,"{""CustomerType=disloyal Customer"": 2, ""TypeofTravel=Personal Travel"": 1, ""Seatcomfort=5"": -5, ""Seatcomfort=0"": -5, ""DepartureArrivaltimeconvenient=5"": 1, ""Inflightentertainment=4"": -2, ""Inflightentertainment=5"": -3, ""EaseofOnlinebooking=4"": -1, ""EaseofOnlinebooking=5"": -1, ""Cleanliness=5"": -1}",,
i21_spat2,hidden_fine,Diabetes130US,3,10000,294,ok,0.033,3,0.28915757541679216,,,0.6045498155901117,0.6029904306220095,0.28826592586864447,0.26034085009683317,-1.1031218112421572,"{""discharge_disposition_id=Discharged to home"": -2, ""discharge_disposition_id=Discharged/transferred to another rehab fac including rehab units of a hospital ."": 5, ""number_inpatient<=1"": -4}",,
i21_spat2,hidden_fine,Diabetes130US,4,10000,294,ok,0.0398,4,0.2874222825182353,,,0.615258360745614,0.6135954944178629,0.28634963878988823,0.5828802853844646,-0.9288968607845094,"{""discharge_disposition_id=Discharged to home"": -1, ""discharge_disposition_id=Discharged/transferred to another rehab fac including rehab units of a hospital ."": 2, ""discharge_disposition_id=Expired"": -5, ""number_inpatient<=1"": -2}",,
i21_spat2,hidden_fine,Diabetes130US,5,10000,294,ok,0.04,5,0.28712961623553157,,,0.6142457261762361,0.6134230462519936,0.28671596378869124,0.6337441253316353,-0.7894076204973823,"{""discharge_disposition_id=Discharged to home"": -1, ""discharge_disposition_id=Discharged/transferred to another rehab fac including rehab units of a hospital ."": 2, ""discharge_disposition_id=Expired"": -5, ""number_inpatient<=1"": -1, ""number_inpatient<=2"": -1}",,
i21_spat2,hidden_fine,Diabetes130US,7,10000,294,ok,0.0603,7,0.28598581610307716,,,0.6254666317783095,0.6155791467304624,0.28712216702234816,0.572101991006388,-0.8768795641191863,"{""diag_1=434"": 1, ""discharge_disposition_id=Discharged to home"": -1, ""discharge_disposition_id=Discharged/transferred to another rehab fac including rehab units of a hospital ."": 2, ""discharge_disposition_id=Expired"": -5, ""number_inpatient<=1"": -1, ""number_inpatient<=2"": -1, ""age=[50-60)"": -1}",,
i21_spat2,hidden_fine,Diabetes130US,10,10000,294,ok,0.0774,10,0.28481866189409677,,,0.6367634818580542,0.6325408692185007,0.285384702065962,0.5601559503638708,-0.8916087035311375,"{""diag_1=434"": 1, ""diag_1=584"": 1, ""discharge_disposition_id=Discharged to home"": -1, ""discharge_disposition_id=Discharged/transferred to another rehab fac including rehab units of a hospital ."": 2, ""discharge_disposition_id=Expired"": -5, ""discharge_disposition_id=Discharged/transferred to another type of inpatient care institution"": 1, ""number_inpatient<=1"": -1, ""number_inpatient<=2"": -1, ""age=[50-60)"": -1, ""num_medications<=6"": -1}",,
i21_spat2,hidden_fine,E-CommereShippingData,3,8799,261,ok,0.015,3,0.5076527275783854,,,0.7202857142857143,0.7208682406702208,0.5070763730738578,23.558289914281488,-117.60217234996654,"{""Discount_offered<=10"": 5, ""Weight_in_gms<=2064"": 1, ""Weight_in_gms<=3914"": -1}",,
i21_spat2,hidden_fine,E-CommereShippingData,4,8799,261,ok,0.0317,3,0.5076527275783854,,,0.7202857142857143,0.7208682406702208,0.5070763730738578,23.558289914281488,-117.60217234996654,"{""Discount_offered<=10"": 5, ""Weight_in_gms<=2064"": 1, ""Weight_in_gms<=3914"": -1}",,
i21_spat2,hidden_fine,E-CommereShippingData,5,8799,261,ok,0.028,3,0.5076527275777714,,,0.7202857142857143,0.7208682406702208,0.5070763730732304,24.050190967015972,-71.96129567960372,"{""Discount_offered<=10"": 3, ""Weight_in_gms<=2064"": 1, ""Weight_in_gms<=3914"": -1}",,
i21_spat2,hidden_fine,E-CommereShippingData,7,8799,261,ok,0.0288,4,0.507652727578385,,,0.7202857142857143,0.7208682406702208,0.5070763730738572,23.55856102506822,-117.60352790390019,"{""Discount_offered<=10"": 3, ""Discount_offered<=11"": 2, ""Weight_in_gms<=2064"": 1, ""Weight_in_gms<=3914"": -1}",,
i21_spat2,hidden_fine,E-CommereShippingData,10,8799,261,ok,0.0457,6,0.506977486943857,,,0.7423736263736264,0.7395681550637069,0.5077520280815054,0.5951168338662848,-5.59263074844444,"{""Discount_offered<=10"": 5, ""Discount_offered<=11"": 5, ""Weight_in_gms<=1066"": 1, ""Weight_in_gms<=2064"": 5, ""Weight_in_gms<=3914"": -5, ""Weight_in_gms<=4117"": -1}",,
i21_spat2,hidden_fine,Fitness_Club,3,1200,164,ok,0.0044,3,0.46643575836634726,,,0.8066392171964019,0.781061044218939,0.49879175963104017,0.39946307519620683,0.9688140225899976,"{""months_as_member<=6"": -5, ""months_as_member<=11"": -3, ""months_as_member<=21"": -4}",,
i21_spat2,hidden_fine,Fitness_Club,4,1200,164,ok,0.004,4,0.4581264201795103,,,0.8142618758454535,0.7947841632052159,0.4877389540474858,0.5925924681615296,2.2534923094958166,"{""months_as_member<=6"": -3, ""months_as_member<=11"": -2, ""months_as_member<=19"": -2, ""months_as_member<=38"": -3}",,
i21_spat2,hidden_fine,Fitness_Club,5,1200,164,ok,0.0052,5,0.4547598713910752,,,0.8212410846819449,0.809401125190599,0.4793896265661658,0.32253584075889324,2.2898519491098397,"{""months_as_member<=6"": -5, ""months_as_member<=11"": -3, ""months_as_member<=15"": -2, ""months_as_member<=21"": -3, ""months_as_member<=38"": -5}",,
i21_spat2,hidden_fine,Fitness_Club,7,1200,164,ok,0.0088,7,0.45147862339288264,,,0.8268445287018112,0.8044849886955151,0.48384914226655346,0.32487405019482174,2.404149442800102,"{""months_as_member<=6"": -5, ""months_as_member<=11"": -3, ""months_as_member<=15"": -2, ""months_as_member<=21"": -3, ""months_as_member<=38"": -5, ""day_of_week=Mon"": -1, ""day_of_week=Wed"": -2}",,
i21_spat2,hidden_fine,Fitness_Club,10,1200,164,ok,0.0127,10,0.4463590388296285,,,0.8324956966208188,0.7938640307061359,0.4974215168014164,0.35615441563239847,2.9717414389744823,"{""months_as_member<=6"": -5, ""months_as_member<=11"": -3, ""months_as_member<=15"": -2, ""months_as_member<=21"": -3, ""months_as_member<=42"": -5, ""weight<=84.17"": -2, ""weight<=87.37"": 3, ""weight<=89.81"": -2, ""day_of_week=Mon"": -1, ""day_of_week=Wed"": -2}",,
i21_spat2,hidden_fine,GiveMeSomeCredit,3,10000,385,ok,0.0274,3,0.1912350528109245,,,0.8243370099411463,0.8105263968419782,0.19158106335323902,0.3801220175220081,0.43305115241336106,"{""RevolvingUtilizationOfUnsecuredLines<=0.313411"": -4, ""NumberOfTime30-59DaysPastDueNotWorse<=0"": -3, ""NumberOfTimes90DaysLate<=0"": -5}",,
i21_spat2,hidden_fine,GiveMeSomeCredit,4,10000,385,ok,0.0214,4,0.18876620578485032,,,0.8346001458724706,0.8164271542641248,0.18948999105146863,0.3432170803704401,1.0656263158079666,"{""RevolvingUtilizationOfUnsecuredLines<=0.313411"": -4, ""NumberOfTime30-59DaysPastDueNotWorse<=0"": -3, ""NumberOfTimes90DaysLate<=0"": -5, ""NumberOfTime60-89DaysPastDueNotWorse<=0"": -3}",,
i21_spat2,hidden_fine,GiveMeSomeCredit,5,10000,385,ok,0.0244,5,0.18667130745934402,,,0.8467726316588755,0.8265090051358919,0.18939733192029698,0.33470775957289584,0.4690940848968709,"{""RevolvingUtilizationOfUnsecuredLines<=0.313411"": -4, ""age<=57"": 2, ""NumberOfTime30-59DaysPastDueNotWorse<=0"": -3, ""NumberOfTimes90DaysLate<=0"": -5, ""NumberOfTime60-89DaysPastDueNotWorse<=0"": -3}",,
i21_spat2,hidden_fine,GiveMeSomeCredit,7,10000,385,ok,0.0335,7,0.18483402805615737,,,0.8464202854044709,0.828845951474676,0.1871758036929641,0.26070579571425284,1.3598438285219416,"{""RevolvingUtilizationOfUnsecuredLines<=0.313411"": -5, ""RevolvingUtilizationOfUnsecuredLines<=1.00708"": -3, ""age<=57"": 3, ""NumberOfTime30-59DaysPastDueNotWorse<=0"": -4, ""NumberOfTimes90DaysLate<=0"": -5, ""NumberOfTimes90DaysLate<=1"": -3, ""NumberOfTime60-89DaysPastDueNotWorse<=0"": -3}",,
i21_spat2,hidden_fine,GiveMeSomeCredit,10,10000,385,ok,0.0572,10,0.1825705961386732,,,0.85548541203206,0.8364086229598241,0.18599308905127016,0.26030633211703025,2.794603847110809,"{""RevolvingUtilizationOfUnsecuredLines<=0.313411"": -5, ""RevolvingUtilizationOfUnsecuredLines<=1.00708"": -3, ""age<=57"": 3, ""NumberOfTime30-59DaysPastDueNotWorse<=0"": -3, ""NumberOfTime30-59DaysPastDueNotWorse<=1"": -2, ""MonthlyIncome<=5348"": 1, ""NumberOfTimes90DaysLate<=0"": -5, ""NumberOfTimes90DaysLate<=1"": -3, ""NumberRealEstateLoansOrLines<=4"": -5, ""NumberOfTime60-89DaysPastDueNotWorse<=0"": -3}",,
i21_spat2,hidden_fine,hazelnut-contaminant,3,1920,2970,ok,0.0158,3,0.46061515402782743,,,0.8408040364583333,0.8299131944444444,0.47111867588191564,0.5056146550237353,0.8873408320107181,"{""s52<=-0.000857"": 5, ""s53<=0.001785"": -4, ""s53<=0.002461"": -4}",,
i21_spat2,hidden_fine,hazelnut-contaminant,4,1920,2970,ok,0.0176,4,0.4412004290794086,,,0.8681868489583333,0.8698003472222223,0.4356575859311306,0.4882379796819735,0.36518182239483704,"{""s46<=0.00235"": -3, ""s52<=-0.000857"": 5, ""s53<=0.002365"": -4, ""s61<=-0.000807"": 3}",,
i21_spat2,hidden_fine,hazelnut-contaminant,5,1920,2970,ok,0.0212,5,0.41914001437177467,,,0.8856971571180555,0.8745486111111112,0.4342200302117375,0.4636041053970057,-0.5728900797469878,"{""s46<=0.002311"": -3, ""s52<=-0.000893"": 5, ""s52<=-0.000599"": 4, ""s53<=0.002365"": -4, ""s61<=-0.001058"": 3}",,
i21_spat2,hidden_fine,hazelnut-contaminant,7,1920,2970,ok,0.0261,7,0.38649966172767275,,,0.9038736979166666,0.8937152777777778,0.40522536860695424,0.5690523038342505,2.6871224009829455,"{""s41<=-0.000343"": -3, ""s46<=0.002311"": -3, ""s52<=-0.000857"": 4, ""s52<=-0.000599"": 3, ""s53<=0.002365"": -3, ""s61<=-0.001063"": 2, ""s63<=0.001943"": -5}",,
i21_spat2,hidden_fine,hazelnut-contaminant,10,1920,2970,ok,0.0437,10,0.35146354049713474,,,0.9209711371527778,0.8941319444444443,0.40629195036941046,0.7002368893642414,3.7129047800157564,"{""s23<=0.001318"": -2, ""s41<=0.000389"": -2, ""s43<=0.000114"": 2, ""s46<=0.00232"": -3, ""s52<=-0.000857"": 3, ""s52<=-0.000599"": 3, ""s53<=0.002365"": -2, ""s61<=-0.001063"": 2, ""s61<=-0.000807"": 2, ""s63<=0.00199"": -5}",,
i21_spat2,hidden_fine,HR_Analytics,3,10000,208,ok,0.017,3,0.4697631968903641,,,0.7676549484817384,0.7713215053220921,0.4652080304355107,0.48593954320923854,-1.9707074933652684,"{""city_development_index<=0.624"": 4, ""major_discipline=nan"": -2, ""company_size=nan"": 3}",,
i21_spat2,hidden_fine,HR_Analytics,4,10000,208,ok,0.0251,4,0.4676035268383846,,,0.7700044188119165,0.7741901415376301,0.4641906988246582,0.3987423126662525,-1.9546355765583012,"{""city_development_index<=0.624"": 5, ""major_discipline=nan"": -2, ""company_size=nan"": 4, ""last_new_job=never"": -2}",,
i21_spat2,hidden_fine,HR_Analytics,5,10000,208,ok,0.024,5,0.46474730283649934,,,0.7770435349127808,0.7789764753871953,0.4624536463096525,0.38968018617069683,-1.666955420283358,"{""city_development_index<=0.624"": 5, ""enrolled_university=no_enrollment"": -1, ""major_discipline=nan"": -2, ""company_size=nan"": 4, ""last_new_job=never"": -2}",,
i21_spat2,hidden_fine,HR_Analytics,7,10000,208,ok,0.0303,7,0.45995409497451356,,,0.7870017271400735,0.7850763359105022,0.4598455061876597,0.34515468777973346,-2.045593071306248,"{""city=city_103"": 2, ""city_development_index<=0.624"": 5, ""city_development_index<=0.83"": 2, ""enrolled_university=no_enrollment"": -1, ""major_discipline=nan"": -2, ""company_size=nan"": 4, ""last_new_job=never"": -2}",,
i21_spat2,hidden_fine,HR_Analytics,10,10000,208,ok,0.0428,10,0.45626309861244974,,,0.7915861643751024,0.7917453058097045,0.45662473403194126,0.34478745300993363,-1.8108318649403976,"{""city=city_100"": 3, ""city_development_index<=0.624"": 5, ""city_development_index<=0.83"": 2, ""city_development_index<=0.915"": -2, ""city_development_index<=0.92"": 2, ""relevent_experience=Has relevent experience"": -1, ""enrolled_university=no_enrollment"": -1, ""major_discipline=nan"": -3, ""company_size=nan"": 4, ""last_new_job=never"": -2}",,
i21_spat2,hidden_fine,in_vehicle_coupon,3,10000,112,ok,0.0227,3,0.6398995986323498,,,0.6610468290093193,0.6600006913378627,0.6407932044331149,0.5769066010198863,0.4867955148241555,"{""coupon=Restaurant(<20)"": -2, ""coupon=Carry out & Take away"": -2, ""expiration=1d"": -1}",,
i21_spat2,hidden_fine,in_vehicle_coupon,4,10000,112,ok,0.0222,4,0.6312226980148472,,,0.6767009438718441,0.6791295534544393,0.6301484675534975,0.5789684173964547,0.1927197821009626,"{""destination=No Urgent Place"": -1, ""coupon=Restaurant(<20)"": -2, ""coupon=Carry out & Take away"": -2, ""expiration=2h"": 1}",,
i21_spat2,hidden_fine,in_vehicle_coupon,5,10000,112,ok,0.0348,5,0.6227798682681225,,,0.6930002938185917,0.6891735186292727,0.6269416439173136,0.23416511377559093,0.2466892432047167,"{""weather=Sunny"": -3, ""coupon=Restaurant(<20)"": -5, ""coupon=Carry out & Take away"": -5, ""expiration=2h"": 3, ""CoffeeHouse=never"": 3}",,
i21_spat2,hidden_fine,in_vehicle_coupon,7,10000,112,ok,0.0384,7,0.6128936920515669,,,0.7124548918349738,0.7089281719526838,0.6162601956007485,0.23133000401426398,0.9820376017966901,"{""destination=No Urgent Place"": -2, ""weather=Sunny"": -3, ""coupon=Restaurant(<20)"": -5, ""coupon=Carry out & Take away"": -5, ""expiration=1d"": -3, ""CoffeeHouse=less1"": 2, ""CoffeeHouse=never"": 4}",,
i21_spat2,hidden_fine,in_vehicle_coupon,10,10000,112,ok,0.0788,10,0.6051859354699445,,,0.7244346845510119,0.7259093212562262,0.6049334473310537,0.20616216938295126,-0.10435253177187799,"{""destination=No Urgent Place"": -4, ""passenger=Kid(s)"": 3, ""weather=Sunny"": -3, ""coupon=Restaurant(<20)"": -5, ""coupon=Carry out & Take away"": -5, ""coupon=Bar"": 2, ""expiration=2h"": 4, ""CoffeeHouse=less1"": 2, ""CoffeeHouse=never"": 4, ""direction_same=0"": 2}",,
i21_spat2,hidden_fine,Is-this-a-good-customer,3,1378,216,ok,0.0037,3,0.311838893953753,,,0.74953963807467,0.6714429361488184,0.3351355227211546,0.3657301857182583,-2.0467211766347466,"{""credit_term<=10"": -3, ""education=Higher education"": -2, ""product_type=Cell phones"": 4}",,
i21_spat2,hidden_fine,Is-this-a-good-customer,4,1378,216,ok,0.0067,4,0.3080507187991343,,,0.7653249659619088,0.6808697838109603,0.3372747024346666,0.3541196761376098,-2.520143841454618,"{""credit_term<=10"": -3, ""education=Higher education"": -2, ""product_type=Cell phones"": 4, ""is_client=1"": 2}",,
i21_spat2,hidden_fine,Is-this-a-good-customer,5,1378,216,ok,0.0062,5,0.3041087589238982,,,0.7758963364058906,0.6651164739400034,0.34528371038828665,0.33610684614275443,-4.081811756905901,"{""credit_term<=10"": -3, ""age<=54"": 5, ""education=Higher education"": -2, ""product_type=Cell phones"": 4, ""is_client=1"": 2}",,
i21_spat2,hidden_fine,Is-this-a-good-customer,7,1378,216,ok,0.0084,7,0.2969551540620373,,,0.786405108061159,0.651458019105078,0.3563977737850017,0.37165569747836924,-3.9160882800189225,"{""credit_amount<=23000"": -2, ""credit_term<=10"": -2, ""age<=54"": 5, ""education=Higher education"": -2, ""product_type=Cell phones"": 4, ""income<=39000"": 2, ""is_client=0"": -2}",,
i21_spat2,hidden_fine,Is-this-a-good-customer,10,1378,216,ok,0.0194,10,0.29017345195290367,,,0.802852939795615,0.6558991117814646,0.3575440506340214,0.372135873824852,-4.9783093250435915,"{""credit_amount<=23000"": -2, ""credit_term<=10"": -2, ""credit_term<=12"": -1, ""age<=54"": 5, ""sex=male"": -1, ""education=Secondary special education"": 2, ""education=Secondary education"": 3, ""product_type=Cell phones"": 4, ""income<=39000"": 2, ""is_client=1"": 2}",,
i21_spat2,hidden_fine,kddcup09_appetency,3,10000,1148,ok,0.0286,3,0.0764818761383098,,,0.8026435152455278,0.7916315908576601,0.07759899389491016,0.4165706552572506,-4.326760156305799,"{""Var126<=-28"": 3, ""Var126<=-12"": 3, ""Var218=cJvF"": -4}",,
i21_spat2,hidden_fine,kddcup09_appetency,4,10000,1148,ok,0.0481,4,0.07573855856199134,,,0.8221531462275699,0.8247748359357321,0.07754813022113018,0.3124868831408605,-4.15109859414899,"{""Var126<=-28"": 4, ""Var126<=-12"": 4, ""Var218=cJvF"": -5, ""Var28<=213.36"": -2}",,
i21_spat2,hidden_fine,kddcup09_appetency,5,10000,1148,ok,0.0361,5,0.07520644762779784,,,0.8228732677616631,0.7881918986195972,0.07854919405322248,0.28665837718226184,-5.177585307891822,"{""Var126<=-28"": 4, ""Var126<=-12"": 5, ""Var218=cJvF"": -5, ""Var212=NhsEn4L"": 2, ""Var119<=590"": 2}",,
i21_spat2,hidden_fine,kddcup09_appetency,7,10000,1148,ok,0.0458,7,0.07434194104164256,,,0.8344575580158279,0.7994025797691786,0.07862179832136724,0.30456642526372296,-4.5999252839272575,"{""Var126<=-28"": 4, ""Var126<=-12"": 5, ""Var126<=36"": -2, ""Var218=cJvF"": -5, ""Var212=NhsEn4L"": 2, ""Var119<=590"": 2, ""Var28<=213.36"": -2}",,
i21_spat2,hidden_fine,kddcup09_appetency,10,10000,1148,ok,0.0776,10,0.07262805696259557,,,0.8535407786693023,0.7785833899072188,0.08146354796999006,0.5496045408924659,-4.605204595489839,"{""Var126<=-28"": 2, ""Var126<=-12"": 3, ""Var126<=36"": -1, ""Var218=cJvF"": -3, ""Var212=NhsEn4L"": 1, ""Var119<=900"": 5, ""Var119<=1320"": -5, ""Var28<=213.36"": -1, ""Var94<=132201"": -1, ""Var94<=371355"": 2}",,
i21_spat2,hidden_fine,Marketing_Campaign,3,1792,732,ok,0.0078,3,0.34968904789250305,,,0.7450125867256092,0.8082814275081286,0.3196490043414209,0.45926552231329504,1.5529617963781646,"{""Recency<=17"": 3, ""AcceptedCmp3=0"": -4, ""AcceptedCmp5=0"": -5}",,
i21_spat2,hidden_fine,Marketing_Campaign,4,1792,732,ok,0.0078,4,0.33682240525816487,,,0.7848013753300177,0.8172327339679555,0.3151591065672357,0.4224178353819406,1.5572095131415535,"{""Recency<=20"": 3, ""MntGoldProds<=14"": -3, ""AcceptedCmp3=0"": -4, ""AcceptedCmp5=0"": -5}",,
i21_spat2,hidden_fine,Marketing_Campaign,5,1792,732,ok,0.0093,5,0.32688383941033355,,,0.807451341560754,0.8157832882829945,0.3202663017673748,0.43755919130600057,1.4395758937762184,"{""Marital_Status=Single"": 2, ""Recency<=20"": 3, ""MntGoldProds<=14"": -3, ""AcceptedCmp3=0"": -4, ""AcceptedCmp5=0"": -5}",,
i21_spat2,hidden_fine,Marketing_Campaign,7,1792,732,ok,0.0247,7,0.30788552071707537,,,0.8337054092220788,0.8630861440827359,0.28968478240946444,0.5312248241899876,0.8373087159589181,"{""Marital_Status=Single"": 2, ""Recency<=19"": 3, ""NumCatalogPurchases<=0"": -3, ""NumWebVisitsMonth<=5"": -2, ""AcceptedCmp3=0"": -3, ""AcceptedCmp5=1"": 4, ""AcceptedCmp1=0"": -3}",,
i21_spat2,hidden_fine,Marketing_Campaign,10,1792,732,ok,0.0208,10,0.28704323474864574,,,0.8656400810462332,0.8343126885258746,0.32157136857149776,0.35977610967010054,2.8409628910030196,"{""Education=PhD"": 3, ""Marital_Status=Single"": 3, ""Recency<=16"": 3, ""Recency<=61"": 3, ""MntMeatProducts<=256"": -3, ""MntGoldProds<=14"": -4, ""NumWebVisitsMonth<=5"": -4, ""AcceptedCmp3=0"": -5, ""AcceptedCmp5=0"": -5, ""AcceptedCmp1=0"": -4}",,
i21_spat2,hidden_fine,NATICUSdroid,3,5992,80,ok,0.0157,3,0.268260936032401,,,0.940827081554009,0.9450425344675857,0.25664610928203074,0.7525481919196928,-6.845282599972134,"{""android.permission.READ_PHONE_STATE=1"": 5, ""com.google.android.c2dm.permission.RECEIVE=0"": 5, ""com.android.launcher.permission.INSTALL_SHORTCUT=1"": 3}",,
i21_spat2,hidden_fine,NATICUSdroid,4,5992,80,ok,0.0127,4,0.24087086567525057,,,0.956363390050208,0.9553906326390926,0.24352520212662457,0.9257434375963655,-1.6123421594688265,"{""android.permission.READ_PHONE_STATE=0"": -4, ""com.google.android.c2dm.permission.RECEIVE=0"": 4, ""com.android.launcher.permission.INSTALL_SHORTCUT=0"": -3, ""android.permission.READ_EXTERNAL_STORAGE=0"": 2}",,
i21_spat2,hidden_fine,NATICUSdroid,5,5992,80,ok,0.0125,5,0.22709576920195354,,,0.9621806868755894,0.9610315830644373,0.2308385159553744,0.9190351153116305,-3.1535678264461944,"{""android.permission.READ_PHONE_STATE=1"": 4, ""com.google.android.c2dm.permission.RECEIVE=0"": 4, ""com.android.launcher.permission.INSTALL_SHORTCUT=0"": -3, ""com.android.vending.BILLING=1"": -2, ""android.permission.READ_EXTERNAL_STORAGE=1"": -2}",,
i21_spat2,hidden_fine,NATICUSdroid,7,5992,80,ok,0.0183,7,0.21246156469560976,,,0.968801456101746,0.9663821257455754,0.2201462700292385,0.9610867334788873,-0.4875390350685838,"{""android.permission.READ_PHONE_STATE=0"": -4, ""com.google.android.c2dm.permission.RECEIVE=1"": -4, ""com.android.launcher.permission.INSTALL_SHORTCUT=0"": -2, ""com.android.vending.BILLING=0"": 2, ""android.permission.READ_EXTERNAL_STORAGE=0"": 2, ""android.permission.RECEIVE_BOOT_COMPLETED=1"": 1, ""android.permission.BLUETOOTH=1"": -2}",,
i21_spat2,hidden_fine,NATICUSdroid,10,5992,80,ok,0.0309,10,0.19446167843096646,,,0.9736416874107482,0.9726625598904859,0.19842492548658702,0.9383651116707211,-3.876925986771747,"{""android.permission.READ_PHONE_STATE=0"": -4, ""com.google.android.c2dm.permission.RECEIVE=0"": 4, ""com.android.launcher.permission.INSTALL_SHORTCUT=0"": -2, ""com.android.vending.BILLING=1"": -2, ""android.permission.READ_EXTERNAL_STORAGE=0"": 2, ""android.permission.GET_TASKS=1"": 1, ""android.permission.RECEIVE_BOOT_COMPLETED=1"": 1, ""android.permission.ACCESS_COARSE_LOCATION=1"": 1, ""android.permission.CAMERA=0"": 1, ""android.permission.BLUETOOTH=1"": -2}",,
i21_spat2,hidden_fine,online_shoppers_intention,3,9864,457,ok,0.0341,3,0.25419795504171205,,,0.9030128449169382,0.8829023927003045,0.274914505407797,0.629081674613393,0.6984783628349426,"{""PageValues<=0"": -5, ""PageValues<=21.7407"": -2, ""Month=Nov"": 2}",,
i21_spat2,hidden_fine,online_shoppers_intention,4,9864,457,ok,0.0256,4,0.24839261094898532,,,0.9098997091117834,0.8857689099697522,0.2707134244143898,1.1425844323440635,1.7807352317015401,"{""PageValues<=0"": -3, ""PageValues<=28.9418"": -1, ""Month=Nov"": 1, ""VisitorType=Returning_Visitor"": -1}",,
i21_spat2,hidden_fine,online_shoppers_intention,5,9864,457,ok,0.0357,5,0.24630870687599507,,,0.912804465148272,0.8903098652410286,0.2697464750531107,0.6163718261076643,-0.09462014354058375,"{""ExitRates<=0.0777778"": 3, ""PageValues<=0"": -5, ""PageValues<=21.7407"": -2, ""Month=Nov"": 2, ""VisitorType=Returning_Visitor"": -2}",,
i21_spat2,hidden_fine,online_shoppers_intention,7,9864,457,ok,0.0383,7,0.242676489105226,,,0.9151562019109403,0.8912174282240154,0.26615727043684534,0.5849901935482847,-0.2017218933621949,"{""Administrative<=6"": 1, ""ExitRates<=0.0777778"": 3, ""PageValues<=0"": -5, ""PageValues<=8.17473"": -1, ""PageValues<=28.9418"": -2, ""Month=Nov"": 2, ""VisitorType=Returning_Visitor"": -2}",,
i21_spat2,hidden_fine,online_shoppers_intention,10,9864,457,ok,0.0619,10,0.24008890862627633,,,0.9184271617854682,0.8953884495181438,0.26343622788132415,0.5789731372536954,-0.7444712221172,"{""Administrative<=6"": 1, ""ProductRelated<=1"": 2, ""ProductRelated_Duration<=4339.53"": -1, ""BounceRates<=0.0126984"": 1, ""ExitRates<=0.0833333"": 4, ""PageValues<=0"": -5, ""PageValues<=9.55063"": -1, ""PageValues<=28.9418"": -2, ""Month=Nov"": 2, ""VisitorType=Returning_Visitor"": -2}",,
i21_spat2,hidden_fine,polish_companies_bankruptcy,3,4728,3928,ok,0.0357,3,0.15328786394991553,,,0.858995288248337,0.8526496674057651,0.15524279783128833,1.3107506009730672,-4.10452330009971,"{""sales_growth_ratio missing"": 5, ""operating_profit_to_financial_expenses missing"": 2, ""sales_profit_to_total_assets<=-0.029501"": 2}",,
i21_spat2,hidden_fine,polish_companies_bankruptcy,4,4728,3928,ok,0.0609,4,0.14523560409272954,,,0.8888504711751664,0.8955376940133037,0.14368401426825403,1.2775802960989668,-4.769992472584068,"{""sales_growth_ratio missing"": 5, ""operating_profit_to_financial_expenses missing"": 2, ""sales_profit_to_total_assets<=-0.029501"": 2, ""current_assets_minus_inventory_to_short_term_liabilities<=0.85923"": 1}",,
i21_spat2,hidden_fine,polish_companies_bankruptcy,5,4728,3928,ok,0.0473,5,0.13883736873573285,,,0.9014644539911307,0.9027050997782706,0.14280495312099806,1.2102774401376204,-4.982791187271316,"{""sales_growth_ratio missing"": 5, ""sales_growth_ratio<=0.87412"": 1, ""operating_profit_to_financial_expenses missing"": 2, ""sales_profit_to_total_assets<=-0.029501"": 2, ""current_assets_minus_inventory_to_short_term_liabilities<=0.85923"": 1}",,
i21_spat2,hidden_fine,polish_companies_bankruptcy,7,4728,3928,ok,0.0914,7,0.13318321032223915,,,0.914637610864745,0.9000886917960088,0.14246460755219154,1.3427041785187381,-5.590194415352804,"{""sales_growth_ratio missing"": 5, ""sales_growth_ratio<=0.87412"": 1, ""operating_profit_to_financial_expenses missing"": 2, ""sales_profit_to_total_assets<=-0.029501"": 2, ""operating_profit_to_total_assets<=0.007673"": -1, ""gross_profit_plus_depreciation_to_sales<=0.060892"": 1, ""current_assets_minus_inventory_to_short_term_liabilities<=0.85923"": 1}",,
i21_spat2,hidden_fine,polish_companies_bankruptcy,10,4728,3928,ok,0.0803,10,0.12542244080847822,,,0.9226091324833703,0.9157760532150776,0.1362061306521006,1.2680761281106951,-4.693553707533392,"{""sales_growth_ratio missing"": 5, ""sales_growth_ratio<=0.76336"": 1, ""operating_profit_to_financial_expenses missing"": 3, ""operating_profit_to_financial_expenses<=-1.2334"": 1, ""sales_profit_to_total_assets<=-0.029501"": 2, ""operating_profit_to_total_assets<=0.007673"": -1, ""three_year_gross_profit_to_total_assets missing"": -4, ""three_year_gross_profit_to_total_assets<=0.84225"": -1, ""current_assets_minus_inventory_to_short_term_liabilities<=0.85923"": 1, ""constant_capital_to_total_assets<=0.69154"": 1}",,
i21_spat2,hidden_fine,qsar-biodeg,3,843,1525,ok,0.0072,3,0.4307288765650146,,,0.8524465217062662,0.8193158953722335,0.4762761418050653,0.5815239715568313,-2.062248008105779,"{""Weighted_LeadingEigenvalue_Burden_Matrix<=3.813"": 4, ""Adjacency_LeadingEigenvalue<=2.152"": 3, ""Sum_dO_EStates<=0"": -3}",,
i21_spat2,hidden_fine,qsar-biodeg,4,843,1525,ok,0.0088,4,0.39277248579729257,,,0.8788612713850186,0.8561871227364185,0.4294908632629002,0.48159387098397927,-3.7224945513375123,"{""Weighted_LeadingEigenvalue_Burden_Matrix<=3.648"": 5, ""Laplace_Leading_Eigenvalue<=5.098"": 4, ""Sum_dO_EStates<=0"": -4, ""Freq_CN_At_Dist2<=1"": 4}",,
i21_spat2,hidden_fine,qsar-biodeg,5,843,1525,ok,0.0098,5,0.373604607848859,,,0.8927001184207212,0.8572937625754526,0.42596149594508675,0.5092663245060732,-4.9685523192269505,"{""Weighted_LeadingEigenvalue_Burden_Matrix<=3.592"": 4, ""Weighted_SpectralMoment6_Burden_Matrix<=8.491"": 3, ""Sum_dO_EStates<=0"": -4, ""Num_Nitrogen_Atoms<=0"": 4, ""Num_ssssC_Atoms<=0"": 5}",,
i21_spat2,hidden_fine,qsar-biodeg,7,843,1525,ok,0.0195,7,0.3455714564599396,,,0.9114143717402805,0.8577464788732394,0.42967733025989413,1.0942641471100534,-7.887726821821236,"{""Weighted_LeadingEigenvalue_Burden_Matrix<=3.592"": 2, ""Num_Substituted_BenzeneC<=3"": 3, ""Sum_dO_EStates<=0"": -2, ""Weighted_HyperWiener_Index_Burden_Matrix<=3.261"": 1, ""Num_Nitrogen_Atoms<=0"": 2, ""Num_ssssC_Atoms<=0"": 3, ""Num_HBond_Donors_Atoms<=0"": -1}",,
i21_spat2,hidden_fine,qsar-biodeg,10,843,1525,ok,0.0199,10,0.3189906002409472,,,0.9277570611504448,0.8926559356136821,0.3769630404413807,0.6479429877870048,-11.113238560746783,"{""Weighted_LeadingEigenvalue_Burden_Matrix<=3.592"": 3, ""Num_Substituted_BenzeneC<=3"": 4, ""Sum_dO_EStates<=0"": -3, ""Weighted_HyperWiener_Index_Burden_Matrix<=3.261"": 2, ""Sum_dssC_EStates<=-0.855"": 2, ""Num_Nitrogen_Atoms<=0"": 3, ""Num_Nitrogen_Atoms<=1"": 2, ""Num_Halogen_Atoms<=1"": 4, ""Num_ssssC_Atoms<=0"": 5, ""Num_HBond_Donors_Atoms<=0"": -1}",,
i21_spat2,hidden_fine,seismic-bumps,3,2067,479,ok,0.0094,3,0.20594262981549422,,,0.7861459317025619,0.7241809767385214,0.22131318820811172,0.2620079427588176,-0.7549759891528449,"{""genergy<=16840"": -5, ""gpuls<=1133"": -4, ""nbumps<=1"": -5}",,
i21_spat2,hidden_fine,seismic-bumps,4,2067,479,ok,0.0069,4,0.20308788304998954,,,0.7982796173881257,0.7138290098648156,0.22636036306418617,0.3497729772549646,-1.1858260586112328,"{""genergy<=16840"": -4, ""gpuls<=1133"": -3, ""gdpuls<=21"": 2, ""nbumps<=1"": -4}",,
i21_spat2,hidden_fine,seismic-bumps,5,2067,479,ok,0.0119,5,0.2018267146324363,,,0.8052022725195723,0.6961088783339422,0.22910436208871662,0.2570583820692861,-1.535230043185273,"{""seismic=b"": 2, ""genergy<=18400"": -5, ""gpuls<=1133"": -4, ""gdpuls<=21"": 3, ""nbumps<=1"": -5}",,
i21_spat2,hidden_fine,seismic-bumps,7,2067,479,ok,0.0152,7,0.1992644448814894,,,0.8143639382215859,0.7051820728291316,0.23339783776198816,0.4215856273150303,-2.196320667283196,"{""genergy<=16840"": -4, ""gpuls<=1133"": -3, ""gdenergy<=-54"": 2, ""gdenergy<=110"": -3, ""gdenergy<=197"": 5, ""gdpuls<=21"": 2, ""nbumps<=1"": -3}",,
i21_spat2,hidden_fine,seismic-bumps,10,2067,479,ok,0.0385,10,0.1947224471276742,,,0.8233847138026624,0.6979965899403239,0.23449582790558973,0.47775738707195203,-2.466837695701999,"{""seismic=b"": 1, ""genergy<=18400"": -3, ""gpuls<=1133"": -2, ""gdenergy<=-73"": 2, ""gdenergy<=-37"": 1, ""gdenergy<=197"": 4, ""gdpuls<=4"": -3, ""gdpuls<=9"": 4, ""gdpuls<=92"": -2, ""nbumps<=1"": -3}",,
i21_spat2,hidden_fine,taiwanese_bankruptcy,3,5455,3919,ok,0.0754,3,0.08980801609068735,,,0.9242286116516557,0.8557076446280991,0.10449196081071375,0.496483146759966,-3.901292925271642,"{""Debt_Ratio_Percent<=0.161774"": -5, ""Continuous_Interest_Rate_After_Tax<=0.781567"": 4, ""NonIndustry_Income_Expenditure_Revenue<=0.303453"": 3}",,
i21_spat2,hidden_fine,taiwanese_bankruptcy,4,5455,3919,ok,0.0746,4,0.08718710505052586,,,0.9324784954106322,0.8830148071625344,0.10155371288556574,0.6280017608387565,-8.363988405143699,"{""Persistent_EPS_Last_4_Seasons<=0.226624"": 5, ""Net_Worth_to_Assets<=0.838196"": 4, ""Continuous_Interest_Rate_After_Tax<=0.781454"": 2, ""NonIndustry_Income_Expenditure_Revenue<=0.303453"": 2}",,
i21_spat2,hidden_fine,taiwanese_bankruptcy,5,5455,3919,ok,0.0597,5,0.0848101586669724,,,0.9344163839570168,0.8667613636363637,0.10174400494213444,0.5108964190577701,-3.9960061008441485,"{""Persistent_EPS_Last_4_Seasons<=0.200908"": 2, ""Debt_Ratio_Percent<=0.161774"": -4, ""Retained_Earnings_to_Total_Assets<=0.910048"": 3, ""DFL<=0.0266054"": 3, ""NonIndustry_Income_Expenditure_Revenue<=0.303453"": 3}",,
i21_spat2,hidden_fine,taiwanese_bankruptcy,7,5455,3919,ok,0.0844,7,0.08008255390143369,,,0.9485950980729821,0.8977186639118457,0.0996621418559408,0.465741869240778,-5.210541010975593,"{""Persistent_EPS_Last_4_Seasons<=0.200908"": 3, ""Debt_Ratio_Percent<=0.161774"": -4, ""ROA_C_Before_Interest_Depreciation<=0.506654"": 5, ""Retained_Earnings_to_Total_Assets<=0.910048"": 3, ""DFL<=0.0266054"": 4, ""DFL<=0.0271899"": -3, ""NonIndustry_Income_Expenditure_Revenue<=0.303453"": 3}",,
i21_spat2,hidden_fine,taiwanese_bankruptcy,10,5455,3919,ok,0.1281,10,0.07726131233923364,,,0.952691517849455,0.9041064049586777,0.1012106801907527,0.7851180034596951,-9.035854455840518,"{""Persistent_EPS_Last_4_Seasons<=0.178973"": 1, ""Persistent_EPS_Last_4_Seasons<=0.20242"": 1, ""Net_Worth_to_Assets<=0.838196"": 2, ""Retained_Earnings_to_Total_Assets<=0.910048"": 2, ""DFL<=0.0266054"": 2, ""DFL<=0.0271899"": -2, ""ROA_B_Before_Interest_Depreciation_After_Tax<=0.565501"": 5, ""NonIndustry_Income_Expenditure_Revenue<=0.303453"": 2, ""Working_Capital_to_Total_Assets<=0.711806"": 1, ""Gross_Profit_to_Sales<=0.604286"": 1}",,
i21_spat2,hidden_fine,jm1,3,8708,1045,ok,0.0291,3,0.4438372752932601,,,0.7017691341421215,0.6859860187534831,0.4517849155383205,0.2844520399561385,-0.21939239567221439,"{""loc<=5"": -4, ""loc<=32"": -3, ""loc<=68"": -3}",,
i21_spat2,hidden_fine,jm1,4,8708,1045,ok,0.0332,4,0.44122526277070406,,,0.7137039764639372,0.6979091705939324,0.44954433604006055,0.21892140406471902,-0.19940355338269536,"{""loc<=32"": -3, ""loc<=68"": -4, ""l<=0"": 4, ""lOBlank<=1"": -4}",,
i21_spat2,hidden_fine,jm1,5,8708,1045,ok,0.0314,5,0.44029363253123927,,,0.7113011888449609,0.6884336837662794,0.4519602584088925,0.21071095413752636,0.5091720270454098,"{""loc<=43"": -4, ""iv(g)<=9"": -3, ""lOBlank<=1"": -5, ""uniq_Op<=0"": 5, ""uniq_Opnd<=59"": -3}",,
i21_spat2,hidden_fine,jm1,7,8708,1045,ok,0.0548,7,0.43742889957991626,,,0.7255088515859928,0.6997454266065719,0.45055271341606984,0.22342922729908188,0.9512426708648752,"{""loc<=22"": -3, ""loc<=43"": -3, ""iv(g)<=9"": -3, ""l<=0"": 5, ""l<=0.09"": -2, ""lOBlank<=1"": -4, ""uniq_Opnd<=59"": -3}",,
i21_spat2,hidden_fine,jm1,10,8708,1045,ok,0.0591,10,0.43276030789336645,,,0.7339107916295378,0.6993822334283812,0.451583768811905,0.29252614030673424,0.8410352095088135,"{""loc<=5"": -4, ""loc<=22"": -2, ""loc<=43"": -2, ""loc<=68"": -2, ""iv(g)<=9"": -2, ""l<=0.09"": -1, ""lOBlank<=1"": -3, ""uniq_Opnd<=59"": -3, ""total_Op<=10"": 3, ""total_Opnd<=106"": 2}",,
i30_final,hidden_fine,Amazon_employee_access,3,10000,107,ok,0.0045,3,0.21658596921283446,,,0.5696542230371682,0.6045698806647631,0.21258276999079218,0.501267916148029,-2.953083541478502,"{""ROLE_ROLLUP_2=118052"": 2, ""ROLE_FAMILY=292795"": 2, ""ROLE_FAMILY=19793"": 3}",,
i30_final,hidden_fine,Amazon_employee_access,4,10000,107,ok,0.0051,4,0.21516535347102017,,,0.5985755740996073,0.6288117724577202,0.2114003860372587,0.3740931573783132,-3.048561491326786,"{""ROLE_ROLLUP_2=118052"": 3, ""ROLE_FAMILY=19721"": 2, ""ROLE_FAMILY=292795"": 3, ""ROLE_FAMILY=19793"": 4}",,
i30_final,hidden_fine,Amazon_employee_access,5,10000,107,ok,0.0055,5,0.21432259633427406,,,0.6061517108271879,0.6378753935134344,0.21003699900643819,0.5462973344309265,-3.00101560899907,"{""RESOURCE=4675"": -5, ""ROLE_ROLLUP_2=118052"": 2, ""ROLE_FAMILY=19721"": 1, ""ROLE_FAMILY=292795"": 2, ""ROLE_FAMILY=19793"": 3}",,
i30_final,hidden_fine,Amazon_employee_access,7,10000,107,ok,0.007,7,0.21280015209414513,,,0.6304791834066363,0.6537623544915441,0.21081145998731626,0.44634472209943565,-3.166044826226136,"{""RESOURCE=4675"": -5, ""ROLE_ROLLUP_2=118052"": 2, ""ROLE_TITLE=118396"": 3, ""ROLE_FAMILY_DESC=117906"": 1, ""ROLE_FAMILY=19721"": 2, ""ROLE_FAMILY=292795"": 3, ""ROLE_FAMILY=19793"": 4}",,
i30_final,hidden_fine,Amazon_employee_access,10,10000,107,ok,0.0096,10,0.21081775889054793,,,0.6493341868999162,0.6591229226151256,0.2102050192732704,0.46963699592420793,-3.1890679850278114,"{""RESOURCE=4675"": -5, ""ROLE_ROLLUP_1=119062"": 3, ""ROLE_ROLLUP_2=118052"": 2, ""ROLE_TITLE=117905"": -1, ""ROLE_TITLE=118777"": 2, ""ROLE_TITLE=118396"": 3, ""ROLE_FAMILY_DESC=117906"": 1, ""ROLE_FAMILY=19721"": 2, ""ROLE_FAMILY=292795"": 3, ""ROLE_FAMILY=19793"": 4}",,
i30_final,hidden_fine,APSFailure,3,10000,3979,ok,0.0751,3,0.03901488351469301,,,0.9780775123660914,0.9774292826431319,0.04617036364303551,0.5142456806581679,0.13853370002440757,"{""aa_000<=161060"": -5, ""bj_000<=2.97647e+06"": -5, ""az_002<=5762"": -4}",,
i30_final,hidden_fine,APSFailure,4,10000,3979,ok,0.0915,4,0.037234322914371065,,,0.9800308230913233,0.9709708078750848,0.04759643541391854,0.6806554041362273,0.5851923954515997,"{""bt_000<=586768"": -2, ""aa_000<=102706"": -4, ""bj_000<=2.97647e+06"": -3, ""az_002<=5762"": -3}",,
i30_final,hidden_fine,APSFailure,5,10000,3979,ok,0.1404,5,0.035502262116862894,,,0.977351104719174,0.9757863770083729,0.04506392874101316,0.80440894780404,1.3170197563562092,"{""bt_000<=102435"": -4, ""bj_000<=2.97647e+06"": -3, ""bx_000 missing"": -3, ""az_002<=5762"": -2, ""ee_005<=5.18153e+06"": -2}",,
i30_final,hidden_fine,APSFailure,7,10000,3979,ok,0.1173,7,0.03413582406131137,,,0.9832169449353744,0.9743064041638381,0.044328529773633045,0.756813304907301,1.232560890441844,"{""bt_000<=160363"": -2, ""ci_000<=3.20124e+06"": -5, ""bj_000<=2.97647e+06"": -3, ""bx_000 missing"": -3, ""az_002<=5762"": -3, ""ee_005<=5.18153e+06"": -2, ""ee_001<=615564"": 2}",,
i30_final,hidden_fine,APSFailure,10,10000,3979,ok,0.151,10,0.031807470012493344,,,0.9864745259360166,0.9747001584068795,0.0473141452436649,0.7252439836253163,1.5030559192174193,"{""bt_000<=160363"": -2, ""ci_000<=3.20124e+06"": -4, ""bj_000<=2.97647e+06"": -2, ""ck_000<=4.89284e+06"": -2, ""cs_004<=387784"": -3, ""bx_000 missing"": -3, ""az_002<=5762"": -3, ""ba_000<=7.38398e+06"": 2, ""ee_005<=5.18153e+06"": -3, ""ee_001<=615564"": 3}",,
i30_final,hidden_fine,Bank_Customer_Churn,3,8000,324,ok,0.0142,3,0.39169834970183276,,,0.7929535976731419,0.7873512958258722,0.39554092666195245,0.8306484659215624,2.5221971846718003,"{""age<=41"": -2, ""products_number<=1"": 2, ""products_number<=2"": -5}",,
i30_final,hidden_fine,Bank_Customer_Churn,4,8000,324,ok,0.0144,4,0.37741949146002524,,,0.8187578372547699,0.8105509207204123,0.38216205647970936,0.8722412340273916,2.305998650333186,"{""age<=42"": -2, ""products_number<=1"": 2, ""products_number<=2"": -5, ""active_member=0"": 1}",,
i30_final,hidden_fine,Bank_Customer_Churn,5,8000,324,ok,0.017,5,0.36802277485632623,,,0.8296680182219183,0.8243806209907903,0.37044165362086556,0.8706006576719009,2.909006213539207,"{""country=Germany"": 1, ""age<=42"": -2, ""products_number<=1"": 2, ""products_number<=2"": -5, ""active_member=1"": -1}",,
i30_final,hidden_fine,Bank_Customer_Churn,7,8000,324,ok,0.0251,7,0.3602065012938404,,,0.8381505041846848,0.8358520307672851,0.36260612291903316,0.7953246077924779,1.4689191670461064,"{""country=Germany"": 1, ""age<=38"": -1, ""age<=44"": -2, ""age<=64"": 2, ""products_number<=1"": 2, ""products_number<=2"": -5, ""active_member=1"": -1}",,
i30_final,hidden_fine,Bank_Customer_Churn,10,8000,324,ok,0.0617,10,0.3533712875606135,,,0.8472568404426424,0.8409017646305781,0.3573216845249159,0.8105339230995089,1.897890514491191,"{""country=Germany"": 1, ""gender=Female"": 1, ""age<=38"": -1, ""age<=42"": -1, ""age<=46"": -1, ""age<=64"": 2, ""balance<=177640"": -1, ""products_number<=1"": 2, ""products_number<=2"": -5, ""active_member=1"": -1}",,
i30_final,hidden_fine,Bioresponse,3,3000,2777,ok,0.0275,3,0.5444732147899204,,,0.7853363063489343,0.7647384435175133,0.5684376020634457,1.0270868900467196,1.0248638162512098,"{""D27=1"": -2, ""D84<=0.114354"": -1, ""D88<=0.0947"": 1}",,
i30_final,hidden_fine,Bioresponse,4,3000,2777,ok,0.0211,4,0.5341918199798001,,,0.7976803494919804,0.7756699617164733,0.5600374271467868,0.4935771322808476,0.8698090706882583,"{""D27=1"": -4, ""D14<=0.066"": 3, ""D84<=0.109183"": -2, ""D88<=0.0947"": 2}",,
i30_final,hidden_fine,Bioresponse,5,3000,2777,ok,0.0237,5,0.5289238403574305,,,0.8057338584009551,0.7805303982629566,0.5606498142660102,0.34268055270901926,0.24579057834603973,"{""D27=1"": -5, ""D14<=0.066"": 4, ""D84<=0.109183"": -3, ""D88<=0.0878"": 3, ""D469<=0.0833"": 2}",,
i30_final,hidden_fine,Bioresponse,7,3000,2777,ok,0.0335,7,0.5216102632831496,,,0.8159143925499727,0.7932475287126449,0.5515747870865814,0.41983967773606967,1.5148418275083642,"{""D27=1"": -4, ""D15<=0.504973"": -1, ""D54<=0.220518"": -4, ""D14<=0.066"": 3, ""D84<=0.109183"": -2, ""D88<=0.0947"": 3, ""D469<=0.0833"": 2}",,
i30_final,hidden_fine,Bioresponse,10,3000,2777,ok,0.0409,10,0.5128298890367818,,,0.8227520747617029,0.792036883606651,0.5545494845282191,0.3373266241218928,1.9811672028650533,"{""D27=1"": -5, ""D15<=0.508217"": -1, ""D54<=0.220518"": -5, ""D14<=0.066"": 3, ""D67<=0.0782"": -2, ""D84<=0.109183"": -3, ""D5<=0.225141"": -2, ""D88<=0.0878"": 2, ""D88<=0.177365"": 2, ""D469<=0.0833"": 3}",,
i30_final,hidden_fine,blood-transfusion,3,598,99,ok,0.0022,3,0.47227958180263785,,,0.73878026933531,0.7133284600389863,0.493291365455067,0.30088725067438615,-1.7726211606822364,"{""MonthsSinceLastDonation<=5"": 4, ""NumberOfDonations<=4"": -5, ""MonthsSinceFirstDonation<=43"": 3}",,
i30_final,hidden_fine,blood-transfusion,4,598,99,ok,0.0037,4,0.4599105377529783,,,0.7520694341487522,0.704069200779727,0.505416571304978,0.4104606392271012,-1.1473598684650168,"{""MonthsSinceLastDonation<=5"": 3, ""NumberOfDonations<=4"": -3, ""TotalBloodDonated<=3000"": -4, ""MonthsSinceFirstDonation<=53"": 4}",,
i30_final,hidden_fine,blood-transfusion,5,598,99,ok,0.0034,5,0.45610747874517305,,,0.7616289844329134,0.7035818713450294,0.5148427350688248,0.34000730760622305,-1.263387105245868,"{""MonthsSinceLastDonation<=5"": 4, ""NumberOfDonations<=4"": -3, ""NumberOfDonations<=12"": -5, ""MonthsSinceFirstDonation<=2"": -4, ""MonthsSinceFirstDonation<=53"": 5}",,
i30_final,hidden_fine,blood-transfusion,7,598,99,ok,0.0048,7,0.4496557270533915,,,0.7731344205584384,0.7077241715399609,0.5065029331681458,0.3577961557136463,-1.1218645624834251,"{""MonthsSinceLastDonation<=5"": 3, ""NumberOfDonations<=1"": -2, ""NumberOfDonations<=4"": -3, ""NumberOfDonations<=6"": -2, ""NumberOfDonations<=12"": -4, ""MonthsSinceFirstDonation<=22"": 2, ""MonthsSinceFirstDonation<=53"": 5}",,
i30_final,hidden_fine,blood-transfusion,10,598,99,ok,0.01,10,0.43975961133417607,,,0.7914350135903139,0.6896929824561403,0.5334794494511416,0.29794035015528725,-1.5584024504709317,"{""MonthsSinceLastDonation<=5"": 3, ""MonthsSinceLastDonation<=14"": 2, ""NumberOfDonations<=2"": -4, ""NumberOfDonations<=12"": -5, ""TotalBloodDonated<=1000"": -2, ""TotalBloodDonated<=1500"": -2, ""MonthsSinceFirstDonation<=2"": -4, ""MonthsSinceFirstDonation<=12"": 3, ""MonthsSinceFirstDonation<=43"": 3, ""MonthsSinceFirstDonation<=53"": 4}",,
i30_final,hidden_fine,churn,3,4000,1131,ok,0.0127,3,0.3040339428089002,,,0.8212100569857442,0.8188186824527943,0.3025362719617639,0.5190491302182283,2.280400161245064,"{""international_plan=1"": 4, ""total_day_minutes<=253.1"": -5, ""number_customer_service_calls<=3"": -5}",,
i30_final,hidden_fine,churn,4,4000,1131,ok,0.013,4,0.2967901369276622,,,0.8425964322684606,0.8433235082852402,0.29116826546464686,0.5282837043034879,1.5147906949243763,"{""international_plan=1"": 4, ""voice_mail_plan=0"": 2, ""total_day_minutes<=253.1"": -5, ""number_customer_service_calls<=3"": -5}",,
i30_final,hidden_fine,churn,5,4000,1131,ok,0.0162,5,0.28943188017851845,,,0.8634899189357722,0.8481658534168874,0.2953311562129633,0.5432272026159972,4.647921371311879,"{""international_plan=0"": -4, ""voice_mail_plan=0"": 2, ""total_day_minutes<=253.1"": -5, ""total_eve_minutes<=251.2"": -2, ""number_customer_service_calls<=3"": -5}",,
i30_final,hidden_fine,churn,7,4000,1131,ok,0.0261,7,0.2800856798709407,,,0.8705686329389539,0.8656362750683212,0.27662445173899536,0.5450097153183903,7.15926905645337,"{""international_plan=0"": -4, ""voice_mail_plan=0"": 2, ""total_day_minutes<=289.1"": -4, ""total_day_charge<=41.77"": -4, ""total_eve_minutes<=251.2"": -2, ""total_intl_minutes<=13.2"": -2, ""number_customer_service_calls<=3"": -5}",,
i30_final,hidden_fine,churn,10,4000,1131,ok,0.0308,10,0.27081350980600905,,,0.8831228867014741,0.8762456757403876,0.26810539666559335,0.5968140389523339,6.167174788606435,"{""international_plan=1"": 4, ""voice_mail_plan=1"": -2, ""total_day_minutes<=221.9"": -1, ""total_day_minutes<=249.6"": -3, ""total_day_minutes<=289.1"": -3, ""total_eve_minutes<=251.2"": -2, ""total_night_charge<=7.46"": -1, ""total_intl_minutes<=13.2"": -2, ""total_intl_calls<=2"": 1, ""number_customer_service_calls<=3"": -5}",,
i30_final,hidden_fine,coil2000_insurance_policies,3,7857,246,ok,0.0163,3,0.20524120713763552,,,0.7263726806450383,0.7403846153846154,0.20397821492435045,0.4204045932352338,-1.1498258027904675,"{""contributionCarPolicies<=5"": -3, ""purchasingPowerClass<=6"": -2, ""contributionFirePolicies<=2"": -2}",,
i30_final,hidden_fine,coil2000_insurance_policies,4,7857,246,ok,0.0204,4,0.2037731268834351,,,0.7372743560409724,0.7488067488067489,0.203130323607654,0.2507301827457803,-1.078097542656011,"{""contributionCarPolicies<=5"": -5, ""purchasingPowerClass<=6"": -3, ""contributionFirePolicies<=2"": -3, ""averageIncome<=3"": -2}",,
i30_final,hidden_fine,coil2000_insurance_policies,5,7857,246,ok,0.0237,5,0.20249253112167231,,,0.7439187098770207,0.7516488141488142,0.20275858128071725,0.4122949403061201,-0.9997667701254324,"{""contributionCarPolicies<=5"": -3, ""purchasingPowerClass<=6"": -2, ""contributionFirePolicies<=2"": -2, ""numberOfThirdPartyInsuranceAgriculture=1"": -5, ""averageIncome<=3"": -1}",,
i30_final,hidden_fine,coil2000_insurance_policies,7,7857,246,ok,0.0301,7,0.2010020194395058,,,0.7531147437843653,0.7560263810263811,0.20218519392309572,0.424375977156827,-1.3678648965737654,"{""contributionCarPolicies<=5"": -3, ""purchasingPowerClass<=6"": -1, ""contributionFirePolicies<=2"": -2, ""oneCar<=6"": -1, ""numberOfThirdPartyInsuranceAgriculture=1"": -5, ""farmer<=0"": 1, ""averageIncome<=3"": -1}",,
i30_final,hidden_fine,coil2000_insurance_policies,10,7857,246,ok,0.0692,10,0.1992420127140036,,,0.7595160942137483,0.7500531875531875,0.2046432602550692,0.4149610638095886,-1.2824143883090864,"{""contributionCarPolicies<=5"": -3, ""purchasingPowerClass<=6"": -1, ""customerMainType=Living well"": -2, ""contributionFirePolicies<=2"": -2, ""oneCar<=6"": -1, ""noCar<=1"": -1, ""lowerLevelEducation<=2"": 1, ""numberOfThirdPartyInsuranceAgriculture=1"": -5, ""farmer<=0"": 1, ""averageIncome<=3"": -1}",,
i30_final,hidden_fine,credit-g,3,800,226,ok,0.0032,3,0.535546878703165,,,0.7185863095238095,0.7360714285714287,0.5290164243948341,0.33264669706598515,1.033160613495658,"{""checking_status=no checking account"": -5, ""duration_months<=11"": -3, ""credit_amount<=8947"": -4}",,
i30_final,hidden_fine,credit-g,4,800,226,ok,0.0037,4,0.5253631839566748,,,0.7451004464285715,0.7661309523809523,0.5096589749009145,0.7629137591775519,-0.39789080418586154,"{""checking_status=no checking account"": -2, ""duration_months<=15"": -1, ""credit_history=critical account / other credits existing"": -1, ""savings_status=< 100 DM"": 1}",,
i30_final,hidden_fine,credit-g,5,800,226,ok,0.0042,5,0.5167323369709709,,,0.756781994047619,0.7638690476190476,0.5180535068443952,0.7938801882939992,-0.31031228045735465,"{""checking_status=no checking account"": -2, ""duration_months<=15"": -1, ""credit_history=critical account / other credits existing"": -1, ""savings_status=< 100 DM"": 1, ""other_debtors=guarantor"": -2}",,
i30_final,hidden_fine,credit-g,7,800,226,ok,0.007,7,0.5028739529512366,,,0.7737202380952382,0.7519642857142859,0.5327745900654309,0.3735967381072488,1.011999049638154,"{""checking_status=no checking account"": -4, ""duration_months<=11"": -3, ""credit_history=critical account / other credits existing"": -2, ""credit_purpose=car (used)"": -3, ""credit_amount<=8947"": -4, ""savings_status=< 100 DM"": 2, ""other_debtors=guarantor"": -4}",,
i30_final,hidden_fine,credit-g,10,800,226,ok,0.0115,10,0.4884987706912933,,,0.7942522321428571,0.7675,0.5130254113105006,0.2867384298371597,0.4968982442838492,"{""checking_status=no checking account"": -5, ""duration_months<=15"": -3, ""credit_history=critical account / other credits existing"": -3, ""credit_purpose=car (new)"": 3, ""credit_purpose=education"": 4, ""credit_amount<=9436"": -5, ""savings_status=< 100 DM"": 3, ""employment_since=4 <= ... < 7 years"": -3, ""other_debtors=guarantor"": -4, ""age_years<=34"": 2}",,
i30_final,hidden_fine,credit_card_clients_default,3,10000,1080,ok,0.03,3,0.4469228174490162,,,0.7220046187810615,0.719294115024645,0.44474486158214743,0.25975000670455617,1.2208818293625645,"{""PAY_0<=0"": -4, ""PAY_0<=1"": -5, ""PAY_3<=0"": -3}",,
i30_final,hidden_fine,credit_card_clients_default,4,10000,1080,ok,0.0415,4,0.4431316544591831,,,0.748028856468569,0.7522812951905422,0.4390752216769733,0.28251063269628746,0.8533142512887281,"{""PAY_0<=0"": -3, ""PAY_0<=1"": -5, ""PAY_3<=0"": -3, ""PAY_AMT1<=3470"": 2}",,
i30_final,hidden_fine,credit_card_clients_default,5,10000,1080,ok,0.0395,5,0.44122810076093966,,,0.7524304501012826,0.75609204497855,0.4393447552430231,0.23954295730360728,1.1166852512043988,"{""PAY_0<=0"": -4, ""PAY_0<=1"": -5, ""PAY_3<=0"": -3, ""PAY_6<=0"": -2, ""PAY_AMT1<=3470"": 2}",,
i30_final,hidden_fine,credit_card_clients_default,7,10000,1080,ok,0.0501,7,0.43851484931589185,,,0.7629532289208324,0.7664315945800606,0.4355006528713803,0.30206481562791837,0.9657856185375963,"{""LIMIT_BAL<=160000"": 1, ""PAY_0<=0"": -3, ""PAY_0<=1"": -4, ""PAY_3<=0"": -2, ""PAY_6<=0"": -2, ""PAY_AMT1<=3470"": 1, ""PAY_AMT4<=0"": 1}",,
i30_final,hidden_fine,credit_card_clients_default,10,10000,1080,ok,0.0788,10,0.4347997855016795,,,0.7724510792790131,0.7770813538889059,0.43027229474536655,0.2695967306572295,1.3533624668318769,"{""LIMIT_BAL<=160000"": 2, ""AGE<=35"": -1, ""PAY_0<=0"": -3, ""PAY_0<=1"": -5, ""PAY_3<=0"": -2, ""PAY_5<=0"": -2, ""BILL_AMT1<=8229"": 1, ""BILL_AMT1<=171647"": -3, ""PAY_AMT2<=5000"": 2, ""PAY_AMT3<=0"": 1}",,
i30_final,hidden_fine,customer_satisfaction_in_airline,3,10000,311,ok,0.022,3,0.427413636848054,,,0.8639011340477325,0.8625701935197239,0.43019595129605986,1.2049960820544638,1.5281772104377649,"{""Seatcomfort=5"": -4, ""Inflightentertainment=4"": -2, ""Inflightentertainment=5"": -3}",,
i30_final,hidden_fine,customer_satisfaction_in_airline,4,10000,311,ok,0.0232,4,0.3877875711344735,,,0.8879972064139303,0.8874743635443142,0.3891745950184261,1.3102300684747143,1.8141998462345184,"{""Seatcomfort=5"": -4, ""Seatcomfort=0"": -5, ""Inflightentertainment=4"": -2, ""Inflightentertainment=5"": -3}",,
i30_final,hidden_fine,customer_satisfaction_in_airline,5,10000,311,ok,0.0289,5,0.3635706536225406,,,0.9117048681179708,0.9103079216002314,0.36604727797441594,1.276637056442899,2.3816516537702443,"{""Class=Business"": -1, ""Seatcomfort=5"": -4, ""Seatcomfort=0"": -5, ""Inflightentertainment=4"": -2, ""Inflightentertainment=5"": -3}",,
i30_final,hidden_fine,customer_satisfaction_in_airline,7,10000,311,ok,0.0334,7,0.32404958475150997,,,0.9322404017804168,0.9311764485566095,0.3271972668470117,1.092187544002878,3.316659327689042,"{""Class=Business"": -1, ""Seatcomfort=5"": -5, ""Seatcomfort=0"": -5, ""Inflightentertainment=4"": -2, ""Inflightentertainment=5"": -3, ""EaseofOnlinebooking=4"": -2, ""EaseofOnlinebooking=5"": -2}",,
i30_final,hidden_fine,customer_satisfaction_in_airline,10,10000,311,ok,0.0542,10,0.28960956596223136,,,0.9460266190666164,0.9467865962019301,0.28904104754055615,1.2461572933966865,1.726528177540514,"{""CustomerType=disloyal Customer"": 2, ""TypeofTravel=Personal Travel"": 1, ""Seatcomfort=5"": -5, ""Seatcomfort=0"": -5, ""DepartureArrivaltimeconvenient=5"": 1, ""Inflightentertainment=4"": -2, ""Inflightentertainment=5"": -3, ""EaseofOnlinebooking=4"": -1, ""EaseofOnlinebooking=5"": -1, ""Cleanliness=5"": -1}",,
i30_final,hidden_fine,Diabetes130US,3,10000,294,ok,0.0273,3,0.28915757541679216,,,0.6045498155901117,0.6029904306220095,0.28826592586864447,0.26034085009683317,-1.1031218112421572,"{""discharge_disposition_id=Discharged to home"": -2, ""discharge_disposition_id=Discharged/transferred to another rehab fac including rehab units of a hospital ."": 5, ""number_inpatient<=1"": -4}",,
i30_final,hidden_fine,Diabetes130US,4,10000,294,ok,0.0324,4,0.2874222825182353,,,0.615258360745614,0.6135954944178629,0.28634963878988823,0.5828802853844646,-0.9288968607845094,"{""discharge_disposition_id=Discharged to home"": -1, ""discharge_disposition_id=Discharged/transferred to another rehab fac including rehab units of a hospital ."": 2, ""discharge_disposition_id=Expired"": -5, ""number_inpatient<=1"": -2}",,
i30_final,hidden_fine,Diabetes130US,5,10000,294,ok,0.0415,5,0.28712961623553157,,,0.6142457261762361,0.6134230462519936,0.28671596378869124,0.6337441253316353,-0.7894076204973823,"{""discharge_disposition_id=Discharged to home"": -1, ""discharge_disposition_id=Discharged/transferred to another rehab fac including rehab units of a hospital ."": 2, ""discharge_disposition_id=Expired"": -5, ""number_inpatient<=1"": -1, ""number_inpatient<=2"": -1}",,
i30_final,hidden_fine,Diabetes130US,7,10000,294,ok,0.0864,7,0.28598581610307716,,,0.6254666317783095,0.6155791467304624,0.28712216702234816,0.572101991006388,-0.8768795641191863,"{""diag_1=434"": 1, ""discharge_disposition_id=Discharged to home"": -1, ""discharge_disposition_id=Discharged/transferred to another rehab fac including rehab units of a hospital ."": 2, ""discharge_disposition_id=Expired"": -5, ""number_inpatient<=1"": -1, ""number_inpatient<=2"": -1, ""age=[50-60)"": -1}",,
i30_final,hidden_fine,Diabetes130US,10,10000,294,ok,0.1229,10,0.28481866189409677,,,0.6367634818580542,0.6325408692185007,0.285384702065962,0.5601559503638708,-0.8916087035311375,"{""diag_1=434"": 1, ""diag_1=584"": 1, ""discharge_disposition_id=Discharged to home"": -1, ""discharge_disposition_id=Discharged/transferred to another rehab fac including rehab units of a hospital ."": 2, ""discharge_disposition_id=Expired"": -5, ""discharge_disposition_id=Discharged/transferred to another type of inpatient care institution"": 1, ""number_inpatient<=1"": -1, ""number_inpatient<=2"": -1, ""age=[50-60)"": -1, ""num_medications<=6"": -1}",,
i30_final,hidden_fine,E-CommereShippingData,3,8799,261,ok,0.0156,3,0.5076527275783854,,,0.7202857142857143,0.7208682406702208,0.5070763730738578,23.558289914281488,-117.60217234996654,"{""Discount_offered<=10"": 5, ""Weight_in_gms<=2064"": 1, ""Weight_in_gms<=3914"": -1}",,
i30_final,hidden_fine,E-CommereShippingData,4,8799,261,ok,0.0205,3,0.5076527275783854,,,0.7202857142857143,0.7208682406702208,0.5070763730738578,23.558289914281488,-117.60217234996654,"{""Discount_offered<=10"": 5, ""Weight_in_gms<=2064"": 1, ""Weight_in_gms<=3914"": -1}",,
i30_final,hidden_fine,E-CommereShippingData,5,8799,261,ok,0.0188,3,0.5076527275777714,,,0.7202857142857143,0.7208682406702208,0.5070763730732304,24.050190967015972,-71.96129567960372,"{""Discount_offered<=10"": 3, ""Weight_in_gms<=2064"": 1, ""Weight_in_gms<=3914"": -1}",,
i30_final,hidden_fine,E-CommereShippingData,7,8799,261,ok,0.0281,4,0.507652727578385,,,0.7202857142857143,0.7208682406702208,0.5070763730738572,23.55856102506822,-117.60352790390019,"{""Discount_offered<=10"": 3, ""Discount_offered<=11"": 2, ""Weight_in_gms<=2064"": 1, ""Weight_in_gms<=3914"": -1}",,
i30_final,hidden_fine,E-CommereShippingData,10,8799,261,ok,0.0456,6,0.506977486943857,,,0.7423736263736264,0.7395681550637069,0.5077520280815054,0.5951168338662848,-5.59263074844444,"{""Discount_offered<=10"": 5, ""Discount_offered<=11"": 5, ""Weight_in_gms<=1066"": 1, ""Weight_in_gms<=2064"": 5, ""Weight_in_gms<=3914"": -5, ""Weight_in_gms<=4117"": -1}",,
i30_final,hidden_fine,Fitness_Club,3,1200,164,ok,0.0026,3,0.46945437014046404,,,0.7913181999203505,0.7885272622114727,0.4863604303754087,0.5438581941803357,2.3445816854565913,"{""months_as_member<=6"": -4, ""months_as_member<=15"": -3, ""months_as_member<=38"": -4}",,
i30_final,hidden_fine,Fitness_Club,4,1200,164,ok,0.0041,4,0.4581264201795103,,,0.8142618758454535,0.7947841632052159,0.4877389540474858,0.5925924681615296,2.2534923094958166,"{""months_as_member<=6"": -3, ""months_as_member<=11"": -2, ""months_as_member<=19"": -2, ""months_as_member<=38"": -3}",,
i30_final,hidden_fine,Fitness_Club,5,1200,164,ok,0.0038,5,0.45484794424395897,,,0.8212410846819449,0.809401125190599,0.4808756775560179,0.4061906565095338,2.240353287215945,"{""months_as_member<=6"": -5, ""months_as_member<=11"": -2, ""months_as_member<=15"": -2, ""months_as_member<=21"": -2, ""months_as_member<=38"": -4}",,
i30_final,hidden_fine,Fitness_Club,7,1200,164,ok,0.0054,7,0.45147862339288264,,,0.8268445287018112,0.8044849886955151,0.48384914226655346,0.32487405019482174,2.404149442800102,"{""months_as_member<=6"": -5, ""months_as_member<=11"": -3, ""months_as_member<=15"": -2, ""months_as_member<=21"": -3, ""months_as_member<=38"": -5, ""day_of_week=Mon"": -1, ""day_of_week=Wed"": -2}",,
i30_final,hidden_fine,Fitness_Club,10,1200,164,ok,0.0163,10,0.4463795254136152,,,0.8331078790511831,0.795125926704874,0.498669964530923,0.3764758365881336,2.8742117850150946,"{""months_as_member<=6"": -5, ""months_as_member<=11"": -3, ""months_as_member<=15"": -2, ""months_as_member<=21"": -2, ""months_as_member<=38"": -5, ""weight<=84.17"": -2, ""weight<=87.37"": 3, ""weight<=90.34"": -2, ""day_of_week=Mon"": -1, ""day_of_week=Wed"": -2}",,
i30_final,hidden_fine,GiveMeSomeCredit,3,10000,385,ok,0.0201,3,0.1912350528109245,,,0.8243370099411463,0.8105263968419782,0.19158106335323902,0.3801220175220081,0.43305115241336106,"{""RevolvingUtilizationOfUnsecuredLines<=0.313411"": -4, ""NumberOfTime30-59DaysPastDueNotWorse<=0"": -3, ""NumberOfTimes90DaysLate<=0"": -5}",,
i30_final,hidden_fine,GiveMeSomeCredit,4,10000,385,ok,0.0192,4,0.18876620578485032,,,0.8346001458724706,0.8164271542641248,0.18948999105146863,0.3432170803704401,1.0656263158079666,"{""RevolvingUtilizationOfUnsecuredLines<=0.313411"": -4, ""NumberOfTime30-59DaysPastDueNotWorse<=0"": -3, ""NumberOfTimes90DaysLate<=0"": -5, ""NumberOfTime60-89DaysPastDueNotWorse<=0"": -3}",,
i30_final,hidden_fine,GiveMeSomeCredit,5,10000,385,ok,0.0238,5,0.18667130745934402,,,0.8467726316588755,0.8265090051358919,0.18939733192029698,0.33470775957289584,0.4690940848968709,"{""RevolvingUtilizationOfUnsecuredLines<=0.313411"": -4, ""age<=57"": 2, ""NumberOfTime30-59DaysPastDueNotWorse<=0"": -3, ""NumberOfTimes90DaysLate<=0"": -5, ""NumberOfTime60-89DaysPastDueNotWorse<=0"": -3}",,
i30_final,hidden_fine,GiveMeSomeCredit,7,10000,385,ok,0.0488,7,0.18483402805615737,,,0.8464202854044709,0.828845951474676,0.1871758036929641,0.26070579571425284,1.3598438285219416,"{""RevolvingUtilizationOfUnsecuredLines<=0.313411"": -5, ""RevolvingUtilizationOfUnsecuredLines<=1.00708"": -3, ""age<=57"": 3, ""NumberOfTime30-59DaysPastDueNotWorse<=0"": -4, ""NumberOfTimes90DaysLate<=0"": -5, ""NumberOfTimes90DaysLate<=1"": -3, ""NumberOfTime60-89DaysPastDueNotWorse<=0"": -3}",,
i30_final,hidden_fine,GiveMeSomeCredit,10,10000,385,ok,0.0539,10,0.1825705961386732,,,0.85548541203206,0.8364086229598241,0.18599308905127016,0.26030633211703025,2.794603847110809,"{""RevolvingUtilizationOfUnsecuredLines<=0.313411"": -5, ""RevolvingUtilizationOfUnsecuredLines<=1.00708"": -3, ""age<=57"": 3, ""NumberOfTime30-59DaysPastDueNotWorse<=0"": -3, ""NumberOfTime30-59DaysPastDueNotWorse<=1"": -2, ""MonthlyIncome<=5348"": 1, ""NumberOfTimes90DaysLate<=0"": -5, ""NumberOfTimes90DaysLate<=1"": -3, ""NumberRealEstateLoansOrLines<=4"": -5, ""NumberOfTime60-89DaysPastDueNotWorse<=0"": -3}",,
i30_final,hidden_fine,hazelnut-contaminant,3,1920,2970,ok,0.0149,3,0.46061515402782743,,,0.8408040364583333,0.8299131944444444,0.47111867588191564,0.5056146550237353,0.8873408320107181,"{""s52<=-0.000857"": 5, ""s53<=0.001785"": -4, ""s53<=0.002461"": -4}",,
i30_final,hidden_fine,hazelnut-contaminant,4,1920,2970,ok,0.0175,4,0.4412004290794086,,,0.8681868489583333,0.8698003472222223,0.4356575859311306,0.4882379796819735,0.36518182239483704,"{""s46<=0.00235"": -3, ""s52<=-0.000857"": 5, ""s53<=0.002365"": -4, ""s61<=-0.000807"": 3}",,
i30_final,hidden_fine,hazelnut-contaminant,5,1920,2970,ok,0.0184,5,0.41914001437177467,,,0.8856971571180555,0.8745486111111112,0.4342200302117375,0.4636041053970057,-0.5728900797469878,"{""s46<=0.002311"": -3, ""s52<=-0.000893"": 5, ""s52<=-0.000599"": 4, ""s53<=0.002365"": -4, ""s61<=-0.001058"": 3}",,
i30_final,hidden_fine,hazelnut-contaminant,7,1920,2970,ok,0.0361,7,0.38649966172767275,,,0.9038736979166666,0.8937152777777778,0.40522536860695424,0.5690523038342505,2.6871224009829455,"{""s41<=-0.000343"": -3, ""s46<=0.002311"": -3, ""s52<=-0.000857"": 4, ""s52<=-0.000599"": 3, ""s53<=0.002365"": -3, ""s61<=-0.001063"": 2, ""s63<=0.001943"": -5}",,
i30_final,hidden_fine,hazelnut-contaminant,10,1920,2970,ok,0.0359,10,0.35146354049713474,,,0.9209711371527778,0.8941319444444443,0.40629195036941046,0.7002368893642414,3.7129047800157564,"{""s23<=0.001318"": -2, ""s41<=0.000389"": -2, ""s43<=0.000114"": 2, ""s46<=0.00232"": -3, ""s52<=-0.000857"": 3, ""s52<=-0.000599"": 3, ""s53<=0.002365"": -2, ""s61<=-0.001063"": 2, ""s61<=-0.000807"": 2, ""s63<=0.00199"": -5}",,
i30_final,hidden_fine,HR_Analytics,3,10000,208,ok,0.0163,3,0.4697631968903641,,,0.7676549484817384,0.7713215053220921,0.4652080304355107,0.48593954320923854,-1.9707074933652684,"{""city_development_index<=0.624"": 4, ""major_discipline=nan"": -2, ""company_size=nan"": 3}",,
i30_final,hidden_fine,HR_Analytics,4,10000,208,ok,0.0191,4,0.4676035268383846,,,0.7700044188119165,0.7741901415376301,0.4641906988246582,0.3987423126662525,-1.9546355765583012,"{""city_development_index<=0.624"": 5, ""major_discipline=nan"": -2, ""company_size=nan"": 4, ""last_new_job=never"": -2}",,
i30_final,hidden_fine,HR_Analytics,5,10000,208,ok,0.0228,5,0.46474730283649934,,,0.7770435349127808,0.7789764753871953,0.4624536463096525,0.38968018617069683,-1.666955420283358,"{""city_development_index<=0.624"": 5, ""enrolled_university=no_enrollment"": -1, ""major_discipline=nan"": -2, ""company_size=nan"": 4, ""last_new_job=never"": -2}",,
i30_final,hidden_fine,HR_Analytics,7,10000,208,ok,0.027,7,0.45995409497451356,,,0.7870017271400735,0.7850763359105022,0.4598455061876597,0.34515468777973346,-2.045593071306248,"{""city=city_103"": 2, ""city_development_index<=0.624"": 5, ""city_development_index<=0.83"": 2, ""enrolled_university=no_enrollment"": -1, ""major_discipline=nan"": -2, ""company_size=nan"": 4, ""last_new_job=never"": -2}",,
i30_final,hidden_fine,HR_Analytics,10,10000,208,ok,0.063,10,0.45626309861244974,,,0.7915861643751024,0.7917453058097045,0.45662473403194126,0.34478745300993363,-1.8108318649403976,"{""city=city_103"": 2, ""city=city_160"": 2, ""city=city_100"": 3, ""city_development_index<=0.624"": 5, ""city_development_index<=0.83"": 2, ""relevent_experience=Has relevent experience"": -1, ""enrolled_university=no_enrollment"": -1, ""major_discipline=nan"": -3, ""company_size=nan"": 4, ""last_new_job=never"": -2}",,
i30_final,hidden_fine,in_vehicle_coupon,3,10000,112,ok,0.018,3,0.6398995986323498,,,0.6610468290093193,0.6600006913378627,0.6407932044331149,0.5769066010198863,0.4867955148241555,"{""coupon=Restaurant(<20)"": -2, ""coupon=Carry out & Take away"": -2, ""expiration=1d"": -1}",,
i30_final,hidden_fine,in_vehicle_coupon,4,10000,112,ok,0.0209,4,0.6312226980148472,,,0.6767009438718441,0.6791295534544393,0.6301484675534975,0.5789684173964547,0.1927197821009626,"{""destination=No Urgent Place"": -1, ""coupon=Restaurant(<20)"": -2, ""coupon=Carry out & Take away"": -2, ""expiration=2h"": 1}",,
i30_final,hidden_fine,in_vehicle_coupon,5,10000,112,ok,0.0256,5,0.6227798682681225,,,0.6930002938185917,0.6891735186292727,0.6269416439173136,0.23416511377559093,0.2466892432047167,"{""weather=Sunny"": -3, ""coupon=Restaurant(<20)"": -5, ""coupon=Carry out & Take away"": -5, ""expiration=2h"": 3, ""CoffeeHouse=never"": 3}",,
i30_final,hidden_fine,in_vehicle_coupon,7,10000,112,ok,0.0347,7,0.6128936920515669,,,0.7124548918349738,0.7089281719526838,0.6162601956007485,0.23133000401426398,0.9820376017966901,"{""destination=No Urgent Place"": -2, ""weather=Sunny"": -3, ""coupon=Restaurant(<20)"": -5, ""coupon=Carry out & Take away"": -5, ""expiration=1d"": -3, ""CoffeeHouse=less1"": 2, ""CoffeeHouse=never"": 4}",,
i30_final,hidden_fine,in_vehicle_coupon,10,10000,112,ok,0.0488,10,0.6051859354699445,,,0.7244346845510119,0.7259093212562262,0.6049334473310537,0.20616216938295126,-0.10435253177187799,"{""destination=No Urgent Place"": -4, ""passenger=Kid(s)"": 3, ""weather=Sunny"": -3, ""coupon=Restaurant(<20)"": -5, ""coupon=Carry out & Take away"": -5, ""coupon=Bar"": 2, ""expiration=2h"": 4, ""CoffeeHouse=less1"": 2, ""CoffeeHouse=never"": 4, ""direction_same=0"": 2}",,
i30_final,hidden_fine,Is-this-a-good-customer,3,1378,216,ok,0.0035,3,0.311838893953753,,,0.74953963807467,0.6714429361488184,0.3351355227211546,0.3657301857182583,-2.0467211766347466,"{""credit_term<=10"": -3, ""education=Higher education"": -2, ""product_type=Cell phones"": 4}",,
i30_final,hidden_fine,Is-this-a-good-customer,4,1378,216,ok,0.0043,4,0.3080507187991343,,,0.7653249659619088,0.6808697838109603,0.3372747024346666,0.3541196761376098,-2.520143841454618,"{""credit_term<=10"": -3, ""education=Higher education"": -2, ""product_type=Cell phones"": 4, ""is_client=1"": 2}",,
i30_final,hidden_fine,Is-this-a-good-customer,5,1378,216,ok,0.0055,5,0.3041087589238982,,,0.7758963364058906,0.6651164739400034,0.34528371038828665,0.33610684614275443,-4.081811756905901,"{""credit_term<=10"": -3, ""age<=54"": 5, ""education=Higher education"": -2, ""product_type=Cell phones"": 4, ""is_client=1"": 2}",,
i30_final,hidden_fine,Is-this-a-good-customer,7,1378,216,ok,0.0079,7,0.2969551540620373,,,0.786405108061159,0.651458019105078,0.3563977737850017,0.37165569747836924,-3.9160882800189225,"{""credit_amount<=23000"": -2, ""credit_term<=10"": -2, ""age<=54"": 5, ""education=Higher education"": -2, ""product_type=Cell phones"": 4, ""income<=39000"": 2, ""is_client=0"": -2}",,
i30_final,hidden_fine,Is-this-a-good-customer,10,1378,216,ok,0.015,10,0.29017345195290367,,,0.802852939795615,0.6558991117814646,0.3575440506340214,0.372135873824852,-4.9783093250435915,"{""credit_amount<=23000"": -2, ""credit_term<=10"": -2, ""credit_term<=12"": -1, ""age<=54"": 5, ""sex=male"": -1, ""education=Secondary special education"": 2, ""education=Secondary education"": 3, ""product_type=Cell phones"": 4, ""income<=39000"": 2, ""is_client=1"": 2}",,
i30_final,hidden_fine,kddcup09_appetency,3,10000,1148,ok,0.0259,3,0.0764818761383098,,,0.8026435152455278,0.7916315908576601,0.07759899389491016,0.4165706552572506,-4.326760156305799,"{""Var126<=-28"": 3, ""Var126<=-12"": 3, ""Var218=cJvF"": -4}",,
i30_final,hidden_fine,kddcup09_appetency,4,10000,1148,ok,0.0287,4,0.07573855856199134,,,0.8221531462275699,0.8247748359357321,0.07754813022113018,0.3124868831408605,-4.15109859414899,"{""Var126<=-28"": 4, ""Var126<=-12"": 4, ""Var218=cJvF"": -5, ""Var28<=213.36"": -2}",,
i30_final,hidden_fine,kddcup09_appetency,5,10000,1148,ok,0.0334,5,0.07520644762779784,,,0.8228732677616631,0.7881918986195972,0.07854919405322248,0.28665837718226184,-5.177585307891822,"{""Var126<=-28"": 4, ""Var126<=-12"": 5, ""Var218=cJvF"": -5, ""Var212=NhsEn4L"": 2, ""Var119<=590"": 2}",,
i30_final,hidden_fine,kddcup09_appetency,7,10000,1148,ok,0.0408,7,0.07434194104164256,,,0.8344575580158279,0.7994025797691786,0.07862179832136724,0.30456642526372296,-4.5999252839272575,"{""Var126<=-28"": 4, ""Var126<=-12"": 5, ""Var126<=36"": -2, ""Var218=cJvF"": -5, ""Var212=NhsEn4L"": 2, ""Var119<=590"": 2, ""Var28<=213.36"": -2}",,
i30_final,hidden_fine,kddcup09_appetency,10,10000,1148,ok,0.0733,10,0.07262805696259557,,,0.8535407786693023,0.7785833899072188,0.08146354796999006,0.5496045408924659,-4.605204595489839,"{""Var126<=-28"": 2, ""Var126<=-12"": 3, ""Var126<=36"": -1, ""Var218=cJvF"": -3, ""Var212=NhsEn4L"": 1, ""Var119<=900"": 5, ""Var119<=1320"": -5, ""Var28<=213.36"": -1, ""Var94<=132201"": -1, ""Var94<=371355"": 2}",,
i30_final,hidden_fine,Marketing_Campaign,3,1792,732,ok,0.0059,3,0.34968904789250305,,,0.7450125867256092,0.8082814275081286,0.3196490043414209,0.45926552231329504,1.5529617963781646,"{""Recency<=17"": 3, ""AcceptedCmp3=0"": -4, ""AcceptedCmp5=0"": -5}",,
i30_final,hidden_fine,Marketing_Campaign,4,1792,732,ok,0.0079,4,0.33682240525816487,,,0.7848013753300177,0.8172327339679555,0.3151591065672357,0.4224178353819406,1.5572095131415535,"{""Recency<=20"": 3, ""MntGoldProds<=14"": -3, ""AcceptedCmp3=0"": -4, ""AcceptedCmp5=0"": -5}",,
i30_final,hidden_fine,Marketing_Campaign,5,1792,732,ok,0.0093,5,0.32688383941033355,,,0.807451341560754,0.8157832882829945,0.3202663017673748,0.43755919130600057,1.4395758937762184,"{""Marital_Status=Single"": 2, ""Recency<=20"": 3, ""MntGoldProds<=14"": -3, ""AcceptedCmp3=0"": -4, ""AcceptedCmp5=0"": -5}",,
i30_final,hidden_fine,Marketing_Campaign,7,1792,732,ok,0.0148,7,0.30788552071707537,,,0.8337054092220788,0.8630861440827359,0.28968478240946444,0.5312248241899876,0.8373087159589181,"{""Marital_Status=Single"": 2, ""Recency<=19"": 3, ""NumCatalogPurchases<=0"": -3, ""NumWebVisitsMonth<=5"": -2, ""AcceptedCmp3=0"": -3, ""AcceptedCmp5=1"": 4, ""AcceptedCmp1=0"": -3}",,
i30_final,hidden_fine,Marketing_Campaign,10,1792,732,ok,0.0206,10,0.28704323474864574,,,0.8656400810462332,0.8343126885258746,0.32157136857149776,0.35977610967010054,2.8409628910030196,"{""Education=PhD"": 3, ""Marital_Status=Single"": 3, ""Recency<=16"": 3, ""Recency<=61"": 3, ""MntMeatProducts<=256"": -3, ""MntGoldProds<=14"": -4, ""NumWebVisitsMonth<=5"": -4, ""AcceptedCmp3=0"": -5, ""AcceptedCmp5=0"": -5, ""AcceptedCmp1=0"": -4}",,
i30_final,hidden_fine,NATICUSdroid,3,5992,80,ok,0.0086,3,0.268260936032401,,,0.940827081554009,0.9450425344675857,0.25664610928203074,0.7525481919196928,-6.845282599972134,"{""android.permission.READ_PHONE_STATE=1"": 5, ""com.google.android.c2dm.permission.RECEIVE=0"": 5, ""com.android.launcher.permission.INSTALL_SHORTCUT=1"": 3}",,
i30_final,hidden_fine,NATICUSdroid,4,5992,80,ok,0.0097,4,0.24087086567525057,,,0.956363390050208,0.9553906326390926,0.24352520212662457,0.9257434375963655,-1.6123421594688265,"{""android.permission.READ_PHONE_STATE=0"": -4, ""com.google.android.c2dm.permission.RECEIVE=0"": 4, ""com.android.launcher.permission.INSTALL_SHORTCUT=0"": -3, ""android.permission.READ_EXTERNAL_STORAGE=0"": 2}",,
i30_final,hidden_fine,NATICUSdroid,5,5992,80,ok,0.0116,5,0.22709576920195354,,,0.9621806868755894,0.9610315830644373,0.2308385159553744,0.9190351153116305,-3.1535678264461944,"{""android.permission.READ_PHONE_STATE=1"": 4, ""com.google.android.c2dm.permission.RECEIVE=0"": 4, ""com.android.launcher.permission.INSTALL_SHORTCUT=0"": -3, ""com.android.vending.BILLING=1"": -2, ""android.permission.READ_EXTERNAL_STORAGE=1"": -2}",,
i30_final,hidden_fine,NATICUSdroid,7,5992,80,ok,0.0158,7,0.21246156469560976,,,0.968801456101746,0.9663821257455754,0.2201462700292385,0.9610867334788873,-0.4875390350685838,"{""android.permission.READ_PHONE_STATE=0"": -4, ""com.google.android.c2dm.permission.RECEIVE=1"": -4, ""com.android.launcher.permission.INSTALL_SHORTCUT=0"": -2, ""com.android.vending.BILLING=0"": 2, ""android.permission.READ_EXTERNAL_STORAGE=0"": 2, ""android.permission.RECEIVE_BOOT_COMPLETED=1"": 1, ""android.permission.BLUETOOTH=1"": -2}",,
i30_final,hidden_fine,NATICUSdroid,10,5992,80,ok,0.0304,10,0.19446167843096646,,,0.9736416874107482,0.9726625598904859,0.19842492548658702,0.9383651116707211,-3.876925986771747,"{""android.permission.READ_PHONE_STATE=0"": -4, ""com.google.android.c2dm.permission.RECEIVE=0"": 4, ""com.android.launcher.permission.INSTALL_SHORTCUT=0"": -2, ""com.android.vending.BILLING=1"": -2, ""android.permission.READ_EXTERNAL_STORAGE=0"": 2, ""android.permission.GET_TASKS=1"": 1, ""android.permission.RECEIVE_BOOT_COMPLETED=1"": 1, ""android.permission.ACCESS_COARSE_LOCATION=1"": 1, ""android.permission.CAMERA=0"": 1, ""android.permission.BLUETOOTH=1"": -2}",,
i30_final,hidden_fine,online_shoppers_intention,3,9864,457,ok,0.0229,3,0.25419795504171205,,,0.9030128449169382,0.8829023927003045,0.274914505407797,0.629081674613393,0.6984783628349426,"{""PageValues<=0"": -5, ""PageValues<=21.7407"": -2, ""Month=Nov"": 2}",,
i30_final,hidden_fine,online_shoppers_intention,4,9864,457,ok,0.0264,4,0.24839261094898532,,,0.9098997091117834,0.8857689099697522,0.2707134244143898,1.1425844323440635,1.7807352317015401,"{""PageValues<=0"": -3, ""PageValues<=28.9418"": -1, ""Month=Nov"": 1, ""VisitorType=Returning_Visitor"": -1}",,
i30_final,hidden_fine,online_shoppers_intention,5,9864,457,ok,0.029,5,0.24630870687599507,,,0.912804465148272,0.8903098652410286,0.2697464750531107,0.6163718261076643,-0.09462014354058375,"{""ExitRates<=0.0777778"": 3, ""PageValues<=0"": -5, ""PageValues<=21.7407"": -2, ""Month=Nov"": 2, ""VisitorType=Returning_Visitor"": -2}",,
i30_final,hidden_fine,online_shoppers_intention,7,9864,457,ok,0.0379,7,0.242676489105226,,,0.9151562019109403,0.8912174282240154,0.26615727043684534,0.5849901935482847,-0.2017218933621949,"{""Administrative<=6"": 1, ""ExitRates<=0.0777778"": 3, ""PageValues<=0"": -5, ""PageValues<=8.17473"": -1, ""PageValues<=28.9418"": -2, ""Month=Nov"": 2, ""VisitorType=Returning_Visitor"": -2}",,
i30_final,hidden_fine,online_shoppers_intention,10,9864,457,ok,0.0612,10,0.24008890862627633,,,0.9184271617854682,0.8953884495181438,0.26343622788132415,0.5789731372536954,-0.7444712221172,"{""Administrative<=6"": 1, ""ProductRelated<=1"": 2, ""ProductRelated_Duration<=4339.53"": -1, ""BounceRates<=0.0126984"": 1, ""ExitRates<=0.0833333"": 4, ""PageValues<=0"": -5, ""PageValues<=9.55063"": -1, ""PageValues<=28.9418"": -2, ""Month=Nov"": 2, ""VisitorType=Returning_Visitor"": -2}",,
i30_final,hidden_fine,polish_companies_bankruptcy,3,4728,3928,ok,0.0347,3,0.15328786394991553,,,0.858995288248337,0.8526496674057651,0.15524279783128833,1.3107506009730672,-4.10452330009971,"{""sales_growth_ratio missing"": 5, ""operating_profit_to_financial_expenses missing"": 2, ""sales_profit_to_total_assets<=-0.029501"": 2}",,
i30_final,hidden_fine,polish_companies_bankruptcy,4,4728,3928,ok,0.0426,4,0.14523560409272954,,,0.8888504711751664,0.8955376940133037,0.14368401426825403,1.2775802960989668,-4.769992472584068,"{""sales_growth_ratio missing"": 5, ""operating_profit_to_financial_expenses missing"": 2, ""sales_profit_to_total_assets<=-0.029501"": 2, ""current_assets_minus_inventory_to_short_term_liabilities<=0.85923"": 1}",,
i30_final,hidden_fine,polish_companies_bankruptcy,5,4728,3928,ok,0.0429,5,0.13883736873573285,,,0.9014644539911307,0.9027050997782706,0.14280495312099806,1.2102774401376204,-4.982791187271316,"{""sales_growth_ratio missing"": 5, ""sales_growth_ratio<=0.87412"": 1, ""operating_profit_to_financial_expenses missing"": 2, ""sales_profit_to_total_assets<=-0.029501"": 2, ""current_assets_minus_inventory_to_short_term_liabilities<=0.85923"": 1}",,
i30_final,hidden_fine,polish_companies_bankruptcy,7,4728,3928,ok,0.0652,7,0.13318321032223915,,,0.914637610864745,0.9000886917960088,0.14246460755219154,1.3427041785187381,-5.590194415352804,"{""sales_growth_ratio missing"": 5, ""sales_growth_ratio<=0.87412"": 1, ""operating_profit_to_financial_expenses missing"": 2, ""sales_profit_to_total_assets<=-0.029501"": 2, ""operating_profit_to_total_assets<=0.007673"": -1, ""gross_profit_plus_depreciation_to_sales<=0.060892"": 1, ""current_assets_minus_inventory_to_short_term_liabilities<=0.85923"": 1}",,
i30_final,hidden_fine,polish_companies_bankruptcy,10,4728,3928,ok,0.0905,10,0.12500117429856145,,,0.9296691380266076,0.9211585365853658,0.13646989639317253,1.2405258993506147,-5.35162287176602,"{""sales_growth_ratio missing"": 5, ""sales_growth_ratio<=0.84022"": 1, ""operating_profit_to_financial_expenses missing"": 2, ""operating_profit_to_financial_expenses<=-1.2334"": 1, ""operating_profit_to_financial_expenses<=2.3139"": -1, ""sales_profit_to_total_assets<=-0.029501"": 2, ""operating_profit_to_total_assets<=0.007673"": -1, ""gross_profit_plus_depreciation_to_sales<=0.060892"": 1, ""current_assets_minus_inventory_to_short_term_liabilities<=0.36019"": 1, ""constant_capital_to_total_assets<=0.69154"": 1}",,
i30_final,hidden_fine,qsar-biodeg,3,843,1525,ok,0.0072,3,0.4307288765650146,,,0.8524465217062662,0.8193158953722335,0.4762761418050653,0.5815239715568313,-2.062248008105779,"{""Weighted_LeadingEigenvalue_Burden_Matrix<=3.813"": 4, ""Adjacency_LeadingEigenvalue<=2.152"": 3, ""Sum_dO_EStates<=0"": -3}",,
i30_final,hidden_fine,qsar-biodeg,4,843,1525,ok,0.0087,4,0.39277248579729257,,,0.8788612713850186,0.8561871227364185,0.4294908632629002,0.48159387098397927,-3.7224945513375123,"{""Weighted_LeadingEigenvalue_Burden_Matrix<=3.648"": 5, ""Laplace_Leading_Eigenvalue<=5.098"": 4, ""Sum_dO_EStates<=0"": -4, ""Freq_CN_At_Dist2<=1"": 4}",,
i30_final,hidden_fine,qsar-biodeg,5,843,1525,ok,0.009,5,0.373604607848859,,,0.8927001184207212,0.8572937625754526,0.42596149594508675,0.5092663245060732,-4.9685523192269505,"{""Weighted_LeadingEigenvalue_Burden_Matrix<=3.592"": 4, ""Weighted_SpectralMoment6_Burden_Matrix<=8.491"": 3, ""Sum_dO_EStates<=0"": -4, ""Num_Nitrogen_Atoms<=0"": 4, ""Num_ssssC_Atoms<=0"": 5}",,
i30_final,hidden_fine,qsar-biodeg,7,843,1525,ok,0.0116,7,0.3455714564599396,,,0.9114143717402805,0.8577464788732394,0.42967733025989413,1.0942641471100534,-7.887726821821236,"{""Weighted_LeadingEigenvalue_Burden_Matrix<=3.592"": 2, ""Num_Substituted_BenzeneC<=3"": 3, ""Sum_dO_EStates<=0"": -2, ""Weighted_HyperWiener_Index_Burden_Matrix<=3.261"": 1, ""Num_Nitrogen_Atoms<=0"": 2, ""Num_ssssC_Atoms<=0"": 3, ""Num_HBond_Donors_Atoms<=0"": -1}",,
i30_final,hidden_fine,qsar-biodeg,10,843,1525,ok,0.0185,10,0.3189906002409472,,,0.9277570611504448,0.8926559356136821,0.3769630404413807,0.6479429877870048,-11.113238560746783,"{""Weighted_LeadingEigenvalue_Burden_Matrix<=3.592"": 3, ""Num_Substituted_BenzeneC<=3"": 4, ""Sum_dO_EStates<=0"": -3, ""Weighted_HyperWiener_Index_Burden_Matrix<=3.261"": 2, ""Sum_dssC_EStates<=-0.855"": 2, ""Num_Nitrogen_Atoms<=0"": 3, ""Num_Nitrogen_Atoms<=1"": 2, ""Num_Halogen_Atoms<=1"": 4, ""Num_ssssC_Atoms<=0"": 5, ""Num_HBond_Donors_Atoms<=0"": -1}",,
i30_final,hidden_fine,seismic-bumps,3,2067,479,ok,0.0055,3,0.20594262981549422,,,0.7861459317025619,0.7241809767385214,0.22131318820811172,0.2620079427588176,-0.7549759891528449,"{""genergy<=16840"": -5, ""gpuls<=1133"": -4, ""nbumps<=1"": -5}",,
i30_final,hidden_fine,seismic-bumps,4,2067,479,ok,0.0068,4,0.20308788304998954,,,0.7982796173881257,0.7138290098648156,0.22636036306418617,0.3497729772549646,-1.1858260586112328,"{""genergy<=16840"": -4, ""gpuls<=1133"": -3, ""gdpuls<=21"": 2, ""nbumps<=1"": -4}",,
i30_final,hidden_fine,seismic-bumps,5,2067,479,ok,0.0078,5,0.2018267146324363,,,0.8052022725195723,0.6961088783339422,0.22910436208871662,0.2570583820692861,-1.535230043185273,"{""seismic=b"": 2, ""genergy<=18400"": -5, ""gpuls<=1133"": -4, ""gdpuls<=21"": 3, ""nbumps<=1"": -5}",,
i30_final,hidden_fine,seismic-bumps,7,2067,479,ok,0.0111,7,0.19931675627226905,,,0.8132387211746428,0.7029898916088174,0.22816594995411413,0.4838920438917863,-2.456474055192331,"{""genergy<=18400"": -3, ""gpuls<=1133"": -2, ""gdenergy<=-73"": 2, ""gdenergy<=197"": 5, ""gdpuls<=21"": 2, ""gdpuls<=92"": -3, ""nbumps<=1"": -3}",,
i30_final,hidden_fine,seismic-bumps,10,2067,479,ok,0.0265,10,0.1947224471276742,,,0.8233847138026624,0.6979965899403239,0.23449582790558973,0.47775738707195203,-2.466837695701999,"{""seismic=b"": 1, ""genergy<=18400"": -3, ""gpuls<=1133"": -2, ""gdenergy<=-73"": 2, ""gdenergy<=-37"": 1, ""gdenergy<=197"": 4, ""gdpuls<=4"": -3, ""gdpuls<=9"": 4, ""gdpuls<=92"": -2, ""nbumps<=1"": -3}",,
i30_final,hidden_fine,taiwanese_bankruptcy,3,5455,3919,ok,0.0571,3,0.08980801609068735,,,0.9242286116516557,0.8557076446280991,0.10449196081071375,0.49648314675996597,-6.383708659071472,"{""Equity_to_Liability<=0.0222162"": 5, ""Continuous_Interest_Rate_After_Tax<=0.781567"": 4, ""NonIndustry_Income_Expenditure_Revenue<=0.303453"": 3}",,
i30_final,hidden_fine,taiwanese_bankruptcy,4,5455,3919,ok,0.0719,4,0.08718710505052586,,,0.9324784954106322,0.8830148071625344,0.10155371288556574,0.6280017608387565,-8.363988405143699,"{""Persistent_EPS_Last_4_Seasons<=0.226624"": 5, ""Net_Worth_to_Assets<=0.838196"": 4, ""Continuous_Interest_Rate_After_Tax<=0.781454"": 2, ""NonIndustry_Income_Expenditure_Revenue<=0.303453"": 2}",,
i30_final,hidden_fine,taiwanese_bankruptcy,5,5455,3919,ok,0.0598,5,0.0848101586669724,,,0.9344163839570168,0.8667613636363637,0.10174400494213445,0.5108964190577702,-6.039591777075229,"{""Persistent_EPS_Last_4_Seasons<=0.200908"": 2, ""Net_Worth_to_Assets<=0.838196"": 4, ""Retained_Earnings_to_Total_Assets<=0.910048"": 3, ""DFL<=0.0266054"": 3, ""NonIndustry_Income_Expenditure_Revenue<=0.303453"": 3}",,
i30_final,hidden_fine,taiwanese_bankruptcy,7,5455,3919,ok,0.0792,7,0.08008255390143369,,,0.9485950980729821,0.8977186639118457,0.0996621418559408,0.465741869240778,-5.210541010975593,"{""Persistent_EPS_Last_4_Seasons<=0.200908"": 3, ""Debt_Ratio_Percent<=0.161774"": -4, ""ROA_C_Before_Interest_Depreciation<=0.506654"": 5, ""Retained_Earnings_to_Total_Assets<=0.910048"": 3, ""DFL<=0.0266054"": 4, ""DFL<=0.0271899"": -3, ""NonIndustry_Income_Expenditure_Revenue<=0.303453"": 3}",,
i30_final,hidden_fine,taiwanese_bankruptcy,10,5455,3919,ok,0.0954,10,0.07728623472762439,,,0.952431051852107,0.906379132231405,0.10335502669420768,0.8105604305020175,-7.947741121068465,"{""Persistent_EPS_Last_4_Seasons<=0.20242"": 1, ""Debt_Ratio_Percent<=0.161774"": -2, ""Retained_Earnings_to_Total_Assets<=0.910048"": 2, ""DFL<=0.0266054"": 2, ""DFL<=0.0271899"": -2, ""ROA_B_Before_Interest_Depreciation_After_Tax<=0.565501"": 5, ""NonIndustry_Income_Expenditure_Revenue<=0.303453"": 2, ""Working_Capital_to_Total_Assets<=0.711806"": 1, ""Gross_Profit_to_Sales<=0.604286"": 1, ""Operating_Funds_to_Liability<=0.341285"": 1}",,
i30_final,hidden_fine,jm1,3,8708,1045,ok,0.0278,3,0.444507124002388,,,0.7064518827709378,0.6944267093751184,0.45094214212344036,0.22440146516785306,-0.20643178388506184,"{""loc<=13"": -3, ""loc<=32"": -3, ""loc<=68"": -4}",,
i30_final,hidden_fine,jm1,4,8708,1045,ok,0.0303,4,0.44124097459986134,,,0.7137039764639372,0.6979091705939324,0.4495215181272461,0.1711863546020291,-0.20380651645789155,"{""loc<=32"": -4, ""loc<=68"": -5, ""l<=0"": 5, ""lOBlank<=1"": -5}",,
i30_final,hidden_fine,jm1,5,8708,1045,ok,0.0285,5,0.44029363253123927,,,0.7113011888449609,0.6884336837662794,0.4519602584088925,0.21071095413752636,0.5091720270454098,"{""loc<=43"": -4, ""iv(g)<=9"": -3, ""lOBlank<=1"": -5, ""uniq_Op<=0"": 5, ""uniq_Opnd<=59"": -3}",,
i30_final,hidden_fine,jm1,7,8708,1045,ok,0.0346,7,0.43742889957991626,,,0.7255088515859928,0.6997454266065719,0.45055271341606984,0.22342922729908188,0.9512426708648752,"{""loc<=22"": -3, ""loc<=43"": -3, ""iv(g)<=9"": -3, ""l<=0"": 5, ""l<=0.09"": -2, ""lOBlank<=1"": -4, ""uniq_Opnd<=59"": -3}",,
i30_final,hidden_fine,jm1,10,8708,1045,ok,0.0644,10,0.43269279160092833,,,0.7350810034515671,0.7011197441821458,0.4501314708239915,0.24137201027758573,0.5227639636258697,"{""loc<=5"": -5, ""loc<=22"": -2, ""loc<=43"": -4, ""loc<=68"": -2, ""iv(g)<=9"": -2, ""i<=9.13"": -2, ""lOCode<=34"": 3, ""lOBlank<=1"": -3, ""uniq_Opnd<=59"": -3, ""total_Op<=10"": 4}",,
