model,suite,dataset,k,n_train,d,status,seconds,nnz,loss,best_known,regret,auc_train,auc_test,loss_test,a,b,points,note
fasterrisk,visible,adult,3,10000,36,ok,0.723,3,0.4045151817726544,0.40451518,1.7726544121465793e-09,0.833363646249418,0.8246348665670107,0.4133995404102838,0.6367289681767531,-1.8878878753808184,"{""HSDiploma"": -2, ""NoHS"": -4, ""Married"": 4}",
fasterrisk,visible,adult,4,10000,36,ok,1.9477,4,0.3885645272699988,0.38816564,0.0003988872699988155,0.8482208770641592,0.8416045566411925,0.3945875195211474,0.6462327889101529,-2.051026206005872,"{""HSDiploma"": -2, ""NoHS"": -4, ""Married"": 4, ""AnyCapitalGains"": 2}",
fasterrisk,visible,adult,5,10000,36,ok,3.1071,5,0.3772815503849721,0.37728155,3.849720542348223e-10,0.8613378000623143,0.8586250083143998,0.3780924283064259,0.6028953829843988,-1.8770822355632657,"{""Age_22_to_29"": -2, ""HSDiploma"": -2, ""NoHS"": -4, ""Married"": 4, ""AnyCapitalGains"": 3}",
fasterrisk,visible,adult,7,10000,36,ok,5.9186,7,0.3639463960505991,0.36328792,0.0006584760505990994,0.8740785785176912,0.8675437337431603,0.3701597139411265,0.5866735154651277,-1.7735193132792153,"{""Age_22_to_29"": -2, ""HSDiploma"": -2, ""NoHS"": -4, ""JobManagerial"": 1, ""Married"": 4, ""WorkHrsPerWeek_lt_40"": -2, ""AnyCapitalGains"": 3}",
fasterrisk,visible,adult,10,10000,36,ok,11.3879,10,0.3535980363628869,0.35342273,0.0001753063628868734,0.8836908999331348,0.8814992350752148,0.3548751077563981,0.4337099170240841,-3.1311925971355343,"{""Age_30_to_44"": 3, ""Age_45_to_59"": 4, ""Age_geq_60"": 3, ""HSDiploma"": -3, ""NoHS"": -5, ""JobManagerial"": 2, ""Married"": 5, ""WorkHrsPerWeek_lt_40"": -2, ""AnyCapitalGains"": 4, ""AnyCapitalLoss"": 2}",
fasterrisk,visible,bank,3,10000,57,ok,2.1134,3,0.2841928731865196,0.28398526,0.00020761318651957295,0.7783819035872653,0.7726779284896623,0.2880820123759359,0.529116920872521,-0.6177026003643951,"{""call_in_Q2"": -2, ""calls_b4_campaign_successful"": 3, ""euribor3m_geq_300"": -4}",
fasterrisk,visible,bank,4,10000,57,ok,3.8613,4,0.2817806150577184,0.28178062,-4.94228158398613e-09,0.7834442406839628,0.7779411200429753,0.2860696844172078,0.564640445432632,-0.7263002474966372,"{""call_in_Q2"": -2, ""calls_b4_campaign_successful"": 3, ""cons_price_idx_geq_93_5"": 1, ""euribor3m_geq_300"": -4}",
fasterrisk,visible,bank,5,10000,57,ok,5.7921,5,0.2808549989967039,0.28084659,8.408996703901384e-06,0.7868947082722353,0.7832266945494312,0.2854788696232619,0.5736007321634898,-2.925331900708428,"{""call_in_Q2"": -2, ""calls_b4_campaign_failed"": -1, ""calls_b4_campaign_successful"": 3, ""nr_employed_lt_5100"": 4, ""cons_price_idx_geq_93_5"": 1}",
fasterrisk,visible,bank,7,10000,57,ok,10.4174,7,0.2792380419874671,0.27923804,1.9874670798003535e-09,0.7898173601528563,0.7830508284890227,0.2856882000364573,0.4690611821174274,-2.9512131370381023,"{""age_ge_60"": 1, ""job_blue_collar"": -1, ""call_in_Q2"": -2, ""calls_b4_campaign_failed"": -1, ""calls_b4_campaign_successful"": 3, ""nr_employed_lt_5100"": 5, ""cons_price_idx_geq_93_5"": 1}",
fasterrisk,visible,bank,10,10000,57,ok,18.5666,10,0.2782114416290553,0.27791022,0.000301221629055326,0.7912599463337324,0.7806390652878767,0.2861493679038455,0.4013215078345217,-2.402805387561077,"{""age_ge_60"": 1, ""job_student"": 1, ""job_blue_collar"": -1, ""credit_is_or_may_be_in_default"": -1, ""call_in_Q2"": -2, ""called_before"": 3, ""calls_b4_campaign_failed"": -2, ""nr_employed_lt_5100"": 5, ""cons_price_idx_geq_93_5"": 1, ""euribor3m_geq_100"": -1}",
fasterrisk,visible,breastcancer,3,546,9,ok,0.2157,3,0.089275810989675,0.08922706,4.8750989675008793e-05,0.9954870584765136,0.9873595505617976,0.1493133175638796,0.2459512001833551,-7.902410748858931,"{""ClumpThickness"": 2, ""UniformityOfCellSize"": 4, ""BareNuclei"": 2}",
fasterrisk,visible,breastcancer,4,546,9,ok,0.3488,4,0.078529609831904,0.07846697,6.263983190400724e-05,0.9961138559103312,0.9886470037453184,0.1464622171335831,0.188945115380298,-9.323555417635752,"{""ClumpThickness"": 3, ""UniformityOfCellSize"": 4, ""BareNuclei"": 2, ""BlandChromatin"": 3}",
fasterrisk,visible,breastcancer,5,546,9,ok,0.6084,5,0.073150037247422,0.07315004,-2.752577998865746e-09,0.996866012830912,0.9918071161048688,0.1301908502562339,0.1705772014732895,-10.18249596112719,"{""ClumpThickness"": 3, ""UniformityOfCellShape"": 4, ""MarginalAdhesion"": 2, ""BareNuclei"": 2, ""BlandChromatin"": 4}",
fasterrisk,visible,breastcancer,7,546,9,ok,0.7271,7,0.0677656381195354,0.06746348,0.0003021581195353923,0.9969102573556522,0.992626404494382,0.1184100503999677,0.166953540532409,-10.48717336207014,"{""ClumpThickness"": 3, ""UniformityOfCellShape"": 3, ""MarginalAdhesion"": 2, ""BareNuclei"": 2, ""BlandChromatin"": 4, ""NormalNucleoli"": 1, ""Mitoses"": 2}",
fasterrisk,visible,breastcancer,10,546,9,ok,0.7732,9,0.0659948841642077,0.06592425,7.063416420770297e-05,0.9971609763291792,0.9913389513108616,0.1319735014390229,0.1485126910307397,-10.431765262995873,"{""ClumpThickness"": 3, ""UniformityOfCellSize"": 1, ""UniformityOfCellShape"": 3, ""MarginalAdhesion"": 2, ""SingleEpithelialCellSize"": 1, ""BareNuclei"": 2, ""BlandChromatin"": 4, ""NormalNucleoli"": 1, ""Mitoses"": 2}",
fasterrisk,visible,mammo,3,768,14,ok,0.2028,3,0.4724962698668487,0.47233462,0.00016164986684868987,0.8466953474419112,0.8537165082108902,0.454858504428048,0.3747903770695925,-0.783250768491045,"{""IrregularShape"": 4, ""CircumscribedMargin"": -4, ""Age_geq_60"": 3}",
fasterrisk,visible,mammo,4,768,14,ok,0.4692,4,0.4672067158656816,0.46720672,-4.134318443149709e-09,0.8521428766226684,0.8571197061365601,0.4571945589692052,0.3955516326582812,-0.75457350141741,"{""IrregularShape"": 3, ""CircumscribedMargin"": -4, ""SpiculatedMargin"": 2, ""Age_geq_60"": 3}",
fasterrisk,visible,mammo,5,768,14,ok,0.8558,5,0.4652321718049055,0.46370461,0.0015275618049054862,0.8553677593542053,0.853662489196197,0.4626455237037143,0.590211684433026,-0.5784878064419402,"{""IrregularShape"": 2, ""CircumscribedMargin"": -3, ""ObscuredMargin"": -1, ""SpiculatedMargin"": 1, ""Age_geq_60"": 2}",
fasterrisk,visible,mammo,7,768,14,ok,1.5097,7,0.4623838004419296,0.45928719,0.0030966104419296037,0.8590903512599543,0.8522039757994815,0.4614690667853437,0.3415578814394692,-0.7172991463857342,"{""OvalShape"": -1, ""IrregularShape"": 3, ""CircumscribedMargin"": -5, ""ObscuredMargin"": -1, ""SpiculatedMargin"": 2, ""Age_geq_45"": 1, ""Age_geq_60"": 3}",
fasterrisk,visible,mammo,10,768,14,ok,2.1704,7,0.4619576436117494,0.45827677,0.0036808736117494023,0.8561927293552962,0.8397796024200518,0.4742985733770802,0.748709554920889,-4.427616665500684,"{""LobularShape"": 1, ""IrregularShape"": 2, ""CircumscribedMargin"": -2, ""ObscuredMargin"": -1, ""SpiculatedMargin"": 1, ""Age_geq_30"": 5, ""Age_geq_60"": 1}",
fasterrisk,visible,mushroom,3,6499,113,ok,0.7065,3,0.0680752498755952,0.06494476,0.0031304898755951938,0.9845196297478456,0.9853128991060024,0.065323380223278,6.344224451671205,28.17435286210935,"{""odor_eq_almond"": -5, ""odor_eq_anise"": -5, ""odor_eq_none"": -5}",
fasterrisk,visible,mushroom,4,6499,113,ok,1.4831,4,0.0327871824386655,0.03151661,0.0012705724386654974,0.9937759336099584,0.9942528735632185,0.0307228650214149,6.529371849834725,28.18894052055421,"{""odor_eq_almond"": -5, ""odor_eq_anise"": -5, ""odor_eq_none"": -5, ""spore_print_color_eq_green"": 5}",
fasterrisk,visible,mushroom,5,6499,113,ok,2.2938,5,0.0327871824386613,0.00913778,0.0236494024386613,0.9937759336099584,0.9942528735632185,0.030722865021384,6.373033339038151,27.40724796657133,"{""odor_eq_almond"": -5, ""odor_eq_anise"": -5, ""odor_eq_none"": -5, ""odor_eq_foul"": 5, ""spore_print_color_eq_green"": 5}",
fasterrisk,visible,mushroom,7,6499,113,ok,4.9351,7,0.0058392456413103,0.0,0.0058392456413103,0.9999061226788832,0.9996390034067156,0.0156196338912558,27.067262530510625,23.870859561634138,"{""odor_eq_almond"": -4, ""odor_eq_anise"": -4, ""odor_eq_none"": -4, ""odor_eq_foul"": 3, ""gill_size_eq_narrow"": 3, ""stalk_surface_above_ring_eq_grooves"": 2, ""spore_print_color_eq_green"": 4}",
fasterrisk,visible,mushroom,10,6499,113,ok,10.9738,10,0.0067399911230665,0.0,0.0067399911230665,0.9999138983761878,0.9996299026522631,0.0217935994085768,2.7057606322296808,10.929404635173006,"{""odor_eq_almond"": -5, ""odor_eq_anise"": -5, ""odor_eq_none"": -5, ""odor_eq_foul"": 5, ""gill_spacing_eq_close"": 2, ""gill_size_eq_broad"": -5, ""stalk_surface_above_ring_eq_grooves"": 3, ""stalk_color_below_ring_eq_yellow"": 5, ""ring_number_eq_1"": -2, ""spore_print_color_eq_green"": 5}",
fasterrisk,visible,spambase,3,3680,57,ok,0.7196,2,0.4933958612671197,0.39815963,0.09523623126711972,0.7749466522344209,0.7821469830267485,0.4983040955753517,1.9207018094433,-0.3342228751201295,"{""WordFreq0"": 3, ""WordFreqHP"": -2}",
fasterrisk,visible,spambase,4,3680,57,ok,1.3275,3,0.4092376990218309,0.3626631,0.046574599021830865,0.8959270140714398,0.9103992021880584,0.403553603248144,1.577911509377605,-0.8384119504868199,"{""WordFreqRemove"": 5, ""WordFreqHP"": -3, ""CharFreqDollarSign"": 5}",
fasterrisk,visible,spambase,5,3680,57,ok,2.3542,4,0.3726360944686876,0.33604553,0.036590564468687636,0.9368529457244472,0.9358936382396794,0.4519965397882579,1.6603849732719942,-1.240486448246196,"{""WordFreqRemove"": 4, ""WordFreqHP"": -3, ""CharFreqExcalamationMark"": 1, ""CharFreqDollarSign"": 5}",
fasterrisk,visible,spambase,7,3680,57,ok,4.4809,6,0.3266948006554186,0.29812607,0.028568730655418595,0.938947734652853,0.9497541396368376,0.3215352029931423,1.3175390854741185,-1.0518436333155217,"{""WordFreqRemove"": 4, ""WordFreqFree"": 1, ""WordFreq0"": 4, ""WordFreqHP"": -3, ""WordFreqGeorge"": -1, ""CharFreqDollarSign"": 5}",
fasterrisk,visible,spambase,10,3680,57,ok,10.5423,9,0.2774500896539676,0.26602068,0.011429409653967604,0.9616166692438534,0.9576557362481116,0.3476125347238051,1.372162635244193,-1.2117433495269034,"{""WordFreqRemove"": 3, ""WordFreqFree"": 1, ""WordFreqBusiness"": 1, ""WordFreq0"": 3, ""WordFreqHP"": -2, ""WordFreqGeorge"": -2, ""WordFreqEDU"": -2, ""CharFreqExcalamationMark"": 1, ""CharFreqDollarSign"": 4}",
fasterrisk,visible,fico,3,8000,142,ok,1.3642,3,0.5919376289888503,0.59185565,8.197898885031751e-05,0.7380109062500001,0.7422095,0.5882233465384133,0.3870346074153457,-1.2151604416163662,"{""ExternalRiskEstimate<=68"": 3, ""ExternalRiskEstimate<=78"": 3, ""MSinceMostRecentInqexcl7days<=-8"": -3}",
fasterrisk,visible,fico,4,8000,142,ok,2.2323,4,0.5785818200290439,0.57853942,4.240002904387641e-05,0.7603315625,0.7661374999999999,0.5745321978295178,0.2822441437290159,-1.760062958082632,"{""ExternalRiskEstimate<=68"": 4, ""ExternalRiskEstimate<=78"": 4, ""MSinceMostRecentInqexcl7days<=-8"": -5, ""MSinceMostRecentInqexcl7days<=0"": 3}",
fasterrisk,visible,fico,5,8000,142,ok,3.1117,5,0.5695292740873528,0.56952927,4.087352789561294e-09,0.7717790937500001,0.767671,0.5756184706545506,0.3745258613044064,-1.8703892919279583,"{""ExternalRiskEstimate<=68"": 3, ""ExternalRiskEstimate<=78"": 3, ""NumSatisfactoryTrades<=13"": 2, ""MSinceMostRecentInqexcl7days<=-8"": -5, ""MSinceMostRecentInqexcl7days<=0"": 2}",
fasterrisk,visible,fico,7,8000,142,ok,5.3787,7,0.5607339511181133,0.56055096,0.00018299111811326263,0.7829862812499999,0.7746855,0.572241941907142,0.3174664147374362,-1.2539854234992809,"{""ExternalRiskEstimate<=68"": 3, ""ExternalRiskEstimate<=78"": 3, ""AverageMInFile<=58"": 2, ""NumSatisfactoryTrades<=13"": 2, ""MSinceMostRecentInqexcl7days<=-8"": -5, ""MSinceMostRecentInqexcl7days<=0"": 2, ""NetFractionRevolvingBurden<=59"": -2}",
fasterrisk,visible,fico,10,8000,142,ok,9.8253,10,0.554169616008486,0.55416962,-3.991514008205854e-09,0.7902738437499999,0.7808244999999999,0.5655325378143042,0.3290904682200984,-1.3234669478873973,"{""ExternalRiskEstimate<=68"": 2, ""ExternalRiskEstimate<=78"": 2, ""AverageMInFile<=58"": 2, ""NumSatisfactoryTrades<=13"": 2, ""PercentTradesNeverDelq<=96"": 2, ""MSinceMostRecentDelq<=20"": 1, ""MSinceMostRecentInqexcl7days<=-8"": -5, ""MSinceMostRecentInqexcl7days<=0"": 2, ""NetFractionRevolvingBurden<=35"": -1, ""NetFractionRevolvingBurden<=59"": -2}",
fasterrisk,visible,compas,3,4222,32,ok,0.6862,3,0.622636832106143,0.62253821,9.862210614297595e-05,0.696625821718037,0.7012972288111494,0.6218535595446498,0.2890575047827967,0.873557786969381,"{""age<=29"": 3, ""priors_count<=1"": -3, ""priors_count<=6"": -4}",
fasterrisk,visible,compas,4,4222,32,ok,1.0604,4,0.6161707307555757,0.61579658,0.0003741507555756751,0.712040184691769,0.7235686030314266,0.6068852701397329,0.3327950864434175,0.6570104758389657,"{""age<=22"": 3, ""age<=34"": 2, ""priors_count<=1"": -3, ""priors_count<=6"": -3}",
fasterrisk,visible,compas,5,4222,32,ok,1.4924,5,0.6121285328328436,0.61211833,1.0202832843586584e-05,0.7195676083208578,0.7304002908326525,0.6049155571060412,0.266107059711269,0.5944944711601864,"{""age<=22"": 3, ""age<=34"": 3, ""priors_count<=0"": -2, ""priors_count<=2"": -3, ""priors_count<=6"": -3}",
fasterrisk,visible,compas,7,4222,32,ok,2.4005,7,0.6090275975639434,0.60822652,0.0008010775639434309,0.7242834231390756,0.7331502431404169,0.6035618113632871,0.2448596650481419,1.2358604106699576,"{""age<=22"": 3, ""age<=29"": 1, ""age<=34"": 2, ""juv_other_count<=0"": -2, ""priors_count<=0"": -2, ""priors_count<=2"": -3, ""priors_count<=6"": -4}",
fasterrisk,visible,compas,10,4222,32,ok,4.4585,10,0.6055675153118738,0.60556055,6.965311873829982e-06,0.7312202861893721,0.7402464878717744,0.5992120082336755,0.171633350639547,0.98338047175691,"{""sex=0"": -2, ""age<=22"": 4, ""age<=29"": 2, ""age<=34"": 2, ""age<=45"": 2, ""juv_other_count<=0"": -3, ""priors_count<=0"": -2, ""priors_count<=1"": -2, ""priors_count<=2"": -3, ""priors_count<=6"": -5}",
fasterrisk,visible,australian,3,552,79,ok,0.3847,3,0.3399486819674345,0.33798725,0.0019614319674344793,0.9193301982039428,0.890568447945497,0.4050886241559464,0.7106423355321746,2.926732780032689,"{""A8=0"": -5, ""A9=0"": -2, ""A14<=87"": -2}",
fasterrisk,visible,australian,4,552,79,ok,0.6464,4,0.3266563195115297,0.32665632,-4.88470319748302e-10,0.9275399861841754,0.9259101554183522,0.3561476386905328,0.8017488301160703,3.295735107012329,"{""A3<=13"": 2, ""A8=0"": -5, ""A9=0"": -2, ""A14<=126"": -2}",
fasterrisk,visible,australian,5,552,79,ok,0.9372,5,0.3200276081768639,0.31742252,0.00260508817686389,0.9347268717785218,0.9450713221205024,0.3207257327850912,1.0095064693734306,2.9741792300137453,"{""A3<=13"": 2, ""A7<=26"": -1, ""A8=0"": -4, ""A10<=3"": -1, ""A14<=87"": -1}",
fasterrisk,visible,australian,7,552,79,ok,1.728,7,0.3041487472448329,0.30383905,0.00030969724483287386,0.9407380838514268,0.9445390674898873,0.3168594418599396,0.764824698753728,3.809281359363057,"{""A3<=13"": 3, ""A3<=89"": -1, ""A5=14"": 3, ""A7<=26"": -1, ""A8=0"": -5, ""A9=0"": -2, ""A14<=126"": -2}",
fasterrisk,visible,australian,10,552,79,ok,3.6783,10,0.2912603769672538,0.28999338,0.0012669969672537973,0.9458924491205696,0.9375133063657654,0.3045971126336413,0.756146187518132,2.860797212140036,"{""A3<=13"": 3, ""A4=2"": 1, ""A5=1"": -2, ""A5=14"": 3, ""A6=5"": -2, ""A7<=26"": -1, ""A8=0"": -5, ""A10<=3"": -2, ""A13<=30"": 1, ""A14<=87"": -2}",
fasterrisk,visible,heart,3,216,57,ok,0.11,3,0.3946436947603277,0.39413199,0.0005117047603276914,0.8897135416666666,0.7666666666666667,0.61622405012687,0.6939297277804551,4.198478527338005,"{""chest<=3"": -3, ""oldpeak<=1.9"": -4, ""thal<=3"": -3}",
fasterrisk,visible,heart,4,216,57,ok,0.2018,4,0.356107606733472,0.35610761,-3.2665279925403468e-09,0.9146267361111112,0.8638888888888888,0.4503914086824262,0.4170149034003905,3.664981328384554,"{""chest<=3"": -5, ""oldpeak<=0.6"": -4, ""number_of_major_vessels<=0"": -4, ""thal<=3"": -5}",
fasterrisk,visible,heart,5,216,57,ok,0.3865,5,0.3365555832242781,0.33644466,0.0001109232242780811,0.9264322916666666,0.8520833333333333,0.4968000579613306,0.4648981568926066,4.601242922037374,"{""chest<=3"": -4, ""resting_electrocardiographic_results<=0"": -3, ""oldpeak<=0.6"": -4, ""number_of_major_vessels<=0"": -4, ""thal<=3"": -5}",
fasterrisk,visible,heart,7,216,57,ok,1.061,7,0.31675485937146,0.31496988,0.0017849793714599937,0.9362413194444444,0.8798611111111112,0.4343982441820236,0.4211772707741958,4.697350435405085,"{""sex=1"": 3, ""chest<=3"": -5, ""serum_cholestoral<=270"": -3, ""oldpeak<=0.6"": -3, ""oldpeak<=1.9"": -4, ""number_of_major_vessels<=0"": -4, ""thal<=3"": -4}",
fasterrisk,visible,heart,10,216,57,ok,2.2031,10,0.2808621397904303,0.27914686,0.0017152797904302908,0.9496961805555556,0.8423611111111111,0.552731533561135,0.6271125571357087,2.016280786214176,"{""age<=58"": -3, ""age<=63"": 4, ""sex=1"": 3, ""chest<=3"": -3, ""serum_cholestoral<=270"": -2, ""resting_electrocardiographic_results<=0"": -2, ""maximum_heart_rate_achieved<=171"": 2, ""oldpeak<=0.6"": -3, ""number_of_major_vessels<=0"": -3, ""thal<=3"": -3}",
fasterrisk,visible,ionosphere,3,280,267,ok,0.1682,3,0.2834435207467495,0.2819954,0.0014481207467494928,0.8978649261574203,0.9139130434782607,0.2588889202143876,1.213708016082251,1.4266785564471136,"{""a03<=0"": 5, ""a05<=0.06704"": 4, ""a22<=0.82162"": -3}",
fasterrisk,visible,ionosphere,4,280,267,ok,0.303,4,0.2299304529462951,0.22797815,0.0019523029462951147,0.9315227612146688,0.9339130434782608,0.2222301568462022,1.338325924821673,-2.653124242594762,"{""a03<=0"": 4, ""a04<=-0.59677"": 3, ""a05<=0.06704"": 4, ""a06<=-0.23067"": 3}",
fasterrisk,visible,ionosphere,5,280,267,ok,0.52,5,0.2098357880912585,0.20648715,0.003348638091258488,0.9465401847447314,0.9504347826086956,0.2112344041088869,1.006573425032815,0.0277974732564706,"{""a03<=0"": 5, ""a04<=-0.59677"": 4, ""a05<=0.06704"": 5, ""a06<=-0.23067"": 4, ""a32<=0.77702"": -3}",
fasterrisk,visible,ionosphere,7,280,267,ok,1.1713,7,0.149274012005874,0.14271712,0.006556892005874004,0.9749986171801538,0.9369565217391304,0.2906260560236068,1.7295735000430896,0.2580057347591128,"{""a03<=0"": 4, ""a05<=0"": 4, ""a06<=-0.23067"": 4, ""a07<=0.38431"": 2, ""a22<=-0.03333"": -2, ""a24<=-1"": 4, ""a32<=0.77702"": -2}",
fasterrisk,visible,ionosphere,10,280,267,ok,2.6194,10,0.0954292157614939,0.08583887,0.009590345761493896,0.991813706510316,0.8869565217391304,0.662886852402435,1.5991145444621646,0.2340491011106335,"{""a03<=0"": 5, ""a05<=0.06704"": 4, ""a06<=-0.23067"": 5, ""a07<=0.38431"": 4, ""a11<=-0.31605"": -5, ""a18<=0"": 2, ""a22<=-0.03333"": -3, ""a24<=-1"": 5, ""a27<=0.94305"": -2, ""a28<=0.08968"": -3}",
fasterrisk,visible,ilpd,3,466,79,ok,0.3697,3,0.5069912743791254,0.50697218,1.9094379125395022e-05,0.7403192666350561,0.7453933380581148,0.5192172061121736,0.3746217823455201,-3.270219388330225,"{""V1<=24"": 3, ""V4<=1"": 5, ""V5<=206"": 3}",
fasterrisk,visible,ilpd,4,466,79,ok,0.5952,4,0.4979905761011173,0.49795585,3.472610111732166e-05,0.7562713089028877,0.7824238128986534,0.4934618602000788,0.3914692267951884,-4.174269579265102,"{""V1<=24"": 3, ""V4<=1"": 5, ""V5<=206"": 2, ""V6<=69"": 3}",
fasterrisk,visible,ilpd,5,466,79,ok,0.9076,5,0.4922454229144788,0.49203517,0.00021025291447879235,0.7651787125471335,0.784727143869596,0.4858338563561127,0.3459564936195483,-4.957439761527204,"{""V1<=24"": 3, ""V1<=66"": 3, ""V4<=1"": 5, ""V5<=206"": 3, ""V6<=69"": 3}",
fasterrisk,visible,ilpd,7,466,79,ok,1.6668,7,0.4869048520213855,0.48346504,0.003439812021385491,0.7696267696267696,0.7882707299787385,0.47177070774335,0.9510192830741032,-9.571276133241234,"{""V1<=24"": 1, ""V1<=66"": 1, ""V4<=0.6"": 1, ""V4<=4"": 5, ""V5<=206"": 1, ""V6<=69"": 1, ""V7<=190"": 1}",
fasterrisk,visible,ilpd,10,466,79,ok,4.9268,10,0.4745227732590144,0.4735486,0.0009741732590143881,0.7860191018085755,0.7733876683203401,0.4845964875010902,0.9552757271705232,-8.713388665249633,"{""V1<=24"": 1, ""V1<=66"": 1, ""V3<=7.7"": 5, ""V4<=0.6"": 1, ""V5<=206"": 1, ""V6<=69"": 1, ""V8<=6.5"": 1, ""V9<=3.1"": -1, ""V9<=4.1"": -1, ""V10<=1.3"": 1}",
fasterrisk,visible,magic,3,10000,90,ok,1.6955,3,0.4758201730730734,0.47478487,0.001035303073073368,0.7994673508045358,0.784561840855832,0.4940713003689636,0.5544437330796431,2.159439776522432,"{""fLength:<=106.655"": -4, ""fM3Long:<=-34.8805"": 3, ""fAlpha:<=18.205"": -4}",
fasterrisk,visible,magic,4,10000,90,ok,2.6609,4,0.4562011387276581,0.45620114,-1.272341898506113e-09,0.8308662909803708,0.8145058563689459,0.4770337972647807,0.715292352522922,3.499210863543376,"{""fLength:<=106.655"": -4, ""fSize:<=2.42"": -2, ""fAlpha:<=11.711"": -2, ""fAlpha:<=27.106"": -2}",
fasterrisk,visible,magic,5,10000,90,ok,3.6307,5,0.442774216069146,0.44183376,0.0009404560691460007,0.8452234352662263,0.829782806579458,0.4656925215805112,0.6123458643259615,3.644294011921944,"{""fLength:<=106.655"": -5, ""fWidth:<=11.1267"": 2, ""fSize:<=2.42"": -3, ""fAlpha:<=11.711"": -3, ""fAlpha:<=39.472"": -2}",
fasterrisk,visible,magic,7,10000,90,ok,6.989,7,0.419442589762999,0.4187976,0.000644989762998982,0.8636230848104972,0.844334421862093,0.4494241949630241,0.4192504904309212,3.8020891019983583,"{""fLength:<=106.655"": -5, ""fWidth:<=12.6731"": 3, ""fWidth:<=39.6681"": -4, ""fSize:<=2.42"": -4, ""fM3Long:<=-34.8805"": 4, ""fAlpha:<=11.711"": -4, ""fAlpha:<=27.106"": -3}",
fasterrisk,visible,magic,10,10000,90,ok,14.6561,10,0.4010452265739729,0.40023123,0.0008139965739729083,0.8762153614848908,0.8559029349570729,0.4363528434988435,0.3563504486398166,3.8335356575520727,"{""fLength:<=46.2915"": -2, ""fLength:<=106.655"": -5, ""fWidth:<=11.1267"": 3, ""fWidth:<=15.1087"": 3, ""fWidth:<=39.6681"": -4, ""fSize:<=2.2844"": -4, ""fSize:<=2.5289"": -4, ""fM3Long:<=-34.8805"": 4, ""fAlpha:<=11.711"": -5, ""fAlpha:<=27.106"": -4}",
fasterrisk,visible,haberman,3,244,27,ok,0.2715,3,0.4906198182007443,0.49061982,-1.7992556888835054e-09,0.7246239793725828,0.6012228260869564,0.5624556705989217,0.5954857516512759,0.4802070930966801,"{""Age_of_patient_at_time_of_operation<=38"": -3, ""Patients_year_of_operation=61"": -4, ""Number_of_positive_axillary_nodes_detected<=4"": -3}",
fasterrisk,visible,haberman,4,244,27,ok,0.5415,4,0.4810384142754054,0.48088484,0.00015357427540541035,0.7465835840137516,0.5883152173913043,0.5752094111761259,0.4554797723706597,0.3947278855798655,"{""Age_of_patient_at_time_of_operation<=38"": -4, ""Patients_year_of_operation=65"": 2, ""Patients_year_of_operation=61"": -5, ""Number_of_positive_axillary_nodes_detected<=4"": -4}",
fasterrisk,visible,haberman,5,244,27,ok,0.5755,5,0.4779456368232793,0.47794564,-3.1767207198107883e-09,0.756768371293511,0.563858695652174,0.6069481159682624,0.4602605050510348,0.4816916712972366,"{""Age_of_patient_at_time_of_operation<=38"": -4, ""Patients_year_of_operation=65"": 2, ""Patients_year_of_operation=61"": -5, ""Patients_year_of_operation=63"": -2, ""Number_of_positive_axillary_nodes_detected<=4"": -4}",
fasterrisk,visible,haberman,7,244,27,ok,1.0305,7,0.4731003093016757,0.47310031,-6.983243427960417e-10,0.7781263429308123,0.626358695652174,0.5958416108011696,0.5156627639598657,0.5010117280144356,"{""Age_of_patient_at_time_of_operation<=38"": -3, ""Patients_year_of_operation=60"": -1, ""Patients_year_of_operation=65"": 2, ""Patients_year_of_operation=61"": -5, ""Patients_year_of_operation=63"": -2, ""Number_of_positive_axillary_nodes_detected<=0"": -1, ""Number_of_positive_axillary_nodes_detected<=4"": -3}",
fasterrisk,visible,haberman,10,244,27,ok,1.8616,10,0.4667824264328432,0.46599817,0.0007842564328431889,0.7891276321443919,0.641983695652174,0.5769642109892535,0.4913241332178028,0.4864591528699392,"{""Age_of_patient_at_time_of_operation<=38"": -3, ""Age_of_patient_at_time_of_operation<=42"": -2, ""Age_of_patient_at_time_of_operation<=49"": 1, ""Patients_year_of_operation=60"": -1, ""Patients_year_of_operation=65"": 2, ""Patients_year_of_operation=61"": -5, ""Patients_year_of_operation=63"": -2, ""Patients_year_of_operation=67"": -2, ""Number_of_positive_axillary_nodes_detected<=0"": -1, ""Number_of_positive_axillary_nodes_detected<=4"": -3}",
slim_milp,visible,adult,3,10000,36,over_limit,60.0754,3,0.4996506381778643,0.40451518,0.09513545817786434,0.6828140698899698,0.691001456332772,0.4975553899382539,0.5440895808080815,-0.9262357255398088,"{""HSDiploma"": -2, ""JobManagerial"": 2, ""AnyCapitalGains"": 2}",status 1
slim_milp,visible,adult,4,10000,36,over_limit,60.0271,4,0.4354595584625337,0.38816564,0.047293918462533724,0.7963638011598151,0.8018853558038012,0.4305262837488319,1.4197654875666588,-2.364301964592012,"{""Age_30_to_44"": 1, ""Age_45_to_59"": 1, ""HSDiploma"": -1, ""Married"": 1}",status 1
slim_milp,visible,adult,5,10000,36,over_limit,60.0294,5,0.4167034249584117,0.37728155,0.03942187495841165,0.8170707045622424,0.82420208017532,0.4088588694030232,1.4418790577395475,-2.5500706057661784,"{""Age_30_to_44"": 1, ""Age_45_to_59"": 1, ""HSDiploma"": -1, ""Married"": 1, ""AnyCapitalGains"": 1}",status 1
slim_milp,visible,adult,7,10000,36,over_limit,60.0319,7,0.3840633738194876,0.36328792,0.020775453819487588,0.8463444756501861,0.8494314700909157,0.3784763700970606,1.7007860820493002,-2.789723362696582,"{""Age_30_to_44"": 1, ""Age_45_to_59"": 1, ""Age_geq_60"": 1, ""HSDiploma"": -1, ""NoHS"": -1, ""Married"": 1, ""AnyCapitalGains"": 1}",status 1
slim_milp,visible,adult,10,10000,36,over_limit,60.0293,10,0.3953242589752699,0.35342273,0.041901528975269886,0.8313590827379056,0.8315366936344956,0.3925913486639559,1.7866811670390044,-3.008828281170832,"{""Age_22_to_29"": 1, ""Age_30_to_44"": 1, ""Age_45_to_59"": 1, ""Age_geq_60"": 1, ""HSDiploma"": -1, ""ProfVocOrAS"": -1, ""NoHS"": -1, ""Married"": 1, ""AnyCapitalGains"": 1, ""AnyCapitalLoss"": 1}",status 1
slim_milp,visible,bank,3,10000,57,over_limit,60.0636,1,0.3186998741273126,0.28398526,0.03471461412731258,0.6005296771737421,0.5907852579475471,0.3208303183168923,2.969219566682457,-2.292466195898188,"{""calls_b4_campaign_successful"": 1}",status 1
slim_milp,visible,bank,4,10000,57,over_limit,62.0285,3,0.2941585245918502,0.28178062,0.01237790459185023,0.746885497017451,0.7380427066745966,0.2975897053916814,1.783412698960695,-1.3240313820575662,"{""calls_b4_campaign_successful"": 1, ""nr_employed_gt_5100"": -1, ""euribor3m_geq_500"": 1}",status 1
slim_milp,visible,bank,5,10000,57,over_limit,60.0569,5,0.3260876156699036,0.28084659,0.04524102566990357,0.6698409167059977,0.673471084422104,0.32732010085239,0.2490080163949879,-2.1975365890956176,"{""job_unemployed"": 5, ""job_services"": 5, ""called_before"": 5, ""calls_b4_campaign_successful"": 3, ""euribor3m_geq_100"": -1}",status 1
slim_milp,visible,bank,7,10000,57,over_limit,60.1253,5,0.3021493309282094,0.27923804,0.02291129092820937,0.7468432137151221,0.7376949715096982,0.3055820294078242,0.6667948382976661,-1.1435174433501056,"{""calls_b4_campaign_successful"": 1, ""nr_employed_gt_5100"": -1, ""euribor3m_geq_200"": -1, ""euribor3m_geq_300"": -1, ""euribor3m_geq_500"": 1}",status 1
slim_milp,visible,bank,10,10000,57,over_limit,66.3651,4,0.3184032883242721,0.27791022,0.04049306832427213,0.6013614322640513,0.5923328792791409,0.3204399408757656,2.971503583033031,-17.152134838510023,"{""calls_b4_campaign_successful"": 1, ""nr_employed_lt_5100"": 5, ""euribor3m_geq_200"": 5, ""euribor3m_geq_500"": 1}",status 1
slim_milp,visible,breastcancer,3,546,9,over_limit,60.0055,3,0.0920596316915723,0.08922706,0.0028325716915723054,0.9949782464420028,0.9856039325842696,0.168040097141473,0.4006213905296906,-7.728843275138409,"{""ClumpThickness"": 1, ""UniformityOfCellSize"": 3, ""BareNuclei"": 1}",status 1
slim_milp,visible,breastcancer,4,546,9,over_limit,60.0054,4,0.0901954231231576,0.07846697,0.011728453123157609,0.9953469508148368,0.9864232209737828,0.1636066314297448,0.3877755258077771,-8.039200113692225,"{""ClumpThickness"": 1, ""UniformityOfCellSize"": 3, ""BareNuclei"": 1, ""Mitoses"": 1}",status 1
slim_milp,visible,breastcancer,5,546,9,over_limit,60.0074,4,0.1046117467089064,0.07315004,0.0314617067089064,0.9931126023154636,0.9846676029962548,0.1712760115227982,0.2831335562998955,-7.335240642630459,"{""UniformityOfCellShape"": 4, ""BareNuclei"": 1, ""NormalNucleoli"": 2, ""Mitoses"": 1}",status 1
slim_milp,visible,breastcancer,7,546,9,ok,16.9713,6,0.0782747824019687,0.06746348,0.01081130240196869,0.995841014674434,0.9913389513108614,0.1310021882116364,0.2407706964096542,-9.336430340399986,"{""ClumpThickness"": 2, ""UniformityOfCellShape"": 3, ""MarginalAdhesion"": 1, ""BareNuclei"": 1, ""BlandChromatin"": 1, ""NormalNucleoli"": 2}",
slim_milp,visible,breastcancer,10,546,9,ok,16.7914,6,0.082724699105771,0.06592425,0.016800449105770998,0.995612417963277,0.9875936329588016,0.145391083683291,0.1470379469833815,-7.896838715967304,"{""ClumpThickness"": 2, ""UniformityOfCellSize"": 5, ""UniformityOfCellShape"": 2, ""SingleEpithelialCellSize"": 1, ""BareNuclei"": 3, ""NormalNucleoli"": 1}",
slim_milp,visible,mammo,3,768,14,ok,2.2993,3,0.4747779976420939,0.47233462,0.0024433776420939024,0.8468248881858842,0.8525280898876404,0.4559210685429005,0.3933468363294456,-0.3560768480984323,"{""IrregularShape"": 3, ""CircumscribedMargin"": -5, ""Age_geq_60"": 2}",
slim_milp,visible,mammo,4,768,14,ok,6.2607,4,0.4712634347063221,0.46720672,0.004056714706322073,0.848989582197011,0.8457216940363007,0.4697667267489748,0.3201293676751405,-0.5868519457444991,"{""IrregularShape"": 5, ""CircumscribedMargin"": -5, ""ObscuredMargin"": -3, ""Age_geq_60"": 3}",
slim_milp,visible,mammo,5,768,14,ok,10.4712,5,0.468535916728894,0.46370461,0.00483130672889398,0.851253136249591,0.8493409680207433,0.4575692085974718,0.3415805713006884,-0.282078578912376,"{""OvalShape"": -2, ""IrregularShape"": 3, ""CircumscribedMargin"": -5, ""SpiculatedMargin"": 2, ""Age_geq_60"": 2}",
slim_milp,visible,mammo,7,768,14,ok,10.9465,7,0.4767743451057276,0.45928719,0.01748715510572757,0.8506020235627795,0.8444792566983579,0.4759101698092686,0.2700047188613997,-0.8076945072138534,"{""OvalShape"": -2, ""LobularShape"": 3, ""IrregularShape"": 5, ""CircumscribedMargin"": -4, ""MicrolobulatedMargin"": 5, ""SpiculatedMargin"": 5, ""Age_geq_60"": 2}",
slim_milp,visible,mammo,10,768,14,ok,6.0577,10,0.4679604663263548,0.45827677,0.009683696326354796,0.8543859768735682,0.8515017286084702,0.4634494257447459,0.1951890529381804,-1.169119017550445,"{""RoundShape"": -5, ""OvalShape"": -5, ""LobularShape"": -3, ""IrregularShape"": 5, ""CircumscribedMargin"": -3, ""MicrolobulatedMargin"": 5, ""IllDefinedMargin"": 2, ""SpiculatedMargin"": 5, ""Density"": 1, ""Age_geq_60"": 5}",
slim_milp,visible,mushroom,3,6499,113,over_limit,60.1012,3,0.0680752498756369,0.06494476,0.0031304898756368965,0.9845196297478456,0.9853128991060024,0.0653233802233224,15.789049622372222,28.03132984850124,"{""odor_eq_almond"": -2, ""odor_eq_anise"": -2, ""odor_eq_none"": -2}",status 1
slim_milp,visible,mushroom,4,6499,113,over_limit,60.0499,4,0.1185347873342179,0.03151661,0.0870181773342179,0.981548649598442,0.9826266597500932,0.1121515339953476,3.946902757772389,2.8127998387603825,"{""odor_eq_almond"": -1, ""odor_eq_anise"": -1, ""odor_eq_none"": -2, ""odor_eq_foul"": 1}",status 1
slim_milp,visible,mushroom,5,6499,113,over_limit,60.0603,5,0.1189089339660801,0.00913778,0.1097711539660801,0.9843831283299188,0.9829717300230856,0.1289530988851043,2.786679477477635,4.73418490894722,"{""odor_eq_almond"": -1, ""odor_eq_none"": -2, ""odor_eq_foul"": 1, ""gill_size_eq_broad"": -1, ""ring_type_eq_pendant"": -1}",status 1
slim_milp,visible,mushroom,7,6499,113,over_limit,60.069,7,0.003608972701746,0.0,0.003608972701746,0.999902140004654,0.999623835482628,0.0125708747798398,30.1686432519208,25.30883084785114,"{""odor_eq_almond"": -2, ""odor_eq_anise"": -2, ""odor_eq_none"": -2, ""gill_size_eq_narrow"": 1, ""stalk_surface_above_ring_eq_grooves"": 1, ""stalk_surface_below_ring_eq_scaly"": 1, ""spore_print_color_eq_green"": 5}",status 1
slim_milp,visible,mushroom,10,6499,113,over_limit,60.0385,7,3.6490747090146265e-13,0.0,3.6490747090146265e-13,1.0,1.0,3.982754646047135e-13,26.445733920387145,25.844625376826635,"{""odor_eq_almond"": -5, ""odor_eq_anise"": -5, ""odor_eq_none"": -5, ""gill_size_eq_narrow"": 3, ""stalk_surface_above_ring_eq_grooves"": 3, ""spore_print_color_eq_green"": 5, ""population_eq_clustered"": 2}",status 1
slim_milp,visible,spambase,3,3680,57,over_limit,60.0274,3,0.5913815555359462,0.39815963,0.1932219255359462,0.702809494355961,0.6861503599040254,0.5892037825737612,0.6728978840078289,-0.7243198801847321,"{""WordFreqMake"": -1, ""WordFreqCredit"": 5, ""WordFreqMoney"": 5}",status 1
slim_milp,visible,spambase,4,3680,57,over_limit,60.0307,4,0.4524690471183369,0.3626631,0.08980594711833689,0.8878680995824957,0.883872942523969,0.4583452864406139,1.0142048812914133,0.0521719444949399,"{""WordFreqHP"": -5, ""WordFreqMeeting"": -5, ""WordFreqEDU"": -5, ""CharFreqDollarSign"": 4}",status 1
slim_milp,visible,spambase,5,3680,57,over_limit,60.0224,5,0.5099442466643218,0.33604553,0.17389871666432183,0.7542693675583733,0.7629866603473642,0.5226132726457461,0.8126308066652322,0.3399986701660987,"{""WordFreqHP"": -2, ""WordFreqData"": -5, ""WordFreqMeeting"": -5, ""WordFreqEDU"": -3, ""CharFreqSemicolon"": -3}",status 1
slim_milp,visible,spambase,7,3680,57,over_limit,60.0314,7,0.4542097847415376,0.29812607,0.1560837147415376,0.8703301376217721,0.8994465673351304,0.4117653791035634,0.516533080335147,-1.1917695125556316,"{""WordFreqRemove"": 3, ""WordFreqYou"": 1, ""WordFreqHP"": -1, ""WordFreqGeorge"": -5, ""WordFreqCS"": -5, ""WordFreqConference"": -3, ""CharFreqDollarSign"": 4}",status 1
slim_milp,visible,spambase,10,3680,57,over_limit,60.0211,10,0.5248565442550254,0.26602068,0.25883586425502536,0.8456069274779651,0.8526244853224325,0.571689196971909,0.0301394708351614,-1.2826360746239227,"{""WordFreqRemove"": 1, ""WordFreqCredit"": 2, ""WordFreqHP"": -1, ""WordFreqGeorge"": -5, ""WordFreqMeeting"": -5, ""WordFreqProject"": -1, ""WordFreqRE"": -1, ""WordFreqEDU"": -1, ""CharFreqDollarSign"": 2, ""CapitalRunLengthLongest"": 1}",status 1
slim_milp,visible,fico,3,8000,142,over_limit,60.5985,1,0.6885354366778355,0.59185565,0.0966797866778355,0.5291250000000001,0.5315000000000001,0.6874759535917548,0.6412249102955881,0.0650249944857233,"{""MSinceMostRecentInqexcl7days<=-8"": -1}",status 1
slim_milp,visible,fico,4,8000,142,over_limit,62.6417,1,0.6885354366778355,0.57853942,0.10999601667783543,0.5291250000000001,0.5315000000000001,0.6874759535917548,0.6412249102955881,0.0650249944857233,"{""MSinceMostRecentInqexcl7days<=-8"": -1}",status 1
slim_milp,visible,fico,5,8000,142,over_limit,60.1431,1,0.6885354366778355,0.56952927,0.11900616667783548,0.5291250000000001,0.5315000000000001,0.6874759535917548,0.6412249102955881,0.0650249944857233,"{""MSinceMostRecentInqexcl7days<=-8"": -1}",status 1
slim_milp,visible,fico,7,8000,142,over_limit,62.3438,1,0.6885354366778355,0.56055096,0.1279844766778354,0.5291250000000001,0.5315000000000001,0.6874759535917548,0.6412249102955881,0.0650249944857233,"{""MSinceMostRecentInqexcl7days<=-8"": -1}",status 1
slim_milp,visible,fico,10,8000,142,over_limit,62.1498,1,0.6885354366778355,0.55416962,0.13436581667783543,0.5291250000000001,0.5315000000000001,0.6874759535917548,0.6412249102955881,0.0650249944857233,"{""MSinceMostRecentInqexcl7days<=-8"": -1}",status 1
slim_milp,visible,compas,3,4222,32,over_limit,60.0153,3,0.6585384149655581,0.62253821,0.036000204965558114,0.6594962816639554,0.6712961129928048,0.6499704334370425,0.2343194041360719,-1.0528467704090352,"{""age<=22"": 5, ""age<=53"": 5, ""priors_count<=2"": -2}",status 1
slim_milp,visible,compas,4,4222,32,over_limit,60.0153,2,0.6379941401994323,0.61579658,0.02219756019943231,0.6631786999155087,0.6626251246297102,0.6376216731595886,0.6465553349984619,0.4986878201281682,"{""age<=22"": 2, ""priors_count<=2"": -2}",status 1
slim_milp,visible,compas,5,4222,32,over_limit,60.0188,5,0.6240829576406824,0.61211833,0.011964627640682401,0.7034937766512276,0.7060286585343906,0.624352938450737,0.2004915804937558,0.3823861015489597,"{""age<=22"": 5, ""age<=34"": 2, ""juv_misd_count<=0"": 3, ""priors_count<=2"": -5, ""priors_count<=6"": -5}",status 1
slim_milp,visible,compas,7,4222,32,over_limit,60.0104,7,0.6247410650207005,0.60822652,0.01651454502070049,0.69775300988854,0.6930113777477027,0.6275622897152972,0.208277046989969,-0.3237273621094739,"{""age<=22"": 5, ""age<=45"": 5, ""juv_fel_count<=0"": 1, ""juv_misd_count<=0"": 1, ""priors_count<=2"": -4, ""priors_count<=4"": -1, ""priors_count<=6"": -3}",status 1
slim_milp,visible,compas,10,4222,32,over_limit,60.0435,9,0.621116898314167,0.60556055,0.015556348314167079,0.7089344778386091,0.7055679335404195,0.6250414206812651,0.2817958655244765,0.8720171901032272,"{""age<=22"": 4, ""age<=53"": -1, ""juv_other_count<=0"": -1, ""priors_count<=1"": -1, ""priors_count<=2"": -3, ""priors_count<=4"": -2, ""age_cat_Greaterthan45=0"": 2, ""race_African-American=1"": -3, ""race_Caucasian=0"": 3}",status 1
slim_milp,visible,australian,3,552,79,over_limit,60.0096,3,0.3630924823968333,0.33798725,0.025105232396833266,0.9058863382751474,0.8772620821801149,0.4251562586616019,0.920615800329597,-1.3047310390245992,"{""A5=1"": -2, ""A8=1"": 4, ""A14<=42"": -2}",status 1
slim_milp,visible,australian,4,552,79,over_limit,60.0134,3,0.4351731382801145,0.32665632,0.1085168182801145,0.869865561400712,0.8484138812007664,0.4809522084909423,0.6701645799398621,-0.4069991683428973,"{""A8=0"": -5, ""A12=1"": -2, ""A13<=102"": 3}",status 1
slim_milp,visible,australian,5,552,79,over_limit,60.0104,3,0.4225565466239602,0.31742252,0.10513402662396021,0.8662920452733939,0.8407494145199064,0.4915794490120875,0.8330014695823783,-1.8144505028746305,"{""A3<=26"": -2, ""A8=1"": 4, ""A12=1"": -2}",status 1
slim_milp,visible,australian,7,552,79,over_limit,60.0385,7,0.3212697793096165,0.30383905,0.017430729309616477,0.9324419469684893,0.919948903555461,0.3728779119875653,1.0259214207654102,2.6062797686322,"{""A3<=13"": 1, ""A5=1"": -2, ""A8=0"": -4, ""A10<=1"": -1, ""A10<=2"": 1, ""A10<=3"": -1, ""A14<=87"": -1}",status 1
slim_milp,visible,australian,10,552,79,over_limit,60.0086,10,0.3569366109793415,0.28999338,0.06694323097934146,0.906019182740847,0.8955716414732808,0.4060158377755173,1.1704309595213729,1.2910823638644793,"{""A3<=13"": 1, ""A5=1"": -2, ""A8=1"": 3, ""A10<=3"": -1, ""A12=2"": -2, ""A12=1"": -2, ""A13<=1"": -1, ""A14<=1"": 3, ""A14<=6"": -2, ""A14<=87"": -1}",status 1
slim_milp,visible,heart,3,216,57,over_limit,60.0122,3,0.4234794005358518,0.39413199,0.029347410535851826,0.8710503472222222,0.8416666666666667,0.4656882463787545,0.9956618677168324,2.88009053659706,"{""chest<=3"": -2, ""oldpeak<=0.6"": -2, ""number_of_major_vessels<=0"": -2}",status 1
slim_milp,visible,heart,4,216,57,over_limit,60.0059,4,0.4816605917298413,0.35610761,0.1255529817298413,0.8455729166666667,0.8479166666666668,0.4810649144885084,0.4396348658356375,0.7313308343422827,"{""sex=1"": 2, ""slope<=1"": -5, ""number_of_major_vessels<=0"": -5, ""number_of_major_vessels<=2"": 2}",status 1
slim_milp,visible,heart,5,216,57,over_limit,60.0053,5,0.4511848359836889,0.33644466,0.11474017598368891,0.8606770833333333,0.7805555555555556,0.5766938938933562,0.5972578364002852,3.4659313706667563,"{""age<=66"": 1, ""resting_blood_pressure<=140"": -2, ""slope<=1"": -3, ""number_of_major_vessels<=1"": -3, ""thal<=3"": -3}",status 1
slim_milp,visible,heart,7,216,57,over_limit,60.0045,7,0.4436012655933105,0.31496988,0.1286313855933105,0.8751302083333334,0.763888888888889,0.6655267797140484,0.5334137560492442,2.847335037323927,"{""age<=58"": -5, ""age<=63"": 3, ""sex=1"": 1, ""chest<=3"": -1, ""serum_cholestoral<=220"": -4, ""oldpeak<=1.9"": -3, ""thal<=3"": -3}",status 1
slim_milp,visible,heart,10,216,57,over_limit,60.0058,10,0.3999525070325936,0.27914686,0.12080564703259361,0.8965277777777779,0.7979166666666666,0.5742001767312526,0.4474132811556415,-2.1965046441457043,"{""chest<=3"": -3, ""resting_blood_pressure<=142"": -2, ""serum_cholestoral<=309"": 2, ""maximum_heart_rate_achieved<=171"": 5, ""oldpeak<=1.4"": -1, ""oldpeak<=1.9"": -2, ""slope<=2"": 4, ""number_of_major_vessels<=0"": -2, ""number_of_major_vessels<=2"": 4, ""thal<=3"": -5}",status 1
slim_milp,visible,ionosphere,3,280,267,over_limit,60.0241,3,0.4474413484334226,0.2819954,0.16544594843342258,0.8218928038055202,0.8621739130434782,0.3825104475006671,0.7312220726896433,-0.6741556357889675,"{""a05<=0.5898"": 2, ""a07<=0.03759"": 4, ""a20<=0.07542"": -2}",status 1
slim_milp,visible,ionosphere,4,280,267,over_limit,60.0216,4,0.4055240229307674,0.22797815,0.1775458729307674,0.8501023286686209,0.925217391304348,0.3139888873340751,0.744527431693724,-1.1671379222165972,"{""a07<=0"": 5, ""a08<=-0.78502"": 5, ""a08<=-0.03299"": 1, ""a08<=0.94078"": -1}",status 1
slim_milp,visible,ionosphere,5,280,267,over_limit,60.0124,5,0.5914015539905453,0.20648715,0.3849144039905453,0.6950329111123402,0.74,0.5617456494914798,0.2680816789095515,0.6470762818460578,"{""a09<=0.33333"": 2, ""a10<=0.0119"": 1, ""a24<=-0.00112"": -4, ""a31<=-0.0184"": 3, ""a34<=0.69409"": -5}",status 1
slim_milp,visible,ionosphere,7,280,267,over_limit,60.0319,2,0.4177181520640108,0.14271712,0.27500103206401083,0.7747386470490624,0.7,0.487250449625156,2.592308397234024,-1.3751590741315478,"{""a03<=0"": 2, ""a14<=-0.79313"": 2}",status 1
slim_milp,visible,ionosphere,10,280,267,over_limit,60.0156,10,0.4531625350660808,0.08583887,0.3673236650660808,0.8497704519055258,0.928695652173913,0.3564790137988973,0.7447075363883401,-1.4476224821183818,"{""a01=1"": -1, ""a05<=0.06704"": 1, ""a06<=-0.23067"": 1, ""a06<=-0.01209"": -1, ""a10<=0.0119"": 1, ""a15<=0.36364"": 2, ""a21<=0.26957"": 1, ""a22<=0.02842"": -1, ""a24<=-1"": 1, ""a31<=0.47027"": 1}",status 1
slim_milp,visible,ilpd,3,466,79,over_limit,60.0087,3,0.5769267783805856,0.50697218,0.0699545983805856,0.611303032355664,0.6146350106307583,0.5885613807127796,0.3775172349278944,-2.6736223170268723,"{""V6<=69"": 2, ""V10<=1.1"": -2, ""V10<=1.3"": 5}",status 1
slim_milp,visible,ilpd,4,466,79,over_limit,60.0079,0,0.5979884598402788,0.49795585,0.10003260984027884,0.5,0.5,0.602752326194736,0.0,-0.91779336175869,{},status 1
slim_milp,visible,ilpd,5,466,79,over_limit,60.0091,5,0.5591472227514178,0.49203517,0.0671120527514178,0.6476100160310687,0.6750531537916372,0.556271088272744,0.4779946616192804,-2.773971364968433,"{""V1<=24"": 3, ""V1<=66"": 1, ""V6<=69"": 2, ""V9<=4.1"": -1, ""V10<=1.3"": 2}",status 1
slim_milp,visible,ilpd,7,466,79,over_limit,60.0106,6,0.5878392348617654,0.48346504,0.10437419486176536,0.6441893020840389,0.6607016300496101,0.5907156661558438,0.0865793712446883,-1.0897397434868763,"{""V3<=1.4"": 1, ""V4<=0.1"": 5, ""V5<=146"": 5, ""V7<=18"": 5, ""V8<=5.1"": 5, ""V9<=4.1"": -1}",status 1
slim_milp,visible,ilpd,10,466,79,over_limit,60.0138,10,0.5133411771052777,0.4735486,0.03979257710527773,0.7585179164126532,0.7204110559886605,0.5168536046072111,0.2485918010206705,-4.634233043769742,"{""V3<=1.4"": 5, ""V3<=3.3"": 3, ""V5<=315"": -1, ""V5<=505"": 5, ""V6<=69"": 5, ""V7<=102"": -3, ""V7<=190"": 3, ""V9<=4.1"": -2, ""V10<=1.1"": -3, ""V10<=1.3"": 5}",status 1
slim_milp,visible,magic,3,10000,90,over_limit,60.1185,3,0.5702896514551796,0.47478487,0.0955047814551796,0.6589055478471905,0.6340083474926292,0.5893774797851624,1.4822450622741965,2.168346294175444,"{""fLength:<=106.655"": -1, ""fWidth:<=39.6681"": -1, ""fSize:<=2.2844"": -1}",status 1
slim_milp,visible,magic,4,10000,90,over_limit,60.1175,3,0.5702896514551796,0.45620114,0.11408851145517962,0.6589055478471905,0.6340083474926292,0.5893774797851624,1.4822450622741965,2.168346294175444,"{""fLength:<=106.655"": -1, ""fWidth:<=39.6681"": -1, ""fSize:<=2.2844"": -1}",status 1
slim_milp,visible,magic,5,10000,90,over_limit,60.1435,3,0.5702896514551796,0.44183376,0.1284558914551796,0.6589055478471905,0.6340083474926292,0.5893774797851624,1.4822450622741965,2.168346294175444,"{""fLength:<=106.655"": -1, ""fWidth:<=39.6681"": -1, ""fSize:<=2.2844"": -1}",status 1
slim_milp,visible,magic,7,10000,90,over_limit,60.2854,3,0.5702896514551796,0.4187976,0.15149205145517963,0.6589055478471905,0.6340083474926292,0.5893774797851624,1.4822450622741965,2.168346294175444,"{""fLength:<=106.655"": -1, ""fWidth:<=39.6681"": -1, ""fSize:<=2.2844"": -1}",status 1
slim_milp,visible,magic,10,10000,90,over_limit,60.1611,3,0.5702896514551796,0.40023123,0.17005842145517963,0.6589055478471905,0.6340083474926292,0.5893774797851624,1.4822450622741965,2.168346294175444,"{""fLength:<=106.655"": -1, ""fWidth:<=39.6681"": -1, ""fSize:<=2.2844"": -1}",status 1
slim_milp,visible,haberman,3,244,27,ok,49.3584,3,0.5007585280413279,0.49061982,0.010138708041327937,0.7178341211860766,0.6304347826086956,0.5497500076528667,0.3169184824829273,0.4194939724674827,"{""Age_of_patient_at_time_of_operation<=42"": -5, ""Patients_year_of_operation=61"": -5, ""Number_of_positive_axillary_nodes_detected<=4"": -5}",
slim_milp,visible,haberman,4,244,27,over_limit,60.0069,4,0.5168067336674841,0.48088484,0.035921893667484106,0.714482165878814,0.669836956521739,0.5415107226484351,0.3833210693784674,0.1892708243606008,"{""Age_of_patient_at_time_of_operation<=42"": -5, ""Patients_year_of_operation=66"": -2, ""Patients_year_of_operation=61"": -2, ""Number_of_positive_axillary_nodes_detected<=4"": -3}",status 1
slim_milp,visible,haberman,5,244,27,over_limit,60.0034,5,0.5087380273553538,0.47794564,0.03079238735535378,0.7134937688010313,0.6019021739130435,0.5790733542580415,0.6727159281990175,0.3641050272440574,"{""Age_of_patient_at_time_of_operation<=42"": -2, ""Patients_year_of_operation=66"": -2, ""Patients_year_of_operation=61"": -2, ""Patients_year_of_operation=69"": -2, ""Number_of_positive_axillary_nodes_detected<=4"": -2}",status 1
slim_milp,visible,haberman,7,244,27,over_limit,60.0033,7,0.525284361232887,0.47310031,0.052184051232887,0.7074344649763645,0.6059782608695653,0.5877971281999314,0.2177286060996862,-0.3515340411325643,"{""Age_of_patient_at_time_of_operation<=42"": -5, ""Age_of_patient_at_time_of_operation<=45"": -2, ""Patients_year_of_operation=66"": -5, ""Patients_year_of_operation=61"": -5, ""Patients_year_of_operation=69"": -5, ""Number_of_positive_axillary_nodes_detected<=4"": -5, ""Number_of_positive_axillary_nodes_detected<=13"": 3}",status 1
slim_milp,visible,haberman,10,244,27,over_limit,60.0045,10,0.498279933247473,0.46599817,0.032281763247473005,0.7394499355393209,0.6487771739130436,0.5656642355365926,0.2703775957898306,-0.6598817945249369,"{""Age_of_patient_at_time_of_operation<=42"": -5, ""Age_of_patient_at_time_of_operation<=58"": -2, ""Age_of_patient_at_time_of_operation<=67"": 2, ""Patients_year_of_operation=60"": 2, ""Patients_year_of_operation=65"": 4, ""Patients_year_of_operation=61"": -3, ""Patients_year_of_operation=62"": 2, ""Number_of_positive_axillary_nodes_detected<=0"": -2, ""Number_of_positive_axillary_nodes_detected<=4"": -5, ""Number_of_positive_axillary_nodes_detected<=13"": 3}",status 1
rounded_lr,visible,adult,3,10000,36,ok,0.0719,3,0.4587020225472863,0.40451518,0.05418684254728634,0.7690309501346058,0.768509166844624,0.4571980568165351,0.4232196031668868,0.0111916416845412,"{""HSDiploma"": -2, ""NeverMarried"": -5, ""Female"": -3}",
rounded_lr,visible,adult,4,10000,36,ok,0.1067,4,0.4335306191511745,0.38816564,0.045364979151174545,0.8026756887386269,0.7958941743188318,0.4419850302221779,0.3806714254083249,-1.7232342569840062,"{""HSDiploma"": -2, ""Married"": 5, ""NeverMarried"": -2, ""Female"": -1}",
rounded_lr,visible,adult,5,10000,36,ok,0.1356,4,0.4335306191511745,0.37728155,0.0562490691511745,0.8026756887386269,0.7958941743188318,0.4419850302221779,0.3806714254083249,-1.7232342569840062,"{""HSDiploma"": -2, ""Married"": 5, ""NeverMarried"": -2, ""Female"": -1}",
rounded_lr,visible,adult,7,10000,36,ok,0.1578,6,0.3943171573097179,0.36328792,0.031029237309717905,0.8471442169848311,0.8385807406992498,0.403061880235739,0.4869742525326032,-1.035027969553984,"{""HSDiploma"": -3, ""NoHS"": -5, ""Married"": 4, ""NeverMarried"": -1, ""WorkHrsPerWeek_lt_40"": -2, ""Female"": -1}",
rounded_lr,visible,adult,10,10000,36,ok,0.1776,8,0.3700202858391617,0.35342273,0.01659755583916167,0.8686851859712444,0.8657088769783895,0.3728447569102694,0.4889350226816424,-1.283249652697976,"{""Age_22_to_29"": -3, ""HSDiploma"": -2, ""NoHS"": -5, ""Married"": 4, ""NeverMarried"": -1, ""WorkHrsPerWeek_lt_40"": -2, ""Female"": -1, ""AnyCapitalGains"": 3}",
rounded_lr,visible,bank,3,10000,57,ok,0.191,3,0.2947689301428938,0.28398526,0.010783670142893775,0.7547030541254292,0.7463355908140359,0.2981431513477077,0.321625497744859,-0.0960702456661136,"{""nr_employed_gt_5100"": -2, ""euribor3m_geq_100"": -5, ""euribor3m_geq_300"": -2}",
rounded_lr,visible,bank,4,10000,57,ok,0.1326,1,0.3086026107877727,0.28178062,0.026821990787772698,0.6647211343654262,0.6679233096074031,0.3094273399296519,0.4743089827190048,-0.1216247614723819,"{""euribor3m_geq_100"": -5}",
rounded_lr,visible,bank,5,10000,57,ok,0.2395,5,0.2947707290408617,0.28084659,0.013924139040861705,0.7546873917897736,0.7461996943128113,0.2981575288680778,0.3216256547883112,-0.0960895287903953,"{""nr_employed_gt_5100"": -1, ""euribor3m_geq_100"": -5, ""euribor3m_geq_200"": -1, ""euribor3m_geq_300"": -1, ""euribor3m_geq_400"": -1}",
rounded_lr,visible,bank,7,10000,57,ok,0.2873,6,0.2920895457236218,0.27923804,0.012851505723621759,0.7728424407063003,0.7659894224558577,0.2948906596352109,0.2063200420715365,0.0259391685403055,"{""call_in_Q2"": -4, ""nr_employed_gt_5100"": -2, ""euribor3m_geq_100"": -5, ""euribor3m_geq_200"": -2, ""euribor3m_geq_300"": -2, ""euribor3m_geq_400"": -2}",
rounded_lr,visible,bank,10,10000,57,ok,0.3975,9,0.2828721914008221,0.27791022,0.004961971400822107,0.7840860461699634,0.775873894441993,0.2869890743006951,0.3430018555277235,-0.4103410602905419,"{""married"": -1, ""call_in_Q2"": -2, ""called_before"": 1, ""calls_b4_campaign_successful"": 5, ""nr_employed_gt_5100"": -1, ""euribor3m_geq_100"": -2, ""euribor3m_geq_200"": -1, ""euribor3m_geq_300"": -1, ""euribor3m_geq_400"": -1}",
rounded_lr,visible,breastcancer,3,546,9,ok,0.0195,3,0.0999026777231852,0.08922706,0.010675617723185205,0.993945874198068,0.9856039325842696,0.1703923515517195,0.2117770300483617,-6.650992404570384,"{""UniformityOfCellSize"": 5, ""BareNuclei"": 2, ""NormalNucleoli"": 2}",
rounded_lr,visible,breastcancer,4,546,9,ok,0.024,4,0.0941290298124586,0.07846697,0.015662059812458606,0.9947349015559324,0.9873595505617978,0.1541395972102793,0.1233784721506994,-6.688328579447751,"{""UniformityOfCellSize"": 5, ""UniformityOfCellShape"": 4, ""BareNuclei"": 4, ""NormalNucleoli"": 2}",
rounded_lr,visible,breastcancer,5,546,9,ok,0.0227,4,0.0941290298124586,0.07315004,0.020978989812458604,0.9947349015559324,0.9873595505617978,0.1541395972102793,0.1233784721506994,-6.688328579447751,"{""UniformityOfCellSize"": 5, ""UniformityOfCellShape"": 4, ""BareNuclei"": 4, ""NormalNucleoli"": 2}",
rounded_lr,visible,breastcancer,7,546,9,ok,0.0296,7,0.0690559491800908,0.06746348,0.0015924691800907886,0.9966521642946684,0.990870786516854,0.1381279508430186,0.1252724443234427,-10.278329323735784,"{""ClumpThickness"": 4, ""UniformityOfCellSize"": 2, ""UniformityOfCellShape"": 3, ""MarginalAdhesion"": 3, ""BareNuclei"": 2, ""BlandChromatin"": 5, ""NormalNucleoli"": 2}",
rounded_lr,visible,breastcancer,10,546,9,ok,0.1255,9,0.0661550971331322,0.06592425,0.00023084713313219207,0.9971093577169824,0.9918071161048688,0.1274500627100316,0.1145997551303902,-10.528543674599447,"{""ClumpThickness"": 4, ""UniformityOfCellSize"": 1, ""UniformityOfCellShape"": 3, ""MarginalAdhesion"": 3, ""SingleEpithelialCellSize"": 2, ""BareNuclei"": 3, ""BlandChromatin"": 5, ""NormalNucleoli"": 1, ""Mitoses"": 3}",
rounded_lr,visible,mammo,3,768,14,ok,0.0215,3,0.472334615836568,0.47233462,-4.1634319880579085e-09,0.8467601178138977,0.8532843560933447,0.4539342006268787,0.3401502000541479,-0.6159483420508347,"{""IrregularShape"": 4, ""CircumscribedMargin"": -5, ""Age_geq_60"": 3}",
rounded_lr,visible,mammo,4,768,14,ok,0.0215,3,0.472334615836568,0.46720672,0.005127895836567975,0.8467601178138977,0.8532843560933447,0.4539342006268787,0.3401502000541479,-0.6159483420508347,"{""IrregularShape"": 4, ""CircumscribedMargin"": -5, ""Age_geq_60"": 3}",
rounded_lr,visible,mammo,5,768,14,ok,0.0381,4,0.4705630840840754,0.46370461,0.006858474084075361,0.8475441802116286,0.8535544511668108,0.4519264413999315,0.3281931232985811,-0.5301003032565689,"{""OvalShape"": -1, ""IrregularShape"": 4, ""CircumscribedMargin"": -5, ""Age_geq_60"": 3}",
rounded_lr,visible,mammo,7,768,14,ok,0.041,5,0.465575779629466,0.45928719,0.00628858962946599,0.8539087215010364,0.8559312878133103,0.4540190010394634,0.3443963344240525,-0.4954990515736286,"{""OvalShape"": -1, ""IrregularShape"": 3, ""CircumscribedMargin"": -5, ""SpiculatedMargin"": 2, ""Age_geq_60"": 3}",
rounded_lr,visible,mammo,10,768,14,ok,0.0427,5,0.4716600778815182,0.45827677,0.013383307881518203,0.8470464710374168,0.8525280898876404,0.4762660396222541,1.136587847550446,-0.4951252951623449,"{""OvalShape"": -1, ""IrregularShape"": 1, ""CircumscribedMargin"": -1, ""Age_lt_30"": -5, ""Age_geq_60"": 1}",
rounded_lr,visible,mushroom,3,6499,113,ok,0.1148,3,0.2230363447879748,0.06494476,0.1580915847879748,0.9554645988622068,0.957954514429246,0.2169945683198965,1.972317917261134,0.1515451736032155,"{""odor_eq_none"": -2, ""odor_eq_foul"": 5, ""stalk_surface_above_ring_eq_grooves"": 2}",
rounded_lr,visible,mushroom,4,6499,113,ok,0.121,3,0.2230363447879748,0.03151661,0.1915197347879748,0.9554645988622068,0.957954514429246,0.2169945683198965,1.972317917261134,0.1515451736032155,"{""odor_eq_none"": -2, ""odor_eq_foul"": 5, ""stalk_surface_above_ring_eq_grooves"": 2}",
rounded_lr,visible,mushroom,5,6499,113,ok,0.1065,5,0.112924697534713,0.00913778,0.103786917534713,0.9895563376769136,0.9885095391074586,0.1236674674894958,1.9822514805546512,-3.524588614170769,"{""odor_eq_none"": -1, ""odor_eq_foul"": 5, ""gill_size_eq_narrow"": 2, ""stalk_surface_above_ring_eq_grooves"": 2, ""population_eq_several"": 1}",
rounded_lr,visible,mushroom,7,6499,113,ok,0.143,4,0.1181490063112662,0.0,0.1181490063112662,0.9846557044506764,0.9835579702890702,0.1277983945171518,1.94158133851176,-1.7228915497521498,"{""odor_eq_none"": -2, ""odor_eq_foul"": 5, ""gill_size_eq_narrow"": 2, ""stalk_surface_above_ring_eq_grooves"": 1}",
rounded_lr,visible,mushroom,10,6499,113,ok,0.1522,6,0.1104437905532029,0.0,0.1104437905532029,0.9887766343709716,0.9873651192350512,0.125039536162899,1.69050361727053,-0.6009112625882418,"{""odor_eq_none"": -2, ""odor_eq_foul"": 5, ""gill_size_eq_narrow"": 1, ""gill_size_eq_broad"": -1, ""stalk_surface_above_ring_eq_grooves"": 1, ""population_eq_several"": 1}",
rounded_lr,visible,spambase,3,3680,57,ok,0.06,1,0.5873696713480357,0.39815963,0.18921004134803576,0.6375503324570897,0.6331669579470166,0.5874561100038148,1.7116230011961733,-0.1310796245649763,"{""WordFreqGeorge"": -5}",
rounded_lr,visible,spambase,4,3680,57,ok,0.0643,2,0.5040683049850133,0.3626631,0.1414052049850133,0.7499809803618369,0.7599529014485027,0.4993790865534803,1.532992424071377,0.2358648697990722,"{""WordFreqHP"": -2, ""WordFreqGeorge"": -5}",
rounded_lr,visible,spambase,5,3680,57,ok,0.069,2,0.5040683049850133,0.33604553,0.16802277498501333,0.7499809803618369,0.7599529014485027,0.4993790865534803,1.532992424071377,0.2358648697990722,"{""WordFreqHP"": -2, ""WordFreqGeorge"": -5}",
rounded_lr,visible,spambase,7,3680,57,ok,0.1291,3,0.4586316284266518,0.29812607,0.16050555842665176,0.8099924230709756,0.8070144257827542,0.4676046459281021,1.9657585061716465,0.4733470851301328,"{""WordFreqHP"": -2, ""WordFreqGeorge"": -5, ""WordFreqEDU"": -1}",
rounded_lr,visible,spambase,10,3680,57,ok,0.3416,5,0.3876314052374082,0.26602068,0.12161072523740818,0.9260089686098654,0.9273699852878738,0.4601400930222711,1.5598026766043624,-0.2446781836343523,"{""WordFreqFree"": 1, ""WordFreqHP"": -2, ""WordFreqGeorge"": -5, ""WordFreqEDU"": -2, ""CharFreqExcalamationMark"": 1}",
rounded_lr,visible,fico,3,8000,142,ok,0.2562,2,0.6056402767342527,0.59185565,0.013784626734252736,0.7241523750000001,0.7250505,0.604624470818032,0.2637723467657069,-0.1875483270257323,"{""ExternalRiskEstimate<=71"": 5, ""NetFractionRevolvingBurden<=35"": -3}",
rounded_lr,visible,fico,4,8000,142,ok,0.2538,2,0.6056402767342527,0.57853942,0.027100856734252665,0.7241523750000001,0.7250505,0.604624470818032,0.2637723467657069,-0.1875483270257323,"{""ExternalRiskEstimate<=71"": 5, ""NetFractionRevolvingBurden<=35"": -3}",
rounded_lr,visible,fico,5,8000,142,ok,0.2965,5,0.5948082734516177,0.56952927,0.02527900345161771,0.74181240625,0.743601,0.5923119684278532,0.1634726516249554,-0.3078850841599103,"{""ExternalRiskEstimate<=68"": 4, ""ExternalRiskEstimate<=71"": 1, ""ExternalRiskEstimate<=74"": 5, ""NetFractionRevolvingBurden<=35"": -2, ""NetFractionRevolvingBurden<=46"": -3}",
rounded_lr,visible,fico,7,8000,142,ok,0.3098,5,0.5948082734516177,0.56055096,0.034257313451617644,0.74181240625,0.743601,0.5923119684278532,0.1634726516249554,-0.3078850841599103,"{""ExternalRiskEstimate<=68"": 4, ""ExternalRiskEstimate<=71"": 1, ""ExternalRiskEstimate<=74"": 5, ""NetFractionRevolvingBurden<=35"": -2, ""NetFractionRevolvingBurden<=46"": -3}",
rounded_lr,visible,fico,10,8000,142,ok,0.3428,8,0.5901081478221867,0.55416962,0.03593852782218665,0.7533464375000001,0.755233,0.5883071501543955,0.1372336617242349,0.1413713001793421,"{""ExternalRiskEstimate<=68"": 5, ""ExternalRiskEstimate<=71"": 1, ""ExternalRiskEstimate<=74"": 5, ""MSinceMostRecentDelq<=-7"": -2, ""NetFractionRevolvingBurden<=35"": -2, ""NetFractionRevolvingBurden<=46"": -1, ""NetFractionRevolvingBurden<=59"": -3, ""PercentTradesWBalance<=71"": -2}",
rounded_lr,visible,compas,3,4222,32,ok,0.0584,3,0.6280016630638791,0.62253821,0.005463453063879076,0.6950018645725805,0.6970877141201413,0.6265236224858858,0.1738127507685326,0.1273665734302821,"{""age<=34"": 5, ""priors_count<=1"": -3, ""priors_count<=2"": -5}",
rounded_lr,visible,compas,4,4222,32,ok,0.0502,4,0.626549082685403,0.61579658,0.010752502685402954,0.6997733013023184,0.7028377780097399,0.6241276536504718,0.1704078626091987,0.0619239031367889,"{""age<=31"": 3, ""age<=34"": 3, ""priors_count<=1"": -3, ""priors_count<=2"": -5}",
rounded_lr,visible,compas,5,4222,32,ok,0.0504,4,0.626549082685403,0.61211833,0.014430752685402948,0.6997733013023184,0.7028377780097399,0.6241276536504718,0.1704078626091987,0.0619239031367889,"{""age<=31"": 3, ""age<=34"": 3, ""priors_count<=1"": -3, ""priors_count<=2"": -5}",
rounded_lr,visible,compas,7,4222,32,ok,0.0522,4,0.626549082685403,0.60822652,0.018322562685403,0.6997733013023184,0.7028377780097399,0.6241276536504718,0.1704078626091987,0.0619239031367889,"{""age<=31"": 3, ""age<=34"": 3, ""priors_count<=1"": -3, ""priors_count<=2"": -5}",
rounded_lr,visible,compas,10,4222,32,ok,0.0673,10,0.6168619769208384,0.60556055,0.011301426920838464,0.7174789717647864,0.7157362781339198,0.6195333144498905,0.1351742588884661,0.1078772268525385,"{""age<=29"": 3, ""age<=31"": 1, ""age<=34"": 2, ""age<=39"": 2, ""priors_count<=0"": -3, ""priors_count<=1"": -2, ""priors_count<=2"": -3, ""priors_count<=4"": -5, ""race_African-American=1"": 1, ""race_Caucasian=0"": 1}",
rounded_lr,visible,australian,3,552,79,ok,0.0293,2,0.3857270771832575,0.33798725,0.04773982718325748,0.8633030447951539,0.8565041515861187,0.4199589115649202,0.4494196858905103,-0.5296483029358852,"{""A8=1"": 4, ""A8=0"": -5}",
rounded_lr,visible,australian,4,552,79,ok,0.0343,3,0.3537141402876781,0.32665632,0.027057820287678114,0.9089749721026622,0.8674685969767937,0.4302674350489835,0.3778719619418018,0.1078777313542667,"{""A8=1"": 5, ""A8=0"": -5, ""A10<=1"": -4}",
rounded_lr,visible,australian,5,552,79,ok,0.0389,4,0.3537141402876781,0.31742252,0.03629162028767813,0.9089749721026622,0.8674685969767937,0.4302674350489835,0.3778719619418018,0.1078777313542667,"{""A8=1"": 5, ""A8=0"": -5, ""A9=0"": -2, ""A10<=1"": -2}",
rounded_lr,visible,australian,7,552,79,ok,0.0277,5,0.336621465889195,0.30383905,0.032782415889195005,0.9208313406663478,0.8918458590589737,0.3963912729457824,0.4152757567395511,0.3911004432224065,"{""A8=1"": 5, ""A8=0"": -4, ""A9=1"": 1, ""A10<=3"": -2, ""A14<=87"": -3}",
rounded_lr,visible,australian,10,552,79,ok,0.0482,7,0.3263776547531173,0.28999338,0.036384274753117285,0.9278256017854296,0.9064296359378328,0.3755469393377864,0.4105853669087502,0.928527423495098,"{""A7<=26"": -2, ""A8=1"": 5, ""A8=0"": -3, ""A9=1"": 2, ""A10<=3"": -2, ""A14<=87"": -2, ""A14<=126"": -2}",
rounded_lr,visible,heart,3,216,57,ok,0.0196,2,0.4440700736484999,0.39413199,0.04993808364849989,0.8599826388888889,0.7750000000000001,0.554756377754517,0.4787301852582092,1.9376469747060328,"{""chest<=3"": -4, ""thal<=3"": -5}",
rounded_lr,visible,heart,4,216,57,ok,0.0209,4,0.4227142000534461,0.35610761,0.0666065900534461,0.8828125,0.8493055555555555,0.4795240403879683,0.4116265572680442,1.0459685776048837,"{""chest<=3"": -4, ""maximum_heart_rate_achieved<=147"": 2, ""exercise_induced_angina=1"": 2, ""thal<=3"": -5}",
rounded_lr,visible,heart,5,216,57,ok,0.0236,4,0.4227142000534461,0.33644466,0.08626954005344611,0.8828125,0.8493055555555555,0.4795240403879683,0.4116265572680442,1.0459685776048837,"{""chest<=3"": -4, ""maximum_heart_rate_achieved<=147"": 2, ""exercise_induced_angina=1"": 2, ""thal<=3"": -5}",
rounded_lr,visible,heart,7,216,57,ok,0.0213,4,0.4227142000534461,0.31496988,0.10774432005344614,0.8828125,0.8493055555555555,0.4795240403879683,0.4116265572680442,1.0459685776048837,"{""chest<=3"": -4, ""maximum_heart_rate_achieved<=147"": 2, ""exercise_induced_angina=1"": 2, ""thal<=3"": -5}",
rounded_lr,visible,heart,10,216,57,ok,0.0229,9,0.3274722318773839,0.27914686,0.048325371877383894,0.9315972222222222,0.8763888888888889,0.4369355910757516,0.3655434563274221,1.6372745055731777,"{""sex=1"": 4, ""chest<=3"": -5, ""maximum_heart_rate_achieved<=147"": -1, ""maximum_heart_rate_achieved<=171"": 3, ""exercise_induced_angina=1"": 1, ""oldpeak<=0.6"": -4, ""slope<=1"": -2, ""number_of_major_vessels<=0"": -5, ""thal<=3"": -4}",
rounded_lr,visible,ionosphere,3,280,267,ok,0.0372,3,0.3048509640784033,0.2819954,0.02285556407840328,0.9034791747331156,0.9321739130434782,0.2244718743417967,1.7750111346944306,8.35105386572747,"{""a01=1"": -5, ""a05<=0.06704"": 3, ""a27<=0.94305"": -1}",
rounded_lr,visible,ionosphere,4,280,267,ok,0.0401,3,0.3048509640784033,0.22797815,0.0768728140784033,0.9034791747331156,0.9321739130434782,0.2244718743417967,1.7750111346944306,8.35105386572747,"{""a01=1"": -5, ""a05<=0.06704"": 3, ""a27<=0.94305"": -1}",
rounded_lr,visible,ionosphere,5,280,267,ok,0.0397,3,0.3048509640784033,0.20648715,0.09836381407840328,0.9034791747331156,0.9321739130434782,0.2244718743417967,1.7750111346944306,8.35105386572747,"{""a01=1"": -5, ""a05<=0.06704"": 3, ""a27<=0.94305"": -1}",
rounded_lr,visible,ionosphere,7,280,267,ok,0.0535,5,0.2729008532193012,0.14271712,0.13018373321930118,0.931522761214669,0.937391304347826,0.2156944983375561,1.848872248417534,8.184790627907352,"{""a01=1"": -5, ""a03<=0.60678"": 1, ""a05<=0.06704"": 2, ""a07<=0.03759"": 1, ""a27<=0.94305"": -1}",
rounded_lr,visible,ionosphere,10,280,267,ok,0.0415,7,0.203479977381121,0.08583887,0.117641107381121,0.9584047790253888,0.9504347826086956,0.222353814670781,2.2010447186821454,8.589006654594607,"{""a01=1"": -3, ""a03<=0.76046"": 1, ""a05<=0"": 5, ""a07<=0.38431"": 1, ""a11<=0.9982"": -1, ""a22<=0.82162"": -1, ""a27<=0.94305"": -1}",
rounded_lr,visible,ilpd,3,466,79,ok,0.0265,3,0.5835415130536186,0.50697218,0.07656933305361857,0.5942559100453837,0.5742381289865344,0.5904593662265234,0.1064740028443906,0.0016473796050812,"{""V9<=4.1"": -5, ""V10<=1"": -5, ""V10<=1.1"": -1}",
rounded_lr,visible,ilpd,4,466,79,ok,0.0256,3,0.5835415130536186,0.49795585,0.08558566305361859,0.5942559100453837,0.5742381289865344,0.5904593662265234,0.1064740028443906,0.0016473796050812,"{""V9<=4.1"": -5, ""V10<=1"": -5, ""V10<=1.1"": -1}",
rounded_lr,visible,ilpd,5,466,79,ok,0.0431,4,0.5725514904522149,0.49203517,0.08051632045221485,0.6367269525164262,0.5999291282778172,0.5896837254344297,0.1631805110677992,-0.105787836350817,"{""V9<=4.1"": -2, ""V10<=0.87"": -5, ""V10<=1"": -1, ""V10<=1.1"": -1}",
rounded_lr,visible,ilpd,7,466,79,ok,0.0324,3,0.5400605788223887,0.48346504,0.05659553882238866,0.7062927589243378,0.6601700921332387,0.575809702045249,0.254629088617182,-1.1990592011458223,"{""V4<=0.3"": 5, ""V9<=4.1"": -1, ""V10<=0.87"": -3}",
rounded_lr,visible,ilpd,10,466,79,ok,0.035,6,0.5173211220387987,0.4735486,0.04377252203879867,0.7410079252184514,0.732636428065202,0.5301129598362362,0.184236500243081,-1.862860018179032,"{""V3<=1.4"": 2, ""V4<=0.3"": 1, ""V4<=0.6"": 5, ""V5<=206"": 4, ""V9<=4.1"": -2, ""V10<=0.87"": -3}",
rounded_lr,visible,magic,3,10000,90,ok,0.2663,3,0.534252675825878,0.47478487,0.05946780582587796,0.7609907366272735,0.7433826785667915,0.5497650846779603,0.2415334590381666,0.6325156411836569,"{""fAlpha:<=18.205"": -5, ""fAlpha:<=27.106"": -2, ""fAlpha:<=39.472"": -3}",
rounded_lr,visible,magic,4,10000,90,ok,0.222,3,0.534252675825878,0.45620114,0.07805153582587798,0.7609907366272735,0.7433826785667915,0.5497650846779603,0.2415334590381666,0.6325156411836569,"{""fAlpha:<=18.205"": -5, ""fAlpha:<=27.106"": -2, ""fAlpha:<=39.472"": -3}",
rounded_lr,visible,magic,5,10000,90,ok,0.2723,5,0.4709559229488232,0.44183376,0.029122162948823194,0.8252159731243582,0.8096636228567178,0.4921362340293793,0.3579170317694197,2.4379077190547265,"{""fLength:<=46.2915"": -3, ""fLength:<=80.2483"": -4, ""fAlpha:<=11.711"": -5, ""fAlpha:<=18.205"": -1, ""fAlpha:<=27.106"": -3}",
rounded_lr,visible,magic,7,10000,90,ok,0.2651,5,0.4709559229488232,0.4187976,0.05215832294882322,0.8252159731243582,0.8096636228567178,0.4921362340293793,0.3579170317694197,2.4379077190547265,"{""fLength:<=46.2915"": -3, ""fLength:<=80.2483"": -4, ""fAlpha:<=11.711"": -5, ""fAlpha:<=18.205"": -1, ""fAlpha:<=27.106"": -3}",
rounded_lr,visible,magic,10,10000,90,ok,0.3404,10,0.4435178248944194,0.40023123,0.04328659489441938,0.8507753003981446,0.8408716230869161,0.4563920287882678,0.3156125326641279,1.5023033844277225,"{""fLength:<=46.2915"": -3, ""fSize:<=2.42"": -3, ""fSize:<=2.5289"": -1, ""fAsym:<=-29.279"": 2, ""fM3Long:<=-34.8805"": 5, ""fAlpha:<=7.388"": -3, ""fAlpha:<=11.711"": -3, ""fAlpha:<=18.205"": -2, ""fAlpha:<=27.106"": -2, ""fAlpha:<=39.472"": -2}",
rounded_lr,visible,haberman,3,244,27,ok,0.0204,2,0.5265535319881441,0.49061982,0.03593371198814416,0.6693596905887409,0.626358695652174,0.5372315045091414,0.2776793218621472,0.1352598611293803,"{""Number_of_positive_axillary_nodes_detected<=4"": -5, ""Number_of_positive_axillary_nodes_detected<=7"": -1}",
rounded_lr,visible,haberman,4,244,27,ok,0.0212,3,0.5243326533879598,0.48088484,0.04344781338795978,0.6867211001289213,0.7282608695652174,0.5183791097486004,0.2202320267826863,0.1246737413703155,"{""Number_of_positive_axillary_nodes_detected<=1"": -2, ""Number_of_positive_axillary_nodes_detected<=4"": -5, ""Number_of_positive_axillary_nodes_detected<=7"": -1}",
rounded_lr,visible,haberman,5,244,27,ok,0.0329,4,0.5131833309317828,0.47794564,0.035237690931782806,0.7132359260850882,0.7445652173913043,0.507791644549342,0.2222442122323466,0.3310062729354788,"{""Age_of_patient_at_time_of_operation<=42"": -5, ""Number_of_positive_axillary_nodes_detected<=1"": -2, ""Number_of_positive_axillary_nodes_detected<=4"": -5, ""Number_of_positive_axillary_nodes_detected<=7"": -1}",
rounded_lr,visible,haberman,7,244,27,ok,0.0364,4,0.5131833309317828,0.47310031,0.04008302093178279,0.7132359260850882,0.7445652173913043,0.507791644549342,0.2222442122323466,0.3310062729354788,"{""Age_of_patient_at_time_of_operation<=42"": -5, ""Number_of_positive_axillary_nodes_detected<=1"": -2, ""Number_of_positive_axillary_nodes_detected<=4"": -5, ""Number_of_positive_axillary_nodes_detected<=7"": -1}",
rounded_lr,visible,haberman,10,244,27,ok,0.0268,8,0.4740560160889174,0.46599817,0.008057846088917409,0.7696175333046842,0.673233695652174,0.5523107563727072,0.4297969162862164,0.4585209774149649,"{""Age_of_patient_at_time_of_operation<=38"": -3, ""Age_of_patient_at_time_of_operation<=42"": -1, ""Patients_year_of_operation=58"": 1, ""Patients_year_of_operation=65"": 3, ""Patients_year_of_operation=61"": -5, ""Number_of_positive_axillary_nodes_detected<=0"": -1, ""Number_of_positive_axillary_nodes_detected<=4"": -3, ""Number_of_positive_axillary_nodes_detected<=7"": -1}",
imodels_slim,visible,adult,3,10000,36,ok,0.2581,3,0.4313045085226299,0.40451518,0.02678932852262994,0.7910801368112614,0.7857383537138236,0.4342352501632485,1.538031581731414,-1.994536518873722,"{""Married"": 1, ""NeverMarried"": -1, ""AnyCapitalGains"": 1}",
imodels_slim,visible,adult,4,10000,36,ok,0.2858,4,0.4154296543315912,0.38816564,0.027264014331591202,0.8127214255957487,0.8086935364730841,0.4175966004625361,1.5869496169055632,-1.8877253065462585,"{""NoHS"": -1, ""Married"": 1, ""NeverMarried"": -1, ""AnyCapitalGains"": 1}",
imodels_slim,visible,adult,5,10000,36,ok,0.4206,5,0.404719917991535,0.37728155,0.027438367991534984,0.8278388096054948,0.8210224786363685,0.4095161734886585,1.4749547619371663,-2.0568340527762445,"{""NoHS"": -1, ""JobManagerial"": 1, ""Married"": 1, ""NeverMarried"": -1, ""AnyCapitalGains"": 1}",
imodels_slim,visible,adult,7,10000,36,ok,0.3375,7,0.4066310534480983,0.36328792,0.043343133448098314,0.8312918017391974,0.8329453280074497,0.404115025616783,1.1238160717459715,-2.018585909680287,"{""Age_22_to_29"": -1, ""Age_45_to_59"": 1, ""NoHS"": -1, ""JobManagerial"": 1, ""Married"": 1, ""NeverMarried"": -1, ""AnyCapitalGains"": 1}",
imodels_slim,visible,adult,10,10000,36,ok,0.3808,10,0.3855745574024227,0.35342273,0.03215182740242267,0.8523854614841991,0.8606642242752469,0.3772250008572518,1.0723729999753238,-1.5618240849311742,"{""Age_22_to_29"": -1, ""Age_45_to_59"": 1, ""HSDiploma"": -1, ""Graduate"": 1, ""NoHS"": -1, ""JobManagerial"": 1, ""Married"": 1, ""NeverMarried"": -1, ""AnyCapitalGains"": 1, ""AnyCapitalLoss"": 1}",
imodels_slim,visible,bank,3,10000,57,ok,0.4704,3,0.3263192823659082,0.28398526,0.042334022365908164,0.5896998976393807,0.5714463864320932,0.3314103564085816,1.1944473829637725,-2.1668753874725986,"{""called_before"": 1, ""calls_b4_campaign_failed"": -1, ""calls_b4_campaign_successful"": 1}",
imodels_slim,visible,bank,4,10000,57,ok,0.5949,4,0.3284420222514085,0.28178062,0.046661402251408524,0.6214924374437307,0.6210486093790969,0.3307747297823317,0.8758549987919256,-1.7393664108123357,"{""call_in_Q2"": -1, ""called_before"": 1, ""calls_b4_campaign_failed"": -1, ""calls_b4_campaign_successful"": 1}",
imodels_slim,visible,bank,5,10000,57,ok,0.5244,5,0.3418476823128059,0.28084659,0.06100109231280587,0.5655426714080009,0.5584690699563212,0.3442707301493918,0.5093239193004707,-2.1116263831677515,"{""call_in_Q2"": -1, ""called_before"": 1, ""calls_b4_campaign_failed"": -1, ""calls_b4_campaign_successful"": 1, ""cons_price_idx_geq_93_5"": 1}",
imodels_slim,visible,bank,7,10000,57,ok,0.6143,7,0.3371773579733552,0.27923804,0.057939317973355164,0.5893898534485762,0.5801061911248392,0.3407773781948602,0.5877518814308494,-2.158059418104324,"{""job_student"": 1, ""call_in_Q1"": 1, ""call_in_Q2"": -1, ""called_before"": 1, ""calls_b4_campaign_failed"": -1, ""calls_b4_campaign_successful"": 1, ""cons_price_idx_geq_93_5"": 1}",
imodels_slim,visible,bank,10,10000,57,ok,0.8764,10,0.3364027776984983,0.27791022,0.058492557698498315,0.6069541871177739,0.5957558723276354,0.3413825485770243,0.5077775719910681,-1.867989624312927,"{""job_unemployed"": 1, ""job_student"": 1, ""married"": -1, ""call_in_Q1"": 1, ""call_in_Q2"": -1, ""called_before"": 1, ""calls_b4_campaign_failed"": -1, ""calls_b4_campaign_successful"": 1, ""cons_price_idx_geq_93_5"": 1, ""euribor3m_geq_500"": 2}",
imodels_slim,visible,breastcancer,3,546,9,ok,0.0888,1,0.2721467940511239,0.08922706,0.1829197340511239,0.9480274316053388,0.9178370786516854,0.3331493697783589,1.3946904304349876,-5.42987680031414,"{""BlandChromatin"": 1}",
imodels_slim,visible,breastcancer,4,546,9,ok,0.0751,1,0.2721467940511239,0.07846697,0.1936798240511239,0.9480274316053388,0.9178370786516854,0.3331493697783589,1.3946904304349876,-5.42987680031414,"{""BlandChromatin"": 1}",
imodels_slim,visible,breastcancer,5,546,9,ok,0.1008,1,0.2721467940511239,0.07315004,0.1989967540511239,0.9480274316053388,0.9178370786516854,0.3331493697783589,1.3946904304349876,-5.42987680031414,"{""BlandChromatin"": 1}",
imodels_slim,visible,breastcancer,7,546,9,ok,0.1265,1,0.2721467940511239,0.06746348,0.2046833140511239,0.9480274316053388,0.9178370786516854,0.3331493697783589,1.3946904304349876,-5.42987680031414,"{""BlandChromatin"": 1}",
imodels_slim,visible,breastcancer,10,546,9,ok,0.0766,1,0.2721467940511239,0.06592425,0.2062225440511239,0.9480274316053388,0.9178370786516854,0.3331493697783589,1.3946904304349876,-5.42987680031414,"{""BlandChromatin"": 1}",
imodels_slim,visible,mammo,3,768,14,ok,0.0796,3,0.4744309968239766,0.47233462,0.00209637682397662,0.8436136413221338,0.8554451166810717,0.4576795756788198,1.4072193322877755,-0.8872301512469759,"{""IrregularShape"": 1, ""CircumscribedMargin"": -1, ""Age_geq_60"": 1}",
imodels_slim,visible,mammo,4,768,14,ok,0.1017,4,0.4698102593401055,0.46720672,0.0026035393401054874,0.850339533107887,0.8518798617113224,0.4659392543626104,1.258124162545642,-0.9675610282082712,"{""IrregularShape"": 1, ""CircumscribedMargin"": -1, ""SpiculatedMargin"": 1, ""Age_geq_60"": 1}",
imodels_slim,visible,mammo,5,768,14,ok,0.0718,5,0.4720719188562232,0.46370461,0.008367308856223166,0.8492486636849569,0.852041918755402,0.4659420292707754,1.072856717677601,-0.6487403071171587,"{""OvalShape"": -1, ""IrregularShape"": 1, ""CircumscribedMargin"": -1, ""SpiculatedMargin"": 1, ""Age_geq_60"": 1}",
imodels_slim,visible,mammo,7,768,14,ok,0.1062,7,0.4668104028799966,0.45928719,0.007523212879996577,0.8525553616232138,0.8485847018150389,0.4710301826021089,1.0405439982157751,-2.679371482102764,"{""OvalShape"": -1, ""IrregularShape"": 1, ""CircumscribedMargin"": -1, ""SpiculatedMargin"": 1, ""Age_lt_30"": -1, ""Age_geq_30"": 2, ""Age_geq_60"": 1}",
imodels_slim,visible,mammo,10,768,14,ok,0.0987,8,0.466810350694082,0.45827677,0.008533580694082,0.8502338551325407,0.8403197925669835,0.5009836734862482,1.0231267500326284,-2.2202564220718024,"{""RoundShape"": -1, ""OvalShape"": -1, ""LobularShape"": -1, ""CircumscribedMargin"": -2, ""ObscuredMargin"": -1, ""Age_lt_30"": -5, ""Age_geq_30"": 3, ""Age_geq_60"": 1}",
imodels_slim,visible,mushroom,3,6499,113,ok,0.3584,3,0.3647394820185382,0.06494476,0.2997947220185382,0.9204647154976664,0.9122209481165988,0.3924704404882244,2.1032537795436044,2.040322125040082,"{""odor_eq_none"": -1, ""gill_size_eq_narrow"": 1, ""gill_size_eq_broad"": -1}",
imodels_slim,visible,mushroom,4,6499,113,ok,0.4014,4,0.2002089826465202,0.03151661,0.1686923726465202,0.964950048730864,0.9579552728254506,0.2238023786069091,2.838984275768447,1.4534354898988464,"{""odor_eq_none"": -1, ""odor_eq_foul"": 1, ""gill_size_eq_narrow"": 1, ""gill_size_eq_broad"": -1}",
imodels_slim,visible,mushroom,5,6499,113,ok,0.4117,5,0.1549300789232753,0.00913778,0.14579229892327528,0.9732054686289492,0.9707494167933188,0.1664211739104121,2.534163012208541,0.3002611596636708,"{""odor_eq_none"": -1, ""odor_eq_foul"": 1, ""gill_size_eq_narrow"": 1, ""gill_size_eq_broad"": -1, ""spore_print_color_eq_chocolate"": 1}",
imodels_slim,visible,mushroom,7,6499,113,ok,0.4007,7,0.1626941317611301,0.0,0.1626941317611301,0.9777205410595696,0.9751124701571094,0.1767589127559656,2.0680491650502346,-0.6356624013667255,"{""odor_eq_none"": -1, ""odor_eq_foul"": 1, ""gill_size_eq_narrow"": 1, ""gill_size_eq_broad"": -1, ""gill_color_eq_buff"": 1, ""spore_print_color_eq_chocolate"": 1, ""population_eq_several"": 1}",
imodels_slim,visible,mushroom,10,6499,113,ok,0.4202,10,0.1257895939461054,0.0,0.1257895939461054,0.987114484246532,0.9846644703512588,0.1402408105777218,2.2903728329348967,-2.273233022677611,"{""odor_eq_pungent"": 1, ""odor_eq_none"": -1, ""odor_eq_foul"": 1, ""gill_spacing_eq_crowded"": -1, ""gill_size_eq_narrow"": 1, ""gill_size_eq_broad"": -1, ""gill_color_eq_buff"": 1, ""stalk_root_eq_bulbous"": 1, ""spore_print_color_eq_chocolate"": 1, ""population_eq_several"": 1}",
imodels_slim,visible,spambase,3,3680,57,ok,3.6009,3,0.4430549897542096,0.39815963,0.04489535975420961,0.844166383176125,0.8611604806619471,0.4415340455028392,4.568167421693951,-0.0689833079793682,"{""WordFreqRemove"": 1, ""WordFreqHP"": -1, ""WordFreqGeorge"": -1}",
imodels_slim,visible,spambase,4,3680,57,ok,3.9775,4,0.4075465869162323,0.3626631,0.044883486916232285,0.919299056749652,0.9200805711069642,0.5466659289887482,2.7977778297071274,-0.7122103500646668,"{""WordFreqRemove"": 1, ""WordFreqHP"": -1, ""WordFreqGeorge"": -1, ""CharFreqExcalamationMark"": 1}",
imodels_slim,visible,spambase,5,3680,57,ok,4.0337,5,0.3907612956312318,0.33604553,0.054715765631231816,0.9267634142569972,0.9279846361957798,0.481582786672085,2.142188131340361,-0.9486930057367412,"{""WordFreqRemove"": 1, ""WordFreqFree"": 1, ""WordFreqHP"": -1, ""WordFreqGeorge"": -1, ""CharFreqExcalamationMark"": 1}",
imodels_slim,visible,spambase,7,3680,57,ok,4.3782,7,0.3303166561161767,0.29812607,0.0321905861161767,0.9469418586670788,0.9439853076216712,0.4340166578339614,2.1969086363325,-0.9790164024479008,"{""WordFreqRemove"": 1, ""WordFreqFree"": 1, ""WordFreq0"": 1, ""WordFreqHP"": -1, ""WordFreqGeorge"": -1, ""WordFreqEDU"": -1, ""CharFreqExcalamationMark"": 1}",
imodels_slim,visible,spambase,10,3680,57,ok,4.5554,10,0.3040274234704593,0.26602068,0.03800674347045929,0.9539175815679604,0.9468067774519388,0.4137386502403196,1.755311543191214,-1.3340522552951994,"{""WordFreqOur"": 1, ""WordFreqRemove"": 1, ""WordFreqFree"": 1, ""WordFreq0"": 1, ""WordFreqHP"": -1, ""WordFreqGeorge"": -1, ""WordFreqMeeting"": -1, ""WordFreqEDU"": -1, ""CharFreqExcalamationMark"": 1, ""CharFreqDollarSign"": 1}",
imodels_slim,visible,fico,3,8000,142,ok,1.5705,2,0.6713661026778149,0.59185565,0.07951045267781498,0.61045253125,0.6212040000000001,0.6667417653821501,0.6367094378255923,-0.3296551221285034,"{""MSinceMostRecentInqexcl7days<=-8"": -2, ""MSinceMostRecentInqexcl7days<=0"": 1}",
imodels_slim,visible,fico,4,8000,142,ok,1.6356,2,0.6713661026778149,0.57853942,0.09282668267781491,0.61045253125,0.6212040000000001,0.6667417653821501,0.6367094378255923,-0.3296551221285034,"{""MSinceMostRecentInqexcl7days<=-8"": -2, ""MSinceMostRecentInqexcl7days<=0"": 1}",
imodels_slim,visible,fico,5,8000,142,ok,1.502,2,0.6713661026778149,0.56952927,0.10183683267781496,0.61045253125,0.6212040000000001,0.6667417653821501,0.6367094378255923,-0.3296551221285034,"{""MSinceMostRecentInqexcl7days<=-8"": -2, ""MSinceMostRecentInqexcl7days<=0"": 1}",
imodels_slim,visible,fico,7,8000,142,ok,1.64,2,0.6713661026778149,0.56055096,0.11081514267781489,0.61045253125,0.6212040000000001,0.6667417653821501,0.6367094378255923,-0.3296551221285034,"{""MSinceMostRecentInqexcl7days<=-8"": -2, ""MSinceMostRecentInqexcl7days<=0"": 1}",
imodels_slim,visible,fico,10,8000,142,ok,1.6832,2,0.6713661026778149,0.55416962,0.1171964826778149,0.61045253125,0.6212040000000001,0.6667417653821501,0.6367094378255923,-0.3296551221285034,"{""MSinceMostRecentInqexcl7days<=-8"": -2, ""MSinceMostRecentInqexcl7days<=0"": 1}",
imodels_slim,visible,compas,3,4222,32,ok,0.2306,2,0.6534630970003199,0.62253821,0.030924887000319923,0.6249835611354617,0.635235383679537,0.6484657876938389,1.2291664769047823,0.7465256537596342,"{""age<=22"": 1, ""priors_count<=6"": -1}",
imodels_slim,visible,compas,4,4222,32,ok,0.1527,2,0.6534630970003199,0.61579658,0.037666517000319866,0.6249835611354617,0.635235383679537,0.6484657876938389,1.2291664769047823,0.7465256537596342,"{""age<=22"": 1, ""priors_count<=6"": -1}",
imodels_slim,visible,compas,5,4222,32,ok,0.152,2,0.6534630970003199,0.61211833,0.04134476700031986,0.6249835611354617,0.635235383679537,0.6484657876938389,1.2291664769047823,0.7465256537596342,"{""age<=22"": 1, ""priors_count<=6"": -1}",
imodels_slim,visible,compas,7,4222,32,ok,0.1529,2,0.6534630970003199,0.60822652,0.04523657700031991,0.6249835611354617,0.635235383679537,0.6484657876938389,1.2291664769047823,0.7465256537596342,"{""age<=22"": 1, ""priors_count<=6"": -1}",
imodels_slim,visible,compas,10,4222,32,ok,0.1567,2,0.6534630970003199,0.60556055,0.04790254700031993,0.6249835611354617,0.635235383679537,0.6484657876938389,1.2291664769047823,0.7465256537596342,"{""age<=22"": 1, ""priors_count<=6"": -1}",
imodels_slim,visible,australian,3,552,79,ok,0.0887,3,0.3767504266956396,0.33798725,0.038763176695639556,0.876228811307721,0.8932297210985736,0.370798547452185,2.298701697118529,-1.131559301591567,"{""A3<=13"": 1, ""A8=1"": 1, ""A8=0"": -1}",
imodels_slim,visible,australian,4,552,79,ok,0.1442,4,0.3706798582921685,0.32665632,0.044023538292168485,0.8987127371273713,0.9169682776240152,0.3435107104556386,1.8199368508788945,0.061707376419871,"{""A3<=13"": 1, ""A7<=26"": -1, ""A8=1"": 1, ""A8=0"": -1}",
imodels_slim,visible,australian,5,552,79,ok,0.1045,5,0.3602335207475014,0.31742252,0.04281100074750144,0.905095913704235,0.920161805407707,0.3380161844564749,1.830079415798508,-0.0411540822161738,"{""A3<=13"": 1, ""A5=14"": 1, ""A7<=26"": -1, ""A8=1"": 1, ""A8=0"": -1}",
imodels_slim,visible,australian,7,552,79,ok,0.1041,7,0.3674060483185471,0.30383905,0.06356699831854712,0.9042390669004728,0.9318714072812432,0.3202493728363603,1.6106635851390032,0.3238476639247776,"{""A3<=13"": 1, ""A5=14"": 1, ""A7<=26"": -1, ""A8=1"": 1, ""A8=0"": -1, ""A14<=1"": 1, ""A14<=87"": -1}",
imodels_slim,visible,australian,10,552,79,ok,0.109,10,0.3307423870647794,0.28999338,0.04074900706477935,0.926483872681864,0.9296359378326592,0.3370342990703735,1.1119515601293068,0.3647276851045062,"{""A3<=13"": 1, ""A5=1"": -1, ""A5=14"": 1, ""A6=1"": -1, ""A7<=26"": -1, ""A8=1"": 2, ""A8=0"": -1, ""A10<=3"": -1, ""A14<=1"": 1, ""A14<=87"": -1}",
imodels_slim,visible,heart,3,216,57,ok,0.0675,3,0.3965704645616352,0.39413199,0.0024384745616352066,0.8888020833333333,0.8847222222222223,0.3911319716979251,2.002768283181738,2.979275699045881,"{""chest<=3"": -1, ""number_of_major_vessels<=0"": -1, ""thal<=3"": -1}",
imodels_slim,visible,heart,4,216,57,ok,0.0484,4,0.4051321993422732,0.35610761,0.04902458934227316,0.8879340277777776,0.8638888888888889,0.4392315587720553,1.3953403537121511,2.8376918706664176,"{""chest<=3"": -1, ""number_of_major_vessels<=0"": -1, ""thal<=3"": -1, ""thal<=6"": -1}",
imodels_slim,visible,heart,5,216,57,ok,0.0518,5,0.4077903761684137,0.33644466,0.07134571616841368,0.8879774305555554,0.8624999999999999,0.4411563174999421,1.2060710379647588,1.5687284292225727,"{""sex=1"": 1, ""chest<=3"": -1, ""number_of_major_vessels<=0"": -1, ""thal<=3"": -1, ""thal<=6"": -1}",
imodels_slim,visible,heart,7,216,57,ok,0.0547,7,0.3756592647825908,0.31496988,0.06068938478259084,0.9078125,0.8173611111111111,0.5172813610862305,1.188818308881935,1.1508391218857632,"{""age<=63"": 1, ""sex=1"": 1, ""chest<=3"": -1, ""oldpeak<=0.6"": -1, ""number_of_major_vessels<=0"": -1, ""thal<=3"": -1, ""thal<=6"": -1}",
imodels_slim,visible,heart,10,216,57,ok,0.0711,10,0.3305739174865899,0.27914686,0.05142705748658988,0.9307291666666666,0.8326388888888888,0.5060042893223604,1.130702678706059,2.602603194893378,"{""age<=63"": 1, ""sex=1"": 1, ""chest<=2"": -1, ""chest<=3"": -1, ""serum_cholestoral<=270"": -1, ""oldpeak<=0.6"": -1, ""slope<=1"": -1, ""number_of_major_vessels<=0"": -1, ""thal<=3"": -1, ""thal<=6"": -1}",
imodels_slim,visible,ionosphere,3,280,267,ok,0.1368,3,0.357064466801008,0.2819954,0.075069066801008,0.8394822722495713,0.871304347826087,0.3225286974125801,3.2935676976228603,-1.7374271249071116,"{""a05<=0"": 1, ""a05<=0.06704"": 1, ""a06<=-0.23067"": 1}",
imodels_slim,visible,ionosphere,4,280,267,ok,0.2833,4,0.366443048625013,0.22797815,0.138464898625013,0.87668012611317,0.8913043478260869,0.3375960193991176,2.436095952843384,-0.1485061001896098,"{""a05<=0"": 1, ""a05<=0.06704"": 1, ""a06<=-0.23067"": 1, ""a28<=0.08968"": -1}",
imodels_slim,visible,ionosphere,5,280,267,ok,0.2341,5,0.3181605009147641,0.20648715,0.1116733509147641,0.9067702859671444,0.8913043478260869,0.3307736815910759,2.6176168698743454,-0.356938338642669,"{""a05<=0"": 1, ""a05<=0.06704"": 1, ""a06<=-0.23067"": 1, ""a14<=-0.79313"": 1, ""a28<=0.08968"": -1}",
imodels_slim,visible,ionosphere,7,280,267,ok,0.1316,7,0.3237755376983735,0.14271712,0.18105841769837347,0.9212069251617898,0.8821739130434783,0.3726160140549336,1.6191770756579091,-1.4077999545449595,"{""a05<=0"": 1, ""a05<=0.06704"": 1, ""a05<=0.5898"": 1, ""a06<=-0.23067"": 1, ""a07<=0.38431"": 1, ""a14<=-0.79313"": 1, ""a28<=0.08968"": -1}",
imodels_slim,visible,ionosphere,10,280,267,ok,0.147,10,0.2570802741286884,0.08583887,0.17124140412868838,0.9515459925880856,0.9291304347826088,0.3188098923363274,1.5952249082507175,-2.536536586557849,"{""a03<=0.76046"": 1, ""a05<=0"": 1, ""a05<=0.06704"": 1, ""a05<=0.5898"": 1, ""a06<=-0.23067"": 1, ""a07<=0.38431"": 1, ""a08<=-0.78502"": 1, ""a14<=-0.79313"": 1, ""a24<=-1"": 1, ""a28<=0.08968"": -1}",
imodels_slim,visible,ilpd,3,466,79,ok,0.11,3,0.5888298193893193,0.50697218,0.08185763938931934,0.567477251687778,0.5423458540042523,0.6025894403961936,0.5801067681333743,-2.054640031411432,"{""V1<=24"": 1, ""V1<=66"": 1, ""V10<=1.3"": 1}",
imodels_slim,visible,ilpd,4,466,79,ok,0.1088,4,0.5474774958294868,0.49795585,0.049521645829486816,0.6805075752444174,0.6525513819985825,0.5726588911046382,1.1055972804421446,-3.9597930279045817,"{""V1<=24"": 1, ""V1<=66"": 1, ""V4<=1"": 1, ""V10<=1.3"": 1}",
imodels_slim,visible,ilpd,5,466,79,ok,0.1691,5,0.5210055530201692,0.49203517,0.028970383020169133,0.7223351170719592,0.7197023387668321,0.5357570829255567,1.2511389335639824,-5.434583318694074,"{""V1<=24"": 1, ""V1<=66"": 1, ""V4<=1"": 1, ""V6<=69"": 1, ""V10<=1.3"": 1}",
imodels_slim,visible,ilpd,7,466,79,ok,0.1874,7,0.5079518556688324,0.48346504,0.024486815668832373,0.7414369256474519,0.7512402551381998,0.5045119237531177,1.1592632197008914,-5.174918152182323,"{""V1<=24"": 1, ""V1<=66"": 1, ""V4<=1"": 1, ""V4<=4"": 1, ""V6<=69"": 1, ""V9<=4.1"": -1, ""V10<=1.3"": 1}",
imodels_slim,visible,ilpd,10,466,79,ok,0.1233,10,0.4961648790833824,0.4735486,0.02261627908338243,0.7653367653367653,0.764351523742027,0.4980912780262657,0.7807859622429422,-4.606764767682119,"{""V1<=24"": 1, ""V1<=66"": 1, ""V3<=7.7"": 1, ""V4<=1"": 1, ""V4<=4"": 1, ""V5<=206"": 1, ""V6<=69"": 1, ""V9<=3.1"": -1, ""V9<=4.1"": -1, ""V10<=1.3"": 1}",
imodels_slim,visible,magic,3,10000,90,ok,0.9026,3,0.5315888555118843,0.47478487,0.05680398551188426,0.7649384956686943,0.747073570086584,0.5491618106790771,0.8260826072872446,0.4332522018874059,"{""fAlpha:<=11.711"": -1, ""fAlpha:<=18.205"": -1, ""fAlpha:<=27.106"": -1}",
imodels_slim,visible,magic,4,10000,90,ok,0.959,4,0.5042478474596466,0.45620114,0.048046707459646565,0.8004991634259951,0.784563595415406,0.521016940823117,0.9657624991979932,0.7946963755516454,"{""fSize:<=2.42"": -1, ""fAlpha:<=11.711"": -1, ""fAlpha:<=18.205"": -1, ""fAlpha:<=27.106"": -1}",
imodels_slim,visible,magic,5,10000,90,ok,0.9447,5,0.475667287801264,0.44183376,0.033833527801263974,0.8253211809028123,0.8070166942834345,0.4971648503520557,1.0266538127142864,1.7860134498495577,"{""fLength:<=106.655"": -1, ""fSize:<=2.42"": -1, ""fAlpha:<=11.711"": -1, ""fAlpha:<=18.205"": -1, ""fAlpha:<=27.106"": -1}",
imodels_slim,visible,magic,7,10000,90,ok,1.0039,7,0.4535496707790656,0.4187976,0.034752070779065614,0.8398854290143797,0.8173594720600423,0.4821610889244329,1.0226614795890638,2.8151753832956063,"{""fLength:<=106.655"": -1, ""fWidth:<=39.6681"": -1, ""fSize:<=2.2844"": -1, ""fSize:<=2.42"": -1, ""fAlpha:<=11.711"": -1, ""fAlpha:<=18.205"": -1, ""fAlpha:<=27.106"": -1}",
imodels_slim,visible,magic,10,10000,90,ok,1.2591,10,0.4459906575732618,0.40023123,0.04575942757326179,0.84809172346176,0.8323198997234112,0.4664954679277778,0.8155025253051051,2.47279554556282,"{""fLength:<=106.655"": -1, ""fWidth:<=39.6681"": -1, ""fSize:<=2.2844"": -1, ""fSize:<=2.42"": -1, ""fSize:<=2.5289"": -1, ""fM3Long:<=-34.8805"": 1, ""fAlpha:<=7.388"": -1, ""fAlpha:<=11.711"": -1, ""fAlpha:<=18.205"": -1, ""fAlpha:<=27.106"": -1}",
imodels_slim,visible,haberman,3,244,27,ok,0.0423,3,0.501856603051854,0.49061982,0.011236783051853994,0.7128921357971637,0.5720108695652174,0.5862148419955603,1.537344307735128,-0.0704978461372007,"{""Patients_year_of_operation=65"": 1, ""Patients_year_of_operation=61"": -1, ""Number_of_positive_axillary_nodes_detected<=4"": -1}",
imodels_slim,visible,haberman,4,244,27,ok,0.0415,4,0.4848020983173667,0.48088484,0.003917258317366723,0.7390201976794157,0.6019021739130435,0.5775590680351378,1.622192698473972,0.1413063488758246,"{""Age_of_patient_at_time_of_operation<=38"": -1, ""Patients_year_of_operation=65"": 1, ""Patients_year_of_operation=61"": -1, ""Number_of_positive_axillary_nodes_detected<=4"": -1}",
imodels_slim,visible,haberman,5,244,27,ok,0.0791,5,0.4936690968225968,0.47794564,0.015723456822596793,0.737172324881822,0.6175271739130435,0.5628615118023556,1.2898863949011412,0.1014909567040914,"{""Age_of_patient_at_time_of_operation<=38"": -1, ""Age_of_patient_at_time_of_operation<=42"": -1, ""Patients_year_of_operation=65"": 1, ""Patients_year_of_operation=61"": -1, ""Number_of_positive_axillary_nodes_detected<=4"": -1}",
imodels_slim,visible,haberman,7,244,27,ok,0.052,7,0.4966165855756076,0.47310031,0.023516275575607593,0.7367855608079072,0.5896739130434783,0.5861470908420751,0.7898477337762241,0.8720951077335491,"{""Age_of_patient_at_time_of_operation<=38"": -1, ""Age_of_patient_at_time_of_operation<=42"": -1, ""Age_of_patient_at_time_of_operation<=58"": -1, ""Patients_year_of_operation=65"": 1, ""Patients_year_of_operation=61"": -2, ""Number_of_positive_axillary_nodes_detected<=4"": -1, ""Number_of_positive_axillary_nodes_detected<=7"": -1}",
imodels_slim,visible,haberman,10,244,27,ok,0.0542,10,0.4914255580265324,0.46599817,0.025427388026532438,0.7395788568972926,0.5726902173913043,0.6179713106561162,0.7795372373402469,0.7415953696629041,"{""Age_of_patient_at_time_of_operation<=38"": -1, ""Age_of_patient_at_time_of_operation<=42"": -1, ""Age_of_patient_at_time_of_operation<=58"": -1, ""Patients_year_of_operation=58"": 1, ""Patients_year_of_operation=65"": 1, ""Patients_year_of_operation=59"": 1, ""Patients_year_of_operation=61"": -2, ""Patients_year_of_operation=63"": -1, ""Number_of_positive_axillary_nodes_detected<=4"": -1, ""Number_of_positive_axillary_nodes_detected<=7"": -1}",
continuous_beam,visible,adult,3,10000,36,ok,0.5503,3,0.4044503265995282,0.40451518,-6.485340047179822e-05,0.8341167011349593,0.8268587497243121,0.4128734992083819,1.000016468949508,-1.833072689827106,"{""HSDiploma"": -1.3262, ""NoHS"": -2.5967, ""Married"": 2.5134}",
continuous_beam,visible,adult,4,10000,36,ok,0.9739,4,0.3877730918285842,0.38816564,-0.00039254817141576304,0.8512354487062793,0.8455241397659365,0.3930256665553771,1.0000079147286136,-2.0325141856630102,"{""HSDiploma"": -1.2798, ""NoHS"": -2.5972, ""Married"": 2.505, ""AnyCapitalGains"": 1.6288}",
continuous_beam,visible,adult,5,10000,36,ok,1.5961,5,0.3766460539251028,0.37728155,-0.0006354960748972127,0.8626960557362358,0.8617897314536371,0.376426206215613,1.0000040864419273,-1.7490561887852778,"{""Age_22_to_29"": -1.3817, ""HSDiploma"": -1.2815, ""NoHS"": -2.6237, ""Married"": 2.3624, ""AnyCapitalGains"": 1.5872}",
continuous_beam,visible,adult,7,10000,36,ok,2.9966,7,0.3625589973922251,0.36328792,-0.0007289226077749067,0.875982247881141,0.8711526208738697,0.3675882978297194,0.9999818598942756,-1.750689726961554,"{""Age_22_to_29"": -1.3237, ""HSDiploma"": -1.2245, ""NoHS"": -2.4485, ""JobManagerial"": 0.8879, ""Married"": 2.2946, ""WorkHrsPerWeek_lt_40"": -0.9586, ""AnyCapitalGains"": 1.6146}",
continuous_beam,visible,adult,10,10000,36,ok,6.2839,10,0.3526999929052099,0.35342273,-0.0007227370947900935,0.8844126664192766,0.882818599049883,0.3528563868325629,1.0000228515018097,-3.207371779220268,"{""Age_30_to_44"": 1.3323, ""Age_45_to_59"": 1.7592, ""Age_geq_60"": 1.1359, ""HSDiploma"": -1.1759, ""NoHS"": -2.3692, ""JobManagerial"": 0.8498, ""Married"": 2.1817, ""WorkHrsPerWeek_lt_40"": -0.8612, ""AnyCapitalGains"": 1.693, ""AnyCapitalLoss"": 1.1305}",
continuous_beam,visible,bank,3,10000,57,ok,0.9158,3,0.2839010035890288,0.28398526,-8.425641097120629e-05,0.7783819035872653,0.7726779284896623,0.2874959197329375,1.0000171735043455,-0.6854329998218754,"{""call_in_Q2"": -1.0579, ""calls_b4_campaign_successful"": 1.8461, ""euribor3m_geq_300"": -1.9946}",
continuous_beam,visible,bank,4,10000,57,ok,1.6972,4,0.2817415594619797,0.28178062,-3.906053802027465e-05,0.7834649570001333,0.7781681471391388,0.2860806130620356,1.0000263216143612,-0.7472894963892756,"{""call_in_Q2"": -1.0734, ""calls_b4_campaign_successful"": 1.6958, ""cons_price_idx_geq_93_5"": 0.5664, ""euribor3m_geq_300"": -2.2753}",
continuous_beam,visible,bank,5,10000,57,ok,2.5379,5,0.280535122122785,0.28084659,-0.00031146787721503255,0.786638956842409,0.7833553965300026,0.2858604543041201,1.000014716765161,-3.009975000841165,"{""call_in_Q2"": -1.0682, ""called_before"": 1.5034, ""calls_b4_campaign_failed"": -0.6288, ""nr_employed_lt_5100"": 2.3983, ""cons_price_idx_geq_93_5"": 0.5667}",
continuous_beam,visible,bank,7,10000,57,ok,4.8052,7,0.2789453602131646,0.27923804,-0.00029267978683544804,0.7905481857510976,0.7849965466300864,0.2858746419434701,0.9999874210083738,-2.951938485103332,"{""age_ge_60"": 0.5724, ""job_blue_collar"": -0.3949, ""call_in_Q2"": -0.9564, ""called_before"": 1.4731, ""calls_b4_campaign_failed"": -0.6254, ""nr_employed_lt_5100"": 2.2961, ""cons_price_idx_geq_93_5"": 0.5404}",
continuous_beam,visible,bank,10,10000,57,ok,8.6173,10,0.2777022485575509,0.27791022,-0.00020797144244910637,0.7951999494802107,0.779312075922977,0.2877078338921976,0.9999945103837856,-3.005111688384236,"{""age_ge_60"": 0.6893, ""job_student"": 0.5644, ""job_blue_collar"": -0.232, ""education_university"": 0.2235, ""credit_is_or_may_be_in_default"": -0.3326, ""call_in_Q2"": -0.8979, ""called_before"": 1.452, ""calls_b4_campaign_failed"": -0.6113, ""nr_employed_lt_5100"": 2.1866, ""cons_price_idx_geq_93_5"": 0.5375}",
continuous_beam,visible,breastcancer,3,546,9,ok,0.1962,3,0.0892073309061987,0.08922706,-1.972909380129617e-05,0.9955091807388836,0.9868913857677902,0.1486165765996763,0.9851468696270228,-7.978918457927172,"{""ClumpThickness"": 0.523, ""UniformityOfCellSize"": 0.9908, ""BareNuclei"": 0.4944}",
continuous_beam,visible,breastcancer,4,546,9,ok,0.3227,4,0.078326759285623,0.07846697,-0.00014021071437700372,0.9961507263476144,0.988998127340824,0.1487183603205843,0.994079014441482,-9.110357519488614,"{""ClumpThickness"": 0.4997, ""UniformityOfCellSize"": 0.7887, ""BareNuclei"": 0.398, ""BlandChromatin"": 0.5696}",
continuous_beam,visible,breastcancer,5,546,9,ok,0.4652,5,0.0729330070288601,0.07315004,-0.0002170329711398966,0.9967848978688888,0.9918071161048688,0.1318105860048047,1.0002559786212868,-10.426274138705969,"{""ClumpThickness"": 0.5472, ""UniformityOfCellShape"": 0.668, ""MarginalAdhesion"": 0.3598, ""BareNuclei"": 0.3085, ""BlandChromatin"": 0.7275}",
continuous_beam,visible,breastcancer,7,546,9,ok,0.6231,7,0.0672505812048848,0.06746348,-0.0002128987951152128,0.996799646043802,0.9922752808988764,0.1239338606972852,0.997777032963218,-10.410442245134794,"{""ClumpThickness"": 0.4428, ""UniformityOfCellShape"": 0.5283, ""MarginalAdhesion"": 0.3757, ""BareNuclei"": 0.3196, ""BlandChromatin"": 0.6441, ""NormalNucleoli"": 0.2247, ""Mitoses"": 0.3232}",
continuous_beam,visible,breastcancer,10,546,9,ok,0.6456,9,0.0657962447493059,0.06592425,-0.00012800525069410484,0.9970356168424158,0.9911048689138576,0.1316638835744278,0.996723093213962,-10.5941847902435,"{""ClumpThickness"": 0.4391, ""UniformityOfCellSize"": 0.0834, ""UniformityOfCellShape"": 0.4329, ""MarginalAdhesion"": 0.3334, ""SingleEpithelialCellSize"": 0.1941, ""BareNuclei"": 0.3003, ""BlandChromatin"": 0.6096, ""NormalNucleoli"": 0.1729, ""Mitoses"": 0.3396}",
continuous_beam,visible,mammo,3,768,14,ok,0.156,3,0.4721563502516364,0.47233462,-0.000178269748363602,0.8467601178138977,0.8532843560933447,0.4539378420515407,0.9999996231433572,-0.66287436776259,"{""IrregularShape"": 1.3542, ""CircumscribedMargin"": -1.6624, ""Age_geq_60"": 1.1121}",
continuous_beam,visible,mammo,4,768,14,ok,0.3344,4,0.4670170970760182,0.46720672,-0.0001896229239818359,0.8529883004254392,0.8550129645635263,0.4567604400646733,1.0000001134488226,-0.7528482683888461,"{""IrregularShape"": 1.2498, ""CircumscribedMargin"": -1.5681, ""SpiculatedMargin"": 0.7806, ""Age_geq_60"": 1.1061}",
continuous_beam,visible,mammo,5,768,14,ok,0.5178,5,0.4628622394835309,0.46370461,-0.0008423705164691264,0.8553507145194721,0.8501512532411409,0.4676279085729301,1.0013985085859651,-0.7288040099984813,"{""IrregularShape"": 1.2415, ""CircumscribedMargin"": -1.4803, ""SpiculatedMargin"": 0.7805, ""Age_lt_30"": -3.9131, ""Age_geq_60"": 1.0627}",
continuous_beam,visible,mammo,7,768,14,ok,1.1024,7,0.4588912827946877,0.45928719,-0.00039590720531229584,0.85828924402749,0.8448033707865169,0.4739432335125584,1.000640785006068,-0.4184462982149494,"{""OvalShape"": -0.4725, ""IrregularShape"": 1.0653, ""CircumscribedMargin"": -1.6172, ""ObscuredMargin"": -0.4881, ""SpiculatedMargin"": 0.6253, ""Age_lt_30"": -4.9412, ""Age_geq_60"": 1.0622}",
continuous_beam,visible,mammo,10,768,14,ok,1.637,10,0.4577048402077791,0.45827677,-0.0005719297922209265,0.8605732518817497,0.8438850475367329,0.4764264130778234,1.0005263800383926,-1.4179444065263416,"{""RoundShape"": 0.3149, ""LobularShape"": 0.6744, ""IrregularShape"": 1.5949, ""CircumscribedMargin"": -1.4598, ""ObscuredMargin"": -0.4933, ""SpiculatedMargin"": 0.618, ""Density"": 0.1071, ""Age_lt_30"": -5.0, ""Age_geq_45"": 0.2195, ""Age_geq_60"": 0.9892}",
continuous_beam,visible,mushroom,3,6499,113,ok,0.6688,3,0.0680752498755952,0.06494476,0.0031304898755951938,0.9845196297478456,0.9853128991060024,0.065323380223278,6.344224451671205,28.17435286210935,"{""odor_eq_almond"": -5.0, ""odor_eq_anise"": -5.0, ""odor_eq_none"": -5.0}",
continuous_beam,visible,mushroom,4,6499,113,ok,1.3371,4,0.0327871824386655,0.03151661,0.0012705724386654974,0.9937759336099584,0.9942528735632185,0.0307228650214149,6.529371849834725,28.18894052055421,"{""odor_eq_almond"": -5.0, ""odor_eq_anise"": -5.0, ""odor_eq_none"": -5.0, ""spore_print_color_eq_green"": 5.0}",
continuous_beam,visible,mushroom,5,6499,113,ok,2.1949,5,0.0656580062032442,0.00913778,0.056520226203244206,0.9897319072325176,0.9898738938791358,0.0659609073070888,1.229468692912091,1.7659104900252969,"{""odor_eq_almond"": -5.0, ""odor_eq_anise"": -5.0, ""odor_eq_none"": -5.0, ""odor_eq_foul"": 5.0, ""gill_size_eq_narrow"": 2.7506}",
continuous_beam,visible,mushroom,7,6499,113,ok,4.8247,7,0.0058392456415752,0.0,0.0058392456415752,0.9999061226788832,0.9996390034067156,0.0156196338692988,24.45040662611296,35.04416923121937,"{""odor_eq_almond"": -5.0, ""odor_eq_anise"": -5.0, ""odor_eq_none"": -5.0, ""odor_eq_foul"": 4.3028, ""gill_size_eq_narrow"": 3.436, ""stalk_surface_above_ring_eq_grooves"": 2.5809, ""spore_print_color_eq_green"": 5.0}",
continuous_beam,visible,mushroom,10,6499,113,ok,10.8486,10,0.0059099721630925,0.0,0.0059099721630925,0.9998903816331204,0.999569230955913,0.0195398503911422,2.523090855304473,14.629710369714015,"{""odor_eq_almond"": -5.0, ""odor_eq_anise"": -5.0, ""odor_eq_none"": -5.0, ""odor_eq_foul"": 5.0, ""gill_spacing_eq_crowded"": -1.778, ""gill_size_eq_broad"": -4.4238, ""stalk_surface_above_ring_eq_grooves"": 2.6353, ""stalk_color_below_ring_eq_yellow"": 5.0, ""ring_number_eq_1"": -1.9079, ""spore_print_color_eq_green"": 5.0}",
continuous_beam,visible,spambase,3,3680,57,ok,0.6463,3,0.411009630858962,0.39815963,0.01285000085896204,0.9172132364311116,0.9260937823987676,0.4473172989841411,1.0657479689274938,-1.2357515110198178,"{""WordFreqRemove"": 5.0, ""WordFreqHP"": -2.9792, ""CapitalRunLengthLongest"": 0.027}",
continuous_beam,visible,spambase,4,3680,57,ok,1.2099,4,0.3654225113731778,0.3626631,0.0027594113731778114,0.9337680531931344,0.9411761801791128,0.3972064310584786,1.153741877502909,-1.4938012743431426,"{""WordFreqRemove"": 4.8698, ""WordFreqHP"": -3.1584, ""CharFreqDollarSign"": 5.0, ""CapitalRunLengthLongest"": 0.0232}",
continuous_beam,visible,spambase,5,3680,57,ok,1.9626,5,0.3400315698386315,0.33604553,0.003986039838631494,0.9446998608319158,0.9440272717398818,0.4518974208479898,1.1000557532712367,-1.799210259502921,"{""WordFreqRemove"": 4.9089, ""WordFreqHP"": -3.153, ""CharFreqExcalamationMark"": 1.5049, ""CharFreqDollarSign"": 5.0, ""CapitalRunLengthLongest"": 0.0213}",
continuous_beam,visible,spambase,7,3680,57,ok,3.8461,7,0.2941609906437153,0.29812607,-0.003965079356284706,0.9570429874748724,0.9607240538325582,0.3221505622613128,1.162850680422739,-1.295437826422197,"{""WordFreqRemove"": 4.0588, ""WordFreqFree"": 1.2756, ""WordFreqHP"": -3.1769, ""WordFreqGeorge"": -1.3592, ""WordFreqEDU"": -1.9979, ""CharFreqDollarSign"": 5.0, ""CapitalRunLengthLongest"": 0.0189}",
continuous_beam,visible,spambase,10,3680,57,ok,7.3158,10,0.2592149639067104,0.26602068,-0.0068057160932896155,0.9660436059996906,0.9635603345280764,0.3257315005999107,1.060989518711328,-1.4494674719844394,"{""WordFreqRemove"": 3.7555, ""WordFreqFree"": 1.2017, ""WordFreq0"": 3.7394, ""WordFreqHP"": -3.1055, ""WordFreqGeorge"": -1.7497, ""WordFreqMeeting"": -1.717, ""WordFreqEDU"": -2.1627, ""CharFreqExcalamationMark"": 0.9639, ""CharFreqDollarSign"": 5.0, ""CapitalRunLengthLongest"": 0.0167}",
continuous_beam,visible,fico,3,8000,142,ok,0.5164,3,0.5917182511947423,0.59185565,-0.00013739880525764914,0.7396166875,0.7416235,0.588621772263163,1.0000000941131704,-1.212294278053631,"{""ExternalRiskEstimate<=68"": 1.2199, ""ExternalRiskEstimate<=78"": 1.1121, ""MSinceMostRecentInqexcl7days<=-8"": -1.05}",
continuous_beam,visible,fico,4,8000,142,ok,0.8681,4,0.5783319995229885,0.57853942,-0.00020742047701149957,0.7603315625,0.7661374999999999,0.5750306608614566,1.000000106590032,-1.7501120010866236,"{""ExternalRiskEstimate<=68"": 1.1997, ""ExternalRiskEstimate<=78"": 1.0744, ""MSinceMostRecentInqexcl7days<=-8"": -1.2996, ""MSinceMostRecentInqexcl7days<=0"": 0.8353}",
continuous_beam,visible,fico,5,8000,142,ok,1.1812,5,0.5691884075030068,0.56952927,-0.0003408624969931662,0.7726294687499999,0.7677465,0.5752512171539775,1.0000000809928795,-1.917911547823276,"{""ExternalRiskEstimate<=68"": 1.141, ""ExternalRiskEstimate<=78"": 1.1155, ""NumSatisfactoryTrades<=13"": 0.7233, ""MSinceMostRecentInqexcl7days<=-8"": -1.6994, ""MSinceMostRecentInqexcl7days<=0"": 0.801}",
continuous_beam,visible,fico,7,8000,142,ok,2.1015,7,0.5598280024223933,0.56055096,-0.0007229575776067643,0.78456475,0.7763665000000001,0.5711035146429755,1.0000001684391129,-1.3111777567902094,"{""ExternalRiskEstimate<=68"": 0.9579, ""ExternalRiskEstimate<=78"": 0.9418, ""AverageMInFile<=67"": 0.4712, ""NumSatisfactoryTrades<=13"": 0.6312, ""MSinceMostRecentInqexcl7days<=-8"": -1.6129, ""MSinceMostRecentInqexcl7days<=0"": 0.773, ""NetFractionRevolvingBurden<=59"": -0.679}",
continuous_beam,visible,fico,10,8000,142,ok,3.908,10,0.5532799222735971,0.55416962,-0.0008896977264029049,0.7916431562499999,0.783576,0.563250675644987,1.0000000863112306,-0.8382965137709874,"{""ExternalRiskEstimate<=68"": 0.7642, ""ExternalRiskEstimate<=78"": 0.6901, ""AverageMInFile<=58"": 0.6065, ""NumSatisfactoryTrades<=13"": 0.5495, ""PercentTradesNeverDelq<=96"": 0.4351, ""PercentInstallTrades<=48"": -0.3816, ""MSinceMostRecentInqexcl7days<=-8"": -1.5665, ""MSinceMostRecentInqexcl7days<=0"": 0.7765, ""NetFractionRevolvingBurden<=35"": -0.3768, ""NetFractionRevolvingBurden<=59"": -0.5115}",
continuous_beam,visible,compas,3,4222,32,ok,0.2612,3,0.6227338711667756,0.62253821,0.00019566116677560697,0.6980678254039456,0.7130817102975635,0.6165316263630087,1.0000000924072918,0.5965634808707158,"{""age<=34"": 0.9022, ""priors_count<=1"": -0.8627, ""priors_count<=6"": -1.0235}",
continuous_beam,visible,compas,4,4222,32,ok,0.4709,4,0.6157261338266562,0.61579658,-7.044617334384107e-05,0.7142628092533243,0.7252711258607099,0.606533881235108,1.0000000948182164,0.657228162201678,"{""age<=22"": 0.8123, ""age<=34"": 0.7498, ""priors_count<=1"": -0.9772, ""priors_count<=6"": -1.0448}",
continuous_beam,visible,compas,5,4222,32,ok,0.6953,5,0.6120171801445086,0.61211833,-0.00010114985549147804,0.7198316435081347,0.7333788059303945,0.6049194240302668,1.0000000310386334,0.6550415293493527,"{""age<=22"": 0.8186, ""age<=34"": 0.7548, ""priors_count<=0"": -0.5686, ""priors_count<=2"": -0.7521, ""priors_count<=6"": -0.8615}",
continuous_beam,visible,compas,7,4222,32,ok,1.2028,7,0.6085600394430353,0.60822652,0.00033351944303527947,0.7251692077097823,0.7334939871788874,0.6010747729620203,1.0000000806274003,1.172716085716618,"{""sex=0"": -0.2894, ""age<=22"": 0.7381, ""age<=34"": 0.7112, ""juv_other_count<=0"": -0.5285, ""priors_count<=0"": -0.5263, ""priors_count<=2"": -0.7309, ""priors_count<=6"": -0.816}",
continuous_beam,visible,compas,10,4222,32,ok,2.2091,10,0.6053680594762791,0.60556055,-0.00019249052372083408,0.7320501110636711,0.7414468924459099,0.5996540630534768,0.9999989823069904,0.9918757134391116,"{""sex=0"": -0.279, ""age<=22"": 0.6639, ""age<=29"": 0.3275, ""age<=34"": 0.333, ""age<=45"": 0.3363, ""juv_other_count<=0"": -0.4934, ""priors_count<=0"": -0.39, ""priors_count<=1"": -0.3353, ""priors_count<=2"": -0.5486, ""priors_count<=6"": -0.8437}",
continuous_beam,visible,australian,3,552,79,ok,0.1488,3,0.337845317960876,0.33798725,-0.0001419320391239931,0.9200409160954356,0.8953587396210345,0.3992613052258558,0.99999776350992,3.1654533624844814,"{""A8=0"": -3.7495, ""A9=0"": -1.3836, ""A14<=126"": -1.5089}",
continuous_beam,visible,australian,4,552,79,ok,0.2738,4,0.3258055146296844,0.32665632,-0.0008508053703156215,0.9288817152877412,0.9303810943155206,0.3516063848521024,1.0000179551860808,2.736410191843826,"{""A3<=13"": 1.9016, ""A8=0"": -4.1578, ""A9=0"": -1.3142, ""A14<=87"": -1.2931}",
continuous_beam,visible,australian,5,552,79,ok,0.4404,5,0.3160674071926309,0.31742252,-0.0013551128073691077,0.9366597587544502,0.9399616776665956,0.325534393126228,0.999995689271822,3.11235156689108,"{""A3<=13"": 2.1013, ""A7<=26"": -0.9339, ""A8=0"": -3.9251, ""A9=0"": -1.2496, ""A14<=87"": -1.321}",
continuous_beam,visible,australian,7,552,79,ok,0.8733,7,0.3031178397041461,0.30383905,-0.0007212102958539246,0.9417344173441734,0.9475196934213328,0.3111523272586733,1.0000070986375176,3.372576406284326,"{""A3<=13"": 2.5104, ""A3<=89"": -0.7614, ""A5=14"": 2.159, ""A7<=26"": -0.8854, ""A8=0"": -3.9109, ""A9=0"": -1.1945, ""A14<=87"": -1.3302}",
continuous_beam,visible,australian,10,552,79,ok,1.7863,10,0.2893715795301776,0.28999338,-0.0006218004698224089,0.9480843828046124,0.9410261869278262,0.3130348058524898,1.000006196903788,3.4057593071639047,"{""A3<=13"": 2.4768, ""A3<=89"": -0.7341, ""A4=2"": 0.7843, ""A5=1"": -1.5401, ""A5=14"": 2.1233, ""A6=5"": -1.3149, ""A7<=26"": -0.9096, ""A8=0"": -3.8043, ""A10<=3"": -1.405, ""A14<=87"": -1.47}",
continuous_beam,visible,heart,3,216,57,ok,0.083,3,0.3937899359451737,0.39413199,-0.0003420540548262907,0.8903645833333333,0.7618055555555555,0.6061433923638181,1.0000003304873104,4.000500632386125,"{""chest<=3"": -2.0759, ""oldpeak<=1.9"": -2.4822, ""thal<=3"": -2.2104}",
continuous_beam,visible,heart,4,216,57,ok,0.1627,4,0.3556039961568646,0.35610761,-0.0005036138431354087,0.915798611111111,0.8736111111111111,0.4445649676415655,1.0000000384481564,3.712060627557556,"{""chest<=3"": -1.9769, ""oldpeak<=0.6"": -1.6538, ""number_of_major_vessels<=0"": -1.8186, ""thal<=3"": -2.1027}",
continuous_beam,visible,heart,5,216,57,ok,0.2606,5,0.3361287286983579,0.33644466,-0.0003159313016420917,0.9260850694444444,0.8583333333333334,0.4859448221599493,1.0000041250910854,4.527378352596745,"{""chest<=3"": -1.9283, ""resting_electrocardiographic_results<=0"": -1.2517, ""oldpeak<=0.6"": -1.7842, ""number_of_major_vessels<=0"": -1.8416, ""thal<=3"": -2.3505}",
continuous_beam,visible,heart,7,216,57,ok,0.6412,7,0.3163582763728602,0.31496988,0.0013883963728602011,0.9370659722222222,0.8659722222222223,0.4728152644782171,1.000001222593278,4.0369416893551655,"{""sex=1"": 1.3334, ""chest<=3"": -1.9783, ""serum_cholestoral<=270"": -0.9916, ""resting_electrocardiographic_results<=0"": -1.1061, ""oldpeak<=0.6"": -1.8771, ""number_of_major_vessels<=0"": -1.8608, ""thal<=3"": -1.8868}",
continuous_beam,visible,heart,10,216,57,ok,1.3755,10,0.2799390869041217,0.27914686,0.0007922269041217289,0.95,0.84375,0.5524981590818444,0.9999859332212732,2.133093549511556,"{""age<=58"": -2.1802, ""age<=63"": 2.5692, ""sex=1"": 2.0072, ""chest<=3"": -1.9695, ""serum_cholestoral<=270"": -1.2154, ""resting_electrocardiographic_results<=0"": -1.1397, ""maximum_heart_rate_achieved<=171"": 1.077, ""oldpeak<=0.6"": -1.8375, ""number_of_major_vessels<=0"": -1.8399, ""thal<=3"": -1.8945}",
continuous_beam,visible,ionosphere,3,280,267,ok,0.152,3,0.2846552401862678,0.2819954,0.0026598401862678034,0.8978649261574203,0.9139130434782607,0.260738996579676,1.044536075693453,1.5031749265817849,"{""a03<=0"": 5.0, ""a05<=0.06704"": 4.7068, ""a22<=0.82162"": -3.5611}",
continuous_beam,visible,ionosphere,4,280,267,ok,0.2812,4,0.2291617680399304,0.22797815,0.0011836180399304175,0.9320758891531612,0.934782608695652,0.2270973243206321,1.0392445148677412,-2.6730166538047664,"{""a03<=0"": 5.0, ""a04<=-0.59677"": 4.2317, ""a05<=0.06704"": 4.711, ""a06<=-0.23067"": 4.006}",
continuous_beam,visible,ionosphere,5,280,267,ok,0.4594,5,0.2084028790228103,0.20648715,0.0019157290228102863,0.9471209690801482,0.9495652173913044,0.2125959407668088,1.039887773908317,-0.3065723020879397,"{""a03<=0"": 5.0, ""a04<=-0.59677"": 3.5574, ""a05<=0.06704"": 4.9402, ""a06<=-0.23067"": 4.1308, ""a32<=0.77702"": -2.566}",
continuous_beam,visible,ionosphere,7,280,267,ok,1.0471,7,0.1572757313809387,0.14271712,0.014558611380938696,0.9793406714973172,0.937391304347826,0.2829128300905061,1.2195813527128605,0.600439817776461,"{""a03<=0"": 5.0, ""a05<=0.06704"": 4.0446, ""a06<=-0.23067"": 5.0, ""a07<=0.38431"": 2.3891, ""a22<=-0.03333"": -2.8184, ""a24<=-1"": 5.0, ""a32<=0.77702"": -3.019}",
continuous_beam,visible,ionosphere,10,280,267,ok,2.4274,10,0.105415858860586,0.08583887,0.01957698886058601,0.9900713535040654,0.9095652173913044,0.4047029861908656,1.234902217321185,-0.1111464235166818,"{""a03<=0"": 5.0, ""a05<=0.06704"": 5.0, ""a06<=-0.23067"": 5.0, ""a07<=0.38431"": 3.9705, ""a11<=-0.31605"": -5.0, ""a22<=-0.03333"": -2.0752, ""a24<=-1"": 5.0, ""a27<=0.94305"": -2.465, ""a28<=0.08968"": -3.6428, ""a30<=0"": 2.3715}",
continuous_beam,visible,ilpd,3,466,79,ok,0.1367,3,0.506853403561212,0.50697218,-0.00011877643878799304,0.7430739009686378,0.7448618001417434,0.5195931972537716,0.9999968572567576,-3.325992952302985,"{""V1<=24"": 1.0284, ""V4<=1"": 1.9687, ""V5<=206"": 1.0956}",
continuous_beam,visible,ilpd,4,466,79,ok,0.2235,4,0.4976252076860012,0.49795585,-0.00033064231399876354,0.7581792318634423,0.7841956059532247,0.4910413164008711,0.9999886331590137,-4.1202176488796445,"{""V1<=24"": 1.1584, ""V4<=1"": 1.8259, ""V5<=206"": 0.9086, ""V6<=69"": 1.1586}",
continuous_beam,visible,ilpd,5,466,79,ok,0.3671,5,0.4916224531278026,0.49203517,-0.00041271687219740505,0.7684526631895051,0.7879163713678242,0.4856176889621857,1.0000013325562396,-5.161773107670832,"{""V1<=24"": 1.0637, ""V1<=66"": 1.0997, ""V4<=1"": 1.8459, ""V5<=206"": 0.8721, ""V6<=69"": 1.1997}",
continuous_beam,visible,ilpd,7,466,79,ok,0.771,7,0.485078689006258,0.48346504,0.001613649006257989,0.778398699451331,0.7765768958185684,0.4805752680324723,1.00359534433385,-9.025905124367457,"{""V1<=24"": 1.0457, ""V1<=66"": 1.1032, ""V4<=0.6"": 0.9509, ""V4<=4"": 5.0, ""V5<=206"": 0.7705, ""V6<=69"": 1.1549, ""V10<=0.87"": -0.3844}",
continuous_beam,visible,ilpd,10,466,79,ok,1.4563,10,0.4725221580951828,0.4735486,-0.0010264419048172102,0.7947458736932421,0.7872076541459958,0.4797485697531468,1.0065904730896729,-8.64472904438733,"{""V1<=24"": 0.9868, ""V1<=66"": 1.2366, ""V3<=7.7"": 3.5078, ""V4<=1"": 1.3374, ""V5<=206"": 0.841, ""V6<=69"": 1.268, ""V8<=6.5"": 0.9981, ""V9<=3.1"": -0.8231, ""V9<=4.1"": -0.7668, ""V10<=1.3"": 0.9353}",
continuous_beam,visible,magic,3,10000,90,ok,0.7219,3,0.4747309554156287,0.47478487,-5.391458437131735e-05,0.8119992267655958,0.7965658356370701,0.4939754662385445,1.0000001699809336,3.1342605110308006,"{""fLength:<=106.655"": -2.8029, ""fSize:<=2.42"": -1.1221, ""fAlpha:<=18.205"": -2.3224}",
continuous_beam,visible,magic,4,10000,90,ok,1.2832,4,0.4556104640257702,0.45620114,-0.0005906759742297929,0.8350508936322822,0.816444995610092,0.4776671382120096,1.0000001457044565,3.445512512488675,"{""fLength:<=106.655"": -2.8276, ""fSize:<=2.42"": -1.2551, ""fAlpha:<=11.711"": -1.5322, ""fAlpha:<=27.106"": -1.4116}",
continuous_beam,visible,magic,5,10000,90,ok,1.9137,5,0.4414291695651559,0.44183376,-0.00040459043484414314,0.8462548969757709,0.8283216093662602,0.4671313443431549,1.0000017290698469,3.397486128847617,"{""fLength:<=106.655"": -2.9583, ""fWidth:<=11.1267"": 1.2545, ""fSize:<=2.42"": -1.9329, ""fAlpha:<=11.711"": -1.4764, ""fAlpha:<=27.106"": -1.4022}",
continuous_beam,visible,magic,7,10000,90,ok,3.5021,7,0.4184984913241612,0.4187976,-0.0002991086758387662,0.8614219678929634,0.8455815628072673,0.4456998956926555,1.0000005823364388,3.772144747831331,"{""fLength:<=106.655"": -1.8692, ""fWidth:<=11.1267"": 1.3918, ""fWidth:<=39.6681"": -1.6686, ""fSize:<=2.42"": -1.8373, ""fM3Long:<=-34.8805"": 1.5889, ""fAlpha:<=11.711"": -1.5673, ""fAlpha:<=27.106"": -1.3843}",
continuous_beam,visible,magic,10,10000,90,ok,6.7974,10,0.4022432418316936,0.40023123,0.002012011831693583,0.8758383285644404,0.8557285317354208,0.4373419633805334,1.000000393777844,3.868080311863084,"{""fLength:<=46.2915"": -0.8763, ""fLength:<=106.655"": -1.7211, ""fWidth:<=11.1267"": 1.1736, ""fWidth:<=15.1087"": 0.9232, ""fWidth:<=39.6681"": -1.5698, ""fSize:<=2.2844"": -1.1724, ""fSize:<=2.42"": -1.4078, ""fM3Long:<=-34.8805"": 1.3794, ""fAlpha:<=11.711"": -1.7017, ""fAlpha:<=27.106"": -1.4591}",
continuous_beam,visible,haberman,3,244,27,ok,0.0962,3,0.4906157908216149,0.49061982,-4.029178385100973e-06,0.7255694026643749,0.6019021739130435,0.5636089422137708,1.0000072548077117,0.4780127682341124,"{""Age_of_patient_at_time_of_operation<=38"": -1.7856, ""Patients_year_of_operation=61"": -2.4247, ""Number_of_positive_axillary_nodes_detected<=4"": -1.7816}",
continuous_beam,visible,haberman,4,244,27,ok,0.1814,4,0.4807354089044729,0.48088484,-0.0001494310955270639,0.746927374301676,0.5876358695652174,0.5798318619199166,0.9999969470329576,0.3536606475120851,"{""Age_of_patient_at_time_of_operation<=38"": -1.7117, ""Patients_year_of_operation=65"": 1.0781, ""Patients_year_of_operation=61"": -2.2924, ""Number_of_positive_axillary_nodes_detected<=4"": -1.8018}",
continuous_beam,visible,haberman,5,244,27,ok,0.3746,5,0.4777054737895992,0.47794564,-0.000240166210400794,0.7568972926514825,0.5658967391304347,0.6041503137157898,1.000002884358399,0.4528230997870244,"{""Age_of_patient_at_time_of_operation<=38"": -1.7768, ""Patients_year_of_operation=65"": 1.0089, ""Patients_year_of_operation=61"": -2.3777, ""Patients_year_of_operation=63"": -0.74, ""Number_of_positive_axillary_nodes_detected<=4"": -1.8369}",
continuous_beam,visible,haberman,7,244,27,ok,0.4525,7,0.4725277847712676,0.47310031,-0.0005725252287324123,0.7816072195960465,0.6338315217391305,0.5806770427933011,1.0000125111957183,0.5156347751290222,"{""Age_of_patient_at_time_of_operation<=38"": -1.7611, ""Patients_year_of_operation=60"": -0.5926, ""Patients_year_of_operation=65"": 0.987, ""Patients_year_of_operation=61"": -2.4368, ""Patients_year_of_operation=63"": -0.8329, ""Number_of_positive_axillary_nodes_detected<=0"": -0.5324, ""Number_of_positive_axillary_nodes_detected<=4"": -1.546}",
continuous_beam,visible,haberman,10,244,27,ok,1.0375,10,0.46503109880062,0.46599817,-0.0009670711993799985,0.7958315427589171,0.6216032608695653,0.5935252847894406,1.0000054283748456,0.6946392472605674,"{""Age_of_patient_at_time_of_operation<=38"": -1.3932, ""Age_of_patient_at_time_of_operation<=42"": -0.8388, ""Age_of_patient_at_time_of_operation<=49"": 0.8031, ""Age_of_patient_at_time_of_operation<=58"": -0.5156, ""Patients_year_of_operation=65"": 1.0247, ""Patients_year_of_operation=61"": -2.5174, ""Patients_year_of_operation=63"": -0.9113, ""Patients_year_of_operation=67"": -0.7513, ""Number_of_positive_axillary_nodes_detected<=0"": -0.5846, ""Number_of_positive_axillary_nodes_detected<=4"": -1.5218}",
riskslim,visible,adult,3,10000,36,ok,21.6599,3,0.4062678388690253,0.40451518,0.0017526588690253142,0.833363646249418,0.8246348665670107,0.413027335338102,0.794198899740973,-1.6209988687079018,"{""HSDiploma"": -2, ""NoHS"": -3, ""Married"": 3}",
riskslim,visible,adult,4,10000,36,over_limit,60.5256,4,0.3930278801370168,0.38816564,0.0048622401370168045,0.8473422036310297,0.8429002902163145,0.3967377803493391,1.0870691399355017,-1.9138418921489089,"{""HSDiploma"": -1, ""NoHS"": -3, ""Married"": 2, ""AnyCapitalGains"": 2}",gap=0.11
riskslim,visible,adult,5,10000,36,over_limit,61.1007,5,0.3821688926876381,0.37728155,0.004887342687638074,0.8578698748288983,0.8489343565004603,0.3910793039832136,1.1204203562890669,-2.1912679401770614,"{""HSDiploma"": -1, ""NoHS"": -2, ""JobManagerial"": 1, ""Married"": 2, ""AnyCapitalGains"": 2}",gap=0.1
riskslim,visible,adult,7,10000,36,over_limit,61.1654,7,0.3700426395069897,0.36328792,0.006754719506989693,0.867792290538388,0.863310829024432,0.3757604491695166,1.0957848940708157,-2.1801340115459213,"{""Age_22_to_29"": -1, ""HSDiploma"": -1, ""NoHS"": -2, ""JobManagerial"": 1, ""Married"": 2, ""WorkHrsPerWeek_geq_50"": 1, ""AnyCapitalGains"": 1}",gap=0.0778
riskslim,visible,adult,10,10000,36,over_limit,61.6246,10,0.3657456716660718,0.35342273,0.012322941666071785,0.8724333119492804,0.8669814177539568,0.371004032529626,1.036532515235732,-3.951309609439664,"{""Age_22_to_29"": 1, ""Age_30_to_44"": 2, ""Age_45_to_59"": 2, ""Age_geq_60"": 1, ""SelfEmployedInc"": 1, ""HSDiploma"": -1, ""NoHS"": -2, ""JobManagerial"": 1, ""Married"": 2, ""AnyCapitalGains"": 2}",gap=0.071
riskslim,visible,bank,3,10000,57,over_limit,62.9101,3,0.2839852605047585,0.28398526,5.047584572537289e-10,0.7782679138089159,0.7726779284896623,0.2874712358331426,0.97635182123216,-0.7491935036352009,"{""call_in_Q2"": -1, ""calls_b4_campaign_successful"": 2, ""nr_employed_gt_5100"": -2}",gap=0.0403
riskslim,visible,bank,4,10000,57,no_model,6.2904,0,0.351916974314064,0.28178062,0.07013635431406401,0.5,0.5,0.3523298651387119,0.0,-2.06445412323922,{},CPLEX Community Edition size limit
riskslim,visible,bank,5,10000,57,no_model,4.9475,0,0.351916974314064,0.28084659,0.07107038431406398,0.5,0.5,0.3523298651387119,0.0,-2.06445412323922,{},CPLEX Community Edition size limit
riskslim,visible,bank,7,10000,57,no_model,4.9857,0,0.351916974314064,0.27923804,0.07267893431406397,0.5,0.5,0.3523298651387119,0.0,-2.06445412323922,{},CPLEX Community Edition size limit
riskslim,visible,bank,10,10000,57,no_model,4.7259,0,0.351916974314064,0.27791022,0.074006754314064,0.5,0.5,0.3523298651387119,0.0,-2.06445412323922,{},CPLEX Community Edition size limit
riskslim,visible,breastcancer,3,546,9,ok,0.237,3,0.1022366992865486,0.08922706,0.013009639286548608,0.9930462355283534,0.9815074906367042,0.1858543884696121,0.8371451518377067,-10.221518750851924,"{""ClumpThickness"": 1, ""UniformityOfCellSize"": 1, ""BlandChromatin"": 1}",
riskslim,visible,breastcancer,4,546,9,ok,0.3031,4,0.0875026340014311,0.07846697,0.009035664001431104,0.9953764471646634,0.9897003745318352,0.1532070607590553,0.6866014573110213,-10.645040809506394,"{""ClumpThickness"": 1, ""UniformityOfCellShape"": 1, ""MarginalAdhesion"": 1, ""BlandChromatin"": 1}",
riskslim,visible,breastcancer,5,546,9,ok,0.3221,4,0.0875026340014311,0.07315004,0.014352594001431102,0.9953764471646634,0.9897003745318352,0.1532070607590553,0.6866014573110213,-10.645040809506394,"{""ClumpThickness"": 1, ""UniformityOfCellShape"": 1, ""MarginalAdhesion"": 1, ""BlandChromatin"": 1}",
riskslim,visible,breastcancer,7,546,9,ok,0.3704,4,0.0875026340014311,0.06746348,0.020039154001431095,0.9953764471646634,0.9897003745318352,0.1532070607590553,0.6866014573110213,-10.645040809506394,"{""ClumpThickness"": 1, ""UniformityOfCellShape"": 1, ""MarginalAdhesion"": 1, ""BlandChromatin"": 1}",
riskslim,visible,breastcancer,10,546,9,ok,0.4784,4,0.0875026340014311,0.06592425,0.021578384001431097,0.9953764471646634,0.9897003745318352,0.1532070607590553,0.6866014573110213,-10.645040809506394,"{""ClumpThickness"": 1, ""UniformityOfCellShape"": 1, ""MarginalAdhesion"": 1, ""BlandChromatin"": 1}",
riskslim,visible,mammo,3,768,14,ok,0.6517,3,0.4789162315123038,0.47233462,0.006581611512303798,0.8450317715719429,0.8503673292999135,0.4642937443665449,0.976437509704838,-1.0870988903096013,"{""IrregularShape"": 2, ""CircumscribedMargin"": -1, ""Age_geq_60"": 1}",
riskslim,visible,mammo,4,768,14,ok,2.8261,4,0.4710209167107598,0.46720672,0.0038141967107597763,0.8478714410385078,0.8455596369922211,0.4702473583323103,1.0582352895889855,-0.2083479011920354,"{""IrregularShape"": 1, ""CircumscribedMargin"": -2, ""ObscuredMargin"": -1, ""Age_geq_60"": 1}",
riskslim,visible,mammo,5,768,14,ok,5.7704,5,0.466836971400945,0.46370461,0.003132361400944972,0.8502338551325407,0.8403197925669835,0.4851970368521276,1.0238755822534162,-5.293733066697967,"{""IrregularShape"": 1, ""CircumscribedMargin"": -2, ""ObscuredMargin"": -1, ""Age_geq_30"": 5, ""Age_geq_60"": 1}",
riskslim,visible,mammo,7,768,14,ok,16.5508,7,0.4643707390643983,0.45928719,0.005083549064398285,0.8525349078215337,0.8435069144338807,0.4994595201229506,0.9130482676914458,-4.551597547444115,"{""OvalShape"": -1, ""IrregularShape"": 1, ""CircumscribedMargin"": -2, ""ObscuredMargin"": -1, ""Age_lt_30"": -5, ""Age_geq_30"": 5, ""Age_geq_60"": 1}",
riskslim,visible,mammo,10,768,14,over_limit,60.1184,7,0.4643707390643983,0.45827677,0.006093969064398297,0.8525349078215337,0.8435069144338807,0.4994595201229506,0.9130482676914458,-4.551597547444115,"{""OvalShape"": -1, ""IrregularShape"": 1, ""CircumscribedMargin"": -2, ""ObscuredMargin"": -1, ""Age_lt_30"": -5, ""Age_geq_30"": 5, ""Age_geq_60"": 1}",gap=0.00728
riskslim,visible,mushroom,3,6499,113,ok,5.4791,3,0.0680752498755952,0.06494476,0.0031304898755951938,0.9845196297478456,0.9853128991060024,0.065323380223278,6.344224451671205,28.17435286210935,"{""odor_eq_almond"": -5, ""odor_eq_anise"": -5, ""odor_eq_none"": -5}",
riskslim,visible,mushroom,4,6499,113,over_limit,60.4417,4,0.0680752498755904,0.03151661,0.036558639875590396,0.9845196297478456,0.9853128991060024,0.0653233802232457,6.183645319439203,27.37145720094933,"{""odor_eq_almond"": -5, ""odor_eq_anise"": -5, ""odor_eq_none"": -5, ""odor_eq_foul"": 5}",gap=0.0204
riskslim,visible,mushroom,5,6499,113,over_limit,60.464,5,0.0327871824386613,0.00913778,0.0236494024386613,0.9937759336099584,0.9942528735632185,0.030722865021384,6.373033339038151,27.40724796657133,"{""odor_eq_almond"": -5, ""odor_eq_anise"": -5, ""odor_eq_none"": -5, ""odor_eq_foul"": 5, ""spore_print_color_eq_green"": 5}",gap=0.317
riskslim,visible,mushroom,7,6499,113,over_limit,60.5228,7,0.0064482955480616,0.0,0.0064482955480616,0.9998532100069812,0.9995328279381028,0.0172045707807464,13.899596803443542,24.155776526891387,"{""odor_eq_almond"": -5, ""odor_eq_anise"": -5, ""odor_eq_none"": -5, ""odor_eq_foul"": 5, ""gill_size_eq_narrow"": 3, ""stalk_surface_above_ring_eq_grooves"": 3, ""spore_print_color_eq_green"": 5}",gap=0.181
riskslim,visible,mushroom,10,6499,113,over_limit,62.2331,10,0.0047531699006073,0.0,0.0047531699006073,0.9999581819205936,0.9998832069845256,0.0118536490020388,22.29505179246988,-24.68279469394509,"{""odor_eq_almond"": -5, ""odor_eq_anise"": -5, ""odor_eq_none"": -5, ""odor_eq_foul"": 5, ""gill_size_eq_narrow"": 3, ""gill_color_eq_buff"": 5, ""stalk_shape_eq_elarging"": 3, ""stalk_surface_above_ring_eq_grooves"": 2, ""spore_print_color_eq_green"": 5, ""population_eq_solitary"": -2}",gap=0.568
riskslim,visible,spambase,3,3680,57,over_limit,60.8274,3,0.4272772185472606,0.39815963,0.029117588547260598,0.8964813669398486,0.8947712708709774,0.5664584895972425,0.9748086444939876,-1.684990277828981,"{""WordFreqRemove"": 5, ""WordFreq0"": 5, ""CharFreqExcalamationMark"": 3}",gap=0.192
riskslim,visible,spambase,4,3680,57,over_limit,61.3772,4,0.3803504110084629,0.3626631,0.01768731100846288,0.923843513220968,0.9262023954106068,0.486922178601987,1.0654767581845674,-1.1979950825900454,"{""WordFreqRemove"": 5, ""WordFreq0"": 5, ""WordFreqHP"": -3, ""CharFreqExcalamationMark"": 2}",gap=0.354
riskslim,visible,spambase,5,3680,57,over_limit,62.6153,5,0.3471276291057177,0.33604553,0.011082099105717724,0.92174764187413,0.9329882401729908,0.3405629989523477,1.2419703512618268,-0.7775032638894278,"{""WordFreqRemove"": 5, ""WordFreq0"": 5, ""WordFreqHP"": -2, ""WordFreqGeorge"": -5, ""CharFreqDollarSign"": 5}",gap=0.354
riskslim,visible,spambase,7,3680,57,no_model,3.3972,0,0.67051310749885,0.29812607,0.37238703749884994,0.5,0.5,0.6705626374377532,0.0,-0.4304380290395443,{},CPLEX Community Edition size limit
riskslim,visible,spambase,10,3680,57,no_model,3.718,0,0.67051310749885,0.26602068,0.40449242749884995,0.5,0.5,0.6705626374377532,0.0,-0.4304380290395443,{},CPLEX Community Edition size limit
riskslim,visible,fico,3,8000,142,no_model,8.6693,0,0.6931471805599453,0.59185565,0.10129153055994533,0.5,0.5,0.6931471805599454,0.0,0.0,{},CPLEX Community Edition size limit
riskslim,visible,fico,4,8000,142,no_model,9.5135,0,0.6931471805599453,0.57853942,0.11460776055994526,0.5,0.5,0.6931471805599454,0.0,0.0,{},CPLEX Community Edition size limit
riskslim,visible,fico,5,8000,142,no_model,10.4031,0,0.6931471805599453,0.56952927,0.12361791055994531,0.5,0.5,0.6931471805599454,0.0,0.0,{},CPLEX Community Edition size limit
riskslim,visible,fico,7,8000,142,over_limit,75.1459,7,0.5948062051246894,0.56055096,0.03425524512468936,0.7398973750000001,0.7354989999999999,0.5971740545688674,0.8684038243674246,-2.4691937032177225,"{""ExternalRiskEstimate<=68"": 1, ""ExternalRiskEstimate<=86"": 1, ""MSinceOldestTradeOpen<=158"": 1, ""MSinceMostRecentDelq<=-7"": -1, ""MSinceMostRecentDelq<=20"": 1, ""MSinceMostRecentInqexcl7days<=-8"": -1, ""MSinceMostRecentInqexcl7days<=7"": 1}",gap=0.19
riskslim,visible,fico,10,8000,142,over_limit,75.1651,10,0.5952702250239111,0.55416962,0.04110060502391111,0.7402466562500001,0.7435280000000001,0.5926101014677948,0.8784543425401378,0.4214667164507586,"{""ExternalRiskEstimate<=68"": 1, ""ExternalRiskEstimate<=71"": -1, ""ExternalRiskEstimate<=74"": 1, ""ExternalRiskEstimate<=86"": 1, ""NumTrades90Ever2DerogPubRec<=1"": -1, ""PercentInstallTrades<=57"": -1, ""MSinceMostRecentInqexcl7days<=0"": 1, ""NumInqLast6M<=2"": -1, ""NumInqLast6Mexcl7days<=2"": 1, ""NetFractionRevolvingBurden<=59"": -1}",gap=0.284
riskslim,visible,compas,3,4222,32,ok,48.6455,3,0.6231631390013366,0.62253821,0.0006249290013365938,0.6945797460578251,0.6936646713914973,0.6259520740951625,0.9404517840648176,0.8065536773598521,"{""age<=29"": 1, ""priors_count<=2"": -1, ""priors_count<=6"": -1}",
riskslim,visible,compas,4,4222,32,over_limit,60.3761,4,0.622311063204287,0.61579658,0.006514483204286936,0.6973789694228112,0.7009372874096098,0.6209083662702962,0.8733225052878469,-0.0657500349076202,"{""age<=29"": 1, ""age<=53"": 1, ""priors_count<=2"": -1, ""priors_count<=6"": -1}",gap=0.0281
riskslim,visible,compas,5,4222,32,over_limit,60.4063,5,0.6158802080638609,0.61211833,0.0037618780638608573,0.7122728058844829,0.7253539123830641,0.6070429110412345,0.7769926926070637,0.7229450765660647,"{""age<=22"": 1, ""age<=34"": 1, ""priors_count<=0"": -1, ""priors_count<=2"": -1, ""priors_count<=10"": -1}",gap=0.025
riskslim,visible,compas,7,4222,32,over_limit,60.3627,5,0.6203704161994331,0.60822652,0.012143896199433124,0.7030485761691411,0.7056363224067121,0.620920505973611,0.8099900995123014,0.792856718565412,"{""age<=22"": 1, ""age<=39"": 1, ""juv_other_count<=0"": -1, ""priors_count<=0"": -1, ""priors_count<=4"": -1}",gap=0.0308
riskslim,visible,compas,10,4222,32,over_limit,60.3795,8,0.6201270384651796,0.60556055,0.014566488465179606,0.7021341924779358,0.71517296984051,0.6136978746716486,0.8195305033025462,0.0452410491278088,"{""age<=24"": -1, ""age<=45"": 1, ""juv_other_count<=0"": -1, ""priors_count<=1"": -1, ""priors_count<=6"": -1, ""age_cat_Greaterthan45=0"": 1, ""age_cat_Greaterthan45=1"": 1, ""age_cat_Lessthan25=1"": 2}",gap=0.0317
riskslim,visible,australian,3,552,79,over_limit,60.4224,3,0.3407873324233257,0.33798725,0.0028000824233256894,0.9182807269249164,0.890355546093251,0.4037531300474438,0.8677270644950723,0.0259886888889971,"{""A8=1"": 4, ""A10<=1"": -2, ""A14<=126"": -2}",gap=0.0997
riskslim,visible,australian,4,552,79,over_limit,61.4046,4,0.3317643400142208,0.32665632,0.005108020014220782,0.9268159838461132,0.931232701724505,0.33601620032553,1.0096126401549703,-0.7891922544534495,"{""A3<=13"": 2, ""A8=1"": 4, ""A10<=3"": -1, ""A14<=87"": -2}",gap=0.168
riskslim,visible,australian,5,552,79,no_model,3.6513,0,0.6872281204858095,0.31742252,0.3698056004858095,0.5,0.5,0.6864373466958819,0.0,-0.218253566020018,{},CPLEX Community Edition size limit
riskslim,visible,australian,7,552,79,no_model,4.1734,0,0.6872281204858095,0.30383905,0.3833890704858095,0.5,0.5,0.6864373466958819,0.0,-0.218253566020018,{},CPLEX Community Edition size limit
riskslim,visible,australian,10,552,79,no_model,4.905,0,0.6872281204858095,0.28999338,0.3972347404858095,0.5,0.5,0.6864373466958819,0.0,-0.218253566020018,{},CPLEX Community Edition size limit
riskslim,visible,heart,3,216,57,over_limit,60.3194,3,0.3965704645616352,0.39413199,0.0024384745616352066,0.8888020833333333,0.8847222222222223,0.3911319716979251,1.001384141590869,2.979275699045881,"{""chest<=3"": -2, ""number_of_major_vessels<=0"": -2, ""thal<=3"": -2}",gap=0.227
riskslim,visible,heart,4,216,57,over_limit,60.5334,4,0.3691265089949161,0.35610761,0.013018898994916095,0.9101128472222222,0.8847222222222223,0.3975163445481423,1.0358085778477408,3.736672472153928,"{""chest<=3"": -2, ""oldpeak<=0.6"": -1, ""number_of_major_vessels<=0"": -2, ""thal<=6"": -2}",gap=0.282
riskslim,visible,heart,5,216,57,over_limit,60.9959,5,0.3634383355629462,0.33644466,0.026993675562946184,0.91484375,0.8423611111111111,0.5152183093005708,0.8892798687135575,1.659880383880974,"{""sex=1"": 2, ""chest<=3"": -2, ""oldpeak<=0.6"": -2, ""number_of_major_vessels<=0"": -1, ""thal<=3"": -2}",gap=0.318
riskslim,visible,heart,7,216,57,over_limit,62.5103,7,0.3417493764465827,0.31496988,0.02677949644658273,0.9243489583333332,0.8583333333333333,0.4837490091855188,0.7779445176598482,1.7168038238742596,"{""age<=60"": -1, ""age<=63"": 2, ""sex=1"": 2, ""chest<=3"": -2, ""oldpeak<=0.6"": -2, ""number_of_major_vessels<=0"": -3, ""thal<=3"": -2}",gap=0.378
riskslim,visible,heart,10,216,57,no_model,2.826,0,0.6869615765973234,0.27914686,0.4078147165973234,0.5,0.5,0.6869615765973234,0.0,-0.2231435513142098,{},CPLEX Community Edition size limit
riskslim,visible,ionosphere,3,280,267,over_limit,61.0094,3,0.31143033673396,0.2819954,0.02943493673395997,0.8591736268598926,0.88,0.2709231662896909,1.1929672279198191,-1.842599578346216,"{""a03<=0"": 5, ""a05<=0"": 4, ""a14<=-0.79313"": 5}",gap=0.447
riskslim,visible,ionosphere,4,280,267,no_model,2.3582,0,0.6538280622890269,0.22797815,0.4258499122890269,0.5,0.5,0.6489056596522607,0.0,-0.5722652889994955,{},CPLEX Community Edition size limit
riskslim,visible,ionosphere,5,280,267,no_model,2.8201,0,0.6538280622890269,0.20648715,0.4473409122890269,0.5,0.5,0.6489056596522607,0.0,-0.5722652889994955,{},CPLEX Community Edition size limit
riskslim,visible,ionosphere,7,280,267,no_model,4.2687,0,0.6538280622890269,0.14271712,0.5111109422890269,0.5,0.5,0.6489056596522607,0.0,-0.5722652889994955,{},CPLEX Community Edition size limit
riskslim,visible,ionosphere,10,280,267,no_model,3.3893,0,0.6538280622890269,0.08583887,0.5679891922890269,0.5,0.5,0.6489056596522607,0.0,-0.5722652889994955,{},CPLEX Community Edition size limit
riskslim,visible,ilpd,3,466,79,over_limit,61.5015,3,0.5186416450087189,0.50697218,0.011669465008718904,0.7210706947549053,0.7204110559886604,0.5303373119620772,0.7491626307138328,-3.735979048378802,"{""V1<=66"": 1, ""V4<=1"": 3, ""V5<=181"": 1}",gap=0.131
riskslim,visible,ilpd,4,466,79,no_model,3.4491,0,0.5979884598402788,0.49795585,0.10003260984027884,0.5,0.5,0.602752326194736,0.0,-0.91779336175869,{},CPLEX Community Edition size limit
riskslim,visible,ilpd,5,466,79,no_model,4.0406,0,0.5979884598402788,0.49203517,0.1059532898402788,0.5,0.5,0.602752326194736,0.0,-0.91779336175869,{},CPLEX Community Edition size limit
riskslim,visible,ilpd,7,466,79,no_model,4.9409,0,0.5979884598402788,0.48346504,0.1145234198402788,0.5,0.5,0.602752326194736,0.0,-0.91779336175869,{},CPLEX Community Edition size limit
riskslim,visible,ilpd,10,466,79,no_model,6.0681,0,0.5979884598402788,0.4735486,0.12443985984027883,0.5,0.5,0.602752326194736,0.0,-0.91779336175869,{},CPLEX Community Edition size limit
riskslim,visible,magic,3,10000,90,over_limit,61.2434,3,0.4772978709029508,0.47478487,0.002513000902950757,0.8105584043754506,0.7897507753398757,0.503340990572209,0.8426580692374778,3.429408216354971,"{""fLength:<=106.655"": -4, ""fAlpha:<=11.711"": -2, ""fAlpha:<=27.106"": -1}",gap=0.192
riskslim,visible,magic,4,10000,90,no_model,5.5224,0,0.6484314793367714,0.45620114,0.19223033933677136,0.5,0.5,0.6484314793367715,0.0,-0.6120136240504989,{},CPLEX Community Edition size limit
riskslim,visible,magic,5,10000,90,no_model,6.6822,0,0.6484314793367714,0.44183376,0.20659771933677135,0.5,0.5,0.6484314793367715,0.0,-0.6120136240504989,{},CPLEX Community Edition size limit
riskslim,visible,magic,7,10000,90,no_model,7.3475,0,0.6484314793367714,0.4187976,0.22963387933677137,0.5,0.5,0.6484314793367715,0.0,-0.6120136240504989,{},CPLEX Community Edition size limit
riskslim,visible,magic,10,10000,90,no_model,11.1969,0,0.6484314793367714,0.40023123,0.24820024933677137,0.5,0.5,0.6484314793367715,0.0,-0.6120136240504989,{},CPLEX Community Edition size limit
riskslim,visible,haberman,3,244,27,ok,15.0674,3,0.4907108616593297,0.49061982,9.104165932971586e-05,0.7246239793725828,0.6012228260869564,0.5696163407406017,0.8799937314103691,0.4669318653104831,"{""Age_of_patient_at_time_of_operation<=38"": -2, ""Patients_year_of_operation=61"": -3, ""Number_of_positive_axillary_nodes_detected<=4"": -2}",
riskslim,visible,haberman,4,244,27,over_limit,60.3219,4,0.4863075448434461,0.48088484,0.005422704843446147,0.7382896433175763,0.5733695652173912,0.5997665274268963,0.903585260423932,0.5767335765923817,"{""Age_of_patient_at_time_of_operation<=38"": -2, ""Patients_year_of_operation=61"": -3, ""Patients_year_of_operation=63"": -1, ""Number_of_positive_axillary_nodes_detected<=4"": -2}",gap=0.0561
riskslim,visible,haberman,5,244,27,over_limit,60.43,5,0.4852100550848924,0.47794564,0.007264415084892395,0.7515685431886551,0.6752717391304348,0.5345763836926358,0.9992506950262968,0.2517234218643491,"{""Age_of_patient_at_time_of_operation<=38"": -1, ""Patients_year_of_operation=65"": 1, ""Patients_year_of_operation=61"": -2, ""Number_of_positive_axillary_nodes_detected<=1"": -1, ""Number_of_positive_axillary_nodes_detected<=4"": -1}",gap=0.0634
riskslim,visible,haberman,7,244,27,over_limit,60.4382,7,0.4779134270544004,0.47310031,0.004813117054400351,0.7669531585732703,0.6773097826086957,0.5363466209231377,0.913703807400918,-0.007114626782914,"{""Age_of_patient_at_time_of_operation<=38"": -2, ""Patients_year_of_operation=65"": 1, ""Patients_year_of_operation=61"": -2, ""Number_of_positive_axillary_nodes_detected<=0"": -1, ""Number_of_positive_axillary_nodes_detected<=4"": -1, ""Number_of_positive_axillary_nodes_detected<=7"": -1, ""Number_of_positive_axillary_nodes_detected<=13"": 1}",gap=0.0477
riskslim,visible,haberman,10,244,27,over_limit,60.4192,10,0.470090086044755,0.46599817,0.004091916044755006,0.7795874516544908,0.6209239130434783,0.6061116431014353,0.8743122626904778,0.6877041193334829,"{""Age_of_patient_at_time_of_operation<=38"": -2, ""Age_of_patient_at_time_of_operation<=54"": 1, ""Age_of_patient_at_time_of_operation<=58"": -1, ""Patients_year_of_operation=60"": -1, ""Patients_year_of_operation=65"": 1, ""Patients_year_of_operation=61"": -3, ""Patients_year_of_operation=63"": -1, ""Patients_year_of_operation=67"": -1, ""Patients_year_of_operation=68"": -1, ""Number_of_positive_axillary_nodes_detected<=4"": -2}",gap=0.0365
v35_scratch_rep2,visible,adult,3,10000,36,ok,0.017,3,0.4045151817726544,0.40451518,1.7726544121465793e-09,0.833363646249418,0.8246348665670107,0.4133995404102838,1.273457936353506,-1.8878878753808184,"{""HSDiploma"": -1, ""NoHS"": -2, ""Married"": 2}",
v35_scratch_rep2,visible,adult,4,10000,36,ok,0.0323,4,0.3881656387542517,0.38816564,-1.2457482823080568e-09,0.8508791876131195,0.8444253261870338,0.3933396565701211,0.6174833534190156,-2.059556991934281,"{""HSDiploma"": -2, ""NoHS"": -4, ""Married"": 4, ""AnyCapitalGains"": 3}",
v35_scratch_rep2,visible,adult,5,10000,36,ok,0.037,5,0.3772815503849721,0.37728155,3.849720542348223e-10,0.8613378000623143,0.8586250083143998,0.3780924283064259,0.6028953829843988,-1.8770822355632657,"{""Age_22_to_29"": -2, ""HSDiploma"": -2, ""NoHS"": -4, ""Married"": 4, ""AnyCapitalGains"": 3}",
v35_scratch_rep2,visible,adult,7,10000,36,ok,0.0617,7,0.3632879178831039,0.36328792,-2.116896102855037e-09,0.8753210342938361,0.8706296888839099,0.3677335991682877,0.4451722914716324,-1.6846824177804975,"{""Age_22_to_29"": -3, ""HSDiploma"": -3, ""NoHS"": -5, ""JobManagerial"": 2, ""Married"": 5, ""WorkHrsPerWeek_lt_40"": -2, ""AnyCapitalGains"": 4}",
v35_scratch_rep2,visible,adult,10,10000,36,ok,0.0887,10,0.353422725759026,0.35342273,-4.240974016411769e-09,0.8837277403824274,0.8826068006539496,0.3531684430471896,0.42897870841342,-3.1310415762581294,"{""Age_30_to_44"": 3, ""Age_45_to_59"": 4, ""Age_geq_60"": 3, ""HSDiploma"": -3, ""NoHS"": -5, ""JobManagerial"": 2, ""Married"": 5, ""WorkHrsPerWeek_lt_40"": -2, ""AnyCapitalGains"": 4, ""AnyCapitalLoss"": 3}",
v35_scratch_rep2,visible,bank,3,10000,57,ok,0.0347,3,0.2839852605047585,0.28398526,5.047584572537289e-10,0.7782679138089159,0.7726779284896623,0.2874712358331628,0.9763518212366518,-2.701897146107856,"{""call_in_Q2"": -1, ""calls_b4_campaign_successful"": 2, ""emp_var_rate_lt_n1"": 2}",
v35_scratch_rep2,visible,bank,4,10000,57,ok,0.0353,4,0.2817806150577184,0.28178062,-4.94228158398613e-09,0.7834442406839628,0.7779411200429753,0.2860696844172078,0.564640445432632,-0.7263002474966372,"{""call_in_Q2"": -2, ""calls_b4_campaign_successful"": 3, ""cons_price_idx_geq_93_5"": 1, ""euribor3m_geq_300"": -4}",
v35_scratch_rep2,visible,bank,5,10000,57,ok,0.0418,5,0.2808465895282374,0.28084659,-4.717626289618693e-10,0.7868316586143247,0.7830979925688596,0.285877924816063,0.5659967762625429,-2.9237206560425166,"{""call_in_Q2"": -2, ""called_before"": 3, ""calls_b4_campaign_failed"": -1, ""emp_var_rate_lt_n1"": 4, ""cons_price_idx_geq_93_5"": 1}",
v35_scratch_rep2,visible,bank,7,10000,57,ok,0.0874,7,0.2792380419874671,0.27923804,1.9874670798003535e-09,0.7898173601528563,0.7830508284890227,0.2856882000364573,0.4690611821174274,-2.9512131370381023,"{""age_ge_60"": 1, ""job_blue_collar"": -1, ""call_in_Q2"": -2, ""calls_b4_campaign_failed"": -1, ""calls_b4_campaign_successful"": 3, ""emp_var_rate_lt_n1"": 5, ""cons_price_idx_geq_93_5"": 1}",
v35_scratch_rep2,visible,bank,10,10000,57,ok,0.1111,10,0.2780978603622512,0.27791022,0.00018764036225121794,0.7921363365786893,0.7790882463915483,0.2864989513635875,0.4069574276197191,-0.799999544984055,"{""age_ge_60"": 2, ""job_student"": 1, ""job_blue_collar"": -1, ""credit_is_or_may_be_in_default"": -1, ""call_in_Q1"": 1, ""call_in_Q2"": -2, ""any_prior_calls_b4_campaign"": -1, ""calls_b4_campaign_successful"": 5, ""nr_employed_gt_5100"": -5, ""cons_price_idx_geq_93_5"": 1}",
v35_scratch_rep2,visible,breastcancer,3,546,9,ok,0.0198,3,0.0892270617348029,0.08922706,1.7348028985564312e-09,0.9954944325639702,0.9878277153558052,0.1427333659757157,0.1776953929065885,-7.976209104561306,"{""ClumpThickness"": 3, ""UniformityOfCellSize"": 5, ""BareNuclei"": 3}",
v35_scratch_rep2,visible,breastcancer,4,546,9,ok,0.0333,4,0.0784669747523417,0.07846697,4.752341700720031e-09,0.9961581004350712,0.9898174157303372,0.1420540362564678,0.139485099024701,-9.223883754380596,"{""ClumpThickness"": 4, ""UniformityOfCellSize"": 5, ""BareNuclei"": 3, ""BlandChromatin"": 4}",
v35_scratch_rep2,visible,breastcancer,5,546,9,ok,0.0469,5,0.073150037247422,0.07315004,-2.752577998865746e-09,0.996866012830912,0.9918071161048688,0.1301908502562339,0.1705772014732895,-10.18249596112719,"{""ClumpThickness"": 3, ""UniformityOfCellShape"": 4, ""MarginalAdhesion"": 2, ""BareNuclei"": 2, ""BlandChromatin"": 4}",
v35_scratch_rep2,visible,breastcancer,7,546,9,ok,0.0491,7,0.0674634753282834,0.06746348,-4.6717166107823616e-09,0.9968438905685422,0.992626404494382,0.1159232296564184,0.1177309068442583,-10.31144502806488,"{""ClumpThickness"": 4, ""UniformityOfCellShape"": 4, ""MarginalAdhesion"": 3, ""BareNuclei"": 3, ""BlandChromatin"": 5, ""NormalNucleoli"": 2, ""Mitoses"": 3}",
v35_scratch_rep2,visible,breastcancer,10,546,9,ok,0.0246,9,0.0659242508434398,0.06592425,8.434397902323809e-10,0.9970356168424158,0.9915730337078652,0.1283955538286715,0.1593083644991322,-10.605231943948114,"{""ClumpThickness"": 3, ""UniformityOfCellSize"": 1, ""UniformityOfCellShape"": 2, ""MarginalAdhesion"": 2, ""SingleEpithelialCellSize"": 1, ""BareNuclei"": 2, ""BlandChromatin"": 4, ""NormalNucleoli"": 1, ""Mitoses"": 2}",
v35_scratch_rep2,visible,mammo,3,768,14,ok,0.0056,3,0.472334615836568,0.47233462,-4.1634319880579085e-09,0.8467601178138977,0.8532843560933447,0.4539342006268787,0.3401502000541479,-0.6159483420508347,"{""IrregularShape"": 4, ""CircumscribedMargin"": -5, ""Age_geq_60"": 3}",
v35_scratch_rep2,visible,mammo,4,768,14,ok,0.0095,4,0.4672067158656816,0.46720672,-4.134318443149709e-09,0.8521428766226684,0.8571197061365601,0.4571945589692052,0.3955516326582812,-0.75457350141741,"{""IrregularShape"": 3, ""CircumscribedMargin"": -4, ""SpiculatedMargin"": 2, ""Age_geq_60"": 3}",
v35_scratch_rep2,visible,mammo,5,768,14,ok,0.0105,5,0.4637046145587998,0.46370461,4.558799782117262e-09,0.8545052907167013,0.8565795159896282,0.459256813808127,0.3865543616657098,-0.715414147121959,"{""IrregularShape"": 3, ""CircumscribedMargin"": -4, ""SpiculatedMargin"": 2, ""Age_lt_30"": -5, ""Age_geq_60"": 3}",
v35_scratch_rep2,visible,mammo,7,768,14,ok,0.0239,7,0.4596394638394721,0.45928719,0.0003522738394720615,0.8591312588633141,0.853338375108038,0.4594140755673905,0.5005009939513119,-0.7746960952560856,"{""LobularShape"": 1, ""IrregularShape"": 3, ""CircumscribedMargin"": -3, ""ObscuredMargin"": -1, ""SpiculatedMargin"": 1, ""Age_lt_30"": -5, ""Age_geq_60"": 2}",
v35_scratch_rep2,visible,mammo,10,768,14,ok,0.0399,9,0.4589855007826475,0.45827677,0.0007087307826474931,0.8588653594414749,0.8479364736387208,0.4758307699275153,0.53672445225212,-3.6184557206831647,"{""RoundShape"": 1, ""LobularShape"": 1, ""IrregularShape"": 3, ""CircumscribedMargin"": -3, ""ObscuredMargin"": -1, ""SpiculatedMargin"": 1, ""Age_lt_30"": -5, ""Age_geq_30"": 5, ""Age_geq_60"": 2}",
v35_scratch_rep2,visible,mushroom,3,6499,113,ok,0.0486,3,0.0649447582592105,0.06494476,-1.7407894986609662e-09,0.9874906098972488,0.9879991384619118,0.0625159537622447,31.11509414763889,27.781417966865856,"{""odor_eq_almond"": -2, ""odor_eq_anise"": -2, ""odor_eq_none"": -1}",
v35_scratch_rep2,visible,mushroom,4,6499,113,ok,0.0462,4,0.0315166123719836,0.03151661,2.371983602589278e-09,0.9949704514019868,0.9953040107024872,0.0296161297381053,20.869466363895647,79.23303994216577,"{""odor_eq_almond"": -5, ""odor_eq_anise"": -5, ""odor_eq_none"": -4, ""spore_print_color_eq_green"": 4}",
v35_scratch_rep2,visible,mushroom,5,6499,113,ok,0.081,5,0.0091377832245686,0.00913778,3.224568599982658e-09,0.9994582614792524,0.9978992425138712,0.0192466390075926,7.4336427570967265,15.783716131510417,"{""odor_eq_almond"": -5, ""odor_eq_anise"": -5, ""odor_eq_none"": -3, ""stalk_surface_below_ring_eq_scaly"": 1, ""spore_print_color_eq_green"": 5}",
v35_scratch_rep2,visible,mushroom,7,6499,113,ok,0.1073,7,3.859324379651285e-13,0.0,3.859324379651285e-13,1.0,1.0,4.027800643003416e-13,27.19310916485352,27.268252415372,"{""odor_eq_almond"": -5, ""odor_eq_anise"": -5, ""odor_eq_none"": -4, ""gill_size_eq_narrow"": 2, ""stalk_surface_below_ring_eq_scaly"": 2, ""spore_print_color_eq_green"": 5, ""population_eq_clustered"": 2}",
v35_scratch_rep2,visible,mushroom,10,6499,113,ok,0.0725,10,6.537876176643081e-13,0.0,6.537876176643081e-13,1.0,1.0,5.443428575849504e-13,49.48532338216538,23.314216610210824,"{""odor_eq_almond"": -5, ""odor_eq_anise"": -5, ""odor_eq_none"": -2, ""odor_eq_foul"": 2, ""gill_size_eq_narrow"": 1, ""gill_color_eq_buff"": 2, ""stalk_root_eq_rooted"": -2, ""stalk_surface_below_ring_eq_scaly"": 1, ""spore_print_color_eq_green"": 3, ""population_eq_clustered"": 1}",
v35_scratch_rep2,visible,spambase,3,3680,57,ok,0.2297,3,0.3981596290980609,0.39815963,-9.019390789788417e-10,0.8966010514921912,0.9099425338428272,0.3781374074785413,3.01898371962922,-0.978737787756734,"{""WordFreqRemove"": 2, ""WordFreqHP"": -1, ""CharFreqDollarSign"": 4}",
v35_scratch_rep2,visible,spambase,4,3680,57,ok,0.3117,4,0.3626630954596544,0.3626631,-4.5403455994907915e-09,0.918319622699861,0.9289029098413264,0.3464247192686613,2.833692993134494,-0.7161074802017021,"{""WordFreqRemove"": 2, ""WordFreqHP"": -1, ""WordFreqGeorge"": -2, ""CharFreqDollarSign"": 4}",
v35_scratch_rep2,visible,spambase,5,3680,57,ok,0.5788,5,0.3360455337893006,0.33604553,3.789300595524736e-09,0.9347032627184166,0.9378141137671928,0.3332152562415613,2.6973037238442608,-0.4644693864472302,"{""WordFreqRemove"": 2, ""WordFreqHP"": -1, ""WordFreqGeorge"": -3, ""WordFreqEDU"": -1, ""CharFreqDollarSign"": 4}",
v35_scratch_rep2,visible,spambase,7,3680,57,ok,0.7811,7,0.2981260710383189,0.29812607,1.038318875323796e-09,0.9497951136539352,0.9548762305360544,0.2986583608692412,1.434967844911523,-0.7835192054052498,"{""WordFreqRemove"": 3, ""WordFreqFree"": 1, ""WordFreq0"": 3, ""WordFreqHP"": -2, ""WordFreqGeorge"": -4, ""WordFreqEDU"": -2, ""CharFreqDollarSign"": 5}",
v35_scratch_rep2,visible,spambase,10,3680,57,ok,1.2994,10,0.2660206809736392,0.26602068,9.736391692882762e-10,0.9646788309880934,0.9623631229203078,0.3241908781927055,1.2864522396059606,-1.0895922974427328,"{""WordFreqRemove"": 3, ""WordFreqFree"": 1, ""WordFreqBusiness"": 1, ""WordFreq0"": 3, ""WordFreqHP"": -2, ""WordFreqGeorge"": -4, ""WordFreqMeeting"": -2, ""WordFreqEDU"": -2, ""CharFreqExcalamationMark"": 1, ""CharFreqDollarSign"": 5}",
v35_scratch_rep2,visible,fico,3,8000,142,ok,0.0785,3,0.5918556511470763,0.59185565,1.1470763228160763e-09,0.73984675,0.7414784999999999,0.5895047051438421,0.2575599994664534,-1.17906955130012,"{""ExternalRiskEstimate<=68"": 5, ""ExternalRiskEstimate<=78"": 4, ""MSinceMostRecentInqexcl7days<=-8"": -4}",
v35_scratch_rep2,visible,fico,4,8000,142,ok,0.0603,4,0.5785394194171956,0.57853942,-5.828044713496183e-10,0.7600253437500001,0.763808,0.57589963557017,0.2546831116284792,-1.688433879679196,"{""ExternalRiskEstimate<=68"": 5, ""ExternalRiskEstimate<=78"": 4, ""MSinceMostRecentInqexcl7days<=-8"": -5, ""MSinceMostRecentInqexcl7days<=0"": 3}",
v35_scratch_rep2,visible,fico,5,8000,142,ok,0.07,5,0.5695292740873528,0.56952927,4.087352789561294e-09,0.7717790937500001,0.767671,0.5756184706545506,0.3745258613044064,-1.8703892919279583,"{""ExternalRiskEstimate<=68"": 3, ""ExternalRiskEstimate<=78"": 3, ""NumSatisfactoryTrades<=13"": 2, ""MSinceMostRecentInqexcl7days<=-8"": -5, ""MSinceMostRecentInqexcl7days<=0"": 2}",
v35_scratch_rep2,visible,fico,7,8000,142,ok,0.0892,7,0.5605509559011824,0.56055096,-4.098817618647388e-09,0.7830826875,0.7739745,0.5717877816598892,0.3331178815328833,-1.2532459960208833,"{""ExternalRiskEstimate<=68"": 3, ""ExternalRiskEstimate<=78"": 3, ""AverageMInFile<=67"": 1, ""NumSatisfactoryTrades<=13"": 2, ""MSinceMostRecentInqexcl7days<=-8"": -5, ""MSinceMostRecentInqexcl7days<=0"": 2, ""NetFractionRevolvingBurden<=59"": -2}",
v35_scratch_rep2,visible,fico,10,8000,142,ok,0.1608,10,0.554169616008486,0.55416962,-3.991514008205854e-09,0.7902738437499999,0.7808244999999999,0.5655325378143042,0.3290904682200984,-1.3234669478873973,"{""ExternalRiskEstimate<=68"": 2, ""ExternalRiskEstimate<=78"": 2, ""AverageMInFile<=58"": 2, ""NumSatisfactoryTrades<=13"": 2, ""PercentTradesNeverDelq<=96"": 2, ""MSinceMostRecentDelq<=20"": 1, ""MSinceMostRecentInqexcl7days<=-8"": -5, ""MSinceMostRecentInqexcl7days<=0"": 2, ""NetFractionRevolvingBurden<=35"": -1, ""NetFractionRevolvingBurden<=59"": -2}",
v35_scratch_rep2,visible,compas,3,4222,32,ok,0.0101,3,0.6225382115397334,0.62253821,1.5397334518496564e-09,0.696625821718037,0.7012972288111494,0.6216415278243981,0.2222685448821537,0.8361545115997003,"{""age<=29"": 4, ""priors_count<=1"": -4, ""priors_count<=6"": -5}",
v35_scratch_rep2,visible,compas,4,4222,32,ok,0.018,4,0.615796584878717,0.61579658,4.878716985956544e-09,0.7142628092533243,0.7252711258607099,0.6068556889574507,0.2521682903795706,0.644943529650528,"{""age<=22"": 3, ""age<=34"": 3, ""priors_count<=1"": -4, ""priors_count<=6"": -4}",
v35_scratch_rep2,visible,compas,5,4222,32,ok,0.022,5,0.6121183269701487,0.61211833,-3.029851369795722e-09,0.7195676083208578,0.7304002908326525,0.6050475349247332,0.1954313913800911,0.5991184840060497,"{""age<=22"": 4, ""age<=34"": 4, ""priors_count<=0"": -3, ""priors_count<=2"": -4, ""priors_count<=6"": -4}",
v35_scratch_rep2,visible,compas,7,4222,32,ok,0.0347,7,0.6082265159549372,0.60822652,-4.045062840241087e-09,0.7274473415878951,0.7296174182843033,0.6073721386784094,0.162266326097582,0.9862556628542996,"{""age<=22"": 4, ""age<=29"": 3, ""age<=39"": 3, ""juv_other_count<=0"": -3, ""priors_count<=0"": -3, ""priors_count<=2"": -5, ""priors_count<=6"": -5}",
v35_scratch_rep2,visible,compas,10,4222,32,ok,0.044,10,0.6055605523836098,0.60556055,2.3836098650420467e-09,0.7307139466425984,0.7378078848763421,0.6005424443703045,0.1608611782749087,0.6897911671031091,"{""sex=1"": 2, ""age<=22"": 4, ""age<=29"": 2, ""age<=34"": 2, ""age<=45"": 2, ""juv_other_count<=0"": -3, ""priors_count<=0"": -2, ""priors_count<=1"": -2, ""priors_count<=2"": -4, ""priors_count<=6"": -5}",
v35_scratch_rep2,visible,australian,3,552,79,ok,0.0118,3,0.3379872507337162,0.33798725,7.337161989084962e-10,0.9192372070779532,0.8915265062806046,0.4014053207318512,0.7401305400640278,3.185644077288216,"{""A8=0"": -5, ""A10<=1"": -2, ""A14<=126"": -2}",
v35_scratch_rep2,visible,australian,4,552,79,ok,0.0105,4,0.3266563195115297,0.32665632,-4.88470319748302e-10,0.9275399861841754,0.9259101554183522,0.3561476386897871,0.801748830109547,-0.7130090435562162,"{""A3<=13"": 2, ""A8=1"": 5, ""A10<=1"": -2, ""A14<=126"": -2}",
v35_scratch_rep2,visible,australian,5,552,79,ok,0.0125,5,0.3174225198923188,0.31742252,-1.0768119729220871e-10,0.9358029119506882,0.944113263785395,0.3171742762853409,0.7637683933567394,-0.2482787156520447,"{""A3<=13"": 3, ""A7<=26"": -1, ""A8=1"": 5, ""A10<=3"": -2, ""A14<=87"": -2}",
v35_scratch_rep2,visible,australian,7,552,79,ok,0.0211,7,0.3038390458122755,0.30383905,-4.187724500503975e-09,0.9411299750252404,0.9490100063870556,0.3060183011960724,0.7479660376996881,3.851001215797396,"{""A3<=13"": 3, ""A3<=89"": -1, ""A5=14"": 3, ""A7<=26"": -1, ""A8=0"": -5, ""A10<=3"": -2, ""A14<=87"": -2}",
v35_scratch_rep2,visible,australian,10,552,79,ok,0.0446,10,0.2899933849774524,0.28999338,4.977452394694382e-09,0.946397258090228,0.936768149882904,0.3225062184681326,0.7526575606870761,-0.2647079211728089,"{""A3<=13"": 3, ""A3<=89"": -1, ""A4=2"": 1, ""A5=1"": -2, ""A5=14"": 3, ""A6=5"": -2, ""A7<=26"": -1, ""A8=1"": 5, ""A10<=3"": -2, ""A14<=87"": -2}",
v35_scratch_rep2,visible,heart,3,216,57,ok,0.0082,3,0.3941319873956994,0.39413199,-2.604300608499699e-09,0.8897135416666666,0.7666666666666667,0.6106437133975625,0.5283071252439957,4.108012497338872,"{""chest<=3"": -4, ""oldpeak<=1.9"": -5, ""thal<=3"": -4}",
v35_scratch_rep2,visible,heart,4,216,57,ok,0.0155,4,0.356107606733472,0.35610761,-3.2665279925403468e-09,0.9146267361111112,0.8638888888888888,0.4503914086824262,0.4170149034003905,3.664981328384554,"{""chest<=3"": -5, ""oldpeak<=0.6"": -4, ""number_of_major_vessels<=0"": -4, ""thal<=3"": -5}",
v35_scratch_rep2,visible,heart,5,216,57,ok,0.0199,5,0.336444662760278,0.33644466,2.760278006164185e-09,0.9264322916666666,0.8520833333333333,0.4921546873869096,0.6070598805190065,4.506578262167277,"{""chest<=3"": -3, ""resting_electrocardiographic_results<=0"": -2, ""oldpeak<=0.6"": -3, ""number_of_major_vessels<=0"": -3, ""thal<=3"": -4}",
v35_scratch_rep2,visible,heart,7,216,57,ok,0.0244,7,0.31675485937146,0.31496988,0.0017849793714599937,0.9362413194444444,0.8798611111111112,0.4343982441820236,0.4211772707741958,4.697350435405085,"{""sex=1"": 3, ""chest<=3"": -5, ""serum_cholestoral<=270"": -3, ""oldpeak<=0.6"": -3, ""oldpeak<=1.9"": -4, ""number_of_major_vessels<=0"": -4, ""thal<=3"": -4}",
v35_scratch_rep2,visible,heart,10,216,57,ok,0.0625,10,0.2791468625811999,0.27914686,2.581199920470567e-09,0.950390625,0.8062499999999999,0.6896138621797144,0.7018902088900044,4.468191243776229,"{""age<=60"": -5, ""age<=63"": 5, ""sex=1"": 3, ""chest<=3"": -3, ""serum_cholestoral<=270"": -2, ""resting_electrocardiographic_results<=0"": -2, ""oldpeak<=0.6"": -2, ""oldpeak<=1.9"": -2, ""number_of_major_vessels<=0"": -2, ""thal<=3"": -3}",
v35_scratch_rep2,visible,ionosphere,3,280,267,ok,0.0148,3,0.2819953997492629,0.2819954,-2.507370977511414e-10,0.8868853365783507,0.9139130434782607,0.25165276284472,3.460052568730862,1.386307346969195,"{""a03<=0"": 5, ""a05<=0"": 5, ""a22<=0.82162"": -1}",
v35_scratch_rep2,visible,ionosphere,4,280,267,ok,0.0201,4,0.2279781518735197,0.22797815,1.8735197004904336e-09,0.9309143204823276,0.9278260869565216,0.2358530306242709,4.364226052450986,-2.6646633627466487,"{""a03<=0"": 5, ""a04<=-0.59677"": 1, ""a05<=0.06704"": 1, ""a06<=-0.23067"": 1}",
v35_scratch_rep2,visible,ionosphere,5,280,267,ok,0.0235,5,0.2064871536632759,0.20648715,3.663275904841612e-09,0.9533436583881852,0.93,0.2636114149304375,1.407396015746256,2.089363554796968,"{""a03<=0"": 5, ""a05<=0.06704"": 4, ""a06<=-0.23067"": 4, ""a06<=0.78579"": -3, ""a22<=-0.03333"": -2}",
v35_scratch_rep2,visible,ionosphere,7,280,267,ok,0.0475,7,0.1427171249888677,0.14271712,4.9888677078335775e-09,0.9769622213618008,0.9382608695652174,0.341624389088985,1.8058880321041035,0.7056548377145022,"{""a03<=0"": 5, ""a05<=0"": 5, ""a06<=-0.23067"": 4, ""a07<=0.38431"": 2, ""a22<=-0.03333"": -3, ""a24<=-1"": 4, ""a32<=0.77702"": -2}",
v35_scratch_rep2,visible,ionosphere,10,280,267,ok,0.0819,10,0.0858388697905981,0.08583887,-2.0940189859874891e-10,0.9944687206150784,0.9252173913043475,0.708421078410461,2.8003019070562507,3.4257085917424166,"{""a03<=0"": 5, ""a05<=0"": 5, ""a06<=-0.23067"": 4, ""a07<=0.38431"": 2, ""a18<=0"": 1, ""a22<=-0.03333"": -3, ""a24<=-1"": 3, ""a29<=0.52798"": 2, ""a32<=0.77702"": -3, ""a33<=0.75115"": -2}",
v35_scratch_rep2,visible,ilpd,3,466,79,ok,0.0116,3,0.5069721752569345,0.50697218,-4.743065495915744e-09,0.7396306080516607,0.7462792345854004,0.5206345544278564,1.0289309449686217,-3.364175062112554,"{""V1<=24"": 1, ""V4<=1"": 2, ""V5<=206"": 1}",
v35_scratch_rep2,visible,ilpd,4,466,79,ok,0.0152,4,0.497955853529881,0.49795585,3.5298809986095137e-09,0.7567567567567567,0.7829553508150248,0.4902480149628039,0.4302191277130666,-4.130639294757999,"{""V1<=24"": 3, ""V4<=1"": 4, ""V5<=206"": 2, ""V6<=69"": 3}",
v35_scratch_rep2,visible,ilpd,5,466,79,ok,0.0147,5,0.4920351713342429,0.49203517,1.3342428828444497e-09,0.7667027930185825,0.7859673990077959,0.4890593987678145,0.3846160508844262,-5.185665377482204,"{""V1<=24"": 3, ""V1<=66"": 3, ""V4<=1"": 5, ""V5<=206"": 2, ""V6<=69"": 3}",
v35_scratch_rep2,visible,ilpd,7,466,79,ok,0.0249,7,0.4848398442158453,0.48346504,0.0013748042158452933,0.77576824945246,0.7854358610914246,0.4844209161589801,0.8508036468334766,-8.739727416698125,"{""V1<=24"": 1, ""V1<=60"": -1, ""V1<=66"": 2, ""V4<=1"": 2, ""V4<=4"": 5, ""V5<=206"": 1, ""V6<=69"": 1}",
v35_scratch_rep2,visible,ilpd,10,466,79,ok,0.0538,10,0.4744057564957534,0.4735486,0.0008571564957534084,0.7861319966583125,0.7739192062367115,0.4835426746790097,0.9554998417998616,-8.71464248817755,"{""V1<=24"": 1, ""V1<=66"": 1, ""V4<=0.6"": 1, ""V4<=4"": 5, ""V5<=206"": 1, ""V6<=69"": 1, ""V8<=6.5"": 1, ""V9<=3.1"": -1, ""V9<=4.1"": -1, ""V10<=1.3"": 1}",
v35_scratch_rep2,visible,magic,3,10000,90,ok,0.0704,3,0.4747848675643099,0.47478487,-2.4356901495714567e-09,0.8119992267655958,0.7965658356370701,0.4937867499558564,0.5738813083449863,3.1933532625539205,"{""fLength:<=106.655"": -5, ""fSize:<=2.42"": -2, ""fAlpha:<=18.205"": -4}",
v35_scratch_rep2,visible,magic,4,10000,90,ok,0.0695,4,0.4562011387276581,0.45620114,-1.272341898506113e-09,0.8308662909803708,0.8145058563689459,0.4770337972647807,1.430584705045844,3.499210863543376,"{""fLength:<=106.655"": -2, ""fSize:<=2.42"": -1, ""fAlpha:<=11.711"": -1, ""fAlpha:<=27.106"": -1}",
v35_scratch_rep2,visible,magic,5,10000,90,ok,0.0979,5,0.4418337562003961,0.44183376,-3.799603909282467e-09,0.8473369338650351,0.8292445077021656,0.4672591635795755,0.7074340463245505,3.268991292156712,"{""fLength:<=106.655"": -4, ""fWidth:<=11.1267"": 2, ""fSize:<=2.42"": -3, ""fAlpha:<=11.711"": -2, ""fAlpha:<=27.106"": -2}",
v35_scratch_rep2,visible,magic,7,10000,90,ok,0.0953,7,0.4187975978543792,0.4187976,-2.1456207921488613e-09,0.8619880546075086,0.8452481964882139,0.4467038415092813,0.364333997617722,3.86902915834007,"{""fLength:<=106.655"": -5, ""fWidth:<=11.1267"": 4, ""fWidth:<=39.6681"": -5, ""fSize:<=2.42"": -5, ""fM3Long:<=-34.8805"": 4, ""fAlpha:<=11.711"": -4, ""fAlpha:<=27.106"": -4}",
v35_scratch_rep2,visible,magic,10,10000,90,ok,0.1642,10,0.4020098369768927,0.40023123,0.0017786069768926938,0.8742697084413266,0.8539255463172146,0.4377474198271362,0.4535017223502728,3.889111547013009,"{""fLength:<=46.2915"": -2, ""fLength:<=106.655"": -4, ""fWidth:<=11.1267"": 3, ""fWidth:<=15.1087"": 2, ""fWidth:<=39.6681"": -3, ""fSize:<=2.2844"": -3, ""fSize:<=2.5289"": -3, ""fM3Long:<=-34.8805"": 3, ""fAlpha:<=11.711"": -4, ""fAlpha:<=27.106"": -3}",
v35_scratch_rep2,visible,haberman,3,244,27,ok,0.0059,3,0.4906198182007443,0.49061982,-1.7992556888835054e-09,0.7246239793725828,0.6012228260869564,0.5624556705989217,0.5954857516512759,0.4802070930966801,"{""Age_of_patient_at_time_of_operation<=38"": -3, ""Patients_year_of_operation=61"": -4, ""Number_of_positive_axillary_nodes_detected<=4"": -3}",
v35_scratch_rep2,visible,haberman,4,244,27,ok,0.0077,4,0.4808848365382481,0.48088484,-3.4617518851476348e-09,0.7464976364417705,0.5883152173913043,0.5830967868104873,0.5849235847324821,0.3151697864469728,"{""Age_of_patient_at_time_of_operation<=38"": -3, ""Patients_year_of_operation=65"": 2, ""Patients_year_of_operation=61"": -4, ""Number_of_positive_axillary_nodes_detected<=4"": -3}",
v35_scratch_rep2,visible,haberman,5,244,27,ok,0.0094,5,0.4779456368232793,0.47794564,-3.1767207198107883e-09,0.756768371293511,0.563858695652174,0.6069481159682624,0.4602605050510348,0.4816916712972366,"{""Age_of_patient_at_time_of_operation<=38"": -4, ""Patients_year_of_operation=65"": 2, ""Patients_year_of_operation=61"": -5, ""Patients_year_of_operation=63"": -2, ""Number_of_positive_axillary_nodes_detected<=4"": -4}",
v35_scratch_rep2,visible,haberman,7,244,27,ok,0.0132,7,0.4731003093016757,0.47310031,-6.983243427960417e-10,0.7781263429308123,0.626358695652174,0.5958416108011696,0.5156627639598657,0.5010117280144356,"{""Age_of_patient_at_time_of_operation<=38"": -3, ""Patients_year_of_operation=60"": -1, ""Patients_year_of_operation=65"": 2, ""Patients_year_of_operation=61"": -5, ""Patients_year_of_operation=63"": -2, ""Number_of_positive_axillary_nodes_detected<=0"": -1, ""Number_of_positive_axillary_nodes_detected<=4"": -3}",
v35_scratch_rep2,visible,haberman,10,244,27,ok,0.0248,10,0.4659981681971114,0.46599817,-1.802888616175835e-09,0.7876665234207134,0.5957880434782609,0.5981673930050901,0.4947208627429343,0.6067443679529393,"{""Age_of_patient_at_time_of_operation<=38"": -3, ""Age_of_patient_at_time_of_operation<=42"": -2, ""Age_of_patient_at_time_of_operation<=49"": 2, ""Age_of_patient_at_time_of_operation<=58"": -1, ""Patients_year_of_operation=65"": 2, ""Patients_year_of_operation=61"": -5, ""Patients_year_of_operation=63"": -2, ""Patients_year_of_operation=67"": -2, ""Number_of_positive_axillary_nodes_detected<=0"": -1, ""Number_of_positive_axillary_nodes_detected<=4"": -3}",
fasterrisk_rep2,visible,adult,3,10000,36,ok,0.6993,3,0.4045151817726544,0.40451518,1.7726544121465793e-09,0.833363646249418,0.8246348665670107,0.4133995404102838,0.6367289681767531,-1.8878878753808184,"{""HSDiploma"": -2, ""NoHS"": -4, ""Married"": 4}",
fasterrisk_rep2,visible,adult,4,10000,36,ok,1.9481,4,0.3885645272699988,0.38816564,0.0003988872699988155,0.8482208770641592,0.8416045566411925,0.3945875195211474,0.6462327889101529,-2.051026206005872,"{""HSDiploma"": -2, ""NoHS"": -4, ""Married"": 4, ""AnyCapitalGains"": 2}",
fasterrisk_rep2,visible,adult,5,10000,36,ok,3.1161,5,0.3772815503849721,0.37728155,3.849720542348223e-10,0.8613378000623143,0.8586250083143998,0.3780924283064259,0.6028953829843988,-1.8770822355632657,"{""Age_22_to_29"": -2, ""HSDiploma"": -2, ""NoHS"": -4, ""Married"": 4, ""AnyCapitalGains"": 3}",
fasterrisk_rep2,visible,adult,7,10000,36,ok,5.7833,7,0.3639463960505991,0.36328792,0.0006584760505990994,0.8740785785176912,0.8675437337431603,0.3701597139411265,0.5866735154651277,-1.7735193132792153,"{""Age_22_to_29"": -2, ""HSDiploma"": -2, ""NoHS"": -4, ""JobManagerial"": 1, ""Married"": 4, ""WorkHrsPerWeek_lt_40"": -2, ""AnyCapitalGains"": 3}",
fasterrisk_rep2,visible,adult,10,10000,36,ok,11.2541,10,0.3535980363628869,0.35342273,0.0001753063628868734,0.8836908999331348,0.8814992350752148,0.3548751077563981,0.4337099170240841,-3.1311925971355343,"{""Age_30_to_44"": 3, ""Age_45_to_59"": 4, ""Age_geq_60"": 3, ""HSDiploma"": -3, ""NoHS"": -5, ""JobManagerial"": 2, ""Married"": 5, ""WorkHrsPerWeek_lt_40"": -2, ""AnyCapitalGains"": 4, ""AnyCapitalLoss"": 2}",
fasterrisk_rep2,visible,bank,3,10000,57,ok,2.0958,3,0.2841928731865196,0.28398526,0.00020761318651957295,0.7783819035872653,0.7726779284896623,0.2880820123759359,0.529116920872521,-0.6177026003643951,"{""call_in_Q2"": -2, ""calls_b4_campaign_successful"": 3, ""euribor3m_geq_300"": -4}",
fasterrisk_rep2,visible,bank,4,10000,57,ok,3.9735,4,0.2817806150577184,0.28178062,-4.94228158398613e-09,0.7834442406839628,0.7779411200429753,0.2860696844172078,0.564640445432632,-0.7263002474966372,"{""call_in_Q2"": -2, ""calls_b4_campaign_successful"": 3, ""cons_price_idx_geq_93_5"": 1, ""euribor3m_geq_300"": -4}",
fasterrisk_rep2,visible,bank,5,10000,57,ok,5.7565,5,0.2808549989967039,0.28084659,8.408996703901384e-06,0.7868947082722353,0.7832266945494312,0.2854788696232619,0.5736007321634898,-2.925331900708428,"{""call_in_Q2"": -2, ""calls_b4_campaign_failed"": -1, ""calls_b4_campaign_successful"": 3, ""nr_employed_lt_5100"": 4, ""cons_price_idx_geq_93_5"": 1}",
fasterrisk_rep2,visible,bank,7,10000,57,ok,10.2829,7,0.2792380419874671,0.27923804,1.9874670798003535e-09,0.7898173601528563,0.7830508284890227,0.2856882000364573,0.4690611821174274,-2.9512131370381023,"{""age_ge_60"": 1, ""job_blue_collar"": -1, ""call_in_Q2"": -2, ""calls_b4_campaign_failed"": -1, ""calls_b4_campaign_successful"": 3, ""nr_employed_lt_5100"": 5, ""cons_price_idx_geq_93_5"": 1}",
fasterrisk_rep2,visible,bank,10,10000,57,ok,18.3885,10,0.2782114416290553,0.27791022,0.000301221629055326,0.7912599463337324,0.7806390652878767,0.2861493679038455,0.4013215078345217,-2.402805387561077,"{""age_ge_60"": 1, ""job_student"": 1, ""job_blue_collar"": -1, ""credit_is_or_may_be_in_default"": -1, ""call_in_Q2"": -2, ""called_before"": 3, ""calls_b4_campaign_failed"": -2, ""nr_employed_lt_5100"": 5, ""cons_price_idx_geq_93_5"": 1, ""euribor3m_geq_100"": -1}",
fasterrisk_rep2,visible,breastcancer,3,546,9,ok,0.2121,3,0.089275810989675,0.08922706,4.8750989675008793e-05,0.9954870584765136,0.9873595505617976,0.1493133175638796,0.2459512001833551,-7.902410748858931,"{""ClumpThickness"": 2, ""UniformityOfCellSize"": 4, ""BareNuclei"": 2}",
fasterrisk_rep2,visible,breastcancer,4,546,9,ok,0.3389,4,0.078529609831904,0.07846697,6.263983190400724e-05,0.9961138559103312,0.9886470037453184,0.1464622171335831,0.188945115380298,-9.323555417635752,"{""ClumpThickness"": 3, ""UniformityOfCellSize"": 4, ""BareNuclei"": 2, ""BlandChromatin"": 3}",
fasterrisk_rep2,visible,breastcancer,5,546,9,ok,0.5035,5,0.073150037247422,0.07315004,-2.752577998865746e-09,0.996866012830912,0.9918071161048688,0.1301908502562339,0.1705772014732895,-10.18249596112719,"{""ClumpThickness"": 3, ""UniformityOfCellShape"": 4, ""MarginalAdhesion"": 2, ""BareNuclei"": 2, ""BlandChromatin"": 4}",
fasterrisk_rep2,visible,breastcancer,7,546,9,ok,0.693,7,0.0677656381195354,0.06746348,0.0003021581195353923,0.9969102573556522,0.992626404494382,0.1184100503999677,0.166953540532409,-10.48717336207014,"{""ClumpThickness"": 3, ""UniformityOfCellShape"": 3, ""MarginalAdhesion"": 2, ""BareNuclei"": 2, ""BlandChromatin"": 4, ""NormalNucleoli"": 1, ""Mitoses"": 2}",
fasterrisk_rep2,visible,breastcancer,10,546,9,ok,0.688,9,0.0659948841642077,0.06592425,7.063416420770297e-05,0.9971609763291792,0.9913389513108616,0.1319735014390229,0.1485126910307397,-10.431765262995873,"{""ClumpThickness"": 3, ""UniformityOfCellSize"": 1, ""UniformityOfCellShape"": 3, ""MarginalAdhesion"": 2, ""SingleEpithelialCellSize"": 1, ""BareNuclei"": 2, ""BlandChromatin"": 4, ""NormalNucleoli"": 1, ""Mitoses"": 2}",
fasterrisk_rep2,visible,mammo,3,768,14,ok,0.2128,3,0.4724962698668487,0.47233462,0.00016164986684868987,0.8466953474419112,0.8537165082108902,0.454858504428048,0.3747903770695925,-0.783250768491045,"{""IrregularShape"": 4, ""CircumscribedMargin"": -4, ""Age_geq_60"": 3}",
fasterrisk_rep2,visible,mammo,4,768,14,ok,0.5844,4,0.4672067158656816,0.46720672,-4.134318443149709e-09,0.8521428766226684,0.8571197061365601,0.4571945589692052,0.3955516326582812,-0.75457350141741,"{""IrregularShape"": 3, ""CircumscribedMargin"": -4, ""SpiculatedMargin"": 2, ""Age_geq_60"": 3}",
fasterrisk_rep2,visible,mammo,5,768,14,ok,0.7321,5,0.4652321718049055,0.46370461,0.0015275618049054862,0.8553677593542053,0.853662489196197,0.4626455237037143,0.590211684433026,-0.5784878064419402,"{""IrregularShape"": 2, ""CircumscribedMargin"": -3, ""ObscuredMargin"": -1, ""SpiculatedMargin"": 1, ""Age_geq_60"": 2}",
fasterrisk_rep2,visible,mammo,7,768,14,ok,1.5824,7,0.4623838004419296,0.45928719,0.0030966104419296037,0.8590903512599543,0.8522039757994815,0.4614690667853437,0.3415578814394692,-0.7172991463857342,"{""OvalShape"": -1, ""IrregularShape"": 3, ""CircumscribedMargin"": -5, ""ObscuredMargin"": -1, ""SpiculatedMargin"": 2, ""Age_geq_45"": 1, ""Age_geq_60"": 3}",
fasterrisk_rep2,visible,mammo,10,768,14,ok,2.202,7,0.4619576436117494,0.45827677,0.0036808736117494023,0.8561927293552962,0.8397796024200518,0.4742985733770802,0.748709554920889,-4.427616665500684,"{""LobularShape"": 1, ""IrregularShape"": 2, ""CircumscribedMargin"": -2, ""ObscuredMargin"": -1, ""SpiculatedMargin"": 1, ""Age_geq_30"": 5, ""Age_geq_60"": 1}",
fasterrisk_rep2,visible,mushroom,3,6499,113,ok,0.8078,3,0.0680752498755952,0.06494476,0.0031304898755951938,0.9845196297478456,0.9853128991060024,0.065323380223278,6.344224451671205,28.17435286210935,"{""odor_eq_almond"": -5, ""odor_eq_anise"": -5, ""odor_eq_none"": -5}",
fasterrisk_rep2,visible,mushroom,4,6499,113,ok,1.371,4,0.0327871824386655,0.03151661,0.0012705724386654974,0.9937759336099584,0.9942528735632185,0.0307228650214149,6.529371849834725,28.18894052055421,"{""odor_eq_almond"": -5, ""odor_eq_anise"": -5, ""odor_eq_none"": -5, ""spore_print_color_eq_green"": 5}",
fasterrisk_rep2,visible,mushroom,5,6499,113,ok,2.2596,5,0.0327871824386613,0.00913778,0.0236494024386613,0.9937759336099584,0.9942528735632185,0.030722865021384,6.373033339038151,27.40724796657133,"{""odor_eq_almond"": -5, ""odor_eq_anise"": -5, ""odor_eq_none"": -5, ""odor_eq_foul"": 5, ""spore_print_color_eq_green"": 5}",
fasterrisk_rep2,visible,mushroom,7,6499,113,ok,4.8677,7,0.0058392456413103,0.0,0.0058392456413103,0.9999061226788832,0.9996390034067156,0.0156196338912558,27.067262530510625,23.870859561634138,"{""odor_eq_almond"": -4, ""odor_eq_anise"": -4, ""odor_eq_none"": -4, ""odor_eq_foul"": 3, ""gill_size_eq_narrow"": 3, ""stalk_surface_above_ring_eq_grooves"": 2, ""spore_print_color_eq_green"": 4}",
fasterrisk_rep2,visible,mushroom,10,6499,113,ok,11.4644,10,0.0067399911230665,0.0,0.0067399911230665,0.9999138983761878,0.9996299026522631,0.0217935994085768,2.7057606322296808,10.929404635173006,"{""odor_eq_almond"": -5, ""odor_eq_anise"": -5, ""odor_eq_none"": -5, ""odor_eq_foul"": 5, ""gill_spacing_eq_close"": 2, ""gill_size_eq_broad"": -5, ""stalk_surface_above_ring_eq_grooves"": 3, ""stalk_color_below_ring_eq_yellow"": 5, ""ring_number_eq_1"": -2, ""spore_print_color_eq_green"": 5}",
fasterrisk_rep2,visible,spambase,3,3680,57,ok,0.7069,2,0.4933958612671197,0.39815963,0.09523623126711972,0.7749466522344209,0.7821469830267485,0.4983040955753517,1.9207018094433,-0.3342228751201295,"{""WordFreq0"": 3, ""WordFreqHP"": -2}",
fasterrisk_rep2,visible,spambase,4,3680,57,ok,1.4121,3,0.4092376990218309,0.3626631,0.046574599021830865,0.8959270140714398,0.9103992021880584,0.403553603248144,1.577911509377605,-0.8384119504868199,"{""WordFreqRemove"": 5, ""WordFreqHP"": -3, ""CharFreqDollarSign"": 5}",
fasterrisk_rep2,visible,spambase,5,3680,57,ok,2.4319,4,0.3726360944686876,0.33604553,0.036590564468687636,0.9368529457244472,0.9358936382396794,0.4519965397882579,1.6603849732719942,-1.240486448246196,"{""WordFreqRemove"": 4, ""WordFreqHP"": -3, ""CharFreqExcalamationMark"": 1, ""CharFreqDollarSign"": 5}",
fasterrisk_rep2,visible,spambase,7,3680,57,ok,4.3629,6,0.3266948006554186,0.29812607,0.028568730655418595,0.938947734652853,0.9497541396368376,0.3215352029931423,1.3175390854741185,-1.0518436333155217,"{""WordFreqRemove"": 4, ""WordFreqFree"": 1, ""WordFreq0"": 4, ""WordFreqHP"": -3, ""WordFreqGeorge"": -1, ""CharFreqDollarSign"": 5}",
fasterrisk_rep2,visible,spambase,10,3680,57,ok,10.6644,9,0.2774500896539676,0.26602068,0.011429409653967604,0.9616166692438534,0.9576557362481116,0.3476125347238051,1.372162635244193,-1.2117433495269034,"{""WordFreqRemove"": 3, ""WordFreqFree"": 1, ""WordFreqBusiness"": 1, ""WordFreq0"": 3, ""WordFreqHP"": -2, ""WordFreqGeorge"": -2, ""WordFreqEDU"": -2, ""CharFreqExcalamationMark"": 1, ""CharFreqDollarSign"": 4}",
fasterrisk_rep2,visible,fico,3,8000,142,ok,1.3447,3,0.5919376289888503,0.59185565,8.197898885031751e-05,0.7380109062500001,0.7422095,0.5882233465384133,0.3870346074153457,-1.2151604416163662,"{""ExternalRiskEstimate<=68"": 3, ""ExternalRiskEstimate<=78"": 3, ""MSinceMostRecentInqexcl7days<=-8"": -3}",
fasterrisk_rep2,visible,fico,4,8000,142,ok,2.1589,4,0.5785818200290439,0.57853942,4.240002904387641e-05,0.7603315625,0.7661374999999999,0.5745321978295178,0.2822441437290159,-1.760062958082632,"{""ExternalRiskEstimate<=68"": 4, ""ExternalRiskEstimate<=78"": 4, ""MSinceMostRecentInqexcl7days<=-8"": -5, ""MSinceMostRecentInqexcl7days<=0"": 3}",
fasterrisk_rep2,visible,fico,5,8000,142,ok,3.0657,5,0.5695292740873528,0.56952927,4.087352789561294e-09,0.7717790937500001,0.767671,0.5756184706545506,0.3745258613044064,-1.8703892919279583,"{""ExternalRiskEstimate<=68"": 3, ""ExternalRiskEstimate<=78"": 3, ""NumSatisfactoryTrades<=13"": 2, ""MSinceMostRecentInqexcl7days<=-8"": -5, ""MSinceMostRecentInqexcl7days<=0"": 2}",
fasterrisk_rep2,visible,fico,7,8000,142,ok,5.3284,7,0.5607339511181133,0.56055096,0.00018299111811326263,0.7829862812499999,0.7746855,0.572241941907142,0.3174664147374362,-1.2539854234992809,"{""ExternalRiskEstimate<=68"": 3, ""ExternalRiskEstimate<=78"": 3, ""AverageMInFile<=58"": 2, ""NumSatisfactoryTrades<=13"": 2, ""MSinceMostRecentInqexcl7days<=-8"": -5, ""MSinceMostRecentInqexcl7days<=0"": 2, ""NetFractionRevolvingBurden<=59"": -2}",
fasterrisk_rep2,visible,fico,10,8000,142,ok,9.8452,10,0.554169616008486,0.55416962,-3.991514008205854e-09,0.7902738437499999,0.7808244999999999,0.5655325378143042,0.3290904682200984,-1.3234669478873973,"{""ExternalRiskEstimate<=68"": 2, ""ExternalRiskEstimate<=78"": 2, ""AverageMInFile<=58"": 2, ""NumSatisfactoryTrades<=13"": 2, ""PercentTradesNeverDelq<=96"": 2, ""MSinceMostRecentDelq<=20"": 1, ""MSinceMostRecentInqexcl7days<=-8"": -5, ""MSinceMostRecentInqexcl7days<=0"": 2, ""NetFractionRevolvingBurden<=35"": -1, ""NetFractionRevolvingBurden<=59"": -2}",
fasterrisk_rep2,visible,compas,3,4222,32,ok,0.6806,3,0.622636832106143,0.62253821,9.862210614297595e-05,0.696625821718037,0.7012972288111494,0.6218535595446498,0.2890575047827967,0.873557786969381,"{""age<=29"": 3, ""priors_count<=1"": -3, ""priors_count<=6"": -4}",
fasterrisk_rep2,visible,compas,4,4222,32,ok,0.989,4,0.6161707307555757,0.61579658,0.0003741507555756751,0.712040184691769,0.7235686030314266,0.6068852701397329,0.3327950864434175,0.6570104758389657,"{""age<=22"": 3, ""age<=34"": 2, ""priors_count<=1"": -3, ""priors_count<=6"": -3}",
fasterrisk_rep2,visible,compas,5,4222,32,ok,1.5659,5,0.6121285328328436,0.61211833,1.0202832843586584e-05,0.7195676083208578,0.7304002908326525,0.6049155571060412,0.266107059711269,0.5944944711601864,"{""age<=22"": 3, ""age<=34"": 3, ""priors_count<=0"": -2, ""priors_count<=2"": -3, ""priors_count<=6"": -3}",
fasterrisk_rep2,visible,compas,7,4222,32,ok,2.4452,7,0.6090275975639434,0.60822652,0.0008010775639434309,0.7242834231390756,0.7331502431404169,0.6035618113632871,0.2448596650481419,1.2358604106699576,"{""age<=22"": 3, ""age<=29"": 1, ""age<=34"": 2, ""juv_other_count<=0"": -2, ""priors_count<=0"": -2, ""priors_count<=2"": -3, ""priors_count<=6"": -4}",
fasterrisk_rep2,visible,compas,10,4222,32,ok,4.4457,10,0.6055675153118738,0.60556055,6.965311873829982e-06,0.7312202861893721,0.7402464878717744,0.5992120082336755,0.171633350639547,0.98338047175691,"{""sex=0"": -2, ""age<=22"": 4, ""age<=29"": 2, ""age<=34"": 2, ""age<=45"": 2, ""juv_other_count<=0"": -3, ""priors_count<=0"": -2, ""priors_count<=1"": -2, ""priors_count<=2"": -3, ""priors_count<=6"": -5}",
fasterrisk_rep2,visible,australian,3,552,79,ok,0.3671,3,0.3399486819674345,0.33798725,0.0019614319674344793,0.9193301982039428,0.890568447945497,0.4050886241559464,0.7106423355321746,2.926732780032689,"{""A8=0"": -5, ""A9=0"": -2, ""A14<=87"": -2}",
fasterrisk_rep2,visible,australian,4,552,79,ok,0.6451,4,0.3266563195115297,0.32665632,-4.88470319748302e-10,0.9275399861841754,0.9259101554183522,0.3561476386905328,0.8017488301160703,3.295735107012329,"{""A3<=13"": 2, ""A8=0"": -5, ""A9=0"": -2, ""A14<=126"": -2}",
fasterrisk_rep2,visible,australian,5,552,79,ok,0.9565,5,0.3200276081768639,0.31742252,0.00260508817686389,0.9347268717785218,0.9450713221205024,0.3207257327850912,1.0095064693734306,2.9741792300137453,"{""A3<=13"": 2, ""A7<=26"": -1, ""A8=0"": -4, ""A10<=3"": -1, ""A14<=87"": -1}",
fasterrisk_rep2,visible,australian,7,552,79,ok,1.7999,7,0.3041487472448329,0.30383905,0.00030969724483287386,0.9407380838514268,0.9445390674898873,0.3168594418599396,0.764824698753728,3.809281359363057,"{""A3<=13"": 3, ""A3<=89"": -1, ""A5=14"": 3, ""A7<=26"": -1, ""A8=0"": -5, ""A9=0"": -2, ""A14<=126"": -2}",
fasterrisk_rep2,visible,australian,10,552,79,ok,3.6441,10,0.2912603769672538,0.28999338,0.0012669969672537973,0.9458924491205696,0.9375133063657654,0.3045971126336413,0.756146187518132,2.860797212140036,"{""A3<=13"": 3, ""A4=2"": 1, ""A5=1"": -2, ""A5=14"": 3, ""A6=5"": -2, ""A7<=26"": -1, ""A8=0"": -5, ""A10<=3"": -2, ""A13<=30"": 1, ""A14<=87"": -2}",
fasterrisk_rep2,visible,heart,3,216,57,ok,0.2189,3,0.3946436947603277,0.39413199,0.0005117047603276914,0.8897135416666666,0.7666666666666667,0.61622405012687,0.6939297277804551,4.198478527338005,"{""chest<=3"": -3, ""oldpeak<=1.9"": -4, ""thal<=3"": -3}",
fasterrisk_rep2,visible,heart,4,216,57,ok,0.2007,4,0.356107606733472,0.35610761,-3.2665279925403468e-09,0.9146267361111112,0.8638888888888888,0.4503914086824262,0.4170149034003905,3.664981328384554,"{""chest<=3"": -5, ""oldpeak<=0.6"": -4, ""number_of_major_vessels<=0"": -4, ""thal<=3"": -5}",
fasterrisk_rep2,visible,heart,5,216,57,ok,0.4719,5,0.3365555832242781,0.33644466,0.0001109232242780811,0.9264322916666666,0.8520833333333333,0.4968000579613306,0.4648981568926066,4.601242922037374,"{""chest<=3"": -4, ""resting_electrocardiographic_results<=0"": -3, ""oldpeak<=0.6"": -4, ""number_of_major_vessels<=0"": -4, ""thal<=3"": -5}",
fasterrisk_rep2,visible,heart,7,216,57,ok,1.1355,7,0.31675485937146,0.31496988,0.0017849793714599937,0.9362413194444444,0.8798611111111112,0.4343982441820236,0.4211772707741958,4.697350435405085,"{""sex=1"": 3, ""chest<=3"": -5, ""serum_cholestoral<=270"": -3, ""oldpeak<=0.6"": -3, ""oldpeak<=1.9"": -4, ""number_of_major_vessels<=0"": -4, ""thal<=3"": -4}",
fasterrisk_rep2,visible,heart,10,216,57,ok,2.1822,10,0.2808621397904303,0.27914686,0.0017152797904302908,0.9496961805555556,0.8423611111111111,0.552731533561135,0.6271125571357087,2.016280786214176,"{""age<=58"": -3, ""age<=63"": 4, ""sex=1"": 3, ""chest<=3"": -3, ""serum_cholestoral<=270"": -2, ""resting_electrocardiographic_results<=0"": -2, ""maximum_heart_rate_achieved<=171"": 2, ""oldpeak<=0.6"": -3, ""number_of_major_vessels<=0"": -3, ""thal<=3"": -3}",
fasterrisk_rep2,visible,ionosphere,3,280,267,ok,0.2069,3,0.2834435207467495,0.2819954,0.0014481207467494928,0.8978649261574203,0.9139130434782607,0.2588889202143876,1.213708016082251,1.4266785564471136,"{""a03<=0"": 5, ""a05<=0.06704"": 4, ""a22<=0.82162"": -3}",
fasterrisk_rep2,visible,ionosphere,4,280,267,ok,0.3877,4,0.2299304529462951,0.22797815,0.0019523029462951147,0.9315227612146688,0.9339130434782608,0.2222301568462022,1.338325924821673,-2.653124242594762,"{""a03<=0"": 4, ""a04<=-0.59677"": 3, ""a05<=0.06704"": 4, ""a06<=-0.23067"": 3}",
fasterrisk_rep2,visible,ionosphere,5,280,267,ok,0.5238,5,0.2098357880912585,0.20648715,0.003348638091258488,0.9465401847447314,0.9504347826086956,0.2112344041088869,1.006573425032815,0.0277974732564706,"{""a03<=0"": 5, ""a04<=-0.59677"": 4, ""a05<=0.06704"": 5, ""a06<=-0.23067"": 4, ""a32<=0.77702"": -3}",
fasterrisk_rep2,visible,ionosphere,7,280,267,ok,1.1051,7,0.149274012005874,0.14271712,0.006556892005874004,0.9749986171801538,0.9369565217391304,0.2906260560236068,1.7295735000430896,0.2580057347591128,"{""a03<=0"": 4, ""a05<=0"": 4, ""a06<=-0.23067"": 4, ""a07<=0.38431"": 2, ""a22<=-0.03333"": -2, ""a24<=-1"": 4, ""a32<=0.77702"": -2}",
fasterrisk_rep2,visible,ionosphere,10,280,267,ok,2.5521,10,0.0954292157614939,0.08583887,0.009590345761493896,0.991813706510316,0.8869565217391304,0.662886852402435,1.5991145444621646,0.2340491011106335,"{""a03<=0"": 5, ""a05<=0.06704"": 4, ""a06<=-0.23067"": 5, ""a07<=0.38431"": 4, ""a11<=-0.31605"": -5, ""a18<=0"": 2, ""a22<=-0.03333"": -3, ""a24<=-1"": 5, ""a27<=0.94305"": -2, ""a28<=0.08968"": -3}",
fasterrisk_rep2,visible,ilpd,3,466,79,ok,0.4114,3,0.5069912743791254,0.50697218,1.9094379125395022e-05,0.7403192666350561,0.7453933380581148,0.5192172061121736,0.3746217823455201,-3.270219388330225,"{""V1<=24"": 3, ""V4<=1"": 5, ""V5<=206"": 3}",
fasterrisk_rep2,visible,ilpd,4,466,79,ok,0.6058,4,0.4979905761011173,0.49795585,3.472610111732166e-05,0.7562713089028877,0.7824238128986534,0.4934618602000788,0.3914692267951884,-4.174269579265102,"{""V1<=24"": 3, ""V4<=1"": 5, ""V5<=206"": 2, ""V6<=69"": 3}",
fasterrisk_rep2,visible,ilpd,5,466,79,ok,0.8877,5,0.4922454229144788,0.49203517,0.00021025291447879235,0.7651787125471335,0.784727143869596,0.4858338563561127,0.3459564936195483,-4.957439761527204,"{""V1<=24"": 3, ""V1<=66"": 3, ""V4<=1"": 5, ""V5<=206"": 3, ""V6<=69"": 3}",
fasterrisk_rep2,visible,ilpd,7,466,79,ok,1.6603,7,0.4869048520213855,0.48346504,0.003439812021385491,0.7696267696267696,0.7882707299787385,0.47177070774335,0.9510192830741032,-9.571276133241234,"{""V1<=24"": 1, ""V1<=66"": 1, ""V4<=0.6"": 1, ""V4<=4"": 5, ""V5<=206"": 1, ""V6<=69"": 1, ""V7<=190"": 1}",
fasterrisk_rep2,visible,ilpd,10,466,79,ok,4.9499,10,0.4745227732590144,0.4735486,0.0009741732590143881,0.7860191018085755,0.7733876683203401,0.4845964875010902,0.9552757271705232,-8.713388665249633,"{""V1<=24"": 1, ""V1<=66"": 1, ""V3<=7.7"": 5, ""V4<=0.6"": 1, ""V5<=206"": 1, ""V6<=69"": 1, ""V8<=6.5"": 1, ""V9<=3.1"": -1, ""V9<=4.1"": -1, ""V10<=1.3"": 1}",
fasterrisk_rep2,visible,magic,3,10000,90,ok,1.6669,3,0.4758201730730734,0.47478487,0.001035303073073368,0.7994673508045358,0.784561840855832,0.4940713003689636,0.5544437330796431,2.159439776522432,"{""fLength:<=106.655"": -4, ""fM3Long:<=-34.8805"": 3, ""fAlpha:<=18.205"": -4}",
fasterrisk_rep2,visible,magic,4,10000,90,ok,2.5993,4,0.4562011387276581,0.45620114,-1.272341898506113e-09,0.8308662909803708,0.8145058563689459,0.4770337972647807,0.715292352522922,3.499210863543376,"{""fLength:<=106.655"": -4, ""fSize:<=2.42"": -2, ""fAlpha:<=11.711"": -2, ""fAlpha:<=27.106"": -2}",
fasterrisk_rep2,visible,magic,5,10000,90,ok,3.5903,5,0.442774216069146,0.44183376,0.0009404560691460007,0.8452234352662263,0.829782806579458,0.4656925215805112,0.6123458643259615,3.644294011921944,"{""fLength:<=106.655"": -5, ""fWidth:<=11.1267"": 2, ""fSize:<=2.42"": -3, ""fAlpha:<=11.711"": -3, ""fAlpha:<=39.472"": -2}",
fasterrisk_rep2,visible,magic,7,10000,90,ok,6.8327,7,0.419442589762999,0.4187976,0.000644989762998982,0.8636230848104972,0.844334421862093,0.4494241949630241,0.4192504904309212,3.8020891019983583,"{""fLength:<=106.655"": -5, ""fWidth:<=12.6731"": 3, ""fWidth:<=39.6681"": -4, ""fSize:<=2.42"": -4, ""fM3Long:<=-34.8805"": 4, ""fAlpha:<=11.711"": -4, ""fAlpha:<=27.106"": -3}",
fasterrisk_rep2,visible,magic,10,10000,90,ok,14.5923,10,0.4010452265739729,0.40023123,0.0008139965739729083,0.8762153614848908,0.8559029349570729,0.4363528434988435,0.3563504486398166,3.8335356575520727,"{""fLength:<=46.2915"": -2, ""fLength:<=106.655"": -5, ""fWidth:<=11.1267"": 3, ""fWidth:<=15.1087"": 3, ""fWidth:<=39.6681"": -4, ""fSize:<=2.2844"": -4, ""fSize:<=2.5289"": -4, ""fM3Long:<=-34.8805"": 4, ""fAlpha:<=11.711"": -5, ""fAlpha:<=27.106"": -4}",
fasterrisk_rep2,visible,haberman,3,244,27,ok,0.2536,3,0.4906198182007443,0.49061982,-1.7992556888835054e-09,0.7246239793725828,0.6012228260869564,0.5624556705989217,0.5954857516512759,0.4802070930966801,"{""Age_of_patient_at_time_of_operation<=38"": -3, ""Patients_year_of_operation=61"": -4, ""Number_of_positive_axillary_nodes_detected<=4"": -3}",
fasterrisk_rep2,visible,haberman,4,244,27,ok,0.4071,4,0.4810384142754054,0.48088484,0.00015357427540541035,0.7465835840137516,0.5883152173913043,0.5752094111761259,0.4554797723706597,0.3947278855798655,"{""Age_of_patient_at_time_of_operation<=38"": -4, ""Patients_year_of_operation=65"": 2, ""Patients_year_of_operation=61"": -5, ""Number_of_positive_axillary_nodes_detected<=4"": -4}",
fasterrisk_rep2,visible,haberman,5,244,27,ok,0.6035,5,0.4779456368232793,0.47794564,-3.1767207198107883e-09,0.756768371293511,0.563858695652174,0.6069481159682624,0.4602605050510348,0.4816916712972366,"{""Age_of_patient_at_time_of_operation<=38"": -4, ""Patients_year_of_operation=65"": 2, ""Patients_year_of_operation=61"": -5, ""Patients_year_of_operation=63"": -2, ""Number_of_positive_axillary_nodes_detected<=4"": -4}",
fasterrisk_rep2,visible,haberman,7,244,27,ok,0.9429,7,0.4731003093016757,0.47310031,-6.983243427960417e-10,0.7781263429308123,0.626358695652174,0.5958416108011696,0.5156627639598657,0.5010117280144356,"{""Age_of_patient_at_time_of_operation<=38"": -3, ""Patients_year_of_operation=60"": -1, ""Patients_year_of_operation=65"": 2, ""Patients_year_of_operation=61"": -5, ""Patients_year_of_operation=63"": -2, ""Number_of_positive_axillary_nodes_detected<=0"": -1, ""Number_of_positive_axillary_nodes_detected<=4"": -3}",
fasterrisk_rep2,visible,haberman,10,244,27,ok,1.9791,10,0.4667824264328432,0.46599817,0.0007842564328431889,0.7891276321443919,0.641983695652174,0.5769642109892535,0.4913241332178028,0.4864591528699392,"{""Age_of_patient_at_time_of_operation<=38"": -3, ""Age_of_patient_at_time_of_operation<=42"": -2, ""Age_of_patient_at_time_of_operation<=49"": 1, ""Patients_year_of_operation=60"": -1, ""Patients_year_of_operation=65"": 2, ""Patients_year_of_operation=61"": -5, ""Patients_year_of_operation=63"": -2, ""Patients_year_of_operation=67"": -2, ""Number_of_positive_axillary_nodes_detected<=0"": -1, ""Number_of_positive_axillary_nodes_detected<=4"": -3}",
v35_scratch_rep3,visible,adult,3,10000,36,ok,0.0165,3,0.4045151817726544,0.40451518,1.7726544121465793e-09,0.833363646249418,0.8246348665670107,0.4133995404102838,1.273457936353506,-1.8878878753808184,"{""HSDiploma"": -1, ""NoHS"": -2, ""Married"": 2}",
v35_scratch_rep3,visible,adult,4,10000,36,ok,0.021,4,0.3881656387542517,0.38816564,-1.2457482823080568e-09,0.8508791876131195,0.8444253261870338,0.3933396565701211,0.6174833534190156,-2.059556991934281,"{""HSDiploma"": -2, ""NoHS"": -4, ""Married"": 4, ""AnyCapitalGains"": 3}",
v35_scratch_rep3,visible,adult,5,10000,36,ok,0.0352,5,0.3772815503849721,0.37728155,3.849720542348223e-10,0.8613378000623143,0.8586250083143998,0.3780924283064259,0.6028953829843988,-1.8770822355632657,"{""Age_22_to_29"": -2, ""HSDiploma"": -2, ""NoHS"": -4, ""Married"": 4, ""AnyCapitalGains"": 3}",
v35_scratch_rep3,visible,adult,7,10000,36,ok,0.04,7,0.3632879178831039,0.36328792,-2.116896102855037e-09,0.8753210342938361,0.8706296888839099,0.3677335991682877,0.4451722914716324,-1.6846824177804975,"{""Age_22_to_29"": -3, ""HSDiploma"": -3, ""NoHS"": -5, ""JobManagerial"": 2, ""Married"": 5, ""WorkHrsPerWeek_lt_40"": -2, ""AnyCapitalGains"": 4}",
v35_scratch_rep3,visible,adult,10,10000,36,ok,0.0918,10,0.353422725759026,0.35342273,-4.240974016411769e-09,0.8837277403824274,0.8826068006539496,0.3531684430471896,0.42897870841342,-3.1310415762581294,"{""Age_30_to_44"": 3, ""Age_45_to_59"": 4, ""Age_geq_60"": 3, ""HSDiploma"": -3, ""NoHS"": -5, ""JobManagerial"": 2, ""Married"": 5, ""WorkHrsPerWeek_lt_40"": -2, ""AnyCapitalGains"": 4, ""AnyCapitalLoss"": 3}",
v35_scratch_rep3,visible,bank,3,10000,57,ok,0.0341,3,0.2839852605047585,0.28398526,5.047584572537289e-10,0.7782679138089159,0.7726779284896623,0.2874712358331628,0.9763518212366518,-2.701897146107856,"{""call_in_Q2"": -1, ""calls_b4_campaign_successful"": 2, ""emp_var_rate_lt_n1"": 2}",
v35_scratch_rep3,visible,bank,4,10000,57,ok,0.0349,4,0.2817806150577184,0.28178062,-4.94228158398613e-09,0.7834442406839628,0.7779411200429753,0.2860696844172078,0.564640445432632,-0.7263002474966372,"{""call_in_Q2"": -2, ""calls_b4_campaign_successful"": 3, ""cons_price_idx_geq_93_5"": 1, ""euribor3m_geq_300"": -4}",
v35_scratch_rep3,visible,bank,5,10000,57,ok,0.0423,5,0.2808465895282374,0.28084659,-4.717626289618693e-10,0.7868316586143247,0.7830979925688596,0.285877924816063,0.5659967762625429,-2.9237206560425166,"{""call_in_Q2"": -2, ""called_before"": 3, ""calls_b4_campaign_failed"": -1, ""emp_var_rate_lt_n1"": 4, ""cons_price_idx_geq_93_5"": 1}",
v35_scratch_rep3,visible,bank,7,10000,57,ok,0.0602,7,0.2792380419874671,0.27923804,1.9874670798003535e-09,0.7898173601528563,0.7830508284890227,0.2856882000364573,0.4690611821174274,-2.9512131370381023,"{""age_ge_60"": 1, ""job_blue_collar"": -1, ""call_in_Q2"": -2, ""calls_b4_campaign_failed"": -1, ""calls_b4_campaign_successful"": 3, ""emp_var_rate_lt_n1"": 5, ""cons_price_idx_geq_93_5"": 1}",
v35_scratch_rep3,visible,bank,10,10000,57,ok,0.1693,10,0.2780978603622512,0.27791022,0.00018764036225121794,0.7921363365786893,0.7790882463915483,0.2864989513635875,0.4069574276197191,-0.799999544984055,"{""age_ge_60"": 2, ""job_student"": 1, ""job_blue_collar"": -1, ""credit_is_or_may_be_in_default"": -1, ""call_in_Q1"": 1, ""call_in_Q2"": -2, ""any_prior_calls_b4_campaign"": -1, ""calls_b4_campaign_successful"": 5, ""nr_employed_gt_5100"": -5, ""cons_price_idx_geq_93_5"": 1}",
v35_scratch_rep3,visible,breastcancer,3,546,9,ok,0.0202,3,0.0892270617348029,0.08922706,1.7348028985564312e-09,0.9954944325639702,0.9878277153558052,0.1427333659757157,0.1776953929065885,-7.976209104561306,"{""ClumpThickness"": 3, ""UniformityOfCellSize"": 5, ""BareNuclei"": 3}",
v35_scratch_rep3,visible,breastcancer,4,546,9,ok,0.0523,4,0.0784669747523417,0.07846697,4.752341700720031e-09,0.9961581004350712,0.9898174157303372,0.1420540362564678,0.139485099024701,-9.223883754380596,"{""ClumpThickness"": 4, ""UniformityOfCellSize"": 5, ""BareNuclei"": 3, ""BlandChromatin"": 4}",
v35_scratch_rep3,visible,breastcancer,5,546,9,ok,0.0683,5,0.073150037247422,0.07315004,-2.752577998865746e-09,0.996866012830912,0.9918071161048688,0.1301908502562339,0.1705772014732895,-10.18249596112719,"{""ClumpThickness"": 3, ""UniformityOfCellShape"": 4, ""MarginalAdhesion"": 2, ""BareNuclei"": 2, ""BlandChromatin"": 4}",
v35_scratch_rep3,visible,breastcancer,7,546,9,ok,0.0468,7,0.0674634753282834,0.06746348,-4.6717166107823616e-09,0.9968438905685422,0.992626404494382,0.1159232296564184,0.1177309068442583,-10.31144502806488,"{""ClumpThickness"": 4, ""UniformityOfCellShape"": 4, ""MarginalAdhesion"": 3, ""BareNuclei"": 3, ""BlandChromatin"": 5, ""NormalNucleoli"": 2, ""Mitoses"": 3}",
v35_scratch_rep3,visible,breastcancer,10,546,9,ok,0.0209,9,0.0659242508434398,0.06592425,8.434397902323809e-10,0.9970356168424158,0.9915730337078652,0.1283955538286715,0.1593083644991322,-10.605231943948114,"{""ClumpThickness"": 3, ""UniformityOfCellSize"": 1, ""UniformityOfCellShape"": 2, ""MarginalAdhesion"": 2, ""SingleEpithelialCellSize"": 1, ""BareNuclei"": 2, ""BlandChromatin"": 4, ""NormalNucleoli"": 1, ""Mitoses"": 2}",
v35_scratch_rep3,visible,mammo,3,768,14,ok,0.0056,3,0.472334615836568,0.47233462,-4.1634319880579085e-09,0.8467601178138977,0.8532843560933447,0.4539342006268787,0.3401502000541479,-0.6159483420508347,"{""IrregularShape"": 4, ""CircumscribedMargin"": -5, ""Age_geq_60"": 3}",
v35_scratch_rep3,visible,mammo,4,768,14,ok,0.0081,4,0.4672067158656816,0.46720672,-4.134318443149709e-09,0.8521428766226684,0.8571197061365601,0.4571945589692052,0.3955516326582812,-0.75457350141741,"{""IrregularShape"": 3, ""CircumscribedMargin"": -4, ""SpiculatedMargin"": 2, ""Age_geq_60"": 3}",
v35_scratch_rep3,visible,mammo,5,768,14,ok,0.0106,5,0.4637046145587998,0.46370461,4.558799782117262e-09,0.8545052907167013,0.8565795159896282,0.459256813808127,0.3865543616657098,-0.715414147121959,"{""IrregularShape"": 3, ""CircumscribedMargin"": -4, ""SpiculatedMargin"": 2, ""Age_lt_30"": -5, ""Age_geq_60"": 3}",
v35_scratch_rep3,visible,mammo,7,768,14,ok,0.0147,7,0.4596394638394721,0.45928719,0.0003522738394720615,0.8591312588633141,0.853338375108038,0.4594140755673905,0.5005009939513119,-0.7746960952560856,"{""LobularShape"": 1, ""IrregularShape"": 3, ""CircumscribedMargin"": -3, ""ObscuredMargin"": -1, ""SpiculatedMargin"": 1, ""Age_lt_30"": -5, ""Age_geq_60"": 2}",
v35_scratch_rep3,visible,mammo,10,768,14,ok,0.0263,9,0.4589855007826475,0.45827677,0.0007087307826474931,0.8588653594414749,0.8479364736387208,0.4758307699275153,0.53672445225212,-3.6184557206831647,"{""RoundShape"": 1, ""LobularShape"": 1, ""IrregularShape"": 3, ""CircumscribedMargin"": -3, ""ObscuredMargin"": -1, ""SpiculatedMargin"": 1, ""Age_lt_30"": -5, ""Age_geq_30"": 5, ""Age_geq_60"": 2}",
v35_scratch_rep3,visible,mushroom,3,6499,113,ok,0.0387,3,0.0649447582592105,0.06494476,-1.7407894986609662e-09,0.9874906098972488,0.9879991384619118,0.0625159537622447,31.11509414763889,27.781417966865856,"{""odor_eq_almond"": -2, ""odor_eq_anise"": -2, ""odor_eq_none"": -1}",
v35_scratch_rep3,visible,mushroom,4,6499,113,ok,0.0456,4,0.0315166123719836,0.03151661,2.371983602589278e-09,0.9949704514019868,0.9953040107024872,0.0296161297381053,20.869466363895647,79.23303994216577,"{""odor_eq_almond"": -5, ""odor_eq_anise"": -5, ""odor_eq_none"": -4, ""spore_print_color_eq_green"": 4}",
v35_scratch_rep3,visible,mushroom,5,6499,113,ok,0.0802,5,0.0091377832245686,0.00913778,3.224568599982658e-09,0.9994582614792524,0.9978992425138712,0.0192466390075926,7.4336427570967265,15.783716131510417,"{""odor_eq_almond"": -5, ""odor_eq_anise"": -5, ""odor_eq_none"": -3, ""stalk_surface_below_ring_eq_scaly"": 1, ""spore_print_color_eq_green"": 5}",
v35_scratch_rep3,visible,mushroom,7,6499,113,ok,0.1108,7,3.859324379651285e-13,0.0,3.859324379651285e-13,1.0,1.0,4.027800643003416e-13,27.19310916485352,27.268252415372,"{""odor_eq_almond"": -5, ""odor_eq_anise"": -5, ""odor_eq_none"": -4, ""gill_size_eq_narrow"": 2, ""stalk_surface_below_ring_eq_scaly"": 2, ""spore_print_color_eq_green"": 5, ""population_eq_clustered"": 2}",
v35_scratch_rep3,visible,mushroom,10,6499,113,ok,0.0704,10,6.537876176643081e-13,0.0,6.537876176643081e-13,1.0,1.0,5.443428575849504e-13,49.48532338216538,23.314216610210824,"{""odor_eq_almond"": -5, ""odor_eq_anise"": -5, ""odor_eq_none"": -2, ""odor_eq_foul"": 2, ""gill_size_eq_narrow"": 1, ""gill_color_eq_buff"": 2, ""stalk_root_eq_rooted"": -2, ""stalk_surface_below_ring_eq_scaly"": 1, ""spore_print_color_eq_green"": 3, ""population_eq_clustered"": 1}",
v35_scratch_rep3,visible,spambase,3,3680,57,ok,0.2193,3,0.3981596290980609,0.39815963,-9.019390789788417e-10,0.8966010514921912,0.9099425338428272,0.3781374074785413,3.01898371962922,-0.978737787756734,"{""WordFreqRemove"": 2, ""WordFreqHP"": -1, ""CharFreqDollarSign"": 4}",
v35_scratch_rep3,visible,spambase,4,3680,57,ok,0.3161,4,0.3626630954596544,0.3626631,-4.5403455994907915e-09,0.918319622699861,0.9289029098413264,0.3464247192686613,2.833692993134494,-0.7161074802017021,"{""WordFreqRemove"": 2, ""WordFreqHP"": -1, ""WordFreqGeorge"": -2, ""CharFreqDollarSign"": 4}",
v35_scratch_rep3,visible,spambase,5,3680,57,ok,0.545,5,0.3360455337893006,0.33604553,3.789300595524736e-09,0.9347032627184166,0.9378141137671928,0.3332152562415613,2.6973037238442608,-0.4644693864472302,"{""WordFreqRemove"": 2, ""WordFreqHP"": -1, ""WordFreqGeorge"": -3, ""WordFreqEDU"": -1, ""CharFreqDollarSign"": 4}",
v35_scratch_rep3,visible,spambase,7,3680,57,ok,0.7648,7,0.2981260710383189,0.29812607,1.038318875323796e-09,0.9497951136539352,0.9548762305360544,0.2986583608692412,1.434967844911523,-0.7835192054052498,"{""WordFreqRemove"": 3, ""WordFreqFree"": 1, ""WordFreq0"": 3, ""WordFreqHP"": -2, ""WordFreqGeorge"": -4, ""WordFreqEDU"": -2, ""CharFreqDollarSign"": 5}",
v35_scratch_rep3,visible,spambase,10,3680,57,ok,1.2104,10,0.2660206809736392,0.26602068,9.736391692882762e-10,0.9646788309880934,0.9623631229203078,0.3241908781927055,1.2864522396059606,-1.0895922974427328,"{""WordFreqRemove"": 3, ""WordFreqFree"": 1, ""WordFreqBusiness"": 1, ""WordFreq0"": 3, ""WordFreqHP"": -2, ""WordFreqGeorge"": -4, ""WordFreqMeeting"": -2, ""WordFreqEDU"": -2, ""CharFreqExcalamationMark"": 1, ""CharFreqDollarSign"": 5}",
v35_scratch_rep3,visible,fico,3,8000,142,ok,0.0772,3,0.5918556511470763,0.59185565,1.1470763228160763e-09,0.73984675,0.7414784999999999,0.5895047051438421,0.2575599994664534,-1.17906955130012,"{""ExternalRiskEstimate<=68"": 5, ""ExternalRiskEstimate<=78"": 4, ""MSinceMostRecentInqexcl7days<=-8"": -4}",
v35_scratch_rep3,visible,fico,4,8000,142,ok,0.0638,4,0.5785394194171956,0.57853942,-5.828044713496183e-10,0.7600253437500001,0.763808,0.57589963557017,0.2546831116284792,-1.688433879679196,"{""ExternalRiskEstimate<=68"": 5, ""ExternalRiskEstimate<=78"": 4, ""MSinceMostRecentInqexcl7days<=-8"": -5, ""MSinceMostRecentInqexcl7days<=0"": 3}",
v35_scratch_rep3,visible,fico,5,8000,142,ok,0.0736,5,0.5695292740873528,0.56952927,4.087352789561294e-09,0.7717790937500001,0.767671,0.5756184706545506,0.3745258613044064,-1.8703892919279583,"{""ExternalRiskEstimate<=68"": 3, ""ExternalRiskEstimate<=78"": 3, ""NumSatisfactoryTrades<=13"": 2, ""MSinceMostRecentInqexcl7days<=-8"": -5, ""MSinceMostRecentInqexcl7days<=0"": 2}",
v35_scratch_rep3,visible,fico,7,8000,142,ok,0.0895,7,0.5605509559011824,0.56055096,-4.098817618647388e-09,0.7830826875,0.7739745,0.5717877816598892,0.3331178815328833,-1.2532459960208833,"{""ExternalRiskEstimate<=68"": 3, ""ExternalRiskEstimate<=78"": 3, ""AverageMInFile<=67"": 1, ""NumSatisfactoryTrades<=13"": 2, ""MSinceMostRecentInqexcl7days<=-8"": -5, ""MSinceMostRecentInqexcl7days<=0"": 2, ""NetFractionRevolvingBurden<=59"": -2}",
v35_scratch_rep3,visible,fico,10,8000,142,ok,0.2157,10,0.554169616008486,0.55416962,-3.991514008205854e-09,0.7902738437499999,0.7808244999999999,0.5655325378143042,0.3290904682200984,-1.3234669478873973,"{""ExternalRiskEstimate<=68"": 2, ""ExternalRiskEstimate<=78"": 2, ""AverageMInFile<=58"": 2, ""NumSatisfactoryTrades<=13"": 2, ""PercentTradesNeverDelq<=96"": 2, ""MSinceMostRecentDelq<=20"": 1, ""MSinceMostRecentInqexcl7days<=-8"": -5, ""MSinceMostRecentInqexcl7days<=0"": 2, ""NetFractionRevolvingBurden<=35"": -1, ""NetFractionRevolvingBurden<=59"": -2}",
v35_scratch_rep3,visible,compas,3,4222,32,ok,0.0175,3,0.6225382115397334,0.62253821,1.5397334518496564e-09,0.696625821718037,0.7012972288111494,0.6216415278243981,0.2222685448821537,0.8361545115997003,"{""age<=29"": 4, ""priors_count<=1"": -4, ""priors_count<=6"": -5}",
v35_scratch_rep3,visible,compas,4,4222,32,ok,0.0186,4,0.615796584878717,0.61579658,4.878716985956544e-09,0.7142628092533243,0.7252711258607099,0.6068556889574507,0.2521682903795706,0.644943529650528,"{""age<=22"": 3, ""age<=34"": 3, ""priors_count<=1"": -4, ""priors_count<=6"": -4}",
v35_scratch_rep3,visible,compas,5,4222,32,ok,0.024,5,0.6121183269701487,0.61211833,-3.029851369795722e-09,0.7195676083208578,0.7304002908326525,0.6050475349247332,0.1954313913800911,0.5991184840060497,"{""age<=22"": 4, ""age<=34"": 4, ""priors_count<=0"": -3, ""priors_count<=2"": -4, ""priors_count<=6"": -4}",
v35_scratch_rep3,visible,compas,7,4222,32,ok,0.0367,7,0.6082265159549372,0.60822652,-4.045062840241087e-09,0.7274473415878951,0.7296174182843033,0.6073721386784094,0.162266326097582,0.9862556628542996,"{""age<=22"": 4, ""age<=29"": 3, ""age<=39"": 3, ""juv_other_count<=0"": -3, ""priors_count<=0"": -3, ""priors_count<=2"": -5, ""priors_count<=6"": -5}",
v35_scratch_rep3,visible,compas,10,4222,32,ok,0.044,10,0.6055605523836098,0.60556055,2.3836098650420467e-09,0.7307139466425984,0.7378078848763421,0.6005424443703045,0.1608611782749087,0.6897911671031091,"{""sex=1"": 2, ""age<=22"": 4, ""age<=29"": 2, ""age<=34"": 2, ""age<=45"": 2, ""juv_other_count<=0"": -3, ""priors_count<=0"": -2, ""priors_count<=1"": -2, ""priors_count<=2"": -4, ""priors_count<=6"": -5}",
v35_scratch_rep3,visible,australian,3,552,79,ok,0.0067,3,0.3379872507337162,0.33798725,7.337161989084962e-10,0.9192372070779532,0.8915265062806046,0.4014053207318512,0.7401305400640278,3.185644077288216,"{""A8=0"": -5, ""A10<=1"": -2, ""A14<=126"": -2}",
v35_scratch_rep3,visible,australian,4,552,79,ok,0.0094,4,0.3266563195115297,0.32665632,-4.88470319748302e-10,0.9275399861841754,0.9259101554183522,0.3561476386897871,0.801748830109547,-0.7130090435562162,"{""A3<=13"": 2, ""A8=1"": 5, ""A10<=1"": -2, ""A14<=126"": -2}",
v35_scratch_rep3,visible,australian,5,552,79,ok,0.0128,5,0.3174225198923188,0.31742252,-1.0768119729220871e-10,0.9358029119506882,0.944113263785395,0.3171742762853409,0.7637683933567394,-0.2482787156520447,"{""A3<=13"": 3, ""A7<=26"": -1, ""A8=1"": 5, ""A10<=3"": -2, ""A14<=87"": -2}",
v35_scratch_rep3,visible,australian,7,552,79,ok,0.0361,7,0.3038390458122755,0.30383905,-4.187724500503975e-09,0.9411299750252404,0.9490100063870556,0.3060183011960724,0.7479660376996881,3.851001215797396,"{""A3<=13"": 3, ""A3<=89"": -1, ""A5=14"": 3, ""A7<=26"": -1, ""A8=0"": -5, ""A10<=3"": -2, ""A14<=87"": -2}",
v35_scratch_rep3,visible,australian,10,552,79,ok,0.049,10,0.2899933849774524,0.28999338,4.977452394694382e-09,0.946397258090228,0.936768149882904,0.3225062184681326,0.7526575606870761,-0.2647079211728089,"{""A3<=13"": 3, ""A3<=89"": -1, ""A4=2"": 1, ""A5=1"": -2, ""A5=14"": 3, ""A6=5"": -2, ""A7<=26"": -1, ""A8=1"": 5, ""A10<=3"": -2, ""A14<=87"": -2}",
v35_scratch_rep3,visible,heart,3,216,57,ok,0.0063,3,0.3941319873956994,0.39413199,-2.604300608499699e-09,0.8897135416666666,0.7666666666666667,0.6106437133975625,0.5283071252439957,4.108012497338872,"{""chest<=3"": -4, ""oldpeak<=1.9"": -5, ""thal<=3"": -4}",
v35_scratch_rep3,visible,heart,4,216,57,ok,0.0093,4,0.356107606733472,0.35610761,-3.2665279925403468e-09,0.9146267361111112,0.8638888888888888,0.4503914086824262,0.4170149034003905,3.664981328384554,"{""chest<=3"": -5, ""oldpeak<=0.6"": -4, ""number_of_major_vessels<=0"": -4, ""thal<=3"": -5}",
v35_scratch_rep3,visible,heart,5,216,57,ok,0.0117,5,0.336444662760278,0.33644466,2.760278006164185e-09,0.9264322916666666,0.8520833333333333,0.4921546873869096,0.6070598805190065,4.506578262167277,"{""chest<=3"": -3, ""resting_electrocardiographic_results<=0"": -2, ""oldpeak<=0.6"": -3, ""number_of_major_vessels<=0"": -3, ""thal<=3"": -4}",
v35_scratch_rep3,visible,heart,7,216,57,ok,0.0245,7,0.31675485937146,0.31496988,0.0017849793714599937,0.9362413194444444,0.8798611111111112,0.4343982441820236,0.4211772707741958,4.697350435405085,"{""sex=1"": 3, ""chest<=3"": -5, ""serum_cholestoral<=270"": -3, ""oldpeak<=0.6"": -3, ""oldpeak<=1.9"": -4, ""number_of_major_vessels<=0"": -4, ""thal<=3"": -4}",
v35_scratch_rep3,visible,heart,10,216,57,ok,0.0507,10,0.2791468625811999,0.27914686,2.581199920470567e-09,0.950390625,0.8062499999999999,0.6896138621797144,0.7018902088900044,4.468191243776229,"{""age<=60"": -5, ""age<=63"": 5, ""sex=1"": 3, ""chest<=3"": -3, ""serum_cholestoral<=270"": -2, ""resting_electrocardiographic_results<=0"": -2, ""oldpeak<=0.6"": -2, ""oldpeak<=1.9"": -2, ""number_of_major_vessels<=0"": -2, ""thal<=3"": -3}",
v35_scratch_rep3,visible,ionosphere,3,280,267,ok,0.0091,3,0.2819953997492629,0.2819954,-2.507370977511414e-10,0.8868853365783507,0.9139130434782607,0.25165276284472,3.460052568730862,1.386307346969195,"{""a03<=0"": 5, ""a05<=0"": 5, ""a22<=0.82162"": -1}",
v35_scratch_rep3,visible,ionosphere,4,280,267,ok,0.011,4,0.2279781518735197,0.22797815,1.8735197004904336e-09,0.9309143204823276,0.9278260869565216,0.2358530306242709,4.364226052450986,-2.6646633627466487,"{""a03<=0"": 5, ""a04<=-0.59677"": 1, ""a05<=0.06704"": 1, ""a06<=-0.23067"": 1}",
v35_scratch_rep3,visible,ionosphere,5,280,267,ok,0.0141,5,0.2064871536632759,0.20648715,3.663275904841612e-09,0.9533436583881852,0.93,0.2636114149304375,1.407396015746256,2.089363554796968,"{""a03<=0"": 5, ""a05<=0.06704"": 4, ""a06<=-0.23067"": 4, ""a06<=0.78579"": -3, ""a22<=-0.03333"": -2}",
v35_scratch_rep3,visible,ionosphere,7,280,267,ok,0.0495,7,0.1427171249888677,0.14271712,4.9888677078335775e-09,0.9769622213618008,0.9382608695652174,0.341624389088985,1.8058880321041035,0.7056548377145022,"{""a03<=0"": 5, ""a05<=0"": 5, ""a06<=-0.23067"": 4, ""a07<=0.38431"": 2, ""a22<=-0.03333"": -3, ""a24<=-1"": 4, ""a32<=0.77702"": -2}",
v35_scratch_rep3,visible,ionosphere,10,280,267,ok,0.0622,10,0.0858388697905981,0.08583887,-2.0940189859874891e-10,0.9944687206150784,0.9252173913043475,0.708421078410461,2.8003019070562507,3.4257085917424166,"{""a03<=0"": 5, ""a05<=0"": 5, ""a06<=-0.23067"": 4, ""a07<=0.38431"": 2, ""a18<=0"": 1, ""a22<=-0.03333"": -3, ""a24<=-1"": 3, ""a29<=0.52798"": 2, ""a32<=0.77702"": -3, ""a33<=0.75115"": -2}",
v35_scratch_rep3,visible,ilpd,3,466,79,ok,0.007,3,0.5069721752569345,0.50697218,-4.743065495915744e-09,0.7396306080516607,0.7462792345854004,0.5206345544278564,1.0289309449686217,-3.364175062112554,"{""V1<=24"": 1, ""V4<=1"": 2, ""V5<=206"": 1}",
v35_scratch_rep3,visible,ilpd,4,466,79,ok,0.0099,4,0.497955853529881,0.49795585,3.5298809986095137e-09,0.7567567567567567,0.7829553508150248,0.4902480149628039,0.4302191277130666,-4.130639294757999,"{""V1<=24"": 3, ""V4<=1"": 4, ""V5<=206"": 2, ""V6<=69"": 3}",
v35_scratch_rep3,visible,ilpd,5,466,79,ok,0.0145,5,0.4920351713342429,0.49203517,1.3342428828444497e-09,0.7667027930185825,0.7859673990077959,0.4890593987678145,0.3846160508844262,-5.185665377482204,"{""V1<=24"": 3, ""V1<=66"": 3, ""V4<=1"": 5, ""V5<=206"": 2, ""V6<=69"": 3}",
v35_scratch_rep3,visible,ilpd,7,466,79,ok,0.0258,7,0.4848398442158453,0.48346504,0.0013748042158452933,0.77576824945246,0.7854358610914246,0.4844209161589801,0.8508036468334766,-8.739727416698125,"{""V1<=24"": 1, ""V1<=60"": -1, ""V1<=66"": 2, ""V4<=1"": 2, ""V4<=4"": 5, ""V5<=206"": 1, ""V6<=69"": 1}",
v35_scratch_rep3,visible,ilpd,10,466,79,ok,0.0634,10,0.4744057564957534,0.4735486,0.0008571564957534084,0.7861319966583125,0.7739192062367115,0.4835426746790097,0.9554998417998616,-8.71464248817755,"{""V1<=24"": 1, ""V1<=66"": 1, ""V4<=0.6"": 1, ""V4<=4"": 5, ""V5<=206"": 1, ""V6<=69"": 1, ""V8<=6.5"": 1, ""V9<=3.1"": -1, ""V9<=4.1"": -1, ""V10<=1.3"": 1}",
v35_scratch_rep3,visible,magic,3,10000,90,ok,0.0745,3,0.4747848675643099,0.47478487,-2.4356901495714567e-09,0.8119992267655958,0.7965658356370701,0.4937867499558564,0.5738813083449863,3.1933532625539205,"{""fLength:<=106.655"": -5, ""fSize:<=2.42"": -2, ""fAlpha:<=18.205"": -4}",
v35_scratch_rep3,visible,magic,4,10000,90,ok,0.0713,4,0.4562011387276581,0.45620114,-1.272341898506113e-09,0.8308662909803708,0.8145058563689459,0.4770337972647807,1.430584705045844,3.499210863543376,"{""fLength:<=106.655"": -2, ""fSize:<=2.42"": -1, ""fAlpha:<=11.711"": -1, ""fAlpha:<=27.106"": -1}",
v35_scratch_rep3,visible,magic,5,10000,90,ok,0.0691,5,0.4418337562003961,0.44183376,-3.799603909282467e-09,0.8473369338650351,0.8292445077021656,0.4672591635795755,0.7074340463245505,3.268991292156712,"{""fLength:<=106.655"": -4, ""fWidth:<=11.1267"": 2, ""fSize:<=2.42"": -3, ""fAlpha:<=11.711"": -2, ""fAlpha:<=27.106"": -2}",
v35_scratch_rep3,visible,magic,7,10000,90,ok,0.0977,7,0.4187975978543792,0.4187976,-2.1456207921488613e-09,0.8619880546075086,0.8452481964882139,0.4467038415092813,0.364333997617722,3.86902915834007,"{""fLength:<=106.655"": -5, ""fWidth:<=11.1267"": 4, ""fWidth:<=39.6681"": -5, ""fSize:<=2.42"": -5, ""fM3Long:<=-34.8805"": 4, ""fAlpha:<=11.711"": -4, ""fAlpha:<=27.106"": -4}",
v35_scratch_rep3,visible,magic,10,10000,90,ok,0.1564,10,0.4020098369768927,0.40023123,0.0017786069768926938,0.8742697084413266,0.8539255463172146,0.4377474198271362,0.4535017223502728,3.889111547013009,"{""fLength:<=46.2915"": -2, ""fLength:<=106.655"": -4, ""fWidth:<=11.1267"": 3, ""fWidth:<=15.1087"": 2, ""fWidth:<=39.6681"": -3, ""fSize:<=2.2844"": -3, ""fSize:<=2.5289"": -3, ""fM3Long:<=-34.8805"": 3, ""fAlpha:<=11.711"": -4, ""fAlpha:<=27.106"": -3}",
v35_scratch_rep3,visible,haberman,3,244,27,ok,0.006,3,0.4906198182007443,0.49061982,-1.7992556888835054e-09,0.7246239793725828,0.6012228260869564,0.5624556705989217,0.5954857516512759,0.4802070930966801,"{""Age_of_patient_at_time_of_operation<=38"": -3, ""Patients_year_of_operation=61"": -4, ""Number_of_positive_axillary_nodes_detected<=4"": -3}",
v35_scratch_rep3,visible,haberman,4,244,27,ok,0.0081,4,0.4808848365382481,0.48088484,-3.4617518851476348e-09,0.7464976364417705,0.5883152173913043,0.5830967868104873,0.5849235847324821,0.3151697864469728,"{""Age_of_patient_at_time_of_operation<=38"": -3, ""Patients_year_of_operation=65"": 2, ""Patients_year_of_operation=61"": -4, ""Number_of_positive_axillary_nodes_detected<=4"": -3}",
v35_scratch_rep3,visible,haberman,5,244,27,ok,0.0138,5,0.4779456368232793,0.47794564,-3.1767207198107883e-09,0.756768371293511,0.563858695652174,0.6069481159682624,0.4602605050510348,0.4816916712972366,"{""Age_of_patient_at_time_of_operation<=38"": -4, ""Patients_year_of_operation=65"": 2, ""Patients_year_of_operation=61"": -5, ""Patients_year_of_operation=63"": -2, ""Number_of_positive_axillary_nodes_detected<=4"": -4}",
v35_scratch_rep3,visible,haberman,7,244,27,ok,0.0129,7,0.4731003093016757,0.47310031,-6.983243427960417e-10,0.7781263429308123,0.626358695652174,0.5958416108011696,0.5156627639598657,0.5010117280144356,"{""Age_of_patient_at_time_of_operation<=38"": -3, ""Patients_year_of_operation=60"": -1, ""Patients_year_of_operation=65"": 2, ""Patients_year_of_operation=61"": -5, ""Patients_year_of_operation=63"": -2, ""Number_of_positive_axillary_nodes_detected<=0"": -1, ""Number_of_positive_axillary_nodes_detected<=4"": -3}",
v35_scratch_rep3,visible,haberman,10,244,27,ok,0.0247,10,0.4659981681971114,0.46599817,-1.802888616175835e-09,0.7876665234207134,0.5957880434782609,0.5981673930050901,0.4947208627429343,0.6067443679529393,"{""Age_of_patient_at_time_of_operation<=38"": -3, ""Age_of_patient_at_time_of_operation<=42"": -2, ""Age_of_patient_at_time_of_operation<=49"": 2, ""Age_of_patient_at_time_of_operation<=58"": -1, ""Patients_year_of_operation=65"": 2, ""Patients_year_of_operation=61"": -5, ""Patients_year_of_operation=63"": -2, ""Patients_year_of_operation=67"": -2, ""Number_of_positive_axillary_nodes_detected<=0"": -1, ""Number_of_positive_axillary_nodes_detected<=4"": -3}",
fasterrisk_rep3,visible,adult,3,10000,36,ok,0.6962,3,0.4045151817726544,0.40451518,1.7726544121465793e-09,0.833363646249418,0.8246348665670107,0.4133995404102838,0.6367289681767531,-1.8878878753808184,"{""HSDiploma"": -2, ""NoHS"": -4, ""Married"": 4}",
fasterrisk_rep3,visible,adult,4,10000,36,ok,1.9134,4,0.3885645272699988,0.38816564,0.0003988872699988155,0.8482208770641592,0.8416045566411925,0.3945875195211474,0.6462327889101529,-2.051026206005872,"{""HSDiploma"": -2, ""NoHS"": -4, ""Married"": 4, ""AnyCapitalGains"": 2}",
fasterrisk_rep3,visible,adult,5,10000,36,ok,3.203,5,0.3772815503849721,0.37728155,3.849720542348223e-10,0.8613378000623143,0.8586250083143998,0.3780924283064259,0.6028953829843988,-1.8770822355632657,"{""Age_22_to_29"": -2, ""HSDiploma"": -2, ""NoHS"": -4, ""Married"": 4, ""AnyCapitalGains"": 3}",
fasterrisk_rep3,visible,adult,7,10000,36,ok,5.8267,7,0.3639463960505991,0.36328792,0.0006584760505990994,0.8740785785176912,0.8675437337431603,0.3701597139411265,0.5866735154651277,-1.7735193132792153,"{""Age_22_to_29"": -2, ""HSDiploma"": -2, ""NoHS"": -4, ""JobManagerial"": 1, ""Married"": 4, ""WorkHrsPerWeek_lt_40"": -2, ""AnyCapitalGains"": 3}",
fasterrisk_rep3,visible,adult,10,10000,36,ok,11.3443,10,0.3535980363628869,0.35342273,0.0001753063628868734,0.8836908999331348,0.8814992350752148,0.3548751077563981,0.4337099170240841,-3.1311925971355343,"{""Age_30_to_44"": 3, ""Age_45_to_59"": 4, ""Age_geq_60"": 3, ""HSDiploma"": -3, ""NoHS"": -5, ""JobManagerial"": 2, ""Married"": 5, ""WorkHrsPerWeek_lt_40"": -2, ""AnyCapitalGains"": 4, ""AnyCapitalLoss"": 2}",
fasterrisk_rep3,visible,bank,3,10000,57,ok,2.1014,3,0.2841928731865196,0.28398526,0.00020761318651957295,0.7783819035872653,0.7726779284896623,0.2880820123759359,0.529116920872521,-0.6177026003643951,"{""call_in_Q2"": -2, ""calls_b4_campaign_successful"": 3, ""euribor3m_geq_300"": -4}",
fasterrisk_rep3,visible,bank,4,10000,57,ok,3.8917,4,0.2817806150577184,0.28178062,-4.94228158398613e-09,0.7834442406839628,0.7779411200429753,0.2860696844172078,0.564640445432632,-0.7263002474966372,"{""call_in_Q2"": -2, ""calls_b4_campaign_successful"": 3, ""cons_price_idx_geq_93_5"": 1, ""euribor3m_geq_300"": -4}",
fasterrisk_rep3,visible,bank,5,10000,57,ok,5.9249,5,0.2808549989967039,0.28084659,8.408996703901384e-06,0.7868947082722353,0.7832266945494312,0.2854788696232619,0.5736007321634898,-2.925331900708428,"{""call_in_Q2"": -2, ""calls_b4_campaign_failed"": -1, ""calls_b4_campaign_successful"": 3, ""nr_employed_lt_5100"": 4, ""cons_price_idx_geq_93_5"": 1}",
fasterrisk_rep3,visible,bank,7,10000,57,ok,10.4026,7,0.2792380419874671,0.27923804,1.9874670798003535e-09,0.7898173601528563,0.7830508284890227,0.2856882000364573,0.4690611821174274,-2.9512131370381023,"{""age_ge_60"": 1, ""job_blue_collar"": -1, ""call_in_Q2"": -2, ""calls_b4_campaign_failed"": -1, ""calls_b4_campaign_successful"": 3, ""nr_employed_lt_5100"": 5, ""cons_price_idx_geq_93_5"": 1}",
fasterrisk_rep3,visible,bank,10,10000,57,ok,18.5561,10,0.2782114416290553,0.27791022,0.000301221629055326,0.7912599463337324,0.7806390652878767,0.2861493679038455,0.4013215078345217,-2.402805387561077,"{""age_ge_60"": 1, ""job_student"": 1, ""job_blue_collar"": -1, ""credit_is_or_may_be_in_default"": -1, ""call_in_Q2"": -2, ""called_before"": 3, ""calls_b4_campaign_failed"": -2, ""nr_employed_lt_5100"": 5, ""cons_price_idx_geq_93_5"": 1, ""euribor3m_geq_100"": -1}",
fasterrisk_rep3,visible,breastcancer,3,546,9,ok,0.2114,3,0.089275810989675,0.08922706,4.8750989675008793e-05,0.9954870584765136,0.9873595505617976,0.1493133175638796,0.2459512001833551,-7.902410748858931,"{""ClumpThickness"": 2, ""UniformityOfCellSize"": 4, ""BareNuclei"": 2}",
fasterrisk_rep3,visible,breastcancer,4,546,9,ok,0.3635,4,0.078529609831904,0.07846697,6.263983190400724e-05,0.9961138559103312,0.9886470037453184,0.1464622171335831,0.188945115380298,-9.323555417635752,"{""ClumpThickness"": 3, ""UniformityOfCellSize"": 4, ""BareNuclei"": 2, ""BlandChromatin"": 3}",
fasterrisk_rep3,visible,breastcancer,5,546,9,ok,0.5782,5,0.073150037247422,0.07315004,-2.752577998865746e-09,0.996866012830912,0.9918071161048688,0.1301908502562339,0.1705772014732895,-10.18249596112719,"{""ClumpThickness"": 3, ""UniformityOfCellShape"": 4, ""MarginalAdhesion"": 2, ""BareNuclei"": 2, ""BlandChromatin"": 4}",
fasterrisk_rep3,visible,breastcancer,7,546,9,ok,0.6848,7,0.0677656381195354,0.06746348,0.0003021581195353923,0.9969102573556522,0.992626404494382,0.1184100503999677,0.166953540532409,-10.48717336207014,"{""ClumpThickness"": 3, ""UniformityOfCellShape"": 3, ""MarginalAdhesion"": 2, ""BareNuclei"": 2, ""BlandChromatin"": 4, ""NormalNucleoli"": 1, ""Mitoses"": 2}",
fasterrisk_rep3,visible,breastcancer,10,546,9,ok,0.6984,9,0.0659948841642077,0.06592425,7.063416420770297e-05,0.9971609763291792,0.9913389513108616,0.1319735014390229,0.1485126910307397,-10.431765262995873,"{""ClumpThickness"": 3, ""UniformityOfCellSize"": 1, ""UniformityOfCellShape"": 3, ""MarginalAdhesion"": 2, ""SingleEpithelialCellSize"": 1, ""BareNuclei"": 2, ""BlandChromatin"": 4, ""NormalNucleoli"": 1, ""Mitoses"": 2}",
fasterrisk_rep3,visible,mammo,3,768,14,ok,0.202,3,0.4724962698668487,0.47233462,0.00016164986684868987,0.8466953474419112,0.8537165082108902,0.454858504428048,0.3747903770695925,-0.783250768491045,"{""IrregularShape"": 4, ""CircumscribedMargin"": -4, ""Age_geq_60"": 3}",
fasterrisk_rep3,visible,mammo,4,768,14,ok,0.4588,4,0.4672067158656816,0.46720672,-4.134318443149709e-09,0.8521428766226684,0.8571197061365601,0.4571945589692052,0.3955516326582812,-0.75457350141741,"{""IrregularShape"": 3, ""CircumscribedMargin"": -4, ""SpiculatedMargin"": 2, ""Age_geq_60"": 3}",
fasterrisk_rep3,visible,mammo,5,768,14,ok,0.7439,5,0.4652321718049055,0.46370461,0.0015275618049054862,0.8553677593542053,0.853662489196197,0.4626455237037143,0.590211684433026,-0.5784878064419402,"{""IrregularShape"": 2, ""CircumscribedMargin"": -3, ""ObscuredMargin"": -1, ""SpiculatedMargin"": 1, ""Age_geq_60"": 2}",
fasterrisk_rep3,visible,mammo,7,768,14,ok,1.7179,7,0.4623838004419296,0.45928719,0.0030966104419296037,0.8590903512599543,0.8522039757994815,0.4614690667853437,0.3415578814394692,-0.7172991463857342,"{""OvalShape"": -1, ""IrregularShape"": 3, ""CircumscribedMargin"": -5, ""ObscuredMargin"": -1, ""SpiculatedMargin"": 2, ""Age_geq_45"": 1, ""Age_geq_60"": 3}",
fasterrisk_rep3,visible,mammo,10,768,14,ok,2.1068,7,0.4619576436117494,0.45827677,0.0036808736117494023,0.8561927293552962,0.8397796024200518,0.4742985733770802,0.748709554920889,-4.427616665500684,"{""LobularShape"": 1, ""IrregularShape"": 2, ""CircumscribedMargin"": -2, ""ObscuredMargin"": -1, ""SpiculatedMargin"": 1, ""Age_geq_30"": 5, ""Age_geq_60"": 1}",
fasterrisk_rep3,visible,mushroom,3,6499,113,ok,0.7265,3,0.0680752498755952,0.06494476,0.0031304898755951938,0.9845196297478456,0.9853128991060024,0.065323380223278,6.344224451671205,28.17435286210935,"{""odor_eq_almond"": -5, ""odor_eq_anise"": -5, ""odor_eq_none"": -5}",
fasterrisk_rep3,visible,mushroom,4,6499,113,ok,1.4215,4,0.0327871824386655,0.03151661,0.0012705724386654974,0.9937759336099584,0.9942528735632185,0.0307228650214149,6.529371849834725,28.18894052055421,"{""odor_eq_almond"": -5, ""odor_eq_anise"": -5, ""odor_eq_none"": -5, ""spore_print_color_eq_green"": 5}",
fasterrisk_rep3,visible,mushroom,5,6499,113,ok,2.3623,5,0.0327871824386613,0.00913778,0.0236494024386613,0.9937759336099584,0.9942528735632185,0.030722865021384,6.373033339038151,27.40724796657133,"{""odor_eq_almond"": -5, ""odor_eq_anise"": -5, ""odor_eq_none"": -5, ""odor_eq_foul"": 5, ""spore_print_color_eq_green"": 5}",
fasterrisk_rep3,visible,mushroom,7,6499,113,ok,4.931,7,0.0058392456413103,0.0,0.0058392456413103,0.9999061226788832,0.9996390034067156,0.0156196338912558,27.067262530510625,23.870859561634138,"{""odor_eq_almond"": -4, ""odor_eq_anise"": -4, ""odor_eq_none"": -4, ""odor_eq_foul"": 3, ""gill_size_eq_narrow"": 3, ""stalk_surface_above_ring_eq_grooves"": 2, ""spore_print_color_eq_green"": 4}",
fasterrisk_rep3,visible,mushroom,10,6499,113,ok,11.5208,10,0.0067399911230665,0.0,0.0067399911230665,0.9999138983761878,0.9996299026522631,0.0217935994085768,2.7057606322296808,10.929404635173006,"{""odor_eq_almond"": -5, ""odor_eq_anise"": -5, ""odor_eq_none"": -5, ""odor_eq_foul"": 5, ""gill_spacing_eq_close"": 2, ""gill_size_eq_broad"": -5, ""stalk_surface_above_ring_eq_grooves"": 3, ""stalk_color_below_ring_eq_yellow"": 5, ""ring_number_eq_1"": -2, ""spore_print_color_eq_green"": 5}",
fasterrisk_rep3,visible,spambase,3,3680,57,ok,0.738,2,0.4933958612671197,0.39815963,0.09523623126711972,0.7749466522344209,0.7821469830267485,0.4983040955753517,1.9207018094433,-0.3342228751201295,"{""WordFreq0"": 3, ""WordFreqHP"": -2}",
fasterrisk_rep3,visible,spambase,4,3680,57,ok,1.5567,3,0.4092376990218309,0.3626631,0.046574599021830865,0.8959270140714398,0.9103992021880584,0.403553603248144,1.577911509377605,-0.8384119504868199,"{""WordFreqRemove"": 5, ""WordFreqHP"": -3, ""CharFreqDollarSign"": 5}",
fasterrisk_rep3,visible,spambase,5,3680,57,ok,2.3771,4,0.3726360944686876,0.33604553,0.036590564468687636,0.9368529457244472,0.9358936382396794,0.4519965397882579,1.6603849732719942,-1.240486448246196,"{""WordFreqRemove"": 4, ""WordFreqHP"": -3, ""CharFreqExcalamationMark"": 1, ""CharFreqDollarSign"": 5}",
fasterrisk_rep3,visible,spambase,7,3680,57,ok,4.4046,6,0.3266948006554186,0.29812607,0.028568730655418595,0.938947734652853,0.9497541396368376,0.3215352029931423,1.3175390854741185,-1.0518436333155217,"{""WordFreqRemove"": 4, ""WordFreqFree"": 1, ""WordFreq0"": 4, ""WordFreqHP"": -3, ""WordFreqGeorge"": -1, ""CharFreqDollarSign"": 5}",
fasterrisk_rep3,visible,spambase,10,3680,57,ok,10.6517,9,0.2774500896539676,0.26602068,0.011429409653967604,0.9616166692438534,0.9576557362481116,0.3476125347238051,1.372162635244193,-1.2117433495269034,"{""WordFreqRemove"": 3, ""WordFreqFree"": 1, ""WordFreqBusiness"": 1, ""WordFreq0"": 3, ""WordFreqHP"": -2, ""WordFreqGeorge"": -2, ""WordFreqEDU"": -2, ""CharFreqExcalamationMark"": 1, ""CharFreqDollarSign"": 4}",
fasterrisk_rep3,visible,fico,3,8000,142,ok,1.3554,3,0.5919376289888503,0.59185565,8.197898885031751e-05,0.7380109062500001,0.7422095,0.5882233465384133,0.3870346074153457,-1.2151604416163662,"{""ExternalRiskEstimate<=68"": 3, ""ExternalRiskEstimate<=78"": 3, ""MSinceMostRecentInqexcl7days<=-8"": -3}",
fasterrisk_rep3,visible,fico,4,8000,142,ok,2.1695,4,0.5785818200290439,0.57853942,4.240002904387641e-05,0.7603315625,0.7661374999999999,0.5745321978295178,0.2822441437290159,-1.760062958082632,"{""ExternalRiskEstimate<=68"": 4, ""ExternalRiskEstimate<=78"": 4, ""MSinceMostRecentInqexcl7days<=-8"": -5, ""MSinceMostRecentInqexcl7days<=0"": 3}",
fasterrisk_rep3,visible,fico,5,8000,142,ok,3.0601,5,0.5695292740873528,0.56952927,4.087352789561294e-09,0.7717790937500001,0.767671,0.5756184706545506,0.3745258613044064,-1.8703892919279583,"{""ExternalRiskEstimate<=68"": 3, ""ExternalRiskEstimate<=78"": 3, ""NumSatisfactoryTrades<=13"": 2, ""MSinceMostRecentInqexcl7days<=-8"": -5, ""MSinceMostRecentInqexcl7days<=0"": 2}",
fasterrisk_rep3,visible,fico,7,8000,142,ok,5.4631,7,0.5607339511181133,0.56055096,0.00018299111811326263,0.7829862812499999,0.7746855,0.572241941907142,0.3174664147374362,-1.2539854234992809,"{""ExternalRiskEstimate<=68"": 3, ""ExternalRiskEstimate<=78"": 3, ""AverageMInFile<=58"": 2, ""NumSatisfactoryTrades<=13"": 2, ""MSinceMostRecentInqexcl7days<=-8"": -5, ""MSinceMostRecentInqexcl7days<=0"": 2, ""NetFractionRevolvingBurden<=59"": -2}",
fasterrisk_rep3,visible,fico,10,8000,142,ok,9.7072,10,0.554169616008486,0.55416962,-3.991514008205854e-09,0.7902738437499999,0.7808244999999999,0.5655325378143042,0.3290904682200984,-1.3234669478873973,"{""ExternalRiskEstimate<=68"": 2, ""ExternalRiskEstimate<=78"": 2, ""AverageMInFile<=58"": 2, ""NumSatisfactoryTrades<=13"": 2, ""PercentTradesNeverDelq<=96"": 2, ""MSinceMostRecentDelq<=20"": 1, ""MSinceMostRecentInqexcl7days<=-8"": -5, ""MSinceMostRecentInqexcl7days<=0"": 2, ""NetFractionRevolvingBurden<=35"": -1, ""NetFractionRevolvingBurden<=59"": -2}",
fasterrisk_rep3,visible,compas,3,4222,32,ok,0.7027,3,0.622636832106143,0.62253821,9.862210614297595e-05,0.696625821718037,0.7012972288111494,0.6218535595446498,0.2890575047827967,0.873557786969381,"{""age<=29"": 3, ""priors_count<=1"": -3, ""priors_count<=6"": -4}",
fasterrisk_rep3,visible,compas,4,4222,32,ok,1.0435,4,0.6161707307555757,0.61579658,0.0003741507555756751,0.712040184691769,0.7235686030314266,0.6068852701397329,0.3327950864434175,0.6570104758389657,"{""age<=22"": 3, ""age<=34"": 2, ""priors_count<=1"": -3, ""priors_count<=6"": -3}",
fasterrisk_rep3,visible,compas,5,4222,32,ok,1.5304,5,0.6121285328328436,0.61211833,1.0202832843586584e-05,0.7195676083208578,0.7304002908326525,0.6049155571060412,0.266107059711269,0.5944944711601864,"{""age<=22"": 3, ""age<=34"": 3, ""priors_count<=0"": -2, ""priors_count<=2"": -3, ""priors_count<=6"": -3}",
fasterrisk_rep3,visible,compas,7,4222,32,ok,2.4081,7,0.6090275975639434,0.60822652,0.0008010775639434309,0.7242834231390756,0.7331502431404169,0.6035618113632871,0.2448596650481419,1.2358604106699576,"{""age<=22"": 3, ""age<=29"": 1, ""age<=34"": 2, ""juv_other_count<=0"": -2, ""priors_count<=0"": -2, ""priors_count<=2"": -3, ""priors_count<=6"": -4}",
fasterrisk_rep3,visible,compas,10,4222,32,ok,4.583,10,0.6055675153118738,0.60556055,6.965311873829982e-06,0.7312202861893721,0.7402464878717744,0.5992120082336755,0.171633350639547,0.98338047175691,"{""sex=0"": -2, ""age<=22"": 4, ""age<=29"": 2, ""age<=34"": 2, ""age<=45"": 2, ""juv_other_count<=0"": -3, ""priors_count<=0"": -2, ""priors_count<=1"": -2, ""priors_count<=2"": -3, ""priors_count<=6"": -5}",
fasterrisk_rep3,visible,australian,3,552,79,ok,0.3637,3,0.3399486819674345,0.33798725,0.0019614319674344793,0.9193301982039428,0.890568447945497,0.4050886241559464,0.7106423355321746,2.926732780032689,"{""A8=0"": -5, ""A9=0"": -2, ""A14<=87"": -2}",
fasterrisk_rep3,visible,australian,4,552,79,ok,0.6808,4,0.3266563195115297,0.32665632,-4.88470319748302e-10,0.9275399861841754,0.9259101554183522,0.3561476386905328,0.8017488301160703,3.295735107012329,"{""A3<=13"": 2, ""A8=0"": -5, ""A9=0"": -2, ""A14<=126"": -2}",
fasterrisk_rep3,visible,australian,5,552,79,ok,0.9269,5,0.3200276081768639,0.31742252,0.00260508817686389,0.9347268717785218,0.9450713221205024,0.3207257327850912,1.0095064693734306,2.9741792300137453,"{""A3<=13"": 2, ""A7<=26"": -1, ""A8=0"": -4, ""A10<=3"": -1, ""A14<=87"": -1}",
fasterrisk_rep3,visible,australian,7,552,79,ok,1.7713,7,0.3041487472448329,0.30383905,0.00030969724483287386,0.9407380838514268,0.9445390674898873,0.3168594418599396,0.764824698753728,3.809281359363057,"{""A3<=13"": 3, ""A3<=89"": -1, ""A5=14"": 3, ""A7<=26"": -1, ""A8=0"": -5, ""A9=0"": -2, ""A14<=126"": -2}",
fasterrisk_rep3,visible,australian,10,552,79,ok,3.7709,10,0.2912603769672538,0.28999338,0.0012669969672537973,0.9458924491205696,0.9375133063657654,0.3045971126336413,0.756146187518132,2.860797212140036,"{""A3<=13"": 3, ""A4=2"": 1, ""A5=1"": -2, ""A5=14"": 3, ""A6=5"": -2, ""A7<=26"": -1, ""A8=0"": -5, ""A10<=3"": -2, ""A13<=30"": 1, ""A14<=87"": -2}",
fasterrisk_rep3,visible,heart,3,216,57,ok,0.1114,3,0.3946436947603277,0.39413199,0.0005117047603276914,0.8897135416666666,0.7666666666666667,0.61622405012687,0.6939297277804551,4.198478527338005,"{""chest<=3"": -3, ""oldpeak<=1.9"": -4, ""thal<=3"": -3}",
fasterrisk_rep3,visible,heart,4,216,57,ok,0.2011,4,0.356107606733472,0.35610761,-3.2665279925403468e-09,0.9146267361111112,0.8638888888888888,0.4503914086824262,0.4170149034003905,3.664981328384554,"{""chest<=3"": -5, ""oldpeak<=0.6"": -4, ""number_of_major_vessels<=0"": -4, ""thal<=3"": -5}",
fasterrisk_rep3,visible,heart,5,216,57,ok,0.3874,5,0.3365555832242781,0.33644466,0.0001109232242780811,0.9264322916666666,0.8520833333333333,0.4968000579613306,0.4648981568926066,4.601242922037374,"{""chest<=3"": -4, ""resting_electrocardiographic_results<=0"": -3, ""oldpeak<=0.6"": -4, ""number_of_major_vessels<=0"": -4, ""thal<=3"": -5}",
fasterrisk_rep3,visible,heart,7,216,57,ok,1.0908,7,0.31675485937146,0.31496988,0.0017849793714599937,0.9362413194444444,0.8798611111111112,0.4343982441820236,0.4211772707741958,4.697350435405085,"{""sex=1"": 3, ""chest<=3"": -5, ""serum_cholestoral<=270"": -3, ""oldpeak<=0.6"": -3, ""oldpeak<=1.9"": -4, ""number_of_major_vessels<=0"": -4, ""thal<=3"": -4}",
fasterrisk_rep3,visible,heart,10,216,57,ok,2.2203,10,0.2808621397904303,0.27914686,0.0017152797904302908,0.9496961805555556,0.8423611111111111,0.552731533561135,0.6271125571357087,2.016280786214176,"{""age<=58"": -3, ""age<=63"": 4, ""sex=1"": 3, ""chest<=3"": -3, ""serum_cholestoral<=270"": -2, ""resting_electrocardiographic_results<=0"": -2, ""maximum_heart_rate_achieved<=171"": 2, ""oldpeak<=0.6"": -3, ""number_of_major_vessels<=0"": -3, ""thal<=3"": -3}",
fasterrisk_rep3,visible,ionosphere,3,280,267,ok,0.2959,3,0.2834435207467495,0.2819954,0.0014481207467494928,0.8978649261574203,0.9139130434782607,0.2588889202143876,1.213708016082251,1.4266785564471136,"{""a03<=0"": 5, ""a05<=0.06704"": 4, ""a22<=0.82162"": -3}",
fasterrisk_rep3,visible,ionosphere,4,280,267,ok,0.4508,4,0.2299304529462951,0.22797815,0.0019523029462951147,0.9315227612146688,0.9339130434782608,0.2222301568462022,1.338325924821673,-2.653124242594762,"{""a03<=0"": 4, ""a04<=-0.59677"": 3, ""a05<=0.06704"": 4, ""a06<=-0.23067"": 3}",
fasterrisk_rep3,visible,ionosphere,5,280,267,ok,0.5247,5,0.2098357880912585,0.20648715,0.003348638091258488,0.9465401847447314,0.9504347826086956,0.2112344041088869,1.006573425032815,0.0277974732564706,"{""a03<=0"": 5, ""a04<=-0.59677"": 4, ""a05<=0.06704"": 5, ""a06<=-0.23067"": 4, ""a32<=0.77702"": -3}",
fasterrisk_rep3,visible,ionosphere,7,280,267,ok,1.2203,7,0.149274012005874,0.14271712,0.006556892005874004,0.9749986171801538,0.9369565217391304,0.2906260560236068,1.7295735000430896,0.2580057347591128,"{""a03<=0"": 4, ""a05<=0"": 4, ""a06<=-0.23067"": 4, ""a07<=0.38431"": 2, ""a22<=-0.03333"": -2, ""a24<=-1"": 4, ""a32<=0.77702"": -2}",
fasterrisk_rep3,visible,ionosphere,10,280,267,ok,2.682,10,0.0954292157614939,0.08583887,0.009590345761493896,0.991813706510316,0.8869565217391304,0.662886852402435,1.5991145444621646,0.2340491011106335,"{""a03<=0"": 5, ""a05<=0.06704"": 4, ""a06<=-0.23067"": 5, ""a07<=0.38431"": 4, ""a11<=-0.31605"": -5, ""a18<=0"": 2, ""a22<=-0.03333"": -3, ""a24<=-1"": 5, ""a27<=0.94305"": -2, ""a28<=0.08968"": -3}",
fasterrisk_rep3,visible,ilpd,3,466,79,ok,0.3877,3,0.5069912743791254,0.50697218,1.9094379125395022e-05,0.7403192666350561,0.7453933380581148,0.5192172061121736,0.3746217823455201,-3.270219388330225,"{""V1<=24"": 3, ""V4<=1"": 5, ""V5<=206"": 3}",
fasterrisk_rep3,visible,ilpd,4,466,79,ok,0.6475,4,0.4979905761011173,0.49795585,3.472610111732166e-05,0.7562713089028877,0.7824238128986534,0.4934618602000788,0.3914692267951884,-4.174269579265102,"{""V1<=24"": 3, ""V4<=1"": 5, ""V5<=206"": 2, ""V6<=69"": 3}",
fasterrisk_rep3,visible,ilpd,5,466,79,ok,0.8878,5,0.4922454229144788,0.49203517,0.00021025291447879235,0.7651787125471335,0.784727143869596,0.4858338563561127,0.3459564936195483,-4.957439761527204,"{""V1<=24"": 3, ""V1<=66"": 3, ""V4<=1"": 5, ""V5<=206"": 3, ""V6<=69"": 3}",
fasterrisk_rep3,visible,ilpd,7,466,79,ok,1.6707,7,0.4869048520213855,0.48346504,0.003439812021385491,0.7696267696267696,0.7882707299787385,0.47177070774335,0.9510192830741032,-9.571276133241234,"{""V1<=24"": 1, ""V1<=66"": 1, ""V4<=0.6"": 1, ""V4<=4"": 5, ""V5<=206"": 1, ""V6<=69"": 1, ""V7<=190"": 1}",
fasterrisk_rep3,visible,ilpd,10,466,79,ok,4.9105,10,0.4745227732590144,0.4735486,0.0009741732590143881,0.7860191018085755,0.7733876683203401,0.4845964875010902,0.9552757271705232,-8.713388665249633,"{""V1<=24"": 1, ""V1<=66"": 1, ""V3<=7.7"": 5, ""V4<=0.6"": 1, ""V5<=206"": 1, ""V6<=69"": 1, ""V8<=6.5"": 1, ""V9<=3.1"": -1, ""V9<=4.1"": -1, ""V10<=1.3"": 1}",
fasterrisk_rep3,visible,magic,3,10000,90,ok,1.6438,3,0.4758201730730734,0.47478487,0.001035303073073368,0.7994673508045358,0.784561840855832,0.4940713003689636,0.5544437330796431,2.159439776522432,"{""fLength:<=106.655"": -4, ""fM3Long:<=-34.8805"": 3, ""fAlpha:<=18.205"": -4}",
fasterrisk_rep3,visible,magic,4,10000,90,ok,2.6756,4,0.4562011387276581,0.45620114,-1.272341898506113e-09,0.8308662909803708,0.8145058563689459,0.4770337972647807,0.715292352522922,3.499210863543376,"{""fLength:<=106.655"": -4, ""fSize:<=2.42"": -2, ""fAlpha:<=11.711"": -2, ""fAlpha:<=27.106"": -2}",
fasterrisk_rep3,visible,magic,5,10000,90,ok,3.6174,5,0.442774216069146,0.44183376,0.0009404560691460007,0.8452234352662263,0.829782806579458,0.4656925215805112,0.6123458643259615,3.644294011921944,"{""fLength:<=106.655"": -5, ""fWidth:<=11.1267"": 2, ""fSize:<=2.42"": -3, ""fAlpha:<=11.711"": -3, ""fAlpha:<=39.472"": -2}",
fasterrisk_rep3,visible,magic,7,10000,90,ok,6.8367,7,0.419442589762999,0.4187976,0.000644989762998982,0.8636230848104972,0.844334421862093,0.4494241949630241,0.4192504904309212,3.8020891019983583,"{""fLength:<=106.655"": -5, ""fWidth:<=12.6731"": 3, ""fWidth:<=39.6681"": -4, ""fSize:<=2.42"": -4, ""fM3Long:<=-34.8805"": 4, ""fAlpha:<=11.711"": -4, ""fAlpha:<=27.106"": -3}",
fasterrisk_rep3,visible,magic,10,10000,90,ok,14.8651,10,0.4010452265739729,0.40023123,0.0008139965739729083,0.8762153614848908,0.8559029349570729,0.4363528434988435,0.3563504486398166,3.8335356575520727,"{""fLength:<=46.2915"": -2, ""fLength:<=106.655"": -5, ""fWidth:<=11.1267"": 3, ""fWidth:<=15.1087"": 3, ""fWidth:<=39.6681"": -4, ""fSize:<=2.2844"": -4, ""fSize:<=2.5289"": -4, ""fM3Long:<=-34.8805"": 4, ""fAlpha:<=11.711"": -5, ""fAlpha:<=27.106"": -4}",
fasterrisk_rep3,visible,haberman,3,244,27,ok,0.2884,3,0.4906198182007443,0.49061982,-1.7992556888835054e-09,0.7246239793725828,0.6012228260869564,0.5624556705989217,0.5954857516512759,0.4802070930966801,"{""Age_of_patient_at_time_of_operation<=38"": -3, ""Patients_year_of_operation=61"": -4, ""Number_of_positive_axillary_nodes_detected<=4"": -3}",
fasterrisk_rep3,visible,haberman,4,244,27,ok,0.4429,4,0.4810384142754054,0.48088484,0.00015357427540541035,0.7465835840137516,0.5883152173913043,0.5752094111761259,0.4554797723706597,0.3947278855798655,"{""Age_of_patient_at_time_of_operation<=38"": -4, ""Patients_year_of_operation=65"": 2, ""Patients_year_of_operation=61"": -5, ""Number_of_positive_axillary_nodes_detected<=4"": -4}",
fasterrisk_rep3,visible,haberman,5,244,27,ok,0.5744,5,0.4779456368232793,0.47794564,-3.1767207198107883e-09,0.756768371293511,0.563858695652174,0.6069481159682624,0.4602605050510348,0.4816916712972366,"{""Age_of_patient_at_time_of_operation<=38"": -4, ""Patients_year_of_operation=65"": 2, ""Patients_year_of_operation=61"": -5, ""Patients_year_of_operation=63"": -2, ""Number_of_positive_axillary_nodes_detected<=4"": -4}",
fasterrisk_rep3,visible,haberman,7,244,27,ok,0.9515,7,0.4731003093016757,0.47310031,-6.983243427960417e-10,0.7781263429308123,0.626358695652174,0.5958416108011696,0.5156627639598657,0.5010117280144356,"{""Age_of_patient_at_time_of_operation<=38"": -3, ""Patients_year_of_operation=60"": -1, ""Patients_year_of_operation=65"": 2, ""Patients_year_of_operation=61"": -5, ""Patients_year_of_operation=63"": -2, ""Number_of_positive_axillary_nodes_detected<=0"": -1, ""Number_of_positive_axillary_nodes_detected<=4"": -3}",
fasterrisk_rep3,visible,haberman,10,244,27,ok,2.1462,10,0.4667824264328432,0.46599817,0.0007842564328431889,0.7891276321443919,0.641983695652174,0.5769642109892535,0.4913241332178028,0.4864591528699392,"{""Age_of_patient_at_time_of_operation<=38"": -3, ""Age_of_patient_at_time_of_operation<=42"": -2, ""Age_of_patient_at_time_of_operation<=49"": 1, ""Patients_year_of_operation=60"": -1, ""Patients_year_of_operation=65"": 2, ""Patients_year_of_operation=61"": -5, ""Patients_year_of_operation=63"": -2, ""Patients_year_of_operation=67"": -2, ""Number_of_positive_axillary_nodes_detected<=0"": -1, ""Number_of_positive_axillary_nodes_detected<=4"": -3}",
unit_weighting,visible,adult,3,10000,36,ok,0.0978,3,0.4698579230477828,0.40451518,0.06534274304778281,0.747772287842772,0.7503706471928835,0.4677760983310614,1.2659989424155222,0.0662124311171363,"{""HSDiploma"": -1, ""NeverMarried"": -1, ""Female"": -1}",
unit_weighting,visible,adult,4,10000,36,ok,0.0862,4,0.4398009131182044,0.38816564,0.05163527311820443,0.7943574051983379,0.788071199269033,0.4442319876053323,1.0832546356603752,-0.7988591239763848,"{""HSDiploma"": -1, ""Married"": 1, ""NeverMarried"": -1, ""Female"": -1}",
unit_weighting,visible,adult,5,10000,36,ok,0.0865,4,0.4398009131182044,0.37728155,0.06251936311820439,0.7943574051983379,0.788071199269033,0.4442319876053323,1.0832546356603752,-0.7988591239763848,"{""HSDiploma"": -1, ""Married"": 1, ""NeverMarried"": -1, ""Female"": -1}",
unit_weighting,visible,adult,7,10000,36,ok,0.1066,7,0.4204771149737795,0.36328792,0.0571891949737795,0.8184591546355842,0.8067816621097921,0.4302552592884203,1.0016158266602324,0.1211893701664817,"{""EmployedInPrivateSector"": -1, ""HSDiploma"": -1, ""NoHS"": -1, ""Married"": 1, ""NeverMarried"": -1, ""WorkHrsPerWeek_lt_40"": -1, ""Female"": -1}",
unit_weighting,visible,adult,10,10000,36,ok,0.1657,9,0.3980696273521724,0.35342273,0.044646897352172366,0.8410189111024369,0.8350182391676497,0.4031256681633585,0.9990712009354366,0.1206404457775363,"{""Age_22_to_29"": -1, ""EmployedInPrivateSector"": -1, ""HSDiploma"": -1, ""NoHS"": -1, ""Married"": 1, ""NeverMarried"": -1, ""WorkHrsPerWeek_lt_40"": -1, ""Female"": -1, ""AnyCapitalGains"": 1}",
unit_weighting,visible,bank,3,10000,57,ok,0.1474,1,0.3086026107877727,0.28398526,0.024617350787772663,0.6647211343654262,0.6679233096074031,0.3094273399296519,2.371544913595024,-0.1216247614723823,"{""euribor3m_geq_100"": -1}",
unit_weighting,visible,bank,4,10000,57,ok,0.1435,3,0.2978793835968629,0.28178062,0.01609876359686291,0.7547030541254292,0.7463355908140359,0.3012852330098722,0.8988744359689729,-0.4500190500180839,"{""nr_employed_gt_5100"": -1, ""euribor3m_geq_100"": -1, ""euribor3m_geq_300"": -1}",
unit_weighting,visible,bank,5,10000,57,ok,0.2218,5,0.3026635526721306,0.28084659,0.02181696267213057,0.7546873917897736,0.7461996943128113,0.30576709373404,0.4803570459923365,-0.7311574478814696,"{""nr_employed_gt_5100"": -1, ""euribor3m_geq_100"": -1, ""euribor3m_geq_200"": -1, ""euribor3m_geq_300"": -1, ""euribor3m_geq_400"": -1}",
unit_weighting,visible,bank,7,10000,57,ok,0.2793,7,0.2887960724432546,0.27923804,0.009558032443254594,0.7799607971238147,0.7679287454674519,0.2948006852279474,0.618480435268112,-0.0385535324392836,"{""married"": -1, ""call_in_Q2"": -1, ""calls_b4_campaign_successful"": 1, ""nr_employed_gt_5100"": -1, ""euribor3m_geq_100"": -1, ""euribor3m_geq_200"": -1, ""euribor3m_geq_300"": -1}",
unit_weighting,visible,bank,10,10000,57,ok,0.3055,7,0.2856734981738172,0.27791022,0.007763278173817223,0.7769479742244992,0.7677185055861455,0.2914736267802493,0.7189323756538244,-0.1043640763232058,"{""married"": -1, ""call_in_Q2"": -1, ""called_before"": 1, ""calls_b4_campaign_successful"": 1, ""nr_employed_gt_5100"": -1, ""euribor3m_geq_100"": -1, ""euribor3m_geq_300"": -1}",
unit_weighting,visible,breastcancer,3,546,9,ok,0.0201,3,0.109807599677632,0.08922706,0.020580539677632,0.9933559472015338,0.9886470037453184,0.1448935327752378,0.5623027429046348,-6.0884424951500105,"{""UniformityOfCellSize"": 1, ""BareNuclei"": 1, ""NormalNucleoli"": 1}",
unit_weighting,visible,breastcancer,4,546,9,ok,0.0238,4,0.0964230605039993,0.07846697,0.01795609050399931,0.994248211783792,0.988061797752809,0.1516338161294005,0.4652631775898627,-6.670987385584605,"{""UniformityOfCellSize"": 1, ""UniformityOfCellShape"": 1, ""BareNuclei"": 1, ""NormalNucleoli"": 1}",
unit_weighting,visible,breastcancer,5,546,9,ok,0.0256,4,0.0964230605039993,0.07315004,0.023273020503999306,0.994248211783792,0.988061797752809,0.1516338161294005,0.4652631775898627,-6.670987385584605,"{""UniformityOfCellSize"": 1, ""UniformityOfCellShape"": 1, ""BareNuclei"": 1, ""NormalNucleoli"": 1}",
unit_weighting,visible,breastcancer,7,546,9,ok,0.0361,7,0.0729981280273331,0.06746348,0.005534648027333097,0.9964751861957084,0.9914559925093632,0.1340284932387823,0.338478440844193,-8.9889379012331,"{""ClumpThickness"": 1, ""UniformityOfCellSize"": 1, ""UniformityOfCellShape"": 1, ""MarginalAdhesion"": 1, ""BareNuclei"": 1, ""BlandChromatin"": 1, ""NormalNucleoli"": 1}",
unit_weighting,visible,breastcancer,10,546,9,ok,0.0955,9,0.070605218156766,0.06592425,0.004680968156765997,0.9966595383821252,0.9901685393258428,0.1405186241436541,0.3008439998871433,-9.593172274168472,"{""ClumpThickness"": 1, ""UniformityOfCellSize"": 1, ""UniformityOfCellShape"": 1, ""MarginalAdhesion"": 1, ""SingleEpithelialCellSize"": 1, ""BareNuclei"": 1, ""BlandChromatin"": 1, ""NormalNucleoli"": 1, ""Mitoses"": 1}",
unit_weighting,visible,mammo,3,768,14,ok,0.0228,3,0.4744309968239766,0.47233462,0.00209637682397662,0.8436136413221338,0.8554451166810717,0.4576795756788198,1.4072193322877755,-0.8872301512469759,"{""IrregularShape"": 1, ""CircumscribedMargin"": -1, ""Age_geq_60"": 1}",
unit_weighting,visible,mammo,4,768,14,ok,0.0316,3,0.4744309968239766,0.46720672,0.007224276823976583,0.8436136413221338,0.8554451166810717,0.4576795756788198,1.4072193322877755,-0.8872301512469759,"{""IrregularShape"": 1, ""CircumscribedMargin"": -1, ""Age_geq_60"": 1}",
unit_weighting,visible,mammo,5,768,14,ok,0.0232,5,0.4885513351067734,0.46370461,0.024846725106773382,0.8377399912730447,0.8433448573898011,0.4778828419925148,1.0880427945840132,-3.6794059192543545,"{""OvalShape"": -1, ""IrregularShape"": 1, ""CircumscribedMargin"": -1, ""Density"": 1, ""Age_geq_60"": 1}",
unit_weighting,visible,mammo,7,768,14,ok,0.0258,6,0.4825942585723773,0.45928719,0.0233070685723773,0.8433102432638814,0.839779602420052,0.4820589668980546,0.9979901779200044,-3.515775911149352,"{""OvalShape"": -1, ""IrregularShape"": 1, ""CircumscribedMargin"": -1, ""SpiculatedMargin"": 1, ""Density"": 1, ""Age_geq_60"": 1}",
unit_weighting,visible,mammo,10,768,14,ok,0.0415,9,0.4683128181644309,0.45827677,0.010036048164430877,0.854566652121741,0.8359442523768367,0.4912585876831907,0.8648915631595379,-0.9132363810669828,"{""RoundShape"": -1, ""OvalShape"": -1, ""IrregularShape"": 1, ""CircumscribedMargin"": -1, ""ObscuredMargin"": -1, ""SpiculatedMargin"": 1, ""Age_lt_30"": -1, ""Age_geq_45"": 1, ""Age_geq_60"": 1}",
unit_weighting,visible,mushroom,3,6499,113,ok,0.0763,3,0.2241559409523868,0.06494476,0.1592111809523868,0.9554645988622068,0.957954514429246,0.2184107600395521,4.077087152786241,0.1791676423768294,"{""odor_eq_none"": -1, ""odor_eq_foul"": 1, ""stalk_surface_above_ring_eq_grooves"": 1}",
unit_weighting,visible,mushroom,4,6499,113,ok,0.0763,3,0.2241559409523868,0.03151661,0.1926393309523868,0.9554645988622068,0.957954514429246,0.2184107600395521,4.077087152786241,0.1791676423768294,"{""odor_eq_none"": -1, ""odor_eq_foul"": 1, ""stalk_surface_above_ring_eq_grooves"": 1}",
unit_weighting,visible,mushroom,5,6499,113,ok,0.0998,5,0.12881561111528,0.00913778,0.11967783111528,0.9859391212210348,0.982487873244692,0.1490212115942756,3.231700906164425,-2.776676696295661,"{""odor_eq_none"": -1, ""odor_eq_foul"": 1, ""gill_size_eq_narrow"": 1, ""stalk_surface_above_ring_eq_grooves"": 1, ""population_eq_several"": 1}",
unit_weighting,visible,mushroom,7,6499,113,ok,0.1647,7,0.1927981375968016,0.0,0.1927981375968016,0.9726606008641646,0.9706280734006182,0.1957937096533193,1.8901153027833992,0.5296969569984661,"{""bruises_eq_TRUE"": -1, ""odor_eq_none"": -1, ""odor_eq_foul"": 1, ""gill_size_eq_narrow"": 1, ""stalk_surface_above_ring_eq_grooves"": 1, ""ring_type_eq_pendant"": -1, ""population_eq_several"": 1}",
unit_weighting,visible,mushroom,10,6499,113,ok,0.205,9,0.1918869243329169,0.0,0.1918869243329169,0.977812901171456,0.977739554609077,0.1921736454945997,1.4806083920795798,1.6866854919419507,"{""bruises_eq_TRUE"": -1, ""odor_eq_none"": -1, ""odor_eq_foul"": 1, ""gill_size_eq_narrow"": 1, ""gill_size_eq_broad"": -1, ""stalk_surface_above_ring_eq_grooves"": 1, ""ring_type_eq_pendant"": -1, ""spore_print_color_eq_brown"": -1, ""population_eq_several"": 1}",
unit_weighting,visible,spambase,3,3680,57,ok,0.0574,3,0.6417877056036713,0.39815963,0.24362807560367128,0.7246355342508117,0.728151505277605,0.646719913974551,-0.001365081848398,-0.7228156489263421,"{""WordFreqGeorge"": -1, ""CapitalRunLengthLongest"": 1, ""CapitalRunLengthTotal"": -1}",
unit_weighting,visible,spambase,4,3680,57,ok,0.059,4,0.6106308782322221,0.3626631,0.24796777823222205,0.7746012061233957,0.7712387807695725,0.6240035702576219,0.0016832035917493,-0.9256540096559098,"{""WordFreqHP"": -1, ""WordFreqGeorge"": -1, ""CapitalRunLengthLongest"": 1, ""CapitalRunLengthTotal"": 1}",
unit_weighting,visible,spambase,5,3680,57,ok,0.0607,4,0.6106308782322221,0.33604553,0.2745853482322221,0.7746012061233957,0.7712387807695725,0.6240035702576219,0.0016832035917493,-0.9256540096559098,"{""WordFreqHP"": -1, ""WordFreqGeorge"": -1, ""CapitalRunLengthLongest"": 1, ""CapitalRunLengthTotal"": 1}",
unit_weighting,visible,spambase,7,3680,57,ok,0.0835,6,0.6101941493504898,0.29812607,0.31206807935048975,0.7763585897634143,0.7732826801741758,0.6236450201211191,0.0016927568026743,-0.9290442247303632,"{""WordFreqYour"": 1, ""WordFreqHP"": -1, ""WordFreqGeorge"": -1, ""WordFreqEDU"": -1, ""CapitalRunLengthLongest"": 1, ""CapitalRunLengthTotal"": 1}",
unit_weighting,visible,spambase,10,3680,57,ok,0.2908,10,0.6094140613592124,0.26602068,0.3433933813592124,0.7798224833771454,0.7772001540329987,0.6228580536850394,0.001710608152345,-0.936639745557877,"{""WordFreqFree"": 1, ""WordFreqYou"": 1, ""WordFreqYour"": 1, ""WordFreqHP"": -1, ""WordFreqGeorge"": -1, ""WordFreqRE"": -1, ""WordFreqEDU"": -1, ""CharFreqExcalamationMark"": 1, ""CapitalRunLengthLongest"": 1, ""CapitalRunLengthTotal"": 1}",
unit_weighting,visible,fico,3,8000,142,ok,0.2227,2,0.609202059179873,0.59185565,0.017346409179873068,0.7187085937500001,0.7192510000000001,0.6091490474153265,1.0532284716644105,0.1093063790751945,"{""ExternalRiskEstimate<=71"": 1, ""NetFractionRevolvingBurden<=35"": -1}",
unit_weighting,visible,fico,4,8000,142,ok,0.2337,2,0.609202059179873,0.57853942,0.030662639179872997,0.7187085937500001,0.7192510000000001,0.6091490474153265,1.0532284716644105,0.1093063790751945,"{""ExternalRiskEstimate<=71"": 1, ""NetFractionRevolvingBurden<=35"": -1}",
unit_weighting,visible,fico,5,8000,142,ok,0.2955,5,0.5964868646380248,0.56952927,0.02695759463802483,0.740448875,0.7415865,0.5963218719245221,0.4889357624803644,-0.1019628132386974,"{""ExternalRiskEstimate<=68"": 1, ""ExternalRiskEstimate<=71"": 1, ""ExternalRiskEstimate<=74"": 1, ""NetFractionRevolvingBurden<=35"": -1, ""NetFractionRevolvingBurden<=46"": -1}",
unit_weighting,visible,fico,7,8000,142,ok,0.2723,5,0.5964868646380248,0.56055096,0.03593590463802476,0.740448875,0.7415865,0.5963218719245221,0.4889357624803644,-0.1019628132386974,"{""ExternalRiskEstimate<=68"": 1, ""ExternalRiskEstimate<=71"": 1, ""ExternalRiskEstimate<=74"": 1, ""NetFractionRevolvingBurden<=35"": -1, ""NetFractionRevolvingBurden<=46"": -1}",
unit_weighting,visible,fico,10,8000,142,ok,0.3404,8,0.5944151668894081,0.55416962,0.04024554688940807,0.74911128125,0.7515355,0.5938153092825879,0.3676241846474803,0.6495995838333779,"{""ExternalRiskEstimate<=68"": 1, ""ExternalRiskEstimate<=71"": 1, ""ExternalRiskEstimate<=74"": 1, ""MSinceMostRecentDelq<=-7"": -1, ""NetFractionRevolvingBurden<=35"": -1, ""NetFractionRevolvingBurden<=46"": -1, ""NetFractionRevolvingBurden<=59"": -1, ""PercentTradesWBalance<=71"": -1}",
unit_weighting,visible,compas,3,4222,32,ok,0.0418,3,0.6289293456559097,0.62253821,0.006391135655909763,0.6924566554432008,0.6936196787163049,0.6280094540674278,0.7229084106576245,0.2261257987269733,"{""age<=34"": 1, ""priors_count<=1"": -1, ""priors_count<=2"": -1}",
unit_weighting,visible,compas,4,4222,32,ok,0.067,4,0.6300252928365896,0.61579658,0.014228712836589552,0.6870357709692355,0.6937888511750288,0.6257342010170702,0.5852518616800518,-0.1486915819725752,"{""age<=31"": 1, ""age<=34"": 1, ""priors_count<=1"": -1, ""priors_count<=2"": -1}",
unit_weighting,visible,compas,5,4222,32,ok,0.0535,4,0.6300252928365896,0.61211833,0.017906962836589546,0.6870357709692355,0.6937888511750288,0.6257342010170702,0.5852518616800518,-0.1486915819725752,"{""age<=31"": 1, ""age<=34"": 1, ""priors_count<=1"": -1, ""priors_count<=2"": -1}",
unit_weighting,visible,compas,7,4222,32,ok,0.0547,4,0.6300252928365896,0.60822652,0.021798772836589597,0.6870357709692355,0.6937888511750288,0.6257342010170702,0.5852518616800518,-0.1486915819725752,"{""age<=31"": 1, ""age<=34"": 1, ""priors_count<=1"": -1, ""priors_count<=2"": -1}",
unit_weighting,visible,compas,10,4222,32,ok,0.0885,10,0.6277049053501373,0.60556055,0.022144355350137368,0.700933367201898,0.6974134610885347,0.6290355886670314,0.2852342866566049,-0.5155476327425536,"{""age<=29"": 1, ""age<=31"": 1, ""age<=34"": 1, ""age<=39"": 1, ""priors_count<=0"": -1, ""priors_count<=1"": -1, ""priors_count<=2"": -1, ""priors_count<=4"": -1, ""race_African-American=1"": 1, ""race_Caucasian=0"": 1}",
unit_weighting,visible,australian,3,552,79,ok,0.0263,3,0.3550691308950679,0.33798725,0.017081880895067902,0.9089749721026622,0.8674685969767937,0.4360823664615743,1.8029818514344047,0.3195474021255969,"{""A8=1"": 1, ""A8=0"": -1, ""A9=0"": -1}",
unit_weighting,visible,australian,4,552,79,ok,0.0246,4,0.3887885886220529,0.32665632,0.0621322686220529,0.8879456931824221,0.8480945284223972,0.468139310001947,1.268382303961779,0.9501552720580384,"{""A8=1"": 1, ""A8=0"": -1, ""A9=0"": -1, ""A10<=1"": -1}",
unit_weighting,visible,australian,5,552,79,ok,0.0248,5,0.4272738408958101,0.31742252,0.10985132089581012,0.8669164142621819,0.8287204598680008,0.4942469370210628,0.8710427372670139,0.2257899739526477,"{""A8=1"": 1, ""A8=0"": -1, ""A9=0"": -1, ""A9=1"": 1, ""A10<=1"": -1}",
unit_weighting,visible,australian,7,552,79,ok,0.0286,6,0.3835457136847632,0.30383905,0.0797066636847632,0.8981547903714331,0.8647008728975942,0.4502456394848725,0.9837651960958704,2.2191011872053608,"{""A8=1"": 1, ""A8=0"": -1, ""A9=0"": -1, ""A10<=1"": -1, ""A10<=3"": -1, ""A14<=87"": -1}",
unit_weighting,visible,australian,10,552,79,ok,0.0333,7,0.3688770566994284,0.28999338,0.07888367669942836,0.9075867474361018,0.8767298275494997,0.4323128596867958,0.946128798439047,1.6822049320815913,"{""A7<=26"": -1, ""A8=1"": 1, ""A8=0"": -1, ""A9=1"": 1, ""A10<=1"": -1, ""A10<=3"": -1, ""A14<=87"": -1}",
unit_weighting,visible,heart,3,216,57,ok,0.0188,2,0.4444819573464041,0.39413199,0.05034996734640412,0.8560763888888889,0.7861111111111112,0.546700987920556,2.1696611602642863,1.9349496331135536,"{""chest<=3"": -1, ""thal<=3"": -1}",
unit_weighting,visible,heart,4,216,57,ok,0.0205,4,0.4410659034420461,0.35610761,0.08495829344204608,0.8677083333333333,0.8458333333333332,0.4605620920579875,1.3227347096722255,0.162990530369907,"{""chest<=3"": -1, ""maximum_heart_rate_achieved<=147"": 1, ""exercise_induced_angina=1"": 1, ""thal<=3"": -1}",
unit_weighting,visible,heart,5,216,57,ok,0.0211,4,0.4410659034420461,0.33644466,0.1046212434420461,0.8677083333333333,0.8458333333333332,0.4605620920579875,1.3227347096722255,0.162990530369907,"{""chest<=3"": -1, ""maximum_heart_rate_achieved<=147"": 1, ""exercise_induced_angina=1"": 1, ""thal<=3"": -1}",
unit_weighting,visible,heart,7,216,57,ok,0.0214,4,0.4410659034420461,0.31496988,0.12609602344204612,0.8677083333333333,0.8458333333333332,0.4605620920579875,1.3227347096722255,0.162990530369907,"{""chest<=3"": -1, ""maximum_heart_rate_achieved<=147"": 1, ""exercise_induced_angina=1"": 1, ""thal<=3"": -1}",
unit_weighting,visible,heart,10,216,57,ok,0.0273,10,0.3625774168319084,0.27914686,0.08343055683190842,0.9156684027777776,0.8666666666666667,0.4474830390004108,1.1284148087291743,0.2263603481739697,"{""sex=1"": 1, ""chest<=3"": -1, ""maximum_heart_rate_achieved<=147"": -1, ""maximum_heart_rate_achieved<=160"": 1, ""maximum_heart_rate_achieved<=171"": 1, ""exercise_induced_angina=1"": 1, ""oldpeak<=0.6"": -1, ""slope<=1"": -1, ""number_of_major_vessels<=0"": -1, ""thal<=3"": -1}",
unit_weighting,visible,ionosphere,3,280,267,ok,0.0324,3,0.3466926305738412,0.2819954,0.06469723057384119,0.8857790807013661,0.9256521739130434,0.2544449143054531,3.009875676688052,3.568463939874396,"{""a01=1"": -1, ""a05<=0.06704"": 1, ""a27<=0.94305"": -1}",
unit_weighting,visible,ionosphere,4,280,267,ok,0.033,3,0.3466926305738412,0.22797815,0.11871448057384121,0.8857790807013661,0.9256521739130434,0.2544449143054531,3.009875676688052,3.568463939874396,"{""a01=1"": -1, ""a05<=0.06704"": 1, ""a27<=0.94305"": -1}",
unit_weighting,visible,ionosphere,5,280,267,ok,0.047,3,0.3466926305738412,0.20648715,0.1402054805738412,0.8857790807013661,0.9256521739130434,0.2544449143054531,3.009875676688052,3.568463939874396,"{""a01=1"": -1, ""a05<=0.06704"": 1, ""a27<=0.94305"": -1}",
unit_weighting,visible,ionosphere,7,280,267,ok,0.0356,6,0.3097295970212658,0.14271712,0.1670124770212658,0.9195475413463134,0.9147826086956522,0.2912180609211089,1.7530994744259147,0.497679439143296,"{""a01=1"": -1, ""a03<=0.60678"": 1, ""a05<=0.06704"": 1, ""a07<=0.03759"": 1, ""a07<=0.38431"": 1, ""a27<=0.94305"": -1}",
unit_weighting,visible,ionosphere,10,280,267,ok,0.055,10,0.239025503406945,0.08583887,0.153186633406945,0.9534542839758836,0.94,0.2591859320156742,1.521406529374472,1.9113558914544264,"{""a01=1"": -1, ""a03<=0.60678"": 1, ""a03<=0.76046"": 1, ""a05<=0"": 1, ""a05<=0.06704"": 1, ""a07<=0.03759"": 1, ""a07<=0.38431"": 1, ""a11<=0.9982"": -1, ""a22<=0.82162"": -1, ""a27<=0.94305"": -1}",
unit_weighting,visible,ilpd,3,466,79,ok,0.026,3,0.5841818263247193,0.50697218,0.07720964632471927,0.5934091986723566,0.5742381289865344,0.5883614740029184,0.371578724850076,-0.0446601927730804,"{""V9<=4.1"": -1, ""V10<=1"": -1, ""V10<=1.1"": -1}",
unit_weighting,visible,ilpd,4,466,79,ok,0.0255,3,0.5841818263247193,0.49795585,0.08622597632471929,0.5934091986723566,0.5742381289865344,0.5883614740029184,0.371578724850076,-0.0446601927730804,"{""V9<=4.1"": -1, ""V10<=1"": -1, ""V10<=1.1"": -1}",
unit_weighting,visible,ilpd,5,466,79,ok,0.0285,5,0.5774653771346056,0.49203517,0.08543020713460553,0.6347174241911084,0.6047129695251594,0.5871629191564974,0.2759346816865065,0.0213525170017901,"{""V9<=3.6"": -1, ""V9<=4.1"": -1, ""V10<=0.87"": -1, ""V10<=1"": -1, ""V10<=1.1"": -1}",
unit_weighting,visible,ilpd,7,466,79,ok,0.0471,7,0.5671180332059697,0.48346504,0.08365299320596964,0.6636749531486373,0.6169383416017009,0.5889337658622815,0.307481362462307,-0.2822369547438698,"{""V2=Male"": 1, ""V4<=0.3"": 1, ""V9<=3.6"": -1, ""V9<=4.1"": -1, ""V10<=0.87"": -1, ""V10<=1"": -1, ""V10<=1.1"": -1}",
unit_weighting,visible,ilpd,10,466,79,ok,0.0331,10,0.5251137560099683,0.4735486,0.05156515600996836,0.7300797037639144,0.7149184975194898,0.5340190661606218,0.4823213269023548,-1.619342705069375,"{""V3<=1.4"": 1, ""V4<=0.3"": 1, ""V4<=0.6"": 1, ""V5<=206"": 1, ""V9<=3.1"": -1, ""V9<=3.6"": 1, ""V9<=4.1"": -1, ""V10<=0.87"": -1, ""V10<=1"": 1, ""V10<=1.1"": -1}",
unit_weighting,visible,magic,3,10000,90,ok,0.1493,3,0.5356586628847883,0.47478487,0.060873792884788225,0.7609907366272735,0.7433826785667915,0.5498518088868531,0.7929603728960596,0.6755539915341938,"{""fAlpha:<=18.205"": -1, ""fAlpha:<=27.106"": -1, ""fAlpha:<=39.472"": -1}",
unit_weighting,visible,magic,4,10000,90,ok,0.2174,4,0.4968329569804537,0.45620114,0.040631816980453705,0.8059721611050638,0.7851103161786535,0.5191821271878734,0.9534973947407812,1.321178539711204,"{""fLength:<=80.2483"": -1, ""fAlpha:<=11.711"": -1, ""fAlpha:<=18.205"": -1, ""fAlpha:<=27.106"": -1}",
unit_weighting,visible,magic,5,10000,90,ok,0.3239,5,0.4733998647283805,0.44183376,0.031566104728380506,0.8207992203088166,0.8035896885235663,0.4954363438995616,1.0575121921040254,2.18126918072083,"{""fLength:<=46.2915"": -1, ""fLength:<=80.2483"": -1, ""fAlpha:<=11.711"": -1, ""fAlpha:<=18.205"": -1, ""fAlpha:<=27.106"": -1}",
unit_weighting,visible,magic,7,10000,90,ok,0.2981,5,0.4733998647283805,0.4187976,0.054602264728380534,0.8207992203088166,0.8035896885235663,0.4954363438995616,1.0575121921040254,2.18126918072083,"{""fLength:<=46.2915"": -1, ""fLength:<=80.2483"": -1, ""fAlpha:<=11.711"": -1, ""fAlpha:<=18.205"": -1, ""fAlpha:<=27.106"": -1}",
unit_weighting,visible,magic,10,10000,90,ok,0.32,10,0.4479360383449267,0.40023123,0.047704808344926686,0.8454346623069371,0.8356205771939538,0.4610034471207891,0.7572741869164136,1.6264832870412027,"{""fLength:<=46.2915"": -1, ""fSize:<=2.42"": -1, ""fSize:<=2.5289"": -1, ""fAsym:<=-29.279"": 1, ""fM3Long:<=-34.8805"": 1, ""fAlpha:<=7.388"": -1, ""fAlpha:<=11.711"": -1, ""fAlpha:<=18.205"": -1, ""fAlpha:<=27.106"": -1, ""fAlpha:<=39.472"": -1}",
unit_weighting,visible,haberman,3,244,27,ok,0.0212,2,0.5291171112232804,0.49061982,0.03849729122328044,0.6693596905887409,0.626358695652174,0.534789650757608,0.855190409208997,0.2186354209539476,"{""Number_of_positive_axillary_nodes_detected<=4"": -1, ""Number_of_positive_axillary_nodes_detected<=7"": -1}",
unit_weighting,visible,haberman,4,244,27,ok,0.0215,4,0.5261292985293147,0.48088484,0.04524445852931469,0.686850021486893,0.7364130434782609,0.5041221972226397,0.4467377630494836,0.1095858210812384,"{""Number_of_positive_axillary_nodes_detected<=1"": -1, ""Number_of_positive_axillary_nodes_detected<=2"": -1, ""Number_of_positive_axillary_nodes_detected<=4"": -1, ""Number_of_positive_axillary_nodes_detected<=7"": -1}",
unit_weighting,visible,haberman,5,244,27,ok,0.0225,5,0.5180031979827235,0.47794564,0.040057557982723535,0.6974215728405673,0.6725543478260869,0.5217077281021021,0.9076610432788604,0.4068153088541528,"{""Age_of_patient_at_time_of_operation<=42"": -1, ""Number_of_positive_axillary_nodes_detected<=1"": -1, ""Number_of_positive_axillary_nodes_detected<=2"": 1, ""Number_of_positive_axillary_nodes_detected<=4"": -1, ""Number_of_positive_axillary_nodes_detected<=7"": -1}",
unit_weighting,visible,haberman,7,244,27,ok,0.023,5,0.5180031979827235,0.47310031,0.044902887982723516,0.6974215728405673,0.6725543478260869,0.5217077281021021,0.9076610432788604,0.4068153088541528,"{""Age_of_patient_at_time_of_operation<=42"": -1, ""Number_of_positive_axillary_nodes_detected<=1"": -1, ""Number_of_positive_axillary_nodes_detected<=2"": 1, ""Number_of_positive_axillary_nodes_detected<=4"": -1, ""Number_of_positive_axillary_nodes_detected<=7"": -1}",
unit_weighting,visible,haberman,10,244,27,ok,0.0253,9,0.4922243735121412,0.46599817,0.026226203512141222,0.7525569402664374,0.7554347826086957,0.485673436551115,0.5790703815419802,0.3896368208252653,"{""Age_of_patient_at_time_of_operation<=38"": -1, ""Age_of_patient_at_time_of_operation<=42"": -1, ""Patients_year_of_operation=58"": 1, ""Patients_year_of_operation=65"": 1, ""Patients_year_of_operation=61"": -1, ""Number_of_positive_axillary_nodes_detected<=0"": -1, ""Number_of_positive_axillary_nodes_detected<=1"": -1, ""Number_of_positive_axillary_nodes_detected<=4"": -1, ""Number_of_positive_axillary_nodes_detected<=7"": -1}",
autoscore,visible,adult,3,10000,36,ok,0.5735,3,0.4281223109982311,0.40451518,0.02360713099823114,0.7934326743660927,0.7877023024761158,0.4352102596356337,0.6479534472090192,-2.4310571167614423,"{""Married"": 3, ""NeverMarried"": -1, ""AnyCapitalGains"": 3}",
autoscore,visible,adult,4,10000,36,ok,0.5761,4,0.4128417871357644,0.38816564,0.024676147135764437,0.8179671554950307,0.8054968685344602,0.4231703746397301,0.5433093893023446,-2.765020179155804,"{""JobManagerial"": 2, ""Married"": 4, ""NeverMarried"": -1, ""AnyCapitalGains"": 3}",
autoscore,visible,adult,5,10000,36,ok,0.5638,5,0.4022488650097007,0.37728155,0.024967315009700675,0.8344248809290422,0.8192865194696989,0.4155406783472326,0.624001353645907,-2.8242883661271776,"{""Bachelors"": 2, ""JobManagerial"": 2, ""Married"": 3, ""NeverMarried"": -1, ""AnyCapitalGains"": 3}",
autoscore,visible,adult,7,10000,36,ok,0.8245,6,0.3783747641346933,0.36328792,0.0150868441346933,0.8608248508221628,0.8555626835731964,0.3844601125702691,0.5410265388080618,-1.9785716485865017,"{""HSDiploma"": -2, ""NoHS"": -5, ""JobManagerial"": 2, ""Married"": 4, ""NeverMarried"": -1, ""AnyCapitalGains"": 3}",
autoscore,visible,adult,10,10000,36,ok,0.5859,8,0.3703266364341073,0.35342273,0.016903906434107274,0.8698777279983476,0.8641606482081157,0.377091654527414,0.4723844286728339,-2.4442854456247223,"{""Age_45_to_59"": 1, ""HSDiploma"": -2, ""NoHS"": -5, ""JobManagerial"": 2, ""Married"": 5, ""NeverMarried"": -1, ""WorkHrsPerWeek_geq_50"": 1, ""AnyCapitalGains"": 3}",
autoscore,visible,bank,3,10000,57,ok,0.6931,1,0.3180709426773674,0.28398526,0.03408568267736739,0.6048440751936225,0.5949772653147363,0.3205364344332149,0.5785298370290243,-2.3040748085047533,"{""called_before"": 5}",
autoscore,visible,bank,4,10000,57,ok,0.6834,1,0.3180709426773674,0.28178062,0.036290322677367426,0.6048440751936225,0.5949772653147363,0.3205364344332149,0.5785298370290243,-2.3040748085047533,"{""called_before"": 5}",
autoscore,visible,bank,5,10000,57,ok,0.7308,2,0.2967295586186245,0.28084659,0.015882968618624482,0.691964040878596,0.6924262481693942,0.2990571083144587,0.3832660911022988,-0.6365563006476366,"{""called_before"": 5, ""euribor3m_geq_100"": -5}",
autoscore,visible,bank,7,10000,57,ok,0.873,2,0.2967295586186245,0.27923804,0.01749151861862447,0.691964040878596,0.6924262481693942,0.2990571083144587,0.3832660911022988,-0.6365563006476366,"{""called_before"": 5, ""euribor3m_geq_100"": -5}",
autoscore,visible,bank,10,10000,57,ok,0.6891,2,0.2967295586186245,0.27791022,0.018819338618624504,0.691964040878596,0.6924262481693942,0.2990571083144587,0.3832660911022988,-0.6365563006476366,"{""called_before"": 5, ""euribor3m_geq_100"": -5}",
autoscore,visible,breastcancer,3,546,9,ok,0.1825,3,0.1091067339939063,0.08922706,0.019879673993906305,0.9933928176388171,0.9665262172284644,0.2382604657735596,0.7527092208761824,-7.850149039568574,"{""UniformityOfCellSize"": 1, ""UniformityOfCellShape"": 1, ""BlandChromatin"": 1}",
autoscore,visible,breastcancer,4,546,9,ok,0.184,4,0.0868947981927381,0.07846697,0.008427828192738102,0.9955165548263402,0.9857209737827716,0.1827739646431095,0.3738858399464017,-8.292274961196442,"{""UniformityOfCellSize"": 1, ""UniformityOfCellShape"": 2, ""BareNuclei"": 1, ""BlandChromatin"": 2}",
autoscore,visible,breastcancer,5,546,9,ok,0.1221,5,0.0849479529602713,0.07315004,0.0117979129602713,0.9958926332866308,0.9850187265917604,0.1792860288206648,0.2231126733992899,-8.268843469444612,"{""UniformityOfCellSize"": 2, ""UniformityOfCellShape"": 2, ""SingleEpithelialCellSize"": 1, ""BareNuclei"": 2, ""BlandChromatin"": 3}",
autoscore,visible,breastcancer,7,546,9,ok,0.1167,7,0.0729216384257816,0.06746348,0.005458158425781595,0.9965636752451884,0.988998127340824,0.1424440320412217,0.1593614601200943,-9.67481907137892,"{""ClumpThickness"": 3, ""UniformityOfCellSize"": 2, ""UniformityOfCellShape"": 2, ""SingleEpithelialCellSize"": 2, ""BareNuclei"": 2, ""BlandChromatin"": 3, ""NormalNucleoli"": 1}",
autoscore,visible,breastcancer,10,546,9,ok,0.1045,9,0.0659948841642077,0.06592425,7.063416420770297e-05,0.9971609763291792,0.9913389513108616,0.1319735014390229,0.1485126910307397,-10.431765262995873,"{""ClumpThickness"": 3, ""UniformityOfCellSize"": 1, ""UniformityOfCellShape"": 3, ""MarginalAdhesion"": 2, ""SingleEpithelialCellSize"": 1, ""BareNuclei"": 2, ""BlandChromatin"": 4, ""NormalNucleoli"": 1, ""Mitoses"": 2}",
autoscore,visible,mammo,3,768,14,ok,0.1103,3,0.4744309968239766,0.47233462,0.00209637682397662,0.8436136413221338,0.8554451166810717,0.4576795756788198,1.4072193322877755,-0.8872301512469759,"{""IrregularShape"": 1, ""CircumscribedMargin"": -1, ""Age_geq_60"": 1}",
autoscore,visible,mammo,4,768,14,ok,0.1065,4,0.4700605506216845,0.46720672,0.0028538306216844833,0.8483452874440929,0.8576598962834917,0.451021764674708,0.5585081086480845,-0.4418259817218063,"{""OvalShape"": -1, ""IrregularShape"": 2, ""CircumscribedMargin"": -3, ""Age_geq_60"": 2}",
autoscore,visible,mammo,5,768,14,ok,0.1092,4,0.4705630840840754,0.46370461,0.006858474084075361,0.8475441802116286,0.8535544511668108,0.4519264413999315,0.3281931232985811,-0.5301003032565689,"{""OvalShape"": -1, ""IrregularShape"": 4, ""CircumscribedMargin"": -5, ""Age_geq_60"": 3}",
autoscore,visible,mammo,7,768,14,ok,0.125,6,0.4643148106900043,0.45928719,0.005027620690004286,0.8565165812152286,0.8558772687986171,0.4576228017003299,0.334728388981548,-0.7536494797399447,"{""OvalShape"": -1, ""IrregularShape"": 3, ""CircumscribedMargin"": -5, ""SpiculatedMargin"": 2, ""Age_geq_45"": 1, ""Age_geq_60"": 3}",
autoscore,visible,mammo,10,768,14,ok,0.1073,9,0.4627351286565034,0.45827677,0.004458358656503403,0.858855132540635,0.8490708729472775,0.4621501625871178,0.2321316483392237,-0.8093263306538749,"{""RoundShape"": -2, ""OvalShape"": -4, ""LobularShape"": -1, ""IrregularShape"": 3, ""CircumscribedMargin"": -5, ""IllDefinedMargin"": 2, ""SpiculatedMargin"": 4, ""Age_geq_45"": 2, ""Age_geq_60"": 4}",
autoscore,visible,mushroom,3,6499,113,ok,0.2379,3,0.1297405566065747,0.06494476,0.06479579660657468,0.98222404476981,0.9813715140318466,0.1385569406110605,2.37662704292289,2.400263804616482,"{""odor_eq_none"": -1, ""odor_eq_foul"": 4, ""gill_size_eq_broad"": -2}",
autoscore,visible,mushroom,4,6499,113,ok,0.2424,4,0.1296012296628542,0.03151661,0.0980846196628542,0.98222404476981,0.9813715140318466,0.1383234698248809,2.3663358769827463,0.0202103543697507,"{""odor_eq_none"": -1, ""odor_eq_foul"": 5, ""gill_size_eq_narrow"": 1, ""gill_size_eq_broad"": -1}",
autoscore,visible,mushroom,5,6499,113,ok,0.2481,5,0.1266672695680309,0.00913778,0.1175294895680309,0.9825106550759468,0.9816240599679048,0.1371897162954206,2.4348891956870964,0.1518255646896711,"{""odor_eq_none"": -1, ""odor_eq_foul"": 5, ""gill_size_eq_narrow"": 1, ""gill_size_eq_broad"": -1, ""spore_print_color_eq_chocolate"": -2}",
autoscore,visible,mushroom,7,6499,113,ok,0.2729,4,0.2236162908500229,0.0,0.2236162908500229,0.9250498640296052,0.93192635669497,0.2082809006287085,23.15695736131637,-1.8683705716037595,"{""odor_eq_foul"": 5, ""gill_color_eq_buff"": 3, ""stalk_surface_below_ring_eq_grooves"": -1, ""spore_print_color_eq_chocolate"": -2}",
autoscore,visible,mushroom,10,6499,113,ok,0.236,6,0.1099296197123933,0.0,0.1099296197123933,0.9857415521315936,0.9853644700479004,0.1138044507565083,4.492947982249253,0.530639323642439,"{""odor_eq_foul"": 5, ""gill_size_eq_broad"": -1, ""gill_color_eq_buff"": 3, ""stalk_surface_above_ring_eq_grooves"": 1, ""stalk_surface_below_ring_eq_grooves"": -1, ""spore_print_color_eq_chocolate"": -2}",
autoscore,visible,spambase,3,3680,57,ok,0.4584,2,0.4704054350667766,0.39815963,0.07224580506677664,0.8840417504252357,0.8790840960928938,0.5828417477222143,2.4717153250535056,-1.5485206943880705,"{""CharFreqExcalamationMark"": 1, ""CharFreqDollarSign"": 5}",
autoscore,visible,spambase,4,3680,57,ok,0.512,3,0.4092210215856501,0.3626631,0.046557921585650086,0.9133816298128964,0.9083108701877032,0.5109507118777185,2.3708562766799246,-1.8385974800196847,"{""WordFreqRemove"": 2, ""CharFreqExcalamationMark"": 1, ""CharFreqDollarSign"": 5}",
autoscore,visible,spambase,5,3680,57,ok,0.4719,3,0.4092210215856501,0.33604553,0.07317549158565012,0.9133816298128964,0.9083108701877032,0.5109507118777185,2.3708562766799246,-1.8385974800196847,"{""WordFreqRemove"": 2, ""CharFreqExcalamationMark"": 1, ""CharFreqDollarSign"": 5}",
autoscore,visible,spambase,7,3680,57,ok,0.4816,3,0.4088708394934899,0.29812607,0.11074476949348988,0.9140510282975104,0.90934022532263,0.5028186053714554,2.166736706057622,-1.814258904149008,"{""WordFreqRemove"": 3, ""CharFreqExcalamationMark"": 1, ""CharFreqDollarSign"": 5}",
autoscore,visible,spambase,10,3680,57,ok,0.6685,4,0.3667470508247147,0.26602068,0.1007263708247147,0.9369794340497912,0.9373500399893362,0.4524351041746133,1.909096397594068,-1.3336668759456245,"{""WordFreqRemove"": 3, ""WordFreqHP"": -2, ""CharFreqExcalamationMark"": 1, ""CharFreqDollarSign"": 5}",
autoscore,visible,fico,3,8000,142,ok,0.9269,3,0.6040992581461934,0.59185565,0.012243608146193408,0.7220055624999999,0.7281909999999999,0.5961651885247373,0.3295773162933246,-1.0494903211282474,"{""ExternalRiskEstimate<=68"": 2, ""ExternalRiskEstimate<=71"": 1, ""ExternalRiskEstimate<=74"": 3}",
autoscore,visible,fico,4,8000,142,ok,0.9051,4,0.5987982512678492,0.57853942,0.02025883126784922,0.7324665625,0.7384649999999999,0.5910294241308361,0.3222395486307369,-1.343202691620867,"{""ExternalRiskEstimate<=68"": 2, ""ExternalRiskEstimate<=71"": 1, ""ExternalRiskEstimate<=74"": 1, ""ExternalRiskEstimate<=78"": 3}",
autoscore,visible,fico,5,8000,142,ok,1.3235,5,0.5899757393708761,0.56952927,0.02044646937087613,0.74707565625,0.752409,0.5824101566385129,0.3152787788846016,-1.7682227791005765,"{""ExternalRiskEstimate<=68"": 2, ""ExternalRiskEstimate<=71"": 1, ""ExternalRiskEstimate<=74"": 1, ""ExternalRiskEstimate<=78"": 3, ""MSinceMostRecentInqexcl7days<=0"": 2}",
autoscore,visible,fico,7,8000,142,ok,0.9327,7,0.5820707256647095,0.56055096,0.021519765664709478,0.7593699374999999,0.762878,0.5792018988326522,0.2368038087820561,-1.0652640463671037,"{""ExternalRiskEstimate<=65"": 1, ""ExternalRiskEstimate<=68"": 2, ""ExternalRiskEstimate<=71"": 1, ""ExternalRiskEstimate<=74"": 1, ""ExternalRiskEstimate<=78"": 3, ""MSinceMostRecentInqexcl7days<=0"": 3, ""NetFractionRevolvingBurden<=46"": -3}",
autoscore,visible,fico,10,8000,142,ok,0.9416,10,0.577771240699442,0.55416962,0.02360162069944194,0.7659205,0.7663059999999999,0.5768522700185233,0.1317737417467012,-1.0699826866412143,"{""ExternalRiskEstimate<=65"": 2, ""ExternalRiskEstimate<=68"": 3, ""ExternalRiskEstimate<=71"": 2, ""ExternalRiskEstimate<=74"": 2, ""ExternalRiskEstimate<=78"": 3, ""ExternalRiskEstimate<=82"": 4, ""MSinceMostRecentInqexcl7days<=0"": 5, ""NetFractionRevolvingBurden<=35"": -2, ""NetFractionRevolvingBurden<=46"": -1, ""NetFractionRevolvingBurden<=59"": -4}",
autoscore,visible,compas,3,4222,32,ok,0.2804,3,0.643888843913069,0.62253821,0.021350633913069017,0.6634315882014891,0.6533566335400597,0.6513407701544359,0.3836939037765143,0.8734862463199909,"{""priors_count<=1"": -1, ""priors_count<=2"": -1, ""priors_count<=4"": -2}",
autoscore,visible,compas,4,4222,32,ok,0.2807,4,0.6418235849682838,0.61579658,0.026027004968283807,0.6736627546672864,0.6662659319062857,0.6466797429522552,0.2809468312382821,0.7759843602501721,"{""priors_count<=0"": -2, ""priors_count<=1"": -1, ""priors_count<=2"": -1, ""priors_count<=4"": -2}",
autoscore,visible,compas,5,4222,32,ok,0.4056,5,0.6391579982835809,0.61211833,0.027039668283580842,0.6773923502081656,0.6715066787127055,0.6438229780090343,0.2090459558083608,1.0400303963177386,"{""priors_count<=0"": -2, ""priors_count<=1"": -1, ""priors_count<=2"": -2, ""priors_count<=4"": -1, ""priors_count<=6"": -3}",
autoscore,visible,compas,7,4222,32,ok,0.2991,7,0.6313250129090241,0.60822652,0.023098492909024104,0.6890558371930886,0.6858881374112293,0.6353239176284976,0.2208235152508214,1.9431874708161496,"{""juv_misd_count<=0"": -1, ""juv_other_count<=0"": -4, ""priors_count<=0"": -2, ""priors_count<=1"": -1, ""priors_count<=2"": -2, ""priors_count<=4"": -1, ""priors_count<=6"": -2}",
autoscore,visible,compas,10,4222,32,ok,0.3069,9,0.6142344010476285,0.60556055,0.008673851047628522,0.7181929364225788,0.7301951242337748,0.6087325954878586,0.1624471228141294,0.8353386413084881,"{""age<=31"": 5, ""juv_other_count<=0"": -4, ""priors_count<=0"": -2, ""priors_count<=1"": -2, ""priors_count<=2"": -3, ""priors_count<=4"": -1, ""priors_count<=6"": -4, ""c_charge_degree_F=1"": 3, ""c_charge_degree_M=1"": 2}",
autoscore,visible,australian,3,552,79,ok,0.1348,3,0.3560668963804027,0.33798725,0.01807964638040266,0.902996971146182,0.8740685543964233,0.4161057131502869,1.7793001667666857,0.6695872870611206,"{""A8=1"": 1, ""A8=0"": -1, ""A10<=3"": -1}",
autoscore,visible,australian,4,552,79,ok,0.1243,4,0.3486671403987603,0.32665632,0.02201082039876029,0.9122628726287264,0.8701298701298701,0.4213559182494237,0.9134988320091296,0.4936567044309957,"{""A8=1"": 2, ""A8=0"": -2, ""A9=0"": -1, ""A10<=3"": -1}",
autoscore,visible,australian,5,552,79,ok,0.1234,5,0.3484944453798973,0.31742252,0.031071925379897336,0.9122628726287264,0.8701298701298701,0.4233306157878384,0.5071639407363769,0.408035569231569,"{""A8=1"": 4, ""A8=0"": -3, ""A9=0"": -1, ""A10<=1"": -1, ""A10<=3"": -2}",
autoscore,visible,australian,7,552,79,ok,0.1275,7,0.3468552874550387,0.30383905,0.043016237455038686,0.9147271374674532,0.8805620608899298,0.4112834701302539,0.5154491736341342,0.2675496499233435,"{""A7<=14"": -1, ""A8=1"": 4, ""A8=0"": -3, ""A9=0"": -1, ""A10<=1"": -1, ""A10<=2"": 2, ""A10<=3"": -3}",
autoscore,visible,australian,10,552,79,ok,0.1263,8,0.3270053096305919,0.28999338,0.037011929630591855,0.9283104840852332,0.9050457738982328,0.383135077990507,0.4296336365760909,0.4667272265521441,"{""A7<=14"": 1, ""A7<=26"": -2, ""A8=1"": 5, ""A8=0"": -3, ""A9=1"": 2, ""A10<=2"": 2, ""A10<=3"": -4, ""A14<=87"": -3}",
autoscore,visible,heart,3,216,57,ok,0.121,3,0.4428188101790357,0.39413199,0.048686820179035695,0.8625434027777779,0.78125,0.5486788838054357,0.6248693697190542,2.0133210560652355,"{""chest<=3"": -3, ""thal<=3"": -3, ""thal<=6"": -1}",
autoscore,visible,heart,4,216,57,ok,0.1117,4,0.3952549025839696,0.35610761,0.039147292583969595,0.8957899305555556,0.8756944444444446,0.4132846420688586,0.7447291540686998,2.9334299548225213,"{""chest<=3"": -3, ""number_of_major_vessels<=0"": -2, ""thal<=3"": -2, ""thal<=6"": -1}",
autoscore,visible,heart,5,216,57,ok,0.1039,5,0.3874191326261598,0.33644466,0.050974472626159784,0.8997829861111111,0.8944444444444445,0.3824897040785096,0.7947607527723757,2.521198489558249,"{""chest<=3"": -2, ""exercise_induced_angina=1"": 1, ""number_of_major_vessels<=0"": -2, ""thal<=3"": -2, ""thal<=6"": -1}",
autoscore,visible,heart,7,216,57,ok,0.1032,7,0.3395911033331059,0.31496988,0.0246212233331059,0.9257378472222222,0.8694444444444446,0.4307724447382545,0.4452255959725688,4.177805369042376,"{""chest<=3"": -4, ""exercise_induced_angina=1"": 1, ""oldpeak<=1.4"": -3, ""slope<=1"": -2, ""number_of_major_vessels<=0"": -4, ""thal<=3"": -2, ""thal<=6"": -3}",
autoscore,visible,heart,10,216,57,ok,0.0985,9,0.3243882783479833,0.27914686,0.04524141834798329,0.933203125,0.8819444444444444,0.4126850109001647,0.3875923264735474,3.282583512787016,"{""sex=1"": 3, ""chest<=3"": -5, ""exercise_induced_angina=1"": 1, ""oldpeak<=0.6"": -2, ""oldpeak<=1.4"": -2, ""slope<=1"": -3, ""number_of_major_vessels<=0"": -5, ""thal<=3"": -1, ""thal<=6"": -3}",
autoscore,visible,ionosphere,3,280,267,ok,0.1354,2,0.3784339300390286,0.2819954,0.09643853003902858,0.8196802920515516,0.86,0.3064148126095262,2.766982820001173,-1.6037191183849728,"{""a05<=0"": 5, ""a07<=0.03759"": 1}",
autoscore,visible,ionosphere,4,280,267,ok,0.1479,3,0.3755727872620227,0.22797815,0.1475946372620227,0.8202887327838929,0.86,0.3029307246847839,1.589768210149267,-1.605038484117254,"{""a05<=0"": 5, ""a07<=0"": 1, ""a07<=0.03759"": 1}",
autoscore,visible,ionosphere,5,280,267,ok,0.1168,4,0.3301223572087399,0.20648715,0.12363520720873988,0.8514021793240776,0.88,0.2687133149046788,1.4551187579245577,-1.7930522499282266,"{""a03<=0"": 5, ""a05<=0"": 4, ""a07<=0"": 1, ""a07<=0.03759"": 1}",
autoscore,visible,ionosphere,7,280,267,ok,0.1128,4,0.3181680484627149,0.14271712,0.1754509284627149,0.8641241219093976,0.88,0.2635338612652248,2.373222670396684,-1.8923022771923337,"{""a03<=0"": 5, ""a05<=0"": 4, ""a07<=0.03759"": 1, ""a28<=-1"": 1}",
autoscore,visible,ionosphere,10,280,267,ok,0.114,6,0.250422395544229,0.08583887,0.164583525544229,0.9360584103103048,0.9295652173913044,0.2233227545984749,1.7757070928829015,-1.1543517373955725,"{""a03<=0"": 5, ""a05<=0"": 4, ""a05<=0.06704"": 1, ""a07<=0.38431"": 1, ""a24<=-1"": 2, ""a27<=0.94305"": -1}",
autoscore,visible,ilpd,3,466,79,ok,0.1798,3,0.5241007734747327,0.50697218,0.017128593474732723,0.7245252771568561,0.7365343727852587,0.5261146693935411,0.2801327909835597,-2.509486680891011,"{""V4<=0.6"": 5, ""V5<=181"": 1, ""V5<=206"": 3}",
autoscore,visible,ilpd,4,466,79,ok,0.1492,3,0.5241007734747327,0.49795585,0.02614492347473274,0.7245252771568561,0.7365343727852587,0.5261146693935411,0.2801327909835597,-2.509486680891011,"{""V4<=0.6"": 5, ""V5<=181"": 1, ""V5<=206"": 3}",
autoscore,visible,ilpd,5,466,79,ok,0.1555,3,0.5241007734747327,0.49203517,0.032065603474732696,0.7245252771568561,0.7365343727852587,0.5261146693935411,0.2801327909835597,-2.509486680891011,"{""V4<=0.6"": 5, ""V5<=181"": 1, ""V5<=206"": 3}",
autoscore,visible,ilpd,7,466,79,ok,0.1209,5,0.5231987991793136,0.48346504,0.039733759179313544,0.7280814649235702,0.7374202693125442,0.5258532609863146,0.2450404314690152,-2.5251244813798763,"{""V4<=0.2"": 1, ""V4<=0.6"": 5, ""V5<=181"": 1, ""V5<=206"": 3, ""V6<=25"": 1}",
autoscore,visible,ilpd,10,466,79,ok,0.1829,9,0.5143792664965989,0.4735486,0.040830666496598944,0.7451285872338503,0.744330262225372,0.5217374890225202,0.1825593506966094,-3.005711060558421,"{""V1<=40"": 2, ""V2=Male"": 1, ""V3<=2"": 5, ""V4<=0.2"": 1, ""V4<=0.6"": 4, ""V5<=181"": 1, ""V5<=206"": 4, ""V6<=25"": 1, ""V10<=1"": -1}",
autoscore,visible,magic,3,10000,90,ok,0.8281,3,0.5342119937269545,0.47478487,0.05942712372695447,0.7609907366272735,0.7433826785667915,0.5498986664273909,0.6000180293771691,0.6087257085946115,"{""fAlpha:<=18.205"": -2, ""fAlpha:<=27.106"": -1, ""fAlpha:<=39.472"": -1}",
autoscore,visible,magic,4,10000,90,ok,0.9019,4,0.5268168429212244,0.45620114,0.07061570292122443,0.7752903971550871,0.7574093296248963,0.5435541022977409,0.334836696369279,0.6423565279179245,"{""fAlpha:<=11.711"": -3, ""fAlpha:<=18.205"": -1, ""fAlpha:<=27.106"": -2, ""fAlpha:<=39.472"": -2}",
autoscore,visible,magic,5,10000,90,ok,0.8239,5,0.4716556555379913,0.44183376,0.029821895537991305,0.8196702050869595,0.8001553136134874,0.4971208463148479,0.5626141082768756,3.177942660834284,"{""fLength:<=106.655"": -5, ""fAlpha:<=11.711"": -2, ""fAlpha:<=18.205"": -1, ""fAlpha:<=27.106"": -1, ""fAlpha:<=39.472"": -1}",
autoscore,visible,magic,7,10000,90,ok,0.8468,7,0.4697218734462491,0.4187976,0.05092427344624911,0.8279297723494043,0.8093692077602064,0.4935364801357959,0.5268547564874688,3.302823759570799,"{""fLength:<=106.655"": -5, ""fAlpha:<=7.388"": -1, ""fAlpha:<=11.711"": -1, ""fAlpha:<=18.205"": -1, ""fAlpha:<=27.106"": -1, ""fAlpha:<=39.472"": -1, ""fAlpha:<=53.8665"": -1}",
autoscore,visible,magic,10,10000,90,ok,0.89,10,0.4394772301325853,0.40023123,0.03924600013258528,0.8516760474194289,0.8385756064284255,0.4582054893823455,0.4262855661232135,3.940744847914418,"{""fLength:<=61.0809"": -2, ""fLength:<=106.655"": -5, ""fSize:<=2.42"": -2, ""fSize:<=2.5289"": -1, ""fAlpha:<=7.388"": -2, ""fAlpha:<=11.711"": -2, ""fAlpha:<=18.205"": -1, ""fAlpha:<=27.106"": -2, ""fAlpha:<=39.472"": -1, ""fAlpha:<=53.8665"": -1}",
autoscore,visible,haberman,3,244,27,ok,0.1135,3,0.5097937283320272,0.49061982,0.0191739083320272,0.7129780833691448,0.701086956521739,0.5416408226830287,0.4533477515124159,-0.0859146870699058,"{""Patients_year_of_operation=65"": 3, ""Number_of_positive_axillary_nodes_detected<=0"": -1, ""Number_of_positive_axillary_nodes_detected<=4"": -3}",
autoscore,visible,haberman,4,244,27,ok,0.1025,4,0.4985709951808371,0.48088484,0.017686155180837104,0.731886549204985,0.7255434782608696,0.5332222017774806,0.4682605586822222,0.1206460482694811,"{""Age_of_patient_at_time_of_operation<=42"": -2, ""Patients_year_of_operation=65"": 3, ""Number_of_positive_axillary_nodes_detected<=0"": -1, ""Number_of_positive_axillary_nodes_detected<=4"": -3}",
autoscore,visible,haberman,5,244,27,ok,0.1034,5,0.4965890383445574,0.47794564,0.018643398344557416,0.7415986248388484,0.719429347826087,0.535736623871516,0.4683810835448703,0.0688060194222918,"{""Age_of_patient_at_time_of_operation<=42"": -3, ""Age_of_patient_at_time_of_operation<=45"": 1, ""Patients_year_of_operation=65"": 3, ""Number_of_positive_axillary_nodes_detected<=0"": -1, ""Number_of_positive_axillary_nodes_detected<=4"": -3}",
autoscore,visible,haberman,7,244,27,ok,0.1051,7,0.4958752412660809,0.47310031,0.022774931266080878,0.7483025354533734,0.7241847826086956,0.5314043538669307,0.2785224377786257,0.13095135914564,"{""Age_of_patient_at_time_of_operation<=42"": -5, ""Age_of_patient_at_time_of_operation<=45"": 2, ""Patients_year_of_operation=65"": 5, ""Number_of_positive_axillary_nodes_detected<=0"": -1, ""Number_of_positive_axillary_nodes_detected<=1"": -1, ""Number_of_positive_axillary_nodes_detected<=4"": -4, ""Number_of_positive_axillary_nodes_detected<=7"": -1}",
autoscore,visible,haberman,10,244,27,ok,0.1008,8,0.4875146982645648,0.46599817,0.021516528264564794,0.7621400945423291,0.7160326086956522,0.5380833929885733,0.3219869008674112,-0.0615097375740828,"{""Age_of_patient_at_time_of_operation<=42"": -5, ""Age_of_patient_at_time_of_operation<=45"": 2, ""Patients_year_of_operation=58"": 3, ""Patients_year_of_operation=65"": 5, ""Patients_year_of_operation=59"": 3, ""Number_of_positive_axillary_nodes_detected<=0"": -1, ""Number_of_positive_axillary_nodes_detected<=4"": -4, ""Number_of_positive_axillary_nodes_detected<=7"": -1}",
l1path_seqround,visible,adult,3,10000,36,ok,0.0935,3,0.4587020225472863,0.40451518,0.05418684254728634,0.7690309501346058,0.768509166844624,0.4571980568165351,0.4232196031668868,0.0111916416845412,"{""HSDiploma"": -2, ""NeverMarried"": -5, ""Female"": -3}",
l1path_seqround,visible,adult,4,10000,36,ok,0.1934,4,0.4335306191511745,0.38816564,0.045364979151174545,0.8026756887386269,0.7958941743188318,0.4419850302221779,0.3806714254083249,-1.7232342569840062,"{""HSDiploma"": -2, ""Married"": 5, ""NeverMarried"": -2, ""Female"": -1}",
l1path_seqround,visible,adult,5,10000,36,ok,0.1409,4,0.4335306191511745,0.37728155,0.0562490691511745,0.8026756887386269,0.7958941743188318,0.4419850302221779,0.3806714254083249,-1.7232342569840062,"{""HSDiploma"": -2, ""Married"": 5, ""NeverMarried"": -2, ""Female"": -1}",
l1path_seqround,visible,adult,7,10000,36,ok,0.2674,6,0.3943171573097179,0.36328792,0.031029237309717905,0.8471442169848311,0.8385807406992498,0.403061880235739,0.4869742525326032,-1.035027969553984,"{""HSDiploma"": -3, ""NoHS"": -5, ""Married"": 4, ""NeverMarried"": -1, ""WorkHrsPerWeek_lt_40"": -2, ""Female"": -1}",
l1path_seqround,visible,adult,10,10000,36,ok,0.3225,8,0.3688155283108697,0.35342273,0.015392798310869704,0.8702805387906137,0.8677183361398081,0.3696575226542267,0.4692880098250281,-1.020040796798098,"{""Age_22_to_29"": -3, ""HSDiploma"": -3, ""NoHS"": -5, ""Married"": 4, ""NeverMarried"": -1, ""WorkHrsPerWeek_lt_40"": -2, ""Female"": -1, ""AnyCapitalGains"": 3}",
l1path_seqround,visible,bank,3,10000,57,ok,0.129,1,0.3086026107877727,0.28398526,0.024617350787772663,0.6647211343654262,0.6679233096074031,0.3094273399296519,0.7905149711983415,-0.1216247614723819,"{""euribor3m_geq_100"": -3}",
l1path_seqround,visible,bank,4,10000,57,ok,0.1395,1,0.3086026107877727,0.28178062,0.026821990787772698,0.6647211343654262,0.6679233096074031,0.3094273399296519,0.7905149711983415,-0.1216247614723819,"{""euribor3m_geq_100"": -3}",
l1path_seqround,visible,bank,5,10000,57,ok,0.293,5,0.2917756444072264,0.28084659,0.010929054407226413,0.7728424407063003,0.7659894224558577,0.2948305278041045,0.3429743465672906,-0.0170179031828122,"{""call_in_Q2"": -2, ""nr_employed_gt_5100"": -2, ""euribor3m_geq_100"": -3, ""euribor3m_geq_200"": -2, ""euribor3m_geq_400"": -1}",
l1path_seqround,visible,bank,7,10000,57,ok,0.3453,4,0.2919936288734525,0.27923804,0.012755588873452461,0.7728434915339322,0.7660653646183067,0.2948817105611701,0.4433418560194346,-0.0065796932049477,"{""call_in_Q2"": -2, ""nr_employed_gt_5100"": -2, ""euribor3m_geq_100"": -2, ""euribor3m_geq_200"": -2}",
l1path_seqround,visible,bank,10,10000,57,ok,0.5125,7,0.2822137980883666,0.27791022,0.004303578088366622,0.7841571521730516,0.7758259309709725,0.2866838446674892,0.2789491384389622,-0.3174871419791867,"{""married"": -1, ""call_in_Q2"": -3, ""called_before"": 1, ""calls_b4_campaign_successful"": 5, ""nr_employed_gt_5100"": -3, ""euribor3m_geq_100"": -2, ""euribor3m_geq_300"": -3}",
l1path_seqround,visible,breastcancer,3,546,9,ok,0.0386,3,0.089275810989675,0.08922706,4.8750989675008793e-05,0.9954870584765136,0.9873595505617976,0.1493133175638796,0.2459512001833551,-7.902410748858931,"{""ClumpThickness"": 2, ""UniformityOfCellSize"": 4, ""BareNuclei"": 2}",
l1path_seqround,visible,breastcancer,4,546,9,ok,0.066,3,0.089275810989675,0.07846697,0.010808840989675009,0.9954870584765136,0.9873595505617976,0.1493133175638796,0.2459512001833551,-7.902410748858931,"{""ClumpThickness"": 2, ""UniformityOfCellSize"": 4, ""BareNuclei"": 2}",
l1path_seqround,visible,breastcancer,5,546,9,ok,0.0487,3,0.089275810989675,0.07315004,0.016125770989675006,0.9954870584765136,0.9873595505617976,0.1493133175638796,0.2459512001833551,-7.902410748858931,"{""ClumpThickness"": 2, ""UniformityOfCellSize"": 4, ""BareNuclei"": 2}",
l1path_seqround,visible,breastcancer,7,546,9,ok,0.0724,7,0.0688561454393014,0.06746348,0.0013926654393013882,0.9968365164810854,0.9919241573033708,0.1324603843031084,0.1601797125366232,-10.125359944948592,"{""ClumpThickness"": 3, ""UniformityOfCellSize"": 1, ""UniformityOfCellShape"": 3, ""MarginalAdhesion"": 2, ""BareNuclei"": 2, ""BlandChromatin"": 4, ""NormalNucleoli"": 1}",
l1path_seqround,visible,breastcancer,10,546,9,ok,0.1539,9,0.0659242508434398,0.06592425,8.434397902323809e-10,0.9970356168424158,0.9915730337078652,0.1283955538286715,0.1593083644991322,-10.605231943948114,"{""ClumpThickness"": 3, ""UniformityOfCellSize"": 1, ""UniformityOfCellShape"": 2, ""MarginalAdhesion"": 2, ""SingleEpithelialCellSize"": 1, ""BareNuclei"": 2, ""BlandChromatin"": 4, ""NormalNucleoli"": 1, ""Mitoses"": 2}",
l1path_seqround,visible,mammo,3,768,14,ok,0.0317,3,0.4724962698668487,0.47233462,0.00016164986684868987,0.8466953474419112,0.8537165082108902,0.454858504428048,0.3747903770695925,-0.783250768491045,"{""IrregularShape"": 4, ""CircumscribedMargin"": -4, ""Age_geq_60"": 3}",
l1path_seqround,visible,mammo,4,768,14,ok,0.0374,3,0.4724962698668487,0.46720672,0.005289549866848653,0.8466953474419112,0.8537165082108902,0.454858504428048,0.3747903770695925,-0.783250768491045,"{""IrregularShape"": 4, ""CircumscribedMargin"": -4, ""Age_geq_60"": 3}",
l1path_seqround,visible,mammo,5,768,14,ok,0.0427,4,0.4700605506216845,0.46370461,0.006355940621684486,0.8483452874440929,0.8576598962834917,0.451021764674708,0.5585081086480845,-0.4418259817218063,"{""OvalShape"": -1, ""IrregularShape"": 2, ""CircumscribedMargin"": -3, ""Age_geq_60"": 2}",
l1path_seqround,visible,mammo,7,768,14,ok,0.0596,5,0.4656289110074889,0.45928719,0.006341721007488865,0.853912130467983,0.8564174589455489,0.4522943435539113,0.5390009850664685,-0.5099975525193409,"{""OvalShape"": -1, ""IrregularShape"": 2, ""CircumscribedMargin"": -3, ""SpiculatedMargin"": 1, ""Age_geq_60"": 2}",
l1path_seqround,visible,mammo,10,768,14,ok,0.218,8,0.4617387361549026,0.45827677,0.0034619661549025738,0.8590869422930076,0.8504753673293,0.4638644620977443,0.3168313181232783,-0.4938291387119752,"{""RoundShape"": -1, ""OvalShape"": -2, ""IrregularShape"": 3, ""CircumscribedMargin"": -5, ""ObscuredMargin"": -2, ""SpiculatedMargin"": 2, ""Age_geq_45"": 1, ""Age_geq_60"": 3}",
l1path_seqround,visible,mushroom,3,6499,113,ok,0.0956,3,0.2230567634457593,0.06494476,0.15811200344575932,0.9554645988622068,0.957954514429246,0.2170251219340747,1.9745838993693223,0.1522985453159347,"{""odor_eq_none"": -2, ""odor_eq_foul"": 4, ""stalk_surface_above_ring_eq_grooves"": 2}",
l1path_seqround,visible,mushroom,4,6499,113,ok,0.1077,3,0.2230567634457593,0.03151661,0.1915401534457593,0.9554645988622068,0.957954514429246,0.2170251219340747,1.9745838993693223,0.1522985453159347,"{""odor_eq_none"": -2, ""odor_eq_foul"": 4, ""stalk_surface_above_ring_eq_grooves"": 2}",
l1path_seqround,visible,mushroom,5,6499,113,ok,0.1328,4,0.1147331988576128,0.00913778,0.1055954188576128,0.9848014039495612,0.9836224339664424,0.1250521090242986,1.9447652670618505,-1.92994320025364,"{""odor_eq_none"": -2, ""odor_eq_foul"": 5, ""gill_size_eq_narrow"": 2, ""stalk_surface_above_ring_eq_grooves"": 2}",
l1path_seqround,visible,mushroom,7,6499,113,ok,0.1896,4,0.1147331988576128,0.0,0.1147331988576128,0.9848014039495612,0.9836224339664424,0.1250521090242986,1.9447652670618505,-1.92994320025364,"{""odor_eq_none"": -2, ""odor_eq_foul"": 5, ""gill_size_eq_narrow"": 2, ""stalk_surface_above_ring_eq_grooves"": 2}",
l1path_seqround,visible,mushroom,10,6499,113,ok,0.2902,5,0.1128914137349976,0.0,0.1128914137349976,0.9847971842113896,0.9840524446143252,0.122931056752678,2.4076730749605915,-0.33486627672989,"{""odor_eq_none"": -1, ""odor_eq_foul"": 4, ""gill_size_eq_narrow"": 1, ""gill_size_eq_broad"": -1, ""stalk_surface_above_ring_eq_grooves"": 1}",
l1path_seqround,visible,spambase,3,3680,57,ok,0.0714,1,0.5546967107984845,0.39815963,0.1565370807984845,0.8034294108551107,0.8070119573052125,0.5969800312014544,0.0268356323492593,-1.300925089646371,"{""CapitalRunLengthLongest"": 1}",
l1path_seqround,visible,spambase,4,3680,57,ok,0.1087,2,0.5038517051899756,0.3626631,0.14118860518997556,0.7499704654399258,0.7598739101671653,0.4999568818130413,1.607663285557953,0.2373498237037095,"{""WordFreqHP"": -2, ""WordFreqGeorge"": -4}",
l1path_seqround,visible,spambase,5,3680,57,ok,0.1496,2,0.5038517051899756,0.33604553,0.1678061751899756,0.7499704654399258,0.7598739101671653,0.4999568818130413,1.607663285557953,0.2373498237037095,"{""WordFreqHP"": -2, ""WordFreqGeorge"": -4}",
l1path_seqround,visible,spambase,7,3680,57,ok,0.1634,3,0.4554790732126764,0.29812607,0.15735300321267637,0.8101068501623627,0.8065478835273555,0.4652370066577088,1.621198899331037,0.4928467822761154,"{""WordFreqHP"": -2, ""WordFreqGeorge"": -5, ""WordFreqEDU"": -2}",
l1path_seqround,visible,spambase,10,3680,57,ok,0.6061,4,0.4150957526562872,0.26602068,0.14907507265628717,0.8865644038967064,0.8955389673864746,0.4137028792740274,1.7031328725421186,0.1539001642877025,"{""WordFreqFree"": 1, ""WordFreqHP"": -2, ""WordFreqGeorge"": -5, ""WordFreqEDU"": -2}",
l1path_seqround,visible,fico,3,8000,142,ok,0.3294,2,0.6055266622514537,0.59185565,0.013671012251453729,0.7241523750000001,0.7250505,0.6041987389449756,0.3471677217368456,-0.2826990350713291,"{""ExternalRiskEstimate<=71"": 4, ""NetFractionRevolvingBurden<=35"": -2}",
l1path_seqround,visible,fico,4,8000,142,ok,0.2692,2,0.6055266622514537,0.57853942,0.026987242251453658,0.7241523750000001,0.7250505,0.6041987389449756,0.3471677217368456,-0.2826990350713291,"{""ExternalRiskEstimate<=71"": 4, ""NetFractionRevolvingBurden<=35"": -2}",
l1path_seqround,visible,fico,5,8000,142,ok,0.3309,5,0.594924016620083,0.56952927,0.02539474662008301,0.742628875,0.7446275,0.5912219307674244,0.2179695745049878,-0.4764675759184226,"{""ExternalRiskEstimate<=68"": 3, ""ExternalRiskEstimate<=71"": 1, ""ExternalRiskEstimate<=74"": 4, ""NetFractionRevolvingBurden<=35"": -1, ""NetFractionRevolvingBurden<=46"": -2}",
l1path_seqround,visible,fico,7,8000,142,ok,0.3296,5,0.594924016620083,0.56055096,0.03437305662008294,0.742628875,0.7446275,0.5912219307674244,0.2179695745049878,-0.4764675759184226,"{""ExternalRiskEstimate<=68"": 3, ""ExternalRiskEstimate<=71"": 1, ""ExternalRiskEstimate<=74"": 4, ""NetFractionRevolvingBurden<=35"": -1, ""NetFractionRevolvingBurden<=46"": -2}",
l1path_seqround,visible,fico,10,8000,142,ok,0.3981,7,0.5905535554180302,0.55416962,0.0363839354180302,0.7521877187499999,0.755105,0.5870382513486181,0.312770079986515,0.0001645239864645,"{""ExternalRiskEstimate<=68"": 2, ""ExternalRiskEstimate<=71"": 1, ""ExternalRiskEstimate<=74"": 2, ""MSinceMostRecentDelq<=-7"": -1, ""NetFractionRevolvingBurden<=35"": -1, ""NetFractionRevolvingBurden<=59"": -1, ""PercentTradesWBalance<=71"": -1}",
l1path_seqround,visible,compas,3,4222,32,ok,0.0708,3,0.6281373833772355,0.62253821,0.005599173377235478,0.6950018645725805,0.6970877141201413,0.6268891004797932,0.2028229179436311,0.1701060809699903,"{""age<=34"": 4, ""priors_count<=1"": -3, ""priors_count<=2"": -4}",
l1path_seqround,visible,compas,4,4222,32,ok,0.0808,4,0.6265855931510144,0.61579658,0.010789013151014326,0.6982685822222462,0.7014412053717656,0.6254210903527345,0.2091769574387947,0.2154535220584007,"{""age<=31"": 2, ""age<=34"": 2, ""priors_count<=1"": -3, ""priors_count<=2"": -4}",
l1path_seqround,visible,compas,5,4222,32,ok,0.0836,4,0.6265855931510144,0.61211833,0.01446726315101432,0.6982685822222462,0.7014412053717656,0.6254210903527345,0.2091769574387947,0.2154535220584007,"{""age<=31"": 2, ""age<=34"": 2, ""priors_count<=1"": -3, ""priors_count<=2"": -4}",
l1path_seqround,visible,compas,7,4222,32,ok,0.0976,4,0.6265855931510144,0.60822652,0.01835907315101437,0.6982685822222462,0.7014412053717656,0.6254210903527345,0.2091769574387947,0.2154535220584007,"{""age<=31"": 2, ""age<=34"": 2, ""priors_count<=1"": -3, ""priors_count<=2"": -4}",
l1path_seqround,visible,compas,10,4222,32,ok,0.1115,8,0.6165774534903042,0.60556055,0.011016903490304264,0.717658785920045,0.7153133469871105,0.620440175707717,0.1816783473142426,0.2028671786127333,"{""age<=29"": 3, ""age<=34"": 1, ""age<=39"": 2, ""priors_count<=0"": -2, ""priors_count<=1"": -2, ""priors_count<=2"": -2, ""priors_count<=4"": -4, ""race_African-American=1"": 1}",
l1path_seqround,visible,australian,3,552,79,ok,0.0353,3,0.3538556206909681,0.33798725,0.01586837069096808,0.9089749721026622,0.8674685969767937,0.4289470668487278,0.4771374088059969,0.0521493687236655,"{""A8=1"": 4, ""A8=0"": -4, ""A9=0"": -3}",
l1path_seqround,visible,australian,4,552,79,ok,0.0513,3,0.3538556206909681,0.32665632,0.027199300690968098,0.9089749721026622,0.8674685969767937,0.4289470668487278,0.4771374088059969,0.0521493687236655,"{""A8=1"": 4, ""A8=0"": -4, ""A10<=1"": -3}",
l1path_seqround,visible,australian,5,552,79,ok,0.036,3,0.3538556206909681,0.31742252,0.03643310069096811,0.9089749721026622,0.8674685969767937,0.4289470668487278,0.4771374088059969,0.0521493687236655,"{""A8=1"": 4, ""A8=0"": -4, ""A9=0"": -3}",
l1path_seqround,visible,australian,7,552,79,ok,0.0573,6,0.3287558968433181,0.30383905,0.024916846843318075,0.925872788139646,0.901532893336172,0.386499891255767,0.5664129428969822,0.5013505076604047,"{""A7<=26"": -1, ""A8=1"": 4, ""A8=0"": -2, ""A9=1"": 1, ""A10<=3"": -2, ""A14<=87"": -2}",
l1path_seqround,visible,australian,10,552,79,ok,0.0816,7,0.3263776547531173,0.28999338,0.036384274753117285,0.9278256017854296,0.9064296359378328,0.3755469393377864,0.4105853669087502,0.928527423495098,"{""A7<=26"": -2, ""A8=1"": 5, ""A8=0"": -3, ""A9=1"": 2, ""A10<=3"": -2, ""A14<=87"": -2, ""A14<=126"": -2}",
l1path_seqround,visible,heart,3,216,57,ok,0.0243,2,0.4440700736484999,0.39413199,0.04993808364849989,0.8599826388888889,0.7750000000000001,0.554756377754517,0.4787301852582092,1.9376469747060328,"{""chest<=3"": -4, ""thal<=3"": -5}",
l1path_seqround,visible,heart,4,216,57,ok,0.0395,4,0.4230336087528324,0.35610761,0.0669259987528324,0.8826822916666668,0.8430555555555557,0.4856407160923245,0.5318013361857876,1.0518395208732934,"{""chest<=3"": -3, ""maximum_heart_rate_achieved<=147"": 2, ""exercise_induced_angina=1"": 1, ""thal<=3"": -4}",
l1path_seqround,visible,heart,5,216,57,ok,0.044,4,0.4230336087528324,0.33644466,0.0865889487528324,0.8826822916666668,0.8430555555555557,0.4856407160923245,0.5318013361857876,1.0518395208732934,"{""chest<=3"": -3, ""maximum_heart_rate_achieved<=147"": 2, ""exercise_induced_angina=1"": 1, ""thal<=3"": -4}",
l1path_seqround,visible,heart,7,216,57,ok,0.0305,4,0.4230336087528324,0.31496988,0.10806372875283243,0.8826822916666668,0.8430555555555557,0.4856407160923245,0.5318013361857876,1.0518395208732934,"{""chest<=3"": -3, ""maximum_heart_rate_achieved<=147"": 2, ""exercise_induced_angina=1"": 1, ""thal<=3"": -4}",
l1path_seqround,visible,heart,10,216,57,ok,0.0601,9,0.3278289011260567,0.27914686,0.04868204112605673,0.9312065972222222,0.8798611111111112,0.4271559763744438,0.4668519905988879,1.901222327895088,"{""sex=1"": 3, ""chest<=3"": -4, ""maximum_heart_rate_achieved<=147"": -1, ""maximum_heart_rate_achieved<=171"": 2, ""exercise_induced_angina=1"": 1, ""oldpeak<=0.6"": -3, ""slope<=1"": -2, ""number_of_major_vessels<=0"": -4, ""thal<=3"": -3}",
l1path_seqround,visible,ionosphere,3,280,267,ok,0.0398,3,0.305497956341812,0.2819954,0.023502556341811975,0.9034791747331156,0.9321739130434782,0.2242156300580763,2.323068480142203,6.813236876332612,"{""a01=1"": -3, ""a05<=0.06704"": 2, ""a27<=0.94305"": -1}",
l1path_seqround,visible,ionosphere,4,280,267,ok,0.0526,3,0.305497956341812,0.22797815,0.07751980634181199,0.9034791747331156,0.9321739130434782,0.2242156300580763,2.323068480142203,6.813236876332612,"{""a01=1"": -3, ""a05<=0.06704"": 2, ""a27<=0.94305"": -1}",
l1path_seqround,visible,ionosphere,5,280,267,ok,0.0512,3,0.305497956341812,0.20648715,0.09901080634181197,0.9034791747331156,0.9321739130434782,0.2242156300580763,2.323068480142203,6.813236876332612,"{""a01=1"": -3, ""a05<=0.06704"": 2, ""a27<=0.94305"": -1}",
l1path_seqround,visible,ionosphere,7,280,267,ok,0.0461,5,0.2779165353090942,0.14271712,0.1351994153090942,0.9276785220421484,0.9182608695652176,0.2708003808661298,1.6963481828208553,7.098277854064474,"{""a01=1"": -5, ""a03<=0.60678"": 1, ""a05<=0.06704"": 2, ""a07<=0.38431"": 1, ""a27<=0.94305"": -1}",
l1path_seqround,visible,ionosphere,10,280,267,ok,0.0724,7,0.203479977381121,0.08583887,0.117641107381121,0.9584047790253888,0.9504347826086956,0.222353814670781,2.2010447186821454,8.589006654594607,"{""a01=1"": -3, ""a03<=0.76046"": 1, ""a05<=0"": 5, ""a07<=0.38431"": 1, ""a11<=0.9982"": -1, ""a22<=0.82162"": -1, ""a27<=0.94305"": -1}",
l1path_seqround,visible,ilpd,3,466,79,ok,0.0436,2,0.5836519755053032,0.50697218,0.07667979550530324,0.5932511458827249,0.5643160878809355,0.5914081045224994,0.2908189727372552,-0.0037020850999217,"{""V9<=4.1"": -2, ""V10<=1"": -2}",
l1path_seqround,visible,ilpd,4,466,79,ok,0.0332,2,0.5836519755053032,0.49795585,0.08569612550530326,0.5932511458827249,0.5643160878809355,0.5914081045224994,0.2908189727372552,-0.0037020850999217,"{""V9<=4.1"": -2, ""V10<=1"": -2}",
l1path_seqround,visible,ilpd,5,466,79,ok,0.0392,3,0.5726705858182438,0.49203517,0.0806354158182438,0.6372236898552688,0.6135719347980155,0.5849412090404349,0.263797498235335,0.0354238466515631,"{""V9<=4.1"": -2, ""V10<=0.87"": -3, ""V10<=1.1"": -1}",
l1path_seqround,visible,ilpd,7,466,79,ok,0.0729,4,0.5398823005645392,0.48346504,0.05641726056453922,0.7095554200817358,0.6697377746279234,0.5713699690908811,0.2425716902047914,-0.9963513963881006,"{""V4<=0.3"": 5, ""V9<=4.1"": -1, ""V10<=0.87"": -3, ""V10<=1.1"": -1}",
l1path_seqround,visible,ilpd,10,466,79,ok,0.0819,5,0.517455960980583,0.4735486,0.04390736098058301,0.7407369775790827,0.739900779588944,0.5238746371992551,0.4495900275727928,-1.845726129270974,"{""V3<=1.4"": 1, ""V4<=0.6"": 2, ""V5<=206"": 2, ""V9<=4.1"": -1, ""V10<=0.87"": -1}",
l1path_seqround,visible,magic,3,10000,90,ok,0.1725,3,0.5342119937269545,0.47478487,0.05942712372695447,0.7609907366272735,0.7433826785667915,0.5498986664273909,0.6000180293771691,0.6087257085946115,"{""fAlpha:<=18.205"": -2, ""fAlpha:<=27.106"": -1, ""fAlpha:<=39.472"": -1}",
l1path_seqround,visible,magic,4,10000,90,ok,0.2431,3,0.5342119937269545,0.45620114,0.07801085372695449,0.7609907366272735,0.7433826785667915,0.5498986664273909,0.6000180293771691,0.6087257085946115,"{""fAlpha:<=18.205"": -2, ""fAlpha:<=27.106"": -1, ""fAlpha:<=39.472"": -1}",
l1path_seqround,visible,magic,5,10000,90,ok,0.3425,5,0.4707369009563712,0.44183376,0.0289031409563712,0.8256110341444312,0.8093656986410587,0.4931424065112791,0.5502554375069515,2.233445065109516,"{""fLength:<=46.2915"": -2, ""fLength:<=80.2483"": -2, ""fAlpha:<=11.711"": -3, ""fAlpha:<=18.205"": -1, ""fAlpha:<=27.106"": -2}",
l1path_seqround,visible,magic,7,10000,90,ok,0.3629,5,0.4707369009563712,0.4187976,0.051939300956371226,0.8256110341444312,0.8093656986410587,0.4931424065112791,0.5502554375069515,2.233445065109516,"{""fLength:<=46.2915"": -2, ""fLength:<=80.2483"": -2, ""fAlpha:<=11.711"": -3, ""fAlpha:<=18.205"": -1, ""fAlpha:<=27.106"": -2}",
l1path_seqround,visible,magic,10,10000,90,ok,0.5232,10,0.4429998796023962,0.40023123,0.04276864960239618,0.8522695929913064,0.8420292814938181,0.4574684766743101,0.3571813376691225,1.3961978806840982,"{""fLength:<=46.2915"": -2, ""fSize:<=2.42"": -2, ""fSize:<=2.5289"": -1, ""fAsym:<=-29.279"": 2, ""fM3Long:<=-34.8805"": 4, ""fAlpha:<=7.388"": -3, ""fAlpha:<=11.711"": -2, ""fAlpha:<=18.205"": -2, ""fAlpha:<=27.106"": -2, ""fAlpha:<=39.472"": -2}",
l1path_seqround,visible,haberman,3,244,27,ok,0.0365,1,0.5269320992669804,0.49061982,0.036312279266980385,0.6672539750752041,0.6222826086956521,0.5391229188799168,0.3984991819864054,0.0625203569813337,"{""Number_of_positive_axillary_nodes_detected<=4"": -4}",
l1path_seqround,visible,haberman,4,244,27,ok,0.0401,4,0.5244158323062528,0.48088484,0.04353099230625279,0.686850021486893,0.7364130434782609,0.5141825878197556,0.1957774691568284,0.1088560430600808,"{""Number_of_positive_axillary_nodes_detected<=1"": -2, ""Number_of_positive_axillary_nodes_detected<=2"": -1, ""Number_of_positive_axillary_nodes_detected<=4"": -5, ""Number_of_positive_axillary_nodes_detected<=7"": -1}",
l1path_seqround,visible,haberman,5,244,27,ok,0.0544,4,0.5131807930063942,0.47794564,0.03523515300639418,0.7132359260850882,0.7445652173913043,0.5100620848791302,0.3613417346376286,0.37234361277189,"{""Age_of_patient_at_time_of_operation<=42"": -3, ""Number_of_positive_axillary_nodes_detected<=1"": -1, ""Number_of_positive_axillary_nodes_detected<=4"": -3, ""Number_of_positive_axillary_nodes_detected<=7"": -1}",
l1path_seqround,visible,haberman,7,244,27,ok,0.0495,4,0.5131807930063942,0.47310031,0.04008048300639416,0.7132359260850882,0.7445652173913043,0.5100620848791302,0.3613417346376286,0.37234361277189,"{""Age_of_patient_at_time_of_operation<=42"": -3, ""Number_of_positive_axillary_nodes_detected<=1"": -1, ""Number_of_positive_axillary_nodes_detected<=4"": -3, ""Number_of_positive_axillary_nodes_detected<=7"": -1}",
l1path_seqround,visible,haberman,10,244,27,ok,0.0582,8,0.4740560160889174,0.46599817,0.008057846088917409,0.7696175333046842,0.673233695652174,0.5523107563727072,0.4297969162862164,0.4585209774149649,"{""Age_of_patient_at_time_of_operation<=38"": -3, ""Age_of_patient_at_time_of_operation<=42"": -1, ""Patients_year_of_operation=58"": 1, ""Patients_year_of_operation=65"": 3, ""Patients_year_of_operation=61"": -5, ""Number_of_positive_axillary_nodes_detected<=0"": -1, ""Number_of_positive_axillary_nodes_detected<=4"": -3, ""Number_of_positive_axillary_nodes_detected<=7"": -1}",
cpa_highs,visible,adult,3,10000,36,over_limit,60.003,3,0.4081131107232396,0.40451518,0.0035979307232396063,0.833363646249418,0.8246348665670107,0.4190554384296654,0.8717873083392581,-2.144667667663253,"{""HSDiploma"": -1, ""NoHS"": -3, ""Married"": 3}",time it=50 gap=6.87e-02
cpa_highs,visible,adult,4,10000,36,over_limit,60.0039,4,0.4209918914435628,0.38816564,0.032826251443562826,0.8144557164124503,0.7978887550805359,0.4372194914529954,0.7231164005321772,-2.751168491676121,"{""Bachelors"": 2, ""JobManagerial"": 2, ""Married"": 2, ""AnyCapitalGains"": 3}",time it=41 gap=1.56e-01
cpa_highs,visible,adult,5,10000,36,over_limit,60.0025,5,0.4145050122392725,0.37728155,0.037223462239272476,0.8203172041999097,0.8042440197585149,0.4277178368653154,0.5207986001227422,-2.827377190525908,"{""SelfEmployedInc"": 5, ""Bachelors"": 3, ""Graduate"": 4, ""Married"": 3, ""AnyCapitalGains"": 3}",time it=32 gap=2.53e-01
cpa_highs,visible,adult,7,10000,36,over_limit,60.0026,3,0.4587020225472863,0.36328792,0.09541410254728633,0.7690309501346058,0.768509166844624,0.4571980568165351,0.4232196031668868,0.0111916416845412,"{""HSDiploma"": -2, ""NeverMarried"": -5, ""Female"": -3}",time it=27 gap=3.47e-01
cpa_highs,visible,adult,10,10000,36,over_limit,60.003,6,0.3845699846544423,0.35342273,0.03114725465444229,0.8570130813953488,0.8524627252327157,0.3889900468747059,0.4953950720239495,-0.9323817105505744,"{""Age_22_to_29"": -3, ""HSDiploma"": -3, ""NoHS"": -5, ""Married"": 4, ""WorkHrsPerWeek_lt_40"": -2, ""Female"": -1}",time it=14 gap=3.20e-01
cpa_highs,visible,bank,3,10000,57,over_limit,60.0033,1,0.3086026107877727,0.28398526,0.024617350787772663,0.6647211343654262,0.6679233096074031,0.3094273399296519,0.7905149711983415,-0.1216247614723819,"{""euribor3m_geq_100"": -3}",time it=29 gap=7.64e-02
cpa_highs,visible,bank,4,10000,57,over_limit,60.0029,1,0.3086026107877727,0.28178062,0.026821990787772698,0.6647211343654262,0.6679233096074031,0.3094273399296519,0.7905149711983415,-0.1216247614723819,"{""euribor3m_geq_100"": -3}",time it=18 gap=1.11e-01
cpa_highs,visible,bank,5,10000,57,over_limit,60.0029,1,0.3086026107877727,0.28084659,0.027756020787772673,0.6647211343654262,0.6679233096074031,0.3094273399296519,0.7905149711983415,-0.1216247614723819,"{""euribor3m_geq_100"": -3}",time it=18 gap=1.25e-01
cpa_highs,visible,bank,7,10000,57,over_limit,60.0072,1,0.3086026107877727,0.27923804,0.02936457078777266,0.6647211343654262,0.6679233096074031,0.3094273399296519,0.7905149711983415,-0.1216247614723819,"{""euribor3m_geq_100"": -3}",time it=16 gap=1.57e-01
cpa_highs,visible,bank,10,10000,57,over_limit,60.0032,1,0.3086026107877727,0.27791022,0.030692390787772694,0.6647211343654262,0.6679233096074031,0.3094273399296519,0.7905149711983415,-0.1216247614723819,"{""euribor3m_geq_100"": -3}",time it=17 gap=1.84e-01
cpa_highs,visible,breastcancer,3,546,9,ok,33.1,3,0.1022366992865486,0.08922706,0.013009639286548608,0.9930462355283534,0.9815074906367042,0.1858543884696121,0.8371451518377067,-10.221518750851924,"{""ClumpThickness"": 1, ""UniformityOfCellSize"": 1, ""BlandChromatin"": 1}",
cpa_highs,visible,breastcancer,4,546,9,ok,35.5445,4,0.0875026340014311,0.07846697,0.009035664001431104,0.9953764471646634,0.9897003745318352,0.1532070607590553,0.6866014573110213,-10.645040809506394,"{""ClumpThickness"": 1, ""UniformityOfCellShape"": 1, ""MarginalAdhesion"": 1, ""BlandChromatin"": 1}",
cpa_highs,visible,breastcancer,5,546,9,ok,41.1563,4,0.0875026340014311,0.07315004,0.014352594001431102,0.9953764471646634,0.9897003745318352,0.1532070607590553,0.6866014573110213,-10.645040809506394,"{""ClumpThickness"": 1, ""UniformityOfCellShape"": 1, ""MarginalAdhesion"": 1, ""BlandChromatin"": 1}",
cpa_highs,visible,breastcancer,7,546,9,ok,32.7708,4,0.0875026340014311,0.06746348,0.020039154001431095,0.9953764471646634,0.9897003745318352,0.1532070607590553,0.6866014573110213,-10.645040809506394,"{""ClumpThickness"": 1, ""UniformityOfCellShape"": 1, ""MarginalAdhesion"": 1, ""BlandChromatin"": 1}",
cpa_highs,visible,breastcancer,10,546,9,ok,26.0898,4,0.0875026340014311,0.06592425,0.021578384001431097,0.9953764471646634,0.9897003745318352,0.1532070607590553,0.6866014573110213,-10.645040809506394,"{""ClumpThickness"": 1, ""UniformityOfCellShape"": 1, ""MarginalAdhesion"": 1, ""BlandChromatin"": 1}",
cpa_highs,visible,mammo,3,768,14,ok,32.3038,3,0.4789162315123038,0.47233462,0.006581611512303798,0.8450317715719429,0.8503673292999135,0.4642937443665449,0.976437509704838,-1.0870988903096013,"{""IrregularShape"": 2, ""CircumscribedMargin"": -1, ""Age_geq_60"": 1}",
cpa_highs,visible,mammo,4,768,14,over_limit,60.0027,4,0.4710209167107598,0.46720672,0.0038141967107597763,0.8478714410385078,0.8455596369922211,0.4702473583323103,1.0582352895889855,-0.2083479011920354,"{""IrregularShape"": 1, ""CircumscribedMargin"": -2, ""ObscuredMargin"": -1, ""Age_geq_60"": 1}",time it=80 gap=6.24e-03
cpa_highs,visible,mammo,5,768,14,over_limit,60.0025,5,0.4674965406570008,0.46370461,0.003791930657000786,0.8502031744300207,0.8531222990492654,0.4645672408491998,0.8778342529718097,-4.507144275140611,"{""OvalShape"": -1, ""IrregularShape"": 1, ""CircumscribedMargin"": -2, ""Age_geq_30"": 5, ""Age_geq_60"": 1}",time it=57 gap=1.86e-02
cpa_highs,visible,mammo,7,768,14,ok,59.8865,7,0.4780392015009466,0.45928719,0.018752011500946575,0.846865795789244,0.8305963699222125,0.511198235245501,0.999422762930465,-1.6467208162283475,"{""IrregularShape"": 1, ""CircumscribedMargin"": -1, ""MicrolobulatedMargin"": 2, ""SpiculatedMargin"": 1, ""Age_lt_30"": -5, ""Age_geq_45"": 1, ""Age_geq_60"": 1}",
cpa_highs,visible,mammo,10,768,14,over_limit,60.025,5,0.4651998668313781,0.45827677,0.006923096831378095,0.8527019472019199,0.8471802074330165,0.4874191376716707,1.2159689165452057,-0.9085714346259548,"{""IrregularShape"": 1, ""CircumscribedMargin"": -1, ""SpiculatedMargin"": 1, ""Age_lt_30"": -5, ""Age_geq_60"": 1}",time it=12 gap=9.26e-02
cpa_highs,visible,mushroom,3,6499,113,ok,59.613,3,0.0680752498755952,0.06494476,0.0031304898755951938,0.9845196297478456,0.9853128991060024,0.065323380223278,6.344224451671205,28.17435286210935,"{""odor_eq_almond"": -5, ""odor_eq_anise"": -5, ""odor_eq_none"": -5}",
cpa_highs,visible,mushroom,4,6499,113,over_limit,60.0046,4,0.055526162476178,0.03151661,0.024009552476177996,0.9941853904509506,0.9913436657232216,0.0628998315405055,3.2237770066500024,10.51547532564193,"{""odor_eq_almond"": -5, ""odor_eq_anise"": -5, ""odor_eq_none"": -5, ""population_eq_several"": 1}",time it=57 gap=5.58e-02
cpa_highs,visible,mushroom,5,6499,113,over_limit,60.0065,5,0.0566238612877332,0.00913778,0.047486081287733205,0.9941853904509506,0.9913436657232216,0.067084319851364,2.1415729679045543,4.151569884412379,"{""odor_eq_almond"": -5, ""odor_eq_anise"": -5, ""odor_eq_none"": -5, ""odor_eq_foul"": 5, ""population_eq_several"": 2}",time it=50 gap=7.87e-02
cpa_highs,visible,mushroom,7,6499,113,over_limit,60.0079,7,0.0973219509283596,0.0,0.0973219509283596,0.9899409028039732,0.9904806108426388,0.0970137415073035,1.1969546869194745,9.071010122002429,"{""odor_eq_almond"": -5, ""odor_eq_anise"": -5, ""odor_eq_none"": -5, ""gill_spacing_eq_crowded"": -3, ""gill_size_eq_broad"": -5, ""spore_print_color_eq_brown"": -5, ""spore_print_color_eq_white"": -1}",time it=107 gap=1.04e-01
cpa_highs,visible,mushroom,10,6499,113,ok,59.55,10,0.103380439178823,0.0,0.103380439178823,0.9894942269240536,0.9877253574321312,0.1105024002815739,0.8338199013863755,-0.2890003536318593,"{""odor_eq_anise"": -5, ""odor_eq_none"": -5, ""odor_eq_foul"": 5, ""odor_eq_spicy"": 2, ""gill_spacing_eq_crowded"": -5, ""gill_size_eq_broad"": -5, ""stalk_root_eq_rooted"": -5, ""stalk_color_below_ring_eq_yellow"": 5, ""veil_color_eq_white"": 5, ""veil_color_eq_brown"": -5}",
cpa_highs,visible,spambase,3,3680,57,over_limit,60.0028,3,0.4670717693688763,0.39815963,0.0689121393688763,0.8000419050564404,0.7931341765652618,0.4778661526646974,1.0431604684201958,-0.210016990236622,"{""WordFreq0"": 5, ""WordFreqHPL"": -5, ""WordFreqGeorge"": -5}",time it=52 gap=2.96e-01
cpa_highs,visible,spambase,4,3680,57,over_limit,60.0034,4,0.4173681912364037,0.3626631,0.05470509123640366,0.8863970929333539,0.8936481135894625,0.4159939395979654,0.9391609307048588,0.1186474556752494,"{""WordFreqFree"": 2, ""WordFreqHP"": -3, ""WordFreqGeorge"": -5, ""WordFreqEDU"": -5}",time it=46 gap=3.53e-01
cpa_highs,visible,spambase,5,3680,57,over_limit,60.0048,5,0.3682437892265195,0.33604553,0.03219825922651953,0.8954451832379775,0.9065854043859912,0.3846999888180585,0.9301436882613272,-0.5206565398332001,"{""WordFreqRemove"": 5, ""WordFreqCredit"": 5, ""WordFreq0"": 5, ""WordFreqHP"": -5, ""WordFreqGeorge"": -4}",time it=61 gap=3.81e-01
cpa_highs,visible,spambase,7,3680,57,over_limit,60.0033,7,0.3847731523467043,0.29812607,0.08664708234670426,0.9292959641255606,0.9293521727539322,0.4389975739038681,0.7321157972381483,-0.9184620018381487,"{""WordFreq0"": 5, ""WordFreqMoney"": 5, ""WordFreqHP"": -4, ""WordFreqMeeting"": -5, ""WordFreqProject"": -5, ""CharFreqExcalamationMark"": 2, ""CharFreqDollarSign"": 5}",time it=93 gap=3.93e-01
cpa_highs,visible,spambase,10,3680,57,over_limit,60.0048,10,0.3500201005644355,0.26602068,0.08399942056443549,0.930975104376063,0.9273304896472052,0.3899758069044796,0.810299196438114,-0.5980938586067548,"{""WordFreqOur"": 1, ""WordFreqRemove"": 5, ""WordFreqCredit"": 5, ""WordFreq0"": 5, ""WordFreqHPL"": -5, ""WordFreqGeorge"": -3, ""WordFreqProject"": -5, ""WordFreqEDU"": -2, ""CharFreqSemicolon"": -5, ""CharFreqDollarSign"": 1}",time it=133 gap=3.59e-01
cpa_highs,visible,fico,3,8000,142,over_limit,60.0071,0,0.6931471805599453,0.59185565,0.10129153055994533,0.5,0.5,0.6931471805599454,0.0,0.0,{},time it=13 gap=3.88e-01
cpa_highs,visible,fico,4,8000,142,over_limit,60.0054,0,0.6931471805599453,0.57853942,0.11460776055994526,0.5,0.5,0.6931471805599454,0.0,0.0,{},time it=11 gap=4.71e-01
cpa_highs,visible,fico,5,8000,142,over_limit,60.0101,0,0.6931471805599453,0.56952927,0.12361791055994531,0.5,0.5,0.6931471805599454,0.0,0.0,{},time it=9 gap=5.55e-01
cpa_highs,visible,fico,7,8000,142,over_limit,60.0043,0,0.6931471805599453,0.56055096,0.13259622055994524,0.5,0.5,0.6931471805599454,0.0,0.0,{},time it=5 gap=6.93e-01
cpa_highs,visible,fico,10,8000,142,over_limit,60.0056,0,0.6931471805599453,0.55416962,0.13897756055994526,0.5,0.5,0.6931471805599454,0.0,0.0,{},time it=8 gap=6.93e-01
cpa_highs,visible,compas,3,4222,32,over_limit,60.0023,3,0.6383580059670831,0.62253821,0.01581979596708316,0.674620600014052,0.6822167351155232,0.6313062746615763,0.8479862662622515,-0.9159316424371914,"{""sex=1"": 1, ""age<=34"": 1, ""priors_count<=1"": -1}",time it=34 gap=7.21e-02
cpa_highs,visible,compas,4,4222,32,over_limit,60.0029,1,0.650370669262222,0.61579658,0.03457408926222194,0.6394677771232258,0.6281841316233717,0.6567790389292497,0.5987996086024495,0.6027402145691775,"{""priors_count<=2"": -2}",time it=18 gap=1.89e-01
cpa_highs,visible,compas,5,4222,32,over_limit,60.0046,1,0.650370669262222,0.61211833,0.038252339262221935,0.6394677771232258,0.6281841316233717,0.6567790389292497,0.5987996086024495,0.6027402145691775,"{""priors_count<=2"": -2}",time it=12 gap=2.36e-01
cpa_highs,visible,compas,7,4222,32,over_limit,60.0055,1,0.650370669262222,0.60822652,0.042144149262221986,0.6394677771232258,0.6281841316233717,0.6567790389292497,0.5987996086024495,0.6027402145691775,"{""priors_count<=2"": -2}",time it=7 gap=3.20e-01
cpa_highs,visible,compas,10,4222,32,over_limit,60.0081,1,0.650370669262222,0.60556055,0.044810119262222003,0.6394677771232258,0.6281841316233717,0.6567790389292497,0.5987996086024495,0.6027402145691775,"{""priors_count<=2"": -2}",time it=7 gap=4.34e-01
cpa_highs,visible,australian,3,552,79,over_limit,60.0357,3,0.3639441823889821,0.33798725,0.025956932388982057,0.9071882140390032,0.890461997019374,0.3934247748469637,0.5985599401321964,2.619087132257898,"{""A8=1"": 5, ""A10<=6"": -5, ""A14<=126"": -4}",time it=27 gap=1.82e-01
cpa_highs,visible,australian,4,552,79,over_limit,60.0235,2,0.3857270771832575,0.32665632,0.059070757183257494,0.8633030447951539,0.8565041515861187,0.4199589115649202,0.6741295288357656,-0.7543581458811403,"{""A8=1"": 3, ""A8=0"": -3}",time it=23 gap=2.86e-01
cpa_highs,visible,australian,5,552,79,over_limit,60.0467,2,0.3857270771832575,0.31742252,0.06830455718325751,0.8633030447951539,0.8565041515861187,0.4199589115649202,0.6741295288357656,-0.7543581458811403,"{""A8=1"": 3, ""A8=0"": -3}",time it=19 gap=3.14e-01
cpa_highs,visible,australian,7,552,79,over_limit,60.0034,2,0.3857270771832575,0.30383905,0.0818880271832575,0.8633030447951539,0.8565041515861187,0.4199589115649202,0.6741295288357656,-0.7543581458811403,"{""A8=1"": 3, ""A8=0"": -3}",time it=22 gap=3.60e-01
cpa_highs,visible,australian,10,552,79,over_limit,60.006,9,0.3057421475523694,0.28999338,0.01574876755236937,0.9412163239279452,0.9483713008303172,0.3143301294186171,0.7708268441299501,0.90174189247718,"{""A3<=13"": 3, ""A3<=89"": -1, ""A7<=26"": -1, ""A8=1"": 3, ""A8=0"": -2, ""A9=1"": 1, ""A10<=3"": -1, ""A14<=87"": -1, ""A14<=126"": -1}",time it=13 gap=2.67e-01
cpa_highs,visible,heart,3,216,57,over_limit,60.0035,3,0.4617484351090798,0.39413199,0.06761644510907983,0.8497395833333333,0.8027777777777778,0.5426102433179031,0.811562898623673,-1.2735685465974795,"{""maximum_heart_rate_achieved<=171"": 4, ""number_of_major_vessels<=0"": -2, ""thal<=3"": -2}",time it=39 gap=2.60e-01
cpa_highs,visible,heart,4,216,57,ok,59.8895,4,0.3935766725025016,0.35610761,0.03746906250250159,0.8989149305555555,0.7145833333333333,0.7185055875537268,0.4758216638365008,4.028982289762443,"{""chest<=3"": -3, ""resting_electrocardiographic_results<=0"": -4, ""oldpeak<=1.4"": -4, ""thal<=3"": -5}",
cpa_highs,visible,heart,5,216,57,over_limit,60.0123,5,0.3696347642651789,0.33644466,0.03319010426517888,0.9128038194444444,0.845138888888889,0.5094304895755636,0.3858271968226574,1.6001007725488696,"{""sex=1"": 5, ""chest<=3"": -5, ""oldpeak<=0.6"": -5, ""number_of_major_vessels<=0"": -2, ""thal<=6"": -4}",time it=33 gap=5.47e-01
cpa_highs,visible,heart,7,216,57,over_limit,60.0225,7,0.4291624011855724,0.31496988,0.11419252118557244,0.884592013888889,0.7881944444444444,0.6061401166610649,0.4796103810581745,5.004451062954029,"{""age<=58"": -5, ""age<=63"": 5, ""sex=1"": 1, ""resting_electrocardiographic_results<=0"": -2, ""oldpeak<=2.6"": -5, ""number_of_major_vessels<=1"": -5, ""thal<=6"": -4}",time it=36 gap=5.15e-01
cpa_highs,visible,heart,10,216,57,over_limit,60.0341,10,0.3974137881135777,0.27914686,0.1182669281135777,0.89921875,0.7513888888888889,0.6685105474364188,0.63854867569433,2.442110140850025,"{""age<=58"": -2, ""age<=63"": 4, ""sex=1"": 3, ""chest<=3"": -2, ""resting_blood_pressure<=125"": -1, ""serum_cholestoral<=309"": -3, ""fasting_blood_sugar=1"": -3, ""resting_electrocardiographic_results<=1"": -2, ""oldpeak<=0.6"": -3, ""number_of_major_vessels<=0"": -2}",time it=46 gap=4.27e-01
cpa_highs,visible,ionosphere,3,280,267,over_limit,60.0544,2,0.3426848749149651,0.2819954,0.06068947491496507,0.890867857735494,0.9269565217391303,0.2548380748592919,1.299811040364401,0.2248271203958476,"{""a05<=0.06704"": 4, ""a27<=0.94305"": -2}",time it=21 gap=3.45e-01
cpa_highs,visible,ionosphere,4,280,267,over_limit,60.0077,4,0.2734860794615193,0.22797815,0.045507929461519325,0.9430001659383817,0.9808695652173914,0.1881303947094334,0.8139016926966948,-0.920775126648263,"{""a03<=0.76046"": 4, ""a05<=0"": 5, ""a21<=0.26957"": 3, ""a27<=0.94305"": -5}",time it=47 gap=2.78e-01
cpa_highs,visible,ionosphere,5,280,267,over_limit,60.0091,5,0.2609307516104351,0.20648715,0.0544436016104351,0.9350904364179434,0.883913043478261,0.3442862047587162,1.3600985899693074,-1.394175215277196,"{""a03<=0"": 5, ""a05<=0"": 5, ""a07<=0.38431"": 1, ""a22<=-0.03333"": -3, ""a24<=-1"": 4}",time it=58 gap=2.70e-01
cpa_highs,visible,ionosphere,7,280,267,over_limit,60.0158,6,0.2346086180279201,0.14271712,0.0918914980279201,0.9495270756125892,0.9113043478260868,0.287730749964188,1.8393344156876856,9.213093056744368,"{""a01=1"": -4, ""a03<=0.60678"": 1, ""a05<=0.06704"": 2, ""a07<=0.38431"": 1, ""a22<=0.82162"": -2, ""a27<=0.94305"": -1}",time it=72 gap=2.80e-01
cpa_highs,visible,ionosphere,10,280,267,ok,59.6925,6,0.2346086180279201,0.08583887,0.1487697480279201,0.9495270756125892,0.9113043478260868,0.287730749964188,1.8393344156876856,9.213093056744368,"{""a01=1"": -4, ""a03<=0.60678"": 1, ""a05<=0.06704"": 2, ""a07<=0.38431"": 1, ""a22<=0.82162"": -2, ""a27<=0.94305"": -1}",
cpa_highs,visible,ilpd,3,466,79,over_limit,60.0179,1,0.5905725075985075,0.50697218,0.08360032759850755,0.5406534353902775,0.5667965981573352,0.5870399906260294,0.869422536391693,-0.1397619423751585,"{""V9<=4.1"": -1}",time it=18 gap=2.84e-01
cpa_highs,visible,ilpd,4,466,79,over_limit,60.0178,1,0.5905725075985075,0.49795585,0.09261665759850757,0.5406534353902775,0.5667965981573352,0.5870399906260294,0.869422536391693,-0.1397619423751585,"{""V9<=4.1"": -1}",time it=13 gap=3.65e-01
cpa_highs,visible,ilpd,5,466,79,over_limit,60.0188,1,0.5905725075985075,0.49203517,0.09853733759850752,0.5406534353902775,0.5667965981573352,0.5870399906260294,0.869422536391693,-0.1397619423751585,"{""V9<=4.1"": -1}",time it=11 gap=4.50e-01
cpa_highs,visible,ilpd,7,466,79,over_limit,60.0085,1,0.5905725075985075,0.48346504,0.10710746759850753,0.5406534353902775,0.5667965981573352,0.5870399906260294,0.869422536391693,-0.1397619423751585,"{""V9<=4.1"": -1}",time it=10 gap=5.45e-01
cpa_highs,visible,ilpd,10,466,79,over_limit,60.0069,1,0.5905725075985075,0.4735486,0.11702390759850756,0.5406534353902775,0.5667965981573352,0.5870399906260294,0.869422536391693,-0.1397619423751585,"{""V9<=4.1"": -1}",time it=10 gap=5.64e-01
cpa_highs,visible,magic,3,10000,90,over_limit,60.0085,3,0.5022455273416022,0.47478487,0.02746065734160219,0.785218923416282,0.758501367503732,0.5335425472234734,0.5410773061713504,2.749817037136947,"{""fWidth:<=39.6681"": -5, ""fSize:<=2.2844"": -5, ""fAlpha:<=18.205"": -3}",time it=26 gap=2.82e-01
cpa_highs,visible,magic,4,10000,90,ok,59.901,4,0.4826728822442057,0.45620114,0.026471742244205676,0.804050326207716,0.7870101532853425,0.505841958336186,0.5038525626853612,2.251597103265151,"{""fLength:<=106.655"": -5, ""fWidth:<=11.1267"": 5, ""fSize:<=2.42"": -5, ""fAlpha:<=18.205"": -3}",
cpa_highs,visible,magic,5,10000,90,over_limit,60.0041,5,0.4739335875780226,0.44183376,0.0320998275780226,0.8140799808963552,0.7987014855505,0.4935720655416113,0.4337649549935456,2.636964683787214,"{""fWidth:<=9.6076"": 5, ""fWidth:<=39.6681"": -5, ""fSize:<=2.42"": -5, ""fAlpha:<=4.1303"": -5, ""fAlpha:<=39.472"": -3}",time it=18 gap=4.29e-01
cpa_highs,visible,magic,7,10000,90,over_limit,60.0046,4,0.4823862198548017,0.4187976,0.06358861985480169,0.8127378744142404,0.7948365417209702,0.5052091834451479,0.4210557961832921,2.176274958090861,"{""fLength:<=80.2483"": -5, ""fAlpha:<=11.711"": -4, ""fAlpha:<=18.205"": -1, ""fAlpha:<=27.106"": -2}",time it=15 gap=5.09e-01
cpa_highs,visible,magic,10,10000,90,over_limit,60.0058,4,0.4823862198548017,0.40023123,0.08215498985480169,0.8127378744142404,0.7948365417209702,0.5052091834451479,0.4210557961832921,2.176274958090861,"{""fLength:<=80.2483"": -5, ""fAlpha:<=11.711"": -4, ""fAlpha:<=18.205"": -1, ""fAlpha:<=27.106"": -2}",time it=16 gap=5.89e-01
cpa_highs,visible,haberman,3,244,27,over_limit,60.0027,3,0.5009938735065865,0.49061982,0.010374053506586545,0.7206274172754621,0.6324728260869565,0.5429004965333654,0.9244091120115266,0.2184518379340123,"{""Age_of_patient_at_time_of_operation<=38"": -1, ""Patients_year_of_operation=65"": 1, ""Number_of_positive_axillary_nodes_detected<=4"": -2}",time it=55 gap=4.40e-02
cpa_highs,visible,haberman,4,244,27,ok,59.5077,4,0.4937983233460131,0.48088484,0.01291348334601311,0.7252685861624408,0.6175271739130435,0.5564001613022459,0.7909654268322581,0.4383648500515089,"{""Age_of_patient_at_time_of_operation<=38"": -2, ""Patients_year_of_operation=60"": -2, ""Patients_year_of_operation=61"": -3, ""Number_of_positive_axillary_nodes_detected<=4"": -2}",
cpa_highs,visible,haberman,5,244,27,over_limit,60.0025,5,0.5069445378453903,0.47794564,0.02899889784539028,0.7136656639449936,0.5529891304347826,0.6052944138139597,0.4317463609446349,0.3215117429590777,"{""Age_of_patient_at_time_of_operation<=38"": -2, ""Patients_year_of_operation=61"": -5, ""Patients_year_of_operation=63"": -4, ""Patients_year_of_operation=67"": -5, ""Number_of_positive_axillary_nodes_detected<=4"": -3}",time it=24 gap=2.23e-01
cpa_highs,visible,haberman,7,244,27,over_limit,60.0038,0,0.5796385868148757,0.47310031,0.10653827681487565,0.5,0.5,0.5712013964705417,0.0,-1.0129985359451177,{},time it=15 gap=3.04e-01
cpa_highs,visible,haberman,10,244,27,over_limit,60.0169,7,0.4766320791609382,0.46599817,0.010633909160938204,0.7643747314138376,0.6664402173913043,0.5517626262973907,0.5497062334308885,0.5442395183507485,"{""Age_of_patient_at_time_of_operation<=38"": -2, ""Age_of_patient_at_time_of_operation<=42"": -1, ""Patients_year_of_operation=65"": 2, ""Patients_year_of_operation=61"": -4, ""Number_of_positive_axillary_nodes_detected<=0"": -1, ""Number_of_positive_axillary_nodes_detected<=4"": -2, ""Number_of_positive_axillary_nodes_detected<=7"": -1}",time it=9 gap=2.88e-01
abess_seqround,visible,adult,3,10000,36,ok,0.4029,3,0.4140142789598477,0.40451518,0.00949909895984774,0.8166022537712366,0.8016332982086407,0.4270998751221257,0.6007401701702538,-3.088292573846812,"{""Bachelors"": 2, ""Married"": 4, ""AnyCapitalGains"": 3}",
abess_seqround,visible,adult,4,10000,36,ok,0.5105,4,0.4030122701232094,0.38816564,0.014846630123209414,0.8327121145619275,0.8157778427370654,0.418372950177157,0.4851412265185646,-3.23015958993513,"{""Bachelors"": 2, ""JobManagerial"": 2, ""Married"": 5, ""AnyCapitalGains"": 4}",
abess_seqround,visible,adult,5,10000,36,ok,0.7899,5,0.3772815503849721,0.37728155,3.849720542348223e-10,0.8613378000623143,0.8586250083143998,0.3780924283064259,0.6028953829843988,-1.8770822355632657,"{""Age_22_to_29"": -2, ""HSDiploma"": -2, ""NoHS"": -4, ""Married"": 4, ""AnyCapitalGains"": 3}",
abess_seqround,visible,adult,7,10000,36,ok,1.1705,7,0.3639463960505991,0.36328792,0.0006584760505990994,0.8740785785176912,0.8675437337431603,0.3701597139411265,0.5866735154651277,-1.7735193132792153,"{""Age_22_to_29"": -2, ""HSDiploma"": -2, ""NoHS"": -4, ""JobManagerial"": 1, ""Married"": 4, ""WorkHrsPerWeek_lt_40"": -2, ""AnyCapitalGains"": 3}",
abess_seqround,visible,adult,10,10000,36,ok,1.9526,10,0.3542126433484438,0.35342273,0.0007899133484438048,0.8829405800475408,0.8811675342815833,0.3554098896951517,0.5740630045630924,-2.229717693550757,"{""Age_22_to_29"": -2, ""Age_45_to_59"": 1, ""HSDiploma"": -2, ""NoHS"": -4, ""JobManagerial"": 1, ""Married"": 4, ""WorkHrsPerWeek_lt_40"": -1, ""WorkHrsPerWeek_geq_50"": 1, ""AnyCapitalGains"": 3, ""AnyCapitalLoss"": 2}",
abess_seqround,visible,bank,3,10000,57,ok,0.3931,3,0.2850959121230898,0.28398526,0.0011106521230898059,0.7642459701260713,0.7555877443738848,0.2887993708811586,0.6061160446553727,-0.5860663027129651,"{""calls_b4_campaign_successful"": 3, ""euribor3m_geq_100"": -2, ""euribor3m_geq_300"": -2}",
abess_seqround,visible,bank,4,10000,57,ok,0.5386,4,0.2824828548615121,0.28178062,0.0007022348615121077,0.7802736935610488,0.7749458012777468,0.2859858768122615,0.4407787001016924,-2.274026865800219,"{""call_in_Q2"": -2, ""calls_b4_campaign_successful"": 4, ""emp_var_rate_lt_n1"": 4, ""euribor3m_geq_100"": -1}",
abess_seqround,visible,bank,5,10000,57,ok,0.701,5,0.2820250153837603,0.28084659,0.0011784253837602843,0.7803600115450929,0.7750968862114613,0.2851543668616604,0.4613396881685281,-0.515881351642905,"{""call_in_Q1"": 1, ""call_in_Q2"": -1, ""calls_b4_campaign_successful"": 4, ""euribor3m_geq_100"": -2, ""euribor3m_geq_200"": -3}",
abess_seqround,visible,bank,7,10000,57,ok,1.0555,7,0.2817330684736965,0.27923804,0.002495028473696481,0.780565873682112,0.7751696308091758,0.2849443136513623,0.3126519992300817,-1.2281455382872135,"{""call_in_Q1"": 2, ""call_in_Q2"": -2, ""called_before"": 1, ""calls_b4_campaign_successful"": 5, ""emp_var_rate_lt_n1"": 2, ""euribor3m_geq_100"": -2, ""euribor3m_geq_200"": -3}",
abess_seqround,visible,bank,10,10000,57,ok,1.6635,7,0.2817330684736965,0.27791022,0.0038228484736965163,0.780565873682112,0.7751696308091758,0.2849443136513623,0.3126519992300817,-1.2281455382872135,"{""call_in_Q1"": 2, ""call_in_Q2"": -2, ""called_before"": 1, ""calls_b4_campaign_successful"": 5, ""emp_var_rate_lt_n1"": 2, ""euribor3m_geq_100"": -2, ""euribor3m_geq_200"": -3}",
abess_seqround,visible,breastcancer,3,546,9,ok,0.0295,3,0.089275810989675,0.08922706,4.8750989675008793e-05,0.9954870584765136,0.9873595505617976,0.1493133175638796,0.2459512001833551,-7.902410748858931,"{""ClumpThickness"": 2, ""UniformityOfCellSize"": 4, ""BareNuclei"": 2}",
abess_seqround,visible,breastcancer,4,546,9,ok,0.0427,4,0.0811096105837566,0.07846697,0.0026426405837566003,0.9959516259862842,0.9904026217228464,0.13168674733576,0.1787885068912919,-9.644763718961771,"{""ClumpThickness"": 3, ""UniformityOfCellShape"": 4, ""BareNuclei"": 2, ""BlandChromatin"": 4}",
abess_seqround,visible,breastcancer,5,546,9,ok,0.0588,5,0.0733357411569377,0.07315004,0.0001857011569376954,0.9966079197699284,0.9919241573033708,0.1263425361286351,0.1845114380624781,-10.345829741812045,"{""ClumpThickness"": 3, ""UniformityOfCellShape"": 3, ""MarginalAdhesion"": 2, ""BareNuclei"": 2, ""BlandChromatin"": 4}",
abess_seqround,visible,breastcancer,7,546,9,ok,0.1085,7,0.0677101074774758,0.06746348,0.0002466274774757943,0.996755401519062,0.9914559925093632,0.1302071007784181,0.1348147454870212,-10.514792971535268,"{""ClumpThickness"": 3, ""UniformityOfCellShape"": 4, ""MarginalAdhesion"": 3, ""BareNuclei"": 2, ""BlandChromatin"": 5, ""NormalNucleoli"": 2, ""Mitoses"": 3}",
abess_seqround,visible,breastcancer,10,546,9,ok,0.1601,9,0.0659242508434398,0.06592425,8.434397902323809e-10,0.9970356168424158,0.9915730337078652,0.1283955538286715,0.1593083644991322,-10.605231943948114,"{""ClumpThickness"": 3, ""UniformityOfCellSize"": 1, ""UniformityOfCellShape"": 2, ""MarginalAdhesion"": 2, ""SingleEpithelialCellSize"": 1, ""BareNuclei"": 2, ""BlandChromatin"": 4, ""NormalNucleoli"": 1, ""Mitoses"": 2}",
abess_seqround,visible,mammo,3,768,14,ok,0.0281,3,0.4724962698668487,0.47233462,0.00016164986684868987,0.8466953474419112,0.8537165082108902,0.454858504428048,0.3747903770695925,-0.783250768491045,"{""IrregularShape"": 4, ""CircumscribedMargin"": -4, ""Age_geq_60"": 3}",
abess_seqround,visible,mammo,4,768,14,ok,0.0395,4,0.4672067158656816,0.46720672,-4.134318443149709e-09,0.8521428766226684,0.8571197061365601,0.4571945589692052,0.3955516326582812,-0.75457350141741,"{""IrregularShape"": 3, ""CircumscribedMargin"": -4, ""SpiculatedMargin"": 2, ""Age_geq_60"": 3}",
abess_seqround,visible,mammo,5,768,14,ok,0.0837,4,0.4672067158656816,0.46370461,0.0035021058656815596,0.8521428766226684,0.8571197061365601,0.4571945589692052,0.3955516326582812,-0.75457350141741,"{""IrregularShape"": 3, ""CircumscribedMargin"": -4, ""SpiculatedMargin"": 2, ""Age_geq_60"": 3}",
abess_seqround,visible,mammo,7,768,14,ok,0.126,4,0.4672067158656816,0.45928719,0.007919525865681565,0.8521428766226684,0.8571197061365601,0.4571945589692052,0.3955516326582812,-0.75457350141741,"{""IrregularShape"": 3, ""CircumscribedMargin"": -4, ""SpiculatedMargin"": 2, ""Age_geq_60"": 3}",
abess_seqround,visible,mammo,10,768,14,ok,0.2459,8,0.466810350694082,0.45827677,0.008533580694082,0.8502338551325407,0.8403197925669835,0.5009836734862482,1.0231267500326289,-6.312763422202318,"{""IrregularShape"": 1, ""CircumscribedMargin"": -1, ""MicrolobulatedMargin"": 1, ""IllDefinedMargin"": 1, ""SpiculatedMargin"": 1, ""Age_lt_30"": -3, ""Age_geq_30"": 5, ""Age_geq_60"": 1}",
abess_seqround,visible,mushroom,3,6499,113,ok,0.4026,3,0.2230567634457593,0.06494476,0.15811200344575932,0.9554645988622068,0.957954514429246,0.2170251219340747,1.9745838993693223,0.1522985453159347,"{""odor_eq_none"": -2, ""odor_eq_foul"": 4, ""stalk_surface_above_ring_eq_grooves"": 2}",
abess_seqround,visible,mushroom,4,6499,113,ok,0.6043,4,0.1830536763335908,0.03151661,0.1515370663335908,0.9668383578561758,0.9687419420403284,0.1843351826581323,6.042362232318219,0.1205543486876993,"{""odor_eq_none"": -1, ""odor_eq_foul"": 1, ""stalk_surface_above_ring_eq_grooves"": 1, ""spore_print_color_eq_green"": 5}",
abess_seqround,visible,mushroom,5,6499,113,ok,0.8661,4,0.1830536763335908,0.00913778,0.17391589633359078,0.9668383578561758,0.9687419420403284,0.1843351826581323,6.042362232318219,0.1205543486876993,"{""odor_eq_none"": -1, ""odor_eq_foul"": 1, ""stalk_surface_above_ring_eq_grooves"": 1, ""spore_print_color_eq_green"": 5}",
abess_seqround,visible,mushroom,7,6499,113,ok,1.5295,4,0.1830536763335908,0.0,0.1830536763335908,0.9668383578561758,0.9687419420403284,0.1843351826581323,6.042362232318219,0.1205543486876993,"{""odor_eq_none"": -1, ""odor_eq_foul"": 1, ""stalk_surface_above_ring_eq_grooves"": 1, ""spore_print_color_eq_green"": 5}",
abess_seqround,visible,mushroom,10,6499,113,ok,2.6044,7,0.0558548263170204,0.0,0.0558548263170204,0.9965072421137836,0.9960176615308076,0.0629291630402794,28.215221217162178,57.24075858846349,"{""odor_eq_almond"": -1, ""odor_eq_foul"": 2, ""gill_size_eq_narrow"": 1, ""gill_color_eq_buff"": 1, ""ring_number_eq_1"": -3, ""ring_number_eq_2"": -3, ""spore_print_color_eq_green"": 4}",
abess_seqround,visible,spambase,3,3680,57,ok,0.1882,3,0.4092210215856501,0.39815963,0.011061391585650115,0.9133816298128964,0.9083108701877032,0.5109507118777185,2.3708562766799246,-1.8385974800196847,"{""WordFreqRemove"": 2, ""CharFreqExcalamationMark"": 1, ""CharFreqDollarSign"": 5}",
abess_seqround,visible,spambase,4,3680,57,ok,0.262,3,0.4092210215856501,0.3626631,0.046557921585650086,0.9133816298128964,0.9083108701877032,0.5109507118777185,2.3708562766799246,-1.8385974800196847,"{""WordFreqRemove"": 2, ""CharFreqExcalamationMark"": 1, ""CharFreqDollarSign"": 5}",
abess_seqround,visible,spambase,5,3680,57,ok,0.3278,4,0.3888965048813513,0.33604553,0.05285097488135132,0.9172075150765424,0.9118852256682168,0.4992466285507411,2.461721537873433,-1.9066896399389104,"{""WordFreqRemove"": 2, ""WordFreq0"": 2, ""CharFreqExcalamationMark"": 1, ""CharFreqDollarSign"": 3}",
abess_seqround,visible,spambase,7,3680,57,ok,0.5115,5,0.3476081074180737,0.29812607,0.049482037418073666,0.9405698159888666,0.9394457774223172,0.4294731834691579,1.7553213507639431,-1.403339731555562,"{""WordFreqRemove"": 3, ""WordFreq0"": 3, ""WordFreqHP"": -2, ""CharFreqExcalamationMark"": 1, ""CharFreqDollarSign"": 4}",
abess_seqround,visible,spambase,10,3680,57,ok,1.0563,8,0.2845770729681712,0.26602068,0.018556392968171187,0.9601761249420132,0.9582580447683088,0.3475906846973642,1.328043257889488,-1.087106649490867,"{""WordFreqRemove"": 3, ""WordFreqFree"": 1, ""WordFreq0"": 3, ""WordFreqHP"": -2, ""WordFreqGeorge"": -4, ""WordFreqEDU"": -2, ""CharFreqExcalamationMark"": 1, ""CharFreqDollarSign"": 5}",
abess_seqround,visible,fico,3,8000,142,ok,0.5447,3,0.5946143120103398,0.59185565,0.0027586620103398074,0.7357704375,0.7464009999999999,0.5855780130254793,0.2298879032922609,-0.9708333881270698,"{""ExternalRiskEstimate<=68"": 4, ""ExternalRiskEstimate<=74"": 5, ""MSinceMostRecentInqexcl7days<=-8"": -5}",
abess_seqround,visible,fico,4,8000,142,ok,0.6455,4,0.5785818200290439,0.57853942,4.240002904387641e-05,0.7603315625,0.7661374999999999,0.5745321978295178,0.2822441437290159,-1.760062958082632,"{""ExternalRiskEstimate<=68"": 4, ""ExternalRiskEstimate<=78"": 4, ""MSinceMostRecentInqexcl7days<=-8"": -5, ""MSinceMostRecentInqexcl7days<=0"": 3}",
abess_seqround,visible,fico,5,8000,142,ok,0.919,5,0.5700889320617808,0.56952927,0.000559662061780819,0.7729379375,0.7665705,0.5766179342995952,0.3760406247928322,-1.9930144137476176,"{""ExternalRiskEstimate<=68"": 3, ""ExternalRiskEstimate<=78"": 3, ""NumSatisfactoryTrades<=16"": 2, ""MSinceMostRecentInqexcl7days<=-8"": -4, ""MSinceMostRecentInqexcl7days<=0"": 2}",
abess_seqround,visible,fico,7,8000,142,ok,1.3483,7,0.5626662669956806,0.56055096,0.0021153069956805215,0.78161178125,0.7742945,0.5696889035132887,0.3425562620549431,-1.7517256853543943,"{""ExternalRiskEstimate<=68"": 3, ""ExternalRiskEstimate<=78"": 3, ""AverageMInFile<=67"": 1, ""NumSatisfactoryTrades<=16"": 2, ""MSinceMostRecentInqexcl7days<=-8"": -4, ""MSinceMostRecentInqexcl7days<=0"": 2, ""NetFractionRevolvingBurden<=35"": -1}",
abess_seqround,visible,fico,10,8000,142,ok,2.1634,10,0.5564350730870834,0.55416962,0.002265453087083369,0.7872753125,0.7814735,0.5646764572141121,0.3685716031674263,-1.05136800380064,"{""ExternalRiskEstimate<=65"": 1, ""ExternalRiskEstimate<=68"": 2, ""ExternalRiskEstimate<=78"": 2, ""ExternalRiskEstimate<=82"": 1, ""AverageMInFile<=67"": 1, ""NumSatisfactoryTrades<=16"": 1, ""PercentInstallTrades<=48"": -1, ""MSinceMostRecentInqexcl7days<=-8"": -4, ""MSinceMostRecentInqexcl7days<=0"": 2, ""NetFractionRevolvingBurden<=59"": -2}",
abess_seqround,visible,compas,3,4222,32,ok,0.1569,3,0.6248986419546632,0.62253821,0.002360431954663178,0.6957293406258839,0.700152615154253,0.6239787698640245,0.4193007725694707,0.4747180230003873,"{""age<=31"": 2, ""priors_count<=1"": -2, ""priors_count<=4"": -2}",
abess_seqround,visible,compas,4,4222,32,ok,0.2033,4,0.6178271697519652,0.61579658,0.0020305897519651284,0.713014131118185,0.7203129330544986,0.6133069234955145,0.2514845089978983,0.7658813343853579,"{""age<=22"": 3, ""age<=29"": 3, ""priors_count<=1"": -4, ""priors_count<=6"": -4}",
abess_seqround,visible,compas,5,4222,32,ok,0.2799,5,0.6140099333502088,0.61211833,0.0018916033502087704,0.715689387429358,0.7205666917425843,0.6117031138261444,0.2287946784467879,0.8663180884534004,"{""age<=22"": 3, ""age<=29"": 3, ""priors_count<=0"": -3, ""priors_count<=2"": -3, ""priors_count<=6"": -4}",
abess_seqround,visible,compas,7,4222,32,ok,0.4872,7,0.6087128882553975,0.60822652,0.00048636825539749573,0.7254381970754133,0.736067568199897,0.6008809859010164,0.2535308947711822,0.8245362047231062,"{""sex=1"": 1, ""age<=22"": 3, ""age<=34"": 3, ""juv_other_count<=0"": -2, ""priors_count<=0"": -2, ""priors_count<=2"": -3, ""priors_count<=6"": -3}",
abess_seqround,visible,compas,10,4222,32,ok,0.7393,10,0.6066043141788506,0.60556055,0.001043764178850659,0.729783912251593,0.7384881741252525,0.6007174429201093,0.1777025097688118,1.0420088455090768,"{""sex=0"": -2, ""age<=22"": 4, ""age<=31"": 3, ""age<=45"": 2, ""juv_other_count<=0"": -3, ""priors_count<=0"": -2, ""priors_count<=1"": -2, ""priors_count<=2"": -3, ""priors_count<=6"": -4, ""race_African-American=0"": -1}",
abess_seqround,visible,australian,3,552,79,ok,0.0263,2,0.3566161853655737,0.33798725,0.018628935365573696,0.902996971146182,0.8740685543964233,0.4145217579102682,0.7406270172865986,2.2448922639048323,"{""A8=0"": -5, ""A10<=3"": -2}",
abess_seqround,visible,australian,4,552,79,ok,0.0441,4,0.3266644494815839,0.32665632,8.12948158390725e-06,0.9272211594664967,0.9286778794975517,0.3528839240954474,0.7738653795730087,-0.5502915449801106,"{""A3<=13"": 2, ""A8=1"": 5, ""A10<=3"": -2, ""A14<=87"": -2}",
abess_seqround,visible,australian,5,552,79,ok,0.0943,5,0.3181263835458737,0.31742252,0.0007038635458737064,0.9350324140496308,0.9402810304449648,0.3279378084688812,1.0162168779594982,2.823573686958255,"{""A3<=13"": 2, ""A7<=26"": -1, ""A8=0"": -4, ""A10<=1"": -1, ""A14<=87"": -1}",
abess_seqround,visible,australian,7,552,79,ok,0.1016,7,0.3053972486580714,0.30383905,0.0015581986580713858,0.9401668526489186,0.9486906536086864,0.3075842195714079,0.8036304088331209,3.365247952822265,"{""A3<=13"": 3, ""A3<=89"": -1, ""A5=14"": 3, ""A7<=26"": -1, ""A8=0"": -5, ""A9=0"": -1, ""A14<=87"": -2}",
abess_seqround,visible,australian,10,552,79,ok,0.2292,10,0.2899933849774524,0.28999338,4.977452394694382e-09,0.946397258090228,0.9409197360017032,0.3128357448851013,0.7526575606870759,4.251237442949647,"{""A3<=13"": 3, ""A3<=89"": -1, ""A4=1"": -1, ""A5=1"": -2, ""A5=14"": 3, ""A6=5"": -2, ""A7<=26"": -1, ""A8=0"": -5, ""A10<=3"": -2, ""A14<=87"": -2}",
abess_seqround,visible,heart,3,216,57,ok,0.0168,3,0.395941494889263,0.39413199,0.001809504889263014,0.8921006944444444,0.8715277777777778,0.4123824602169626,0.5907685042279155,2.920248488527182,"{""chest<=3"": -3, ""number_of_major_vessels<=0"": -3, ""thal<=3"": -4}",
abess_seqround,visible,heart,4,216,57,ok,0.024,4,0.356107606733472,0.35610761,-3.2665279925403468e-09,0.9146267361111112,0.8638888888888888,0.4503914086824262,0.4170149034003905,3.664981328384554,"{""chest<=3"": -5, ""oldpeak<=0.6"": -4, ""number_of_major_vessels<=0"": -4, ""thal<=3"": -5}",
abess_seqround,visible,heart,5,216,57,ok,0.0314,5,0.3410598849485596,0.33644466,0.004615224948559593,0.9239583333333332,0.8368055555555555,0.5215776482493573,0.5913894317928118,4.783316534222506,"{""chest<=3"": -3, ""resting_electrocardiographic_results<=0"": -2, ""oldpeak<=1.4"": -3, ""number_of_major_vessels<=0"": -3, ""thal<=3"": -4}",
abess_seqround,visible,heart,7,216,57,ok,0.0616,7,0.3169670592571543,0.31496988,0.0019971792571543134,0.9358940972222222,0.8680555555555555,0.4702350025825243,0.474123847965096,3.858998559555236,"{""sex=1"": 3, ""chest<=3"": -4, ""serum_cholestoral<=270"": -2, ""resting_electrocardiographic_results<=0"": -2, ""oldpeak<=0.6"": -4, ""number_of_major_vessels<=0"": -4, ""thal<=3"": -4}",
abess_seqround,visible,heart,10,216,57,ok,0.0987,9,0.3018765559112243,0.27914686,0.022729695911224312,0.9420572916666666,0.85625,0.4946021436505649,0.4679460715987418,1.886251502503979,"{""age<=63"": 2, ""sex=1"": 3, ""chest<=3"": -4, ""serum_cholestoral<=270"": -2, ""resting_electrocardiographic_results<=0"": -2, ""maximum_heart_rate_achieved<=171"": 3, ""oldpeak<=0.6"": -4, ""number_of_major_vessels<=0"": -4, ""thal<=3"": -4}",
abess_seqround,visible,ionosphere,3,280,267,ok,0.0504,3,0.2821570933113566,0.2819954,0.00016169331135656995,0.8868853365783507,0.9139130434782607,0.2522754157091049,1.7487831090009027,1.4204913742736367,"{""a03<=0"": 5, ""a05<=0"": 5, ""a22<=0.82162"": -2}",
abess_seqround,visible,ionosphere,4,280,267,ok,0.0705,4,0.2816814157390626,0.22797815,0.05370326573906259,0.913933292770618,0.9469565217391304,0.2089124749529957,2.318246286352755,1.9830167094011333,"{""a05<=0"": 4, ""a07<=0"": 1, ""a22<=0.82162"": -1, ""a27<=0.94305"": -1}",
abess_seqround,visible,ionosphere,5,280,267,ok,0.0709,5,0.246093827177406,0.20648715,0.039606677177405986,0.9405387466120914,0.9034782608695652,0.3074673389985692,3.0397242226065644,-3.0852597028205224,"{""a03<=0"": 3, ""a03<=0.60678"": 1, ""a04<=-0.59677"": 1, ""a05<=0"": 3, ""a06<=-0.23067"": 1}",
abess_seqround,visible,ionosphere,7,280,267,ok,0.1859,7,0.1504047790162224,0.14271712,0.007687659016222398,0.976962221361801,0.9391304347826088,0.3000875246765558,3.302111348012907,-0.2886720947323984,"{""a03<=0"": 3, ""a03<=0.60678"": 1, ""a05<=0"": 4, ""a06<=-0.23067"": 2, ""a22<=-0.03333"": -1, ""a24<=-1"": 2, ""a32<=0.77702"": -1}",
abess_seqround,visible,ionosphere,10,280,267,ok,0.1918,10,0.1325447834455813,0.08583887,0.046705913445581296,0.982050998395929,0.9460869565217392,0.4254201046332267,3.015423964236682,-1.0471863818473466,"{""a03<=0"": 3, ""a03<=0.60678"": 1, ""a05<=0"": 4, ""a06<=-0.23067"": 2, ""a18<=0"": 1, ""a22<=-0.03333"": -2, ""a24<=-1"": 2, ""a25<=0.36318"": 1, ""a27<=0.94305"": -1, ""a28<=0.08968"": -1}",
abess_seqround,visible,ilpd,3,466,79,ok,0.0306,3,0.5069912743791254,0.50697218,1.9094379125395022e-05,0.7403192666350561,0.7453933380581148,0.5192172061121736,0.3746217823455201,-3.270219388330225,"{""V1<=24"": 3, ""V4<=1"": 5, ""V5<=206"": 3}",
abess_seqround,visible,ilpd,4,466,79,ok,0.0483,4,0.4979905761011173,0.49795585,3.472610111732166e-05,0.7562713089028877,0.7824238128986534,0.4934618602000788,0.3914692267951884,-4.174269579265102,"{""V1<=24"": 3, ""V4<=1"": 5, ""V5<=206"": 2, ""V6<=69"": 3}",
abess_seqround,visible,ilpd,5,466,79,ok,0.0624,4,0.4979905761011173,0.49203517,0.005955406101117278,0.7562713089028877,0.7824238128986534,0.4934618602000788,0.3914692267951884,-4.174269579265102,"{""V1<=24"": 3, ""V4<=1"": 5, ""V5<=206"": 2, ""V6<=69"": 3}",
abess_seqround,visible,ilpd,7,466,79,ok,0.1097,6,0.4923423143892126,0.48346504,0.008877274389212597,0.7563729142676511,0.7843727852586818,0.4786601211461799,1.0692019278124822,-11.95733849600925,"{""V1<=24"": 1, ""V3<=7.7"": 4, ""V4<=1"": 1, ""V4<=4"": 4, ""V5<=206"": 1, ""V6<=69"": 1}",
abess_seqround,visible,ilpd,10,466,79,ok,0.2145,10,0.4797820589174562,0.4735486,0.006233458917456192,0.7894962631804736,0.7659461374911409,0.5076296183266509,0.3187467220763286,-5.747389689498814,"{""V1<=24"": 3, ""V1<=66"": 4, ""V3<=1"": -4, ""V4<=0.3"": 5, ""V4<=1"": 5, ""V5<=206"": 2, ""V6<=69"": 4, ""V8<=6.5"": 1, ""V10<=0.87"": -2, ""V10<=1.3"": 2}",
abess_seqround,visible,magic,3,10000,90,ok,0.4,3,0.4753000434123476,0.47478487,0.0005151734123475804,0.8105584043754506,0.7897507753398757,0.5006973310147067,0.6339458950504149,3.3438259328830937,"{""fLength:<=106.655"": -5, ""fAlpha:<=11.711"": -2, ""fAlpha:<=27.106"": -2}",
abess_seqround,visible,magic,4,10000,90,ok,0.6091,4,0.4574719658044436,0.45620114,0.0012708258044435983,0.8318945725506874,0.8179040873518011,0.4751344312389075,0.6098269018344105,3.7875845672310966,"{""fLength:<=106.655"": -5, ""fSize:<=2.42"": -2, ""fAlpha:<=11.711"": -3, ""fAlpha:<=39.472"": -2}",
abess_seqround,visible,magic,5,10000,90,ok,0.8182,5,0.442774216069146,0.44183376,0.0009404560691460007,0.8452234352662263,0.829782806579458,0.4656925215805112,0.6123458643259615,3.644294011921944,"{""fLength:<=106.655"": -5, ""fWidth:<=11.1267"": 2, ""fSize:<=2.42"": -3, ""fAlpha:<=11.711"": -3, ""fAlpha:<=39.472"": -2}",
abess_seqround,visible,magic,7,10000,90,ok,1.3634,7,0.4198155264506827,0.4187976,0.0010179264506827157,0.8593470476727874,0.8433297610500408,0.4463606534047871,0.3875736319968441,4.024050373550861,"{""fLength:<=106.655"": -5, ""fWidth:<=11.1267"": 4, ""fWidth:<=39.6681"": -5, ""fSize:<=2.42"": -5, ""fM3Long:<=-34.8805"": 4, ""fAlpha:<=7.388"": -4, ""fAlpha:<=27.106"": -4}",
abess_seqround,visible,magic,10,10000,90,ok,2.3206,10,0.4044388575826628,0.40023123,0.0042076275826627985,0.8725402829332587,0.8554793842759177,0.4327866617315501,0.5457189938005749,4.342021630433384,"{""fLength:<=106.655"": -4, ""fWidth:<=11.1267"": 2, ""fWidth:<=15.1087"": 2, ""fWidth:<=39.6681"": -3, ""fSize:<=2.42"": -3, ""fSize:<=2.6294"": -2, ""fM3Long:<=-34.8805"": 3, ""fAlpha:<=11.711"": -3, ""fAlpha:<=27.106"": -2, ""fAlpha:<=53.8665"": -1}",
abess_seqround,visible,haberman,3,244,27,ok,0.0158,3,0.4976249853046811,0.49061982,0.0070051653046810936,0.7223463687150837,0.639266304347826,0.5425269379372033,0.4231169553973009,0.1345716573095732,"{""Age_of_patient_at_time_of_operation<=38"": -4, ""Patients_year_of_operation=65"": 3, ""Number_of_positive_axillary_nodes_detected<=4"": -4}",
abess_seqround,visible,haberman,4,244,27,ok,0.0235,4,0.4810384142754054,0.48088484,0.00015357427540541035,0.7465835840137516,0.5883152173913043,0.5752094111761259,0.4554797723706597,0.3947278855798655,"{""Age_of_patient_at_time_of_operation<=38"": -4, ""Patients_year_of_operation=65"": 2, ""Patients_year_of_operation=61"": -5, ""Number_of_positive_axillary_nodes_detected<=4"": -4}",
abess_seqround,visible,haberman,5,244,27,ok,0.0336,5,0.4786894123253125,0.47794564,0.0007437723253124751,0.7543618392780403,0.6168478260869564,0.5694733308543097,0.4656979959887371,0.3686896358049669,"{""Age_of_patient_at_time_of_operation<=38"": -4, ""Patients_year_of_operation=58"": 1, ""Patients_year_of_operation=65"": 2, ""Patients_year_of_operation=61"": -5, ""Number_of_positive_axillary_nodes_detected<=4"": -4}",
abess_seqround,visible,haberman,7,244,27,ok,0.0569,7,0.4731427284961881,0.47310031,4.2418496188079136e-05,0.7748603351955308,0.6542119565217392,0.5636777425016051,0.5424356876273372,0.4060217235156235,"{""Age_of_patient_at_time_of_operation<=38"": -3, ""Patients_year_of_operation=58"": 1, ""Patients_year_of_operation=65"": 2, ""Patients_year_of_operation=61"": -4, ""Patients_year_of_operation=63"": -1, ""Number_of_positive_axillary_nodes_detected<=0"": -1, ""Number_of_positive_axillary_nodes_detected<=4"": -3}",
abess_seqround,visible,haberman,10,244,27,ok,0.1047,10,0.4659981681971114,0.46599817,-1.802888616175835e-09,0.7876665234207134,0.5957880434782609,0.5981673930050901,0.4947208627429343,0.6067443679529393,"{""Age_of_patient_at_time_of_operation<=38"": -3, ""Age_of_patient_at_time_of_operation<=42"": -2, ""Age_of_patient_at_time_of_operation<=49"": 2, ""Age_of_patient_at_time_of_operation<=58"": -1, ""Patients_year_of_operation=65"": 2, ""Patients_year_of_operation=61"": -5, ""Patients_year_of_operation=63"": -2, ""Patients_year_of_operation=67"": -2, ""Number_of_positive_axillary_nodes_detected<=0"": -1, ""Number_of_positive_axillary_nodes_detected<=4"": -3}",
fastsparse_seqround,visible,adult,3,10000,36,ok,0.1461,3,0.4135785799315196,0.40451518,0.009063399931519611,0.8148719287044589,0.7983412334718484,0.4265087126332242,0.5981611673922909,-3.038354487169366,"{""JobManagerial"": 2, ""Married"": 4, ""AnyCapitalGains"": 3}",
fastsparse_seqround,visible,adult,4,10000,36,ok,0.1774,3,0.4135785799315196,0.38816564,0.025412939931519607,0.8148719287044589,0.7983412334718484,0.4265087126332242,0.5981611673922909,-3.038354487169366,"{""JobManagerial"": 2, ""Married"": 4, ""AnyCapitalGains"": 3}",
fastsparse_seqround,visible,adult,5,10000,36,ok,0.1965,5,0.3929516609131872,0.37728155,0.015670110913187152,0.8432985335586681,0.8284813704931577,0.4063475634380107,0.4895258364457173,-3.3581599119925003,"{""Bachelors"": 2, ""Graduate"": 3, ""JobManagerial"": 2, ""Married"": 5, ""AnyCapitalGains"": 4}",
fastsparse_seqround,visible,adult,7,10000,36,ok,0.3409,6,0.3825685572773657,0.36328792,0.01928063727736573,0.8546218435912605,0.8451027309740275,0.3912680717603121,0.4519640266344606,-3.096200613908997,"{""Age_22_to_29"": -3, ""Bachelors"": 3, ""Graduate"": 3, ""JobManagerial"": 2, ""Married"": 5, ""AnyCapitalGains"": 4}",
fastsparse_seqround,visible,adult,10,10000,36,ok,0.5603,10,0.362162997687274,0.35342273,0.008740267687273984,0.8769030129634621,0.871367920069736,0.3675708868546498,0.5579806415863368,-3.33416987925952,"{""Age_22_to_29"": -2, ""Age_45_to_59"": 1, ""Bachelors"": 2, ""Graduate"": 2, ""NoHS"": -2, ""JobManagerial"": 2, ""Married"": 4, ""WorkHrsPerWeek_geq_50"": 1, ""AnyCapitalGains"": 3, ""AnyCapitalLoss"": 2}",
fastsparse_seqround,visible,bank,3,10000,57,ok,0.1202,3,0.2857083355930442,0.28398526,0.0017230755930441877,0.7640093837906735,0.7553247446744559,0.2896713935629123,0.5912543513825378,-1.8129508174284723,"{""called_before"": 3, ""nr_employed_lt_5100"": 2, ""euribor3m_geq_100"": -2}",
fastsparse_seqround,visible,bank,4,10000,57,ok,0.1612,4,0.2843581862043489,0.28178062,0.0025775662043489023,0.7667101609227427,0.7580130972251533,0.2877746048691961,0.5772440628990657,-1.848245881269452,"{""call_in_Q1"": 2, ""called_before"": 3, ""nr_employed_lt_5100"": 2, ""euribor3m_geq_100"": -2}",
fastsparse_seqround,visible,bank,5,10000,57,ok,0.2206,5,0.2830117913739388,0.28084659,0.0021652013739387743,0.7710125995233845,0.765219608745979,0.2863727443107836,0.5909690952320696,-1.7692154543125267,"{""call_in_Q1"": 2, ""called_before"": 3, ""calls_b4_campaign_failed"": -1, ""nr_employed_lt_5100"": 2, ""euribor3m_geq_100"": -2}",
fastsparse_seqround,visible,bank,7,10000,57,ok,0.3362,6,0.2821238822974731,0.27923804,0.0028858422974730735,0.7728245265971478,0.7653579034207547,0.2874099610229083,0.3318930003889468,-2.012814632386872,"{""age_ge_60"": 2, ""call_in_Q1"": 3, ""called_before"": 5, ""calls_b4_campaign_failed"": -2, ""nr_employed_lt_5100"": 4, ""euribor3m_geq_100"": -3}",
fastsparse_seqround,visible,bank,10,10000,57,ok,0.4879,9,0.2795980990189459,0.27791022,0.0016878790189459036,0.7869513028461216,0.7790866476091809,0.2855722414288703,0.3156891397556984,-1.7828386611445926,"{""age_ge_60"": 2, ""job_student"": 2, ""called_landline"": -1, ""call_in_Q1"": 2, ""call_in_Q2"": -1, ""called_before"": 5, ""calls_b4_campaign_failed"": -2, ""nr_employed_lt_5100"": 4, ""euribor3m_geq_100"": -3}",
fastsparse_seqround,visible,breastcancer,3,546,9,ok,0.0425,3,0.089275810989675,0.08922706,4.8750989675008793e-05,0.9954870584765136,0.9873595505617976,0.1493133175638796,0.2459512001833551,-7.902410748858931,"{""ClumpThickness"": 2, ""UniformityOfCellSize"": 4, ""BareNuclei"": 2}",
fastsparse_seqround,visible,breastcancer,4,546,9,ok,0.0626,4,0.078529609831904,0.07846697,6.263983190400724e-05,0.9961138559103312,0.9886470037453184,0.1464622171335831,0.188945115380298,-9.323555417635752,"{""ClumpThickness"": 3, ""UniformityOfCellSize"": 4, ""BareNuclei"": 2, ""BlandChromatin"": 3}",
fastsparse_seqround,visible,breastcancer,5,546,9,ok,0.0863,5,0.0734941930466809,0.07315004,0.0003441530466808951,0.996644790207212,0.9914559925093632,0.1347553966930569,0.1900739841844232,-9.85845539529657,"{""ClumpThickness"": 3, ""UniformityOfCellSize"": 3, ""MarginalAdhesion"": 2, ""BareNuclei"": 2, ""BlandChromatin"": 3}",
fastsparse_seqround,visible,breastcancer,7,546,9,ok,0.1398,7,0.0693178308980644,0.06746348,0.0018543508980643914,0.996755401519062,0.9923923220973784,0.1205243501897763,0.1384825624332054,-9.817333806770227,"{""ClumpThickness"": 3, ""UniformityOfCellSize"": 3, ""MarginalAdhesion"": 2, ""BareNuclei"": 3, ""BlandChromatin"": 4, ""NormalNucleoli"": 2, ""Mitoses"": 3}",
fastsparse_seqround,visible,breastcancer,10,546,9,ok,0.2275,9,0.0661487877420504,0.06592425,0.00022453774205039023,0.9971019836295256,0.9912219101123596,0.1348349487098017,0.1482742958823954,-10.371515405673636,"{""ClumpThickness"": 3, ""UniformityOfCellSize"": 2, ""UniformityOfCellShape"": 2, ""MarginalAdhesion"": 2, ""SingleEpithelialCellSize"": 1, ""BareNuclei"": 2, ""BlandChromatin"": 4, ""NormalNucleoli"": 1, ""Mitoses"": 2}",
fastsparse_seqround,visible,mammo,3,768,14,ok,0.0432,3,0.4724962698668487,0.47233462,0.00016164986684868987,0.8466953474419112,0.8537165082108902,0.454858504428048,0.3747903770695925,-0.783250768491045,"{""IrregularShape"": 4, ""CircumscribedMargin"": -4, ""Age_geq_60"": 3}",
fastsparse_seqround,visible,mammo,4,768,14,ok,0.0741,4,0.4672067158656816,0.46720672,-4.134318443149709e-09,0.8521428766226684,0.8571197061365601,0.4571945589692052,0.3955516326582812,-0.75457350141741,"{""IrregularShape"": 3, ""CircumscribedMargin"": -4, ""SpiculatedMargin"": 2, ""Age_geq_60"": 3}",
fastsparse_seqround,visible,mammo,5,768,14,ok,0.0822,5,0.4652321718049055,0.46370461,0.0015275618049054862,0.8553677593542053,0.853662489196197,0.4626455237037143,0.590211684433026,-0.5784878064419402,"{""IrregularShape"": 2, ""CircumscribedMargin"": -3, ""ObscuredMargin"": -1, ""SpiculatedMargin"": 1, ""Age_geq_60"": 2}",
fastsparse_seqround,visible,mammo,7,768,14,ok,0.1144,7,0.4620970787323311,0.45928719,0.0028098887323310673,0.8561927293552962,0.8417242869490059,0.4709074684361425,0.7503670790721949,-0.6865967962899693,"{""LobularShape"": 1, ""IrregularShape"": 2, ""CircumscribedMargin"": -2, ""ObscuredMargin"": -1, ""SpiculatedMargin"": 1, ""Age_lt_30"": -4, ""Age_geq_60"": 1}",
fastsparse_seqround,visible,mammo,10,768,14,ok,0.2476,7,0.4601527800705252,0.45827677,0.0018760100705251803,0.8583983309697829,0.8512316335350044,0.4654773476670771,0.575047212723324,-1.0542366782027055,"{""LobularShape"": 1, ""IrregularShape"": 3, ""CircumscribedMargin"": -2, ""ObscuredMargin"": -1, ""SpiculatedMargin"": 1, ""Age_lt_30"": -5, ""Age_geq_60"": 2}",
fastsparse_seqround,visible,mushroom,3,6499,113,ok,0.1007,3,0.1403297682272167,0.06494476,0.07538500822721671,0.9685637092276096,0.96413847707975,0.161055107263532,1.3796462381866723,3.676303387522138,"{""odor_eq_none"": -5, ""stalk_root_eq_club"": -5, ""stalk_root_eq_rooted"": -5}",
fastsparse_seqround,visible,mushroom,4,6499,113,ok,0.1858,4,0.1091676974507378,0.03151661,0.0776510874507378,0.9778200130897228,0.9730784515369658,0.1313671638517442,1.8755254722024328,3.6954376815947128,"{""odor_eq_none"": -4, ""stalk_root_eq_club"": -4, ""stalk_root_eq_rooted"": -4, ""spore_print_color_eq_green"": 4}",
fastsparse_seqround,visible,mushroom,5,6499,113,ok,0.1822,5,0.0864578393656659,0.00913778,0.0773200593656659,0.9833073795729398,0.9795854909705348,0.1076156274598282,1.636094611703889,4.362609347899246,"{""odor_eq_none"": -5, ""stalk_root_eq_club"": -5, ""stalk_root_eq_rooted"": -5, ""spore_print_color_eq_purple"": -5, ""spore_print_color_eq_green"": 5}",
fastsparse_seqround,visible,mushroom,7,6499,113,ok,0.2816,6,0.0683653989878079,0.0,0.0683653989878079,0.9879355315039964,0.9840554781991426,0.0905075148113,2.17404362515981,4.372041334333757,"{""odor_eq_none"": -4, ""stalk_root_eq_club"": -4, ""stalk_root_eq_rooted"": -4, ""stalk_color_below_ring_eq_cinnamon"": 4, ""spore_print_color_eq_purple"": -4, ""spore_print_color_eq_green"": 4}",
fastsparse_seqround,visible,mushroom,10,6499,113,ok,0.3736,10,0.037493142925966,0.0,0.037493142925966,0.9983123892081666,0.997256122532558,0.0563480021608722,1.3359762665444348,0.1641509818185151,"{""odor_eq_none"": -5, ""odor_eq_foul"": 4, ""gill_size_eq_narrow"": 3, ""stalk_root_eq_club"": -4, ""stalk_root_eq_rooted"": -5, ""stalk_surface_above_ring_eq_grooves"": 2, ""stalk_color_below_ring_eq_yellow"": 5, ""stalk_color_below_ring_eq_cinnamon"": 5, ""spore_print_color_eq_purple"": -5, ""spore_print_color_eq_green"": 5}",
fastsparse_seqround,visible,spambase,3,3680,57,ok,0.0566,3,0.4587440586228068,0.39815963,0.06058442862280683,0.8571266429565487,0.8833570307177344,0.4263019310184287,0.799238602497039,-1.6315738615876587,"{""WordFreqRemove"": 5, ""WordFreqYour"": 1, ""WordFreq0"": 5}",
fastsparse_seqround,visible,spambase,4,3680,57,ok,0.0807,4,0.4098401359938801,0.3626631,0.04717703599388007,0.904095407453224,0.912119731034687,0.4608291335156637,0.8083968275357114,-2.0404982027824525,"{""WordFreqRemove"": 5, ""WordFreqYour"": 1, ""WordFreq0"": 5, ""CharFreqExcalamationMark"": 2}",
fastsparse_seqround,visible,spambase,5,3680,57,ok,0.1978,4,0.4098401359938801,0.33604553,0.0737946059938801,0.904095407453224,0.912119731034687,0.4608291335156637,0.8083968275357114,-2.0404982027824525,"{""WordFreqRemove"": 5, ""WordFreqYour"": 1, ""WordFreq0"": 5, ""CharFreqExcalamationMark"": 2}",
fastsparse_seqround,visible,spambase,7,3680,57,ok,0.2352,5,0.3711186004159538,0.29812607,0.07299253041595377,0.9276046080098964,0.92438806441739,0.491722630082705,1.0009093338643782,-1.4793091079383656,"{""WordFreqOur"": 1, ""WordFreqRemove"": 5, ""WordFreq0"": 5, ""WordFreqHP"": -2, ""CharFreqExcalamationMark"": 2}",
fastsparse_seqround,visible,spambase,10,3680,57,ok,0.3678,7,0.3426760816108061,0.26602068,0.07665540161080608,0.9426333694139476,0.9385275037767709,0.4008706733583041,1.1687002381264235,-1.8659123886200168,"{""WordFreqOur"": 1, ""WordFreqRemove"": 4, ""WordFreqFree"": 1, ""WordFreq0"": 3, ""WordFreqHP"": -1, ""CharFreqExcalamationMark"": 1, ""CharFreqDollarSign"": 5}",
fastsparse_seqround,visible,fico,3,8000,142,ok,0.1843,3,0.5947798039495428,0.59185565,0.002924153949542818,0.7408001249999999,0.7510404999999999,0.5849559169301389,0.2669098109540192,-0.8320515574197678,"{""ExternalRiskEstimate<=74"": 5, ""MSinceMostRecentInqexcl7days<=0"": 3, ""NetFractionRevolvingBurden<=46"": -3}",
fastsparse_seqround,visible,fico,4,8000,142,ok,0.2406,3,0.5947798039495428,0.57853942,0.016240383949542747,0.7408001249999999,0.7510404999999999,0.5849559169301389,0.2669098109540192,-0.8320515574197678,"{""ExternalRiskEstimate<=74"": 5, ""MSinceMostRecentInqexcl7days<=0"": 3, ""NetFractionRevolvingBurden<=46"": -3}",
fastsparse_seqround,visible,fico,5,8000,142,ok,0.2488,3,0.5947798039495428,0.56952927,0.025250533949542797,0.7408001249999999,0.7510404999999999,0.5849559169301389,0.2669098109540192,-0.8320515574197678,"{""ExternalRiskEstimate<=74"": 5, ""MSinceMostRecentInqexcl7days<=0"": 3, ""NetFractionRevolvingBurden<=46"": -3}",
fastsparse_seqround,visible,fico,7,8000,142,ok,0.3345,7,0.5625061511739561,0.56055096,0.001955191173956039,0.7816165312500001,0.779967,0.5668102671007487,0.3499413997915926,-1.0511185613136425,"{""ExternalRiskEstimate<=65"": 2, ""ExternalRiskEstimate<=74"": 3, ""AverageMInFile<=67"": 1, ""NumSatisfactoryTrades<=13"": 2, ""MSinceMostRecentInqexcl7days<=-8"": -5, ""MSinceMostRecentInqexcl7days<=0"": 2, ""NetFractionRevolvingBurden<=46"": -2}",
fastsparse_seqround,visible,fico,10,8000,142,ok,0.6343,10,0.554871353007061,0.55416962,0.0007017330070610006,0.78867259375,0.7866360000000001,0.5585191342735436,0.3337233992776713,-1.2681902948902086,"{""ExternalRiskEstimate<=65"": 2, ""ExternalRiskEstimate<=74"": 2, ""ExternalRiskEstimate<=82"": 2, ""AverageMInFile<=67"": 1, ""NumSatisfactoryTrades<=13"": 2, ""PercentTradesNeverDelq<=96"": 1, ""PercentInstallTrades<=48"": -1, ""MSinceMostRecentInqexcl7days<=-8"": -5, ""MSinceMostRecentInqexcl7days<=0"": 2, ""NetFractionRevolvingBurden<=46"": -2}",
fastsparse_seqround,visible,compas,3,4222,32,ok,0.0603,2,0.631224756118438,0.62253821,0.008686546118437999,0.6868839929596622,0.6838760649766218,0.6305556849814078,0.3107412249411299,0.0603669223115368,"{""age<=34"": 3, ""priors_count<=2"": -4}",
fastsparse_seqround,visible,compas,4,4222,32,ok,0.0682,4,0.6172638697215304,0.61579658,0.0014672897215303182,0.710713478247554,0.7157758716880891,0.6118533666728162,0.2634442630775217,0.5848041720272005,"{""age<=22"": 3, ""age<=34"": 3, ""priors_count<=2"": -4, ""priors_count<=6"": -3}",
fastsparse_seqround,visible,compas,5,4222,32,ok,0.1032,5,0.6121285328328436,0.61211833,1.0202832843586584e-05,0.7195676083208578,0.7304002908326525,0.6049155571060412,0.266107059711269,0.5944944711601864,"{""age<=22"": 3, ""age<=34"": 3, ""priors_count<=0"": -2, ""priors_count<=2"": -3, ""priors_count<=6"": -3}",
fastsparse_seqround,visible,compas,7,4222,32,ok,0.1745,7,0.6087128882553975,0.60822652,0.00048636825539749573,0.7254381970754133,0.736067568199897,0.6008809859010164,0.2535308947711822,1.0780670994942885,"{""sex=0"": -1, ""age<=22"": 3, ""age<=34"": 3, ""juv_other_count<=0"": -2, ""priors_count<=0"": -2, ""priors_count<=2"": -3, ""priors_count<=6"": -3}",
fastsparse_seqround,visible,compas,10,4222,32,ok,0.3312,10,0.6058383040541488,0.60556055,0.000277754054148871,0.7297512597124415,0.7377340968890265,0.6011534305853891,0.3028517185393156,1.2136296363625398,"{""sex=0"": -1, ""age<=22"": 2, ""age<=29"": 1, ""age<=34"": 1, ""age<=45"": 1, ""juv_other_count<=0"": -2, ""priors_count<=0"": -1, ""priors_count<=1"": -1, ""priors_count<=2"": -2, ""priors_count<=6"": -3}",
fastsparse_seqround,visible,australian,3,552,79,ok,0.0612,3,0.3406263729856884,0.33798725,0.002639122985688358,0.9172246134226048,0.8917394081328507,0.3984961211447331,0.8364381204173582,3.534643077957973,"{""A8=0"": -4, ""A10<=3"": -2, ""A14<=87"": -2}",
fastsparse_seqround,visible,australian,4,552,79,ok,0.0652,3,0.3406263729856884,0.32665632,0.013970052985688375,0.9172246134226048,0.8917394081328507,0.3984961211447331,0.8364381204173582,3.534643077957973,"{""A8=0"": -4, ""A10<=3"": -2, ""A14<=87"": -2}",
fastsparse_seqround,visible,australian,5,552,79,ok,0.0775,5,0.3178274971315479,0.31742252,0.00040497713154791226,0.935517296349434,0.9414519906323184,0.3331898947676011,0.7407856886163604,3.553709544927365,"{""A3<=13"": 2, ""A7<=26"": -1, ""A8=0"": -5, ""A10<=3"": -2, ""A14<=87"": -2}",
fastsparse_seqround,visible,australian,7,552,79,ok,0.0905,5,0.3178274971315479,0.30383905,0.013988447131547899,0.935517296349434,0.9414519906323184,0.3331898947676011,0.7407856886163604,3.553709544927365,"{""A3<=13"": 2, ""A7<=26"": -1, ""A8=0"": -5, ""A10<=3"": -2, ""A14<=87"": -2}",
fastsparse_seqround,visible,australian,10,552,79,ok,0.2087,10,0.293841004598012,0.28999338,0.003847624598011967,0.9451684467825068,0.949968064722163,0.2828953228820247,0.8723944970909255,4.437894171322848,"{""A3<=13"": 3, ""A3<=89"": -1, ""A4=1"": -1, ""A5=13"": 2, ""A5=14"": 3, ""A6=5"": -1, ""A7<=26"": -1, ""A8=0"": -4, ""A10<=3"": -2, ""A14<=87"": -2}",
fastsparse_seqround,visible,heart,3,216,57,ok,0.0432,3,0.395941494889263,0.39413199,0.001809504889263014,0.8921006944444444,0.8715277777777778,0.4123824602169626,0.5907685042279155,2.920248488527182,"{""chest<=3"": -3, ""number_of_major_vessels<=0"": -3, ""thal<=3"": -4}",
fastsparse_seqround,visible,heart,4,216,57,ok,0.0542,4,0.3577841419636318,0.35610761,0.0016765319636317666,0.9139756944444444,0.8354166666666667,0.4875746933359004,0.4154284094735103,4.031746225444174,"{""chest<=3"": -5, ""oldpeak<=1.4"": -4, ""number_of_major_vessels<=0"": -4, ""thal<=3"": -5}",
fastsparse_seqround,visible,heart,5,216,57,ok,0.0558,5,0.3410598849485596,0.33644466,0.004615224948559593,0.9239583333333332,0.8368055555555555,0.5215776482493573,0.5913894317928118,4.783316534222506,"{""chest<=3"": -3, ""resting_electrocardiographic_results<=0"": -2, ""oldpeak<=1.4"": -3, ""number_of_major_vessels<=0"": -3, ""thal<=3"": -4}",
fastsparse_seqround,visible,heart,7,216,57,ok,0.0688,5,0.3410598849485596,0.31496988,0.02609000494855962,0.9239583333333332,0.8368055555555555,0.5215776482493573,0.5913894317928118,4.783316534222506,"{""chest<=3"": -3, ""resting_electrocardiographic_results<=0"": -2, ""oldpeak<=1.4"": -3, ""number_of_major_vessels<=0"": -3, ""thal<=3"": -4}",
fastsparse_seqround,visible,heart,10,216,57,ok,0.1145,8,0.3127201219657345,0.27914686,0.03357326196573451,0.937456597222222,0.8493055555555555,0.5402418914227879,0.403972939390834,4.193546335632629,"{""sex=1"": 3, ""chest<=3"": -5, ""serum_cholestoral<=220"": -2, ""resting_electrocardiographic_results<=0"": -3, ""oldpeak<=0.6"": -3, ""oldpeak<=1.4"": -3, ""number_of_major_vessels<=0"": -4, ""thal<=3"": -5}",
fastsparse_seqround,visible,ionosphere,3,280,267,ok,0.0344,2,0.3455973948053146,0.2819954,0.06360199480531459,0.890867857735494,0.9269565217391303,0.2580629562079993,1.1630174920918503,0.0615405005797675,"{""a05<=0.06704"": 5, ""a27<=0.94305"": -2}",
fastsparse_seqround,visible,ionosphere,4,280,267,ok,0.0364,4,0.2645751431301085,0.22797815,0.0365969931301085,0.9285358703468112,0.92,0.2817708952685636,0.9880864290519308,1.949270819538132,"{""a05<=0.06704"": 5, ""a06<=-0.23067"": 4, ""a06<=0.78579"": -3, ""a27<=0.94305"": -2}",
fastsparse_seqround,visible,ionosphere,5,280,267,ok,0.0556,5,0.2308949311023466,0.20648715,0.024407781102346593,0.957021959179158,0.9256521739130434,0.2923962077481318,0.9797388536551443,1.050207742603688,"{""a03<=0.60678"": 3, ""a05<=0.06704"": 5, ""a06<=-0.23067"": 4, ""a06<=0.78579"": -3, ""a27<=0.94305"": -2}",
fastsparse_seqround,visible,ionosphere,7,280,267,ok,0.0964,7,0.1857701902408322,0.14271712,0.043053070240832186,0.9676143592012832,0.9295652173913044,0.3212936647807064,1.037957590983233,0.1112847226630475,"{""a03<=0.60678"": 2, ""a04<=-0.59677"": 3, ""a05<=0.06704"": 4, ""a06<=-0.23067"": 5, ""a06<=0.78579"": -2, ""a27<=0.94305"": -3, ""a29<=0.37681"": 2}",
fastsparse_seqround,visible,ionosphere,10,280,267,ok,0.152,10,0.1545081311556156,0.08583887,0.0686692611556156,0.9794789534819404,0.9143478260869564,0.3773563233424622,1.0936739830018212,2.1414155054204005,"{""a03<=0.60678"": 3, ""a04<=-0.59677"": 3, ""a05<=0.06704"": 4, ""a06<=-0.23067"": 5, ""a06<=0.78579"": -2, ""a08<=-0.78502"": 2, ""a22<=-0.03333"": -2, ""a27<=0.94305"": -3, ""a29<=0.37681"": 2, ""a34<=0.69409"": -2}",
fastsparse_seqround,visible,ilpd,3,466,79,ok,0.0273,3,0.5069912743791254,0.50697218,1.9094379125395022e-05,0.7403192666350561,0.7453933380581148,0.5192172061121736,0.3746217823455201,-3.270219388330225,"{""V1<=24"": 3, ""V4<=1"": 5, ""V5<=206"": 3}",
fastsparse_seqround,visible,ilpd,4,466,79,ok,0.043,3,0.5069912743791254,0.49795585,0.009035424379125412,0.7403192666350561,0.7453933380581148,0.5192172061121736,0.3746217823455201,-3.270219388330225,"{""V1<=24"": 3, ""V4<=1"": 5, ""V5<=206"": 3}",
fastsparse_seqround,visible,ilpd,5,466,79,ok,0.0811,5,0.4922454229144788,0.49203517,0.00021025291447879235,0.7651787125471335,0.784727143869596,0.4858338563561127,0.3459564936195483,-4.957439761527204,"{""V1<=24"": 3, ""V1<=66"": 3, ""V4<=1"": 5, ""V5<=206"": 3, ""V6<=69"": 3}",
fastsparse_seqround,visible,ilpd,7,466,79,ok,0.0985,5,0.4922454229144788,0.48346504,0.008780382914478801,0.7651787125471335,0.784727143869596,0.4858338563561127,0.3459564936195483,-4.957439761527204,"{""V1<=24"": 3, ""V1<=66"": 3, ""V4<=1"": 5, ""V5<=206"": 3, ""V6<=69"": 3}",
fastsparse_seqround,visible,ilpd,10,466,79,ok,0.0943,5,0.4922454229144788,0.4735486,0.018696822914478828,0.7651787125471335,0.784727143869596,0.4858338563561127,0.3459564936195483,-4.957439761527204,"{""V1<=24"": 3, ""V1<=66"": 3, ""V4<=1"": 5, ""V5<=206"": 3, ""V6<=69"": 3}",
fastsparse_seqround,visible,magic,3,10000,90,ok,0.2778,3,0.4761425831166636,0.47478487,0.0013577131166635503,0.805042661238761,0.7905922621115493,0.4938046387533822,0.5643353771868188,3.391131201867249,"{""fLength:<=106.655"": -5, ""fSize:<=2.42"": -2, ""fAlpha:<=27.106"": -4}",
fastsparse_seqround,visible,magic,4,10000,90,ok,0.2793,4,0.4635642959195393,0.45620114,0.007363155919539288,0.8168249674178286,0.7971325583794606,0.4861666858372389,0.5527442333428871,3.225155167266168,"{""fLength:<=106.655"": -5, ""fWidth:<=9.6076"": 3, ""fSize:<=2.42"": -3, ""fAlpha:<=27.106"": -4}",
fastsparse_seqround,visible,magic,5,10000,90,ok,0.3116,4,0.4635642959195393,0.44183376,0.021730535919539273,0.8168249674178286,0.7971325583794606,0.4861666858372389,0.5527442333428871,3.225155167266168,"{""fLength:<=106.655"": -5, ""fWidth:<=9.6076"": 3, ""fSize:<=2.42"": -3, ""fAlpha:<=27.106"": -4}",
fastsparse_seqround,visible,magic,7,10000,90,ok,0.4527,6,0.4313934248158787,0.4187976,0.012595824815878731,0.8507684576158062,0.8354574031535753,0.4538054960525736,0.493970490253411,2.882971322572298,"{""fLength:<=106.655"": -5, ""fWidth:<=9.6076"": 3, ""fSize:<=2.42"": -3, ""fM3Long:<=-34.8805"": 3, ""fAlpha:<=11.711"": -3, ""fAlpha:<=27.106"": -3}",
fastsparse_seqround,visible,magic,10,10000,90,ok,0.6443,9,0.4095672397189298,0.40023123,0.009336009718929783,0.8725938189322593,0.8536679769717566,0.4384207604580985,0.3884835425635201,3.878016414752203,"{""fLength:<=106.655"": -5, ""fWidth:<=9.6076"": 3, ""fWidth:<=15.1087"": 2, ""fWidth:<=39.6681"": -4, ""fSize:<=2.42"": -5, ""fM3Long:<=-34.8805"": 4, ""fAlpha:<=11.711"": -4, ""fAlpha:<=27.106"": -4, ""fDist:<=191.832"": -1}",
fastsparse_seqround,visible,haberman,3,244,27,ok,0.0117,3,0.4976249853046811,0.49061982,0.0070051653046810936,0.7223463687150837,0.639266304347826,0.5425269379372033,0.4231169553973009,0.1345716573095732,"{""Age_of_patient_at_time_of_operation<=38"": -4, ""Patients_year_of_operation=65"": 3, ""Number_of_positive_axillary_nodes_detected<=4"": -4}",
fastsparse_seqround,visible,haberman,4,244,27,ok,0.0252,4,0.4810384142754054,0.48088484,0.00015357427540541035,0.7465835840137516,0.5883152173913043,0.5752094111761259,0.4554797723706597,0.3947278855798655,"{""Age_of_patient_at_time_of_operation<=38"": -4, ""Patients_year_of_operation=65"": 2, ""Patients_year_of_operation=61"": -5, ""Number_of_positive_axillary_nodes_detected<=4"": -4}",
fastsparse_seqround,visible,haberman,5,244,27,ok,0.0474,5,0.4779456368232793,0.47794564,-3.1767207198107883e-09,0.756768371293511,0.563858695652174,0.6069481159682624,0.4602605050510348,0.4816916712972366,"{""Age_of_patient_at_time_of_operation<=38"": -4, ""Patients_year_of_operation=65"": 2, ""Patients_year_of_operation=61"": -5, ""Patients_year_of_operation=63"": -2, ""Number_of_positive_axillary_nodes_detected<=4"": -4}",
fastsparse_seqround,visible,haberman,7,244,27,ok,0.0805,7,0.4731427284961881,0.47310031,4.2418496188079136e-05,0.7748603351955308,0.6542119565217392,0.5636777425016051,0.5424356876273372,0.4060217235156235,"{""Age_of_patient_at_time_of_operation<=38"": -3, ""Patients_year_of_operation=58"": 1, ""Patients_year_of_operation=65"": 2, ""Patients_year_of_operation=61"": -4, ""Patients_year_of_operation=63"": -1, ""Number_of_positive_axillary_nodes_detected<=0"": -1, ""Number_of_positive_axillary_nodes_detected<=4"": -3}",
fastsparse_seqround,visible,haberman,10,244,27,ok,0.0994,10,0.4685207127980974,0.46599817,0.002522542798097438,0.7838418564675548,0.6154891304347827,0.6003679427432734,0.4016905843358142,0.0113318944810285,"{""Age_of_patient_at_time_of_operation<=38"": -4, ""Patients_year_of_operation=64"": 2, ""Patients_year_of_operation=58"": 2, ""Patients_year_of_operation=65"": 4, ""Patients_year_of_operation=59"": 2, ""Patients_year_of_operation=61"": -5, ""Patients_year_of_operation=63"": -1, ""Patients_year_of_operation=62"": 1, ""Number_of_positive_axillary_nodes_detected<=0"": -1, ""Number_of_positive_axillary_nodes_detected<=4"": -4}",
okridge_seqround,visible,adult,3,10000,36,ok,30.0515,3,0.4045151817726544,0.40451518,1.7726544121465793e-09,0.833363646249418,0.8246348665670107,0.4133995404102838,0.6367289681767531,-1.8878878753808184,"{""HSDiploma"": -2, ""NoHS"": -4, ""Married"": 4}",
okridge_seqround,visible,adult,4,10000,36,ok,30.0799,4,0.3885645272699988,0.38816564,0.0003988872699988155,0.8482208770641592,0.8416045566411925,0.3945875195211474,0.6462327889101529,-2.051026206005872,"{""HSDiploma"": -2, ""NoHS"": -4, ""Married"": 4, ""AnyCapitalGains"": 2}",
okridge_seqround,visible,adult,5,10000,36,ok,30.1413,5,0.3795117123700998,0.37728155,0.002230162370099764,0.8592195152529853,0.850420883671919,0.3883812107753361,0.5960657844225337,-2.217567795888062,"{""HSDiploma"": -2, ""NoHS"": -4, ""JobManagerial"": 2, ""Married"": 4, ""AnyCapitalGains"": 3}",
okridge_seqround,visible,adult,7,10000,36,ok,30.1746,7,0.3659833529281851,0.36328792,0.0026954329281851375,0.871592655015421,0.8714055536690133,0.3644537244250987,0.4648496744368732,-1.8755527584942164,"{""Age_22_to_29"": -3, ""HSDiploma"": -3, ""NoHS"": -5, ""JobManagerial"": 2, ""Married"": 5, ""AnyCapitalGains"": 3, ""AnyCapitalLoss"": 2}",
okridge_seqround,visible,adult,10,10000,36,ok,30.145,10,0.3566557548573517,0.35342273,0.003233024857351663,0.8808397445378768,0.8796061775115614,0.3568265973710254,0.5908709918531078,-2.2939327726608365,"{""Age_22_to_29"": -2, ""Age_45_to_59"": 1, ""HSDiploma"": -2, ""ProfVocOrAS"": -1, ""NoHS"": -4, ""JobManagerial"": 1, ""Married"": 4, ""WorkHrsPerWeek_geq_50"": 1, ""AnyCapitalGains"": 3, ""AnyCapitalLoss"": 2}",
okridge_seqround,visible,bank,3,10000,57,ok,30.0353,3,0.2850959121230898,0.28398526,0.0011106521230898059,0.7642459701260713,0.7555877443738848,0.2887993708811586,0.6061160446553727,-0.5860663027129651,"{""calls_b4_campaign_successful"": 3, ""euribor3m_geq_100"": -2, ""euribor3m_geq_200"": -2}",
okridge_seqround,visible,bank,4,10000,57,ok,30.0357,4,0.2838164448952056,0.28178062,0.0020358248952055957,0.7669563047856492,0.7583568354341333,0.2868748042660744,0.590527423199084,-0.6537738852243692,"{""call_in_Q1"": 2, ""calls_b4_campaign_successful"": 3, ""euribor3m_geq_100"": -2, ""euribor3m_geq_200"": -2}",
okridge_seqround,visible,bank,5,10000,57,ok,30.0826,5,0.2828087350280506,0.28084659,0.001962145028050588,0.7709313855592664,0.7653986723711221,0.2860472245803375,0.4193164067998904,-0.486758539773837,"{""call_in_Q1"": 2, ""calls_b4_campaign_failed"": -1, ""calls_b4_campaign_successful"": 4, ""euribor3m_geq_100"": -3, ""euribor3m_geq_200"": -3}",
okridge_seqround,visible,bank,7,10000,57,ok,30.3219,7,0.2798149250264774,0.27923804,0.0005768850264774028,0.7871447051697917,0.7827222787125325,0.2843011187133533,0.432594818973159,-0.4325072664637443,"{""call_in_Q1"": 1, ""call_in_Q2"": -2, ""calls_b4_campaign_failed"": -1, ""calls_b4_campaign_successful"": 3, ""nr_employed_gt_5100"": -5, ""cons_price_idx_geq_93_5"": 1, ""euribor3m_geq_100"": -1}",
okridge_seqround,visible,bank,10,10000,57,ok,30.4392,10,0.2780005589363993,0.27791022,9.033893639931456e-05,0.7940360327794169,0.7773431754375867,0.2872628471676806,0.3777840137391841,-0.8450449340649002,"{""age_ge_60"": 2, ""job_student"": 2, ""education_university"": 1, ""call_in_Q1"": 1, ""call_in_Q2"": -2, ""calls_b4_campaign_failed"": -1, ""calls_b4_campaign_successful"": 4, ""cons_price_idx_geq_93_5"": 1, ""euribor3m_geq_100"": -1, ""euribor3m_geq_300"": -5}",
okridge_seqround,visible,breastcancer,3,546,9,ok,0.8025,3,0.089275810989675,0.08922706,4.8750989675008793e-05,0.9954870584765136,0.9873595505617976,0.1493133175638796,0.2459512001833551,-7.902410748858931,"{""ClumpThickness"": 2, ""UniformityOfCellSize"": 4, ""BareNuclei"": 2}",
okridge_seqround,visible,breastcancer,4,546,9,ok,0.8863,4,0.0828983650867163,0.07846697,0.0044313950867163054,0.995590295700907,0.9900514981273408,0.1297334705766384,0.1575472136777155,-8.130026782682492,"{""ClumpThickness"": 3, ""UniformityOfCellSize"": 5, ""BareNuclei"": 3, ""NormalNucleoli"": 2}",
okridge_seqround,visible,breastcancer,5,546,9,ok,1.0306,5,0.0758320865667243,0.07315004,0.0026820465667243,0.9964530639333382,0.9886470037453184,0.1381853811853288,0.177535357633164,-9.346039276223236,"{""ClumpThickness"": 3, ""UniformityOfCellSize"": 4, ""BareNuclei"": 2, ""BlandChromatin"": 3, ""NormalNucleoli"": 1}",
okridge_seqround,visible,breastcancer,7,546,9,ok,1.8026,7,0.0728528123376176,0.06746348,0.005389332337617597,0.9966152938573852,0.9902855805243448,0.1345899826589557,0.1677087891633087,-9.568538887843378,"{""ClumpThickness"": 3, ""UniformityOfCellSize"": 2, ""UniformityOfCellShape"": 2, ""SingleEpithelialCellSize"": 1, ""BareNuclei"": 2, ""BlandChromatin"": 3, ""NormalNucleoli"": 1}",
okridge_seqround,visible,breastcancer,10,546,9,ok,0.1596,9,0.0659242508434398,0.06592425,8.434397902323809e-10,0.9970356168424158,0.9915730337078652,0.1283955538286715,0.1593083644991322,-10.605231943948114,"{""ClumpThickness"": 3, ""UniformityOfCellSize"": 1, ""UniformityOfCellShape"": 2, ""MarginalAdhesion"": 2, ""SingleEpithelialCellSize"": 1, ""BareNuclei"": 2, ""BlandChromatin"": 4, ""NormalNucleoli"": 1, ""Mitoses"": 2}",
okridge_seqround,visible,mammo,3,768,14,ok,3.095,3,0.4724962698668487,0.47233462,0.00016164986684868987,0.8466953474419112,0.8537165082108902,0.454858504428048,0.3747903770695925,-0.783250768491045,"{""IrregularShape"": 4, ""CircumscribedMargin"": -4, ""Age_geq_60"": 3}",
okridge_seqround,visible,mammo,4,768,14,ok,3.4264,4,0.4672067158656816,0.46720672,-4.134318443149709e-09,0.8521428766226684,0.8571197061365601,0.4571945589692052,0.3955516326582812,-0.75457350141741,"{""IrregularShape"": 3, ""CircumscribedMargin"": -4, ""SpiculatedMargin"": 2, ""Age_geq_60"": 3}",
okridge_seqround,visible,mammo,5,768,14,ok,5.3152,5,0.4652321718049055,0.46370461,0.0015275618049054862,0.8553677593542053,0.853662489196197,0.4626455237037143,0.590211684433026,-0.5784878064419402,"{""IrregularShape"": 2, ""CircumscribedMargin"": -3, ""ObscuredMargin"": -1, ""SpiculatedMargin"": 1, ""Age_geq_60"": 2}",
okridge_seqround,visible,mammo,7,768,14,ok,11.7251,4,0.4701174998845869,0.45928719,0.010830309884586886,0.8459760554161667,0.8504753673293,0.4758808584192374,1.3603219666839403,-6.272731631236863,"{""IrregularShape"": 1, ""CircumscribedMargin"": -1, ""Age_geq_30"": 4, ""Age_geq_60"": 1}",
okridge_seqround,visible,mammo,10,768,14,ok,22.7543,5,0.4652276747009269,0.45827677,0.006950904700926908,0.8527019472019199,0.8471802074330165,0.4812022398402181,1.2168079690693896,-5.776596195541732,"{""IrregularShape"": 1, ""CircumscribedMargin"": -1, ""SpiculatedMargin"": 1, ""Age_geq_30"": 4, ""Age_geq_60"": 1}",
okridge_seqround,visible,mushroom,3,6499,113,ok,30.0717,3,0.0649447582600379,0.06494476,-1.7399621049518643e-09,0.9874906098972488,0.9879991384619118,0.0625159537629061,21.782188425309045,83.79507752034442,"{""odor_eq_almond"": -5, ""odor_eq_anise"": -5, ""odor_eq_none"": -4}",
okridge_seqround,visible,mushroom,4,6499,113,ok,30.1342,4,0.0315166123719844,0.03151661,2.371984400562077e-09,0.9949704514019868,0.9953040107024872,0.029616129738106,20.86882868782467,79.23048923788171,"{""odor_eq_almond"": -5, ""odor_eq_anise"": -5, ""odor_eq_none"": -4, ""spore_print_color_eq_green"": 3}",
okridge_seqround,visible,mushroom,5,6499,113,ok,30.1183,5,0.0188604804429658,0.00913778,0.009722700442965799,0.99680817108203,0.9974457215836526,0.015701449479728,7.360390906873241,31.676206433193567,"{""odor_eq_almond"": -5, ""odor_eq_anise"": -5, ""odor_eq_none"": -5, ""stalk_color_below_ring_eq_yellow"": 4, ""spore_print_color_eq_green"": 4}",
okridge_seqround,visible,mushroom,7,6499,113,ok,30.3635,6,0.0092424481371157,0.0,0.0092424481371157,0.999365711716212,0.9975352123357693,0.0196658722372241,3.804674029085733,12.333905905814843,"{""odor_eq_almond"": -5, ""odor_eq_anise"": -5, ""odor_eq_none"": -5, ""stalk_root_eq_rooted"": -3, ""stalk_surface_below_ring_eq_scaly"": 2, ""spore_print_color_eq_green"": 5}",
okridge_seqround,visible,mushroom,10,6499,113,ok,30.3297,9,0.001558853089237,0.0,0.001558853089237,0.9998703734363974,0.998430119856936,0.0157666799763378,5.489826070243866,13.580115349598126,"{""cap_surface_eq_grooves"": 3, ""odor_eq_almond"": -5, ""odor_eq_anise"": -5, ""odor_eq_none"": -4, ""stalk_root_eq_rooted"": -3, ""stalk_surface_above_ring_eq_scaly"": -2, ""stalk_surface_below_ring_eq_scaly"": 3, ""stalk_color_above_ring_eq_yellow"": 1, ""spore_print_color_eq_green"": 4}",
okridge_seqround,visible,spambase,3,3680,57,ok,30.1133,2,0.4850509248350201,0.39815963,0.08689129483502012,0.7755260553579714,0.7950102194970231,0.4797139129951319,1.5133307982301698,-1.1406674164640396,"{""WordFreqRemove"": 4, ""WordFreq0"": 5}",
okridge_seqround,visible,spambase,4,3680,57,ok,30.1899,3,0.4226224644796537,0.3626631,0.059959364479653665,0.8978761404051339,0.8961190596087956,0.5297076865466244,2.2104400401540016,-1.6425633605173924,"{""WordFreqRemove"": 3, ""WordFreq0"": 3, ""CharFreqExcalamationMark"": 1}",
okridge_seqround,visible,spambase,5,3680,57,ok,30.2276,4,0.4098401359938801,0.33604553,0.0737946059938801,0.904095407453224,0.912119731034687,0.4608291335156637,0.8083968275357114,-2.0404982027824525,"{""WordFreqRemove"": 5, ""WordFreqYour"": 1, ""WordFreq0"": 5, ""CharFreqExcalamationMark"": 2}",
okridge_seqround,visible,spambase,7,3680,57,ok,30.1732,6,0.391999716474042,0.29812607,0.093873646474042,0.9095749188186176,0.9147782813471964,0.4384829102319876,0.7368217363139289,-2.2836042752367107,"{""WordFreqOur"": 1, ""WordFreqRemove"": 4, ""WordFreqFree"": 1, ""WordFreqYour"": 1, ""WordFreq0"": 5, ""CharFreqExcalamationMark"": 2}",
okridge_seqround,visible,spambase,10,3680,57,ok,30.454,6,0.342117868595833,0.26602068,0.07609718859583298,0.941824802845214,0.941423027933292,0.4147085973743504,1.614835880217602,-1.4690259868323468,"{""WordFreqRemove"": 3, ""WordFreqInternet"": 1, ""WordFreq0"": 3, ""WordFreqHP"": -2, ""CharFreqExcalamationMark"": 1, ""CharFreqDollarSign"": 4}",
okridge_seqround,visible,fico,3,8000,142,ok,30.1755,3,0.5922609386363444,0.59185565,0.00040528863634448076,0.74358415625,0.7480795,0.5880604845370012,0.4210584386890159,-1.3270213094887178,"{""ExternalRiskEstimate<=71"": 4, ""MSinceMostRecentInqexcl7days<=-8"": -3, ""MSinceMostRecentInqexcl7days<=0"": 2}",
okridge_seqround,visible,fico,4,8000,142,ok,30.1507,4,0.5785818200290439,0.57853942,4.240002904387641e-05,0.7603315625,0.7661374999999999,0.5745321978295178,0.2822441437290159,-1.760062958082632,"{""ExternalRiskEstimate<=68"": 4, ""ExternalRiskEstimate<=78"": 4, ""MSinceMostRecentInqexcl7days<=-8"": -5, ""MSinceMostRecentInqexcl7days<=0"": 3}",
okridge_seqround,visible,fico,5,8000,142,ok,30.2711,5,0.5695292740873528,0.56952927,4.087352789561294e-09,0.7717790937500001,0.767671,0.5756184706545506,0.3745258613044064,-1.8703892919279583,"{""ExternalRiskEstimate<=68"": 3, ""ExternalRiskEstimate<=78"": 3, ""NumSatisfactoryTrades<=13"": 2, ""MSinceMostRecentInqexcl7days<=-8"": -5, ""MSinceMostRecentInqexcl7days<=0"": 2}",
okridge_seqround,visible,fico,7,8000,142,ok,30.2808,7,0.5612577844332415,0.56055096,0.0007068244332414375,0.782670625,0.775295,0.5698049942579971,0.3212010587092763,-1.2768807901566248,"{""ExternalRiskEstimate<=68"": 3, ""ExternalRiskEstimate<=78"": 3, ""AverageMInFile<=67"": 1, ""NumSatisfactoryTrades<=13"": 2, ""MSinceMostRecentInqexcl7days<=-8"": -5, ""MSinceMostRecentInqexcl7days<=0"": 2, ""NetFractionRevolvingBurden<=46"": -2}",
okridge_seqround,visible,fico,10,8000,142,ok,30.5759,10,0.5546469740382202,0.55416962,0.00047735403822013467,0.7899423437499998,0.780105,0.567697289727397,0.3423004049708176,-0.644959855704936,"{""ExternalRiskEstimate<=68"": 2, ""ExternalRiskEstimate<=78"": 2, ""AverageMInFile<=58"": 2, ""NumSatisfactoryTrades<=13"": 2, ""PercentTradesNeverDelq<=96"": 1, ""PercentInstallTrades<=48"": -1, ""MSinceMostRecentInqexcl7days<=-8"": -5, ""MSinceMostRecentInqexcl7days<=0"": 2, ""NetFractionRevolvingBurden<=35"": -1, ""NetFractionRevolvingBurden<=59"": -2}",
okridge_seqround,visible,compas,3,4222,32,ok,30.0341,3,0.622636832106143,0.62253821,9.862210614297595e-05,0.696625821718037,0.7012972288111494,0.6218535595446498,0.2890575047827967,0.873557786969381,"{""age<=29"": 3, ""priors_count<=1"": -3, ""priors_count<=6"": -4}",
okridge_seqround,visible,compas,4,4222,32,ok,30.0183,4,0.6161707307555757,0.61579658,0.0003741507555756751,0.712040184691769,0.7235686030314266,0.6068852701397329,0.3327950864434175,0.6570104758389657,"{""age<=22"": 3, ""age<=34"": 2, ""priors_count<=1"": -3, ""priors_count<=6"": -3}",
okridge_seqround,visible,compas,5,4222,32,ok,30.0843,5,0.6121285328328436,0.61211833,1.0202832843586584e-05,0.7195676083208578,0.7304002908326525,0.6049155571060412,0.266107059711269,0.5944944711601864,"{""age<=22"": 3, ""age<=34"": 3, ""priors_count<=0"": -2, ""priors_count<=2"": -3, ""priors_count<=6"": -3}",
okridge_seqround,visible,compas,7,4222,32,ok,30.1411,7,0.608486068606098,0.60822652,0.00025954860609800345,0.7258261993165036,0.7278699027798274,0.6084177765746033,0.2172537689301742,1.0676509250240738,"{""age<=22"": 3, ""age<=29"": 2, ""age<=39"": 2, ""juv_other_count<=0"": -2, ""priors_count<=0"": -2, ""priors_count<=2"": -4, ""priors_count<=6"": -4}",
okridge_seqround,visible,compas,10,4222,32,ok,30.0748,10,0.6058383040541488,0.60556055,0.000277754054148871,0.7297512597124415,0.7377340968890265,0.6011534305853891,0.3028517185393156,0.9107779178232244,"{""sex=1"": 1, ""age<=22"": 2, ""age<=29"": 1, ""age<=34"": 1, ""age<=45"": 1, ""juv_other_count<=0"": -2, ""priors_count<=0"": -1, ""priors_count<=1"": -1, ""priors_count<=2"": -2, ""priors_count<=6"": -3}",
okridge_seqround,visible,australian,3,552,79,ok,30.0288,3,0.3406263729856884,0.33798725,0.002639122985688358,0.9172246134226048,0.8917394081328507,0.3984961211447332,0.8364381204173582,0.1888905962885403,"{""A8=1"": 4, ""A10<=3"": -2, ""A14<=87"": -2}",
okridge_seqround,visible,australian,4,552,79,ok,30.055,4,0.3266644494815839,0.32665632,8.12948158390725e-06,0.9272211594664967,0.9286778794975517,0.3528839240954474,0.7738653795730087,3.319035352884933,"{""A3<=13"": 2, ""A8=0"": -5, ""A10<=3"": -2, ""A14<=87"": -2}",
okridge_seqround,visible,australian,5,552,79,ok,30.0819,5,0.3174225198923188,0.31742252,-1.0768119729220871e-10,0.9358029119506882,0.944113263785395,0.3171742762853409,0.7637683933567394,-0.2482787156520447,"{""A3<=13"": 3, ""A7<=26"": -1, ""A8=1"": 5, ""A10<=3"": -2, ""A14<=87"": -2}",
okridge_seqround,visible,australian,7,552,79,ok,30.1334,7,0.3067757059953102,0.30383905,0.002936655995310178,0.9394627769807108,0.9473067915690868,0.3102751214091631,0.7659050223025635,-0.4716544669760946,"{""A3<=13"": 3, ""A5=14"": 3, ""A7<=26"": -1, ""A8=1"": 5, ""A10<=1"": -1, ""A10<=3"": -1, ""A14<=87"": -2}",
okridge_seqround,visible,australian,10,552,79,ok,30.4986,10,0.2933676052639845,0.28999338,0.003374225263984454,0.9443315266486,0.9530551415797318,0.2865979984577148,0.7808024059167542,2.2573108934813524,"{""A3<=13"": 3, ""A3<=89"": -1, ""A5=14"": 3, ""A7<=26"": -1, ""A8=1"": 5, ""A9=1"": 1, ""A10<=3"": -1, ""A12=2"": -4, ""A12=1"": -4, ""A14<=87"": -2}",
okridge_seqround,visible,heart,3,216,57,ok,30.0533,3,0.395941494889263,0.39413199,0.001809504889263014,0.8921006944444444,0.8715277777777778,0.4123824602169626,0.5907685042279155,2.920248488527182,"{""chest<=3"": -3, ""number_of_major_vessels<=0"": -3, ""thal<=3"": -4}",
okridge_seqround,visible,heart,4,216,57,ok,30.0614,4,0.356107606733472,0.35610761,-3.2665279925403468e-09,0.9146267361111112,0.8638888888888888,0.4503914086824262,0.4170149034003905,3.664981328384554,"{""chest<=3"": -5, ""oldpeak<=0.6"": -4, ""number_of_major_vessels<=0"": -4, ""thal<=3"": -5}",
okridge_seqround,visible,heart,5,216,57,ok,30.0473,5,0.3365555832242781,0.33644466,0.0001109232242780811,0.9264322916666666,0.8520833333333333,0.4968000579613306,0.4648981568926066,4.601242922037374,"{""chest<=3"": -4, ""resting_electrocardiographic_results<=0"": -3, ""oldpeak<=0.6"": -4, ""number_of_major_vessels<=0"": -4, ""thal<=3"": -5}",
okridge_seqround,visible,heart,7,216,57,ok,30.1823,7,0.31675485937146,0.31496988,0.0017849793714599937,0.9362413194444444,0.8798611111111112,0.4343982441820236,0.4211772707741958,4.697350435405085,"{""sex=1"": 3, ""chest<=3"": -5, ""serum_cholestoral<=270"": -3, ""oldpeak<=0.6"": -3, ""oldpeak<=1.9"": -4, ""number_of_major_vessels<=0"": -4, ""thal<=3"": -4}",
okridge_seqround,visible,heart,10,216,57,ok,30.3737,10,0.2866702493005607,0.27914686,0.007523389300560679,0.9470920138888888,0.8395833333333333,0.5851374553164765,0.7728746895804598,3.799368372081803,"{""age<=60"": -4, ""age<=63"": 4, ""sex=1"": 3, ""chest<=3"": -3, ""serum_cholestoral<=270"": -2, ""oldpeak<=0.6"": -1, ""oldpeak<=1.9"": -2, ""slope<=1"": -1, ""number_of_major_vessels<=0"": -2, ""thal<=3"": -2}",
okridge_seqround,visible,ionosphere,3,280,267,ok,30.1614,3,0.2972999464569208,0.2819954,0.015304546456920809,0.9040876154654572,0.9095652173913044,0.278012879590839,1.052875691596486,0.8124459213157343,"{""a05<=0.06704"": 5, ""a06<=-0.23067"": 4, ""a06<=0.78579"": -3}",
okridge_seqround,visible,ionosphere,4,280,267,ok,30.0618,4,0.2666769173116195,0.22797815,0.03869876731161953,0.926572266165164,0.9234782608695652,0.2762089095207411,1.3689955405701175,1.3309418846889594,"{""a05<=0.06704"": 4, ""a06<=-0.23067"": 3, ""a06<=0.78579"": -2, ""a27<=0.94305"": -1}",
okridge_seqround,visible,ionosphere,5,280,267,ok,30.2109,5,0.222511072740016,0.20648715,0.01602392274001599,0.952569279274296,0.96,0.2311176987263923,0.9767830132054318,1.3333440367118703,"{""a03<=0.76046"": 3, ""a05<=0.06704"": 5, ""a06<=-0.23067"": 4, ""a06<=0.78579"": -3, ""a27<=0.94305"": -3}",
okridge_seqround,visible,ionosphere,7,280,267,ok,30.3435,7,0.1832395796217363,0.14271712,0.040522459621736284,0.9683057691243984,0.9713043478260868,0.1877405333880831,1.3052865975530457,1.291760126307537,"{""a03<=0.76046"": 2, ""a05<=0.06704"": 4, ""a06<=-0.23067"": 3, ""a06<=0.78579"": -2, ""a08<=0"": 2, ""a27<=0.94305"": -2, ""a28<=0.08968"": -2}",
okridge_seqround,visible,ionosphere,10,280,267,ok,30.3786,10,0.1466066967905687,0.08583887,0.060767826790568705,0.9779578516510868,0.952608695652174,0.2516728455119514,1.110208555232419,0.0985218436227891,"{""a03<=0.76046"": 3, ""a04<=-0.59677"": 3, ""a05<=0.06704"": 5, ""a06<=-0.23067"": 4, ""a06<=0.78579"": -2, ""a08<=0"": 2, ""a13<=0.67028"": -3, ""a17<=0.98881"": -2, ""a21<=0.26957"": 4, ""a28<=0.08968"": -2}",
okridge_seqround,visible,ilpd,3,466,79,ok,30.0653,3,0.5069912743791254,0.50697218,1.9094379125395022e-05,0.7403192666350561,0.7453933380581148,0.5192172061121736,0.3746217823455201,-3.270219388330225,"{""V1<=24"": 3, ""V4<=1"": 5, ""V5<=206"": 3}",
okridge_seqround,visible,ilpd,4,466,79,ok,30.1067,4,0.4979905761011173,0.49795585,3.472610111732166e-05,0.7562713089028877,0.7824238128986534,0.4934618602000788,0.3914692267951884,-4.174269579265102,"{""V1<=24"": 3, ""V4<=1"": 5, ""V5<=206"": 2, ""V6<=69"": 3}",
okridge_seqround,visible,ilpd,5,466,79,ok,30.1816,5,0.4922454229144788,0.49203517,0.00021025291447879235,0.7651787125471335,0.784727143869596,0.4858338563561127,0.3459564936195483,-4.957439761527204,"{""V1<=24"": 3, ""V1<=66"": 3, ""V4<=1"": 5, ""V5<=206"": 3, ""V6<=69"": 3}",
okridge_seqround,visible,ilpd,7,466,79,ok,30.2584,7,0.4880423865518087,0.48346504,0.004577346551808692,0.7782745151166204,0.789156626506024,0.4870475182435572,0.4499061480719762,-5.516003082943823,"{""V1<=24"": 2, ""V1<=66"": 2, ""V4<=1"": 4, ""V5<=206"": 2, ""V6<=69"": 3, ""V10<=1.1"": -1, ""V10<=1.3"": 2}",
okridge_seqround,visible,ilpd,10,466,79,ok,30.3517,10,0.4805341956915894,0.4735486,0.006985595691589408,0.7951410056673215,0.7748051027639971,0.4900496286757179,0.3468077891182305,-4.885990735340887,"{""V1<=24"": 3, ""V1<=60"": -2, ""V1<=66"": 5, ""V4<=0.6"": 4, ""V5<=206"": 2, ""V6<=69"": 4, ""V8<=6.5"": 3, ""V9<=3.1"": -2, ""V9<=4.1"": -3, ""V10<=1.3"": 3}",
okridge_seqround,visible,magic,3,10000,90,ok,30.1004,3,0.4761425831166636,0.47478487,0.0013577131166635503,0.805042661238761,0.7905922621115493,0.4938046387533822,0.5643353771868188,3.391131201867249,"{""fLength:<=106.655"": -5, ""fSize:<=2.42"": -2, ""fAlpha:<=27.106"": -4}",
okridge_seqround,visible,magic,4,10000,90,ok,30.1326,4,0.4562011387276581,0.45620114,-1.272341898506113e-09,0.8308662909803708,0.8145058563689459,0.4770337972647807,0.715292352522922,3.499210863543376,"{""fLength:<=106.655"": -4, ""fSize:<=2.42"": -2, ""fAlpha:<=11.711"": -2, ""fAlpha:<=27.106"": -2}",
okridge_seqround,visible,magic,5,10000,90,ok,30.2488,5,0.4433134832594295,0.44183376,0.0014797232594294663,0.8462981249372745,0.8281956319888494,0.4690140891609027,0.5718028326639162,3.353665337392464,"{""fLength:<=106.655"": -5, ""fWidth:<=11.1267"": 2, ""fSize:<=2.42"": -3, ""fAlpha:<=11.711"": -2, ""fAlpha:<=27.106"": -3}",
okridge_seqround,visible,magic,7,10000,90,ok,30.3861,7,0.4213001855345757,0.4187976,0.0025025855345757186,0.858270274462245,0.8404726362397964,0.4513283467662573,0.4823443323829972,2.7568989887235595,"{""fLength:<=106.655"": -5, ""fWidth:<=12.6731"": 3, ""fSize:<=2.2844"": -3, ""fSize:<=2.5289"": -3, ""fM3Long:<=-34.8805"": 4, ""fAlpha:<=11.711"": -3, ""fAlpha:<=27.106"": -3}",
okridge_seqround,visible,magic,10,10000,90,ok,30.6576,10,0.4004056760828328,0.40023123,0.00017444608283279095,0.8766777756606093,0.8558745110919748,0.4379638411811646,0.4042765158665386,3.975179326560181,"{""fLength:<=46.2915"": -2, ""fLength:<=106.655"": -4, ""fWidth:<=9.6076"": 3, ""fWidth:<=15.1087"": 3, ""fWidth:<=39.6681"": -4, ""fSize:<=2.2844"": -4, ""fSize:<=2.5289"": -3, ""fM3Long:<=-34.8805"": 3, ""fAlpha:<=11.711"": -4, ""fAlpha:<=27.106"": -4}",
okridge_seqround,visible,haberman,3,244,27,ok,10.5009,3,0.4906198182007443,0.49061982,-1.7992556888835054e-09,0.7246239793725828,0.6012228260869564,0.5624556705989217,0.5954857516512759,0.4802070930966801,"{""Age_of_patient_at_time_of_operation<=38"": -3, ""Patients_year_of_operation=61"": -4, ""Number_of_positive_axillary_nodes_detected<=4"": -3}",
okridge_seqround,visible,haberman,4,244,27,ok,23.9068,4,0.4810384142754054,0.48088484,0.00015357427540541035,0.7465835840137516,0.5883152173913043,0.5752094111761259,0.4554797723706597,0.3947278855798655,"{""Age_of_patient_at_time_of_operation<=38"": -4, ""Patients_year_of_operation=65"": 2, ""Patients_year_of_operation=61"": -5, ""Number_of_positive_axillary_nodes_detected<=4"": -4}",
okridge_seqround,visible,haberman,5,244,27,ok,30.0616,5,0.4779456368232793,0.47794564,-3.1767207198107883e-09,0.756768371293511,0.563858695652174,0.6069481159682624,0.4602605050510348,0.4816916712972366,"{""Age_of_patient_at_time_of_operation<=38"": -4, ""Patients_year_of_operation=65"": 2, ""Patients_year_of_operation=61"": -5, ""Patients_year_of_operation=63"": -2, ""Number_of_positive_axillary_nodes_detected<=4"": -4}",
okridge_seqround,visible,haberman,7,244,27,ok,30.1032,7,0.4746705297193478,0.47310031,0.0015702197193477874,0.7599054576708207,0.5985054347826088,0.5883646291617045,0.5723451882391668,0.158324433949067,"{""Age_of_patient_at_time_of_operation<=38"": -2, ""Age_of_patient_at_time_of_operation<=42"": -2, ""Age_of_patient_at_time_of_operation<=49"": 1, ""Patients_year_of_operation=65"": 2, ""Patients_year_of_operation=59"": 1, ""Patients_year_of_operation=61"": -4, ""Number_of_positive_axillary_nodes_detected<=4"": -3}",
okridge_seqround,visible,haberman,10,244,27,ok,30.1831,10,0.4671230619326758,0.46599817,0.0011248919326757867,0.7749462827675118,0.6175271739130435,0.5860939371588378,0.4605867280871571,-0.0149694519045953,"{""Age_of_patient_at_time_of_operation<=38"": -3, ""Age_of_patient_at_time_of_operation<=42"": -2, ""Age_of_patient_at_time_of_operation<=49"": 1, ""Patients_year_of_operation=64"": 1, ""Patients_year_of_operation=58"": 2, ""Patients_year_of_operation=65"": 3, ""Patients_year_of_operation=59"": 2, ""Patients_year_of_operation=61"": -4, ""Patients_year_of_operation=62"": 1, ""Number_of_positive_axillary_nodes_detected<=4"": -4}",
psl,visible,adult,3,10000,36,ok,5.3649,3,0.4132054008256347,0.40451518,0.008690220825634754,0.8116240889168176,0.7982230814741167,0.4243065327537103,0.4869319850114298,-2.751069760947486,"{""NoHS"": -3, ""Married"": 5, ""AnyCapitalGains"": 4}",
psl,visible,adult,4,10000,36,ok,6.4711,4,0.3933490546176453,0.38816564,0.005183414617645321,0.8493800794419024,0.8413826934454522,0.4001204996230404,0.5125554038051912,-2.32432162545576,"{""HSDiploma"": -2, ""NoHS"": -3, ""Married"": 5, ""AnyCapitalGains"": 4}",
psl,visible,adult,5,10000,36,ok,9.4455,5,0.3834326333463408,0.37728155,0.006151083346340791,0.8591699297039375,0.8549242251854549,0.3864758117803932,0.5053941253810755,-2.174653053385243,"{""Age_22_to_29"": -2, ""HSDiploma"": -2, ""NoHS"": -3, ""Married"": 5, ""AnyCapitalGains"": 4}",
psl,visible,adult,7,10000,36,ok,11.6101,7,0.3692027845212963,0.36328792,0.005914864521296304,0.8711668975735957,0.8631861130268267,0.3778744890195347,0.4652393762007786,-2.15544601866916,"{""Age_22_to_29"": -2, ""HSDiploma"": -2, ""NoHS"": -3, ""JobManagerial"": 3, ""Married"": 5, ""WorkHrsPerWeek_lt_40"": -2, ""AnyCapitalGains"": 4}",
psl,visible,adult,10,10000,36,ok,36.1584,10,0.3592606951530575,0.35342273,0.005837965153057456,0.8792831466677635,0.8752905663944212,0.3629593100233918,0.446260485160488,-4.533824016709097,"{""Age_leq_21"": 5, ""Age_22_to_29"": -2, ""Age_45_to_59"": 1, ""HSDiploma"": -2, ""NoHS"": -3, ""JobManagerial"": 3, ""Married"": 5, ""WorkHrsPerWeek_lt_40"": -2, ""AnyCapitalGains"": 4, ""AnyCapitalLoss"": 3}",
psl,visible,bank,3,10000,57,ok,21.0794,3,0.2864860552765056,0.28398526,0.0025007952765055963,0.7630737468830451,0.753774725169311,0.2906283096868229,0.273194842665824,-1.7143325566791436,"{""calls_b4_campaign_successful"": 4, ""emp_var_rate_lt_n1"": 5, ""euribor3m_geq_100"": -5}",
psl,visible,bank,4,10000,57,ok,28.9931,4,0.286013883681855,0.28178062,0.004233263681855004,0.7790798532924532,0.7730352563487648,0.2890772083001518,0.2514064944569615,-1.348318279325982,"{""call_in_Q2"": -3, ""calls_b4_campaign_successful"": 4, ""emp_var_rate_lt_n1"": 5, ""euribor3m_geq_100"": -5}",
psl,visible,bank,5,10000,57,ok,14.9557,5,0.2855934092229271,0.28084659,0.004746819222927079,0.780721896565735,0.7812545964993061,0.2890086094070261,0.2556342622759151,-1.2193384549498456,"{""call_in_Q2"": -3, ""calls_b4_campaign_failed"": -4, ""calls_b4_campaign_successful"": 4, ""emp_var_rate_lt_n1"": 5, ""euribor3m_geq_100"": -5}",
psl,visible,bank,7,10000,57,over_limit,60.2192,7,0.2841043232756038,0.27923804,0.004866283275603789,0.7834972324202543,0.7840444717303302,0.2874456023523595,0.2140964184348769,-1.3830684420343475,"{""job_blue_collar"": -1, ""call_in_Q2"": -3, ""called_before"": 5, ""calls_b4_campaign_failed"": -4, ""calls_b4_campaign_successful"": 4, ""emp_var_rate_lt_n1"": 5, ""euribor3m_geq_100"": -5}",
psl,visible,bank,10,10000,57,over_limit,84.8743,10,0.2819203772431907,0.27791022,0.004010157243190704,0.7886261719730461,0.782807014178002,0.2874319805177182,0.2142532661777369,-1.6136420085516916,"{""age_ge_60"": 2, ""job_blue_collar"": -1, ""credit_is_or_may_be_in_default"": -2, ""call_in_Q2"": -3, ""called_before"": 5, ""calls_b4_campaign_failed"": -4, ""calls_b4_campaign_successful"": 4, ""emp_var_rate_lt_n1"": 5, ""cons_conf_idx_leq_n40"": 2, ""euribor3m_geq_100"": -5}",
psl,visible,breastcancer,3,546,9,ok,2.1915,3,0.1107882432438313,0.08922706,0.0215611832438313,0.9933928176388171,0.9660580524344567,0.243749832755694,0.1872680250654266,-7.745630993908995,"{""UniformityOfCellSize"": 5, ""UniformityOfCellShape"": 3, ""BlandChromatin"": 4}",
psl,visible,breastcancer,4,546,9,ok,2.8183,4,0.0910335525656508,0.07846697,0.012566582565650797,0.9955091807388836,0.9865402621722849,0.1648631238084539,0.1153814517927208,-7.281948508335583,"{""UniformityOfCellSize"": 5, ""UniformityOfCellShape"": 3, ""BareNuclei"": 5, ""BlandChromatin"": 4}",
psl,visible,breastcancer,5,546,9,ok,3.1648,5,0.0780674372795221,0.07315004,0.004917397279522104,0.9965341788953616,0.9898174157303372,0.1312554521313674,0.0965919799812184,-8.735489929348896,"{""ClumpThickness"": 5, ""UniformityOfCellSize"": 5, ""UniformityOfCellShape"": 3, ""BareNuclei"": 5, ""BlandChromatin"": 4}",
psl,visible,breastcancer,7,546,9,ok,3.8422,7,0.073880532983372,0.06746348,0.0064170529833719875,0.9967259051692352,0.9898174157303372,0.1345550115419905,0.0834585148124674,-9.037154645327965,"{""ClumpThickness"": 5, ""UniformityOfCellSize"": 5, ""UniformityOfCellShape"": 3, ""SingleEpithelialCellSize"": 3, ""BareNuclei"": 5, ""BlandChromatin"": 4, ""NormalNucleoli"": 2}",
psl,visible,breastcancer,10,546,9,ok,4.0428,9,0.0695767242339814,0.06592425,0.0036524742339813926,0.9968512646559988,0.9901685393258428,0.1293381163185593,0.0738600129296764,-9.572691503119575,"{""ClumpThickness"": 5, ""UniformityOfCellSize"": 5, ""UniformityOfCellShape"": 3, ""MarginalAdhesion"": 5, ""SingleEpithelialCellSize"": 3, ""BareNuclei"": 5, ""BlandChromatin"": 4, ""NormalNucleoli"": 2, ""Mitoses"": 4}",
psl,visible,mammo,3,768,14,ok,0.6425,3,0.472334615836568,0.47233462,-4.1634319880579085e-09,0.8467601178138977,0.8532843560933447,0.4539342006268787,0.3401502000541479,-0.6159483420508347,"{""IrregularShape"": 4, ""CircumscribedMargin"": -5, ""Age_geq_60"": 3}",
psl,visible,mammo,4,768,14,ok,0.8698,4,0.4677403762249119,0.46720672,0.0005336562249118604,0.8520303807134286,0.849881158167675,0.4592890198023814,0.3145519605021923,-0.7050712199478746,"{""IrregularShape"": 4, ""CircumscribedMargin"": -5, ""SpiculatedMargin"": 3, ""Age_geq_60"": 3}",
psl,visible,mammo,5,768,14,ok,1.1146,5,0.4643630019418581,0.46370461,0.0006583919418580719,0.8543927948074616,0.8510695764909247,0.4596555725803823,0.3083948249907821,-0.6702910803843611,"{""IrregularShape"": 4, ""CircumscribedMargin"": -5, ""SpiculatedMargin"": 3, ""Age_lt_30"": -5, ""Age_geq_60"": 3}",
psl,visible,mammo,7,768,14,ok,1.4765,7,0.4616071750950373,0.45928719,0.0023199850950372802,0.8595437438638595,0.851393690579084,0.4601850055586192,0.3165176303138187,-0.7230315323469677,"{""LobularShape"": 2, ""IrregularShape"": 4, ""CircumscribedMargin"": -5, ""ObscuredMargin"": -1, ""SpiculatedMargin"": 3, ""Age_lt_30"": -5, ""Age_geq_60"": 3}",
psl,visible,mammo,10,768,14,ok,2.0424,10,0.4614106080420349,0.45827677,0.0031338380420348755,0.8585653703501691,0.8484766637856526,0.460897704051477,0.3009891257695173,-1.514617399542665,"{""OvalShape"": -1, ""LobularShape"": 2, ""IrregularShape"": 4, ""CircumscribedMargin"": -5, ""MicrolobulatedMargin"": 1, ""ObscuredMargin"": -1, ""SpiculatedMargin"": 3, ""Density"": 1, ""Age_lt_30"": -5, ""Age_geq_60"": 3}",
psl,visible,mushroom,3,6499,113,ok,50.8963,3,0.1921167867023019,0.06494476,0.12717202670230188,0.9768457277000112,0.975098060629226,0.1999109981344314,1.25704613162747,4.902881984311809,"{""bruises_eq_TRUE"": -4, ""odor_eq_none"": -5, ""stalk_root_eq_club"": -3}",
psl,visible,mushroom,4,6499,113,over_limit,81.5361,4,0.1754181208179204,0.03151661,0.1439015108179204,0.9811381970888928,0.9784759573235288,0.1872508378139602,1.33300140212193,5.449650312132281,"{""bruises_eq_TRUE"": -4, ""odor_eq_none"": -5, ""stalk_root_eq_club"": -3, ""stalk_root_eq_rooted"": -5}",
psl,visible,mushroom,5,6499,113,over_limit,99.3359,5,0.1767219669405366,0.00913778,0.1675841869405366,0.9850890573370435,0.9847623034616236,0.183578659313997,1.3913053504506236,5.861291527537533,"{""bruises_eq_TRUE"": -4, ""odor_eq_none"": -5, ""stalk_root_eq_club"": -3, ""stalk_root_eq_rooted"": -5, ""habitat_eq_woods"": -1}",
psl,visible,mushroom,7,6499,113,over_limit,138.1769,7,0.0658794764961566,0.0,0.0658794764961566,0.9982246755495474,0.996775299338982,0.0912524711669259,5.023320347570386,21.986083792342026,"{""bruises_eq_TRUE"": -4, ""odor_eq_none"": -5, ""stalk_root_eq_club"": -3, ""stalk_root_eq_rooted"": -5, ""stalk_surface_below_ring_eq_scaly"": 4, ""spore_print_color_eq_green"": 5, ""habitat_eq_woods"": -1}",
psl,visible,mushroom,10,6499,113,killed,180.0,0,0.692504371711206,0.0,0.692504371711206,0.5,0.5,0.6924880155216113,0.0,-0.0717340837985594,{},killed at 180s
psl,visible,spambase,3,3680,57,killed,180.0,0,0.67051310749885,0.39815963,0.27235347749884997,0.5,0.5,0.6705626374377532,0.0,-0.4304380290395443,{},killed at 180s
psl,visible,spambase,4,3680,57,killed,180.0,0,0.67051310749885,0.3626631,0.30785000749884994,0.5,0.5,0.6705626374377532,0.0,-0.4304380290395443,{},killed at 180s
psl,visible,spambase,5,3680,57,killed,180.0,0,0.67051310749885,0.33604553,0.33446757749885,0.5,0.5,0.6705626374377532,0.0,-0.4304380290395443,{},killed at 180s
psl,visible,spambase,7,3680,57,killed,180.0,0,0.67051310749885,0.29812607,0.37238703749884994,0.5,0.5,0.6705626374377532,0.0,-0.4304380290395443,{},killed at 180s
psl,visible,spambase,10,3680,57,killed,180.0,0,0.67051310749885,0.26602068,0.40449242749884995,0.5,0.5,0.6705626374377532,0.0,-0.4304380290395443,{},killed at 180s
psl,visible,fico,3,8000,142,over_limit,119.56,3,0.5948759645669097,0.59185565,0.0030203145669097653,0.74104584375,0.746806,0.5902113366208064,0.2626597868531223,-0.5153311596155651,"{""ExternalRiskEstimate<=74"": 5, ""MSinceMostRecentInqexcl7days<=0"": 3, ""NetFractionRevolvingBurden<=59"": -4}",
psl,visible,fico,4,8000,142,over_limit,161.2924,4,0.5877705898032889,0.57853942,0.009231169803288863,0.7521759375,0.7594209999999999,0.582259046900819,0.2646011723516309,-0.4005213450305582,"{""ExternalRiskEstimate<=74"": 5, ""MSinceMostRecentInqexcl7days<=-8"": -4, ""MSinceMostRecentInqexcl7days<=0"": 3, ""NetFractionRevolvingBurden<=59"": -4}",
psl,visible,fico,5,8000,142,killed,180.0,0,0.6931471805599453,0.56952927,0.12361791055994531,0.5,0.5,0.6931471805599454,0.0,0.0,{},killed at 180s
psl,visible,fico,7,8000,142,killed,180.0,0,0.6931471805599453,0.56055096,0.13259622055994524,0.5,0.5,0.6931471805599454,0.0,0.0,{},killed at 180s
psl,visible,fico,10,8000,142,killed,180.0,0,0.6931471805599453,0.55416962,0.13897756055994526,0.5,0.5,0.6931471805599454,0.0,0.0,{},killed at 180s
psl,visible,compas,3,4222,32,ok,2.3449,3,0.6239050355059025,0.62253821,0.0013668255059025025,0.694875758214478,0.693284933212873,0.6231162670213295,0.2179718273391156,0.622403696001442,"{""age<=31"": 4, ""priors_count<=2"": -5, ""priors_count<=6"": -3}",
psl,visible,compas,4,4222,32,ok,3.1983,4,0.6195604423902866,0.61579658,0.0037638623902865875,0.7103010428995815,0.7154555238407189,0.6158566831414878,0.2221512147682248,0.5768993549739531,"{""age<=22"": 2, ""age<=31"": 4, ""priors_count<=2"": -5, ""priors_count<=6"": -3}",
psl,visible,compas,5,4222,32,ok,4.1988,5,0.6185276170688426,0.61211833,0.006409287068842584,0.7158437551230707,0.7197334273980196,0.6150125765418736,0.1608875266144361,0.6278694700690841,"{""age<=22"": 2, ""age<=31"": 4, ""priors_count<=0"": -5, ""priors_count<=2"": -5, ""priors_count<=6"": -3}",
psl,visible,compas,7,4222,32,ok,5.767,7,0.6129378346138107,0.60822652,0.004711314613810691,0.7235308384091141,0.7314423211901102,0.6094272226656994,0.150137627268204,0.9156232152115652,"{""age<=22"": 2, ""age<=31"": 4, ""age<=39"": 2, ""juv_other_count<=0"": -4, ""priors_count<=0"": -5, ""priors_count<=2"": -5, ""priors_count<=6"": -3}",
psl,visible,compas,10,4222,32,ok,8.033,10,0.6115225919179572,0.60556055,0.005962041917957239,0.7241593434902998,0.7342246682240131,0.6055914134915892,0.1444167855103922,0.4736561957507513,"{""age<=22"": 2, ""age<=31"": 4, ""age<=39"": 2, ""age<=53"": 3, ""juv_other_count<=0"": -4, ""priors_count<=0"": -5, ""priors_count<=2"": -5, ""priors_count<=6"": -3, ""age_cat_25-45=1"": -1, ""race_African-American=1"": 1}",
psl,visible,australian,3,552,79,ok,3.4117,3,0.3632581988694757,0.33798725,0.025270948869475673,0.9173242467718796,0.8891845859058973,0.4172658298405861,0.5417244339452023,1.1796912230072023,"{""A8=1"": 5, ""A9=0"": -4, ""A14<=126"": -4}",
psl,visible,australian,4,552,79,ok,4.571,4,0.3566096464205291,0.32665632,0.029953326420529114,0.9202999628035498,0.8912071535022354,0.4108913781820396,0.5341811154586793,1.0648636862885157,"{""A5=14"": 5, ""A8=1"": 5, ""A9=0"": -4, ""A14<=126"": -4}",
psl,visible,australian,5,552,79,ok,6.0007,5,0.3519802901764294,0.31742252,0.034557770176429414,0.9230498432435305,0.8965296998083884,0.3976967299736473,0.5286813909592234,0.9715485910556368,"{""A5=13"": 3, ""A5=14"": 5, ""A8=1"": 5, ""A9=0"": -4, ""A14<=126"": -4}",
psl,visible,australian,7,552,79,ok,8.4307,7,0.3496547059478075,0.30383905,0.04581565594780751,0.9275399861841754,0.931232701724505,0.3292823418718719,0.5567887759302165,1.2869239389293732,"{""A3<=13"": 4, ""A5=13"": 3, ""A5=14"": 5, ""A8=1"": 5, ""A9=0"": -4, ""A12=2"": -1, ""A14<=126"": -4}",
psl,visible,australian,10,552,79,ok,12.1312,10,0.3051937393822305,0.28999338,0.015200359382230466,0.940631808278867,0.9400681285927188,0.320507117281989,0.3787852057225641,1.063727859530454,"{""A3<=13"": 4, ""A5=1"": -4, ""A5=13"": 3, ""A5=14"": 5, ""A8=1"": 5, ""A8=0"": -5, ""A9=0"": -4, ""A12=2"": -1, ""A13<=38"": 3, ""A14<=126"": -4}",
psl,visible,heart,3,216,57,ok,2.0567,3,0.3971267472020086,0.39413199,0.002994757202008591,0.8941840277777777,0.8638888888888889,0.4306978443257818,0.482493648855928,2.8190039689120594,"{""chest<=3"": -4, ""number_of_major_vessels<=0"": -3, ""thal<=3"": -5}",
psl,visible,heart,4,216,57,ok,2.7189,4,0.3609007870856013,0.35610761,0.004793177085601286,0.916015625,0.8430555555555556,0.4729902371625301,0.4635033405580177,4.679650071498994,"{""chest<=3"": -4, ""oldpeak<=1.9"": -5, ""number_of_major_vessels<=0"": -3, ""thal<=3"": -5}",
psl,visible,heart,5,216,57,ok,3.6789,5,0.3584496773033591,0.33644466,0.022005017303359076,0.9208333333333334,0.861111111111111,0.4592802053733507,0.4571948179702378,4.847768289507084,"{""age<=55"": -1, ""chest<=3"": -4, ""oldpeak<=1.9"": -5, ""number_of_major_vessels<=0"": -3, ""thal<=3"": -5}",
psl,visible,heart,7,216,57,ok,5.0029,7,0.3507893199199051,0.31496988,0.035819439919905105,0.9256944444444444,0.857638888888889,0.4630876328454693,0.4687910540009411,5.167543962688306,"{""age<=55"": -1, ""chest<=3"": -4, ""serum_cholestoral<=220"": -1, ""fasting_blood_sugar=1"": -1, ""oldpeak<=1.9"": -5, ""number_of_major_vessels<=0"": -3, ""thal<=3"": -5}",
psl,visible,heart,10,216,57,ok,6.9973,10,0.3442805995130899,0.27914686,0.06513373951308993,0.9271701388888888,0.8631944444444445,0.4575394864678716,0.3974686517506071,2.806002181291688,"{""age<=55"": -1, ""sex=1"": 4, ""chest<=3"": -4, ""serum_cholestoral<=220"": -1, ""fasting_blood_sugar=1"": -1, ""maximum_heart_rate_achieved<=116"": 2, ""maximum_heart_rate_achieved<=171"": 1, ""oldpeak<=1.9"": -5, ""number_of_major_vessels<=0"": -3, ""thal<=3"": -5}",
psl,visible,ionosphere,3,280,267,ok,14.8519,3,0.3000510080816191,0.2819954,0.0180556080816191,0.8564356435643564,0.92,0.2082813182602151,5.725291511065226,26.806367579471967,"{""a01=1"": -5, ""a03<=0"": 5, ""a05<=0"": 5}",
psl,visible,ionosphere,4,280,267,ok,16.1051,4,0.2686646786182551,0.22797815,0.04068652861825511,0.8977819569666464,0.92,0.2070937450299894,0.9831293893077562,2.7223137327221067,"{""a01=1"": -5, ""a03<=0"": 5, ""a05<=0"": 5, ""a08<=-0.78502"": 4}",
psl,visible,ionosphere,5,280,267,ok,20.7608,5,0.2420121744052476,0.20648715,0.0355250244052476,0.9212898943525636,0.92,0.2081626576787483,0.9500468525001576,2.336892328985213,"{""a01=1"": -5, ""a03<=0"": 5, ""a05<=0"": 5, ""a08<=-0.78502"": 4, ""a14<=-0.79313"": 5}",
psl,visible,ionosphere,7,280,267,ok,30.3171,7,0.2066414898118789,0.14271712,0.0639243698118789,0.958515404613087,0.922608695652174,0.2556079311360976,0.957280301300542,1.79600770849492,"{""a01=1"": -5, ""a03<=0"": 5, ""a05<=0"": 5, ""a05<=0.5898"": 3, ""a08<=-0.78502"": 4, ""a14<=-0.79313"": 5, ""a22<=-0.03333"": -1}",
psl,visible,ionosphere,10,280,267,ok,44.1267,10,0.1760064163101188,0.08583887,0.09016754631011879,0.969467337795232,0.9343478260869564,0.2695106067046215,1.0281715039587132,1.4467128978848844,"{""a01=1"": -5, ""a03<=0"": 5, ""a05<=0"": 5, ""a05<=0.5898"": 3, ""a08<=-0.78502"": 4, ""a14<=-0.79313"": 5, ""a21<=0.26957"": 1, ""a22<=-0.03333"": -1, ""a24<=-1"": 5, ""a26<=-0.47137"": -2}",
psl,visible,ilpd,3,466,79,ok,3.4047,3,0.5083548704066592,0.50697218,0.0013826904066591705,0.7430739009686378,0.7448618001417434,0.5177613738817641,0.3257634227287263,-3.1490883994013736,"{""V1<=24"": 3, ""V4<=1"": 5, ""V5<=206"": 4}",
psl,visible,ilpd,4,466,79,ok,4.3477,4,0.5008033956389543,0.49795585,0.0028475456389542853,0.7549843076158864,0.7792345854004252,0.4865366024146034,0.2905651487916724,-3.920039989727672,"{""V1<=24"": 3, ""V4<=1"": 5, ""V5<=206"": 4, ""V6<=69"": 4}",
psl,visible,ilpd,5,466,79,ok,5.6097,5,0.5000794021353506,0.49203517,0.008044232135350604,0.7575583101898891,0.7776399716513112,0.4895796224196124,0.2931577975107605,-4.074818453649587,"{""V1<=24"": 3, ""V4<=1"": 5, ""V5<=206"": 4, ""V6<=69"": 4, ""V8<=6.2"": 1}",
psl,visible,ilpd,7,466,79,ok,8.2475,7,0.4961222631686179,0.48346504,0.012657223168617893,0.7595226805753121,0.7826009922041105,0.4833873064966059,0.268135290604665,-5.129609675331073,"{""V1<=24"": 3, ""V3<=7.7"": 5, ""V4<=1"": 5, ""V5<=146"": 1, ""V5<=206"": 4, ""V6<=69"": 4, ""V8<=6.2"": 1}",
psl,visible,ilpd,10,466,79,ok,13.6407,10,0.4870998630898297,0.4735486,0.013551263089829735,0.7747973537447221,0.7934089298369951,0.4744836064448738,0.263760770233018,-6.017588426382201,"{""V1<=24"": 3, ""V1<=60"": -1, ""V1<=66"": 5, ""V3<=7.7"": 5, ""V4<=1"": 5, ""V5<=146"": 1, ""V5<=206"": 4, ""V6<=69"": 4, ""V8<=6.2"": 1, ""V9<=2"": -2}",
psl,visible,magic,3,10000,90,over_limit,61.4657,3,0.4924336518489343,0.47478487,0.01764878184893426,0.8108061920512837,0.793450439657538,0.5110112672663255,0.4306942824794481,2.894725105016571,"{""fLength:<=46.2915"": -4, ""fLength:<=106.655"": -4, ""fAlpha:<=18.205"": -5}",
psl,visible,magic,4,10000,90,over_limit,81.1016,4,0.4741198848670856,0.45620114,0.017918744867085612,0.8259092434760211,0.8096622192090586,0.494019185812126,0.4036011768700667,3.1877473786178774,"{""fLength:<=46.2915"": -4, ""fLength:<=106.655"": -4, ""fAlpha:<=18.205"": -5, ""fAlpha:<=39.472"": -2}",
psl,visible,magic,5,10000,90,over_limit,105.9041,5,0.4697041389705245,0.44183376,0.027870378970524468,0.8320034429722519,0.8184188751308025,0.4879138151009914,0.4101088336494042,3.34007026365637,"{""fLength:<=46.2915"": -4, ""fLength:<=106.655"": -4, ""fSize:<=2.42"": -1, ""fAlpha:<=18.205"": -5, ""fAlpha:<=39.472"": -2}",
psl,visible,magic,7,10000,90,over_limit,149.5656,7,0.4524675011348903,0.4187976,0.03366990113489032,0.852732752854844,0.8372860051415614,0.4766715237968429,0.3249460514861823,2.6868593902278635,"{""fLength:<=46.2915"": -4, ""fLength:<=106.655"": -4, ""fWidth:<=15.1087"": 1, ""fSize:<=2.42"": -1, ""fAlpha:<=7.388"": -5, ""fAlpha:<=18.205"": -5, ""fAlpha:<=39.472"": -2}",
psl,visible,magic,10,10000,90,killed,180.0,0,0.6484314793367714,0.40023123,0.24820024933677137,0.5,0.5,0.6484314793367715,0.0,-0.6120136240504989,{},killed at 180s
psl,visible,haberman,3,244,27,ok,0.915,3,0.4952009261391636,0.49061982,0.0045811061391636265,0.7227331327889988,0.6372282608695652,0.5453475037122588,0.381694761911508,0.4796352360784381,"{""Age_of_patient_at_time_of_operation<=38"": -3, ""Patients_year_of_operation=61"": -4, ""Number_of_positive_axillary_nodes_detected<=4"": -5}",
psl,visible,haberman,4,244,27,ok,1.2166,4,0.4840682413859357,0.48088484,0.0031834013859357024,0.7451224752900731,0.6216032608695651,0.5667453633671221,0.383022254789123,0.3484466069897531,"{""Age_of_patient_at_time_of_operation<=38"": -3, ""Patients_year_of_operation=65"": 3, ""Patients_year_of_operation=61"": -4, ""Number_of_positive_axillary_nodes_detected<=4"": -5}",
psl,visible,haberman,5,244,27,ok,1.5436,5,0.4842903160896072,0.47794564,0.006344676089607204,0.7439621830683285,0.6345108695652174,0.5581856726854966,0.34609022377998,0.3913418310237623,"{""Age_of_patient_at_time_of_operation<=38"": -3, ""Age_of_patient_at_time_of_operation<=42"": -3, ""Patients_year_of_operation=65"": 3, ""Patients_year_of_operation=61"": -4, ""Number_of_positive_axillary_nodes_detected<=4"": -5}",
psl,visible,haberman,7,244,27,ok,2.0794,7,0.4837954470825249,0.47310031,0.010695137082524897,0.7479157713794585,0.6358695652173914,0.5568681477025278,0.3407132485264122,0.5185175631298712,"{""Age_of_patient_at_time_of_operation<=38"": -3, ""Age_of_patient_at_time_of_operation<=42"": -3, ""Age_of_patient_at_time_of_operation<=58"": -1, ""Patients_year_of_operation=58"": 2, ""Patients_year_of_operation=65"": 3, ""Patients_year_of_operation=61"": -4, ""Number_of_positive_axillary_nodes_detected<=4"": -5}",
psl,visible,haberman,10,244,27,ok,3.1239,10,0.4865601273517403,0.46599817,0.020561957351740323,0.747958745165449,0.6460597826086957,0.5551759300145496,0.2988302631188848,0.6163740735378469,"{""Age_of_patient_at_time_of_operation<=38"": -3, ""Age_of_patient_at_time_of_operation<=42"": -3, ""Age_of_patient_at_time_of_operation<=58"": -1, ""Patients_year_of_operation=58"": 2, ""Patients_year_of_operation=60"": 1, ""Patients_year_of_operation=65"": 3, ""Patients_year_of_operation=66"": -3, ""Patients_year_of_operation=61"": -4, ""Number_of_positive_axillary_nodes_detected<=4"": -5, ""Number_of_positive_axillary_nodes_detected<=7"": -1}",
