model,suite,dataset,k,n_train,d,status,seconds,nnz,loss,best_known,regret,auc_train,auc_test,loss_test,a,b,points,lower_bound,note
fasterrisk,visible_fine,adult,3,10000,258,ok,1.1493,3,0.3671162746559234,0.36711627,4.655923369067949e-09,0.853343257038146,0.8666493464017809,0.3540030651384344,0.84415993827463,2.471902200844959,"{""education-num<=12"": -2, ""marital-status=Married-civ-spouse"": 3, ""capital-gain<=5013"": -5}",,
fasterrisk,visible_fine,adult,4,10000,258,ok,2.991,4,0.354027535415628,0.35402754,-4.584371993132663e-09,0.867857787747017,0.878962999694038,0.3419804477569952,0.7824470170234245,2.442669944907773,"{""age<=29"": -2, ""education-num<=12"": -2, ""marital-status=Married-civ-spouse"": 3, ""capital-gain<=5013"": -5}",,
fasterrisk,visible_fine,adult,5,10000,258,ok,4.4723,5,0.344523158128704,0.34452316,-1.8712960070388363e-09,0.8752699129966457,0.8847547380156076,0.3349543087672441,0.7691062151903171,4.599419580021881,"{""age<=29"": -2, ""education-num<=12"": -2, ""marital-status=Married-civ-spouse"": 3, ""capital-gain<=5013"": -5, ""capital-loss<=1876"": -3}",,
fasterrisk,visible_fine,adult,7,10000,258,ok,8.1511,7,0.3332585016341794,0.33250532,0.0007531816341794229,0.8908508839841194,0.8993450829790152,0.3225840289174696,0.7429567864554386,4.25918128629708,"{""age<=29"": -2, ""education-num<=7"": -2, ""education-num<=12"": -2, ""marital-status=Married-civ-spouse"": 3, ""capital-gain<=5013"": -5, ""capital-loss<=1876"": -2, ""hours-per-week<=41"": -1}",,
fasterrisk,visible_fine,adult,10,10000,258,ok,17.7059,10,0.3250605339839826,0.32506053,3.9839825882737046e-09,0.8973366515137623,0.9039710004255336,0.3150495589915507,0.6137591035056833,6.740100071069472,"{""age<=31"": -2, ""education-num<=7"": -2, ""education-num<=12"": -2, ""marital-status=Married-civ-spouse"": 4, ""occupation=Farming-fishing"": -3, ""capital-gain<=5013"": -5, ""capital-gain<=7688"": -5, ""capital-loss<=1876"": -3, ""hours-per-week<=35"": -1, ""hours-per-week<=41"": -1}",,
fasterrisk,visible_fine,bank,3,10000,340,ok,2.7639,3,0.2688813100616408,0.2685542,0.0003271100616407674,0.8240248860237536,0.8124565713718483,0.2749147371829843,0.649202576930479,-0.5307987157638884,"{""V12<=153"": -2, ""V12<=439"": -3, ""V16=success"": 5}",,
fasterrisk,visible_fine,bank,4,10000,340,ok,4.6583,4,0.2596132261506008,0.25957455,3.8676150600769343e-05,0.854218379456205,0.8390108509529484,0.2681699897434131,0.9569916591370196,-0.8506081527350189,"{""V7=no"": 1, ""V12<=153"": -2, ""V12<=474"": -2, ""V16=success"": 3}",,
fasterrisk,visible_fine,bank,5,10000,340,ok,6.408,5,0.2536800553436112,0.25364944,3.061534361120666e-05,0.8638868561914994,0.8451986549533452,0.2648824452131151,0.974433195640018,-0.8945066677168061,"{""V7=no"": 1, ""V11=mar"": 3, ""V12<=153"": -2, ""V12<=474"": -2, ""V16=success"": 3}",,
fasterrisk,visible_fine,bank,7,10000,340,ok,11.8009,7,0.2439846338180969,0.24354722,0.0004374138180968934,0.8780407217043682,0.860045041691483,0.2580188987870072,0.9066525933741032,-0.0270205781678631,"{""V7=no"": 1, ""V9=unknown"": -1, ""V11=mar"": 3, ""V12<=153"": -2, ""V12<=439"": -2, ""V12<=813"": -1, ""V16=success"": 3}",,
fasterrisk,visible_fine,bank,10,10000,340,ok,23.1959,10,0.2342552015512942,0.23414742,0.00010778155129420597,0.8952138688039029,0.8755164904705182,0.2543495193760637,0.7775120188787068,1.7485966164584938,"{""V1<=25"": 2, ""V1<=60"": -2, ""V7=no"": 1, ""V9=unknown"": -1, ""V11=oct"": 2, ""V11=mar"": 3, ""V12<=153"": -2, ""V12<=439"": -2, ""V12<=813"": -2, ""V16=success"": 4}",,
fasterrisk,visible_fine,breastcancer,3,559,77,ok,0.3946,3,0.1309902415993803,0.13073883,0.00025141159938030233,0.985220419604179,0.9682971014492754,0.2004010068043573,0.9704244440173352,4.144155494413831,"{""Cell_Shape_Uniformity<=2"": -4, ""Bare_Nuclei<=2"": -3, ""Bland_Chromatin<=3"": -3}",,
fasterrisk,visible_fine,breastcancer,4,559,77,ok,0.7133,4,0.1105442275002188,0.10896621,0.0015780175002188118,0.9898001075908152,0.9891304347826086,0.1218175119378213,0.7788540331961707,6.217269350103611,"{""Clump_Thickness<=6"": -4, ""Cell_Shape_Uniformity<=2"": -4, ""Bare_Nuclei<=2"": -3, ""Bland_Chromatin<=3"": -4}",,
fasterrisk,visible_fine,breastcancer,5,559,77,ok,1.076,5,0.091940547433806,0.09171941,0.00022113743380600126,0.9933746708570458,0.9859601449275364,0.1468456150384206,1.3366991698373514,12.285769614060698,"{""Clump_Thickness<=8"": -4, ""Cell_Shape_Uniformity<=2"": -3, ""Marginal_Adhesion<=5"": -3, ""Bare_Nuclei<=2"": -2, ""Bland_Chromatin<=3"": -2}",,
fasterrisk,visible_fine,breastcancer,7,559,77,ok,2.1669,7,0.0634124661325815,0.06341247,-3.86741849656147e-09,0.9967864322319432,0.9877717391304348,0.1666565363314187,1.3209609590737177,20.2747399466689,"{""Clump_Thickness<=8"": -5, ""Cell_Shape_Uniformity<=2"": -3, ""Marginal_Adhesion<=5"": -3, ""Bare_Nuclei missing"": -5, ""Bare_Nuclei<=2"": -3, ""Bland_Chromatin<=3"": -2, ""Normal_Nucleoli<=8"": -5}",,
fasterrisk,visible_fine,breastcancer,10,559,77,ok,4.174,10,0.0457014025567162,0.0453856,0.00031580255671620483,0.9983224326849572,0.9836956521739132,0.2209775348276228,1.360862434267056,34.20348763695631,"{""Clump_Thickness<=8"": -5, ""Cell_Shape_Uniformity<=2"": -4, ""Marginal_Adhesion<=4"": 3, ""Marginal_Adhesion<=5"": -5, ""Single_Epi_Cell_Size<=7"": -5, ""Bare_Nuclei missing"": -5, ""Bare_Nuclei<=2"": -4, ""Bland_Chromatin<=3"": -2, ""Bland_Chromatin<=7"": -5, ""Normal_Nucleoli<=8"": -5}",,
fasterrisk,visible_fine,mammo,3,768,70,ok,0.3222,3,0.4642841292290983,0.46425895,2.5179229098282185e-05,0.8521871931929749,0.8596585998271391,0.4504355573674788,0.3204129003631557,0.6151727825975473,"{""Age<=64"": -4, ""Shape=4"": 5, ""Margin=1"": -5}",,
fasterrisk,visible_fine,mammo,4,768,70,ok,0.6242,4,0.4551879353732082,0.45493537,0.00025256537320816896,0.8601198592778445,0.8547428694900605,0.4580051951735039,0.3311748436396531,0.6532597274154481,"{""Age<=36"": -5, ""Age<=64"": -4, ""Shape=4"": 5, ""Margin=1"": -4}",,
fasterrisk,visible_fine,mammo,5,768,70,ok,0.9717,5,0.4467922786480987,0.44678176,1.0518648098700734e-05,0.8645821970110177,0.860576923076923,0.4544559337048043,0.3426668003447896,0.9779754386974336,"{""Age<=36"": -4, ""Age<=64"": -4, ""Shape=4"": 4, ""Margin=1"": -5, ""Margin=missing"": -4}",,
fasterrisk,visible_fine,mammo,7,768,70,ok,1.9813,7,0.4375460850756354,0.43754609,-4.924364582770124e-09,0.8729205301625396,0.8604148660328437,0.4587256047282442,0.4014920627337102,2.346216197045035,"{""Age<=36"": -4, ""Age<=64"": -3, ""Age<=78"": -4, ""Shape=4"": 3, ""Margin=1"": -4, ""Margin=5"": 2, ""Margin=missing"": -3}",,
fasterrisk,visible_fine,mammo,10,768,70,ok,4.6404,10,0.4289417813434636,0.42894178,1.343463618130869e-09,0.8793293880222537,0.8625756266205704,0.4585972459679214,0.6013008176332862,2.451194413732663,"{""Age<=36"": -2, ""Age<=57"": -1, ""Age<=67"": -2, ""Age<=73"": -3, ""Age<=75"": 5, ""Age<=78"": -4, ""Shape=4"": 2, ""Margin=1"": -3, ""Margin=5"": 1, ""Margin=missing"": -2}",,
fasterrisk,visible_fine,mushroom,3,6499,93,ok,0.7906,3,0.0680752498755952,0.06494476,0.0031304898755951938,0.9845196297478456,0.9853128991060024,0.065323380223278,6.344224451671205,28.17435286210935,"{""odor=n"": -5, ""odor=a"": -5, ""odor=l"": -5}",,
fasterrisk,visible_fine,mushroom,4,6499,93,ok,1.7624,4,0.068075249875582,0.04620984,0.021865409875581998,0.9845196297478456,0.9853128991060024,0.0653233802232381,6.190050100020387,27.403481103855228,"{""odor=n"": -5, ""odor=f"": 4, ""odor=a"": -5, ""odor=l"": -5}",,
fasterrisk,visible_fine,mushroom,5,6499,93,ok,2.4557,5,0.0668082370288416,0.03169321,0.0351150270288416,0.9897319072325176,0.9898738938791358,0.0673199529146595,1.1770598047517806,4.9818941322545065,"{""odor=n"": -5, ""odor=f"": 5, ""odor=a"": -5, ""odor=l"": -5, ""gill-size=b"": -3}",,
fasterrisk,visible_fine,mushroom,7,6499,93,ok,5.5544,7,0.0287644343800726,0.0181447,0.0106197343800726,0.999153065360046,0.9982473463716808,0.0416361159564641,2.407326117624274,15.394149041332884,"{""odor=n"": -5, ""odor=f"": 5, ""odor=a"": -5, ""odor=l"": -5, ""gill-size=b"": -3, ""ring-number=o"": -4, ""population=v"": 2}",,
fasterrisk,visible_fine,mushroom,10,6499,93,ok,12.0855,10,0.0219313826065217,0.01436421,0.0075671726065217,0.9996840411778172,0.9994539547328474,0.028734891929262,1.7565793472374682,17.668762054783205,"{""odor=n"": -5, ""odor=f"": 5, ""odor=a"": -5, ""odor=l"": -5, ""gill-spacing=w"": -3, ""gill-size=b"": -5, ""ring-number=o"": -4, ""population=y"": -2, ""habitat=u"": -2, ""habitat=w"": -5}",,
fasterrisk,visible_fine,spambase,3,3680,1131,ok,1.5475,3,0.3392145586816472,0.33882591,0.0003886486816471746,0.9127038812432348,0.9148449302408246,0.3351097083935211,1.0804605581483149,0.2338772345132709,"{""char_freq_%21<=0.077"": -2, ""char_freq_%24<=0.013"": -3, ""word_freq_hp<=0.11"": 3}",,
fasterrisk,visible_fine,spambase,4,3680,1131,ok,2.3944,4,0.2915419341037758,0.29154193,4.103775819164213e-09,0.9367391371578786,0.9432521697917592,0.276865830880462,0.6883749873287549,2.641617649975776,"{""char_freq_%21<=0.077"": -3, ""char_freq_%24<=0.013"": -4, ""word_freq_remove<=0"": -5, ""word_freq_hp<=0.11"": 5}",,
fasterrisk,visible_fine,spambase,5,3680,1131,ok,3.672,5,0.2621265501919884,0.26141696,0.0007095901919884073,0.9500081954538426,0.9553847369096636,0.248806678343006,1.0390182045153102,2.127208317936363,"{""char_freq_%21<=0.195"": -2, ""capital_run_length_longest<=9"": -2, ""char_freq_%24<=0.021"": -2, ""word_freq_remove<=0"": -3, ""word_freq_hp<=0.11"": 4}",,
fasterrisk,visible_fine,spambase,7,3680,1131,ok,6.4697,7,0.216366118801226,0.21592163,0.0004444888012259951,0.9678192361218494,0.9697808979333906,0.211224952338229,0.7636655802181566,-3.997629479519602,"{""char_freq_%21<=0.168"": -2, ""capital_run_length_longest<=10"": -3, ""char_freq_%24<=0.021"": -3, ""word_freq_remove<=0"": -4, ""word_freq_hp<=0.11"": 5, ""word_freq_george<=0"": 5, ""word_freq_edu<=0"": 4}",,
fasterrisk,visible_fine,spambase,10,3680,1131,ok,14.3619,10,0.1903582377477191,0.18851227,0.001845967747719085,0.974636616669244,0.9738193271917612,0.1985104452062387,1.4281295368359737,-9.90819977329376,"{""char_freq_%21<=0.087"": -1, ""capital_run_length_average<=2.3"": -1, ""capital_run_length_longest<=10"": -1, ""char_freq_%24<=0.021"": -1, ""word_freq_remove<=0"": -2, ""word_freq_hp<=0.11"": 3, ""word_freq_our<=0.1"": -1, ""word_freq_george<=0"": 3, ""word_freq_edu<=0"": 2, ""word_freq_meeting<=0.52"": 4}",,
fasterrisk,visible_fine,fico,3,8000,766,ok,2.6581,3,0.5895393470174506,0.58953935,-2.9825494296531474e-09,0.7466291562499999,0.7429485,0.5925077552862245,0.4296090755989964,-1.3019281884524734,"{""ExternalRiskEstimate<=70"": 4, ""MSinceMostRecentInqexcl7days<=-8"": -3, ""MSinceMostRecentInqexcl7days<=0"": 2}",,
fasterrisk,visible_fine,fico,4,8000,766,ok,3.8379,4,0.578301282868575,0.57830128,2.868574933145851e-09,0.75924834375,0.7619825,0.5757448960560195,0.4293363447658467,-1.7310502347888976,"{""ExternalRiskEstimate<=70"": 3, ""ExternalRiskEstimate<=78"": 2, ""MSinceMostRecentInqexcl7days<=-8"": -3, ""MSinceMostRecentInqexcl7days<=0"": 2}",,
fasterrisk,visible_fine,fico,5,8000,766,ok,5.3808,5,0.568956245981763,0.56863583,0.00032041598176302255,0.772040625,0.7645750000000001,0.5784272859972477,0.345127168430471,-2.0470178178256173,"{""ExternalRiskEstimate<=70"": 4, ""ExternalRiskEstimate<=81"": 3, ""NumSatisfactoryTrades<=13"": 2, ""MSinceMostRecentInqexcl7days<=-8"": -5, ""MSinceMostRecentInqexcl7days<=0"": 2}",,
fasterrisk,visible_fine,fico,7,8000,766,ok,7.8138,7,0.559927731973414,0.55947631,0.00045142197341396795,0.78335828125,0.7722779999999999,0.5731051072989919,0.3432120972503467,-1.4101516230444755,"{""ExternalRiskEstimate<=70"": 3, ""ExternalRiskEstimate<=80"": 3, ""AverageMInFile<=63"": 1, ""NumSatisfactoryTrades<=13"": 2, ""MSinceMostRecentInqexcl7days<=-8"": -5, ""MSinceMostRecentInqexcl7days<=0"": 2, ""NetFractionRevolvingBurden<=59"": -2}",,
fasterrisk,visible_fine,fico,10,8000,766,ok,13.401,10,0.5519909731407029,0.5519473,4.36731407028601e-05,0.7914332187500001,0.7814855,0.5631770273807022,0.3999526028983247,-1.6314800636305484,"{""ExternalRiskEstimate<=63"": 2, ""ExternalRiskEstimate<=70"": 2, ""ExternalRiskEstimate<=80"": 2, ""AverageMInFile<=69"": 1, ""NumSatisfactoryTrades<=13"": 1, ""NumSatisfactoryTrades<=27"": 1, ""PercentInstallTrades<=46"": -1, ""MSinceMostRecentInqexcl7days<=-8"": -4, ""MSinceMostRecentInqexcl7days<=0"": 2, ""NetFractionRevolvingBurden<=46"": -1}",,
fasterrisk,visible_fine,compas,3,4222,84,ok,0.9455,3,0.6221083592911958,0.62206527,4.308929119578586e-05,0.6974258089272491,0.7075332135928271,0.615485305100675,0.3091963250749641,0.5574839264292749,"{""age<=33"": 3, ""priors_count<=1"": -3, ""priors_count<=6"": -3}",,
fasterrisk,visible_fine,compas,4,4222,84,ok,1.3962,4,0.6155109875222088,0.61521694,0.0002940475222087402,0.715188339845826,0.7261601811225132,0.6057746205624577,0.1987190919674126,0.618472692166139,"{""age<=22"": 4, ""age<=33"": 4, ""priors_count<=1"": -5, ""priors_count<=6"": -5}",,
fasterrisk,visible_fine,compas,5,4222,84,ok,1.8393,5,0.6118285953256475,0.61162559,0.0002030053256474318,0.7202387868928655,0.7306144559665687,0.6049229528253451,0.2484811144797813,0.7779124017839553,"{""age<=22"": 3, ""age<=33"": 3, ""priors_count<=0"": -2, ""priors_count<=2"": -3, ""priors_count<=6"": -4}",,
fasterrisk,visible_fine,compas,7,4222,84,ok,3.2683,7,0.6076372754166145,0.60747909,0.00015818541661449803,0.7265147175127503,0.7349859442882698,0.6020006349082118,0.278508582535497,0.2944767477191716,"{""age<=20"": 3, ""age<=23"": 2, ""age<=33"": 2, ""age<=52"": 2, ""priors_count<=0"": -2, ""priors_count<=2"": -3, ""priors_count<=6"": -3}",,
fasterrisk,visible_fine,compas,10,4222,84,ok,6.4358,10,0.6035163435630602,0.60336068,0.00015566356306018214,0.7315952274148015,0.742665294090122,0.5953701991379825,0.2586546976304902,1.2949060826054348,"{""sex=0"": -1, ""age<=20"": 3, ""age<=23"": 2, ""age<=33"": 2, ""age<=52"": 2, ""juv_other_count<=0"": -2, ""priors_count<=0"": -2, ""priors_count<=2"": -3, ""priors_count<=6"": -3, ""priors_count<=15"": -2}",,
fasterrisk,visible_fine,australian,3,552,386,ok,0.5812,3,0.3343856188135801,0.33345959,0.0009260288135801154,0.9154843509219406,0.9023845007451564,0.3733124694386308,0.8738242685805787,2.524987770780988,"{""A3<=6"": 3, ""A8=0"": -5, ""A10<=4"": -2}",,
fasterrisk,visible_fine,australian,4,552,386,ok,0.6809,4,0.3191523097325304,0.31639008,0.0027622297325303746,0.9307946755938148,0.9243133915265064,0.3554300050198798,0.8107255106562644,-0.7670569487038165,"{""A3<=6"": 3, ""A8=1"": 5, ""A9=0"": -2, ""A14<=109"": -2}",,
fasterrisk,visible_fine,australian,5,552,386,ok,1.0586,5,0.3069960122250743,0.30699601,2.225074291484219e-09,0.9381077634305754,0.940387481371088,0.317933328220813,0.8281480024766116,-0.0663861838361719,"{""A3<=6"": 4, ""A7<=26"": -1, ""A8=1"": 5, ""A10<=4"": -2, ""A14<=109"": -2}",,
fasterrisk,visible_fine,australian,7,552,386,ok,2.0097,7,0.2933511145814246,0.29335111,4.581424573046888e-09,0.9434613953982678,0.9486906536086864,0.2983617613588143,0.8314655763799216,4.184249910616723,"{""A3<=6"": 4, ""A4=1"": -1, ""A5=14"": 3, ""A7<=26"": -1, ""A8=0"": -5, ""A10<=4"": -2, ""A14<=102"": -2}",,
fasterrisk,visible_fine,australian,10,552,386,ok,4.1953,10,0.278001006075167,0.27794018,6.082607516699756e-05,0.9507611987884584,0.9362358952522888,0.3438060401394445,0.8726790970053553,4.343490439760232,"{""A3<=6"": 4, ""A3<=87"": -1, ""A3<=160"": 1, ""A4=1"": -1, ""A5=14"": 2, ""A6=5"": -2, ""A7<=33"": -1, ""A8=0"": -5, ""A10<=4"": -2, ""A14<=102"": -2}",,
fasterrisk,visible_fine,heart,3,216,269,ok,0.1248,3,0.3701583516230975,0.36992937,0.000228981623097535,0.9038194444444444,0.726388888888889,0.7121707761216725,0.7218045240732619,4.213751869513793,"{""chest<=3"": -3, ""oldpeak<=1.6"": -4, ""thal<=3"": -3}",,
fasterrisk,visible_fine,heart,4,216,269,ok,0.3954,4,0.3449426779043684,0.34466596,0.0002767179043683954,0.9223958333333332,0.8180555555555556,0.559821262292078,0.6869060627439353,4.858447816277333,"{""chest<=3"": -3, ""oldpeak<=1.6"": -4, ""number_of_major_vessels<=0"": -2, ""thal<=3"": -3}",,
fasterrisk,visible_fine,heart,5,216,269,ok,0.5671,5,0.3289727978205302,0.3289728,-2.1794698268351453e-09,0.9290798611111112,0.825,0.552975705450173,0.49209390722871,5.333904937584557,"{""chest<=3"": -4, ""resting_electrocardiographic_results<=0"": -2, ""oldpeak<=1.6"": -5, ""number_of_major_vessels<=0"": -3, ""thal<=3"": -5}",,
fasterrisk,visible_fine,heart,7,216,269,ok,1.1634,7,0.3059739810140434,0.30597398,1.014043404801157e-09,0.9392795138888888,0.8368055555555556,0.5489821554997436,0.5672251941294568,5.625255393431068,"{""chest<=3"": -4, ""resting_blood_pressure<=106"": -4, ""resting_electrocardiographic_results<=0"": -2, ""oldpeak<=0.5"": -2, ""oldpeak<=1.6"": -3, ""number_of_major_vessels<=0"": -3, ""thal<=3"": -4}",,
fasterrisk,visible_fine,heart,10,216,269,ok,2.854,10,0.276908892878707,0.27071036,0.00619853287870703,0.9502604166666668,0.8381944444444445,0.5750077697075854,0.7677457378030564,6.0630320624640905,"{""sex=1"": 2, ""chest<=3"": -3, ""resting_blood_pressure<=106"": -3, ""serum_cholestoral<=303"": -2, ""resting_electrocardiographic_results<=0"": -2, ""maximum_heart_rate_achieved<=103"": 5, ""oldpeak<=0.5"": -2, ""oldpeak<=1.6"": -2, ""number_of_major_vessels<=0"": -2, ""thal<=6"": -3}",,
fasterrisk,visible_fine,ionosphere,3,280,2365,ok,0.303,3,0.2419671648514776,0.23744933,0.004517834851477609,0.940704684993639,0.9456521739130436,0.2333435754664352,0.992550297360846,0.9317762854542788,"{""a03<=0.43636"": 3, ""a05<=0.00428"": 5, ""a27<=0.99842"": -4}",,
fasterrisk,visible_fine,ionosphere,4,280,2365,ok,0.4347,4,0.1943736243013843,0.19434648,2.714430138431312e-05,0.9588749377731068,0.9417391304347826,0.2310365327169354,1.2467811452479594,0.1820436515462259,"{""a03<=0.43636"": 3, ""a05<=0.00428"": 5, ""a08<=-0.93597"": 4, ""a27<=0.99842"": -3}",,
fasterrisk,visible_fine,ionosphere,5,280,2365,ok,0.7346,5,0.1592820442908354,0.15752201,0.001760034290835405,0.9698821837491012,0.9217391304347824,0.3148511033267418,1.16935817004956,-3.78489954934686,"{""a03<=0.43636"": 4, ""a04<=-0.61"": 5, ""a05<=0.00428"": 5, ""a06<=-0.23067"": 4, ""a08<=-1"": 5}",,
fasterrisk,visible_fine,ionosphere,7,280,2365,ok,1.5703,7,0.1173089121867407,0.11088328,0.006425632186740693,0.9844294485314452,0.941304347826087,0.3521044737031764,1.1911765848613682,-1.1733408396015363,"{""a03<=0.43636"": 5, ""a04<=-0.61"": 5, ""a05<=0.00428"": 5, ""a06<=-0.23067"": 5, ""a08<=-1"": 5, ""a20<=0.04255"": -2, ""a27<=0.99842"": -2}",,
fasterrisk,visible_fine,ionosphere,10,280,2365,ok,3.5801,10,0.0561287601123282,0.05612876,1.12328202295231e-10,0.9963770120028764,0.9465217391304348,0.3933351855743833,1.7987640954823103,0.6686429047879606,"{""a03<=0.1859"": 4, ""a03<=0.43636"": 3, ""a04<=-0.61"": 5, ""a05<=0.00428"": 5, ""a06<=-0.23067"": 4, ""a06<=0.125"": 2, ""a08<=-1"": 5, ""a27<=0.99842"": -5, ""a29<=0.72435"": 4, ""a34<=0.7979"": -4}",,
fasterrisk,visible_fine,ilpd,3,466,460,ok,0.4524,3,0.5008673773054001,0.50050232,0.0003650573054001516,0.7425545846598478,0.7276754075124026,0.528397901667114,1.0736556882579995,-3.411872128932215,"{""V4<=1"": 2, ""V5<=210"": 1, ""V6<=11"": 4}",,
fasterrisk,visible_fine,ilpd,4,466,460,ok,0.6729,4,0.4937753748514016,0.49157538,0.002199994851401599,0.7536860168439116,0.7358256555634302,0.5206725583189655,1.058770801492875,-4.3392101283392535,"{""V1<=65"": 1, ""V4<=1"": 2, ""V5<=210"": 1, ""V6<=11"": 5}",,
fasterrisk,visible_fine,ilpd,5,466,460,ok,0.9893,5,0.4838869694963312,0.48388697,-5.036688288662106e-10,0.7683623473097156,0.7740963855421686,0.4963007821726337,1.013381882339938,-4.273663421031572,"{""V1<=22"": 1, ""V4<=1"": 2, ""V5<=210"": 1, ""V6<=11"": 5, ""V6<=64"": 1}",,
fasterrisk,visible_fine,ilpd,7,466,460,ok,1.7154,7,0.4749116937979211,0.47269884,0.002212853797921077,0.782812888076046,0.7723245924875975,0.495639695949676,1.026332908464396,-5.21500135926393,"{""V1<=22"": 1, ""V1<=65"": 1, ""V4<=1"": 2, ""V5<=210"": 1, ""V6<=11"": 5, ""V6<=64"": 1, ""V7<=14"": -1}",,
fasterrisk,visible_fine,ilpd,10,466,460,ok,3.3875,10,0.4635330499412751,0.45846233,0.005070719941275115,0.8010566957935379,0.763111268603827,0.5125182032714797,0.9063320696908462,-4.720277227730611,"{""V1<=22"": 1, ""V1<=35"": -1, ""V1<=42"": 1, ""V1<=58"": -1, ""V1<=65"": 2, ""V4<=1"": 2, ""V5<=210"": 1, ""V6<=11"": 5, ""V6<=64"": 1, ""V10<=0.87"": -1}",,
fasterrisk,visible_fine,magic,3,10000,990,ok,4.0057,3,0.4731703302102637,0.47317033,2.1026375085497762e-10,0.8108945779898221,0.7936543194800328,0.4932891087731552,0.5712711198717348,3.396131319900814,"{""fLength:<=106.655"": -5, ""fSize:<=2.4526"": -2, ""fAlpha:<=24.114"": -4}",,
fasterrisk,visible_fine,magic,4,10000,990,ok,5.9011,4,0.4575146631900985,0.45662971,0.0008849531900984586,0.8280526353835713,0.8101443721799841,0.481371389403774,0.5781000764337434,3.395478518687677,"{""fLength:<=106.655"": -5, ""fWidth:<=10.8615"": 2, ""fSize:<=2.4526"": -3, ""fAlpha:<=26.077"": -4}",,
fasterrisk,visible_fine,magic,5,10000,990,ok,7.9255,5,0.43822573381424,0.43822071,5.023814240001645e-06,0.8509779958929271,0.8309481850484854,0.4668535114051218,0.5138513992178373,2.970106817861601,"{""fLength:<=99.0827"": -5, ""fWidth:<=11.1267"": 3, ""fSize:<=2.4409"": -4, ""fAlpha:<=9.3801"": -3, ""fAlpha:<=26.077"": -3}",,
fasterrisk,visible_fine,magic,7,10000,990,ok,12.355,7,0.4160744406081863,0.41607444,6.081863346274474e-10,0.8622774472772393,0.84227176162694,0.4482845507425418,0.3861290801820436,3.7251256890133866,"{""fLength:<=106.655"": -5, ""fWidth:<=11.1267"": 4, ""fWidth:<=39.6681"": -4, ""fSize:<=2.4409"": -5, ""fM3Long:<=-34.8805"": 4, ""fAlpha:<=9.3801"": -4, ""fAlpha:<=26.077"": -4}",,
fasterrisk,visible_fine,magic,10,10000,990,ok,22.2414,10,0.3977123598246467,0.3944935,0.0032188598246467026,0.8792421522059375,0.8529689604374889,0.4395463916416547,0.3943547620111365,4.28136672504384,"{""fLength:<=106.655"": -5, ""fWidth:<=11.1267"": 3, ""fWidth:<=14.6515"": 2, ""fWidth:<=39.6681"": -4, ""fSize:<=2.2844"": -3, ""fSize:<=2.4409"": -4, ""fM3Long:<=-34.8805"": 4, ""fAlpha:<=9.3801"": -5, ""fAlpha:<=31.8311"": -4, ""fDist:<=207.77"": -2}",,
fasterrisk,visible_fine,haberman,3,244,74,ok,0.3201,3,0.4865797112564729,0.48657971,1.2564729257036333e-09,0.732359260850881,0.5957880434782609,0.578340864242457,0.5955581886389762,0.5023029937748701,"{""Age_of_patient_at_time_of_operation<=40"": -3, ""Patients_year_of_operation=61"": -4, ""Number_of_positive_axillary_nodes_detected<=4"": -3}",,
fasterrisk,visible_fine,haberman,4,244,74,ok,0.5727,4,0.4765494256605597,0.47618791,0.00036151566055969697,0.754404813064031,0.5842391304347826,0.5932118043914596,0.4575401974698608,0.4244977758325234,"{""Age_of_patient_at_time_of_operation<=40"": -4, ""Patients_year_of_operation=65"": 2, ""Patients_year_of_operation=61"": -5, ""Number_of_positive_axillary_nodes_detected<=4"": -4}",,
fasterrisk,visible_fine,haberman,5,244,74,ok,0.8019,5,0.4736877303426017,0.47289216,0.0007955703426016925,0.7635582294800171,0.6161684782608695,0.5877629403980044,0.4691819892550934,0.4044969902692626,"{""Age_of_patient_at_time_of_operation<=40"": -4, ""Patients_year_of_operation=58"": 1, ""Patients_year_of_operation=65"": 2, ""Patients_year_of_operation=61"": -5, ""Number_of_positive_axillary_nodes_detected<=4"": -4}",,
fasterrisk,visible_fine,haberman,7,244,74,ok,1.5542,7,0.4626284407871674,0.46189361,0.0007348307871674065,0.7895573700042974,0.6317934782608696,0.608602814038769,0.6009492540048808,0.5620940573131404,"{""Age_of_patient_at_time_of_operation<=40"": -4, ""Age_of_patient_at_time_of_operation<=53"": 2, ""Age_of_patient_at_time_of_operation<=59"": -2, ""Patients_year_of_operation=58"": 1, ""Patients_year_of_operation=65"": 2, ""Patients_year_of_operation=61"": -4, ""Number_of_positive_axillary_nodes_detected<=4"": -3}",,
fasterrisk,visible_fine,haberman,10,244,74,ok,2.8918,10,0.4479836406580575,0.44772765,0.0002559906580575366,0.7918779544477869,0.595108695652174,0.628622176198765,0.614437906513043,1.236953588357922,"{""Age_of_patient_at_time_of_operation<=40"": -4, ""Age_of_patient_at_time_of_operation<=53"": 2, ""Age_of_patient_at_time_of_operation<=59"": -2, ""Patients_year_of_operation=65"": 2, ""Patients_year_of_operation=61"": -5, ""Number_of_positive_axillary_nodes_detected<=4"": -3, ""Number_of_positive_axillary_nodes_detected<=7"": 2, ""Number_of_positive_axillary_nodes_detected<=8"": -4, ""Number_of_positive_axillary_nodes_detected<=13"": 3, ""Number_of_positive_axillary_nodes_detected<=20"": -2}",,
rounded_lr,visible_fine,adult,3,10000,258,ok,0.419,3,0.4443124800124962,0.36711627,0.07719621001249616,0.7580905231072773,0.7583379051799021,0.4444238168440393,0.7467441380889391,3.909213984068805,"{""education-num<=12"": -2, ""capital-gain<=5013"": -5, ""hours-per-week<=43"": -1}",,
rounded_lr,visible_fine,adult,4,10000,258,ok,0.4499,3,0.4443124800124962,0.35402754,0.0902849400124962,0.7580905231072773,0.7583379051799021,0.4444238168440393,0.7467441380889391,3.909213984068805,"{""education-num<=12"": -2, ""capital-gain<=5013"": -5, ""hours-per-week<=43"": -1}",,
rounded_lr,visible_fine,adult,5,10000,258,ok,0.5056,3,0.4443124800124962,0.34452316,0.09978932001249619,0.7580905231072773,0.7583379051799021,0.4444238168440393,0.7467441380889391,3.909213984068805,"{""education-num<=12"": -2, ""capital-gain<=5013"": -5, ""hours-per-week<=43"": -1}",,
rounded_lr,visible_fine,adult,7,10000,258,ok,0.4363,3,0.4443124800124962,0.33250532,0.11180716001249619,0.7580905231072773,0.7583379051799021,0.4444238168440393,0.7467441380889391,3.909213984068805,"{""education-num<=12"": -2, ""capital-gain<=5013"": -5, ""hours-per-week<=43"": -1}",,
rounded_lr,visible_fine,adult,10,10000,258,ok,0.4898,4,0.4452908740840203,0.32506053,0.12023034408402028,0.7544268972575736,0.7563764071616219,0.4450096118460893,0.6238114828935543,3.4501638128416454,"{""education-num<=12"": -2, ""capital-gain<=5013"": -5, ""hours-per-week<=41"": -1, ""hours-per-week<=43"": -1}",,
rounded_lr,visible_fine,bank,3,10000,340,ok,0.4321,2,0.3325306002267704,0.2685542,0.06397640022677037,0.5927868765184733,0.5952824101647807,0.334942265967905,0.4568391823910587,0.5104971496244559,"{""V12<=813"": -5, ""V12<=903"": -1}",,
rounded_lr,visible_fine,bank,4,10000,340,ok,0.5338,2,0.3325306002267704,0.25957455,0.07295605022677037,0.5927868765184733,0.5952824101647807,0.334942265967905,0.4568391823910587,0.5104971496244559,"{""V12<=813"": -5, ""V12<=903"": -1}",,
rounded_lr,visible_fine,bank,5,10000,340,ok,0.5311,3,0.3189221110453803,0.25364944,0.06527267104538031,0.648671099882878,0.6494658278737344,0.3207213667130336,0.4070044093941936,0.4573833385039361,"{""V12<=608"": -5, ""V12<=813"": -1, ""V12<=903"": -1}",,
rounded_lr,visible_fine,bank,7,10000,340,ok,0.5549,3,0.3189221110453803,0.24354722,0.07537489104538031,0.648671099882878,0.6494658278737344,0.3207213667130336,0.4070044093941936,0.4573833385039361,"{""V12<=608"": -5, ""V12<=813"": -1, ""V12<=903"": -1}",,
rounded_lr,visible_fine,bank,10,10000,340,ok,0.8564,5,0.2960959381003847,0.23414742,0.06194851810038471,0.7384746058018992,0.7159953841572364,0.3091926832137125,0.4442911751513888,2.5943934397412587,"{""V1<=60"": -5, ""V12<=439"": -3, ""V12<=474"": -1, ""V12<=608"": -1, ""V12<=813"": -2}",,
rounded_lr,visible_fine,breastcancer,3,559,77,ok,0.028,3,0.1437452931995065,0.13073883,0.01300646319950649,0.9802089526883546,0.967391304347826,0.1917646060569602,0.5659680776105331,3.163828375332173,"{""Cell_Size_Uniformity<=2"": -5, ""Cell_Shape_Uniformity<=2"": -5, ""Bare_Nuclei<=2"": -5}",,
rounded_lr,visible_fine,breastcancer,4,559,77,ok,0.0265,3,0.1437452931995065,0.10896621,0.0347790831995065,0.9802089526883546,0.967391304347826,0.1917646060569602,0.5659680776105331,3.163828375332173,"{""Cell_Size_Uniformity<=2"": -5, ""Cell_Shape_Uniformity<=2"": -5, ""Bare_Nuclei<=2"": -5}",,
rounded_lr,visible_fine,breastcancer,5,559,77,ok,0.0418,5,0.1276564866638591,0.09171941,0.03593707666385909,0.9834012854271073,0.9725996376811594,0.1738046834583851,0.4956596771293972,3.4553294495720257,"{""Cell_Size_Uniformity<=2"": -4, ""Cell_Shape_Uniformity<=2"": -5, ""Single_Epi_Cell_Size<=2"": -4, ""Bare_Nuclei<=1"": -3, ""Bare_Nuclei<=2"": -3}",,
rounded_lr,visible_fine,breastcancer,7,559,77,ok,0.0296,5,0.1276564866638591,0.06341247,0.0642440166638591,0.9834012854271073,0.9725996376811594,0.1738046834583851,0.4956596771293972,3.4553294495720257,"{""Cell_Size_Uniformity<=2"": -4, ""Cell_Shape_Uniformity<=2"": -5, ""Single_Epi_Cell_Size<=2"": -4, ""Bare_Nuclei<=1"": -3, ""Bare_Nuclei<=2"": -3}",,
rounded_lr,visible_fine,breastcancer,10,559,77,ok,0.0417,10,0.1016316316318634,0.0453856,0.0562460316318634,0.9897293241598006,0.9746376811594204,0.1583434648097008,0.3917351413939516,4.7959601797294935,"{""Cell_Size_Uniformity<=1"": -4, ""Cell_Size_Uniformity<=2"": 1, ""Cell_Size_Uniformity<=3"": -2, ""Cell_Shape_Uniformity<=2"": -3, ""Cell_Shape_Uniformity<=3"": -3, ""Single_Epi_Cell_Size<=2"": -2, ""Bare_Nuclei<=1"": -2, ""Bare_Nuclei<=2"": -5, ""Bland_Chromatin<=3"": -5, ""Normal_Nucleoli<=2"": -3}",,
rounded_lr,visible_fine,mammo,3,768,70,ok,0.0341,2,0.4947420806456123,0.46425895,0.03048313064561231,0.822682584269663,0.8364304235090753,0.4717284502191238,0.3741689944640853,-0.1787369290394652,"{""Shape=4"": 4, ""Margin=1"": -5}",,
rounded_lr,visible_fine,mammo,4,768,70,ok,0.023,2,0.4947420806456123,0.45493537,0.03980671064561231,0.822682584269663,0.8364304235090753,0.4717284502191238,0.3741689944640853,-0.1787369290394652,"{""Shape=4"": 4, ""Margin=1"": -5}",,
rounded_lr,visible_fine,mammo,5,768,70,ok,0.0347,4,0.4600235924840691,0.44678176,0.013241832484069127,0.8577915348532781,0.8633318928262748,0.4474245499865921,0.3112119248239115,0.6832044534336116,"{""Age<=57"": -2, ""Age<=64"": -3, ""Shape=4"": 5, ""Margin=1"": -5}",,
rounded_lr,visible_fine,mammo,7,768,70,ok,0.0318,7,0.4523569014098583,0.43754609,0.014810811409858293,0.8655571615577615,0.869652117545376,0.4444191421769534,0.2845539069073803,0.6351646691232169,"{""Age<=53"": -1, ""Age<=57"": -1, ""Age<=60"": -1, ""Age<=64"": -3, ""Shape=4"": 5, ""Margin=1"": -5, ""Margin=5"": 3}",,
rounded_lr,visible_fine,mammo,10,768,70,ok,0.0339,7,0.4484454096626146,0.42894178,0.019503629662614597,0.8686320497436457,0.8648984442523768,0.4497170328788926,0.2751055163371131,0.3047823823258205,"{""Age<=53"": -1, ""Age<=57"": -1, ""Age<=64"": -4, ""Shape=4"": 5, ""Margin=1"": -4, ""Margin=4"": 2, ""Margin=5"": 5}",,
rounded_lr,visible_fine,mushroom,3,6499,93,ok,0.0651,2,0.2130097533049073,0.06494476,0.1480649933049073,0.9672156214138152,0.968060143852592,0.2106263011582765,1.2464703970331052,-0.0952871755231166,"{""bruises%3F=f"": 3, ""odor=n"": -5}",,
rounded_lr,visible_fine,mushroom,4,6499,93,ok,0.0577,2,0.2130097533049073,0.04620984,0.1667999133049073,0.9672156214138152,0.968060143852592,0.2106263011582765,1.2464703970331052,-0.0952871755231166,"{""bruises%3F=f"": 3, ""odor=n"": -5}",,
rounded_lr,visible_fine,mushroom,5,6499,93,ok,0.0676,5,0.1158206736921418,0.03169321,0.0841274636921418,0.9873020018248234,0.985534350797681,0.1263575755468387,2.030511262024427,-2.209205533790597,"{""bruises%3F=f"": 1, ""odor=n"": -2, ""odor=f"": 5, ""gill-size=n"": 1, ""population=v"": 1}",,
rounded_lr,visible_fine,mushroom,7,6499,93,ok,0.089,4,0.1181490063112662,0.0181447,0.1000043063112662,0.9846557044506764,0.9835579702890702,0.1277983945171518,1.94158133851176,-1.7228915497521498,"{""odor=n"": -2, ""odor=f"": 5, ""gill-size=n"": 2, ""stalk-surface-above-ring=k"": 1}",,
rounded_lr,visible_fine,mushroom,10,6499,93,ok,0.1256,5,0.1128452156892295,0.01436421,0.0984810056892295,0.9847971842113896,0.9840524446143252,0.1228527994996094,2.403291959673713,-0.3356039951189867,"{""odor=n"": -1, ""odor=f"": 5, ""gill-size=b"": -1, ""gill-size=n"": 1, ""stalk-surface-above-ring=k"": 1}",,
rounded_lr,visible_fine,spambase,3,3680,1131,ok,1.2775,3,0.4009763147866754,0.33882591,0.062150404786675384,0.8698636152775631,0.8613234001797051,0.4136067800811447,0.5074669033922257,2.663539040526734,"{""char_freq_%21<=0.077"": -3, ""char_freq_%21<=0.087"": -2, ""char_freq_%24<=0.021"": -5}",,
rounded_lr,visible_fine,spambase,4,3680,1131,ok,1.2989,4,0.399646028947978,0.29154193,0.10810409894797801,0.8716952218957786,0.8650804229983116,0.4109188675214189,0.30280360824719,2.7681619859167883,"{""char_freq_%21<=0.077"": -5, ""char_freq_%21<=0.087"": -3, ""char_freq_%24<=0.021"": -5, ""char_freq_%24<=0.029"": -4}",,
rounded_lr,visible_fine,spambase,5,3680,1131,ok,1.3866,4,0.399646028947978,0.26141696,0.13822906894797804,0.8716952218957786,0.8650804229983116,0.4109188675214189,0.30280360824719,2.7681619859167883,"{""char_freq_%21<=0.077"": -5, ""char_freq_%21<=0.087"": -3, ""char_freq_%24<=0.021"": -5, ""char_freq_%24<=0.029"": -4}",,
rounded_lr,visible_fine,spambase,7,3680,1131,ok,1.566,6,0.3163507626697653,0.21592163,0.1004291326697653,0.9304852327199628,0.9367798216771824,0.3039781223076254,0.6743756044414115,0.265000811717922,"{""char_freq_%21<=0"": -1, ""char_freq_%21<=0.077"": -2, ""char_freq_%24<=0.013"": -3, ""char_freq_%24<=0.021"": -1, ""word_freq_your<=0.38"": -2, ""word_freq_hp<=0.11"": 5}",,
rounded_lr,visible_fine,spambase,10,3680,1131,ok,1.5218,8,0.3171326560996355,0.18851227,0.12862038609963547,0.9300358744394618,0.93524689712373,0.3087948983346522,0.6029921341416085,0.5128455714319549,"{""char_freq_%21<=0"": -1, ""char_freq_%21<=0.063"": 1, ""char_freq_%21<=0.077"": -2, ""char_freq_%21<=0.087"": -2, ""char_freq_%24<=0.013"": -3, ""char_freq_%24<=0.021"": -1, ""word_freq_your<=0.38"": -2, ""word_freq_hp<=0.11"": 5}",,
rounded_lr,visible_fine,fico,3,8000,766,ok,1.524,3,0.6028923437022808,0.58953935,0.013352993702280824,0.72861884375,0.7223805,0.6076385616641562,0.2994714496915847,-0.3443973623706839,"{""ExternalRiskEstimate<=70"": 5, ""NetFractionRevolvingBurden<=35"": -1, ""NetFractionRevolvingBurden<=37"": -1}",,
rounded_lr,visible_fine,fico,4,8000,766,ok,1.4548,3,0.6028923437022808,0.57830128,0.024591063702280813,0.72861884375,0.7223805,0.6076385616641562,0.2994714496915847,-0.3443973623706839,"{""ExternalRiskEstimate<=70"": 5, ""NetFractionRevolvingBurden<=35"": -1, ""NetFractionRevolvingBurden<=37"": -1}",,
rounded_lr,visible_fine,fico,5,8000,766,ok,1.4417,3,0.6028923437022808,0.56863583,0.03425651370228089,0.72861884375,0.7223805,0.6076385616641562,0.2994714496915847,-0.3443973623706839,"{""ExternalRiskEstimate<=70"": 5, ""NetFractionRevolvingBurden<=35"": -1, ""NetFractionRevolvingBurden<=37"": -1}",,
rounded_lr,visible_fine,fico,7,8000,766,ok,1.7121,5,0.5959620971294503,0.55947631,0.036485787129450276,0.74045634375,0.740517,0.5946618297842324,0.1792541802686846,-0.4044177513330659,"{""ExternalRiskEstimate<=70"": 5, ""ExternalRiskEstimate<=74"": 4, ""NetFractionRevolvingBurden<=35"": -1, ""NetFractionRevolvingBurden<=37"": -1, ""NetFractionRevolvingBurden<=43"": -2}",,
rounded_lr,visible_fine,fico,10,8000,766,ok,1.4934,5,0.5959620971294503,0.5519473,0.04401479712945022,0.74045634375,0.740517,0.5946618297842324,0.1792541802686846,-0.4044177513330659,"{""ExternalRiskEstimate<=70"": 5, ""ExternalRiskEstimate<=74"": 4, ""NetFractionRevolvingBurden<=35"": -1, ""NetFractionRevolvingBurden<=37"": -1, ""NetFractionRevolvingBurden<=43"": -2}",,
rounded_lr,visible_fine,compas,3,4222,84,ok,0.1306,3,0.627148474783688,0.62206527,0.005083204783687956,0.6962637163183428,0.6985040835352003,0.6254851222812843,0.1761218082811389,0.1557029353138362,"{""age<=33"": 5, ""priors_count<=1"": -3, ""priors_count<=2"": -5}",,
rounded_lr,visible_fine,compas,4,4222,84,ok,0.1426,3,0.627148474783688,0.61521694,0.011931534783687914,0.6962637163183428,0.6985040835352003,0.6254851222812843,0.1761218082811389,0.1557029353138362,"{""age<=33"": 5, ""priors_count<=1"": -3, ""priors_count<=2"": -5}",,
rounded_lr,visible_fine,compas,5,4222,84,ok,0.1429,3,0.627148474783688,0.61162559,0.015522884783687907,0.6962637163183428,0.6985040835352003,0.6254851222812843,0.1761218082811389,0.1557029353138362,"{""age<=33"": 5, ""priors_count<=1"": -3, ""priors_count<=2"": -5}",,
rounded_lr,visible_fine,compas,7,4222,84,ok,0.1154,5,0.6261092212699981,0.60747909,0.01863013126999813,0.6986569222482242,0.6999078550012058,0.6256525027641383,0.1799290442477838,0.1453689559048899,"{""age<=32"": 2, ""age<=33"": 1, ""age<=36"": 2, ""priors_count<=1"": -3, ""priors_count<=2"": -5}",,
rounded_lr,visible_fine,compas,10,4222,84,ok,0.1302,5,0.6261092212699981,0.60336068,0.022748541269998146,0.6986569222482242,0.6999078550012058,0.6256525027641383,0.1799290442477838,0.1453689559048899,"{""age<=32"": 2, ""age<=33"": 1, ""age<=36"": 2, ""priors_count<=1"": -3, ""priors_count<=2"": -5}",,
rounded_lr,visible_fine,australian,3,552,386,ok,0.0704,3,0.3537141402876781,0.33345959,0.02025455028767814,0.9089749721026622,0.8674685969767937,0.4302674350489835,0.3778719619418018,0.1078777313542667,"{""A8=1"": 5, ""A8=0"": -5, ""A9=0"": -4}",,
rounded_lr,visible_fine,australian,4,552,386,ok,0.069,4,0.3537141402876781,0.31639008,0.037324060287678096,0.9089749721026622,0.8674685969767937,0.4302674350489835,0.3778719619418018,0.1078777313542667,"{""A8=1"": 5, ""A8=0"": -5, ""A9=0"": -2, ""A10<=1"": -2}",,
rounded_lr,visible_fine,australian,5,552,386,ok,0.0625,4,0.3537141402876781,0.30699601,0.04671813028767813,0.9089749721026622,0.8674685969767937,0.4302674350489835,0.3778719619418018,0.1078777313542667,"{""A8=1"": 5, ""A8=0"": -5, ""A9=0"": -2, ""A10<=1"": -2}",,
rounded_lr,visible_fine,australian,7,552,386,ok,0.0824,5,0.3360126043576293,0.29335111,0.04266149435762928,0.9209973962484724,0.8918458590589737,0.396857040638279,0.4155514320847941,0.3811738603104826,"{""A8=1"": 5, ""A8=0"": -4, ""A9=1"": 1, ""A10<=3"": -2, ""A14<=82"": -3}",,
rounded_lr,visible_fine,australian,10,552,386,ok,0.0691,7,0.3231938065243643,0.27794018,0.04525362652436432,0.9286890908124767,0.903342559080264,0.3820783300971335,0.4104101762728607,0.9600996507024422,"{""A7<=26"": -2, ""A8=1"": 5, ""A8=0"": -3, ""A9=1"": 2, ""A10<=4"": -3, ""A14<=82"": -1, ""A14<=102"": -2}",,
rounded_lr,visible_fine,heart,3,216,269,ok,0.0396,2,0.4440700736484999,0.36992937,0.0741407036484999,0.8599826388888889,0.7750000000000001,0.554756377754517,0.4787301852582092,1.9376469747060332,"{""chest<=3"": -4, ""thal<=3"": -5}",,
rounded_lr,visible_fine,heart,4,216,269,ok,0.0378,2,0.4440700736484999,0.34466596,0.09940411364849988,0.8599826388888889,0.7750000000000001,0.554756377754517,0.4787301852582092,1.9376469747060332,"{""chest<=3"": -4, ""thal<=3"": -5}",,
rounded_lr,visible_fine,heart,5,216,269,ok,0.0328,5,0.4225052459239627,0.3289728,0.0935324459239627,0.8874131944444444,0.8444444444444444,0.4867099457731544,0.4134704261700009,0.936444419216033,"{""chest<=3"": -4, ""maximum_heart_rate_achieved<=147"": 2, ""maximum_heart_rate_achieved<=158"": 1, ""exercise_induced_angina=1"": 1, ""thal<=3"": -5}",,
rounded_lr,visible_fine,heart,7,216,269,ok,0.0302,5,0.4225052459239627,0.30597398,0.11653126592396273,0.8874131944444444,0.8444444444444444,0.4867099457731544,0.4134704261700009,0.936444419216033,"{""chest<=3"": -4, ""maximum_heart_rate_achieved<=147"": 2, ""maximum_heart_rate_achieved<=158"": 1, ""exercise_induced_angina=1"": 1, ""thal<=3"": -5}",,
rounded_lr,visible_fine,heart,10,216,269,ok,0.0489,8,0.3199734606366839,0.27071036,0.04926310063668393,0.9369791666666668,0.8451388888888889,0.4853452234698157,0.3955614555098797,1.7791757116119042,"{""sex=1"": 3, ""chest<=3"": -5, ""maximum_heart_rate_achieved<=169"": 3, ""exercise_induced_angina=1"": 1, ""oldpeak<=0.5"": -2, ""oldpeak<=1.5"": -3, ""number_of_major_vessels<=0"": -4, ""thal<=3"": -4}",,
rounded_lr,visible_fine,ionosphere,3,280,2365,ok,0.123,1,0.4947360797734069,0.23744933,0.25728674977340693,0.7536091597986615,0.8182608695652175,0.4153849020492301,0.5864660114963222,1.5755363607584183,"{""a27<=0.99842"": -5}",,
rounded_lr,visible_fine,ionosphere,4,280,2365,ok,0.1367,1,0.4947360797734069,0.19434648,0.3003895997734069,0.7536091597986615,0.8182608695652175,0.4153849020492301,0.5864660114963222,1.5755363607584183,"{""a27<=0.99842"": -5}",,
rounded_lr,visible_fine,ionosphere,5,280,2365,ok,0.181,5,0.242706950550374,0.15752201,0.08518494055037401,0.9494164500248908,0.942608695652174,0.2245957850628641,0.7507760924529518,0.5209953258242289,"{""a03<=0.43636"": 2, ""a05<=0.06704"": 5, ""a05<=0.43117"": 1, ""a07<=0.2825"": 2, ""a27<=0.99842"": -5}",,
rounded_lr,visible_fine,ionosphere,7,280,2365,ok,0.1724,5,0.242706950550374,0.11088328,0.131823670550374,0.9494164500248908,0.942608695652174,0.2245957850628641,0.7507760924529518,0.5209953258242289,"{""a03<=0.43636"": 2, ""a05<=0.06704"": 5, ""a05<=0.43117"": 1, ""a07<=0.2825"": 2, ""a27<=0.99842"": -5}",,
rounded_lr,visible_fine,ionosphere,10,280,2365,ok,0.1688,5,0.2254402999413013,0.05612876,0.1693115399413013,0.9487526964987,0.9417391304347826,0.2243155437204537,3.252860981739336,0.1089545691952765,"{""a03<=0.43636"": 1, ""a05<=0.00428"": 5, ""a07<=0.01997"": 1, ""a27<=0.98556"": 1, ""a27<=0.99842"": -2}",,
rounded_lr,visible_fine,ilpd,3,466,460,ok,0.058,3,0.5855264533904785,0.50050232,0.08502413339047854,0.5593939804466119,0.5816796598157334,0.587742211520129,0.1688025279389354,0.6269617963212716,"{""V9<=4"": -5, ""V9<=4.3"": -1, ""V10<=1.6"": -4}",,
rounded_lr,visible_fine,ilpd,4,466,460,ok,0.056,3,0.5855264533904785,0.49157538,0.09395107339047848,0.5593939804466119,0.5816796598157334,0.587742211520129,0.1688025279389354,0.6269617963212716,"{""V9<=4"": -5, ""V9<=4.3"": -1, ""V10<=1.6"": -4}",,
rounded_lr,visible_fine,ilpd,5,466,460,ok,0.0597,4,0.5809322687630071,0.48388697,0.09704529876300705,0.6006570480254692,0.5616583982990786,0.5915754101065834,0.1183200377414728,0.5973400384735505,"{""V9<=4"": -5, ""V9<=4.3"": -2, ""V10<=1"": -4, ""V10<=1.6"": -4}",,
rounded_lr,visible_fine,ilpd,7,466,460,ok,0.1,6,0.5704893741741811,0.47269884,0.0977905341741811,0.6396960870645081,0.6091424521615876,0.5904655560542041,0.1469688678200849,0.4876045178769362,"{""V9<=3.4"": -1, ""V9<=4"": -2, ""V9<=4.3"": -2, ""V10<=0.87"": -5, ""V10<=1"": -1, ""V10<=1.6"": -3}",,
rounded_lr,visible_fine,ilpd,10,466,460,ok,0.0809,7,0.5112613766174088,0.45846233,0.05279904661740881,0.7494976179186706,0.7250177179305457,0.5244549644383073,0.2757571249038241,-1.475474679208576,"{""V3<=1.6"": 5, ""V4<=0.3"": 1, ""V5<=210"": 3, ""V9<=4"": -1, ""V9<=4.3"": -1, ""V10<=0.87"": -1, ""V10<=1.6"": -2}",,
rounded_lr,visible_fine,magic,3,10000,990,ok,1.5047,1,0.5531900339766846,0.47317033,0.08001970397668468,0.7195919034795724,0.7077696810701971,0.5631407131430511,0.3895745939537656,0.5310253303288205,"{""fAlpha:<=31.8311"": -5}",,
rounded_lr,visible_fine,magic,4,10000,990,ok,1.7675,3,0.5423300769374039,0.45662971,0.08570036693740385,0.7419515720502872,0.7277362181100024,0.5550780358421341,0.2369195574807612,0.5229650847329436,"{""fAlpha:<=24.114"": -5, ""fAlpha:<=26.077"": -1, ""fAlpha:<=31.8311"": -3}",,
rounded_lr,visible_fine,magic,5,10000,990,ok,1.7558,3,0.5423300769374039,0.43822071,0.10410936693740386,0.7419515720502872,0.7277362181100024,0.5550780358421341,0.2369195574807612,0.5229650847329436,"{""fAlpha:<=24.114"": -5, ""fAlpha:<=26.077"": -1, ""fAlpha:<=31.8311"": -3}",,
rounded_lr,visible_fine,magic,7,10000,990,ok,1.6254,3,0.5423300769374039,0.41607444,0.12625563693740388,0.7419515720502872,0.7277362181100024,0.5550780358421341,0.2369195574807612,0.5229650847329436,"{""fAlpha:<=24.114"": -5, ""fAlpha:<=26.077"": -1, ""fAlpha:<=31.8311"": -3}",,
rounded_lr,visible_fine,magic,10,10000,990,ok,1.9398,3,0.4805973954921411,0.3944935,0.08610389549214109,0.8046491135263207,0.7846158812907102,0.5053161553015263,0.4983510507355952,2.6726523675513336,"{""fLength:<=93.5964"": -5, ""fAlpha:<=15.9662"": -3, ""fAlpha:<=31.8311"": -2}",,
rounded_lr,visible_fine,haberman,3,244,74,ok,0.038,2,0.5259661220006913,0.48657971,0.03938641200069126,0.670949720670391,0.6345108695652174,0.5327447484705878,0.2828615955677628,0.1635104176095207,"{""Number_of_positive_axillary_nodes_detected<=4"": -5, ""Number_of_positive_axillary_nodes_detected<=8"": -1}",,
rounded_lr,visible_fine,haberman,4,244,74,ok,0.0242,2,0.5259661220006913,0.47618791,0.04977821200069127,0.670949720670391,0.6345108695652174,0.5327447484705878,0.2828615955677628,0.1635104176095207,"{""Number_of_positive_axillary_nodes_detected<=4"": -5, ""Number_of_positive_axillary_nodes_detected<=8"": -1}",,
rounded_lr,visible_fine,haberman,5,244,74,ok,0.0404,4,0.5193539084954178,0.47289216,0.04646174849541784,0.7044692737430167,0.7160326086956522,0.5165889094635312,0.1882025490153596,0.6187917816720516,"{""Age_of_patient_at_time_of_operation<=59"": -3, ""Number_of_positive_axillary_nodes_detected<=1"": -3, ""Number_of_positive_axillary_nodes_detected<=4"": -5, ""Number_of_positive_axillary_nodes_detected<=8"": -2}",,
rounded_lr,visible_fine,haberman,7,244,74,ok,0.0349,6,0.4713871248268999,0.46189361,0.009493514826899863,0.7715513536742586,0.6657608695652174,0.5789721240823743,0.5327507780425432,0.5392790781230185,"{""Age_of_patient_at_time_of_operation<=40"": -4, ""Patients_year_of_operation=65"": 2, ""Patients_year_of_operation=61"": -5, ""Number_of_positive_axillary_nodes_detected<=0"": -1, ""Number_of_positive_axillary_nodes_detected<=4"": -2, ""Number_of_positive_axillary_nodes_detected<=8"": -1}",,
rounded_lr,visible_fine,haberman,10,244,74,ok,0.0431,6,0.4713871248268999,0.44772765,0.023659474826899896,0.7715513536742586,0.6657608695652174,0.5789721240823743,0.5327507780425432,0.5392790781230185,"{""Age_of_patient_at_time_of_operation<=40"": -4, ""Patients_year_of_operation=65"": 2, ""Patients_year_of_operation=61"": -5, ""Number_of_positive_axillary_nodes_detected<=0"": -1, ""Number_of_positive_axillary_nodes_detected<=4"": -2, ""Number_of_positive_axillary_nodes_detected<=8"": -1}",,
abess_seqround,visible_fine,adult,3,10000,258,ok,0.6931,3,0.3671162746559234,0.36711627,4.655923369067949e-09,0.853343257038146,0.8666493464017809,0.3540030651384344,0.84415993827463,2.471902200844959,"{""education-num<=12"": -2, ""marital-status=Married-civ-spouse"": 3, ""capital-gain<=5013"": -5}",,
abess_seqround,visible_fine,adult,4,10000,258,ok,1.0868,4,0.3541822338618385,0.35402754,0.0001546938618385285,0.8690613990643912,0.8759104129080812,0.3472801552389764,0.7658423046253875,2.4531881073375525,"{""age<=31"": -2, ""education-num<=12"": -2, ""marital-status=Married-civ-spouse"": 3, ""capital-gain<=5013"": -5}",,
abess_seqround,visible_fine,adult,5,10000,258,ok,1.4002,5,0.3457930073528152,0.34452316,0.001269847352815212,0.8770994736136921,0.8834922050016002,0.3380396682120514,0.8112768027747728,4.851563860222022,"{""age<=31"": -1, ""education-num<=12"": -2, ""marital-status=Married-civ-spouse"": 3, ""capital-gain<=5013"": -5, ""capital-loss<=1876"": -3}",,
abess_seqround,visible_fine,adult,7,10000,258,ok,2.079,7,0.3360276848108065,0.33250532,0.003522364810806533,0.8881647597218806,0.893871615514737,0.3283222143996977,1.0439450001581745,5.305829371415299,"{""age<=31"": -1, ""education-num<=7"": -2, ""education-num<=12"": -1, ""marital-status=Married-civ-spouse"": 2, ""capital-gain<=5013"": -4, ""capital-loss<=1876"": -2, ""hours-per-week<=41"": -1}",,
abess_seqround,visible_fine,adult,10,10000,258,ok,3.4629,10,0.3276223180794456,0.32506053,0.0025617880794455705,0.89586078562364,0.9025480131809852,0.3188692796948035,0.7558140553570097,4.414016394585093,"{""age<=29"": -1, ""age<=33"": -1, ""education-num<=7"": -2, ""education-num<=10"": -1, ""education-num<=12"": -1, ""marital-status=Married-civ-spouse"": 3, ""occupation=Farming-fishing"": -2, ""capital-gain<=5013"": -5, ""capital-loss<=1876"": -2, ""hours-per-week<=41"": -1}",,
abess_seqround,visible_fine,bank,3,10000,340,ok,0.6006,2,0.3125223221555191,0.2685542,0.043968122155519096,0.6910604388690459,0.6859621612567004,0.3153307153879342,0.3890840747604581,-0.2206250988302277,"{""V12<=474"": -4, ""V12<=520"": -2}",,
abess_seqround,visible_fine,bank,4,10000,340,ok,1.1775,4,0.2599253880826311,0.25957455,0.0003508380826310886,0.8550332975191413,0.8426309373138773,0.267734531397566,0.9916083716966853,-0.9973903265025928,"{""V7=no"": 1, ""V12<=129"": -2, ""V12<=439"": -2, ""V16=success"": 3}",,
abess_seqround,visible_fine,bank,5,10000,340,ok,1.5146,4,0.2599253880826311,0.25364944,0.0062759480826311,0.8550332975191413,0.8426309373138773,0.267734531397566,0.9916083716966853,-0.9973903265025928,"{""V7=no"": 1, ""V12<=129"": -2, ""V12<=439"": -2, ""V16=success"": 3}",,
abess_seqround,visible_fine,bank,7,10000,340,ok,1.8955,4,0.2599253880826311,0.24354722,0.016378168082631095,0.8550332975191413,0.8426309373138773,0.267734531397566,0.9916083716966853,-0.9973903265025928,"{""V7=no"": 1, ""V12<=129"": -2, ""V12<=439"": -2, ""V16=success"": 3}",,
abess_seqround,visible_fine,bank,10,10000,340,ok,3.0791,9,0.2568442168814865,0.23414742,0.022696796881486514,0.8533046335820967,0.8346501513797895,0.2750743308643811,1.6308417116892375,1.5394147836282734,"{""V1<=60"": -1, ""V7=no"": 1, ""V11=mar"": 1, ""V12<=129"": -1, ""V12<=474"": -1, ""V12<=903"": -1, ""V14<=-1"": 4, ""V16=unknown"": -4, ""V16=success"": 1}",,
abess_seqround,visible_fine,breastcancer,3,559,77,ok,0.0354,3,0.1345541193922428,0.13073883,0.0038152893922427933,0.98507885274215,0.9834692028985508,0.1460914191305542,1.0392142907687782,5.125393021652871,"{""Clump_Thickness<=6"": -3, ""Cell_Size_Uniformity<=2"": -4, ""Bare_Nuclei<=2"": -3}",,
abess_seqround,visible_fine,breastcancer,4,559,77,ok,0.0498,4,0.1192406204738879,0.10896621,0.010274410473887913,0.9874288626518304,0.989356884057971,0.1278781504414197,0.7790380899745691,5.306655706095673,"{""Clump_Thickness<=6"": -4, ""Cell_Size_Uniformity<=2"": -4, ""Cell_Shape_Uniformity<=2"": -3, ""Bare_Nuclei<=2"": -3}",,
abess_seqround,visible_fine,breastcancer,5,559,77,ok,0.0644,5,0.1027467001862701,0.09171941,0.011027290186270106,0.9910883660352784,0.9909420289855072,0.1076258616204171,0.725737274864234,5.847791930160692,"{""Clump_Thickness<=6"": -4, ""Cell_Size_Uniformity<=2"": -3, ""Cell_Shape_Uniformity<=2"": -3, ""Bare_Nuclei<=2"": -3, ""Bland_Chromatin<=3"": -3}",,
abess_seqround,visible_fine,breastcancer,7,559,77,ok,0.1268,7,0.0654910558059624,0.06341247,0.002078585805962402,0.996531611880291,0.9718070652173914,0.1901159232861394,3.3844374089766807,27.09616711739454,"{""Clump_Thickness<=8"": -3, ""Cell_Shape_Uniformity<=2"": -1, ""Marginal_Adhesion<=5"": -1, ""Bare_Nuclei missing"": -4, ""Bare_Nuclei<=2"": -1, ""Bland_Chromatin<=3"": -1, ""Normal_Nucleoli<=8"": -3}",,
abess_seqround,visible_fine,breastcancer,10,559,77,ok,0.1881,9,0.0590024311437837,0.0453856,0.013616831143783703,0.9969633908094794,0.9704483695652174,0.1997914766784634,2.675060920636196,29.5754728169361,"{""Clump_Thickness<=8"": -4, ""Cell_Size_Uniformity<=1"": -1, ""Cell_Shape_Uniformity<=2"": -1, ""Marginal_Adhesion<=5"": -1, ""Single_Epi_Cell_Size<=7"": -2, ""Bare_Nuclei missing"": -5, ""Bare_Nuclei<=2"": -1, ""Bland_Chromatin<=3"": -1, ""Normal_Nucleoli<=8"": -3}",,
abess_seqround,visible_fine,mammo,3,768,70,ok,0.0313,3,0.4642841292290983,0.46425895,2.5179229098282185e-05,0.8521871931929749,0.8596585998271391,0.4504355573674788,0.3204129003631557,0.6151727825975473,"{""Age<=64"": -4, ""Shape=4"": 5, ""Margin=1"": -5}",,
abess_seqround,visible_fine,mammo,4,768,70,ok,0.0513,4,0.4551703401738696,0.45493537,0.0002349701738695864,0.8573245063815862,0.8600367329299914,0.4497814535342035,0.4600962634911346,0.9290735163346304,"{""Age<=64"": -3, ""Shape=4"": 3, ""Margin=1"": -4, ""Margin=missing"": -3}",,
abess_seqround,visible_fine,mammo,5,768,70,ok,0.0725,5,0.4467922786480987,0.44678176,1.0518648098700734e-05,0.8645821970110177,0.860576923076923,0.4544559337048043,0.3426668003447896,0.9779754386974336,"{""Age<=36"": -4, ""Age<=64"": -4, ""Shape=4"": 4, ""Margin=1"": -5, ""Margin=missing"": -4}",,
abess_seqround,visible_fine,mammo,7,768,70,ok,0.1182,7,0.4375460850756354,0.43754609,-4.924364582770124e-09,0.8729205301625396,0.8604148660328437,0.4587256047282442,0.4014920627337102,2.346216197045035,"{""Age<=36"": -4, ""Age<=64"": -3, ""Age<=78"": -4, ""Shape=4"": 3, ""Margin=1"": -4, ""Margin=5"": 2, ""Margin=missing"": -3}",,
abess_seqround,visible_fine,mammo,10,768,70,ok,0.2173,7,0.4375460850756354,0.42894178,0.008604305075635421,0.8729205301625396,0.8604148660328437,0.4587256047282442,0.4014920627337102,2.346216197045035,"{""Age<=36"": -4, ""Age<=64"": -3, ""Age<=78"": -4, ""Shape=4"": 3, ""Margin=1"": -4, ""Margin=5"": 2, ""Margin=missing"": -3}",,
abess_seqround,visible_fine,mushroom,3,6499,93,ok,0.4005,3,0.1296012296628542,0.06494476,0.0646564696628542,0.98222404476981,0.9813715140318466,0.1383234698248809,2.366335876982745,-2.346125522612996,"{""odor=n"": -1, ""odor=f"": 5, ""gill-size=n"": 2}",,
abess_seqround,visible_fine,mushroom,4,6499,93,ok,0.6334,4,0.1258480903370374,0.04620984,0.07963825033703739,0.9835649258397612,0.9819516871281962,0.1373144818030689,3.9433402431368982,21.57006354430211,"{""odor=f"": 4, ""gill-size=b"": -3, ""ring-number=o"": -5, ""ring-number=t"": -3}",,
abess_seqround,visible_fine,mushroom,5,6499,93,ok,0.874,4,0.1128914137349976,0.03169321,0.0811982037349976,0.9847971842113896,0.9840524446143252,0.122931056752678,2.4076730749605915,-2.742539351690481,"{""odor=n"": -1, ""odor=f"": 4, ""gill-size=n"": 2, ""stalk-surface-above-ring=k"": 1}",,
abess_seqround,visible_fine,mushroom,7,6499,93,ok,1.2368,7,0.0464611985613061,0.0181447,0.0283164985613061,0.9979975682929064,0.9972925255503682,0.0640006765157394,6.091478421293778,29.238111218346035,"{""odor=n"": -1, ""odor=f"": 4, ""odor=c"": 2, ""gill-spacing=w"": -1, ""gill-size=b"": -3, ""ring-number=o"": -4, ""ring-number=t"": -1}",,
abess_seqround,visible_fine,mushroom,10,6499,93,ok,1.8101,7,0.0464611985613061,0.01436421,0.0320969885613061,0.9979975682929064,0.9972925255503682,0.0640006765157394,6.091478421293778,29.238111218346035,"{""odor=n"": -1, ""odor=f"": 4, ""odor=c"": 2, ""gill-spacing=w"": -1, ""gill-size=b"": -3, ""ring-number=o"": -4, ""ring-number=t"": -1}",,
abess_seqround,visible_fine,spambase,3,3680,1131,ok,0.5995,3,0.3419959270426172,0.33882591,0.0031700170426172125,0.9047875367249112,0.9079060398708492,0.3331694987370321,0.8039852659119311,5.426222283777371,"{""char_freq_%21<=0.077"": -3, ""char_freq_%24<=0.055"": -3, ""word_freq_remove<=0"": -4}",,
abess_seqround,visible_fine,spambase,4,3680,1131,ok,0.8761,3,0.3419959270426172,0.29154193,0.050453997042617216,0.9047875367249112,0.9079060398708492,0.3331694987370321,0.8039852659119311,5.426222283777371,"{""char_freq_%21<=0.077"": -3, ""char_freq_%24<=0.055"": -3, ""word_freq_remove<=0"": -4}",,
abess_seqround,visible_fine,spambase,5,3680,1131,ok,1.2385,5,0.2977006055382808,0.26141696,0.03628364553828084,0.92952466367713,0.9330672314543282,0.2907016610079673,2.5617312414480007,2.740506578708249,"{""char_freq_%21<=0.077"": -1, ""char_freq_%24<=0.021"": -1, ""word_freq_remove<=0"": -3, ""word_freq_remove<=0.03"": 2, ""word_freq_hp<=0.11"": 1}",,
abess_seqround,visible_fine,spambase,7,3680,1131,ok,1.977,6,0.2725964544560909,0.21592163,0.05667482445609087,0.943623782279264,0.9454861419670804,0.2692481548885813,1.9425029070925095,3.4396359996251995,"{""char_freq_%21<=0.077"": -1, ""capital_run_length_average<=3.478"": -1, ""char_freq_%24<=0.029"": -1, ""word_freq_remove<=0"": -4, ""word_freq_remove<=0.03"": 2, ""word_freq_hp<=0.11"": 2}",,
abess_seqround,visible_fine,spambase,10,3680,1131,ok,3.361,10,0.2381032791978672,0.18851227,0.049591009197867186,0.9600001546312046,0.9630962607502196,0.2241815067542472,1.4997942800556383,2.0533692734044178,"{""char_freq_%21<=0.077"": -1, ""capital_run_length_average<=3.478"": -1, ""char_freq_%24<=0.055"": -2, ""word_freq_remove<=0"": -4, ""word_freq_remove<=0.03"": 3, ""word_freq_remove<=0.06"": -4, ""word_freq_remove<=0.09"": 3, ""word_freq_hp<=0.11"": 2, ""word_freq_our<=0"": -1, ""word_freq_george<=0"": 2}",,
abess_seqround,visible_fine,fico,3,8000,766,ok,1.1902,3,0.598070121127174,0.58953935,0.00853077112717393,0.73411903125,0.736375,0.5954206398757127,0.2509535191281405,-1.4639614165011612,"{""ExternalRiskEstimate<=70"": 4, ""ExternalRiskEstimate<=73"": 3, ""MSinceMostRecentInqexcl7days<=0"": 3}",,
abess_seqround,visible_fine,fico,4,8000,766,ok,1.5861,4,0.5873254885400304,0.57830128,0.009024208540030387,0.7500623125,0.7486244999999999,0.588307674507014,0.7841201541750299,-0.8087509308695601,"{""ExternalRiskEstimate<=70"": 1, ""ExternalRiskEstimate<=74"": 1, ""MSinceMostRecentInqexcl7days<=0"": 1, ""NetFractionRevolvingBurden<=55"": -1}",,
abess_seqround,visible_fine,fico,5,8000,766,ok,2.2117,5,0.568956245981763,0.56863583,0.00032041598176302255,0.772040625,0.7645750000000001,0.5784272859972477,0.345127168430471,-2.0470178178256173,"{""ExternalRiskEstimate<=70"": 4, ""ExternalRiskEstimate<=81"": 3, ""NumSatisfactoryTrades<=13"": 2, ""MSinceMostRecentInqexcl7days<=-8"": -5, ""MSinceMostRecentInqexcl7days<=0"": 2}",,
abess_seqround,visible_fine,fico,7,8000,766,ok,3.492,7,0.5623380626537148,0.55947631,0.0028617526537147997,0.78147265625,0.7658635,0.5810741147984916,0.3411210138998492,-1.115317682009263,"{""ExternalRiskEstimate<=70"": 3, ""AverageMInFile<=70"": 2, ""NumSatisfactoryTrades<=13"": 2, ""PercentTradesNeverDelq<=95"": 2, ""MSinceMostRecentInqexcl7days<=-8"": -5, ""MSinceMostRecentInqexcl7days<=0"": 2, ""NetFractionRevolvingBurden<=54"": -2}",,
abess_seqround,visible_fine,fico,10,8000,766,ok,5.6253,10,0.5543198587631322,0.5519473,0.0023725587631321376,0.7899908437499998,0.7787075,0.5685934085660174,0.3329368820952988,-0.6855778421819666,"{""ExternalRiskEstimate<=70"": 2, ""ExternalRiskEstimate<=77"": 2, ""AverageMInFile<=64"": 2, ""NumSatisfactoryTrades<=13"": 2, ""PercentTradesNeverDelq<=95"": 1, ""PercentInstallTrades<=46"": -1, ""MSinceMostRecentInqexcl7days<=-8"": -5, ""MSinceMostRecentInqexcl7days<=0"": 2, ""NetFractionRevolvingBurden<=35"": -1, ""NetFractionRevolvingBurden<=62"": -2}",,
abess_seqround,visible_fine,compas,3,4222,84,ok,0.1525,3,0.625856480882974,0.62206527,0.003791210882973961,0.6974180398748304,0.7070023000255559,0.622945931432709,0.3052195661542179,0.2744635134685929,"{""age<=33"": 3, ""priors_count<=1"": -2, ""priors_count<=3"": -3}",,
abess_seqround,visible_fine,compas,4,4222,84,ok,0.2451,4,0.6177710378216491,0.61521694,0.0025540978216490595,0.7083130662400668,0.7103731512509763,0.6171345678114626,0.2583482132005276,0.5164063253784492,"{""age<=21"": 3, ""age<=33"": 3, ""priors_count<=1"": -3, ""priors_count<=4"": -4}",,
abess_seqround,visible_fine,compas,5,4222,84,ok,0.3072,5,0.612915303343376,0.61162559,0.001289713343375909,0.7188694069578282,0.7249327809432624,0.6095418714884694,0.3190634374280604,1.2419693949446633,"{""age<=22"": 2, ""age<=33"": 2, ""juv_other_count<=0"": -2, ""priors_count<=1"": -3, ""priors_count<=5"": -3}",,
abess_seqround,visible_fine,compas,7,4222,84,ok,0.5243,7,0.6099472687258644,0.60747909,0.002468178725864356,0.7229740563190996,0.7288723395831158,0.6058058168805219,0.1863523732768859,1.2512513132279828,"{""age<=21"": 4, ""age<=29"": 2, ""age<=33"": 3, ""juv_other_count<=0"": -3, ""priors_count<=1"": -3, ""priors_count<=2"": -3, ""priors_count<=7"": -5}",,
abess_seqround,visible_fine,compas,10,4222,84,ok,0.8955,10,0.6041760993888022,0.60336068,0.0008154193888022521,0.730378638844001,0.7392584487245476,0.5978975977672473,0.2358931076165857,1.4449088528786125,"{""age<=20"": 4, ""age<=23"": 2, ""age<=29"": 1, ""age<=33"": 2, ""age<=52"": 2, ""juv_other_count<=0"": -2, ""priors_count<=0"": -2, ""priors_count<=2"": -3, ""priors_count<=5"": -3, ""priors_count<=15"": -4}",,
abess_seqround,visible_fine,australian,3,552,386,ok,0.0524,2,0.3566161853655737,0.33345959,0.02315659536557374,0.902996971146182,0.8740685543964233,0.4145217579102682,0.7406270172865986,2.2448922639048323,"{""A8=0"": -5, ""A10<=3"": -2}",,
abess_seqround,visible_fine,australian,4,552,386,ok,0.0613,4,0.3185245767638227,0.31639008,0.0021344967638226575,0.9280381529305488,0.9187779433681074,0.3389440737177497,1.0111592029058618,4.29262454923568,"{""A3<=6"": 3, ""A8=0"": -4, ""A10<=4"": -2, ""A14<=109"": -2}",,
abess_seqround,visible_fine,australian,5,552,386,ok,0.1136,5,0.3069960122250743,0.30699601,2.225074291484219e-09,0.9381077634305754,0.940387481371088,0.317933328220813,0.8281480024766116,-0.0663861838361719,"{""A3<=6"": 4, ""A7<=26"": -1, ""A8=1"": 5, ""A10<=4"": -2, ""A14<=109"": -2}",,
abess_seqround,visible_fine,australian,7,552,386,ok,0.1816,7,0.2939089394454822,0.29335111,0.0005578294454821608,0.9434813220681226,0.9474132424952096,0.3013892857545145,0.838064325417535,3.431251630491094,"{""A3<=6"": 4, ""A4=2"": 1, ""A5=14"": 3, ""A7<=33"": -1, ""A8=0"": -5, ""A10<=4"": -2, ""A14<=109"": -2}",,
abess_seqround,visible_fine,australian,10,552,386,ok,0.3688,10,0.2815229742115215,0.27794018,0.0035827942115215228,0.9493065518890484,0.9487971045348094,0.2901920290599821,0.8121318251989832,3.777993310984418,"{""A3<=6"": 4, ""A4=1"": -1, ""A5=1"": -2, ""A5=14"": 3, ""A7<=33"": -1, ""A8=0"": -5, ""A9=0"": -1, ""A10<=4"": -1, ""A13<=34"": 1, ""A14<=115"": -2}",,
abess_seqround,visible_fine,heart,3,216,269,ok,0.0259,3,0.3701583516230975,0.36992937,0.000228981623097535,0.9038194444444444,0.726388888888889,0.7121707761216725,0.7218045240732619,4.213751869513793,"{""chest<=3"": -3, ""oldpeak<=1.6"": -4, ""thal<=3"": -3}",,
abess_seqround,visible_fine,heart,4,216,269,ok,0.0359,4,0.3449426779043684,0.34466596,0.0002767179043683954,0.9223958333333332,0.8180555555555556,0.559821262292078,0.6869060627439353,4.858447816277333,"{""chest<=3"": -3, ""oldpeak<=1.6"": -4, ""number_of_major_vessels<=0"": -2, ""thal<=3"": -3}",,
abess_seqround,visible_fine,heart,5,216,269,ok,0.0541,5,0.3289727978205302,0.3289728,-2.1794698268351453e-09,0.9290798611111112,0.825,0.552975705450173,0.49209390722871,5.333904937584557,"{""chest<=3"": -4, ""resting_electrocardiographic_results<=0"": -2, ""oldpeak<=1.6"": -5, ""number_of_major_vessels<=0"": -3, ""thal<=3"": -5}",,
abess_seqround,visible_fine,heart,7,216,269,ok,0.0751,6,0.3185279235650068,0.30597398,0.012553943565006831,0.9345052083333332,0.8118055555555557,0.6169564548982059,0.6336229669842129,5.602916211632641,"{""chest<=3"": -3, ""resting_electrocardiographic_results<=0"": -2, ""oldpeak<=0.8"": -2, ""oldpeak<=1.6"": -3, ""number_of_major_vessels<=0"": -2, ""thal<=3"": -4}",,
abess_seqround,visible_fine,heart,10,216,269,ok,0.122,6,0.3185279235650068,0.27071036,0.047817563565006826,0.9345052083333332,0.8118055555555557,0.6169564548982059,0.6336229669842129,5.602916211632641,"{""chest<=3"": -3, ""resting_electrocardiographic_results<=0"": -2, ""oldpeak<=0.8"": -2, ""oldpeak<=1.6"": -3, ""number_of_major_vessels<=0"": -2, ""thal<=3"": -4}",,
abess_seqround,visible_fine,ionosphere,3,280,2365,ok,0.0815,3,0.2374498087923788,0.23744933,4.787923788274195e-07,0.9388240500027656,0.9356521739130436,0.2484104048282862,3.489074535235101,0.4722382407022182,"{""a03<=0.43636"": 1, ""a05<=0.00428"": 4, ""a27<=0.99842"": -1}",,
abess_seqround,visible_fine,ionosphere,4,280,2365,ok,0.1326,4,0.2369335836093332,0.19434648,0.04258710360933321,0.9394878035289562,0.9356521739130436,0.248418714956153,3.471195018888672,0.4728471204678208,"{""a03<=0.43636"": 1, ""a05<=0.00428"": 4, ""a27<=0.98556"": 2, ""a27<=0.99842"": -3}",,
abess_seqround,visible_fine,ionosphere,5,280,2365,ok,0.1681,4,0.2369335836093332,0.15752201,0.07941157360933321,0.9394878035289562,0.9356521739130436,0.248418714956153,3.471195018888672,0.4728471204678208,"{""a03<=0.43636"": 1, ""a05<=0.00428"": 4, ""a27<=0.98556"": 2, ""a27<=0.99842"": -3}",,
abess_seqround,visible_fine,ionosphere,7,280,2365,ok,0.2504,7,0.1421900466525552,0.11088328,0.03130676665255519,0.9619724542286632,0.9547826086956522,0.208426225047218,2.6426339650693187,-0.663436723076997,"{""a03<=0.1859"": 3, ""a05<=0"": 3, ""a06<=-0.76087"": 3, ""a08<=-1"": 3, ""a14<=-0.59043"": 1, ""a27<=0.98556"": 2, ""a27<=0.99842"": -3}",,
abess_seqround,visible_fine,ionosphere,10,280,2365,ok,0.4202,9,0.1410584261780569,0.05612876,0.08492966617805689,0.9637148072349134,0.9569565217391304,0.2061799192323007,2.6109467639504342,-0.6486938506777199,"{""a03<=0.1859"": 4, ""a05<=0"": 4, ""a05<=0.34146"": -1, ""a06<=-0.76087"": 3, ""a08<=-1"": 3, ""a14<=-0.59043"": 3, ""a14<=-0.49639"": -2, ""a27<=0.98556"": 2, ""a27<=0.99842"": -3}",,
abess_seqround,visible_fine,ilpd,3,466,460,ok,0.0545,3,0.5094917210090902,0.50050232,0.008989401009090292,0.7270541217909638,0.728206945428774,0.5186414482604211,1.16709978801325,-8.333113351615708,"{""V4<=1"": 1, ""V4<=3.6"": 5, ""V5<=210"": 1}",,
abess_seqround,visible_fine,ilpd,4,466,460,ok,0.0721,3,0.5094917210090902,0.49157538,0.01791634100909023,0.7270541217909638,0.728206945428774,0.5186414482604211,1.16709978801325,-8.333113351615708,"{""V4<=1"": 1, ""V4<=3.6"": 5, ""V5<=210"": 1}",,
abess_seqround,visible_fine,ilpd,5,466,460,ok,0.1016,5,0.5087343554589453,0.48388697,0.02484738545894527,0.7275847275847276,0.7391920623671155,0.5106689440787967,1.1608656889674849,-7.127106660128938,"{""V4<=1"": 1, ""V4<=3.6"": 4, ""V5<=210"": 1, ""V6<=64"": 4, ""V6<=69"": -4}",,
abess_seqround,visible_fine,ilpd,7,466,460,ok,0.2288,7,0.4923816501317916,0.47269884,0.019682810131791573,0.7418207681365576,0.7214741318214033,0.5253672193096346,1.367480629309742,-7.018597703312175,"{""V3<=4.1"": -1, ""V4<=1"": 1, ""V4<=3.6"": 4, ""V5<=210"": 1, ""V6<=11"": 5, ""V6<=64"": 3, ""V6<=69"": -3}",,
abess_seqround,visible_fine,ilpd,10,466,460,ok,0.3584,8,0.4898270540223551,0.45846233,0.03136472402235513,0.7209013524802999,0.7287384833451452,0.525676193282691,1.9351916655302184,-10.0548366100276,"{""V3<=7.3"": 2, ""V4<=1"": 3, ""V4<=1.1"": -2, ""V4<=2.2"": -1, ""V4<=3.6"": 2, ""V6<=11"": 3, ""V6<=64"": 3, ""V6<=69"": -2}",,
abess_seqround,visible_fine,magic,3,10000,990,ok,1.7121,3,0.474003800796076,0.47317033,0.0008334707960760412,0.810595096602541,0.7945958161474224,0.4931909483586587,0.5923781422668923,2.9591741757408587,"{""fLength:<=102.9"": -4, ""fSize:<=2.4526"": -2, ""fAlpha:<=24.114"": -4}",,
abess_seqround,visible_fine,magic,4,10000,990,ok,2.5185,4,0.4566297149029548,0.45662971,4.902954764407497e-09,0.8376556908437958,0.8216002425503155,0.4775793374795318,0.5503611448231414,3.2600643155905447,"{""fLength:<=102.9"": -5, ""fSize:<=2.4409"": -2, ""fAlpha:<=7.035"": -3, ""fAlpha:<=24.114"": -3}",,
abess_seqround,visible_fine,magic,5,10000,990,ok,3.3756,5,0.4405956263955239,0.43822071,0.002374916395523896,0.8474591608713564,0.8340520009348293,0.4611730093829959,0.5629964707815954,3.3251780817524663,"{""fLength:<=102.9"": -5, ""fWidth:<=10.8615"": 2, ""fSize:<=2.4409"": -3, ""fAlpha:<=7.035"": -3, ""fAlpha:<=28.2782"": -3}",,
abess_seqround,visible_fine,magic,7,10000,990,ok,5.2259,7,0.4195088635588742,0.41607444,0.003434423558874189,0.8595583185774873,0.8457303494591395,0.4428421947411975,0.4305363662292091,3.8191778591772207,"{""fLength:<=106.655"": -4, ""fWidth:<=10.8615"": 3, ""fWidth:<=39.6681"": -4, ""fSize:<=2.4409"": -4, ""fM3Long:<=-31.4075"": 3, ""fAlpha:<=7.035"": -4, ""fAlpha:<=28.2782"": -4}",,
abess_seqround,visible_fine,magic,10,10000,990,ok,8.3421,10,0.4004088015364612,0.3944935,0.005915301536461193,0.8773714846521656,0.8563931589020387,0.4339533945979928,0.5258497085180504,4.1232793419080425,"{""fLength:<=106.655"": -4, ""fWidth:<=10.8615"": 2, ""fWidth:<=14.9063"": 2, ""fWidth:<=39.6681"": -3, ""fSize:<=2.3284"": -2, ""fSize:<=2.4526"": -3, ""fM3Long:<=-40.9205"": 3, ""fAlpha:<=11.711"": -3, ""fAlpha:<=29.379"": -3, ""fDist:<=189.907"": -1}",,
abess_seqround,visible_fine,haberman,3,244,74,ok,0.017,3,0.4865797112564729,0.48657971,1.2564729257036333e-09,0.732359260850881,0.5957880434782609,0.578340864242457,0.5955581886389762,0.5023029937748701,"{""Age_of_patient_at_time_of_operation<=40"": -3, ""Patients_year_of_operation=61"": -4, ""Number_of_positive_axillary_nodes_detected<=4"": -3}",,
abess_seqround,visible_fine,haberman,4,244,74,ok,0.0436,3,0.4865797112564729,0.47618791,0.010391801256472932,0.732359260850881,0.5957880434782609,0.578340864242457,0.5955581886389762,0.5023029937748701,"{""Age_of_patient_at_time_of_operation<=40"": -3, ""Patients_year_of_operation=61"": -4, ""Number_of_positive_axillary_nodes_detected<=4"": -3}",,
abess_seqround,visible_fine,haberman,5,244,74,ok,0.046,5,0.4787641519351749,0.47289216,0.005871991935174903,0.7478298238074774,0.5985054347826088,0.593213004376753,1.6397524777319592,0.1826102726856743,"{""Age_of_patient_at_time_of_operation<=39"": 4, ""Age_of_patient_at_time_of_operation<=40"": -5, ""Patients_year_of_operation=65"": 1, ""Patients_year_of_operation=61"": -1, ""Number_of_positive_axillary_nodes_detected<=4"": -1}",,
abess_seqround,visible_fine,haberman,7,244,74,ok,0.0682,5,0.4782158221725224,0.46189361,0.016322212172522388,0.747958745165449,0.5957880434782609,0.6949685854656984,1.6265616287961944,0.1777477719070111,"{""Age_of_patient_at_time_of_operation<=38"": 4, ""Age_of_patient_at_time_of_operation<=40"": -5, ""Patients_year_of_operation=65"": 1, ""Patients_year_of_operation=61"": -1, ""Number_of_positive_axillary_nodes_detected<=4"": -1}",,
abess_seqround,visible_fine,haberman,10,244,74,ok,0.0967,7,0.4764843887561604,0.44772765,0.028756738756160416,0.7523850451224754,0.5957880434782609,0.685538479916073,1.5494963715834182,0.0839272666390395,"{""Age_of_patient_at_time_of_operation<=38"": 4, ""Age_of_patient_at_time_of_operation<=40"": -5, ""Patients_year_of_operation=65"": 1, ""Patients_year_of_operation=61"": -1, ""Number_of_positive_axillary_nodes_detected<=4"": -1, ""Number_of_positive_axillary_nodes_detected<=8"": -1, ""Number_of_positive_axillary_nodes_detected<=9"": 1}",,
fastsparse_seqround,visible_fine,adult,3,10000,258,ok,0.3207,3,0.3671162746559234,0.36711627,4.655923369067949e-09,0.853343257038146,0.8666493464017809,0.3540030651384344,0.84415993827463,2.471902200844959,"{""education-num<=12"": -2, ""marital-status=Married-civ-spouse"": 3, ""capital-gain<=5013"": -5}",,
fastsparse_seqround,visible_fine,adult,4,10000,258,ok,0.4121,4,0.3572494123856183,0.35402754,0.0032218723856183296,0.8618155875191603,0.8736262480261933,0.345292055258404,0.847163017497631,4.104589752734423,"{""education-num<=12"": -2, ""marital-status=Married-civ-spouse"": 3, ""capital-gain<=5013"": -5, ""capital-loss<=1876"": -2}",,
fastsparse_seqround,visible_fine,adult,5,10000,258,ok,0.4842,5,0.3448658022379569,0.34452316,0.00034264223795688054,0.8763742305004117,0.8815654354332175,0.3397452219679475,0.753236551550027,4.565621214028548,"{""age<=31"": -2, ""education-num<=12"": -2, ""marital-status=Married-civ-spouse"": 3, ""capital-gain<=5013"": -5, ""capital-loss<=1876"": -3}",,
fastsparse_seqround,visible_fine,adult,7,10000,258,ok,0.7724,7,0.3331468037389435,0.33250532,0.0006414837389435157,0.8917190937086945,0.8962652409538983,0.3269248394084286,0.7276580897944467,4.243099730807465,"{""age<=31"": -2, ""education-num<=8"": -2, ""education-num<=12"": -2, ""marital-status=Married-civ-spouse"": 3, ""capital-gain<=5013"": -5, ""capital-loss<=1876"": -2, ""hours-per-week<=41"": -1}",,
fastsparse_seqround,visible_fine,adult,10,10000,258,ok,1.0576,10,0.3285089958411684,0.32506053,0.003448465841168369,0.8949078396846857,0.8980702411473225,0.3219781902093283,0.7461562990584227,5.218994056013275,"{""age<=31"": -2, ""education-num<=8"": -2, ""education-num<=12"": -1, ""education-num<=14"": -1, ""marital-status=Married-civ-spouse"": 3, ""occupation=Exec-managerial"": 1, ""occupation=Farming-fishing"": -2, ""capital-gain<=5013"": -5, ""capital-loss<=1876"": -3, ""hours-per-week<=41"": -1}",,
fastsparse_seqround,visible_fine,bank,3,10000,340,ok,0.452,3,0.2734846722691822,0.2685542,0.004930472269182196,0.7852536031981104,0.7744262768016676,0.2820769365608881,0.6241496091435094,1.407989256550863,"{""V1<=60"": -3, ""V12<=474"": -4, ""V16=success"": 5}",,
fastsparse_seqround,visible_fine,bank,4,10000,340,ok,0.4952,3,0.2734846722691822,0.25957455,0.013910122269182201,0.7852536031981104,0.7744262768016676,0.2820769365608881,0.6241496091435094,1.407989256550863,"{""V1<=60"": -3, ""V12<=474"": -4, ""V16=success"": 5}",,
fastsparse_seqround,visible_fine,bank,5,10000,340,ok,0.4979,5,0.2645457222287031,0.25364944,0.010896282228703091,0.8041970845311728,0.789325398302561,0.2772187675153028,0.7749039374235913,2.3671803774214712,"{""V1<=60"": -3, ""V11=mar"": 3, ""V12<=474"": -3, ""V12<=813"": -1, ""V16=success"": 4}",,
fastsparse_seqround,visible_fine,bank,7,10000,340,ok,0.705,7,0.2462043807746721,0.24354722,0.002657160774672096,0.870640783653241,0.8608399406889021,0.2606198535471389,0.6803613358291848,2.730768846851281,"{""V1<=60"": -3, ""V9=unknown"": -2, ""V11=mar"": 4, ""V12<=210"": -2, ""V12<=474"": -2, ""V12<=813"": -2, ""V16=success"": 4}",,
fastsparse_seqround,visible_fine,bank,10,10000,340,ok,0.9882,10,0.2367018089043536,0.23414742,0.0025543889043536105,0.896260853152133,0.884289073357157,0.250916887214276,0.5738615328979475,2.4974667243103528,"{""V1<=27"": 2, ""V1<=60"": -3, ""V7=yes"": -1, ""V9=unknown"": -2, ""V11=oct"": 3, ""V11=mar"": 4, ""V12<=210"": -2, ""V12<=474"": -3, ""V12<=813"": -2, ""V16=success"": 5}",,
fastsparse_seqround,visible_fine,breastcancer,3,559,77,ok,0.0598,3,0.1377556727099842,0.13073883,0.007016842709984206,0.9849160508508168,0.9783740942028988,0.1703406470516951,0.8662284969307074,4.2933388009858815,"{""Cell_Size_Uniformity<=2"": -5, ""Bare_Nuclei<=2"": -3, ""Bland_Chromatin<=4"": -3}",,
fastsparse_seqround,visible_fine,breastcancer,4,559,77,ok,0.0873,4,0.1105862197332573,0.10896621,0.0016200097332573077,0.990302669951018,0.9915081521739132,0.0977829799783038,0.9441409052574984,6.522571668304985,"{""Clump_Thickness<=6"": -3, ""Cell_Size_Uniformity<=2"": -4, ""Bare_Nuclei<=2"": -3, ""Bland_Chromatin<=4"": -3}",,
fastsparse_seqround,visible_fine,breastcancer,5,559,77,ok,0.0741,5,0.0990657093487193,0.09171941,0.007346299348719304,0.9922492143039158,0.9915081521739132,0.1058087394816896,1.014549745065491,7.20554420626304,"{""Clump_Thickness<=6"": -3, ""Cell_Size_Uniformity<=2"": -3, ""Single_Epi_Cell_Size<=3"": -2, ""Bare_Nuclei<=2"": -3, ""Bland_Chromatin<=4"": -2}",,
fastsparse_seqround,visible_fine,breastcancer,7,559,77,ok,0.1126,7,0.0859116004456375,0.06341247,0.022499130445637505,0.9938418415017412,0.9919610507246376,0.1015030670562546,1.494198613336139,7.268362197637058,"{""Clump_Thickness<=6"": -2, ""Cell_Size_Uniformity<=2"": -2, ""Single_Epi_Cell_Size<=3"": -1, ""Bare_Nuclei missing"": -4, ""Bare_Nuclei<=2"": -2, ""Bland_Chromatin<=4"": -1, ""Normal_Nucleoli<=2"": -1}",,
fastsparse_seqround,visible_fine,breastcancer,10,559,77,ok,0.1825,9,0.0738009242434541,0.0453856,0.028415324243454096,0.9958308559132478,0.9946784420289856,0.0776772992537586,1.1127400738405362,12.52714666859796,"{""Clump_Thickness<=6"": -3, ""Cell_Size_Uniformity<=2"": -2, ""Marginal_Adhesion<=5"": -2, ""Single_Epi_Cell_Size<=3"": -1, ""Bare_Nuclei missing"": -5, ""Bare_Nuclei<=2"": -3, ""Bland_Chromatin<=4"": -2, ""Normal_Nucleoli<=2"": -1, ""Normal_Nucleoli<=8"": -3}",,
fastsparse_seqround,visible_fine,mammo,3,768,70,ok,0.0534,3,0.4642589528311823,0.46425895,2.8311822886095683e-09,0.8505849787280464,0.8586862575626621,0.4535799745199159,0.3837909853442047,0.8127872037107183,"{""Age<=64"": -4, ""Shape=4"": 4, ""Margin=1"": -4}",,
fastsparse_seqround,visible_fine,mammo,4,768,70,ok,0.0499,4,0.4551703401738696,0.45493537,0.0002349701738695864,0.8573245063815862,0.8600367329299914,0.4497814535342035,0.4600962634911346,0.9290735163346304,"{""Age<=64"": -3, ""Shape=4"": 3, ""Margin=1"": -4, ""Margin=missing"": -3}",,
fastsparse_seqround,visible_fine,mammo,5,768,70,ok,0.0847,5,0.4478556552289126,0.44678176,0.0010738952289126025,0.8648446874659104,0.866843128781331,0.4440316542462654,0.3424822194155303,0.9859435294552024,"{""Age<=39"": -3, ""Age<=64"": -4, ""Shape=4"": 4, ""Margin=1"": -5, ""Margin=missing"": -4}",,
fastsparse_seqround,visible_fine,mammo,7,768,70,ok,0.107,7,0.438845855454694,0.43754609,0.001299765454694013,0.8725762245009272,0.8675993949870355,0.4471735087787652,0.4005472044868849,2.352420106707988,"{""Age<=39"": -3, ""Age<=64"": -3, ""Age<=78"": -4, ""Shape=4"": 3, ""Margin=1"": -4, ""Margin=5"": 2, ""Margin=missing"": -3}",,
fastsparse_seqround,visible_fine,mammo,10,768,70,ok,0.1616,9,0.4350502892013733,0.42894178,0.006108509201373291,0.8759067852078107,0.8637640449438202,0.4578988390267564,0.5574445605989494,2.236058492536713,"{""Age<=39"": -2, ""Age<=57"": -1, ""Age<=64"": -2, ""Age<=75"": 2, ""Age<=78"": -4, ""Shape=4"": 2, ""Margin=1"": -3, ""Margin=5"": 1, ""Margin=missing"": -3}",,
fastsparse_seqround,visible_fine,mushroom,3,6499,93,ok,0.0948,3,0.1403297682272167,0.06494476,0.07538500822721671,0.9685637092276096,0.96413847707975,0.161055107263532,1.3796462381866723,3.6763033875221383,"{""odor=n"": -5, ""stalk-root=c"": -5, ""stalk-root=r"": -5}",,
fastsparse_seqround,visible_fine,mushroom,4,6499,93,ok,0.152,4,0.1184083740521214,0.04620984,0.0721985340521214,0.9828596606116744,0.9776477886683472,0.1406506777749727,1.32670708215358,2.6312517591803424,"{""odor=n"": -5, ""stalk-root=c"": -5, ""stalk-root=r"": -5, ""stalk-surface-above-ring=k"": 3}",,
fastsparse_seqround,visible_fine,mushroom,5,6499,93,ok,0.1941,5,0.0815898277889796,0.03169321,0.049896617788979594,0.989289545916346,0.9841024987638144,0.1143695225890993,2.0276694081517355,4.38318820490332,"{""odor=n"": -4, ""gill-spacing=w"": -2, ""stalk-root=c"": -4, ""stalk-root=r"": -4, ""stalk-surface-above-ring=k"": 3}",,
fastsparse_seqround,visible_fine,mushroom,7,6499,93,ok,0.3598,6,0.0669553078022423,0.0181447,0.048810607802242306,0.989886378097264,0.9846940478032296,0.1039409524253968,1.627865775077815,4.586686615144839,"{""odor=n"": -5, ""odor=c"": 5, ""gill-spacing=w"": -4, ""stalk-root=c"": -5, ""stalk-root=r"": -5, ""stalk-surface-above-ring=k"": 4}",,
fastsparse_seqround,visible_fine,mushroom,10,6499,93,ok,0.4109,10,0.0409370991910846,0.01436421,0.026572889191084595,0.9969894775850352,0.9918578583497905,0.0766193703095659,1.9970917820153933,6.556815397350857,"{""cap-color=b"": 2, ""odor=n"": -4, ""odor=c"": 4, ""gill-spacing=w"": -4, ""gill-size=n"": 2, ""stalk-root=c"": -4, ""stalk-root=r"": -4, ""stalk-surface-above-ring=k"": 3, ""ring-number=o"": -2, ""habitat=w"": -4}",,
fastsparse_seqround,visible_fine,spambase,3,3680,1131,ok,0.3343,3,0.3419959270426172,0.33882591,0.0031700170426172125,0.9047875367249112,0.9079060398708492,0.3331694987370321,0.8039852659119311,5.426222283777371,"{""char_freq_%21<=0.077"": -3, ""char_freq_%24<=0.055"": -3, ""word_freq_remove<=0"": -4}",,
fastsparse_seqround,visible_fine,spambase,4,3680,1131,ok,0.4668,4,0.2999943895553687,0.29154193,0.008452459555368719,0.93203479202103,0.9406503944627111,0.2795581185394596,0.6943498432524544,3.4366114070933977,"{""char_freq_%21<=0.077"": -3, ""char_freq_%24<=0.055"": -4, ""word_freq_remove<=0"": -5, ""word_freq_hp<=0.11"": 4}",,
fastsparse_seqround,visible_fine,spambase,5,3680,1131,ok,0.5494,5,0.2710832721263229,0.26141696,0.009666312126322907,0.9465916189887118,0.9511389555377824,0.2586119534213255,0.8586663194813362,3.3827542998365687,"{""char_freq_%21<=0.077"": -2, ""capital_run_length_average<=2.333"": -2, ""char_freq_%24<=0.055"": -3, ""word_freq_remove<=0"": -4, ""word_freq_hp<=0.11"": 4}",,
fastsparse_seqround,visible_fine,spambase,7,3680,1131,ok,0.6703,7,0.2336915395727299,0.21592163,0.01776990957272989,0.9597931034482758,0.9583074143191446,0.2415940141509646,0.9456339582176388,0.7867899613133955,"{""char_freq_%21<=0.077"": -2, ""capital_run_length_average<=2.333"": -2, ""char_freq_%24<=0.055"": -2, ""word_freq_remove<=0"": -3, ""word_freq_hp<=0.11"": 4, ""word_freq_our<=0"": -2, ""word_freq_edu<=0.2"": 3}",,
fastsparse_seqround,visible_fine,spambase,10,3680,1131,ok,0.8806,10,0.1940781362817846,0.18851227,0.005565866281784598,0.9740372661203032,0.972817125309794,0.2003722186486735,0.89865787497414,-5.416121966654589,"{""char_freq_%21<=0.077"": -2, ""capital_run_length_average<=2.333"": -2, ""char_freq_%24<=0.055"": -2, ""word_freq_remove<=0"": -3, ""word_freq_free<=0"": -1, ""word_freq_hp<=0.11"": 4, ""word_freq_our<=0"": -2, ""word_freq_george<=0"": 4, ""word_freq_edu<=0.2"": 3, ""word_freq_meeting<=0.82"": 4}",,
fastsparse_seqround,visible_fine,fico,3,8000,766,ok,0.5911,1,0.614894024693044,0.58953935,0.025354674693043977,0.695,0.6910000000000002,0.6182867611910281,0.8253843320542134,-0.7880380145376049,"{""ExternalRiskEstimate<=70"": 2}",,
fastsparse_seqround,visible_fine,fico,4,8000,766,ok,0.6247,4,0.5798179337409675,0.57830128,0.001516653740967433,0.7556721874999999,0.7558239999999999,0.5803928313222465,0.3118756553006652,-1.916331283423872,"{""ExternalRiskEstimate<=70"": 4, ""ExternalRiskEstimate<=79"": 3, ""MSinceMostRecentInqexcl7days<=-8"": -4, ""MSinceMostRecentInqexcl7days<=1"": 3}",,
fastsparse_seqround,visible_fine,fico,5,8000,766,ok,0.614,5,0.5706189154439786,0.56863583,0.001983085443978627,0.7701269375000002,0.762125,0.5790880979540609,0.3260477927846129,-1.91986219572452,"{""ExternalRiskEstimate<=70"": 4, ""ExternalRiskEstimate<=79"": 3, ""NumSatisfactoryTrades<=13"": 2, ""MSinceMostRecentInqexcl7days<=-8"": -5, ""MSinceMostRecentInqexcl7days<=1"": 2}",,
fastsparse_seqround,visible_fine,fico,7,8000,766,ok,0.7837,7,0.5613795817694796,0.55947631,0.0019032717694795753,0.78141903125,0.7701830000000001,0.5747747728566851,0.3183130505598979,-1.5165992669934196,"{""ExternalRiskEstimate<=70"": 3, ""ExternalRiskEstimate<=79"": 2, ""AverageMInFile<=65"": 2, ""NumSatisfactoryTrades<=13"": 2, ""MSinceMostRecentInqexcl7days<=-8"": -5, ""MSinceMostRecentInqexcl7days<=1"": 3, ""NetFractionRevolvingBurden<=46"": -2}",,
fastsparse_seqround,visible_fine,fico,10,8000,766,ok,1.3668,10,0.5538777289210507,0.5519473,0.0019304289210506642,0.7895415625,0.775207,0.5699635973309582,0.3829330117108582,-1.4497258720646522,"{""ExternalRiskEstimate<=70"": 2, ""ExternalRiskEstimate<=79"": 2, ""AverageMInFile<=65"": 1, ""NumSatisfactoryTrades<=13"": 2, ""PercentTradesNeverDelq<=95"": 1, ""MSinceMostRecentDelq<=32"": 1, ""PercentInstallTrades<=46"": -1, ""MSinceMostRecentInqexcl7days<=-8"": -4, ""MSinceMostRecentInqexcl7days<=1"": 2, ""NetFractionRevolvingBurden<=46"": -2}",,
fastsparse_seqround,visible_fine,compas,3,4222,84,ok,0.0688,2,0.631224756118438,0.62206527,0.009159486118437976,0.6868839929596622,0.6838760649766218,0.6305556849814078,0.3107412249411299,0.0603669223115368,"{""age<=34"": 3, ""priors_count<=2"": -4}",,
fastsparse_seqround,visible_fine,compas,4,4222,84,ok,0.0816,4,0.6172638697215304,0.61521694,0.0020469297215303106,0.710713478247554,0.7157758716880891,0.6118533666728162,0.2634442630775217,0.5848041720272005,"{""age<=22"": 3, ""age<=34"": 3, ""priors_count<=2"": -4, ""priors_count<=6"": -3}",,
fastsparse_seqround,visible_fine,compas,5,4222,84,ok,0.1143,5,0.6121285328328436,0.61162559,0.0005029428328435781,0.7195676083208578,0.7304002908326525,0.6049155571060412,0.266107059711269,0.5944944711601864,"{""age<=22"": 3, ""age<=34"": 3, ""priors_count<=0"": -2, ""priors_count<=2"": -3, ""priors_count<=6"": -3}",,
fastsparse_seqround,visible_fine,compas,7,4222,84,ok,0.1927,6,0.610094116245456,0.60747909,0.0026150262454559536,0.7221599947395634,0.7335803731152568,0.6027532618704213,0.2566503064842148,1.0431888021281983,"{""age<=22"": 3, ""age<=34"": 3, ""juv_other_count<=0"": -2, ""priors_count<=0"": -2, ""priors_count<=2"": -3, ""priors_count<=6"": -3}",,
fastsparse_seqround,visible_fine,compas,10,4222,84,ok,0.2928,9,0.6053268972529503,0.60336068,0.0019662172529503197,0.7296853916593254,0.7377880880992574,0.5998176196529837,0.2637469940885867,0.5576042532839239,"{""sex=1"": 1, ""age<=20"": 3, ""age<=22"": 2, ""age<=34"": 2, ""age<=52"": 2, ""juv_other_count<=0"": -2, ""priors_count<=0"": -2, ""priors_count<=2"": -3, ""priors_count<=6"": -3}",,
fastsparse_seqround,visible_fine,australian,3,552,386,ok,0.0697,2,0.3566161853655737,0.33345959,0.02315659536557374,0.902996971146182,0.8740685543964233,0.4145217579102682,0.7406270172865986,2.2448922639048323,"{""A8=0"": -5, ""A10<=3"": -2}",,
fastsparse_seqround,visible_fine,australian,4,552,386,ok,0.066,4,0.3185173536132358,0.31639008,0.0021272736132357806,0.9296190020723736,0.9216521183734298,0.3564512426398299,0.8008749061219842,3.433660653422841,"{""A3<=6"": 3, ""A8=0"": -5, ""A10<=3"": -2, ""A14<=82"": -2}",,
fastsparse_seqround,visible_fine,australian,5,552,386,ok,0.0874,5,0.3087749390190729,0.30699601,0.0017789290190728946,0.937656092247197,0.9361294443261656,0.3300803018019367,0.7846629747568787,3.6984289396256105,"{""A3<=6"": 4, ""A7<=26"": -1, ""A8=0"": -5, ""A10<=3"": -2, ""A14<=82"": -2}",,
fastsparse_seqround,visible_fine,australian,7,552,386,ok,0.1112,7,0.2956352115735092,0.29335111,0.0022841015735091674,0.94283702640948,0.9491164573131786,0.2978690793489371,0.7906129349511588,3.831634417256064,"{""A3<=6"": 4, ""A4=1"": -1, ""A5=14"": 3, ""A7<=26"": -1, ""A8=0"": -5, ""A10<=3"": -2, ""A14<=82"": -2}",,
fastsparse_seqround,visible_fine,australian,10,552,386,ok,0.1514,8,0.2909013940843023,0.27794018,0.012961214084302342,0.9451086667729424,0.9414519906323184,0.3238677447806444,0.8126511657858254,4.071129240712674,"{""A3<=6"": 4, ""A4=1"": -1, ""A5=14"": 3, ""A6=5"": -2, ""A7<=26"": -1, ""A8=0"": -5, ""A10<=3"": -2, ""A14<=82"": -2}",,
fastsparse_seqround,visible_fine,heart,3,216,269,ok,0.0258,3,0.3701583516230975,0.36992937,0.000228981623097535,0.9038194444444444,0.726388888888889,0.7121707761216725,0.7218045240732619,4.213751869513793,"{""chest<=3"": -3, ""oldpeak<=1.6"": -4, ""thal<=3"": -3}",,
fastsparse_seqround,visible_fine,heart,4,216,269,ok,0.0558,4,0.3449426779043684,0.34466596,0.0002767179043683954,0.9223958333333332,0.8180555555555556,0.559821262292078,0.6869060627439353,4.858447816277333,"{""chest<=3"": -3, ""oldpeak<=1.6"": -4, ""number_of_major_vessels<=0"": -2, ""thal<=3"": -3}",,
fastsparse_seqround,visible_fine,heart,5,216,269,ok,0.0669,4,0.3449426779043684,0.3289728,0.01596987790436838,0.9223958333333332,0.8180555555555556,0.559821262292078,0.6869060627439353,4.858447816277333,"{""chest<=3"": -3, ""oldpeak<=1.6"": -4, ""number_of_major_vessels<=0"": -2, ""thal<=3"": -3}",,
fastsparse_seqround,visible_fine,heart,7,216,269,ok,0.0853,7,0.3085324598903828,0.30597398,0.0025584798903828254,0.9379340277777778,0.8361111111111111,0.5519810341807695,0.6334335477241855,5.842831907593783,"{""chest<=3"": -3, ""resting_blood_pressure<=106"": -3, ""resting_electrocardiographic_results<=0"": -2, ""maximum_heart_rate_achieved<=97"": 5, ""oldpeak<=1.6"": -4, ""number_of_major_vessels<=0"": -3, ""thal<=3"": -4}",,
fastsparse_seqround,visible_fine,heart,10,216,269,ok,0.1164,10,0.2840822999220148,0.27071036,0.013371939922014797,0.9469184027777778,0.8298611111111112,0.592713292053419,0.7620758221393029,5.570780118081776,"{""sex=1"": 1, ""chest<=3"": -3, ""resting_blood_pressure<=106"": -3, ""serum_cholestoral<=211"": -1, ""resting_electrocardiographic_results<=0"": -2, ""maximum_heart_rate_achieved<=97"": 5, ""oldpeak<=0.5"": -1, ""oldpeak<=1.6"": -3, ""number_of_major_vessels<=0"": -2, ""thal<=3"": -3}",,
fastsparse_seqround,visible_fine,ionosphere,3,280,2365,ok,0.0659,2,0.2960488216210319,0.23744933,0.058599491621031924,0.9090657669118868,0.931304347826087,0.230350213958396,1.1110904515553726,0.8964179637578175,"{""a05<=0.06704"": 5, ""a27<=0.99842"": -3}",,
fastsparse_seqround,visible_fine,ionosphere,4,280,2365,ok,0.0693,2,0.2960488216210319,0.19434648,0.10170234162103192,0.9090657669118868,0.931304347826087,0.230350213958396,1.1110904515553726,0.8964179637578175,"{""a05<=0.06704"": 5, ""a27<=0.99842"": -3}",,
fastsparse_seqround,visible_fine,ionosphere,5,280,2365,ok,0.0905,5,0.1974668650351249,0.15752201,0.039944855035124904,0.9659826317827314,0.9469565217391304,0.2277782948424668,0.8345119332844584,-0.3049684244568292,"{""a03<=0.43636"": 4, ""a05<=0.06704"": 5, ""a06<=-0.23067"": 3, ""a08<=-0.67273"": 3, ""a27<=0.99842"": -4}",,
fastsparse_seqround,visible_fine,ionosphere,7,280,2365,ok,0.15,7,0.1479807112362848,0.11088328,0.03709743123628481,0.9824935007467228,0.947391304347826,0.2448092421481645,0.9208932957299452,1.8562540693806224,"{""a03<=0.43636"": 5, ""a04<=-0.61"": 4, ""a05<=0.06704"": 5, ""a06<=-0.23067"": 4, ""a08<=-0.67273"": 2, ""a27<=0.99842"": -3, ""a34<=0.7979"": -4}",,
fastsparse_seqround,visible_fine,ionosphere,10,280,2365,ok,0.1957,9,0.1058130135491273,0.05612876,0.0496842535491273,0.9900436971071408,0.942608695652174,0.3912342560576188,1.318127319802522,3.0193058584452146,"{""a03<=0.43636"": 4, ""a04<=-0.61"": 5, ""a05<=0.06704"": 4, ""a06<=-0.23067"": 5, ""a08<=-0.67273"": 2, ""a20<=0.03881"": -2, ""a27<=0.99842"": -4, ""a29<=0.72435"": 3, ""a34<=0.7979"": -4}",,
fastsparse_seqround,visible_fine,ilpd,3,466,460,ok,0.0305,3,0.5059996772221629,0.50050232,0.005497357222162935,0.7478719320824583,0.7459248759744861,0.5163245140268361,0.2918667836400297,-2.8641436750970355,"{""V1<=25"": 4, ""V3<=1.6"": 5, ""V5<=210"": 4}",,
fastsparse_seqround,visible_fine,ilpd,4,466,460,ok,0.0388,4,0.4980174977622724,0.49157538,0.006442117762272381,0.7562487299329403,0.7515946137491141,0.5103699809713605,0.8912140998631621,-2.942219269344121,"{""V1<=25"": 1, ""V3<=1.6"": 2, ""V5<=210"": 1, ""V6<=11"": 5}",,
fastsparse_seqround,visible_fine,ilpd,5,466,460,ok,0.0886,4,0.4969965935827976,0.48388697,0.013109623582797547,0.753189279505069,0.7469879518072289,0.5113542208466443,1.2724200433802193,-2.8350895312184647,"{""V1<=25"": 1, ""V3<=1.6"": 1, ""V5<=210"": 1, ""V6<=11"": 4}",,
fastsparse_seqround,visible_fine,ilpd,7,466,460,ok,0.062,7,0.477656246692074,0.47269884,0.004957406692074007,0.7810968863600444,0.7879163713678242,0.4784922869787895,1.1662166171746666,-4.682011176750578,"{""V1<=25"": 1, ""V1<=65"": 1, ""V3<=1.6"": 1, ""V5<=134"": -1, ""V5<=210"": 1, ""V6<=11"": 5, ""V6<=64"": 1}",,
fastsparse_seqround,visible_fine,ilpd,10,466,460,ok,0.1036,9,0.4711142318743242,0.45846233,0.012651901874324245,0.793447582921267,0.7895109851169383,0.4803021171862665,1.178777906150818,-4.837451776588688,"{""V1<=25"": 1, ""V1<=58"": -1, ""V1<=65"": 2, ""V3<=1.6"": 1, ""V5<=134"": -1, ""V5<=210"": 1, ""V6<=11"": 4, ""V6<=64"": 1, ""V7<=14"": -1}",,
fastsparse_seqround,visible_fine,magic,3,10000,990,ok,0.9872,3,0.4739060662739263,0.47317033,0.0007357362739263129,0.8089571933082501,0.791335142635166,0.494155452360793,0.5696602995009109,3.437444349452143,"{""fLength:<=106.655"": -5, ""fSize:<=2.4526"": -2, ""fAlpha:<=26.077"": -4}",,
fastsparse_seqround,visible_fine,magic,4,10000,990,ok,1.1379,4,0.4608322081255677,0.45662971,0.004202498125567666,0.820942326574068,0.8003637552908743,0.4844805694709732,0.5552320969173898,3.2488621493262,"{""fLength:<=106.655"": -5, ""fWidth:<=9.8446"": 3, ""fSize:<=2.4526"": -3, ""fAlpha:<=26.077"": -4}",,
fastsparse_seqround,visible_fine,magic,5,10000,990,ok,1.2517,4,0.4608322081255677,0.43822071,0.022611498125567675,0.820942326574068,0.8003637552908743,0.4844805694709732,0.5552320969173898,3.2488621493262,"{""fLength:<=106.655"": -5, ""fWidth:<=9.8446"": 3, ""fSize:<=2.4526"": -3, ""fAlpha:<=26.077"": -4}",,
fastsparse_seqround,visible_fine,magic,7,10000,990,ok,1.5112,6,0.4286269662212551,0.41607444,0.012552526221255134,0.852258846313916,0.8354433666769835,0.4531980643547573,0.509526549035046,2.9499855901612237,"{""fLength:<=106.655"": -5, ""fWidth:<=9.8446"": 3, ""fSize:<=2.4526"": -3, ""fM3Long:<=-34.8805"": 3, ""fAlpha:<=9.8037"": -3, ""fAlpha:<=26.077"": -3}",,
fastsparse_seqround,visible_fine,magic,10,10000,990,ok,1.81,9,0.4072555265914995,0.3944935,0.012762026591499498,0.874148841218675,0.850088675440868,0.445855450755578,0.5465165363890979,3.236995096476759,"{""fLength:<=106.655"": -5, ""fWidth:<=9.8446"": 2, ""fWidth:<=13.8452"": 2, ""fSize:<=2.2844"": -2, ""fSize:<=2.4526"": -3, ""fM3Long:<=-34.8805"": 3, ""fAlpha:<=9.8037"": -3, ""fAlpha:<=26.077"": -3, ""fDist:<=186.455"": -1}",,
fastsparse_seqround,visible_fine,haberman,3,244,74,ok,0.0138,3,0.4933101852740148,0.48657971,0.006730475274014824,0.7297378599054577,0.6331521739130436,0.5601917818708503,0.4266570008742598,0.1650072333355463,"{""Age_of_patient_at_time_of_operation<=40"": -4, ""Patients_year_of_operation=65"": 3, ""Number_of_positive_axillary_nodes_detected<=4"": -4}",,
fastsparse_seqround,visible_fine,haberman,4,244,74,ok,0.0189,4,0.4765494256605597,0.47618791,0.00036151566055969697,0.754404813064031,0.5842391304347826,0.5932118043914596,0.4575401974698608,0.4244977758325234,"{""Age_of_patient_at_time_of_operation<=40"": -4, ""Patients_year_of_operation=65"": 2, ""Patients_year_of_operation=61"": -5, ""Number_of_positive_axillary_nodes_detected<=4"": -4}",,
fastsparse_seqround,visible_fine,haberman,5,244,74,ok,0.0493,5,0.4740464368815161,0.47289216,0.001154276881516092,0.7631284916201118,0.6317934782608696,0.5776033884109075,0.47809110787733,0.4144692052214564,"{""Age_of_patient_at_time_of_operation<=40"": -4, ""Patients_year_of_operation=58"": 1, ""Patients_year_of_operation=65"": 2, ""Patients_year_of_operation=61"": -4, ""Number_of_positive_axillary_nodes_detected<=4"": -4}",,
fastsparse_seqround,visible_fine,haberman,7,244,74,ok,0.0724,6,0.4709118592204219,0.46189361,0.009018249220421881,0.7692737430167597,0.6270380434782609,0.5966493608722485,0.4289756198649073,0.1312279673133925,"{""Age_of_patient_at_time_of_operation<=40"": -5, ""Patients_year_of_operation=58"": 2, ""Patients_year_of_operation=65"": 3, ""Patients_year_of_operation=59"": 2, ""Patients_year_of_operation=61"": -5, ""Number_of_positive_axillary_nodes_detected<=4"": -4}",,
fastsparse_seqround,visible_fine,haberman,10,244,74,ok,0.0604,6,0.4709118592204219,0.44772765,0.023184209220421914,0.7692737430167597,0.6270380434782609,0.5966493608722485,0.4289756198649073,0.1312279673133925,"{""Age_of_patient_at_time_of_operation<=40"": -5, ""Patients_year_of_operation=58"": 2, ""Patients_year_of_operation=65"": 3, ""Patients_year_of_operation=59"": 2, ""Patients_year_of_operation=61"": -5, ""Number_of_positive_axillary_nodes_detected<=4"": -4}",,
autoscore,visible_fine,adult,3,10000,258,ok,1.2502,2,0.4018984974281614,0.36711627,0.034782227428161394,0.8018248472509568,0.8136638426722091,0.3879340101751363,0.8307332314455222,1.2513715145245832,"{""marital-status=Married-civ-spouse"": 3, ""capital-gain<=5013"": -5}",,
autoscore,visible_fine,adult,4,10000,258,ok,1.261,3,0.368802238730325,0.35402754,0.014774698730325053,0.8539068009313128,0.8663636059912292,0.357247346293629,0.830069218959258,2.35229570543338,"{""education-num<=11"": -2, ""marital-status=Married-civ-spouse"": 3, ""capital-gain<=5013"": -5}",,
autoscore,visible_fine,adult,5,10000,258,ok,1.4123,4,0.3664280745456912,0.34452316,0.021904914545691212,0.855469463073441,0.8681782773985489,0.3538830292196718,0.8480422934073363,2.457823000515889,"{""education-num<=11"": -1, ""education-num<=12"": -1, ""marital-status=Married-civ-spouse"": 3, ""capital-gain<=5013"": -5}",,
autoscore,visible_fine,adult,7,10000,258,ok,1.3503,4,0.3655179237849794,0.33250532,0.03301260378497939,0.8579833681900856,0.8703696865471656,0.3534740200826289,0.8525615208219024,2.4338425964719823,"{""education-num<=10"": -1, ""education-num<=12"": -1, ""marital-status=Married-civ-spouse"": 3, ""capital-gain<=5013"": -5}",,
autoscore,visible_fine,adult,10,10000,258,ok,1.2464,7,0.3596026924603886,0.32506053,0.034542162460388603,0.8630640801896289,0.8685141322811053,0.3505531053675458,0.6192807362628684,4.562126912407508,"{""education-num<=10"": -1, ""education-num<=12"": -2, ""marital-status=Married-civ-spouse"": 3, ""marital-status=Never-married"": -2, ""capital-gain<=3781"": 1, ""capital-gain<=5013"": -5, ""capital-gain<=7298"": -5}",,
autoscore,visible_fine,bank,3,10000,340,ok,1.3193,3,0.2765787428340933,0.2685542,0.008024542834093262,0.8077216366117839,0.7958932027992853,0.2812161931690348,0.911351991694844,0.4046144735360019,"{""V7=yes"": -1, ""V12<=544"": -3, ""V16=success"": 3}",,
autoscore,visible_fine,bank,4,10000,340,ok,1.3781,4,0.2768788412812406,0.25957455,0.017304291281240558,0.808780139578554,0.797410878250943,0.2810391062390474,0.6134715341528506,-0.3143587126152184,"{""V7=yes"": -1, ""V7=no"": 1, ""V12<=544"": -4, ""V16=success"": 5}",,
autoscore,visible_fine,bank,5,10000,340,ok,1.3797,5,0.2705277159393117,0.25364944,0.016878275939311682,0.8250151000377501,0.8172748225630334,0.2742166423438009,0.5599947396245514,-0.1219232285680024,"{""V7=yes"": -1, ""V7=no"": 1, ""V12<=458"": -3, ""V12<=544"": -2, ""V16=success"": 5}",,
autoscore,visible_fine,bank,7,10000,340,ok,1.2302,6,0.270277303601792,0.24354722,0.026730083601791965,0.8263511145957352,0.8173748635100258,0.273530147999614,0.6582279797179186,-0.2557793425990846,"{""V7=yes"": -1, ""V7=no"": 1, ""V12<=458"": -2, ""V12<=498"": -1, ""V12<=648"": -1, ""V16=success"": 5}",,
autoscore,visible_fine,bank,10,10000,340,ok,1.3262,7,0.2685022103284997,0.23414742,0.034354790328499696,0.8390619101547754,0.8311045140956919,0.2719487568653589,0.6486931363363828,-0.5683613299810139,"{""V7=yes"": -1, ""V7=no"": 1, ""V12<=458"": -2, ""V12<=474"": -1, ""V12<=648"": -1, ""V13<=1"": 1, ""V16=success"": 5}",,
autoscore,visible_fine,breastcancer,3,559,77,ok,0.178,3,0.1675479739895052,0.13073883,0.03680914398950519,0.9710991251167926,0.9642210144927535,0.2108517578949846,2.4364166151830537,3.1291557527855343,"{""Cell_Size_Uniformity<=2"": -1, ""Cell_Size_Uniformity<=3"": -1, ""Cell_Shape_Uniformity<=2"": -1}",,
autoscore,visible_fine,breastcancer,4,559,77,ok,0.1609,4,0.1530774673676169,0.10896621,0.04411125736761691,0.9752753475466462,0.9690896739130436,0.1864008848914028,1.590852025591718,3.18877603453724,"{""Cell_Size_Uniformity<=2"": -1, ""Cell_Size_Uniformity<=3"": -1, ""Cell_Shape_Uniformity<=2"": -2, ""Single_Epi_Cell_Size<=2"": -1}",,
autoscore,visible_fine,breastcancer,5,559,77,ok,0.1134,5,0.1325071550754349,0.09171941,0.040787745075434895,0.9815821512500352,0.9732789855072465,0.1743507960722923,1.1089972478592265,4.041344616721458,"{""Cell_Size_Uniformity<=2"": -1, ""Cell_Size_Uniformity<=3"": -1, ""Cell_Shape_Uniformity<=2"": -2, ""Single_Epi_Cell_Size<=2"": -2, ""Bland_Chromatin<=3"": -2}",,
autoscore,visible_fine,breastcancer,7,559,77,ok,0.1209,7,0.1109234252734564,0.06341247,0.047510955273456404,0.9895877572977716,0.9767889492753624,0.1613107103698589,0.4781347826752141,4.5587707344008255,"{""Cell_Size_Uniformity<=2"": -2, ""Cell_Size_Uniformity<=3"": -2, ""Cell_Shape_Uniformity<=2"": -4, ""Cell_Shape_Uniformity<=4"": -1, ""Single_Epi_Cell_Size<=2"": -3, ""Bare_Nuclei<=2"": -5, ""Bland_Chromatin<=3"": -4}",,
autoscore,visible_fine,breastcancer,10,559,77,ok,0.1197,8,0.1057513409252889,0.0453856,0.0603657409252889,0.9894107987202356,0.9748641304347826,0.1560514212200194,0.4127881797614049,4.484297747848657,"{""Cell_Size_Uniformity<=1"": -4, ""Cell_Size_Uniformity<=3"": -2, ""Cell_Shape_Uniformity<=2"": -3, ""Cell_Shape_Uniformity<=3"": -2, ""Single_Epi_Cell_Size<=2"": -3, ""Bare_Nuclei<=1"": -3, ""Bare_Nuclei<=2"": -4, ""Bland_Chromatin<=3"": -5}",,
autoscore,visible_fine,mammo,3,768,70,ok,0.1902,2,0.4947420806456123,0.46425895,0.03048313064561231,0.822682584269663,0.8364304235090753,0.4717284502191238,0.3741689944640853,-0.1787369290394652,"{""Shape=4"": 4, ""Margin=1"": -5}",,
autoscore,visible_fine,mammo,4,768,70,ok,0.1854,3,0.4921340899975595,0.45493537,0.03719871999755947,0.828051707210647,0.841076058772688,0.4700067100094013,0.3432976782718336,-0.0368923206731505,"{""Shape=4"": 4, ""Shape=2"": -2, ""Margin=1"": -5}",,
autoscore,visible_fine,mammo,5,768,70,ok,0.1438,5,0.4823086632256495,0.44678176,0.03552690322564955,0.8394001581760664,0.8389693171996543,0.4711840225403044,0.5327019964027279,-0.3088803490948896,"{""Shape=4"": 2, ""Shape=2"": -1, ""Margin=1"": -3, ""Margin=4"": 1, ""Margin=5"": 2}",,
autoscore,visible_fine,mammo,7,768,70,ok,0.1602,7,0.4516303550074439,0.43754609,0.014084265007443919,0.8665900785425984,0.8614412273120138,0.4508001206943384,0.3498832367481304,0.5952992718902957,"{""Age<=64"": -4, ""Shape=4"": 3, ""Shape=1"": -1, ""Shape=2"": -2, ""Margin=1"": -3, ""Margin=4"": 2, ""Margin=5"": 3}",,
autoscore,visible_fine,mammo,10,768,70,ok,0.1718,10,0.4466406975213648,0.42894178,0.01769891752136482,0.870643340242173,0.8658167675021607,0.4485952225098045,0.2748396223589878,0.3615927656720016,"{""Age<=57"": -2, ""Age<=64"": -4, ""Shape=4"": 5, ""Shape=1"": -1, ""Shape=2"": -1, ""Shape=3"": 1, ""Margin=1"": -3, ""Margin=4"": 2, ""Margin=5"": 5, ""Density<=2"": -1}",,
autoscore,visible_fine,mushroom,3,6499,93,ok,0.2437,3,0.1297405566065747,0.06494476,0.06479579660657468,0.98222404476981,0.9813715140318466,0.1385569406110605,2.3766270429228897,-2.352990281229298,"{""odor=n"": -1, ""odor=f"": 4, ""gill-size=n"": 2}",,
autoscore,visible_fine,mushroom,4,6499,93,ok,0.2406,4,0.1334436214732109,0.04620984,0.0872337814732109,0.981705917817707,0.981019618193015,0.1390669917929908,3.775191749286782,-1.3645434548397206,"{""odor=n"": -1, ""odor=f"": 5, ""gill-size=n"": 1, ""spore-print-color=h"": -2}",,
autoscore,visible_fine,mushroom,5,6499,93,ok,0.2424,4,0.1174805232484511,0.03169321,0.0857873132484511,0.9820370487321916,0.9818113838303862,0.1226953403429453,4.405602318590237,-3.591713947575182,"{""odor=f"": 5, ""gill-size=n"": 1, ""gill-color=b"": 2, ""spore-print-color=h"": -2}",,
autoscore,visible_fine,mushroom,7,6499,93,ok,0.2384,4,0.2236162908500229,0.0181447,0.20547159085002292,0.9250498640296052,0.93192635669497,0.2082809006287085,23.15695736131637,-1.8683705716037595,"{""odor=f"": 5, ""gill-color=b"": 3, ""stalk-surface-below-ring=k"": -1, ""spore-print-color=h"": -2}",,
autoscore,visible_fine,mushroom,10,6499,93,ok,0.2658,5,0.2289682341007801,0.01436421,0.2146040241007801,0.931978911171003,0.9358298219589072,0.2177421544290567,3.7897986564294337,-1.9906440355927204,"{""odor=f"": 5, ""gill-color=b"": 3, ""stalk-surface-above-ring=k"": 1, ""stalk-surface-below-ring=k"": -2, ""spore-print-color=h"": -2}",,
autoscore,visible_fine,spambase,3,3680,1131,ok,0.8707,3,0.4021320409003334,0.33882591,0.06330613090033338,0.8738517086748105,0.8726537120965273,0.4078229531998039,0.7458488764915082,2.9598780342321263,"{""char_freq_%21<=0.033"": -1, ""char_freq_%21<=0.087"": -2, ""char_freq_%24<=0.046"": -4}",,
autoscore,visible_fine,spambase,4,3680,1131,ok,0.8979,4,0.4007709388987187,0.29154193,0.10922900889871867,0.8724702334931189,0.8710294538740286,0.4074153332432729,0.8587900097820801,2.7721986607022004,"{""char_freq_%21<=0.033"": -2, ""char_freq_%21<=0.044"": 1, ""char_freq_%21<=0.087"": -2, ""char_freq_%24<=0.046"": -3}",,
autoscore,visible_fine,spambase,5,3680,1131,ok,0.8793,5,0.3985671272544751,0.26141696,0.1371501672544751,0.8751468996443483,0.8742409431558992,0.4059889590255642,0.6556790157497151,2.887258519608165,"{""char_freq_%21<=0.033"": -2, ""char_freq_%21<=0.044"": 1, ""char_freq_%21<=0.087"": -2, ""char_freq_%21<=0.129"": -1, ""char_freq_%24<=0.046"": -4}",,
autoscore,visible_fine,spambase,7,3680,1131,ok,0.8382,6,0.3918366622491971,0.21592163,0.1759150322491971,0.8825710530385033,0.878217660475725,0.3966161550155459,0.3218438820451234,3.054906994233245,"{""char_freq_%21<=0.033"": -4, ""char_freq_%21<=0.044"": 2, ""char_freq_%21<=0.087"": -4, ""char_freq_%21<=0.129"": -2, ""char_freq_%24<=0.021"": -4, ""char_freq_%24<=0.055"": -5}",,
autoscore,visible_fine,spambase,10,3680,1131,ok,0.8594,8,0.3917175323488743,0.18851227,0.2032052623488743,0.8837380547394463,0.879365502532658,0.3963927043330092,0.321948861869513,3.044860435065761,"{""char_freq_%21<=0.01"": -1, ""char_freq_%21<=0.033"": -3, ""char_freq_%21<=0.044"": 2, ""char_freq_%21<=0.087"": -5, ""char_freq_%21<=0.097"": 1, ""char_freq_%21<=0.129"": -2, ""char_freq_%24<=0.021"": -4, ""char_freq_%24<=0.055"": -5}",,
autoscore,visible_fine,fico,3,8000,766,ok,2.137,3,0.608676442826745,0.58953935,0.019137092826745028,0.7124860624999999,0.71327,0.6069084319219766,0.4578231877827483,-0.9088041240678192,"{""ExternalRiskEstimate<=68"": 1, ""ExternalRiskEstimate<=70"": 1, ""ExternalRiskEstimate<=72"": 2}",,
autoscore,visible_fine,fico,4,8000,766,ok,1.8262,4,0.6084977687424722,0.57830128,0.03019648874247216,0.7125690937499999,0.713241,0.6075198889732756,0.1839231653471157,-0.9003285037317391,"{""ExternalRiskEstimate<=68"": 3, ""ExternalRiskEstimate<=70"": 3, ""ExternalRiskEstimate<=71"": -1, ""ExternalRiskEstimate<=72"": 5}",,
autoscore,visible_fine,fico,5,8000,766,ok,2.0112,5,0.5983125399513903,0.56863583,0.02967670995139038,0.7324434062499999,0.7359285,0.5944286255675977,0.1920449727511985,-1.3622472413363578,"{""ExternalRiskEstimate<=68"": 3, ""ExternalRiskEstimate<=70"": 3, ""ExternalRiskEstimate<=71"": -1, ""ExternalRiskEstimate<=72"": 2, ""ExternalRiskEstimate<=79"": 5}",,
autoscore,visible_fine,fico,7,8000,766,ok,2.0282,6,0.5975473397587956,0.55947631,0.038071029758795616,0.7339690937499999,0.7372035,0.5934252262251889,0.1358382270986676,-1.3747377942253192,"{""ExternalRiskEstimate<=68"": 4, ""ExternalRiskEstimate<=70"": 4, ""ExternalRiskEstimate<=71"": -1, ""ExternalRiskEstimate<=72"": 2, ""ExternalRiskEstimate<=77"": 3, ""ExternalRiskEstimate<=79"": 5}",,
autoscore,visible_fine,fico,10,8000,766,ok,2.0675,8,0.5959975454791497,0.5519473,0.04405024547914971,0.736516625,0.740151,0.591520156240412,0.1320307129722046,-1.4397243688602106,"{""ExternalRiskEstimate<=68"": 4, ""ExternalRiskEstimate<=70"": 4, ""ExternalRiskEstimate<=71"": -1, ""ExternalRiskEstimate<=72"": 1, ""ExternalRiskEstimate<=73"": 1, ""ExternalRiskEstimate<=75"": 2, ""ExternalRiskEstimate<=77"": 2, ""ExternalRiskEstimate<=80"": 5}",,
autoscore,visible_fine,compas,3,4222,84,ok,0.4392,3,0.6453332124620753,0.62206527,0.02326794246207531,0.6635388912008389,0.65907430270352,0.6489582798027707,0.2443737336290719,0.590083392897138,"{""priors_count<=0"": -2, ""priors_count<=1"": -1, ""priors_count<=2"": -3}",,
autoscore,visible_fine,compas,4,4222,84,ok,0.4499,4,0.6436906512073735,0.61521694,0.02847371120737341,0.6704844240632549,0.6750772974159807,0.6446329971579108,0.2747644175111151,0.4167079815759945,"{""priors_count<=0"": -1, ""priors_count<=1"": -1, ""priors_count<=2"": -3, ""c_charge_degree_F=1"": 1}",,
autoscore,visible_fine,compas,5,4222,84,ok,0.467,4,0.6436185564469125,0.61162559,0.03199296644691241,0.6704844240632549,0.6750772974159807,0.6438103700557309,0.1526776915079898,0.3837586394972704,"{""priors_count<=0"": -2, ""priors_count<=1"": -2, ""priors_count<=2"": -5, ""c_charge_degree_F=1"": 2}",,
autoscore,visible_fine,compas,7,4222,84,ok,0.4396,6,0.6398591181675396,0.60747909,0.0323800281675396,0.6797164228310156,0.6772135496341195,0.6426431435703035,0.1252651272436741,0.5240676511436163,"{""priors_count<=0"": -3, ""priors_count<=1"": -2, ""priors_count<=2"": -3, ""priors_count<=4"": -5, ""c_charge_degree_F=1"": 3, ""c_charge_degree_M=1"": 1}",,
autoscore,visible_fine,compas,10,4222,84,ok,0.4521,9,0.6313627609064996,0.60336068,0.028002080906499582,0.6907145861819859,0.6972892813050036,0.6309925811509898,0.1831224554880467,0.6551710589592318,"{""sex=1"": 3, ""sex=0"": 1, ""juv_other_count<=0"": -5, ""priors_count<=0"": -2, ""priors_count<=1"": -1, ""priors_count<=2"": -2, ""priors_count<=4"": -3, ""c_charge_degree_F=1"": 3, ""c_charge_degree_M=1"": 1}",,
autoscore,visible_fine,australian,3,552,386,ok,0.1657,3,0.354564255754631,0.33345959,0.021104665754631047,0.9089749721026622,0.8674685969767937,0.4268880353533924,1.292042565494043,-0.6883386013328711,"{""A8=1"": 1, ""A8=0"": -2, ""A9=1"": 1}",,
autoscore,visible_fine,australian,4,552,386,ok,0.161,4,0.3457024457295192,0.31639008,0.029312365729519174,0.9151323130878368,0.8759846710666382,0.4153733662018724,0.936366596174952,-0.3977351203517926,"{""A8=1"": 2, ""A8=0"": -2, ""A9=1"": 1, ""A10<=4"": -1}",,
autoscore,visible_fine,australian,5,552,386,ok,0.1771,4,0.3446274782819406,0.30699601,0.03763146828194064,0.9151323130878368,0.8759846710666382,0.4166067381382785,0.3503426436709132,0.0159138027992613,"{""A8=1"": 5, ""A8=0"": -5, ""A9=1"": 3, ""A10<=4"": -4}",,
autoscore,visible_fine,australian,7,552,386,ok,0.1538,5,0.3449333528564802,0.29335111,0.051582242856480165,0.9151323130878368,0.8759846710666382,0.4186931157649063,0.3920892983704056,-0.0378633608827356,"{""A8=1"": 5, ""A8=0"": -4, ""A9=0"": -1, ""A9=1"": 2, ""A10<=4"": -3}",,
autoscore,visible_fine,australian,10,552,386,ok,0.1525,10,0.3444072982980556,0.27794018,0.06646711829805563,0.9167330888995164,0.8768362784756227,0.4228706275819039,0.3805902320591935,0.2813361436827047,"{""A8=1"": 5, ""A8=0"": -4, ""A9=0"": -1, ""A9=1"": 2, ""A10<=1"": -1, ""A10<=2"": 2, ""A10<=3"": -1, ""A10<=4"": -5, ""A10<=5"": 2, ""A10<=6"": -1}",,
autoscore,visible_fine,heart,3,216,269,ok,0.1081,3,0.4428188101790357,0.36992937,0.0728894401790357,0.8625434027777779,0.78125,0.5486788838054357,0.6248693697190542,2.0133210560652355,"{""chest<=3"": -3, ""thal<=3"": -3, ""thal<=6"": -1}",,
autoscore,visible_fine,heart,4,216,269,ok,0.1102,4,0.3952549025839696,0.34466596,0.05058894258396962,0.8957899305555556,0.8756944444444446,0.4132846420688586,0.7447291540686998,2.9334299548225213,"{""chest<=3"": -3, ""number_of_major_vessels<=0"": -2, ""thal<=3"": -2, ""thal<=6"": -1}",,
autoscore,visible_fine,heart,5,216,269,ok,0.1402,5,0.3864640641250657,0.3289728,0.057491264125065666,0.9016493055555556,0.8979166666666667,0.3753132817362046,0.9673121385957526,2.2611280801680094,"{""sex=1"": 1, ""chest<=3"": -2, ""number_of_major_vessels<=0"": -2, ""thal<=3"": -1, ""thal<=6"": -1}",,
autoscore,visible_fine,heart,7,216,269,ok,0.1173,7,0.3410195186270201,0.30597398,0.035045538627020145,0.9258246527777776,0.8506944444444445,0.4858190795877057,0.7330217002330449,2.4780344037459314,"{""sex=1"": 2, ""chest<=3"": -3, ""oldpeak<=0.5"": -2, ""oldpeak<=0.8"": -1, ""number_of_major_vessels<=0"": -2, ""thal<=3"": -1, ""thal<=6"": -1}",,
autoscore,visible_fine,heart,10,216,269,ok,0.1122,10,0.3175286866924778,0.27071036,0.04681832669247782,0.9352430555555556,0.8597222222222222,0.4686581762868915,0.4055697284144294,3.800553991174396,"{""sex=1"": 3, ""chest<=3"": -5, ""oldpeak<=0.5"": -2, ""oldpeak<=0.8"": -2, ""oldpeak<=0.9"": 3, ""oldpeak<=1.6"": -4, ""slope<=1"": -2, ""number_of_major_vessels<=0"": -4, ""thal<=3"": -1, ""thal<=6"": -4}",,
autoscore,visible_fine,ionosphere,3,280,2365,ok,0.2385,2,0.3732372403948709,0.23744933,0.1357879103948709,0.8176337186791305,0.86,0.303586297703013,3.127442162744661,-1.5869670529595905,"{""a05<=0.00428"": 5, ""a07<=0"": 1}",,
autoscore,visible_fine,ionosphere,4,280,2365,ok,0.1732,2,0.3733609339468791,0.19434648,0.1790144539468791,0.8176337186791305,0.86,0.3033695586496135,1.5820356788662646,-1.5887127803158805,"{""a05<=0.00428"": 5, ""a07<=0"": 2}",,
autoscore,visible_fine,ionosphere,5,280,2365,ok,0.1647,4,0.3175103914739757,0.15752201,0.1599883814739757,0.8574589302505669,0.8852173913043478,0.2653002733224319,2.630153152467313,-1.7751050687485526,"{""a03<=0.0546"": 5, ""a05<=0.00428"": 5, ""a07<=0"": 3, ""a07<=0.1038"": -2}",,
autoscore,visible_fine,ionosphere,7,280,2365,ok,0.1607,6,0.2333592944448677,0.11088328,0.12247601444486769,0.9337905857624867,0.9565217391304348,0.1722821955599401,3.050477268801236,0.3664334976705827,"{""a03<=0.0546"": 5, ""a05<=0"": 2, ""a05<=0.00428"": 2, ""a07<=0"": 3, ""a07<=0.1038"": -2, ""a27<=0.99842"": -1}",,
autoscore,visible_fine,ionosphere,10,280,2365,ok,0.1629,10,0.1963071892190574,0.05612876,0.1401784292190574,0.948061286575585,0.9573913043478262,0.1650559407974879,2.937047394024536,0.0096214156406292,"{""a03<=0.0546"": 2, ""a03<=0.1859"": 5, ""a05<=0"": 3, ""a05<=0.00428"": 3, ""a05<=0.06213"": -2, ""a05<=0.06704"": -1, ""a07<=0"": 2, ""a07<=0.1038"": -1, ""a14<=-0.59043"": 1, ""a27<=0.99842"": -1}",,
autoscore,visible_fine,ilpd,3,466,460,ok,0.1528,2,0.5179480453921006,0.50050232,0.017445725392100653,0.7316715211452054,0.7349397590361446,0.5252093159153868,0.289198433343409,-2.6793568450208416,"{""V3<=1.6"": 5, ""V5<=210"": 4}",,
autoscore,visible_fine,ilpd,4,466,460,ok,0.1646,3,0.5105220288154358,0.49157538,0.01894664881543584,0.7396983449615029,0.732813607370659,0.5267597990154154,0.2588739099507391,-3.196810869978037,"{""V3<=1.6"": 3, ""V4<=1"": 5, ""V5<=210"": 4}",,
autoscore,visible_fine,ilpd,5,466,460,ok,0.1486,4,0.5092818477948259,0.48388697,0.025394877794825854,0.7409966357334778,0.732813607370659,0.5288131255875788,0.3457925697929079,-3.2161944231793167,"{""V3<=1.6"": 5, ""V3<=1.7"": -4, ""V4<=1"": 5, ""V5<=210"": 3}",,
autoscore,visible_fine,ilpd,7,466,460,ok,0.1706,6,0.5074780757266247,0.47269884,0.034779235726624724,0.7513490934543566,0.7200566973777464,0.5335848527977282,0.3197713689439423,-3.205614908023501,"{""V3<=1.6"": 5, ""V3<=1.7"": -4, ""V4<=0.1"": -1, ""V4<=0.3"": 1, ""V4<=1"": 5, ""V5<=210"": 3}",,
autoscore,visible_fine,ilpd,10,466,460,ok,0.2301,6,0.509588053622431,0.45846233,0.05112572362243101,0.7422723475355054,0.7360028348688873,0.5578732159551086,1.1816282521059414,-2.787086760647601,"{""V1<=28"": 1, ""V3<=1.6"": 1, ""V3<=1.7"": -1, ""V4<=1"": 5, ""V4<=1.1"": -4, ""V5<=210"": 1}",,
autoscore,visible_fine,magic,3,10000,990,ok,2.8908,3,0.5451499632159168,0.47317033,0.07197963321591683,0.7359158871158479,0.7213924325143751,0.5583520748237811,0.4104860876112128,0.4283390567561973,"{""fAlpha:<=23.2244"": -2, ""fAlpha:<=24.114"": -1, ""fAlpha:<=26.077"": -2}",,
autoscore,visible_fine,magic,4,10000,990,ok,2.8268,4,0.5444017916944394,0.45662971,0.08777208169443934,0.7375914915089843,0.7236045812252301,0.5570968687544151,0.147968073341402,0.4494245235989507,"{""fAlpha:<=23.2244"": -5, ""fAlpha:<=24.114"": -3, ""fAlpha:<=26.077"": -1, ""fAlpha:<=27.106"": -5}",,
autoscore,visible_fine,magic,5,10000,990,ok,2.7794,5,0.5360902349800922,0.43822071,0.09786952498009222,0.7544352634190471,0.7358678999115,0.5534506166709084,0.2291658766905346,0.4504374711850042,"{""fAlpha:<=16.7295"": -5, ""fAlpha:<=23.2244"": 1, ""fAlpha:<=24.114"": -2, ""fAlpha:<=26.077"": -1, ""fAlpha:<=27.106"": -3}",,
autoscore,visible_fine,magic,7,10000,990,ok,2.7359,6,0.5300667103873182,0.41607444,0.11399227038731824,0.766265381346505,0.7474002690792563,0.5490496977302725,0.1836538770129617,0.4438626680940753,"{""fAlpha:<=10.722"": -5, ""fAlpha:<=15.4011"": -3, ""fAlpha:<=23.2244"": 1, ""fAlpha:<=24.114"": -2, ""fAlpha:<=26.077"": -1, ""fAlpha:<=27.106"": -4}",,
autoscore,visible_fine,magic,10,10000,990,ok,2.7403,10,0.5262072359545362,0.3944935,0.13171373595453623,0.7759593229926609,0.75510629472811,0.546355481859533,0.168620251805588,0.6064979660814829,"{""fAlpha:<=10.722"": -5, ""fAlpha:<=15.4011"": -3, ""fAlpha:<=16.7295"": -2, ""fAlpha:<=17.4554"": 2, ""fAlpha:<=23.2244"": 1, ""fAlpha:<=24.114"": -2, ""fAlpha:<=26.077"": -1, ""fAlpha:<=27.106"": -1, ""fAlpha:<=29.379"": -1, ""fAlpha:<=36.8528"": -4}",,
autoscore,visible_fine,haberman,3,244,74,ok,0.1053,3,0.5360023430748593,0.48657971,0.04942263307485928,0.6642887838418565,0.6922554347826086,0.5249859478098071,0.5141388953058763,-0.8660380640999789,"{""Patients_year_of_operation=58"": 1, ""Patients_year_of_operation=65"": 3, ""Number_of_positive_axillary_nodes_detected<=0"": -2}",,
autoscore,visible_fine,haberman,4,244,74,ok,0.1051,4,0.5331817058738167,0.47618791,0.056993795873816755,0.6740438332617104,0.6875,0.5268949273564616,0.5265501556151755,-0.9196910746842228,"{""Patients_year_of_operation=58"": 1, ""Patients_year_of_operation=65"": 3, ""Patients_year_of_operation=59"": 1, ""Number_of_positive_axillary_nodes_detected<=0"": -2}",,
autoscore,visible_fine,haberman,5,244,74,ok,0.1468,5,0.5232438894393255,0.47289216,0.05035172943932553,0.7094972067039107,0.7330163043478262,0.5042530185014396,0.3644996805784049,-0.5708550123600409,"{""Patients_year_of_operation=58"": 2, ""Patients_year_of_operation=65"": 3, ""Patients_year_of_operation=59"": 1, ""Number_of_positive_axillary_nodes_detected<=0"": -1, ""Number_of_positive_axillary_nodes_detected<=1"": -3}",,
autoscore,visible_fine,haberman,7,244,74,ok,0.1068,7,0.5191825271467337,0.46189361,0.05728891714673373,0.7194671250537172,0.6942934782608695,0.5265406196685704,0.3279929738303954,-0.8630617708138542,"{""Patients_year_of_operation=64"": 2, ""Patients_year_of_operation=58"": 3, ""Patients_year_of_operation=65"": 5, ""Patients_year_of_operation=66"": 1, ""Patients_year_of_operation=59"": 2, ""Number_of_positive_axillary_nodes_detected<=0"": -1, ""Number_of_positive_axillary_nodes_detected<=1"": -3}",,
autoscore,visible_fine,haberman,10,244,74,ok,0.1089,7,0.5004154313505664,0.44772765,0.052687781350566454,0.7481306403094113,0.6759510869565217,0.5509493540145514,0.3472760983126488,-0.3901780727778293,"{""Patients_year_of_operation=64"": 2, ""Patients_year_of_operation=58"": 3, ""Patients_year_of_operation=60"": -1, ""Patients_year_of_operation=65"": 5, ""Patients_year_of_operation=59"": 2, ""Number_of_positive_axillary_nodes_detected<=0"": -1, ""Number_of_positive_axillary_nodes_detected<=4"": -4}",,
continuous_beam,visible_fine,adult,3,10000,258,ok,0.8398,3,0.3670520499993006,0.36711627,-6.422000069944422e-05,0.8533394665689128,0.8664370192967095,0.353626098301413,1.000002558510422,2.3424943640553137,"{""education-num<=12"": -1.644, ""marital-status=Married-civ-spouse"": 2.5776, ""capital-gain<=5013"": -4.154}",,
continuous_beam,visible_fine,adult,4,10000,258,ok,1.5452,4,0.3535248577763409,0.35402754,-0.0005026822236590678,0.8706820993332565,0.8785959331666368,0.3456959760724065,1.0000011868235652,2.6542717384667527,"{""age<=31"": -1.2837, ""education-num<=12"": -1.6456, ""marital-status=Married-civ-spouse"": 2.3343, ""capital-gain<=5013"": -4.0212}",,
continuous_beam,visible_fine,adult,5,10000,258,ok,2.1496,5,0.3441242308654565,0.34452316,-0.0003989291345434798,0.8779178853620373,0.884206116427348,0.3376393282577857,0.9999998643594123,4.713786556500733,"{""age<=31"": -1.254, ""education-num<=12"": -1.598, ""marital-status=Married-civ-spouse"": 2.3156, ""capital-gain<=5013"": -4.0965, ""capital-loss<=1876"": -2.0974}",,
continuous_beam,visible_fine,adult,7,10000,258,ok,4.1987,7,0.3317314181977381,0.33250532,-0.0007739018022618893,0.8926696774711703,0.89866721880506,0.3249538040489227,0.9999921595097028,4.983556012778084,"{""age<=31"": -1.256, ""education-num<=7"": -1.4734, ""education-num<=12"": -1.3696, ""marital-status=Married-civ-spouse"": 2.2868, ""capital-gain<=5013"": -4.0569, ""capital-loss<=1876"": -2.034, ""hours-per-week<=41"": -0.6406}",,
continuous_beam,visible_fine,adult,10,10000,258,ok,7.8468,10,0.3239039653131053,0.32506053,-0.0011565646868947344,0.8996247215721811,0.9026847289774188,0.3199064683988304,1.0000157060085002,5.158443705399423,"{""age<=31"": -1.2869, ""education-num<=7"": -1.17, ""education-num<=9"": -0.5659, ""education-num<=12"": -1.0821, ""marital-status=Married-civ-spouse"": 2.3219, ""occupation=Farming-fishing"": -1.5237, ""capital-gain<=5013"": -4.149, ""capital-loss<=1876"": -2.0648, ""hours-per-week<=35"": -0.6787, ""hours-per-week<=41"": -0.5493}",,
continuous_beam,visible_fine,bank,3,10000,340,ok,1.3318,3,0.2683120553245481,0.2685542,-0.00024214467545191631,0.822276233895713,0.8126644083780028,0.2732313381506838,1.000017877876166,-0.4519504137738782,"{""V12<=153"": -1.6166, ""V12<=474"": -1.8781, ""V16=success"": 3.1937}",,
continuous_beam,visible_fine,bank,4,10000,340,ok,2.6595,4,0.2592071075845674,0.25957455,-0.00036744241543262834,0.8545133141679008,0.8402291790748462,0.2667436807898247,1.0000170678924685,-0.8796056897856788,"{""V7=no"": 0.989, ""V12<=153"": -1.6522, ""V12<=474"": -1.9702, ""V16=success"": 3.077}",,
continuous_beam,visible_fine,bank,5,10000,340,ok,3.2185,5,0.2532310202397637,0.25364944,-0.00041841976023632155,0.8714746735584787,0.8607771242803255,0.2596902149874618,1.0000415213755935,-0.5535797469898216,"{""V7=no"": 0.8335, ""V9=unknown"": -1.0862, ""V12<=153"": -1.6502, ""V12<=474"": -1.9925, ""V16=success"": 2.8828}",,
continuous_beam,visible_fine,bank,7,10000,340,ok,5.3652,7,0.2433433683233319,0.24354722,-0.00020385167666811532,0.8811260659561906,0.865272762805241,0.2555270512883094,0.9999648937564694,0.3025204665648558,"{""V7=no"": 0.8432, ""V9=unknown"": -1.083, ""V11=mar"": 2.5688, ""V12<=153"": -1.7107, ""V12<=474"": -1.6438, ""V12<=813"": -1.2826, ""V16=success"": 2.9316}",,
continuous_beam,visible_fine,bank,10,10000,340,ok,10.5786,10,0.2339330473734262,0.23414742,-0.0002143726265737833,0.893466668602569,0.8733334263946791,0.2524316075157657,1.0000250910222903,1.6892543305322694,"{""V1<=25"": 1.3548, ""V1<=60"": -1.4224, ""V7=no"": 0.7191, ""V9=unknown"": -1.0172, ""V11=oct"": 1.6893, ""V11=mar"": 2.4905, ""V12<=153"": -1.7377, ""V12<=474"": -1.7118, ""V12<=813"": -1.3137, ""V16=success"": 2.8429}",,
continuous_beam,visible_fine,breastcancer,3,559,77,ok,0.3562,3,0.1306993943579388,0.13073883,-3.943564206121408e-05,0.9854752399558312,0.9701086956521738,0.2017914812364417,0.999820546467723,4.228178323960417,"{""Cell_Shape_Uniformity<=2"": -3.6773, ""Bare_Nuclei<=2"": -2.9893, ""Bland_Chromatin<=3"": -3.0686}",,
continuous_beam,visible_fine,breastcancer,4,559,77,ok,0.6476,4,0.109732727892522,0.10896621,0.000766517892522009,0.99001953622696,0.9910552536231884,0.1261321494806885,0.9997238717799674,5.99866656561551,"{""Clump_Thickness<=6"": -2.8838, ""Cell_Shape_Uniformity<=2"": -3.3594, ""Bare_Nuclei<=2"": -2.5861, ""Bland_Chromatin<=3"": -2.8143}",,
continuous_beam,visible_fine,breastcancer,5,559,77,ok,1.0,5,0.0911637111626369,0.09171941,-0.0005556988373631028,0.9937073529828138,0.9844882246376812,0.1474989400988388,1.035387426366354,11.621628536893024,"{""Clump_Thickness<=8"": -5.0, ""Cell_Shape_Uniformity<=2"": -3.9756, ""Marginal_Adhesion<=5"": -3.2858, ""Bare_Nuclei<=2"": -2.8527, ""Bland_Chromatin<=3"": -2.456}",,
continuous_beam,visible_fine,breastcancer,7,559,77,ok,1.985,7,0.0647703175270058,0.06341247,0.0013578475270057955,0.9966873354285228,0.987884963768116,0.1612016216638134,1.1470545706854685,18.52492700476844,"{""Clump_Thickness<=8"": -5.0, ""Cell_Shape_Uniformity<=2"": -3.6715, ""Marginal_Adhesion<=5"": -3.5544, ""Bare_Nuclei missing"": -5.0, ""Bare_Nuclei<=2"": -3.3822, ""Bland_Chromatin<=3"": -2.1011, ""Normal_Nucleoli<=8"": -5.0}",,
continuous_beam,visible_fine,breastcancer,10,559,77,ok,4.1174,10,0.0462513446105059,0.0453856,0.0008657446105059044,0.9985489396642034,0.9846014492753624,0.2104169181132456,1.2857780789651267,32.59820435897641,"{""Clump_Thickness<=8"": -5.0, ""Cell_Shape_Uniformity<=2"": -3.9788, ""Marginal_Adhesion<=4"": 2.6568, ""Marginal_Adhesion<=5"": -4.8543, ""Single_Epi_Cell_Size<=7"": -5.0, ""Bare_Nuclei missing"": -5.0, ""Bare_Nuclei<=2"": -4.4369, ""Bland_Chromatin<=3"": -2.0453, ""Bland_Chromatin<=7"": -5.0, ""Normal_Nucleoli<=8"": -5.0}",,
continuous_beam,visible_fine,mammo,3,768,70,ok,0.143,3,0.4639629530930779,0.46425895,-0.00029599690692211356,0.8524599105487074,0.8587942955920485,0.4516605978339701,1.0000000217646352,0.7358441752286611,"{""Age<=64"": -1.4108, ""Shape=4"": 1.5415, ""Margin=1"": -1.6044}",,
continuous_beam,visible_fine,mammo,4,768,70,ok,0.3369,4,0.4548426235647229,0.45493537,-9.274643527712456e-05,0.8584085578706229,0.8610630942091616,0.4528905043466609,1.0000004886107523,1.06272348740708,"{""Age<=64"": -1.4805, ""Shape=4"": 1.2863, ""Margin=1"": -1.8753, ""Margin=missing"": -1.5839}",,
continuous_beam,visible_fine,mammo,5,768,70,ok,0.4828,5,0.4466147783725001,0.44678176,-0.00016698162749989587,0.8654105759790554,0.8599827139152981,0.4567095870858101,1.0000012814355832,1.011544935223445,"{""Age<=36"": -1.532, ""Age<=64"": -1.3548, ""Shape=4"": 1.3157, ""Margin=1"": -1.7401, ""Margin=missing"": -1.5251}",,
continuous_beam,visible_fine,mammo,7,768,70,ok,0.8845,7,0.4372792157649731,0.43754609,-0.0002668742350269149,0.8739466292134832,0.857713915298185,0.4584004905317053,0.999999582749144,2.4722341143612807,"{""Age<=36"": -1.4737, ""Age<=64"": -1.1517, ""Age<=78"": -1.7853, ""Shape=4"": 1.2451, ""Margin=1"": -1.5985, ""Margin=5"": 0.762, ""Margin=missing"": -1.365}",,
continuous_beam,visible_fine,mammo,10,768,70,ok,1.8391,10,0.4285966056686026,0.42894178,-0.00034517433139741316,0.8787362277735355,0.8607389801210027,0.4586445456929129,0.9999759190077392,2.4960440568431257,"{""Age<=36"": -1.3134, ""Age<=57"": -0.4444, ""Age<=64"": -0.8888, ""Age<=73"": -2.2444, ""Age<=75"": 3.2255, ""Age<=78"": -2.7344, ""Shape=4"": 1.2325, ""Margin=1"": -1.6701, ""Margin=5"": 0.7401, ""Margin=missing"": -1.3638}",,
continuous_beam,visible_fine,mushroom,3,6499,93,ok,0.7919,3,0.0680752498755952,0.06494476,0.0031304898755951938,0.9845196297478456,0.9853128991060024,0.065323380223278,6.344224451671205,28.17435286210935,"{""odor=n"": -5.0, ""odor=a"": -5.0, ""odor=l"": -5.0}",,
continuous_beam,visible_fine,mushroom,4,6499,93,ok,1.638,4,0.0680752498755807,0.04620984,0.021865409875580694,0.9845196297478456,0.9853128991060024,0.065323380223237,6.191065560078994,27.40855840414826,"{""odor=n"": -5.0, ""odor=f"": 3.8512, ""odor=a"": -5.0, ""odor=l"": -5.0}",,
continuous_beam,visible_fine,mushroom,5,6499,93,ok,2.7972,5,0.0656580062032442,0.03169321,0.033964796203244205,0.9897319072325176,0.9898738938791358,0.0659609073070888,1.229468692912091,1.7659104900252969,"{""odor=n"": -5.0, ""odor=f"": 5.0, ""odor=a"": -5.0, ""odor=l"": -5.0, ""gill-size=n"": 2.7506}",,
continuous_beam,visible_fine,mushroom,7,6499,93,ok,5.6927,7,0.0318380621165721,0.0181447,0.0136933621165721,0.9991985816369512,0.9982716150502212,0.0433018025197592,2.1450576921171747,6.171989115171867,"{""odor=n"": -5.0, ""odor=f"": 5.0, ""odor=a"": -5.0, ""odor=l"": -5.0, ""gill-size=n"": 3.5183, ""ring-number=o"": -3.7288, ""population=v"": 1.974}",,
continuous_beam,visible_fine,mushroom,10,6499,93,ok,11.5199,10,0.0203629989613478,0.01436421,0.0059987889613478,0.9996729465853216,0.9994221020922636,0.0310263622079998,1.7319183430772356,18.12125303219424,"{""odor=n"": -5.0, ""odor=f"": 5.0, ""odor=a"": -5.0, ""odor=l"": -5.0, ""gill-spacing=w"": -3.4916, ""gill-size=b"": -5.0, ""stalk-root=e"": -2.3062, ""ring-number=o"": -4.6908, ""population=y"": -1.8772, ""habitat=w"": -5.0}",,
continuous_beam,visible_fine,spambase,3,3680,1131,ok,0.7722,3,0.339864215798058,0.33882591,0.0010383057980579702,0.9136729550023196,0.9164593145531562,0.3375776356685241,1.0000275888662282,0.0155491528395225,"{""char_freq_%21<=0.077"": -2.2532, ""char_freq_%24<=0.021"": -3.0229, ""word_freq_hp<=0.11"": 3.3605}",,
continuous_beam,visible_fine,spambase,4,3680,1131,ok,1.3973,4,0.2922716330665958,0.29154193,0.0007297030665958104,0.9361216947580022,0.9418155158624366,0.2804543371468561,0.9999890261733874,2.703588872488079,"{""char_freq_%21<=0.077"": -2.1248, ""char_freq_%24<=0.021"": -2.7497, ""word_freq_remove<=0"": -3.2992, ""word_freq_hp<=0.11"": 3.2787}",,
continuous_beam,visible_fine,spambase,5,3680,1131,ok,2.4092,5,0.2615320704766635,0.26141696,0.00011511047666351581,0.9511247873820936,0.9563474431509624,0.2455950165792078,1.0000096116724044,2.294638277232272,"{""char_freq_%21<=0.087"": -1.9665, ""capital_run_length_longest<=9"": -1.9252, ""char_freq_%24<=0.021"": -2.209, ""word_freq_remove<=0"": -3.0359, ""word_freq_hp<=0.11"": 3.6573}",,
continuous_beam,visible_fine,spambase,7,3680,1131,ok,4.1375,7,0.2153034182781208,0.21592163,-0.0006182117218792027,0.9683735889902584,0.9691070035644817,0.214894990286021,1.00173158601594,-4.520856506568572,"{""char_freq_%21<=0.087"": -1.7123, ""capital_run_length_longest<=10"": -2.1265, ""char_freq_%24<=0.021"": -2.1154, ""word_freq_remove<=0"": -2.9246, ""word_freq_hp<=0.11"": 3.7377, ""word_freq_george<=0"": 3.9399, ""word_freq_edu<=0"": 3.1945}",,
continuous_beam,visible_fine,spambase,10,3680,1131,ok,8.7815,10,0.1874600300064613,0.18851227,-0.0010522399935387061,0.9764901809185094,0.9754287745490092,0.198583884048662,1.0045052627109443,-7.861430907948376,"{""char_freq_%21<=0.087"": -1.311, ""char_freq_%21<=0.845"": -1.9127, ""capital_run_length_longest<=10"": -2.0121, ""char_freq_%24<=0.021"": -2.0604, ""word_freq_remove<=0"": -2.5887, ""word_freq_hp<=0.11"": 4.2139, ""word_freq_our<=0.1"": -1.4172, ""word_freq_george<=0"": 3.9579, ""word_freq_edu<=0"": 3.2686, ""word_freq_meeting<=0.52"": 5.0}",,
continuous_beam,visible_fine,fico,3,8000,766,ok,1.4983,3,0.591164983640124,0.58953935,0.0016256336401240246,0.743071875,0.7439635000000001,0.5905638044419947,1.0000000802164897,-1.9810176316268695,"{""ExternalRiskEstimate<=70"": 1.2318, ""ExternalRiskEstimate<=81"": 1.0994, ""MSinceMostRecentInqexcl7days<=0"": 0.6763}",,
continuous_beam,visible_fine,fico,4,8000,766,ok,2.0872,4,0.5781629602486904,0.57830128,-0.00013831975130962348,0.75955784375,0.7611555000000001,0.5766527969934861,1.0000001352671657,-1.895231117946935,"{""ExternalRiskEstimate<=70"": 1.333, ""ExternalRiskEstimate<=80"": 0.9734, ""MSinceMostRecentInqexcl7days<=-8"": -1.2329, ""MSinceMostRecentInqexcl7days<=0"": 0.8465}",,
continuous_beam,visible_fine,fico,5,8000,766,ok,2.6679,5,0.5682975132377888,0.56863583,-0.0003383167622111882,0.7727371875000002,0.767433,0.5774164003296044,1.0000000553094384,-2.0858025874802166,"{""ExternalRiskEstimate<=70"": 1.2779, ""ExternalRiskEstimate<=80"": 1.0363, ""NumSatisfactoryTrades<=13"": 0.7537, ""MSinceMostRecentInqexcl7days<=-8"": -1.6544, ""MSinceMostRecentInqexcl7days<=0"": 0.8104}",,
continuous_beam,visible_fine,fico,7,8000,766,ok,4.1452,7,0.5588762316691502,0.55947631,-0.0006000783308497404,0.7848052812499997,0.7732840000000001,0.5728700235778118,1.0000002251166509,-1.4234382422198049,"{""ExternalRiskEstimate<=70"": 1.0788, ""ExternalRiskEstimate<=80"": 0.8685, ""AverageMInFile<=64"": 0.4761, ""NumSatisfactoryTrades<=13"": 0.6451, ""MSinceMostRecentInqexcl7days<=-8"": -1.5852, ""MSinceMostRecentInqexcl7days<=0"": 0.7798, ""NetFractionRevolvingBurden<=59"": -0.6861}",,
continuous_beam,visible_fine,fico,10,8000,766,ok,7.0825,10,0.5509990169370486,0.5519473,-0.0009482830629514716,0.7929097499999999,0.7802875,0.5655966664330997,1.000000026274598,-1.4129938829577862,"{""ExternalRiskEstimate<=63"": 0.6033, ""ExternalRiskEstimate<=70"": 0.8213, ""ExternalRiskEstimate<=80"": 0.8977, ""AverageMInFile<=69"": 0.3934, ""NumSatisfactoryTrades<=13"": 0.4885, ""NumSatisfactoryTrades<=27"": 0.3634, ""PercentInstallTrades<=46"": -0.4201, ""MSinceMostRecentInqexcl7days<=-8"": -1.7045, ""MSinceMostRecentInqexcl7days<=0"": 0.7617, ""NetFractionRevolvingBurden<=59"": -0.5954}",,
continuous_beam,visible_fine,compas,3,4222,84,ok,0.3268,3,0.6225337369401956,0.62206527,0.0004684669401956443,0.6951846061968664,0.6935872839901664,0.6200221613852226,1.000000081841692,0.6282192312652848,"{""age<=33"": 0.9207, ""priors_count<=2"": -0.9484, ""priors_count<=6"": -0.8585}",,
continuous_beam,visible_fine,compas,4,4222,84,ok,0.5914,4,0.6166349305483247,0.61521694,0.001417990548324699,0.7113373669352732,0.7165857398415537,0.611523333008878,1.0000000919825691,0.6805534593865158,"{""age<=22"": 0.7407, ""age<=33"": 0.773, ""priors_count<=2"": -1.0432, ""priors_count<=6"": -0.8652}",,
continuous_beam,visible_fine,compas,5,4222,84,ok,0.7945,5,0.6115371473812379,0.61162559,-8.844261876217452e-05,0.7208647022899114,0.7341076872685127,0.6041634614695202,1.0000000307743686,0.6834450110692241,"{""age<=22"": 0.7938, ""age<=33"": 0.765, ""priors_count<=0"": -0.566, ""priors_count<=2"": -0.7638, ""priors_count<=6"": -0.8659}",,
continuous_beam,visible_fine,compas,7,4222,84,ok,1.2914,7,0.6074063500197746,0.60747909,-7.273998022538919e-05,0.7262944817659214,0.7346925920460149,0.6007392513944521,1.0000000783475564,0.2974591793142497,"{""age<=20"": 0.9646, ""age<=23"": 0.5394, ""age<=33"": 0.6134, ""age<=52"": 0.5268, ""priors_count<=0"": -0.5755, ""priors_count<=2"": -0.7534, ""priors_count<=6"": -0.8994}",,
continuous_beam,visible_fine,compas,10,4222,84,ok,2.3417,10,0.6031720822364057,0.60336068,-0.00018859776359425595,0.7319545179404309,0.7447331574419686,0.5933135131697664,1.000000028574756,1.3000020237766412,"{""sex=0"": -0.2921, ""age<=20"": 0.9292, ""age<=23"": 0.4693, ""age<=33"": 0.5974, ""age<=52"": 0.5269, ""juv_other_count<=0"": -0.4661, ""priors_count<=0"": -0.5353, ""priors_count<=2"": -0.7333, ""priors_count<=6"": -0.7281, ""priors_count<=15"": -0.6812}",,
continuous_beam,visible_fine,australian,3,552,386,ok,0.2004,3,0.3331934266936593,0.33345959,-0.000266163306340661,0.9154843509219406,0.8966361507345113,0.3758928875033331,1.000007605645688,-1.3768698694486152,"{""A3<=6"": 2.6852, ""A8=1"": 4.2157, ""A10<=4"": -2.1557}",,
continuous_beam,visible_fine,australian,4,552,386,ok,0.3827,4,0.3157819515294124,0.31639008,-0.00060812847058761,0.92767947287316,0.9201618054077072,0.3442248521791306,1.000000121842975,-0.3368276576976989,"{""A3<=6"": 2.7231, ""A8=1"": 4.2014, ""A10<=4"": -1.9425, ""A14<=109"": -1.5228}",,
continuous_beam,visible_fine,australian,5,552,386,ok,0.5609,5,0.3059020732114841,0.30699601,-0.0010939367885158813,0.9381741856634253,0.9368746008090272,0.3310103787044446,0.9999854500407672,0.2240928931337915,"{""A3<=6"": 2.9469, ""A7<=26"": -0.9647, ""A8=1"": 3.9415, ""A10<=4"": -1.8989, ""A14<=102"": -1.4656}",,
continuous_beam,visible_fine,australian,7,552,386,ok,1.0638,7,0.2922613912095984,0.29335111,-0.0010897187904016503,0.9451020245496572,0.9377262082180116,0.334663598495066,1.0000270281582773,4.85515934435966,"{""A3<=6"": 3.1134, ""A4=1"": -0.9154, ""A6=5"": -1.565, ""A7<=26"": -1.1109, ""A8=0"": -4.0549, ""A10<=4"": -1.9876, ""A14<=102"": -1.6798}",,
continuous_beam,visible_fine,australian,10,552,386,ok,1.9591,10,0.2764470716200913,0.27794018,-0.0014931083799086808,0.9506748498857536,0.932935916542474,0.3415984961410608,1.000012850382786,4.502663357093698,"{""A3<=6"": 3.5312, ""A3<=87"": -1.076, ""A3<=160"": 1.1068, ""A4=1"": -0.9452, ""A5=14"": 2.1732, ""A6=5"": -1.5228, ""A7<=26"": -1.0342, ""A8=0"": -4.1213, ""A10<=4"": -1.9729, ""A14<=102"": -1.809}",,
continuous_beam,visible_fine,heart,3,216,269,ok,0.1078,3,0.3697300298697675,0.36992937,-0.00019934013023248376,0.9047743055555556,0.7243055555555556,0.7048387396046801,1.0000004780409932,4.136370069278264,"{""chest<=3"": -2.1212, ""oldpeak<=1.6"": -2.7455, ""thal<=3"": -2.2838}",,
continuous_beam,visible_fine,heart,4,216,269,ok,0.1776,4,0.3440860769531653,0.34466596,-0.000579883046834706,0.9243055555555556,0.8145833333333333,0.5411211800530996,0.9999974860136692,4.715449221647109,"{""chest<=3"": -2.0574, ""oldpeak<=1.6"": -2.4725, ""number_of_major_vessels<=0"": -1.4164, ""thal<=3"": -2.1886}",,
continuous_beam,visible_fine,heart,5,216,269,ok,0.2994,5,0.3285838951742146,0.3289728,-0.00038890482578540775,0.9295572916666668,0.8222222222222222,0.5654546522630848,1.0000011805450482,5.451794733500764,"{""chest<=3"": -1.9236, ""resting_electrocardiographic_results<=0"": -1.1471, ""oldpeak<=1.6"": -2.5421, ""number_of_major_vessels<=0"": -1.4495, ""thal<=3"": -2.4714}",,
continuous_beam,visible_fine,heart,7,216,269,ok,0.5931,7,0.3051101125640749,0.30597398,-0.000863867435925092,0.9402777777777775,0.8243055555555555,0.582921256168459,1.0000107303977328,5.785542719187924,"{""chest<=3"": -2.135, ""resting_blood_pressure<=106"": -2.2734, ""resting_electrocardiographic_results<=0"": -1.2215, ""oldpeak<=0.5"": -1.1641, ""oldpeak<=1.6"": -1.9171, ""number_of_major_vessels<=0"": -1.5885, ""thal<=3"": -2.374}",,
continuous_beam,visible_fine,heart,10,216,269,ok,1.3045,10,0.2768262211075125,0.27071036,0.006115861107512499,0.9514322916666668,0.8381944444444444,0.5831225474103945,1.0000100839218005,6.01669195959008,"{""sex=1"": 1.5692, ""chest<=3"": -2.2874, ""resting_blood_pressure<=106"": -2.2251, ""serum_cholestoral<=303"": -1.7167, ""resting_electrocardiographic_results<=0"": -1.2803, ""maximum_heart_rate_achieved<=103"": 3.983, ""oldpeak<=0.5"": -1.2306, ""oldpeak<=1.6"": -1.9053, ""number_of_major_vessels<=0"": -1.6715, ""thal<=3"": -2.0236}",,
continuous_beam,visible_fine,ionosphere,3,280,2365,ok,0.3036,3,0.2394251924159647,0.23744933,0.001975862415964702,0.940704684993639,0.9456521739130436,0.2422083673109926,1.0674068867935405,0.7306321329749145,"{""a03<=0.43636"": 3.1243, ""a05<=0.00428"": 5.0, ""a27<=0.99842"": -3.5642}",,
continuous_beam,visible_fine,ionosphere,4,280,2365,ok,0.3806,4,0.1962367597399692,0.19434648,0.0018902797399692195,0.9589855633608052,0.9360869565217392,0.2364770122237368,1.094982307346547,0.206907788639141,"{""a03<=0.43636"": 3.5249, ""a05<=0.00428"": 5.0, ""a08<=-0.93597"": 4.5455, ""a27<=0.99842"": -3.4623}",,
continuous_beam,visible_fine,ionosphere,5,280,2365,ok,0.5879,5,0.1607579204154895,0.15752201,0.0032359104154895124,0.9730903257923558,0.9417391304347826,0.2894958755481144,1.186014369783942,-0.394944248466524,"{""a03<=0.43636"": 3.834, ""a05<=0.00428"": 5.0, ""a06<=-0.23067"": 3.7924, ""a08<=-1"": 5.0, ""a27<=0.99842"": -3.2169}",,
continuous_beam,visible_fine,ionosphere,7,280,2365,ok,1.3397,7,0.1149309549049749,0.11088328,0.004047674904974902,0.9851485148514852,0.9465217391304348,0.2971973145509634,1.2201805425221497,-0.5329851227284218,"{""a03<=0.43636"": 4.7717, ""a04<=-0.61"": 4.7478, ""a05<=0.00428"": 5.0, ""a06<=-0.23067"": 5.0, ""a08<=-1"": 5.0, ""a20<=0.05263"": -2.1115, ""a27<=0.99842"": -2.4622}",,
continuous_beam,visible_fine,ionosphere,10,280,2365,ok,2.8809,10,0.0659259775116978,0.05612876,0.009797217511697806,0.9959345096520824,0.9504347826086956,0.4393114256948471,1.5623239923624157,2.628164426220953,"{""a03<=0.43636"": 4.5209, ""a04<=-0.61"": 5.0, ""a05<=0.00428"": 5.0, ""a06<=-0.23067"": 5.0, ""a06<=0.125"": 1.6317, ""a08<=-1"": 5.0, ""a20<=0.05263"": -1.372, ""a27<=0.99842"": -4.9383, ""a29<=0.72435"": 3.2384, ""a34<=0.7979"": -4.2411}",,
continuous_beam,visible_fine,ilpd,3,466,460,ok,0.1832,3,0.5005596011898742,0.50050232,5.728118987424757e-05,0.7425545846598478,0.7276754075124026,0.5282802128048001,1.0127763611062728,-3.404810858132521,"{""V4<=1"": 2.1249, ""V5<=210"": 1.0416, ""V6<=11"": 5.0}",,
continuous_beam,visible_fine,ilpd,4,466,460,ok,0.3108,4,0.4913291541008595,0.49157538,-0.0002462258991405286,0.7574792837950732,0.7342310418143161,0.5285301001531908,1.010960213295782,-3.5410878140433786,"{""V1<=22"": 1.0721, ""V4<=1"": 2.0221, ""V5<=210"": 1.2061, ""V6<=11"": 5.0}",,
continuous_beam,visible_fine,ilpd,5,466,460,ok,0.4038,5,0.4834047004941166,0.48388697,-0.0004822695058834259,0.7695251642620065,0.77586817859674,0.49592816293168,1.0087076815175031,-4.246608306406846,"{""V1<=22"": 1.2297, ""V4<=1"": 1.848, ""V5<=210"": 1.0167, ""V6<=11"": 5.0, ""V6<=64"": 1.1017}",,
continuous_beam,visible_fine,ilpd,7,466,460,ok,0.7348,7,0.4721782853641728,0.47269884,-0.0005205546358272306,0.7888527625369729,0.7854358610914245,0.4905288452508507,1.0078134087318669,-5.109296246209964,"{""V1<=22"": 1.2127, ""V1<=60"": -0.9728, ""V1<=65"": 1.8362, ""V4<=1"": 1.8722, ""V5<=210"": 0.9852, ""V6<=11"": 5.0, ""V6<=64"": 1.1033}",,
continuous_beam,visible_fine,ilpd,10,466,460,ok,1.2893,10,0.4574372654381436,0.45846233,-0.0010250645618563592,0.8152362889204994,0.7827781715095676,0.4978055908225502,1.0097846367721397,-4.909811798656594,"{""V1<=22"": 1.4672, ""V1<=34"": -1.0418, ""V1<=42"": 1.0676, ""V1<=58"": -1.1955, ""V1<=65"": 1.6647, ""V4<=1"": 1.8013, ""V5<=210"": 0.9178, ""V6<=11"": 5.0, ""V6<=64"": 1.2357, ""V10<=0.87"": -0.5706}",,
continuous_beam,visible_fine,magic,3,10000,990,ok,2.2709,3,0.4730856944052051,0.47317033,-8.463559479487959e-05,0.8108945779898221,0.7936543194800328,0.4931828749106836,1.0000001694738103,3.302182964326291,"{""fLength:<=106.655"": -2.7373, ""fSize:<=2.4526"": -1.1585, ""fAlpha:<=24.114"": -2.3181}",,
continuous_beam,visible_fine,magic,4,10000,990,ok,3.224,4,0.4566562096283774,0.45662971,2.6499628377363305e-05,0.8296743309337977,0.8128179700587919,0.4801345656210072,1.000001355295375,3.266518106783231,"{""fLength:<=106.655"": -2.8579, ""fWidth:<=10.8615"": 1.3688, ""fSize:<=2.4526"": -1.8181, ""fAlpha:<=24.114"": -2.2762}",,
continuous_beam,visible_fine,magic,5,10000,990,ok,4.3685,5,0.4382414652060094,0.43822071,2.075520600935965e-05,0.8493562345467165,0.8275310048222315,0.4690804447835366,1.0000008701387686,3.4374537538511745,"{""fLength:<=106.655"": -2.9747, ""fWidth:<=11.1267"": 1.3028, ""fSize:<=2.4409"": -1.953, ""fAlpha:<=9.3801"": -1.5134, ""fAlpha:<=26.077"": -1.5419}",,
continuous_beam,visible_fine,magic,7,10000,990,ok,7.0199,7,0.4183013235486215,0.41607444,0.0022268835486214944,0.8658851946052206,0.8460861741407396,0.4495234049784887,1.000001516049191,3.2028911714131074,"{""fLength:<=106.655"": -2.3973, ""fWidth:<=11.1267"": 1.4423, ""fSize:<=2.4409"": -1.8657, ""fM3Long:<=-34.8805"": 1.717, ""fAlpha:<=9.3801"": -1.7252, ""fAlpha:<=26.077"": -1.6031, ""fDist:<=207.77"": -0.671}",,
continuous_beam,visible_fine,magic,10,10000,990,ok,12.128,10,0.3977743000014327,0.3944935,0.0032808000014327154,0.8799594819557585,0.8529342201579244,0.441055188154187,1.0000004136257865,4.136926948074332,"{""fLength:<=106.655"": -1.9256, ""fWidth:<=11.1267"": 1.1542, ""fWidth:<=14.6515"": 0.9295, ""fWidth:<=39.6681"": -1.7513, ""fSize:<=2.2844"": -1.2135, ""fSize:<=2.4409"": -1.6152, ""fM3Long:<=-34.8805"": 1.6513, ""fAlpha:<=9.3801"": -1.7104, ""fAlpha:<=26.077"": -1.6204, ""fDist:<=207.77"": -0.6584}",,
continuous_beam,visible_fine,haberman,3,244,74,ok,0.117,3,0.4864909662625248,0.48657971,-8.874373747519426e-05,0.7337344220025784,0.5964673913043479,0.5810730865587538,1.0000078005805515,0.4914875274797359,"{""Age_of_patient_at_time_of_operation<=40"": -1.8911, ""Patients_year_of_operation=61"": -2.4484, ""Number_of_positive_axillary_nodes_detected<=4"": -1.7564}",,
continuous_beam,visible_fine,haberman,4,244,74,ok,0.2196,4,0.4761221675509831,0.47618791,-6.57424490169145e-05,0.754404813064031,0.5849184782608695,0.5987077923613797,0.9999967926986932,0.3666883823883149,"{""Age_of_patient_at_time_of_operation<=40"": -1.8409, ""Patients_year_of_operation=65"": 1.1167, ""Patients_year_of_operation=61"": -2.3151, ""Number_of_positive_axillary_nodes_detected<=4"": -1.7777}",,
continuous_beam,visible_fine,haberman,5,244,74,ok,0.3344,5,0.4727803953875147,0.47289216,-0.0001117646124852989,0.7615814353244521,0.6168478260869565,0.5897344346513151,0.9999930647159132,0.3127156539204459,"{""Age_of_patient_at_time_of_operation<=40"": -1.904, ""Patients_year_of_operation=58"": 0.6586, ""Patients_year_of_operation=65"": 1.2106, ""Patients_year_of_operation=61"": -2.2427, ""Number_of_positive_axillary_nodes_detected<=4"": -1.8242}",,
continuous_beam,visible_fine,haberman,7,244,74,ok,0.6132,7,0.4612695659602199,0.46189361,-0.0006240440397801139,0.7993124194241512,0.654891304347826,0.6018388681062967,1.0000008189334664,0.62384246492458,"{""Age_of_patient_at_time_of_operation<=40"": -2.1706, ""Age_of_patient_at_time_of_operation<=53"": 1.051, ""Age_of_patient_at_time_of_operation<=59"": -1.0476, ""Patients_year_of_operation=58"": 0.7227, ""Patients_year_of_operation=65"": 1.0981, ""Patients_year_of_operation=61"": -2.458, ""Number_of_positive_axillary_nodes_detected<=4"": -1.9581}",,
continuous_beam,visible_fine,haberman,10,244,74,ok,1.1904,10,0.4465362350391263,0.44772765,-0.0011914149608736602,0.7986678126342932,0.6521739130434783,0.6157772952693158,1.0000192626258533,1.5767515146231958,"{""Age_of_patient_at_time_of_operation<=40"": -2.4524, ""Age_of_patient_at_time_of_operation<=53"": 1.074, ""Age_of_patient_at_time_of_operation<=59"": -1.2626, ""Patients_year_of_operation=65"": 1.0588, ""Patients_year_of_operation=61"": -3.2201, ""Number_of_positive_axillary_nodes_detected<=0"": -0.5594, ""Number_of_positive_axillary_nodes_detected<=4"": -1.1974, ""Number_of_positive_axillary_nodes_detected<=8"": -1.6224, ""Number_of_positive_axillary_nodes_detected<=13"": 2.0189, ""Number_of_positive_axillary_nodes_detected<=20"": -1.5566}",,
v35_scratch,visible_fine,adult,3,10000,258,ok,0.1337,3,0.3671162746559234,0.36711627,4.655923369067949e-09,0.853343257038146,0.8666493464017809,0.3540030651384344,0.84415993827463,2.471902200844959,"{""education-num<=12"": -2, ""marital-status=Married-civ-spouse"": 3, ""capital-gain<=5013"": -5}",,
v35_scratch,visible_fine,adult,4,10000,258,ok,0.1361,4,0.354027535415628,0.35402754,-4.584371993132663e-09,0.867857787747017,0.878962999694038,0.3419804477569952,0.7824470170234245,2.442669944907773,"{""age<=29"": -2, ""education-num<=12"": -2, ""marital-status=Married-civ-spouse"": 3, ""capital-gain<=5013"": -5}",,
v35_scratch,visible_fine,adult,5,10000,258,ok,0.1313,5,0.344523158128704,0.34452316,-1.8712960070388363e-09,0.8752699129966457,0.8847547380156076,0.3349543087672441,0.7691062151903171,4.599419580021881,"{""age<=29"": -2, ""education-num<=12"": -2, ""marital-status=Married-civ-spouse"": 3, ""capital-gain<=5013"": -5, ""capital-loss<=1876"": -3}",,
v35_scratch,visible_fine,adult,7,10000,258,ok,0.1847,7,0.3325053238010969,0.33250532,3.801096881694832e-09,0.8920964651347421,0.8957487102117468,0.3275236272465647,0.7183392660288409,4.862573908448815,"{""age<=31"": -2, ""education-num<=7"": -2, ""education-num<=12"": -2, ""marital-status=Married-civ-spouse"": 3, ""capital-gain<=5013"": -5, ""capital-loss<=1876"": -3, ""hours-per-week<=41"": -1}",,
v35_scratch,visible_fine,adult,10,10000,258,ok,0.3086,10,0.3258289638739257,0.32506053,0.0007684338739256669,0.8979009370204747,0.8976688857706552,0.3250473245825707,0.7576572876036468,4.983404191726282,"{""age<=31"": -2, ""education-num<=7"": -1, ""education-num<=9"": -1, ""education-num<=12"": -1, ""marital-status=Married-civ-spouse"": 3, ""occupation=Other-service"": -1, ""occupation=Farming-fishing"": -2, ""capital-gain<=5013"": -5, ""capital-loss<=1876"": -3, ""hours-per-week<=41"": -1}",,
v35_scratch,visible_fine,bank,3,10000,340,ok,0.1628,3,0.2685541992600126,0.2685542,-7.399874046853938e-10,0.822276233895713,0.8126644083780028,0.2743170111026075,0.6084762515268642,-0.4487815804603553,"{""V12<=153"": -3, ""V12<=474"": -3, ""V16=success"": 5}",,
v35_scratch,visible_fine,bank,4,10000,340,ok,0.1524,4,0.2595745526891326,0.25957455,2.6891325832778534e-09,0.8492645023279226,0.8404657099960293,0.2636966761180992,0.6035358828480442,-0.2094023737665411,"{""V9=unknown"": -2, ""V12<=153"": -3, ""V12<=474"": -3, ""V16=success"": 5}",,
v35_scratch,visible_fine,bank,5,10000,340,ok,0.1781,5,0.2536494358426599,0.25364944,-4.157340083299488e-09,0.8655168375100424,0.8528188281715307,0.2611699412916471,0.941677202072856,0.2670980023221395,"{""V7=yes"": -1, ""V9=unknown"": -1, ""V12<=153"": -2, ""V12<=474"": -2, ""V16=success"": 3}",,
v35_scratch,visible_fine,bank,7,10000,340,ok,0.3399,7,0.2435472243585193,0.24354722,4.358519295477592e-09,0.873572610854604,0.854392340430812,0.2613267350907647,0.5689262713730876,2.22741650265662,"{""V1<=60"": -3, ""V9=unknown"": -2, ""V11=mar"": 5, ""V12<=153"": -3, ""V12<=439"": -3, ""V12<=813"": -2, ""V16=success"": 5}",,
v35_scratch,visible_fine,bank,10,10000,340,ok,0.3161,10,0.2341474177491585,0.23414742,-2.25084148541832e-09,0.8947376368440922,0.8783750248163588,0.2512544459876204,0.5826522007148898,1.9362660842495167,"{""V1<=25"": 2, ""V1<=59"": -2, ""V7=yes"": -1, ""V9=unknown"": -2, ""V11=oct"": 3, ""V11=mar"": 4, ""V12<=153"": -3, ""V12<=439"": -3, ""V12<=813"": -2, ""V16=success"": 5}",,
v35_scratch,visible_fine,breastcancer,3,559,77,ok,0.0078,3,0.1307388336619183,0.13073883,3.6619182963715247e-09,0.985220419604179,0.9682971014492754,0.2015929839070707,0.7481878930878423,4.19652756724016,"{""Cell_Shape_Uniformity<=2"": -5, ""Bare_Nuclei<=2"": -4, ""Bland_Chromatin<=3"": -4}",,
v35_scratch,visible_fine,breastcancer,4,559,77,ok,0.0111,4,0.1089662149635011,0.10896621,4.963501110122337e-09,0.9883985956567286,0.978713768115942,0.165380010329701,1.3473267637381203,8.455336793801305,"{""Clump_Thickness<=8"": -4, ""Cell_Shape_Uniformity<=2"": -3, ""Single_Epi_Cell_Size<=2"": -2, ""Bare_Nuclei<=2"": -2}",,
v35_scratch,visible_fine,breastcancer,5,559,77,ok,0.0247,5,0.091719412175107,0.09171941,2.1751069972930637e-09,0.9932472606812196,0.9858469202898552,0.1440180906314765,1.386250174017664,11.519792933474994,"{""Clump_Thickness<=8"": -4, ""Cell_Shape_Uniformity<=2"": -3, ""Marginal_Adhesion<=5"": -2, ""Bare_Nuclei<=2"": -2, ""Bland_Chromatin<=3"": -2}",,
v35_scratch,visible_fine,breastcancer,7,559,77,ok,0.0395,7,0.0634124661325815,0.06341247,-3.86741849656147e-09,0.9967864322319432,0.9877717391304348,0.1666565363314187,1.3209609590737177,20.2747399466689,"{""Clump_Thickness<=8"": -5, ""Cell_Shape_Uniformity<=2"": -3, ""Marginal_Adhesion<=5"": -3, ""Bare_Nuclei missing"": -5, ""Bare_Nuclei<=2"": -3, ""Bland_Chromatin<=3"": -2, ""Normal_Nucleoli<=8"": -5}",,
v35_scratch,visible_fine,breastcancer,10,559,77,ok,0.0476,10,0.045385603384822,0.0453856,3.3848219990750827e-09,0.998527704634899,0.982903079710145,0.2433001665270115,1.5212099027465462,37.80010754951952,"{""Clump_Thickness<=8"": -5, ""Cell_Shape_Uniformity<=2"": -3, ""Marginal_Adhesion<=4"": 3, ""Marginal_Adhesion<=5"": -5, ""Single_Epi_Cell_Size<=7"": -5, ""Bare_Nuclei missing"": -5, ""Bare_Nuclei<=2"": -4, ""Bland_Chromatin<=3"": -2, ""Bland_Chromatin<=7"": -5, ""Normal_Nucleoli<=8"": -5}",,
v35_scratch,visible_fine,mammo,3,768,70,ok,0.0074,3,0.4642589528311823,0.46425895,2.8311822886095683e-09,0.8505849787280464,0.8586862575626621,0.4535799745199159,1.535163941376819,0.8127872037107182,"{""Age<=64"": -1, ""Shape=4"": 1, ""Margin=1"": -1}",,
v35_scratch,visible_fine,mammo,4,768,70,ok,0.0152,4,0.4549353748922877,0.45493537,4.892287686075747e-09,0.8601607668812044,0.8585242005185826,0.455447203694667,0.3077592581342144,0.6836629880742728,"{""Age<=36"": -5, ""Age<=64"": -4, ""Shape=4"": 5, ""Margin=1"": -5}",,
v35_scratch,visible_fine,mammo,5,768,70,ok,0.0136,5,0.4467817627060891,0.44678176,2.706089130555256e-09,0.8646333315152176,0.8568496110630942,0.4571121584453946,0.338126702793946,0.9789501914195404,"{""Age<=36"": -5, ""Age<=64"": -4, ""Shape=4"": 4, ""Margin=1"": -5, ""Margin=missing"": -4}",,
v35_scratch,visible_fine,mammo,7,768,70,ok,0.0291,7,0.4375460850756354,0.43754609,-4.924364582770124e-09,0.8729205301625396,0.8604148660328437,0.4587256047282442,0.4014920627337102,2.346216197045035,"{""Age<=36"": -4, ""Age<=64"": -3, ""Age<=78"": -4, ""Shape=4"": 3, ""Margin=1"": -4, ""Margin=5"": 2, ""Margin=missing"": -3}",,
v35_scratch,visible_fine,mammo,10,768,70,ok,0.0368,10,0.4298471268988209,0.42894178,0.0009053468988208802,0.879008945129268,0.8650064822817632,0.4502252937451131,0.6015661862902019,2.445312877677165,"{""Age<=36"": -2, ""Age<=57"": -1, ""Age<=64"": -1, ""Age<=73"": -4, ""Age<=75"": 5, ""Age<=78"": -4, ""Shape=4"": 2, ""Margin=1"": -3, ""Margin=5"": 1, ""Margin=missing"": -2}",,
v35_scratch,visible_fine,mushroom,3,6499,93,ok,0.0435,3,0.0649447582592121,0.06494476,-1.7407879027153683e-09,0.9874906098972488,0.9879991384619118,0.0625159537622464,31.11078666398333,27.777110483210365,"{""odor=n"": -1, ""odor=a"": -5, ""odor=l"": -5}",,
v35_scratch,visible_fine,mushroom,4,6499,93,ok,0.0589,4,0.0462098384291406,0.04620984,-1.570859400890079e-09,0.996592111005096,0.9970172277281788,0.0434652628085796,24.70634059835533,72.08573214817935,"{""odor=n"": -4, ""odor=a"": -5, ""odor=l"": -5, ""stalk-shape=e"": 1}",,
v35_scratch,visible_fine,mushroom,5,6499,93,ok,0.076,5,0.0316932056256235,0.03169321,-4.374376499916011e-09,0.9955085865508124,0.9933033615153364,0.0409085089509413,5.449807429648271,11.833389831433896,"{""odor=n"": -3, ""odor=a"": -5, ""odor=l"": -5, ""stalk-surface-below-ring=y"": 1, ""habitat=m"": 2}",,
v35_scratch,visible_fine,mushroom,7,6499,93,ok,0.066,7,0.0181446966028329,0.0181447,-3.3971670997112735e-09,0.9988546018567986,0.9986788738119724,0.028025948009539,8.505255967528544,-3.6986929411577423,"{""bruises%3F=t"": 1, ""odor=n"": -3, ""odor=a"": -5, ""odor=l"": -5, ""stalk-shape=e"": 2, ""stalk-surface-below-ring=y"": 1, ""population=v"": 1}",,
v35_scratch,visible_fine,mushroom,10,6499,93,ok,0.1499,10,0.0143642106762787,0.01436421,6.762786997072112e-10,0.9998505074780398,0.9997929578362046,0.0206873147374326,2.9935162239916555,12.611146822698192,"{""odor=n"": -4, ""odor=f"": 5, ""odor=a"": -5, ""odor=l"": -5, ""gill-spacing=w"": -2, ""gill-size=n"": 4, ""stalk-root=e"": -3, ""stalk-surface-below-ring=f"": -4, ""ring-number=o"": -3, ""habitat=w"": -5}",,
v35_scratch,visible_fine,spambase,3,3680,1131,ok,0.2021,3,0.3388259142825615,0.33882591,4.2825614721131444e-09,0.9127038812432348,0.9148449302408246,0.336399824649771,0.7713178717231339,0.3262441906089304,"{""char_freq_%21<=0.077"": -3, ""char_freq_%24<=0.013"": -4, ""word_freq_hp<=0.11"": 4}",,
v35_scratch,visible_fine,spambase,4,3680,1131,ok,0.2179,4,0.2915419341037758,0.29154193,4.103775819164213e-09,0.9367391371578786,0.9432521697917592,0.276865830880462,0.6883749873287549,2.641617649975776,"{""char_freq_%21<=0.077"": -3, ""char_freq_%24<=0.013"": -4, ""word_freq_remove<=0"": -5, ""word_freq_hp<=0.11"": 5}",,
v35_scratch,visible_fine,spambase,5,3680,1131,ok,0.2426,5,0.2614169596754834,0.26141696,-3.2451658027454755e-10,0.9503703417349622,0.9554958183990442,0.2471409630652225,0.7298629245545606,2.585102884547009,"{""char_freq_%21<=0.195"": -3, ""capital_run_length_longest<=9"": -3, ""char_freq_%24<=0.013"": -3, ""word_freq_remove<=0"": -4, ""word_freq_hp<=0.11"": 5}",,
v35_scratch,visible_fine,spambase,7,3680,1131,ok,0.2914,7,0.215921631651214,0.21592163,1.651213998865586e-09,0.9679877841348384,0.969042823148395,0.2145396361030133,0.7580484625579073,-4.084510973232119,"{""char_freq_%21<=0.107"": -2, ""capital_run_length_longest<=10"": -3, ""char_freq_%24<=0"": -3, ""word_freq_remove<=0"": -4, ""word_freq_hp<=0.11"": 5, ""word_freq_george<=0"": 5, ""word_freq_edu<=0"": 4}",,
v35_scratch,visible_fine,spambase,10,3680,1131,ok,0.4906,10,0.1885122691597364,0.18851227,-8.40263608692382e-10,0.9754813669398484,0.9752436387333748,0.1954916073001965,1.1089062147297108,-9.33566945842585,"{""char_freq_%21<=0.107"": -1, ""char_freq_%21<=0.845"": -2, ""capital_run_length_longest<=9"": -2, ""char_freq_%24<=0"": -2, ""word_freq_remove<=0"": -2, ""word_freq_hp<=0.11"": 4, ""word_freq_our<=0.1"": -1, ""word_freq_george<=0"": 4, ""word_freq_edu<=0"": 3, ""word_freq_meeting<=0.52"": 5}",,
v35_scratch,visible_fine,fico,3,8000,766,ok,0.2652,3,0.5912711996636217,0.58953935,0.0017318496636217207,0.743071875,0.7439635000000001,0.5902824419699297,0.2350760896164667,-2.039578634856734,"{""ExternalRiskEstimate<=70"": 5, ""ExternalRiskEstimate<=81"": 5, ""MSinceMostRecentInqexcl7days<=0"": 3}",,
v35_scratch,visible_fine,fico,4,8000,766,ok,0.3055,4,0.578301282868575,0.57830128,2.868574933145851e-09,0.75924834375,0.7619825,0.5757448960560195,0.4293363447658467,-1.7310502347888976,"{""ExternalRiskEstimate<=70"": 3, ""ExternalRiskEstimate<=78"": 2, ""MSinceMostRecentInqexcl7days<=-8"": -3, ""MSinceMostRecentInqexcl7days<=0"": 2}",,
v35_scratch,visible_fine,fico,5,8000,766,ok,0.308,5,0.568635834008396,0.56863583,4.008396059518304e-09,0.7725924687499999,0.7647760000000001,0.5775322978761506,0.3943310812653288,-2.164255037479798,"{""ExternalRiskEstimate<=70"": 3, ""ExternalRiskEstimate<=80"": 3, ""NumSatisfactoryTrades<=13"": 2, ""MSinceMostRecentInqexcl7days<=-8"": -4, ""MSinceMostRecentInqexcl7days<=0"": 2}",,
v35_scratch,visible_fine,fico,7,8000,766,ok,0.3442,7,0.5594763144827649,0.55947631,4.482764937030481e-09,0.78412565625,0.7703495,0.5761539370666305,0.3778642386870761,-1.3103433169421947,"{""ExternalRiskEstimate<=70"": 3, ""ExternalRiskEstimate<=80"": 2, ""AverageMInFile<=69"": 1, ""NumSatisfactoryTrades<=13"": 2, ""MSinceMostRecentInqexcl7days<=-8"": -4, ""MSinceMostRecentInqexcl7days<=0"": 2, ""NetFractionRevolvingBurden<=59"": -2}",,
v35_scratch,visible_fine,fico,10,8000,766,ok,0.6033,10,0.5519473007861824,0.5519473,7.861823414501146e-10,0.7909194062500001,0.7815065000000001,0.563475529678309,0.4364966222549756,-1.6546263208148708,"{""ExternalRiskEstimate<=63"": 1, ""ExternalRiskEstimate<=70"": 2, ""ExternalRiskEstimate<=80"": 2, ""AverageMInFile<=65"": 1, ""NumSatisfactoryTrades<=13"": 1, ""NumSatisfactoryTrades<=27"": 1, ""PercentInstallTrades<=46"": -1, ""MSinceMostRecentInqexcl7days<=-8"": -4, ""MSinceMostRecentInqexcl7days<=0"": 2, ""NetFractionRevolvingBurden<=46"": -1}",,
v35_scratch,visible_fine,compas,3,4222,84,ok,0.0255,3,0.6220652685077912,0.62206527,-1.492208800968342e-09,0.698398179024189,0.7040327834628523,0.6200026816673117,0.8936017925023763,0.5039302071792914,"{""age<=33"": 1, ""priors_count<=1"": -1, ""priors_count<=5"": -1}",,
v35_scratch,visible_fine,compas,4,4222,84,ok,0.0417,4,0.6152169417759631,0.61521694,1.775963043293416e-09,0.7151984733924592,0.7211947894882713,0.6103439885124692,0.1922687841371004,0.5629771182984731,"{""age<=22"": 4, ""age<=33"": 4, ""priors_count<=1"": -5, ""priors_count<=5"": -5}",,
v35_scratch,visible_fine,compas,5,4222,84,ok,0.0265,5,0.6116255875285276,0.61162559,-2.4714724711216718e-09,0.7205216254388952,0.7312389542982403,0.6041427245287316,0.1965172128422724,0.6252501153813373,"{""age<=22"": 4, ""age<=33"": 4, ""priors_count<=0"": -3, ""priors_count<=2"": -4, ""priors_count<=6"": -4}",,
v35_scratch,visible_fine,compas,7,4222,84,ok,0.0487,7,0.6074790898322605,0.60747909,-1.677394889654238e-10,0.7264639371846215,0.7347231870651457,0.6012807542693888,0.1877089946655451,0.3186843427602514,"{""age<=20"": 5, ""age<=23"": 3, ""age<=33"": 3, ""age<=52"": 3, ""priors_count<=0"": -3, ""priors_count<=2"": -4, ""priors_count<=6"": -5}",,
v35_scratch,visible_fine,compas,10,4222,84,ok,0.0755,10,0.6033606776794501,0.60336068,-2.3205498633771526e-09,0.7319342508471645,0.74108695104437,0.5965914526197333,0.1742080461610327,1.343910875703656,"{""sex=0"": -2, ""age<=20"": 5, ""age<=23"": 3, ""age<=33"": 3, ""age<=52"": 3, ""juv_other_count<=0"": -3, ""priors_count<=0"": -3, ""priors_count<=2"": -4, ""priors_count<=5"": -4, ""priors_count<=15"": -4}",,
v35_scratch,visible_fine,australian,3,552,386,ok,0.0163,3,0.3334595924613572,0.33345959,2.461357229144312e-09,0.9205457250650936,0.8983393655524803,0.3955851585801138,0.8591115778709718,0.3620086546211873,"{""A3<=8"": 3, ""A8=0"": -5, ""A9=1"": 2}",,
v35_scratch,visible_fine,australian,4,552,386,ok,0.0208,4,0.3163900781744124,0.31639008,-1.8255876255146575e-09,0.928662521919337,0.9251649989354906,0.3403120604499587,0.8462027124697711,3.810145689848549,"{""A3<=6"": 3, ""A8=0"": -5, ""A10<=4"": -2, ""A14<=109"": -2}",,
v35_scratch,visible_fine,australian,5,552,386,ok,0.0181,5,0.3069960122250742,0.30699601,2.225074235973068e-09,0.9381077634305754,0.940387481371088,0.3179333281985699,0.8281480021468731,4.074353827172773,"{""A3<=6"": 4, ""A7<=26"": -1, ""A8=0"": -5, ""A10<=4"": -2, ""A14<=109"": -2}",,
v35_scratch,visible_fine,australian,7,552,386,ok,0.0311,7,0.2933511145814246,0.29335111,4.581424573046888e-09,0.9434613953982678,0.9486906536086864,0.2983617613588143,0.8314655763799217,0.0269220287171147,"{""A3<=6"": 4, ""A4=1"": -1, ""A5=14"": 3, ""A7<=26"": -1, ""A8=1"": 5, ""A10<=4"": -2, ""A14<=102"": -2}",,
v35_scratch,visible_fine,australian,10,552,386,ok,0.085,10,0.2779401753018851,0.27794018,-4.698114897117023e-09,0.9507014187788936,0.9302746433893976,0.3547232335267173,0.8679616099268692,-0.9108648564830528,"{""A3<=6"": 4, ""A3<=87"": -1, ""A3<=160"": 1, ""A4=2"": 1, ""A5=14"": 3, ""A6=5"": -2, ""A7<=33"": -1, ""A8=1"": 5, ""A10<=4"": -2, ""A14<=102"": -2}",,
v35_scratch,visible_fine,heart,3,216,269,ok,0.0126,3,0.3699293680712576,0.36992937,-1.928742388024318e-09,0.9038194444444444,0.726388888888889,0.7014964689372695,0.5510008376010682,4.139216004364101,"{""chest<=3"": -4, ""oldpeak<=1.6"": -5, ""thal<=3"": -4}",,
v35_scratch,visible_fine,heart,4,216,269,ok,0.0182,4,0.3446659600305772,0.34466596,3.057720743271375e-11,0.9223958333333332,0.8180555555555556,0.5328561742912339,0.5129785708505252,4.7985996472071,"{""chest<=3"": -4, ""oldpeak<=1.6"": -5, ""number_of_major_vessels<=0"": -3, ""thal<=3"": -4}",,
v35_scratch,visible_fine,heart,5,216,269,ok,0.0207,5,0.3289727978205302,0.3289728,-2.1794698268351453e-09,0.9290798611111112,0.825,0.552975705450173,0.49209390722871,5.333904937584557,"{""chest<=3"": -4, ""resting_electrocardiographic_results<=0"": -2, ""oldpeak<=1.6"": -5, ""number_of_major_vessels<=0"": -3, ""thal<=3"": -5}",,
v35_scratch,visible_fine,heart,7,216,269,ok,0.0361,7,0.3059739810140434,0.30597398,1.014043404801157e-09,0.9392795138888888,0.8368055555555556,0.5489821554997436,0.5672251941294568,5.625255393431068,"{""chest<=3"": -4, ""resting_blood_pressure<=106"": -4, ""resting_electrocardiographic_results<=0"": -2, ""oldpeak<=0.5"": -2, ""oldpeak<=1.6"": -3, ""number_of_major_vessels<=0"": -3, ""thal<=3"": -4}",,
v35_scratch,visible_fine,heart,10,216,269,ok,0.1037,10,0.2707103589635438,0.27071036,-1.0364561986442311e-09,0.9533420138888888,0.8409722222222223,0.5934954292989453,0.8084484768941305,4.990183107977061,"{""sex=1"": 2, ""chest<=3"": -3, ""resting_blood_pressure<=106"": -3, ""serum_cholestoral<=325"": -5, ""serum_cholestoral<=353"": 5, ""resting_electrocardiographic_results<=1"": -2, ""oldpeak<=0.5"": -2, ""oldpeak<=1.6"": -2, ""number_of_major_vessels<=0"": -2, ""thal<=6"": -3}",,
v35_scratch,visible_fine,ionosphere,3,280,2365,ok,0.037,3,0.2374493288635708,0.23744933,-1.1364291729876186e-09,0.9388240500027656,0.9356521739130436,0.2484087253771605,3.4889816741802018,0.4721973395583578,"{""a03<=0.43636"": 1, ""a05<=0.00428"": 5, ""a27<=0.99842"": -1}",,
v35_scratch,visible_fine,ionosphere,4,280,2365,ok,0.0338,4,0.1943464816564529,0.19434648,1.6564529192741873e-09,0.9578239946899716,0.9417391304347826,0.2304092829739728,3.7555587392052714,0.2321645932000498,"{""a03<=0.43636"": 1, ""a05<=0.00428"": 5, ""a08<=-0.93597"": 1, ""a27<=0.99842"": -1}",,
v35_scratch,visible_fine,ionosphere,5,280,2365,ok,0.0397,5,0.1575220052473933,0.15752201,-4.752606697078221e-09,0.9711543780076332,0.9439130434782608,0.2614643077350395,3.909557946449254,-0.1388355869452759,"{""a03<=0.43636"": 1, ""a05<=0.00428"": 5, ""a06<=-0.23067"": 1, ""a08<=-1"": 5, ""a27<=0.99842"": -1}",,
v35_scratch,visible_fine,ionosphere,7,280,2365,ok,0.0691,7,0.1108832771642386,0.11088328,-2.8357614034746348e-09,0.9852038276453344,0.95,0.2868646355775855,1.4989476065388616,-0.4190412542064806,"{""a03<=0.43636"": 4, ""a04<=-0.61"": 4, ""a05<=0.00428"": 5, ""a06<=-0.23067"": 4, ""a08<=-1"": 5, ""a20<=0.05263"": -2, ""a27<=0.99842"": -2}",,
v35_scratch,visible_fine,ionosphere,10,280,2365,ok,0.1075,10,0.0640586721454843,0.05612876,0.007929912145484302,0.9957132584766856,0.947391304347826,0.444401587768829,1.7139585769648946,2.709588780656976,"{""a03<=0.43636"": 4, ""a04<=-0.61"": 5, ""a05<=0.00428"": 5, ""a06<=-0.23067"": 4, ""a06<=0.125"": 2, ""a08<=-1"": 5, ""a20<=0.06618"": -1, ""a27<=0.99842"": -5, ""a29<=0.72435"": 3, ""a34<=0.7979"": -4}",,
v35_scratch,visible_fine,ilpd,3,466,460,ok,0.0201,3,0.500502317034914,0.50050232,-2.965085954542701e-09,0.7425545846598478,0.7276754075124026,0.5281068552264494,1.0646325089879534,-3.390770746021069,"{""V4<=1"": 2, ""V5<=210"": 1, ""V6<=11"": 5}",,
v35_scratch,visible_fine,ilpd,4,466,460,ok,0.0157,4,0.4915753759990908,0.49157538,-4.000909215040593e-09,0.7555262028946239,0.732813607370659,0.5296214418629651,1.098398495080649,-3.600945887475859,"{""V1<=22"": 1, ""V4<=1"": 2, ""V5<=210"": 1, ""V6<=11"": 5}",,
v35_scratch,visible_fine,ilpd,5,466,460,ok,0.0183,5,0.4838869694963312,0.48388697,-5.036688288662106e-10,0.7683623473097156,0.7740963855421686,0.4963007821726337,1.013381882339938,-4.273663421031572,"{""V1<=22"": 1, ""V4<=1"": 2, ""V5<=210"": 1, ""V6<=11"": 5, ""V6<=64"": 1}",,
v35_scratch,visible_fine,ilpd,7,466,460,ok,0.0266,7,0.4726988353229548,0.47269884,-4.677045195577989e-09,0.788299577773262,0.7813607370659107,0.4908379207431536,0.9935819468473536,-5.183256736853281,"{""V1<=22"": 1, ""V1<=60"": -1, ""V1<=65"": 2, ""V4<=1"": 2, ""V5<=210"": 1, ""V6<=11"": 5, ""V6<=64"": 1}",,
v35_scratch,visible_fine,ilpd,10,466,460,ok,0.0843,10,0.4584623332525264,0.45846233,3.2525264148652866e-09,0.8047144889250153,0.825301204819277,0.438641007515645,1.1428677187525165,-6.0505293050849565,"{""V1<=25"": 1, ""V1<=34"": -1, ""V1<=38"": 1, ""V1<=58"": -1, ""V1<=65"": 2, ""V3<=1.6"": 1, ""V4<=3.6"": 1, ""V5<=210"": 1, ""V6<=11"": 5, ""V6<=64"": 1}",,
v35_scratch,visible_fine,magic,3,10000,990,ok,0.4306,3,0.4731703302102637,0.47317033,2.1026375085497762e-10,0.8108945779898221,0.7936543194800328,0.4932891087731552,0.5712711198717348,3.396131319900814,"{""fLength:<=106.655"": -5, ""fSize:<=2.4526"": -2, ""fAlpha:<=24.114"": -4}",,
v35_scratch,visible_fine,magic,4,10000,990,ok,0.5334,4,0.4566760193185745,0.45662971,4.630931857446674e-05,0.8311919153053038,0.8124768836776131,0.4813908946535702,0.5793552158727386,3.269222222966415,"{""fLength:<=106.655"": -5, ""fWidth:<=11.6508"": 2, ""fSize:<=2.4526"": -3, ""fAlpha:<=24.114"": -4}",,
v35_scratch,visible_fine,magic,5,10000,990,ok,0.6657,5,0.4382207130813355,0.43822071,3.081335464560908e-09,0.8503912053754091,0.8303228600163245,0.4648582533540143,0.7337255020913397,3.2898340621448066,"{""fLength:<=102.9"": -4, ""fWidth:<=11.6508"": 2, ""fSize:<=2.4409"": -3, ""fAlpha:<=9.3801"": -2, ""fAlpha:<=27.106"": -2}",,
v35_scratch,visible_fine,magic,7,10000,990,ok,0.8507,7,0.4179540188323603,0.41607444,0.0018795788323602847,0.8662191530881301,0.8482165603754477,0.445020173019883,0.4839748196508486,3.10460572096067,"{""fLength:<=106.655"": -5, ""fWidth:<=11.6508"": 3, ""fSize:<=2.4409"": -4, ""fM3Long:<=-34.8805"": 4, ""fAlpha:<=9.3801"": -4, ""fAlpha:<=31.8311"": -3, ""fDist:<=209.778"": -1}",,
v35_scratch,visible_fine,magic,10,10000,990,ok,1.1861,10,0.3944934976111027,0.3944935,-2.388897302196824e-09,0.8806154898484693,0.8560029448527889,0.436035097779853,0.3928239078715656,4.614504741395287,"{""fLength:<=48.6294"": -2, ""fLength:<=117.868"": -5, ""fWidth:<=10.6045"": 3, ""fWidth:<=14.6515"": 3, ""fWidth:<=39.6681"": -5, ""fSize:<=2.2844"": -3, ""fSize:<=2.4526"": -4, ""fM3Long:<=-28.201"": 3, ""fAlpha:<=9.3801"": -5, ""fAlpha:<=31.8311"": -4}",,
v35_scratch,visible_fine,haberman,3,244,74,ok,0.0065,3,0.4865797112564729,0.48657971,1.2564729257036333e-09,0.732359260850881,0.5957880434782609,0.578340864242457,0.5955581886389762,0.5023029937748701,"{""Age_of_patient_at_time_of_operation<=40"": -3, ""Patients_year_of_operation=61"": -4, ""Number_of_positive_axillary_nodes_detected<=4"": -3}",,
v35_scratch,visible_fine,haberman,4,244,74,ok,0.0142,4,0.476187914490786,0.47618791,4.490786020827642e-09,0.7542758917060594,0.5842391304347826,0.600787028770124,0.5898011887089549,0.3494031441692346,"{""Age_of_patient_at_time_of_operation<=40"": -3, ""Patients_year_of_operation=65"": 2, ""Patients_year_of_operation=61"": -4, ""Number_of_positive_axillary_nodes_detected<=4"": -3}",,
v35_scratch,visible_fine,haberman,5,244,74,ok,0.0162,5,0.4728921585590018,0.47289216,-1.4409982096452723e-09,0.7634293081220455,0.6161684782608695,0.5943167541283688,0.6068013854693447,0.3146845009021681,"{""Age_of_patient_at_time_of_operation<=40"": -3, ""Patients_year_of_operation=58"": 1, ""Patients_year_of_operation=65"": 2, ""Patients_year_of_operation=61"": -4, ""Number_of_positive_axillary_nodes_detected<=4"": -3}",,
v35_scratch,visible_fine,haberman,7,244,74,ok,0.0175,7,0.461893609635721,0.46189361,-3.642789958568926e-10,0.7895573700042974,0.6317934782608696,0.5998144425629623,0.5036724881797193,0.6834962329520259,"{""Age_of_patient_at_time_of_operation<=40"": -4, ""Age_of_patient_at_time_of_operation<=53"": 2, ""Age_of_patient_at_time_of_operation<=59"": -2, ""Patients_year_of_operation=58"": 1, ""Patients_year_of_operation=65"": 2, ""Patients_year_of_operation=61"": -5, ""Number_of_positive_axillary_nodes_detected<=4"": -4}",,
v35_scratch,visible_fine,haberman,10,244,74,ok,0.0494,10,0.4477276544529167,0.44772765,4.452916702035736e-09,0.7987537602062742,0.5991847826086957,0.6341021738764315,0.5166315905863658,0.3273891307935937,"{""Age_of_patient_at_time_of_operation<=40"": -5, ""Age_of_patient_at_time_of_operation<=53"": 2, ""Age_of_patient_at_time_of_operation<=59"": -2, ""Patients_year_of_operation=65"": 2, ""Patients_year_of_operation=61"": -5, ""Number_of_positive_axillary_nodes_detected<=4"": -3, ""Number_of_positive_axillary_nodes_detected<=8"": -3, ""Number_of_positive_axillary_nodes_detected<=13"": 4, ""Number_of_positive_axillary_nodes_detected<=20"": -5, ""Number_of_positive_axillary_nodes_detected<=24"": 4}",,
n17_lean_dflt,visible_fine,adult,3,10000,258,ok,0.0237,3,0.3671162746559234,0.36711627,4.655923369067949e-09,0.853343257038146,0.8666493464017809,0.35400306513843444,0.84415993827463,2.471902200844959,"{""education-num<=12"": -2, ""marital-status=Married-civ-spouse"": 3, ""capital-gain<=5013"": -5}",,
n17_lean_dflt,visible_fine,adult,4,10000,258,ok,0.0214,4,0.354027535415628,0.35402754,-4.584371993132663e-09,0.867857787747017,0.878962999694038,0.34198044775699526,0.7824470170234245,2.442669944907773,"{""age<=29"": -2, ""education-num<=12"": -2, ""marital-status=Married-civ-spouse"": 3, ""capital-gain<=5013"": -5}",,
n17_lean_dflt,visible_fine,adult,5,10000,258,ok,0.0189,5,0.34452315812870404,0.34452316,-1.871295951527685e-09,0.8752699129966457,0.8847547380156076,0.33495430876724414,0.7691062151903171,4.599419580021881,"{""age<=29"": -2, ""education-num<=12"": -2, ""marital-status=Married-civ-spouse"": 3, ""capital-gain<=5013"": -5, ""capital-loss<=1876"": -3}",,
n17_lean_dflt,visible_fine,adult,7,10000,258,ok,0.0245,7,0.3325053238010969,0.33250532,3.801096881694832e-09,0.8920964651347421,0.8957487102117468,0.3275236272465647,0.7183392660288409,4.862573908448815,"{""age<=31"": -2, ""education-num<=7"": -2, ""education-num<=12"": -2, ""marital-status=Married-civ-spouse"": 3, ""capital-gain<=5013"": -5, ""capital-loss<=1876"": -3, ""hours-per-week<=41"": -1}",,
n17_lean_dflt,visible_fine,adult,10,10000,258,ok,0.0369,10,0.3258289638739257,0.32506053,0.0007684338739256669,0.8979009370204747,0.8976688857706552,0.3250473245825707,0.7576572876036468,4.983404191726282,"{""age<=31"": -2, ""education-num<=7"": -1, ""education-num<=9"": -1, ""education-num<=12"": -1, ""marital-status=Married-civ-spouse"": 3, ""occupation=Other-service"": -1, ""occupation=Farming-fishing"": -2, ""capital-gain<=5013"": -5, ""capital-loss<=1876"": -3, ""hours-per-week<=41"": -1}",,
n17_lean_dflt,visible_fine,bank,3,10000,340,ok,0.0175,3,0.26854655536089306,0.2685542,-7.644639106962892e-06,0.8180791009669832,0.8145194312090531,0.27101709701993304,0.6439299365086808,-0.4744682112692753,"{""V12<=129"": -3, ""V12<=474"": -3, ""V16=success"": 5}",,
n17_lean_dflt,visible_fine,bank,4,10000,340,ok,0.0309,4,0.2595064308802745,0.25957455,-6.811911972554041e-05,0.854751914123375,0.8436073059360731,0.265030783964107,1.0112641688331407,0.10283678544046833,"{""V7=yes"": -1, ""V12<=129"": -2, ""V12<=474"": -2, ""V16=success"": 3}",,
n17_lean_dflt,visible_fine,bank,5,10000,340,ok,0.0227,5,0.2536494358426599,0.25364944,-4.157340083299488e-09,0.8655168375100424,0.8528188281715307,0.2611699412916471,0.9416772020728559,0.26709800232213954,"{""V7=yes"": -1, ""V9=unknown"": -1, ""V12<=153"": -2, ""V12<=474"": -2, ""V16=success"": 3}",,
n17_lean_dflt,visible_fine,bank,7,10000,340,ok,0.0371,7,0.24343667657451898,0.24354722,-0.00011054342548103002,0.8796434068008245,0.8623925141453246,0.2564712013377768,0.7856927040396399,1.1948758721208308,"{""V7=yes"": -1, ""V9=unknown"": -1, ""V11=mar"": 3, ""V12<=153"": -2, ""V12<=439"": -2, ""V12<=813"": -2, ""V16=success"": 4}",,
n17_lean_dflt,visible_fine,bank,10,10000,340,ok,0.0551,10,0.2341474177491585,0.23414742,-2.25084148541832e-09,0.8947376368440922,0.8783750248163588,0.2512544459876204,0.5826522007148898,1.9362660842495167,"{""V1<=25"": 2, ""V1<=59"": -2, ""V7=yes"": -1, ""V9=unknown"": -2, ""V11=oct"": 3, ""V11=mar"": 4, ""V12<=153"": -3, ""V12<=439"": -3, ""V12<=813"": -2, ""V16=success"": 5}",,
n17_lean_dflt,visible_fine,breastcancer,3,559,77,ok,0.0021,3,0.13073883366191835,0.13073883,3.661918351882676e-09,0.985220419604179,0.9682971014492754,0.20159298390707078,0.7481878930878423,4.19652756724016,"{""Cell_Shape_Uniformity<=2"": -5, ""Bare_Nuclei<=2"": -4, ""Bland_Chromatin<=3"": -4}",,
n17_lean_dflt,visible_fine,breastcancer,4,559,77,ok,0.0029,4,0.10988635410826104,0.10896621,0.0009201441082610506,0.9897930292477136,0.9864130434782609,0.1292540653647967,0.6799414659474147,5.868790716129362,"{""Clump_Thickness<=6"": -4, ""Cell_Shape_Uniformity<=2"": -5, ""Bare_Nuclei<=2"": -4, ""Bland_Chromatin<=3"": -4}",,
n17_lean_dflt,visible_fine,breastcancer,5,559,77,ok,0.0049,5,0.09126288961662492,0.09171941,-0.0004565203833750836,0.9933675925139442,0.9867527173913044,0.14296407058274996,1.3777834448340889,12.810574318434316,"{""Clump_Thickness<=8"": -5, ""Cell_Shape_Uniformity<=2"": -3, ""Marginal_Adhesion<=5"": -2, ""Bare_Nuclei<=2"": -2, ""Bland_Chromatin<=3"": -2}",,
n17_lean_dflt,visible_fine,breastcancer,7,559,77,ok,0.0085,7,0.06341246613258157,0.06341247,-3.867418427172531e-09,0.9967864322319432,0.9877717391304348,0.1666565363314187,1.3209609590737177,20.2747399466689,"{""Clump_Thickness<=8"": -5, ""Cell_Shape_Uniformity<=2"": -3, ""Marginal_Adhesion<=5"": -3, ""Bare_Nuclei missing"": -5, ""Bare_Nuclei<=2"": -3, ""Bland_Chromatin<=3"": -2, ""Normal_Nucleoli<=8"": -5}",,
n17_lean_dflt,visible_fine,breastcancer,10,559,77,ok,0.0156,10,0.04400479822442416,0.0453856,-0.0013808017755758406,0.9983436677142615,0.9748641304347826,0.2573356073236228,2.5673289038400027,52.48694071111494,"{""Clump_Thickness<=8"": -5, ""Cell_Shape_Uniformity<=2"": -2, ""Marginal_Adhesion<=4"": 1, ""Marginal_Adhesion<=5"": -2, ""Single_Epi_Cell_Size<=7"": -3, ""Bare_Nuclei missing"": -5, ""Bare_Nuclei<=2"": -2, ""Bland_Chromatin<=3"": -1, ""Bland_Chromatin<=7"": -5, ""Normal_Nucleoli<=8"": -5}",,
n17_lean_dflt,visible_fine,mammo,3,768,70,ok,0.0017,3,0.4642589528311823,0.46425895,2.8311822886095683e-09,0.8505849787280464,0.8586862575626621,0.4535799745199159,1.535163941376819,0.8127872037107182,"{""Age<=64"": -1, ""Shape=4"": 1, ""Margin=1"": -1}",,
n17_lean_dflt,visible_fine,mammo,4,768,70,ok,0.0025,4,0.45493537489228775,0.45493537,4.892287741586898e-09,0.8601607668812044,0.8585242005185826,0.455447203694667,0.3077592581342144,0.6836629880742728,"{""Age<=36"": -5, ""Age<=64"": -4, ""Shape=4"": 5, ""Margin=1"": -5}",,
n17_lean_dflt,visible_fine,mammo,5,768,70,ok,0.003,5,0.4467817627060891,0.44678176,2.706089130555256e-09,0.8646333315152176,0.8568496110630942,0.45711215844539466,0.338126702793946,0.9789501914195403,"{""Age<=36"": -5, ""Age<=64"": -4, ""Shape=4"": 4, ""Margin=1"": -5, ""Margin=missing"": -4}",,
n17_lean_dflt,visible_fine,mammo,7,768,70,ok,0.0038,7,0.4375460850756354,0.43754609,-4.924364582770124e-09,0.8729205301625396,0.8604148660328437,0.4587256047282442,0.40149206273371024,2.346216197045035,"{""Age<=36"": -4, ""Age<=64"": -3, ""Age<=78"": -4, ""Shape=4"": 3, ""Margin=1"": -4, ""Margin=5"": 2, ""Margin=missing"": -3}",,
n17_lean_dflt,visible_fine,mammo,10,768,70,ok,0.008,10,0.42894178134346367,0.42894178,1.3434636736420202e-09,0.8793293880222537,0.8625756266205704,0.45859724596792145,0.6013008176332862,2.451194413732663,"{""Age<=36"": -2, ""Age<=57"": -1, ""Age<=67"": -2, ""Age<=73"": -3, ""Age<=75"": 5, ""Age<=78"": -4, ""Shape=4"": 2, ""Margin=1"": -3, ""Margin=5"": 1, ""Margin=missing"": -2}",,
n17_lean_dflt,visible_fine,mushroom,3,6499,93,ok,0.0132,3,0.06494475825921217,0.06494476,-1.7407878333264293e-09,0.9874906098972489,0.9879991384619118,0.06251595376224649,31.11078666398333,27.777110483210365,"{""odor=n"": -1, ""odor=a"": -5, ""odor=l"": -5}",,
n17_lean_dflt,visible_fine,mushroom,4,6499,93,ok,0.0191,4,0.04620983842941713,0.04620984,-1.5705828720902204e-09,0.9965921110050961,0.9970172277281786,0.04346526280872525,22.961800860498617,89.8139137950865,"{""odor=n"": -4, ""odor=a"": -5, ""odor=l"": -5, ""stalk-shape=t"": -2}",,
n17_lean_dflt,visible_fine,mushroom,5,6499,93,ok,0.0412,5,0.03509441663719669,0.03169321,0.003401206637196688,0.9985416300402876,0.9977619728008784,0.04226338224193023,4.0807750171497394,15.53374542937755,"{""odor=n"": -5, ""odor=a"": -5, ""odor=l"": -5, ""stalk-shape=t"": -2, ""population=v"": 1}",,
n17_lean_dflt,visible_fine,mushroom,7,6499,93,ok,0.0464,7,0.019912569847695533,0.0181447,0.0017678698476955336,0.999325458258824,0.997983424492557,0.03730536383841744,4.810519259641005,25.059616845805817,"{""odor=n"": -5, ""odor=a"": -5, ""odor=l"": -5, ""gill-size=b"": -1, ""stalk-surface-below-ring=y"": 1, ""ring-number=o"": -2, ""population=v"": 1}",,
n17_lean_dflt,visible_fine,mushroom,10,6499,93,ok,0.04,10,0.005955302977707087,0.01436421,-0.008408907022292914,0.9999529665138648,0.9998361864198543,0.013627342889156707,6.0442408513899055,38.615881073709225,"{""odor=n"": -4, ""odor=a"": -5, ""odor=l"": -5, ""gill-spacing=w"": -2, ""gill-size=b"": -4, ""stalk-root=b"": 2, ""stalk-root=c"": 4, ""stalk-surface-above-ring=k"": 2, ""ring-number=o"": -3, ""habitat=p"": -2}",,
n17_lean_dflt,visible_fine,spambase,3,3680,1131,ok,0.0204,3,0.3386384742960346,0.33882591,-0.00018743570396539955,0.9147181073140561,0.9180391401799027,0.33351885682465937,0.7430313102936452,-0.3915697747093258,"{""char_freq_%21<=0.077"": -3, ""char_freq_%24<=0.013"": -4, ""word_freq_hp<=0.11"": 5}",,
n17_lean_dflt,visible_fine,spambase,4,3680,1131,ok,0.0208,4,0.2915419341037758,0.29154193,4.103775819164213e-09,0.9367391371578786,0.9432521697917593,0.27686583088046207,0.6883749873287549,2.641617649975776,"{""char_freq_%21<=0.077"": -3, ""char_freq_%24<=0.013"": -4, ""word_freq_remove<=0"": -5, ""word_freq_hp<=0.11"": 5}",,
n17_lean_dflt,visible_fine,spambase,5,3680,1131,ok,0.0204,5,0.26141695967548345,0.26141696,-3.245165247633963e-10,0.9503703417349622,0.9554958183990442,0.24714096306522257,0.7298629245545606,2.585102884547009,"{""char_freq_%21<=0.195"": -3, ""capital_run_length_longest<=9"": -3, ""char_freq_%24<=0.013"": -3, ""word_freq_remove<=0"": -4, ""word_freq_hp<=0.11"": 5}",,
n17_lean_dflt,visible_fine,spambase,7,3680,1131,ok,0.0362,7,0.21592163165121409,0.21592163,1.651214082132313e-09,0.9679877841348384,0.969042823148395,0.21453963610301338,0.7580484625579073,-4.084510973232119,"{""char_freq_%21<=0.107"": -2, ""capital_run_length_longest<=10"": -3, ""char_freq_%24<=0"": -3, ""word_freq_remove<=0"": -4, ""word_freq_hp<=0.11"": 5, ""word_freq_george<=0"": 5, ""word_freq_edu<=0"": 4}",,
n17_lean_dflt,visible_fine,spambase,10,3680,1131,ok,0.0398,10,0.18752849719185086,0.18851227,-0.0009837728081491526,0.97590675738364,0.9781465683225214,0.18193305488769196,0.7636706609405642,-8.790498527245267,"{""char_freq_%21<=0.168"": -2, ""capital_run_length_longest<=9"": -3, ""char_freq_%24<=0"": -3, ""word_freq_remove<=0"": -3, ""word_freq_hp<=0.11"": 5, ""word_freq_our<=0.1"": -2, ""word_freq_george<=0"": 5, ""word_freq_1999<=0.05"": 2, ""word_freq_edu<=0"": 4, ""word_freq_meeting<=0.52"": 5}",,
n17_lean_dflt,visible_fine,fico,3,8000,766,ok,0.0275,3,0.5912711996636217,0.58953935,0.0017318496636217207,0.743071875,0.7439635000000001,0.5902824419699297,0.23507608961646675,-2.039578634856734,"{""ExternalRiskEstimate<=70"": 5, ""ExternalRiskEstimate<=81"": 5, ""MSinceMostRecentInqexcl7days<=0"": 3}",,
n17_lean_dflt,visible_fine,fico,4,8000,766,ok,0.0206,4,0.578301282868575,0.57830128,2.868574933145851e-09,0.75924834375,0.7619825,0.5757448960560195,0.42933634476584676,-1.7310502347888976,"{""ExternalRiskEstimate<=70"": 3, ""ExternalRiskEstimate<=78"": 2, ""MSinceMostRecentInqexcl7days<=-8"": -3, ""MSinceMostRecentInqexcl7days<=0"": 2}",,
n17_lean_dflt,visible_fine,fico,5,8000,766,ok,0.0236,5,0.568635834008396,0.56863583,4.008396059518304e-09,0.7725924687499999,0.7647760000000001,0.5775322978761506,0.39433108126532884,-2.164255037479798,"{""ExternalRiskEstimate<=70"": 3, ""ExternalRiskEstimate<=80"": 3, ""NumSatisfactoryTrades<=13"": 2, ""MSinceMostRecentInqexcl7days<=-8"": -4, ""MSinceMostRecentInqexcl7days<=0"": 2}",,
n17_lean_dflt,visible_fine,fico,7,8000,766,ok,0.0279,7,0.5594763144827649,0.55947631,4.482764937030481e-09,0.78412565625,0.7703495,0.5761539370666305,0.3778642386870761,-1.3103433169421947,"{""ExternalRiskEstimate<=70"": 3, ""ExternalRiskEstimate<=80"": 2, ""AverageMInFile<=69"": 1, ""NumSatisfactoryTrades<=13"": 2, ""MSinceMostRecentInqexcl7days<=-8"": -4, ""MSinceMostRecentInqexcl7days<=0"": 2, ""NetFractionRevolvingBurden<=59"": -2}",,
n17_lean_dflt,visible_fine,fico,10,8000,766,ok,0.052,10,0.5521170191051826,0.5519473,0.00016971910518259747,0.7917552812499999,0.7769625,0.5687013086274016,0.3370838911472333,-1.4029207479548949,"{""ExternalRiskEstimate<=63"": 2, ""ExternalRiskEstimate<=70"": 2, ""ExternalRiskEstimate<=80"": 3, ""AverageMInFile<=69"": 1, ""NumSatisfactoryTrades<=13"": 2, ""NumSatisfactoryTrades<=27"": 1, ""PercentInstallTrades<=46"": -1, ""MSinceMostRecentInqexcl7days<=-8"": -5, ""MSinceMostRecentInqexcl7days<=0"": 2, ""NetFractionRevolvingBurden<=59"": -2}",,
n17_lean_dflt,visible_fine,compas,3,4222,84,ok,0.0045,3,0.6220331342344223,0.62206527,-3.2135765577701036e-05,0.6978824940955202,0.7071138818600331,0.6159883804506551,0.21629128872095,0.6943279170117636,"{""age<=33"": 4, ""priors_count<=1"": -4, ""priors_count<=6"": -5}",,
n17_lean_dflt,visible_fine,compas,4,4222,84,ok,0.0052,4,0.6152169417759631,0.61521694,1.775963043293416e-09,0.7151984733924592,0.7211947894882713,0.6103439885124692,0.1922687841371004,0.5629771182984731,"{""age<=22"": 4, ""age<=33"": 4, ""priors_count<=1"": -5, ""priors_count<=5"": -5}",,
n17_lean_dflt,visible_fine,compas,5,4222,84,ok,0.0059,5,0.6126829651610763,0.61162559,0.0010573751610762905,0.7190452802893961,0.7253323158989717,0.6081111344688189,0.2316799558142017,1.2146885501793756,"{""age<=22"": 3, ""age<=33"": 3, ""juv_other_count<=0"": -3, ""priors_count<=1"": -4, ""priors_count<=5"": -4}",,
n17_lean_dflt,visible_fine,compas,7,4222,84,ok,0.0168,7,0.607632307827031,0.60747909,0.00015321782703103803,0.7257089879604459,0.732813697929977,0.6028085662463933,0.18160994753881984,0.8379331959869679,"{""age<=22"": 4, ""age<=33"": 3, ""age<=52"": 3, ""juv_other_count<=0"": -3, ""priors_count<=0"": -3, ""priors_count<=2"": -4, ""priors_count<=6"": -5}",,
n17_lean_dflt,visible_fine,compas,10,4222,84,ok,0.0184,10,0.6036937432927594,0.60336068,0.0003330632927593946,0.7327328869168257,0.7442346386008358,0.5957769531881018,0.17556917497383853,0.5043357886520844,"{""sex=1"": 2, ""age<=20"": 5, ""age<=23"": 3, ""age<=33"": 3, ""age<=52"": 3, ""juv_other_count<=0"": -3, ""priors_count<=0"": -2, ""priors_count<=1"": -2, ""priors_count<=2"": -3, ""priors_count<=6"": -5}",,
n17_lean_dflt,visible_fine,australian,3,552,386,ok,0.0031,3,0.3334595924613572,0.33345959,2.461357229144312e-09,0.9205457250650937,0.8983393655524803,0.3955851585828035,0.8591115778893618,2.08023181038746,"{""A3<=8"": 3, ""A8=0"": -5, ""A9=0"": -2}",,
n17_lean_dflt,visible_fine,australian,4,552,386,ok,0.0049,4,0.31639007817441245,0.31639008,-1.8255875700035062e-09,0.928662521919337,0.9251649989354906,0.34031206044995876,0.8462027124697711,3.8101456898485484,"{""A3<=6"": 3, ""A8=0"": -5, ""A10<=4"": -2, ""A14<=109"": -2}",,
n17_lean_dflt,visible_fine,australian,5,552,386,ok,0.0066,5,0.3069960122250742,0.30699601,2.225074235973068e-09,0.9381077634305754,0.940387481371088,0.31793332819856995,0.8281480021468731,4.074353827172773,"{""A3<=6"": 4, ""A7<=26"": -1, ""A8=0"": -5, ""A10<=4"": -2, ""A14<=109"": -2}",,
n17_lean_dflt,visible_fine,australian,7,552,386,ok,0.0094,7,0.29335111458142465,0.29335111,4.5814246285580396e-09,0.9434613953982678,0.9426229508196722,0.3099377409320278,0.8314655763799218,3.3527843342368024,"{""A3<=6"": 4, ""A4=2"": 1, ""A5=14"": 3, ""A7<=26"": -1, ""A8=0"": -5, ""A10<=4"": -2, ""A14<=102"": -2}",,
n17_lean_dflt,visible_fine,australian,10,552,386,ok,0.0121,10,0.2771418356781466,0.27794018,-0.0007983443218533837,0.9508342632445932,0.931126250798382,0.3320231240479421,0.8336086423650445,3.3091800098110524,"{""A3<=6"": 4, ""A4=2"": 1, ""A5=1"": -2, ""A5=14"": 3, ""A6=5"": -2, ""A7<=33"": -1, ""A8=0"": -5, ""A10<=4"": -2, ""A13<=32"": 1, ""A14<=102"": -2}",,
n17_lean_dflt,visible_fine,heart,3,216,269,ok,0.002,3,0.36992936807125765,0.36992937,-1.928742332513167e-09,0.9038194444444444,0.726388888888889,0.7014964689372695,0.5510008376010682,4.139216004364101,"{""chest<=3"": -4, ""oldpeak<=1.6"": -5, ""thal<=3"": -4}",,
n17_lean_dflt,visible_fine,heart,4,216,269,ok,0.0025,4,0.3446659600305772,0.34466596,3.057720743271375e-11,0.9223958333333333,0.8180555555555556,0.5328561742912339,0.5129785708505252,4.7985996472071,"{""chest<=3"": -4, ""oldpeak<=1.6"": -5, ""number_of_major_vessels<=0"": -3, ""thal<=3"": -4}",,
n17_lean_dflt,visible_fine,heart,5,216,269,ok,0.0039,5,0.32897279782053024,0.3289728,-2.179469771323994e-09,0.9290798611111111,0.825,0.552975705450173,0.49209390722871005,5.333904937584557,"{""chest<=3"": -4, ""resting_electrocardiographic_results<=0"": -2, ""oldpeak<=1.6"": -5, ""number_of_major_vessels<=0"": -3, ""thal<=3"": -5}",,
n17_lean_dflt,visible_fine,heart,7,216,269,ok,0.0069,7,0.3059739810140434,0.30597398,1.014043404801157e-09,0.9392795138888889,0.8368055555555556,0.5489821554997436,0.5672251941294568,5.625255393431068,"{""chest<=3"": -4, ""resting_blood_pressure<=106"": -4, ""resting_electrocardiographic_results<=0"": -2, ""oldpeak<=0.5"": -2, ""oldpeak<=1.6"": -3, ""number_of_major_vessels<=0"": -3, ""thal<=3"": -4}",,
n17_lean_dflt,visible_fine,heart,10,216,269,ok,0.0139,10,0.2607346962299926,0.27071036,-0.00997566377000736,0.9559027777777778,0.7944444444444444,0.7986024211810019,0.7843470937369758,3.9344342133025862,"{""age<=59"": -5, ""age<=63"": 5, ""sex=1"": 3, ""chest<=3"": -3, ""resting_blood_pressure<=106"": -3, ""resting_electrocardiographic_results<=0"": -2, ""oldpeak<=0.5"": -2, ""oldpeak<=1.6"": -2, ""number_of_major_vessels<=0"": -2, ""thal<=6"": -3}",,
n17_lean_dflt,visible_fine,ionosphere,3,280,2365,ok,0.0054,3,0.23604527555841384,0.23744933,-0.0014040544415861445,0.9293102494607002,0.9539130434782608,0.1791224696888842,3.239243526498671,0.606149015363003,"{""a03<=0.1859"": 5, ""a05<=0.00428"": 5, ""a27<=0.99842"": -1}",,
n17_lean_dflt,visible_fine,ionosphere,4,280,2365,ok,0.008,4,0.19066309505761092,0.19434648,-0.0036833849423890674,0.9300569721776646,0.9,0.23344977500622807,4.739950912335308,-2.5427262266860304,"{""a03<=0.1859"": 5, ""a05<=0.00428"": 5, ""a08<=-1"": 5, ""a14<=-0.59043"": 1}",,
n17_lean_dflt,visible_fine,ionosphere,5,280,2365,ok,0.0086,5,0.1480362066845357,0.15752201,-0.00948580331546428,0.9543946014713203,0.9352173913043478,0.44133183748967264,4.598872882800688,-2.979854743037624,"{""a03<=0.1859"": 5, ""a04<=-0.61"": 1, ""a05<=0.00428"": 5, ""a06<=-0.76087"": 5, ""a08<=-0.93597"": 1}",,
n17_lean_dflt,visible_fine,ionosphere,7,280,2365,ok,0.0121,7,0.10302646819930998,0.11088328,-0.00785681180069002,0.9847613252945405,0.9708695652173913,0.24609855953940102,2.597687095914857,-2.9519797216536476,"{""a03<=0.1859"": 5, ""a03<=0.7381"": 1, ""a04<=-0.61"": 2, ""a05<=0.00428"": 5, ""a06<=-0.76087"": 5, ""a08<=-0.67273"": 2, ""a28<=0.13758"": -1}",,
n17_lean_dflt,visible_fine,ionosphere,10,280,2365,ok,0.0192,10,0.05350582262112952,0.05612876,-0.0026229373788704824,0.9969024835444439,0.9534782608695651,0.4734952079214297,2.154519062730981,0.7159227571486767,"{""a03<=0.43636"": 3, ""a04<=-0.61"": 5, ""a05<=0.00428"": 5, ""a06<=-0.23067"": 3, ""a06<=0.125"": 2, ""a08<=-1"": 5, ""a27<=0.99842"": -5, ""a29<=0.72435"": 4, ""a31<=0.14312"": 1, ""a34<=0.7979"": -4}",,
n17_lean_dflt,visible_fine,ilpd,3,466,460,ok,0.0026,3,0.500502317034914,0.50050232,-2.965085954542701e-09,0.7425545846598478,0.7276754075124026,0.5281068552264494,1.0646325089879534,-3.390770746021069,"{""V4<=1"": 2, ""V5<=210"": 1, ""V6<=11"": 5}",,
n17_lean_dflt,visible_fine,ilpd,4,466,460,ok,0.0035,4,0.4915753759990908,0.49157538,-4.000909215040593e-09,0.7555262028946239,0.732813607370659,0.5296214418629651,1.098398495080649,-3.600945887475859,"{""V1<=22"": 1, ""V4<=1"": 2, ""V5<=210"": 1, ""V6<=11"": 5}",,
n17_lean_dflt,visible_fine,ilpd,5,466,460,ok,0.004,5,0.4831814014923315,0.48388697,-0.0007055685076685081,0.7655061076113708,0.7572643515237419,0.5077622342886491,1.055750884150251,-8.753111926588451,"{""V1<=25"": 1, ""V4<=1"": 2, ""V5<=210"": 1, ""V6<=11"": 5, ""V7<=298"": 5}",,
n17_lean_dflt,visible_fine,ilpd,7,466,460,ok,0.0125,7,0.4690289719629783,0.47269884,-0.003669868037021684,0.7797421481632009,0.7588589652728561,0.4954217497873115,1.136742006114147,-14.875314930658758,"{""V1<=22"": 1, ""V1<=65"": 1, ""V3<=1.6"": 1, ""V4<=3.6"": 5, ""V5<=210"": 1, ""V6<=11"": 5, ""V7<=298"": 5}",,
n17_lean_dflt,visible_fine,ilpd,10,466,460,ok,0.014,10,0.4513001844370784,0.45846233,-0.007162145562921551,0.7976472713314818,0.7792345854004253,0.49123883948123015,1.0397801337680825,-13.524805902940416,"{""V1<=22"": 1, ""V1<=65"": 1, ""V3<=1.6"": 1, ""V4<=1.2"": 3, ""V4<=2.2"": -4, ""V4<=3.6"": 5, ""V5<=210"": 1, ""V6<=11"": 5, ""V6<=64"": 1, ""V7<=298"": 5}",,
n17_lean_dflt,visible_fine,magic,3,10000,990,ok,0.0219,3,0.47266481614463357,0.47317033,-0.0005055138553664018,0.8154068665741663,0.795121833107697,0.49815694710272074,0.5856555076657081,3.2332676077042977,"{""fLength:<=106.655"": -5, ""fSize:<=2.4526"": -2, ""fAlpha:<=15.9662"": -4}",,
n17_lean_dflt,visible_fine,magic,4,10000,990,ok,0.0241,4,0.4531194965995662,0.45662971,-0.003510213400433837,0.8401730232605471,0.8203022193774964,0.47834449908329607,0.5334195738705512,3.295130451839062,"{""fLength:<=102.9"": -5, ""fSize:<=2.4526"": -2, ""fAlpha:<=9.3801"": -3, ""fAlpha:<=27.106"": -3}",,
n17_lean_dflt,visible_fine,magic,5,10000,990,ok,0.0318,5,0.43801139165408093,0.43822071,-0.00020931834591908505,0.8498440459722681,0.833352633488647,0.4627010477866255,0.5172085479880696,3.1719594191280893,"{""fLength:<=102.9"": -5, ""fWidth:<=10.8615"": 3, ""fSize:<=2.4409"": -4, ""fAlpha:<=9.8037"": -3, ""fAlpha:<=31.8311"": -3}",,
n17_lean_dflt,visible_fine,magic,7,10000,990,ok,0.0428,7,0.41428385349369745,0.41607444,-0.0017905865063025383,0.8651654084719962,0.8451867869031252,0.4448081011617314,0.4583197858910253,3.7195308324905856,"{""fLength:<=106.655"": -4, ""fWidth:<=14.4254"": 3, ""fWidth:<=39.6681"": -4, ""fSize:<=2.4526"": -4, ""fM3Long:<=-34.8805"": 4, ""fAlpha:<=9.3801"": -4, ""fAlpha:<=31.8311"": -3}",,
n17_lean_dflt,visible_fine,magic,10,10000,990,ok,0.0621,10,0.3944185696842389,0.3944935,-7.493031576111253e-05,0.8799513451857341,0.8538771204729732,0.43797832503445006,0.4348483543130243,4.657495926186869,"{""fLength:<=48.6294"": -2, ""fLength:<=117.868"": -5, ""fWidth:<=9.6076"": 3, ""fWidth:<=14.6515"": 3, ""fWidth:<=39.6681"": -4, ""fSize:<=2.2844"": -3, ""fSize:<=2.4526"": -3, ""fM3Long:<=-28.201"": 3, ""fAlpha:<=9.3801"": -4, ""fAlpha:<=31.8311"": -4}",,
n17_lean_dflt,visible_fine,haberman,3,244,74,ok,0.0018,3,0.4865797112564729,0.48657971,1.2564729257036333e-09,0.732359260850881,0.5957880434782609,0.578340864242457,0.5955581886389762,0.5023029937748701,"{""Age_of_patient_at_time_of_operation<=40"": -3, ""Patients_year_of_operation=61"": -4, ""Number_of_positive_axillary_nodes_detected<=4"": -3}",,
n17_lean_dflt,visible_fine,haberman,4,244,74,ok,0.0022,4,0.476187914490786,0.47618791,4.490786020827642e-09,0.7542758917060594,0.5842391304347826,0.600787028770124,0.5898011887089549,0.3494031441692346,"{""Age_of_patient_at_time_of_operation<=40"": -3, ""Patients_year_of_operation=65"": 2, ""Patients_year_of_operation=61"": -4, ""Number_of_positive_axillary_nodes_detected<=4"": -3}",,
n17_lean_dflt,visible_fine,haberman,5,244,74,ok,0.0025,5,0.47289215855900185,0.47289216,-1.440998154134121e-09,0.7634293081220455,0.6161684782608695,0.5943167541283688,0.6068013854693447,0.31468450090216815,"{""Age_of_patient_at_time_of_operation<=40"": -3, ""Patients_year_of_operation=58"": 1, ""Patients_year_of_operation=65"": 2, ""Patients_year_of_operation=61"": -4, ""Number_of_positive_axillary_nodes_detected<=4"": -3}",,
n17_lean_dflt,visible_fine,haberman,7,244,74,ok,0.0042,7,0.461893609635721,0.46189361,-3.642789958568926e-10,0.7895573700042974,0.6317934782608696,0.5998144425629623,0.5036724881797193,0.6834962329520259,"{""Age_of_patient_at_time_of_operation<=40"": -4, ""Age_of_patient_at_time_of_operation<=53"": 2, ""Age_of_patient_at_time_of_operation<=59"": -2, ""Patients_year_of_operation=58"": 1, ""Patients_year_of_operation=65"": 2, ""Patients_year_of_operation=61"": -5, ""Number_of_positive_axillary_nodes_detected<=4"": -4}",,
n17_lean_dflt,visible_fine,haberman,10,244,74,ok,0.0064,10,0.44772765445291673,0.44772765,4.4529167575468875e-09,0.7987537602062742,0.5991847826086957,0.6341021738764315,0.5166315905863658,0.3273891307935937,"{""Age_of_patient_at_time_of_operation<=40"": -5, ""Age_of_patient_at_time_of_operation<=53"": 2, ""Age_of_patient_at_time_of_operation<=59"": -2, ""Patients_year_of_operation=65"": 2, ""Patients_year_of_operation=61"": -5, ""Number_of_positive_axillary_nodes_detected<=4"": -3, ""Number_of_positive_axillary_nodes_detected<=8"": -3, ""Number_of_positive_axillary_nodes_detected<=13"": 4, ""Number_of_positive_axillary_nodes_detected<=20"": -5, ""Number_of_positive_axillary_nodes_detected<=24"": 4}",,
n17_lean_ms,visible_fine,adult,3,10000,258,ok,0.0182,3,0.3671162746559234,0.36711627,4.655923369067949e-09,0.853343257038146,0.8666493464017809,0.35400306513843444,0.84415993827463,2.471902200844959,"{""education-num<=12"": -2, ""marital-status=Married-civ-spouse"": 3, ""capital-gain<=5013"": -5}",,
n17_lean_ms,visible_fine,adult,4,10000,258,ok,0.0179,4,0.354027535415628,0.35402754,-4.584371993132663e-09,0.867857787747017,0.878962999694038,0.34198044775699526,0.7824470170234245,2.442669944907773,"{""age<=29"": -2, ""education-num<=12"": -2, ""marital-status=Married-civ-spouse"": 3, ""capital-gain<=5013"": -5}",,
n17_lean_ms,visible_fine,adult,5,10000,258,ok,0.0195,5,0.34452315812870404,0.34452316,-1.871295951527685e-09,0.8752699129966457,0.8847547380156076,0.33495430876724414,0.7691062151903171,4.599419580021881,"{""age<=29"": -2, ""education-num<=12"": -2, ""marital-status=Married-civ-spouse"": 3, ""capital-gain<=5013"": -5, ""capital-loss<=1876"": -3}",,
n17_lean_ms,visible_fine,adult,7,10000,258,ok,0.0266,7,0.3325053238010969,0.33250532,3.801096881694832e-09,0.8920964651347421,0.8957487102117468,0.3275236272465647,0.7183392660288409,4.862573908448815,"{""age<=31"": -2, ""education-num<=7"": -2, ""education-num<=12"": -2, ""marital-status=Married-civ-spouse"": 3, ""capital-gain<=5013"": -5, ""capital-loss<=1876"": -3, ""hours-per-week<=41"": -1}",,
n17_lean_ms,visible_fine,adult,10,10000,258,ok,0.0347,10,0.3258289638739257,0.32506053,0.0007684338739256669,0.8979009370204747,0.8976688857706552,0.3250473245825707,0.7576572876036468,4.983404191726282,"{""age<=31"": -2, ""education-num<=7"": -1, ""education-num<=9"": -1, ""education-num<=12"": -1, ""marital-status=Married-civ-spouse"": 3, ""occupation=Other-service"": -1, ""occupation=Farming-fishing"": -2, ""capital-gain<=5013"": -5, ""capital-loss<=1876"": -3, ""hours-per-week<=41"": -1}",,
n17_lean_ms,visible_fine,bank,3,10000,340,ok,0.0185,3,0.26854655536089306,0.2685542,-7.644639106962892e-06,0.8180791009669832,0.8145194312090531,0.27101709701993304,0.6439299365086808,-0.4744682112692753,"{""V12<=129"": -3, ""V12<=474"": -3, ""V16=success"": 5}",,
n17_lean_ms,visible_fine,bank,4,10000,340,ok,0.0206,4,0.2595064308802745,0.25957455,-6.811911972554041e-05,0.854751914123375,0.8436073059360731,0.265030783964107,1.0112641688331407,0.10283678544046833,"{""V7=yes"": -1, ""V12<=129"": -2, ""V12<=474"": -2, ""V16=success"": 3}",,
n17_lean_ms,visible_fine,bank,5,10000,340,ok,0.0237,5,0.2536494358426599,0.25364944,-4.157340083299488e-09,0.8655168375100424,0.8528188281715307,0.2611699412916471,0.9416772020728559,0.26709800232213954,"{""V7=yes"": -1, ""V9=unknown"": -1, ""V12<=153"": -2, ""V12<=474"": -2, ""V16=success"": 3}",,
n17_lean_ms,visible_fine,bank,7,10000,340,ok,0.0411,7,0.24343667657451898,0.24354722,-0.00011054342548103002,0.8796434068008245,0.8623925141453246,0.2564712013377768,0.7856927040396399,1.1948758721208308,"{""V7=yes"": -1, ""V9=unknown"": -1, ""V11=mar"": 3, ""V12<=153"": -2, ""V12<=439"": -2, ""V12<=813"": -2, ""V16=success"": 4}",,
n17_lean_ms,visible_fine,bank,10,10000,340,ok,0.0487,10,0.2341474177491585,0.23414742,-2.25084148541832e-09,0.8947376368440922,0.8783750248163588,0.2512544459876204,0.5826522007148898,1.9362660842495167,"{""V1<=25"": 2, ""V1<=59"": -2, ""V7=yes"": -1, ""V9=unknown"": -2, ""V11=oct"": 3, ""V11=mar"": 4, ""V12<=153"": -3, ""V12<=439"": -3, ""V12<=813"": -2, ""V16=success"": 5}",,
n17_lean_ms,visible_fine,breastcancer,3,559,77,ok,0.0021,3,0.13073883366191835,0.13073883,3.661918351882676e-09,0.985220419604179,0.9682971014492754,0.20159298390707078,0.7481878930878423,4.19652756724016,"{""Cell_Shape_Uniformity<=2"": -5, ""Bare_Nuclei<=2"": -4, ""Bland_Chromatin<=3"": -4}",,
n17_lean_ms,visible_fine,breastcancer,4,559,77,ok,0.0029,4,0.10988635410826104,0.10896621,0.0009201441082610506,0.9897930292477136,0.9864130434782609,0.1292540653647967,0.6799414659474147,5.868790716129362,"{""Clump_Thickness<=6"": -4, ""Cell_Shape_Uniformity<=2"": -5, ""Bare_Nuclei<=2"": -4, ""Bland_Chromatin<=3"": -4}",,
n17_lean_ms,visible_fine,breastcancer,5,559,77,ok,0.0051,5,0.09126288961662492,0.09171941,-0.0004565203833750836,0.9933675925139442,0.9867527173913044,0.14296407058274996,1.3777834448340889,12.810574318434316,"{""Clump_Thickness<=8"": -5, ""Cell_Shape_Uniformity<=2"": -3, ""Marginal_Adhesion<=5"": -2, ""Bare_Nuclei<=2"": -2, ""Bland_Chromatin<=3"": -2}",,
n17_lean_ms,visible_fine,breastcancer,7,559,77,ok,0.0087,7,0.06736025667357042,0.06341247,0.0039477866735704165,0.9961423030097115,0.9805253623188406,0.23026168376236542,2.1105032479824826,32.22476823039592,"{""Clump_Thickness<=8"": -5, ""Cell_Shape_Uniformity<=2"": -2, ""Marginal_Adhesion<=9"": -2, ""Single_Epi_Cell_Size<=7"": -3, ""Bare_Nuclei<=2"": -2, ""Bland_Chromatin<=3"": -1, ""Normal_Nucleoli<=8"": -4}",,
n17_lean_ms,visible_fine,breastcancer,10,559,77,ok,0.0164,10,0.0549323347719505,0.0453856,0.009546734771950505,0.9972323678473343,0.9841485507246377,0.2462534887536537,2.2824061075455098,50.61619961359569,"{""Clump_Thickness<=8"": -5, ""Cell_Size_Uniformity<=1"": -2, ""Cell_Shape_Uniformity<=2"": -1, ""Marginal_Adhesion<=9"": -3, ""Single_Epi_Cell_Size<=1"": 2, ""Single_Epi_Cell_Size<=7"": -4, ""Bare_Nuclei<=2"": -3, ""Bland_Chromatin<=3"": -1, ""Bland_Chromatin<=7"": -4, ""Normal_Nucleoli<=8"": -5}",,
n17_lean_ms,visible_fine,mammo,3,768,70,ok,0.0018,3,0.4642589528311823,0.46425895,2.8311822886095683e-09,0.8505849787280464,0.8586862575626621,0.4535799745199159,1.535163941376819,0.8127872037107182,"{""Age<=64"": -1, ""Shape=4"": 1, ""Margin=1"": -1}",,
n17_lean_ms,visible_fine,mammo,4,768,70,ok,0.0026,4,0.45493537489228775,0.45493537,4.892287741586898e-09,0.8601607668812044,0.8585242005185826,0.455447203694667,0.3077592581342144,0.6836629880742728,"{""Age<=36"": -5, ""Age<=64"": -4, ""Shape=4"": 5, ""Margin=1"": -5}",,
n17_lean_ms,visible_fine,mammo,5,768,70,ok,0.0027,5,0.4467817627060891,0.44678176,2.706089130555256e-09,0.8646333315152176,0.8568496110630942,0.45711215844539466,0.338126702793946,0.9789501914195403,"{""Age<=36"": -5, ""Age<=64"": -4, ""Shape=4"": 4, ""Margin=1"": -5, ""Margin=missing"": -4}",,
n17_lean_ms,visible_fine,mammo,7,768,70,ok,0.004,7,0.4375460850756354,0.43754609,-4.924364582770124e-09,0.8729205301625396,0.8604148660328437,0.4587256047282442,0.40149206273371024,2.346216197045035,"{""Age<=36"": -4, ""Age<=64"": -3, ""Age<=78"": -4, ""Shape=4"": 3, ""Margin=1"": -4, ""Margin=5"": 2, ""Margin=missing"": -3}",,
n17_lean_ms,visible_fine,mammo,10,768,70,ok,0.006,10,0.42894178134346367,0.42894178,1.3434636736420202e-09,0.8793293880222537,0.8625756266205704,0.45859724596792145,0.6013008176332862,2.451194413732663,"{""Age<=36"": -2, ""Age<=57"": -1, ""Age<=67"": -2, ""Age<=73"": -3, ""Age<=75"": 5, ""Age<=78"": -4, ""Shape=4"": 2, ""Margin=1"": -3, ""Margin=5"": 1, ""Margin=missing"": -2}",,
n17_lean_ms,visible_fine,mushroom,3,6499,93,ok,0.0138,3,0.06494475825921217,0.06494476,-1.7407878333264293e-09,0.9874906098972489,0.9879991384619118,0.06251595376224649,31.11078666398333,27.777110483210365,"{""odor=n"": -1, ""odor=a"": -5, ""odor=l"": -5}",,
n17_lean_ms,visible_fine,mushroom,4,6499,93,ok,0.0248,4,0.04620983842941713,0.04620984,-1.5705828720902204e-09,0.9965921110050961,0.9970172277281786,0.04346526280872525,22.961800860498617,89.8139137950865,"{""odor=n"": -4, ""odor=a"": -5, ""odor=l"": -5, ""stalk-shape=t"": -2}",,
n17_lean_ms,visible_fine,mushroom,5,6499,93,ok,0.0384,5,0.03509441663719669,0.03169321,0.003401206637196688,0.9985416300402876,0.9977619728008784,0.04226338224193023,4.0807750171497394,15.53374542937755,"{""odor=n"": -5, ""odor=a"": -5, ""odor=l"": -5, ""stalk-shape=t"": -2, ""population=v"": 1}",,
n17_lean_ms,visible_fine,mushroom,7,6499,93,ok,0.0485,7,0.019912569847695533,0.0181447,0.0017678698476955336,0.999325458258824,0.997983424492557,0.03730536383841744,4.810519259641005,25.059616845805817,"{""odor=n"": -5, ""odor=a"": -5, ""odor=l"": -5, ""gill-size=b"": -1, ""stalk-surface-below-ring=y"": 1, ""ring-number=o"": -2, ""population=v"": 1}",,
n17_lean_ms,visible_fine,mushroom,10,6499,93,ok,0.0397,10,0.005955302977707087,0.01436421,-0.008408907022292914,0.9999529665138648,0.9998361864198543,0.013627342889156707,6.0442408513899055,38.615881073709225,"{""odor=n"": -4, ""odor=a"": -5, ""odor=l"": -5, ""gill-spacing=w"": -2, ""gill-size=b"": -4, ""stalk-root=b"": 2, ""stalk-root=c"": 4, ""stalk-surface-above-ring=k"": 2, ""ring-number=o"": -3, ""habitat=p"": -2}",,
n17_lean_ms,visible_fine,spambase,3,3680,1131,ok,0.0209,3,0.3386384742960346,0.33882591,-0.00018743570396539955,0.9147181073140561,0.9180391401799027,0.33351885682465937,0.7430313102936452,-0.3915697747093258,"{""char_freq_%21<=0.077"": -3, ""char_freq_%24<=0.013"": -4, ""word_freq_hp<=0.11"": 5}",,
n17_lean_ms,visible_fine,spambase,4,3680,1131,ok,0.0208,4,0.2915419341037758,0.29154193,4.103775819164213e-09,0.9367391371578786,0.9432521697917593,0.27686583088046207,0.6883749873287549,2.641617649975776,"{""char_freq_%21<=0.077"": -3, ""char_freq_%24<=0.013"": -4, ""word_freq_remove<=0"": -5, ""word_freq_hp<=0.11"": 5}",,
n17_lean_ms,visible_fine,spambase,5,3680,1131,ok,0.0207,5,0.26141695967548345,0.26141696,-3.245165247633963e-10,0.9503703417349622,0.9554958183990442,0.24714096306522257,0.7298629245545606,2.585102884547009,"{""char_freq_%21<=0.195"": -3, ""capital_run_length_longest<=9"": -3, ""char_freq_%24<=0.013"": -3, ""word_freq_remove<=0"": -4, ""word_freq_hp<=0.11"": 5}",,
n17_lean_ms,visible_fine,spambase,7,3680,1131,ok,0.0233,7,0.21592163165121409,0.21592163,1.651214082132313e-09,0.9679877841348384,0.969042823148395,0.21453963610301338,0.7580484625579073,-4.084510973232119,"{""char_freq_%21<=0.107"": -2, ""capital_run_length_longest<=10"": -3, ""char_freq_%24<=0"": -3, ""word_freq_remove<=0"": -4, ""word_freq_hp<=0.11"": 5, ""word_freq_george<=0"": 5, ""word_freq_edu<=0"": 4}",,
n17_lean_ms,visible_fine,spambase,10,3680,1131,ok,0.0439,10,0.18752849719185086,0.18851227,-0.0009837728081491526,0.97590675738364,0.9781465683225214,0.18193305488769196,0.7636706609405642,-8.790498527245267,"{""char_freq_%21<=0.168"": -2, ""capital_run_length_longest<=9"": -3, ""char_freq_%24<=0"": -3, ""word_freq_remove<=0"": -3, ""word_freq_hp<=0.11"": 5, ""word_freq_our<=0.1"": -2, ""word_freq_george<=0"": 5, ""word_freq_1999<=0.05"": 2, ""word_freq_edu<=0"": 4, ""word_freq_meeting<=0.52"": 5}",,
n17_lean_ms,visible_fine,fico,3,8000,766,ok,0.0178,3,0.5912711996636217,0.58953935,0.0017318496636217207,0.743071875,0.7439635000000001,0.5902824419699297,0.23507608961646675,-2.039578634856734,"{""ExternalRiskEstimate<=70"": 5, ""ExternalRiskEstimate<=81"": 5, ""MSinceMostRecentInqexcl7days<=0"": 3}",,
n17_lean_ms,visible_fine,fico,4,8000,766,ok,0.0213,4,0.578301282868575,0.57830128,2.868574933145851e-09,0.75924834375,0.7619825,0.5757448960560195,0.42933634476584676,-1.7310502347888976,"{""ExternalRiskEstimate<=70"": 3, ""ExternalRiskEstimate<=78"": 2, ""MSinceMostRecentInqexcl7days<=-8"": -3, ""MSinceMostRecentInqexcl7days<=0"": 2}",,
n17_lean_ms,visible_fine,fico,5,8000,766,ok,0.0358,5,0.568635834008396,0.56863583,4.008396059518304e-09,0.7725924687499999,0.7647760000000001,0.5775322978761506,0.39433108126532884,-2.164255037479798,"{""ExternalRiskEstimate<=70"": 3, ""ExternalRiskEstimate<=80"": 3, ""NumSatisfactoryTrades<=13"": 2, ""MSinceMostRecentInqexcl7days<=-8"": -4, ""MSinceMostRecentInqexcl7days<=0"": 2}",,
n17_lean_ms,visible_fine,fico,7,8000,766,ok,0.0296,7,0.5594763144827649,0.55947631,4.482764937030481e-09,0.78412565625,0.7703495,0.5761539370666305,0.3778642386870761,-1.3103433169421947,"{""ExternalRiskEstimate<=70"": 3, ""ExternalRiskEstimate<=80"": 2, ""AverageMInFile<=69"": 1, ""NumSatisfactoryTrades<=13"": 2, ""MSinceMostRecentInqexcl7days<=-8"": -4, ""MSinceMostRecentInqexcl7days<=0"": 2, ""NetFractionRevolvingBurden<=59"": -2}",,
n17_lean_ms,visible_fine,fico,10,8000,766,ok,0.0501,10,0.5521170191051826,0.5519473,0.00016971910518259747,0.7917552812499999,0.7769625,0.5687013086274016,0.3370838911472333,-1.4029207479548949,"{""ExternalRiskEstimate<=63"": 2, ""ExternalRiskEstimate<=70"": 2, ""ExternalRiskEstimate<=80"": 3, ""AverageMInFile<=69"": 1, ""NumSatisfactoryTrades<=13"": 2, ""NumSatisfactoryTrades<=27"": 1, ""PercentInstallTrades<=46"": -1, ""MSinceMostRecentInqexcl7days<=-8"": -5, ""MSinceMostRecentInqexcl7days<=0"": 2, ""NetFractionRevolvingBurden<=59"": -2}",,
n17_lean_ms,visible_fine,compas,3,4222,84,ok,0.0043,3,0.6220331342344223,0.62206527,-3.2135765577701036e-05,0.6978824940955202,0.7071138818600331,0.6159883804506551,0.21629128872095,0.6943279170117636,"{""age<=33"": 4, ""priors_count<=1"": -4, ""priors_count<=6"": -5}",,
n17_lean_ms,visible_fine,compas,4,4222,84,ok,0.0056,4,0.6152169417759631,0.61521694,1.775963043293416e-09,0.7151984733924592,0.7211947894882713,0.6103439885124692,0.1922687841371004,0.5629771182984731,"{""age<=22"": 4, ""age<=33"": 4, ""priors_count<=1"": -5, ""priors_count<=5"": -5}",,
n17_lean_ms,visible_fine,compas,5,4222,84,ok,0.0062,5,0.6126829651610763,0.61162559,0.0010573751610762905,0.7190452802893961,0.7253323158989717,0.6081111344688189,0.2316799558142017,1.2146885501793756,"{""age<=22"": 3, ""age<=33"": 3, ""juv_other_count<=0"": -3, ""priors_count<=1"": -4, ""priors_count<=5"": -4}",,
n17_lean_ms,visible_fine,compas,7,4222,84,ok,0.0115,7,0.607632307827031,0.60747909,0.00015321782703103803,0.7257089879604459,0.732813697929977,0.6028085662463933,0.18160994753881984,0.8379331959869679,"{""age<=22"": 4, ""age<=33"": 3, ""age<=52"": 3, ""juv_other_count<=0"": -3, ""priors_count<=0"": -3, ""priors_count<=2"": -4, ""priors_count<=6"": -5}",,
n17_lean_ms,visible_fine,compas,10,4222,84,ok,0.0276,10,0.6036937432927594,0.60336068,0.0003330632927593946,0.7327328869168257,0.7442346386008358,0.5957769531881018,0.17556917497383853,0.5043357886520844,"{""sex=1"": 2, ""age<=20"": 5, ""age<=23"": 3, ""age<=33"": 3, ""age<=52"": 3, ""juv_other_count<=0"": -3, ""priors_count<=0"": -2, ""priors_count<=1"": -2, ""priors_count<=2"": -3, ""priors_count<=6"": -5}",,
n17_lean_ms,visible_fine,australian,3,552,386,ok,0.0035,3,0.3334595924613572,0.33345959,2.461357229144312e-09,0.9205457250650937,0.8983393655524803,0.3955851585828035,0.8591115778893618,2.08023181038746,"{""A3<=8"": 3, ""A8=0"": -5, ""A9=0"": -2}",,
n17_lean_ms,visible_fine,australian,4,552,386,ok,0.0038,4,0.31639007817441245,0.31639008,-1.8255875700035062e-09,0.928662521919337,0.9251649989354906,0.34031206044995876,0.8462027124697711,3.8101456898485484,"{""A3<=6"": 3, ""A8=0"": -5, ""A10<=4"": -2, ""A14<=109"": -2}",,
n17_lean_ms,visible_fine,australian,5,552,386,ok,0.0046,5,0.3069960122250742,0.30699601,2.225074235973068e-09,0.9381077634305754,0.940387481371088,0.31793332819856995,0.8281480021468731,4.074353827172773,"{""A3<=6"": 4, ""A7<=26"": -1, ""A8=0"": -5, ""A10<=4"": -2, ""A14<=109"": -2}",,
n17_lean_ms,visible_fine,australian,7,552,386,ok,0.0068,7,0.29335111458142465,0.29335111,4.5814246285580396e-09,0.9434613953982678,0.9426229508196722,0.3099377409320278,0.8314655763799218,3.3527843342368024,"{""A3<=6"": 4, ""A4=2"": 1, ""A5=14"": 3, ""A7<=26"": -1, ""A8=0"": -5, ""A10<=4"": -2, ""A14<=102"": -2}",,
n17_lean_ms,visible_fine,australian,10,552,386,ok,0.0129,10,0.2771418356781466,0.27794018,-0.0007983443218533837,0.9508342632445932,0.931126250798382,0.3320231240479421,0.8336086423650445,3.3091800098110524,"{""A3<=6"": 4, ""A4=2"": 1, ""A5=1"": -2, ""A5=14"": 3, ""A6=5"": -2, ""A7<=33"": -1, ""A8=0"": -5, ""A10<=4"": -2, ""A13<=32"": 1, ""A14<=102"": -2}",,
n17_lean_ms,visible_fine,heart,3,216,269,ok,0.0021,3,0.36992936807125765,0.36992937,-1.928742332513167e-09,0.9038194444444444,0.726388888888889,0.7014964689372695,0.5510008376010682,4.139216004364101,"{""chest<=3"": -4, ""oldpeak<=1.6"": -5, ""thal<=3"": -4}",,
n17_lean_ms,visible_fine,heart,4,216,269,ok,0.0027,4,0.3446659600305772,0.34466596,3.057720743271375e-11,0.9223958333333333,0.8180555555555556,0.5328561742912339,0.5129785708505252,4.7985996472071,"{""chest<=3"": -4, ""oldpeak<=1.6"": -5, ""number_of_major_vessels<=0"": -3, ""thal<=3"": -4}",,
n17_lean_ms,visible_fine,heart,5,216,269,ok,0.0053,5,0.32897279782053024,0.3289728,-2.179469771323994e-09,0.9290798611111111,0.825,0.552975705450173,0.49209390722871005,5.333904937584557,"{""chest<=3"": -4, ""resting_electrocardiographic_results<=0"": -2, ""oldpeak<=1.6"": -5, ""number_of_major_vessels<=0"": -3, ""thal<=3"": -5}",,
n17_lean_ms,visible_fine,heart,7,216,269,ok,0.0054,7,0.3082381445867925,0.30597398,0.0022641645867925164,0.9402777777777777,0.8326388888888888,0.5532355877080012,0.5023914071570902,5.938466902136282,"{""chest<=3"": -4, ""serum_cholestoral<=228"": -2, ""resting_electrocardiographic_results<=0"": -2, ""oldpeak<=0.8"": -2, ""oldpeak<=1.6"": -4, ""number_of_major_vessels<=0"": -3, ""thal<=3"": -5}",,
n17_lean_ms,visible_fine,heart,10,216,269,ok,0.0137,10,0.25808096520688845,0.27071036,-0.012629394793111537,0.9569444444444445,0.7805555555555556,0.8322007630275216,0.7568730211987559,3.8102714398427935,"{""age<=59"": -5, ""age<=63"": 5, ""sex=1"": 3, ""chest<=3"": -3, ""serum_cholestoral<=211"": -2, ""resting_electrocardiographic_results<=0"": -2, ""oldpeak<=0.5"": -2, ""oldpeak<=1.5"": -2, ""number_of_major_vessels<=0"": -2, ""thal<=3"": -3}",,
n17_lean_ms,visible_fine,ionosphere,3,280,2365,ok,0.0052,3,0.23604527555841384,0.23744933,-0.0014040544415861445,0.9293102494607002,0.9539130434782608,0.1791224696888842,3.239243526498671,0.606149015363003,"{""a03<=0.1859"": 5, ""a05<=0.00428"": 5, ""a27<=0.99842"": -1}",,
n17_lean_ms,visible_fine,ionosphere,4,280,2365,ok,0.0108,4,0.19066309505761092,0.19434648,-0.0036833849423890674,0.9300569721776646,0.9,0.23344977500622807,4.739950912335308,-2.5427262266860304,"{""a03<=0.1859"": 5, ""a05<=0.00428"": 5, ""a08<=-1"": 5, ""a14<=-0.59043"": 1}",,
n17_lean_ms,visible_fine,ionosphere,5,280,2365,ok,0.0125,5,0.1480362066845357,0.15752201,-0.00948580331546428,0.9543946014713203,0.9352173913043478,0.44133183748967264,4.598872882800688,-2.979854743037624,"{""a03<=0.1859"": 5, ""a04<=-0.61"": 1, ""a05<=0.00428"": 5, ""a06<=-0.76087"": 5, ""a08<=-0.93597"": 1}",,
n17_lean_ms,visible_fine,ionosphere,7,280,2365,ok,0.0128,7,0.10302646819930998,0.11088328,-0.00785681180069002,0.9847613252945405,0.9708695652173913,0.24609855953940102,2.597687095914857,-2.9519797216536476,"{""a03<=0.1859"": 5, ""a03<=0.7381"": 1, ""a04<=-0.61"": 2, ""a05<=0.00428"": 5, ""a06<=-0.76087"": 5, ""a08<=-0.67273"": 2, ""a28<=0.13758"": -1}",,
n17_lean_ms,visible_fine,ionosphere,10,280,2365,ok,0.0247,10,0.05350582262112952,0.05612876,-0.0026229373788704824,0.9969024835444439,0.9534782608695651,0.4734952079214297,2.154519062730981,0.7159227571486767,"{""a03<=0.43636"": 3, ""a04<=-0.61"": 5, ""a05<=0.00428"": 5, ""a06<=-0.23067"": 3, ""a06<=0.125"": 2, ""a08<=-1"": 5, ""a27<=0.99842"": -5, ""a29<=0.72435"": 4, ""a31<=0.14312"": 1, ""a34<=0.7979"": -4}",,
n17_lean_ms,visible_fine,ilpd,3,466,460,ok,0.0029,3,0.503620045705638,0.50050232,0.0031177257056380636,0.745139876718824,0.7404323175053154,0.5234029707991773,0.38009739216490124,-3.3531600602312985,"{""V1<=25"": 3, ""V4<=1"": 5, ""V5<=210"": 3}",,
n17_lean_ms,visible_fine,ilpd,4,466,460,ok,0.0041,4,0.4937304747903503,0.49157538,0.0021550947903503093,0.7615886563254985,0.7863217576187101,0.4870785065642159,0.32540406644999625,-4.175084260499596,"{""V1<=25"": 4, ""V4<=1"": 5, ""V5<=210"": 3, ""V6<=64"": 4}",,
n17_lean_ms,visible_fine,ilpd,5,466,460,ok,0.005,5,0.4842481980445926,0.48388697,0.0003612280445925986,0.7646819752082908,0.7583274273564848,0.4955165850853235,1.147542617950113,-13.958545217912821,"{""V1<=25"": 1, ""V3<=1.6"": 1, ""V4<=3.6"": 5, ""V5<=210"": 1, ""V7<=298"": 5}",,
n17_lean_ms,visible_fine,ilpd,7,466,460,ok,0.0072,7,0.47372994778338384,0.47269884,0.0010311077833838334,0.7819774661879925,0.7939404677533665,0.4644844245663036,1.008825230647851,-14.166780215249,"{""V1<=25"": 1, ""V1<=65"": 1, ""V3<=1.6"": 1, ""V4<=3.6"": 5, ""V5<=210"": 1, ""V6<=64"": 1, ""V7<=298"": 5}",,
n17_lean_ms,visible_fine,ilpd,10,466,460,ok,0.0177,10,0.4607556626983116,0.45846233,0.002293332698311612,0.7957280588859535,0.7884479092841956,0.4720778213499415,1.1427263253213904,-13.93413197742466,"{""V1<=25"": 1, ""V1<=58"": -1, ""V1<=65"": 2, ""V3<=1.6"": 1, ""V4<=2.7"": -2, ""V4<=3.6"": 5, ""V5<=210"": 1, ""V6<=58"": -1, ""V6<=64"": 2, ""V7<=298"": 5}",,
n17_lean_ms,visible_fine,magic,3,10000,990,ok,0.0222,3,0.47266481614463357,0.47317033,-0.0005055138553664018,0.8154068665741663,0.795121833107697,0.49815694710272074,0.5856555076657081,3.2332676077042977,"{""fLength:<=106.655"": -5, ""fSize:<=2.4526"": -2, ""fAlpha:<=15.9662"": -4}",,
n17_lean_ms,visible_fine,magic,4,10000,990,ok,0.0252,4,0.4531194965995662,0.45662971,-0.003510213400433837,0.8401730232605471,0.8203022193774964,0.47834449908329607,0.5334195738705512,3.295130451839062,"{""fLength:<=102.9"": -5, ""fSize:<=2.4526"": -2, ""fAlpha:<=9.3801"": -3, ""fAlpha:<=27.106"": -3}",,
n17_lean_ms,visible_fine,magic,5,10000,990,ok,0.0323,5,0.43801139165408093,0.43822071,-0.00020931834591908505,0.8498440459722681,0.833352633488647,0.4627010477866255,0.5172085479880696,3.1719594191280893,"{""fLength:<=102.9"": -5, ""fWidth:<=10.8615"": 3, ""fSize:<=2.4409"": -4, ""fAlpha:<=9.8037"": -3, ""fAlpha:<=31.8311"": -3}",,
n17_lean_ms,visible_fine,magic,7,10000,990,ok,0.0442,7,0.41428385349369745,0.41607444,-0.0017905865063025383,0.8651654084719962,0.8451867869031252,0.4448081011617314,0.4583197858910253,3.7195308324905856,"{""fLength:<=106.655"": -4, ""fWidth:<=14.4254"": 3, ""fWidth:<=39.6681"": -4, ""fSize:<=2.4526"": -4, ""fM3Long:<=-34.8805"": 4, ""fAlpha:<=9.3801"": -4, ""fAlpha:<=31.8311"": -3}",,
n17_lean_ms,visible_fine,magic,10,10000,990,ok,0.0645,10,0.3944185696842389,0.3944935,-7.493031576111253e-05,0.8799513451857341,0.8538771204729732,0.43797832503445006,0.4348483543130243,4.657495926186869,"{""fLength:<=48.6294"": -2, ""fLength:<=117.868"": -5, ""fWidth:<=9.6076"": 3, ""fWidth:<=14.6515"": 3, ""fWidth:<=39.6681"": -4, ""fSize:<=2.2844"": -3, ""fSize:<=2.4526"": -3, ""fM3Long:<=-28.201"": 3, ""fAlpha:<=9.3801"": -4, ""fAlpha:<=31.8311"": -4}",,
n17_lean_ms,visible_fine,haberman,3,244,74,ok,0.0018,3,0.4865797112564729,0.48657971,1.2564729257036333e-09,0.732359260850881,0.5957880434782609,0.578340864242457,0.5955581886389762,0.5023029937748701,"{""Age_of_patient_at_time_of_operation<=40"": -3, ""Patients_year_of_operation=61"": -4, ""Number_of_positive_axillary_nodes_detected<=4"": -3}",,
n17_lean_ms,visible_fine,haberman,4,244,74,ok,0.0045,4,0.476187914490786,0.47618791,4.490786020827642e-09,0.7542758917060594,0.5842391304347826,0.600787028770124,0.5898011887089549,0.3494031441692346,"{""Age_of_patient_at_time_of_operation<=40"": -3, ""Patients_year_of_operation=65"": 2, ""Patients_year_of_operation=61"": -4, ""Number_of_positive_axillary_nodes_detected<=4"": -3}",,
n17_lean_ms,visible_fine,haberman,5,244,74,ok,0.0025,5,0.47289215855900185,0.47289216,-1.440998154134121e-09,0.7634293081220455,0.6161684782608695,0.5943167541283688,0.6068013854693447,0.31468450090216815,"{""Age_of_patient_at_time_of_operation<=40"": -3, ""Patients_year_of_operation=58"": 1, ""Patients_year_of_operation=65"": 2, ""Patients_year_of_operation=61"": -4, ""Number_of_positive_axillary_nodes_detected<=4"": -3}",,
n17_lean_ms,visible_fine,haberman,7,244,74,ok,0.006,7,0.461893609635721,0.46189361,-3.642789958568926e-10,0.7895573700042974,0.6317934782608696,0.5998144425629623,0.5036724881797193,0.6834962329520259,"{""Age_of_patient_at_time_of_operation<=40"": -4, ""Age_of_patient_at_time_of_operation<=53"": 2, ""Age_of_patient_at_time_of_operation<=59"": -2, ""Patients_year_of_operation=58"": 1, ""Patients_year_of_operation=65"": 2, ""Patients_year_of_operation=61"": -5, ""Number_of_positive_axillary_nodes_detected<=4"": -4}",,
n17_lean_ms,visible_fine,haberman,10,244,74,ok,0.0076,10,0.44886153148200547,0.44772765,0.0011338814820054943,0.7950150408250968,0.673913043478261,0.5857149303845989,0.5570493440662393,0.7499185974142023,"{""Age_of_patient_at_time_of_operation<=40"": -4, ""Age_of_patient_at_time_of_operation<=53"": 2, ""Age_of_patient_at_time_of_operation<=59"": -2, ""Patients_year_of_operation=65"": 2, ""Patients_year_of_operation=61"": -5, ""Number_of_positive_axillary_nodes_detected<=0"": -1, ""Number_of_positive_axillary_nodes_detected<=4"": -2, ""Number_of_positive_axillary_nodes_detected<=8"": -3, ""Number_of_positive_axillary_nodes_detected<=13"": 5, ""Number_of_positive_axillary_nodes_detected<=14"": -3}",,
n17_lean_fine,visible_fine,adult,3,10000,258,ok,0.0162,3,0.3671162746559234,0.36711627,4.655923369067949e-09,0.853343257038146,0.8666493464017809,0.35400306513843444,0.84415993827463,2.471902200844959,"{""education-num<=12"": -2, ""marital-status=Married-civ-spouse"": 3, ""capital-gain<=5013"": -5}",,
n17_lean_fine,visible_fine,adult,4,10000,258,ok,0.0164,4,0.354027535415628,0.35402754,-4.584371993132663e-09,0.867857787747017,0.878962999694038,0.34198044775699526,0.7824470170234245,2.442669944907773,"{""age<=29"": -2, ""education-num<=12"": -2, ""marital-status=Married-civ-spouse"": 3, ""capital-gain<=5013"": -5}",,
n17_lean_fine,visible_fine,adult,5,10000,258,ok,0.0204,5,0.34452315812870404,0.34452316,-1.871295951527685e-09,0.8752699129966457,0.8847547380156076,0.33495430876724414,0.7691062151903171,4.599419580021881,"{""age<=29"": -2, ""education-num<=12"": -2, ""marital-status=Married-civ-spouse"": 3, ""capital-gain<=5013"": -5, ""capital-loss<=1876"": -3}",,
n17_lean_fine,visible_fine,adult,7,10000,258,ok,0.0264,7,0.3325053238010969,0.33250532,3.801096881694832e-09,0.8920964651347421,0.8957487102117468,0.3275236272465647,0.7183392660288409,4.862573908448815,"{""age<=31"": -2, ""education-num<=7"": -2, ""education-num<=12"": -2, ""marital-status=Married-civ-spouse"": 3, ""capital-gain<=5013"": -5, ""capital-loss<=1876"": -3, ""hours-per-week<=41"": -1}",,
n17_lean_fine,visible_fine,adult,10,10000,258,ok,0.0386,10,0.3258289638739257,0.32506053,0.0007684338739256669,0.8979009370204747,0.8976688857706552,0.3250473245825707,0.7576572876036468,4.983404191726282,"{""age<=31"": -2, ""education-num<=7"": -1, ""education-num<=9"": -1, ""education-num<=12"": -1, ""marital-status=Married-civ-spouse"": 3, ""occupation=Other-service"": -1, ""occupation=Farming-fishing"": -2, ""capital-gain<=5013"": -5, ""capital-loss<=1876"": -3, ""hours-per-week<=41"": -1}",,
n17_lean_fine,visible_fine,bank,3,10000,340,ok,0.0186,3,0.26854655536089306,0.2685542,-7.644639106962892e-06,0.8180791009669832,0.8145194312090531,0.27101709701993304,0.6439299365086808,-0.4744682112692753,"{""V12<=129"": -3, ""V12<=474"": -3, ""V16=success"": 5}",,
n17_lean_fine,visible_fine,bank,4,10000,340,ok,0.022,4,0.2595064308802745,0.25957455,-6.811911972554041e-05,0.854751914123375,0.8436073059360731,0.265030783964107,1.0112641688331407,0.10283678544046833,"{""V7=yes"": -1, ""V12<=129"": -2, ""V12<=474"": -2, ""V16=success"": 3}",,
n17_lean_fine,visible_fine,bank,5,10000,340,ok,0.0264,5,0.2536494358426599,0.25364944,-4.157340083299488e-09,0.8655168375100424,0.8528188281715307,0.2611699412916471,0.9416772020728559,0.26709800232213954,"{""V7=yes"": -1, ""V9=unknown"": -1, ""V12<=153"": -2, ""V12<=474"": -2, ""V16=success"": 3}",,
n17_lean_fine,visible_fine,bank,7,10000,340,ok,0.0414,7,0.24343667657451898,0.24354722,-0.00011054342548103002,0.8796434068008245,0.8623925141453246,0.2564712013377768,0.7856927040396399,1.1948758721208308,"{""V7=yes"": -1, ""V9=unknown"": -1, ""V11=mar"": 3, ""V12<=153"": -2, ""V12<=439"": -2, ""V12<=813"": -2, ""V16=success"": 4}",,
n17_lean_fine,visible_fine,bank,10,10000,340,ok,0.0649,10,0.2348667508818482,0.23414742,0.0007193308818481958,0.8936063439517574,0.8752993473297598,0.2534609754526751,0.7462605406695879,2.7438415980419926,"{""V1<=25"": 2, ""V1<=60"": -2, ""V7=yes"": -1, ""V9=unknown"": -1, ""V11=mar"": 3, ""V12<=129"": -2, ""V12<=279"": -1, ""V12<=474"": -2, ""V12<=903"": -2, ""V16=success"": 4}",,
n17_lean_fine,visible_fine,breastcancer,3,559,77,ok,0.003,3,0.13073883366191835,0.13073883,3.661918351882676e-09,0.985220419604179,0.9682971014492754,0.20159298390707078,0.7481878930878423,4.19652756724016,"{""Cell_Shape_Uniformity<=2"": -5, ""Bare_Nuclei<=2"": -4, ""Bland_Chromatin<=3"": -4}",,
n17_lean_fine,visible_fine,breastcancer,4,559,77,ok,0.0037,4,0.10988635410826104,0.10896621,0.0009201441082610506,0.9897930292477136,0.9864130434782609,0.1292540653647967,0.6799414659474147,5.868790716129362,"{""Clump_Thickness<=6"": -4, ""Cell_Shape_Uniformity<=2"": -5, ""Bare_Nuclei<=2"": -4, ""Bland_Chromatin<=3"": -4}",,
n17_lean_fine,visible_fine,breastcancer,5,559,77,ok,0.0043,5,0.09126288961662492,0.09171941,-0.0004565203833750836,0.9933675925139442,0.9867527173913044,0.14296407058274996,1.3777834448340889,12.810574318434316,"{""Clump_Thickness<=8"": -5, ""Cell_Shape_Uniformity<=2"": -3, ""Marginal_Adhesion<=5"": -2, ""Bare_Nuclei<=2"": -2, ""Bland_Chromatin<=3"": -2}",,
n17_lean_fine,visible_fine,breastcancer,7,559,77,ok,0.011,7,0.06736025667357042,0.06341247,0.0039477866735704165,0.9961423030097115,0.9805253623188406,0.23026168376236542,2.1105032479824826,32.22476823039592,"{""Clump_Thickness<=8"": -5, ""Cell_Shape_Uniformity<=2"": -2, ""Marginal_Adhesion<=9"": -2, ""Single_Epi_Cell_Size<=7"": -3, ""Bare_Nuclei<=2"": -2, ""Bland_Chromatin<=3"": -1, ""Normal_Nucleoli<=8"": -4}",,
n17_lean_fine,visible_fine,breastcancer,10,559,77,ok,0.0172,10,0.05449053756014866,0.0453856,0.009104937560148664,0.9972465245335372,0.9838088768115941,0.21613778290989222,1.7579258037717347,42.959939363843716,"{""Clump_Thickness<=8"": -5, ""Cell_Size_Uniformity<=1"": -2, ""Cell_Shape_Uniformity<=2"": -2, ""Marginal_Adhesion<=9"": -3, ""Single_Epi_Cell_Size<=1"": 2, ""Single_Epi_Cell_Size<=7"": -5, ""Bare_Nuclei<=2"": -3, ""Bland_Chromatin<=3"": -1, ""Bland_Chromatin<=7"": -5, ""Normal_Nucleoli<=8"": -5}",,
n17_lean_fine,visible_fine,mammo,3,768,70,ok,0.0018,3,0.4642589528311823,0.46425895,2.8311822886095683e-09,0.8505849787280464,0.8586862575626621,0.4535799745199159,1.535163941376819,0.8127872037107182,"{""Age<=64"": -1, ""Shape=4"": 1, ""Margin=1"": -1}",,
n17_lean_fine,visible_fine,mammo,4,768,70,ok,0.0034,4,0.45493537489228775,0.45493537,4.892287741586898e-09,0.8601607668812044,0.8585242005185826,0.455447203694667,0.3077592581342144,0.6836629880742728,"{""Age<=36"": -5, ""Age<=64"": -4, ""Shape=4"": 5, ""Margin=1"": -5}",,
n17_lean_fine,visible_fine,mammo,5,768,70,ok,0.0026,5,0.4467817627060891,0.44678176,2.706089130555256e-09,0.8646333315152176,0.8568496110630942,0.45711215844539466,0.338126702793946,0.9789501914195403,"{""Age<=36"": -5, ""Age<=64"": -4, ""Shape=4"": 4, ""Margin=1"": -5, ""Margin=missing"": -4}",,
n17_lean_fine,visible_fine,mammo,7,768,70,ok,0.0035,7,0.4375460850756354,0.43754609,-4.924364582770124e-09,0.8729205301625396,0.8604148660328437,0.4587256047282442,0.40149206273371024,2.346216197045035,"{""Age<=36"": -4, ""Age<=64"": -3, ""Age<=78"": -4, ""Shape=4"": 3, ""Margin=1"": -4, ""Margin=5"": 2, ""Margin=missing"": -3}",,
n17_lean_fine,visible_fine,mammo,10,768,70,ok,0.0108,10,0.42894178134346367,0.42894178,1.3434636736420202e-09,0.8793293880222537,0.8625756266205704,0.45859724596792145,0.6013008176332862,2.451194413732663,"{""Age<=36"": -2, ""Age<=57"": -1, ""Age<=67"": -2, ""Age<=73"": -3, ""Age<=75"": 5, ""Age<=78"": -4, ""Shape=4"": 2, ""Margin=1"": -3, ""Margin=5"": 1, ""Margin=missing"": -2}",,
n17_lean_fine,visible_fine,mushroom,3,6499,93,ok,0.0142,3,0.06494475825921217,0.06494476,-1.7407878333264293e-09,0.9874906098972489,0.9879991384619118,0.06251595376224649,31.11078666398333,27.777110483210365,"{""odor=n"": -1, ""odor=a"": -5, ""odor=l"": -5}",,
n17_lean_fine,visible_fine,mushroom,4,6499,93,ok,0.0188,4,0.04620983842941713,0.04620984,-1.5705828720902204e-09,0.9965921110050961,0.9970172277281786,0.04346526280872525,22.961800860498617,89.8139137950865,"{""odor=n"": -4, ""odor=a"": -5, ""odor=l"": -5, ""stalk-shape=t"": -2}",,
n17_lean_fine,visible_fine,mushroom,5,6499,93,ok,0.0302,5,0.03509441663719669,0.03169321,0.003401206637196688,0.9985416300402876,0.9977619728008784,0.04226338224193023,4.0807750171497394,15.53374542937755,"{""odor=n"": -5, ""odor=a"": -5, ""odor=l"": -5, ""stalk-shape=t"": -2, ""population=v"": 1}",,
n17_lean_fine,visible_fine,mushroom,7,6499,93,ok,0.025,7,0.027020127928887718,0.0181447,0.008875427928887718,0.9992540545994292,0.9982852661818998,0.04010675209903481,2.633890590910809,14.661907461733453,"{""odor=n"": -4, ""odor=f"": 5, ""odor=a"": -5, ""odor=l"": -5, ""gill-size=b"": -3, ""ring-number=o"": -4, ""population=v"": 2}",,
n17_lean_fine,visible_fine,mushroom,10,6499,93,ok,0.0425,10,0.00576944045894655,0.01436421,-0.00859476954105345,0.9999603629088618,0.9998634886832118,0.012948707215183961,5.736793035883713,42.49874444295036,"{""odor=n"": -5, ""odor=a"": -5, ""odor=l"": -5, ""gill-spacing=w"": -2, ""gill-size=b"": -5, ""stalk-root=b"": 3, ""stalk-root=c"": 5, ""stalk-surface-above-ring=k"": 3, ""ring-number=o"": -4, ""habitat=p"": -2}",,
n17_lean_fine,visible_fine,spambase,3,3680,1131,ok,0.0132,3,0.3386384742960346,0.33882591,-0.00018743570396539955,0.9147181073140561,0.9180391401799027,0.33351885682465937,0.7430313102936452,-0.3915697747093258,"{""char_freq_%21<=0.077"": -3, ""char_freq_%24<=0.013"": -4, ""word_freq_hp<=0.11"": 5}",,
n17_lean_fine,visible_fine,spambase,4,3680,1131,ok,0.014,4,0.2915419341037758,0.29154193,4.103775819164213e-09,0.9367391371578786,0.9432521697917593,0.27686583088046207,0.6883749873287549,2.641617649975776,"{""char_freq_%21<=0.077"": -3, ""char_freq_%24<=0.013"": -4, ""word_freq_remove<=0"": -5, ""word_freq_hp<=0.11"": 5}",,
n17_lean_fine,visible_fine,spambase,5,3680,1131,ok,0.0218,5,0.26141695967548345,0.26141696,-3.245165247633963e-10,0.9503703417349622,0.9554958183990442,0.24714096306522257,0.7298629245545606,2.585102884547009,"{""char_freq_%21<=0.195"": -3, ""capital_run_length_longest<=9"": -3, ""char_freq_%24<=0.013"": -3, ""word_freq_remove<=0"": -4, ""word_freq_hp<=0.11"": 5}",,
n17_lean_fine,visible_fine,spambase,7,3680,1131,ok,0.0244,7,0.21592163165121409,0.21592163,1.651214082132313e-09,0.9679877841348384,0.969042823148395,0.21453963610301338,0.7580484625579073,-4.084510973232119,"{""char_freq_%21<=0.107"": -2, ""capital_run_length_longest<=10"": -3, ""char_freq_%24<=0"": -3, ""word_freq_remove<=0"": -4, ""word_freq_hp<=0.11"": 5, ""word_freq_george<=0"": 5, ""word_freq_edu<=0"": 4}",,
n17_lean_fine,visible_fine,spambase,10,3680,1131,ok,0.0413,10,0.18752849719185086,0.18851227,-0.0009837728081491526,0.97590675738364,0.9781465683225214,0.18193305488769196,0.7636706609405642,-8.790498527245267,"{""char_freq_%21<=0.168"": -2, ""capital_run_length_longest<=9"": -3, ""char_freq_%24<=0"": -3, ""word_freq_remove<=0"": -3, ""word_freq_hp<=0.11"": 5, ""word_freq_our<=0.1"": -2, ""word_freq_george<=0"": 5, ""word_freq_1999<=0.05"": 2, ""word_freq_edu<=0"": 4, ""word_freq_meeting<=0.52"": 5}",,
n17_lean_fine,visible_fine,fico,3,8000,766,ok,0.0197,3,0.5895393470174506,0.58953935,-2.9825494296531474e-09,0.7466291562499999,0.7429485,0.5925077552862245,0.42960907559899647,-1.3019281884524734,"{""ExternalRiskEstimate<=70"": 4, ""MSinceMostRecentInqexcl7days<=-8"": -3, ""MSinceMostRecentInqexcl7days<=0"": 2}",,
n17_lean_fine,visible_fine,fico,4,8000,766,ok,0.0244,4,0.578301282868575,0.57830128,2.868574933145851e-09,0.75924834375,0.7619825,0.5757448960560195,0.42933634476584676,-1.7310502347888976,"{""ExternalRiskEstimate<=70"": 3, ""ExternalRiskEstimate<=78"": 2, ""MSinceMostRecentInqexcl7days<=-8"": -3, ""MSinceMostRecentInqexcl7days<=0"": 2}",,
n17_lean_fine,visible_fine,fico,5,8000,766,ok,0.0314,5,0.568635834008396,0.56863583,4.008396059518304e-09,0.7725924687499999,0.7647760000000001,0.5775322978761506,0.39433108126532884,-2.164255037479798,"{""ExternalRiskEstimate<=70"": 3, ""ExternalRiskEstimate<=80"": 3, ""NumSatisfactoryTrades<=13"": 2, ""MSinceMostRecentInqexcl7days<=-8"": -4, ""MSinceMostRecentInqexcl7days<=0"": 2}",,
n17_lean_fine,visible_fine,fico,7,8000,766,ok,0.0367,7,0.5594763144827649,0.55947631,4.482764937030481e-09,0.78412565625,0.7703495,0.5761539370666305,0.3778642386870761,-1.3103433169421947,"{""ExternalRiskEstimate<=70"": 3, ""ExternalRiskEstimate<=80"": 2, ""AverageMInFile<=69"": 1, ""NumSatisfactoryTrades<=13"": 2, ""MSinceMostRecentInqexcl7days<=-8"": -4, ""MSinceMostRecentInqexcl7days<=0"": 2, ""NetFractionRevolvingBurden<=59"": -2}",,
n17_lean_fine,visible_fine,fico,10,8000,766,ok,0.05,10,0.5521884742811753,0.5519473,0.00024117428117531592,0.79129675,0.7819475,0.5639013047768217,0.3906245644444373,-1.0051309526076362,"{""ExternalRiskEstimate<=63"": 1, ""ExternalRiskEstimate<=70"": 2, ""ExternalRiskEstimate<=80"": 2, ""AverageMInFile<=65"": 1, ""NumSatisfactoryTrades<=13"": 1, ""PercentTradesNeverDelq<=95"": 1, ""PercentInstallTrades<=46"": -1, ""MSinceMostRecentInqexcl7days<=-8"": -4, ""MSinceMostRecentInqexcl7days<=0"": 2, ""NetFractionRevolvingBurden<=59"": -2}",,
n17_lean_fine,visible_fine,compas,3,4222,84,ok,0.0062,3,0.6220331342344223,0.62206527,-3.2135765577701036e-05,0.6978824940955202,0.7071138818600331,0.6159883804506551,0.21629128872095,0.6943279170117636,"{""age<=33"": 4, ""priors_count<=1"": -4, ""priors_count<=6"": -5}",,
n17_lean_fine,visible_fine,compas,4,4222,84,ok,0.007,4,0.6152169417759631,0.61521694,1.775963043293416e-09,0.7151984733924592,0.7211947894882713,0.6103439885124692,0.1922687841371004,0.5629771182984731,"{""age<=22"": 4, ""age<=33"": 4, ""priors_count<=1"": -5, ""priors_count<=5"": -5}",,
n17_lean_fine,visible_fine,compas,5,4222,84,ok,0.0062,5,0.6126829651610763,0.61162559,0.0010573751610762905,0.7190452802893961,0.7253323158989717,0.6081111344688189,0.2316799558142017,1.2146885501793756,"{""age<=22"": 3, ""age<=33"": 3, ""juv_other_count<=0"": -3, ""priors_count<=1"": -4, ""priors_count<=5"": -4}",,
n17_lean_fine,visible_fine,compas,7,4222,84,ok,0.012,7,0.607632307827031,0.60747909,0.00015321782703103803,0.7257089879604459,0.732813697929977,0.6028085662463933,0.18160994753881984,0.8379331959869679,"{""age<=22"": 4, ""age<=33"": 3, ""age<=52"": 3, ""juv_other_count<=0"": -3, ""priors_count<=0"": -3, ""priors_count<=2"": -4, ""priors_count<=6"": -5}",,
n17_lean_fine,visible_fine,compas,10,4222,84,ok,0.017,10,0.6036937432927594,0.60336068,0.0003330632927593946,0.7327328869168257,0.7442346386008358,0.5957769531881018,0.17556917497383853,0.5043357886520844,"{""sex=1"": 2, ""age<=20"": 5, ""age<=23"": 3, ""age<=33"": 3, ""age<=52"": 3, ""juv_other_count<=0"": -3, ""priors_count<=0"": -2, ""priors_count<=1"": -2, ""priors_count<=2"": -3, ""priors_count<=6"": -5}",,
n17_lean_fine,visible_fine,australian,3,552,386,ok,0.0032,3,0.3334595924613572,0.33345959,2.461357229144312e-09,0.9205457250650937,0.8983393655524803,0.3955851585828035,0.8591115778893618,2.08023181038746,"{""A3<=8"": 3, ""A8=0"": -5, ""A9=0"": -2}",,
n17_lean_fine,visible_fine,australian,4,552,386,ok,0.0036,4,0.31639007817441245,0.31639008,-1.8255875700035062e-09,0.928662521919337,0.9251649989354906,0.34031206044995876,0.8462027124697711,3.8101456898485484,"{""A3<=6"": 3, ""A8=0"": -5, ""A10<=4"": -2, ""A14<=109"": -2}",,
n17_lean_fine,visible_fine,australian,5,552,386,ok,0.0044,5,0.3069960122250742,0.30699601,2.225074235973068e-09,0.9381077634305754,0.940387481371088,0.31793332819856995,0.8281480021468731,4.074353827172773,"{""A3<=6"": 4, ""A7<=26"": -1, ""A8=0"": -5, ""A10<=4"": -2, ""A14<=109"": -2}",,
n17_lean_fine,visible_fine,australian,7,552,386,ok,0.0057,7,0.29335111458142465,0.29335111,4.5814246285580396e-09,0.9434613953982678,0.9426229508196722,0.3099377409320278,0.8314655763799218,3.3527843342368024,"{""A3<=6"": 4, ""A4=2"": 1, ""A5=14"": 3, ""A7<=26"": -1, ""A8=0"": -5, ""A10<=4"": -2, ""A14<=102"": -2}",,
n17_lean_fine,visible_fine,australian,10,552,386,ok,0.0112,10,0.2771418356781466,0.27794018,-0.0007983443218533837,0.9508342632445932,0.931126250798382,0.3320231240479421,0.8336086423650445,3.3091800098110524,"{""A3<=6"": 4, ""A4=2"": 1, ""A5=1"": -2, ""A5=14"": 3, ""A6=5"": -2, ""A7<=33"": -1, ""A8=0"": -5, ""A10<=4"": -2, ""A13<=32"": 1, ""A14<=102"": -2}",,
n17_lean_fine,visible_fine,heart,3,216,269,ok,0.0026,3,0.36992936807125765,0.36992937,-1.928742332513167e-09,0.9038194444444444,0.726388888888889,0.7014964689372695,0.5510008376010682,4.139216004364101,"{""chest<=3"": -4, ""oldpeak<=1.6"": -5, ""thal<=3"": -4}",,
n17_lean_fine,visible_fine,heart,4,216,269,ok,0.0023,4,0.3446659600305772,0.34466596,3.057720743271375e-11,0.9223958333333333,0.8180555555555556,0.5328561742912339,0.5129785708505252,4.7985996472071,"{""chest<=3"": -4, ""oldpeak<=1.6"": -5, ""number_of_major_vessels<=0"": -3, ""thal<=3"": -4}",,
n17_lean_fine,visible_fine,heart,5,216,269,ok,0.0053,5,0.32897279782053024,0.3289728,-2.179469771323994e-09,0.9290798611111111,0.825,0.552975705450173,0.49209390722871005,5.333904937584557,"{""chest<=3"": -4, ""resting_electrocardiographic_results<=0"": -2, ""oldpeak<=1.6"": -5, ""number_of_major_vessels<=0"": -3, ""thal<=3"": -5}",,
n17_lean_fine,visible_fine,heart,7,216,269,ok,0.0065,7,0.3053172822314354,0.30597398,-0.0006566977685645847,0.9421875,0.8833333333333334,0.419088579677631,0.4455199947138961,4.67461052240416,"{""sex=1"": 3, ""chest<=3"": -5, ""serum_cholestoral<=242"": -3, ""oldpeak<=1.6"": -4, ""slope<=1"": -3, ""number_of_major_vessels<=0"": -4, ""thal<=6"": -4}",,
n17_lean_fine,visible_fine,heart,10,216,269,ok,0.0156,10,0.25808096520688845,0.27071036,-0.012629394793111537,0.9569444444444445,0.7805555555555556,0.8322007630275216,0.7568730211987559,3.8102714398427935,"{""age<=59"": -5, ""age<=63"": 5, ""sex=1"": 3, ""chest<=3"": -3, ""serum_cholestoral<=211"": -2, ""resting_electrocardiographic_results<=0"": -2, ""oldpeak<=0.5"": -2, ""oldpeak<=1.5"": -2, ""number_of_major_vessels<=0"": -2, ""thal<=3"": -3}",,
n17_lean_fine,visible_fine,ionosphere,3,280,2365,ok,0.0062,3,0.23604527555841384,0.23744933,-0.0014040544415861445,0.9293102494607002,0.9539130434782608,0.1791224696888842,3.239243526498671,0.606149015363003,"{""a03<=0.1859"": 5, ""a05<=0.00428"": 5, ""a27<=0.99842"": -1}",,
n17_lean_fine,visible_fine,ionosphere,4,280,2365,ok,0.0083,4,0.1815478865638487,0.19434648,-0.012798593436151279,0.9350074672271695,0.9343478260869564,0.4691491462426437,4.919419338257878,-2.6168341958432983,"{""a03<=0.1859"": 5, ""a04<=-0.61"": 1, ""a05<=0.00428"": 5, ""a06<=-0.76087"": 5}",,
n17_lean_fine,visible_fine,ionosphere,5,280,2365,ok,0.0088,5,0.14803620669179093,0.15752201,-0.009485803308209056,0.9543946014713203,0.9352173913043478,0.4413318379742915,4.5988728897475335,-2.9798547439751752,"{""a03<=0.1859"": 5, ""a04<=-0.61"": 1, ""a05<=0"": 5, ""a06<=-0.76087"": 5, ""a08<=-0.93597"": 1}",,
n17_lean_fine,visible_fine,ionosphere,7,280,2365,ok,0.0137,7,0.10302646819930998,0.11088328,-0.00785681180069002,0.9847613252945405,0.9708695652173913,0.24609855953940102,2.597687095914857,-2.9519797216536476,"{""a03<=0.1859"": 5, ""a03<=0.7381"": 1, ""a04<=-0.61"": 2, ""a05<=0.00428"": 5, ""a06<=-0.76087"": 5, ""a08<=-0.67273"": 2, ""a28<=0.13758"": -1}",,
n17_lean_fine,visible_fine,ionosphere,10,280,2365,ok,0.029,10,0.06283328512773224,0.05612876,0.006704525127732244,0.9951877869351181,0.9591304347826086,0.46654780980966576,3.620337956965406,-4.379068422348008,"{""a03<=0.1859"": 5, ""a03<=0.7381"": 1, ""a04<=-0.61"": 3, ""a05<=0.00428"": 5, ""a06<=-0.76087"": 5, ""a06<=0.125"": 1, ""a08<=-0.93597"": 3, ""a27<=0.92192"": -2, ""a28<=0.13282"": -1, ""a29<=0.44569"": 2}",,
n17_lean_fine,visible_fine,ilpd,3,466,460,ok,0.0026,3,0.503620045705638,0.50050232,0.0031177257056380636,0.745139876718824,0.7404323175053154,0.5234029707991773,0.38009739216490124,-3.3531600602312985,"{""V1<=25"": 3, ""V4<=1"": 5, ""V5<=210"": 3}",,
n17_lean_fine,visible_fine,ilpd,4,466,460,ok,0.0053,4,0.4937304747903503,0.49157538,0.0021550947903503093,0.7615886563254985,0.7863217576187101,0.4870785065642159,0.32540406644999625,-4.175084260499596,"{""V1<=25"": 4, ""V4<=1"": 5, ""V5<=210"": 3, ""V6<=64"": 4}",,
n17_lean_fine,visible_fine,ilpd,5,466,460,ok,0.004,5,0.4879684472514313,0.48388697,0.004081477251431265,0.77057508636456,0.7916371367824239,0.4819933933197718,0.32050753383948694,-4.995597939578559,"{""V1<=25"": 4, ""V1<=65"": 3, ""V4<=1"": 5, ""V5<=210"": 3, ""V6<=64"": 4}",,
n17_lean_fine,visible_fine,ilpd,7,466,460,ok,0.0099,7,0.4724867923128267,0.47269884,-0.00021204768717331124,0.7731942468784574,0.7748051027639972,0.499485405883215,1.1026101962031665,-13.410706870634987,"{""V1<=25"": 1, ""V4<=1"": 2, ""V4<=2.2"": -2, ""V4<=3.6"": 5, ""V5<=210"": 1, ""V6<=64"": 1, ""V7<=298"": 5}",,
n17_lean_fine,visible_fine,ilpd,10,466,460,ok,0.0098,10,0.4588482895125724,0.45846233,0.0003859595125724202,0.7942604258393733,0.7879163713678243,0.4820058038113291,1.0443194846223898,-13.52967132591393,"{""V1<=25"": 1, ""V1<=66"": 1, ""V3<=1.6"": 1, ""V3<=4.7"": -3, ""V4<=1.2"": 2, ""V4<=3.6"": 5, ""V5<=134"": -1, ""V5<=210"": 1, ""V6<=64"": 1, ""V7<=298"": 5}",,
n17_lean_fine,visible_fine,magic,3,10000,990,ok,0.0226,3,0.47266481614463357,0.47317033,-0.0005055138553664018,0.8154068665741663,0.795121833107697,0.49815694710272074,0.5856555076657081,3.2332676077042977,"{""fLength:<=106.655"": -5, ""fSize:<=2.4526"": -2, ""fAlpha:<=15.9662"": -4}",,
n17_lean_fine,visible_fine,magic,4,10000,990,ok,0.0366,4,0.4531194965995662,0.45662971,-0.003510213400433837,0.8401730232605471,0.8203022193774964,0.47834449908329607,0.5334195738705512,3.295130451839062,"{""fLength:<=102.9"": -5, ""fSize:<=2.4526"": -2, ""fAlpha:<=9.3801"": -3, ""fAlpha:<=27.106"": -3}",,
n17_lean_fine,visible_fine,magic,5,10000,990,ok,0.0341,5,0.4380719872549926,0.43822071,-0.00014872274500743465,0.8508758147297381,0.8317244022040075,0.46579071292856516,0.5153190341928967,3.00034045937122,"{""fLength:<=99.0827"": -5, ""fWidth:<=11.1267"": 3, ""fSize:<=2.4409"": -4, ""fAlpha:<=9.3801"": -3, ""fAlpha:<=27.106"": -3}",,
n17_lean_fine,visible_fine,magic,7,10000,990,ok,0.0554,7,0.41428385349369745,0.41607444,-0.0017905865063025383,0.8651654084719962,0.8451867869031252,0.4448081011617314,0.4583197858910253,3.7195308324905856,"{""fLength:<=106.655"": -4, ""fWidth:<=14.4254"": 3, ""fWidth:<=39.6681"": -4, ""fSize:<=2.4526"": -4, ""fM3Long:<=-34.8805"": 4, ""fAlpha:<=9.3801"": -4, ""fAlpha:<=31.8311"": -3}",,
n17_lean_fine,visible_fine,magic,10,10000,990,ok,0.0782,10,0.3944185696842389,0.3944935,-7.493031576111253e-05,0.8799513451857341,0.8538771204729732,0.43797832503445006,0.4348483543130243,4.657495926186869,"{""fLength:<=48.6294"": -2, ""fLength:<=117.868"": -5, ""fWidth:<=9.6076"": 3, ""fWidth:<=14.6515"": 3, ""fWidth:<=39.6681"": -4, ""fSize:<=2.2844"": -3, ""fSize:<=2.4526"": -3, ""fM3Long:<=-28.201"": 3, ""fAlpha:<=9.3801"": -4, ""fAlpha:<=31.8311"": -4}",,
n17_lean_fine,visible_fine,haberman,3,244,74,ok,0.0017,3,0.4865797112564729,0.48657971,1.2564729257036333e-09,0.732359260850881,0.5957880434782609,0.578340864242457,0.5955581886389762,0.5023029937748701,"{""Age_of_patient_at_time_of_operation<=40"": -3, ""Patients_year_of_operation=61"": -4, ""Number_of_positive_axillary_nodes_detected<=4"": -3}",,
n17_lean_fine,visible_fine,haberman,4,244,74,ok,0.0032,4,0.476187914490786,0.47618791,4.490786020827642e-09,0.7542758917060594,0.5842391304347826,0.600787028770124,0.5898011887089549,0.3494031441692346,"{""Age_of_patient_at_time_of_operation<=40"": -3, ""Patients_year_of_operation=65"": 2, ""Patients_year_of_operation=61"": -4, ""Number_of_positive_axillary_nodes_detected<=4"": -3}",,
n17_lean_fine,visible_fine,haberman,5,244,74,ok,0.0023,5,0.47289215855900185,0.47289216,-1.440998154134121e-09,0.7634293081220455,0.6161684782608695,0.5943167541283688,0.6068013854693447,0.31468450090216815,"{""Age_of_patient_at_time_of_operation<=40"": -3, ""Patients_year_of_operation=58"": 1, ""Patients_year_of_operation=65"": 2, ""Patients_year_of_operation=61"": -4, ""Number_of_positive_axillary_nodes_detected<=4"": -3}",,
n17_lean_fine,visible_fine,haberman,7,244,74,ok,0.0048,7,0.461893609635721,0.46189361,-3.642789958568926e-10,0.7895573700042974,0.6317934782608696,0.5998144425629623,0.5036724881797193,0.6834962329520259,"{""Age_of_patient_at_time_of_operation<=40"": -4, ""Age_of_patient_at_time_of_operation<=53"": 2, ""Age_of_patient_at_time_of_operation<=59"": -2, ""Patients_year_of_operation=58"": 1, ""Patients_year_of_operation=65"": 2, ""Patients_year_of_operation=61"": -5, ""Number_of_positive_axillary_nodes_detected<=4"": -4}",,
n17_lean_fine,visible_fine,haberman,10,244,74,ok,0.0057,10,0.44886153148200547,0.44772765,0.0011338814820054943,0.7950150408250968,0.673913043478261,0.5857149303845989,0.5570493440662393,0.7499185974142023,"{""Age_of_patient_at_time_of_operation<=40"": -4, ""Age_of_patient_at_time_of_operation<=53"": 2, ""Age_of_patient_at_time_of_operation<=59"": -2, ""Patients_year_of_operation=65"": 2, ""Patients_year_of_operation=61"": -5, ""Number_of_positive_axillary_nodes_detected<=0"": -1, ""Number_of_positive_axillary_nodes_detected<=4"": -2, ""Number_of_positive_axillary_nodes_detected<=8"": -3, ""Number_of_positive_axillary_nodes_detected<=13"": 5, ""Number_of_positive_axillary_nodes_detected<=14"": -3}",,
imodels_solver_pkg,visible_fine,adult,3,10000,258,ok,0.0163,3,0.3671162746559234,0.36711627,4.655923369067949e-09,0.853343257038146,0.8666493464017809,0.35400306513843444,0.84415993827463,2.471902200844959,"{""education-num<=12"": -2, ""marital-status=Married-civ-spouse"": 3, ""capital-gain<=5013"": -5}",,
imodels_solver_pkg,visible_fine,adult,4,10000,258,ok,0.0181,4,0.354027535415628,0.35402754,-4.584371993132663e-09,0.867857787747017,0.878962999694038,0.34198044775699526,0.7824470170234245,2.442669944907773,"{""age<=29"": -2, ""education-num<=12"": -2, ""marital-status=Married-civ-spouse"": 3, ""capital-gain<=5013"": -5}",,
imodels_solver_pkg,visible_fine,adult,5,10000,258,ok,0.0203,5,0.34452315812870404,0.34452316,-1.871295951527685e-09,0.8752699129966457,0.8847547380156076,0.33495430876724414,0.7691062151903171,4.599419580021881,"{""age<=29"": -2, ""education-num<=12"": -2, ""marital-status=Married-civ-spouse"": 3, ""capital-gain<=5013"": -5, ""capital-loss<=1876"": -3}",,
imodels_solver_pkg,visible_fine,adult,7,10000,258,ok,0.0256,7,0.3325053238010969,0.33250532,3.801096881694832e-09,0.8920964651347421,0.8957487102117468,0.3275236272465647,0.7183392660288409,4.862573908448815,"{""age<=31"": -2, ""education-num<=7"": -2, ""education-num<=12"": -2, ""marital-status=Married-civ-spouse"": 3, ""capital-gain<=5013"": -5, ""capital-loss<=1876"": -3, ""hours-per-week<=41"": -1}",,
imodels_solver_pkg,visible_fine,adult,10,10000,258,ok,0.0391,10,0.3258289638739257,0.32506053,0.0007684338739256669,0.8979009370204747,0.8976688857706552,0.3250473245825707,0.7576572876036468,4.983404191726282,"{""age<=31"": -2, ""education-num<=7"": -1, ""education-num<=9"": -1, ""education-num<=12"": -1, ""marital-status=Married-civ-spouse"": 3, ""occupation=Other-service"": -1, ""occupation=Farming-fishing"": -2, ""capital-gain<=5013"": -5, ""capital-loss<=1876"": -3, ""hours-per-week<=41"": -1}",,
imodels_solver_pkg,visible_fine,bank,3,10000,340,ok,0.0197,3,0.26854655536089306,0.2685542,-7.644639106962892e-06,0.8180791009669832,0.8145194312090531,0.27101709701993304,0.6439299365086808,-0.4744682112692753,"{""V12<=129"": -3, ""V12<=474"": -3, ""V16=success"": 5}",,
imodels_solver_pkg,visible_fine,bank,4,10000,340,ok,0.0255,4,0.2595064308802745,0.25957455,-6.811911972554041e-05,0.854751914123375,0.8436073059360731,0.265030783964107,1.0112641688331407,0.10283678544046833,"{""V7=yes"": -1, ""V12<=129"": -2, ""V12<=474"": -2, ""V16=success"": 3}",,
imodels_solver_pkg,visible_fine,bank,5,10000,340,ok,0.0268,5,0.2536494358426599,0.25364944,-4.157340083299488e-09,0.8655168375100424,0.8528188281715307,0.2611699412916471,0.9416772020728559,0.26709800232213954,"{""V7=yes"": -1, ""V9=unknown"": -1, ""V12<=153"": -2, ""V12<=474"": -2, ""V16=success"": 3}",,
imodels_solver_pkg,visible_fine,bank,7,10000,340,ok,0.0401,7,0.24343667657451898,0.24354722,-0.00011054342548103002,0.8796434068008245,0.8623925141453246,0.2564712013377768,0.7856927040396399,1.1948758721208308,"{""V7=yes"": -1, ""V9=unknown"": -1, ""V11=mar"": 3, ""V12<=153"": -2, ""V12<=439"": -2, ""V12<=813"": -2, ""V16=success"": 4}",,
imodels_solver_pkg,visible_fine,bank,10,10000,340,ok,0.042,10,0.2348667508818482,0.23414742,0.0007193308818481958,0.8936063439517574,0.8752993473297598,0.2534609754526751,0.7462605406695879,2.7438415980419926,"{""V1<=25"": 2, ""V1<=60"": -2, ""V7=yes"": -1, ""V9=unknown"": -1, ""V11=mar"": 3, ""V12<=129"": -2, ""V12<=279"": -1, ""V12<=474"": -2, ""V12<=903"": -2, ""V16=success"": 4}",,
imodels_solver_pkg,visible_fine,breastcancer,3,559,77,ok,0.002,3,0.13073883366191835,0.13073883,3.661918351882676e-09,0.985220419604179,0.9682971014492754,0.20159298390707078,0.7481878930878423,4.19652756724016,"{""Cell_Shape_Uniformity<=2"": -5, ""Bare_Nuclei<=2"": -4, ""Bland_Chromatin<=3"": -4}",,
imodels_solver_pkg,visible_fine,breastcancer,4,559,77,ok,0.003,4,0.10988635410826104,0.10896621,0.0009201441082610506,0.9897930292477136,0.9864130434782609,0.1292540653647967,0.6799414659474147,5.868790716129362,"{""Clump_Thickness<=6"": -4, ""Cell_Shape_Uniformity<=2"": -5, ""Bare_Nuclei<=2"": -4, ""Bland_Chromatin<=3"": -4}",,
imodels_solver_pkg,visible_fine,breastcancer,5,559,77,ok,0.0046,5,0.09126288961662492,0.09171941,-0.0004565203833750836,0.9933675925139442,0.9867527173913044,0.14296407058274996,1.3777834448340889,12.810574318434316,"{""Clump_Thickness<=8"": -5, ""Cell_Shape_Uniformity<=2"": -3, ""Marginal_Adhesion<=5"": -2, ""Bare_Nuclei<=2"": -2, ""Bland_Chromatin<=3"": -2}",,
imodels_solver_pkg,visible_fine,breastcancer,7,559,77,ok,0.0078,7,0.06736025667357042,0.06341247,0.0039477866735704165,0.9961423030097115,0.9805253623188406,0.23026168376236542,2.1105032479824826,32.22476823039592,"{""Clump_Thickness<=8"": -5, ""Cell_Shape_Uniformity<=2"": -2, ""Marginal_Adhesion<=9"": -2, ""Single_Epi_Cell_Size<=7"": -3, ""Bare_Nuclei<=2"": -2, ""Bland_Chromatin<=3"": -1, ""Normal_Nucleoli<=8"": -4}",,
imodels_solver_pkg,visible_fine,breastcancer,10,559,77,ok,0.018,10,0.05449053756014866,0.0453856,0.009104937560148664,0.9972465245335372,0.9838088768115941,0.21613778290989222,1.7579258037717347,42.959939363843716,"{""Clump_Thickness<=8"": -5, ""Cell_Size_Uniformity<=1"": -2, ""Cell_Shape_Uniformity<=2"": -2, ""Marginal_Adhesion<=9"": -3, ""Single_Epi_Cell_Size<=1"": 2, ""Single_Epi_Cell_Size<=7"": -5, ""Bare_Nuclei<=2"": -3, ""Bland_Chromatin<=3"": -1, ""Bland_Chromatin<=7"": -5, ""Normal_Nucleoli<=8"": -5}",,
imodels_solver_pkg,visible_fine,mammo,3,768,70,ok,0.0018,3,0.4642589528311823,0.46425895,2.8311822886095683e-09,0.8505849787280464,0.8586862575626621,0.4535799745199159,1.535163941376819,0.8127872037107182,"{""Age<=64"": -1, ""Shape=4"": 1, ""Margin=1"": -1}",,
imodels_solver_pkg,visible_fine,mammo,4,768,70,ok,0.0023,4,0.45493537489228775,0.45493537,4.892287741586898e-09,0.8601607668812044,0.8585242005185826,0.455447203694667,0.3077592581342144,0.6836629880742728,"{""Age<=36"": -5, ""Age<=64"": -4, ""Shape=4"": 5, ""Margin=1"": -5}",,
imodels_solver_pkg,visible_fine,mammo,5,768,70,ok,0.0029,5,0.4467817627060891,0.44678176,2.706089130555256e-09,0.8646333315152176,0.8568496110630942,0.45711215844539466,0.338126702793946,0.9789501914195403,"{""Age<=36"": -5, ""Age<=64"": -4, ""Shape=4"": 4, ""Margin=1"": -5, ""Margin=missing"": -4}",,
imodels_solver_pkg,visible_fine,mammo,7,768,70,ok,0.0041,7,0.4375460850756354,0.43754609,-4.924364582770124e-09,0.8729205301625396,0.8604148660328437,0.4587256047282442,0.40149206273371024,2.346216197045035,"{""Age<=36"": -4, ""Age<=64"": -3, ""Age<=78"": -4, ""Shape=4"": 3, ""Margin=1"": -4, ""Margin=5"": 2, ""Margin=missing"": -3}",,
imodels_solver_pkg,visible_fine,mammo,10,768,70,ok,0.0068,10,0.42894178134346367,0.42894178,1.3434636736420202e-09,0.8793293880222537,0.8625756266205704,0.45859724596792145,0.6013008176332862,2.451194413732663,"{""Age<=36"": -2, ""Age<=57"": -1, ""Age<=67"": -2, ""Age<=73"": -3, ""Age<=75"": 5, ""Age<=78"": -4, ""Shape=4"": 2, ""Margin=1"": -3, ""Margin=5"": 1, ""Margin=missing"": -2}",,
imodels_solver_pkg,visible_fine,mushroom,3,6499,93,ok,0.0149,3,0.06494475825921217,0.06494476,-1.7407878333264293e-09,0.9874906098972489,0.9879991384619118,0.06251595376224649,31.11078666398333,27.777110483210365,"{""odor=n"": -1, ""odor=a"": -5, ""odor=l"": -5}",,
imodels_solver_pkg,visible_fine,mushroom,4,6499,93,ok,0.0188,4,0.04620983842941713,0.04620984,-1.5705828720902204e-09,0.9965921110050961,0.9970172277281786,0.04346526280872525,22.961800860498617,89.8139137950865,"{""odor=n"": -4, ""odor=a"": -5, ""odor=l"": -5, ""stalk-shape=t"": -2}",,
imodels_solver_pkg,visible_fine,mushroom,5,6499,93,ok,0.0349,5,0.03509441663719669,0.03169321,0.003401206637196688,0.9985416300402876,0.9977619728008784,0.04226338224193023,4.0807750171497394,15.53374542937755,"{""odor=n"": -5, ""odor=a"": -5, ""odor=l"": -5, ""stalk-shape=t"": -2, ""population=v"": 1}",,
imodels_solver_pkg,visible_fine,mushroom,7,6499,93,ok,0.0251,7,0.027020127928887718,0.0181447,0.008875427928887718,0.9992540545994292,0.9982852661818998,0.04010675209903481,2.633890590910809,14.661907461733453,"{""odor=n"": -4, ""odor=f"": 5, ""odor=a"": -5, ""odor=l"": -5, ""gill-size=b"": -3, ""ring-number=o"": -4, ""population=v"": 2}",,
imodels_solver_pkg,visible_fine,mushroom,10,6499,93,ok,0.046,10,0.00576944045894655,0.01436421,-0.00859476954105345,0.9999603629088618,0.9998634886832118,0.012948707215183961,5.736793035883713,42.49874444295036,"{""odor=n"": -5, ""odor=a"": -5, ""odor=l"": -5, ""gill-spacing=w"": -2, ""gill-size=b"": -5, ""stalk-root=b"": 3, ""stalk-root=c"": 5, ""stalk-surface-above-ring=k"": 3, ""ring-number=o"": -4, ""habitat=p"": -2}",,
imodels_solver_pkg,visible_fine,spambase,3,3680,1131,ok,0.013,3,0.3386384742960346,0.33882591,-0.00018743570396539955,0.9147181073140561,0.9180391401799027,0.33351885682465937,0.7430313102936452,-0.3915697747093258,"{""char_freq_%21<=0.077"": -3, ""char_freq_%24<=0.013"": -4, ""word_freq_hp<=0.11"": 5}",,
imodels_solver_pkg,visible_fine,spambase,4,3680,1131,ok,0.0144,4,0.2915419341037758,0.29154193,4.103775819164213e-09,0.9367391371578786,0.9432521697917593,0.27686583088046207,0.6883749873287549,2.641617649975776,"{""char_freq_%21<=0.077"": -3, ""char_freq_%24<=0.013"": -4, ""word_freq_remove<=0"": -5, ""word_freq_hp<=0.11"": 5}",,
imodels_solver_pkg,visible_fine,spambase,5,3680,1131,ok,0.0242,5,0.26141695967548345,0.26141696,-3.245165247633963e-10,0.9503703417349622,0.9554958183990442,0.24714096306522257,0.7298629245545606,2.585102884547009,"{""char_freq_%21<=0.195"": -3, ""capital_run_length_longest<=9"": -3, ""char_freq_%24<=0.013"": -3, ""word_freq_remove<=0"": -4, ""word_freq_hp<=0.11"": 5}",,
imodels_solver_pkg,visible_fine,spambase,7,3680,1131,ok,0.0289,7,0.21592163165121409,0.21592163,1.651214082132313e-09,0.9679877841348384,0.969042823148395,0.21453963610301338,0.7580484625579073,-4.084510973232119,"{""char_freq_%21<=0.107"": -2, ""capital_run_length_longest<=10"": -3, ""char_freq_%24<=0"": -3, ""word_freq_remove<=0"": -4, ""word_freq_hp<=0.11"": 5, ""word_freq_george<=0"": 5, ""word_freq_edu<=0"": 4}",,
imodels_solver_pkg,visible_fine,spambase,10,3680,1131,ok,0.0414,10,0.18752849719185086,0.18851227,-0.0009837728081491526,0.97590675738364,0.9781465683225214,0.18193305488769196,0.7636706609405642,-8.790498527245267,"{""char_freq_%21<=0.168"": -2, ""capital_run_length_longest<=9"": -3, ""char_freq_%24<=0"": -3, ""word_freq_remove<=0"": -3, ""word_freq_hp<=0.11"": 5, ""word_freq_our<=0.1"": -2, ""word_freq_george<=0"": 5, ""word_freq_1999<=0.05"": 2, ""word_freq_edu<=0"": 4, ""word_freq_meeting<=0.52"": 5}",,
imodels_solver_pkg,visible_fine,fico,3,8000,766,ok,0.0243,3,0.5895393470174506,0.58953935,-2.9825494296531474e-09,0.7466291562499999,0.7429485,0.5925077552862245,0.42960907559899647,-1.3019281884524734,"{""ExternalRiskEstimate<=70"": 4, ""MSinceMostRecentInqexcl7days<=-8"": -3, ""MSinceMostRecentInqexcl7days<=0"": 2}",,
imodels_solver_pkg,visible_fine,fico,4,8000,766,ok,0.0276,4,0.578301282868575,0.57830128,2.868574933145851e-09,0.75924834375,0.7619825,0.5757448960560195,0.42933634476584676,-1.7310502347888976,"{""ExternalRiskEstimate<=70"": 3, ""ExternalRiskEstimate<=78"": 2, ""MSinceMostRecentInqexcl7days<=-8"": -3, ""MSinceMostRecentInqexcl7days<=0"": 2}",,
imodels_solver_pkg,visible_fine,fico,5,8000,766,ok,0.0369,5,0.568635834008396,0.56863583,4.008396059518304e-09,0.7725924687499999,0.7647760000000001,0.5775322978761506,0.39433108126532884,-2.164255037479798,"{""ExternalRiskEstimate<=70"": 3, ""ExternalRiskEstimate<=80"": 3, ""NumSatisfactoryTrades<=13"": 2, ""MSinceMostRecentInqexcl7days<=-8"": -4, ""MSinceMostRecentInqexcl7days<=0"": 2}",,
imodels_solver_pkg,visible_fine,fico,7,8000,766,ok,0.0411,7,0.5594763144827649,0.55947631,4.482764937030481e-09,0.78412565625,0.7703495,0.5761539370666305,0.3778642386870761,-1.3103433169421947,"{""ExternalRiskEstimate<=70"": 3, ""ExternalRiskEstimate<=80"": 2, ""AverageMInFile<=69"": 1, ""NumSatisfactoryTrades<=13"": 2, ""MSinceMostRecentInqexcl7days<=-8"": -4, ""MSinceMostRecentInqexcl7days<=0"": 2, ""NetFractionRevolvingBurden<=59"": -2}",,
imodels_solver_pkg,visible_fine,fico,10,8000,766,ok,0.051,10,0.5521884742811753,0.5519473,0.00024117428117531592,0.79129675,0.7819475,0.5639013047768217,0.3906245644444373,-1.0051309526076362,"{""ExternalRiskEstimate<=63"": 1, ""ExternalRiskEstimate<=70"": 2, ""ExternalRiskEstimate<=80"": 2, ""AverageMInFile<=65"": 1, ""NumSatisfactoryTrades<=13"": 1, ""PercentTradesNeverDelq<=95"": 1, ""PercentInstallTrades<=46"": -1, ""MSinceMostRecentInqexcl7days<=-8"": -4, ""MSinceMostRecentInqexcl7days<=0"": 2, ""NetFractionRevolvingBurden<=59"": -2}",,
imodels_solver_pkg,visible_fine,compas,3,4222,84,ok,0.0043,3,0.6220331342344223,0.62206527,-3.2135765577701036e-05,0.6978824940955202,0.7071138818600331,0.6159883804506551,0.21629128872095,0.6943279170117636,"{""age<=33"": 4, ""priors_count<=1"": -4, ""priors_count<=6"": -5}",,
imodels_solver_pkg,visible_fine,compas,4,4222,84,ok,0.0052,4,0.6152169417759631,0.61521694,1.775963043293416e-09,0.7151984733924592,0.7211947894882713,0.6103439885124692,0.1922687841371004,0.5629771182984731,"{""age<=22"": 4, ""age<=33"": 4, ""priors_count<=1"": -5, ""priors_count<=5"": -5}",,
imodels_solver_pkg,visible_fine,compas,5,4222,84,ok,0.006,5,0.6126829651610763,0.61162559,0.0010573751610762905,0.7190452802893961,0.7253323158989717,0.6081111344688189,0.2316799558142017,1.2146885501793756,"{""age<=22"": 3, ""age<=33"": 3, ""juv_other_count<=0"": -3, ""priors_count<=1"": -4, ""priors_count<=5"": -4}",,
imodels_solver_pkg,visible_fine,compas,7,4222,84,ok,0.011,7,0.607632307827031,0.60747909,0.00015321782703103803,0.7257089879604459,0.732813697929977,0.6028085662463933,0.18160994753881984,0.8379331959869679,"{""age<=22"": 4, ""age<=33"": 3, ""age<=52"": 3, ""juv_other_count<=0"": -3, ""priors_count<=0"": -3, ""priors_count<=2"": -4, ""priors_count<=6"": -5}",,
imodels_solver_pkg,visible_fine,compas,10,4222,84,ok,0.018,10,0.6036937432927594,0.60336068,0.0003330632927593946,0.7327328869168257,0.7442346386008358,0.5957769531881018,0.17556917497383853,0.5043357886520844,"{""sex=1"": 2, ""age<=20"": 5, ""age<=23"": 3, ""age<=33"": 3, ""age<=52"": 3, ""juv_other_count<=0"": -3, ""priors_count<=0"": -2, ""priors_count<=1"": -2, ""priors_count<=2"": -3, ""priors_count<=6"": -5}",,
imodels_solver_pkg,visible_fine,australian,3,552,386,ok,0.0035,3,0.3334595924613572,0.33345959,2.461357229144312e-09,0.9205457250650937,0.8983393655524803,0.3955851585828035,0.8591115778893618,2.08023181038746,"{""A3<=8"": 3, ""A8=0"": -5, ""A9=0"": -2}",,
imodels_solver_pkg,visible_fine,australian,4,552,386,ok,0.0046,4,0.31639007817441245,0.31639008,-1.8255875700035062e-09,0.928662521919337,0.9251649989354906,0.34031206044995876,0.8462027124697711,3.8101456898485484,"{""A3<=6"": 3, ""A8=0"": -5, ""A10<=4"": -2, ""A14<=109"": -2}",,
imodels_solver_pkg,visible_fine,australian,5,552,386,ok,0.0046,5,0.3069960122250742,0.30699601,2.225074235973068e-09,0.9381077634305754,0.940387481371088,0.31793332819856995,0.8281480021468731,4.074353827172773,"{""A3<=6"": 4, ""A7<=26"": -1, ""A8=0"": -5, ""A10<=4"": -2, ""A14<=109"": -2}",,
imodels_solver_pkg,visible_fine,australian,7,552,386,ok,0.0059,7,0.29335111458142465,0.29335111,4.5814246285580396e-09,0.9434613953982678,0.9426229508196722,0.3099377409320278,0.8314655763799218,3.3527843342368024,"{""A3<=6"": 4, ""A4=2"": 1, ""A5=14"": 3, ""A7<=26"": -1, ""A8=0"": -5, ""A10<=4"": -2, ""A14<=102"": -2}",,
imodels_solver_pkg,visible_fine,australian,10,552,386,ok,0.0117,10,0.2771418356781466,0.27794018,-0.0007983443218533837,0.9508342632445932,0.931126250798382,0.3320231240479421,0.8336086423650445,3.3091800098110524,"{""A3<=6"": 4, ""A4=2"": 1, ""A5=1"": -2, ""A5=14"": 3, ""A6=5"": -2, ""A7<=33"": -1, ""A8=0"": -5, ""A10<=4"": -2, ""A13<=32"": 1, ""A14<=102"": -2}",,
imodels_solver_pkg,visible_fine,heart,3,216,269,ok,0.0021,3,0.36992936807125765,0.36992937,-1.928742332513167e-09,0.9038194444444444,0.726388888888889,0.7014964689372695,0.5510008376010682,4.139216004364101,"{""chest<=3"": -4, ""oldpeak<=1.6"": -5, ""thal<=3"": -4}",,
imodels_solver_pkg,visible_fine,heart,4,216,269,ok,0.0025,4,0.3446659600305772,0.34466596,3.057720743271375e-11,0.9223958333333333,0.8180555555555556,0.5328561742912339,0.5129785708505252,4.7985996472071,"{""chest<=3"": -4, ""oldpeak<=1.6"": -5, ""number_of_major_vessels<=0"": -3, ""thal<=3"": -4}",,
imodels_solver_pkg,visible_fine,heart,5,216,269,ok,0.0039,5,0.32897279782053024,0.3289728,-2.179469771323994e-09,0.9290798611111111,0.825,0.552975705450173,0.49209390722871005,5.333904937584557,"{""chest<=3"": -4, ""resting_electrocardiographic_results<=0"": -2, ""oldpeak<=1.6"": -5, ""number_of_major_vessels<=0"": -3, ""thal<=3"": -5}",,
imodels_solver_pkg,visible_fine,heart,7,216,269,ok,0.0073,7,0.3053172822314354,0.30597398,-0.0006566977685645847,0.9421875,0.8833333333333334,0.419088579677631,0.4455199947138961,4.67461052240416,"{""sex=1"": 3, ""chest<=3"": -5, ""serum_cholestoral<=242"": -3, ""oldpeak<=1.6"": -4, ""slope<=1"": -3, ""number_of_major_vessels<=0"": -4, ""thal<=6"": -4}",,
imodels_solver_pkg,visible_fine,heart,10,216,269,ok,0.0119,10,0.25808096520688845,0.27071036,-0.012629394793111537,0.9569444444444445,0.7805555555555556,0.8322007630275216,0.7568730211987559,3.8102714398427935,"{""age<=59"": -5, ""age<=63"": 5, ""sex=1"": 3, ""chest<=3"": -3, ""serum_cholestoral<=211"": -2, ""resting_electrocardiographic_results<=0"": -2, ""oldpeak<=0.5"": -2, ""oldpeak<=1.5"": -2, ""number_of_major_vessels<=0"": -2, ""thal<=3"": -3}",,
imodels_solver_pkg,visible_fine,ionosphere,3,280,2365,ok,0.0063,3,0.23604527555841384,0.23744933,-0.0014040544415861445,0.9293102494607002,0.9539130434782608,0.1791224696888842,3.239243526498671,0.606149015363003,"{""a03<=0.1859"": 5, ""a05<=0.00428"": 5, ""a27<=0.99842"": -1}",,
imodels_solver_pkg,visible_fine,ionosphere,4,280,2365,ok,0.0086,4,0.1815478865638487,0.19434648,-0.012798593436151279,0.9350074672271695,0.9343478260869564,0.4691491462426437,4.919419338257878,-2.6168341958432983,"{""a03<=0.1859"": 5, ""a04<=-0.61"": 1, ""a05<=0.00428"": 5, ""a06<=-0.76087"": 5}",,
imodels_solver_pkg,visible_fine,ionosphere,5,280,2365,ok,0.0089,5,0.14803620669179093,0.15752201,-0.009485803308209056,0.9543946014713203,0.9352173913043478,0.4413318379742915,4.5988728897475335,-2.9798547439751752,"{""a03<=0.1859"": 5, ""a04<=-0.61"": 1, ""a05<=0"": 5, ""a06<=-0.76087"": 5, ""a08<=-0.93597"": 1}",,
imodels_solver_pkg,visible_fine,ionosphere,7,280,2365,ok,0.0127,7,0.10302646819930998,0.11088328,-0.00785681180069002,0.9847613252945405,0.9708695652173913,0.24609855953940102,2.597687095914857,-2.9519797216536476,"{""a03<=0.1859"": 5, ""a03<=0.7381"": 1, ""a04<=-0.61"": 2, ""a05<=0.00428"": 5, ""a06<=-0.76087"": 5, ""a08<=-0.67273"": 2, ""a28<=0.13758"": -1}",,
imodels_solver_pkg,visible_fine,ionosphere,10,280,2365,ok,0.0192,10,0.06283328512773224,0.05612876,0.006704525127732244,0.9951877869351181,0.9591304347826086,0.46654780980966576,3.620337956965406,-4.379068422348008,"{""a03<=0.1859"": 5, ""a03<=0.7381"": 1, ""a04<=-0.61"": 3, ""a05<=0.00428"": 5, ""a06<=-0.76087"": 5, ""a06<=0.125"": 1, ""a08<=-0.93597"": 3, ""a27<=0.92192"": -2, ""a28<=0.13282"": -1, ""a29<=0.44569"": 2}",,
imodels_solver_pkg,visible_fine,ilpd,3,466,460,ok,0.0035,3,0.503620045705638,0.50050232,0.0031177257056380636,0.745139876718824,0.7404323175053154,0.5234029707991773,0.38009739216490124,-3.3531600602312985,"{""V1<=25"": 3, ""V4<=1"": 5, ""V5<=210"": 3}",,
imodels_solver_pkg,visible_fine,ilpd,4,466,460,ok,0.0038,4,0.4937304747903503,0.49157538,0.0021550947903503093,0.7615886563254985,0.7863217576187101,0.4870785065642159,0.32540406644999625,-4.175084260499596,"{""V1<=25"": 4, ""V4<=1"": 5, ""V5<=210"": 3, ""V6<=64"": 4}",,
imodels_solver_pkg,visible_fine,ilpd,5,466,460,ok,0.0043,5,0.4879684472514313,0.48388697,0.004081477251431265,0.77057508636456,0.7916371367824239,0.4819933933197718,0.32050753383948694,-4.995597939578559,"{""V1<=25"": 4, ""V1<=65"": 3, ""V4<=1"": 5, ""V5<=210"": 3, ""V6<=64"": 4}",,
imodels_solver_pkg,visible_fine,ilpd,7,466,460,ok,0.0066,7,0.4724867923128267,0.47269884,-0.00021204768717331124,0.7731942468784574,0.7748051027639972,0.499485405883215,1.1026101962031665,-13.410706870634987,"{""V1<=25"": 1, ""V4<=1"": 2, ""V4<=2.2"": -2, ""V4<=3.6"": 5, ""V5<=210"": 1, ""V6<=64"": 1, ""V7<=298"": 5}",,
imodels_solver_pkg,visible_fine,ilpd,10,466,460,ok,0.0097,10,0.4588482895125724,0.45846233,0.0003859595125724202,0.7942604258393733,0.7879163713678243,0.4820058038113291,1.0443194846223898,-13.52967132591393,"{""V1<=25"": 1, ""V1<=66"": 1, ""V3<=1.6"": 1, ""V3<=4.7"": -3, ""V4<=1.2"": 2, ""V4<=3.6"": 5, ""V5<=134"": -1, ""V5<=210"": 1, ""V6<=64"": 1, ""V7<=298"": 5}",,
imodels_solver_pkg,visible_fine,magic,3,10000,990,ok,0.0262,3,0.47266481614463357,0.47317033,-0.0005055138553664018,0.8154068665741663,0.795121833107697,0.49815694710272074,0.5856555076657081,3.2332676077042977,"{""fLength:<=106.655"": -5, ""fSize:<=2.4526"": -2, ""fAlpha:<=15.9662"": -4}",,
imodels_solver_pkg,visible_fine,magic,4,10000,990,ok,0.0271,4,0.4531194965995662,0.45662971,-0.003510213400433837,0.8401730232605471,0.8203022193774964,0.47834449908329607,0.5334195738705512,3.295130451839062,"{""fLength:<=102.9"": -5, ""fSize:<=2.4526"": -2, ""fAlpha:<=9.3801"": -3, ""fAlpha:<=27.106"": -3}",,
imodels_solver_pkg,visible_fine,magic,5,10000,990,ok,0.0343,5,0.4380719872549926,0.43822071,-0.00014872274500743465,0.8508758147297381,0.8317244022040075,0.46579071292856516,0.5153190341928967,3.00034045937122,"{""fLength:<=99.0827"": -5, ""fWidth:<=11.1267"": 3, ""fSize:<=2.4409"": -4, ""fAlpha:<=9.3801"": -3, ""fAlpha:<=27.106"": -3}",,
imodels_solver_pkg,visible_fine,magic,7,10000,990,ok,0.0459,7,0.41428385349369745,0.41607444,-0.0017905865063025383,0.8651654084719962,0.8451867869031252,0.4448081011617314,0.4583197858910253,3.7195308324905856,"{""fLength:<=106.655"": -4, ""fWidth:<=14.4254"": 3, ""fWidth:<=39.6681"": -4, ""fSize:<=2.4526"": -4, ""fM3Long:<=-34.8805"": 4, ""fAlpha:<=9.3801"": -4, ""fAlpha:<=31.8311"": -3}",,
imodels_solver_pkg,visible_fine,magic,10,10000,990,ok,0.0756,10,0.3944185696842389,0.3944935,-7.493031576111253e-05,0.8799513451857341,0.8538771204729732,0.43797832503445006,0.4348483543130243,4.657495926186869,"{""fLength:<=48.6294"": -2, ""fLength:<=117.868"": -5, ""fWidth:<=9.6076"": 3, ""fWidth:<=14.6515"": 3, ""fWidth:<=39.6681"": -4, ""fSize:<=2.2844"": -3, ""fSize:<=2.4526"": -3, ""fM3Long:<=-28.201"": 3, ""fAlpha:<=9.3801"": -4, ""fAlpha:<=31.8311"": -4}",,
imodels_solver_pkg,visible_fine,haberman,3,244,74,ok,0.002,3,0.4865797112564729,0.48657971,1.2564729257036333e-09,0.732359260850881,0.5957880434782609,0.578340864242457,0.5955581886389762,0.5023029937748701,"{""Age_of_patient_at_time_of_operation<=40"": -3, ""Patients_year_of_operation=61"": -4, ""Number_of_positive_axillary_nodes_detected<=4"": -3}",,
imodels_solver_pkg,visible_fine,haberman,4,244,74,ok,0.0023,4,0.476187914490786,0.47618791,4.490786020827642e-09,0.7542758917060594,0.5842391304347826,0.600787028770124,0.5898011887089549,0.3494031441692346,"{""Age_of_patient_at_time_of_operation<=40"": -3, ""Patients_year_of_operation=65"": 2, ""Patients_year_of_operation=61"": -4, ""Number_of_positive_axillary_nodes_detected<=4"": -3}",,
imodels_solver_pkg,visible_fine,haberman,5,244,74,ok,0.0023,5,0.47289215855900185,0.47289216,-1.440998154134121e-09,0.7634293081220455,0.6161684782608695,0.5943167541283688,0.6068013854693447,0.31468450090216815,"{""Age_of_patient_at_time_of_operation<=40"": -3, ""Patients_year_of_operation=58"": 1, ""Patients_year_of_operation=65"": 2, ""Patients_year_of_operation=61"": -4, ""Number_of_positive_axillary_nodes_detected<=4"": -3}",,
imodels_solver_pkg,visible_fine,haberman,7,244,74,ok,0.004,7,0.461893609635721,0.46189361,-3.642789958568926e-10,0.7895573700042974,0.6317934782608696,0.5998144425629623,0.5036724881797193,0.6834962329520259,"{""Age_of_patient_at_time_of_operation<=40"": -4, ""Age_of_patient_at_time_of_operation<=53"": 2, ""Age_of_patient_at_time_of_operation<=59"": -2, ""Patients_year_of_operation=58"": 1, ""Patients_year_of_operation=65"": 2, ""Patients_year_of_operation=61"": -5, ""Number_of_positive_axillary_nodes_detected<=4"": -4}",,
imodels_solver_pkg,visible_fine,haberman,10,244,74,ok,0.0065,10,0.44886153148200547,0.44772765,0.0011338814820054943,0.7950150408250968,0.673913043478261,0.5857149303845989,0.5570493440662393,0.7499185974142023,"{""Age_of_patient_at_time_of_operation<=40"": -4, ""Age_of_patient_at_time_of_operation<=53"": 2, ""Age_of_patient_at_time_of_operation<=59"": -2, ""Patients_year_of_operation=65"": 2, ""Patients_year_of_operation=61"": -5, ""Number_of_positive_axillary_nodes_detected<=0"": -1, ""Number_of_positive_axillary_nodes_detected<=4"": -2, ""Number_of_positive_axillary_nodes_detected<=8"": -3, ""Number_of_positive_axillary_nodes_detected<=13"": 5, ""Number_of_positive_axillary_nodes_detected<=14"": -3}",,
