repeat,model,dataset,n,p,lam,objective,errors,leaves,seconds,wall,status,size,iterations,binary_features,lb,ub,known_objective,known_certified,verdict
1,autoopttree,chudi,77,2,0.1,0.464935064935065,5.0,4.0,0.0003044169861823,3.089,optimal,19.0,9.0,46.0,0.464935064935065,0.464935064935065,0.464935,True,ok
1,autoopttree,chudi,77,2,0.05,0.25,0.0,5.0,0.0006077500293031,0.021,optimal,54.0,23.0,46.0,0.25,0.25,0.25,True,ok
1,autoopttree,chudi,77,2,0.02,0.1,0.0,5.0,0.0007000420009717,0.019,optimal,62.0,25.0,46.0,0.1,0.1,0.1,True,ok
1,autoopttree,chudi,77,2,0.01,0.05,0.0,5.0,0.0007391249528154,0.019,optimal,68.0,28.0,46.0,0.05,0.05,0.05,True,ok
1,autoopttree,chudi,77,2,0.005,0.025,0.0,5.0,0.0007584580453112,0.019,optimal,68.0,28.0,46.0,0.025,0.025,0.025,True,ok
1,autoopttree,monk_3,122,11,0.1,0.5213114754098361,27.0,3.0,9.950000094249845e-05,0.024,optimal,5.0,1.0,11.0,0.521311475409836,0.521311475409836,0.521311,True,ok
1,autoopttree,monk_3,122,11,0.05,0.3713114754098361,27.0,3.0,0.0001492499723099,0.018,optimal,6.0,2.0,11.0,0.3713114754098361,0.3713114754098361,0.371311,True,ok
1,autoopttree,monk_3,122,11,0.02,0.2429508196721311,15.0,6.0,0.0007560839876532,0.019,optimal,79.0,49.0,11.0,0.2429508196721311,0.2429508196721311,0.242951,True,ok
1,autoopttree,monk_3,122,11,0.01,0.1555737704918032,8.0,9.0,0.0024837499950081,0.021,optimal,306.0,185.0,11.0,0.1555737704918032,0.1555737704918032,0.155574,True,ok
1,autoopttree,monk_3,122,11,0.005,0.0945901639344262,3.0,14.0,0.0133202090510167,0.032,optimal,937.0,638.0,11.0,0.0945901639344262,0.0945901639344262,0.09459,True,ok
1,autoopttree,monk_1,124,11,0.1,0.4661290322580645,33.0,2.0,8.116598473861814e-05,0.019,optimal,3.0,1.0,11.0,0.4661290322580644,0.4661290322580644,0.466129,True,ok
1,autoopttree,monk_1,124,11,0.05,0.3387096774193548,11.0,5.0,0.0001213750219903,0.019,optimal,3.0,2.0,11.0,0.3387096774193548,0.3387096774193548,0.33871,True,ok
1,autoopttree,monk_1,124,11,0.02,0.16,0.0,8.0,0.0005365000106394,0.019,optimal,66.0,25.0,11.0,0.16,0.16,0.16,True,ok
1,autoopttree,monk_1,124,11,0.01,0.08,0.0,8.0,0.0005220829625613,0.02,optimal,69.0,29.0,11.0,0.08,0.08,0.08,True,ok
1,autoopttree,monk_1,124,11,0.005,0.04,0.0,8.0,0.0004959169891662,0.02,optimal,81.0,36.0,11.0,0.04,0.04,0.04,True,ok
1,autoopttree,iris,150,4,0.1,0.34,6.0,3.0,0.0001820410252548,0.019,optimal,5.0,1.0,118.0,0.3399999999999999,0.3399999999999999,0.34,True,ok
1,autoopttree,iris,150,4,0.05,0.19,6.0,3.0,0.0002117920084856,0.02,optimal,5.0,1.0,118.0,0.19,0.19,0.19,True,ok
1,autoopttree,iris,150,4,0.02,0.1,6.0,3.0,0.0053040829952806,0.025,optimal,120.0,72.0,118.0,0.1,0.1,0.1,True,ok
1,autoopttree,iris,150,4,0.01,0.06,3.0,4.0,0.0248760000104084,0.044,optimal,500.0,343.0,118.0,0.06,0.06,0.06,True,ok
1,autoopttree,iris,150,4,0.005,0.0383333333333333,2.0,5.0,0.1957429999602027,0.216,optimal,3223.0,2856.0,118.0,0.0383333333333333,0.0383333333333333,0.038333,True,ok
1,autoopttree,monk_2,169,11,0.1,0.478698224852071,64.0,1.0,7.104105316102505e-05,0.02,optimal,1.0,1.0,11.0,0.478698224852071,0.478698224852071,0.478698,True,ok
1,autoopttree,monk_2,169,11,0.05,0.428698224852071,64.0,1.0,0.0001830410328693,0.02,optimal,23.0,13.0,11.0,0.428698224852071,0.428698224852071,0.428698,True,ok
1,autoopttree,monk_2,169,11,0.02,0.3589349112426035,37.0,7.0,0.0027806249563582,0.022,optimal,314.0,267.0,11.0,0.3589349112426035,0.3589349112426035,0.358935,True,ok
1,autoopttree,monk_2,169,11,0.01,0.2650887573964497,11.0,20.0,0.0163298329571262,0.036,optimal,1264.0,990.0,11.0,0.2650887573964497,0.2650887573964497,0.265089,True,ok
1,autoopttree,monk_2,169,11,0.005,0.1527514792899408,3.0,27.0,0.0155304169747978,0.036,optimal,2139.0,1468.0,11.0,0.1527514792899408,0.1527514792899408,0.152751,True,ok
1,autoopttree,tic-tac-toe,958,9,0.1,0.4465553235908142,332.0,1.0,6.262498209252954e-05,0.03,optimal,1.0,1.0,27.0,0.4465553235908142,0.4465553235908142,0.446555,True,ok
1,autoopttree,tic-tac-toe,958,9,0.05,0.3965553235908142,332.0,1.0,0.0007097920170053,0.033,optimal,55.0,37.0,27.0,0.3965553235908141,0.3965553235908141,0.396555,True,ok
1,autoopttree,tic-tac-toe,958,9,0.02,0.3183298538622129,190.0,6.0,0.0445285000023432,0.084,optimal,5045.0,3441.0,27.0,0.3183298538622129,0.3183298538622129,0.31833,True,ok
1,autoopttree,tic-tac-toe,958,9,0.01,0.2507515657620042,154.0,9.0,0.6725918330485001,0.705,optimal,71074.0,51668.0,27.0,0.2507515657620042,0.2507515657620042,0.250752,True,ok
1,autoopttree,tic-tac-toe,958,9,0.005,0.1542797494780793,52.0,20.0,0.8822848330019042,0.917,optimal,103968.0,74781.0,27.0,0.1542797494780793,0.1542797494780793,0.15428,True,ok
1,autoopttree,gaussian_1k,1000,1,0.1,0.397,297.0,1.0,0.0004018750041723,0.054,optimal,1.0,1.0,999.0,0.397,0.397,0.397,True,ok
1,autoopttree,gaussian_1k,1000,1,0.05,0.275,125.0,3.0,0.0005183330504223,0.052,optimal,5.0,1.0,999.0,0.275,0.275,0.275,True,ok
1,autoopttree,gaussian_1k,1000,1,0.02,0.185,125.0,3.0,0.0005849999724887,0.053,optimal,5.0,1.0,999.0,0.1849999999999999,0.1849999999999999,0.185,True,ok
1,autoopttree,gaussian_1k,1000,1,0.01,0.155,125.0,3.0,0.000588750001043,0.054,optimal,5.0,1.0,999.0,0.155,0.155,0.155,True,ok
1,autoopttree,gaussian_1k,1000,1,0.005,0.14,125.0,3.0,0.0006345419678837,0.054,optimal,5.0,1.0,999.0,0.14,0.14,0.14,True,ok
1,autoopttree,fico_1k,1000,23,0.1,0.491,291.0,2.0,0.0864059579907916,0.128,optimal,4206.0,2608.0,1357.0,0.491,0.491,0.491,True,ok
1,autoopttree,fico_1k,1000,23,0.05,0.391,291.0,2.0,30.0,30.081,time,832197.0,705728.0,1357.0,0.125,0.391,0.391,False,ok
1,autoopttree,fico_1k,1000,23,0.02,0.3309999999999999,291.0,2.0,30.0,30.058,time,285468.0,255104.0,1357.0,0.065,0.3309999999999999,0.331,False,ok
1,autoopttree,fico_1k,1000,23,0.01,0.311,291.0,2.0,30.0,30.079,time,279324.0,270400.0,1357.0,0.045,0.311,0.304,False,worse_than_known
1,autoopttree,fico_1k,1000,23,0.005,0.301,291.0,2.0,30.0,30.056,time,242729.0,226624.0,1357.0,0.035,0.301,0.284,False,worse_than_known
1,autoopttree,sine_1k,1000,1,0.1,0.595,495.0,1.0,0.000406292034313,0.054,optimal,1.0,1.0,999.0,0.595,0.595,0.595,True,ok
1,autoopttree,sine_1k,1000,1,0.05,0.545,495.0,1.0,0.0004918749909847,0.054,optimal,1.0,1.0,999.0,0.545,0.545,0.545,False,ok
1,autoopttree,sine_1k,1000,1,0.02,0.494,454.0,2.0,0.0005931250052526,0.053,optimal,3.0,1.0,999.0,0.494,0.494,0.494,False,ok
1,autoopttree,sine_1k,1000,1,0.01,0.429,169.0,26.0,0.0007387080113403,0.053,optimal,52.0,1.0,999.0,0.4290000000000001,0.4290000000000001,0.443,False,better_than_known
1,autoopttree,sine_1k,1000,1,0.005,0.269,109.0,32.0,0.0007652500062249,0.052,optimal,67.0,1.0,999.0,0.2690000000000001,0.2690000000000001,0.4,False,better_than_known
1,autoopttree,car_evaluation,1728,15,0.1,0.3997685185185186,518.0,1.0,4.1624996811151505e-05,0.022,optimal,1.0,1.0,15.0,0.3997685185185184,0.3997685185185184,0.399769,True,ok
1,autoopttree,car_evaluation,1728,15,0.05,0.2946759259259259,250.0,3.0,0.0002349169808439,0.023,optimal,15.0,8.0,15.0,0.2946759259259259,0.2946759259259259,0.294676,True,ok
1,autoopttree,car_evaluation,1728,15,0.02,0.2046759259259259,250.0,3.0,0.002540708053857,0.029,optimal,135.0,69.0,15.0,0.2046759259259259,0.2046759259259259,0.204676,True,ok
1,autoopttree,car_evaluation,1728,15,0.01,0.1452314814814815,130.0,7.0,0.0174309579888358,0.039,optimal,1107.0,846.0,15.0,0.1452314814814815,0.1452314814814815,0.145231,True,ok
1,autoopttree,car_evaluation,1728,15,0.005,0.1063425925925926,106.0,9.0,0.0802574169938452,0.102,optimal,5690.0,5398.0,15.0,0.1063425925925926,0.1063425925925926,0.106343,True,ok
1,autoopttree,coupon_bar,1913,14,0.1,0.5119184526921067,788.0,1.0,3.98330157622695e-05,0.022,optimal,1.0,1.0,14.0,0.5119184526921067,0.5119184526921067,0.511918,True,ok
1,autoopttree,coupon_bar,1913,14,0.05,0.4538944066910612,677.0,2.0,0.0002295830054208,0.022,optimal,27.0,14.0,14.0,0.4538944066910611,0.4538944066910611,0.453894,True,ok
1,autoopttree,coupon_bar,1913,14,0.02,0.3715525352848928,596.0,3.0,0.0017472089966759,0.024,optimal,178.0,120.0,14.0,0.3715525352848928,0.3715525352848928,0.371553,True,ok
1,autoopttree,coupon_bar,1913,14,0.01,0.3410977522216414,576.0,4.0,0.0129827909986488,0.035,optimal,951.0,775.0,14.0,0.3410977522216414,0.3410977522216414,0.341098,True,ok
1,autoopttree,coupon_bar,1913,14,0.005,0.3186199686356508,533.0,8.0,0.0379207920050248,0.06,optimal,3582.0,3989.0,14.0,0.3186199686356508,0.3186199686356508,0.31862,True,ok
1,autoopttree,compas_binned,6907,12,0.1,0.5610829593166353,2494.0,2.0,6.499997107312083e-05,0.028,optimal,3.0,1.0,12.0,0.5610829593166353,0.5610829593166353,0.561083,True,ok
1,autoopttree,compas_binned,6907,12,0.05,0.4610829593166353,2494.0,2.0,7.325003389269114e-05,0.028,optimal,3.0,1.0,12.0,0.4610829593166352,0.4610829593166352,0.461083,True,ok
1,autoopttree,compas_binned,6907,12,0.02,0.4010829593166353,2494.0,2.0,0.0002032080083154,0.035,optimal,21.0,11.0,12.0,0.4010829593166353,0.4010829593166353,0.401083,True,ok
1,autoopttree,compas_binned,6907,12,0.01,0.3748675256985666,2382.0,3.0,0.0007778340368531,0.028,optimal,111.0,61.0,12.0,0.3748675256985667,0.3748675256985667,0.374868,True,ok
1,autoopttree,compas_binned,6907,12,0.005,0.355968582597365,2286.0,5.0,0.0022340000141412,0.029,optimal,296.0,199.0,12.0,0.3559685825973649,0.3559685825973649,0.355969,True,ok
1,autoopttree,fico_binary,10459,17,0.1,0.5040443637058992,3180.0,2.0,5.666597280651331e-05,0.033,optimal,3.0,1.0,17.0,0.5040443637058992,0.5040443637058992,0.504044,True,ok
1,autoopttree,fico_binary,10459,17,0.05,0.4040443637058992,3180.0,2.0,0.0002272500423714,0.033,optimal,23.0,12.0,17.0,0.4040443637058992,0.4040443637058992,0.404044,True,ok
1,autoopttree,fico_binary,10459,17,0.02,0.3440443637058992,3180.0,2.0,0.0022623339900746,0.041,optimal,277.0,164.0,17.0,0.3440443637058992,0.3440443637058992,0.344044,True,ok
1,autoopttree,fico_binary,10459,17,0.01,0.3240443637058992,3180.0,2.0,0.0604532090364955,0.093,optimal,5763.0,4414.0,17.0,0.3240443637058992,0.3240443637058992,0.324044,True,ok
1,autoopttree,fico_binary,10459,17,0.005,0.308650922650349,3019.0,4.0,0.8934858340071514,0.933,optimal,51584.0,58714.0,17.0,0.308650922650349,0.308650922650349,0.308651,True,ok
1,autoopttree,compas_processed,12381,22,0.1,0.411364187060819,3855.0,1.0,0.0005627080099657,0.266,optimal,23.0,12.0,621.0,0.411364187060819,0.411364187060819,0.411364,True,ok
1,autoopttree,compas_processed,12381,22,0.05,0.3613641870608189,3855.0,1.0,0.4787030830048024,0.744,optimal,18815.0,12012.0,621.0,0.3613641870608189,0.3613641870608189,0.361364,True,ok
1,autoopttree,compas_processed,12381,22,0.02,0.3278604313060334,3564.0,2.0,30.0,30.426,time,779510.0,585664.0,621.0,0.1085728131814877,0.3278604313060334,0.32786,False,ok
1,autoopttree,compas_processed,12381,22,0.01,0.3078604313060334,3564.0,2.0,30.0,30.386,time,509293.0,427392.0,621.0,0.0885728131814877,0.3078604313060334,0.30786,False,ok
1,autoopttree,compas_processed,12381,22,0.005,0.2978604313060334,3564.0,2.0,30.0,30.341,time,397850.0,335232.0,621.0,0.0785728131814877,0.2978604313060334,0.29786,False,ok
2,autoopttree,chudi,77,2,0.1,0.464935064935065,5.0,4.0,0.0002639159793034,0.029,optimal,19.0,9.0,46.0,0.464935064935065,0.464935064935065,0.464935,True,ok
2,autoopttree,chudi,77,2,0.05,0.25,0.0,5.0,0.0006165840313769,0.022,optimal,54.0,23.0,46.0,0.25,0.25,0.25,True,ok
2,autoopttree,chudi,77,2,0.02,0.1,0.0,5.0,0.0007068329723551,0.022,optimal,62.0,25.0,46.0,0.1,0.1,0.1,True,ok
2,autoopttree,chudi,77,2,0.01,0.05,0.0,5.0,0.0007886670064181,0.026,optimal,68.0,28.0,46.0,0.05,0.05,0.05,True,ok
2,autoopttree,chudi,77,2,0.005,0.025,0.0,5.0,0.0008262080373242,0.024,optimal,68.0,28.0,46.0,0.025,0.025,0.025,True,ok
2,autoopttree,monk_3,122,11,0.1,0.5213114754098361,27.0,3.0,0.0001296660047955,0.027,optimal,5.0,1.0,11.0,0.521311475409836,0.521311475409836,0.521311,True,ok
2,autoopttree,monk_3,122,11,0.05,0.3713114754098361,27.0,3.0,0.0001642919960431,0.023,optimal,6.0,2.0,11.0,0.3713114754098361,0.3713114754098361,0.371311,True,ok
2,autoopttree,monk_3,122,11,0.02,0.2429508196721311,15.0,6.0,0.0007794580305926,0.023,optimal,79.0,49.0,11.0,0.2429508196721311,0.2429508196721311,0.242951,True,ok
2,autoopttree,monk_3,122,11,0.01,0.1555737704918032,8.0,9.0,0.0024481659638695,0.03,optimal,306.0,185.0,11.0,0.1555737704918032,0.1555737704918032,0.155574,True,ok
2,autoopttree,monk_3,122,11,0.005,0.0945901639344262,3.0,14.0,0.0069555420195683,0.027,optimal,937.0,638.0,11.0,0.0945901639344262,0.0945901639344262,0.09459,True,ok
2,autoopttree,monk_1,124,11,0.1,0.4661290322580645,33.0,2.0,8.808396523818374e-05,0.021,optimal,3.0,1.0,11.0,0.4661290322580644,0.4661290322580644,0.466129,True,ok
2,autoopttree,monk_1,124,11,0.05,0.3387096774193548,11.0,5.0,0.0001348329824395,0.021,optimal,3.0,2.0,11.0,0.3387096774193548,0.3387096774193548,0.33871,True,ok
2,autoopttree,monk_1,124,11,0.02,0.16,0.0,8.0,0.0005502499989233,0.022,optimal,66.0,25.0,11.0,0.16,0.16,0.16,True,ok
2,autoopttree,monk_1,124,11,0.01,0.08,0.0,8.0,0.0005304170190356,0.028,optimal,69.0,29.0,11.0,0.08,0.08,0.08,True,ok
2,autoopttree,monk_1,124,11,0.005,0.04,0.0,8.0,0.0004988329601474,0.021,optimal,81.0,36.0,11.0,0.04,0.04,0.04,True,ok
2,autoopttree,iris,150,4,0.1,0.34,6.0,3.0,0.0001760000013746,0.021,optimal,5.0,1.0,118.0,0.3399999999999999,0.3399999999999999,0.34,True,ok
2,autoopttree,iris,150,4,0.05,0.19,6.0,3.0,0.0002145830076187,0.022,optimal,5.0,1.0,118.0,0.19,0.19,0.19,True,ok
2,autoopttree,iris,150,4,0.02,0.1,6.0,3.0,0.0051253329729661,0.027,optimal,120.0,72.0,118.0,0.1,0.1,0.1,True,ok
2,autoopttree,iris,150,4,0.01,0.06,3.0,4.0,0.0248094160342589,0.054,optimal,500.0,343.0,118.0,0.06,0.06,0.06,True,ok
2,autoopttree,iris,150,4,0.005,0.0383333333333333,2.0,5.0,0.1855639579589478,0.207,optimal,3223.0,2856.0,118.0,0.0383333333333333,0.0383333333333333,0.038333,True,ok
2,autoopttree,monk_2,169,11,0.1,0.478698224852071,64.0,1.0,7.78749817982316e-05,0.022,optimal,1.0,1.0,11.0,0.478698224852071,0.478698224852071,0.478698,True,ok
2,autoopttree,monk_2,169,11,0.05,0.428698224852071,64.0,1.0,0.0001913749729283,0.021,optimal,23.0,13.0,11.0,0.428698224852071,0.428698224852071,0.428698,True,ok
2,autoopttree,monk_2,169,11,0.02,0.3589349112426035,37.0,7.0,0.0028804580215364,0.03,optimal,314.0,267.0,11.0,0.3589349112426035,0.3589349112426035,0.358935,True,ok
2,autoopttree,monk_2,169,11,0.01,0.2650887573964497,11.0,20.0,0.0102075829636305,0.033,optimal,1264.0,990.0,11.0,0.2650887573964497,0.2650887573964497,0.265089,True,ok
2,autoopttree,monk_2,169,11,0.005,0.1527514792899408,3.0,27.0,0.0155644589685834,0.037,optimal,2139.0,1468.0,11.0,0.1527514792899408,0.1527514792899408,0.152751,True,ok
2,autoopttree,tic-tac-toe,958,9,0.1,0.4465553235908142,332.0,1.0,5.541602149605751e-05,0.034,optimal,1.0,1.0,27.0,0.4465553235908142,0.4465553235908142,0.446555,True,ok
2,autoopttree,tic-tac-toe,958,9,0.05,0.3965553235908142,332.0,1.0,0.000634333002381,0.032,optimal,55.0,37.0,27.0,0.3965553235908141,0.3965553235908141,0.396555,True,ok
2,autoopttree,tic-tac-toe,958,9,0.02,0.3183298538622129,190.0,6.0,0.0468076670076698,0.077,optimal,5045.0,3441.0,27.0,0.3183298538622129,0.3183298538622129,0.31833,True,ok
2,autoopttree,tic-tac-toe,958,9,0.01,0.2507515657620042,154.0,9.0,0.7191984580131248,0.753,optimal,71074.0,51668.0,27.0,0.2507515657620042,0.2507515657620042,0.250752,True,ok
2,autoopttree,tic-tac-toe,958,9,0.005,0.1542797494780793,52.0,20.0,0.9058753339922988,0.945,optimal,103968.0,74781.0,27.0,0.1542797494780793,0.1542797494780793,0.15428,True,ok
2,autoopttree,gaussian_1k,1000,1,0.1,0.397,297.0,1.0,0.0004140000091865,0.056,optimal,1.0,1.0,999.0,0.397,0.397,0.397,True,ok
2,autoopttree,gaussian_1k,1000,1,0.05,0.275,125.0,3.0,0.0005293330177664,0.055,optimal,5.0,1.0,999.0,0.275,0.275,0.275,True,ok
2,autoopttree,gaussian_1k,1000,1,0.02,0.185,125.0,3.0,0.0005675829597748,0.055,optimal,5.0,1.0,999.0,0.1849999999999999,0.1849999999999999,0.185,True,ok
2,autoopttree,gaussian_1k,1000,1,0.01,0.155,125.0,3.0,0.0005736660095863,0.057,optimal,5.0,1.0,999.0,0.155,0.155,0.155,True,ok
2,autoopttree,gaussian_1k,1000,1,0.005,0.14,125.0,3.0,0.0005935840308666,0.055,optimal,5.0,1.0,999.0,0.14,0.14,0.14,True,ok
2,autoopttree,fico_1k,1000,23,0.1,0.491,291.0,2.0,0.0942142499843612,0.166,optimal,4206.0,2608.0,1357.0,0.491,0.491,0.491,True,ok
2,autoopttree,fico_1k,1000,23,0.05,0.391,291.0,2.0,30.0,30.086,time,805889.0,684544.0,1357.0,0.125,0.391,0.391,False,ok
2,autoopttree,fico_1k,1000,23,0.02,0.3309999999999999,291.0,2.0,30.0,30.064,time,280887.0,250496.0,1357.0,0.065,0.3309999999999999,0.331,False,ok
2,autoopttree,fico_1k,1000,23,0.01,0.311,291.0,2.0,30.0,30.061,time,272367.0,263552.0,1357.0,0.045,0.311,0.304,False,worse_than_known
2,autoopttree,fico_1k,1000,23,0.005,0.301,291.0,2.0,30.0,30.078,time,234718.0,219584.0,1357.0,0.035,0.301,0.284,False,worse_than_known
2,autoopttree,sine_1k,1000,1,0.1,0.595,495.0,1.0,0.0004112090100534,0.058,optimal,1.0,1.0,999.0,0.595,0.595,0.595,True,ok
2,autoopttree,sine_1k,1000,1,0.05,0.545,495.0,1.0,0.0004920419887639,0.057,optimal,1.0,1.0,999.0,0.545,0.545,0.545,False,ok
2,autoopttree,sine_1k,1000,1,0.02,0.494,454.0,2.0,0.0005944169824942,0.054,optimal,3.0,1.0,999.0,0.494,0.494,0.494,False,ok
2,autoopttree,sine_1k,1000,1,0.01,0.429,169.0,26.0,0.00070804200368,0.054,optimal,52.0,1.0,999.0,0.4290000000000001,0.4290000000000001,0.443,False,better_than_known
2,autoopttree,sine_1k,1000,1,0.005,0.269,109.0,32.0,0.0007664160220883,0.056,optimal,67.0,1.0,999.0,0.2690000000000001,0.2690000000000001,0.4,False,better_than_known
2,autoopttree,car_evaluation,1728,15,0.1,0.3997685185185186,518.0,1.0,4.479201743379235e-05,0.024,optimal,1.0,1.0,15.0,0.3997685185185184,0.3997685185185184,0.399769,True,ok
2,autoopttree,car_evaluation,1728,15,0.05,0.2946759259259259,250.0,3.0,0.0002435409696772,0.023,optimal,15.0,8.0,15.0,0.2946759259259259,0.2946759259259259,0.294676,True,ok
2,autoopttree,car_evaluation,1728,15,0.02,0.2046759259259259,250.0,3.0,0.0025084170047193,0.026,optimal,135.0,69.0,15.0,0.2046759259259259,0.2046759259259259,0.204676,True,ok
2,autoopttree,car_evaluation,1728,15,0.01,0.1452314814814815,130.0,7.0,0.017083041020669,0.04,optimal,1107.0,846.0,15.0,0.1452314814814815,0.1452314814814815,0.145231,True,ok
2,autoopttree,car_evaluation,1728,15,0.005,0.1063425925925926,106.0,9.0,0.0804511249880306,0.104,optimal,5690.0,5398.0,15.0,0.1063425925925926,0.1063425925925926,0.106343,True,ok
2,autoopttree,coupon_bar,1913,14,0.1,0.5119184526921067,788.0,1.0,3.691599704325199e-05,0.025,optimal,1.0,1.0,14.0,0.5119184526921067,0.5119184526921067,0.511918,True,ok
2,autoopttree,coupon_bar,1913,14,0.05,0.4538944066910612,677.0,2.0,0.0002432080218568,0.024,optimal,27.0,14.0,14.0,0.4538944066910611,0.4538944066910611,0.453894,True,ok
2,autoopttree,coupon_bar,1913,14,0.02,0.3715525352848928,596.0,3.0,0.0017911669565364,0.025,optimal,178.0,120.0,14.0,0.3715525352848928,0.3715525352848928,0.371553,True,ok
2,autoopttree,coupon_bar,1913,14,0.01,0.3410977522216414,576.0,4.0,0.0130544159910641,0.037,optimal,951.0,775.0,14.0,0.3410977522216414,0.3410977522216414,0.341098,True,ok
2,autoopttree,coupon_bar,1913,14,0.005,0.3186199686356508,533.0,8.0,0.0371541660279035,0.061,optimal,3582.0,3989.0,14.0,0.3186199686356508,0.3186199686356508,0.31862,True,ok
2,autoopttree,compas_binned,6907,12,0.1,0.5610829593166353,2494.0,2.0,6.129196844995022e-05,0.028,optimal,3.0,1.0,12.0,0.5610829593166353,0.5610829593166353,0.561083,True,ok
2,autoopttree,compas_binned,6907,12,0.05,0.4610829593166353,2494.0,2.0,6.47500273771584e-05,0.029,optimal,3.0,1.0,12.0,0.4610829593166352,0.4610829593166352,0.461083,True,ok
2,autoopttree,compas_binned,6907,12,0.02,0.4010829593166353,2494.0,2.0,0.0002187089994549,0.038,optimal,21.0,11.0,12.0,0.4010829593166353,0.4010829593166353,0.401083,True,ok
2,autoopttree,compas_binned,6907,12,0.01,0.3748675256985666,2382.0,3.0,0.000847415998578,0.034,optimal,111.0,61.0,12.0,0.3748675256985667,0.3748675256985667,0.374868,True,ok
2,autoopttree,compas_binned,6907,12,0.005,0.355968582597365,2286.0,5.0,0.0022853330010548,0.033,optimal,296.0,199.0,12.0,0.3559685825973649,0.3559685825973649,0.355969,True,ok
2,autoopttree,fico_binary,10459,17,0.1,0.5040443637058992,3180.0,2.0,5.7083030696958303e-05,0.036,optimal,3.0,1.0,17.0,0.5040443637058992,0.5040443637058992,0.504044,True,ok
2,autoopttree,fico_binary,10459,17,0.05,0.4040443637058992,3180.0,2.0,0.0002296660095453,0.035,optimal,23.0,12.0,17.0,0.4040443637058992,0.4040443637058992,0.404044,True,ok
2,autoopttree,fico_binary,10459,17,0.02,0.3440443637058992,3180.0,2.0,0.0022214580094441,0.042,optimal,277.0,164.0,17.0,0.3440443637058992,0.3440443637058992,0.344044,True,ok
2,autoopttree,fico_binary,10459,17,0.01,0.3240443637058992,3180.0,2.0,0.0606329170404933,0.095,optimal,5763.0,4414.0,17.0,0.3240443637058992,0.3240443637058992,0.324044,True,ok
2,autoopttree,fico_binary,10459,17,0.005,0.308650922650349,3019.0,4.0,0.9555326249683276,0.996,optimal,51584.0,58714.0,17.0,0.308650922650349,0.308650922650349,0.308651,True,ok
2,autoopttree,compas_processed,12381,22,0.1,0.411364187060819,3855.0,1.0,0.0005634169792756,0.267,optimal,23.0,12.0,621.0,0.411364187060819,0.411364187060819,0.411364,True,ok
2,autoopttree,compas_processed,12381,22,0.05,0.3613641870608189,3855.0,1.0,0.4828858330147341,0.746,optimal,18815.0,12012.0,621.0,0.3613641870608189,0.3613641870608189,0.361364,True,ok
2,autoopttree,compas_processed,12381,22,0.02,0.3278604313060334,3564.0,2.0,30.0,30.721,time,761865.0,573760.0,621.0,0.1085728131814877,0.3278604313060334,0.32786,False,ok
2,autoopttree,compas_processed,12381,22,0.01,0.3078604313060334,3564.0,2.0,30.0,30.382,time,503986.0,423040.0,621.0,0.0885728131814877,0.3078604313060334,0.30786,False,ok
2,autoopttree,compas_processed,12381,22,0.005,0.2978604313060334,3564.0,2.0,30.0,30.35,time,409602.0,345728.0,621.0,0.0785728131814877,0.2978604313060334,0.29786,False,ok
1,gosdt_guesses_guided,chudi,77,2,0.1,0.4727272727272727,21.0,2.0,0.0,1.427,heuristic,5.0,5.0,3.0,0.4727272689342499,0.4727272689342499,0.464935,True,worse_than_known
1,gosdt_guesses_guided,chudi,77,2,0.05,0.2779220779220779,6.0,4.0,0.0,0.851,heuristic,11.0,17.0,3.0,0.2779220640659332,0.2779220640659332,0.25,True,worse_than_known
1,gosdt_guesses_guided,chudi,77,2,0.02,0.1579220779220779,6.0,4.0,0.0,0.85,heuristic,11.0,17.0,3.0,0.1579220592975616,0.1579220592975616,0.1,True,worse_than_known
1,gosdt_guesses_guided,chudi,77,2,0.01,0.1179220779220779,6.0,4.0,0.0,0.854,heuristic,11.0,17.0,3.0,0.1179220676422119,0.1179220676422119,0.05,True,worse_than_known
1,gosdt_guesses_guided,chudi,77,2,0.005,0.0979220779220779,6.0,4.0,0.0,0.851,heuristic,11.0,17.0,3.0,0.0979220792651176,0.0979220792651176,0.025,True,worse_than_known
1,gosdt_guesses_guided,monk_3,122,11,0.1,0.5213114754098361,27.0,3.0,0.0,0.858,heuristic,11.0,11.0,5.0,0.5213114619255066,0.5213114619255066,0.521311,True,ok
1,gosdt_guesses_guided,monk_3,122,11,0.05,0.3713114754098361,27.0,3.0,0.0,0.852,heuristic,31.0,52.0,5.0,0.3713114559650421,0.3713114559650421,0.371311,True,ok
1,gosdt_guesses_guided,monk_3,122,11,0.02,0.2429508196721311,15.0,6.0,0.0,0.856,heuristic,53.0,150.0,5.0,0.2429507970809936,0.2429507970809936,0.242951,True,ok
1,gosdt_guesses_guided,monk_3,122,11,0.01,0.1655737704918032,8.0,10.0,0.0,0.849,heuristic,56.0,159.0,5.0,0.1655737608671188,0.1655737608671188,0.155574,True,worse_than_known
1,gosdt_guesses_guided,monk_3,122,11,0.005,0.1155737704918032,8.0,10.0,0.0,0.853,heuristic,57.0,161.0,5.0,0.115573763847351,0.115573763847351,0.09459,True,worse_than_known
1,gosdt_guesses_guided,monk_1,124,11,0.1,0.4661290322580645,33.0,2.0,0.0,0.858,heuristic,1.0,0.0,2.0,0.4661290049552917,0.4661290049552917,0.466129,True,ok
1,gosdt_guesses_guided,monk_1,124,11,0.05,0.3661290322580645,33.0,2.0,0.0,0.852,heuristic,1.0,0.0,2.0,0.3661290407180786,0.3661290407180786,0.33871,True,worse_than_known
1,gosdt_guesses_guided,monk_1,124,11,0.02,0.3061290322580645,33.0,2.0,0.0,0.857,heuristic,1.0,0.0,2.0,0.3061290383338928,0.3061290383338928,0.16,True,worse_than_known
1,gosdt_guesses_guided,monk_1,124,11,0.01,0.2861290322580645,33.0,2.0,0.0,0.853,heuristic,1.0,0.0,2.0,0.2861289978027344,0.2861289978027344,0.08,True,worse_than_known
1,gosdt_guesses_guided,monk_1,124,11,0.005,0.2761290322580645,33.0,2.0,0.0,0.859,heuristic,1.0,0.0,2.0,0.2761290073394775,0.2761290073394775,0.04,True,worse_than_known
1,gosdt_guesses_guided,iris,150,4,0.1,0.5333333333333333,50.0,2.0,0.0,0.854,heuristic,1.0,0.0,1.0,0.5333333611488342,0.5333333611488342,0.34,True,worse_than_known
1,gosdt_guesses_guided,iris,150,4,0.05,0.4333333333333333,50.0,2.0,0.0,0.852,heuristic,1.0,0.0,1.0,0.4333333671092987,0.4333333671092987,0.19,True,worse_than_known
1,gosdt_guesses_guided,iris,150,4,0.02,0.3733333333333333,50.0,2.0,0.0,0.854,heuristic,1.0,0.0,1.0,0.3733333647251129,0.3733333647251129,0.1,True,worse_than_known
1,gosdt_guesses_guided,iris,150,4,0.01,0.3533333333333333,50.0,2.0,0.0,0.858,heuristic,1.0,0.0,1.0,0.3533333241939544,0.3533333241939544,0.06,True,worse_than_known
1,gosdt_guesses_guided,iris,150,4,0.005,0.3433333333333333,50.0,2.0,0.0,0.858,heuristic,1.0,0.0,1.0,0.3433333337306976,0.3433333337306976,0.038333,True,worse_than_known
1,gosdt_guesses_guided,monk_2,169,11,0.1,0.478698224852071,64.0,1.0,0.0,0.855,heuristic,1.0,0.0,6.0,0.4786982238292694,0.4786982238292694,0.478698,True,ok
1,gosdt_guesses_guided,monk_2,169,11,0.05,0.428698224852071,64.0,1.0,0.0,0.859,heuristic,1.0,0.0,6.0,0.4286982417106628,0.4286982417106628,0.428698,True,ok
1,gosdt_guesses_guided,monk_2,169,11,0.02,0.398698224852071,64.0,1.0,0.0,0.86,heuristic,1.0,0.0,6.0,0.3986982405185699,0.3986982405185699,0.358935,True,worse_than_known
1,gosdt_guesses_guided,monk_2,169,11,0.01,0.388698224852071,64.0,1.0,0.0,0.854,heuristic,1.0,0.0,6.0,0.3886982202529907,0.3886982202529907,0.265089,True,worse_than_known
1,gosdt_guesses_guided,monk_2,169,11,0.005,0.3700295857988165,60.0,3.0,0.0,0.859,heuristic,7.0,7.0,6.0,0.3700295686721802,0.3700295686721802,0.152751,True,worse_than_known
1,gosdt_guesses_guided,tic-tac-toe,958,9,0.1,0.4465553235908142,332.0,1.0,0.0,0.85,heuristic,1.0,0.0,5.0,0.4465553164482116,0.4465553164482116,0.446555,True,ok
1,gosdt_guesses_guided,tic-tac-toe,958,9,0.05,0.3965553235908142,332.0,1.0,0.0,0.856,heuristic,3.0,3.0,5.0,0.3965553343296051,0.3965553343296051,0.396555,True,ok
1,gosdt_guesses_guided,tic-tac-toe,958,9,0.02,0.3406263048016701,288.0,2.0,0.0,0.853,heuristic,49.0,71.0,5.0,0.3406262993812561,0.3406262993812561,0.31833,True,worse_than_known
1,gosdt_guesses_guided,tic-tac-toe,958,9,0.01,0.3073903966597077,237.0,6.0,0.0,0.859,heuristic,125.0,250.0,5.0,0.3073903918266296,0.3073903918266296,0.250752,True,worse_than_known
1,gosdt_guesses_guided,tic-tac-toe,958,9,0.005,0.2733820459290187,214.0,10.0,0.0,0.856,heuristic,125.0,269.0,5.0,0.2733820378780365,0.2733820378780365,0.15428,True,worse_than_known
1,gosdt_guesses_guided,gaussian_1k,1000,1,0.1,0.397,297.0,1.0,0.0,1.15,heuristic,1.0,0.0,6.0,0.3970000147819519,0.3970000147819519,0.397,True,ok
1,gosdt_guesses_guided,gaussian_1k,1000,1,0.05,0.275,125.0,3.0,0.0,1.142,heuristic,13.0,13.0,6.0,0.2750000059604645,0.2750000059604645,0.275,True,ok
1,gosdt_guesses_guided,gaussian_1k,1000,1,0.02,0.185,125.0,3.0,0.0,1.176,heuristic,22.0,35.0,6.0,0.1850000023841858,0.1850000023841858,0.185,True,ok
1,gosdt_guesses_guided,gaussian_1k,1000,1,0.01,0.155,125.0,3.0,0.0,1.175,heuristic,25.0,59.0,6.0,0.1550000011920929,0.1550000011920929,0.155,True,ok
1,gosdt_guesses_guided,gaussian_1k,1000,1,0.005,0.14,125.0,3.0,0.0,1.16,heuristic,25.0,58.0,6.0,0.1400000154972076,0.1400000154972076,0.14,True,ok
1,gosdt_guesses_guided,fico_1k,1000,23,0.1,0.491,291.0,2.0,0.0,1.139,heuristic,1.0,0.0,13.0,0.4910000264644623,0.4910000264644623,0.491,True,ok
1,gosdt_guesses_guided,fico_1k,1000,23,0.05,0.391,291.0,2.0,0.0,1.145,heuristic,1.0,0.0,13.0,0.3910000026226043,0.3910000026226043,0.391,False,ok
1,gosdt_guesses_guided,fico_1k,1000,23,0.02,0.3309999999999999,291.0,2.0,0.0,1.136,heuristic,21.0,21.0,13.0,0.3310000002384186,0.3310000002384186,0.331,False,ok
1,gosdt_guesses_guided,fico_1k,1000,23,0.01,0.304,264.0,4.0,0.003,1.137,heuristic,465.0,1044.0,13.0,0.3040000200271606,0.3040000200271606,0.304,False,ok
1,gosdt_guesses_guided,fico_1k,1000,23,0.005,0.284,264.0,4.0,0.03,1.144,heuristic,2460.0,9018.0,13.0,0.2840000092983246,0.2840000092983246,0.284,False,ok
1,gosdt_guesses_guided,sine_1k,1000,1,0.1,0.595,495.0,1.0,0.0,1.178,heuristic,1.0,0.0,7.0,0.5950000286102295,0.5950000286102295,0.595,True,ok
1,gosdt_guesses_guided,sine_1k,1000,1,0.05,0.545,495.0,1.0,0.0,1.18,heuristic,1.0,0.0,7.0,0.5450000166893005,0.5450000166893005,0.545,False,ok
1,gosdt_guesses_guided,sine_1k,1000,1,0.02,0.494,454.0,2.0,0.0,1.186,heuristic,25.0,47.0,7.0,0.4940000176429748,0.4940000176429748,0.494,False,ok
1,gosdt_guesses_guided,sine_1k,1000,1,0.01,0.4669999999999999,407.0,6.0,0.0,1.145,heuristic,36.0,168.0,7.0,0.4670000076293945,0.4670000076293945,0.443,False,worse_than_known
1,gosdt_guesses_guided,sine_1k,1000,1,0.005,0.4369999999999999,407.0,6.0,0.0,1.167,heuristic,36.0,168.0,7.0,0.4369999766349792,0.4369999766349792,0.4,False,worse_than_known
1,gosdt_guesses_guided,car_evaluation,1728,15,0.1,0.3997685185185186,518.0,1.0,0.0,0.851,heuristic,1.0,0.0,2.0,0.3997685015201568,0.3997685015201568,0.399769,True,ok
1,gosdt_guesses_guided,car_evaluation,1728,15,0.05,0.2946759259259259,250.0,3.0,0.0,0.855,heuristic,5.0,5.0,2.0,0.2946759164333343,0.2946759164333343,0.294676,True,ok
1,gosdt_guesses_guided,car_evaluation,1728,15,0.02,0.2046759259259259,250.0,3.0,0.0,0.857,heuristic,5.0,5.0,2.0,0.2046759128570556,0.2046759128570556,0.204676,True,ok
1,gosdt_guesses_guided,car_evaluation,1728,15,0.01,0.1746759259259259,250.0,3.0,0.0,0.85,heuristic,5.0,5.0,2.0,0.1746759414672851,0.1746759414672851,0.145231,True,worse_than_known
1,gosdt_guesses_guided,car_evaluation,1728,15,0.005,0.1596759259259259,250.0,3.0,0.0,0.855,heuristic,5.0,5.0,2.0,0.1596759110689163,0.1596759110689163,0.106343,True,worse_than_known
1,gosdt_guesses_guided,coupon_bar,1913,14,0.1,0.5119184526921067,788.0,1.0,0.0,0.849,heuristic,1.0,0.0,4.0,0.5119184255599976,0.5119184255599976,0.511918,True,ok
1,gosdt_guesses_guided,coupon_bar,1913,14,0.05,0.4538944066910612,677.0,2.0,0.0,0.852,heuristic,1.0,0.0,4.0,0.4538944363594055,0.4538944363594055,0.453894,True,ok
1,gosdt_guesses_guided,coupon_bar,1913,14,0.02,0.3715525352848928,596.0,3.0,0.0,0.855,heuristic,18.0,21.0,4.0,0.3715525269508362,0.3715525269508362,0.371553,True,ok
1,gosdt_guesses_guided,coupon_bar,1913,14,0.01,0.3415525352848928,596.0,3.0,0.0,0.855,heuristic,20.0,26.0,4.0,0.3415525257587433,0.3415525257587433,0.341098,True,worse_than_known
1,gosdt_guesses_guided,coupon_bar,1913,14,0.005,0.325279665446942,584.0,4.0,0.0,0.854,heuristic,24.0,41.0,4.0,0.3252796232700348,0.3252796232700348,0.31862,True,worse_than_known
1,gosdt_guesses_guided,compas_binned,6907,12,0.1,0.5610829593166353,2494.0,2.0,0.0,1.179,heuristic,1.0,0.0,6.0,0.5610829591751099,0.5610829591751099,0.561083,True,ok
1,gosdt_guesses_guided,compas_binned,6907,12,0.05,0.4610829593166353,2494.0,2.0,0.0,1.135,heuristic,1.0,0.0,6.0,0.4610829949378967,0.4610829949378967,0.461083,True,ok
1,gosdt_guesses_guided,compas_binned,6907,12,0.02,0.4010829593166353,2494.0,2.0,0.0,1.176,heuristic,7.0,7.0,6.0,0.4010829925537109,0.4010829925537109,0.401083,True,ok
1,gosdt_guesses_guided,compas_binned,6907,12,0.01,0.3748675256985666,2382.0,3.0,0.0,1.179,heuristic,20.0,21.0,6.0,0.3748675286769867,0.3748675286769867,0.374868,True,ok
1,gosdt_guesses_guided,compas_binned,6907,12,0.005,0.3577732734906617,2333.0,4.0,0.0,1.198,heuristic,53.0,79.0,6.0,0.3577732741832733,0.3577732741832733,0.355969,True,worse_than_known
1,gosdt_guesses_guided,fico_binary,10459,17,0.1,0.5040443637058992,3180.0,2.0,0.0,1.156,heuristic,1.0,0.0,12.0,0.5040444135665894,0.5040444135665894,0.504044,True,ok
1,gosdt_guesses_guided,fico_binary,10459,17,0.05,0.4040443637058992,3180.0,2.0,0.0,1.161,heuristic,1.0,0.0,12.0,0.4040443897247314,0.4040443897247314,0.404044,True,ok
1,gosdt_guesses_guided,fico_binary,10459,17,0.02,0.3440443637058992,3180.0,2.0,0.0,1.152,heuristic,11.0,11.0,12.0,0.3440443873405456,0.3440443873405456,0.344044,True,ok
1,gosdt_guesses_guided,fico_binary,10459,17,0.01,0.3240443637058992,3180.0,2.0,0.001,1.161,heuristic,68.0,90.0,12.0,0.324044406414032,0.324044406414032,0.324044,True,ok
1,gosdt_guesses_guided,fico_binary,10459,17,0.005,0.308650922650349,3019.0,4.0,0.025,1.151,heuristic,832.0,1685.0,12.0,0.3086509108543396,0.3086509108543396,0.308651,True,ok
1,gosdt_guesses_guided,compas_processed,12381,22,0.1,0.411364187060819,3855.0,1.0,0.0,1.99,heuristic,1.0,0.0,11.0,0.411364197731018,0.411364197731018,0.411364,True,ok
1,gosdt_guesses_guided,compas_processed,12381,22,0.05,0.3613641870608189,3855.0,1.0,0.0,1.989,heuristic,1.0,0.0,11.0,0.3613642156124115,0.3613642156124115,0.361364,True,ok
1,gosdt_guesses_guided,compas_processed,12381,22,0.02,0.3278604313060334,3564.0,2.0,0.0,1.994,heuristic,1.0,0.0,11.0,0.327860414981842,0.327860414981842,0.32786,False,ok
1,gosdt_guesses_guided,compas_processed,12381,22,0.01,0.3078604313060334,3564.0,2.0,0.0,1.997,heuristic,1.0,0.0,11.0,0.3078604340553283,0.3078604340553283,0.30786,False,ok
1,gosdt_guesses_guided,compas_processed,12381,22,0.005,0.2978604313060334,3564.0,2.0,0.0,1.992,heuristic,1.0,0.0,11.0,0.2978604137897491,0.2978604137897491,0.29786,False,ok
2,gosdt_guesses_guided,chudi,77,2,0.1,0.4727272727272727,21.0,2.0,0.0,0.857,heuristic,5.0,5.0,3.0,0.4727272689342499,0.4727272689342499,0.464935,True,worse_than_known
2,gosdt_guesses_guided,chudi,77,2,0.05,0.2779220779220779,6.0,4.0,0.0,0.853,heuristic,11.0,17.0,3.0,0.2779220640659332,0.2779220640659332,0.25,True,worse_than_known
2,gosdt_guesses_guided,chudi,77,2,0.02,0.1579220779220779,6.0,4.0,0.0,0.856,heuristic,11.0,17.0,3.0,0.1579220592975616,0.1579220592975616,0.1,True,worse_than_known
2,gosdt_guesses_guided,chudi,77,2,0.01,0.1179220779220779,6.0,4.0,0.0,0.859,heuristic,11.0,17.0,3.0,0.1179220676422119,0.1179220676422119,0.05,True,worse_than_known
2,gosdt_guesses_guided,chudi,77,2,0.005,0.0979220779220779,6.0,4.0,0.0,0.855,heuristic,11.0,17.0,3.0,0.0979220792651176,0.0979220792651176,0.025,True,worse_than_known
2,gosdt_guesses_guided,monk_3,122,11,0.1,0.5213114754098361,27.0,3.0,0.0,0.855,heuristic,11.0,11.0,5.0,0.5213114619255066,0.5213114619255066,0.521311,True,ok
2,gosdt_guesses_guided,monk_3,122,11,0.05,0.3713114754098361,27.0,3.0,0.0,0.854,heuristic,31.0,52.0,5.0,0.3713114559650421,0.3713114559650421,0.371311,True,ok
2,gosdt_guesses_guided,monk_3,122,11,0.02,0.2429508196721311,15.0,6.0,0.0,0.857,heuristic,53.0,150.0,5.0,0.2429507970809936,0.2429507970809936,0.242951,True,ok
2,gosdt_guesses_guided,monk_3,122,11,0.01,0.1655737704918032,8.0,10.0,0.0,0.852,heuristic,56.0,159.0,5.0,0.1655737608671188,0.1655737608671188,0.155574,True,worse_than_known
2,gosdt_guesses_guided,monk_3,122,11,0.005,0.1155737704918032,8.0,10.0,0.0,0.854,heuristic,57.0,161.0,5.0,0.115573763847351,0.115573763847351,0.09459,True,worse_than_known
2,gosdt_guesses_guided,monk_1,124,11,0.1,0.4661290322580645,33.0,2.0,0.0,0.858,heuristic,1.0,0.0,2.0,0.4661290049552917,0.4661290049552917,0.466129,True,ok
2,gosdt_guesses_guided,monk_1,124,11,0.05,0.3661290322580645,33.0,2.0,0.0,0.847,heuristic,1.0,0.0,2.0,0.3661290407180786,0.3661290407180786,0.33871,True,worse_than_known
2,gosdt_guesses_guided,monk_1,124,11,0.02,0.3061290322580645,33.0,2.0,0.0,0.857,heuristic,1.0,0.0,2.0,0.3061290383338928,0.3061290383338928,0.16,True,worse_than_known
2,gosdt_guesses_guided,monk_1,124,11,0.01,0.2861290322580645,33.0,2.0,0.0,0.853,heuristic,1.0,0.0,2.0,0.2861289978027344,0.2861289978027344,0.08,True,worse_than_known
2,gosdt_guesses_guided,monk_1,124,11,0.005,0.2761290322580645,33.0,2.0,0.0,0.849,heuristic,1.0,0.0,2.0,0.2761290073394775,0.2761290073394775,0.04,True,worse_than_known
2,gosdt_guesses_guided,iris,150,4,0.1,0.5333333333333333,50.0,2.0,0.0,0.848,heuristic,1.0,0.0,1.0,0.5333333611488342,0.5333333611488342,0.34,True,worse_than_known
2,gosdt_guesses_guided,iris,150,4,0.05,0.4333333333333333,50.0,2.0,0.0,0.854,heuristic,1.0,0.0,1.0,0.4333333671092987,0.4333333671092987,0.19,True,worse_than_known
2,gosdt_guesses_guided,iris,150,4,0.02,0.3733333333333333,50.0,2.0,0.0,0.853,heuristic,1.0,0.0,1.0,0.3733333647251129,0.3733333647251129,0.1,True,worse_than_known
2,gosdt_guesses_guided,iris,150,4,0.01,0.3533333333333333,50.0,2.0,0.0,0.847,heuristic,1.0,0.0,1.0,0.3533333241939544,0.3533333241939544,0.06,True,worse_than_known
2,gosdt_guesses_guided,iris,150,4,0.005,0.3433333333333333,50.0,2.0,0.0,0.856,heuristic,1.0,0.0,1.0,0.3433333337306976,0.3433333337306976,0.038333,True,worse_than_known
2,gosdt_guesses_guided,monk_2,169,11,0.1,0.478698224852071,64.0,1.0,0.0,0.849,heuristic,1.0,0.0,6.0,0.4786982238292694,0.4786982238292694,0.478698,True,ok
2,gosdt_guesses_guided,monk_2,169,11,0.05,0.428698224852071,64.0,1.0,0.0,0.849,heuristic,1.0,0.0,6.0,0.4286982417106628,0.4286982417106628,0.428698,True,ok
2,gosdt_guesses_guided,monk_2,169,11,0.02,0.398698224852071,64.0,1.0,0.0,0.852,heuristic,1.0,0.0,6.0,0.3986982405185699,0.3986982405185699,0.358935,True,worse_than_known
2,gosdt_guesses_guided,monk_2,169,11,0.01,0.388698224852071,64.0,1.0,0.0,0.853,heuristic,1.0,0.0,6.0,0.3886982202529907,0.3886982202529907,0.265089,True,worse_than_known
2,gosdt_guesses_guided,monk_2,169,11,0.005,0.3700295857988165,60.0,3.0,0.0,0.849,heuristic,7.0,7.0,6.0,0.3700295686721802,0.3700295686721802,0.152751,True,worse_than_known
2,gosdt_guesses_guided,tic-tac-toe,958,9,0.1,0.4465553235908142,332.0,1.0,0.0,0.854,heuristic,1.0,0.0,5.0,0.4465553164482116,0.4465553164482116,0.446555,True,ok
2,gosdt_guesses_guided,tic-tac-toe,958,9,0.05,0.3965553235908142,332.0,1.0,0.0,0.854,heuristic,3.0,3.0,5.0,0.3965553343296051,0.3965553343296051,0.396555,True,ok
2,gosdt_guesses_guided,tic-tac-toe,958,9,0.02,0.3406263048016701,288.0,2.0,0.0,0.852,heuristic,49.0,71.0,5.0,0.3406262993812561,0.3406262993812561,0.31833,True,worse_than_known
2,gosdt_guesses_guided,tic-tac-toe,958,9,0.01,0.3073903966597077,237.0,6.0,0.0,0.851,heuristic,125.0,250.0,5.0,0.3073903918266296,0.3073903918266296,0.250752,True,worse_than_known
2,gosdt_guesses_guided,tic-tac-toe,958,9,0.005,0.2733820459290187,214.0,10.0,0.0,0.858,heuristic,125.0,269.0,5.0,0.2733820378780365,0.2733820378780365,0.15428,True,worse_than_known
2,gosdt_guesses_guided,gaussian_1k,1000,1,0.1,0.397,297.0,1.0,0.0,1.142,heuristic,1.0,0.0,6.0,0.3970000147819519,0.3970000147819519,0.397,True,ok
2,gosdt_guesses_guided,gaussian_1k,1000,1,0.05,0.275,125.0,3.0,0.0,1.173,heuristic,13.0,13.0,6.0,0.2750000059604645,0.2750000059604645,0.275,True,ok
2,gosdt_guesses_guided,gaussian_1k,1000,1,0.02,0.185,125.0,3.0,0.0,1.176,heuristic,22.0,35.0,6.0,0.1850000023841858,0.1850000023841858,0.185,True,ok
2,gosdt_guesses_guided,gaussian_1k,1000,1,0.01,0.155,125.0,3.0,0.0,1.175,heuristic,25.0,59.0,6.0,0.1550000011920929,0.1550000011920929,0.155,True,ok
2,gosdt_guesses_guided,gaussian_1k,1000,1,0.005,0.14,125.0,3.0,0.0,1.172,heuristic,25.0,58.0,6.0,0.1400000154972076,0.1400000154972076,0.14,True,ok
2,gosdt_guesses_guided,fico_1k,1000,23,0.1,0.491,291.0,2.0,0.0,1.136,heuristic,1.0,0.0,13.0,0.4910000264644623,0.4910000264644623,0.491,True,ok
2,gosdt_guesses_guided,fico_1k,1000,23,0.05,0.391,291.0,2.0,0.0,1.144,heuristic,1.0,0.0,13.0,0.3910000026226043,0.3910000026226043,0.391,False,ok
2,gosdt_guesses_guided,fico_1k,1000,23,0.02,0.3309999999999999,291.0,2.0,0.0,1.151,heuristic,21.0,21.0,13.0,0.3310000002384186,0.3310000002384186,0.331,False,ok
2,gosdt_guesses_guided,fico_1k,1000,23,0.01,0.304,264.0,4.0,0.003,1.136,heuristic,465.0,1044.0,13.0,0.3040000200271606,0.3040000200271606,0.304,False,ok
2,gosdt_guesses_guided,fico_1k,1000,23,0.005,0.284,264.0,4.0,0.03,1.145,heuristic,2460.0,9018.0,13.0,0.2840000092983246,0.2840000092983246,0.284,False,ok
2,gosdt_guesses_guided,sine_1k,1000,1,0.1,0.595,495.0,1.0,0.0,1.173,heuristic,1.0,0.0,7.0,0.5950000286102295,0.5950000286102295,0.595,True,ok
2,gosdt_guesses_guided,sine_1k,1000,1,0.05,0.545,495.0,1.0,0.0,1.186,heuristic,1.0,0.0,7.0,0.5450000166893005,0.5450000166893005,0.545,False,ok
2,gosdt_guesses_guided,sine_1k,1000,1,0.02,0.494,454.0,2.0,0.0,1.134,heuristic,25.0,47.0,7.0,0.4940000176429748,0.4940000176429748,0.494,False,ok
2,gosdt_guesses_guided,sine_1k,1000,1,0.01,0.4669999999999999,407.0,6.0,0.0,1.169,heuristic,36.0,168.0,7.0,0.4670000076293945,0.4670000076293945,0.443,False,worse_than_known
2,gosdt_guesses_guided,sine_1k,1000,1,0.005,0.4369999999999999,407.0,6.0,0.0,1.177,heuristic,36.0,168.0,7.0,0.4369999766349792,0.4369999766349792,0.4,False,worse_than_known
2,gosdt_guesses_guided,car_evaluation,1728,15,0.1,0.3997685185185186,518.0,1.0,0.0,0.863,heuristic,1.0,0.0,2.0,0.3997685015201568,0.3997685015201568,0.399769,True,ok
2,gosdt_guesses_guided,car_evaluation,1728,15,0.05,0.2946759259259259,250.0,3.0,0.0,0.853,heuristic,5.0,5.0,2.0,0.2946759164333343,0.2946759164333343,0.294676,True,ok
2,gosdt_guesses_guided,car_evaluation,1728,15,0.02,0.2046759259259259,250.0,3.0,0.0,0.853,heuristic,5.0,5.0,2.0,0.2046759128570556,0.2046759128570556,0.204676,True,ok
2,gosdt_guesses_guided,car_evaluation,1728,15,0.01,0.1746759259259259,250.0,3.0,0.0,0.86,heuristic,5.0,5.0,2.0,0.1746759414672851,0.1746759414672851,0.145231,True,worse_than_known
2,gosdt_guesses_guided,car_evaluation,1728,15,0.005,0.1596759259259259,250.0,3.0,0.0,0.854,heuristic,5.0,5.0,2.0,0.1596759110689163,0.1596759110689163,0.106343,True,worse_than_known
2,gosdt_guesses_guided,coupon_bar,1913,14,0.1,0.5119184526921067,788.0,1.0,0.0,0.86,heuristic,1.0,0.0,4.0,0.5119184255599976,0.5119184255599976,0.511918,True,ok
2,gosdt_guesses_guided,coupon_bar,1913,14,0.05,0.4538944066910612,677.0,2.0,0.0,0.854,heuristic,1.0,0.0,4.0,0.4538944363594055,0.4538944363594055,0.453894,True,ok
2,gosdt_guesses_guided,coupon_bar,1913,14,0.02,0.3715525352848928,596.0,3.0,0.0,0.861,heuristic,18.0,21.0,4.0,0.3715525269508362,0.3715525269508362,0.371553,True,ok
2,gosdt_guesses_guided,coupon_bar,1913,14,0.01,0.3415525352848928,596.0,3.0,0.0,0.853,heuristic,20.0,26.0,4.0,0.3415525257587433,0.3415525257587433,0.341098,True,worse_than_known
2,gosdt_guesses_guided,coupon_bar,1913,14,0.005,0.325279665446942,584.0,4.0,0.0,0.86,heuristic,24.0,41.0,4.0,0.3252796232700348,0.3252796232700348,0.31862,True,worse_than_known
2,gosdt_guesses_guided,compas_binned,6907,12,0.1,0.5610829593166353,2494.0,2.0,0.0,1.147,heuristic,1.0,0.0,6.0,0.5610829591751099,0.5610829591751099,0.561083,True,ok
2,gosdt_guesses_guided,compas_binned,6907,12,0.05,0.4610829593166353,2494.0,2.0,0.0,1.188,heuristic,1.0,0.0,6.0,0.4610829949378967,0.4610829949378967,0.461083,True,ok
2,gosdt_guesses_guided,compas_binned,6907,12,0.02,0.4010829593166353,2494.0,2.0,0.0,1.191,heuristic,7.0,7.0,6.0,0.4010829925537109,0.4010829925537109,0.401083,True,ok
2,gosdt_guesses_guided,compas_binned,6907,12,0.01,0.3748675256985666,2382.0,3.0,0.0,1.185,heuristic,20.0,21.0,6.0,0.3748675286769867,0.3748675286769867,0.374868,True,ok
2,gosdt_guesses_guided,compas_binned,6907,12,0.005,0.3577732734906617,2333.0,4.0,0.0,1.189,heuristic,53.0,79.0,6.0,0.3577732741832733,0.3577732741832733,0.355969,True,worse_than_known
2,gosdt_guesses_guided,fico_binary,10459,17,0.1,0.5040443637058992,3180.0,2.0,0.0,1.139,heuristic,1.0,0.0,12.0,0.5040444135665894,0.5040444135665894,0.504044,True,ok
2,gosdt_guesses_guided,fico_binary,10459,17,0.05,0.4040443637058992,3180.0,2.0,0.0,1.149,heuristic,1.0,0.0,12.0,0.4040443897247314,0.4040443897247314,0.404044,True,ok
2,gosdt_guesses_guided,fico_binary,10459,17,0.02,0.3440443637058992,3180.0,2.0,0.0,1.17,heuristic,11.0,11.0,12.0,0.3440443873405456,0.3440443873405456,0.344044,True,ok
2,gosdt_guesses_guided,fico_binary,10459,17,0.01,0.3240443637058992,3180.0,2.0,0.001,1.155,heuristic,68.0,90.0,12.0,0.324044406414032,0.324044406414032,0.324044,True,ok
2,gosdt_guesses_guided,fico_binary,10459,17,0.005,0.308650922650349,3019.0,4.0,0.025,1.148,heuristic,832.0,1685.0,12.0,0.3086509108543396,0.3086509108543396,0.308651,True,ok
2,gosdt_guesses_guided,compas_processed,12381,22,0.1,0.411364187060819,3855.0,1.0,0.0,1.992,heuristic,1.0,0.0,11.0,0.411364197731018,0.411364197731018,0.411364,True,ok
2,gosdt_guesses_guided,compas_processed,12381,22,0.05,0.3613641870608189,3855.0,1.0,0.0,1.982,heuristic,1.0,0.0,11.0,0.3613642156124115,0.3613642156124115,0.361364,True,ok
2,gosdt_guesses_guided,compas_processed,12381,22,0.02,0.3278604313060334,3564.0,2.0,0.0,1.979,heuristic,1.0,0.0,11.0,0.327860414981842,0.327860414981842,0.32786,False,ok
2,gosdt_guesses_guided,compas_processed,12381,22,0.01,0.3078604313060334,3564.0,2.0,0.0,1.98,heuristic,1.0,0.0,11.0,0.3078604340553283,0.3078604340553283,0.30786,False,ok
2,gosdt_guesses_guided,compas_processed,12381,22,0.005,0.2978604313060334,3564.0,2.0,0.0,1.98,heuristic,1.0,0.0,11.0,0.2978604137897491,0.2978604137897491,0.29786,False,ok
1,pygosdt_v1,chudi,77,2,0.1,0.464935064935065,5.0,4.0,0.0025045419461093,0.106,optimal,105.0,61.0,46.0,0.464935064935065,0.464935064935065,0.464935,True,ok
1,pygosdt_v1,chudi,77,2,0.05,0.25,0.0,5.0,0.0056652079802006,0.006,optimal,242.0,154.0,46.0,0.25,0.25,0.25,True,ok
1,pygosdt_v1,chudi,77,2,0.02,0.1,0.0,5.0,0.0097774579771794,0.01,optimal,405.0,285.0,46.0,0.1,0.1,0.1,True,ok
1,pygosdt_v1,chudi,77,2,0.01,0.05,0.0,5.0,0.0102485420065931,0.011,optimal,423.0,297.0,46.0,0.05,0.05,0.05,True,ok
1,pygosdt_v1,chudi,77,2,0.005,0.025,0.0,5.0,0.0103613749961368,0.011,optimal,423.0,297.0,46.0,0.025,0.025,0.025,True,ok
1,pygosdt_v1,monk_3,122,11,0.1,0.5213114754098361,27.0,3.0,0.0005492079653777,0.001,optimal,24.0,18.0,11.0,0.521311475409836,0.521311475409836,0.521311,True,ok
1,pygosdt_v1,monk_3,122,11,0.05,0.3713114754098361,27.0,3.0,0.0028377500129863,0.004,optimal,151.0,104.0,11.0,0.3713114754098361,0.3713114754098361,0.371311,True,ok
1,pygosdt_v1,monk_3,122,11,0.02,0.2429508196721311,15.0,6.0,0.0210478750523179,0.022,optimal,1001.0,808.0,11.0,0.2429508196721311,0.2429508196721311,0.242951,True,ok
1,pygosdt_v1,monk_3,122,11,0.01,0.1555737704918032,8.0,9.0,0.0762096249964088,0.077,optimal,2253.0,2021.0,11.0,0.1555737704918032,0.1555737704918032,0.155574,True,ok
1,pygosdt_v1,monk_3,122,11,0.005,0.0945901639344262,3.0,14.0,0.1705908750300295,0.172,optimal,3494.0,3599.0,11.0,0.0945901639344262,0.0945901639344262,0.09459,True,ok
1,pygosdt_v1,monk_1,124,11,0.1,0.4661290322580645,33.0,2.0,0.0006485839840024,0.002,optimal,34.0,21.0,11.0,0.4661290322580644,0.4661290322580644,0.466129,True,ok
1,pygosdt_v1,monk_1,124,11,0.05,0.3387096774193548,11.0,5.0,0.0025182910030707,0.003,optimal,146.0,92.0,11.0,0.3387096774193548,0.3387096774193548,0.33871,True,ok
1,pygosdt_v1,monk_1,124,11,0.02,0.16,0.0,8.0,0.0074095419840887,0.008,optimal,427.0,266.0,11.0,0.16,0.16,0.16,True,ok
1,pygosdt_v1,monk_1,124,11,0.01,0.08,0.0,8.0,0.0089974170550704,0.01,optimal,545.0,330.0,11.0,0.08,0.08,0.08,True,ok
1,pygosdt_v1,monk_1,124,11,0.005,0.04,0.0,8.0,0.0098937500151805,0.011,optimal,583.0,363.0,11.0,0.04,0.04,0.04,True,ok
1,pygosdt_v1,iris,150,4,0.1,0.34,6.0,3.0,0.0012401250423863,0.002,optimal,51.0,25.0,118.0,0.3399999999999999,0.3399999999999999,0.34,True,ok
1,pygosdt_v1,iris,150,4,0.05,0.19,6.0,3.0,0.0013562079984694,0.002,optimal,63.0,31.0,118.0,0.19,0.19,0.19,True,ok
1,pygosdt_v1,iris,150,4,0.02,0.1,6.0,3.0,0.0252434579888358,0.026,optimal,861.0,639.0,118.0,0.1,0.1,0.1,True,ok
1,pygosdt_v1,iris,150,4,0.01,0.06,3.0,4.0,0.1922644590376876,0.194,optimal,3812.0,3309.0,118.0,0.06,0.06,0.06,True,ok
1,pygosdt_v1,iris,150,4,0.005,0.0383333333333333,2.0,5.0,0.9298554999986663,0.932,optimal,14743.0,15705.0,118.0,0.0383333333333333,0.0383333333333333,0.038333,True,ok
1,pygosdt_v1,monk_2,169,11,0.1,0.478698224852071,64.0,1.0,0.0005706250085495,0.001,optimal,23.0,20.0,11.0,0.478698224852071,0.478698224852071,0.478698,True,ok
1,pygosdt_v1,monk_2,169,11,0.05,0.428698224852071,64.0,1.0,0.0038200420094653,0.005,optimal,188.0,148.0,11.0,0.428698224852071,0.428698224852071,0.428698,True,ok
1,pygosdt_v1,monk_2,169,11,0.02,0.3589349112426035,37.0,7.0,0.0674562079948373,0.068,optimal,2022.0,1774.0,11.0,0.3589349112426035,0.3589349112426035,0.358935,True,ok
1,pygosdt_v1,monk_2,169,11,0.01,0.2650887573964497,11.0,20.0,0.2113640829920768,0.213,optimal,4963.0,4929.0,11.0,0.2650887573964497,0.2650887573964497,0.265089,True,ok
1,pygosdt_v1,monk_2,169,11,0.005,0.1527514792899408,3.0,27.0,0.3610168329905718,0.362,optimal,7525.0,8135.0,11.0,0.1527514792899408,0.1527514792899408,0.152751,True,ok
1,pygosdt_v1,tic-tac-toe,958,9,0.1,0.4465553235908142,332.0,1.0,0.0010573330218903,0.011,optimal,55.0,36.0,27.0,0.4465553235908142,0.4465553235908142,0.446555,True,ok
1,pygosdt_v1,tic-tac-toe,958,9,0.05,0.3965553235908142,332.0,1.0,0.0203135409974493,0.03,optimal,1051.0,744.0,27.0,0.3965553235908141,0.3965553235908141,0.396555,True,ok
1,pygosdt_v1,tic-tac-toe,958,9,0.02,0.3183298538622129,190.0,6.0,2.930249749973882,2.943,optimal,69872.0,59303.0,27.0,0.3183298538622129,0.3183298538622129,0.31833,True,ok
1,pygosdt_v1,tic-tac-toe,958,9,0.01,0.2507515657620042,154.0,9.0,20.659819666005205,20.692,optimal,426309.0,396028.0,27.0,0.2507515657620042,0.2507515657620042,0.250752,True,ok
1,pygosdt_v1,tic-tac-toe,958,9,0.005,0.1542797494780793,52.0,20.0,30.0,30.053,time,681167.0,582720.0,27.0,0.01,0.2443736951983298,0.15428,True,ok
1,pygosdt_v1,gaussian_1k,1000,1,0.1,0.397,297.0,1.0,0.0089363749721087,0.04,optimal,175.0,88.0,999.0,0.397,0.397,0.397,True,ok
1,pygosdt_v1,gaussian_1k,1000,1,0.05,0.275,125.0,3.0,0.9801254159538076,1.012,optimal,8340.0,10044.0,999.0,0.275,0.275,0.275,True,ok
1,pygosdt_v1,gaussian_1k,1000,1,0.02,0.185,125.0,3.0,21.776912125002127,21.812,optimal,48661.0,141271.0,999.0,0.185,0.185,0.185,True,ok
1,pygosdt_v1,gaussian_1k,1000,1,0.01,0.307,297.0,1.0,30.0,30.04,time,52833.0,170624.0,999.0,0.02,0.307,0.155,True,worse_than_known
1,pygosdt_v1,gaussian_1k,1000,1,0.005,0.302,297.0,1.0,30.0,30.038,time,46964.0,180736.0,999.0,0.01,0.302,0.14,True,worse_than_known
1,pygosdt_v1,fico_1k,1000,23,0.1,0.491,291.0,2.0,11.296653541969135,11.318,optimal,95356.0,73691.0,1357.0,0.491,0.491,0.491,True,ok
1,pygosdt_v1,fico_1k,1000,23,0.05,0.391,291.0,2.0,30.0,30.03,time,201876.0,196608.0,1357.0,0.125,0.391,0.391,False,ok
1,pygosdt_v1,fico_1k,1000,23,0.02,0.3309999999999999,291.0,2.0,30.0,30.035,time,239261.0,200192.0,1357.0,0.065,0.3309999999999999,0.331,False,ok
1,pygosdt_v1,fico_1k,1000,23,0.01,0.311,291.0,2.0,30.0,30.03,time,227223.0,188224.0,1357.0,0.045,0.311,0.304,False,worse_than_known
1,pygosdt_v1,fico_1k,1000,23,0.005,0.301,291.0,2.0,30.0,30.035,time,242293.0,214336.0,1357.0,0.035,0.301,0.284,False,worse_than_known
1,pygosdt_v1,sine_1k,1000,1,0.1,0.595,495.0,1.0,3.4002165410201997,3.433,optimal,24046.0,25386.0,999.0,0.595,0.595,0.595,True,ok
1,pygosdt_v1,sine_1k,1000,1,0.05,0.545,495.0,1.0,30.0,30.076,time,84021.0,136768.0,999.0,0.1,0.545,0.545,False,ok
1,pygosdt_v1,sine_1k,1000,1,0.02,0.494,454.0,2.0,30.0,30.071,time,75598.0,160832.0,999.0,0.04,0.494,0.494,False,ok
1,pygosdt_v1,sine_1k,1000,1,0.01,0.474,454.0,2.0,30.0,30.078,time,63847.0,164928.0,999.0,0.02,0.474,0.443,False,worse_than_known
1,pygosdt_v1,sine_1k,1000,1,0.005,0.4,340.0,12.0,30.0,30.053,time,51864.0,151872.0,999.0,0.01,0.449,0.4,False,ok
1,pygosdt_v1,car_evaluation,1728,15,0.1,0.3997685185185186,518.0,1.0,0.0004209580365568,0.003,optimal,21.0,11.0,15.0,0.3997685185185184,0.3997685185185184,0.399769,True,ok
1,pygosdt_v1,car_evaluation,1728,15,0.05,0.2946759259259259,250.0,3.0,0.0026146250311285,0.005,optimal,118.0,88.0,15.0,0.2946759259259259,0.2946759259259259,0.294676,True,ok
1,pygosdt_v1,car_evaluation,1728,15,0.02,0.2046759259259259,250.0,3.0,0.0610573749872855,0.064,optimal,1848.0,1400.0,15.0,0.2046759259259259,0.2046759259259259,0.204676,True,ok
1,pygosdt_v1,car_evaluation,1728,15,0.01,0.1452314814814815,130.0,7.0,0.2893920409842394,0.293,optimal,7189.0,6405.0,15.0,0.1452314814814815,0.1452314814814815,0.145231,True,ok
1,pygosdt_v1,car_evaluation,1728,15,0.005,0.1063425925925926,106.0,9.0,0.9575427920208311,0.961,optimal,20615.0,21039.0,15.0,0.1063425925925926,0.1063425925925926,0.106343,True,ok
1,pygosdt_v1,coupon_bar,1913,14,0.1,0.5119184526921067,788.0,1.0,6.870797369629145e-05,0.003,optimal,1.0,1.0,14.0,0.5119184526921067,0.5119184526921067,0.511918,True,ok
1,pygosdt_v1,coupon_bar,1913,14,0.05,0.4538944066910612,677.0,2.0,0.000507834018208,0.003,optimal,29.0,15.0,14.0,0.4538944066910611,0.4538944066910611,0.453894,True,ok
1,pygosdt_v1,coupon_bar,1913,14,0.02,0.3715525352848928,596.0,3.0,0.0032628340413793,0.006,optimal,179.0,106.0,14.0,0.3715525352848928,0.3715525352848928,0.371553,True,ok
1,pygosdt_v1,coupon_bar,1913,14,0.01,0.3410977522216414,576.0,4.0,0.0204301250050775,0.023,optimal,989.0,704.0,14.0,0.3410977522216414,0.3410977522216414,0.341098,True,ok
1,pygosdt_v1,coupon_bar,1913,14,0.005,0.3186199686356508,533.0,8.0,0.2852835000376217,0.288,optimal,5708.0,6194.0,14.0,0.3186199686356508,0.3186199686356508,0.31862,True,ok
1,pygosdt_v1,compas_binned,6907,12,0.1,0.5610829593166353,2494.0,2.0,8.604099275544286e-05,0.007,optimal,3.0,1.0,12.0,0.5610829593166353,0.5610829593166353,0.561083,True,ok
1,pygosdt_v1,compas_binned,6907,12,0.05,0.4610829593166353,2494.0,2.0,7.520802319049835e-05,0.006,optimal,3.0,1.0,12.0,0.4610829593166352,0.4610829593166352,0.461083,True,ok
1,pygosdt_v1,compas_binned,6907,12,0.02,0.4010829593166353,2494.0,2.0,0.0004290000069886,0.007,optimal,21.0,11.0,12.0,0.4010829593166353,0.4010829593166353,0.401083,True,ok
1,pygosdt_v1,compas_binned,6907,12,0.01,0.3748675256985666,2382.0,3.0,0.001971291960217,0.008,optimal,105.0,57.0,12.0,0.3748675256985667,0.3748675256985667,0.374868,True,ok
1,pygosdt_v1,compas_binned,6907,12,0.005,0.355968582597365,2286.0,5.0,0.0075637500267475,0.015,optimal,354.0,221.0,12.0,0.3559685825973649,0.3559685825973649,0.355969,True,ok
1,pygosdt_v1,fico_binary,10459,17,0.1,0.5040443637058992,3180.0,2.0,8.762499783188105e-05,0.012,optimal,3.0,1.0,17.0,0.5040443637058992,0.5040443637058992,0.504044,True,ok
1,pygosdt_v1,fico_binary,10459,17,0.05,0.4040443637058992,3180.0,2.0,0.0007231250056065,0.015,optimal,25.0,13.0,17.0,0.4040443637058992,0.4040443637058992,0.404044,True,ok
1,pygosdt_v1,fico_binary,10459,17,0.02,0.3440443637058992,3180.0,2.0,0.0096028330153785,0.023,optimal,428.0,240.0,17.0,0.3440443637058992,0.3440443637058992,0.344044,True,ok
1,pygosdt_v1,fico_binary,10459,17,0.01,0.3240443637058992,3180.0,2.0,0.4127335409866646,0.427,optimal,9379.0,7063.0,17.0,0.3240443637058992,0.3240443637058992,0.324044,True,ok
1,pygosdt_v1,fico_binary,10459,17,0.005,0.308650922650349,3019.0,4.0,4.296431625029072,4.32,optimal,65876.0,74412.0,17.0,0.308650922650349,0.308650922650349,0.308651,True,ok
1,pygosdt_v1,compas_processed,12381,22,0.1,0.411364187060819,3855.0,1.0,0.0137993749813176,0.264,optimal,175.0,88.0,621.0,0.411364187060819,0.411364187060819,0.411364,True,ok
1,pygosdt_v1,compas_processed,12381,22,0.05,0.3613641870608189,3855.0,1.0,30.0,30.299,time,217743.0,186880.0,621.0,0.1685728131814877,0.3613641870608189,0.361364,True,ok
1,pygosdt_v1,compas_processed,12381,22,0.02,0.3278604313060334,3564.0,2.0,30.0,30.305,time,216616.0,197696.0,621.0,0.1085728131814877,0.3278604313060334,0.32786,False,ok
1,pygosdt_v1,compas_processed,12381,22,0.01,0.3078604313060334,3564.0,2.0,30.0,30.27,time,220281.0,210496.0,621.0,0.0885728131814877,0.3078604313060334,0.30786,False,ok
1,pygosdt_v1,compas_processed,12381,22,0.005,0.2978604313060334,3564.0,2.0,30.0,30.28,time,248194.0,236544.0,621.0,0.0785728131814877,0.2978604313060334,0.29786,False,ok
2,pygosdt_v1,chudi,77,2,0.1,0.464935064935065,5.0,4.0,0.0023640409926883,0.003,optimal,105.0,61.0,46.0,0.464935064935065,0.464935064935065,0.464935,True,ok
2,pygosdt_v1,chudi,77,2,0.05,0.25,0.0,5.0,0.005618457973469,0.006,optimal,242.0,154.0,46.0,0.25,0.25,0.25,True,ok
2,pygosdt_v1,chudi,77,2,0.02,0.1,0.0,5.0,0.0098494170233607,0.01,optimal,405.0,285.0,46.0,0.1,0.1,0.1,True,ok
2,pygosdt_v1,chudi,77,2,0.01,0.05,0.0,5.0,0.0102007500245235,0.011,optimal,423.0,297.0,46.0,0.05,0.05,0.05,True,ok
2,pygosdt_v1,chudi,77,2,0.005,0.025,0.0,5.0,0.0102420000475831,0.011,optimal,423.0,297.0,46.0,0.025,0.025,0.025,True,ok
2,pygosdt_v1,monk_3,122,11,0.1,0.5213114754098361,27.0,3.0,0.000562707951758,0.001,optimal,24.0,18.0,11.0,0.521311475409836,0.521311475409836,0.521311,True,ok
2,pygosdt_v1,monk_3,122,11,0.05,0.3713114754098361,27.0,3.0,0.0028292499482631,0.004,optimal,151.0,104.0,11.0,0.3713114754098361,0.3713114754098361,0.371311,True,ok
2,pygosdt_v1,monk_3,122,11,0.02,0.2429508196721311,15.0,6.0,0.0212782499729655,0.022,optimal,1001.0,808.0,11.0,0.2429508196721311,0.2429508196721311,0.242951,True,ok
2,pygosdt_v1,monk_3,122,11,0.01,0.1555737704918032,8.0,9.0,0.0852652500034309,0.086,optimal,2253.0,2021.0,11.0,0.1555737704918032,0.1555737704918032,0.155574,True,ok
2,pygosdt_v1,monk_3,122,11,0.005,0.0945901639344262,3.0,14.0,0.1509831669973209,0.152,optimal,3494.0,3599.0,11.0,0.0945901639344262,0.0945901639344262,0.09459,True,ok
2,pygosdt_v1,monk_1,124,11,0.1,0.4661290322580645,33.0,2.0,0.0006311670294962,0.001,optimal,34.0,21.0,11.0,0.4661290322580644,0.4661290322580644,0.466129,True,ok
2,pygosdt_v1,monk_1,124,11,0.05,0.3387096774193548,11.0,5.0,0.0024785420391708,0.003,optimal,146.0,92.0,11.0,0.3387096774193548,0.3387096774193548,0.33871,True,ok
2,pygosdt_v1,monk_1,124,11,0.02,0.16,0.0,8.0,0.0071540419594384,0.008,optimal,427.0,266.0,11.0,0.16,0.16,0.16,True,ok
2,pygosdt_v1,monk_1,124,11,0.01,0.08,0.0,8.0,0.0090196660021319,0.01,optimal,545.0,330.0,11.0,0.08,0.08,0.08,True,ok
2,pygosdt_v1,monk_1,124,11,0.005,0.04,0.0,8.0,0.0097769999993033,0.011,optimal,583.0,363.0,11.0,0.04,0.04,0.04,True,ok
2,pygosdt_v1,iris,150,4,0.1,0.34,6.0,3.0,0.0012005830067209,0.002,optimal,51.0,25.0,118.0,0.3399999999999999,0.3399999999999999,0.34,True,ok
2,pygosdt_v1,iris,150,4,0.05,0.19,6.0,3.0,0.0013645829749293,0.002,optimal,63.0,31.0,118.0,0.19,0.19,0.19,True,ok
2,pygosdt_v1,iris,150,4,0.02,0.1,6.0,3.0,0.0250503749703057,0.026,optimal,861.0,639.0,118.0,0.1,0.1,0.1,True,ok
2,pygosdt_v1,iris,150,4,0.01,0.06,3.0,4.0,0.1819973750389181,0.183,optimal,3812.0,3309.0,118.0,0.06,0.06,0.06,True,ok
2,pygosdt_v1,iris,150,4,0.005,0.0383333333333333,2.0,5.0,0.8798593750107102,0.882,optimal,14743.0,15705.0,118.0,0.0383333333333333,0.0383333333333333,0.038333,True,ok
2,pygosdt_v1,monk_2,169,11,0.1,0.478698224852071,64.0,1.0,0.0005861250101588,0.001,optimal,23.0,20.0,11.0,0.478698224852071,0.478698224852071,0.478698,True,ok
2,pygosdt_v1,monk_2,169,11,0.05,0.428698224852071,64.0,1.0,0.0039469999610446,0.005,optimal,188.0,148.0,11.0,0.428698224852071,0.428698224852071,0.428698,True,ok
2,pygosdt_v1,monk_2,169,11,0.02,0.3589349112426035,37.0,7.0,0.0644279580446891,0.065,optimal,2022.0,1774.0,11.0,0.3589349112426035,0.3589349112426035,0.358935,True,ok
2,pygosdt_v1,monk_2,169,11,0.01,0.2650887573964497,11.0,20.0,0.1972547919722274,0.198,optimal,4963.0,4929.0,11.0,0.2650887573964497,0.2650887573964497,0.265089,True,ok
2,pygosdt_v1,monk_2,169,11,0.005,0.1527514792899408,3.0,27.0,0.3434247089899145,0.345,optimal,7525.0,8135.0,11.0,0.1527514792899408,0.1527514792899408,0.152751,True,ok
2,pygosdt_v1,tic-tac-toe,958,9,0.1,0.4465553235908142,332.0,1.0,0.0011114999651908,0.011,optimal,55.0,36.0,27.0,0.4465553235908142,0.4465553235908142,0.446555,True,ok
2,pygosdt_v1,tic-tac-toe,958,9,0.05,0.3965553235908142,332.0,1.0,0.0224786250037141,0.033,optimal,1051.0,744.0,27.0,0.3965553235908141,0.3965553235908141,0.396555,True,ok
2,pygosdt_v1,tic-tac-toe,958,9,0.02,0.3183298538622129,190.0,6.0,2.786372541973833,2.802,optimal,69872.0,59303.0,27.0,0.3183298538622129,0.3183298538622129,0.31833,True,ok
2,pygosdt_v1,tic-tac-toe,958,9,0.01,0.2507515657620042,154.0,9.0,19.531869583006483,19.565,optimal,426309.0,396028.0,27.0,0.2507515657620042,0.2507515657620042,0.250752,True,ok
2,pygosdt_v1,tic-tac-toe,958,9,0.005,0.1542797494780793,52.0,20.0,30.0,30.051,time,715735.0,615744.0,27.0,0.01,0.2443736951983298,0.15428,True,ok
2,pygosdt_v1,gaussian_1k,1000,1,0.1,0.397,297.0,1.0,0.0084187499596737,0.04,optimal,175.0,88.0,999.0,0.397,0.397,0.397,True,ok
2,pygosdt_v1,gaussian_1k,1000,1,0.05,0.275,125.0,3.0,0.9499062499962748,0.981,optimal,8340.0,10044.0,999.0,0.275,0.275,0.275,True,ok
2,pygosdt_v1,gaussian_1k,1000,1,0.02,0.185,125.0,3.0,21.268108166987076,21.302,optimal,48661.0,141271.0,999.0,0.185,0.185,0.185,True,ok
2,pygosdt_v1,gaussian_1k,1000,1,0.01,0.307,297.0,1.0,30.0,30.048,time,53586.0,173056.0,999.0,0.02,0.307,0.155,True,worse_than_known
2,pygosdt_v1,gaussian_1k,1000,1,0.005,0.302,297.0,1.0,30.0,30.047,time,46978.0,183552.0,999.0,0.01,0.302,0.14,True,worse_than_known
2,pygosdt_v1,fico_1k,1000,23,0.1,0.491,291.0,2.0,11.051843832945451,11.073,optimal,95356.0,73691.0,1357.0,0.491,0.491,0.491,True,ok
2,pygosdt_v1,fico_1k,1000,23,0.05,0.391,291.0,2.0,30.0,30.035,time,207088.0,201792.0,1357.0,0.125,0.391,0.391,False,ok
2,pygosdt_v1,fico_1k,1000,23,0.02,0.3309999999999999,291.0,2.0,30.0,30.035,time,244965.0,205696.0,1357.0,0.065,0.3309999999999999,0.331,False,ok
2,pygosdt_v1,fico_1k,1000,23,0.01,0.311,291.0,2.0,30.0,30.047,time,232724.0,192576.0,1357.0,0.045,0.311,0.304,False,worse_than_known
2,pygosdt_v1,fico_1k,1000,23,0.005,0.301,291.0,2.0,30.0,30.035,time,248458.0,220608.0,1357.0,0.035,0.301,0.284,False,worse_than_known
2,pygosdt_v1,sine_1k,1000,1,0.1,0.595,495.0,1.0,3.300856375019066,3.334,optimal,24046.0,25386.0,999.0,0.595,0.595,0.595,True,ok
2,pygosdt_v1,sine_1k,1000,1,0.05,0.545,495.0,1.0,30.0,30.041,time,84070.0,137408.0,999.0,0.1,0.545,0.545,False,ok
2,pygosdt_v1,sine_1k,1000,1,0.02,0.494,454.0,2.0,30.0,30.05,time,75676.0,163904.0,999.0,0.04,0.494,0.494,False,ok
2,pygosdt_v1,sine_1k,1000,1,0.01,0.474,454.0,2.0,30.0,30.066,time,64018.0,166592.0,999.0,0.02,0.474,0.443,False,worse_than_known
2,pygosdt_v1,sine_1k,1000,1,0.005,0.4,340.0,12.0,30.0,30.042,time,51938.0,154816.0,999.0,0.01,0.449,0.4,False,ok
2,pygosdt_v1,car_evaluation,1728,15,0.1,0.3997685185185186,518.0,1.0,0.0003966660005971,0.003,optimal,21.0,11.0,15.0,0.3997685185185184,0.3997685185185184,0.399769,True,ok
2,pygosdt_v1,car_evaluation,1728,15,0.05,0.2946759259259259,250.0,3.0,0.0024579580058343,0.005,optimal,118.0,88.0,15.0,0.2946759259259259,0.2946759259259259,0.294676,True,ok
2,pygosdt_v1,car_evaluation,1728,15,0.02,0.2046759259259259,250.0,3.0,0.0600220000487752,0.062,optimal,1848.0,1400.0,15.0,0.2046759259259259,0.2046759259259259,0.204676,True,ok
2,pygosdt_v1,car_evaluation,1728,15,0.01,0.1452314814814815,130.0,7.0,0.284822957997676,0.288,optimal,7189.0,6405.0,15.0,0.1452314814814815,0.1452314814814815,0.145231,True,ok
2,pygosdt_v1,car_evaluation,1728,15,0.005,0.1063425925925926,106.0,9.0,0.9584609160083346,0.962,optimal,20615.0,21039.0,15.0,0.1063425925925926,0.1063425925925926,0.106343,True,ok
2,pygosdt_v1,coupon_bar,1913,14,0.1,0.5119184526921067,788.0,1.0,6.904196925461292e-05,0.003,optimal,1.0,1.0,14.0,0.5119184526921067,0.5119184526921067,0.511918,True,ok
2,pygosdt_v1,coupon_bar,1913,14,0.05,0.4538944066910612,677.0,2.0,0.0005027910228818,0.003,optimal,29.0,15.0,14.0,0.4538944066910611,0.4538944066910611,0.453894,True,ok
2,pygosdt_v1,coupon_bar,1913,14,0.02,0.3715525352848928,596.0,3.0,0.0032048340071924,0.005,optimal,179.0,106.0,14.0,0.3715525352848928,0.3715525352848928,0.371553,True,ok
2,pygosdt_v1,coupon_bar,1913,14,0.01,0.3410977522216414,576.0,4.0,0.0199723750120028,0.022,optimal,989.0,704.0,14.0,0.3410977522216414,0.3410977522216414,0.341098,True,ok
2,pygosdt_v1,coupon_bar,1913,14,0.005,0.3186199686356508,533.0,8.0,0.2756383329979144,0.278,optimal,5708.0,6194.0,14.0,0.3186199686356508,0.3186199686356508,0.31862,True,ok
2,pygosdt_v1,compas_binned,6907,12,0.1,0.5610829593166353,2494.0,2.0,8.266698569059372e-05,0.006,optimal,3.0,1.0,12.0,0.5610829593166353,0.5610829593166353,0.561083,True,ok
2,pygosdt_v1,compas_binned,6907,12,0.05,0.4610829593166353,2494.0,2.0,7.300003198906779e-05,0.006,optimal,3.0,1.0,12.0,0.4610829593166352,0.4610829593166352,0.461083,True,ok
2,pygosdt_v1,compas_binned,6907,12,0.02,0.4010829593166353,2494.0,2.0,0.0004308749921619,0.007,optimal,21.0,11.0,12.0,0.4010829593166353,0.4010829593166353,0.401083,True,ok
2,pygosdt_v1,compas_binned,6907,12,0.01,0.3748675256985666,2382.0,3.0,0.0019770000362768,0.008,optimal,105.0,57.0,12.0,0.3748675256985667,0.3748675256985667,0.374868,True,ok
2,pygosdt_v1,compas_binned,6907,12,0.005,0.355968582597365,2286.0,5.0,0.0073420410044491,0.013,optimal,354.0,221.0,12.0,0.3559685825973649,0.3559685825973649,0.355969,True,ok
2,pygosdt_v1,fico_binary,10459,17,0.1,0.5040443637058992,3180.0,2.0,8.604099275544286e-05,0.012,optimal,3.0,1.0,17.0,0.5040443637058992,0.5040443637058992,0.504044,True,ok
2,pygosdt_v1,fico_binary,10459,17,0.05,0.4040443637058992,3180.0,2.0,0.0005268329987302,0.013,optimal,25.0,13.0,17.0,0.4040443637058992,0.4040443637058992,0.404044,True,ok
2,pygosdt_v1,fico_binary,10459,17,0.02,0.3440443637058992,3180.0,2.0,0.0087610830087214,0.021,optimal,428.0,240.0,17.0,0.3440443637058992,0.3440443637058992,0.344044,True,ok
2,pygosdt_v1,fico_binary,10459,17,0.01,0.3240443637058992,3180.0,2.0,0.3752204159973189,0.388,optimal,9379.0,7063.0,17.0,0.3240443637058992,0.3240443637058992,0.324044,True,ok
2,pygosdt_v1,fico_binary,10459,17,0.005,0.308650922650349,3019.0,4.0,4.095133166993037,4.117,optimal,65876.0,74412.0,17.0,0.308650922650349,0.308650922650349,0.308651,True,ok
2,pygosdt_v1,compas_processed,12381,22,0.1,0.411364187060819,3855.0,1.0,0.0129609170253388,0.259,optimal,175.0,88.0,621.0,0.411364187060819,0.411364187060819,0.411364,True,ok
2,pygosdt_v1,compas_processed,12381,22,0.05,0.3613641870608189,3855.0,1.0,30.0,30.26,time,223861.0,193088.0,621.0,0.1685728131814877,0.3613641870608189,0.361364,True,ok
2,pygosdt_v1,compas_processed,12381,22,0.02,0.3278604313060334,3564.0,2.0,30.0,30.268,time,218446.0,199424.0,621.0,0.1085728131814877,0.3278604313060334,0.32786,False,ok
2,pygosdt_v1,compas_processed,12381,22,0.01,0.3078604313060334,3564.0,2.0,30.0,30.276,time,222585.0,212416.0,621.0,0.0885728131814877,0.3078604313060334,0.30786,False,ok
2,pygosdt_v1,compas_processed,12381,22,0.005,0.2978604313060334,3564.0,2.0,30.0,30.27,time,250693.0,238976.0,621.0,0.0785728131814877,0.2978604313060334,0.29786,False,ok
1,streed,chudi,77,2,0.1,0.464935064935065,5.0,4.0,0.0220982080209068,0.276,optimal,,,46.0,,,0.464935,True,ok
1,streed,chudi,77,2,0.05,0.25,0.0,5.0,0.0072771669947542,0.008,optimal,,,46.0,,,0.25,True,ok
1,streed,chudi,77,2,0.02,0.1,0.0,5.0,0.0071437919978052,0.008,optimal,,,46.0,,,0.1,True,ok
1,streed,chudi,77,2,0.01,0.05,0.0,5.0,0.0069078750093467,0.007,optimal,,,46.0,,,0.05,True,ok
1,streed,chudi,77,2,0.005,0.025,0.0,5.0,0.0070467080222442,0.008,optimal,,,46.0,,,0.025,True,ok
1,streed,monk_3,122,11,0.1,0.5213114754098361,27.0,3.0,0.0025810000370256,0.003,optimal,,,11.0,,,0.521311,True,ok
1,streed,monk_3,122,11,0.05,0.3713114754098361,27.0,3.0,0.0040748749743215,0.005,optimal,,,11.0,,,0.371311,True,ok
1,streed,monk_3,122,11,0.02,0.2429508196721311,15.0,6.0,0.0191945419646799,0.02,optimal,,,11.0,,,0.242951,True,ok
1,streed,monk_3,122,11,0.01,0.1555737704918032,8.0,9.0,0.050211458990816,0.052,optimal,,,11.0,,,0.155574,True,ok
1,streed,monk_3,122,11,0.005,0.0945901639344262,3.0,14.0,0.1181391249992884,0.12,optimal,,,11.0,,,0.09459,True,ok
1,streed,monk_1,124,11,0.1,0.4661290322580645,33.0,2.0,0.0024869589833542,0.004,optimal,,,11.0,,,0.466129,True,ok
1,streed,monk_1,124,11,0.05,0.3387096774193548,11.0,5.0,0.003724374982994,0.005,optimal,,,11.0,,,0.33871,True,ok
1,streed,monk_1,124,11,0.02,0.16,0.0,8.0,0.0104387499741278,0.012,optimal,,,11.0,,,0.16,True,ok
1,streed,monk_1,124,11,0.01,0.08,0.0,8.0,0.0091748750419355,0.01,optimal,,,11.0,,,0.08,True,ok
1,streed,monk_1,124,11,0.005,0.04,0.0,8.0,0.0085431250045076,0.01,optimal,,,11.0,,,0.04,True,ok
1,streed,iris,150,4,0.1,0.34,6.0,3.0,0.0111718749976716,0.012,optimal,,,118.0,,,0.34,True,ok
1,streed,iris,150,4,0.05,0.19,6.0,3.0,0.0110435420065186,0.012,optimal,,,118.0,,,0.19,True,ok
1,streed,iris,150,4,0.02,0.1,6.0,3.0,0.0226627080119214,0.023,optimal,,,118.0,,,0.1,True,ok
1,streed,iris,150,4,0.01,0.06,3.0,4.0,0.2441351670422591,0.245,optimal,,,118.0,,,0.06,True,ok
1,streed,iris,150,4,0.005,0.0383333333333333,2.0,5.0,20.759741124988068,20.761,optimal,,,118.0,,,0.038333,True,ok
1,streed,monk_2,169,11,0.1,0.478698224852071,64.0,1.0,0.0027704999665729,0.448,optimal,,,11.0,,,0.478698,True,ok
1,streed,monk_2,169,11,0.05,0.428698224852071,64.0,1.0,0.0056882910430431,0.006,optimal,,,11.0,,,0.428698,True,ok
1,streed,monk_2,169,11,0.02,0.3589349112426035,37.0,7.0,0.0593723750207573,0.061,optimal,,,11.0,,,0.358935,True,ok
1,streed,monk_2,169,11,0.01,0.2650887573964497,11.0,20.0,1.5546536250039935,1.561,optimal,,,11.0,,,0.265089,True,ok
1,streed,monk_2,169,11,0.005,0.1527514792899408,3.0,27.0,1.6188011249760166,1.623,optimal,,,11.0,,,0.152751,True,ok
1,streed,tic-tac-toe,958,9,0.1,0.4465553235908142,332.0,1.0,0.0060640000156126,0.028,optimal,,,27.0,,,0.446555,True,ok
1,streed,tic-tac-toe,958,9,0.05,0.3965553235908142,332.0,1.0,0.1161931660026311,0.125,optimal,,,27.0,,,0.396555,True,ok
1,streed,tic-tac-toe,958,9,0.02,0.3183298538622129,190.0,6.0,5.67297645797953,5.683,optimal,,,27.0,,,0.31833,True,ok
1,streed,tic-tac-toe,958,9,0.01,0.2507515657620042,154.0,9.0,30.0,30.053,time,,,27.0,,,0.250752,True,ok
1,streed,tic-tac-toe,958,9,0.005,0.1542797494780793,52.0,20.0,30.0,30.191,time,,,27.0,,,0.15428,True,ok
1,streed,gaussian_1k,1000,1,0.1,0.397,297.0,1.0,0.2364377499907277,0.459,optimal,,,999.0,,,0.397,True,ok
1,streed,gaussian_1k,1000,1,0.05,0.275,125.0,3.0,17.097978458972648,17.104,optimal,,,999.0,,,0.275,True,ok
1,streed,gaussian_1k,1000,1,0.02,0.185,125.0,3.0,30.0,30.29,time,,,999.0,,,0.185,True,ok
1,streed,gaussian_1k,1000,1,0.01,0.155,125.0,3.0,30.0,30.219,time,,,999.0,,,0.155,True,ok
1,streed,gaussian_1k,1000,1,0.005,0.14,125.0,3.0,30.0,30.21,time,,,999.0,,,0.14,True,ok
1,streed,fico_1k,1000,23,0.1,0.491,291.0,2.0,13.304175416997168,13.315,optimal,,,1357.0,,,0.491,True,ok
1,streed,fico_1k,1000,23,0.05,0.391,291.0,2.0,30.0,30.139,time,,,1357.0,,,0.391,False,ok
1,streed,fico_1k,1000,23,0.02,0.3309999999999999,291.0,2.0,30.0,30.139,time,,,1357.0,,,0.331,False,ok
1,streed,fico_1k,1000,23,0.01,0.304,264.0,4.0,30.0,30.139,time,,,1357.0,,,0.304,False,ok
1,streed,fico_1k,1000,23,0.005,0.284,264.0,4.0,30.0,30.14,time,,,1357.0,,,0.284,False,ok
1,streed,sine_1k,1000,1,0.1,0.595,495.0,1.0,30.0,30.206,time,,,999.0,,,0.595,True,ok
1,streed,sine_1k,1000,1,0.05,0.545,495.0,1.0,30.0,30.209,time,,,999.0,,,0.545,False,ok
1,streed,sine_1k,1000,1,0.02,0.494,454.0,2.0,30.0,30.207,time,,,999.0,,,0.494,False,ok
1,streed,sine_1k,1000,1,0.01,0.456,376.0,8.0,30.0,30.208,time,,,999.0,,,0.443,False,worse_than_known
1,streed,sine_1k,1000,1,0.005,0.416,376.0,8.0,30.0,30.224,time,,,999.0,,,0.4,False,worse_than_known
1,streed,car_evaluation,1728,15,0.1,0.3997685185185186,518.0,1.0,0.0037571669672615,0.006,optimal,,,15.0,,,0.399769,True,ok
1,streed,car_evaluation,1728,15,0.05,0.2946759259259259,250.0,3.0,0.008221541007515,0.01,optimal,,,15.0,,,0.294676,True,ok
1,streed,car_evaluation,1728,15,0.02,0.2046759259259259,250.0,3.0,0.3081898749805987,0.31,optimal,,,15.0,,,0.204676,True,ok
1,streed,car_evaluation,1728,15,0.01,0.1452314814814815,130.0,7.0,2.370169250003528,2.373,optimal,,,15.0,,,0.145231,True,ok
1,streed,car_evaluation,1728,15,0.005,0.1063425925925926,106.0,9.0,13.938958666985856,13.948,optimal,,,15.0,,,0.106343,True,ok
1,streed,coupon_bar,1913,14,0.1,0.5119184526921067,788.0,1.0,0.0051134160021319,0.143,optimal,,,14.0,,,0.511918,True,ok
1,streed,coupon_bar,1913,14,0.05,0.4538944066910612,677.0,2.0,0.0033474579686298,0.005,optimal,,,14.0,,,0.453894,True,ok
1,streed,coupon_bar,1913,14,0.02,0.3715525352848928,596.0,3.0,0.0494419580209068,0.051,optimal,,,14.0,,,0.371553,True,ok
1,streed,coupon_bar,1913,14,0.01,0.3410977522216414,576.0,4.0,0.5731298750033602,0.575,optimal,,,14.0,,,0.341098,True,ok
1,streed,coupon_bar,1913,14,0.005,0.3186199686356508,533.0,8.0,2.010268707992509,2.013,optimal,,,14.0,,,0.31862,True,ok
1,streed,compas_binned,6907,12,0.1,0.5610829593166353,2494.0,2.0,0.0048639170126989,0.01,optimal,,,12.0,,,0.561083,True,ok
1,streed,compas_binned,6907,12,0.05,0.4610829593166353,2494.0,2.0,0.0044010409619659,0.006,optimal,,,12.0,,,0.461083,True,ok
1,streed,compas_binned,6907,12,0.02,0.4010829593166353,2494.0,2.0,0.1321788329514674,0.134,optimal,,,12.0,,,0.401083,True,ok
1,streed,compas_binned,6907,12,0.01,0.3748675256985666,2382.0,3.0,0.3056680840090848,0.307,optimal,,,12.0,,,0.374868,True,ok
1,streed,compas_binned,6907,12,0.005,0.355968582597365,2286.0,5.0,0.2969256249489262,0.299,optimal,,,12.0,,,0.355969,True,ok
1,streed,fico_binary,10459,17,0.1,0.5040443637058992,3180.0,2.0,0.0101857499685138,0.013,optimal,,,17.0,,,0.504044,True,ok
1,streed,fico_binary,10459,17,0.05,0.4040443637058992,3180.0,2.0,0.0095582909998483,0.012,optimal,,,17.0,,,0.404044,True,ok
1,streed,fico_binary,10459,17,0.02,0.3440443637058992,3180.0,2.0,0.1681959580164402,0.171,optimal,,,17.0,,,0.344044,True,ok
1,streed,fico_binary,10459,17,0.01,0.3240443637058992,3180.0,2.0,4.002116832998581,4.005,optimal,,,17.0,,,0.324044,True,ok
1,streed,fico_binary,10459,17,0.005,0.308650922650349,3019.0,4.0,30.0,30.042,time,,,17.0,,,0.308651,True,ok
1,streed,compas_processed,12381,22,0.1,0.411364187060819,3855.0,1.0,0.1495585829834453,0.303,optimal,,,621.0,,,0.411364,True,ok
1,streed,compas_processed,12381,22,0.05,0.3613641870608189,3855.0,1.0,30.0,30.162,time,,,621.0,,,0.361364,True,ok
1,streed,compas_processed,12381,22,0.02,0.3278604313060334,3564.0,2.0,30.0,30.194,time,,,621.0,,,0.32786,False,ok
1,streed,compas_processed,12381,22,0.01,0.3078604313060334,3564.0,2.0,30.0,30.184,time,,,621.0,,,0.30786,False,ok
1,streed,compas_processed,12381,22,0.005,0.2978604313060334,3564.0,2.0,30.0,30.169,time,,,621.0,,,0.29786,False,ok
2,streed,chudi,77,2,0.1,0.464935064935065,5.0,4.0,0.0076129999943077,0.008,optimal,,,46.0,,,0.464935,True,ok
2,streed,chudi,77,2,0.05,0.25,0.0,5.0,0.0078645420144312,0.009,optimal,,,46.0,,,0.25,True,ok
2,streed,chudi,77,2,0.02,0.1,0.0,5.0,0.0077206249698065,0.008,optimal,,,46.0,,,0.1,True,ok
2,streed,chudi,77,2,0.01,0.05,0.0,5.0,0.0071937500033527,0.008,optimal,,,46.0,,,0.05,True,ok
2,streed,chudi,77,2,0.005,0.025,0.0,5.0,0.0073727089911699,0.008,optimal,,,46.0,,,0.025,True,ok
2,streed,monk_3,122,11,0.1,0.5213114754098361,27.0,3.0,0.0026723750052042,0.004,optimal,,,11.0,,,0.521311,True,ok
2,streed,monk_3,122,11,0.05,0.3713114754098361,27.0,3.0,0.0041209590272046,0.005,optimal,,,11.0,,,0.371311,True,ok
2,streed,monk_3,122,11,0.02,0.2429508196721311,15.0,6.0,0.019170707964804,0.02,optimal,,,11.0,,,0.242951,True,ok
2,streed,monk_3,122,11,0.01,0.1555737704918032,8.0,9.0,0.0491874169674702,0.05,optimal,,,11.0,,,0.155574,True,ok
2,streed,monk_3,122,11,0.005,0.0945901639344262,3.0,14.0,0.1126948750461451,0.114,optimal,,,11.0,,,0.09459,True,ok
2,streed,monk_1,124,11,0.1,0.4661290322580645,33.0,2.0,0.0024650830309838,0.004,optimal,,,11.0,,,0.466129,True,ok
2,streed,monk_1,124,11,0.05,0.3387096774193548,11.0,5.0,0.003681875008624,0.005,optimal,,,11.0,,,0.33871,True,ok
2,streed,monk_1,124,11,0.02,0.16,0.0,8.0,0.0104716659989207,0.012,optimal,,,11.0,,,0.16,True,ok
2,streed,monk_1,124,11,0.01,0.08,0.0,8.0,0.009120459028054,0.01,optimal,,,11.0,,,0.08,True,ok
2,streed,monk_1,124,11,0.005,0.04,0.0,8.0,0.0084999999962747,0.01,optimal,,,11.0,,,0.04,True,ok
2,streed,iris,150,4,0.1,0.34,6.0,3.0,0.0112366250250488,0.012,optimal,,,118.0,,,0.34,True,ok
2,streed,iris,150,4,0.05,0.19,6.0,3.0,0.0108862500055693,0.012,optimal,,,118.0,,,0.19,True,ok
2,streed,iris,150,4,0.02,0.1,6.0,3.0,0.022843082959298,0.024,optimal,,,118.0,,,0.1,True,ok
2,streed,iris,150,4,0.01,0.06,3.0,4.0,0.2407744170050136,0.242,optimal,,,118.0,,,0.06,True,ok
2,streed,iris,150,4,0.005,0.0383333333333333,2.0,5.0,20.77019954199204,20.772,optimal,,,118.0,,,0.038333,True,ok
2,streed,monk_2,169,11,0.1,0.478698224852071,64.0,1.0,0.0028256250079721,0.45,optimal,,,11.0,,,0.478698,True,ok
2,streed,monk_2,169,11,0.05,0.428698224852071,64.0,1.0,0.0060860840021632,0.007,optimal,,,11.0,,,0.428698,True,ok
2,streed,monk_2,169,11,0.02,0.3589349112426035,37.0,7.0,0.0605875410255976,0.062,optimal,,,11.0,,,0.358935,True,ok
2,streed,monk_2,169,11,0.01,0.2650887573964497,11.0,20.0,1.418435874977149,1.422,optimal,,,11.0,,,0.265089,True,ok
2,streed,monk_2,169,11,0.005,0.1527514792899408,3.0,27.0,1.7342430839780718,1.739,optimal,,,11.0,,,0.152751,True,ok
2,streed,tic-tac-toe,958,9,0.1,0.4465553235908142,332.0,1.0,0.0058007500483654,0.025,optimal,,,27.0,,,0.446555,True,ok
2,streed,tic-tac-toe,958,9,0.05,0.3965553235908142,332.0,1.0,0.1157030410249717,0.125,optimal,,,27.0,,,0.396555,True,ok
2,streed,tic-tac-toe,958,9,0.02,0.3183298538622129,190.0,6.0,5.7091707499930635,5.719,optimal,,,27.0,,,0.31833,True,ok
2,streed,tic-tac-toe,958,9,0.01,0.2507515657620042,154.0,9.0,30.0,30.057,time,,,27.0,,,0.250752,True,ok
2,streed,tic-tac-toe,958,9,0.005,0.1542797494780793,52.0,20.0,30.0,30.195,time,,,27.0,,,0.15428,True,ok
2,streed,gaussian_1k,1000,1,0.1,0.397,297.0,1.0,0.2318452500039711,0.453,optimal,,,999.0,,,0.397,True,ok
2,streed,gaussian_1k,1000,1,0.05,0.275,125.0,3.0,17.117839457991067,17.124,optimal,,,999.0,,,0.275,True,ok
2,streed,gaussian_1k,1000,1,0.02,0.185,125.0,3.0,30.0,30.295,time,,,999.0,,,0.185,True,ok
2,streed,gaussian_1k,1000,1,0.01,0.155,125.0,3.0,30.0,30.22,time,,,999.0,,,0.155,True,ok
2,streed,gaussian_1k,1000,1,0.005,0.14,125.0,3.0,30.0,30.209,time,,,999.0,,,0.14,True,ok
2,streed,fico_1k,1000,23,0.1,0.491,291.0,2.0,13.455272082996087,13.467,optimal,,,1357.0,,,0.491,True,ok
2,streed,fico_1k,1000,23,0.05,0.391,291.0,2.0,30.0,30.127,time,,,1357.0,,,0.391,False,ok
2,streed,fico_1k,1000,23,0.02,0.3309999999999999,291.0,2.0,30.0,30.131,time,,,1357.0,,,0.331,False,ok
2,streed,fico_1k,1000,23,0.01,0.304,264.0,4.0,30.0,30.126,time,,,1357.0,,,0.304,False,ok
2,streed,fico_1k,1000,23,0.005,0.284,264.0,4.0,30.0,30.141,time,,,1357.0,,,0.284,False,ok
2,streed,sine_1k,1000,1,0.1,0.595,495.0,1.0,30.0,30.211,time,,,999.0,,,0.595,True,ok
2,streed,sine_1k,1000,1,0.05,0.545,495.0,1.0,30.0,30.209,time,,,999.0,,,0.545,False,ok
2,streed,sine_1k,1000,1,0.02,0.494,454.0,2.0,30.0,30.21,time,,,999.0,,,0.494,False,ok
2,streed,sine_1k,1000,1,0.01,0.456,376.0,8.0,30.0,30.21,time,,,999.0,,,0.443,False,worse_than_known
2,streed,sine_1k,1000,1,0.005,0.416,376.0,8.0,30.0,30.217,time,,,999.0,,,0.4,False,worse_than_known
2,streed,car_evaluation,1728,15,0.1,0.3997685185185186,518.0,1.0,0.0036033749929629,0.006,optimal,,,15.0,,,0.399769,True,ok
2,streed,car_evaluation,1728,15,0.05,0.2946759259259259,250.0,3.0,0.0078902919776737,0.009,optimal,,,15.0,,,0.294676,True,ok
2,streed,car_evaluation,1728,15,0.02,0.2046759259259259,250.0,3.0,0.312326250015758,0.314,optimal,,,15.0,,,0.204676,True,ok
2,streed,car_evaluation,1728,15,0.01,0.1452314814814815,130.0,7.0,2.368593209015671,2.371,optimal,,,15.0,,,0.145231,True,ok
2,streed,car_evaluation,1728,15,0.005,0.1063425925925926,106.0,9.0,13.739179958007298,13.746,optimal,,,15.0,,,0.106343,True,ok
2,streed,coupon_bar,1913,14,0.1,0.5119184526921067,788.0,1.0,0.0044991669710725,0.12,optimal,,,14.0,,,0.511918,True,ok
2,streed,coupon_bar,1913,14,0.05,0.4538944066910612,677.0,2.0,0.0031718339887447,0.004,optimal,,,14.0,,,0.453894,True,ok
2,streed,coupon_bar,1913,14,0.02,0.3715525352848928,596.0,3.0,0.0468353329924866,0.048,optimal,,,14.0,,,0.371553,True,ok
2,streed,coupon_bar,1913,14,0.01,0.3410977522216414,576.0,4.0,0.5607192920288071,0.562,optimal,,,14.0,,,0.341098,True,ok
2,streed,coupon_bar,1913,14,0.005,0.3186199686356508,533.0,8.0,2.0064392909989692,2.01,optimal,,,14.0,,,0.31862,True,ok
2,streed,compas_binned,6907,12,0.1,0.5610829593166353,2494.0,2.0,0.005285334016662,0.011,optimal,,,12.0,,,0.561083,True,ok
2,streed,compas_binned,6907,12,0.05,0.4610829593166353,2494.0,2.0,0.0045149999787099,0.006,optimal,,,12.0,,,0.461083,True,ok
2,streed,compas_binned,6907,12,0.02,0.4010829593166353,2494.0,2.0,0.1340522500104271,0.136,optimal,,,12.0,,,0.401083,True,ok
2,streed,compas_binned,6907,12,0.01,0.3748675256985666,2382.0,3.0,0.2965638330206275,0.298,optimal,,,12.0,,,0.374868,True,ok
2,streed,compas_binned,6907,12,0.005,0.355968582597365,2286.0,5.0,0.2837890420341864,0.286,optimal,,,12.0,,,0.355969,True,ok
2,streed,fico_binary,10459,17,0.1,0.5040443637058992,3180.0,2.0,0.0094254160067066,0.012,optimal,,,17.0,,,0.504044,True,ok
2,streed,fico_binary,10459,17,0.05,0.4040443637058992,3180.0,2.0,0.0088518749689683,0.011,optimal,,,17.0,,,0.404044,True,ok
2,streed,fico_binary,10459,17,0.02,0.3440443637058992,3180.0,2.0,0.1668066249694675,0.169,optimal,,,17.0,,,0.344044,True,ok
2,streed,fico_binary,10459,17,0.01,0.3240443637058992,3180.0,2.0,4.004542124981526,4.008,optimal,,,17.0,,,0.324044,True,ok
2,streed,fico_binary,10459,17,0.005,0.308650922650349,3019.0,4.0,30.0,30.043,time,,,17.0,,,0.308651,True,ok
2,streed,compas_processed,12381,22,0.1,0.411364187060819,3855.0,1.0,0.152108209033031,0.297,optimal,,,621.0,,,0.411364,True,ok
2,streed,compas_processed,12381,22,0.05,0.3613641870608189,3855.0,1.0,30.0,30.167,time,,,621.0,,,0.361364,True,ok
2,streed,compas_processed,12381,22,0.02,0.3278604313060334,3564.0,2.0,30.0,30.175,time,,,621.0,,,0.32786,False,ok
2,streed,compas_processed,12381,22,0.01,0.3078604313060334,3564.0,2.0,30.0,30.17,time,,,621.0,,,0.30786,False,ok
2,streed,compas_processed,12381,22,0.005,0.2978604313060334,3564.0,2.0,30.0,30.169,time,,,621.0,,,0.29786,False,ok
1,gosdt_guesses,chudi,77,2,0.1,0.464935064935065,5.0,4.0,0.006,1.197,optimal,450.0,1090.0,46.0,0.4649350643157959,0.4649350643157959,0.464935,True,ok
1,gosdt_guesses,chudi,77,2,0.05,0.25,0.0,5.0,0.887,1.758,optimal,7690.0,85831.0,46.0,0.25,0.25,0.25,True,ok
1,gosdt_guesses,chudi,77,2,0.02,0.1,0.0,5.0,9.966,11.058,optimal,13321.0,334282.0,46.0,0.0999999940395355,0.0999999940395355,0.1,True,ok
1,gosdt_guesses,chudi,77,2,0.01,0.05,0.0,5.0,17.399,18.306,optimal,13858.0,408424.0,46.0,0.0499999970197677,0.0499999970197677,0.05,True,ok
1,gosdt_guesses,chudi,77,2,0.005,0.025,0.0,5.0,19.168,20.315,optimal,13979.0,437640.0,46.0,0.0249999985098838,0.0249999985098838,0.025,True,ok
1,gosdt_guesses,monk_3,122,11,0.1,0.5213114754098361,27.0,3.0,0.0,0.882,optimal,24.0,27.0,11.0,0.5213114619255066,0.5213114619255066,0.521311,True,ok
1,gosdt_guesses,monk_3,122,11,0.05,0.3713114754098361,27.0,3.0,0.003,0.894,optimal,672.0,1229.0,11.0,0.3713114559650421,0.3713114559650421,0.371311,True,ok
1,gosdt_guesses,monk_3,122,11,0.02,0.2429508196721311,15.0,6.0,0.045,0.898,optimal,3914.0,12718.0,11.0,0.2429507970809936,0.2429507970809936,0.242951,True,ok
1,gosdt_guesses,monk_3,122,11,0.01,0.1555737704918032,8.0,9.0,0.259,1.173,optimal,7119.0,31917.0,11.0,0.1555737555027008,0.1555737555027008,0.155574,True,ok
1,gosdt_guesses,monk_3,122,11,0.005,0.0945901639344262,3.0,14.0,1.139,2.047,optimal,9273.0,63106.0,11.0,0.0945901572704315,0.0945901572704315,0.09459,True,ok
1,gosdt_guesses,monk_1,124,11,0.1,0.4661290322580645,33.0,2.0,0.0,0.885,optimal,29.0,31.0,11.0,0.4661290049552917,0.4661290049552917,0.466129,True,ok
1,gosdt_guesses,monk_1,124,11,0.05,0.3387096774193548,11.0,5.0,0.001,0.907,optimal,340.0,660.0,11.0,0.338709682226181,0.338709682226181,0.33871,True,ok
1,gosdt_guesses,monk_1,124,11,0.02,0.16,0.0,8.0,0.044,0.899,optimal,3970.0,12082.0,11.0,0.1599999815225601,0.1599999815225601,0.16,True,ok
1,gosdt_guesses,monk_1,124,11,0.01,0.08,0.0,8.0,0.254,1.184,optimal,7228.0,30849.0,11.0,0.07999999076128,0.07999999076128,0.08,True,ok
1,gosdt_guesses,monk_1,124,11,0.005,0.04,0.0,8.0,0.854,1.763,optimal,8849.0,54956.0,11.0,0.03999999538064,0.03999999538064,0.04,True,ok
1,gosdt_guesses,iris,150,4,0.1,0.34,6.0,3.0,4.336,5.208,optimal,29239.0,166409.0,118.0,0.3400000035762787,0.3400000035762787,0.34,True,ok
1,gosdt_guesses,iris,150,4,0.05,0.19,6.0,3.0,30.0,32.136,time,56449.0,619999.0,118.0,0.1500000059604644,0.4333333373069763,0.19,True,ok
1,gosdt_guesses,iris,150,4,0.02,0.1,6.0,3.0,30.0,31.992,time,50521.0,579999.0,118.0,0.0599999986588954,0.3733333349227905,0.1,True,ok
1,gosdt_guesses,iris,150,4,0.01,0.07,6.0,3.0,30.0,32.501,time,51218.0,589999.0,118.0,0.0299999993294477,0.3533333241939544,0.06,True,worse_than_known
1,gosdt_guesses,iris,150,4,0.005,0.055,6.0,3.0,30.0,32.195,time,50596.0,579999.0,118.0,0.0149999996647238,0.3433333337306976,0.038333,True,worse_than_known
1,gosdt_guesses,monk_2,169,11,0.1,0.478698224852071,64.0,1.0,0.0,1.15,optimal,23.0,23.0,11.0,0.4786982238292694,0.4786982238292694,0.478698,True,ok
1,gosdt_guesses,monk_2,169,11,0.05,0.428698224852071,64.0,1.0,0.003,0.872,optimal,662.0,1260.0,11.0,0.4286982417106628,0.4286982417106628,0.428698,True,ok
1,gosdt_guesses,monk_2,169,11,0.02,0.3589349112426035,37.0,7.0,0.059,0.846,optimal,4633.0,15773.0,11.0,0.3589348793029785,0.3589348793029785,0.358935,True,ok
1,gosdt_guesses,monk_2,169,11,0.01,0.2650887573964497,11.0,20.0,0.411,1.429,optimal,9057.0,45065.0,11.0,0.2650887370109558,0.2650887370109558,0.265089,True,ok
1,gosdt_guesses,monk_2,169,11,0.005,0.1527514792899408,3.0,27.0,2.01,2.804,optimal,12201.0,98714.0,11.0,0.152751475572586,0.152751475572586,0.152751,True,ok
1,gosdt_guesses,tic-tac-toe,958,9,0.1,0.4465553235908142,332.0,1.0,0.0,0.856,optimal,55.0,55.0,27.0,0.4465553164482116,0.4465553164482116,0.446555,True,ok
1,gosdt_guesses,tic-tac-toe,958,9,0.05,0.3965553235908142,332.0,1.0,0.041,0.844,optimal,4761.0,7613.0,27.0,0.3965553343296051,0.3965553343296051,0.396555,True,ok
1,gosdt_guesses,tic-tac-toe,958,9,0.02,0.3183298538622129,190.0,6.0,8.36,9.762,optimal,385953.0,979871.0,27.0,0.3183298707008362,0.3183298707008362,0.31833,True,ok
1,gosdt_guesses,tic-tac-toe,958,9,0.01,,,,30.0,21.577,memory,,,,,,0.250752,True,no_tree
1,gosdt_guesses,tic-tac-toe,958,9,0.005,,,,30.0,10.431,memory,,,,,,0.15428,True,no_tree
1,gosdt_guesses,gaussian_1k,1000,1,0.1,0.397,297.0,1.0,0.223,1.35,optimal,1791.0,1791.0,999.0,0.3970000147819519,0.3970000147819519,0.397,True,ok
1,gosdt_guesses,gaussian_1k,1000,1,0.05,,,,30.0,12.115,memory,,,,,,0.275,True,no_tree
1,gosdt_guesses,gaussian_1k,1000,1,0.02,,,,30.0,8.852,memory,,,,,,0.185,True,no_tree
1,gosdt_guesses,gaussian_1k,1000,1,0.01,,,,30.0,8.598,memory,,,,,,0.155,True,no_tree
1,gosdt_guesses,gaussian_1k,1000,1,0.005,,,,30.0,13.424,memory,,,,,,0.14,True,no_tree
1,gosdt_guesses,fico_1k,1000,23,0.1,0.491,291.0,2.0,30.0,33.111,time,80928.0,159999.0,1357.0,0.324999988079071,0.4910000264644623,0.491,True,ok
1,gosdt_guesses,fico_1k,1000,23,0.05,0.391,291.0,2.0,30.0,36.573,time,6352.0,9999.0,1357.0,0.1749999970197677,0.3910000026226043,0.391,False,ok
1,gosdt_guesses,fico_1k,1000,23,0.02,,,,30.0,4.85,memory,,,,,,0.331,False,no_tree
1,gosdt_guesses,fico_1k,1000,23,0.01,,,,30.0,4.862,memory,,,,,,0.304,False,no_tree
1,gosdt_guesses,fico_1k,1000,23,0.005,,,,30.0,4.871,memory,,,,,,0.284,False,no_tree
1,gosdt_guesses,sine_1k,1000,1,0.1,0.595,495.0,1.0,30.0,31.815,time,35370.0,179999.0,999.0,0.3000000119209289,0.5950000286102295,0.595,True,ok
1,gosdt_guesses,sine_1k,1000,1,0.05,,,,30.0,8.624,memory,,,,,,0.545,False,no_tree
1,gosdt_guesses,sine_1k,1000,1,0.02,,,,30.0,8.317,memory,,,,,,0.494,False,no_tree
1,gosdt_guesses,sine_1k,1000,1,0.01,,,,30.0,8.349,memory,,,,,,0.443,False,no_tree
1,gosdt_guesses,sine_1k,1000,1,0.005,,,,30.0,8.351,memory,,,,,,0.4,False,no_tree
1,gosdt_guesses,car_evaluation,1728,15,0.1,0.3997685185185186,518.0,1.0,0.0,0.815,optimal,21.0,21.0,15.0,0.3997685015201568,0.3997685015201568,0.399769,True,ok
1,gosdt_guesses,car_evaluation,1728,15,0.05,0.2946759259259259,250.0,3.0,0.003,0.817,optimal,476.0,775.0,15.0,0.2946759164333343,0.2946759164333343,0.294676,True,ok
1,gosdt_guesses,car_evaluation,1728,15,0.02,0.2046759259259259,250.0,3.0,0.296,1.083,optimal,19198.0,57423.0,15.0,0.2046759128570556,0.2046759128570556,0.204676,True,ok
1,gosdt_guesses,car_evaluation,1728,15,0.01,0.1452314814814815,130.0,7.0,1.544,2.422,optimal,64159.0,277008.0,15.0,0.1452314853668213,0.1452314853668213,0.145231,True,ok
1,gosdt_guesses,car_evaluation,1728,15,0.005,0.1063425925925926,106.0,9.0,4.157,5.378,optimal,126710.0,744674.0,15.0,0.1063425987958908,0.1063425987958908,0.106343,True,ok
1,gosdt_guesses,coupon_bar,1913,14,0.1,0.5119184526921067,788.0,1.0,0.0,0.82,optimal,1.0,0.0,14.0,0.5119184255599976,0.5119184255599976,0.511918,True,ok
1,gosdt_guesses,coupon_bar,1913,14,0.05,0.4538944066910612,677.0,2.0,0.0,0.817,optimal,29.0,29.0,14.0,0.4538944363594055,0.4538944363594055,0.453894,True,ok
1,gosdt_guesses,coupon_bar,1913,14,0.02,0.3715525352848928,596.0,3.0,0.007,0.814,optimal,731.0,1832.0,14.0,0.3715525269508362,0.3715525269508362,0.371553,True,ok
1,gosdt_guesses,coupon_bar,1913,14,0.01,0.3410977522216414,576.0,4.0,0.259,1.067,optimal,9215.0,47638.0,14.0,0.3410977125167846,0.3410977125167846,0.341098,True,ok
1,gosdt_guesses,coupon_bar,1913,14,0.005,0.3186199686356508,533.0,8.0,1.561,2.433,optimal,28273.0,230963.0,14.0,0.318619966506958,0.318619966506958,0.31862,True,ok
1,gosdt_guesses,compas_binned,6907,12,0.1,0.5610829593166353,2494.0,2.0,0.0,0.811,optimal,1.0,0.0,12.0,0.5610829591751099,0.5610829591751099,0.561083,True,ok
1,gosdt_guesses,compas_binned,6907,12,0.05,0.4610829593166353,2494.0,2.0,0.0,0.805,optimal,1.0,0.0,12.0,0.4610829949378967,0.4610829949378967,0.461083,True,ok
1,gosdt_guesses,compas_binned,6907,12,0.02,0.4010829593166353,2494.0,2.0,0.0,0.816,optimal,21.0,21.0,12.0,0.4010829925537109,0.4010829925537109,0.401083,True,ok
1,gosdt_guesses,compas_binned,6907,12,0.01,0.3748675256985666,2382.0,3.0,0.003,0.81,optimal,220.0,382.0,12.0,0.3748675286769867,0.3748675286769867,0.374868,True,ok
1,gosdt_guesses,compas_binned,6907,12,0.005,0.355968582597365,2286.0,5.0,0.037,0.814,optimal,1578.0,4347.0,12.0,0.3559685945510864,0.3559685945510864,0.355969,True,ok
1,gosdt_guesses,fico_binary,10459,17,0.1,0.5040443637058992,3180.0,2.0,0.0,0.821,optimal,1.0,0.0,17.0,0.5040444135665894,0.5040444135665894,0.504044,True,ok
1,gosdt_guesses,fico_binary,10459,17,0.05,0.4040443637058992,3180.0,2.0,0.0,0.818,optimal,25.0,25.0,17.0,0.4040443897247314,0.4040443897247314,0.404044,True,ok
1,gosdt_guesses,fico_binary,10459,17,0.02,0.3440443637058992,3180.0,2.0,0.021,0.82,optimal,693.0,1261.0,17.0,0.3440443873405456,0.3440443873405456,0.344044,True,ok
1,gosdt_guesses,fico_binary,10459,17,0.01,0.3240443637058992,3180.0,2.0,1.11,2.161,optimal,23755.0,62320.0,17.0,0.324044406414032,0.324044406414032,0.324044,True,ok
1,gosdt_guesses,fico_binary,10459,17,0.005,0.308650922650349,3019.0,4.0,11.483,12.611,optimal,167235.0,607840.0,17.0,0.3086509108543396,0.3086509108543396,0.308651,True,ok
1,gosdt_guesses,compas_processed,12381,22,0.1,0.411364187060819,3855.0,1.0,0.579,1.642,optimal,1045.0,1046.0,621.0,0.411364197731018,0.411364197731018,0.411364,True,ok
1,gosdt_guesses,compas_processed,12381,22,0.05,,,,30.0,4.831,memory,,,,,,0.361364,True,no_tree
1,gosdt_guesses,compas_processed,12381,22,0.02,,,,30.0,1.657,memory,,,,,,0.32786,False,no_tree
1,gosdt_guesses,compas_processed,12381,22,0.01,,,,30.0,1.369,memory,,,,,,0.30786,False,no_tree
1,gosdt_guesses,compas_processed,12381,22,0.005,,,,30.0,1.392,memory,,,,,,0.29786,False,no_tree
2,gosdt_guesses,chudi,77,2,0.1,0.464935064935065,5.0,4.0,0.006,0.821,optimal,450.0,1090.0,46.0,0.4649350643157959,0.4649350643157959,0.464935,True,ok
2,gosdt_guesses,chudi,77,2,0.05,0.25,0.0,5.0,0.876,1.878,optimal,7690.0,85831.0,46.0,0.25,0.25,0.25,True,ok
2,gosdt_guesses,chudi,77,2,0.02,0.1,0.0,5.0,9.888,10.737,optimal,13321.0,334282.0,46.0,0.0999999940395355,0.0999999940395355,0.1,True,ok
2,gosdt_guesses,chudi,77,2,0.01,0.05,0.0,5.0,17.244,18.235,optimal,13858.0,408424.0,46.0,0.0499999970197677,0.0499999970197677,0.05,True,ok
2,gosdt_guesses,chudi,77,2,0.005,0.025,0.0,5.0,19.063,20.15,optimal,13979.0,437640.0,46.0,0.0249999985098838,0.0249999985098838,0.025,True,ok
2,gosdt_guesses,monk_3,122,11,0.1,0.5213114754098361,27.0,3.0,0.0,0.806,optimal,24.0,27.0,11.0,0.5213114619255066,0.5213114619255066,0.521311,True,ok
2,gosdt_guesses,monk_3,122,11,0.05,0.3713114754098361,27.0,3.0,0.003,0.81,optimal,672.0,1229.0,11.0,0.3713114559650421,0.3713114559650421,0.371311,True,ok
2,gosdt_guesses,monk_3,122,11,0.02,0.2429508196721311,15.0,6.0,0.047,0.8,optimal,3914.0,12718.0,11.0,0.2429507970809936,0.2429507970809936,0.242951,True,ok
2,gosdt_guesses,monk_3,122,11,0.01,0.1555737704918032,8.0,9.0,0.256,1.085,optimal,7119.0,31917.0,11.0,0.1555737555027008,0.1555737555027008,0.155574,True,ok
2,gosdt_guesses,monk_3,122,11,0.005,0.0945901639344262,3.0,14.0,1.141,2.179,optimal,9273.0,63106.0,11.0,0.0945901572704315,0.0945901572704315,0.09459,True,ok
2,gosdt_guesses,monk_1,124,11,0.1,0.4661290322580645,33.0,2.0,0.0,0.812,optimal,29.0,31.0,11.0,0.4661290049552917,0.4661290049552917,0.466129,True,ok
2,gosdt_guesses,monk_1,124,11,0.05,0.3387096774193548,11.0,5.0,0.001,0.808,optimal,340.0,660.0,11.0,0.338709682226181,0.338709682226181,0.33871,True,ok
2,gosdt_guesses,monk_1,124,11,0.02,0.16,0.0,8.0,0.045,0.809,optimal,3970.0,12082.0,11.0,0.1599999815225601,0.1599999815225601,0.16,True,ok
2,gosdt_guesses,monk_1,124,11,0.01,0.08,0.0,8.0,0.257,1.089,optimal,7228.0,30849.0,11.0,0.07999999076128,0.07999999076128,0.08,True,ok
2,gosdt_guesses,monk_1,124,11,0.005,0.04,0.0,8.0,0.834,1.624,optimal,8849.0,54956.0,11.0,0.03999999538064,0.03999999538064,0.04,True,ok
2,gosdt_guesses,iris,150,4,0.1,0.34,6.0,3.0,4.234,5.098,optimal,29239.0,166409.0,118.0,0.3400000035762787,0.3400000035762787,0.34,True,ok
2,gosdt_guesses,iris,150,4,0.05,0.19,6.0,3.0,30.0,31.641,time,56449.0,619999.0,118.0,0.1500000059604644,0.4333333373069763,0.19,True,ok
2,gosdt_guesses,iris,150,4,0.02,0.1,6.0,3.0,30.0,32.442,time,51231.0,589999.0,118.0,0.0599999986588954,0.3733333349227905,0.1,True,ok
2,gosdt_guesses,iris,150,4,0.01,0.07,6.0,3.0,30.0,32.208,time,51218.0,589999.0,118.0,0.0299999993294477,0.3533333241939544,0.06,True,worse_than_known
2,gosdt_guesses,iris,150,4,0.005,0.055,6.0,3.0,30.0,32.203,time,50596.0,579999.0,118.0,0.0149999996647238,0.3433333337306976,0.038333,True,worse_than_known
2,gosdt_guesses,monk_2,169,11,0.1,0.478698224852071,64.0,1.0,0.0,0.827,optimal,23.0,23.0,11.0,0.4786982238292694,0.4786982238292694,0.478698,True,ok
2,gosdt_guesses,monk_2,169,11,0.05,0.428698224852071,64.0,1.0,0.003,0.812,optimal,662.0,1260.0,11.0,0.4286982417106628,0.4286982417106628,0.428698,True,ok
2,gosdt_guesses,monk_2,169,11,0.02,0.3589349112426035,37.0,7.0,0.063,0.803,optimal,4633.0,15773.0,11.0,0.3589348793029785,0.3589348793029785,0.358935,True,ok
2,gosdt_guesses,monk_2,169,11,0.01,0.2650887573964497,11.0,20.0,0.425,1.358,optimal,9057.0,45065.0,11.0,0.2650887370109558,0.2650887370109558,0.265089,True,ok
2,gosdt_guesses,monk_2,169,11,0.005,0.1527514792899408,3.0,27.0,2.02,2.962,optimal,12201.0,98714.0,11.0,0.152751475572586,0.152751475572586,0.152751,True,ok
2,gosdt_guesses,tic-tac-toe,958,9,0.1,0.4465553235908142,332.0,1.0,0.0,0.813,optimal,55.0,55.0,27.0,0.4465553164482116,0.4465553164482116,0.446555,True,ok
2,gosdt_guesses,tic-tac-toe,958,9,0.05,0.3965553235908142,332.0,1.0,0.043,0.808,optimal,4761.0,7613.0,27.0,0.3965553343296051,0.3965553343296051,0.396555,True,ok
2,gosdt_guesses,tic-tac-toe,958,9,0.02,0.3183298538622129,190.0,6.0,8.349,9.679,optimal,385953.0,979871.0,27.0,0.3183298707008362,0.3183298707008362,0.31833,True,ok
2,gosdt_guesses,tic-tac-toe,958,9,0.01,,,,30.0,22.004,memory,,,,,,0.250752,True,no_tree
2,gosdt_guesses,tic-tac-toe,958,9,0.005,,,,30.0,10.687,memory,,,,,,0.15428,True,no_tree
2,gosdt_guesses,gaussian_1k,1000,1,0.1,0.397,297.0,1.0,0.23,1.076,optimal,1791.0,1791.0,999.0,0.3970000147819519,0.3970000147819519,0.397,True,ok
2,gosdt_guesses,gaussian_1k,1000,1,0.05,,,,30.0,9.155,memory,,,,,,0.275,True,no_tree
2,gosdt_guesses,gaussian_1k,1000,1,0.02,,,,30.0,9.158,memory,,,,,,0.185,True,no_tree
2,gosdt_guesses,gaussian_1k,1000,1,0.01,,,,30.0,8.592,memory,,,,,,0.155,True,no_tree
2,gosdt_guesses,gaussian_1k,1000,1,0.005,,,,30.0,8.358,memory,,,,,,0.14,True,no_tree
2,gosdt_guesses,fico_1k,1000,23,0.1,0.491,291.0,2.0,30.0,32.857,time,80928.0,159999.0,1357.0,0.324999988079071,0.4910000264644623,0.491,True,ok
2,gosdt_guesses,fico_1k,1000,23,0.05,,,,30.0,4.597,memory,,,,,,0.391,False,no_tree
2,gosdt_guesses,fico_1k,1000,23,0.02,,,,30.0,4.616,memory,,,,,,0.331,False,no_tree
2,gosdt_guesses,fico_1k,1000,23,0.01,,,,30.0,4.591,memory,,,,,,0.304,False,no_tree
2,gosdt_guesses,fico_1k,1000,23,0.005,,,,30.0,4.587,memory,,,,,,0.284,False,no_tree
2,gosdt_guesses,sine_1k,1000,1,0.1,0.595,495.0,1.0,30.0,31.6,time,35370.0,179999.0,999.0,0.3000000119209289,0.5950000286102295,0.595,True,ok
2,gosdt_guesses,sine_1k,1000,1,0.05,,,,30.0,8.349,memory,,,,,,0.545,False,no_tree
2,gosdt_guesses,sine_1k,1000,1,0.02,,,,30.0,8.328,memory,,,,,,0.494,False,no_tree
2,gosdt_guesses,sine_1k,1000,1,0.01,,,,30.0,8.326,memory,,,,,,0.443,False,no_tree
2,gosdt_guesses,sine_1k,1000,1,0.005,,,,30.0,8.365,memory,,,,,,0.4,False,no_tree
2,gosdt_guesses,car_evaluation,1728,15,0.1,0.3997685185185186,518.0,1.0,0.0,0.829,optimal,21.0,21.0,15.0,0.3997685015201568,0.3997685015201568,0.399769,True,ok
2,gosdt_guesses,car_evaluation,1728,15,0.05,0.2946759259259259,250.0,3.0,0.003,0.809,optimal,476.0,775.0,15.0,0.2946759164333343,0.2946759164333343,0.294676,True,ok
2,gosdt_guesses,car_evaluation,1728,15,0.02,0.2046759259259259,250.0,3.0,0.304,1.086,optimal,19198.0,57423.0,15.0,0.2046759128570556,0.2046759128570556,0.204676,True,ok
2,gosdt_guesses,car_evaluation,1728,15,0.01,0.1452314814814815,130.0,7.0,1.538,2.418,optimal,64159.0,277008.0,15.0,0.1452314853668213,0.1452314853668213,0.145231,True,ok
2,gosdt_guesses,car_evaluation,1728,15,0.005,0.1063425925925926,106.0,9.0,4.15,5.384,optimal,126710.0,744674.0,15.0,0.1063425987958908,0.1063425987958908,0.106343,True,ok
2,gosdt_guesses,coupon_bar,1913,14,0.1,0.5119184526921067,788.0,1.0,0.0,0.826,optimal,1.0,0.0,14.0,0.5119184255599976,0.5119184255599976,0.511918,True,ok
2,gosdt_guesses,coupon_bar,1913,14,0.05,0.4538944066910612,677.0,2.0,0.0,0.81,optimal,29.0,29.0,14.0,0.4538944363594055,0.4538944363594055,0.453894,True,ok
2,gosdt_guesses,coupon_bar,1913,14,0.02,0.3715525352848928,596.0,3.0,0.007,0.818,optimal,731.0,1832.0,14.0,0.3715525269508362,0.3715525269508362,0.371553,True,ok
2,gosdt_guesses,coupon_bar,1913,14,0.01,0.3410977522216414,576.0,4.0,0.258,1.085,optimal,9215.0,47638.0,14.0,0.3410977125167846,0.3410977125167846,0.341098,True,ok
2,gosdt_guesses,coupon_bar,1913,14,0.005,0.3186199686356508,533.0,8.0,1.517,2.427,optimal,28273.0,230963.0,14.0,0.318619966506958,0.318619966506958,0.31862,True,ok
2,gosdt_guesses,compas_binned,6907,12,0.1,0.5610829593166353,2494.0,2.0,0.0,0.814,optimal,1.0,0.0,12.0,0.5610829591751099,0.5610829591751099,0.561083,True,ok
2,gosdt_guesses,compas_binned,6907,12,0.05,0.4610829593166353,2494.0,2.0,0.0,0.808,optimal,1.0,0.0,12.0,0.4610829949378967,0.4610829949378967,0.461083,True,ok
2,gosdt_guesses,compas_binned,6907,12,0.02,0.4010829593166353,2494.0,2.0,0.0,0.819,optimal,21.0,21.0,12.0,0.4010829925537109,0.4010829925537109,0.401083,True,ok
2,gosdt_guesses,compas_binned,6907,12,0.01,0.3748675256985666,2382.0,3.0,0.003,0.803,optimal,220.0,382.0,12.0,0.3748675286769867,0.3748675286769867,0.374868,True,ok
2,gosdt_guesses,compas_binned,6907,12,0.005,0.355968582597365,2286.0,5.0,0.036,0.817,optimal,1578.0,4347.0,12.0,0.3559685945510864,0.3559685945510864,0.355969,True,ok
2,gosdt_guesses,fico_binary,10459,17,0.1,0.5040443637058992,3180.0,2.0,0.0,0.82,optimal,1.0,0.0,17.0,0.5040444135665894,0.5040444135665894,0.504044,True,ok
2,gosdt_guesses,fico_binary,10459,17,0.05,0.4040443637058992,3180.0,2.0,0.0,0.82,optimal,25.0,25.0,17.0,0.4040443897247314,0.4040443897247314,0.404044,True,ok
2,gosdt_guesses,fico_binary,10459,17,0.02,0.3440443637058992,3180.0,2.0,0.02,0.818,optimal,693.0,1261.0,17.0,0.3440443873405456,0.3440443873405456,0.344044,True,ok
2,gosdt_guesses,fico_binary,10459,17,0.01,0.3240443637058992,3180.0,2.0,1.1,2.194,optimal,23755.0,62320.0,17.0,0.324044406414032,0.324044406414032,0.324044,True,ok
2,gosdt_guesses,fico_binary,10459,17,0.005,0.308650922650349,3019.0,4.0,11.384,12.604,optimal,167235.0,607840.0,17.0,0.3086509108543396,0.3086509108543396,0.308651,True,ok
2,gosdt_guesses,compas_processed,12381,22,0.1,0.411364187060819,3855.0,1.0,0.544,1.66,optimal,1045.0,1046.0,621.0,0.411364197731018,0.411364197731018,0.411364,True,ok
2,gosdt_guesses,compas_processed,12381,22,0.05,,,,30.0,4.596,memory,,,,,,0.361364,True,no_tree
2,gosdt_guesses,compas_processed,12381,22,0.02,,,,30.0,1.635,memory,,,,,,0.32786,False,no_tree
2,gosdt_guesses,compas_processed,12381,22,0.01,,,,30.0,1.387,memory,,,,,,0.30786,False,no_tree
2,gosdt_guesses,compas_processed,12381,22,0.005,,,,30.0,1.397,memory,,,,,,0.29786,False,no_tree
1,autoopttree_v40,chudi,77,2,0.1,0.464935064935065,5.0,4.0,0.0001307079801335,16.059,optimal,19.0,9.0,46.0,0.464935064935065,0.464935064935065,0.464935,True,ok
1,autoopttree_v40,chudi,77,2,0.05,0.25,0.0,5.0,0.0003028329228982,0.067,optimal,53.0,23.0,46.0,0.25,0.25,0.25,True,ok
1,autoopttree_v40,chudi,77,2,0.02,0.1,0.0,5.0,0.0003557909512892,0.071,optimal,59.0,25.0,46.0,0.1,0.1,0.1,True,ok
1,autoopttree_v40,chudi,77,2,0.01,0.05,0.0,5.0,0.0004002499626949,0.065,optimal,65.0,28.0,46.0,0.05,0.05,0.05,True,ok
1,autoopttree_v40,chudi,77,2,0.005,0.025,0.0,5.0,0.0004103339742869,0.074,optimal,65.0,28.0,46.0,0.025,0.025,0.025,True,ok
1,autoopttree_v40,monk_3,122,11,0.1,0.5213114754098361,27.0,3.0,4.0665967389941216e-05,0.068,optimal,6.0,3.0,11.0,0.521311475409836,0.521311475409836,0.521311,True,ok
1,autoopttree_v40,monk_3,122,11,0.05,0.3713114754098361,27.0,3.0,6.212492007762194e-05,0.076,optimal,28.0,15.0,11.0,0.371311475409836,0.371311475409836,0.371311,True,ok
1,autoopttree_v40,monk_3,122,11,0.02,0.2429508196721311,15.0,6.0,0.0002274169819429,0.067,optimal,131.0,87.0,11.0,0.2429508196721311,0.2429508196721311,0.2429508196721311,True,ok
1,autoopttree_v40,monk_3,122,11,0.01,0.1555737704918032,8.0,9.0,0.000592500087805,0.068,optimal,385.0,283.0,11.0,0.1555737704918032,0.1555737704918032,0.1555737704918032,True,ok
1,autoopttree_v40,monk_3,122,11,0.005,0.0945901639344262,3.0,14.0,0.0020731670083478,0.083,optimal,1308.0,1032.0,11.0,0.0945901639344262,0.0945901639344262,0.09459,True,ok
1,autoopttree_v40,monk_1,124,11,0.1,0.4661290322580645,33.0,2.0,3.0832947231829166e-05,0.071,optimal,3.0,2.0,11.0,0.4661290322580644,0.4661290322580644,0.466129,True,ok
1,autoopttree_v40,monk_1,124,11,0.05,0.3387096774193548,11.0,5.0,7.016700692474842e-05,0.08,optimal,42.0,23.0,11.0,0.3387096774193548,0.3387096774193548,0.3387096774193548,True,ok
1,autoopttree_v40,monk_1,124,11,0.02,0.16,0.0,8.0,0.000127000035718,0.065,optimal,94.0,49.0,11.0,0.16,0.16,0.16,True,ok
1,autoopttree_v40,monk_1,124,11,0.01,0.08,0.0,8.0,0.0001286669867113,0.066,optimal,100.0,50.0,11.0,0.08,0.08,0.08,True,ok
1,autoopttree_v40,monk_1,124,11,0.005,0.04,0.0,8.0,0.000130874919705,0.073,optimal,100.0,50.0,11.0,0.04,0.04,0.04,True,ok
1,autoopttree_v40,iris,150,4,0.1,0.34,6.0,3.0,0.0001149160088971,0.068,optimal,5.0,1.0,118.0,0.34,0.34,0.34,True,ok
1,autoopttree_v40,iris,150,4,0.05,0.19,6.0,3.0,0.0001382499467581,0.078,optimal,9.0,1.0,118.0,0.19,0.19,0.19,True,ok
1,autoopttree_v40,iris,150,4,0.02,0.1,6.0,3.0,0.00445166695863,0.073,optimal,122.0,72.0,118.0,0.1,0.1,0.1,True,ok
1,autoopttree_v40,iris,150,4,0.01,0.06,3.0,4.0,0.0214970830129459,0.094,optimal,499.0,343.0,118.0,0.06,0.06,0.06,True,ok
1,autoopttree_v40,iris,150,4,0.005,0.0383333333333333,2.0,5.0,0.1592221669852733,0.238,optimal,3219.0,2863.0,118.0,0.0383333333333333,0.0383333333333333,0.038333,True,ok
1,autoopttree_v40,monk_2,169,11,0.1,0.478698224852071,64.0,1.0,3.287498839199543e-05,0.069,optimal,1.0,1.0,11.0,0.478698224852071,0.478698224852071,0.478698,True,ok
1,autoopttree_v40,monk_2,169,11,0.05,0.428698224852071,64.0,1.0,6.204203236848116e-05,0.076,optimal,23.0,13.0,11.0,0.428698224852071,0.428698224852071,0.428698,True,ok
1,autoopttree_v40,monk_2,169,11,0.02,0.3589349112426035,37.0,7.0,0.0009323330596089,0.068,optimal,530.0,431.0,11.0,0.3589349112426035,0.3589349112426035,0.3589349112426035,True,ok
1,autoopttree_v40,monk_2,169,11,0.01,0.2650887573964497,11.0,20.0,0.003233709023334,0.072,optimal,1855.0,1623.0,11.0,0.2650887573964497,0.2650887573964497,0.2650887573964497,True,ok
1,autoopttree_v40,monk_2,169,11,0.005,0.1527514792899408,3.0,27.0,0.0052625410025939,0.085,optimal,3026.0,2506.0,11.0,0.1527514792899408,0.1527514792899408,0.152751,True,ok
1,autoopttree_v40,tic-tac-toe,958,9,0.1,0.4465553235908142,332.0,1.0,3.3541000448167324e-05,0.077,optimal,1.0,1.0,27.0,0.4465553235908142,0.4465553235908142,0.446555,True,ok
1,autoopttree_v40,tic-tac-toe,958,9,0.05,0.3965553235908142,332.0,1.0,0.0004184590652585,0.092,optimal,55.0,37.0,27.0,0.3965553235908141,0.3965553235908141,0.396555,True,ok
1,autoopttree_v40,tic-tac-toe,958,9,0.02,0.3183298538622129,190.0,6.0,0.0282172500155866,0.109,optimal,5049.0,3449.0,27.0,0.3183298538622129,0.3183298538622129,0.3183298538622129,True,ok
1,autoopttree_v40,tic-tac-toe,958,9,0.01,0.2507515657620042,154.0,9.0,0.3953379580052569,0.489,optimal,75254.0,56195.0,27.0,0.2507515657620042,0.2507515657620042,0.2507515657620042,True,ok
1,autoopttree_v40,tic-tac-toe,958,9,0.005,0.1542797494780793,52.0,20.0,0.4940067909192294,0.581,optimal,108328.0,78698.0,27.0,0.1542797494780793,0.1542797494780793,0.1542797494780793,True,ok
1,autoopttree_v40,gaussian_1k,1000,1,0.1,0.397,297.0,1.0,0.0003392919898033,0.102,optimal,1.0,1.0,999.0,0.397,0.397,0.397,True,ok
1,autoopttree_v40,gaussian_1k,1000,1,0.05,0.275,125.0,3.0,0.0004269999917596,0.103,optimal,5.0,1.0,999.0,0.275,0.275,0.275,True,ok
1,autoopttree_v40,gaussian_1k,1000,1,0.02,0.185,125.0,3.0,0.0004795829299837,0.1,optimal,5.0,1.0,999.0,0.1849999999999999,0.1849999999999999,0.185,True,ok
1,autoopttree_v40,gaussian_1k,1000,1,0.01,0.155,125.0,3.0,0.0005005829734727,0.1,optimal,5.0,1.0,999.0,0.155,0.155,0.155,True,ok
1,autoopttree_v40,gaussian_1k,1000,1,0.005,0.14,125.0,3.0,0.0005127920303493,0.099,optimal,5.0,1.0,999.0,0.14,0.14,0.14,True,ok
1,autoopttree_v40,fico_1k,1000,23,0.1,0.491,291.0,2.0,0.0480927499011158,0.135,optimal,4206.0,2612.0,1357.0,0.491,0.491,0.491,True,ok
1,autoopttree_v40,fico_1k,1000,23,0.05,0.391,291.0,2.0,30.0,30.098,time,1336202.0,1130753.0,1357.0,0.125,0.391,0.391,False,ok
1,autoopttree_v40,fico_1k,1000,23,0.02,0.3309999999999999,291.0,2.0,30.0,30.103,time,364721.0,331292.0,1357.0,0.065,0.3309999999999999,0.331,False,ok
1,autoopttree_v40,fico_1k,1000,23,0.01,0.304,264.0,4.0,30.0,30.12,time,376190.0,369249.0,1357.0,0.045,0.304,0.304,False,ok
1,autoopttree_v40,fico_1k,1000,23,0.005,0.284,264.0,4.0,30.0,30.129,time,366558.0,353416.0,1357.0,0.035,0.284,0.284,False,ok
1,autoopttree_v40,sine_1k,1000,1,0.1,0.595,495.0,1.0,0.0003749999450519,0.109,optimal,1.0,1.0,999.0,0.595,0.595,0.595,True,ok
1,autoopttree_v40,sine_1k,1000,1,0.05,0.545,495.0,1.0,0.0004409580724313,0.114,optimal,1.0,1.0,999.0,0.545,0.545,0.545,True,ok
1,autoopttree_v40,sine_1k,1000,1,0.02,0.494,454.0,2.0,0.000507834018208,0.107,optimal,3.0,1.0,999.0,0.494,0.494,0.494,True,ok
1,autoopttree_v40,sine_1k,1000,1,0.01,0.429,169.0,26.0,0.0005236250581219,0.104,optimal,51.0,1.0,999.0,0.4290000000000001,0.4290000000000001,0.429,True,ok
1,autoopttree_v40,sine_1k,1000,1,0.005,0.269,109.0,32.0,0.0005673749838024,0.103,optimal,63.0,1.0,999.0,0.2690000000000001,0.2690000000000001,0.269,True,ok
1,autoopttree_v40,car_evaluation,1728,15,0.1,0.3997685185185186,518.0,1.0,3.179104533046484e-05,0.071,optimal,1.0,1.0,15.0,0.3997685185185184,0.3997685185185184,0.3997685185185186,True,ok
1,autoopttree_v40,car_evaluation,1728,15,0.05,0.2946759259259259,250.0,3.0,7.066689431667328e-05,0.073,optimal,18.0,9.0,15.0,0.2946759259259259,0.2946759259259259,0.2946759259259259,True,ok
1,autoopttree_v40,car_evaluation,1728,15,0.02,0.2046759259259259,250.0,3.0,0.0010153750190511,0.075,optimal,567.0,377.0,15.0,0.2046759259259259,0.2046759259259259,0.2046759259259259,True,ok
1,autoopttree_v40,car_evaluation,1728,15,0.01,0.1452314814814815,130.0,7.0,0.0050848330138251,0.501,optimal,2170.0,1874.0,15.0,0.1452314814814815,0.1452314814814815,0.145231,True,ok
1,autoopttree_v40,car_evaluation,1728,15,0.005,0.1063425925925926,106.0,9.0,0.0227352909278124,0.1,optimal,8538.0,8724.0,15.0,0.1063425925925926,0.1063425925925926,0.1063425925925926,True,ok
1,autoopttree_v40,coupon_bar,1913,14,0.1,0.5119184526921067,788.0,1.0,2.3166066966950893e-05,0.084,optimal,1.0,1.0,14.0,0.5119184526921067,0.5119184526921067,0.511918,True,ok
1,autoopttree_v40,coupon_bar,1913,14,0.05,0.4538944066910612,677.0,2.0,5.9999991208314896e-05,0.083,optimal,27.0,14.0,14.0,0.4538944066910611,0.4538944066910611,0.453894,True,ok
1,autoopttree_v40,coupon_bar,1913,14,0.02,0.3715525352848928,596.0,3.0,0.0002965829335153,0.083,optimal,189.0,120.0,14.0,0.3715525352848928,0.3715525352848928,0.3715525352848928,True,ok
1,autoopttree_v40,coupon_bar,1913,14,0.01,0.3410977522216414,576.0,4.0,0.0019244590075686,0.088,optimal,952.0,787.0,14.0,0.3410977522216414,0.3410977522216414,0.3410977522216414,True,ok
1,autoopttree_v40,coupon_bar,1913,14,0.005,0.3186199686356508,533.0,8.0,0.0108088749693706,0.104,optimal,3866.0,4283.0,14.0,0.3186199686356508,0.3186199686356508,0.3186199686356508,True,ok
1,autoopttree_v40,compas_binned,6907,12,0.1,0.5610829593166353,2494.0,2.0,2.8333044610917568e-05,0.093,optimal,3.0,1.0,12.0,0.5610829593166353,0.5610829593166353,0.5610829593166353,True,ok
1,autoopttree_v40,compas_binned,6907,12,0.05,0.4610829593166353,2494.0,2.0,4.175002686679363e-05,0.083,optimal,3.0,1.0,12.0,0.4610829593166352,0.4610829593166352,0.4610829593166353,True,ok
1,autoopttree_v40,compas_binned,6907,12,0.02,0.4010829593166353,2494.0,2.0,5.8666919358074665e-05,0.09,optimal,21.0,11.0,12.0,0.4010829593166353,0.4010829593166353,0.4010829593166353,True,ok
1,autoopttree_v40,compas_binned,6907,12,0.01,0.3748675256985666,2382.0,3.0,0.0002369169378653,0.094,optimal,111.0,61.0,12.0,0.3748675256985667,0.3748675256985667,0.3748675256985666,True,ok
1,autoopttree_v40,compas_binned,6907,12,0.005,0.355968582597365,2286.0,5.0,0.0006552089471369,0.084,optimal,296.0,199.0,12.0,0.3559685825973649,0.3559685825973649,0.355968582597365,True,ok
1,autoopttree_v40,fico_binary,10459,17,0.1,0.5040443637058992,3180.0,2.0,4.145794082432985e-05,0.099,optimal,3.0,1.0,17.0,0.5040443637058992,0.5040443637058992,0.504044,True,ok
1,autoopttree_v40,fico_binary,10459,17,0.05,0.4040443637058992,3180.0,2.0,7.620896212756634e-05,0.088,optimal,23.0,12.0,17.0,0.4040443637058992,0.4040443637058992,0.404044,True,ok
1,autoopttree_v40,fico_binary,10459,17,0.02,0.3440443637058992,3180.0,2.0,0.0007431249832734,0.088,optimal,277.0,164.0,17.0,0.3440443637058992,0.3440443637058992,0.344044,True,ok
1,autoopttree_v40,fico_binary,10459,17,0.01,0.3240443637058992,3180.0,2.0,0.0259898749645799,0.124,optimal,6346.0,4971.0,17.0,0.3240443637058992,0.3240443637058992,0.324044,True,ok
1,autoopttree_v40,fico_binary,10459,17,0.005,0.308650922650349,3019.0,4.0,0.4424828749615699,0.539,optimal,56181.0,69116.0,17.0,0.308650922650349,0.308650922650349,0.308650922650349,True,ok
1,autoopttree_v40,compas_processed,12381,22,0.1,0.411364187060819,3855.0,1.0,0.0002464579883962,0.344,optimal,23.0,12.0,621.0,0.411364187060819,0.411364187060819,0.411364,True,ok
1,autoopttree_v40,compas_processed,12381,22,0.05,0.3613641870608189,3855.0,1.0,0.2776175420731306,0.599,optimal,18241.0,11734.0,621.0,0.3613641870608189,0.3613641870608189,0.361364,True,ok
1,autoopttree_v40,compas_processed,12381,22,0.02,0.3278604313060334,3564.0,2.0,30.0,30.377,time,1273934.0,919363.0,621.0,0.1085728131814877,0.3278604313060334,0.32786,False,ok
1,autoopttree_v40,compas_processed,12381,22,0.01,0.3078604313060334,3564.0,2.0,30.0,30.429,time,745738.0,624124.0,621.0,0.0885728131814877,0.3078604313060334,0.30786,False,ok
1,autoopttree_v40,compas_processed,12381,22,0.005,0.2978604313060334,3564.0,2.0,30.0,30.391,time,566343.0,486932.0,621.0,0.0785728131814877,0.2978604313060334,0.29786,False,ok
2,autoopttree_v40,chudi,77,2,0.1,0.464935064935065,5.0,4.0,0.000136625021696,0.097,optimal,19.0,9.0,46.0,0.464935064935065,0.464935064935065,0.464935,True,ok
2,autoopttree_v40,chudi,77,2,0.05,0.25,0.0,5.0,0.0003170410636812,0.081,optimal,53.0,23.0,46.0,0.25,0.25,0.25,True,ok
2,autoopttree_v40,chudi,77,2,0.02,0.1,0.0,5.0,0.000352417002432,0.089,optimal,59.0,25.0,46.0,0.1,0.1,0.1,True,ok
2,autoopttree_v40,chudi,77,2,0.01,0.05,0.0,5.0,0.0004037909675389,0.079,optimal,65.0,28.0,46.0,0.05,0.05,0.05,True,ok
2,autoopttree_v40,chudi,77,2,0.005,0.025,0.0,5.0,0.0003976660082116,0.089,optimal,65.0,28.0,46.0,0.025,0.025,0.025,True,ok
2,autoopttree_v40,monk_3,122,11,0.1,0.5213114754098361,27.0,3.0,3.7125078961253166e-05,0.079,optimal,6.0,3.0,11.0,0.521311475409836,0.521311475409836,0.521311,True,ok
2,autoopttree_v40,monk_3,122,11,0.05,0.3713114754098361,27.0,3.0,6.516696885228157e-05,0.085,optimal,28.0,15.0,11.0,0.371311475409836,0.371311475409836,0.371311,True,ok
2,autoopttree_v40,monk_3,122,11,0.02,0.2429508196721311,15.0,6.0,0.0002239580499008,0.095,optimal,131.0,87.0,11.0,0.2429508196721311,0.2429508196721311,0.2429508196721311,True,ok
2,autoopttree_v40,monk_3,122,11,0.01,0.1555737704918032,8.0,9.0,0.0006034160032868,0.086,optimal,385.0,283.0,11.0,0.1555737704918032,0.1555737704918032,0.1555737704918032,True,ok
2,autoopttree_v40,monk_3,122,11,0.005,0.0945901639344262,3.0,14.0,0.0021002499852329,0.086,optimal,1308.0,1032.0,11.0,0.0945901639344262,0.0945901639344262,0.09459,True,ok
2,autoopttree_v40,monk_1,124,11,0.1,0.4661290322580645,33.0,2.0,3.3125048503279686e-05,0.08,optimal,3.0,2.0,11.0,0.4661290322580644,0.4661290322580644,0.466129,True,ok
2,autoopttree_v40,monk_1,124,11,0.05,0.3387096774193548,11.0,5.0,7.458403706550598e-05,0.08,optimal,42.0,23.0,11.0,0.3387096774193548,0.3387096774193548,0.3387096774193548,True,ok
2,autoopttree_v40,monk_1,124,11,0.02,0.16,0.0,8.0,0.000128166982904,0.092,optimal,94.0,49.0,11.0,0.16,0.16,0.16,True,ok
2,autoopttree_v40,monk_1,124,11,0.01,0.08,0.0,8.0,0.0001304999459534,0.08,optimal,100.0,50.0,11.0,0.08,0.08,0.08,True,ok
2,autoopttree_v40,monk_1,124,11,0.005,0.04,0.0,8.0,0.0001440420746803,0.093,optimal,100.0,50.0,11.0,0.04,0.04,0.04,True,ok
2,autoopttree_v40,iris,150,4,0.1,0.34,6.0,3.0,0.000112458015792,0.083,optimal,5.0,1.0,118.0,0.34,0.34,0.34,True,ok
2,autoopttree_v40,iris,150,4,0.05,0.19,6.0,3.0,0.0001380000030621,0.082,optimal,9.0,1.0,118.0,0.19,0.19,0.19,True,ok
2,autoopttree_v40,iris,150,4,0.02,0.1,6.0,3.0,0.0044473750749602,0.102,optimal,122.0,72.0,118.0,0.1,0.1,0.1,True,ok
2,autoopttree_v40,iris,150,4,0.01,0.06,3.0,4.0,0.0219972910126671,0.106,optimal,499.0,343.0,118.0,0.06,0.06,0.06,True,ok
2,autoopttree_v40,iris,150,4,0.005,0.0383333333333333,2.0,5.0,0.1612772499211132,0.249,optimal,3219.0,2864.0,118.0,0.0383333333333333,0.0383333333333333,0.038333,True,ok
2,autoopttree_v40,monk_2,169,11,0.1,0.478698224852071,64.0,1.0,2.662499900907278e-05,0.081,optimal,1.0,1.0,11.0,0.478698224852071,0.478698224852071,0.478698,True,ok
2,autoopttree_v40,monk_2,169,11,0.05,0.428698224852071,64.0,1.0,6.312492769211531e-05,0.081,optimal,23.0,13.0,11.0,0.428698224852071,0.428698224852071,0.428698,True,ok
2,autoopttree_v40,monk_2,169,11,0.02,0.3589349112426035,37.0,7.0,0.0009152500424534,0.099,optimal,530.0,431.0,11.0,0.3589349112426035,0.3589349112426035,0.3589349112426035,True,ok
2,autoopttree_v40,monk_2,169,11,0.01,0.2650887573964497,11.0,20.0,0.003199917031452,0.082,optimal,1855.0,1623.0,11.0,0.2650887573964497,0.2650887573964497,0.2650887573964497,True,ok
2,autoopttree_v40,monk_2,169,11,0.005,0.1527514792899408,3.0,27.0,0.0051662089535966,0.091,optimal,3026.0,2506.0,11.0,0.1527514792899408,0.1527514792899408,0.152751,True,ok
2,autoopttree_v40,tic-tac-toe,958,9,0.1,0.4465553235908142,332.0,1.0,3.3624935895204544e-05,0.103,optimal,1.0,1.0,27.0,0.4465553235908142,0.4465553235908142,0.446555,True,ok
2,autoopttree_v40,tic-tac-toe,958,9,0.05,0.3965553235908142,332.0,1.0,0.0004142089746892,0.095,optimal,55.0,37.0,27.0,0.3965553235908141,0.3965553235908141,0.396555,True,ok
2,autoopttree_v40,tic-tac-toe,958,9,0.02,0.3183298538622129,190.0,6.0,0.0283919579815119,0.132,optimal,5049.0,3449.0,27.0,0.3183298538622129,0.3183298538622129,0.3183298538622129,True,ok
2,autoopttree_v40,tic-tac-toe,958,9,0.01,0.2507515657620042,154.0,9.0,0.3976100829895586,0.491,optimal,76185.0,56837.0,27.0,0.2507515657620042,0.2507515657620042,0.2507515657620042,True,ok
2,autoopttree_v40,tic-tac-toe,958,9,0.005,0.1542797494780793,52.0,20.0,0.5077595420880243,0.602,optimal,112026.0,80945.0,27.0,0.1542797494780793,0.1542797494780793,0.1542797494780793,True,ok
2,autoopttree_v40,gaussian_1k,1000,1,0.1,0.397,297.0,1.0,0.0003506249049678,0.113,optimal,1.0,1.0,999.0,0.397,0.397,0.397,True,ok
2,autoopttree_v40,gaussian_1k,1000,1,0.05,0.275,125.0,3.0,0.000428625033237,0.123,optimal,5.0,1.0,999.0,0.275,0.275,0.275,True,ok
2,autoopttree_v40,gaussian_1k,1000,1,0.02,0.185,125.0,3.0,0.0004796659341081,0.121,optimal,5.0,1.0,999.0,0.1849999999999999,0.1849999999999999,0.185,True,ok
2,autoopttree_v40,gaussian_1k,1000,1,0.01,0.155,125.0,3.0,0.0005039159441366,0.12,optimal,5.0,1.0,999.0,0.155,0.155,0.155,True,ok
2,autoopttree_v40,gaussian_1k,1000,1,0.005,0.14,125.0,3.0,0.000502707902342,0.125,optimal,5.0,1.0,999.0,0.14,0.14,0.14,True,ok
2,autoopttree_v40,fico_1k,1000,23,0.1,0.491,291.0,2.0,0.0483757919864729,0.161,optimal,4206.0,2612.0,1357.0,0.491,0.491,0.491,True,ok
2,autoopttree_v40,fico_1k,1000,23,0.05,0.391,291.0,2.0,30.0,30.125,time,1283547.0,1087260.0,1357.0,0.125,0.391,0.391,False,ok
2,autoopttree_v40,fico_1k,1000,23,0.02,0.3309999999999999,291.0,2.0,30.0,30.118,time,358378.0,326184.0,1357.0,0.065,0.3309999999999999,0.331,False,ok
2,autoopttree_v40,fico_1k,1000,23,0.01,0.304,264.0,4.0,30.0,30.165,time,372910.0,366734.0,1357.0,0.045,0.304,0.304,False,ok
2,autoopttree_v40,fico_1k,1000,23,0.005,0.284,264.0,4.0,30.0,30.132,time,365067.0,351774.0,1357.0,0.035,0.284,0.284,False,ok
2,autoopttree_v40,sine_1k,1000,1,0.1,0.595,495.0,1.0,0.000359374913387,0.126,optimal,1.0,1.0,999.0,0.595,0.595,0.595,True,ok
2,autoopttree_v40,sine_1k,1000,1,0.05,0.545,495.0,1.0,0.0004409999819472,0.119,optimal,1.0,1.0,999.0,0.545,0.545,0.545,True,ok
2,autoopttree_v40,sine_1k,1000,1,0.02,0.494,454.0,2.0,0.000516542000696,0.125,optimal,3.0,1.0,999.0,0.494,0.494,0.494,True,ok
2,autoopttree_v40,sine_1k,1000,1,0.01,0.429,169.0,26.0,0.0005475829821079,0.126,optimal,51.0,1.0,999.0,0.4290000000000001,0.4290000000000001,0.429,True,ok
2,autoopttree_v40,sine_1k,1000,1,0.005,0.269,109.0,32.0,0.0005403331015259,0.115,optimal,63.0,1.0,999.0,0.2690000000000001,0.2690000000000001,0.269,True,ok
2,autoopttree_v40,car_evaluation,1728,15,0.1,0.3997685185185186,518.0,1.0,2.7916976250708103e-05,0.084,optimal,1.0,1.0,15.0,0.3997685185185184,0.3997685185185184,0.3997685185185186,True,ok
2,autoopttree_v40,car_evaluation,1728,15,0.05,0.2946759259259259,250.0,3.0,6.770901381969452e-05,0.081,optimal,18.0,9.0,15.0,0.2946759259259259,0.2946759259259259,0.2946759259259259,True,ok
2,autoopttree_v40,car_evaluation,1728,15,0.02,0.2046759259259259,250.0,3.0,0.0010485840030014,0.105,optimal,567.0,377.0,15.0,0.2046759259259259,0.2046759259259259,0.2046759259259259,True,ok
2,autoopttree_v40,car_evaluation,1728,15,0.01,0.1452314814814815,130.0,7.0,0.0051339579513296,0.098,optimal,2170.0,1874.0,15.0,0.1452314814814815,0.1452314814814815,0.145231,True,ok
2,autoopttree_v40,car_evaluation,1728,15,0.005,0.1063425925925926,106.0,9.0,0.0227624169783666,0.119,optimal,8538.0,8724.0,15.0,0.1063425925925926,0.1063425925925926,0.1063425925925926,True,ok
2,autoopttree_v40,coupon_bar,1913,14,0.1,0.5119184526921067,788.0,1.0,2.4583074264228344e-05,0.092,optimal,1.0,1.0,14.0,0.5119184526921067,0.5119184526921067,0.511918,True,ok
2,autoopttree_v40,coupon_bar,1913,14,0.05,0.4538944066910612,677.0,2.0,5.891697946935892e-05,0.09,optimal,27.0,14.0,14.0,0.4538944066910611,0.4538944066910611,0.453894,True,ok
2,autoopttree_v40,coupon_bar,1913,14,0.02,0.3715525352848928,596.0,3.0,0.0002979999408125,0.108,optimal,189.0,120.0,14.0,0.3715525352848928,0.3715525352848928,0.3715525352848928,True,ok
2,autoopttree_v40,coupon_bar,1913,14,0.01,0.3410977522216414,576.0,4.0,0.0019003750057891,0.094,optimal,952.0,787.0,14.0,0.3410977522216414,0.3410977522216414,0.3410977522216414,True,ok
2,autoopttree_v40,coupon_bar,1913,14,0.005,0.3186199686356508,533.0,8.0,0.010552917025052,0.11,optimal,3866.0,4283.0,14.0,0.3186199686356508,0.3186199686356508,0.3186199686356508,True,ok
2,autoopttree_v40,compas_binned,6907,12,0.1,0.5610829593166353,2494.0,2.0,2.8416048735380173e-05,0.094,optimal,3.0,1.0,12.0,0.5610829593166353,0.5610829593166353,0.5610829593166353,True,ok
2,autoopttree_v40,compas_binned,6907,12,0.05,0.4610829593166353,2494.0,2.0,3.1708041206002235e-05,0.092,optimal,3.0,1.0,12.0,0.4610829593166352,0.4610829593166352,0.4610829593166353,True,ok
2,autoopttree_v40,compas_binned,6907,12,0.02,0.4010829593166353,2494.0,2.0,5.4750009439885616e-05,0.099,optimal,21.0,11.0,12.0,0.4010829593166353,0.4010829593166353,0.4010829593166353,True,ok
2,autoopttree_v40,compas_binned,6907,12,0.01,0.3748675256985666,2382.0,3.0,0.0002463329583406,0.093,optimal,111.0,61.0,12.0,0.3748675256985667,0.3748675256985667,0.3748675256985666,True,ok
2,autoopttree_v40,compas_binned,6907,12,0.005,0.355968582597365,2286.0,5.0,0.0007419999456033,0.103,optimal,296.0,199.0,12.0,0.3559685825973649,0.3559685825973649,0.355968582597365,True,ok
2,autoopttree_v40,fico_binary,10459,17,0.1,0.5040443637058992,3180.0,2.0,4.6166940592229366e-05,0.105,optimal,3.0,1.0,17.0,0.5040443637058992,0.5040443637058992,0.504044,True,ok
2,autoopttree_v40,fico_binary,10459,17,0.05,0.4040443637058992,3180.0,2.0,8.116709068417549e-05,0.11,optimal,23.0,12.0,17.0,0.4040443637058992,0.4040443637058992,0.404044,True,ok
2,autoopttree_v40,fico_binary,10459,17,0.02,0.3440443637058992,3180.0,2.0,0.0007624579593539,0.124,optimal,277.0,164.0,17.0,0.3440443637058992,0.3440443637058992,0.344044,True,ok
2,autoopttree_v40,fico_binary,10459,17,0.01,0.3240443637058992,3180.0,2.0,0.0251461250009015,0.132,optimal,6346.0,4971.0,17.0,0.3240443637058992,0.3240443637058992,0.324044,True,ok
2,autoopttree_v40,fico_binary,10459,17,0.005,0.308650922650349,3019.0,4.0,0.4263700409792363,0.532,optimal,57039.0,70588.0,17.0,0.308650922650349,0.308650922650349,0.308650922650349,True,ok
2,autoopttree_v40,compas_processed,12381,22,0.1,0.411364187060819,3855.0,1.0,0.0002411670284345,0.351,optimal,23.0,12.0,621.0,0.411364187060819,0.411364187060819,0.411364,True,ok
2,autoopttree_v40,compas_processed,12381,22,0.05,0.3613641870608189,3855.0,1.0,0.2708549579838291,0.616,optimal,18241.0,11733.0,621.0,0.3613641870608189,0.3613641870608189,0.361364,True,ok
2,autoopttree_v40,compas_processed,12381,22,0.02,0.3278604313060334,3564.0,2.0,30.0,30.424,time,1272466.0,918365.0,621.0,0.1085728131814877,0.3278604313060334,0.32786,False,ok
2,autoopttree_v40,compas_processed,12381,22,0.01,0.3078604313060334,3564.0,2.0,30.0,30.472,time,747587.0,625907.0,621.0,0.0885728131814877,0.3078604313060334,0.30786,False,ok
2,autoopttree_v40,compas_processed,12381,22,0.005,0.2978604313060334,3564.0,2.0,30.0,30.559,time,560911.0,481413.0,621.0,0.0785728131814877,0.2978604313060334,0.29786,False,ok
1,autoopttree_v46,chudi,77,2,0.1,0.464935064935065,5.0,4.0,0.0001879159826785,20.564,optimal,23.0,10.0,46.0,0.464935064935065,0.464935064935065,0.464935,True,ok
1,autoopttree_v46,chudi,77,2,0.05,0.25,0.0,5.0,0.0002994169481098,0.001,optimal,53.0,24.0,46.0,0.25,0.25,0.25,True,ok
1,autoopttree_v46,chudi,77,2,0.02,0.1,0.0,5.0,0.000351124908775,0.001,optimal,59.0,26.0,46.0,0.1,0.1,0.1,True,ok
1,autoopttree_v46,chudi,77,2,0.01,0.05,0.0,5.0,0.0003706669667735,0.001,optimal,65.0,29.0,46.0,0.05,0.05,0.05,True,ok
1,autoopttree_v46,chudi,77,2,0.005,0.025,0.0,5.0,0.000369832967408,0.001,optimal,65.0,29.0,46.0,0.025,0.025,0.025,True,ok
1,autoopttree_v46,monk_3,122,11,0.1,0.5213114754098361,27.0,3.0,3.991695120930672e-05,0.001,optimal,6.0,3.0,11.0,0.521311475409836,0.521311475409836,0.521311,True,ok
1,autoopttree_v46,monk_3,122,11,0.05,0.3713114754098361,27.0,3.0,7.01660756021738e-05,0.001,optimal,28.0,15.0,11.0,0.371311475409836,0.371311475409836,0.371311,True,ok
1,autoopttree_v46,monk_3,122,11,0.02,0.2429508196721311,15.0,6.0,0.0002173749962821,0.001,optimal,131.0,88.0,11.0,0.2429508196721311,0.2429508196721311,0.2429508196721311,True,ok
1,autoopttree_v46,monk_3,122,11,0.01,0.1555737704918032,8.0,9.0,0.0005833329632878,0.001,optimal,385.0,284.0,11.0,0.1555737704918032,0.1555737704918032,0.1555737704918032,True,ok
1,autoopttree_v46,monk_3,122,11,0.005,0.0945901639344262,3.0,14.0,0.0020068750018253,0.003,optimal,1298.0,1001.0,11.0,0.0945901639344262,0.0945901639344262,0.09459,True,ok
1,autoopttree_v46,monk_1,124,11,0.1,0.4661290322580645,33.0,2.0,3.495905548334122e-05,0.001,optimal,3.0,2.0,11.0,0.4661290322580644,0.4661290322580644,0.466129,True,ok
1,autoopttree_v46,monk_1,124,11,0.05,0.3387096774193548,11.0,5.0,8.816691115498543e-05,0.001,optimal,44.0,24.0,11.0,0.3387096774193548,0.3387096774193548,0.3387096774193548,True,ok
1,autoopttree_v46,monk_1,124,11,0.02,0.16,0.0,8.0,0.0001382080372422,0.001,optimal,95.0,50.0,11.0,0.16,0.16,0.16,True,ok
1,autoopttree_v46,monk_1,124,11,0.01,0.08,0.0,8.0,0.0001290829386562,0.001,optimal,101.0,51.0,11.0,0.08,0.08,0.08,True,ok
1,autoopttree_v46,monk_1,124,11,0.005,0.04,0.0,8.0,0.0001299590803682,0.001,optimal,101.0,51.0,11.0,0.04,0.04,0.04,True,ok
1,autoopttree_v46,iris,150,4,0.1,0.34,6.0,3.0,0.0001018330221995,0.001,optimal,5.0,0.0,118.0,0.34,0.34,0.34,True,ok
1,autoopttree_v46,iris,150,4,0.05,0.19,6.0,3.0,0.0001230419147759,0.001,optimal,9.0,0.0,118.0,0.19,0.19,0.19,True,ok
1,autoopttree_v46,iris,150,4,0.02,0.1,6.0,3.0,0.0043867080239579,0.005,optimal,122.0,73.0,118.0,0.1,0.1,0.1,True,ok
1,autoopttree_v46,iris,150,4,0.01,0.06,3.0,4.0,0.011413124972023,0.013,optimal,200.0,346.0,118.0,0.06,0.06,0.06,True,ok
1,autoopttree_v46,iris,150,4,0.005,0.0383333333333333,2.0,5.0,0.0305454169865697,0.032,optimal,151.0,2140.0,118.0,0.0383333333333333,0.0383333333333333,0.038333,True,ok
1,autoopttree_v46,monk_2,169,11,0.1,0.478698224852071,64.0,1.0,3.2250070944428444e-05,0.001,optimal,1.0,1.0,11.0,0.478698224852071,0.478698224852071,0.478698,True,ok
1,autoopttree_v46,monk_2,169,11,0.05,0.428698224852071,64.0,1.0,7.050007116049528e-05,0.001,optimal,23.0,14.0,11.0,0.428698224852071,0.428698224852071,0.428698,True,ok
1,autoopttree_v46,monk_2,169,11,0.02,0.3589349112426035,37.0,7.0,0.0010100830113515,0.002,optimal,546.0,446.0,11.0,0.3589349112426035,0.3589349112426035,0.3589349112426035,True,ok
1,autoopttree_v46,monk_2,169,11,0.01,0.2650887573964497,11.0,20.0,0.0034650419838726,0.005,optimal,1867.0,1654.0,11.0,0.2650887573964497,0.2650887573964497,0.2650887573964497,True,ok
1,autoopttree_v46,monk_2,169,11,0.005,0.1527514792899408,3.0,27.0,0.006699459045194,0.008,optimal,2641.0,2859.0,11.0,0.1527514792899408,0.1527514792899408,0.152751,True,ok
1,autoopttree_v46,tic-tac-toe,958,9,0.1,0.4465553235908142,332.0,1.0,4.5625027269124985e-05,0.011,optimal,1.0,1.0,27.0,0.4465553235908142,0.4465553235908142,0.446555,True,ok
1,autoopttree_v46,tic-tac-toe,958,9,0.05,0.3965553235908142,332.0,1.0,0.0004572910256683,0.011,optimal,55.0,38.0,27.0,0.3965553235908141,0.3965553235908141,0.396555,True,ok
1,autoopttree_v46,tic-tac-toe,958,9,0.02,0.3183298538622129,190.0,6.0,0.0125709999119862,0.023,optimal,806.0,4316.0,27.0,0.3183298538622129,0.3183298538622129,0.3183298538622129,True,ok
1,autoopttree_v46,tic-tac-toe,958,9,0.01,0.2507515657620042,154.0,9.0,0.0706796249141916,0.082,optimal,801.0,41474.0,27.0,0.2507515657620042,0.2507515657620042,0.2507515657620042,True,ok
1,autoopttree_v46,tic-tac-toe,958,9,0.005,0.1542797494780793,52.0,20.0,0.1894528330303728,0.201,optimal,940.0,131393.0,27.0,0.1542797494780793,0.1542797494780793,0.1542797494780793,True,ok
1,autoopttree_v46,gaussian_1k,1000,1,0.1,0.397,297.0,1.0,0.0003720000386238,0.036,optimal,1.0,0.0,999.0,0.397,0.397,0.397,True,ok
1,autoopttree_v46,gaussian_1k,1000,1,0.05,0.275,125.0,3.0,0.0004238329129293,0.034,optimal,5.0,0.0,999.0,0.275,0.275,0.275,True,ok
1,autoopttree_v46,gaussian_1k,1000,1,0.02,0.185,125.0,3.0,0.0004977909848093,0.038,optimal,5.0,0.0,999.0,0.1849999999999999,0.1849999999999999,0.185,True,ok
1,autoopttree_v46,gaussian_1k,1000,1,0.01,0.155,125.0,3.0,0.0005094580119475,0.038,optimal,5.0,0.0,999.0,0.155,0.155,0.155,True,ok
1,autoopttree_v46,gaussian_1k,1000,1,0.005,0.14,125.0,3.0,0.0007003339705988,0.04,optimal,5.0,0.0,999.0,0.14,0.14,0.14,True,ok
1,autoopttree_v46,fico_1k,1000,23,0.1,0.491,291.0,2.0,0.0205681249499321,0.05,optimal,11.0,2632.0,1357.0,0.491,0.491,0.491,True,ok
1,autoopttree_v46,fico_1k,1000,23,0.05,0.391,291.0,2.0,30.0,30.056,time,11.0,4751672.0,1357.0,0.125,0.391,0.391,False,ok
1,autoopttree_v46,fico_1k,1000,23,0.02,0.3309999999999999,291.0,2.0,30.0,30.027,time,11.0,1968370.0,1357.0,0.065,0.3309999999999999,0.331,False,ok
1,autoopttree_v46,fico_1k,1000,23,0.01,0.304,264.0,4.0,30.0,30.027,time,17.0,1188869.0,1357.0,0.045,0.304,0.304,False,ok
1,autoopttree_v46,fico_1k,1000,23,0.005,0.284,264.0,4.0,30.0,30.03,time,17.0,1361934.0,1357.0,0.035,0.284,0.284,False,ok
1,autoopttree_v46,sine_1k,1000,1,0.1,0.595,495.0,1.0,0.000438250019215,0.045,optimal,1.0,0.0,999.0,0.595,0.595,0.595,True,ok
1,autoopttree_v46,sine_1k,1000,1,0.05,0.545,495.0,1.0,0.0005014579510316,0.04,optimal,1.0,0.0,999.0,0.545,0.545,0.545,True,ok
1,autoopttree_v46,sine_1k,1000,1,0.02,0.494,454.0,2.0,0.0005457079969346,0.037,optimal,3.0,0.0,999.0,0.494,0.494,0.494,True,ok
1,autoopttree_v46,sine_1k,1000,1,0.01,0.429,169.0,26.0,0.0005725410301238,0.037,optimal,51.0,0.0,999.0,0.4290000000000001,0.4290000000000001,0.429,True,ok
1,autoopttree_v46,sine_1k,1000,1,0.005,0.269,109.0,32.0,0.0005731669953092,0.038,optimal,63.0,0.0,999.0,0.2690000000000001,0.2690000000000001,0.269,True,ok
1,autoopttree_v46,car_evaluation,1728,15,0.1,0.3997685185185186,518.0,1.0,3.616698086261749e-05,0.003,optimal,1.0,1.0,15.0,0.3997685185185184,0.3997685185185184,0.3997685185185186,True,ok
1,autoopttree_v46,car_evaluation,1728,15,0.05,0.2946759259259259,250.0,3.0,9.958306327462196e-05,0.003,optimal,18.0,10.0,15.0,0.2946759259259259,0.2946759259259259,0.2946759259259259,True,ok
1,autoopttree_v46,car_evaluation,1728,15,0.02,0.2046759259259259,250.0,3.0,0.0010642909910529,0.004,optimal,548.0,377.0,15.0,0.2046759259259259,0.2046759259259259,0.2046759259259259,True,ok
1,autoopttree_v46,car_evaluation,1728,15,0.01,0.1452314814814815,130.0,7.0,0.0065325829200446,0.009,optimal,1649.0,1862.0,15.0,0.1452314814814815,0.1452314814814815,0.145231,True,ok
1,autoopttree_v46,car_evaluation,1728,15,0.005,0.1063425925925926,106.0,9.0,0.0146122920559719,0.017,optimal,1890.0,11615.0,15.0,0.1063425925925926,0.1063425925925926,0.1063425925925926,True,ok
1,autoopttree_v46,coupon_bar,1913,14,0.1,0.5119184526921067,788.0,1.0,2.7749920263886452e-05,0.003,optimal,1.0,1.0,14.0,0.5119184526921067,0.5119184526921067,0.511918,True,ok
1,autoopttree_v46,coupon_bar,1913,14,0.05,0.4538944066910612,677.0,2.0,6.237498018890619e-05,0.003,optimal,27.0,15.0,14.0,0.4538944066910611,0.4538944066910611,0.453894,True,ok
1,autoopttree_v46,coupon_bar,1913,14,0.02,0.3715525352848928,596.0,3.0,0.0003196249017491,0.003,optimal,189.0,122.0,14.0,0.3715525352848928,0.3715525352848928,0.3715525352848928,True,ok
1,autoopttree_v46,coupon_bar,1913,14,0.01,0.3410977522216414,576.0,4.0,0.0019962079823017,0.005,optimal,952.0,778.0,14.0,0.3410977522216414,0.3410977522216414,0.3410977522216414,True,ok
1,autoopttree_v46,coupon_bar,1913,14,0.005,0.3186199686356508,533.0,8.0,0.0083598749479278,0.011,optimal,1393.0,4920.0,14.0,0.3186199686356508,0.3186199686356508,0.3186199686356508,True,ok
1,autoopttree_v46,compas_binned,6907,12,0.1,0.5610829593166353,2494.0,2.0,3.5541015677154064e-05,0.009,optimal,3.0,1.0,12.0,0.5610829593166353,0.5610829593166353,0.5610829593166353,True,ok
1,autoopttree_v46,compas_binned,6907,12,0.05,0.4610829593166353,2494.0,2.0,4.529091529548168e-05,0.007,optimal,3.0,1.0,12.0,0.4610829593166352,0.4610829593166352,0.4610829593166353,True,ok
1,autoopttree_v46,compas_binned,6907,12,0.02,0.4010829593166353,2494.0,2.0,7.475004531443119e-05,0.007,optimal,21.0,12.0,12.0,0.4010829593166353,0.4010829593166353,0.4010829593166353,True,ok
1,autoopttree_v46,compas_binned,6907,12,0.01,0.3748675256985666,2382.0,3.0,0.0002506669843569,0.007,optimal,111.0,63.0,12.0,0.3748675256985667,0.3748675256985667,0.3748675256985666,True,ok
1,autoopttree_v46,compas_binned,6907,12,0.005,0.355968582597365,2286.0,5.0,0.0007101249648258,0.008,optimal,297.0,201.0,12.0,0.3559685825973649,0.3559685825973649,0.355968582597365,True,ok
1,autoopttree_v46,fico_binary,10459,17,0.1,0.5040443637058992,3180.0,2.0,5.425000563263893e-05,0.015,optimal,3.0,1.0,17.0,0.5040443637058992,0.5040443637058992,0.504044,True,ok
1,autoopttree_v46,fico_binary,10459,17,0.05,0.4040443637058992,3180.0,2.0,0.0001157500082626,0.02,optimal,23.0,13.0,17.0,0.4040443637058992,0.4040443637058992,0.404044,True,ok
1,autoopttree_v46,fico_binary,10459,17,0.02,0.3440443637058992,3180.0,2.0,0.000946499989368,0.018,optimal,277.0,166.0,17.0,0.3440443637058992,0.3440443637058992,0.344044,True,ok
1,autoopttree_v46,fico_binary,10459,17,0.01,0.3240443637058992,3180.0,2.0,0.0270825000479817,0.044,optimal,865.0,6407.0,17.0,0.3240443637058992,0.3240443637058992,0.324044,True,ok
1,autoopttree_v46,fico_binary,10459,17,0.005,0.308650922650349,3019.0,4.0,0.2116797500057146,0.228,optimal,975.0,96145.0,17.0,0.308650922650349,0.308650922650349,0.308650922650349,True,ok
1,autoopttree_v46,compas_processed,12381,22,0.1,0.411364187060819,3855.0,1.0,0.0003797078970819,0.27,optimal,23.0,13.0,621.0,0.411364187060819,0.411364187060819,0.411364,True,ok
1,autoopttree_v46,compas_processed,12381,22,0.05,0.3613641870608189,3855.0,1.0,0.1032426659949123,0.372,optimal,9.0,12291.0,621.0,0.3613641870608189,0.3613641870608189,0.361364,True,ok
1,autoopttree_v46,compas_processed,12381,22,0.02,0.3278604313060334,3564.0,2.0,14.258106333902106,14.573,memory,11.0,1540922.0,621.0,0.1085728131814877,0.3278604313060334,0.32786,False,ok
1,autoopttree_v46,compas_processed,12381,22,0.01,0.3078604313060334,3564.0,2.0,19.60065662499983,19.887,memory,11.0,1564145.0,621.0,0.0885728131814877,0.3078604313060334,0.30786,False,ok
1,autoopttree_v46,compas_processed,12381,22,0.005,0.2978604313060334,3564.0,2.0,28.30151641601697,28.587,memory,11.0,1987915.0,621.0,0.0785728131814877,0.2978604313060334,0.29786,False,ok
2,autoopttree_v46,chudi,77,2,0.1,0.464935064935065,5.0,4.0,0.000238790991716,0.002,optimal,23.0,10.0,46.0,0.464935064935065,0.464935064935065,0.464935,True,ok
2,autoopttree_v46,chudi,77,2,0.05,0.25,0.0,5.0,0.0003173750592395,0.001,optimal,53.0,24.0,46.0,0.25,0.25,0.25,True,ok
2,autoopttree_v46,chudi,77,2,0.02,0.1,0.0,5.0,0.0003485420020297,0.001,optimal,59.0,26.0,46.0,0.1,0.1,0.1,True,ok
2,autoopttree_v46,chudi,77,2,0.01,0.05,0.0,5.0,0.0003787499153986,0.001,optimal,65.0,29.0,46.0,0.05,0.05,0.05,True,ok
2,autoopttree_v46,chudi,77,2,0.005,0.025,0.0,5.0,0.0003744580317288,0.001,optimal,65.0,29.0,46.0,0.025,0.025,0.025,True,ok
2,autoopttree_v46,monk_3,122,11,0.1,0.5213114754098361,27.0,3.0,6.787502206861973e-05,0.001,optimal,6.0,3.0,11.0,0.521311475409836,0.521311475409836,0.521311,True,ok
2,autoopttree_v46,monk_3,122,11,0.05,0.3713114754098361,27.0,3.0,7.345899939537048e-05,0.001,optimal,28.0,15.0,11.0,0.371311475409836,0.371311475409836,0.371311,True,ok
2,autoopttree_v46,monk_3,122,11,0.02,0.2429508196721311,15.0,6.0,0.0003525419160723,0.002,optimal,131.0,88.0,11.0,0.2429508196721311,0.2429508196721311,0.2429508196721311,True,ok
2,autoopttree_v46,monk_3,122,11,0.01,0.1555737704918032,8.0,9.0,0.0011297089513391,0.003,optimal,385.0,284.0,11.0,0.1555737704918032,0.1555737704918032,0.1555737704918032,True,ok
2,autoopttree_v46,monk_3,122,11,0.005,0.0945901639344262,3.0,14.0,0.0021442919969558,0.003,optimal,1297.0,1000.0,11.0,0.0945901639344262,0.0945901639344262,0.09459,True,ok
2,autoopttree_v46,monk_1,124,11,0.1,0.4661290322580645,33.0,2.0,3.474997356534004e-05,0.001,optimal,3.0,2.0,11.0,0.4661290322580644,0.4661290322580644,0.466129,True,ok
2,autoopttree_v46,monk_1,124,11,0.05,0.3387096774193548,11.0,5.0,8.429097943007946e-05,0.001,optimal,44.0,24.0,11.0,0.3387096774193548,0.3387096774193548,0.3387096774193548,True,ok
2,autoopttree_v46,monk_1,124,11,0.02,0.16,0.0,8.0,0.0001370420213788,0.001,optimal,95.0,50.0,11.0,0.16,0.16,0.16,True,ok
2,autoopttree_v46,monk_1,124,11,0.01,0.08,0.0,8.0,0.0001335830893367,0.001,optimal,101.0,51.0,11.0,0.08,0.08,0.08,True,ok
2,autoopttree_v46,monk_1,124,11,0.005,0.04,0.0,8.0,0.0001288329949602,0.001,optimal,101.0,51.0,11.0,0.04,0.04,0.04,True,ok
2,autoopttree_v46,iris,150,4,0.1,0.34,6.0,3.0,0.0001319160219281,0.002,optimal,5.0,0.0,118.0,0.34,0.34,0.34,True,ok
2,autoopttree_v46,iris,150,4,0.05,0.19,6.0,3.0,0.0001331249950453,0.001,optimal,9.0,0.0,118.0,0.19,0.19,0.19,True,ok
2,autoopttree_v46,iris,150,4,0.02,0.1,6.0,3.0,0.0047003329964354,0.006,optimal,122.0,73.0,118.0,0.1,0.1,0.1,True,ok
2,autoopttree_v46,iris,150,4,0.01,0.06,3.0,4.0,0.0109354170272126,0.012,optimal,190.0,346.0,118.0,0.06,0.06,0.06,True,ok
2,autoopttree_v46,iris,150,4,0.005,0.0383333333333333,2.0,5.0,0.0341419579926878,0.035,optimal,148.0,2110.0,118.0,0.0383333333333333,0.0383333333333333,0.038333,True,ok
2,autoopttree_v46,monk_2,169,11,0.1,0.478698224852071,64.0,1.0,4.641700070351362e-05,0.001,optimal,1.0,1.0,11.0,0.478698224852071,0.478698224852071,0.478698,True,ok
2,autoopttree_v46,monk_2,169,11,0.05,0.428698224852071,64.0,1.0,7.629196625202894e-05,0.001,optimal,23.0,14.0,11.0,0.428698224852071,0.428698224852071,0.428698,True,ok
2,autoopttree_v46,monk_2,169,11,0.02,0.3589349112426035,37.0,7.0,0.0011277919402346,0.002,optimal,546.0,446.0,11.0,0.3589349112426035,0.3589349112426035,0.3589349112426035,True,ok
2,autoopttree_v46,monk_2,169,11,0.01,0.2650887573964497,11.0,20.0,0.0039563329191878,0.005,optimal,1877.0,1666.0,11.0,0.2650887573964497,0.2650887573964497,0.2650887573964497,True,ok
2,autoopttree_v46,monk_2,169,11,0.005,0.1527514792899408,3.0,27.0,0.0067483750171959,0.008,optimal,2194.0,2869.0,11.0,0.1527514792899408,0.1527514792899408,0.152751,True,ok
2,autoopttree_v46,tic-tac-toe,958,9,0.1,0.4465553235908142,332.0,1.0,7.479195483028889e-05,0.013,optimal,1.0,1.0,27.0,0.4465553235908142,0.4465553235908142,0.446555,True,ok
2,autoopttree_v46,tic-tac-toe,958,9,0.05,0.3965553235908142,332.0,1.0,0.0005276669980958,0.013,optimal,55.0,38.0,27.0,0.3965553235908141,0.3965553235908141,0.396555,True,ok
2,autoopttree_v46,tic-tac-toe,958,9,0.02,0.3183298538622129,190.0,6.0,0.0135655420599505,0.026,optimal,727.0,4490.0,27.0,0.3183298538622129,0.3183298538622129,0.3183298538622129,True,ok
2,autoopttree_v46,tic-tac-toe,958,9,0.01,0.2507515657620042,154.0,9.0,0.0719721670029684,0.084,optimal,778.0,41426.0,27.0,0.2507515657620042,0.2507515657620042,0.2507515657620042,True,ok
2,autoopttree_v46,tic-tac-toe,958,9,0.005,0.1542797494780793,52.0,20.0,0.2189824579982087,0.232,optimal,843.0,131000.0,27.0,0.1542797494780793,0.1542797494780793,0.1542797494780793,True,ok
2,autoopttree_v46,gaussian_1k,1000,1,0.1,0.397,297.0,1.0,0.0004576250212267,0.042,optimal,1.0,0.0,999.0,0.397,0.397,0.397,True,ok
2,autoopttree_v46,gaussian_1k,1000,1,0.05,0.275,125.0,3.0,0.0005181250162422,0.04,optimal,5.0,0.0,999.0,0.275,0.275,0.275,True,ok
2,autoopttree_v46,gaussian_1k,1000,1,0.02,0.185,125.0,3.0,0.0005441249813884,0.039,optimal,5.0,0.0,999.0,0.1849999999999999,0.1849999999999999,0.185,True,ok
2,autoopttree_v46,gaussian_1k,1000,1,0.01,0.155,125.0,3.0,0.0005787499248981,0.038,optimal,5.0,0.0,999.0,0.155,0.155,0.155,True,ok
2,autoopttree_v46,gaussian_1k,1000,1,0.005,0.14,125.0,3.0,0.0005790829891338,0.038,optimal,5.0,0.0,999.0,0.14,0.14,0.14,True,ok
2,autoopttree_v46,fico_1k,1000,23,0.1,0.491,291.0,2.0,0.0190463329199701,0.041,optimal,11.0,2637.0,1357.0,0.491,0.491,0.491,True,ok
2,autoopttree_v46,fico_1k,1000,23,0.05,0.391,291.0,2.0,30.0,30.051,time,11.0,4259785.0,1357.0,0.125,0.391,0.391,False,ok
2,autoopttree_v46,fico_1k,1000,23,0.02,0.3309999999999999,291.0,2.0,30.0,30.033,time,11.0,1933414.0,1357.0,0.065,0.3309999999999999,0.331,False,ok
2,autoopttree_v46,fico_1k,1000,23,0.01,0.304,264.0,4.0,30.0,30.032,time,17.0,1219027.0,1357.0,0.045,0.304,0.304,False,ok
2,autoopttree_v46,fico_1k,1000,23,0.005,0.284,264.0,4.0,30.0,30.028,time,17.0,1333683.0,1357.0,0.035,0.284,0.284,False,ok
2,autoopttree_v46,sine_1k,1000,1,0.1,0.595,495.0,1.0,0.0004674999509006,0.045,optimal,1.0,0.0,999.0,0.595,0.595,0.595,True,ok
2,autoopttree_v46,sine_1k,1000,1,0.05,0.545,495.0,1.0,0.0004989999579265,0.039,optimal,1.0,0.0,999.0,0.545,0.545,0.545,True,ok
2,autoopttree_v46,sine_1k,1000,1,0.02,0.494,454.0,2.0,0.0005426669958978,0.037,optimal,3.0,0.0,999.0,0.494,0.494,0.494,True,ok
2,autoopttree_v46,sine_1k,1000,1,0.01,0.429,169.0,26.0,0.000571749988012,0.037,optimal,51.0,0.0,999.0,0.4290000000000001,0.4290000000000001,0.429,True,ok
2,autoopttree_v46,sine_1k,1000,1,0.005,0.269,109.0,32.0,0.0005704580107703,0.039,optimal,63.0,0.0,999.0,0.2690000000000001,0.2690000000000001,0.269,True,ok
2,autoopttree_v46,car_evaluation,1728,15,0.1,0.3997685185185186,518.0,1.0,6.266694981604815e-05,0.003,optimal,1.0,1.0,15.0,0.3997685185185184,0.3997685185185184,0.3997685185185186,True,ok
2,autoopttree_v46,car_evaluation,1728,15,0.05,0.2946759259259259,250.0,3.0,8.870800957083702e-05,0.003,optimal,18.0,10.0,15.0,0.2946759259259259,0.2946759259259259,0.2946759259259259,True,ok
2,autoopttree_v46,car_evaluation,1728,15,0.02,0.2046759259259259,250.0,3.0,0.0010689159389585,0.004,optimal,548.0,377.0,15.0,0.2046759259259259,0.2046759259259259,0.2046759259259259,True,ok
2,autoopttree_v46,car_evaluation,1728,15,0.01,0.1452314814814815,130.0,7.0,0.0057320829946547,0.009,optimal,1687.0,1842.0,15.0,0.1452314814814815,0.1452314814814815,0.145231,True,ok
2,autoopttree_v46,car_evaluation,1728,15,0.005,0.1063425925925926,106.0,9.0,0.0140591249801218,0.017,optimal,1333.0,10830.0,15.0,0.1063425925925926,0.1063425925925926,0.1063425925925926,True,ok
2,autoopttree_v46,coupon_bar,1913,14,0.1,0.5119184526921067,788.0,1.0,4.0082959458231926e-05,0.003,optimal,1.0,1.0,14.0,0.5119184526921067,0.5119184526921067,0.511918,True,ok
2,autoopttree_v46,coupon_bar,1913,14,0.05,0.4538944066910612,677.0,2.0,6.204203236848116e-05,0.003,optimal,27.0,15.0,14.0,0.4538944066910611,0.4538944066910611,0.453894,True,ok
2,autoopttree_v46,coupon_bar,1913,14,0.02,0.3715525352848928,596.0,3.0,0.0003111670957878,0.003,optimal,189.0,122.0,14.0,0.3715525352848928,0.3715525352848928,0.3715525352848928,True,ok
2,autoopttree_v46,coupon_bar,1913,14,0.01,0.3410977522216414,576.0,4.0,0.0022553749149665,0.005,optimal,952.0,778.0,14.0,0.3410977522216414,0.3410977522216414,0.3410977522216414,True,ok
2,autoopttree_v46,coupon_bar,1913,14,0.005,0.3186199686356508,533.0,8.0,0.0086561250500381,0.012,optimal,1564.0,4899.0,14.0,0.3186199686356508,0.3186199686356508,0.3186199686356508,True,ok
2,autoopttree_v46,compas_binned,6907,12,0.1,0.5610829593166353,2494.0,2.0,4.708301275968552e-05,0.007,optimal,3.0,1.0,12.0,0.5610829593166353,0.5610829593166353,0.5610829593166353,True,ok
2,autoopttree_v46,compas_binned,6907,12,0.05,0.4610829593166353,2494.0,2.0,5.0042057409882545e-05,0.008,optimal,3.0,1.0,12.0,0.4610829593166352,0.4610829593166352,0.4610829593166353,True,ok
2,autoopttree_v46,compas_binned,6907,12,0.02,0.4010829593166353,2494.0,2.0,7.525004912167788e-05,0.007,optimal,21.0,12.0,12.0,0.4010829593166353,0.4010829593166353,0.4010829593166353,True,ok
2,autoopttree_v46,compas_binned,6907,12,0.01,0.3748675256985666,2382.0,3.0,0.0002592080272734,0.008,optimal,111.0,63.0,12.0,0.3748675256985667,0.3748675256985667,0.3748675256985666,True,ok
2,autoopttree_v46,compas_binned,6907,12,0.005,0.355968582597365,2286.0,5.0,0.0007302080048248,0.008,optimal,297.0,201.0,12.0,0.3559685825973649,0.3559685825973649,0.355968582597365,True,ok
2,autoopttree_v46,fico_binary,10459,17,0.1,0.5040443637058992,3180.0,2.0,8.591602090746164e-05,0.019,optimal,3.0,1.0,17.0,0.5040443637058992,0.5040443637058992,0.504044,True,ok
2,autoopttree_v46,fico_binary,10459,17,0.05,0.4040443637058992,3180.0,2.0,0.0001117910724133,0.016,optimal,23.0,13.0,17.0,0.4040443637058992,0.4040443637058992,0.404044,True,ok
2,autoopttree_v46,fico_binary,10459,17,0.02,0.3440443637058992,3180.0,2.0,0.0008627079660072,0.017,optimal,277.0,166.0,17.0,0.3440443637058992,0.3440443637058992,0.344044,True,ok
2,autoopttree_v46,fico_binary,10459,17,0.01,0.3240443637058992,3180.0,2.0,0.0278281250502914,0.043,optimal,1005.0,6428.0,17.0,0.3240443637058992,0.3240443637058992,0.324044,True,ok
2,autoopttree_v46,fico_binary,10459,17,0.005,0.308650922650349,3019.0,4.0,0.2280889580724761,0.243,optimal,1166.0,95724.0,17.0,0.308650922650349,0.308650922650349,0.308650922650349,True,ok
2,autoopttree_v46,compas_processed,12381,22,0.1,0.411364187060819,3855.0,1.0,0.0004760419251397,0.301,optimal,23.0,13.0,621.0,0.411364187060819,0.411364187060819,0.411364,True,ok
2,autoopttree_v46,compas_processed,12381,22,0.05,0.3613641870608189,3855.0,1.0,0.0695548750227317,0.353,optimal,33.0,12351.0,621.0,0.3613641870608189,0.3613641870608189,0.361364,True,ok
2,autoopttree_v46,compas_processed,12381,22,0.02,0.3278604313060334,3564.0,2.0,14.592245667008685,14.88,memory,11.0,1579043.0,621.0,0.1085728131814877,0.3278604313060334,0.32786,False,ok
2,autoopttree_v46,compas_processed,12381,22,0.01,0.3078604313060334,3564.0,2.0,19.649940290953964,19.934,memory,11.0,1567871.0,621.0,0.0885728131814877,0.3078604313060334,0.30786,False,ok
2,autoopttree_v46,compas_processed,12381,22,0.005,0.2978604313060334,3564.0,2.0,26.910448124981485,27.184,memory,11.0,1652209.0,621.0,0.0785728131814877,0.2978604313060334,0.29786,False,ok
1,autoopttree_v46_anytime100,chudi,77,2,0.1,0.464935064935065,5.0,4.0,0.0003049590159207,19.811,optimal,25.0,12.0,46.0,0.464935064935065,0.464935064935065,0.464935,True,ok
1,autoopttree_v46_anytime100,chudi,77,2,0.05,0.25,0.0,5.0,0.000410916050896,0.001,optimal,53.0,25.0,46.0,0.25,0.25,0.25,True,ok
1,autoopttree_v46_anytime100,chudi,77,2,0.02,0.1,0.0,5.0,0.0004554589977487,0.001,optimal,59.0,27.0,46.0,0.1,0.1,0.1,True,ok
1,autoopttree_v46_anytime100,chudi,77,2,0.01,0.05,0.0,5.0,0.0004782920004799,0.001,optimal,65.0,30.0,46.0,0.05,0.05,0.05,True,ok
1,autoopttree_v46_anytime100,chudi,77,2,0.005,0.025,0.0,5.0,0.0005218749865889,0.001,optimal,65.0,30.0,46.0,0.025,0.025,0.025,True,ok
1,autoopttree_v46_anytime100,monk_3,122,11,0.1,0.5213114754098361,27.0,3.0,6.941694300621748e-05,0.001,optimal,8.0,3.0,11.0,0.521311475409836,0.521311475409836,0.521311,True,ok
1,autoopttree_v46_anytime100,monk_3,122,11,0.05,0.3713114754098361,27.0,3.0,0.0001198749523609,0.001,optimal,38.0,16.0,11.0,0.371311475409836,0.371311475409836,0.371311,True,ok
1,autoopttree_v46_anytime100,monk_3,122,11,0.02,0.2429508196721311,15.0,6.0,0.0002994579263031,0.001,optimal,140.0,91.0,11.0,0.2429508196721311,0.2429508196721311,0.2429508196721311,True,ok
1,autoopttree_v46_anytime100,monk_3,122,11,0.01,0.1555737704918032,8.0,9.0,0.0007031670538708,0.002,optimal,391.0,283.0,11.0,0.1555737704918032,0.1555737704918032,0.1555737704918032,True,ok
1,autoopttree_v46_anytime100,monk_3,122,11,0.005,0.0945901639344262,3.0,14.0,0.0020137910032644,0.003,optimal,1225.0,881.0,11.0,0.0945901639344262,0.0945901639344262,0.09459,True,ok
1,autoopttree_v46_anytime100,monk_1,124,11,0.1,0.4661290322580645,33.0,2.0,5.687505472451448e-05,0.001,optimal,7.0,2.0,11.0,0.4661290322580644,0.4661290322580644,0.466129,True,ok
1,autoopttree_v46_anytime100,monk_1,124,11,0.05,0.3387096774193548,11.0,5.0,0.0001224590232595,0.001,optimal,44.0,24.0,11.0,0.3387096774193548,0.3387096774193548,0.3387096774193548,True,ok
1,autoopttree_v46_anytime100,monk_1,124,11,0.02,0.16,0.0,8.0,0.000226458068937,0.001,optimal,100.0,47.0,11.0,0.16,0.16,0.16,True,ok
1,autoopttree_v46_anytime100,monk_1,124,11,0.01,0.08,0.0,8.0,0.0002524999435991,0.001,optimal,106.0,48.0,11.0,0.08,0.08,0.08,True,ok
1,autoopttree_v46_anytime100,monk_1,124,11,0.005,0.04,0.0,8.0,0.0002311669522896,0.001,optimal,106.0,48.0,11.0,0.04,0.04,0.04,True,ok
1,autoopttree_v46_anytime100,iris,150,4,0.1,0.34,6.0,3.0,0.0001614160137251,0.001,optimal,5.0,1.0,118.0,0.34,0.34,0.34,True,ok
1,autoopttree_v46_anytime100,iris,150,4,0.05,0.19,6.0,3.0,0.0002070410409942,0.001,optimal,9.0,1.0,118.0,0.19,0.19,0.19,True,ok
1,autoopttree_v46_anytime100,iris,150,4,0.02,0.1,6.0,3.0,0.0047319999430328,0.006,optimal,122.0,76.0,118.0,0.1,0.1,0.1,True,ok
1,autoopttree_v46_anytime100,iris,150,4,0.01,0.06,3.0,4.0,0.0097883749986067,0.011,optimal,129.0,370.0,118.0,0.06,0.06,0.06,True,ok
1,autoopttree_v46_anytime100,iris,150,4,0.005,0.0383333333333333,2.0,5.0,0.0441030840156599,0.045,optimal,522.0,2173.0,118.0,0.0383333333333333,0.0383333333333333,0.038333,True,ok
1,autoopttree_v46_anytime100,monk_2,169,11,0.1,0.478698224852071,64.0,1.0,4.099996294826269e-05,0.001,optimal,9.0,1.0,11.0,0.478698224852071,0.478698224852071,0.478698,True,ok
1,autoopttree_v46_anytime100,monk_2,169,11,0.05,0.428698224852071,64.0,1.0,8.729100227355957e-05,0.001,optimal,39.0,14.0,11.0,0.428698224852071,0.428698224852071,0.428698,True,ok
1,autoopttree_v46_anytime100,monk_2,169,11,0.02,0.3589349112426035,37.0,7.0,0.000940416008234,0.002,optimal,533.0,410.0,11.0,0.3589349112426035,0.3589349112426035,0.3589349112426035,True,ok
1,autoopttree_v46_anytime100,monk_2,169,11,0.01,0.2650887573964497,11.0,20.0,0.0032774999272078,0.004,optimal,1884.0,1590.0,11.0,0.2650887573964497,0.2650887573964497,0.2650887573964497,True,ok
1,autoopttree_v46_anytime100,monk_2,169,11,0.005,0.1527514792899408,3.0,27.0,0.0058461659355089,0.007,optimal,1904.0,3077.0,11.0,0.1527514792899408,0.1527514792899408,0.152751,True,ok
1,autoopttree_v46_anytime100,tic-tac-toe,958,9,0.1,0.4465553235908142,332.0,1.0,6.879097782075405e-05,0.011,optimal,7.0,1.0,27.0,0.4465553235908142,0.4465553235908142,0.446555,True,ok
1,autoopttree_v46_anytime100,tic-tac-toe,958,9,0.05,0.3965553235908142,332.0,1.0,0.0004678750410676,0.011,optimal,69.0,38.0,27.0,0.3965553235908141,0.3965553235908141,0.396555,True,ok
1,autoopttree_v46_anytime100,tic-tac-toe,958,9,0.02,0.3183298538622129,190.0,6.0,0.014353375067003,0.025,optimal,782.0,5893.0,27.0,0.3183298538622129,0.3183298538622129,0.3183298538622129,True,ok
1,autoopttree_v46_anytime100,tic-tac-toe,958,9,0.01,0.2507515657620042,154.0,9.0,0.1005613750312477,0.111,optimal,3117.0,57651.0,27.0,0.2507515657620042,0.2507515657620042,0.2507515657620042,True,ok
1,autoopttree_v46_anytime100,tic-tac-toe,958,9,0.005,0.1542797494780793,52.0,20.0,0.1025657919235527,0.113,time,6992.0,57553.0,27.0,0.01,0.1542797494780793,0.1542797494780793,True,ok
1,autoopttree_v46_anytime100,gaussian_1k,1000,1,0.1,0.397,297.0,1.0,0.0003557919990271,0.034,optimal,1.0,0.0,999.0,0.397,0.397,0.397,True,ok
1,autoopttree_v46_anytime100,gaussian_1k,1000,1,0.05,0.275,125.0,3.0,0.0004619170213118,0.032,optimal,5.0,0.0,999.0,0.275,0.275,0.275,True,ok
1,autoopttree_v46_anytime100,gaussian_1k,1000,1,0.02,0.185,125.0,3.0,0.0005019170930609,0.032,optimal,5.0,0.0,999.0,0.1849999999999999,0.1849999999999999,0.185,True,ok
1,autoopttree_v46_anytime100,gaussian_1k,1000,1,0.01,0.155,125.0,3.0,0.0005203749751672,0.042,optimal,5.0,0.0,999.0,0.155,0.155,0.155,True,ok
1,autoopttree_v46_anytime100,gaussian_1k,1000,1,0.005,0.14,125.0,3.0,0.0005592079833149,0.034,optimal,5.0,0.0,999.0,0.14,0.14,0.14,True,ok
1,autoopttree_v46_anytime100,fico_1k,1000,23,0.1,0.491,291.0,2.0,0.0327113339444622,0.052,optimal,19.0,2795.0,1357.0,0.491,0.491,0.491,True,ok
1,autoopttree_v46_anytime100,fico_1k,1000,23,0.05,0.391,291.0,2.0,0.103151666931808,0.123,time,498.0,6143.0,1357.0,0.125,0.391,0.391,False,ok
1,autoopttree_v46_anytime100,fico_1k,1000,23,0.02,0.3309999999999999,291.0,2.0,0.1018209579633548,0.121,time,23.0,4434.0,1357.0,0.065,0.3309999999999999,0.331,False,ok
1,autoopttree_v46_anytime100,fico_1k,1000,23,0.01,0.304,264.0,4.0,0.1000080000376328,0.119,time,163.0,152.0,1357.0,0.045,0.304,0.304,False,ok
1,autoopttree_v46_anytime100,fico_1k,1000,23,0.005,0.284,264.0,4.0,0.1027128749992698,0.122,time,19.0,4718.0,1357.0,0.035,0.284,0.284,False,ok
1,autoopttree_v46_anytime100,sine_1k,1000,1,0.1,0.595,495.0,1.0,0.0003557500895112,0.033,optimal,1.0,0.0,999.0,0.595,0.595,0.595,True,ok
1,autoopttree_v46_anytime100,sine_1k,1000,1,0.05,0.545,495.0,1.0,0.000448792008683,0.034,optimal,1.0,0.0,999.0,0.545,0.545,0.545,True,ok
1,autoopttree_v46_anytime100,sine_1k,1000,1,0.02,0.494,454.0,2.0,0.0005133330123499,0.034,optimal,3.0,0.0,999.0,0.494,0.494,0.494,True,ok
1,autoopttree_v46_anytime100,sine_1k,1000,1,0.01,0.429,169.0,26.0,0.0006210840074345,0.033,optimal,51.0,0.0,999.0,0.4290000000000001,0.4290000000000001,0.429,True,ok
1,autoopttree_v46_anytime100,sine_1k,1000,1,0.005,0.269,109.0,32.0,0.0006353749195113,0.033,optimal,63.0,0.0,999.0,0.2690000000000001,0.2690000000000001,0.269,True,ok
1,autoopttree_v46_anytime100,car_evaluation,1728,15,0.1,0.3997685185185186,518.0,1.0,4.8625050112605095e-05,0.003,optimal,3.0,1.0,15.0,0.3997685185185184,0.3997685185185184,0.3997685185185186,True,ok
1,autoopttree_v46_anytime100,car_evaluation,1728,15,0.05,0.2946759259259259,250.0,3.0,0.0001635419903323,0.003,optimal,26.0,10.0,15.0,0.2946759259259259,0.2946759259259259,0.2946759259259259,True,ok
1,autoopttree_v46_anytime100,car_evaluation,1728,15,0.02,0.2046759259259259,250.0,3.0,0.001092082937248,0.004,optimal,561.0,382.0,15.0,0.2046759259259259,0.2046759259259259,0.2046759259259259,True,ok
1,autoopttree_v46_anytime100,car_evaluation,1728,15,0.01,0.1452314814814815,130.0,7.0,0.0049607920227572,0.008,optimal,1533.0,1853.0,15.0,0.1452314814814815,0.1452314814814815,0.145231,True,ok
1,autoopttree_v46_anytime100,car_evaluation,1728,15,0.005,0.1063425925925926,106.0,9.0,0.0163415829883888,0.019,optimal,4323.0,9619.0,15.0,0.1063425925925926,0.1063425925925926,0.1063425925925926,True,ok
1,autoopttree_v46_anytime100,coupon_bar,1913,14,0.1,0.5119184526921067,788.0,1.0,3.1624920666217804e-05,0.003,optimal,3.0,1.0,14.0,0.5119184526921067,0.5119184526921067,0.511918,True,ok
1,autoopttree_v46_anytime100,coupon_bar,1913,14,0.05,0.4538944066910612,677.0,2.0,8.591695223003626e-05,0.003,optimal,28.0,15.0,14.0,0.4538944066910611,0.4538944066910611,0.453894,True,ok
1,autoopttree_v46_anytime100,coupon_bar,1913,14,0.02,0.3715525352848928,596.0,3.0,0.0003313329070806,0.003,optimal,193.0,119.0,14.0,0.3715525352848928,0.3715525352848928,0.3715525352848928,True,ok
1,autoopttree_v46_anytime100,coupon_bar,1913,14,0.01,0.3410977522216414,576.0,4.0,0.0018434999510645,0.004,optimal,947.0,767.0,14.0,0.3410977522216414,0.3410977522216414,0.3410977522216414,True,ok
1,autoopttree_v46_anytime100,coupon_bar,1913,14,0.005,0.3186199686356508,533.0,8.0,0.0091628750087693,0.012,optimal,1900.0,5026.0,14.0,0.3186199686356508,0.3186199686356508,0.3186199686356508,True,ok
1,autoopttree_v46_anytime100,compas_binned,6907,12,0.1,0.5610829593166353,2494.0,2.0,4.6874978579580784e-05,0.007,optimal,3.0,1.0,12.0,0.5610829593166353,0.5610829593166353,0.5610829593166353,True,ok
1,autoopttree_v46_anytime100,compas_binned,6907,12,0.05,0.4610829593166353,2494.0,2.0,4.266598261892795e-05,0.007,optimal,3.0,1.0,12.0,0.4610829593166352,0.4610829593166352,0.4610829593166353,True,ok
1,autoopttree_v46_anytime100,compas_binned,6907,12,0.02,0.4010829593166353,2494.0,2.0,0.0001064999960362,0.007,optimal,25.0,12.0,12.0,0.4010829593166353,0.4010829593166353,0.4010829593166353,True,ok
1,autoopttree_v46_anytime100,compas_binned,6907,12,0.01,0.3748675256985666,2382.0,3.0,0.0002927921013906,0.007,optimal,114.0,63.0,12.0,0.3748675256985667,0.3748675256985667,0.3748675256985666,True,ok
1,autoopttree_v46_anytime100,compas_binned,6907,12,0.005,0.355968582597365,2286.0,5.0,0.0007266669999808,0.008,optimal,289.0,187.0,12.0,0.3559685825973649,0.3559685825973649,0.355968582597365,True,ok
1,autoopttree_v46_anytime100,fico_binary,10459,17,0.1,0.5040443637058992,3180.0,2.0,6.554194260388613e-05,0.014,optimal,5.0,1.0,17.0,0.5040443637058992,0.5040443637058992,0.504044,True,ok
1,autoopttree_v46_anytime100,fico_binary,10459,17,0.05,0.4040443637058992,3180.0,2.0,0.0001529590226709,0.014,optimal,26.0,13.0,17.0,0.4040443637058992,0.4040443637058992,0.404044,True,ok
1,autoopttree_v46_anytime100,fico_binary,10459,17,0.02,0.3440443637058992,3180.0,2.0,0.000824874965474,0.015,optimal,281.0,166.0,17.0,0.3440443637058992,0.3440443637058992,0.344044,True,ok
1,autoopttree_v46_anytime100,fico_binary,10459,17,0.01,0.3240443637058992,3180.0,2.0,0.0237987909931689,0.037,optimal,1391.0,8055.0,17.0,0.3240443637058992,0.3240443637058992,0.324044,True,ok
1,autoopttree_v46_anytime100,fico_binary,10459,17,0.005,0.308650922650349,3019.0,4.0,0.1046900419751182,0.118,time,6329.0,54141.0,17.0,0.2240740032507888,0.308650922650349,0.308650922650349,True,ok
1,autoopttree_v46_anytime100,compas_processed,12381,22,0.1,0.411364187060819,3855.0,1.0,0.0004345410270616,0.243,optimal,29.0,13.0,621.0,0.411364187060819,0.411364187060819,0.411364,True,ok
1,autoopttree_v46_anytime100,compas_processed,12381,22,0.05,0.3613641870608189,3855.0,1.0,0.0835460840025916,0.323,optimal,17.0,14454.0,621.0,0.3613641870608189,0.3613641870608189,0.361364,True,ok
1,autoopttree_v46_anytime100,compas_processed,12381,22,0.02,0.3278604313060334,3564.0,2.0,0.1029676659964025,0.34,time,1971.0,10551.0,621.0,0.1085728131814877,0.3278604313060334,0.32786,False,ok
1,autoopttree_v46_anytime100,compas_processed,12381,22,0.01,0.3078604313060334,3564.0,2.0,0.1030572080053389,0.353,time,3513.0,9380.0,621.0,0.0885728131814877,0.3078604313060334,0.30786,False,ok
1,autoopttree_v46_anytime100,compas_processed,12381,22,0.005,0.2978604313060334,3564.0,2.0,0.1031303750351071,0.342,time,973.0,6737.0,621.0,0.0785728131814877,0.2978604313060334,0.29786,False,ok
2,autoopttree_v46_anytime100,chudi,77,2,0.1,0.464935064935065,5.0,4.0,0.0002837079809978,19.757,optimal,25.0,12.0,46.0,0.464935064935065,0.464935064935065,0.464935,True,ok
2,autoopttree_v46_anytime100,chudi,77,2,0.05,0.25,0.0,5.0,0.0004144579870626,0.001,optimal,53.0,25.0,46.0,0.25,0.25,0.25,True,ok
2,autoopttree_v46_anytime100,chudi,77,2,0.02,0.1,0.0,5.0,0.0004491660511121,0.001,optimal,59.0,27.0,46.0,0.1,0.1,0.1,True,ok
2,autoopttree_v46_anytime100,chudi,77,2,0.01,0.05,0.0,5.0,0.0004734579706564,0.001,optimal,65.0,30.0,46.0,0.05,0.05,0.05,True,ok
2,autoopttree_v46_anytime100,chudi,77,2,0.005,0.025,0.0,5.0,0.000470665981993,0.001,optimal,65.0,30.0,46.0,0.025,0.025,0.025,True,ok
2,autoopttree_v46_anytime100,monk_3,122,11,0.1,0.5213114754098361,27.0,3.0,6.362504791468382e-05,0.001,optimal,8.0,3.0,11.0,0.521311475409836,0.521311475409836,0.521311,True,ok
2,autoopttree_v46_anytime100,monk_3,122,11,0.05,0.3713114754098361,27.0,3.0,0.0001149580348283,0.001,optimal,38.0,16.0,11.0,0.371311475409836,0.371311475409836,0.371311,True,ok
2,autoopttree_v46_anytime100,monk_3,122,11,0.02,0.2429508196721311,15.0,6.0,0.0003099999157711,0.001,optimal,140.0,91.0,11.0,0.2429508196721311,0.2429508196721311,0.2429508196721311,True,ok
2,autoopttree_v46_anytime100,monk_3,122,11,0.01,0.1555737704918032,8.0,9.0,0.0007112920284271,0.002,optimal,391.0,283.0,11.0,0.1555737704918032,0.1555737704918032,0.1555737704918032,True,ok
2,autoopttree_v46_anytime100,monk_3,122,11,0.005,0.0945901639344262,3.0,14.0,0.0020092920167371,0.003,optimal,1225.0,881.0,11.0,0.0945901639344262,0.0945901639344262,0.09459,True,ok
2,autoopttree_v46_anytime100,monk_1,124,11,0.1,0.4661290322580645,33.0,2.0,6.229209247976542e-05,0.001,optimal,7.0,2.0,11.0,0.4661290322580644,0.4661290322580644,0.466129,True,ok
2,autoopttree_v46_anytime100,monk_1,124,11,0.05,0.3387096774193548,11.0,5.0,0.0001225830055773,0.001,optimal,44.0,24.0,11.0,0.3387096774193548,0.3387096774193548,0.3387096774193548,True,ok
2,autoopttree_v46_anytime100,monk_1,124,11,0.02,0.16,0.0,8.0,0.0002274579601362,0.001,optimal,100.0,47.0,11.0,0.16,0.16,0.16,True,ok
2,autoopttree_v46_anytime100,monk_1,124,11,0.01,0.08,0.0,8.0,0.0002587500493973,0.001,optimal,106.0,48.0,11.0,0.08,0.08,0.08,True,ok
2,autoopttree_v46_anytime100,monk_1,124,11,0.005,0.04,0.0,8.0,0.0002357920166105,0.001,optimal,106.0,48.0,11.0,0.04,0.04,0.04,True,ok
2,autoopttree_v46_anytime100,iris,150,4,0.1,0.34,6.0,3.0,0.0001680830027908,0.001,optimal,5.0,1.0,118.0,0.34,0.34,0.34,True,ok
2,autoopttree_v46_anytime100,iris,150,4,0.05,0.19,6.0,3.0,0.0002050410257652,0.001,optimal,9.0,1.0,118.0,0.19,0.19,0.19,True,ok
2,autoopttree_v46_anytime100,iris,150,4,0.02,0.1,6.0,3.0,0.0047779580345377,0.006,optimal,122.0,76.0,118.0,0.1,0.1,0.1,True,ok
2,autoopttree_v46_anytime100,iris,150,4,0.01,0.06,3.0,4.0,0.0101199999917298,0.011,optimal,129.0,374.0,118.0,0.06,0.06,0.06,True,ok
2,autoopttree_v46_anytime100,iris,150,4,0.005,0.0383333333333333,2.0,5.0,0.0445049579720944,0.046,optimal,522.0,2174.0,118.0,0.0383333333333333,0.0383333333333333,0.038333,True,ok
2,autoopttree_v46_anytime100,monk_2,169,11,0.1,0.478698224852071,64.0,1.0,4.9083027988672256e-05,0.001,optimal,9.0,1.0,11.0,0.478698224852071,0.478698224852071,0.478698,True,ok
2,autoopttree_v46_anytime100,monk_2,169,11,0.05,0.428698224852071,64.0,1.0,8.775002788752317e-05,0.001,optimal,39.0,14.0,11.0,0.428698224852071,0.428698224852071,0.428698,True,ok
2,autoopttree_v46_anytime100,monk_2,169,11,0.02,0.3589349112426035,37.0,7.0,0.0009893339592963,0.002,optimal,533.0,410.0,11.0,0.3589349112426035,0.3589349112426035,0.3589349112426035,True,ok
2,autoopttree_v46_anytime100,monk_2,169,11,0.01,0.2650887573964497,11.0,20.0,0.0035007920814678,0.004,optimal,1931.0,1634.0,11.0,0.2650887573964497,0.2650887573964497,0.2650887573964497,True,ok
2,autoopttree_v46_anytime100,monk_2,169,11,0.005,0.1527514792899408,3.0,27.0,0.0065532500157132,0.008,optimal,1891.0,3293.0,11.0,0.1527514792899408,0.1527514792899408,0.152751,True,ok
2,autoopttree_v46_anytime100,tic-tac-toe,958,9,0.1,0.4465553235908142,332.0,1.0,7.437507156282663e-05,0.011,optimal,7.0,1.0,27.0,0.4465553235908142,0.4465553235908142,0.446555,True,ok
2,autoopttree_v46_anytime100,tic-tac-toe,958,9,0.05,0.3965553235908142,332.0,1.0,0.0004781250609084,0.011,optimal,69.0,38.0,27.0,0.3965553235908141,0.3965553235908141,0.396555,True,ok
2,autoopttree_v46_anytime100,tic-tac-toe,958,9,0.02,0.3183298538622129,190.0,6.0,0.0137899579713121,0.024,optimal,784.0,5387.0,27.0,0.3183298538622129,0.3183298538622129,0.3183298538622129,True,ok
2,autoopttree_v46_anytime100,tic-tac-toe,958,9,0.01,0.2507515657620042,154.0,9.0,0.1015761250164359,0.112,time,3117.0,56271.0,27.0,0.02,0.2507515657620042,0.2507515657620042,True,ok
2,autoopttree_v46_anytime100,tic-tac-toe,958,9,0.005,0.1542797494780793,52.0,20.0,0.1017024590400978,0.112,time,6955.0,54786.0,27.0,0.01,0.1542797494780793,0.1542797494780793,True,ok
2,autoopttree_v46_anytime100,gaussian_1k,1000,1,0.1,0.397,297.0,1.0,0.0003589160041883,0.034,optimal,1.0,0.0,999.0,0.397,0.397,0.397,True,ok
2,autoopttree_v46_anytime100,gaussian_1k,1000,1,0.05,0.275,125.0,3.0,0.0004416669253259,0.033,optimal,5.0,0.0,999.0,0.275,0.275,0.275,True,ok
2,autoopttree_v46_anytime100,gaussian_1k,1000,1,0.02,0.185,125.0,3.0,0.0004985829582437,0.034,optimal,5.0,0.0,999.0,0.1849999999999999,0.1849999999999999,0.185,True,ok
2,autoopttree_v46_anytime100,gaussian_1k,1000,1,0.01,0.155,125.0,3.0,0.0005247080698609,0.033,optimal,5.0,0.0,999.0,0.155,0.155,0.155,True,ok
2,autoopttree_v46_anytime100,gaussian_1k,1000,1,0.005,0.14,125.0,3.0,0.0005132079822942,0.033,optimal,5.0,0.0,999.0,0.14,0.14,0.14,True,ok
2,autoopttree_v46_anytime100,fico_1k,1000,23,0.1,0.491,291.0,2.0,0.0325727079762145,0.052,optimal,19.0,2797.0,1357.0,0.491,0.491,0.491,True,ok
2,autoopttree_v46_anytime100,fico_1k,1000,23,0.05,0.391,291.0,2.0,0.1027257909299805,0.122,time,498.0,5893.0,1357.0,0.125,0.391,0.391,False,ok
2,autoopttree_v46_anytime100,fico_1k,1000,23,0.02,0.3309999999999999,291.0,2.0,0.1033846249338239,0.123,time,23.0,4622.0,1357.0,0.065,0.3309999999999999,0.331,False,ok
2,autoopttree_v46_anytime100,fico_1k,1000,23,0.01,0.304,264.0,4.0,0.1000200420385226,0.119,time,159.0,148.0,1357.0,0.045,0.304,0.304,False,ok
2,autoopttree_v46_anytime100,fico_1k,1000,23,0.005,0.284,264.0,4.0,0.1023977500153705,0.121,time,19.0,4504.0,1357.0,0.035,0.284,0.284,False,ok
2,autoopttree_v46_anytime100,sine_1k,1000,1,0.1,0.595,495.0,1.0,0.000374750001356,0.034,optimal,1.0,0.0,999.0,0.595,0.595,0.595,True,ok
2,autoopttree_v46_anytime100,sine_1k,1000,1,0.05,0.545,495.0,1.0,0.0004395409487187,0.033,optimal,1.0,0.0,999.0,0.545,0.545,0.545,True,ok
2,autoopttree_v46_anytime100,sine_1k,1000,1,0.02,0.494,454.0,2.0,0.000502833048813,0.033,optimal,3.0,0.0,999.0,0.494,0.494,0.494,True,ok
2,autoopttree_v46_anytime100,sine_1k,1000,1,0.01,0.429,169.0,26.0,0.0006048330105841,0.033,optimal,51.0,0.0,999.0,0.4290000000000001,0.4290000000000001,0.429,True,ok
2,autoopttree_v46_anytime100,sine_1k,1000,1,0.005,0.269,109.0,32.0,0.0006519999587908,0.033,optimal,63.0,0.0,999.0,0.2690000000000001,0.2690000000000001,0.269,True,ok
2,autoopttree_v46_anytime100,car_evaluation,1728,15,0.1,0.3997685185185186,518.0,1.0,4.820909816771746e-05,0.003,optimal,3.0,1.0,15.0,0.3997685185185184,0.3997685185185184,0.3997685185185186,True,ok
2,autoopttree_v46_anytime100,car_evaluation,1728,15,0.05,0.2946759259259259,250.0,3.0,0.0001647089375182,0.003,optimal,26.0,10.0,15.0,0.2946759259259259,0.2946759259259259,0.2946759259259259,True,ok
2,autoopttree_v46_anytime100,car_evaluation,1728,15,0.02,0.2046759259259259,250.0,3.0,0.0010878338944166,0.004,optimal,561.0,382.0,15.0,0.2046759259259259,0.2046759259259259,0.2046759259259259,True,ok
2,autoopttree_v46_anytime100,car_evaluation,1728,15,0.01,0.1452314814814815,130.0,7.0,0.0049168330151587,0.008,optimal,1590.0,1845.0,15.0,0.1452314814814815,0.1452314814814815,0.145231,True,ok
2,autoopttree_v46_anytime100,car_evaluation,1728,15,0.005,0.1063425925925926,106.0,9.0,0.0164079579990357,0.019,optimal,4363.0,8712.0,15.0,0.1063425925925926,0.1063425925925926,0.1063425925925926,True,ok
2,autoopttree_v46_anytime100,coupon_bar,1913,14,0.1,0.5119184526921067,788.0,1.0,3.7291087210178375e-05,0.003,optimal,3.0,1.0,14.0,0.5119184526921067,0.5119184526921067,0.511918,True,ok
2,autoopttree_v46_anytime100,coupon_bar,1913,14,0.05,0.4538944066910612,677.0,2.0,8.729100227355957e-05,0.003,optimal,28.0,15.0,14.0,0.4538944066910611,0.4538944066910611,0.453894,True,ok
2,autoopttree_v46_anytime100,coupon_bar,1913,14,0.02,0.3715525352848928,596.0,3.0,0.0003265830455347,0.003,optimal,193.0,119.0,14.0,0.3715525352848928,0.3715525352848928,0.3715525352848928,True,ok
2,autoopttree_v46_anytime100,coupon_bar,1913,14,0.01,0.3410977522216414,576.0,4.0,0.0018458329141139,0.004,optimal,947.0,767.0,14.0,0.3410977522216414,0.3410977522216414,0.3410977522216414,True,ok
2,autoopttree_v46_anytime100,coupon_bar,1913,14,0.005,0.3186199686356508,533.0,8.0,0.0099368339870125,0.013,optimal,1872.0,5454.0,14.0,0.3186199686356508,0.3186199686356508,0.3186199686356508,True,ok
2,autoopttree_v46_anytime100,compas_binned,6907,12,0.1,0.5610829593166353,2494.0,2.0,4.2082974687218666e-05,0.007,optimal,3.0,1.0,12.0,0.5610829593166353,0.5610829593166353,0.5610829593166353,True,ok
2,autoopttree_v46_anytime100,compas_binned,6907,12,0.05,0.4610829593166353,2494.0,2.0,4.4625019654631615e-05,0.007,optimal,3.0,1.0,12.0,0.4610829593166352,0.4610829593166352,0.4610829593166353,True,ok
2,autoopttree_v46_anytime100,compas_binned,6907,12,0.02,0.4010829593166353,2494.0,2.0,0.0001073339954018,0.007,optimal,25.0,12.0,12.0,0.4010829593166353,0.4010829593166353,0.4010829593166353,True,ok
2,autoopttree_v46_anytime100,compas_binned,6907,12,0.01,0.3748675256985666,2382.0,3.0,0.0002977079711854,0.007,optimal,114.0,63.0,12.0,0.3748675256985667,0.3748675256985667,0.3748675256985666,True,ok
2,autoopttree_v46_anytime100,compas_binned,6907,12,0.005,0.355968582597365,2286.0,5.0,0.0007057499606162,0.008,optimal,289.0,187.0,12.0,0.3559685825973649,0.3559685825973649,0.355968582597365,True,ok
2,autoopttree_v46_anytime100,fico_binary,10459,17,0.1,0.5040443637058992,3180.0,2.0,6.516592111438513e-05,0.014,optimal,5.0,1.0,17.0,0.5040443637058992,0.5040443637058992,0.504044,True,ok
2,autoopttree_v46_anytime100,fico_binary,10459,17,0.05,0.4040443637058992,3180.0,2.0,0.0001594589557498,0.014,optimal,26.0,13.0,17.0,0.4040443637058992,0.4040443637058992,0.404044,True,ok
2,autoopttree_v46_anytime100,fico_binary,10459,17,0.02,0.3440443637058992,3180.0,2.0,0.0008515419904142,0.015,optimal,281.0,166.0,17.0,0.3440443637058992,0.3440443637058992,0.344044,True,ok
2,autoopttree_v46_anytime100,fico_binary,10459,17,0.01,0.3240443637058992,3180.0,2.0,0.0244181670714169,0.038,optimal,1357.0,7903.0,17.0,0.3240443637058992,0.3240443637058992,0.324044,True,ok
2,autoopttree_v46_anytime100,fico_binary,10459,17,0.005,0.308650922650349,3019.0,4.0,0.1062529999762773,0.12,time,6479.0,50226.0,17.0,0.2240740032507888,0.308650922650349,0.308650922650349,True,ok
2,autoopttree_v46_anytime100,compas_processed,12381,22,0.1,0.411364187060819,3855.0,1.0,0.0004409999819472,0.246,optimal,29.0,13.0,621.0,0.411364187060819,0.411364187060819,0.411364,True,ok
2,autoopttree_v46_anytime100,compas_processed,12381,22,0.05,0.3613641870608189,3855.0,1.0,0.0850279160076752,0.329,optimal,17.0,14380.0,621.0,0.3613641870608189,0.3613641870608189,0.361364,True,ok
2,autoopttree_v46_anytime100,compas_processed,12381,22,0.02,0.3278604313060334,3564.0,2.0,0.1012562909163534,0.345,time,1971.0,10446.0,621.0,0.1085728131814877,0.3278604313060334,0.32786,False,ok
2,autoopttree_v46_anytime100,compas_processed,12381,22,0.01,0.3078604313060334,3564.0,2.0,0.1038715409813448,0.346,time,3503.0,9423.0,621.0,0.0885728131814877,0.3078604313060334,0.30786,False,ok
2,autoopttree_v46_anytime100,compas_processed,12381,22,0.005,0.2978604313060334,3564.0,2.0,0.1028154999949038,0.346,time,949.0,6677.0,621.0,0.0785728131814877,0.2978604313060334,0.29786,False,ok
1,autoopttree_v49,chudi,77,2,0.1,0.464935064935065,5.0,4.0,0.0001544998958706,21.471,optimal,27.0,10.0,46.0,0.464935064935065,0.464935064935065,0.464935,True,ok
1,autoopttree_v49,chudi,77,2,0.05,0.25,0.0,5.0,0.0001939580542966,0.001,optimal,69.0,24.0,46.0,0.25,0.25,0.25,True,ok
1,autoopttree_v49,chudi,77,2,0.02,0.1,0.0,5.0,0.000193209038116,0.001,optimal,78.0,26.0,46.0,0.1,0.1,0.1,True,ok
1,autoopttree_v49,chudi,77,2,0.01,0.05,0.0,5.0,0.0001971659949049,0.001,optimal,87.0,29.0,46.0,0.05,0.05,0.05,True,ok
1,autoopttree_v49,chudi,77,2,0.005,0.025,0.0,5.0,0.0001911660656332,0.001,optimal,87.0,29.0,46.0,0.025,0.025,0.025,True,ok
1,autoopttree_v49,monk_3,122,11,0.1,0.5213114754098361,27.0,3.0,3.5542063415050507e-05,0.001,optimal,6.0,3.0,11.0,0.521311475409836,0.521311475409836,0.521311,True,ok
1,autoopttree_v49,monk_3,122,11,0.05,0.3713114754098361,27.0,3.0,6.71660527586937e-05,0.001,optimal,28.0,15.0,11.0,0.371311475409836,0.371311475409836,0.371311,True,ok
1,autoopttree_v49,monk_3,122,11,0.02,0.2429508196721311,15.0,6.0,0.0002192500978708,0.001,optimal,131.0,88.0,11.0,0.2429508196721311,0.2429508196721311,0.2429508196721311,True,ok
1,autoopttree_v49,monk_3,122,11,0.01,0.1555737704918032,8.0,9.0,0.0005896250950172,0.001,optimal,385.0,284.0,11.0,0.1555737704918032,0.1555737704918032,0.1555737704918032,True,ok
1,autoopttree_v49,monk_3,122,11,0.005,0.0945901639344262,3.0,14.0,0.0020241671008989,0.003,optimal,1278.0,1003.0,11.0,0.0945901639344262,0.0945901639344262,0.09459,True,ok
1,autoopttree_v49,monk_1,124,11,0.1,0.4661290322580645,33.0,2.0,3.63329891115427e-05,0.001,optimal,3.0,2.0,11.0,0.4661290322580644,0.4661290322580644,0.466129,True,ok
1,autoopttree_v49,monk_1,124,11,0.05,0.3387096774193548,11.0,5.0,8.083297871053219e-05,0.001,optimal,44.0,24.0,11.0,0.3387096774193548,0.3387096774193548,0.3387096774193548,True,ok
1,autoopttree_v49,monk_1,124,11,0.02,0.16,0.0,8.0,0.0001382910413667,0.001,optimal,95.0,50.0,11.0,0.16,0.16,0.16,True,ok
1,autoopttree_v49,monk_1,124,11,0.01,0.08,0.0,8.0,0.0001338750589638,0.001,optimal,101.0,51.0,11.0,0.08,0.08,0.08,True,ok
1,autoopttree_v49,monk_1,124,11,0.005,0.04,0.0,8.0,0.0001281250733882,0.001,optimal,101.0,51.0,11.0,0.04,0.04,0.04,True,ok
1,autoopttree_v49,iris,150,4,0.1,0.34,6.0,3.0,0.0001087499549612,0.001,optimal,5.0,0.0,118.0,0.34,0.34,0.34,True,ok
1,autoopttree_v49,iris,150,4,0.05,0.19,6.0,3.0,0.0001294580288231,0.001,optimal,9.0,0.0,118.0,0.19,0.19,0.19,True,ok
1,autoopttree_v49,iris,150,4,0.02,0.1,6.0,3.0,0.0015582919586449,0.002,optimal,125.0,58.0,118.0,0.1,0.1,0.1,True,ok
1,autoopttree_v49,iris,150,4,0.01,0.06,3.0,4.0,0.006254208041355,0.007,optimal,349.0,314.0,118.0,0.06,0.06,0.06,True,ok
1,autoopttree_v49,iris,150,4,0.005,0.0383333333333333,2.0,5.0,0.0164723329944536,0.017,optimal,486.0,2025.0,118.0,0.0383333333333333,0.0383333333333333,0.038333,True,ok
1,autoopttree_v49,monk_2,169,11,0.1,0.478698224852071,64.0,1.0,2.4667009711265564e-05,0.001,optimal,1.0,1.0,11.0,0.478698224852071,0.478698224852071,0.478698,True,ok
1,autoopttree_v49,monk_2,169,11,0.05,0.428698224852071,64.0,1.0,6.037496495991945e-05,0.001,optimal,23.0,14.0,11.0,0.428698224852071,0.428698224852071,0.428698,True,ok
1,autoopttree_v49,monk_2,169,11,0.02,0.3589349112426035,37.0,7.0,0.0009321249090135,0.002,optimal,546.0,452.0,11.0,0.3589349112426035,0.3589349112426035,0.3589349112426035,True,ok
1,autoopttree_v49,monk_2,169,11,0.01,0.2650887573964497,11.0,20.0,0.003135957987979,0.004,optimal,1831.0,1618.0,11.0,0.2650887573964497,0.2650887573964497,0.2650887573964497,True,ok
1,autoopttree_v49,monk_2,169,11,0.005,0.1527514792899408,3.0,27.0,0.0060921249678358,0.007,optimal,2618.0,2891.0,11.0,0.1527514792899408,0.1527514792899408,0.152751,True,ok
1,autoopttree_v49,tic-tac-toe,958,9,0.1,0.4465553235908142,332.0,1.0,3.2374984584748745e-05,0.004,optimal,1.0,1.0,27.0,0.4465553235908142,0.4465553235908142,0.446555,True,ok
1,autoopttree_v49,tic-tac-toe,958,9,0.05,0.3965553235908142,332.0,1.0,0.0003621249925345,0.004,optimal,55.0,38.0,27.0,0.3965553235908141,0.3965553235908141,0.396555,True,ok
1,autoopttree_v49,tic-tac-toe,958,9,0.02,0.3183298538622129,190.0,6.0,0.0115992090431973,0.015,optimal,962.0,4374.0,27.0,0.3183298538622129,0.3183298538622129,0.3183298538622129,True,ok
1,autoopttree_v49,tic-tac-toe,958,9,0.01,0.2507515657620042,154.0,9.0,0.0750354171032086,0.078,optimal,1125.0,45596.0,27.0,0.2507515657620042,0.2507515657620042,0.2507515657620042,True,ok
1,autoopttree_v49,tic-tac-toe,958,9,0.005,0.1542797494780793,52.0,20.0,0.2361616250127554,0.24,optimal,995.0,161269.0,27.0,0.1542797494780793,0.1542797494780793,0.1542797494780793,True,ok
1,autoopttree_v49,gaussian_1k,1000,1,0.1,0.397,297.0,1.0,0.0003522080369293,0.006,optimal,1.0,0.0,999.0,0.397,0.397,0.397,True,ok
1,autoopttree_v49,gaussian_1k,1000,1,0.05,0.275,125.0,3.0,0.0004188329912722,0.006,optimal,5.0,0.0,999.0,0.275,0.275,0.275,True,ok
1,autoopttree_v49,gaussian_1k,1000,1,0.02,0.185,125.0,3.0,0.0004630420589819,0.006,optimal,5.0,0.0,999.0,0.1849999999999999,0.1849999999999999,0.185,True,ok
1,autoopttree_v49,gaussian_1k,1000,1,0.01,0.155,125.0,3.0,0.0004846670199185,0.006,optimal,5.0,0.0,999.0,0.155,0.155,0.155,True,ok
1,autoopttree_v49,gaussian_1k,1000,1,0.005,0.14,125.0,3.0,0.0005032499320805,0.006,optimal,5.0,0.0,999.0,0.14,0.14,0.14,True,ok
1,autoopttree_v49,fico_1k,1000,23,0.1,0.491,291.0,2.0,0.020391208003275,0.029,optimal,11.0,2550.0,1357.0,0.491,0.491,0.491,True,ok
1,autoopttree_v49,fico_1k,1000,23,0.05,0.391,291.0,2.0,30.0,30.041,time,11.0,4578430.0,1357.0,0.125,0.391,0.391,False,ok
1,autoopttree_v49,fico_1k,1000,23,0.02,0.3309999999999999,291.0,2.0,30.0,30.015,time,11.0,2048323.0,1357.0,0.065,0.3309999999999999,0.331,False,ok
1,autoopttree_v49,fico_1k,1000,23,0.01,0.304,264.0,4.0,30.0,30.012,time,17.0,1263996.0,1357.0,0.045,0.304,0.304,False,ok
1,autoopttree_v49,fico_1k,1000,23,0.005,0.284,264.0,4.0,30.0,30.013,time,17.0,1182537.0,1357.0,0.035,0.284,0.284,False,ok
1,autoopttree_v49,sine_1k,1000,1,0.1,0.595,495.0,1.0,0.0004620420513674,0.009,optimal,1.0,0.0,999.0,0.595,0.595,0.595,True,ok
1,autoopttree_v49,sine_1k,1000,1,0.05,0.545,495.0,1.0,0.0005223749903962,0.008,optimal,1.0,0.0,999.0,0.545,0.545,0.545,True,ok
1,autoopttree_v49,sine_1k,1000,1,0.02,0.494,454.0,2.0,0.0005918340757489,0.008,optimal,3.0,0.0,999.0,0.494,0.494,0.494,True,ok
1,autoopttree_v49,sine_1k,1000,1,0.01,0.429,169.0,26.0,0.0006281670648604,0.008,optimal,51.0,0.0,999.0,0.4290000000000001,0.4290000000000001,0.429,True,ok
1,autoopttree_v49,sine_1k,1000,1,0.005,0.269,109.0,32.0,0.0005956250242888,0.008,optimal,63.0,0.0,999.0,0.2690000000000001,0.2690000000000001,0.269,True,ok
1,autoopttree_v49,car_evaluation,1728,15,0.1,0.3997685185185186,518.0,1.0,3.312493208795786e-05,0.002,optimal,1.0,1.0,15.0,0.3997685185185184,0.3997685185185184,0.3997685185185186,True,ok
1,autoopttree_v49,car_evaluation,1728,15,0.05,0.2946759259259259,250.0,3.0,8.56249826028943e-05,0.002,optimal,18.0,10.0,15.0,0.2946759259259259,0.2946759259259259,0.2946759259259259,True,ok
1,autoopttree_v49,car_evaluation,1728,15,0.02,0.2046759259259259,250.0,3.0,0.001058290945366,0.003,optimal,548.0,379.0,15.0,0.2046759259259259,0.2046759259259259,0.2046759259259259,True,ok
1,autoopttree_v49,car_evaluation,1728,15,0.01,0.1452314814814815,130.0,7.0,0.0059607080183923,0.007,optimal,1700.0,1895.0,15.0,0.1452314814814815,0.1452314814814815,0.145231,True,ok
1,autoopttree_v49,car_evaluation,1728,15,0.005,0.1063425925925926,106.0,9.0,0.0143948340555652,0.016,optimal,1442.0,12312.0,15.0,0.1063425925925926,0.1063425925925926,0.1063425925925926,True,ok
1,autoopttree_v49,coupon_bar,1913,14,0.1,0.5119184526921067,788.0,1.0,2.3417058400809765e-05,0.002,optimal,1.0,1.0,14.0,0.5119184526921067,0.5119184526921067,0.511918,True,ok
1,autoopttree_v49,coupon_bar,1913,14,0.05,0.4538944066910612,677.0,2.0,5.987496115267277e-05,0.001,optimal,27.0,15.0,14.0,0.4538944066910611,0.4538944066910611,0.453894,True,ok
1,autoopttree_v49,coupon_bar,1913,14,0.02,0.3715525352848928,596.0,3.0,0.0003202919615432,0.002,optimal,189.0,122.0,14.0,0.3715525352848928,0.3715525352848928,0.3715525352848928,True,ok
1,autoopttree_v49,coupon_bar,1913,14,0.01,0.3410977522216414,576.0,4.0,0.0019817090360447,0.003,optimal,951.0,778.0,14.0,0.3410977522216414,0.3410977522216414,0.3410977522216414,True,ok
1,autoopttree_v49,coupon_bar,1913,14,0.005,0.3186199686356508,533.0,8.0,0.0084798339521512,0.01,optimal,1337.0,4836.0,14.0,0.3186199686356508,0.3186199686356508,0.3186199686356508,True,ok
1,autoopttree_v49,compas_binned,6907,12,0.1,0.5610829593166353,2494.0,2.0,2.7707894332706928e-05,0.003,optimal,3.0,1.0,12.0,0.5610829593166353,0.5610829593166353,0.5610829593166353,True,ok
1,autoopttree_v49,compas_binned,6907,12,0.05,0.4610829593166353,2494.0,2.0,3.245903644710779e-05,0.003,optimal,3.0,1.0,12.0,0.4610829593166352,0.4610829593166352,0.4610829593166353,True,ok
1,autoopttree_v49,compas_binned,6907,12,0.02,0.4010829593166353,2494.0,2.0,6.862496957182884e-05,0.003,optimal,21.0,12.0,12.0,0.4010829593166353,0.4010829593166353,0.4010829593166353,True,ok
1,autoopttree_v49,compas_binned,6907,12,0.01,0.3748675256985666,2382.0,3.0,0.000259416992776,0.003,optimal,109.0,63.0,12.0,0.3748675256985667,0.3748675256985667,0.3748675256985666,True,ok
1,autoopttree_v49,compas_binned,6907,12,0.005,0.355968582597365,2286.0,5.0,0.0007118330104276,0.004,optimal,289.0,201.0,12.0,0.3559685825973649,0.3559685825973649,0.355968582597365,True,ok
1,autoopttree_v49,fico_binary,10459,17,0.1,0.5040443637058992,3180.0,2.0,4.225003067404032e-05,0.005,optimal,3.0,1.0,17.0,0.5040443637058992,0.5040443637058992,0.504044,True,ok
1,autoopttree_v49,fico_binary,10459,17,0.05,0.4040443637058992,3180.0,2.0,8.412497118115425e-05,0.005,optimal,23.0,13.0,17.0,0.4040443637058992,0.4040443637058992,0.404044,True,ok
1,autoopttree_v49,fico_binary,10459,17,0.02,0.3440443637058992,3180.0,2.0,0.0007683750009164,0.006,optimal,277.0,166.0,17.0,0.3440443637058992,0.3440443637058992,0.344044,True,ok
1,autoopttree_v49,fico_binary,10459,17,0.01,0.3240443637058992,3180.0,2.0,0.023881750064902,0.029,optimal,1161.0,6381.0,17.0,0.3240443637058992,0.3240443637058992,0.324044,True,ok
1,autoopttree_v49,fico_binary,10459,17,0.005,0.308650922650349,3019.0,4.0,0.1936403330182656,0.198,optimal,1508.0,96410.0,17.0,0.308650922650349,0.308650922650349,0.308650922650349,True,ok
1,autoopttree_v49,compas_processed,12381,22,0.1,0.411364187060819,3855.0,1.0,0.0003854999085888,0.06,optimal,23.0,13.0,621.0,0.411364187060819,0.411364187060819,0.411364,True,ok
1,autoopttree_v49,compas_processed,12381,22,0.05,0.3613641870608189,3855.0,1.0,0.0848847919842228,0.141,optimal,65.0,12225.0,621.0,0.3613641870608189,0.3613641870608189,0.361364,True,ok
1,autoopttree_v49,compas_processed,12381,22,0.02,0.3278604313060334,3564.0,2.0,18.63949125004001,18.704,memory,11.0,2131927.0,621.0,0.1085728131814877,0.3278604313060334,0.32786,False,ok
1,autoopttree_v49,compas_processed,12381,22,0.01,0.3078604313060334,3564.0,2.0,17.81005724996794,17.871,memory,11.0,1571796.0,621.0,0.0885728131814877,0.3078604313060334,0.30786,False,ok
1,autoopttree_v49,compas_processed,12381,22,0.005,0.2978604313060334,3564.0,2.0,25.12506016693078,25.195,memory,11.0,1724185.0,621.0,0.0785728131814877,0.2978604313060334,0.29786,False,ok
2,autoopttree_v49,chudi,77,2,0.1,0.464935064935065,5.0,4.0,0.0001512080198153,21.294,optimal,27.0,10.0,46.0,0.464935064935065,0.464935064935065,0.464935,True,ok
2,autoopttree_v49,chudi,77,2,0.05,0.25,0.0,5.0,0.0001871669664978,0.001,optimal,69.0,24.0,46.0,0.25,0.25,0.25,True,ok
2,autoopttree_v49,chudi,77,2,0.02,0.1,0.0,5.0,0.0001911249710246,0.001,optimal,78.0,26.0,46.0,0.1,0.1,0.1,True,ok
2,autoopttree_v49,chudi,77,2,0.01,0.05,0.0,5.0,0.0001905830577015,0.001,optimal,87.0,29.0,46.0,0.05,0.05,0.05,True,ok
2,autoopttree_v49,chudi,77,2,0.005,0.025,0.0,5.0,0.0001863340148702,0.001,optimal,87.0,29.0,46.0,0.025,0.025,0.025,True,ok
2,autoopttree_v49,monk_3,122,11,0.1,0.5213114754098361,27.0,3.0,4.1041988879442215e-05,0.001,optimal,6.0,3.0,11.0,0.521311475409836,0.521311475409836,0.521311,True,ok
2,autoopttree_v49,monk_3,122,11,0.05,0.3713114754098361,27.0,3.0,7.070798892527819e-05,0.001,optimal,28.0,15.0,11.0,0.371311475409836,0.371311475409836,0.371311,True,ok
2,autoopttree_v49,monk_3,122,11,0.02,0.2429508196721311,15.0,6.0,0.0002222920302301,0.001,optimal,131.0,88.0,11.0,0.2429508196721311,0.2429508196721311,0.2429508196721311,True,ok
2,autoopttree_v49,monk_3,122,11,0.01,0.1555737704918032,8.0,9.0,0.0005823749816045,0.001,optimal,385.0,284.0,11.0,0.1555737704918032,0.1555737704918032,0.1555737704918032,True,ok
2,autoopttree_v49,monk_3,122,11,0.005,0.0945901639344262,3.0,14.0,0.0019914169097319,0.003,optimal,1278.0,1003.0,11.0,0.0945901639344262,0.0945901639344262,0.09459,True,ok
2,autoopttree_v49,monk_1,124,11,0.1,0.4661290322580645,33.0,2.0,2.4792039766907692e-05,0.001,optimal,3.0,2.0,11.0,0.4661290322580644,0.4661290322580644,0.466129,True,ok
2,autoopttree_v49,monk_1,124,11,0.05,0.3387096774193548,11.0,5.0,7.137504871934652e-05,0.001,optimal,44.0,24.0,11.0,0.3387096774193548,0.3387096774193548,0.3387096774193548,True,ok
2,autoopttree_v49,monk_1,124,11,0.02,0.16,0.0,8.0,0.0001332079991698,0.001,optimal,95.0,50.0,11.0,0.16,0.16,0.16,True,ok
2,autoopttree_v49,monk_1,124,11,0.01,0.08,0.0,8.0,0.0001299999421462,0.001,optimal,101.0,51.0,11.0,0.08,0.08,0.08,True,ok
2,autoopttree_v49,monk_1,124,11,0.005,0.04,0.0,8.0,0.0001252089859917,0.001,optimal,101.0,51.0,11.0,0.04,0.04,0.04,True,ok
2,autoopttree_v49,iris,150,4,0.1,0.34,6.0,3.0,0.000101042096503,0.001,optimal,5.0,0.0,118.0,0.34,0.34,0.34,True,ok
2,autoopttree_v49,iris,150,4,0.05,0.19,6.0,3.0,0.0001361249014735,0.001,optimal,9.0,0.0,118.0,0.19,0.19,0.19,True,ok
2,autoopttree_v49,iris,150,4,0.02,0.1,6.0,3.0,0.0015285419067367,0.002,optimal,125.0,58.0,118.0,0.1,0.1,0.1,True,ok
2,autoopttree_v49,iris,150,4,0.01,0.06,3.0,4.0,0.0064862499712035,0.007,optimal,351.0,314.0,118.0,0.06,0.06,0.06,True,ok
2,autoopttree_v49,iris,150,4,0.005,0.0383333333333333,2.0,5.0,0.0235604579793289,0.024,optimal,285.0,1963.0,118.0,0.0383333333333333,0.0383333333333333,0.038333,True,ok
2,autoopttree_v49,monk_2,169,11,0.1,0.478698224852071,64.0,1.0,3.27499583363533e-05,0.001,optimal,1.0,1.0,11.0,0.478698224852071,0.478698224852071,0.478698,True,ok
2,autoopttree_v49,monk_2,169,11,0.05,0.428698224852071,64.0,1.0,6.691704038530588e-05,0.001,optimal,23.0,14.0,11.0,0.428698224852071,0.428698224852071,0.428698,True,ok
2,autoopttree_v49,monk_2,169,11,0.02,0.3589349112426035,37.0,7.0,0.0009658749913796,0.002,optimal,546.0,452.0,11.0,0.3589349112426035,0.3589349112426035,0.3589349112426035,True,ok
2,autoopttree_v49,monk_2,169,11,0.01,0.2650887573964497,11.0,20.0,0.0034179999493062,0.004,optimal,1886.0,1687.0,11.0,0.2650887573964497,0.2650887573964497,0.2650887573964497,True,ok
2,autoopttree_v49,monk_2,169,11,0.005,0.1527514792899408,3.0,27.0,0.005957500077784,0.007,optimal,2121.0,2871.0,11.0,0.1527514792899408,0.1527514792899408,0.152751,True,ok
2,autoopttree_v49,tic-tac-toe,958,9,0.1,0.4465553235908142,332.0,1.0,4.245794843882322e-05,0.004,optimal,1.0,1.0,27.0,0.4465553235908142,0.4465553235908142,0.446555,True,ok
2,autoopttree_v49,tic-tac-toe,958,9,0.05,0.3965553235908142,332.0,1.0,0.0003736249636858,0.004,optimal,55.0,38.0,27.0,0.3965553235908141,0.3965553235908141,0.396555,True,ok
2,autoopttree_v49,tic-tac-toe,958,9,0.02,0.3183298538622129,190.0,6.0,0.0125242910580709,0.016,optimal,955.0,4326.0,27.0,0.3183298538622129,0.3183298538622129,0.3183298538622129,True,ok
2,autoopttree_v49,tic-tac-toe,958,9,0.01,0.2507515657620042,154.0,9.0,0.0801197501132264,0.084,optimal,1097.0,45009.0,27.0,0.2507515657620042,0.2507515657620042,0.2507515657620042,True,ok
2,autoopttree_v49,tic-tac-toe,958,9,0.005,0.1542797494780793,52.0,20.0,0.2335201250389218,0.238,optimal,911.0,159680.0,27.0,0.1542797494780793,0.1542797494780793,0.1542797494780793,True,ok
2,autoopttree_v49,gaussian_1k,1000,1,0.1,0.397,297.0,1.0,0.0003480419982224,0.006,optimal,1.0,0.0,999.0,0.397,0.397,0.397,True,ok
2,autoopttree_v49,gaussian_1k,1000,1,0.05,0.275,125.0,3.0,0.0004461669595912,0.006,optimal,5.0,0.0,999.0,0.275,0.275,0.275,True,ok
2,autoopttree_v49,gaussian_1k,1000,1,0.02,0.185,125.0,3.0,0.0004996659699827,0.007,optimal,5.0,0.0,999.0,0.1849999999999999,0.1849999999999999,0.185,True,ok
2,autoopttree_v49,gaussian_1k,1000,1,0.01,0.155,125.0,3.0,0.0004992919275537,0.006,optimal,5.0,0.0,999.0,0.155,0.155,0.155,True,ok
2,autoopttree_v49,gaussian_1k,1000,1,0.005,0.14,125.0,3.0,0.0005308330291882,0.006,optimal,5.0,0.0,999.0,0.14,0.14,0.14,True,ok
2,autoopttree_v49,fico_1k,1000,23,0.1,0.491,291.0,2.0,0.0189751660218462,0.028,optimal,11.0,2546.0,1357.0,0.491,0.491,0.491,True,ok
2,autoopttree_v49,fico_1k,1000,23,0.05,0.391,291.0,2.0,30.0,30.034,time,11.0,3958846.0,1357.0,0.125,0.391,0.391,False,ok
2,autoopttree_v49,fico_1k,1000,23,0.02,0.3309999999999999,291.0,2.0,30.0,30.015,time,11.0,1765446.0,1357.0,0.065,0.3309999999999999,0.331,False,ok
2,autoopttree_v49,fico_1k,1000,23,0.01,0.304,264.0,4.0,30.0,30.015,time,17.0,1286289.0,1357.0,0.045,0.304,0.304,False,ok
2,autoopttree_v49,fico_1k,1000,23,0.005,0.284,264.0,4.0,30.0,30.016,time,17.0,1241685.0,1357.0,0.035,0.284,0.284,False,ok
2,autoopttree_v49,sine_1k,1000,1,0.1,0.595,495.0,1.0,0.0005412920145317,0.01,optimal,1.0,0.0,999.0,0.595,0.595,0.595,True,ok
2,autoopttree_v49,sine_1k,1000,1,0.05,0.545,495.0,1.0,0.0006567500531673,0.01,optimal,1.0,0.0,999.0,0.545,0.545,0.545,True,ok
2,autoopttree_v49,sine_1k,1000,1,0.02,0.494,454.0,2.0,0.000708624953404,0.01,optimal,3.0,0.0,999.0,0.494,0.494,0.494,True,ok
2,autoopttree_v49,sine_1k,1000,1,0.01,0.429,169.0,26.0,0.0007144169649109,0.009,optimal,51.0,0.0,999.0,0.4290000000000001,0.4290000000000001,0.429,True,ok
2,autoopttree_v49,sine_1k,1000,1,0.005,0.269,109.0,32.0,0.0007295419927686,0.009,optimal,63.0,0.0,999.0,0.2690000000000001,0.2690000000000001,0.269,True,ok
2,autoopttree_v49,car_evaluation,1728,15,0.1,0.3997685185185186,518.0,1.0,3.554089926183224e-05,0.002,optimal,1.0,1.0,15.0,0.3997685185185184,0.3997685185185184,0.3997685185185186,True,ok
2,autoopttree_v49,car_evaluation,1728,15,0.05,0.2946759259259259,250.0,3.0,9.32910479605198e-05,0.002,optimal,18.0,10.0,15.0,0.2946759259259259,0.2946759259259259,0.2946759259259259,True,ok
2,autoopttree_v49,car_evaluation,1728,15,0.02,0.2046759259259259,250.0,3.0,0.0011985829332843,0.003,optimal,548.0,379.0,15.0,0.2046759259259259,0.2046759259259259,0.2046759259259259,True,ok
2,autoopttree_v49,car_evaluation,1728,15,0.01,0.1452314814814815,130.0,7.0,0.0061952921096235,0.008,optimal,1555.0,1906.0,15.0,0.1452314814814815,0.1452314814814815,0.145231,True,ok
2,autoopttree_v49,car_evaluation,1728,15,0.005,0.1063425925925926,106.0,9.0,0.0166814590338617,0.018,optimal,1193.0,10752.0,15.0,0.1063425925925926,0.1063425925925926,0.1063425925925926,True,ok
2,autoopttree_v49,coupon_bar,1913,14,0.1,0.5119184526921067,788.0,1.0,2.7374946512281895e-05,0.002,optimal,1.0,1.0,14.0,0.5119184526921067,0.5119184526921067,0.511918,True,ok
2,autoopttree_v49,coupon_bar,1913,14,0.05,0.4538944066910612,677.0,2.0,6.495800334960222e-05,0.002,optimal,27.0,15.0,14.0,0.4538944066910611,0.4538944066910611,0.453894,True,ok
2,autoopttree_v49,coupon_bar,1913,14,0.02,0.3715525352848928,596.0,3.0,0.0003431669902056,0.002,optimal,189.0,122.0,14.0,0.3715525352848928,0.3715525352848928,0.3715525352848928,True,ok
2,autoopttree_v49,coupon_bar,1913,14,0.01,0.3410977522216414,576.0,4.0,0.0021230829879641,0.004,optimal,951.0,779.0,14.0,0.3410977522216414,0.3410977522216414,0.3410977522216414,True,ok
2,autoopttree_v49,coupon_bar,1913,14,0.005,0.3186199686356508,533.0,8.0,0.0094002910191193,0.011,optimal,1286.0,4615.0,14.0,0.3186199686356508,0.3186199686356508,0.3186199686356508,True,ok
2,autoopttree_v49,compas_binned,6907,12,0.1,0.5610829593166353,2494.0,2.0,3.187509719282389e-05,0.003,optimal,3.0,1.0,12.0,0.5610829593166353,0.5610829593166353,0.5610829593166353,True,ok
2,autoopttree_v49,compas_binned,6907,12,0.05,0.4610829593166353,2494.0,2.0,3.462505992501974e-05,0.003,optimal,3.0,1.0,12.0,0.4610829593166352,0.4610829593166352,0.4610829593166353,True,ok
2,autoopttree_v49,compas_binned,6907,12,0.02,0.4010829593166353,2494.0,2.0,7.633306086063385e-05,0.003,optimal,21.0,12.0,12.0,0.4010829593166353,0.4010829593166353,0.4010829593166353,True,ok
2,autoopttree_v49,compas_binned,6907,12,0.01,0.3748675256985666,2382.0,3.0,0.0002690000692382,0.003,optimal,109.0,63.0,12.0,0.3748675256985667,0.3748675256985667,0.3748675256985666,True,ok
2,autoopttree_v49,compas_binned,6907,12,0.005,0.355968582597365,2286.0,5.0,0.0007616250077262,0.004,optimal,289.0,201.0,12.0,0.3559685825973649,0.3559685825973649,0.355968582597365,True,ok
2,autoopttree_v49,fico_binary,10459,17,0.1,0.5040443637058992,3180.0,2.0,5.075009539723396e-05,0.006,optimal,3.0,1.0,17.0,0.5040443637058992,0.5040443637058992,0.504044,True,ok
2,autoopttree_v49,fico_binary,10459,17,0.05,0.4040443637058992,3180.0,2.0,0.0001041659852489,0.006,optimal,23.0,13.0,17.0,0.4040443637058992,0.4040443637058992,0.404044,True,ok
2,autoopttree_v49,fico_binary,10459,17,0.02,0.3440443637058992,3180.0,2.0,0.0008574579842388,0.006,optimal,277.0,166.0,17.0,0.3440443637058992,0.3440443637058992,0.344044,True,ok
2,autoopttree_v49,fico_binary,10459,17,0.01,0.3240443637058992,3180.0,2.0,0.0246060419594869,0.03,optimal,1063.0,6352.0,17.0,0.3240443637058992,0.3240443637058992,0.324044,True,ok
2,autoopttree_v49,fico_binary,10459,17,0.005,0.308650922650349,3019.0,4.0,0.2369486250681802,0.242,optimal,1302.0,96833.0,17.0,0.308650922650349,0.308650922650349,0.308650922650349,True,ok
2,autoopttree_v49,compas_processed,12381,22,0.1,0.411364187060819,3855.0,1.0,0.0003859170246869,0.063,optimal,23.0,13.0,621.0,0.411364187060819,0.411364187060819,0.411364,True,ok
2,autoopttree_v49,compas_processed,12381,22,0.05,0.3613641870608189,3855.0,1.0,0.0692027499899268,0.133,optimal,41.0,11949.0,621.0,0.3613641870608189,0.3613641870608189,0.361364,True,ok
2,autoopttree_v49,compas_processed,12381,22,0.02,0.3278604313060334,3564.0,2.0,16.443619124940597,16.509,memory,11.0,1532186.0,621.0,0.1085728131814877,0.3278604313060334,0.32786,False,ok
2,autoopttree_v49,compas_processed,12381,22,0.01,0.3078604313060334,3564.0,2.0,25.476845082943328,25.547,memory,11.0,1790666.0,621.0,0.0885728131814877,0.3078604313060334,0.30786,False,ok
2,autoopttree_v49,compas_processed,12381,22,0.005,0.2978604313060334,3564.0,2.0,30.0,30.269,time,11.0,1667853.0,621.0,0.0785728131814877,0.2978604313060334,0.29786,False,ok
1,gg_guided_db5,chudi,77,2,0.1,0.4727272727272727,21,2,0.0,0.779,heuristic,5,5,3,0.4727272689342499,0.4727272689342499,0.464935,True,worse_than_known
1,gg_guided_db5,chudi,77,2,0.05,0.2779220779220779,6,4,0.0,0.777,heuristic,14,17,3,0.2779220640659332,0.2779220640659332,0.25,True,worse_than_known
1,gg_guided_db5,chudi,77,2,0.02,0.1579220779220779,6,4,0.0,0.779,heuristic,14,17,3,0.15792205929756165,0.15792205929756165,0.1,True,worse_than_known
1,gg_guided_db5,chudi,77,2,0.01,0.11792207792207793,6,4,0.0,0.777,heuristic,14,17,3,0.11792206764221191,0.11792206764221191,0.05,True,worse_than_known
1,gg_guided_db5,chudi,77,2,0.005,0.09792207792207792,6,4,0.0,0.774,heuristic,14,17,3,0.09792207926511765,0.09792207926511765,0.025,True,worse_than_known
1,gg_guided_db5,monk_3,122,11,0.1,0.5213114754098361,27,3,0.0,0.779,heuristic,11,11,5,0.5213114619255066,0.5213114619255066,0.521311,True,ok
1,gg_guided_db5,monk_3,122,11,0.05,0.3713114754098361,27,3,0.0,0.779,heuristic,39,52,5,0.3713114559650421,0.3713114559650421,0.371311,True,ok
1,gg_guided_db5,monk_3,122,11,0.02,0.24295081967213114,15,6,0.0,0.778,heuristic,86,199,5,0.24295079708099365,0.24295079708099365,0.2429508196721311,True,ok
1,gg_guided_db5,monk_3,122,11,0.01,0.16557377049180327,8,10,0.0,0.771,heuristic,90,201,5,0.16557376086711884,0.16557376086711884,0.1555737704918032,True,worse_than_known
1,gg_guided_db5,monk_3,122,11,0.005,0.11557377049180328,8,10,0.0,0.769,heuristic,91,202,5,0.11557376384735107,0.11557376384735107,0.09459,True,worse_than_known
1,gg_guided_db5,monk_1,124,11,0.1,0.4661290322580645,33,2,0.0,0.779,heuristic,1,0,2,0.46612900495529175,0.46612900495529175,0.466129,True,ok
1,gg_guided_db5,monk_1,124,11,0.05,0.3661290322580645,33,2,0.0,0.774,heuristic,1,0,2,0.3661290407180786,0.3661290407180786,0.3387096774193548,True,worse_than_known
1,gg_guided_db5,monk_1,124,11,0.02,0.3061290322580645,33,2,0.0,0.777,heuristic,1,0,2,0.3061290383338928,0.3061290383338928,0.16,True,worse_than_known
1,gg_guided_db5,monk_1,124,11,0.01,0.2861290322580645,33,2,0.0,0.778,heuristic,1,0,2,0.2861289978027344,0.2861289978027344,0.08,True,worse_than_known
1,gg_guided_db5,monk_1,124,11,0.005,0.2761290322580645,33,2,0.0,0.778,heuristic,1,0,2,0.27612900733947754,0.27612900733947754,0.04,True,worse_than_known
1,gg_guided_db5,iris,150,4,0.1,0.5333333333333333,50,2,0.0,1.051,heuristic,1,0,1,0.5333333611488342,0.5333333611488342,0.34,True,worse_than_known
1,gg_guided_db5,iris,150,4,0.05,0.43333333333333335,50,2,0.0,1.049,heuristic,1,0,1,0.4333333671092987,0.4333333671092987,0.19,True,worse_than_known
1,gg_guided_db5,iris,150,4,0.02,0.3733333333333333,50,2,0.0,1.032,heuristic,1,0,1,0.3733333647251129,0.3733333647251129,0.1,True,worse_than_known
1,gg_guided_db5,iris,150,4,0.01,0.35333333333333333,50,2,0.0,1.034,heuristic,1,0,1,0.35333332419395447,0.35333332419395447,0.06,True,worse_than_known
1,gg_guided_db5,iris,150,4,0.005,0.3433333333333333,50,2,0.0,1.032,heuristic,1,0,1,0.34333333373069763,0.34333333373069763,0.038333,True,worse_than_known
1,gg_guided_db5,monk_2,169,11,0.1,0.47869822485207103,64,1,0.0,0.779,heuristic,1,0,6,0.4786982238292694,0.4786982238292694,0.478698,True,ok
1,gg_guided_db5,monk_2,169,11,0.05,0.428698224852071,64,1,0.0,0.776,heuristic,1,0,6,0.42869824171066284,0.42869824171066284,0.428698,True,ok
1,gg_guided_db5,monk_2,169,11,0.02,0.398698224852071,64,1,0.0,0.778,heuristic,1,0,6,0.39869824051856995,0.39869824051856995,0.3589349112426035,True,worse_than_known
1,gg_guided_db5,monk_2,169,11,0.01,0.388698224852071,64,1,0.0,0.778,heuristic,1,0,6,0.3886982202529907,0.3886982202529907,0.2650887573964497,True,worse_than_known
1,gg_guided_db5,monk_2,169,11,0.005,0.37002958579881656,60,3,0.0,0.774,heuristic,7,7,6,0.3700295686721802,0.3700295686721802,0.152751,True,worse_than_known
1,gg_guided_db5,tic-tac-toe,958,9,0.1,0.4465553235908142,332,1,0.0,1.029,heuristic,1,0,5,0.44655531644821167,0.44655531644821167,0.446555,True,ok
1,gg_guided_db5,tic-tac-toe,958,9,0.05,0.3965553235908142,332,1,0.0,1.039,heuristic,3,3,5,0.3965553343296051,0.3965553343296051,0.396555,True,ok
1,gg_guided_db5,tic-tac-toe,958,9,0.02,0.3406263048016701,288,2,0.0,1.038,heuristic,49,71,5,0.3406262993812561,0.3406262993812561,0.3183298538622129,True,worse_than_known
1,gg_guided_db5,tic-tac-toe,958,9,0.01,0.3073903966597077,237,6,0.0,1.052,heuristic,125,250,5,0.30739039182662964,0.30739039182662964,0.2507515657620042,True,worse_than_known
1,gg_guided_db5,tic-tac-toe,958,9,0.005,0.27338204592901877,214,10,0.0,1.044,heuristic,125,269,5,0.2733820378780365,0.2733820378780365,0.1542797494780793,True,worse_than_known
1,gg_guided_db5,gaussian_1k,1000,1,0.1,0.397,297,1,0.0,1.041,heuristic,1,0,6,0.3970000147819519,0.3970000147819519,0.397,True,ok
1,gg_guided_db5,gaussian_1k,1000,1,0.05,0.275,125,3,0.0,1.033,heuristic,13,13,6,0.2750000059604645,0.2750000059604645,0.275,True,ok
1,gg_guided_db5,gaussian_1k,1000,1,0.02,0.185,125,3,0.0,1.039,heuristic,32,35,6,0.1850000023841858,0.1850000023841858,0.185,True,ok
1,gg_guided_db5,gaussian_1k,1000,1,0.01,0.155,125,3,0.0,1.041,heuristic,50,67,6,0.1550000011920929,0.1550000011920929,0.155,True,ok
1,gg_guided_db5,gaussian_1k,1000,1,0.005,0.14,125,3,0.0,1.042,heuristic,56,73,6,0.14000001549720764,0.14000001549720764,0.14,True,ok
1,gg_guided_db5,fico_1k,1000,23,0.1,0.491,291,2,0.0,1.036,heuristic,1,0,13,0.4910000264644623,0.4910000264644623,0.491,True,ok
1,gg_guided_db5,fico_1k,1000,23,0.05,0.391,291,2,0.0,1.039,heuristic,1,0,13,0.39100000262260437,0.39100000262260437,0.391,False,ok
1,gg_guided_db5,fico_1k,1000,23,0.02,0.33099999999999996,291,2,0.0,1.039,heuristic,21,21,13,0.3310000002384186,0.3310000002384186,0.331,False,ok
1,gg_guided_db5,fico_1k,1000,23,0.01,0.304,264,4,0.004,1.04,heuristic,617,1132,13,0.30400002002716064,0.30400002002716064,0.304,False,ok
1,gg_guided_db5,fico_1k,1000,23,0.005,0.28400000000000003,264,4,0.021,1.034,heuristic,2498,5839,13,0.2840000092983246,0.2840000092983246,0.284,False,ok
1,gg_guided_db5,sine_1k,1000,1,0.1,0.595,495,1,0.0,1.047,heuristic,1,0,7,0.5950000286102295,0.5950000286102295,0.595,True,ok
1,gg_guided_db5,sine_1k,1000,1,0.05,0.545,495,1,0.0,1.044,heuristic,1,0,7,0.5450000166893005,0.5450000166893005,0.545,True,ok
1,gg_guided_db5,sine_1k,1000,1,0.02,0.494,454,2,0.0,1.048,heuristic,33,49,7,0.49400001764297485,0.49400001764297485,0.494,True,ok
1,gg_guided_db5,sine_1k,1000,1,0.01,0.46699999999999997,407,6,0.0,1.04,heuristic,104,296,7,0.46700000762939453,0.46700000762939453,0.429,True,worse_than_known
1,gg_guided_db5,sine_1k,1000,1,0.005,0.43699999999999994,407,6,0.0,1.043,heuristic,104,295,7,0.43699997663497925,0.43699997663497925,0.269,True,worse_than_known
1,gg_guided_db5,car_evaluation,1728,15,0.1,0.3997685185185186,518,1,0.0,1.052,heuristic,1,0,2,0.39976850152015686,0.39976850152015686,0.3997685185185186,True,ok
1,gg_guided_db5,car_evaluation,1728,15,0.05,0.29467592592592595,250,3,0.0,1.056,heuristic,5,5,2,0.29467591643333435,0.29467591643333435,0.2946759259259259,True,ok
1,gg_guided_db5,car_evaluation,1728,15,0.02,0.20467592592592593,250,3,0.0,1.057,heuristic,5,5,2,0.20467591285705566,0.20467591285705566,0.2046759259259259,True,ok
1,gg_guided_db5,car_evaluation,1728,15,0.01,0.17467592592592593,250,3,0.0,1.04,heuristic,5,5,2,0.17467594146728516,0.17467594146728516,0.145231,True,worse_than_known
1,gg_guided_db5,car_evaluation,1728,15,0.005,0.15967592592592594,250,3,0.0,1.039,heuristic,5,5,2,0.15967591106891632,0.15967591106891632,0.1063425925925926,True,worse_than_known
1,gg_guided_db5,coupon_bar,1913,14,0.1,0.5119184526921067,788,1,0.0,0.779,heuristic,1,0,4,0.5119184255599976,0.5119184255599976,0.511918,True,ok
1,gg_guided_db5,coupon_bar,1913,14,0.05,0.4538944066910612,677,2,0.0,1.052,heuristic,1,0,4,0.4538944363594055,0.4538944363594055,0.453894,True,ok
1,gg_guided_db5,coupon_bar,1913,14,0.02,0.37155253528489285,596,3,0.0,1.059,heuristic,20,21,4,0.3715525269508362,0.3715525269508362,0.3715525352848928,True,ok
1,gg_guided_db5,coupon_bar,1913,14,0.01,0.3415525352848928,596,3,0.0,1.049,heuristic,24,26,4,0.3415525257587433,0.3415525257587433,0.3410977522216414,True,worse_than_known
1,gg_guided_db5,coupon_bar,1913,14,0.005,0.325279665446942,584,4,0.0,1.042,heuristic,30,40,4,0.3252796232700348,0.3252796232700348,0.3186199686356508,True,worse_than_known
1,gg_guided_db5,compas_binned,6907,12,0.1,0.5610829593166353,2494,2,0.0,1.04,heuristic,1,0,6,0.5610829591751099,0.5610829591751099,0.5610829593166353,True,ok
1,gg_guided_db5,compas_binned,6907,12,0.05,0.46108295931663534,2494,2,0.0,1.042,heuristic,1,0,6,0.46108299493789673,0.46108299493789673,0.4610829593166353,True,ok
1,gg_guided_db5,compas_binned,6907,12,0.02,0.4010829593166353,2494,2,0.0,1.044,heuristic,7,7,6,0.40108299255371094,0.40108299255371094,0.4010829593166353,True,ok
1,gg_guided_db5,compas_binned,6907,12,0.01,0.37486752569856663,2382,3,0.0,1.051,heuristic,21,21,6,0.3748675286769867,0.3748675286769867,0.3748675256985666,True,ok
1,gg_guided_db5,compas_binned,6907,12,0.005,0.3577732734906617,2333,4,0.0,1.052,heuristic,65,79,6,0.3577732741832733,0.3577732741832733,0.355968582597365,True,worse_than_known
1,gg_guided_db5,fico_binary,10459,17,0.1,0.5040443637058992,3180,2,0.0,1.049,heuristic,1,0,12,0.5040444135665894,0.5040444135665894,0.504044,True,ok
1,gg_guided_db5,fico_binary,10459,17,0.05,0.40404436370589925,3180,2,0.0,1.045,heuristic,1,0,12,0.40404438972473145,0.40404438972473145,0.404044,True,ok
1,gg_guided_db5,fico_binary,10459,17,0.02,0.3440443637058992,3180,2,0.0,1.044,heuristic,11,11,12,0.34404438734054565,0.34404438734054565,0.344044,True,ok
1,gg_guided_db5,fico_binary,10459,17,0.01,0.32404436370589923,3180,2,0.001,1.04,heuristic,71,90,12,0.324044406414032,0.324044406414032,0.324044,True,ok
1,gg_guided_db5,fico_binary,10459,17,0.005,0.308650922650349,3019,4,0.029,1.037,heuristic,1060,1853,12,0.3086509108543396,0.3086509108543396,0.308650922650349,True,ok
1,gg_guided_db5,compas_processed,12381,22,0.1,0.411364187060819,3855,1,0.0,2.094,heuristic,1,0,11,0.41136419773101807,0.41136419773101807,0.411364,True,ok
1,gg_guided_db5,compas_processed,12381,22,0.05,0.36136418706081896,3855,1,0.0,2.111,heuristic,1,0,11,0.3613642156124115,0.3613642156124115,0.361364,True,ok
1,gg_guided_db5,compas_processed,12381,22,0.02,0.32786043130603343,3564,2,0.0,2.109,heuristic,1,0,11,0.32786041498184204,0.32786041498184204,0.32786,False,ok
1,gg_guided_db5,compas_processed,12381,22,0.01,0.30786043130603347,3564,2,0.0,2.107,heuristic,1,0,11,0.30786043405532837,0.30786043405532837,0.30786,False,ok
1,gg_guided_db5,compas_processed,12381,22,0.005,0.29786043130603346,3564,2,0.0,2.093,heuristic,1,0,11,0.29786041378974915,0.29786041378974915,0.29786,False,ok
1,gg_guided_e60d2,chudi,77,2,0.1,0.48181818181818187,14,3,0.0,1.039,heuristic,12,19,4,0.48181816935539246,0.48181816935539246,0.464935,True,worse_than_known
1,gg_guided_e60d2,chudi,77,2,0.05,0.25,0,5,0.0,1.041,heuristic,15,39,4,0.25,0.25,0.25,True,ok
1,gg_guided_e60d2,chudi,77,2,0.02,0.1,0,5,0.0,1.041,heuristic,15,39,4,0.09999999403953552,0.09999999403953552,0.1,True,ok
1,gg_guided_e60d2,chudi,77,2,0.01,0.05,0,5,0.0,1.041,heuristic,15,39,4,0.04999999701976776,0.04999999701976776,0.05,True,ok
1,gg_guided_e60d2,chudi,77,2,0.005,0.025,0,5,0.0,1.037,heuristic,15,39,4,0.02499999850988388,0.02499999850988388,0.025,True,ok
1,gg_guided_e60d2,monk_3,122,11,0.1,0.5213114754098361,27,3,0.0,1.055,heuristic,11,11,5,0.5213114619255066,0.5213114619255066,0.521311,True,ok
1,gg_guided_e60d2,monk_3,122,11,0.05,0.3713114754098361,27,3,0.0,1.056,heuristic,32,67,5,0.3713114559650421,0.3713114559650421,0.371311,True,ok
1,gg_guided_e60d2,monk_3,122,11,0.02,0.24295081967213114,15,6,0.0,1.051,heuristic,59,243,5,0.24295079708099365,0.24295079708099365,0.2429508196721311,True,ok
1,gg_guided_e60d2,monk_3,122,11,0.01,0.15557377049180326,8,9,0.0,1.051,heuristic,60,265,5,0.1555737555027008,0.1555737555027008,0.1555737704918032,True,ok
1,gg_guided_e60d2,monk_3,122,11,0.005,0.11057377049180328,8,9,0.0,1.053,heuristic,60,265,5,0.11057376861572266,0.11057376861572266,0.09459,True,worse_than_known
1,gg_guided_e60d2,monk_1,124,11,0.1,0.4661290322580645,33,2,0.0,1.057,heuristic,23,23,11,0.46612900495529175,0.46612900495529175,0.466129,True,ok
1,gg_guided_e60d2,monk_1,124,11,0.05,0.33870967741935487,11,5,0.001,1.056,heuristic,304,577,11,0.33870968222618103,0.33870968222618103,0.3387096774193548,True,ok
1,gg_guided_e60d2,monk_1,124,11,0.02,0.16,0,8,0.041,1.052,heuristic,3592,10412,11,0.15999998152256012,0.15999998152256012,0.16,True,ok
1,gg_guided_e60d2,monk_1,124,11,0.01,0.08,0,8,0.212,1.04,heuristic,6810,26470,11,0.07999999076128006,0.07999999076128006,0.08,True,ok
1,gg_guided_e60d2,monk_1,124,11,0.005,0.04,0,8,0.03,1.048,heuristic,2365,4909,11,0.03999999538064003,0.03999999538064003,0.04,True,ok
1,gg_guided_e60d2,iris,150,4,0.1,0.34,6,3,0.0,1.042,heuristic,23,23,6,0.3400000035762787,0.3400000035762787,0.34,True,ok
1,gg_guided_e60d2,iris,150,4,0.05,0.19000000000000003,6,3,0.0,1.043,heuristic,29,33,6,0.1899999976158142,0.1899999976158142,0.19,True,ok
1,gg_guided_e60d2,iris,150,4,0.02,0.1,6,3,0.0,1.032,heuristic,37,48,6,0.09999999403953552,0.09999999403953552,0.1,True,ok
1,gg_guided_e60d2,iris,150,4,0.01,0.06666666666666667,4,4,0.0,1.043,heuristic,52,106,6,0.06666666269302368,0.06666666269302368,0.06,True,worse_than_known
1,gg_guided_e60d2,iris,150,4,0.005,0.04666666666666667,4,4,0.0,1.04,heuristic,70,178,6,0.04666666314005852,0.04666666314005852,0.038333,True,worse_than_known
1,gg_guided_e60d2,monk_2,169,11,0.1,0.47869822485207103,64,1,0.0,0.779,heuristic,1,0,8,0.4786982238292694,0.4786982238292694,0.478698,True,ok
1,gg_guided_e60d2,monk_2,169,11,0.05,0.428698224852071,64,1,0.0,0.776,heuristic,7,7,8,0.42869824171066284,0.42869824171066284,0.428698,True,ok
1,gg_guided_e60d2,monk_2,169,11,0.02,0.3744378698224852,43,6,0.001,0.779,heuristic,317,615,8,0.3744378685951233,0.3744378685951233,0.3589349112426035,True,worse_than_known
1,gg_guided_e60d2,monk_2,169,11,0.01,0.3007692307692308,39,7,0.004,1.05,heuristic,755,1704,8,0.30076920986175537,0.30076920986175537,0.2650887573964497,True,worse_than_known
1,gg_guided_e60d2,monk_2,169,11,0.005,0.26576923076923076,39,7,0.002,1.05,heuristic,340,548,8,0.26576921343803406,0.26576921343803406,0.152751,True,worse_than_known
1,gg_guided_e60d2,tic-tac-toe,958,9,0.1,0.4465553235908142,332,1,0.0,1.036,heuristic,1,0,13,0.44655531644821167,0.44655531644821167,0.446555,True,ok
1,gg_guided_e60d2,tic-tac-toe,958,9,0.05,0.3965553235908142,332,1,0.0,1.041,heuristic,3,3,13,0.3965553343296051,0.3965553343296051,0.396555,True,ok
1,gg_guided_e60d2,tic-tac-toe,958,9,0.02,0.33052192066805847,240,4,0.0,1.038,heuristic,135,160,13,0.33052194118499756,0.33052194118499756,0.3183298538622129,True,worse_than_known
1,gg_guided_e60d2,tic-tac-toe,958,9,0.01,0.29052192066805843,240,4,0.007,1.041,heuristic,1398,1879,13,0.29052191972732544,0.29052191972732544,0.2507515657620042,True,worse_than_known
1,gg_guided_e60d2,tic-tac-toe,958,9,0.005,0.24085594989561587,202,6,0.023,1.04,heuristic,3678,5454,13,0.266127347946167,0.266127347946167,0.1542797494780793,True,worse_than_known
1,gg_guided_e60d2,gaussian_1k,1000,1,0.1,0.397,297,1,0.0,1.565,heuristic,1,0,28,0.3970000147819519,0.3970000147819519,0.397,True,ok
1,gg_guided_e60d2,gaussian_1k,1000,1,0.05,0.275,125,3,0.001,1.567,heuristic,148,261,28,0.2750000059604645,0.2750000059604645,0.275,True,ok
1,gg_guided_e60d2,gaussian_1k,1000,1,0.02,0.185,125,3,0.008,1.57,heuristic,269,1407,28,0.1850000023841858,0.1850000023841858,0.185,True,ok
1,gg_guided_e60d2,gaussian_1k,1000,1,0.01,0.155,125,3,0.024,1.556,heuristic,385,4579,28,0.1550000011920929,0.1550000011920929,0.155,True,ok
1,gg_guided_e60d2,gaussian_1k,1000,1,0.005,0.14,125,3,0.037,1.562,heuristic,435,7631,28,0.14000000059604645,0.14000000059604645,0.14,True,ok
1,gg_guided_e60d2,fico_1k,1000,23,0.1,0.491,291,2,0.0,1.823,heuristic,1,0,73,0.4910000264644623,0.4910000264644623,0.491,True,ok
1,gg_guided_e60d2,fico_1k,1000,23,0.05,0.391,291,2,0.001,1.819,heuristic,71,71,73,0.39100000262260437,0.39100000262260437,0.391,False,ok
1,gg_guided_e60d2,fico_1k,1000,23,0.02,0.33099999999999996,291,2,30.0,32.353,time,307476,749999,73,0.289000004529953,0.3310000002384186,0.331,False,ok
1,gg_guided_e60d2,fico_1k,1000,23,0.01,nan,,,30.0,16.056,memory,,,,,,0.304,False,no_tree
1,gg_guided_e60d2,fico_1k,1000,23,0.005,nan,,,30.0,13.969,memory,,,,,,0.284,False,no_tree
1,gg_guided_e60d2,sine_1k,1000,1,0.1,0.595,495,1,0.002,1.334,heuristic,158,286,49,0.5950000286102295,0.5950000286102295,0.595,True,ok
1,gg_guided_e60d2,sine_1k,1000,1,0.05,0.545,495,1,0.327,1.56,heuristic,1275,31998,49,0.5450000166893005,0.5450000166893005,0.545,True,ok
1,gg_guided_e60d2,sine_1k,1000,1,0.02,0.494,454,2,0.378,1.558,heuristic,1275,57962,49,0.49400001764297485,0.49400001764297485,0.494,True,ok
1,gg_guided_e60d2,sine_1k,1000,1,0.01,nan,,,30.0,6.201,memory,,,,,,0.429,True,no_tree
1,gg_guided_e60d2,sine_1k,1000,1,0.005,nan,,,30.0,6.22,memory,,,,,,0.269,True,no_tree
1,gg_guided_e60d2,car_evaluation,1728,15,0.1,0.3997685185185186,518,1,0.0,1.05,heuristic,7,7,11,0.39976850152015686,0.39976850152015686,0.3997685185185186,True,ok
1,gg_guided_e60d2,car_evaluation,1728,15,0.05,0.29467592592592595,250,3,0.0,1.048,heuristic,107,131,11,0.29467591643333435,0.29467591643333435,0.2946759259259259,True,ok
1,gg_guided_e60d2,car_evaluation,1728,15,0.02,0.20467592592592593,250,3,0.023,1.043,heuristic,2247,5642,11,0.20467591285705566,0.20467591285705566,0.2046759259259259,True,ok
1,gg_guided_e60d2,car_evaluation,1728,15,0.01,0.1452314814814815,130,7,0.083,1.032,heuristic,6111,20550,11,0.1452314853668213,0.1452314853668213,0.145231,True,ok
1,gg_guided_e60d2,car_evaluation,1728,15,0.005,0.11023148148148149,130,7,0.185,1.311,heuristic,10800,46566,11,0.11023148894309998,0.11023148894309998,0.1063425925925926,True,worse_than_known
1,gg_guided_e60d2,coupon_bar,1913,14,0.1,0.5119184526921067,788,1,0.0,1.041,heuristic,1,0,6,0.5119184255599976,0.5119184255599976,0.511918,True,ok
1,gg_guided_e60d2,coupon_bar,1913,14,0.05,0.4538944066910612,677,2,0.0,1.043,heuristic,13,13,6,0.4538944363594055,0.4538944363594055,0.453894,True,ok
1,gg_guided_e60d2,coupon_bar,1913,14,0.02,0.37155253528489285,596,3,0.0,1.043,heuristic,42,59,6,0.3715525269508362,0.3715525269508362,0.3715525352848928,True,ok
1,gg_guided_e60d2,coupon_bar,1913,14,0.01,0.3410977522216414,576,4,0.0,1.041,heuristic,89,209,6,0.34109771251678467,0.34109771251678467,0.3410977522216414,True,ok
1,gg_guided_e60d2,coupon_bar,1913,14,0.005,0.31982488238369056,564,5,0.0,1.034,heuristic,110,327,6,0.31982484459877014,0.31982484459877014,0.3186199686356508,True,worse_than_known
1,gg_guided_e60d2,compas_binned,6907,12,0.1,0.5610829593166353,2494,2,0.0,1.035,heuristic,1,0,12,0.5610829591751099,0.5610829591751099,0.5610829593166353,True,ok
1,gg_guided_e60d2,compas_binned,6907,12,0.05,0.46108295931663534,2494,2,0.0,1.04,heuristic,1,0,12,0.46108299493789673,0.46108299493789673,0.4610829593166353,True,ok
1,gg_guided_e60d2,compas_binned,6907,12,0.02,0.4010829593166353,2494,2,0.0,1.037,heuristic,17,17,12,0.40108299255371094,0.40108299255371094,0.4010829593166353,True,ok
1,gg_guided_e60d2,compas_binned,6907,12,0.01,0.37486752569856663,2382,3,0.002,1.039,heuristic,158,247,12,0.3748675286769867,0.3748675286769867,0.3748675256985666,True,ok
1,gg_guided_e60d2,compas_binned,6907,12,0.005,0.355968582597365,2286,5,0.04,1.04,heuristic,1377,3598,12,0.3559685945510864,0.3559685945510864,0.355968582597365,True,ok
1,gg_guided_e60d2,fico_binary,10459,17,0.1,0.5040443637058992,3180,2,0.0,1.572,heuristic,1,0,15,0.5040444135665894,0.5040444135665894,0.504044,True,ok
1,gg_guided_e60d2,fico_binary,10459,17,0.05,0.40404436370589925,3180,2,0.0,1.571,heuristic,1,0,15,0.40404438972473145,0.40404438972473145,0.404044,True,ok
1,gg_guided_e60d2,fico_binary,10459,17,0.02,0.3440443637058992,3180,2,0.0,1.569,heuristic,13,13,15,0.34404438734054565,0.34404438734054565,0.344044,True,ok
1,gg_guided_e60d2,fico_binary,10459,17,0.01,0.32404436370589923,3180,2,0.008,1.575,heuristic,324,432,15,0.324044406414032,0.324044406414032,0.324044,True,ok
1,gg_guided_e60d2,fico_binary,10459,17,0.005,0.308650922650349,3019,4,0.358,1.821,heuristic,9040,19475,15,0.3086509108543396,0.3086509108543396,0.308650922650349,True,ok
1,gg_guided_e60d2,compas_processed,12381,22,0.1,0.411364187060819,3855,1,0.0,5.703,heuristic,1,0,62,0.41136419773101807,0.41136419773101807,0.411364,True,ok
1,gg_guided_e60d2,compas_processed,12381,22,0.05,0.36136418706081896,3855,1,0.0,5.7,heuristic,1,0,62,0.3613642156124115,0.3613642156124115,0.361364,True,ok
1,gg_guided_e60d2,compas_processed,12381,22,0.02,0.32786043130603343,3564,2,0.002,5.976,heuristic,31,31,62,0.32786041498184204,0.32786041498184204,0.32786,False,ok
1,gg_guided_e60d2,compas_processed,12381,22,0.01,0.30786043130603347,3564,2,0.425,6.226,heuristic,4599,6336,62,0.30786043405532837,0.30786043405532837,0.30786,False,ok
1,gg_guided_e60d2,compas_processed,12381,22,0.005,nan,,,30.0,13.464,memory,,,,,,0.29786,False,no_tree
1,gg_exact_simsup,chudi,77,2,0.1,0.464935064935065,5,4,0.006,0.784,optimal,450,1090,46,0.4649350643157959,0.4649350643157959,0.464935,True,ok
1,gg_exact_simsup,chudi,77,2,0.05,0.25,0,5,0.873,1.814,optimal,7690,84999,46,0.25,0.25,0.25,True,ok
1,gg_exact_simsup,chudi,77,2,0.02,0.1,0,5,9.868,10.882,optimal,13321,333078,46,0.09999999403953552,0.09999999403953552,0.1,True,ok
1,gg_exact_simsup,chudi,77,2,0.01,0.05,0,5,17.047,18.134,optimal,13858,408424,46,0.04999999701976776,0.04999999701976776,0.05,True,ok
1,gg_exact_simsup,chudi,77,2,0.005,0.025,0,5,18.841,19.771,optimal,13979,437640,46,0.02499999850988388,0.02499999850988388,0.025,True,ok
1,gg_exact_simsup,monk_3,122,11,0.1,0.5213114754098361,27,3,0.0,0.796,optimal,24,27,11,0.5213114619255066,0.5213114619255066,0.521311,True,ok
1,gg_exact_simsup,monk_3,122,11,0.05,0.3713114754098361,27,3,0.003,0.796,optimal,672,1229,11,0.3713114559650421,0.3713114559650421,0.371311,True,ok
1,gg_exact_simsup,monk_3,122,11,0.02,0.24295081967213114,15,6,0.047,0.795,optimal,3914,12718,11,0.24295079708099365,0.24295079708099365,0.2429508196721311,True,ok
1,gg_exact_simsup,monk_3,122,11,0.01,0.15557377049180326,8,9,0.262,1.051,optimal,7119,31972,11,0.1555737555027008,0.1555737555027008,0.1555737704918032,True,ok
1,gg_exact_simsup,monk_3,122,11,0.005,0.09459016393442624,3,14,1.122,2.117,optimal,9273,63129,11,0.09459015727043152,0.09459015727043152,0.09459,True,ok
1,gg_exact_simsup,monk_1,124,11,0.1,0.4661290322580645,33,2,0.0,0.799,optimal,29,31,11,0.46612900495529175,0.46612900495529175,0.466129,True,ok
1,gg_exact_simsup,monk_1,124,11,0.05,0.33870967741935487,11,5,0.001,0.795,optimal,340,660,11,0.33870968222618103,0.33870968222618103,0.3387096774193548,True,ok
1,gg_exact_simsup,monk_1,124,11,0.02,0.16,0,8,0.045,0.794,optimal,3970,12082,11,0.15999998152256012,0.15999998152256012,0.16,True,ok
1,gg_exact_simsup,monk_1,124,11,0.01,0.08,0,8,0.255,1.054,optimal,7228,30849,11,0.07999999076128006,0.07999999076128006,0.08,True,ok
1,gg_exact_simsup,monk_1,124,11,0.005,0.04,0,8,0.84,1.844,optimal,8849,54699,11,0.03999999538064003,0.03999999538064003,0.04,True,ok
1,gg_exact_simsup,iris,150,4,0.1,0.34,6,3,4.267,5.28,optimal,29239,166409,118,0.3400000035762787,0.3400000035762787,0.34,True,ok
1,gg_exact_simsup,iris,150,4,0.05,0.19000000000000003,6,3,30.0,31.568,time,56449,619999,118,0.15000000596046448,0.4333333373069763,0.19,True,ok
1,gg_exact_simsup,iris,150,4,0.02,0.1,6,3,30.0,32.123,time,51231,589999,118,0.05999999865889549,0.3733333349227905,0.1,True,ok
1,gg_exact_simsup,iris,150,4,0.01,0.07,6,3,30.0,32.32,time,51218,589999,118,0.029999999329447746,0.35333332419395447,0.06,True,worse_than_known
1,gg_exact_simsup,iris,150,4,0.005,0.055,6,3,30.0,32.369,time,51219,589999,118,0.014999999664723873,0.34333333373069763,0.038333,True,worse_than_known
1,gg_exact_simsup,monk_2,169,11,0.1,0.47869822485207103,64,1,0.0,0.791,optimal,23,23,11,0.4786982238292694,0.4786982238292694,0.478698,True,ok
1,gg_exact_simsup,monk_2,169,11,0.05,0.428698224852071,64,1,0.003,0.796,optimal,662,1260,11,0.42869824171066284,0.42869824171066284,0.428698,True,ok
1,gg_exact_simsup,monk_2,169,11,0.02,0.35893491124260357,37,7,0.062,1.062,optimal,4633,15773,11,0.3589348793029785,0.3589348793029785,0.3589349112426035,True,ok
1,gg_exact_simsup,monk_2,169,11,0.01,0.2650887573964497,11,20,0.419,1.324,optimal,9057,45065,11,0.2650887370109558,0.2650887370109558,0.2650887573964497,True,ok
1,gg_exact_simsup,monk_2,169,11,0.005,0.15275147928994084,3,27,2.011,2.883,optimal,12201,98797,11,0.15275147557258606,0.15275147557258606,0.152751,True,ok
1,gg_exact_simsup,tic-tac-toe,958,9,0.1,0.4465553235908142,332,1,0.0,0.797,optimal,55,55,27,0.44655531644821167,0.44655531644821167,0.446555,True,ok
1,gg_exact_simsup,tic-tac-toe,958,9,0.05,0.3965553235908142,332,1,0.046,1.066,optimal,4761,7613,27,0.3965553343296051,0.3965553343296051,0.396555,True,ok
1,gg_exact_simsup,tic-tac-toe,958,9,0.02,0.3183298538622129,190,6,8.492,9.976,optimal,385953,979902,27,0.3183298707008362,0.3183298707008362,0.3183298538622129,True,ok
1,gg_exact_simsup,tic-tac-toe,958,9,0.01,nan,,,30.0,18.41,memory,,,,,,0.2507515657620042,True,no_tree
1,gg_exact_simsup,tic-tac-toe,958,9,0.005,nan,,,30.0,10.298,memory,,,,,,0.1542797494780793,True,no_tree
1,gg_exact_simsup,gaussian_1k,1000,1,0.1,0.397,297,1,0.218,1.055,optimal,1791,1791,999,0.3970000147819519,0.3970000147819519,0.397,True,ok
1,gg_exact_simsup,gaussian_1k,1000,1,0.05,nan,,,30.0,9.209,memory,,,,,,0.275,True,no_tree
1,gg_exact_simsup,gaussian_1k,1000,1,0.02,nan,,,30.0,8.715,memory,,,,,,0.185,True,no_tree
1,gg_exact_simsup,gaussian_1k,1000,1,0.01,nan,,,30.0,8.433,memory,,,,,,0.155,True,no_tree
1,gg_exact_simsup,gaussian_1k,1000,1,0.005,nan,,,30.0,8.418,memory,,,,,,0.14,True,no_tree
1,gg_exact_simsup,fico_1k,1000,23,0.1,0.491,291,2,30.0,32.328,time,80928,159999,1357,0.32499998807907104,0.4910000264644623,0.491,True,ok
1,gg_exact_simsup,fico_1k,1000,23,0.05,nan,,,30.0,4.485,memory,,,,,,0.391,False,no_tree
1,gg_exact_simsup,fico_1k,1000,23,0.02,nan,,,30.0,4.509,memory,,,,,,0.331,False,no_tree
1,gg_exact_simsup,fico_1k,1000,23,0.01,nan,,,30.0,4.507,memory,,,,,,0.304,False,no_tree
1,gg_exact_simsup,fico_1k,1000,23,0.005,nan,,,30.0,4.753,memory,,,,,,0.284,False,no_tree
1,gg_exact_simsup,sine_1k,1000,1,0.1,0.595,495,1,30.0,32.633,time,36937,189999,999,0.30000001192092896,0.5950000286102295,0.595,True,ok
1,gg_exact_simsup,sine_1k,1000,1,0.05,nan,,,30.0,8.449,memory,,,,,,0.545,True,no_tree
1,gg_exact_simsup,sine_1k,1000,1,0.02,nan,,,30.0,8.17,memory,,,,,,0.494,True,no_tree
1,gg_exact_simsup,sine_1k,1000,1,0.01,nan,,,30.0,8.18,memory,,,,,,0.429,True,no_tree
1,gg_exact_simsup,sine_1k,1000,1,0.005,nan,,,30.0,8.156,memory,,,,,,0.269,True,no_tree
1,gg_exact_simsup,car_evaluation,1728,15,0.1,0.3997685185185186,518,1,0.0,0.796,optimal,21,21,15,0.39976850152015686,0.39976850152015686,0.3997685185185186,True,ok
1,gg_exact_simsup,car_evaluation,1728,15,0.05,0.29467592592592595,250,3,0.003,0.79,optimal,476,775,15,0.29467591643333435,0.29467591643333435,0.2946759259259259,True,ok
1,gg_exact_simsup,car_evaluation,1728,15,0.02,0.20467592592592593,250,3,0.319,1.324,optimal,19198,57423,15,0.20467591285705566,0.20467591285705566,0.2046759259259259,True,ok
1,gg_exact_simsup,car_evaluation,1728,15,0.01,0.1452314814814815,130,7,1.621,2.646,optimal,64159,277008,15,0.1452314853668213,0.1452314853668213,0.145231,True,ok
1,gg_exact_simsup,car_evaluation,1728,15,0.005,0.1063425925925926,106,9,4.414,5.538,optimal,126710,744674,15,0.10634259879589081,0.10634259879589081,0.1063425925925926,True,ok
1,gg_exact_simsup,coupon_bar,1913,14,0.1,0.5119184526921067,788,1,0.0,0.794,optimal,1,0,14,0.5119184255599976,0.5119184255599976,0.511918,True,ok
1,gg_exact_simsup,coupon_bar,1913,14,0.05,0.4538944066910612,677,2,0.0,0.79,optimal,29,29,14,0.4538944363594055,0.4538944363594055,0.453894,True,ok
1,gg_exact_simsup,coupon_bar,1913,14,0.02,0.37155253528489285,596,3,0.008,0.788,optimal,731,1832,14,0.3715525269508362,0.3715525269508362,0.3715525352848928,True,ok
1,gg_exact_simsup,coupon_bar,1913,14,0.01,0.3410977522216414,576,4,0.275,1.055,optimal,9215,47638,14,0.34109771251678467,0.34109771251678467,0.3410977522216414,True,ok
1,gg_exact_simsup,coupon_bar,1913,14,0.005,0.3186199686356508,533,8,1.586,2.657,optimal,28273,230995,14,0.318619966506958,0.318619966506958,0.3186199686356508,True,ok
1,gg_exact_simsup,compas_binned,6907,12,0.1,0.5610829593166353,2494,2,0.0,0.802,optimal,1,0,12,0.5610829591751099,0.5610829591751099,0.5610829593166353,True,ok
1,gg_exact_simsup,compas_binned,6907,12,0.05,0.46108295931663534,2494,2,0.0,0.791,optimal,1,0,12,0.46108299493789673,0.46108299493789673,0.4610829593166353,True,ok
1,gg_exact_simsup,compas_binned,6907,12,0.02,0.4010829593166353,2494,2,0.0,0.781,optimal,21,21,12,0.40108299255371094,0.40108299255371094,0.4010829593166353,True,ok
1,gg_exact_simsup,compas_binned,6907,12,0.01,0.37486752569856663,2382,3,0.003,0.79,optimal,220,382,12,0.3748675286769867,0.3748675286769867,0.3748675256985666,True,ok
1,gg_exact_simsup,compas_binned,6907,12,0.005,0.355968582597365,2286,5,0.039,0.796,optimal,1578,4347,12,0.3559685945510864,0.3559685945510864,0.355968582597365,True,ok
1,gg_exact_simsup,fico_binary,10459,17,0.1,0.5040443637058992,3180,2,0.0,0.795,optimal,1,0,17,0.5040444135665894,0.5040444135665894,0.504044,True,ok
1,gg_exact_simsup,fico_binary,10459,17,0.05,0.40404436370589925,3180,2,0.0,0.797,optimal,25,25,17,0.40404438972473145,0.40404438972473145,0.404044,True,ok
1,gg_exact_simsup,fico_binary,10459,17,0.02,0.3440443637058992,3180,2,0.023,0.797,optimal,693,1261,17,0.34404438734054565,0.34404438734054565,0.344044,True,ok
1,gg_exact_simsup,fico_binary,10459,17,0.01,0.32404436370589923,3180,2,1.178,2.117,optimal,23755,62320,17,0.324044406414032,0.324044406414032,0.324044,True,ok
1,gg_exact_simsup,fico_binary,10459,17,0.005,0.308650922650349,3019,4,12.192,13.425,optimal,167235,607808,17,0.3086509108543396,0.3086509108543396,0.308650922650349,True,ok
1,gg_exact_simsup,compas_processed,12381,22,0.1,0.411364187060819,3855,1,0.544,1.617,optimal,1045,1046,621,0.41136419773101807,0.41136419773101807,0.411364,True,ok
1,gg_exact_simsup,compas_processed,12381,22,0.05,nan,,,30.0,4.768,memory,,,,,,0.361364,True,no_tree
1,gg_exact_simsup,compas_processed,12381,22,0.02,nan,,,30.0,1.603,memory,,,,,,0.32786,False,no_tree
1,gg_exact_simsup,compas_processed,12381,22,0.01,nan,,,30.0,1.346,memory,,,,,,0.30786,False,no_tree
1,gg_exact_simsup,compas_processed,12381,22,0.005,nan,,,30.0,1.585,memory,,,,,,0.29786,False,no_tree
2,gg_guided_e60d2,chudi,77,2,0.1,0.48181818181818187,14,3,0.0,1.562,heuristic,12,19,4,0.48181816935539246,0.48181816935539246,0.464935,True,worse_than_known
2,gg_guided_e60d2,chudi,77,2,0.05,0.25,0,5,0.0,1.038,heuristic,15,39,4,0.25,0.25,0.25,True,ok
2,gg_guided_e60d2,chudi,77,2,0.02,0.1,0,5,0.0,1.038,heuristic,15,39,4,0.09999999403953552,0.09999999403953552,0.1,True,ok
2,gg_guided_e60d2,chudi,77,2,0.01,0.05,0,5,0.0,1.035,heuristic,15,39,4,0.04999999701976776,0.04999999701976776,0.05,True,ok
2,gg_guided_e60d2,chudi,77,2,0.005,0.025,0,5,0.0,1.032,heuristic,15,39,4,0.02499999850988388,0.02499999850988388,0.025,True,ok
2,gg_guided_e60d2,monk_3,122,11,0.1,0.5213114754098361,27,3,0.0,1.045,heuristic,11,11,5,0.5213114619255066,0.5213114619255066,0.521311,True,ok
2,gg_guided_e60d2,monk_3,122,11,0.05,0.3713114754098361,27,3,0.0,1.048,heuristic,32,67,5,0.3713114559650421,0.3713114559650421,0.371311,True,ok
2,gg_guided_e60d2,monk_3,122,11,0.02,0.24295081967213114,15,6,0.0,1.053,heuristic,59,243,5,0.24295079708099365,0.24295079708099365,0.2429508196721311,True,ok
2,gg_guided_e60d2,monk_3,122,11,0.01,0.15557377049180326,8,9,0.0,1.052,heuristic,60,265,5,0.1555737555027008,0.1555737555027008,0.1555737704918032,True,ok
2,gg_guided_e60d2,monk_3,122,11,0.005,0.11057377049180328,8,9,0.0,1.05,heuristic,60,265,5,0.11057376861572266,0.11057376861572266,0.09459,True,worse_than_known
2,gg_guided_e60d2,monk_1,124,11,0.1,0.4661290322580645,33,2,0.0,1.051,heuristic,23,23,11,0.46612900495529175,0.46612900495529175,0.466129,True,ok
2,gg_guided_e60d2,monk_1,124,11,0.05,0.33870967741935487,11,5,0.001,1.056,heuristic,304,577,11,0.33870968222618103,0.33870968222618103,0.3387096774193548,True,ok
2,gg_guided_e60d2,monk_1,124,11,0.02,0.16,0,8,0.04,1.041,heuristic,3592,10412,11,0.15999998152256012,0.15999998152256012,0.16,True,ok
2,gg_guided_e60d2,monk_1,124,11,0.01,0.08,0,8,0.203,1.034,heuristic,6810,26470,11,0.07999999076128006,0.07999999076128006,0.08,True,ok
2,gg_guided_e60d2,monk_1,124,11,0.005,0.04,0,8,0.03,1.036,heuristic,2365,4909,11,0.03999999538064003,0.03999999538064003,0.04,True,ok
2,gg_guided_e60d2,iris,150,4,0.1,0.34,6,3,0.0,1.041,heuristic,23,23,6,0.3400000035762787,0.3400000035762787,0.34,True,ok
2,gg_guided_e60d2,iris,150,4,0.05,0.19000000000000003,6,3,0.0,1.039,heuristic,29,33,6,0.1899999976158142,0.1899999976158142,0.19,True,ok
2,gg_guided_e60d2,iris,150,4,0.02,0.1,6,3,0.0,1.036,heuristic,37,48,6,0.09999999403953552,0.09999999403953552,0.1,True,ok
2,gg_guided_e60d2,iris,150,4,0.01,0.06666666666666667,4,4,0.0,1.039,heuristic,52,106,6,0.06666666269302368,0.06666666269302368,0.06,True,worse_than_known
2,gg_guided_e60d2,iris,150,4,0.005,0.04666666666666667,4,4,0.0,1.039,heuristic,70,178,6,0.04666666314005852,0.04666666314005852,0.038333,True,worse_than_known
2,gg_guided_e60d2,monk_2,169,11,0.1,0.47869822485207103,64,1,0.0,1.048,heuristic,1,0,8,0.4786982238292694,0.4786982238292694,0.478698,True,ok
2,gg_guided_e60d2,monk_2,169,11,0.05,0.428698224852071,64,1,0.0,1.058,heuristic,7,7,8,0.42869824171066284,0.42869824171066284,0.428698,True,ok
2,gg_guided_e60d2,monk_2,169,11,0.02,0.3744378698224852,43,6,0.001,1.051,heuristic,317,615,8,0.3744378685951233,0.3744378685951233,0.3589349112426035,True,worse_than_known
2,gg_guided_e60d2,monk_2,169,11,0.01,0.3007692307692308,39,7,0.004,1.052,heuristic,755,1704,8,0.30076920986175537,0.30076920986175537,0.2650887573964497,True,worse_than_known
2,gg_guided_e60d2,monk_2,169,11,0.005,0.26576923076923076,39,7,0.001,1.056,heuristic,340,548,8,0.26576921343803406,0.26576921343803406,0.152751,True,worse_than_known
2,gg_guided_e60d2,tic-tac-toe,958,9,0.1,0.4465553235908142,332,1,0.0,1.046,heuristic,1,0,13,0.44655531644821167,0.44655531644821167,0.446555,True,ok
2,gg_guided_e60d2,tic-tac-toe,958,9,0.05,0.3965553235908142,332,1,0.0,1.035,heuristic,3,3,13,0.3965553343296051,0.3965553343296051,0.396555,True,ok
2,gg_guided_e60d2,tic-tac-toe,958,9,0.02,0.33052192066805847,240,4,0.0,1.038,heuristic,135,160,13,0.33052194118499756,0.33052194118499756,0.3183298538622129,True,worse_than_known
2,gg_guided_e60d2,tic-tac-toe,958,9,0.01,0.29052192066805843,240,4,0.007,1.042,heuristic,1398,1879,13,0.29052191972732544,0.29052191972732544,0.2507515657620042,True,worse_than_known
2,gg_guided_e60d2,tic-tac-toe,958,9,0.005,0.24085594989561587,202,6,0.023,1.04,heuristic,3678,5454,13,0.266127347946167,0.266127347946167,0.1542797494780793,True,worse_than_known
2,gg_guided_e60d2,gaussian_1k,1000,1,0.1,0.397,297,1,0.0,1.563,heuristic,1,0,28,0.3970000147819519,0.3970000147819519,0.397,True,ok
2,gg_guided_e60d2,gaussian_1k,1000,1,0.05,0.275,125,3,0.001,1.574,heuristic,148,261,28,0.2750000059604645,0.2750000059604645,0.275,True,ok
2,gg_guided_e60d2,gaussian_1k,1000,1,0.02,0.185,125,3,0.009,1.569,heuristic,269,1407,28,0.1850000023841858,0.1850000023841858,0.185,True,ok
2,gg_guided_e60d2,gaussian_1k,1000,1,0.01,0.155,125,3,0.024,1.562,heuristic,385,4579,28,0.1550000011920929,0.1550000011920929,0.155,True,ok
2,gg_guided_e60d2,gaussian_1k,1000,1,0.005,0.14,125,3,0.036,1.56,heuristic,435,7631,28,0.14000000059604645,0.14000000059604645,0.14,True,ok
2,gg_guided_e60d2,fico_1k,1000,23,0.1,0.491,291,2,0.0,1.826,heuristic,1,0,73,0.4910000264644623,0.4910000264644623,0.491,True,ok
2,gg_guided_e60d2,fico_1k,1000,23,0.05,0.391,291,2,0.001,1.816,heuristic,71,71,73,0.39100000262260437,0.39100000262260437,0.391,False,ok
2,gg_guided_e60d2,fico_1k,1000,23,0.02,0.33099999999999996,291,2,30.0,32.844,time,275905,669999,73,0.289000004529953,0.3310000002384186,0.331,False,ok
2,gg_guided_e60d2,fico_1k,1000,23,0.01,0.311,291,2,30.0,37.733,time,96690,249999,73,0.2590000033378601,0.3110000193119049,0.304,False,worse_than_known
2,gg_guided_e60d2,fico_1k,1000,23,0.005,nan,,,30.0,17.323,memory,,,,,,0.284,False,no_tree
2,gg_guided_e60d2,sine_1k,1000,1,0.1,0.595,495,1,0.002,1.294,heuristic,158,286,49,0.5950000286102295,0.5950000286102295,0.595,True,ok
2,gg_guided_e60d2,sine_1k,1000,1,0.05,0.545,495,1,0.329,1.549,heuristic,1275,31998,49,0.5450000166893005,0.5450000166893005,0.545,True,ok
2,gg_guided_e60d2,sine_1k,1000,1,0.02,0.494,454,2,0.38,1.551,heuristic,1275,57962,49,0.49400001764297485,0.49400001764297485,0.494,True,ok
2,gg_guided_e60d2,sine_1k,1000,1,0.01,nan,,,30.0,80.197,crash,,,,,,0.429,True,WRONG
2,gg_guided_e60d2,sine_1k,1000,1,0.005,nan,,,30.0,75.834,crash,,,,,,0.269,True,WRONG
2,gg_guided_e60d2,car_evaluation,1728,15,0.1,0.3997685185185186,518,1,0.0,1.302,heuristic,7,7,11,0.39976850152015686,0.39976850152015686,0.3997685185185186,True,ok
2,gg_guided_e60d2,car_evaluation,1728,15,0.05,0.29467592592592595,250,3,0.0,1.051,heuristic,107,131,11,0.29467591643333435,0.29467591643333435,0.2946759259259259,True,ok
2,gg_guided_e60d2,car_evaluation,1728,15,0.02,0.20467592592592593,250,3,0.024,1.043,heuristic,2247,5642,11,0.20467591285705566,0.20467591285705566,0.2046759259259259,True,ok
2,gg_guided_e60d2,car_evaluation,1728,15,0.01,0.1452314814814815,130,7,0.087,1.031,heuristic,6111,20550,11,0.1452314853668213,0.1452314853668213,0.145231,True,ok
2,gg_guided_e60d2,car_evaluation,1728,15,0.005,0.11023148148148149,130,7,0.186,1.292,heuristic,10800,46566,11,0.11023148894309998,0.11023148894309998,0.1063425925925926,True,worse_than_known
2,gg_guided_e60d2,coupon_bar,1913,14,0.1,0.5119184526921067,788,1,0.0,1.035,heuristic,1,0,6,0.5119184255599976,0.5119184255599976,0.511918,True,ok
2,gg_guided_e60d2,coupon_bar,1913,14,0.05,0.4538944066910612,677,2,0.0,1.034,heuristic,13,13,6,0.4538944363594055,0.4538944363594055,0.453894,True,ok
2,gg_guided_e60d2,coupon_bar,1913,14,0.02,0.37155253528489285,596,3,0.0,1.04,heuristic,42,59,6,0.3715525269508362,0.3715525269508362,0.3715525352848928,True,ok
2,gg_guided_e60d2,coupon_bar,1913,14,0.01,0.3410977522216414,576,4,0.0,1.03,heuristic,89,209,6,0.34109771251678467,0.34109771251678467,0.3410977522216414,True,ok
2,gg_guided_e60d2,coupon_bar,1913,14,0.005,0.31982488238369056,564,5,0.0,1.034,heuristic,110,327,6,0.31982484459877014,0.31982484459877014,0.3186199686356508,True,worse_than_known
2,gg_guided_e60d2,compas_binned,6907,12,0.1,0.5610829593166353,2494,2,0.0,1.04,heuristic,1,0,12,0.5610829591751099,0.5610829591751099,0.5610829593166353,True,ok
2,gg_guided_e60d2,compas_binned,6907,12,0.05,0.46108295931663534,2494,2,0.0,1.029,heuristic,1,0,12,0.46108299493789673,0.46108299493789673,0.4610829593166353,True,ok
2,gg_guided_e60d2,compas_binned,6907,12,0.02,0.4010829593166353,2494,2,0.0,1.032,heuristic,17,17,12,0.40108299255371094,0.40108299255371094,0.4010829593166353,True,ok
2,gg_guided_e60d2,compas_binned,6907,12,0.01,0.37486752569856663,2382,3,0.002,1.038,heuristic,158,247,12,0.3748675286769867,0.3748675286769867,0.3748675256985666,True,ok
2,gg_guided_e60d2,compas_binned,6907,12,0.005,0.355968582597365,2286,5,0.04,1.038,heuristic,1377,3598,12,0.3559685945510864,0.3559685945510864,0.355968582597365,True,ok
2,gg_guided_e60d2,fico_binary,10459,17,0.1,0.5040443637058992,3180,2,0.0,1.555,heuristic,1,0,15,0.5040444135665894,0.5040444135665894,0.504044,True,ok
2,gg_guided_e60d2,fico_binary,10459,17,0.05,0.40404436370589925,3180,2,0.0,1.551,heuristic,1,0,15,0.40404438972473145,0.40404438972473145,0.404044,True,ok
2,gg_guided_e60d2,fico_binary,10459,17,0.02,0.3440443637058992,3180,2,0.0,1.561,heuristic,13,13,15,0.34404438734054565,0.34404438734054565,0.344044,True,ok
2,gg_guided_e60d2,fico_binary,10459,17,0.01,0.32404436370589923,3180,2,0.008,1.564,heuristic,324,432,15,0.324044406414032,0.324044406414032,0.324044,True,ok
2,gg_guided_e60d2,fico_binary,10459,17,0.005,0.308650922650349,3019,4,0.361,1.819,heuristic,9040,19475,15,0.3086509108543396,0.3086509108543396,0.308650922650349,True,ok
2,gg_guided_e60d2,compas_processed,12381,22,0.1,0.411364187060819,3855,1,0.0,5.95,heuristic,1,0,62,0.41136419773101807,0.41136419773101807,0.411364,True,ok
2,gg_guided_e60d2,compas_processed,12381,22,0.05,0.36136418706081896,3855,1,0.0,5.959,heuristic,1,0,62,0.3613642156124115,0.3613642156124115,0.361364,True,ok
2,gg_guided_e60d2,compas_processed,12381,22,0.02,0.32786043130603343,3564,2,0.002,5.969,heuristic,31,31,62,0.32786041498184204,0.32786041498184204,0.32786,False,ok
2,gg_guided_e60d2,compas_processed,12381,22,0.01,0.30786043130603347,3564,2,0.425,6.215,heuristic,4599,6336,62,0.30786043405532837,0.30786043405532837,0.30786,False,ok
2,gg_guided_e60d2,compas_processed,12381,22,0.005,nan,,,30.0,15.769,memory,,,,,,0.29786,False,no_tree
3,gg_guided_e60d2,chudi,77,2,0.1,0.48181818181818187,14,3,0.0,1.302,heuristic,12,19,4,0.48181816935539246,0.48181816935539246,0.464935,True,worse_than_known
3,gg_guided_e60d2,chudi,77,2,0.05,0.25,0,5,0.0,1.041,heuristic,15,39,4,0.25,0.25,0.25,True,ok
3,gg_guided_e60d2,chudi,77,2,0.02,0.1,0,5,0.0,1.034,heuristic,15,39,4,0.09999999403953552,0.09999999403953552,0.1,True,ok
3,gg_guided_e60d2,chudi,77,2,0.01,0.05,0,5,0.0,1.04,heuristic,15,39,4,0.04999999701976776,0.04999999701976776,0.05,True,ok
3,gg_guided_e60d2,chudi,77,2,0.005,0.025,0,5,0.0,1.036,heuristic,15,39,4,0.02499999850988388,0.02499999850988388,0.025,True,ok
3,gg_guided_e60d2,monk_3,122,11,0.1,0.5213114754098361,27,3,0.0,1.042,heuristic,11,11,5,0.5213114619255066,0.5213114619255066,0.521311,True,ok
3,gg_guided_e60d2,monk_3,122,11,0.05,0.3713114754098361,27,3,0.0,1.05,heuristic,32,67,5,0.3713114559650421,0.3713114559650421,0.371311,True,ok
3,gg_guided_e60d2,monk_3,122,11,0.02,0.24295081967213114,15,6,0.0,1.043,heuristic,59,243,5,0.24295079708099365,0.24295079708099365,0.2429508196721311,True,ok
3,gg_guided_e60d2,monk_3,122,11,0.01,0.15557377049180326,8,9,0.0,1.04,heuristic,60,265,5,0.1555737555027008,0.1555737555027008,0.1555737704918032,True,ok
3,gg_guided_e60d2,monk_3,122,11,0.005,0.11057377049180328,8,9,0.0,1.037,heuristic,60,265,5,0.11057376861572266,0.11057376861572266,0.09459,True,worse_than_known
3,gg_guided_e60d2,monk_1,124,11,0.1,0.4661290322580645,33,2,0.0,0.778,heuristic,23,23,11,0.46612900495529175,0.46612900495529175,0.466129,True,ok
3,gg_guided_e60d2,monk_1,124,11,0.05,0.33870967741935487,11,5,0.001,0.778,heuristic,304,577,11,0.33870968222618103,0.33870968222618103,0.3387096774193548,True,ok
3,gg_guided_e60d2,monk_1,124,11,0.02,0.16,0,8,0.04,1.046,heuristic,3592,10412,11,0.15999998152256012,0.15999998152256012,0.16,True,ok
3,gg_guided_e60d2,monk_1,124,11,0.01,0.08,0,8,0.21,1.041,heuristic,6810,26470,11,0.07999999076128006,0.07999999076128006,0.08,True,ok
3,gg_guided_e60d2,monk_1,124,11,0.005,0.04,0,8,0.031,1.046,heuristic,2365,4909,11,0.03999999538064003,0.03999999538064003,0.04,True,ok
3,gg_guided_e60d2,iris,150,4,0.1,0.34,6,3,0.0,1.04,heuristic,23,23,6,0.3400000035762787,0.3400000035762787,0.34,True,ok
3,gg_guided_e60d2,iris,150,4,0.05,0.19000000000000003,6,3,0.0,1.036,heuristic,29,33,6,0.1899999976158142,0.1899999976158142,0.19,True,ok
3,gg_guided_e60d2,iris,150,4,0.02,0.1,6,3,0.0,1.037,heuristic,37,48,6,0.09999999403953552,0.09999999403953552,0.1,True,ok
3,gg_guided_e60d2,iris,150,4,0.01,0.06666666666666667,4,4,0.0,1.041,heuristic,52,106,6,0.06666666269302368,0.06666666269302368,0.06,True,worse_than_known
3,gg_guided_e60d2,iris,150,4,0.005,0.04666666666666667,4,4,0.0,1.038,heuristic,70,178,6,0.04666666314005852,0.04666666314005852,0.038333,True,worse_than_known
3,gg_guided_e60d2,monk_2,169,11,0.1,0.47869822485207103,64,1,0.0,1.04,heuristic,1,0,8,0.4786982238292694,0.4786982238292694,0.478698,True,ok
3,gg_guided_e60d2,monk_2,169,11,0.05,0.428698224852071,64,1,0.0,1.039,heuristic,7,7,8,0.42869824171066284,0.42869824171066284,0.428698,True,ok
3,gg_guided_e60d2,monk_2,169,11,0.02,0.3744378698224852,43,6,0.001,1.034,heuristic,317,615,8,0.3744378685951233,0.3744378685951233,0.3589349112426035,True,worse_than_known
3,gg_guided_e60d2,monk_2,169,11,0.01,0.3007692307692308,39,7,0.004,1.037,heuristic,755,1704,8,0.30076920986175537,0.30076920986175537,0.2650887573964497,True,worse_than_known
3,gg_guided_e60d2,monk_2,169,11,0.005,0.26576923076923076,39,7,0.002,1.039,heuristic,340,548,8,0.26576921343803406,0.26576921343803406,0.152751,True,worse_than_known
3,gg_guided_e60d2,tic-tac-toe,958,9,0.1,0.4465553235908142,332,1,0.0,1.04,heuristic,1,0,13,0.44655531644821167,0.44655531644821167,0.446555,True,ok
3,gg_guided_e60d2,tic-tac-toe,958,9,0.05,0.3965553235908142,332,1,0.0,1.026,heuristic,3,3,13,0.3965553343296051,0.3965553343296051,0.396555,True,ok
3,gg_guided_e60d2,tic-tac-toe,958,9,0.02,0.33052192066805847,240,4,0.0,1.033,heuristic,135,160,13,0.33052194118499756,0.33052194118499756,0.3183298538622129,True,worse_than_known
3,gg_guided_e60d2,tic-tac-toe,958,9,0.01,0.29052192066805843,240,4,0.007,1.038,heuristic,1398,1879,13,0.29052191972732544,0.29052191972732544,0.2507515657620042,True,worse_than_known
3,gg_guided_e60d2,tic-tac-toe,958,9,0.005,0.24085594989561587,202,6,0.023,1.039,heuristic,3678,5454,13,0.266127347946167,0.266127347946167,0.1542797494780793,True,worse_than_known
3,gg_guided_e60d2,gaussian_1k,1000,1,0.1,0.397,297,1,0.0,1.558,heuristic,1,0,28,0.3970000147819519,0.3970000147819519,0.397,True,ok
3,gg_guided_e60d2,gaussian_1k,1000,1,0.05,0.275,125,3,0.001,1.564,heuristic,148,261,28,0.2750000059604645,0.2750000059604645,0.275,True,ok
3,gg_guided_e60d2,gaussian_1k,1000,1,0.02,0.185,125,3,0.008,1.556,heuristic,269,1407,28,0.1850000023841858,0.1850000023841858,0.185,True,ok
3,gg_guided_e60d2,gaussian_1k,1000,1,0.01,0.155,125,3,0.024,1.561,heuristic,385,4579,28,0.1550000011920929,0.1550000011920929,0.155,True,ok
3,gg_guided_e60d2,gaussian_1k,1000,1,0.005,0.14,125,3,0.038,1.551,heuristic,435,7631,28,0.14000000059604645,0.14000000059604645,0.14,True,ok
3,gg_guided_e60d2,fico_1k,1000,23,0.1,0.491,291,2,0.0,1.808,heuristic,1,0,73,0.4910000264644623,0.4910000264644623,0.491,True,ok
3,gg_guided_e60d2,fico_1k,1000,23,0.05,0.391,291,2,0.001,1.816,heuristic,71,71,73,0.39100000262260437,0.39100000262260437,0.391,False,ok
3,gg_guided_e60d2,fico_1k,1000,23,0.02,0.33099999999999996,291,2,30.0,32.845,time,295326,719999,73,0.289000004529953,0.3310000002384186,0.331,False,ok
3,gg_guided_e60d2,fico_1k,1000,23,0.01,nan,,,30.0,14.942,memory,,,,,,0.304,False,no_tree
3,gg_guided_e60d2,fico_1k,1000,23,0.005,nan,,,30.0,15.907,memory,,,,,,0.284,False,no_tree
3,gg_guided_e60d2,sine_1k,1000,1,0.1,0.595,495,1,0.002,1.3,heuristic,158,286,49,0.5950000286102295,0.5950000286102295,0.595,True,ok
3,gg_guided_e60d2,sine_1k,1000,1,0.05,0.545,495,1,0.355,1.552,heuristic,1275,31998,49,0.5450000166893005,0.5450000166893005,0.545,True,ok
3,gg_guided_e60d2,sine_1k,1000,1,0.02,0.494,454,2,0.373,1.557,heuristic,1275,57962,49,0.49400001764297485,0.49400001764297485,0.494,True,ok
3,gg_guided_e60d2,sine_1k,1000,1,0.01,nan,,,30.0,6.217,memory,,,,,,0.429,True,no_tree
3,gg_guided_e60d2,sine_1k,1000,1,0.005,nan,,,30.0,6.216,memory,,,,,,0.269,True,no_tree
3,gg_guided_e60d2,car_evaluation,1728,15,0.1,0.3997685185185186,518,1,0.0,1.043,heuristic,7,7,11,0.39976850152015686,0.39976850152015686,0.3997685185185186,True,ok
3,gg_guided_e60d2,car_evaluation,1728,15,0.05,0.29467592592592595,250,3,0.0,1.046,heuristic,107,131,11,0.29467591643333435,0.29467591643333435,0.2946759259259259,True,ok
3,gg_guided_e60d2,car_evaluation,1728,15,0.02,0.20467592592592593,250,3,0.023,1.047,heuristic,2247,5642,11,0.20467591285705566,0.20467591285705566,0.2046759259259259,True,ok
3,gg_guided_e60d2,car_evaluation,1728,15,0.01,0.1452314814814815,130,7,0.083,1.041,heuristic,6111,20550,11,0.1452314853668213,0.1452314853668213,0.145231,True,ok
3,gg_guided_e60d2,car_evaluation,1728,15,0.005,0.11023148148148149,130,7,0.182,1.309,heuristic,10800,46566,11,0.11023148894309998,0.11023148894309998,0.1063425925925926,True,worse_than_known
3,gg_guided_e60d2,coupon_bar,1913,14,0.1,0.5119184526921067,788,1,0.0,1.041,heuristic,1,0,6,0.5119184255599976,0.5119184255599976,0.511918,True,ok
3,gg_guided_e60d2,coupon_bar,1913,14,0.05,0.4538944066910612,677,2,0.0,1.042,heuristic,13,13,6,0.4538944363594055,0.4538944363594055,0.453894,True,ok
3,gg_guided_e60d2,coupon_bar,1913,14,0.02,0.37155253528489285,596,3,0.0,1.042,heuristic,42,59,6,0.3715525269508362,0.3715525269508362,0.3715525352848928,True,ok
3,gg_guided_e60d2,coupon_bar,1913,14,0.01,0.3410977522216414,576,4,0.0,1.042,heuristic,89,209,6,0.34109771251678467,0.34109771251678467,0.3410977522216414,True,ok
3,gg_guided_e60d2,coupon_bar,1913,14,0.005,0.31982488238369056,564,5,0.0,1.041,heuristic,110,327,6,0.31982484459877014,0.31982484459877014,0.3186199686356508,True,worse_than_known
3,gg_guided_e60d2,compas_binned,6907,12,0.1,0.5610829593166353,2494,2,0.0,1.041,heuristic,1,0,12,0.5610829591751099,0.5610829591751099,0.5610829593166353,True,ok
3,gg_guided_e60d2,compas_binned,6907,12,0.05,0.46108295931663534,2494,2,0.0,1.039,heuristic,1,0,12,0.46108299493789673,0.46108299493789673,0.4610829593166353,True,ok
3,gg_guided_e60d2,compas_binned,6907,12,0.02,0.4010829593166353,2494,2,0.0,1.034,heuristic,17,17,12,0.40108299255371094,0.40108299255371094,0.4010829593166353,True,ok
3,gg_guided_e60d2,compas_binned,6907,12,0.01,0.37486752569856663,2382,3,0.002,1.038,heuristic,158,247,12,0.3748675286769867,0.3748675286769867,0.3748675256985666,True,ok
3,gg_guided_e60d2,compas_binned,6907,12,0.005,0.355968582597365,2286,5,0.039,1.039,heuristic,1377,3598,12,0.3559685945510864,0.3559685945510864,0.355968582597365,True,ok
3,gg_guided_e60d2,fico_binary,10459,17,0.1,0.5040443637058992,3180,2,0.0,1.573,heuristic,1,0,15,0.5040444135665894,0.5040444135665894,0.504044,True,ok
3,gg_guided_e60d2,fico_binary,10459,17,0.05,0.40404436370589925,3180,2,0.0,1.573,heuristic,1,0,15,0.40404438972473145,0.40404438972473145,0.404044,True,ok
3,gg_guided_e60d2,fico_binary,10459,17,0.02,0.3440443637058992,3180,2,0.0,1.564,heuristic,13,13,15,0.34404438734054565,0.34404438734054565,0.344044,True,ok
3,gg_guided_e60d2,fico_binary,10459,17,0.01,0.32404436370589923,3180,2,0.008,1.575,heuristic,324,432,15,0.324044406414032,0.324044406414032,0.324044,True,ok
3,gg_guided_e60d2,fico_binary,10459,17,0.005,0.308650922650349,3019,4,0.359,1.823,heuristic,9040,19475,15,0.3086509108543396,0.3086509108543396,0.308650922650349,True,ok
3,gg_guided_e60d2,compas_processed,12381,22,0.1,0.411364187060819,3855,1,0.0,5.7,heuristic,1,0,62,0.41136419773101807,0.41136419773101807,0.411364,True,ok
3,gg_guided_e60d2,compas_processed,12381,22,0.05,0.36136418706081896,3855,1,0.0,5.974,heuristic,1,0,62,0.3613642156124115,0.3613642156124115,0.361364,True,ok
3,gg_guided_e60d2,compas_processed,12381,22,0.02,0.32786043130603343,3564,2,0.002,5.976,heuristic,31,31,62,0.32786041498184204,0.32786041498184204,0.32786,False,ok
3,gg_guided_e60d2,compas_processed,12381,22,0.01,0.30786043130603347,3564,2,0.43,6.497,heuristic,4599,6336,62,0.30786043405532837,0.30786043405532837,0.30786,False,ok
3,gg_guided_e60d2,compas_processed,12381,22,0.005,nan,,,30.0,17.093,memory,,,,,,0.29786,False,no_tree
2,gg_exact_simsup,chudi,77,2,0.1,0.464935064935065,5,4,0.006,1.038,optimal,450,1090,46,0.4649350643157959,0.4649350643157959,0.464935,True,ok
2,gg_exact_simsup,chudi,77,2,0.05,0.25,0,5,0.906,1.812,optimal,7690,84999,46,0.25,0.25,0.25,True,ok
2,gg_exact_simsup,chudi,77,2,0.02,0.1,0,5,10.4,11.368,optimal,13321,333078,46,0.09999999403953552,0.09999999403953552,0.1,True,ok
2,gg_exact_simsup,chudi,77,2,0.01,0.05,0,5,17.183,18.058,optimal,13858,408424,46,0.04999999701976776,0.04999999701976776,0.05,True,ok
2,gg_exact_simsup,chudi,77,2,0.005,0.025,0,5,19.663,20.642,optimal,13979,437640,46,0.02499999850988388,0.02499999850988388,0.025,True,ok
2,gg_exact_simsup,monk_3,122,11,0.1,0.5213114754098361,27,3,0.0,0.773,optimal,24,27,11,0.5213114619255066,0.5213114619255066,0.521311,True,ok
2,gg_exact_simsup,monk_3,122,11,0.05,0.3713114754098361,27,3,0.003,0.778,optimal,672,1229,11,0.3713114559650421,0.3713114559650421,0.371311,True,ok
2,gg_exact_simsup,monk_3,122,11,0.02,0.24295081967213114,15,6,0.047,1.038,optimal,3914,12718,11,0.24295079708099365,0.24295079708099365,0.2429508196721311,True,ok
2,gg_exact_simsup,monk_3,122,11,0.01,0.15557377049180326,8,9,0.262,1.3,optimal,7119,31972,11,0.1555737555027008,0.1555737555027008,0.1555737704918032,True,ok
2,gg_exact_simsup,monk_3,122,11,0.005,0.09459016393442624,3,14,1.141,2.058,optimal,9273,63129,11,0.09459015727043152,0.09459015727043152,0.09459,True,ok
2,gg_exact_simsup,monk_1,124,11,0.1,0.4661290322580645,33,2,0.0,0.779,optimal,29,31,11,0.46612900495529175,0.46612900495529175,0.466129,True,ok
2,gg_exact_simsup,monk_1,124,11,0.05,0.33870967741935487,11,5,0.002,0.777,optimal,340,660,11,0.33870968222618103,0.33870968222618103,0.3387096774193548,True,ok
2,gg_exact_simsup,monk_1,124,11,0.02,0.16,0,8,0.048,1.046,optimal,3970,12082,11,0.15999998152256012,0.15999998152256012,0.16,True,ok
2,gg_exact_simsup,monk_1,124,11,0.01,0.08,0,8,0.256,1.035,optimal,7228,30849,11,0.07999999076128006,0.07999999076128006,0.08,True,ok
2,gg_exact_simsup,monk_1,124,11,0.005,0.04,0,8,0.885,1.808,optimal,8849,54699,11,0.03999999538064003,0.03999999538064003,0.04,True,ok
2,gg_exact_simsup,iris,150,4,0.1,0.34,6,3,4.339,5.423,optimal,29239,166409,118,0.3400000035762787,0.3400000035762787,0.34,True,ok
2,gg_exact_simsup,iris,150,4,0.05,0.19000000000000003,6,3,30.0,31.517,time,53040,569999,118,0.15000000596046448,0.4333333373069763,0.19,True,ok
2,gg_exact_simsup,iris,150,4,0.02,0.1,6,3,30.0,32.016,time,50521,579999,118,0.05999999865889549,0.3733333349227905,0.1,True,ok
2,gg_exact_simsup,iris,150,4,0.01,0.07,6,3,30.0,32.277,time,48935,559999,118,0.029999999329447746,0.35333332419395447,0.06,True,worse_than_known
2,gg_exact_simsup,iris,150,4,0.005,0.055,6,3,30.0,31.762,time,49605,569999,118,0.014999999664723873,0.34333333373069763,0.038333,True,worse_than_known
2,gg_exact_simsup,monk_2,169,11,0.1,0.47869822485207103,64,1,0.0,0.776,optimal,23,23,11,0.4786982238292694,0.4786982238292694,0.478698,True,ok
2,gg_exact_simsup,monk_2,169,11,0.05,0.428698224852071,64,1,0.003,0.778,optimal,662,1260,11,0.42869824171066284,0.42869824171066284,0.428698,True,ok
2,gg_exact_simsup,monk_2,169,11,0.02,0.35893491124260357,37,7,0.063,1.047,optimal,4633,15773,11,0.3589348793029785,0.3589348793029785,0.3589349112426035,True,ok
2,gg_exact_simsup,monk_2,169,11,0.01,0.2650887573964497,11,20,0.419,1.3,optimal,9057,45065,11,0.2650887370109558,0.2650887370109558,0.2650887573964497,True,ok
2,gg_exact_simsup,monk_2,169,11,0.005,0.15275147928994084,3,27,2.028,2.845,optimal,12201,98797,11,0.15275147557258606,0.15275147557258606,0.152751,True,ok
2,gg_exact_simsup,tic-tac-toe,958,9,0.1,0.4465553235908142,332,1,0.0,0.778,optimal,55,55,27,0.44655531644821167,0.44655531644821167,0.446555,True,ok
2,gg_exact_simsup,tic-tac-toe,958,9,0.05,0.3965553235908142,332,1,0.043,1.047,optimal,4761,7613,27,0.3965553343296051,0.3965553343296051,0.396555,True,ok
2,gg_exact_simsup,tic-tac-toe,958,9,0.02,0.3183298538622129,190,6,8.563,10.083,optimal,385953,979902,27,0.3183298707008362,0.3183298707008362,0.3183298538622129,True,ok
2,gg_exact_simsup,tic-tac-toe,958,9,0.01,nan,,,30.0,21.731,memory,,,,,,0.2507515657620042,True,no_tree
2,gg_exact_simsup,tic-tac-toe,958,9,0.005,nan,,,30.0,10.589,memory,,,,,,0.1542797494780793,True,no_tree
2,gg_exact_simsup,gaussian_1k,1000,1,0.1,0.397,297,1,0.218,1.298,optimal,1791,1791,999,0.3970000147819519,0.3970000147819519,0.397,True,ok
2,gg_exact_simsup,gaussian_1k,1000,1,0.05,nan,,,30.0,9.304,memory,,,,,,0.275,True,no_tree
2,gg_exact_simsup,gaussian_1k,1000,1,0.02,nan,,,30.0,8.795,memory,,,,,,0.185,True,no_tree
2,gg_exact_simsup,gaussian_1k,1000,1,0.01,nan,,,30.0,8.536,memory,,,,,,0.155,True,no_tree
2,gg_exact_simsup,gaussian_1k,1000,1,0.005,nan,,,30.0,8.532,memory,,,,,,0.14,True,no_tree
2,gg_exact_simsup,fico_1k,1000,23,0.1,0.491,291,2,30.0,31.514,time,75985,149999,1357,0.32499998807907104,0.4910000264644623,0.491,True,ok
2,gg_exact_simsup,fico_1k,1000,23,0.05,nan,,,30.0,4.655,memory,,,,,,0.391,False,no_tree
2,gg_exact_simsup,fico_1k,1000,23,0.02,nan,,,30.0,4.662,memory,,,,,,0.331,False,no_tree
2,gg_exact_simsup,fico_1k,1000,23,0.01,nan,,,30.0,4.669,memory,,,,,,0.304,False,no_tree
2,gg_exact_simsup,fico_1k,1000,23,0.005,nan,,,30.0,4.658,memory,,,,,,0.284,False,no_tree
2,gg_exact_simsup,sine_1k,1000,1,0.1,0.595,495,1,30.0,31.201,time,35370,179999,999,0.30000001192092896,0.5950000286102295,0.595,True,ok
2,gg_exact_simsup,sine_1k,1000,1,0.05,nan,,,30.0,8.281,memory,,,,,,0.545,True,no_tree
2,gg_exact_simsup,sine_1k,1000,1,0.02,nan,,,30.0,8.276,memory,,,,,,0.494,True,no_tree
2,gg_exact_simsup,sine_1k,1000,1,0.01,nan,,,30.0,8.28,memory,,,,,,0.429,True,no_tree
2,gg_exact_simsup,sine_1k,1000,1,0.005,nan,,,30.0,8.283,memory,,,,,,0.269,True,no_tree
2,gg_exact_simsup,car_evaluation,1728,15,0.1,0.3997685185185186,518,1,0.0,1.052,optimal,21,21,15,0.39976850152015686,0.39976850152015686,0.3997685185185186,True,ok
2,gg_exact_simsup,car_evaluation,1728,15,0.05,0.29467592592592595,250,3,0.004,1.054,optimal,476,775,15,0.29467591643333435,0.29467591643333435,0.2946759259259259,True,ok
2,gg_exact_simsup,car_evaluation,1728,15,0.02,0.20467592592592593,250,3,0.319,1.303,optimal,19198,57423,15,0.20467591285705566,0.20467591285705566,0.2046759259259259,True,ok
2,gg_exact_simsup,car_evaluation,1728,15,0.01,0.1452314814814815,130,7,1.668,2.591,optimal,64159,277008,15,0.1452314853668213,0.1452314853668213,0.145231,True,ok
2,gg_exact_simsup,car_evaluation,1728,15,0.005,0.1063425925925926,106,9,4.428,5.437,optimal,126710,744674,15,0.10634259879589081,0.10634259879589081,0.1063425925925926,True,ok
2,gg_exact_simsup,coupon_bar,1913,14,0.1,0.5119184526921067,788,1,0.0,0.773,optimal,1,0,14,0.5119184255599976,0.5119184255599976,0.511918,True,ok
2,gg_exact_simsup,coupon_bar,1913,14,0.05,0.4538944066910612,677,2,0.0,0.779,optimal,29,29,14,0.4538944363594055,0.4538944363594055,0.453894,True,ok
2,gg_exact_simsup,coupon_bar,1913,14,0.02,0.37155253528489285,596,3,0.008,0.776,optimal,731,1832,14,0.3715525269508362,0.3715525269508362,0.3715525352848928,True,ok
2,gg_exact_simsup,coupon_bar,1913,14,0.01,0.3410977522216414,576,4,0.281,1.301,optimal,9215,47638,14,0.34109771251678467,0.34109771251678467,0.3410977522216414,True,ok
2,gg_exact_simsup,coupon_bar,1913,14,0.005,0.3186199686356508,533,8,1.583,2.594,optimal,28273,230995,14,0.318619966506958,0.318619966506958,0.3186199686356508,True,ok
2,gg_exact_simsup,compas_binned,6907,12,0.1,0.5610829593166353,2494,2,0.0,0.772,optimal,1,0,12,0.5610829591751099,0.5610829591751099,0.5610829593166353,True,ok
2,gg_exact_simsup,compas_binned,6907,12,0.05,0.46108295931663534,2494,2,0.0,0.779,optimal,1,0,12,0.46108299493789673,0.46108299493789673,0.4610829593166353,True,ok
2,gg_exact_simsup,compas_binned,6907,12,0.02,0.4010829593166353,2494,2,0.0,0.779,optimal,21,21,12,0.40108299255371094,0.40108299255371094,0.4010829593166353,True,ok
2,gg_exact_simsup,compas_binned,6907,12,0.01,0.37486752569856663,2382,3,0.003,0.777,optimal,220,382,12,0.3748675286769867,0.3748675286769867,0.3748675256985666,True,ok
2,gg_exact_simsup,compas_binned,6907,12,0.005,0.355968582597365,2286,5,0.04,1.05,optimal,1578,4347,12,0.3559685945510864,0.3559685945510864,0.355968582597365,True,ok
2,gg_exact_simsup,fico_binary,10459,17,0.1,0.5040443637058992,3180,2,0.0,0.785,optimal,1,0,17,0.5040444135665894,0.5040444135665894,0.504044,True,ok
2,gg_exact_simsup,fico_binary,10459,17,0.05,0.40404436370589925,3180,2,0.0,0.776,optimal,25,25,17,0.40404438972473145,0.40404438972473145,0.404044,True,ok
2,gg_exact_simsup,fico_binary,10459,17,0.02,0.3440443637058992,3180,2,0.023,1.046,optimal,693,1261,17,0.34404438734054565,0.34404438734054565,0.344044,True,ok
2,gg_exact_simsup,fico_binary,10459,17,0.01,0.32404436370589923,3180,2,1.189,2.081,optimal,23755,62320,17,0.324044406414032,0.324044406414032,0.324044,True,ok
2,gg_exact_simsup,fico_binary,10459,17,0.005,0.308650922650349,3019,4,12.334,13.702,optimal,167235,607808,17,0.3086509108543396,0.3086509108543396,0.308650922650349,True,ok
2,gg_exact_simsup,compas_processed,12381,22,0.1,0.411364187060819,3855,1,0.58,1.834,optimal,1045,1046,621,0.41136419773101807,0.41136419773101807,0.411364,True,ok
2,gg_exact_simsup,compas_processed,12381,22,0.05,nan,,,30.0,6.752,memory,,,,,,0.361364,True,no_tree
2,gg_exact_simsup,compas_processed,12381,22,0.02,nan,,,30.0,1.574,memory,,,,,,0.32786,False,no_tree
2,gg_exact_simsup,compas_processed,12381,22,0.01,nan,,,30.0,1.59,memory,,,,,,0.30786,False,no_tree
2,gg_exact_simsup,compas_processed,12381,22,0.005,nan,,,30.0,1.569,memory,,,,,,0.29786,False,no_tree
3,gg_exact_simsup,chudi,77,2,0.1,0.464935064935065,5,4,0.008,1.039,optimal,450,1090,46,0.4649350643157959,0.4649350643157959,0.464935,True,ok
3,gg_exact_simsup,chudi,77,2,0.05,0.25,0,5,0.907,1.812,optimal,7690,84999,46,0.25,0.25,0.25,True,ok
3,gg_exact_simsup,chudi,77,2,0.02,0.1,0,5,10.199,11.121,optimal,13321,333078,46,0.09999999403953552,0.09999999403953552,0.1,True,ok
3,gg_exact_simsup,chudi,77,2,0.01,0.05,0,5,17.424,18.613,optimal,13858,408424,46,0.04999999701976776,0.04999999701976776,0.05,True,ok
3,gg_exact_simsup,chudi,77,2,0.005,0.025,0,5,18.838,19.901,optimal,13979,437640,46,0.02499999850988388,0.02499999850988388,0.025,True,ok
3,gg_exact_simsup,monk_3,122,11,0.1,0.5213114754098361,27,3,0.0,0.781,optimal,24,27,11,0.5213114619255066,0.5213114619255066,0.521311,True,ok
3,gg_exact_simsup,monk_3,122,11,0.05,0.3713114754098361,27,3,0.003,1.046,optimal,672,1229,11,0.3713114559650421,0.3713114559650421,0.371311,True,ok
3,gg_exact_simsup,monk_3,122,11,0.02,0.24295081967213114,15,6,0.061,1.036,optimal,3914,12718,11,0.24295079708099365,0.24295079708099365,0.2429508196721311,True,ok
3,gg_exact_simsup,monk_3,122,11,0.01,0.15557377049180326,8,9,0.303,1.297,optimal,7119,31972,11,0.1555737555027008,0.1555737555027008,0.1555737704918032,True,ok
3,gg_exact_simsup,monk_3,122,11,0.005,0.09459016393442624,3,14,1.212,2.074,optimal,9273,63129,11,0.09459015727043152,0.09459015727043152,0.09459,True,ok
3,gg_exact_simsup,monk_1,124,11,0.1,0.4661290322580645,33,2,0.0,1.038,optimal,29,31,11,0.46612900495529175,0.46612900495529175,0.466129,True,ok
3,gg_exact_simsup,monk_1,124,11,0.05,0.33870967741935487,11,5,0.001,1.043,optimal,340,660,11,0.33870968222618103,0.33870968222618103,0.3387096774193548,True,ok
3,gg_exact_simsup,monk_1,124,11,0.02,0.16,0,8,0.046,1.046,optimal,3970,12082,11,0.15999998152256012,0.15999998152256012,0.16,True,ok
3,gg_exact_simsup,monk_1,124,11,0.01,0.08,0,8,0.263,1.038,optimal,7228,30849,11,0.07999999076128006,0.07999999076128006,0.08,True,ok
3,gg_exact_simsup,monk_1,124,11,0.005,0.04,0,8,0.874,1.821,optimal,8849,54699,11,0.03999999538064003,0.03999999538064003,0.04,True,ok
3,gg_exact_simsup,iris,150,4,0.1,0.34,6,3,4.284,5.163,optimal,29239,166409,118,0.3400000035762787,0.3400000035762787,0.34,True,ok
3,gg_exact_simsup,iris,150,4,0.05,0.19000000000000003,6,3,30.0,32.045,time,55610,609999,118,0.15000000596046448,0.4333333373069763,0.19,True,ok
3,gg_exact_simsup,iris,150,4,0.02,0.1,6,3,30.0,32.378,time,50521,579999,118,0.05999999865889549,0.3733333349227905,0.1,True,ok
3,gg_exact_simsup,iris,150,4,0.01,0.07,6,3,30.0,32.339,time,50524,579999,118,0.029999999329447746,0.35333332419395447,0.06,True,worse_than_known
3,gg_exact_simsup,iris,150,4,0.005,0.055,6,3,30.0,32.041,time,49605,569999,118,0.014999999664723873,0.34333333373069763,0.038333,True,worse_than_known
3,gg_exact_simsup,monk_2,169,11,0.1,0.47869822485207103,64,1,0.0,1.034,optimal,23,23,11,0.4786982238292694,0.4786982238292694,0.478698,True,ok
3,gg_exact_simsup,monk_2,169,11,0.05,0.428698224852071,64,1,0.003,0.778,optimal,662,1260,11,0.42869824171066284,0.42869824171066284,0.428698,True,ok
3,gg_exact_simsup,monk_2,169,11,0.02,0.35893491124260357,37,7,0.062,1.042,optimal,4633,15773,11,0.3589348793029785,0.3589348793029785,0.3589349112426035,True,ok
3,gg_exact_simsup,monk_2,169,11,0.01,0.2650887573964497,11,20,0.624,1.559,optimal,9057,45065,11,0.2650887370109558,0.2650887370109558,0.2650887573964497,True,ok
3,gg_exact_simsup,monk_2,169,11,0.005,0.15275147928994084,3,27,2.174,3.375,optimal,12201,98797,11,0.15275147557258606,0.15275147557258606,0.152751,True,ok
3,gg_exact_simsup,tic-tac-toe,958,9,0.1,0.4465553235908142,332,1,0.0,1.038,optimal,55,55,27,0.44655531644821167,0.44655531644821167,0.446555,True,ok
3,gg_exact_simsup,tic-tac-toe,958,9,0.05,0.3965553235908142,332,1,0.045,1.039,optimal,4761,7613,27,0.3965553343296051,0.3965553343296051,0.396555,True,ok
3,gg_exact_simsup,tic-tac-toe,958,9,0.02,0.3183298538622129,190,6,9.128,10.578,optimal,385953,979902,27,0.3183298707008362,0.3183298707008362,0.3183298538622129,True,ok
3,gg_exact_simsup,tic-tac-toe,958,9,0.01,nan,,,30.0,24.333,memory,,,,,,0.2507515657620042,True,no_tree
3,gg_exact_simsup,tic-tac-toe,958,9,0.005,nan,,,30.0,15.511,memory,,,,,,0.1542797494780793,True,no_tree
3,gg_exact_simsup,gaussian_1k,1000,1,0.1,0.397,297,1,0.221,1.297,optimal,1791,1791,999,0.3970000147819519,0.3970000147819519,0.397,True,ok
3,gg_exact_simsup,gaussian_1k,1000,1,0.05,nan,,,30.0,11.643,memory,,,,,,0.275,True,no_tree
3,gg_exact_simsup,gaussian_1k,1000,1,0.02,0.317,297,1,30.0,39.298,time,13040,49999,999,0.05999999865889549,0.31700003147125244,0.185,True,worse_than_known
3,gg_exact_simsup,gaussian_1k,1000,1,0.01,0.307,297,1,30.0,36.602,time,12047,49999,999,0.029999999329447746,0.3070000112056732,0.155,True,worse_than_known
3,gg_exact_simsup,gaussian_1k,1000,1,0.005,0.302,297,1,30.0,34.389,time,11029,39999,999,0.014999999664723873,0.3020000159740448,0.14,True,worse_than_known
3,gg_exact_simsup,fico_1k,1000,23,0.1,0.491,291,2,30.0,32.774,time,80928,159999,1357,0.32499998807907104,0.4910000264644623,0.491,True,ok
3,gg_exact_simsup,fico_1k,1000,23,0.05,nan,,,30.0,4.935,memory,,,,,,0.391,False,no_tree
3,gg_exact_simsup,fico_1k,1000,23,0.02,nan,,,30.0,4.661,memory,,,,,,0.331,False,no_tree
3,gg_exact_simsup,fico_1k,1000,23,0.01,nan,,,30.0,4.922,memory,,,,,,0.304,False,no_tree
3,gg_exact_simsup,fico_1k,1000,23,0.005,nan,,,30.0,4.665,memory,,,,,,0.284,False,no_tree
3,gg_exact_simsup,sine_1k,1000,1,0.1,0.595,495,1,30.0,32.394,time,35370,179999,999,0.30000001192092896,0.5950000286102295,0.595,True,ok
3,gg_exact_simsup,sine_1k,1000,1,0.05,nan,,,30.0,12.165,memory,,,,,,0.545,True,no_tree
3,gg_exact_simsup,sine_1k,1000,1,0.02,0.494,454,2,30.0,37.265,time,11030,39999,999,0.05999999865889549,0.49400001764297485,0.494,True,ok
3,gg_exact_simsup,sine_1k,1000,1,0.01,nan,,,30.0,8.786,memory,,,,,,0.429,True,no_tree
3,gg_exact_simsup,sine_1k,1000,1,0.005,nan,,,30.0,12.17,memory,,,,,,0.269,True,no_tree
3,gg_exact_simsup,car_evaluation,1728,15,0.1,0.3997685185185186,518,1,0.0,1.043,optimal,21,21,15,0.39976850152015686,0.39976850152015686,0.3997685185185186,True,ok
3,gg_exact_simsup,car_evaluation,1728,15,0.05,0.29467592592592595,250,3,0.003,0.778,optimal,476,775,15,0.29467591643333435,0.29467591643333435,0.2946759259259259,True,ok
3,gg_exact_simsup,car_evaluation,1728,15,0.02,0.20467592592592593,250,3,0.332,1.299,optimal,19198,57423,15,0.20467591285705566,0.20467591285705566,0.2046759259259259,True,ok
3,gg_exact_simsup,car_evaluation,1728,15,0.01,0.1452314814814815,130,7,1.717,2.86,optimal,64159,277008,15,0.1452314853668213,0.1452314853668213,0.145231,True,ok
3,gg_exact_simsup,car_evaluation,1728,15,0.005,0.1063425925925926,106,9,4.563,5.695,optimal,126710,744674,15,0.10634259879589081,0.10634259879589081,0.1063425925925926,True,ok
3,gg_exact_simsup,coupon_bar,1913,14,0.1,0.5119184526921067,788,1,0.0,0.78,optimal,1,0,14,0.5119184255599976,0.5119184255599976,0.511918,True,ok
3,gg_exact_simsup,coupon_bar,1913,14,0.05,0.4538944066910612,677,2,0.0,0.776,optimal,29,29,14,0.4538944363594055,0.4538944363594055,0.453894,True,ok
3,gg_exact_simsup,coupon_bar,1913,14,0.02,0.37155253528489285,596,3,0.008,0.779,optimal,731,1832,14,0.3715525269508362,0.3715525269508362,0.3715525352848928,True,ok
3,gg_exact_simsup,coupon_bar,1913,14,0.01,0.3410977522216414,576,4,0.285,1.3,optimal,9215,47638,14,0.34109771251678467,0.34109771251678467,0.3410977522216414,True,ok
3,gg_exact_simsup,coupon_bar,1913,14,0.005,0.3186199686356508,533,8,1.78,2.848,optimal,28273,230995,14,0.318619966506958,0.318619966506958,0.3186199686356508,True,ok
3,gg_exact_simsup,compas_binned,6907,12,0.1,0.5610829593166353,2494,2,0.0,1.046,optimal,1,0,12,0.5610829591751099,0.5610829591751099,0.5610829593166353,True,ok
3,gg_exact_simsup,compas_binned,6907,12,0.05,0.46108295931663534,2494,2,0.0,1.051,optimal,1,0,12,0.46108299493789673,0.46108299493789673,0.4610829593166353,True,ok
3,gg_exact_simsup,compas_binned,6907,12,0.02,0.4010829593166353,2494,2,0.0,1.051,optimal,21,21,12,0.40108299255371094,0.40108299255371094,0.4010829593166353,True,ok
3,gg_exact_simsup,compas_binned,6907,12,0.01,0.37486752569856663,2382,3,0.003,1.05,optimal,220,382,12,0.3748675286769867,0.3748675286769867,0.3748675256985666,True,ok
3,gg_exact_simsup,compas_binned,6907,12,0.005,0.355968582597365,2286,5,0.045,1.039,optimal,1578,4347,12,0.3559685945510864,0.3559685945510864,0.355968582597365,True,ok
3,gg_exact_simsup,fico_binary,10459,17,0.1,0.5040443637058992,3180,2,0.0,0.779,optimal,1,0,17,0.5040444135665894,0.5040444135665894,0.504044,True,ok
3,gg_exact_simsup,fico_binary,10459,17,0.05,0.40404436370589925,3180,2,0.0,1.05,optimal,25,25,17,0.40404438972473145,0.40404438972473145,0.404044,True,ok
3,gg_exact_simsup,fico_binary,10459,17,0.02,0.3440443637058992,3180,2,0.023,1.059,optimal,693,1261,17,0.34404438734054565,0.34404438734054565,0.344044,True,ok
3,gg_exact_simsup,fico_binary,10459,17,0.01,0.32404436370589923,3180,2,1.183,2.063,optimal,23755,62320,17,0.324044406414032,0.324044406414032,0.324044,True,ok
3,gg_exact_simsup,fico_binary,10459,17,0.005,0.308650922650349,3019,4,12.502,13.669,optimal,167235,607808,17,0.3086509108543396,0.3086509108543396,0.308650922650349,True,ok
3,gg_exact_simsup,compas_processed,12381,22,0.1,0.411364187060819,3855,1,0.565,1.562,optimal,1045,1046,621,0.41136419773101807,0.41136419773101807,0.411364,True,ok
3,gg_exact_simsup,compas_processed,12381,22,0.05,nan,,,30.0,7.008,memory,,,,,,0.361364,True,no_tree
3,gg_exact_simsup,compas_processed,12381,22,0.02,nan,,,30.0,1.572,memory,,,,,,0.32786,False,no_tree
3,gg_exact_simsup,compas_processed,12381,22,0.01,nan,,,30.0,1.585,memory,,,,,,0.30786,False,no_tree
3,gg_exact_simsup,compas_processed,12381,22,0.005,nan,,,30.0,1.627,memory,,,,,,0.29786,False,no_tree
