model,repeat,dataset,n,p,lam,objective,errors,leaves,seconds,wall,status,iterations,binary_features,lb,ub,peak_rss_gb,cores
gg_exact_simsup,1,ta_compas_processed,12381,22,0.005,,,,8.29341328330338,8.293,memory,,,,,3.67,2
gosdt_guesses,1,ta_compas_processed,12381,22,0.005,,,,8.339658720884472,8.34,memory,,,,,4.17,2
gosdt_guesses_guided,1,ta_compas_processed,12381,22,0.005,0.2452721912608028,2851.0,3.0,0.001,6.635,heuristic,7.0,17.0,0.2452721893787384,0.2452721893787384,0.29,2
gosdt_guesses_guided,1,ta_compas_processed,12381,22,0.01,0.2557644778289314,2919.0,2.0,0.0,6.793,heuristic,0.0,17.0,0.2557644844055176,0.2557644844055176,0.31,2
gg_exact_simsup,1,ta_compas_processed,12381,22,0.02,,,,14.294282502029091,14.294,memory,,,,,5.34,2
gg_exact_simsup,1,ta_compas_processed,12381,22,0.01,,,,15.325126701034606,15.325,memory,,,,,5.92,2
gosdt_guesses,1,ta_compas_processed,12381,22,0.01,,,,15.29722413374111,15.297,memory,,,,,5.92,2
gosdt_guesses_guided,1,ta_compas_processed,12381,22,0.02,0.2757644778289314,2919.0,2.0,0.0,5.895,heuristic,0.0,17.0,0.2757644653320312,0.2757644653320312,0.31,2
gosdt_guesses,1,ta_compas_processed,12381,22,0.02,,,,13.746090156957507,13.746,memory,,,,,5.83,2
gg_guided_e60d2,1,ta_compas_processed,12381,22,0.01,0.2557644778289314,2919.0,2.0,0.019,19.939,heuristic,96.0,63.0,0.2557644844055176,0.2557644844055176,0.31,2
gg_guided_e60d2,1,ta_compas_processed,12381,22,0.02,0.2757644778289314,2919.0,2.0,0.0,19.458,heuristic,0.0,63.0,0.2757644653320312,0.2757644653320312,0.31,2
gosdt_guesses_guided,1,ta_compas_processed,12381,22,0.05,0.3357644778289314,2919.0,2.0,0.0,5.973,heuristic,0.0,17.0,0.3357644975185394,0.3357644975185394,0.31,2
split,1,ta_compas_processed,12381,22,0.01,,,,32.46491082711145,32.465,memory,,,,,5.26,2
gg_exact_simsup,1,ta_compas_processed,12381,22,0.05,,,,15.53894245903939,15.539,memory,,,,,5.28,2
gg_guided_e60d2,1,ta_compas_processed,12381,22,0.05,0.3357644778289314,2919.0,2.0,0.0,19.536,heuristic,0.0,63.0,0.3357644975185394,0.3357644975185394,0.31,2
gosdt_guesses,1,ta_compas_processed,12381,22,0.05,,,,15.819246874190869,15.819,memory,,,,,5.2,2
split,1,ta_compas_processed,12381,22,0.02,,,,31.698576604947448,31.699,memory,,,,,4.71,2
gosdt_guesses_guided,1,ta_compas_processed,12381,22,0.1,0.4099911154187868,3838.0,1.0,0.0,6.341,heuristic,0.0,17.0,0.4099911153316498,0.4099911153316498,0.31,2
gg_guided_e60d2,1,ta_fico_binary,10459,17,0.005,0.2851587149823119,2721.0,5.0,2.465,6.866,heuristic,47004.0,14.0,0.2851587235927582,0.2851587235927582,0.5,2
gg_guided_e60d2,1,ta_compas_processed,12381,22,0.1,0.4099911154187868,3838.0,1.0,0.0,19.618,heuristic,0.0,63.0,0.4099911153316498,0.4099911153316498,0.31,2
gosdt_guesses_guided,1,ta_fico_binary,10459,17,0.005,0.2851587149823119,2721.0,5.0,0.004,4.193,heuristic,167.0,6.0,0.2851587235927582,0.2851587235927582,0.2,2
gg_guided_e60d2,1,ta_compas_processed,12381,22,0.005,,,,61.565729063004255,61.566,memory,,,,,5.84,2
split,1,ta_fico_binary,10459,17,0.005,0.2851587149823119,2721.0,5.0,0.1113262651488184,4.152,heuristic,,16.0,,,0.2,2
autoopttree_v46_anytime100,1,ta_compas_processed,12381,22,0.02,0.2757644778289314,2919.0,2.0,0.1014378988184034,64.057,time,1204.0,625.0,0.0400807689201195,0.2757644778289314,0.57,8
gg_guided_e60d2,1,ta_fico_binary,10459,17,0.01,0.3087637441437996,2811.0,4.0,0.829,5.752,heuristic,15866.0,14.0,0.3087637424468994,0.3087637424468994,0.33,2
gosdt_guesses_guided,1,ta_fico_binary,10459,17,0.01,0.3087637441437996,2811.0,4.0,0.003,3.326,heuristic,115.0,6.0,0.3087637424468994,0.3087637424468994,0.19,2
split,1,ta_fico_binary,10459,17,0.01,0.3087637441437996,2811.0,4.0,0.1008032420650124,3.321,heuristic,,16.0,,,0.2,2
autoopttree_v46_anytime100,1,ta_compas_processed,12381,22,0.005,0.2452721912608028,2851.0,3.0,0.1025661658495664,66.52,time,1229.0,625.0,0.0100807689201195,0.2452721912608028,0.6,8
autoopttree_v46_anytime100,1,ta_compas_processed,12381,22,0.01,0.2557644778289314,2919.0,2.0,0.1015319502912461,66.895,time,1035.0,625.0,0.0200807689201195,0.2557644778289314,0.59,8
gg_guided_e60d2,1,ta_fico_binary,10459,17,0.02,0.3410020078401377,2939.0,3.0,0.051,4.206,heuristic,1024.0,14.0,0.3410019874572754,0.3410019874572754,0.2,2
gosdt_guesses_guided,1,ta_fico_binary,10459,17,0.02,0.3410020078401377,2939.0,3.0,0.001,3.286,heuristic,61.0,6.0,0.3410019874572754,0.3410019874572754,0.2,2
split,1,ta_fico_binary,10459,17,0.02,0.3410020078401377,2939.0,3.0,0.0767474747262895,3.317,heuristic,,16.0,,,0.2,2
gg_guided_e60d2,1,ta_fico_binary,10459,17,0.05,0.4310020078401377,2939.0,3.0,0.001,4.2,heuristic,17.0,14.0,0.4310020208358764,0.4310020208358764,0.2,2
gosdt_guesses_guided,1,ta_fico_binary,10459,17,0.05,0.4310020078401377,2939.0,3.0,0.0,3.272,heuristic,9.0,6.0,0.4310020208358764,0.4310020208358764,0.2,2
split,1,ta_fico_binary,10459,17,0.05,0.4310020078401377,2939.0,3.0,0.0687948912382125,3.26,heuristic,,16.0,,,0.2,2
gg_guided_e60d2,1,ta_fico_binary,10459,17,0.1,0.5440099435892534,3598.0,2.0,0.0,3.889,heuristic,0.0,14.0,0.5440099239349365,0.5440099239349365,0.2,2
gosdt_guesses_guided,1,ta_fico_binary,10459,17,0.1,0.5440099435892534,3598.0,2.0,0.0,3.226,heuristic,0.0,6.0,0.5440099239349365,0.5440099239349365,0.2,2
split,1,ta_fico_binary,10459,17,0.1,0.5440099435892534,3598.0,2.0,0.0891944817267358,2.92,heuristic,,16.0,,,0.2,2
gg_guided_e60d2,1,ta_compas_binned,6907,12,0.005,0.330052844939916,2107.0,5.0,0.208,3.89,heuristic,5830.0,12.0,0.3300528228282928,0.3300528228282928,0.19,2
autoopttree_v46_anytime100,1,ta_compas_processed,12381,22,0.05,0.3357644778289314,2919.0,2.0,0.1016386798582971,63.748,time,1258.0,625.0,0.1000807689201195,0.3357644778289314,0.58,8
split,1,ta_compas_processed,12381,22,0.1,0.4099911154187868,3838.0,1.0,31.33653726708144,34.861,heuristic,,625.0,,,1.5,2
gosdt_guesses_guided,1,ta_compas_binned,6907,12,0.005,0.3340191110467642,2238.0,2.0,0.0,3.243,heuristic,0.0,2.0,0.3340190947055816,0.3340190947055816,0.19,2
split,1,ta_compas_binned,6907,12,0.005,0.330052844939916,2107.0,5.0,0.0642941500991582,2.925,heuristic,,12.0,,,0.19,2
gosdt_guesses_guided,1,ta_compas_binned,6907,12,0.01,0.3440191110467642,2238.0,2.0,0.0,3.26,heuristic,0.0,2.0,0.3440191149711609,0.3440191149711609,0.19,2
split,1,ta_compas_binned,6907,12,0.01,0.3440191110467642,2238.0,2.0,0.0535207376815378,2.914,heuristic,,12.0,,,0.19,2
gg_guided_e60d2,1,ta_compas_binned,6907,12,0.01,0.3440191110467642,2238.0,2.0,0.0,4.375,heuristic,3.0,12.0,0.3440191149711609,0.3440191149711609,0.19,2
gg_guided_e60d2,1,ta_compas_binned,6907,12,0.02,0.3640191110467641,2238.0,2.0,0.0,4.723,heuristic,0.0,12.0,0.3640190958976745,0.3640190958976745,0.19,2
split,1,ta_compas_binned,6907,12,0.02,0.3640191110467641,2238.0,2.0,0.0589964371174573,3.844,heuristic,,12.0,,,0.19,2
gg_guided_e60d2,1,ta_compas_binned,6907,12,0.05,0.4240191110467641,2238.0,2.0,0.0,3.538,heuristic,0.0,12.0,0.4240190982818603,0.4240190982818603,0.19,2
gosdt_guesses_guided,1,ta_compas_binned,6907,12,0.05,0.4240191110467641,2238.0,2.0,0.0,3.223,heuristic,0.0,2.0,0.4240190982818603,0.4240190982818603,0.19,2
gosdt_guesses_guided,1,ta_compas_binned,6907,12,0.02,0.36401911104676415,2238,2,0.0,3.65,heuristic,0,2,0.36401909589767456,0.36401909589767456,0.19,2
split,1,ta_compas_binned,6907,12,0.05,0.42401911104676415,2238,2,0.05195707781240344,3.645,heuristic,,12,,,0.19,2
gg_guided_e60d2,1,ta_compas_binned,6907,12,0.1,0.5240191110467642,2238,2,0.0,4.275,heuristic,0,12,0.5240191221237183,0.5240191221237183,0.19,2
gosdt_guesses_guided,1,ta_compas_binned,6907,12,0.1,0.5240191110467642,2238,2,0.0,3.968,heuristic,0,2,0.5240191221237183,0.5240191221237183,0.19,2
split,1,ta_compas_binned,6907,12,0.1,0.5240191110467642,2238,2,0.05032713618129492,3.645,heuristic,,12,,,0.19,2
autoopttree_v46_anytime100,1,ta_fico_1k,1000,23,0.005,0.201,171,6,0.15239993296563625,68.766,time,4,1237,0.01,0.215,0.61,8
gg_exact_simsup,1,ta_fico_1k,1000,23,0.005,nan,,,21.498288164380938,21.498,memory,,,,,5.23,2
gosdt,1,ta_compas_processed,12381,22,0.005,nan,,,143.2165019037202,143.217,memory,,,,,5.97,2
gg_guided_e60d2,1,ta_fico_1k,1000,23,0.005,nan,,,44.455775558017194,44.456,memory,,,,,5.95,2
gosdt_guesses,1,ta_fico_1k,1000,23,0.005,nan,,,20.046494939364493,20.046,memory,,,,,5.71,2
gosdt_guesses_guided,1,ta_fico_1k,1000,23,0.005,0.214,184,6,0.004,3.984,heuristic,557,8,0.21400000154972076,0.21400000154972076,0.19,2
autoopttree_v40,1,ta_compas_processed,12381,22,0.02,nan,,,281.733,281.733,memory,,,,,7.11,2
autoopttree_v40,1,ta_compas_processed,12381,22,0.01,0.2557644778289314,2919,2,221.46245640609413,282.921,memory,1191559,625,0.02008076892011954,0.2557644778289314,5.76,2
gosdt,1,ta_compas_processed,12381,22,0.01,nan,,,381.7846968071535,381.785,memory,,,,,5.98,2
autoopttree,1,ta_compas_processed,12381,22,0.02,nan,,,400.325,400.325,memory,,,,,6.0,2
autoopttree,1,ta_compas_processed,12381,22,0.01,0.2557644778289314,2919,2,385.4734084280208,398.615,memory,1730880,625,0.02008076892011954,0.2557644778289314,5.99,2
autoopttree_v40,1,ta_compas_processed,12381,22,0.005,nan,,,419.568,419.568,memory,,,,,6.04,2
split,1,ta_compas_processed,12381,22,0.05,nan,,,423.85754987504333,423.858,memory,,,,,5.99,2
gosdt,1,ta_compas_processed,12381,22,0.02,nan,,,433.3568181749433,433.357,memory,,,,,5.98,2
split,1,ta_compas_processed,12381,22,0.005,nan,,,438.6564166559838,438.656,memory,,,,,5.59,2
gg_exact_simsup,1,ta_fico_1k,1000,23,0.01,nan,,,20.923976690974087,20.924,memory,,,,,5.63,2
autoopttree_v46_anytime100,1,ta_fico_1k,1000,23,0.01,0.22899999999999998,179,5,0.15293916361406446,68.319,time,4,1237,0.02,0.235,0.61,8
gg_guided_e60d2,1,ta_fico_1k,1000,23,0.01,nan,,,48.868971501942724,48.869,memory,,,,,5.81,2
gosdt_guesses_guided,1,ta_fico_1k,1000,23,0.01,0.234,194,4,0.002,3.979,heuristic,228,8,0.23399999737739563,0.23399999737739563,0.19,2
gosdt_guesses,1,ta_fico_1k,1000,23,0.01,nan,,,20.40486879600212,20.405,memory,,,,,5.89,2
split,1,ta_fico_1k,1000,23,0.005,nan,,,258.93179473420605,258.932,memory,,,,,5.98,2
autoopttree,1,ta_compas_processed,12381,22,0.005,0.24527219126080285,2851,3,588.7407991280779,602.926,memory,2046912,625,0.010080768920119538,0.24527219126080282,5.98,2
gosdt,1,ta_compas_processed,12381,22,0.1,0.40999111541878686,3838,1,617.014,619.563,optimal,4377,648,0.409991,0.409991,1.09,2
gosdt,1,ta_fico_1k,1000,23,0.005,nan,,,493.1808656686917,493.181,memory,,,,,5.99,2
pygosdt_v1,1,ta_compas_processed,12381,22,0.005,0.24527219126080285,2851,3,662.3529302049428,665.714,memory,2070528,625,0.010080768920119538,0.24527219126080282,5.99,2
gosdt,1,ta_compas_processed,12381,22,0.05,nan,,,672.7698675659485,672.77,memory,,,,,5.99,2
pygosdt_v1,1,ta_compas_processed,12381,22,0.02,nan,,,696.098,696.098,memory,,,,,6.0,2
gg_exact_simsup,1,ta_fico_1k,1000,23,0.02,nan,,,21.036617926787585,21.037,memory,,,,,5.74,2
autoopttree_v46_anytime100,1,ta_fico_1k,1000,23,0.02,0.262,222,2,0.17278669495135546,73.305,time,4,1237,0.04,0.262,0.61,8
split,1,ta_fico_1k,1000,23,0.01,nan,,,281.53657831205055,281.537,memory,,,,,5.97,2
pygosdt_v1,1,ta_compas_processed,12381,22,0.01,0.2557644778289314,2919,2,815.0493488623761,818.356,memory,2409472,625,0.02008076892011954,0.2557644778289314,5.99,2
gosdt_guesses,1,ta_fico_1k,1000,23,0.02,nan,,,20.875874998047948,20.876,memory,,,,,5.88,2
gosdt_guesses_guided,1,ta_fico_1k,1000,23,0.02,0.262,222,2,0.0,4.077,heuristic,13,8,0.26200002431869507,0.26200002431869507,0.19,2
gg_guided_e60d2,1,ta_fico_1k,1000,23,0.02,nan,,,163.155,163.155,memory,,,,,6.0,2
pygosdt_v1,1,ta_compas_processed,12381,22,0.05,0.33576447782893143,2919,2,891.6627733823843,894.756,memory,2612224,625,0.10008076892011954,0.33576447782893143,6.0,2
gosdt,1,ta_fico_1k,1000,23,0.01,nan,,,479.7471985933371,479.747,memory,,,,,5.97,2
split,1,ta_fico_1k,1000,23,0.02,nan,,,332.6932472991757,332.693,memory,,,,,5.98,2
gosdt,1,ta_fico_1k,1000,23,0.02,nan,,,443.61276052100584,443.613,memory,,,,,5.97,2
autoopttree_v46_anytime100,1,ta_fico_1k,1000,23,0.05,0.322,222,2,0.1631015930324793,73.282,time,4,1237,0.1,0.322,0.61,8
autoopttree_v40,1,ta_fico_1k,1000,23,0.05,0.322,222,2,375.7862248811871,432.495,optimal,5540045,1237,0.322,0.322,2.02,2
autoopttree_v46,1,ta_fico_1k,1000,23,0.05,0.322,222,2,157.07839528936893,230.548,optimal,9419917,1237,0.322,0.322,3.95,8
gg_exact_simsup,1,ta_fico_1k,1000,23,0.05,nan,,,25.718694102950394,25.719,memory,,,,,5.58,2
gg_guided_e60d2,1,ta_fico_1k,1000,23,0.05,0.322,222,2,0.005,6.043,heuristic,91,64,0.32200002670288086,0.32200002670288086,0.23,2
gosdt_guesses,1,ta_fico_1k,1000,23,0.05,nan,,,23.545168789103627,23.545,memory,,,,,5.43,2
gosdt_guesses_guided,1,ta_fico_1k,1000,23,0.05,0.322,222,2,0.0,3.942,heuristic,0,8,0.32200002670288086,0.32200002670288086,0.2,2
autoopttree,1,ta_fico_1k,1000,23,0.05,0.322,222,2,603.7856025719084,615.891,optimal,5523025,1237,0.322,0.322,3.08,2
autoopttree_v49,1,ta_fico_1k,1000,23,0.05,0.322,222,2,160.14327675569803,253.071,optimal,9330317,1237,0.322,0.322,4.03,8
split,1,ta_fico_1k,1000,23,0.05,0.322,222,2,15.394307497888803,19.09,heuristic,,1237,,,0.23,2
gg_guided_e60d2,1,ta_fico_1k,1000,23,0.1,0.42200000000000004,222,2,0.0,5.254,heuristic,0,64,0.4220000207424164,0.4220000207424164,0.19,2
gosdt_guesses_guided,1,ta_fico_1k,1000,23,0.1,0.42200000000000004,222,2,0.0,5.041,heuristic,0,8,0.4220000207424164,0.4220000207424164,0.19,2
gg_guided_e60d2,1,ta_coupon_bar,1913,14,0.005,0.22834553058024046,389,5,0.345,4.733,heuristic,18103,12,0.22834551334381104,0.22834551334381104,0.19,2
gosdt_guesses_guided,1,ta_coupon_bar,1913,14,0.005,0.24507318348144275,421,5,0.002,4.414,heuristic,271,6,0.24507319927215576,0.24507319927215576,0.19,2
split,1,ta_coupon_bar,1913,14,0.005,0.2263225300575013,366,7,0.07696322584524751,4.087,heuristic,,14,,,0.19,2
gg_guided_e60d2,1,ta_coupon_bar,1913,14,0.01,0.25334553058024045,389,5,0.082,4.403,heuristic,3041,12,0.2533455193042755,0.2533455193042755,0.19,2
gosdt_guesses_guided,1,ta_coupon_bar,1913,14,0.01,0.2652326189231573,450,3,0.001,4.386,heuristic,87,6,0.2652326226234436,0.2652326226234436,0.19,2
split,1,ta_coupon_bar,1913,14,0.01,0.26223209618400417,406,5,0.05462296400219202,4.064,heuristic,,14,,,0.19,2
gg_guided_e60d2,1,ta_coupon_bar,1913,14,0.02,0.29523261892315733,450,3,0.009,4.376,heuristic,296,12,0.2952325940132141,0.2952325940132141,0.19,2
gosdt_guesses_guided,1,ta_coupon_bar,1913,14,0.02,0.29523261892315733,450,3,0.0,4.361,heuristic,25,6,0.2952325940132141,0.2952325940132141,0.19,2
split,1,ta_coupon_bar,1913,14,0.02,0.29523261892315733,450,3,0.05709523893892765,4.003,heuristic,,14,,,0.19,2
gg_guided_e60d2,1,ta_coupon_bar,1913,14,0.05,0.3645060115002614,506,2,0.0,4.34,heuristic,5,12,0.3645060062408447,0.3645060062408447,0.19,2
gosdt_guesses_guided,1,ta_coupon_bar,1913,14,0.05,0.3645060115002614,506,2,0.0,4.314,heuristic,0,6,0.3645060062408447,0.3645060062408447,0.19,2
split,1,ta_coupon_bar,1913,14,0.05,0.3645060115002614,506,2,0.03632905101403594,4.012,heuristic,,14,,,0.19,2
gg_guided_e60d2,1,ta_coupon_bar,1913,14,0.1,0.4645060115002614,506,2,0.0,4.316,heuristic,0,12,0.46450603008270264,0.46450603008270264,0.19,2
gosdt_guesses_guided,1,ta_coupon_bar,1913,14,0.1,0.4645060115002614,506,2,0.0,4.311,heuristic,0,6,0.46450603008270264,0.46450603008270264,0.19,2
split,1,ta_coupon_bar,1913,14,0.1,0.4645060115002614,506,2,0.04126173071563244,3.315,heuristic,,14,,,0.2,2
gg_guided_e60d2,1,ta_car_evaluation,1728,15,0.005,0.2570601851851852,401,5,0.156,3.727,heuristic,8455,14,0.2570601999759674,0.2570601999759674,0.2,2
gosdt_guesses_guided,1,ta_car_evaluation,1728,15,0.005,0.2590046296296296,413,4,0.013,3.418,heuristic,805,10,0.2590046525001526,0.2590046525001526,0.2,2
split,1,ta_car_evaluation,1728,15,0.005,0.2570601851851852,401,5,0.051829610019922256,3.416,heuristic,,14,,,0.21,2
gg_guided_e60d2,1,ta_car_evaluation,1728,15,0.01,0.27479166666666666,423,3,0.008,3.714,heuristic,511,14,0.2747916579246521,0.2747916579246521,0.21,2
gosdt_guesses_guided,1,ta_car_evaluation,1728,15,0.01,0.27479166666666666,423,3,0.0,3.406,heuristic,39,10,0.2747916579246521,0.2747916579246521,0.21,2
split,1,ta_car_evaluation,1728,15,0.01,0.27479166666666666,423,3,0.04551688302308321,3.389,heuristic,,14,,,0.21,2
gg_guided_e60d2,1,ta_car_evaluation,1728,15,0.02,0.3047916666666667,423,3,0.0,3.703,heuristic,52,14,0.304791659116745,0.304791659116745,0.21,2
gosdt_guesses_guided,1,ta_car_evaluation,1728,15,0.02,0.3047916666666667,423,3,0.0,3.378,heuristic,13,10,0.304791659116745,0.304791659116745,0.21,2
split,1,ta_car_evaluation,1728,15,0.02,0.3047916666666667,423,3,0.03343466483056545,3.378,heuristic,,14,,,0.19,2
gg_guided_e60d2,1,ta_car_evaluation,1728,15,0.05,0.34976851851851853,518,1,0.0,3.686,heuristic,0,14,0.3497685194015503,0.3497685194015503,0.21,2
gosdt_guesses_guided,1,ta_car_evaluation,1728,15,0.05,0.34976851851851853,518,1,0.0,3.364,heuristic,0,10,0.3497685194015503,0.3497685194015503,0.19,2
split,1,ta_car_evaluation,1728,15,0.05,0.34976851851851853,518,1,0.029051931109279394,3.353,heuristic,,14,,,0.19,2
gg_guided_e60d2,1,ta_car_evaluation,1728,15,0.1,0.3997685185185186,518,1,0.0,3.648,heuristic,0,14,0.39976850152015686,0.39976850152015686,0.19,2
gosdt_guesses_guided,1,ta_car_evaluation,1728,15,0.1,0.3997685185185186,518,1,0.0,3.409,heuristic,0,10,0.39976850152015686,0.39976850152015686,0.19,2
split,1,ta_fico_1k,1000,23,0.1,0.42200000000000004,222,2,13.746873272117227,18.029,heuristic,,1237,,,0.23,2
split,1,ta_car_evaluation,1728,15,0.1,0.3997685185185186,518,1,0.03543293196707964,3.287,heuristic,,14,,,0.19,2
gg_guided_e60d2,1,ta_tic-tac-toe,958,9,0.005,0.23102296450939458,183,8,0.99,4.638,heuristic,51393,15,0.23102295398712158,0.23102295398712158,0.21,2
gg_exact_simsup,1,ta_tic-tac-toe,958,9,0.005,nan,,,45.2015348658897,45.202,memory,,,,,5.94,2
autoopttree_v46_anytime100,1,ta_tic-tac-toe,958,9,0.005,0.23580375782881002,178,10,0.10174878826364875,69.507,time,16879,27,0.07576200417536533,0.23580375782881002,0.62,8
gosdt_guesses_guided,1,ta_tic-tac-toe,958,9,0.005,0.23816283924843423,209,4,0.003,3.434,heuristic,180,9,0.2381628453731537,0.2381628453731537,0.19,2
split,1,ta_tic-tac-toe,958,9,0.005,0.23041753653444677,192,6,0.12812431389465928,3.423,heuristic,,27,,,0.19,2
gosdt,1,ta_tic-tac-toe,958,9,0.005,nan,,,78.68776706513017,78.688,memory,,,,,5.91,2
gosdt_guesses,1,ta_tic-tac-toe,958,9,0.005,nan,,,49.40414100186899,49.404,memory,,,,,5.83,2
autoopttree_v46_anytime100,1,ta_tic-tac-toe,958,9,0.01,0.2565135699373695,217,3,0.10206640884280205,78.614,time,14101,27,0.08576200417536534,0.2565135699373695,0.6,8
gg_guided_e60d2,1,ta_tic-tac-toe,958,9,0.01,0.2565135699373695,217,3,0.227,4.623,heuristic,10610,15,0.2565135955810547,0.2565135955810547,0.21,2
gosdt_guesses_guided,1,ta_tic-tac-toe,958,9,0.01,0.2565135699373695,217,3,0.0,3.887,heuristic,69,9,0.2565135955810547,0.2565135955810547,0.21,2
gg_exact_simsup,1,ta_tic-tac-toe,958,9,0.01,nan,,,60.78021080093458,60.78,memory,,,,,5.88,2
gosdt_guesses,1,ta_tic-tac-toe,958,9,0.01,nan,,,60.45877163298428,60.459,memory,,,,,5.91,2
split,1,ta_tic-tac-toe,958,9,0.01,0.2565135699373695,217,3,0.1460503851994872,3.877,heuristic,,27,,,0.2,2
gg_guided_e60d2,1,ta_tic-tac-toe,958,9,0.02,0.28651356993736954,217,3,0.008,4.086,heuristic,502,15,0.2865135669708252,0.2865135669708252,0.21,2
gosdt_guesses_guided,1,ta_tic-tac-toe,958,9,0.02,0.28651356993736954,217,3,0.0,3.832,heuristic,17,9,0.2865135669708252,0.2865135669708252,0.21,2
split,1,ta_tic-tac-toe,958,9,0.02,0.28651356993736954,217,3,0.07873702421784401,3.926,heuristic,,27,,,0.19,2
gg_guided_e60d2,1,ta_tic-tac-toe,958,9,0.05,0.35782881002087685,247,2,0.0,4.133,heuristic,19,15,0.3578287959098816,0.3578287959098816,0.21,2
gosdt,1,ta_tic-tac-toe,958,9,0.01,nan,,,102.218,102.218,memory,,,,,6.01,2
gosdt_guesses_guided,1,ta_tic-tac-toe,958,9,0.05,0.35782881002087685,247,2,0.0,3.536,heuristic,0,9,0.3578287959098816,0.3578287959098816,0.21,2
split,1,ta_tic-tac-toe,958,9,0.05,0.35782881002087685,247,2,0.05019986582919955,3.445,heuristic,,27,,,0.21,2
gg_guided_e60d2,1,ta_tic-tac-toe,958,9,0.1,0.4496868475991649,335,1,0.0,4.176,heuristic,0,15,0.44968685507774353,0.44968685507774353,0.21,2
gosdt_guesses_guided,1,ta_tic-tac-toe,958,9,0.1,0.4496868475991649,335,1,0.0,3.752,heuristic,0,9,0.44968685507774353,0.44968685507774353,0.21,2
split,1,ta_tic-tac-toe,958,9,0.1,0.4496868475991649,335,1,0.03497209306806326,3.43,heuristic,,27,,,0.21,2
gg_exact_simsup,1,ta_sine_1k,1000,1,0.005,nan,,,28.754926311783493,28.755,memory,,,,,5.63,2
gosdt,1,ta_sine_1k,1000,1,0.005,nan,,,7.6053332458250225,7.605,memory,,,,,5.56,2
autoopttree_v46,1,ta_tic-tac-toe,958,9,0.005,0.2276722338204593,175,9,288.2396366237663,357.417,optimal,31701427,27,0.22767223382045926,0.22767223382045926,3.71,8
autoopttree_v49,1,ta_tic-tac-toe,958,9,0.005,0.2276722338204593,175,9,288.08514611190185,363.038,optimal,32786802,27,0.22767223382045926,0.22767223382045926,3.72,8
gosdt_guesses_guided,1,ta_sine_1k,1000,1,0.005,0.363,353,2,0.0,3.615,heuristic,0,2,0.3630000352859497,0.3630000352859497,0.22,2
gosdt_guesses,1,ta_sine_1k,1000,1,0.005,nan,,,27.27360629476607,27.274,memory,,,,,5.63,2
gg_guided_e60d2,1,ta_sine_1k,1000,1,0.01,0.373,353,2,0.165,4.684,heuristic,4863,55,0.37300002574920654,0.37300002574920654,0.22,2
gosdt_guesses_guided,1,ta_sine_1k,1000,1,0.01,0.373,353,2,0.0,4.021,heuristic,0,2,0.37300002574920654,0.37300002574920654,0.19,2
gosdt,1,ta_sine_1k,1000,1,0.01,nan,,,7.649341002106667,7.649,memory,,,,,2.61,2
pygosdt_v1,1,ta_tic-tac-toe,958,9,0.01,0.2565135699373695,217,3,183.85389308677986,185.775,optimal,1497829,27,0.2565135699373695,0.2565135699373695,0.57,2
gg_guided_e60d2,1,ta_sine_1k,1000,1,0.02,0.39299999999999996,353,2,0.004,4.841,heuristic,92,55,0.3930000066757202,0.3930000066757202,0.22,2
gg_exact_simsup,1,ta_sine_1k,1000,1,0.01,nan,,,29.0099455867894,29.01,memory,,,,,5.57,2
gosdt_guesses,1,ta_sine_1k,1000,1,0.01,nan,,,28.98629115894437,28.986,memory,,,,,5.57,2
autoopttree_v40,1,ta_tic-tac-toe,958,9,0.005,0.2276722338204593,175,9,350.14941815380007,405.976,optimal,7583935,27,0.22767223382045926,0.22767223382045926,1.01,2
gg_exact_simsup,1,ta_sine_1k,1000,1,0.02,nan,,,28.08096980676055,28.081,memory,,,,,5.4,2
gosdt_guesses_guided,1,ta_sine_1k,1000,1,0.02,0.39299999999999996,353,2,0.0,4.122,heuristic,0,2,0.3930000066757202,0.3930000066757202,0.21,2
gosdt_guesses,1,ta_sine_1k,1000,1,0.02,nan,,,29.063810320105404,29.064,memory,,,,,5.4,2
gg_exact_simsup,1,ta_sine_1k,1000,1,0.05,nan,,,33.11300930008292,33.113,memory,,,,,5.33,2
gg_guided_e60d2,1,ta_sine_1k,1000,1,0.05,0.45299999999999996,353,2,0.0,4.976,heuristic,0,55,0.453000009059906,0.453000009059906,0.22,2
autoopttree,1,ta_tic-tac-toe,958,9,0.005,0.2276722338204593,175,9,545.7104832520708,557.111,optimal,5300883,27,0.22767223382045926,0.22767223382045926,0.91,2
gosdt_guesses,1,ta_sine_1k,1000,1,0.05,nan,,,33.57026908779517,33.57,memory,,,,,5.61,2
gosdt_guesses_guided,1,ta_sine_1k,1000,1,0.05,0.45299999999999996,353,2,0.0,6.483,heuristic,0,2,0.453000009059906,0.453000009059906,0.19,2
split,1,ta_sine_1k,1000,1,0.05,0.45299999999999996,353,2,29.204865562729537,32.876,heuristic,,876,,,0.45,2
split,1,ta_sine_1k,1000,1,0.01,0.373,353,2,325.1979626920074,328.654,heuristic,,876,,,1.88,2
split,1,ta_sine_1k,1000,1,0.02,0.39299999999999996,353,2,288.8624529838562,292.22,heuristic,,876,,,1.81,2
split,1,ta_sine_1k,1000,1,0.005,0.363,353,2,342.11789038265124,345.367,heuristic,,876,,,1.9,2
gg_guided_e60d2,1,ta_sine_1k,1000,1,0.1,0.5529999999999999,353,2,0.0,4.944,heuristic,0,55,0.5530000329017639,0.5530000329017639,0.22,2
gg_guided_e60d2,1,ta_sine_1k,1000,1,0.005,0.363,353,2,429.029,434.215,heuristic,120231035,55,0.3630000054836273,0.3630000054836273,0.27,2
gosdt_guesses_guided,1,ta_sine_1k,1000,1,0.1,0.5529999999999999,353,2,0.0,4.146,heuristic,0,2,0.5530000329017639,0.5530000329017639,0.22,2
split,1,ta_sine_1k,1000,1,0.1,0.5529999999999999,353,2,3.0151487039402127,6.599,heuristic,,876,,,0.22,2
gg_exact_simsup,1,ta_gaussian_1k,1000,1,0.005,nan,,,26.35622137505561,26.356,memory,,,,,5.56,2
gg_guided_e60d2,1,ta_gaussian_1k,1000,1,0.005,0.297,287,2,0.186,5.015,heuristic,4858,54,0.2970000207424164,0.2970000207424164,0.22,2
gosdt,1,ta_fico_1k,1000,23,0.05,nan,,,820.2350696800277,820.235,memory,,,,,5.99,2
gosdt,1,ta_gaussian_1k,1000,1,0.005,nan,,,7.813703866675496,7.814,memory,,,,,2.06,2
gosdt_guesses_guided,1,ta_gaussian_1k,1000,1,0.005,0.297,287,2,0.0,4.264,heuristic,0,2,0.2970000207424164,0.2970000207424164,0.22,2
gosdt_guesses,1,ta_gaussian_1k,1000,1,0.005,nan,,,27.664560673758388,27.665,memory,,,,,5.56,2
gg_exact_simsup,1,ta_sine_1k,1000,1,0.1,0.5529999999999999,353,2,213.81,218.329,optimal,449407,876,0.5529999732971191,0.5529999732971191,1.72,2
gosdt_guesses,1,ta_sine_1k,1000,1,0.1,0.5529999999999999,353,2,214.091,218.463,optimal,449407,876,0.5529999732971191,0.5529999732971191,1.72,2
pygosdt_v1,1,ta_tic-tac-toe,958,9,0.005,0.2276722338204593,175,9,869.4308690563776,871.706,optimal,6849995,27,0.22767223382045926,0.22767223382045926,1.09,2
gg_guided_e60d2,1,ta_gaussian_1k,1000,1,0.01,0.307,287,2,0.002,4.554,heuristic,59,54,0.3070000112056732,0.3070000112056732,0.22,2
gg_exact_simsup,1,ta_gaussian_1k,1000,1,0.01,nan,,,26.48908530594781,26.489,memory,,,,,5.54,2
gosdt,1,ta_sine_1k,1000,1,0.1,0.5529999999999999,353,2,273.615,275.149,optimal,39027,879,0.553,0.553,0.19,2
gosdt_guesses,1,ta_gaussian_1k,1000,1,0.01,nan,,,26.47667998680845,26.477,memory,,,,,5.56,2
gosdt_guesses_guided,1,ta_gaussian_1k,1000,1,0.01,0.307,287,2,0.0,4.374,heuristic,0,2,0.3070000112056732,0.3070000112056732,0.2,2
gosdt,1,ta_gaussian_1k,1000,1,0.01,nan,,,183.26131897093728,183.261,memory,,,,,5.99,2
gosdt,1,ta_sine_1k,1000,1,0.02,nan,,,898.2616337426007,898.262,memory,,,,,5.95,2
gg_exact_simsup,1,ta_gaussian_1k,1000,1,0.02,nan,,,27.09133773110807,27.091,memory,,,,,5.46,2
gg_guided_e60d2,1,ta_gaussian_1k,1000,1,0.02,0.32,300,1,0.0,4.48,heuristic,0,54,0.320000022649765,0.320000022649765,0.22,2
streed,1,ta_sine_1k,1000,1,0.05,nan,,,979.284,979.284,memory,,,,,6.02,2
gosdt_guesses,1,ta_gaussian_1k,1000,1,0.02,nan,,,28.69846879178658,28.698,memory,,,,,5.66,2
gosdt_guesses_guided,1,ta_gaussian_1k,1000,1,0.02,0.32,300,1,0.0,4.207,heuristic,0,2,0.320000022649765,0.320000022649765,0.22,2
pygosdt_v1,1,ta_sine_1k,1000,1,0.02,0.39299999999999996,353,2,1342.8376862839796,1344.643,optimal,1531116,876,0.393,0.393,0.34,2
gosdt,1,ta_fico_1k,1000,23,0.1,0.42200000000000004,222,2,1775.54,1777.625,optimal,24650,1382,0.422,0.422,0.41,2
streed,1,ta_sine_1k,1000,1,0.02,nan,,,1521.067,1521.067,memory,,,,,6.0,2
gg_exact_simsup,1,ta_gaussian_1k,1000,1,0.05,nan,,,62.79664904018864,62.797,memory,,,,,5.66,2
gg_guided_e60d2,1,ta_gaussian_1k,1000,1,0.05,0.35,300,1,0.0,4.695,heuristic,0,54,0.3500000238418579,0.3500000238418579,0.22,2
gosdt,1,ta_gaussian_1k,1000,1,0.02,nan,,,698.337473523803,698.337,memory,,,,,5.99,2
gosdt_guesses,1,ta_gaussian_1k,1000,1,0.05,nan,,,62.8757060598582,62.876,memory,,,,,5.97,2
split,1,ta_gaussian_1k,1000,1,0.005,0.297,287,2,1269.6170553979464,1273.264,heuristic,,920,,,5.29,2
gosdt_guesses_guided,1,ta_gaussian_1k,1000,1,0.05,0.35,300,1,0.0,4.323,heuristic,0,2,0.3500000238418579,0.3500000238418579,0.21,2
autoopttree,1,ta_fico_1k,1000,23,0.02,0.262,222,2,2139.9943854347803,2153.942,memory,12350720,1237,0.04,0.262,5.99,2
gg_guided_e60d2,1,ta_gaussian_1k,1000,1,0.1,0.4,300,1,0.0,4.767,heuristic,0,54,0.4000000059604645,0.4000000059604645,0.22,2
gosdt_guesses_guided,1,ta_gaussian_1k,1000,1,0.1,0.4,300,1,0.0,4.324,heuristic,0,2,0.4000000059604645,0.4000000059604645,0.2,2
split,1,ta_gaussian_1k,1000,1,0.1,0.4,300,1,3.5956279672682285,6.96,heuristic,,920,,,0.22,2
gg_guided_e60d2,1,ta_monk_2,169,11,0.005,0.2611834319526627,34,12,0.232,4.051,heuristic,16883,10,0.2611834406852722,0.2611834406852722,0.21,2
gosdt_guesses_guided,1,ta_monk_2,169,11,0.005,0.29718934911242606,46,5,0.002,4.081,heuristic,194,6,0.2971893548965454,0.2971893548965454,0.19,2
split,1,ta_monk_2,169,11,0.005,0.2698520710059172,38,9,0.039071463979780674,4.048,heuristic,,10,,,0.19,2
split,1,ta_gaussian_1k,1000,1,0.01,0.307,287,2,1199.7838444602676,1203.579,heuristic,,920,,,5.27,2
gg_guided_e60d2,1,ta_monk_2,169,11,0.01,0.3007692307692308,39,7,0.125,3.847,heuristic,7191,10,0.30076923966407776,0.30076923966407776,0.22,2
streed,1,ta_sine_1k,1000,1,0.01,nan,,,1834.159,1834.159,memory,,,,,6.01,2
gosdt_guesses_guided,1,ta_monk_2,169,11,0.01,0.3203550295857988,44,6,0.001,3.728,heuristic,207,6,0.32035502791404724,0.32035502791404724,0.21,2
split,1,ta_monk_2,169,11,0.01,0.3007692307692308,39,7,0.0439056190662086,3.83,heuristic,,10,,,0.21,2
gg_guided_e60d2,1,ta_monk_2,169,11,0.02,0.3603550295857988,44,5,0.023,3.767,heuristic,2136,10,0.360355019569397,0.360355019569397,0.21,2
gosdt_guesses_guided,1,ta_monk_2,169,11,0.02,0.36994082840236686,49,4,0.0,3.806,heuristic,55,6,0.3699408173561096,0.3699408173561096,0.21,2
split,1,ta_monk_2,169,11,0.02,0.3603550295857988,44,5,0.039674144238233566,3.395,heuristic,,10,,,0.19,2
gg_guided_e60d2,1,ta_monk_2,169,11,0.05,0.428698224852071,64,1,0.0,3.37,heuristic,40,10,0.42869824171066284,0.42869824171066284,0.19,2
gosdt_guesses_guided,1,ta_monk_2,169,11,0.05,0.428698224852071,64,1,0.0,3.401,heuristic,3,6,0.42869824171066284,0.42869824171066284,0.19,2
split,1,ta_monk_2,169,11,0.05,0.428698224852071,64,1,0.026592731941491365,3.59,heuristic,,10,,,0.19,2
gg_guided_e60d2,1,ta_monk_2,169,11,0.1,0.47869822485207103,64,1,0.0,3.669,heuristic,0,10,0.4786982238292694,0.4786982238292694,0.21,2
gosdt_guesses_guided,1,ta_monk_2,169,11,0.1,0.47869822485207103,64,1,0.0,3.713,heuristic,0,6,0.4786982238292694,0.4786982238292694,0.21,2
split,1,ta_monk_2,169,11,0.1,0.47869822485207103,64,1,0.023760104086250067,3.721,heuristic,,10,,,0.21,2
gg_guided_e60d2,1,ta_monk_1,124,11,0.005,0.22741935483870968,22,10,0.016,3.534,heuristic,1807,8,0.22741934657096863,0.22741934657096863,0.21,2
gosdt_guesses_guided,1,ta_monk_1,124,11,0.005,0.25887096774193546,29,5,0.0,3.622,heuristic,79,4,0.2588709592819214,0.2588709592819214,0.21,2
split,1,ta_monk_1,124,11,0.005,0.2082258064516129,19,11,0.03203058987855911,3.714,heuristic,,9,,,0.21,2
gg_guided_e60d2,1,ta_monk_1,124,11,0.01,0.25967741935483873,26,5,0.009,3.883,heuristic,928,8,0.2596774101257324,0.2596774101257324,0.21,2
gosdt_guesses_guided,1,ta_monk_1,124,11,0.01,0.2838709677419355,29,5,0.0,3.881,heuristic,61,4,0.28387096524238586,0.28387096524238586,0.21,2
split,1,ta_monk_1,124,11,0.01,0.2535483870967742,24,6,0.03225201368331909,3.559,heuristic,,9,,,0.21,2
gg_guided_e60d2,1,ta_monk_1,124,11,0.02,0.3096774193548387,26,5,0.002,3.678,heuristic,242,8,0.3096774220466614,0.3096774220466614,0.21,2
gosdt_guesses_guided,1,ta_monk_1,124,11,0.02,0.32225806451612904,35,2,0.0,3.873,heuristic,27,4,0.3222580552101135,0.3222580552101135,0.2,2
split,1,ta_monk_1,124,11,0.02,0.32193548387096776,30,4,0.030380283948034048,4.017,heuristic,,9,,,0.19,2
gg_guided_e60d2,1,ta_monk_1,124,11,0.05,0.3822580645161291,35,2,0.0,3.436,heuristic,9,8,0.3822580575942993,0.3822580575942993,0.21,2
gosdt_guesses_guided,1,ta_monk_1,124,11,0.05,0.3822580645161291,35,2,0.0,3.447,heuristic,0,4,0.3822580575942993,0.3822580575942993,0.19,2
split,1,ta_monk_1,124,11,0.05,0.3822580645161291,35,2,0.02683690097182989,3.861,heuristic,,9,,,0.21,2
gg_guided_e60d2,1,ta_monk_1,124,11,0.1,0.48225806451612907,35,2,0.0,3.386,heuristic,0,8,0.48225805163383484,0.48225805163383484,0.19,2
gosdt_guesses_guided,1,ta_monk_1,124,11,0.1,0.48225806451612907,35,2,0.0,3.432,heuristic,0,4,0.48225805163383484,0.48225805163383484,0.21,2
split,1,ta_monk_1,124,11,0.1,0.48225806451612907,35,2,0.03539366414770484,4.195,heuristic,,9,,,0.19,2
gg_guided_e60d2,1,ta_monk_3,122,11,0.005,0.28770491803278686,29,10,0.007,3.378,heuristic,867,7,0.2877048850059509,0.2877048850059509,0.19,2
gosdt_guesses_guided,1,ta_monk_3,122,11,0.005,0.31188524590163935,35,5,0.0,3.379,heuristic,54,4,0.31188520789146423,0.31188520789146423,0.19,2
split,1,ta_monk_3,122,11,0.005,0.28770491803278686,29,10,0.04392394237220287,3.848,heuristic,,9,,,0.21,2
gg_guided_e60d2,1,ta_monk_3,122,11,0.01,0.3286885245901639,34,5,0.003,3.661,heuristic,459,7,0.32868847250938416,0.32868847250938416,0.19,2
gosdt_guesses_guided,1,ta_monk_3,122,11,0.01,0.3332786885245902,37,3,0.0,3.708,heuristic,28,4,0.3332786560058594,0.3332786560058594,0.19,2
split,1,ta_monk_3,122,11,0.01,0.3286885245901639,34,5,0.030048401094973087,3.771,heuristic,,9,,,0.21,2
gg_guided_e60d2,1,ta_monk_3,122,11,0.02,0.36327868852459017,37,3,0.001,3.754,heuristic,160,7,0.36327868700027466,0.36327868700027466,0.19,2
gosdt_guesses_guided,1,ta_monk_3,122,11,0.02,0.36327868852459017,37,3,0.0,3.762,heuristic,12,4,0.36327868700027466,0.36327868700027466,0.21,2
split,1,ta_monk_3,122,11,0.02,0.36327868852459017,37,3,0.029666181188076735,3.863,heuristic,,9,,,0.21,2
gg_guided_e60d2,1,ta_monk_3,122,11,0.05,0.4278688524590164,40,2,0.0,3.688,heuristic,9,7,0.4278688430786133,0.4278688430786133,0.21,2
gosdt_guesses_guided,1,ta_monk_3,122,11,0.05,0.4278688524590164,40,2,0.0,3.688,heuristic,0,4,0.4278688430786133,0.4278688430786133,0.21,2
split,1,ta_monk_3,122,11,0.05,0.4278688524590164,40,2,0.0348860677331686,4.262,heuristic,,9,,,0.19,2
gg_guided_e60d2,1,ta_monk_3,122,11,0.1,0.5278688524590164,40,2,0.0,3.667,heuristic,0,7,0.5278688669204712,0.5278688669204712,0.21,2
gosdt_guesses_guided,1,ta_monk_3,122,11,0.1,0.5278688524590164,40,2,0.0,3.713,heuristic,0,4,0.5278688669204712,0.5278688669204712,0.21,2
split,1,ta_monk_3,122,11,0.1,0.5278688524590164,40,2,0.034194742795079947,3.399,heuristic,,9,,,0.19,2
autoopttree_v40,1,ta_fico_1k,1000,23,0.02,nan,,,2324.872,2324.872,memory,,,,,7.95,2
gosdt,1,ta_sine_1k,1000,1,0.05,nan,,,1868.224123518914,1868.224,memory,,,,,5.9,2
streed,1,ta_sine_1k,1000,1,0.005,nan,,,2198.876,2198.876,memory,,,,,6.03,2
pygosdt_v1,1,ta_gaussian_1k,1000,1,0.02,0.32,300,1,1177.441356100142,1179.918,optimal,1366350,920,0.32,0.32,0.36,2
split,1,ta_gaussian_1k,1000,1,0.02,0.32,300,1,1305.700898075942,1310.43,heuristic,,920,,,5.59,2
split,1,ta_gaussian_1k,1000,1,0.05,0.35,300,1,959.4073331588879,963.202,heuristic,,920,,,4.91,2
streed,1,ta_gaussian_1k,1000,1,0.05,nan,,,1135.826,1135.826,memory,,,,,6.02,2
autoopttree_v46_anytime100,1,ta_iris,150,4,0.005,0.19833333333333333,14,21,0.10171275259926915,77.558,time,5472,83,0.06333333333333334,0.19833333333333336,0.6,8
autoopttree,1,ta_fico_1k,1000,23,0.01,0.23600000000000002,196,4,3381.6074983677827,3395.656,memory,12827968,1237,0.02,0.236,5.99,2
autoopttree_v40,1,ta_fico_1k,1000,23,0.01,nan,,,3582.46,3582.46,memory,,,,,6.47,2
gg_exact_simsup,1,ta_iris,150,4,0.005,nan,,,230.9301515207626,230.93,memory,,,,,5.98,2
streed,1,ta_gaussian_1k,1000,1,0.005,nan,,,2803.644,2803.644,memory,,,,,6.03,2
streed,1,ta_gaussian_1k,1000,1,0.01,nan,,,2611.926,2611.926,memory,,,,,6.0,2
gosdt_guesses_guided,1,ta_iris,150,4,0.005,0.3433333333333333,44,10,0.012,3.757,heuristic,1226,8,0.34333333373069763,0.34333333373069763,0.21,2
autoopttree,1,ta_fico_1k,1000,23,0.005,0.216,196,4,3795.6970036150888,3809.875,memory,13489856,1237,0.01,0.216,6.0,2
split,1,ta_iris,150,4,0.005,nan,,,1.3031321940943599,1.303,unsupported,,,,,0.0,2
gosdt_guesses,1,ta_iris,150,4,0.005,nan,,,216.20912641007453,216.209,memory,,,,,5.96,2
autoopttree_v40,1,ta_fico_1k,1000,23,0.005,nan,,,4006.285,4006.285,memory,,,,,7.95,2
pygosdt_v1,1,ta_fico_1k,1000,23,0.005,0.232,222,2,4013.744553787168,4018.489,memory,13068288,1237,0.01,0.23199999999999998,6.0,2
gosdt,1,ta_iris,150,4,0.005,nan,,,459.43384034885094,459.434,memory,,,,,5.98,2
streed,1,ta_iris,150,4,0.005,nan,,,344.785,344.785,memory,,,,,6.01,2
pygosdt_v1,1,ta_fico_1k,1000,23,0.02,0.262,222,2,4215.746686135884,4220.243,memory,12512256,1237,0.04,0.262,6.0,2
streed,1,ta_gaussian_1k,1000,1,0.02,nan,,,2531.374,2531.374,memory,,,,,6.03,2
pygosdt_v1,1,ta_fico_1k,1000,23,0.05,0.322,222,2,4535.753637106158,4541.213,memory,12698624,1237,0.1,0.322,6.0,2
pygosdt_v1,1,ta_fico_1k,1000,23,0.01,0.242,222,2,4599.3735532038845,4603.942,memory,14058496,1237,0.02,0.242,6.0,2
pygosdt_v1,1,ta_sine_1k,1000,1,0.01,0.373,353,2,4290.523189570755,4292.337,optimal,3718834,876,0.373,0.373,0.36,2
autoopttree_v46_anytime100,1,ta_iris,150,4,0.01,0.28,27,10,0.10111885191872716,83.965,time,5568,83,0.07333333333333333,0.28,0.59,8
pygosdt_v1,1,ta_gaussian_1k,1000,1,0.01,0.307,287,2,4116.039631408174,4118.039,optimal,3404709,920,0.30700000000000005,0.30700000000000005,0.39,2
gg_exact_simsup,1,ta_iris,150,4,0.01,nan,,,228.4515696540475,228.452,memory,,,,,5.99,2
pygosdt_v1,1,ta_iris,150,4,0.005,0.18666666666666668,13,20,1519.2205601907335,1521.88,optimal,8298579,83,0.1866666666666667,0.1866666666666667,0.75,2
autoopttree_v40,1,ta_iris,150,4,0.01,0.27666666666666667,22,13,1529.6436490071937,1585.388,optimal,11276264,83,0.27666666666666667,0.27666666666666667,0.79,2
gg_guided_e60d2,1,ta_iris,150,4,0.01,0.32,24,16,1454.111,1461.455,heuristic,3925866,34,0.31999996304512024,0.31999996304512024,2.45,2
gosdt_guesses_guided,1,ta_iris,150,4,0.01,0.37666666666666665,49,5,0.01,3.998,heuristic,961,8,0.3766666650772095,0.3766666650772095,0.19,2
gosdt_guesses,1,ta_iris,150,4,0.01,nan,,,235.0242282729596,235.024,memory,,,,,6.0,2
split,1,ta_iris,150,4,0.01,nan,,,1.3978073159232736,1.398,unsupported,,,,,0.0,2
gg_guided_e60d2,1,ta_iris,150,4,0.005,0.21833333333333332,14,25,1871.697,1879.021,heuristic,4512344,34,0.21833331882953644,0.21833331882953644,2.64,2
autoopttree_v46,1,ta_iris,150,4,0.01,0.27666666666666667,22,13,1830.1338115697727,1900.053,optimal,63543950,83,0.27666666666666667,0.27666666666666667,2.79,8
autoopttree_v49,1,ta_iris,150,4,0.01,0.27666666666666667,22,13,1824.1810417231172,1899.128,optimal,66340922,83,0.27666666666666667,0.27666666666666667,2.79,8
autoopttree,1,ta_iris,150,4,0.01,0.27666666666666667,22,13,2003.5541056809016,2015.569,optimal,10727615,83,0.27666666666666667,0.27666666666666667,0.73,2
gosdt,1,ta_iris,150,4,0.01,nan,,,541.3321885252371,541.332,memory,,,,,6.0,2
gosdt_guesses_guided,1,ta_iris,150,4,0.02,0.42000000000000004,51,4,0.006,3.743,heuristic,557,8,0.41999998688697815,0.41999998688697815,0.19,2
autoopttree_v46,1,ta_iris,150,4,0.02,0.3666666666666667,34,7,157.13515907572582,232.245,optimal,11752191,83,0.36666666666666664,0.36666666666666664,1.73,8
gg_exact_simsup,1,ta_iris,150,4,0.02,nan,,,241.66837773099542,241.668,memory,,,,,5.99,2
split,1,ta_iris,150,4,0.02,nan,,,1.185391005128622,1.185,unsupported,,,,,0.0,2
autoopttree_v46_anytime100,1,ta_iris,150,4,0.02,0.3733333333333333,41,5,0.10114142904058099,75.167,time,6247,83,0.09333333333333334,0.37333333333333335,0.59,8
autoopttree_v40,1,ta_iris,150,4,0.02,0.3666666666666667,34,7,266.496157084126,326.165,optimal,3222761,83,0.36666666666666664,0.36666666666666664,0.7,2
gosdt_guesses,1,ta_iris,150,4,0.02,nan,,,241.6030561910011,241.603,memory,,,,,5.98,2
gg_guided_e60d2,1,ta_iris,150,4,0.05,0.5166666666666666,55,3,23.914,27.934,heuristic,463009,34,0.5166666507720947,0.5166666507720947,0.42,2
streed,1,ta_iris,150,4,0.01,nan,,,475.787,475.787,memory,,,,,6.0,2
autoopttree,1,ta_iris,150,4,0.02,0.3666666666666667,34,7,420.5452467291616,432.654,optimal,3185965,83,0.36666666666666664,0.36666666666666664,0.57,2
gosdt_guesses_guided,1,ta_iris,150,4,0.05,0.5233333333333334,56,3,0.001,3.804,heuristic,56,8,0.5233333110809326,0.5233333110809326,0.19,2
split,1,ta_iris,150,4,0.05,nan,,,1.1181489829905331,1.118,unsupported,,,,,0.0,2
autoopttree_v49,1,ta_iris,150,4,0.02,0.3666666666666667,31,8,123.83580949204043,205.002,optimal,11831275,83,0.36666666666666664,0.36666666666666664,1.79,8
autoopttree_v46_anytime100,1,ta_iris,150,4,0.05,0.5,45,4,0.10205944487825036,76.056,time,5914,83,0.15333333333333335,0.5,0.59,8
split,1,ta_iris,150,4,0.1,nan,,,1.274416749831289,1.274,unsupported,,,,,0.0,2
gg_guided_e60d2,1,ta_iris,150,4,0.1,0.66,69,2,0.081,4.169,heuristic,2260,34,0.6599999666213989,0.6599999666213989,0.19,2
gosdt_guesses_guided,1,ta_iris,150,4,0.1,0.66,69,2,0.0,3.847,heuristic,13,8,0.6599999666213989,0.6599999666213989,0.19,2
gg_guided_e60d2,1,ta_chudi,77,2,0.005,0.22383116883116883,13,11,0.298,4.168,heuristic,16374,18,0.2238311469554901,0.2238311469554901,0.19,2
gosdt_guesses_guided,1,ta_chudi,77,2,0.005,0.24577922077922076,17,5,0.01,3.381,heuristic,548,10,0.24577921628952026,0.24577921628952026,0.19,2
split,1,ta_chudi,77,2,0.005,0.22584415584415585,12,14,0.06478808540850878,3.378,heuristic,,32,,,0.2,2
gg_guided_e60d2,1,ta_chudi,77,2,0.01,0.2707792207792208,17,5,0.282,4.352,heuristic,14231,18,0.27077919244766235,0.27077919244766235,0.19,2
gosdt,1,ta_chudi,77,2,0.01,0.27376623376623377,18,4,0.313,1.8,time,29999,36,0.17987,0.273766,0.0,2
gosdt_guesses_guided,1,ta_chudi,77,2,0.01,0.2707792207792208,17,5,0.008,3.342,heuristic,762,10,0.27077922224998474,0.27077922224998474,0.21,2
split,1,ta_chudi,77,2,0.01,0.27480519480519483,15,8,0.07324503036215901,3.462,heuristic,,32,,,0.2,2
gosdt,1,ta_chudi,77,2,0.02,0.3067532467532468,19,3,0.136,1.471,time,19999,36,0.20987,0.306753,0.0,2
gg_guided_e60d2,1,ta_chudi,77,2,0.02,0.3067532467532468,19,3,0.069,3.74,heuristic,4240,18,0.3067532181739807,0.3067532181739807,0.21,2
gosdt_guesses_guided,1,ta_chudi,77,2,0.02,0.3067532467532468,19,3,0.001,3.444,heuristic,116,10,0.3067532181739807,0.3067532181739807,0.2,2
split,1,ta_chudi,77,2,0.02,0.3067532467532468,19,3,0.06439466960728168,3.385,heuristic,,32,,,0.2,2
gg_guided_e60d2,1,ta_chudi,77,2,0.05,0.3857142857142857,22,2,0.0,3.696,heuristic,29,18,0.3857142925262451,0.3857142925262451,0.21,2
gosdt_guesses_guided,1,ta_chudi,77,2,0.05,0.3857142857142857,22,2,0.0,3.391,heuristic,19,10,0.3857142925262451,0.3857142925262451,0.21,2
split,1,ta_chudi,77,2,0.05,0.3857142857142857,22,2,0.04294088762253523,3.701,heuristic,,32,,,0.19,2
gg_guided_e60d2,1,ta_chudi,77,2,0.1,0.4857142857142857,22,2,0.0,3.735,heuristic,0,18,0.48571428656578064,0.48571428656578064,0.21,2
gosdt_guesses_guided,1,ta_chudi,77,2,0.1,0.4857142857142857,22,2,0.0,3.766,heuristic,0,10,0.48571428656578064,0.48571428656578064,0.2,2
split,1,ta_chudi,77,2,0.1,0.4857142857142857,22,2,0.033285008277744055,3.506,heuristic,,32,,,0.19,2
streed,1,ta_chudi,77,2,0.01,0.26883116883116887,13,10,90.87972327694297,92.203,optimal,,32,,,0.45,2
autoopttree,1,ta_compas_processed,12381,22,0.05,0.33576447782893143,2919,2,51.44352789921686,64.44,optimal,299346,625,0.33576447782893143,0.33576447782893143,1.28,2
autoopttree,1,ta_compas_processed,12381,22,0.1,0.40999111541878686,3838,1,0.0139697240665555,12.72,optimal,1,625,0.40999111541878686,0.40999111541878686,0.33,2
streed,1,ta_iris,150,4,0.05,0.5,45,4,298.89552999287844,300.407,optimal,,83,,,3.16,2
gg_exact_simsup,1,ta_compas_processed,12381,22,0.1,0.40999111541878686,3838,1,13.345,17.183,optimal,8819,625,0.4099911153316498,0.4099911153316498,0.53,2
autoopttree_v40,1,ta_compas_processed,12381,22,0.05,0.33576447782893143,2919,2,34.72102451417595,95.581,optimal,300666,625,0.33576447782893143,0.33576447782893143,2.14,2
pygosdt_v1,1,ta_compas_processed,12381,22,0.1,0.40999111541878686,3838,1,0.4888643929734826,2.6,optimal,1369,625,0.40999111541878686,0.40999111541878686,0.0,2
gosdt_guesses,1,ta_compas_processed,12381,22,0.1,0.40999111541878686,3838,1,13.014,17.117,optimal,8819,625,0.4099911153316498,0.4099911153316498,0.74,2
autoopttree,1,ta_fico_binary,10459,17,0.005,0.28515871498231193,2721,5,0.2575295032002032,12.671,optimal,6954,16,0.2851587149823119,0.2851587149823119,0.31,2
streed,1,ta_compas_processed,12381,22,0.1,0.40999111541878686,3838,1,14.264349930919707,15.808,optimal,,625,,,0.99,2
autoopttree_v40,1,ta_compas_processed,12381,22,0.1,0.40999111541878686,3838,1,0.013772243168205023,61.844,optimal,1,625,0.40999111541878686,0.40999111541878686,0.55,2
gg_exact_simsup,1,ta_fico_binary,10459,17,0.005,0.28515871498231193,2721,5,13.093,17.375,optimal,259077,16,0.2851587235927582,0.2851587235927582,2.65,2
pygosdt_v1,1,ta_fico_binary,10459,17,0.005,0.28515871498231193,2721,5,1.1073482702486217,2.924,optimal,9997,16,0.2851587149823119,0.2851587149823119,0.25,2
gosdt_guesses,1,ta_fico_binary,10459,17,0.005,0.28515871498231193,2721,5,12.176,16.191,optimal,259099,16,0.2851587235927582,0.2851587235927582,2.54,2
gosdt,1,ta_fico_binary,10459,17,0.005,0.28515871498231193,2721,5,25.859,27.793,optimal,243345,19,0.285159,0.285159,2.47,2
streed,1,ta_fico_binary,10459,17,0.005,0.28515871498231193,2721,5,11.966358597856015,13.32,optimal,,16,,,1.31,2
autoopttree,1,ta_fico_binary,10459,17,0.01,0.3087637441437996,2811,4,0.03565995395183563,12.339,optimal,1002,16,0.3087637441437996,0.3087637441437996,0.31,2
gg_exact_simsup,1,ta_fico_binary,10459,17,0.01,0.3087637441437996,2811,4,3.993,7.559,optimal,76775,16,0.3087637424468994,0.3087637424468994,1.0,2
streed,1,ta_iris,150,4,0.02,nan,,,581.258,581.258,memory,,,,,6.0,2
autoopttree_v40,1,ta_fico_binary,10459,17,0.005,0.28515871498231193,2721,5,0.10911944136023521,60.878,optimal,7393,16,0.2851587149823119,0.2851587149823119,0.54,2
gosdt,1,ta_fico_binary,10459,17,0.01,0.3087637441437996,2811,4,8.629,10.257,optimal,72834,19,0.308764,0.308764,0.64,2
pygosdt_v1,1,ta_fico_binary,10459,17,0.01,0.3087637441437996,2811,4,0.14071704912930727,2.028,optimal,1257,16,0.3087637441437996,0.3087637441437996,0.0,2
gosdt_guesses,1,ta_fico_binary,10459,17,0.01,0.3087637441437996,2811,4,3.754,7.315,optimal,76760,16,0.3087637424468994,0.3087637424468994,1.01,2
streed,1,ta_fico_binary,10459,17,0.01,0.3087637441437996,2811,4,4.643919389694929,5.941,optimal,,16,,,0.25,2
gosdt,1,ta_fico_binary,10459,17,0.02,0.3410020078401377,2939,3,0.608,2.18,optimal,3677,19,0.341002,0.341002,0.0,2
gosdt,1,ta_iris,150,4,0.05,0.6933333333333334,59,6,448.802,452.37,time,2159999,90,0.26,0.516667,1.68,2
autoopttree,1,ta_fico_binary,10459,17,0.02,0.3410020078401377,2939,3,0.0031225429847836494,12.287,optimal,80,16,0.3410020078401377,0.3410020078401377,0.31,2
gg_exact_simsup,1,ta_fico_binary,10459,17,0.02,0.3410020078401377,2939,3,0.236,3.809,optimal,4372,16,0.3410019874572754,0.3410019874572754,0.2,2
gosdt_guesses,1,ta_fico_binary,10459,17,0.02,0.3410020078401377,2939,3,0.223,3.777,optimal,4372,16,0.3410019874572754,0.3410019874572754,0.2,2
pygosdt_v1,1,ta_fico_binary,10459,17,0.02,0.3410020078401377,2939,3,0.010601881891489029,1.721,optimal,96,16,0.3410020078401377,0.3410020078401377,0.0,2
streed,1,ta_fico_binary,10459,17,0.02,0.3410020078401377,2939,3,0.2209413149394095,1.61,optimal,,16,,,0.0,2
gosdt,1,ta_fico_binary,10459,17,0.05,0.4310020078401377,2939,3,0.012,1.532,optimal,68,19,0.431002,0.431002,0.0,2
gg_exact_simsup,1,ta_fico_binary,10459,17,0.05,0.4310020078401377,2939,3,0.004,3.407,optimal,71,16,0.43100202083587646,0.43100202083587646,0.21,2
autoopttree,1,ta_fico_binary,10459,17,0.05,0.4310020078401377,2939,3,0.000893923919647932,12.31,optimal,17,16,0.43100200784013776,0.43100200784013776,0.31,2
gosdt_guesses,1,ta_fico_binary,10459,17,0.05,0.4310020078401377,2939,3,0.005,3.428,optimal,71,16,0.43100202083587646,0.43100202083587646,0.2,2
pygosdt_v1,1,ta_fico_binary,10459,17,0.05,0.4310020078401377,2939,3,0.0028124279342591763,1.849,optimal,20,16,0.43100200784013776,0.43100200784013776,0.0,2
streed,1,ta_fico_binary,10459,17,0.05,0.4310020078401377,2939,3,0.059285578317940235,1.38,optimal,,16,,,0.0,2
gg_exact_simsup,1,ta_fico_binary,10459,17,0.1,0.5440099435892534,3598,2,0.0,3.802,optimal,11,16,0.5440099239349365,0.5440099239349365,0.2,2
autoopttree_v40,1,ta_fico_binary,10459,17,0.01,0.3087637441437996,2811,4,0.020192766096442938,60.838,optimal,1062,16,0.3087637441437996,0.3087637441437996,0.54,2
autoopttree,1,ta_fico_binary,10459,17,0.1,0.5440099435892534,3598,2,0.000384278129786253,12.482,optimal,3,16,0.5440099435892534,0.5440099435892534,0.31,2
gosdt,1,ta_fico_binary,10459,17,0.1,0.5440099435892534,3598,2,0.002,1.532,optimal,11,19,0.54401,0.54401,0.0,2
pygosdt_v1,1,ta_fico_binary,10459,17,0.1,0.5440099435892534,3598,2,0.0011885911226272583,1.932,optimal,6,16,0.5440099435892534,0.5440099435892534,0.0,2
streed,1,ta_fico_binary,10459,17,0.1,0.5440099435892534,3598,2,0.05435531632974744,1.361,optimal,,16,,,0.0,2
gosdt_guesses,1,ta_fico_binary,10459,17,0.1,0.5440099435892534,3598,2,0.0,3.39,optimal,11,16,0.5440099239349365,0.5440099239349365,0.21,2
gg_exact_simsup,1,ta_compas_binned,6907,12,0.005,0.33005284493991605,2107,5,0.799,4.451,optimal,21165,12,0.33005282282829285,0.33005282282829285,0.2,2
autoopttree,1,ta_compas_binned,6907,12,0.005,0.33005284493991605,2107,5,0.039519750978797674,12.75,optimal,1358,12,0.330052844939916,0.330052844939916,0.32,2
gosdt,1,ta_compas_binned,6907,12,0.005,0.33005284493991605,2107,5,1.228,2.8,optimal,19672,14,0.330053,0.330053,0.19,2
pygosdt_v1,1,ta_compas_binned,6907,12,0.005,0.33005284493991605,2107,5,0.2584332567639649,2.092,optimal,2687,12,0.330052844939916,0.330052844939916,0.0,2
autoopttree_v40,1,ta_fico_binary,10459,17,0.02,0.3410020078401377,2939,3,0.0011363141238689423,61.734,optimal,80,16,0.3410020078401377,0.3410020078401377,0.54,2
gosdt_guesses,1,ta_compas_binned,6907,12,0.005,0.33005284493991605,2107,5,0.751,4.447,optimal,21165,12,0.33005282282829285,0.33005282282829285,0.2,2
streed,1,ta_compas_binned,6907,12,0.005,0.33005284493991605,2107,5,3.955149756744504,5.505,optimal,,12,,,0.26,2
gg_exact_simsup,1,ta_compas_binned,6907,12,0.01,0.3440191110467642,2238,2,0.098,3.482,optimal,1938,12,0.3440191149711609,0.3440191149711609,0.2,2
streed,1,ta_chudi,77,2,0.005,0.20987012987012987,10,16,297.9227266907692,299.257,optimal,,32,,,0.99,2
autoopttree_v40,1,ta_fico_binary,10459,17,0.05,0.4310020078401377,2939,3,0.00029731588438153267,62.581,optimal,17,16,0.4310020078401377,0.4310020078401377,0.54,2
gosdt,1,ta_compas_binned,6907,12,0.01,0.3440191110467642,2238,2,0.139,1.504,optimal,1820,14,0.344019,0.344019,0.0,2
autoopttree,1,ta_compas_binned,6907,12,0.01,0.3440191110467642,2238,2,0.0036977860145270824,12.661,optimal,120,12,0.34401911104676414,0.34401911104676414,0.32,2
pygosdt_v1,1,ta_compas_binned,6907,12,0.01,0.3440191110467642,2238,2,0.033429752103984356,1.734,optimal,343,12,0.34401911104676414,0.34401911104676414,0.0,2
pygosdt_v1,1,ta_iris,150,4,0.02,0.3666666666666667,34,7,743.0666029555723,745.203,optimal,4990526,83,0.36666666666666664,0.36666666666666664,0.55,2
gosdt_guesses,1,ta_compas_binned,6907,12,0.01,0.3440191110467642,2238,2,0.087,3.461,optimal,1938,12,0.3440191149711609,0.3440191149711609,0.19,2
streed,1,ta_compas_binned,6907,12,0.01,0.3440191110467642,2238,2,2.9864319670014083,4.263,optimal,,12,,,0.78,2
autoopttree_v40,1,ta_fico_binary,10459,17,0.1,0.5440099435892534,3598,2,0.00012999121099710464,61.385,optimal,3,16,0.5440099435892534,0.5440099435892534,0.54,2
gosdt,1,ta_compas_binned,6907,12,0.02,0.36401911104676415,2238,2,0.004,1.535,optimal,25,14,0.364019,0.364019,0.0,2
gg_exact_simsup,1,ta_compas_binned,6907,12,0.02,0.36401911104676415,2238,2,0.001,3.352,optimal,25,12,0.36401909589767456,0.36401909589767456,0.21,2
gosdt_guesses,1,ta_compas_binned,6907,12,0.02,0.36401911104676415,2238,2,0.001,3.317,optimal,25,12,0.36401909589767456,0.36401909589767456,0.21,2
pygosdt_v1,1,ta_compas_binned,6907,12,0.02,0.36401911104676415,2238,2,0.0019988450221717358,1.694,optimal,14,12,0.3640191110467641,0.3640191110467641,0.0,2
streed,1,ta_compas_binned,6907,12,0.02,0.36401911104676415,2238,2,0.37676552403718233,1.718,optimal,,12,,,0.0,2
gg_guided_e60d2,1,ta_iris,150,4,0.02,0.4,39,7,923.026,929.091,heuristic,2895782,34,0.3999999761581421,0.3999999761581421,2.06,2
autoopttree,1,ta_compas_binned,6907,12,0.02,0.36401911104676415,2238,2,0.0006779776886105537,12.451,optimal,14,12,0.3640191110467641,0.3640191110467641,0.32,2
autoopttree_v40,1,ta_compas_binned,6907,12,0.005,0.33005284493991605,2107,5,0.018786017782986164,61.432,optimal,1408,12,0.330052844939916,0.330052844939916,0.54,2
gosdt,1,ta_iris,150,4,0.02,nan,,,941.5029624192975,941.503,memory,,,,,5.99,2
gg_exact_simsup,1,ta_compas_binned,6907,12,0.05,0.42401911104676415,2238,2,0.0,3.703,optimal,0,12,0.42401909828186035,0.42401909828186035,0.19,2
autoopttree,1,ta_compas_binned,6907,12,0.05,0.42401911104676415,2238,2,0.0002407529391348362,12.315,optimal,1,12,0.42401911104676415,0.42401911104676415,0.32,2
gosdt,1,ta_compas_binned,6907,12,0.05,0.42401911104676415,2238,2,0.008,1.78,optimal,0,14,0.424019,0.424019,0.0,2
gosdt_guesses,1,ta_compas_binned,6907,12,0.05,0.42401911104676415,2238,2,0.0,3.313,optimal,0,12,0.42401909828186035,0.42401909828186035,0.19,2
pygosdt_v1,1,ta_compas_binned,6907,12,0.05,0.42401911104676415,2238,2,0.0005125207826495171,1.782,optimal,1,12,0.42401911104676415,0.42401911104676415,0.0,2
streed,1,ta_compas_binned,6907,12,0.05,0.42401911104676415,2238,2,0.06085854535922408,1.746,optimal,,12,,,0.0,2
gg_exact_simsup,1,ta_compas_binned,6907,12,0.1,0.5240191110467642,2238,2,0.0,5.032,optimal,0,12,0.5240191221237183,0.5240191221237183,0.19,2
gosdt,1,ta_compas_binned,6907,12,0.1,0.5240191110467642,2238,2,0.002,2.047,optimal,0,14,0.524019,0.524019,0.0,2
autoopttree_v40,1,ta_compas_binned,6907,12,0.01,0.3440191110467642,2238,2,0.0012705950066447258,60.336,optimal,120,12,0.34401911104676414,0.34401911104676414,0.54,2
autoopttree,1,ta_compas_binned,6907,12,0.1,0.5240191110467642,2238,2,0.00023421179503202438,11.986,optimal,1,12,0.5240191110467641,0.5240191110467641,0.32,2
gosdt_guesses,1,ta_compas_binned,6907,12,0.1,0.5240191110467642,2238,2,0.0,4.807,optimal,0,12,0.5240191221237183,0.5240191221237183,0.19,2
pygosdt_v1,1,ta_compas_binned,6907,12,0.1,0.5240191110467642,2238,2,0.0004961630329489708,1.724,optimal,1,12,0.5240191110467641,0.5240191110467641,0.0,2
streed,1,ta_compas_binned,6907,12,0.1,0.5240191110467642,2238,2,0.04165372624993324,1.272,optimal,,12,,,0.0,2
autoopttree_v40,1,ta_compas_binned,6907,12,0.02,0.36401911104676415,2238,2,0.00021363515406847,60.094,optimal,14,12,0.3640191110467641,0.3640191110467641,0.54,2
autoopttree,1,ta_fico_1k,1000,23,0.1,0.42200000000000004,222,2,0.061142649967223406,16.977,optimal,51,1237,0.422,0.422,0.32,2
autoopttree_v40,1,ta_compas_binned,6907,12,0.05,0.42401911104676415,2238,2,0.00042281392961740494,60.747,optimal,1,12,0.42401911104676415,0.42401911104676415,0.54,2
pygosdt_v1,1,ta_fico_1k,1000,23,0.1,0.42200000000000004,222,2,4.556717465631664,6.986,optimal,9692,1237,0.422,0.422,0.25,2
autoopttree_v46,1,ta_compas_processed,12381,22,0.05,0.33576447782893143,2919,2,11.2793605979532,87.548,optimal,454065,625,0.33576447782893143,0.33576447782893143,2.0,8
autoopttree_v40,1,ta_compas_binned,6907,12,0.1,0.5240191110467642,2238,2,7.905904203653336e-05,60.94,optimal,1,12,0.5240191110467641,0.5240191110467641,0.54,2
autoopttree,1,ta_coupon_bar,1913,14,0.005,0.2263225300575013,366,7,1.2474564858712256,18.239,optimal,16637,14,0.22632253005750128,0.22632253005750128,0.32,2
autoopttree_v40,1,ta_fico_1k,1000,23,0.1,0.42200000000000004,222,2,0.03308327868580818,61.487,optimal,51,1237,0.422,0.422,0.54,2
gg_exact_simsup,1,ta_fico_1k,1000,23,0.1,0.42200000000000004,222,2,56.086,59.841,optimal,69751,1237,0.4220000207424164,0.4220000207424164,0.85,2
gg_exact_simsup,1,ta_coupon_bar,1913,14,0.005,0.2263225300575013,366,7,7.78,13.798,optimal,236966,14,0.2263225018978119,0.2263225018978119,0.67,2
gosdt_guesses,1,ta_fico_1k,1000,23,0.1,0.42200000000000004,222,2,56.629,60.456,optimal,69751,1237,0.4220000207424164,0.4220000207424164,0.85,2
streed,1,ta_fico_1k,1000,23,0.1,0.42200000000000004,222,2,40.223880325909704,41.561,optimal,,1237,,,0.55,2
gosdt,1,ta_coupon_bar,1913,14,0.005,0.2263225300575013,366,7,6.83,8.572,optimal,218627,16,0.226323,0.226323,0.41,2
gosdt_guesses,1,ta_coupon_bar,1913,14,0.005,0.2263225300575013,366,7,5.345,8.859,optimal,236925,14,0.2263225018978119,0.2263225018978119,0.59,2
pygosdt_v1,1,ta_coupon_bar,1913,14,0.005,0.2263225300575013,366,7,4.535758490674198,7.002,optimal,31683,14,0.22632253005750128,0.22632253005750128,0.26,2
streed,1,ta_coupon_bar,1913,14,0.005,nan,,,21.892,21.892,memory,,,,,6.95,2
autoopttree_v40,1,ta_coupon_bar,1913,14,0.005,0.2263225300575013,366,7,0.2281712177209556,61.455,optimal,23622,14,0.22632253005750128,0.22632253005750128,0.54,2
autoopttree,1,ta_coupon_bar,1913,14,0.01,0.25334553058024045,389,5,0.05707390094175935,16.477,optimal,664,14,0.25334553058024045,0.25334553058024045,0.31,2
gg_exact_simsup,1,ta_coupon_bar,1913,14,0.01,0.25334553058024045,389,5,1.662,6.324,optimal,50466,14,0.2533455193042755,0.2533455193042755,0.33,2
gosdt,1,ta_coupon_bar,1913,14,0.01,0.25334553058024045,389,5,2.095,3.849,optimal,46890,16,0.253346,0.253346,0.19,2
gosdt_guesses,1,ta_coupon_bar,1913,14,0.01,0.25334553058024045,389,5,1.549,6.415,optimal,50466,14,0.2533455193042755,0.2533455193042755,0.32,2
autoopttree_v49,1,ta_compas_processed,12381,22,0.05,0.33576447782893143,2919,2,11.033684559632093,91.995,optimal,453931,625,0.33576447782893143,0.33576447782893143,1.91,8
pygosdt_v1,1,ta_coupon_bar,1913,14,0.01,0.25334553058024045,389,5,1.0818068301305175,3.555,optimal,7830,14,0.25334553058024045,0.25334553058024045,0.25,2
autoopttree_v46,1,ta_compas_processed,12381,22,0.1,0.40999111541878686,3838,1,0.01448714081197977,76.591,optimal,1,625,0.40999111541878686,0.40999111541878686,0.61,8
streed,1,ta_coupon_bar,1913,14,0.01,0.25334553058024045,389,5,4.317234633024782,6.072,optimal,,14,,,1.59,2
autoopttree,1,ta_coupon_bar,1913,14,0.02,0.29523261892315733,450,3,0.005793422926217318,16.571,optimal,51,14,0.29523261892315733,0.29523261892315733,0.31,2
autoopttree_v40,1,ta_coupon_bar,1913,14,0.01,0.25334553058024045,389,5,0.01891938503831625,60.53,optimal,2270,14,0.25334553058024045,0.25334553058024045,0.54,2
gg_exact_simsup,1,ta_coupon_bar,1913,14,0.02,0.29523261892315733,450,3,0.118,3.445,optimal,4618,14,0.2952325940132141,0.2952325940132141,0.19,2
gg_exact_simsup,1,ta_iris,150,4,0.05,nan,,,817.1620867429301,817.162,memory,,,,,6.0,2
gosdt,1,ta_coupon_bar,1913,14,0.02,0.29523261892315733,450,3,0.136,1.459,optimal,3910,16,0.295233,0.295233,0.0,2
pygosdt_v1,1,ta_coupon_bar,1913,14,0.02,0.29523261892315733,450,3,0.07296003308147192,1.915,optimal,820,14,0.29523261892315733,0.29523261892315733,0.0,2
gosdt_guesses,1,ta_coupon_bar,1913,14,0.02,0.29523261892315733,450,3,0.109,3.321,optimal,4618,14,0.2952325940132141,0.2952325940132141,0.19,2
streed,1,ta_coupon_bar,1913,14,0.02,0.29523261892315733,450,3,0.15805371198803186,1.471,optimal,,14,,,0.0,2
autoopttree,1,ta_coupon_bar,1913,14,0.05,0.3645060115002614,506,2,0.00041292188689112663,11.81,optimal,1,14,0.36450601150026135,0.36450601150026135,0.32,2
gg_exact_simsup,1,ta_coupon_bar,1913,14,0.05,0.3645060115002614,506,2,0.0,3.42,optimal,29,14,0.3645060062408447,0.3645060062408447,0.19,2
gosdt,1,ta_coupon_bar,1913,14,0.05,0.3645060115002614,506,2,0.002,1.46,optimal,29,16,0.364506,0.364506,0.0,2
gosdt_guesses,1,ta_coupon_bar,1913,14,0.05,0.3645060115002614,506,2,0.0,3.374,optimal,29,14,0.3645060062408447,0.3645060062408447,0.19,2
autoopttree_v46_anytime100,1,ta_compas_processed,12381,22,0.1,0.40999111541878686,3838,1,0.04640827188268304,74.255,optimal,318,625,0.40999111541878686,0.40999111541878686,0.63,8
pygosdt_v1,1,ta_coupon_bar,1913,14,0.05,0.3645060115002614,506,2,0.0022599557414650917,1.743,optimal,19,14,0.36450601150026135,0.36450601150026135,0.0,2
streed,1,ta_coupon_bar,1913,14,0.05,0.3645060115002614,506,2,0.04013520898297429,1.34,optimal,,14,,,0.0,2
autoopttree_v49,1,ta_compas_processed,12381,22,0.1,0.40999111541878686,3838,1,0.013347618747502565,79.67,optimal,1,625,0.40999111541878686,0.40999111541878686,0.64,8
autoopttree,1,ta_coupon_bar,1913,14,0.1,0.4645060115002614,506,2,0.00028532417491078377,11.759,optimal,2,14,0.4645060115002614,0.4645060115002614,0.32,2
autoopttree_v40,1,ta_coupon_bar,1913,14,0.05,0.3645060115002614,506,2,0.0001854822039604187,59.702,optimal,10,14,0.36450601150026135,0.36450601150026135,0.54,2
gosdt_guesses,1,ta_iris,150,4,0.05,nan,,,818.684547662735,818.685,memory,,,,,5.99,2
autoopttree_v40,1,ta_coupon_bar,1913,14,0.02,0.29523261892315733,450,3,0.0023752967827022076,83.636,optimal,224,14,0.29523261892315733,0.29523261892315733,0.54,2
gg_exact_simsup,1,ta_coupon_bar,1913,14,0.1,0.4645060115002614,506,2,0.0,3.432,optimal,3,14,0.46450603008270264,0.46450603008270264,0.19,2
gosdt,1,ta_coupon_bar,1913,14,0.1,0.4645060115002614,506,2,0.0,1.39,optimal,3,16,0.464506,0.464506,0.0,2
pygosdt_v1,1,ta_coupon_bar,1913,14,0.1,0.4645060115002614,506,2,0.0006867349147796631,1.812,optimal,2,14,0.4645060115002614,0.4645060115002614,0.0,2
gosdt_guesses,1,ta_coupon_bar,1913,14,0.1,0.4645060115002614,506,2,0.0,4.764,optimal,3,14,0.46450603008270264,0.46450603008270264,0.19,2
streed,1,ta_coupon_bar,1913,14,0.1,0.4645060115002614,506,2,0.04150574980303645,1.295,optimal,,14,,,0.0,2
gg_exact_simsup,1,ta_car_evaluation,1728,15,0.005,0.2570601851851852,401,5,4.159,7.791,optimal,178647,14,0.2570601999759674,0.2570601999759674,0.5,2
autoopttree,1,ta_car_evaluation,1728,15,0.005,0.2570601851851852,401,5,0.7310574958100915,12.622,optimal,16621,14,0.25706018518518514,0.25706018518518514,0.32,2
gosdt,1,ta_car_evaluation,1728,15,0.005,0.2570601851851852,401,5,4.88,6.246,optimal,163324,17,0.25706,0.25706,0.33,2
gosdt_guesses,1,ta_car_evaluation,1728,15,0.005,0.2570601851851852,401,5,3.988,7.592,optimal,178754,14,0.2570601999759674,0.2570601999759674,0.49,2
pygosdt_v1,1,ta_car_evaluation,1728,15,0.005,0.2570601851851852,401,5,1.9159265509806573,3.665,optimal,21907,14,0.25706018518518514,0.25706018518518514,0.25,2
autoopttree_v46,1,ta_fico_binary,10459,17,0.005,0.28515871498231193,2721,5,0.10239419993013144,74.66,optimal,8758,16,0.2851587149823119,0.2851587149823119,0.6,8
autoopttree_v40,1,ta_coupon_bar,1913,14,0.1,0.4645060115002614,506,2,8.596107363700867e-05,59.002,optimal,1,14,0.4645060115002614,0.4645060115002614,0.54,2
streed,1,ta_car_evaluation,1728,15,0.005,nan,,,18.275,18.275,memory,,,,,7.03,2
autoopttree,1,ta_car_evaluation,1728,15,0.01,0.27479166666666666,423,3,0.07187822414562106,12.014,optimal,1594,14,0.27479166666666666,0.27479166666666666,0.32,2
gosdt,1,ta_car_evaluation,1728,15,0.01,0.27479166666666666,423,3,0.654,2.007,optimal,20853,17,0.274792,0.274792,0.0,2
gg_exact_simsup,1,ta_car_evaluation,1728,15,0.01,0.27479166666666666,423,3,0.517,4.052,optimal,23422,14,0.2747916579246521,0.2747916579246521,0.19,2
gosdt_guesses,1,ta_car_evaluation,1728,15,0.01,0.27479166666666666,423,3,0.479,3.695,optimal,23422,14,0.2747916579246521,0.2747916579246521,0.19,2
autoopttree_v46_anytime100,1,ta_fico_binary,10459,17,0.005,0.28515871498231193,2721,5,0.10518200602382421,75.043,time,6188,16,0.23545176403097812,0.2851587149823119,0.6,8
pygosdt_v1,1,ta_car_evaluation,1728,15,0.01,0.27479166666666666,423,3,0.2739316229708493,2.089,optimal,3152,14,0.27479166666666666,0.27479166666666666,0.0,2
streed,1,ta_car_evaluation,1728,15,0.01,0.27479166666666666,423,3,3.211094868835062,4.49,optimal,,14,,,0.52,2
autoopttree,1,ta_car_evaluation,1728,15,0.02,0.3047916666666667,423,3,0.0057708099484443665,12.008,optimal,112,14,0.3047916666666667,0.3047916666666667,0.32,2
gg_exact_simsup,1,ta_car_evaluation,1728,15,0.02,0.3047916666666667,423,3,0.033,3.431,optimal,1490,14,0.304791659116745,0.304791659116745,0.19,2
gosdt,1,ta_car_evaluation,1728,15,0.02,0.3047916666666667,423,3,0.04,1.465,optimal,1283,17,0.304792,0.304792,0.0,2
gosdt_guesses,1,ta_car_evaluation,1728,15,0.02,0.3047916666666667,423,3,0.025,3.437,optimal,1490,14,0.304791659116745,0.304791659116745,0.19,2
pygosdt_v1,1,ta_car_evaluation,1728,15,0.02,0.3047916666666667,423,3,0.03443865431472659,1.796,optimal,311,14,0.3047916666666667,0.3047916666666667,0.0,2
autoopttree_v40,1,ta_car_evaluation,1728,15,0.005,0.2570601851851852,401,5,0.2420894750393927,83.298,optimal,20911,14,0.25706018518518514,0.25706018518518514,0.54,2
streed,1,ta_car_evaluation,1728,15,0.02,0.3047916666666667,423,3,0.13251779973506927,1.52,optimal,,14,,,0.0,2
autoopttree_v40,1,ta_car_evaluation,1728,15,0.01,0.27479166666666666,423,3,0.021941022016108036,58.772,optimal,2749,14,0.27479166666666666,0.27479166666666666,0.54,2
autoopttree,1,ta_car_evaluation,1728,15,0.05,0.34976851851851853,518,1,0.00041797105222940445,16.229,optimal,1,14,0.3497685185185185,0.3497685185185185,0.31,2
gg_exact_simsup,1,ta_car_evaluation,1728,15,0.05,0.34976851851851853,518,1,0.001,3.54,optimal,29,14,0.3497685194015503,0.3497685194015503,0.19,2
gosdt,1,ta_car_evaluation,1728,15,0.05,0.34976851851851853,518,1,0.008,1.789,optimal,29,17,0.349769,0.349769,0.0,2
gosdt_guesses,1,ta_car_evaluation,1728,15,0.05,0.34976851851851853,518,1,0.001,3.338,optimal,29,14,0.3497685194015503,0.3497685194015503,0.19,2
pygosdt_v1,1,ta_car_evaluation,1728,15,0.05,0.34976851851851853,518,1,0.0028736148960888386,2.448,optimal,16,14,0.3497685185185185,0.3497685185185185,0.24,2
autoopttree_v40,1,ta_car_evaluation,1728,15,0.02,0.3047916666666667,423,3,0.0021775122731924057,58.848,optimal,279,14,0.3047916666666667,0.3047916666666667,0.54,2
streed,1,ta_car_evaluation,1728,15,0.05,0.34976851851851853,518,1,0.03515820670872927,1.336,optimal,,14,,,0.0,2
autoopttree_v49,1,ta_fico_binary,10459,17,0.005,0.28515871498231193,2721,5,0.09678798401728272,79.924,optimal,8680,16,0.2851587149823119,0.2851587149823119,0.69,8
gg_exact_simsup,1,ta_car_evaluation,1728,15,0.1,0.3997685185185186,518,1,0.0,3.397,optimal,0,14,0.39976850152015686,0.39976850152015686,0.19,2
gosdt,1,ta_car_evaluation,1728,15,0.1,0.3997685185185186,518,1,0.0,1.419,optimal,0,17,0.399769,0.399769,0.0,2
autoopttree_v46,1,ta_fico_binary,10459,17,0.01,0.3087637441437996,2811,4,0.024672050029039383,74.716,optimal,1210,16,0.3087637441437996,0.3087637441437996,0.59,8
autoopttree,1,ta_car_evaluation,1728,15,0.1,0.3997685185185186,518,1,0.00024521490558981895,16.414,optimal,1,14,0.39976851851851847,0.39976851851851847,0.32,2
gosdt_guesses,1,ta_car_evaluation,1728,15,0.1,0.3997685185185186,518,1,0.0,3.332,optimal,0,14,0.39976850152015686,0.39976850152015686,0.19,2
streed,1,ta_car_evaluation,1728,15,0.1,0.3997685185185186,518,1,0.03793951729312539,1.301,optimal,,14,,,0.0,2
pygosdt_v1,1,ta_car_evaluation,1728,15,0.1,0.3997685185185186,518,1,0.0005811420269310474,2.337,optimal,1,14,0.39976851851851847,0.39976851851851847,0.24,2
autoopttree_v40,1,ta_car_evaluation,1728,15,0.05,0.34976851851851853,518,1,0.0002154218964278698,59.401,optimal,16,14,0.3497685185185185,0.3497685185185185,0.54,2
autoopttree,1,ta_tic-tac-toe,958,9,0.02,0.28651356993736954,217,3,1.0621277429163456,13.027,optimal,18799,27,0.28651356993736954,0.28651356993736954,0.32,2
pygosdt_v1,1,ta_iris,150,4,0.01,0.27666666666666667,16,17,1596.9747210768983,1599.36,optimal,9860321,83,0.2766666666666667,0.2766666666666667,0.67,2
autoopttree_v40,1,ta_car_evaluation,1728,15,0.1,0.3997685185185186,518,1,8.70279036462307e-05,59.023,optimal,1,14,0.39976851851851847,0.39976851851851847,0.54,2
autoopttree,1,ta_tic-tac-toe,958,9,0.01,0.2565135699373695,217,3,39.75206474587321,51.698,optimal,535225,27,0.2565135699373695,0.2565135699373695,0.43,2
autoopttree_v46_anytime100,1,ta_fico_binary,10459,17,0.01,0.3087637441437996,2811,4,0.025274325162172318,73.953,optimal,1332,16,0.3087637441437996,0.3087637441437996,0.61,8
gg_exact_simsup,1,ta_tic-tac-toe,958,9,0.02,0.28651356993736954,217,3,33.64,38.214,optimal,898397,27,0.2865135669708252,0.2865135669708252,1.52,2
autoopttree_v49,1,ta_fico_binary,10459,17,0.01,0.3087637441437996,2811,4,0.024147719144821167,80.778,optimal,1185,16,0.3087637441437996,0.3087637441437996,0.62,8
pygosdt_v1,1,ta_tic-tac-toe,958,9,0.02,0.28651356993736954,217,3,6.927839552052319,8.749,optimal,61622,27,0.2865135699373695,0.2865135699373695,0.27,2
autoopttree_v40,1,ta_tic-tac-toe,958,9,0.02,0.28651356993736954,217,3,0.2727315719239414,59.994,optimal,20340,27,0.28651356993736954,0.28651356993736954,0.54,2
gosdt_guesses,1,ta_tic-tac-toe,958,9,0.02,0.28651356993736954,217,3,31.265,35.641,optimal,898651,27,0.2865135669708252,0.2865135669708252,1.52,2
gosdt,1,ta_tic-tac-toe,958,9,0.02,0.28651356993736954,217,3,52.609,55.094,optimal,781056,38,0.286514,0.286514,1.25,2
autoopttree_v40,1,ta_tic-tac-toe,958,9,0.01,0.2565135699373695,217,3,17.49776324722916,101.097,optimal,624299,27,0.2565135699373695,0.2565135699373695,0.64,2
autoopttree,1,ta_tic-tac-toe,958,9,0.05,0.35782881002087685,247,2,0.0105542978271842,12.119,optimal,205,27,0.35782881002087685,0.35782881002087685,0.32,2
gg_exact_simsup,1,ta_tic-tac-toe,958,9,0.05,0.35782881002087685,247,2,0.051,3.413,optimal,1459,27,0.3578287959098816,0.3578287959098816,0.19,2
gosdt,1,ta_tic-tac-toe,958,9,0.05,0.35782881002087685,247,2,0.153,1.755,optimal,1427,38,0.357829,0.357829,0.0,2
pygosdt_v1,1,ta_tic-tac-toe,958,9,0.05,0.35782881002087685,247,2,0.04157982300966978,2.019,optimal,371,27,0.35782881002087685,0.35782881002087685,0.0,2
gosdt_guesses,1,ta_tic-tac-toe,958,9,0.05,0.35782881002087685,247,2,0.05,3.526,optimal,1459,27,0.3578287959098816,0.3578287959098816,0.19,2
streed,1,ta_tic-tac-toe,958,9,0.05,0.35782881002087685,247,2,0.0855494299903512,1.787,optimal,,27,,,0.0,2
streed,1,ta_tic-tac-toe,958,9,0.02,0.28651356993736954,217,3,29.361458166968077,30.769,optimal,,27,,,0.64,2
gg_exact_simsup,1,ta_tic-tac-toe,958,9,0.1,0.4496868475991649,335,1,0.001,4.765,optimal,45,27,0.44968685507774353,0.44968685507774353,0.19,2
gosdt,1,ta_tic-tac-toe,958,9,0.1,0.4496868475991649,335,1,0.003,1.594,optimal,45,38,0.449687,0.449687,0.0,2
autoopttree,1,ta_tic-tac-toe,958,9,0.1,0.4496868475991649,335,1,0.0007778420113027096,12.188,optimal,9,27,0.4496868475991649,0.4496868475991649,0.31,2
gosdt_guesses,1,ta_tic-tac-toe,958,9,0.1,0.4496868475991649,335,1,0.001,4.532,optimal,45,27,0.44968685507774353,0.44968685507774353,0.19,2
pygosdt_v1,1,ta_tic-tac-toe,958,9,0.1,0.4496868475991649,335,1,0.0029984042048454285,2.153,optimal,23,27,0.4496868475991649,0.4496868475991649,0.0,2
streed,1,ta_tic-tac-toe,958,9,0.1,0.4496868475991649,335,1,0.047105017583817244,1.319,optimal,,27,,,0.0,2
autoopttree_v46,1,ta_fico_binary,10459,17,0.02,0.3410020078401377,2939,3,0.0012680049985647202,74.57,optimal,82,16,0.3410020078401377,0.3410020078401377,0.6,8
autoopttree,1,ta_sine_1k,1000,1,0.005,0.363,353,2,0.0025458568707108498,16.483,optimal,1,876,0.363,0.363,0.32,2
autoopttree,1,ta_sine_1k,1000,1,0.01,0.373,353,2,0.0014653080143034458,11.882,optimal,1,876,0.373,0.373,0.32,2
autoopttree_v46_anytime100,1,ta_fico_binary,10459,17,0.02,0.3410020078401377,2939,3,0.0014498461969196796,75.066,optimal,79,16,0.3410020078401377,0.3410020078401377,0.59,8
autoopttree_v40,1,ta_tic-tac-toe,958,9,0.05,0.35782881002087685,247,2,0.0025759870186448097,59.756,optimal,205,27,0.35782881002087685,0.35782881002087685,0.54,2
autoopttree,1,ta_sine_1k,1000,1,0.02,0.39299999999999996,353,2,0.001408478245139122,11.732,optimal,1,876,0.393,0.393,0.32,2
autoopttree,1,ta_sine_1k,1000,1,0.05,0.45299999999999996,353,2,0.0018530245870351791,11.88,optimal,1,876,0.453,0.453,0.32,2
autoopttree_v40,1,ta_tic-tac-toe,958,9,0.1,0.4496868475991649,335,1,0.0001743510365486145,59.619,optimal,9,27,0.4496868475991649,0.4496868475991649,0.54,2
autoopttree_v40,1,ta_sine_1k,1000,1,0.005,0.363,353,2,0.0011621867306530476,59.971,optimal,1,876,0.363,0.363,0.54,2
autoopttree,1,ta_sine_1k,1000,1,0.1,0.5529999999999999,353,2,0.0011079702526330948,12.239,optimal,1,876,0.553,0.553,0.32,2
autoopttree_v40,1,ta_sine_1k,1000,1,0.02,0.39299999999999996,353,2,0.0011870870366692543,59.175,optimal,1,876,0.393,0.393,0.54,2
autoopttree_v49,1,ta_fico_binary,10459,17,0.02,0.3410020078401377,2939,3,0.001181167084723711,80.068,optimal,82,16,0.3410020078401377,0.3410020078401377,0.63,8
pygosdt_v1,1,ta_sine_1k,1000,1,0.1,0.5529999999999999,353,2,1.4011077708564699,3.409,optimal,6165,876,0.553,0.553,0.25,2
autoopttree_v40,1,ta_sine_1k,1000,1,0.01,0.373,353,2,0.0020562740974128246,83.265,optimal,1,876,0.373,0.373,0.54,2
autoopttree_v46,1,ta_fico_binary,10459,17,0.05,0.4310020078401377,2939,3,0.0004019448533654213,75.22,optimal,18,16,0.4310020078401377,0.4310020078401377,0.59,8
streed,1,ta_sine_1k,1000,1,0.1,0.5529999999999999,353,2,4.162089366931468,5.538,optimal,,876,,,0.4,2
autoopttree_v40,1,ta_sine_1k,1000,1,0.05,0.45299999999999996,353,2,0.0014694156125187874,59.09,optimal,1,876,0.453,0.453,0.54,2
pygosdt_v1,1,ta_sine_1k,1000,1,0.05,0.45299999999999996,353,2,58.44168195221573,60.336,optimal,169926,876,0.453,0.453,0.28,2
autoopttree,1,ta_gaussian_1k,1000,1,0.005,0.297,287,2,0.002688339911401272,16.441,optimal,1,920,0.29700000000000004,0.29700000000000004,0.32,2
autoopttree,1,ta_gaussian_1k,1000,1,0.01,0.307,287,2,0.0014568730257451534,12.467,optimal,1,920,0.30700000000000005,0.30700000000000005,0.32,2
autoopttree_v40,1,ta_sine_1k,1000,1,0.1,0.5529999999999999,353,2,0.0008669458329677582,59.749,optimal,1,876,0.553,0.553,0.54,2
autoopttree,1,ta_gaussian_1k,1000,1,0.02,0.32,300,1,0.0024878596886992455,16.385,optimal,1,920,0.32,0.32,0.31,2
autoopttree,1,ta_gaussian_1k,1000,1,0.05,0.35,300,1,0.0012349030002951622,12.261,optimal,1,920,0.35,0.35,0.32,2
autoopttree_v40,1,ta_gaussian_1k,1000,1,0.005,0.297,287,2,0.0013665789738297462,59.436,optimal,1,920,0.29700000000000004,0.29700000000000004,0.54,2
pygosdt_v1,1,ta_gaussian_1k,1000,1,0.05,0.35,300,1,12.737658333964646,14.872,optimal,48763,920,0.35,0.35,0.26,2
autoopttree_v46_anytime100,1,ta_fico_binary,10459,17,0.05,0.4310020078401377,2939,3,0.000525524839758873,73.977,optimal,18,16,0.4310020078401377,0.4310020078401377,0.6,8
autoopttree_v40,1,ta_gaussian_1k,1000,1,0.01,0.307,287,2,0.0012890682555735111,59.191,optimal,1,920,0.30700000000000005,0.30700000000000005,0.54,2
gg_exact_simsup,1,ta_gaussian_1k,1000,1,0.1,0.4,300,1,0.535,4.093,optimal,863,920,0.4000000059604645,0.4000000059604645,0.19,2
autoopttree,1,ta_gaussian_1k,1000,1,0.1,0.4,300,1,0.0012508202344179153,11.941,optimal,1,920,0.4,0.4,0.32,2
autoopttree_v40,1,ta_gaussian_1k,1000,1,0.02,0.32,300,1,0.001300583127886057,59.562,optimal,1,920,0.32,0.32,0.54,2
gosdt,1,ta_gaussian_1k,1000,1,0.1,0.4,300,1,2.546,4.049,optimal,281,923,0.4,0.4,0.19,2
autoopttree_v49,1,ta_fico_binary,10459,17,0.05,0.4310020078401377,2939,3,0.0004251566715538502,80.872,optimal,18,16,0.4310020078401377,0.4310020078401377,0.62,8
gosdt_guesses,1,ta_gaussian_1k,1000,1,0.1,0.4,300,1,0.525,4.026,optimal,863,920,0.4000000059604645,0.4000000059604645,0.19,2
pygosdt_v1,1,ta_gaussian_1k,1000,1,0.1,0.4,300,1,0.026635705027729273,1.862,optimal,99,920,0.4,0.4,0.0,2
streed,1,ta_gaussian_1k,1000,1,0.1,0.4,300,1,0.417105024214834,1.796,optimal,,920,,,0.0,2
gg_exact_simsup,1,ta_monk_2,169,11,0.005,0.2602662721893491,33,13,0.455,4.028,optimal,29042,10,0.2602662742137909,0.2602662742137909,0.19,2
gosdt,1,ta_monk_2,169,11,0.005,0.2602662721893491,33,13,0.327,1.874,optimal,27354,13,0.260266,0.260266,0.0,2
autoopttree,1,ta_monk_2,169,11,0.005,0.2602662721893491,33,13,0.12426839303225279,11.949,optimal,3625,10,0.26026627218934906,0.26026627218934906,0.32,2
gosdt_guesses,1,ta_monk_2,169,11,0.005,0.2602662721893491,33,13,0.453,4.016,optimal,29041,10,0.2602662742137909,0.2602662742137909,0.19,2
autoopttree,1,ta_iris,150,4,0.005,0.18666666666666668,13,20,3588.2504154876806,3600.475,optimal,15163446,83,0.18666666666666665,0.18666666666666665,0.83,2
pygosdt_v1,1,ta_monk_2,169,11,0.005,0.2602662721893491,33,13,0.27946140291169286,2.036,optimal,3427,10,0.26026627218934917,0.26026627218934917,0.0,2
streed,1,ta_monk_2,169,11,0.005,nan,,,15.344,15.344,memory,,,,,6.47,2
autoopttree,1,ta_monk_2,169,11,0.01,0.3007692307692308,39,7,0.05714739207178354,12.629,optimal,1576,10,0.3007692307692308,0.3007692307692308,0.32,2
gg_exact_simsup,1,ta_monk_2,169,11,0.01,0.3007692307692308,39,7,0.178,3.859,optimal,13040,10,0.30076923966407776,0.30076923966407776,0.19,2
gosdt,1,ta_monk_2,169,11,0.01,0.3007692307692308,39,7,0.151,1.425,optimal,12412,13,0.300769,0.300769,0.0,2
autoopttree_v40,1,ta_gaussian_1k,1000,1,0.05,0.35,300,1,0.0018964181654155254,82.967,optimal,1,920,0.35,0.35,0.54,2
pygosdt_v1,1,ta_monk_2,169,11,0.01,0.3007692307692308,39,7,0.24242833582684398,1.98,optimal,1771,10,0.30076923076923073,0.30076923076923073,0.0,2
gosdt_guesses,1,ta_monk_2,169,11,0.01,0.3007692307692308,39,7,0.184,3.677,optimal,13040,10,0.30076923966407776,0.30076923966407776,0.19,2
autoopttree_v40,1,ta_gaussian_1k,1000,1,0.1,0.4,300,1,0.0012626582756638527,59.821,optimal,1,920,0.4,0.4,0.54,2
streed,1,ta_monk_2,169,11,0.01,0.3007692307692308,39,7,2.3671927843242884,4.244,optimal,,10,,,0.37,2
gosdt,1,ta_monk_2,169,11,0.02,0.3603550295857988,44,5,0.057,1.725,optimal,3763,13,0.360355,0.360355,0.0,2
gg_exact_simsup,1,ta_monk_2,169,11,0.02,0.3603550295857988,44,5,0.042,3.419,optimal,4260,10,0.360355019569397,0.360355019569397,0.19,2
autoopttree,1,ta_monk_2,169,11,0.02,0.3603550295857988,44,5,0.014192075934261084,12.855,optimal,426,10,0.3603550295857988,0.3603550295857988,0.31,2
gosdt_guesses,1,ta_monk_2,169,11,0.02,0.3603550295857988,44,5,0.125,4.324,optimal,4260,10,0.360355019569397,0.360355019569397,0.19,2
pygosdt_v1,1,ta_monk_2,169,11,0.02,0.3603550295857988,44,5,0.056221130304038525,1.877,optimal,674,10,0.3603550295857988,0.3603550295857988,0.0,2
streed,1,ta_monk_2,169,11,0.02,0.3603550295857988,44,5,0.25693246396258473,1.486,optimal,,10,,,0.0,2
autoopttree_v46,1,ta_fico_binary,10459,17,0.1,0.5440099435892534,3598,2,0.00017516408115625381,74.322,optimal,3,16,0.5440099435892534,0.5440099435892534,0.6,8
autoopttree_v40,1,ta_monk_2,169,11,0.005,0.2602662721893491,33,13,0.0327320946380496,58.833,optimal,3898,10,0.2602662721893491,0.2602662721893491,0.54,2
gg_exact_simsup,1,ta_monk_2,169,11,0.05,0.428698224852071,64,1,0.002,3.651,optimal,144,10,0.42869824171066284,0.42869824171066284,0.19,2
gosdt,1,ta_monk_2,169,11,0.05,0.428698224852071,64,1,0.002,1.444,optimal,143,13,0.428698,0.428698,0.0,2
gosdt_guesses,1,ta_monk_2,169,11,0.05,0.428698224852071,64,1,0.002,3.843,optimal,144,10,0.42869824171066284,0.42869824171066284,0.19,2
pygosdt_v1,1,ta_monk_2,169,11,0.05,0.428698224852071,64,1,0.004450677894055843,1.802,optimal,45,10,0.428698224852071,0.428698224852071,0.0,2
autoopttree,1,ta_monk_2,169,11,0.05,0.428698224852071,64,1,0.0010653962381184101,16.315,optimal,15,10,0.428698224852071,0.428698224852071,0.31,2
streed,1,ta_monk_2,169,11,0.05,0.428698224852071,64,1,0.04124148515984416,1.586,optimal,,10,,,0.0,2
autoopttree_v46_anytime100,1,ta_fico_binary,10459,17,0.1,0.5440099435892534,3598,2,0.00030254805460572243,73.922,optimal,3,16,0.5440099435892534,0.5440099435892534,0.6,8
gg_exact_simsup,1,ta_monk_2,169,11,0.1,0.47869822485207103,64,1,0.0,4.544,optimal,7,10,0.4786982238292694,0.4786982238292694,0.19,2
autoopttree_v40,1,ta_monk_2,169,11,0.01,0.3007692307692308,39,7,0.013041095342487097,58.851,optimal,1806,10,0.3007692307692308,0.3007692307692308,0.54,2
gosdt,1,ta_monk_2,169,11,0.1,0.47869822485207103,64,1,0.0,1.697,optimal,7,13,0.478698,0.478698,0.0,2
autoopttree,1,ta_monk_2,169,11,0.1,0.47869822485207103,64,1,0.00024613505229353905,11.797,optimal,1,10,0.47869822485207103,0.47869822485207103,0.32,2
pygosdt_v1,1,ta_monk_2,169,11,0.1,0.47869822485207103,64,1,0.0007951529696583748,1.66,optimal,4,10,0.47869822485207103,0.47869822485207103,0.0,2
gosdt_guesses,1,ta_monk_2,169,11,0.1,0.47869822485207103,64,1,0.0,3.404,optimal,7,10,0.4786982238292694,0.4786982238292694,0.19,2
streed,1,ta_monk_2,169,11,0.1,0.47869822485207103,64,1,0.030617845710366964,1.435,optimal,,10,,,0.0,2
gg_exact_simsup,1,ta_monk_1,124,11,0.005,0.19483870967741934,13,18,0.122,3.263,optimal,10758,9,0.19483870267868042,0.19483870267868042,0.19,2
gosdt,1,ta_monk_1,124,11,0.005,0.19483870967741934,13,18,0.088,1.598,optimal,10464,13,0.194839,0.194839,0.0,2
autoopttree,1,ta_monk_1,124,11,0.005,0.19483870967741934,13,18,0.037126095965504646,12.533,optimal,1116,9,0.19483870967741934,0.19483870967741934,0.31,2
gosdt_guesses,1,ta_monk_1,124,11,0.005,0.19483870967741934,13,18,0.143,3.391,optimal,10758,9,0.19483870267868042,0.19483870267868042,0.19,2
autoopttree_v40,1,ta_monk_2,169,11,0.02,0.3603550295857988,44,5,0.004131291061639786,59.075,optimal,608,10,0.3603550295857988,0.3603550295857988,0.54,2
pygosdt_v1,1,ta_monk_1,124,11,0.005,0.19483870967741934,13,18,0.19745523994788527,2.286,optimal,1507,9,0.19483870967741937,0.19483870967741937,0.25,2
streed,1,ta_monk_1,124,11,0.005,0.19483870967741934,13,18,1.2106705610640347,2.585,optimal,,9,,,0.8,2
gg_exact_simsup,1,ta_monk_1,124,11,0.01,0.2535483870967742,24,6,0.071,3.313,optimal,5882,9,0.25354838371276855,0.25354838371276855,0.19,2
autoopttree_v40,1,ta_monk_2,169,11,0.05,0.428698224852071,64,1,0.00027537718415260315,59.209,optimal,27,10,0.428698224852071,0.428698224852071,0.54,2
gosdt,1,ta_monk_1,124,11,0.01,0.2535483870967742,24,6,0.043,1.408,optimal,5531,13,0.253548,0.253548,0.0,2
autoopttree,1,ta_monk_1,124,11,0.01,0.2535483870967742,24,6,0.019395355135202408,11.968,optimal,569,9,0.2535483870967742,0.2535483870967742,0.32,2
pygosdt_v1,1,ta_monk_1,124,11,0.01,0.2535483870967742,24,6,0.0706942891702056,1.769,optimal,864,9,0.2535483870967742,0.2535483870967742,0.0,2
gosdt_guesses,1,ta_monk_1,124,11,0.01,0.2535483870967742,24,6,0.077,3.392,optimal,5882,9,0.25354838371276855,0.25354838371276855,0.19,2
streed,1,ta_monk_1,124,11,0.01,0.2535483870967742,24,6,1.9737528571859002,3.295,optimal,,9,,,0.69,2
autoopttree_v40,1,ta_iris,150,4,0.005,0.18666666666666668,13,20,3651.161447229795,3712.212,optimal,16194452,83,0.18666666666666665,0.18666666666666665,0.83,2
gg_exact_simsup,1,ta_monk_1,124,11,0.02,0.3096774193548387,26,5,0.019,3.402,optimal,2016,9,0.3096774220466614,0.3096774220466614,0.19,2
gosdt,1,ta_monk_1,124,11,0.02,0.3096774193548387,26,5,0.014,1.376,optimal,1697,13,0.309677,0.309677,0.0,2
autoopttree,1,ta_monk_1,124,11,0.02,0.3096774193548387,26,5,0.006356067024171352,11.739,optimal,173,9,0.3096774193548387,0.3096774193548387,0.32,2
gosdt_guesses,1,ta_monk_1,124,11,0.02,0.3096774193548387,26,5,0.025,3.354,optimal,2016,9,0.3096774220466614,0.3096774220466614,0.19,2
pygosdt_v1,1,ta_monk_1,124,11,0.02,0.3096774193548387,26,5,0.046818177215754986,2.161,optimal,361,9,0.3096774193548387,0.3096774193548387,0.25,2
streed,1,ta_monk_1,124,11,0.02,0.3096774193548387,26,5,0.06309305084869266,1.381,optimal,,9,,,0.0,2
gg_exact_simsup,1,ta_monk_1,124,11,0.05,0.3822580645161291,35,2,0.001,3.347,optimal,100,9,0.3822580575942993,0.3822580575942993,0.19,2
autoopttree_v49,1,ta_fico_binary,10459,17,0.1,0.5440099435892534,3598,2,0.00016222568228840828,79.561,optimal,3,16,0.5440099435892534,0.5440099435892534,0.62,8
gosdt,1,ta_monk_1,124,11,0.05,0.3822580645161291,35,2,0.001,1.444,optimal,100,13,0.382258,0.382258,0.0,2
autoopttree_v40,1,ta_monk_1,124,11,0.005,0.19483870967741934,13,18,0.009412041865289211,58.802,optimal,1245,9,0.19483870967741934,0.19483870967741934,0.54,2
autoopttree,1,ta_monk_1,124,11,0.05,0.3822580645161291,35,2,0.0005585262551903725,11.829,optimal,3,9,0.38225806451612904,0.38225806451612904,0.32,2
gosdt_guesses,1,ta_monk_1,124,11,0.05,0.3822580645161291,35,2,0.001,3.294,optimal,100,9,0.3822580575942993,0.3822580575942993,0.19,2
pygosdt_v1,1,ta_monk_1,124,11,0.05,0.3822580645161291,35,2,0.0035407631658017635,1.715,optimal,37,9,0.38225806451612904,0.38225806451612904,0.0,2
autoopttree_v46,1,ta_compas_binned,6907,12,0.005,0.33005284493991605,2107,5,0.02061735698953271,74.014,optimal,1682,12,0.330052844939916,0.330052844939916,0.59,8
streed,1,ta_monk_1,124,11,0.05,0.3822580645161291,35,2,0.0330845071002841,1.382,optimal,,9,,,0.0,2
autoopttree_v40,1,ta_monk_2,169,11,0.1,0.47869822485207103,64,1,0.0001310650259256363,82.907,optimal,3,10,0.47869822485207103,0.47869822485207103,0.54,2
gg_exact_simsup,1,ta_monk_1,124,11,0.1,0.48225806451612907,35,2,0.0,3.422,optimal,9,9,0.48225805163383484,0.48225805163383484,0.19,2
gosdt,1,ta_monk_1,124,11,0.1,0.48225806451612907,35,2,0.002,1.781,optimal,9,13,0.482258,0.482258,0.0,2
autoopttree,1,ta_monk_1,124,11,0.1,0.48225806451612907,35,2,0.00029147323220968246,11.73,optimal,1,9,0.48225806451612907,0.48225806451612907,0.32,2
gosdt_guesses,1,ta_monk_1,124,11,0.1,0.48225806451612907,35,2,0.0,3.324,optimal,9,9,0.48225805163383484,0.48225805163383484,0.19,2
pygosdt_v1,1,ta_monk_1,124,11,0.1,0.48225806451612907,35,2,0.0013658301904797554,2.313,optimal,5,9,0.48225806451612907,0.48225806451612907,0.25,2
streed,1,ta_monk_1,124,11,0.1,0.48225806451612907,35,2,0.029794554226100445,1.301,optimal,,9,,,0.0,2
autoopttree_v40,1,ta_monk_1,124,11,0.01,0.2535483870967742,24,6,0.0056047141551971436,63.367,optimal,816,9,0.2535483870967742,0.2535483870967742,0.54,2
gg_exact_simsup,1,ta_monk_3,122,11,0.005,0.28770491803278686,29,10,0.019,3.401,optimal,1542,9,0.2877048850059509,0.2877048850059509,0.19,2
gosdt,1,ta_monk_3,122,11,0.005,0.28770491803278686,29,10,0.01,1.461,optimal,1455,13,0.287705,0.287705,0.0,2
pygosdt_v1,1,ta_monk_3,122,11,0.005,0.28770491803278686,29,10,0.019107197877019644,1.784,optimal,218,9,0.28770491803278686,0.28770491803278686,0.0,2
autoopttree,1,ta_monk_3,122,11,0.005,0.28770491803278686,29,10,0.0056854248978197575,12.065,optimal,169,9,0.28770491803278686,0.28770491803278686,0.32,2
gosdt_guesses,1,ta_monk_3,122,11,0.005,0.28770491803278686,29,10,0.014,3.406,optimal,1542,9,0.2877048850059509,0.2877048850059509,0.19,2
autoopttree_v40,1,ta_monk_1,124,11,0.02,0.3096774193548387,26,5,0.0019134599715471268,60.113,optimal,279,9,0.3096774193548387,0.3096774193548387,0.54,2
streed,1,ta_monk_3,122,11,0.005,0.28770491803278686,29,10,1.571738151833415,2.912,optimal,,9,,,0.84,2
gosdt,1,ta_monk_3,122,11,0.01,0.3286885245901639,34,5,0.008,1.73,optimal,758,13,0.328688,0.328688,0.0,2
gg_exact_simsup,1,ta_monk_3,122,11,0.01,0.3286885245901639,34,5,0.011,3.412,optimal,817,9,0.32868847250938416,0.32868847250938416,0.19,2
gosdt_guesses,1,ta_monk_3,122,11,0.01,0.3286885245901639,34,5,0.007,4.051,optimal,817,9,0.32868847250938416,0.32868847250938416,0.19,2
pygosdt_v1,1,ta_monk_3,122,11,0.01,0.3286885245901639,34,5,0.012761658988893032,1.689,optimal,144,9,0.3286885245901639,0.3286885245901639,0.0,2
autoopttree,1,ta_monk_3,122,11,0.01,0.3286885245901639,34,5,0.0037377257831394672,12.111,optimal,106,9,0.3286885245901639,0.3286885245901639,0.31,2
streed,1,ta_monk_3,122,11,0.01,0.3286885245901639,34,5,2.639307816978544,3.884,optimal,,9,,,0.69,2
autoopttree_v40,1,ta_monk_1,124,11,0.05,0.3822580645161291,35,2,0.0002513979561626911,64.671,optimal,29,9,0.38225806451612904,0.38225806451612904,0.54,2
gg_exact_simsup,1,ta_monk_3,122,11,0.02,0.36327868852459017,37,3,0.003,4.96,optimal,235,9,0.36327868700027466,0.36327868700027466,0.19,2
autoopttree,1,ta_monk_3,122,11,0.02,0.36327868852459017,37,3,0.0017611561343073845,12.016,optimal,48,9,0.36327868852459017,0.36327868852459017,0.32,2
gosdt,1,ta_monk_3,122,11,0.02,0.36327868852459017,37,3,0.001,1.36,optimal,197,13,0.363279,0.363279,0.0,2
gosdt_guesses,1,ta_monk_3,122,11,0.02,0.36327868852459017,37,3,0.002,3.612,optimal,235,9,0.36327868700027466,0.36327868700027466,0.19,2
pygosdt_v1,1,ta_monk_3,122,11,0.02,0.36327868852459017,37,3,0.006039811763912439,1.801,optimal,62,9,0.36327868852459017,0.36327868852459017,0.0,2
streed,1,ta_monk_3,122,11,0.02,0.36327868852459017,37,3,0.267596994061023,1.88,optimal,,9,,,0.0,2
autoopttree_v40,1,ta_monk_1,124,11,0.1,0.48225806451612907,35,2,0.00010049017146229744,58.763,optimal,3,9,0.48225806451612907,0.48225806451612907,0.54,2
gg_exact_simsup,1,ta_monk_3,122,11,0.05,0.4278688524590164,40,2,0.0,4.692,optimal,11,9,0.4278688430786133,0.4278688430786133,0.19,2
gosdt,1,ta_monk_3,122,11,0.05,0.4278688524590164,40,2,0.0,1.457,optimal,9,13,0.427869,0.427869,0.0,2
pygosdt_v1,1,ta_monk_3,122,11,0.05,0.4278688524590164,40,2,0.0010636243969202042,1.888,optimal,6,9,0.4278688524590164,0.4278688524590164,0.0,2
autoopttree_v46_anytime100,1,ta_compas_binned,6907,12,0.005,0.33005284493991605,2107,5,0.026740524917840958,73.883,optimal,2197,12,0.330052844939916,0.330052844939916,0.59,8
gosdt_guesses,1,ta_monk_3,122,11,0.05,0.4278688524590164,40,2,0.0,4.05,optimal,11,9,0.4278688430786133,0.4278688430786133,0.19,2
streed,1,ta_monk_3,122,11,0.05,0.4278688524590164,40,2,0.027498610317707062,1.394,optimal,,9,,,0.0,2
autoopttree,1,ta_monk_3,122,11,0.05,0.4278688524590164,40,2,0.0004820721223950386,13.165,optimal,5,9,0.4278688524590164,0.4278688524590164,0.31,2
gg_exact_simsup,1,ta_monk_3,122,11,0.1,0.5278688524590164,40,2,0.0,4.594,optimal,0,9,0.5278688669204712,0.5278688669204712,0.19,2
gosdt,1,ta_monk_3,122,11,0.1,0.5278688524590164,40,2,0.0,1.86,optimal,0,13,0.527869,0.527869,0.0,2
autoopttree_v49,1,ta_compas_binned,6907,12,0.005,0.33005284493991605,2107,5,0.021226531360298395,79.914,optimal,1724,12,0.330052844939916,0.330052844939916,0.61,8
autoopttree,1,ta_monk_3,122,11,0.1,0.5278688524590164,40,2,0.00019023194909095764,12.814,optimal,1,9,0.5278688524590164,0.5278688524590164,0.31,2
gosdt_guesses,1,ta_monk_3,122,11,0.1,0.5278688524590164,40,2,0.0,4.482,optimal,0,9,0.5278688669204712,0.5278688669204712,0.19,2
autoopttree_v40,1,ta_monk_3,122,11,0.01,0.3286885245901639,34,5,0.0012454292736947536,58.625,optimal,112,9,0.3286885245901639,0.3286885245901639,0.54,2
pygosdt_v1,1,ta_monk_3,122,11,0.1,0.5278688524590164,40,2,0.0006081992760300636,2.139,optimal,1,9,0.5278688524590164,0.5278688524590164,0.0,2
streed,1,ta_monk_3,122,11,0.1,0.5278688524590164,40,2,0.05428468715399504,1.463,optimal,,9,,,0.0,2
autoopttree_v40,1,ta_monk_3,122,11,0.005,0.28770491803278686,29,10,0.0018442198634147644,82.746,optimal,179,9,0.28770491803278686,0.28770491803278686,0.54,2
autoopttree_v40,1,ta_monk_3,122,11,0.02,0.36327868852459017,37,3,0.00040146615356206894,59.344,optimal,49,9,0.36327868852459017,0.36327868852459017,0.54,2
autoopttree,1,ta_iris,150,4,0.05,0.5,45,4,1.9690275071188807,14.053,optimal,25652,83,0.5,0.5,0.32,2
autoopttree,1,ta_iris,150,4,0.1,0.66,69,2,0.02623675810173154,16.277,optimal,276,83,0.6599999999999999,0.6599999999999999,0.31,2
autoopttree_v40,1,ta_monk_3,122,11,0.05,0.4278688524590164,40,2,0.0001112278550863266,59.124,optimal,5,9,0.4278688524590164,0.4278688524590164,0.54,2
pygosdt_v1,1,ta_iris,150,4,0.05,0.5,45,4,25.60803235322237,27.3,optimal,196336,83,0.5,0.5,0.28,2
gg_exact_simsup,1,ta_iris,150,4,0.1,0.66,69,2,6.391,9.87,optimal,80049,83,0.6599999666213989,0.6599999666213989,0.3,2
gosdt,1,ta_iris,150,4,0.1,0.66,69,2,1.725,3.41,optimal,11550,90,0.66,0.66,0.19,2
pygosdt_v1,1,ta_iris,150,4,0.1,0.66,69,2,0.7131308210082352,2.443,optimal,5757,83,0.66,0.66,0.25,2
streed,1,ta_iris,150,4,0.1,0.66,69,2,1.586207034997642,2.867,optimal,,83,,,0.24,2
autoopttree_v40,1,ta_monk_3,122,11,0.1,0.5278688524590164,40,2,8.292589336633682e-05,59.139,optimal,1,9,0.5278688524590164,0.5278688524590164,0.54,2
gosdt_guesses,1,ta_iris,150,4,0.1,0.66,69,2,5.995,9.477,optimal,81104,83,0.6599999666213989,0.6599999666213989,0.29,2
gg_exact_simsup,1,ta_chudi,77,2,0.005,0.20987012987012987,10,16,3.808,7.365,optimal,128216,32,0.2098701149225235,0.2098701149225235,0.26,2
gosdt,1,ta_chudi,77,2,0.005,0.25181818181818183,14,14,0.339,1.723,optimal,26985,36,0.212857,0.212857,0.0,2
gosdt_guesses,1,ta_chudi,77,2,0.005,0.20987012987012987,10,16,3.468,6.915,optimal,128216,32,0.2098701149225235,0.2098701149225235,0.26,2
pygosdt_v1,1,ta_chudi,77,2,0.005,0.20987012987012987,10,16,0.4831136898137629,2.175,optimal,4567,32,0.2098701298701299,0.2098701298701299,0.24,2
autoopttree,1,ta_chudi,77,2,0.005,0.20987012987012987,10,16,1.0800624089315534,17.437,optimal,7897,32,0.20987012987012987,0.20987012987012987,0.32,2
autoopttree_v46,1,ta_compas_binned,6907,12,0.01,0.3440191110467642,2238,2,0.0013498621992766857,73.252,optimal,122,12,0.34401911104676414,0.34401911104676414,0.6,8
autoopttree,1,ta_chudi,77,2,0.01,0.26883116883116887,13,10,0.7670121770352125,12.457,optimal,8040,32,0.26883116883116887,0.26883116883116887,0.32,2
gg_exact_simsup,1,ta_chudi,77,2,0.01,0.26883116883116887,13,10,3.62,6.831,optimal,119147,32,0.26883113384246826,0.26883113384246826,0.27,2
gosdt_guesses,1,ta_chudi,77,2,0.01,0.26883116883116887,13,10,5.114,9.743,optimal,118150,32,0.26883113384246826,0.26883113384246826,0.26,2
pygosdt_v1,1,ta_chudi,77,2,0.01,0.26883116883116887,13,10,0.4532673917710781,2.161,optimal,4290,32,0.2688311688311689,0.2688311688311689,0.24,2
autoopttree_v40,1,ta_iris,150,4,0.05,0.5,45,4,1.0233953399583697,64.925,optimal,25794,83,0.5,0.5,0.54,2
autoopttree_v46_anytime100,1,ta_compas_binned,6907,12,0.01,0.3440191110467642,2238,2,0.0015994417481124401,74.453,optimal,123,12,0.34401911104676414,0.34401911104676414,0.59,8
autoopttree,1,ta_chudi,77,2,0.02,0.3067532467532468,19,3,0.09462217707186937,12.006,optimal,1374,32,0.3067532467532468,0.3067532467532468,0.32,2
gg_exact_simsup,1,ta_chudi,77,2,0.02,0.3067532467532468,19,3,3.242,6.551,optimal,119877,32,0.3067532181739807,0.3067532181739807,0.26,2
autoopttree_v40,1,ta_iris,150,4,0.1,0.66,69,2,0.007857914082705975,59.33,optimal,274,83,0.6599999999999999,0.6599999999999999,0.54,2
gosdt_guesses,1,ta_chudi,77,2,0.02,0.3067532467532468,19,3,3.586,7.24,optimal,109791,32,0.3067532181739807,0.3067532181739807,0.25,2
pygosdt_v1,1,ta_chudi,77,2,0.02,0.3067532467532468,19,3,0.22600009618327022,1.834,optimal,2149,32,0.3067532467532468,0.3067532467532468,0.0,2
streed,1,ta_chudi,77,2,0.02,0.3067532467532468,19,3,0.4827797948382795,1.765,optimal,,32,,,0.0,2
autoopttree_v40,1,ta_chudi,77,2,0.005,0.20987012987012987,10,16,0.1342183188535273,69.407,optimal,8107,32,0.20987012987012987,0.20987012987012987,0.54,2
autoopttree_v40,1,ta_chudi,77,2,0.01,0.26883116883116887,13,10,0.13219629880040884,59.479,optimal,7524,32,0.26883116883116887,0.26883116883116887,0.54,2
autoopttree,1,ta_chudi,77,2,0.05,0.3857142857142857,22,2,0.0037158471532166004,14.397,optimal,71,32,0.38571428571428573,0.38571428571428573,0.31,2
gg_exact_simsup,1,ta_chudi,77,2,0.05,0.3857142857142857,22,2,0.068,4.163,optimal,2268,32,0.3857142925262451,0.3857142925262451,0.19,2
gosdt,1,ta_chudi,77,2,0.05,0.3857142857142857,22,2,0.007,1.423,optimal,394,36,0.385714,0.385714,0.0,2
autoopttree_v49,1,ta_compas_binned,6907,12,0.01,0.3440191110467642,2238,2,0.0013360632583498955,78.623,optimal,122,12,0.34401911104676414,0.34401911104676414,0.63,8
gosdt_guesses,1,ta_chudi,77,2,0.05,0.3857142857142857,22,2,0.047,3.687,optimal,2270,32,0.3857142925262451,0.3857142925262451,0.19,2
pygosdt_v1,1,ta_chudi,77,2,0.05,0.3857142857142857,22,2,0.028821398969739676,2.126,optimal,158,32,0.38571428571428573,0.38571428571428573,0.24,2
autoopttree_v46,1,ta_compas_binned,6907,12,0.02,0.36401911104676415,2238,2,0.00029008323326706886,73.994,optimal,15,12,0.3640191110467641,0.3640191110467641,0.6,8
streed,1,ta_chudi,77,2,0.05,0.3857142857142857,22,2,0.06475566793233156,1.7,optimal,,32,,,0.0,2
autoopttree_v40,1,ta_chudi,77,2,0.02,0.3067532467532468,19,3,0.022653354797512293,82.732,optimal,1410,32,0.3067532467532468,0.3067532467532468,0.54,2
autoopttree_v46_anytime100,1,ta_compas_binned,6907,12,0.02,0.36401911104676415,2238,2,0.0005111009813845158,73.054,optimal,15,12,0.3640191110467641,0.3640191110467641,0.59,8
autoopttree,1,ta_chudi,77,2,0.1,0.4857142857142857,22,2,0.0008335085585713387,14.278,optimal,10,32,0.48571428571428577,0.48571428571428577,0.31,2
gg_exact_simsup,1,ta_chudi,77,2,0.1,0.4857142857142857,22,2,0.001,3.362,optimal,53,32,0.48571428656578064,0.48571428656578064,0.19,2
gosdt,1,ta_chudi,77,2,0.1,0.4857142857142857,22,2,0.0,1.733,optimal,27,36,0.485714,0.485714,0.0,2
autoopttree_v40,1,ta_chudi,77,2,0.05,0.3857142857142857,22,2,0.0007549421861767769,59.43,optimal,71,32,0.38571428571428573,0.38571428571428573,0.54,2
gosdt_guesses,1,ta_chudi,77,2,0.1,0.4857142857142857,22,2,0.001,3.311,optimal,53,32,0.48571428656578064,0.48571428656578064,0.19,2
pygosdt_v1,1,ta_chudi,77,2,0.1,0.4857142857142857,22,2,0.002336225938051939,1.762,optimal,16,32,0.48571428571428577,0.48571428571428577,0.0,2
streed,1,ta_chudi,77,2,0.1,0.4857142857142857,22,2,0.03676374489441514,1.259,optimal,,32,,,0.0,2
autoopttree_v49,1,ta_compas_binned,6907,12,0.02,0.36401911104676415,2238,2,0.0002918010577559471,79.018,optimal,15,12,0.3640191110467641,0.3640191110467641,0.63,8
autoopttree_v46,1,ta_compas_binned,6907,12,0.05,0.42401911104676415,2238,2,0.0001353980042040348,73.674,optimal,1,12,0.42401911104676415,0.42401911104676415,0.6,8
autoopttree_v46_anytime100,1,ta_compas_binned,6907,12,0.05,0.42401911104676415,2238,2,0.0002144589088857174,73.278,optimal,1,12,0.42401911104676415,0.42401911104676415,0.6,8
autoopttree_v40,1,ta_chudi,77,2,0.1,0.4857142857142857,22,2,0.000239428598433733,82.468,optimal,10,32,0.48571428571428577,0.48571428571428577,0.54,2
autoopttree_v46,1,ta_compas_binned,6907,12,0.1,0.5240191110467642,2238,2,0.00015651388093829155,73.599,optimal,1,12,0.5240191110467641,0.5240191110467641,0.6,8
autoopttree_v49,1,ta_compas_binned,6907,12,0.05,0.42401911104676415,2238,2,0.0001305541954934597,78.795,optimal,1,12,0.42401911104676415,0.42401911104676415,0.63,8
autoopttree_v46_anytime100,1,ta_compas_binned,6907,12,0.1,0.5240191110467642,2238,2,0.00019967090338468552,73.354,optimal,1,12,0.5240191110467641,0.5240191110467641,0.6,8
autoopttree_v46,1,ta_fico_1k,1000,23,0.1,0.42200000000000004,222,2,0.03791583003476262,74.09,optimal,51,1237,0.422,0.422,0.61,8
autoopttree_v49,1,ta_compas_binned,6907,12,0.1,0.5240191110467642,2238,2,0.00011984584853053093,79.276,optimal,1,12,0.5240191110467641,0.5240191110467641,0.62,8
autoopttree_v46_anytime100,1,ta_fico_1k,1000,23,0.1,0.42200000000000004,222,2,0.06582746375352144,73.379,optimal,52,1237,0.422,0.422,0.61,8
autoopttree_v46,1,ta_coupon_bar,1913,14,0.005,0.2263225300575013,366,7,0.18091362807899714,73.858,optimal,35463,14,0.22632253005750128,0.22632253005750128,0.6,8
autoopttree_v46_anytime100,1,ta_coupon_bar,1913,14,0.005,0.2263225300575013,366,7,0.10100004868581891,73.702,time,13242,14,0.10984317825405122,0.22632253005750128,0.6,8
autoopttree_v49,1,ta_fico_1k,1000,23,0.1,0.42200000000000004,222,2,0.03838523989543319,79.34,optimal,51,1237,0.422,0.422,0.61,8
autoopttree_v46,1,ta_coupon_bar,1913,14,0.01,0.25334553058024045,389,5,0.025640830863267183,73.441,optimal,3207,14,0.25334553058024045,0.25334553058024045,0.6,8
autoopttree_v46_anytime100,1,ta_coupon_bar,1913,14,0.01,0.25334553058024045,389,5,0.05921901389956474,73.627,optimal,6637,14,0.25334553058024045,0.25334553058024045,0.6,8
autoopttree_v49,1,ta_coupon_bar,1913,14,0.005,0.2263225300575013,366,7,0.14812296628952026,79.894,optimal,34016,14,0.22632253005750128,0.22632253005750128,0.64,8
autoopttree_v46,1,ta_coupon_bar,1913,14,0.02,0.29523261892315733,450,3,0.0019605671986937523,73.302,optimal,228,14,0.29523261892315733,0.29523261892315733,0.6,8
autoopttree_v49,1,ta_coupon_bar,1913,14,0.01,0.25334553058024045,389,5,0.032089159823954105,79.126,optimal,3437,14,0.25334553058024045,0.25334553058024045,0.61,8
autoopttree_v46_anytime100,1,ta_coupon_bar,1913,14,0.02,0.29523261892315733,450,3,0.002289506606757641,73.366,optimal,229,14,0.29523261892315733,0.29523261892315733,0.6,8
autoopttree_v46,1,ta_coupon_bar,1913,14,0.05,0.3645060115002614,506,2,0.0002558319829404354,73.226,optimal,11,14,0.36450601150026135,0.36450601150026135,0.6,8
autoopttree_v46_anytime100,1,ta_coupon_bar,1913,14,0.05,0.3645060115002614,506,2,0.0004226141609251499,73.628,optimal,12,14,0.36450601150026135,0.36450601150026135,0.59,8
autoopttree_v49,1,ta_coupon_bar,1913,14,0.02,0.29523261892315733,450,3,0.00205804780125618,80.018,optimal,246,14,0.29523261892315733,0.29523261892315733,0.63,8
autoopttree_v46,1,ta_coupon_bar,1913,14,0.1,0.4645060115002614,506,2,0.0001096939668059349,73.156,optimal,0,14,0.4645060115002614,0.4645060115002614,0.6,8
autoopttree_v49,1,ta_coupon_bar,1913,14,0.05,0.3645060115002614,506,2,0.00025024591013789177,79.179,optimal,11,14,0.36450601150026135,0.36450601150026135,0.61,8
autoopttree_v46_anytime100,1,ta_coupon_bar,1913,14,0.1,0.4645060115002614,506,2,0.00019960198551416397,73.777,optimal,0,14,0.4645060115002614,0.4645060115002614,0.59,8
autoopttree_v46,1,ta_car_evaluation,1728,15,0.005,0.2570601851851852,401,5,0.1525295632891357,72.854,optimal,25600,14,0.25706018518518514,0.25706018518518514,0.65,8
autoopttree_v46_anytime100,1,ta_car_evaluation,1728,15,0.005,0.2570601851851852,401,5,0.10133393900468946,72.661,time,17941,14,0.1529398148148148,0.25706018518518514,0.62,8
autoopttree_v49,1,ta_coupon_bar,1913,14,0.1,0.4645060115002614,506,2,0.00011747283861041069,78.684,optimal,0,14,0.4645060115002614,0.4645060115002614,0.62,8
autoopttree_v46,1,ta_car_evaluation,1728,15,0.01,0.27479166666666666,423,3,0.018991293851286173,72.49,optimal,2996,14,0.27479166666666666,0.27479166666666666,0.61,8
autoopttree_v46_anytime100,1,ta_car_evaluation,1728,15,0.01,0.27479166666666666,423,3,0.025841935072094202,73.044,optimal,3447,14,0.27479166666666666,0.27479166666666666,0.6,8
autoopttree_v49,1,ta_car_evaluation,1728,15,0.005,0.2570601851851852,401,5,0.1471883370541036,78.29,optimal,25349,14,0.25706018518518514,0.25706018518518514,0.63,8
autoopttree_v46,1,ta_car_evaluation,1728,15,0.02,0.3047916666666667,423,3,0.0023568193428218365,72.267,optimal,283,14,0.3047916666666667,0.3047916666666667,0.6,8
autoopttree_v49,1,ta_car_evaluation,1728,15,0.01,0.27479166666666666,423,3,0.0177323161624372,77.869,optimal,3110,14,0.27479166666666666,0.27479166666666666,0.63,8
autoopttree_v46_anytime100,1,ta_car_evaluation,1728,15,0.02,0.3047916666666667,423,3,0.0025340700522065163,72.675,optimal,282,14,0.3047916666666667,0.3047916666666667,0.6,8
autoopttree_v46,1,ta_car_evaluation,1728,15,0.05,0.34976851851851853,518,1,0.00038212304934859276,72.065,optimal,17,14,0.3497685185185185,0.3497685185185185,0.6,8
autoopttree_v46_anytime100,1,ta_car_evaluation,1728,15,0.05,0.34976851851851853,518,1,0.00033559510484337807,72.648,optimal,17,14,0.3497685185185185,0.3497685185185185,0.6,8
autoopttree_v49,1,ta_car_evaluation,1728,15,0.02,0.3047916666666667,423,3,0.0023396210744976997,78.447,optimal,282,14,0.3047916666666667,0.3047916666666667,0.62,8
autoopttree_v46,1,ta_car_evaluation,1728,15,0.1,0.3997685185185186,518,1,0.0001137489452958107,72.382,optimal,1,14,0.39976851851851847,0.39976851851851847,0.6,8
autoopttree_v46_anytime100,1,ta_car_evaluation,1728,15,0.1,0.3997685185185186,518,1,0.00014664558693766594,72.433,optimal,1,14,0.39976851851851847,0.39976851851851847,0.6,8
autoopttree_v49,1,ta_car_evaluation,1728,15,0.05,0.34976851851851853,518,1,0.00026912102475762367,77.588,optimal,17,14,0.3497685185185185,0.3497685185185185,0.63,8
autoopttree_v49,1,ta_car_evaluation,1728,15,0.1,0.3997685185185186,518,1,0.00010971724987030029,77.171,optimal,1,14,0.39976851851851847,0.39976851851851847,0.63,8
autoopttree_v46,1,ta_tic-tac-toe,958,9,0.01,0.2565135699373695,217,3,9.876473400741816,82.092,optimal,2059897,27,0.2565135699373695,0.2565135699373695,1.12,8
autoopttree_v49,1,ta_tic-tac-toe,958,9,0.01,0.2565135699373695,217,3,9.379706544335932,87.224,optimal,2173001,27,0.2565135699373695,0.2565135699373695,1.18,8
autoopttree_v46,1,ta_tic-tac-toe,958,9,0.02,0.28651356993736954,217,3,0.16930555133149028,72.438,optimal,24635,27,0.28651356993736954,0.28651356993736954,0.6,8
autoopttree_v46_anytime100,1,ta_tic-tac-toe,958,9,0.02,0.28651356993736954,217,3,0.10205303831025958,71.779,time,14312,27,0.10576200417536533,0.28651356993736954,0.61,8
autoopttree_v49,1,ta_tic-tac-toe,958,9,0.02,0.28651356993736954,217,3,0.15102811995893717,77.464,optimal,24348,27,0.28651356993736954,0.28651356993736954,0.64,8
autoopttree_v46,1,ta_tic-tac-toe,958,9,0.05,0.35782881002087685,247,2,0.0027498919516801834,72.338,optimal,209,27,0.35782881002087685,0.35782881002087685,0.6,8
autoopttree_v46_anytime100,1,ta_tic-tac-toe,958,9,0.05,0.35782881002087685,247,2,0.002947552129626274,72.236,optimal,211,27,0.35782881002087685,0.35782881002087685,0.6,8
autoopttree_v49,1,ta_tic-tac-toe,958,9,0.05,0.35782881002087685,247,2,0.0023321821354329586,77.066,optimal,209,27,0.35782881002087685,0.35782881002087685,0.62,8
autoopttree_v46,1,ta_tic-tac-toe,958,9,0.1,0.4496868475991649,335,1,0.00024245819076895714,72.249,optimal,10,27,0.4496868475991649,0.4496868475991649,0.61,8
autoopttree_v46_anytime100,1,ta_tic-tac-toe,958,9,0.1,0.4496868475991649,335,1,0.00033943308517336845,72.116,optimal,10,27,0.4496868475991649,0.4496868475991649,0.6,8
autoopttree_v49,1,ta_tic-tac-toe,958,9,0.1,0.4496868475991649,335,1,0.0002507409080862999,77.029,optimal,10,27,0.4496868475991649,0.4496868475991649,0.63,8
autoopttree_v46,1,ta_sine_1k,1000,1,0.005,0.363,353,2,0.0012202211655676365,72.544,optimal,0,876,0.363,0.363,0.61,8
autoopttree_v46_anytime100,1,ta_sine_1k,1000,1,0.005,0.363,353,2,0.001683293841779232,72.43,optimal,0,876,0.363,0.363,0.6,8
autoopttree_v49,1,ta_sine_1k,1000,1,0.005,0.363,353,2,0.00126685481518507,76.571,optimal,0,876,0.363,0.363,0.61,8
autoopttree_v46,1,ta_sine_1k,1000,1,0.01,0.373,353,2,0.0012552030384540558,72.184,optimal,0,876,0.373,0.373,0.61,8
autoopttree_v46_anytime100,1,ta_sine_1k,1000,1,0.01,0.373,353,2,0.0012470642104744911,72.598,optimal,0,876,0.373,0.373,0.61,8
autoopttree_v49,1,ta_sine_1k,1000,1,0.01,0.373,353,2,0.0014228732325136662,77.316,optimal,0,876,0.373,0.373,0.62,8
autoopttree_v46,1,ta_sine_1k,1000,1,0.02,0.39299999999999996,353,2,0.0011033988557755947,71.915,optimal,0,876,0.393,0.393,0.61,8
autoopttree_v46_anytime100,1,ta_sine_1k,1000,1,0.02,0.39299999999999996,353,2,0.0012906030751764774,71.634,optimal,0,876,0.393,0.393,0.61,8
streed,1,ta_tic-tac-toe,958,9,0.005,nan,,,5554.922,5554.922,memory,,,,,6.0,2
autoopttree_v49,1,ta_sine_1k,1000,1,0.02,0.39299999999999996,353,2,0.0011338237673044205,77.311,optimal,0,876,0.393,0.393,0.62,8
autoopttree_v46,1,ta_iris,150,4,0.005,0.18666666666666668,13,20,5507.293104505166,5580.285,optimal,137025157,83,0.18666666666666665,0.18666666666666665,3.07,8
autoopttree_v46,1,ta_sine_1k,1000,1,0.05,0.45299999999999996,353,2,0.0010506068356335163,72.161,optimal,0,876,0.453,0.453,0.61,8
autoopttree_v46_anytime100,1,ta_sine_1k,1000,1,0.05,0.45299999999999996,353,2,0.0010719471611082554,71.39,optimal,0,876,0.453,0.453,0.6,8
autoopttree_v49,1,ta_sine_1k,1000,1,0.05,0.45299999999999996,353,2,0.0009561111219227314,76.378,optimal,0,876,0.453,0.453,0.61,8
autoopttree_v46,1,ta_sine_1k,1000,1,0.1,0.5529999999999999,353,2,0.000867222435772419,70.956,optimal,0,876,0.553,0.553,0.6,8
autoopttree_v46_anytime100,1,ta_sine_1k,1000,1,0.1,0.5529999999999999,353,2,0.0009013661183416843,70.963,optimal,0,876,0.553,0.553,0.6,8
autoopttree_v46,1,ta_gaussian_1k,1000,1,0.005,0.297,287,2,0.0012586480006575584,71.149,optimal,0,920,0.29700000000000004,0.29700000000000004,0.6,8
autoopttree_v49,1,ta_sine_1k,1000,1,0.1,0.5529999999999999,353,2,0.0010193530470132828,77.403,optimal,0,876,0.553,0.553,0.63,8
autoopttree_v46_anytime100,1,ta_gaussian_1k,1000,1,0.005,0.297,287,2,0.0013654101639986038,71.404,optimal,0,920,0.29700000000000004,0.29700000000000004,0.61,8
autoopttree_v49,1,ta_gaussian_1k,1000,1,0.005,0.297,287,2,0.0012839101254940033,76.203,optimal,0,920,0.29700000000000004,0.29700000000000004,0.61,8
autoopttree_v46,1,ta_gaussian_1k,1000,1,0.01,0.307,287,2,0.001307360827922821,71.424,optimal,0,920,0.30700000000000005,0.30700000000000005,0.61,8
autoopttree_v46_anytime100,1,ta_gaussian_1k,1000,1,0.01,0.307,287,2,0.0013684649020433426,70.819,optimal,0,920,0.30700000000000005,0.30700000000000005,0.6,8
autoopttree_v49,1,ta_gaussian_1k,1000,1,0.01,0.307,287,2,0.001320547889918089,76.999,optimal,0,920,0.30700000000000005,0.30700000000000005,0.62,8
autoopttree_v46,1,ta_gaussian_1k,1000,1,0.02,0.32,300,1,0.0012118108570575714,71.01,optimal,0,920,0.32,0.32,0.6,8
autoopttree_v46_anytime100,1,ta_gaussian_1k,1000,1,0.02,0.32,300,1,0.0013098451308906078,71.512,optimal,0,920,0.32,0.32,0.61,8
autoopttree_v49,1,ta_gaussian_1k,1000,1,0.02,0.32,300,1,0.0011580372229218483,76.681,optimal,0,920,0.32,0.32,0.62,8
autoopttree_v46,1,ta_gaussian_1k,1000,1,0.05,0.35,300,1,0.0018176119774580002,72.079,optimal,0,920,0.35,0.35,0.61,8
autoopttree_v46_anytime100,1,ta_gaussian_1k,1000,1,0.05,0.35,300,1,0.001230820082128048,72.036,optimal,0,920,0.35,0.35,0.61,8
autoopttree_v49,1,ta_gaussian_1k,1000,1,0.05,0.35,300,1,0.0010505071841180325,77.019,optimal,0,920,0.35,0.35,0.63,8
autoopttree_v46,1,ta_gaussian_1k,1000,1,0.1,0.4,300,1,0.0009269779548048973,72.884,optimal,0,920,0.4,0.4,0.6,8
autoopttree_v46_anytime100,1,ta_gaussian_1k,1000,1,0.1,0.4,300,1,0.0008837631903588772,71.286,optimal,0,920,0.4,0.4,0.6,8
autoopttree_v49,1,ta_gaussian_1k,1000,1,0.1,0.4,300,1,0.0008317329920828342,76.807,optimal,0,920,0.4,0.4,0.63,8
autoopttree_v46,1,ta_monk_2,169,11,0.005,0.2602662721893491,33,13,0.02814702270552516,71.659,optimal,4719,10,0.2602662721893491,0.2602662721893491,0.6,8
autoopttree_v46_anytime100,1,ta_monk_2,169,11,0.005,0.2602662721893491,33,13,0.025420252699404955,71.606,optimal,4843,10,0.2602662721893491,0.2602662721893491,0.6,8
autoopttree_v49,1,ta_monk_2,169,11,0.005,0.2602662721893491,33,13,0.022523877676576376,77.066,optimal,5039,10,0.2602662721893491,0.2602662721893491,0.63,8
autoopttree_v46,1,ta_monk_2,169,11,0.01,0.3007692307692308,39,7,0.017431598156690598,70.864,optimal,2056,10,0.3007692307692308,0.3007692307692308,0.59,8
autoopttree_v46_anytime100,1,ta_monk_2,169,11,0.01,0.3007692307692308,39,7,0.013233757112175226,71.398,optimal,2196,10,0.3007692307692308,0.3007692307692308,0.61,8
autoopttree_v49,1,ta_monk_2,169,11,0.01,0.3007692307692308,39,7,0.011513047851622105,77.562,optimal,2302,10,0.3007692307692308,0.3007692307692308,0.61,8
autoopttree_v46,1,ta_monk_2,169,11,0.02,0.3603550295857988,44,5,0.004146633204072714,71.648,optimal,601,10,0.3603550295857988,0.3603550295857988,0.6,8
autoopttree_v46_anytime100,1,ta_monk_2,169,11,0.02,0.3603550295857988,44,5,0.009618549607694149,71.268,optimal,672,10,0.3603550295857988,0.3603550295857988,0.59,8
autoopttree_v49,1,ta_monk_2,169,11,0.02,0.3603550295857988,44,5,0.009135976899415255,75.962,optimal,607,10,0.3603550295857988,0.3603550295857988,0.61,8
autoopttree_v46,1,ta_monk_2,169,11,0.05,0.428698224852071,64,1,0.00032174820080399513,71.15,optimal,29,10,0.428698224852071,0.428698224852071,0.59,8
autoopttree_v46_anytime100,1,ta_monk_2,169,11,0.05,0.428698224852071,64,1,0.0005129780620336533,71.287,optimal,29,10,0.428698224852071,0.428698224852071,0.59,8
autoopttree_v49,1,ta_monk_2,169,11,0.05,0.428698224852071,64,1,0.00032990192994475365,76.503,optimal,29,10,0.428698224852071,0.428698224852071,0.61,8
autoopttree_v46,1,ta_monk_2,169,11,0.1,0.47869822485207103,64,1,0.0001420937478542328,71.45,optimal,3,10,0.47869822485207103,0.47869822485207103,0.59,8
autoopttree_v46_anytime100,1,ta_monk_2,169,11,0.1,0.47869822485207103,64,1,0.00016689207404851913,70.916,optimal,3,10,0.47869822485207103,0.47869822485207103,0.59,8
autoopttree_v49,1,ta_monk_2,169,11,0.1,0.47869822485207103,64,1,0.00012312503531575203,76.465,optimal,3,10,0.47869822485207103,0.47869822485207103,0.61,8
autoopttree_v46,1,ta_monk_1,124,11,0.005,0.19483870967741934,13,18,0.014837159775197506,71.837,optimal,1536,9,0.19483870967741934,0.19483870967741934,0.59,8
autoopttree_v46_anytime100,1,ta_monk_1,124,11,0.005,0.19483870967741934,13,18,0.01644405582919717,71.807,optimal,1479,9,0.19483870967741934,0.19483870967741934,0.59,8
autoopttree_v49,1,ta_monk_1,124,11,0.005,0.19483870967741934,13,18,0.011133577208966017,77.136,optimal,1501,9,0.19483870967741934,0.19483870967741934,0.63,8
autoopttree_v46,1,ta_monk_1,124,11,0.01,0.2535483870967742,24,6,0.008939780294895172,70.512,optimal,811,9,0.2535483870967742,0.2535483870967742,0.6,8
autoopttree_v46_anytime100,1,ta_monk_1,124,11,0.01,0.2535483870967742,24,6,0.01093838969245553,71.632,optimal,850,9,0.2535483870967742,0.2535483870967742,0.6,8
autoopttree_v49,1,ta_monk_1,124,11,0.01,0.2535483870967742,24,6,0.010702560190111399,77.525,optimal,808,9,0.2535483870967742,0.2535483870967742,0.62,8
autoopttree_v46,1,ta_monk_1,124,11,0.02,0.3096774193548387,26,5,0.0018326928839087486,72.244,optimal,257,9,0.3096774193548387,0.3096774193548387,0.6,8
autoopttree_v46_anytime100,1,ta_monk_1,124,11,0.02,0.3096774193548387,26,5,0.0022217342630028725,71.644,optimal,273,9,0.3096774193548387,0.3096774193548387,0.59,8
autoopttree_v49,1,ta_monk_1,124,11,0.02,0.3096774193548387,26,5,0.0019242712296545506,76.505,optimal,257,9,0.3096774193548387,0.3096774193548387,0.62,8
autoopttree_v46,1,ta_monk_1,124,11,0.05,0.3822580645161291,35,2,0.00031333789229393005,71.91,optimal,31,9,0.38225806451612904,0.38225806451612904,0.59,8
autoopttree_v46_anytime100,1,ta_monk_1,124,11,0.05,0.3822580645161291,35,2,0.0004954617470502853,71.811,optimal,30,9,0.38225806451612904,0.38225806451612904,0.59,8
autoopttree_v49,1,ta_monk_1,124,11,0.05,0.3822580645161291,35,2,0.00033719372004270554,77.327,optimal,31,9,0.38225806451612904,0.38225806451612904,0.62,8
autoopttree_v46,1,ta_monk_1,124,11,0.1,0.48225806451612907,35,2,0.00036526890471577644,71.639,optimal,3,9,0.48225806451612907,0.48225806451612907,0.59,8
autoopttree_v46_anytime100,1,ta_monk_1,124,11,0.1,0.48225806451612907,35,2,0.00023517990484833717,70.921,optimal,4,9,0.48225806451612907,0.48225806451612907,0.6,8
autoopttree_v49,1,ta_monk_1,124,11,0.1,0.48225806451612907,35,2,0.0001334119588136673,76.737,optimal,3,9,0.48225806451612907,0.48225806451612907,0.61,8
autoopttree_v46,1,ta_monk_3,122,11,0.005,0.28770491803278686,29,10,0.0015923110768198967,71.803,optimal,174,9,0.28770491803278686,0.28770491803278686,0.59,8
autoopttree_v46_anytime100,1,ta_monk_3,122,11,0.005,0.28770491803278686,29,10,0.0020103519782423973,72.061,optimal,174,9,0.28770491803278686,0.28770491803278686,0.59,8
autoopttree_v49,1,ta_monk_3,122,11,0.005,0.28770491803278686,29,10,0.0016017211601138115,76.728,optimal,172,9,0.28770491803278686,0.28770491803278686,0.61,8
autoopttree_v46,1,ta_monk_3,122,11,0.01,0.3286885245901639,34,5,0.0009598978795111179,71.125,optimal,114,9,0.3286885245901639,0.3286885245901639,0.59,8
autoopttree_v46_anytime100,1,ta_monk_3,122,11,0.01,0.3286885245901639,34,5,0.001189948059618473,71.076,optimal,120,9,0.3286885245901639,0.3286885245901639,0.59,8
autoopttree_v49,1,ta_monk_3,122,11,0.01,0.3286885245901639,34,5,0.0009400481358170509,77.126,optimal,114,9,0.3286885245901639,0.3286885245901639,0.62,8
autoopttree_v46,1,ta_monk_3,122,11,0.02,0.36327868852459017,37,3,0.0004509110003709793,71.274,optimal,51,9,0.36327868852459017,0.36327868852459017,0.59,8
autoopttree_v46_anytime100,1,ta_monk_3,122,11,0.02,0.36327868852459017,37,3,0.0008746860548853874,70.865,optimal,49,9,0.36327868852459017,0.36327868852459017,0.6,8
autoopttree_v49,1,ta_monk_3,122,11,0.02,0.36327868852459017,37,3,0.0005107438191771507,75.411,optimal,51,9,0.36327868852459017,0.36327868852459017,0.61,8
autoopttree_v46,1,ta_monk_3,122,11,0.05,0.4278688524590164,40,2,0.00038216495886445045,70.5,optimal,6,9,0.4278688524590164,0.4278688524590164,0.59,8
autoopttree_v46_anytime100,1,ta_monk_3,122,11,0.05,0.4278688524590164,40,2,0.0002640699967741966,71.108,optimal,5,9,0.4278688524590164,0.4278688524590164,0.59,8
autoopttree_v46,1,ta_monk_3,122,11,0.1,0.5278688524590164,40,2,0.00011649122461676598,70.846,optimal,1,9,0.5278688524590164,0.5278688524590164,0.59,8
autoopttree_v49,1,ta_monk_3,122,11,0.05,0.4278688524590164,40,2,0.00019675912335515022,76.655,optimal,6,9,0.4278688524590164,0.4278688524590164,0.63,8
autoopttree_v46_anytime100,1,ta_monk_3,122,11,0.1,0.5278688524590164,40,2,0.00018693506717681885,72.266,optimal,1,9,0.5278688524590164,0.5278688524590164,0.6,8
autoopttree_v49,1,ta_monk_3,122,11,0.1,0.5278688524590164,40,2,0.00012422911822795868,75.837,optimal,1,9,0.5278688524590164,0.5278688524590164,0.61,8
autoopttree_v46,1,ta_iris,150,4,0.05,0.5,45,4,0.2512072240933776,71.365,optimal,28220,83,0.5,0.5,0.59,8
autoopttree_v49,1,ta_iris,150,4,0.05,0.5,45,4,0.16625714767724276,76.756,optimal,28015,83,0.5,0.5,0.64,8
autoopttree_v46,1,ta_iris,150,4,0.1,0.66,69,2,0.012549052946269512,71.109,optimal,291,83,0.6599999999999999,0.6599999999999999,0.59,8
autoopttree_v46_anytime100,1,ta_iris,150,4,0.1,0.66,69,2,0.013563505839556456,70.998,optimal,297,83,0.6599999999999999,0.6599999999999999,0.59,8
autoopttree_v49,1,ta_iris,150,4,0.1,0.66,69,2,0.011386143043637276,76.679,optimal,316,83,0.6599999999999999,0.6599999999999999,0.61,8
autoopttree_v46,1,ta_chudi,77,2,0.005,0.20987012987012987,10,16,0.05602950416505337,71.41,optimal,10817,32,0.20987012987012987,0.20987012987012987,0.59,8
autoopttree_v46_anytime100,1,ta_chudi,77,2,0.005,0.20987012987012987,10,16,0.10183124290779233,70.683,time,10623,32,0.1398701298701299,0.2098701298701299,0.59,8
autoopttree_v46,1,ta_chudi,77,2,0.01,0.26883116883116887,13,10,0.05638448288664222,70.164,optimal,9458,32,0.26883116883116887,0.26883116883116887,0.59,8
autoopttree_v49,1,ta_chudi,77,2,0.005,0.20987012987012987,10,16,0.06347708310931921,75.448,optimal,10989,32,0.20987012987012987,0.20987012987012987,0.61,8
autoopttree_v46_anytime100,1,ta_chudi,77,2,0.01,0.26883116883116887,13,10,0.10035153431817889,70.523,time,11683,32,0.14987012987012988,0.26883116883116887,0.59,8
autoopttree_v49,1,ta_chudi,77,2,0.01,0.26883116883116887,13,10,0.04886182164773345,75.794,optimal,9804,32,0.26883116883116887,0.26883116883116887,0.61,8
autoopttree_v46_anytime100,1,ta_chudi,77,2,0.02,0.3067532467532468,19,3,0.01651816815137863,70.469,optimal,1630,32,0.3067532467532468,0.3067532467532468,0.59,8
autoopttree_v46,1,ta_chudi,77,2,0.02,0.3067532467532468,19,3,0.013155997265130281,70.715,optimal,1634,32,0.3067532467532468,0.3067532467532468,0.59,8
autoopttree_v49,1,ta_chudi,77,2,0.02,0.3067532467532468,19,3,0.015285052824765444,76.111,optimal,1490,32,0.3067532467532468,0.3067532467532468,0.63,8
autoopttree_v46,1,ta_chudi,77,2,0.05,0.3857142857142857,22,2,0.0008241022005677223,70.828,optimal,68,32,0.38571428571428573,0.38571428571428573,0.6,8
autoopttree_v46_anytime100,1,ta_chudi,77,2,0.05,0.3857142857142857,22,2,0.0010631983168423176,70.633,optimal,67,32,0.38571428571428573,0.38571428571428573,0.59,8
autoopttree_v46,1,ta_chudi,77,2,0.1,0.4857142857142857,22,2,0.00024189474061131477,70.355,optimal,11,32,0.48571428571428577,0.48571428571428577,0.59,8
autoopttree_v49,1,ta_chudi,77,2,0.05,0.3857142857142857,22,2,0.000688603613525629,75.53,optimal,68,32,0.38571428571428573,0.38571428571428573,0.63,8
autoopttree_v46_anytime100,1,ta_chudi,77,2,0.1,0.4857142857142857,22,2,0.0004620589315891266,70.593,optimal,12,32,0.48571428571428577,0.48571428571428577,0.6,8
autoopttree_v49,1,ta_chudi,77,2,0.1,0.4857142857142857,22,2,0.0002406211569905281,75.887,optimal,11,32,0.48571428571428577,0.48571428571428577,0.62,8
pygosdt_v1,1,ta_gaussian_1k,1000,1,0.005,0.297,287,2,8734.894028667826,8737.29,optimal,7383503,920,0.29700000000000004,0.29700000000000004,0.39,2
pygosdt_v1,1,ta_sine_1k,1000,1,0.005,0.363,353,2,11034.844784437679,11037.212,optimal,9890888,876,0.363,0.363,0.37,2
gosdt,1,ta_gaussian_1k,1000,1,0.05,0.35,300,1,11787.0,11790.289,optimal,1877241,923,0.35,0.35,2.66,2
streed,1,ta_tic-tac-toe,958,9,0.01,nan,,,13626.607,13626.607,memory,,,,,6.0,2
streed,1,ta_fico_1k,1000,23,0.005,0.193,153,8,14400.472903386224,14402.591,time,,1237,,,0.84,2
streed,1,ta_fico_1k,1000,23,0.01,0.22299999999999998,173,5,14400.511154190637,14402.603,time,,1237,,,0.88,2
streed,1,ta_fico_1k,1000,23,0.02,0.262,222,2,14400.482503018808,14402.533,time,,1237,,,0.97,2
streed,1,ta_compas_processed,12381,22,0.005,0.24527219126080285,2851,3,14401.510472317692,14403.899,time,,625,,,2.01,2
streed,1,ta_compas_processed,12381,22,0.02,0.27576447782893143,2919,2,14401.476136900019,14403.762,time,,625,,,2.29,2
streed,1,ta_fico_1k,1000,23,0.05,0.322,222,2,14400.486307966989,14402.481,time,,1237,,,1.04,2
streed,1,ta_compas_processed,12381,22,0.01,0.2557644778289314,2919,2,14401.65800315002,14404.003,time,,625,,,2.14,2
streed,1,ta_compas_processed,12381,22,0.05,0.33576447782893143,2919,2,14401.60044870479,14403.907,time,,625,,,3.22,2
autoopttree_v46,1,ta_compas_processed,12381,22,0.005,0.24527219126080285,2851,3,14400.01238797279,14470.445,time,589301803,625,0.010080768920119538,0.24527219126080282,0.84,8
autoopttree_v46,1,ta_fico_1k,1000,23,0.02,0.262,222,2,14400.001407296397,14470.263,time,359119296,1237,0.04,0.262,0.7,8
autoopttree_v46,1,ta_compas_processed,12381,22,0.01,0.2557644778289314,2919,2,14400.02759035211,14471.267,time,696855416,625,0.02008076892011954,0.2557644778289314,1.11,8
autoopttree_v46,1,ta_compas_processed,12381,22,0.02,0.27576447782893143,2919,2,14400.010410601273,14471.959,time,590847469,625,0.04008076892011954,0.27576447782893143,0.89,8
autoopttree_v46,1,ta_fico_1k,1000,23,0.01,0.22899999999999998,179,5,14400.004841553979,14473.886,time,247183142,1237,0.02,0.235,0.66,8
autoopttree_v49,1,ta_compas_processed,12381,22,0.005,0.24527219126080285,2851,3,14400.007192328107,14475.561,time,626143288,625,0.010080768920119538,0.24527219126080282,0.86,8
autoopttree_v46,1,ta_fico_1k,1000,23,0.005,0.201,171,6,14400.003041870892,14474.709,time,271278338,1237,0.01,0.215,0.69,8
autoopttree_v49,1,ta_fico_1k,1000,23,0.02,0.262,222,2,14400.00098261889,14475.515,time,352795741,1237,0.04,0.262,0.71,8
autoopttree_v49,1,ta_iris,150,4,0.005,0.19333333333333333,11,24,14400.00207858067,14475.22,time,1354632226,83,0.06333333333333334,0.19333333333333336,2.33,8
autoopttree_v49,1,ta_compas_processed,12381,22,0.02,0.27576447782893143,2919,2,14400.010588502977,14476.888,time,606320044,625,0.04008076892011954,0.27576447782893143,0.91,8
autoopttree_v49,1,ta_fico_1k,1000,23,0.01,0.22899999999999998,179,5,14400.002478961833,14475.69,time,237851034,1237,0.02,0.235,0.68,8
autoopttree_v49,1,ta_compas_processed,12381,22,0.01,0.2557644778289314,2919,2,14400.02005084604,14477.484,time,658927989,625,0.02008076892011954,0.2557644778289314,1.06,8
autoopttree_v49,1,ta_fico_1k,1000,23,0.005,0.201,171,6,14400.002569810022,14481.358,time,247724910,1237,0.01,0.215,0.68,8
