model,repeat,dataset,n,p,lam,objective,errors,leaves,seconds,wall,status,iterations,binary_features,lb,ub,load1
gosdt,1,ta_chudi,77,2,0.1,0.4857142857142857,22,2,0.0,0.266,optimal,27,36,0.485714,0.485714,2.28
gosdt,1,ta_chudi,77,2,0.05,0.3857142857142857,22,2,0.002,0.267,optimal,394,36,0.385714,0.385714,2.28
gosdt,1,ta_chudi,77,2,0.02,0.3067532467532468,19,3,0.058,0.277,time,19999,36,0.20987,0.306753,2.28
gosdt,1,ta_chudi,77,2,0.01,0.27376623376623377,18,4,0.117,0.265,time,29999,36,0.17987,0.273766,2.28
gosdt,1,ta_chudi,77,2,0.005,0.25181818181818183,14,14,0.11,0.264,optimal,26985,36,0.212857,0.212857,2.28
gosdt,1,ta_monk_3,122,11,0.1,0.5278688524590164,40,2,0.0,0.277,optimal,0,13,0.527869,0.527869,2.28
gosdt,1,ta_monk_3,122,11,0.05,0.4278688524590164,40,2,0.0,0.268,optimal,9,13,0.427869,0.427869,2.28
gosdt,1,ta_monk_3,122,11,0.02,0.36327868852459017,37,3,0.0,0.276,optimal,197,13,0.363279,0.363279,2.28
gosdt,1,ta_monk_3,122,11,0.01,0.3286885245901639,34,5,0.004,0.277,optimal,758,13,0.328688,0.328688,2.28
gosdt,1,ta_monk_3,122,11,0.005,0.28770491803278686,29,10,0.007,0.279,optimal,1463,13,0.287705,0.287705,2.28
gosdt,1,ta_monk_1,124,11,0.1,0.48225806451612907,35,2,0.0,0.268,optimal,9,13,0.482258,0.482258,2.28
gosdt,1,ta_monk_1,124,11,0.05,0.3822580645161291,35,2,0.0,0.262,optimal,100,13,0.382258,0.382258,2.28
gosdt,1,ta_monk_1,124,11,0.02,0.3096774193548387,26,5,0.004,0.271,optimal,1697,13,0.309677,0.309677,2.28
gosdt,1,ta_monk_1,124,11,0.01,0.2535483870967742,24,6,0.025,0.272,optimal,5531,13,0.253548,0.253548,2.28
gosdt,1,ta_monk_1,124,11,0.005,0.19483870967741934,13,18,0.049,0.27,optimal,10464,13,0.194839,0.194839,2.28
gosdt,1,ta_iris,150,4,0.1,0.66,69,2,0.412,0.522,optimal,11506,90,0.66,0.66,2.28
gosdt,1,ta_iris,150,4,0.05,0.5366666666666666,58,3,30.0,30.781,time,789999,90,0.203333,0.56,2.28
gosdt,1,ta_iris,150,4,0.02,0.44666666666666666,58,3,30.0,31.051,time,629999,90,0.113333,0.5,2.28
gosdt,1,ta_iris,150,4,0.01,0.3933333333333333,50,6,30.0,31.021,time,579999,90,0.0833333,0.48,2.28
gosdt,1,ta_iris,150,4,0.005,0.39333333333333337,56,4,30.0,30.755,time,459999,90,0.0683333,0.47,2.28
gosdt,1,ta_monk_2,169,11,0.1,0.47869822485207103,64,1,0.0,0.267,optimal,7,13,0.478698,0.478698,2.28
gosdt,1,ta_monk_2,169,11,0.05,0.428698224852071,64,1,0.001,0.278,optimal,143,13,0.428698,0.428698,2.28
gosdt,1,ta_monk_2,169,11,0.02,0.3603550295857988,44,5,0.026,0.268,optimal,3763,13,0.360355,0.360355,2.28
gosdt,1,ta_monk_2,169,11,0.01,0.3007692307692308,39,7,0.04,0.265,optimal,12412,13,0.300769,0.300769,2.28
gosdt,1,ta_monk_2,169,11,0.005,0.2602662721893491,33,13,0.112,0.271,optimal,27354,13,0.260266,0.260266,2.28
gosdt,1,ta_tic-tac-toe,958,9,0.1,0.4496868475991649,335,1,0.001,0.28,optimal,45,38,0.449687,0.449687,2.28
gosdt,1,ta_tic-tac-toe,958,9,0.05,0.35782881002087685,247,2,0.054,0.274,optimal,1427,38,0.357829,0.357829,2.28
gosdt,1,ta_tic-tac-toe,958,9,0.02,0.28651356993736954,217,3,17.434,17.839,optimal,781056,38,0.286514,0.286514,2.28
gosdt,1,ta_tic-tac-toe,958,9,0.01,0.27782881002087684,247,2,30.0,31.576,time,809999,38,0.104113,0.277829,2.28
gosdt,1,ta_tic-tac-toe,958,9,0.005,0.25986430062630483,225,5,30.0,32.92,time,589999,38,0.085762,0.267829,2.28
gosdt,1,ta_gaussian_1k,1000,1,0.1,0.4,300,1,0.926,1.036,optimal,281,923,0.4,0.4,2.28
gosdt,1,ta_gaussian_1k,1000,1,0.05,0.35,300,1,30.0,47.715,time,9999,923,0.178,0.35,2.28
gosdt,1,ta_gaussian_1k,1000,1,0.02,0.32,300,1,30.0,89.497,time,9999,923,0.088,0.32,2.28
gosdt,1,ta_gaussian_1k,1000,1,0.01,nan,,,30.0,90.382,time,,,,,2.28
gosdt,1,ta_gaussian_1k,1000,1,0.005,nan,,,30.0,90.369,time,,,,,2.28
gosdt,1,ta_fico_1k,1000,23,0.1,nan,,,30.0,90.48,time,,,,,2.28
gosdt,1,ta_fico_1k,1000,23,0.05,nan,,,30.0,90.325,time,,,,,2.28
gosdt,1,ta_fico_1k,1000,23,0.02,nan,,,30.0,90.3,time,,,,,2.28
gosdt,1,ta_fico_1k,1000,23,0.01,nan,,,30.0,90.307,time,,,,,2.28
gosdt,1,ta_fico_1k,1000,23,0.005,nan,,,30.0,90.519,time,,,,,2.28
gosdt,1,ta_sine_1k,1000,1,0.1,0.5529999999999999,353,2,30.0,30.443,time,9999,879,0.357,0.553,2.28
gosdt,1,ta_sine_1k,1000,1,0.05,0.45299999999999996,353,2,30.0,43.835,time,9999,879,0.207,0.453,2.28
gosdt,1,ta_sine_1k,1000,1,0.02,0.39299999999999996,353,2,30.0,72.976,time,9999,879,0.117,0.393,2.28
gosdt,1,ta_sine_1k,1000,1,0.01,0.373,353,2,30.0,85.455,time,9999,879,0.087,0.373,2.28
gosdt,1,ta_sine_1k,1000,1,0.005,0.363,353,2,30.0,89.501,time,9999,879,0.072,0.363,2.28
gosdt,1,ta_car_evaluation,1728,15,0.1,0.3997685185185186,518,1,0.0,0.281,optimal,0,17,0.399769,0.399769,2.28
gosdt,1,ta_car_evaluation,1728,15,0.05,0.34976851851851853,518,1,0.001,0.281,optimal,29,17,0.349769,0.349769,2.28
gosdt,1,ta_car_evaluation,1728,15,0.02,0.3047916666666667,423,3,0.021,0.276,optimal,1283,17,0.304792,0.304792,2.28
gosdt,1,ta_car_evaluation,1728,15,0.01,0.27479166666666666,423,3,0.231,0.276,optimal,20811,17,0.274792,0.274792,2.28
gosdt,1,ta_car_evaluation,1728,15,0.005,0.2570601851851852,401,5,1.601,1.844,optimal,163440,17,0.25706,0.25706,2.28
gosdt,1,ta_coupon_bar,1913,14,0.1,0.4645060115002614,506,2,0.0,0.283,optimal,3,16,0.464506,0.464506,2.28
gosdt,1,ta_coupon_bar,1913,14,0.05,0.3645060115002614,506,2,0.001,0.285,optimal,29,16,0.364506,0.364506,2.28
gosdt,1,ta_coupon_bar,1913,14,0.02,0.29523261892315733,450,3,0.066,0.282,optimal,3906,16,0.295233,0.295233,2.28
gosdt,1,ta_coupon_bar,1913,14,0.01,0.25334553058024045,389,5,0.504,0.801,optimal,46750,16,0.253346,0.253346,2.28
gosdt,1,ta_coupon_bar,1913,14,0.005,0.2263225300575013,366,7,2.25,2.37,optimal,218644,16,0.226323,0.226323,2.28
gosdt,1,ta_compas_binned,6907,12,0.1,0.5240191110467642,2238,2,0.0,0.267,optimal,0,14,0.524019,0.524019,2.28
gosdt,1,ta_compas_binned,6907,12,0.05,0.42401911104676415,2238,2,0.0,0.287,optimal,0,14,0.424019,0.424019,2.28
gosdt,1,ta_compas_binned,6907,12,0.02,0.36401911104676415,2238,2,0.002,0.292,optimal,25,14,0.364019,0.364019,2.28
gosdt,1,ta_compas_binned,6907,12,0.01,0.3440191110467642,2238,2,0.066,0.288,optimal,1820,14,0.344019,0.344019,2.28
gosdt,1,ta_compas_binned,6907,12,0.005,0.33005284493991605,2107,5,0.455,0.531,optimal,19651,14,0.330053,0.330053,2.28
gosdt,1,ta_fico_binary,10459,17,0.1,0.5440099435892534,3598,2,0.0,0.283,optimal,11,19,0.54401,0.54401,2.28
gosdt,1,ta_fico_binary,10459,17,0.05,0.4310020078401377,2939,3,0.006,0.299,optimal,68,19,0.431002,0.431002,2.28
gosdt,1,ta_fico_binary,10459,17,0.02,0.3410020078401377,2939,3,0.242,0.568,optimal,3677,19,0.341002,0.341002,2.28
gosdt,1,ta_fico_binary,10459,17,0.01,0.3087637441437996,2811,4,3.386,3.703,optimal,72474,19,0.308764,0.308764,2.28
gosdt,1,ta_fico_binary,10459,17,0.005,0.28515871498231193,2721,5,10.261,10.532,optimal,243734,19,0.285159,0.285159,2.28
gosdt,1,ta_compas_processed,12381,22,0.1,nan,,,30.0,90.401,time,,,,,2.28
gosdt,1,ta_compas_processed,12381,22,0.05,nan,,,30.0,90.415,time,,,,,2.28
gosdt,1,ta_compas_processed,12381,22,0.02,nan,,,30.0,90.43,time,,,,,2.28
gosdt,1,ta_compas_processed,12381,22,0.01,nan,,,30.0,90.439,time,,,,,2.28
gosdt,1,ta_compas_processed,12381,22,0.005,nan,,,30.0,90.455,time,,,,,2.28
pygosdt_v1,1,ta_chudi,77,2,0.1,0.4857142857142857,22,2,0.0011212920071557164,0.269,optimal,16,32,0.48571428571428577,0.48571428571428577,1.61
pygosdt_v1,1,ta_chudi,77,2,0.05,0.3857142857142857,22,2,0.0052078330190852284,0.006,optimal,158,32,0.38571428571428573,0.38571428571428573,1.61
pygosdt_v1,1,ta_chudi,77,2,0.02,0.3067532467532468,19,3,0.0795624169986695,0.08,optimal,2149,32,0.3067532467532468,0.3067532467532468,1.61
pygosdt_v1,1,ta_chudi,77,2,0.01,0.26883116883116887,13,10,0.15355912502855062,0.154,optimal,4290,32,0.2688311688311689,0.2688311688311689,1.61
pygosdt_v1,1,ta_chudi,77,2,0.005,0.20987012987012987,10,16,0.1639020419679582,0.165,optimal,4567,32,0.2098701298701299,0.2098701298701299,1.61
pygosdt_v1,1,ta_monk_3,122,11,0.1,0.5278688524590164,40,2,6.862496957182884e-05,0.001,optimal,1,9,0.5278688524590164,0.5278688524590164,1.61
pygosdt_v1,1,ta_monk_3,122,11,0.05,0.4278688524590164,40,2,0.00022229203023016453,0.001,optimal,6,9,0.4278688524590164,0.4278688524590164,1.61
pygosdt_v1,1,ta_monk_3,122,11,0.02,0.36327868852459017,37,3,0.0016769999638199806,0.002,optimal,62,9,0.36327868852459017,0.36327868852459017,1.61
pygosdt_v1,1,ta_monk_3,122,11,0.01,0.3286885245901639,34,5,0.0038458750350400805,0.005,optimal,144,9,0.3286885245901639,0.3286885245901639,1.61
pygosdt_v1,1,ta_monk_3,122,11,0.005,0.28770491803278686,29,10,0.005858917022123933,0.007,optimal,218,9,0.28770491803278686,0.28770491803278686,1.61
pygosdt_v1,1,ta_monk_1,124,11,0.1,0.48225806451612907,35,2,0.00019225000869482756,0.001,optimal,5,9,0.48225806451612907,0.48225806451612907,1.61
pygosdt_v1,1,ta_monk_1,124,11,0.05,0.3822580645161291,35,2,0.0009911670349538326,0.002,optimal,37,9,0.38225806451612904,0.38225806451612904,1.61
pygosdt_v1,1,ta_monk_1,124,11,0.02,0.3096774193548387,26,5,0.009148332988843322,0.01,optimal,361,9,0.3096774193548387,0.3096774193548387,1.61
pygosdt_v1,1,ta_monk_1,124,11,0.01,0.2535483870967742,24,6,0.022197875077836215,0.023,optimal,864,9,0.2535483870967742,0.2535483870967742,1.61
pygosdt_v1,1,ta_monk_1,124,11,0.005,0.19483870967741934,13,18,0.04171054204925895,0.043,optimal,1507,9,0.19483870967741937,0.19483870967741937,1.61
pygosdt_v1,1,ta_iris,150,4,0.1,0.66,69,2,0.23080266697797924,0.232,optimal,5757,83,0.66,0.66,1.61
pygosdt_v1,1,ta_iris,150,4,0.05,0.5,45,4,8.406476582982577,8.413,optimal,196336,83,0.5,0.5,1.61
pygosdt_v1,1,ta_iris,150,4,0.02,0.42,45,6,30.0,30.017,time,665600,83,0.09333333333333334,0.42,1.61
pygosdt_v1,1,ta_iris,150,4,0.01,0.32666666666666666,34,10,30.0,30.012,time,636864,83,0.07333333333333333,0.32666666666666666,1.61
pygosdt_v1,1,ta_iris,150,4,0.005,0.2316666666666667,16,25,30.0,30.016,time,638208,83,0.06333333333333334,0.26000000000000006,1.61
pygosdt_v1,1,ta_monk_2,169,11,0.1,0.47869822485207103,64,1,0.0001760829472914338,0.001,optimal,4,10,0.47869822485207103,0.47869822485207103,1.61
pygosdt_v1,1,ta_monk_2,169,11,0.05,0.428698224852071,64,1,0.001311417086981237,0.002,optimal,45,10,0.428698224852071,0.428698224852071,1.61
pygosdt_v1,1,ta_monk_2,169,11,0.02,0.3603550295857988,44,5,0.018150583957321942,0.019,optimal,674,10,0.3603550295857988,0.3603550295857988,1.61
pygosdt_v1,1,ta_monk_2,169,11,0.01,0.3007692307692308,39,7,0.0508462080033496,0.052,optimal,1771,10,0.30076923076923073,0.30076923076923073,1.61
pygosdt_v1,1,ta_monk_2,169,11,0.005,0.2602662721893491,33,13,0.09809354203753173,0.099,optimal,3427,10,0.26026627218934917,0.26026627218934917,1.61
pygosdt_v1,1,ta_tic-tac-toe,958,9,0.1,0.4496868475991649,335,1,0.0008570000063627958,0.003,optimal,23,27,0.4496868475991649,0.4496868475991649,1.61
pygosdt_v1,1,ta_tic-tac-toe,958,9,0.05,0.35782881002087685,247,2,0.012804833007976413,0.014,optimal,371,27,0.35782881002087685,0.35782881002087685,1.61
pygosdt_v1,1,ta_tic-tac-toe,958,9,0.02,0.28651356993736954,217,3,2.3414307499770075,2.346,optimal,61622,27,0.2865135699373695,0.2865135699373695,1.61
pygosdt_v1,1,ta_tic-tac-toe,958,9,0.01,0.27782881002087684,247,2,30.0,30.028,time,734976,27,0.08576200417536534,0.2778288100208768,1.61
pygosdt_v1,1,ta_tic-tac-toe,958,9,0.005,0.25986430062630483,225,5,30.0,30.025,time,748352,27,0.07576200417536533,0.2598643006263048,1.61
pygosdt_v1,1,ta_gaussian_1k,1000,1,0.1,0.4,300,1,0.010671125026419759,0.049,optimal,99,920,0.4,0.4,1.61
pygosdt_v1,1,ta_gaussian_1k,1000,1,0.05,0.35,300,1,4.859450874966569,4.9,optimal,48763,920,0.35,0.35,1.61
pygosdt_v1,1,ta_gaussian_1k,1000,1,0.02,0.32,300,1,30.0,30.053,time,212608,920,0.068,0.32,1.61
pygosdt_v1,1,ta_gaussian_1k,1000,1,0.01,0.307,287,2,30.0,30.06,time,246656,920,0.048,0.30700000000000005,1.61
pygosdt_v1,1,ta_gaussian_1k,1000,1,0.005,0.297,287,2,30.0,30.059,time,268288,920,0.038,0.29700000000000004,1.61
pygosdt_v1,1,ta_fico_1k,1000,23,0.1,0.42200000000000004,222,2,1.2235602920409292,1.237,optimal,9692,1237,0.422,0.422,1.61
pygosdt_v1,1,ta_fico_1k,1000,23,0.05,0.322,222,2,30.0,30.026,time,238400,1237,0.1,0.322,1.61
pygosdt_v1,1,ta_fico_1k,1000,23,0.02,0.262,222,2,30.0,30.031,time,241728,1237,0.04,0.262,1.61
pygosdt_v1,1,ta_fico_1k,1000,23,0.01,0.242,222,2,30.0,30.031,time,250752,1237,0.02,0.242,1.61
pygosdt_v1,1,ta_fico_1k,1000,23,0.005,0.232,222,2,30.0,30.035,time,257344,1237,0.01,0.23199999999999998,1.61
pygosdt_v1,1,ta_sine_1k,1000,1,0.1,0.5529999999999999,353,2,0.548296874971129,0.584,optimal,6165,876,0.553,0.553,1.61
pygosdt_v1,1,ta_sine_1k,1000,1,0.05,0.45299999999999996,353,2,21.750382749945857,21.791,optimal,169926,876,0.453,0.453,1.61
pygosdt_v1,1,ta_sine_1k,1000,1,0.02,0.39299999999999996,353,2,30.0,30.049,time,228800,876,0.097,0.393,1.61
pygosdt_v1,1,ta_sine_1k,1000,1,0.01,0.373,353,2,30.0,30.048,time,227456,876,0.077,0.373,1.61
pygosdt_v1,1,ta_sine_1k,1000,1,0.005,0.363,353,2,30.0,30.058,time,222976,876,0.067,0.363,1.61
pygosdt_v1,1,ta_car_evaluation,1728,15,0.1,0.3997685185185186,518,1,7.049995474517345e-05,0.002,optimal,1,14,0.39976851851851847,0.39976851851851847,1.61
pygosdt_v1,1,ta_car_evaluation,1728,15,0.05,0.34976851851851853,518,1,0.0005017080111429095,0.003,optimal,16,14,0.3497685185185185,0.3497685185185185,1.61
pygosdt_v1,1,ta_car_evaluation,1728,15,0.02,0.3047916666666667,423,3,0.008965541026555002,0.011,optimal,311,14,0.3047916666666667,0.3047916666666667,1.61
pygosdt_v1,1,ta_car_evaluation,1728,15,0.01,0.27479166666666666,423,3,0.09912904200609773,0.101,optimal,3152,14,0.27479166666666666,0.27479166666666666,1.61
pygosdt_v1,1,ta_car_evaluation,1728,15,0.005,0.2570601851851852,401,5,0.6954359170049429,0.699,optimal,21907,14,0.25706018518518514,0.25706018518518514,1.61
pygosdt_v1,1,ta_coupon_bar,1913,14,0.1,0.4645060115002614,506,2,0.00013250007759779692,0.003,optimal,2,14,0.4645060115002614,0.4645060115002614,1.61
pygosdt_v1,1,ta_coupon_bar,1913,14,0.05,0.3645060115002614,506,2,0.0006142080528661609,0.003,optimal,19,14,0.36450601150026135,0.36450601150026135,1.61
pygosdt_v1,1,ta_coupon_bar,1913,14,0.02,0.29523261892315733,450,3,0.023087041918188334,0.025,optimal,820,14,0.29523261892315733,0.29523261892315733,1.61
pygosdt_v1,1,ta_coupon_bar,1913,14,0.01,0.25334553058024045,389,5,0.24252929200883955,0.245,optimal,7830,14,0.25334553058024045,0.25334553058024045,1.61
pygosdt_v1,1,ta_coupon_bar,1913,14,0.005,0.2263225300575013,366,7,1.02082924998831,1.025,optimal,31683,14,0.22632253005750128,0.22632253005750128,1.61
pygosdt_v1,1,ta_compas_binned,6907,12,0.1,0.5240191110467642,2238,2,9.1583002358675e-05,0.007,optimal,1,12,0.5240191110467641,0.5240191110467641,1.61
pygosdt_v1,1,ta_compas_binned,6907,12,0.05,0.42401911104676415,2238,2,7.624994032084942e-05,0.006,optimal,1,12,0.42401911104676415,0.42401911104676415,1.61
pygosdt_v1,1,ta_compas_binned,6907,12,0.02,0.36401911104676415,2238,2,0.0005401670932769775,0.007,optimal,14,12,0.3640191110467641,0.3640191110467641,1.61
pygosdt_v1,1,ta_compas_binned,6907,12,0.01,0.3440191110467642,2238,2,0.011300417012535036,0.018,optimal,343,12,0.34401911104676414,0.34401911104676414,1.61
pygosdt_v1,1,ta_compas_binned,6907,12,0.005,0.33005284493991605,2107,5,0.09181870904285461,0.098,optimal,2687,12,0.330052844939916,0.330052844939916,1.61
pygosdt_v1,1,ta_fico_binary,10459,17,0.1,0.5440099435892534,3598,2,0.00028300005942583084,0.013,optimal,6,16,0.5440099435892534,0.5440099435892534,1.61
pygosdt_v1,1,ta_fico_binary,10459,17,0.05,0.4310020078401377,2939,3,0.0007624579593539238,0.013,optimal,20,16,0.43100200784013776,0.43100200784013776,1.61
pygosdt_v1,1,ta_fico_binary,10459,17,0.02,0.3410020078401377,2939,3,0.003474124940112233,0.016,optimal,96,16,0.3410020078401377,0.3410020078401377,1.61
pygosdt_v1,1,ta_fico_binary,10459,17,0.01,0.3087637441437996,2811,4,0.04931183403823525,0.062,optimal,1257,16,0.3087637441437996,0.3087637441437996,1.61
pygosdt_v1,1,ta_fico_binary,10459,17,0.005,0.28515871498231193,2721,5,0.40376483311410993,0.418,optimal,9997,16,0.2851587149823119,0.2851587149823119,1.61
pygosdt_v1,1,ta_compas_processed,12381,22,0.1,0.40999111541878686,3838,1,0.18463862501084805,0.301,optimal,1369,625,0.40999111541878686,0.40999111541878686,1.61
pygosdt_v1,1,ta_compas_processed,12381,22,0.05,0.33576447782893143,2919,2,30.0,30.184,time,214016,625,0.10008076892011954,0.33576447782893143,1.61
pygosdt_v1,1,ta_compas_processed,12381,22,0.02,0.27576447782893143,2919,2,30.0,30.185,time,214720,625,0.04008076892011954,0.27576447782893143,1.61
pygosdt_v1,1,ta_compas_processed,12381,22,0.01,0.2557644778289314,2919,2,30.0,30.179,time,218880,625,0.02008076892011954,0.2557644778289314,1.61
pygosdt_v1,1,ta_compas_processed,12381,22,0.005,0.24527219126080285,2851,3,30.0,30.187,time,228416,625,0.010080768920119538,0.24527219126080282,1.61
streed,1,ta_chudi,77,2,0.1,0.4857142857142857,22,2,0.018089207937009633,0.407,optimal,,32,,,1.97
streed,1,ta_chudi,77,2,0.05,0.3857142857142857,22,2,0.007918459014035761,0.008,optimal,,32,,,1.97
streed,1,ta_chudi,77,2,0.02,0.3067532467532468,19,3,0.5976710839895532,0.598,optimal,,32,,,1.97
streed,1,ta_chudi,77,2,0.01,0.26883116883116887,13,10,30.0,30.011,time,,32,,,1.97
streed,1,ta_chudi,77,2,0.005,0.20987012987012987,10,16,30.0,30.065,time,,32,,,1.97
streed,1,ta_monk_3,122,11,0.1,0.5278688524590164,40,2,0.0024282910162582994,0.057,optimal,,9,,,1.97
streed,1,ta_monk_3,122,11,0.05,0.4278688524590164,40,2,0.0021185840014368296,0.003,optimal,,9,,,1.97
streed,1,ta_monk_3,122,11,0.02,0.36327868852459017,37,3,0.042476249975152314,0.043,optimal,,9,,,1.97
streed,1,ta_monk_3,122,11,0.01,0.3286885245901639,34,5,0.5255109999561682,0.527,optimal,,9,,,1.97
streed,1,ta_monk_3,122,11,0.005,0.28770491803278686,29,10,0.27451050002127886,0.276,optimal,,9,,,1.97
streed,1,ta_monk_1,124,11,0.1,0.48225806451612907,35,2,0.0022239580284804106,0.003,optimal,,9,,,1.97
streed,1,ta_monk_1,124,11,0.05,0.3822580645161291,35,2,0.002201208029873669,0.003,optimal,,9,,,1.97
streed,1,ta_monk_1,124,11,0.02,0.3096774193548387,26,5,0.009556750068441033,0.011,optimal,,9,,,1.97
streed,1,ta_monk_1,124,11,0.01,0.2535483870967742,24,6,0.2460931669920683,0.247,optimal,,9,,,1.97
streed,1,ta_monk_1,124,11,0.005,0.19483870967741934,13,18,0.2394397919997573,0.241,optimal,,9,,,1.97
streed,1,ta_iris,150,4,0.1,0.66,69,2,0.5743709579110146,0.575,optimal,,83,,,1.97
streed,1,ta_iris,150,4,0.05,0.5,45,4,30.0,30.016,time,,83,,,1.97
streed,1,ta_iris,150,4,0.02,0.3666666666666667,31,8,30.0,30.609,time,,83,,,1.97
streed,1,ta_iris,150,4,0.01,0.28,27,10,30.0,30.498,time,,83,,,1.97
streed,1,ta_iris,150,4,0.005,0.18833333333333335,14,19,30.0,30.697,time,,83,,,1.97
streed,1,ta_monk_2,169,11,0.1,0.47869822485207103,64,1,0.0025284580187872052,0.748,optimal,,10,,,1.97
streed,1,ta_monk_2,169,11,0.05,0.428698224852071,64,1,0.002672625007107854,0.003,optimal,,10,,,1.97
streed,1,ta_monk_2,169,11,0.02,0.3603550295857988,44,5,0.049664166988804936,0.051,optimal,,10,,,1.97
streed,1,ta_monk_2,169,11,0.01,0.3007692307692308,39,7,0.32644474995322526,0.328,optimal,,10,,,1.97
streed,1,ta_monk_2,169,11,0.005,0.2602662721893491,33,13,3.552987291943282,3.557,optimal,,10,,,1.97
streed,1,ta_tic-tac-toe,958,9,0.1,0.4496868475991649,335,1,0.006461250013671815,0.156,optimal,,27,,,1.97
streed,1,ta_tic-tac-toe,958,9,0.05,0.35782881002087685,247,2,0.01569845899939537,0.017,optimal,,27,,,1.97
streed,1,ta_tic-tac-toe,958,9,0.02,0.28651356993736954,217,3,11.470303250011057,11.472,optimal,,27,,,1.97
streed,1,ta_tic-tac-toe,958,9,0.01,0.2565135699373695,217,3,30.0,30.132,time,,27,,,1.97
streed,1,ta_tic-tac-toe,958,9,0.005,0.2276722338204593,175,9,30.0,30.191,time,,27,,,1.97
streed,1,ta_gaussian_1k,1000,1,0.1,0.4,300,1,0.1210164160002023,0.369,optimal,,920,,,1.97
streed,1,ta_gaussian_1k,1000,1,0.05,0.35,300,1,30.0,30.094,time,,920,,,1.97
streed,1,ta_gaussian_1k,1000,1,0.02,0.32,300,1,30.0,30.096,time,,920,,,1.97
streed,1,ta_gaussian_1k,1000,1,0.01,0.307,287,2,30.0,30.094,time,,920,,,1.97
streed,1,ta_gaussian_1k,1000,1,0.005,0.297,287,2,30.0,30.093,time,,920,,,1.97
streed,1,ta_fico_1k,1000,23,0.1,0.42200000000000004,222,2,11.170660375035368,11.181,optimal,,1237,,,1.97
streed,1,ta_fico_1k,1000,23,0.05,0.322,222,2,30.0,30.152,time,,1237,,,1.97
streed,1,ta_fico_1k,1000,23,0.02,0.262,222,2,30.0,30.164,time,,1237,,,1.97
streed,1,ta_fico_1k,1000,23,0.01,0.22299999999999998,173,5,30.0,30.184,time,,1237,,,1.97
streed,1,ta_fico_1k,1000,23,0.005,0.197,157,8,30.0,30.167,time,,1237,,,1.97
streed,1,ta_sine_1k,1000,1,0.1,0.5529999999999999,353,2,1.3717220419785008,1.377,optimal,,876,,,1.97
streed,1,ta_sine_1k,1000,1,0.05,0.45299999999999996,353,2,30.0,30.087,time,,876,,,1.97
streed,1,ta_sine_1k,1000,1,0.02,0.39299999999999996,353,2,30.0,30.103,time,,876,,,1.97
streed,1,ta_sine_1k,1000,1,0.01,0.373,353,2,30.0,30.089,time,,876,,,1.97
streed,1,ta_sine_1k,1000,1,0.005,0.36300000000000004,343,4,30.0,30.09,time,,876,,,1.97
streed,1,ta_car_evaluation,1728,15,0.1,0.3997685185185186,518,1,0.0037599160568788648,0.007,optimal,,14,,,1.97
streed,1,ta_car_evaluation,1728,15,0.05,0.34976851851851853,518,1,0.004309249925427139,0.005,optimal,,14,,,1.97
streed,1,ta_car_evaluation,1728,15,0.02,0.3047916666666667,423,3,0.03831991704646498,0.04,optimal,,14,,,1.97
streed,1,ta_car_evaluation,1728,15,0.01,0.27479166666666666,423,3,0.6033598750364035,0.605,optimal,,14,,,1.97
streed,1,ta_car_evaluation,1728,15,0.005,0.2570601851851852,401,5,10.464453540975228,10.47,optimal,,14,,,1.97
streed,1,ta_coupon_bar,1913,14,0.1,0.4645060115002614,506,2,0.005154166021384299,0.286,optimal,,14,,,1.97
streed,1,ta_coupon_bar,1913,14,0.05,0.3645060115002614,506,2,0.005949000013060868,0.007,optimal,,14,,,1.97
streed,1,ta_coupon_bar,1913,14,0.02,0.29523261892315733,450,3,0.05355912505183369,0.055,optimal,,14,,,1.97
streed,1,ta_coupon_bar,1913,14,0.01,0.25334553058024045,389,5,0.7289185840636492,0.731,optimal,,14,,,1.97
streed,1,ta_coupon_bar,1913,14,0.005,0.2263225300575013,366,7,10.100098417024128,10.11,optimal,,14,,,1.97
streed,1,ta_compas_binned,6907,12,0.1,0.5240191110467642,2238,2,0.00986900005955249,0.345,optimal,,12,,,1.97
streed,1,ta_compas_binned,6907,12,0.05,0.42401911104676415,2238,2,0.005317125003784895,0.007,optimal,,12,,,1.97
streed,1,ta_compas_binned,6907,12,0.02,0.36401911104676415,2238,2,0.06208354199770838,0.064,optimal,,12,,,1.97
streed,1,ta_compas_binned,6907,12,0.01,0.3440191110467642,2238,2,0.48413316591177136,0.486,optimal,,12,,,1.97
streed,1,ta_compas_binned,6907,12,0.005,0.33005284493991605,2107,5,0.9506987920030951,0.955,optimal,,12,,,1.97
streed,1,ta_fico_binary,10459,17,0.1,0.5440099435892534,3598,2,0.00716595898848027,0.013,optimal,,16,,,1.97
streed,1,ta_fico_binary,10459,17,0.05,0.4310020078401377,2939,3,0.010727459099143744,0.013,optimal,,16,,,1.97
streed,1,ta_fico_binary,10459,17,0.02,0.3410020078401377,2939,3,0.04695037507917732,0.05,optimal,,16,,,1.97
streed,1,ta_fico_binary,10459,17,0.01,0.3087637441437996,2811,4,1.1757758340099826,1.179,optimal,,16,,,1.97
streed,1,ta_fico_binary,10459,17,0.005,0.28515871498231193,2721,5,5.144348166999407,5.149,optimal,,16,,,1.97
streed,1,ta_compas_processed,12381,22,0.1,0.40999111541878686,3838,1,5.557429500040598,5.604,optimal,,625,,,1.97
streed,1,ta_compas_processed,12381,22,0.05,0.33576447782893143,2919,2,30.0,30.492,time,,625,,,1.97
streed,1,ta_compas_processed,12381,22,0.02,0.27576447782893143,2919,2,30.0,30.517,time,,625,,,1.97
streed,1,ta_compas_processed,12381,22,0.01,0.2557644778289314,2919,2,30.0,31.103,time,,625,,,1.97
streed,1,ta_compas_processed,12381,22,0.005,0.24527219126080285,2851,3,30.0,30.492,time,,625,,,1.97
gosdt_guesses,1,ta_chudi,77,2,0.1,0.4857142857142857,22,2,0.0,1.146,optimal,53,32,0.48571428656578064,0.48571428656578064,4.92
gosdt_guesses,1,ta_chudi,77,2,0.05,0.3857142857142857,22,2,0.01,0.831,optimal,2270,32,0.3857142925262451,0.3857142925262451,4.92
gosdt_guesses,1,ta_chudi,77,2,0.02,0.3067532467532468,19,3,0.515,1.371,optimal,109791,32,0.3067532181739807,0.3067532181739807,4.92
gosdt_guesses,1,ta_chudi,77,2,0.01,0.26883116883116887,13,10,0.652,1.675,optimal,118150,32,0.26883113384246826,0.26883113384246826,4.92
gosdt_guesses,1,ta_chudi,77,2,0.005,0.20987012987012987,10,16,0.658,1.674,optimal,128216,32,0.2098701149225235,0.2098701149225235,4.92
gosdt_guesses,1,ta_monk_3,122,11,0.1,0.5278688524590164,40,2,0.0,0.838,optimal,0,9,0.5278688669204712,0.5278688669204712,4.92
gosdt_guesses,1,ta_monk_3,122,11,0.05,0.4278688524590164,40,2,0.0,0.828,optimal,11,9,0.4278688430786133,0.4278688430786133,4.92
gosdt_guesses,1,ta_monk_3,122,11,0.02,0.36327868852459017,37,3,0.0,0.831,optimal,235,9,0.36327868700027466,0.36327868700027466,4.92
gosdt_guesses,1,ta_monk_3,122,11,0.01,0.3286885245901639,34,5,0.001,0.83,optimal,817,9,0.32868847250938416,0.32868847250938416,4.92
gosdt_guesses,1,ta_monk_3,122,11,0.005,0.28770491803278686,29,10,0.003,0.836,optimal,1543,9,0.2877048850059509,0.2877048850059509,4.92
gosdt_guesses,1,ta_monk_1,124,11,0.1,0.48225806451612907,35,2,0.0,0.826,optimal,9,9,0.48225805163383484,0.48225805163383484,4.92
gosdt_guesses,1,ta_monk_1,124,11,0.05,0.3822580645161291,35,2,0.0,0.834,optimal,100,9,0.3822580575942993,0.3822580575942993,4.92
gosdt_guesses,1,ta_monk_1,124,11,0.02,0.3096774193548387,26,5,0.004,0.829,optimal,2016,9,0.3096774220466614,0.3096774220466614,4.92
gosdt_guesses,1,ta_monk_1,124,11,0.01,0.2535483870967742,24,6,0.012,0.829,optimal,5882,9,0.25354838371276855,0.25354838371276855,4.92
gosdt_guesses,1,ta_monk_1,124,11,0.005,0.19483870967741934,13,18,0.024,0.823,optimal,10758,9,0.19483870267868042,0.19483870267868042,4.92
gosdt_guesses,1,ta_iris,150,4,0.1,0.66,69,2,1.169,2.213,optimal,75895,83,0.6599999666213989,0.6599999666213989,4.92
gosdt_guesses,1,ta_iris,150,4,0.05,0.5366666666666666,58,3,30.0,31.983,time,709999,83,0.20333333313465118,0.5600000023841858,4.92
gosdt_guesses,1,ta_iris,150,4,0.02,0.44666666666666666,58,3,30.0,32.573,time,719999,83,0.1133333295583725,0.5,4.92
gosdt_guesses,1,ta_iris,150,4,0.01,0.41333333333333333,56,4,30.0,32.397,time,769999,83,0.0833333358168602,0.47999998927116394,4.92
gosdt_guesses,1,ta_iris,150,4,0.005,0.39333333333333337,56,4,30.0,32.63,time,799999,83,0.06833333522081375,0.4699999988079071,4.92
gosdt_guesses,1,ta_monk_2,169,11,0.1,0.47869822485207103,64,1,0.0,1.056,optimal,7,10,0.4786982238292694,0.4786982238292694,4.92
gosdt_guesses,1,ta_monk_2,169,11,0.05,0.428698224852071,64,1,0.0,0.785,optimal,144,10,0.42869824171066284,0.42869824171066284,4.92
gosdt_guesses,1,ta_monk_2,169,11,0.02,0.3603550295857988,44,5,0.009,0.788,optimal,4250,10,0.360355019569397,0.360355019569397,4.92
gosdt_guesses,1,ta_monk_2,169,11,0.01,0.3007692307692308,39,7,0.031,0.787,optimal,13040,10,0.30076923966407776,0.30076923966407776,4.92
gosdt_guesses,1,ta_monk_2,169,11,0.005,0.2602662721893491,33,13,0.079,1.064,optimal,29052,10,0.2602662742137909,0.2602662742137909,4.92
gosdt_guesses,1,ta_tic-tac-toe,958,9,0.1,0.4496868475991649,335,1,0.0,0.796,optimal,45,27,0.44968685507774353,0.44968685507774353,4.92
gosdt_guesses,1,ta_tic-tac-toe,958,9,0.05,0.35782881002087685,247,2,0.007,0.788,optimal,1459,27,0.3578287959098816,0.3578287959098816,4.92
gosdt_guesses,1,ta_tic-tac-toe,958,9,0.02,0.28651356993736954,217,3,7.89,9.133,optimal,899332,27,0.2865135669708252,0.2865135669708252,4.92
gosdt_guesses,1,ta_tic-tac-toe,958,9,0.01,nan,,,30.0,15.434,memory,,,,,4.92
gosdt_guesses,1,ta_tic-tac-toe,958,9,0.005,nan,,,30.0,12.567,memory,,,,,4.92
gosdt_guesses,1,ta_gaussian_1k,1000,1,0.1,0.4,300,1,0.106,1.053,optimal,863,920,0.4000000059604645,0.4000000059604645,4.92
gosdt_guesses,1,ta_gaussian_1k,1000,1,0.05,nan,,,30.0,12.799,memory,,,,,4.92
gosdt_guesses,1,ta_gaussian_1k,1000,1,0.02,nan,,,30.0,5.504,memory,,,,,4.92
gosdt_guesses,1,ta_gaussian_1k,1000,1,0.01,nan,,,30.0,5.495,memory,,,,,4.92
gosdt_guesses,1,ta_gaussian_1k,1000,1,0.005,nan,,,30.0,5.504,memory,,,,,4.92
gosdt_guesses,1,ta_fico_1k,1000,23,0.1,0.42200000000000004,222,2,12.122,13.034,optimal,69751,1237,0.4220000207424164,0.4220000207424164,4.92
gosdt_guesses,1,ta_fico_1k,1000,23,0.05,nan,,,30.0,5.766,memory,,,,,4.92
gosdt_guesses,1,ta_fico_1k,1000,23,0.02,nan,,,30.0,5.262,memory,,,,,4.92
gosdt_guesses,1,ta_fico_1k,1000,23,0.01,nan,,,30.0,5.246,memory,,,,,4.92
gosdt_guesses,1,ta_fico_1k,1000,23,0.005,nan,,,30.0,5.238,memory,,,,,4.92
gosdt_guesses,1,ta_sine_1k,1000,1,0.1,0.5529999999999999,353,2,30.0,31.788,time,279999,876,0.3569999933242798,0.5529999732971191,4.92
gosdt_guesses,1,ta_sine_1k,1000,1,0.05,nan,,,30.0,10.721,memory,,,,,4.92
gosdt_guesses,1,ta_sine_1k,1000,1,0.02,nan,,,30.0,6.031,memory,,,,,4.92
gosdt_guesses,1,ta_sine_1k,1000,1,0.01,nan,,,30.0,6.026,memory,,,,,4.92
gosdt_guesses,1,ta_sine_1k,1000,1,0.005,nan,,,30.0,6.018,memory,,,,,4.92
gosdt_guesses,1,ta_car_evaluation,1728,15,0.1,0.3997685185185186,518,1,0.0,0.796,optimal,0,14,0.39976850152015686,0.39976850152015686,4.92
gosdt_guesses,1,ta_car_evaluation,1728,15,0.05,0.34976851851851853,518,1,0.0,0.788,optimal,29,14,0.3497685194015503,0.3497685194015503,4.92
gosdt_guesses,1,ta_car_evaluation,1728,15,0.02,0.3047916666666667,423,3,0.006,0.785,optimal,1490,14,0.304791659116745,0.304791659116745,4.92
gosdt_guesses,1,ta_car_evaluation,1728,15,0.01,0.27479166666666666,423,3,0.113,1.05,optimal,23433,14,0.2747916579246521,0.2747916579246521,4.92
gosdt_guesses,1,ta_car_evaluation,1728,15,0.005,0.2570601851851852,401,5,1.044,2.093,optimal,178666,14,0.2570601999759674,0.2570601999759674,4.92
gosdt_guesses,1,ta_coupon_bar,1913,14,0.1,0.4645060115002614,506,2,0.0,0.788,optimal,3,14,0.46450603008270264,0.46450603008270264,4.92
gosdt_guesses,1,ta_coupon_bar,1913,14,0.05,0.3645060115002614,506,2,0.0,0.789,optimal,29,14,0.3645060062408447,0.3645060062408447,4.92
gosdt_guesses,1,ta_coupon_bar,1913,14,0.02,0.29523261892315733,450,3,0.021,0.789,optimal,4631,14,0.2952325940132141,0.2952325940132141,4.92
gosdt_guesses,1,ta_coupon_bar,1913,14,0.01,0.25334553058024045,389,5,0.259,1.049,optimal,50501,14,0.2533455193042755,0.2533455193042755,4.92
gosdt_guesses,1,ta_coupon_bar,1913,14,0.005,0.2263225300575013,366,7,1.442,2.354,optimal,236767,14,0.2263225018978119,0.2263225018978119,4.92
gosdt_guesses,1,ta_compas_binned,6907,12,0.1,0.5240191110467642,2238,2,0.0,0.791,optimal,0,12,0.5240191221237183,0.5240191221237183,4.92
gosdt_guesses,1,ta_compas_binned,6907,12,0.05,0.42401911104676415,2238,2,0.0,0.786,optimal,0,12,0.42401909828186035,0.42401909828186035,4.92
gosdt_guesses,1,ta_compas_binned,6907,12,0.02,0.36401911104676415,2238,2,0.0,0.787,optimal,25,12,0.36401909589767456,0.36401909589767456,4.92
gosdt_guesses,1,ta_compas_binned,6907,12,0.01,0.3440191110467642,2238,2,0.022,0.789,optimal,1938,12,0.3440191149711609,0.3440191149711609,4.92
gosdt_guesses,1,ta_compas_binned,6907,12,0.005,0.33005284493991605,2107,5,0.223,1.052,optimal,21187,12,0.33005282282829285,0.33005282282829285,4.92
gosdt_guesses,1,ta_fico_binary,10459,17,0.1,0.5440099435892534,3598,2,0.0,0.793,optimal,11,16,0.5440099239349365,0.5440099239349365,4.92
gosdt_guesses,1,ta_fico_binary,10459,17,0.05,0.4310020078401377,2939,3,0.001,0.79,optimal,71,16,0.43100202083587646,0.43100202083587646,4.92
gosdt_guesses,1,ta_fico_binary,10459,17,0.02,0.3410020078401377,2939,3,0.073,1.072,optimal,4372,16,0.3410019874572754,0.3410019874572754,4.92
gosdt_guesses,1,ta_fico_binary,10459,17,0.01,0.3087637441437996,2811,4,1.236,2.104,optimal,76535,16,0.3087637424468994,0.3087637424468994,4.92
gosdt_guesses,1,ta_fico_binary,10459,17,0.005,0.28515871498231193,2721,5,4.219,5.235,optimal,258846,16,0.2851587235927582,0.2851587235927582,4.92
gosdt_guesses,1,ta_compas_processed,12381,22,0.1,0.40999111541878686,3838,1,4.281,5.232,optimal,8819,625,0.4099911153316498,0.4099911153316498,4.92
gosdt_guesses,1,ta_compas_processed,12381,22,0.05,nan,,,30.0,4.709,memory,,,,,4.92
gosdt_guesses,1,ta_compas_processed,12381,22,0.02,nan,,,30.0,4.209,memory,,,,,4.92
gosdt_guesses,1,ta_compas_processed,12381,22,0.01,nan,,,30.0,121.311,time,,,,,4.92
gosdt_guesses,1,ta_compas_processed,12381,22,0.005,nan,,,30.0,1.89,memory,,,,,4.92
gosdt_guesses_guided,1,ta_chudi,77,2,0.1,0.4857142857142857,22,2,0.0,0.803,heuristic,0,10,0.48571428656578064,0.48571428656578064,2.03
gosdt_guesses_guided,1,ta_chudi,77,2,0.05,0.3857142857142857,22,2,0.0,1.057,heuristic,19,10,0.3857142925262451,0.3857142925262451,2.03
gosdt_guesses_guided,1,ta_chudi,77,2,0.02,0.3067532467532468,19,3,0.0,1.341,heuristic,116,10,0.3067532181739807,0.3067532181739807,2.03
gosdt_guesses_guided,1,ta_chudi,77,2,0.01,0.2707792207792208,17,5,0.002,0.789,heuristic,785,10,0.27077922224998474,0.27077922224998474,2.03
gosdt_guesses_guided,1,ta_chudi,77,2,0.005,0.24577922077922076,17,5,0.001,0.784,heuristic,548,10,0.24577921628952026,0.24577921628952026,2.03
gosdt_guesses_guided,1,ta_monk_3,122,11,0.1,0.5278688524590164,40,2,0.0,0.787,heuristic,0,4,0.5278688669204712,0.5278688669204712,2.03
gosdt_guesses_guided,1,ta_monk_3,122,11,0.05,0.4278688524590164,40,2,0.0,0.788,heuristic,0,4,0.4278688430786133,0.4278688430786133,2.03
gosdt_guesses_guided,1,ta_monk_3,122,11,0.02,0.36327868852459017,37,3,0.0,0.791,heuristic,12,4,0.36327868700027466,0.36327868700027466,2.03
gosdt_guesses_guided,1,ta_monk_3,122,11,0.01,0.3332786885245902,37,3,0.0,0.791,heuristic,28,4,0.3332786560058594,0.3332786560058594,2.03
gosdt_guesses_guided,1,ta_monk_3,122,11,0.005,0.31188524590163935,35,5,0.0,0.785,heuristic,54,4,0.31188520789146423,0.31188520789146423,2.03
gosdt_guesses_guided,1,ta_monk_1,124,11,0.1,0.48225806451612907,35,2,0.0,0.787,heuristic,0,4,0.48225805163383484,0.48225805163383484,2.03
gosdt_guesses_guided,1,ta_monk_1,124,11,0.05,0.3822580645161291,35,2,0.0,0.782,heuristic,0,4,0.3822580575942993,0.3822580575942993,2.03
gosdt_guesses_guided,1,ta_monk_1,124,11,0.02,0.32225806451612904,35,2,0.0,0.784,heuristic,27,4,0.3222580552101135,0.3222580552101135,2.03
gosdt_guesses_guided,1,ta_monk_1,124,11,0.01,0.2838709677419355,29,5,0.0,0.786,heuristic,61,4,0.28387096524238586,0.28387096524238586,2.03
gosdt_guesses_guided,1,ta_monk_1,124,11,0.005,0.25887096774193546,29,5,0.0,1.063,heuristic,79,4,0.2588709592819214,0.2588709592819214,2.03
gosdt_guesses_guided,1,ta_iris,150,4,0.1,0.66,69,2,0.0,1.073,heuristic,13,8,0.6599999666213989,0.6599999666213989,2.03
gosdt_guesses_guided,1,ta_iris,150,4,0.05,0.5233333333333334,56,3,0.0,1.076,heuristic,56,8,0.5233333110809326,0.5233333110809326,2.03
gosdt_guesses_guided,1,ta_iris,150,4,0.02,0.42000000000000004,51,4,0.001,1.069,heuristic,547,8,0.41999998688697815,0.41999998688697815,2.03
gosdt_guesses_guided,1,ta_iris,150,4,0.01,0.37666666666666665,49,5,0.002,1.063,heuristic,950,8,0.3766666650772095,0.3766666650772095,2.03
gosdt_guesses_guided,1,ta_iris,150,4,0.005,0.3433333333333333,44,10,0.002,1.061,heuristic,1055,8,0.34333333373069763,0.34333333373069763,2.03
gosdt_guesses_guided,1,ta_monk_2,169,11,0.1,0.47869822485207103,64,1,0.0,0.794,heuristic,0,6,0.4786982238292694,0.4786982238292694,2.03
gosdt_guesses_guided,1,ta_monk_2,169,11,0.05,0.428698224852071,64,1,0.0,1.073,heuristic,3,6,0.42869824171066284,0.42869824171066284,2.03
gosdt_guesses_guided,1,ta_monk_2,169,11,0.02,0.36994082840236686,49,4,0.0,1.068,heuristic,55,6,0.3699408173561096,0.3699408173561096,2.03
gosdt_guesses_guided,1,ta_monk_2,169,11,0.01,0.3203550295857988,44,6,0.0,0.797,heuristic,207,6,0.32035502791404724,0.32035502791404724,2.03
gosdt_guesses_guided,1,ta_monk_2,169,11,0.005,0.29718934911242606,46,5,0.0,1.063,heuristic,194,6,0.2971893548965454,0.2971893548965454,2.03
gosdt_guesses_guided,1,ta_tic-tac-toe,958,9,0.1,0.4496868475991649,335,1,0.0,1.07,heuristic,0,9,0.44968685507774353,0.44968685507774353,2.03
gosdt_guesses_guided,1,ta_tic-tac-toe,958,9,0.05,0.35782881002087685,247,2,0.0,1.075,heuristic,0,9,0.3578287959098816,0.3578287959098816,2.03
gosdt_guesses_guided,1,ta_tic-tac-toe,958,9,0.02,0.28651356993736954,217,3,0.0,1.066,heuristic,17,9,0.2865135669708252,0.2865135669708252,2.03
gosdt_guesses_guided,1,ta_tic-tac-toe,958,9,0.01,0.2565135699373695,217,3,0.0,1.069,heuristic,69,9,0.2565135955810547,0.2565135955810547,2.03
gosdt_guesses_guided,1,ta_tic-tac-toe,958,9,0.005,0.23816283924843423,209,4,0.0,1.054,heuristic,180,9,0.2381628453731537,0.2381628453731537,2.03
gosdt_guesses_guided,1,ta_gaussian_1k,1000,1,0.1,0.4,300,1,0.0,1.049,heuristic,0,2,0.4000000059604645,0.4000000059604645,2.03
gosdt_guesses_guided,1,ta_gaussian_1k,1000,1,0.05,0.35,300,1,0.0,1.053,heuristic,0,2,0.3500000238418579,0.3500000238418579,2.03
gosdt_guesses_guided,1,ta_gaussian_1k,1000,1,0.02,0.32,300,1,0.0,1.062,heuristic,0,2,0.320000022649765,0.320000022649765,2.03
gosdt_guesses_guided,1,ta_gaussian_1k,1000,1,0.01,0.307,287,2,0.0,1.055,heuristic,0,2,0.3070000112056732,0.3070000112056732,2.03
gosdt_guesses_guided,1,ta_gaussian_1k,1000,1,0.005,0.297,287,2,0.0,1.053,heuristic,0,2,0.2970000207424164,0.2970000207424164,2.03
gosdt_guesses_guided,1,ta_fico_1k,1000,23,0.1,0.42200000000000004,222,2,0.0,1.056,heuristic,0,8,0.4220000207424164,0.4220000207424164,2.03
gosdt_guesses_guided,1,ta_fico_1k,1000,23,0.05,0.322,222,2,0.0,1.052,heuristic,0,8,0.32200002670288086,0.32200002670288086,2.03
gosdt_guesses_guided,1,ta_fico_1k,1000,23,0.02,0.262,222,2,0.0,1.048,heuristic,13,8,0.26200002431869507,0.26200002431869507,2.03
gosdt_guesses_guided,1,ta_fico_1k,1000,23,0.01,0.234,194,4,0.0,1.052,heuristic,228,8,0.23399999737739563,0.23399999737739563,2.03
gosdt_guesses_guided,1,ta_fico_1k,1000,23,0.005,0.214,184,6,0.001,1.048,heuristic,557,8,0.21400000154972076,0.21400000154972076,2.03
gosdt_guesses_guided,1,ta_sine_1k,1000,1,0.1,0.5529999999999999,353,2,0.0,1.05,heuristic,0,2,0.5530000329017639,0.5530000329017639,2.03
gosdt_guesses_guided,1,ta_sine_1k,1000,1,0.05,0.45299999999999996,353,2,0.0,1.054,heuristic,0,2,0.453000009059906,0.453000009059906,2.03
gosdt_guesses_guided,1,ta_sine_1k,1000,1,0.02,0.39299999999999996,353,2,0.0,1.057,heuristic,0,2,0.3930000066757202,0.3930000066757202,2.03
gosdt_guesses_guided,1,ta_sine_1k,1000,1,0.01,0.373,353,2,0.0,1.05,heuristic,0,2,0.37300002574920654,0.37300002574920654,2.03
gosdt_guesses_guided,1,ta_sine_1k,1000,1,0.005,0.363,353,2,0.0,1.054,heuristic,0,2,0.3630000352859497,0.3630000352859497,2.03
gosdt_guesses_guided,1,ta_car_evaluation,1728,15,0.1,0.3997685185185186,518,1,0.0,1.07,heuristic,0,10,0.39976850152015686,0.39976850152015686,2.03
gosdt_guesses_guided,1,ta_car_evaluation,1728,15,0.05,0.34976851851851853,518,1,0.0,1.07,heuristic,0,10,0.3497685194015503,0.3497685194015503,2.03
gosdt_guesses_guided,1,ta_car_evaluation,1728,15,0.02,0.3047916666666667,423,3,0.0,1.056,heuristic,13,10,0.304791659116745,0.304791659116745,2.03
gosdt_guesses_guided,1,ta_car_evaluation,1728,15,0.01,0.27479166666666666,423,3,0.0,0.79,heuristic,39,10,0.2747916579246521,0.2747916579246521,2.03
gosdt_guesses_guided,1,ta_car_evaluation,1728,15,0.005,0.2590046296296296,413,4,0.003,0.79,heuristic,805,10,0.2590046525001526,0.2590046525001526,2.03
gosdt_guesses_guided,1,ta_coupon_bar,1913,14,0.1,0.4645060115002614,506,2,0.0,0.789,heuristic,0,6,0.46450603008270264,0.46450603008270264,2.03
gosdt_guesses_guided,1,ta_coupon_bar,1913,14,0.05,0.3645060115002614,506,2,0.0,0.789,heuristic,0,6,0.3645060062408447,0.3645060062408447,2.03
gosdt_guesses_guided,1,ta_coupon_bar,1913,14,0.02,0.29523261892315733,450,3,0.0,0.789,heuristic,25,6,0.2952325940132141,0.2952325940132141,2.03
gosdt_guesses_guided,1,ta_coupon_bar,1913,14,0.01,0.2652326189231573,450,3,0.0,0.793,heuristic,87,6,0.2652326226234436,0.2652326226234436,2.03
gosdt_guesses_guided,1,ta_coupon_bar,1913,14,0.005,0.24507318348144275,421,5,0.0,1.059,heuristic,271,6,0.24507319927215576,0.24507319927215576,2.03
gosdt_guesses_guided,1,ta_compas_binned,6907,12,0.1,0.5240191110467642,2238,2,0.0,1.068,heuristic,0,2,0.5240191221237183,0.5240191221237183,2.03
gosdt_guesses_guided,1,ta_compas_binned,6907,12,0.05,0.42401911104676415,2238,2,0.0,1.057,heuristic,0,2,0.42401909828186035,0.42401909828186035,2.03
gosdt_guesses_guided,1,ta_compas_binned,6907,12,0.02,0.36401911104676415,2238,2,0.0,1.051,heuristic,0,2,0.36401909589767456,0.36401909589767456,2.03
gosdt_guesses_guided,1,ta_compas_binned,6907,12,0.01,0.3440191110467642,2238,2,0.0,1.048,heuristic,0,2,0.3440191149711609,0.3440191149711609,2.03
gosdt_guesses_guided,1,ta_compas_binned,6907,12,0.005,0.3340191110467642,2238,2,0.0,1.057,heuristic,0,2,0.33401909470558167,0.33401909470558167,2.03
gosdt_guesses_guided,1,ta_fico_binary,10459,17,0.1,0.5440099435892534,3598,2,0.0,1.066,heuristic,0,6,0.5440099239349365,0.5440099239349365,2.03
gosdt_guesses_guided,1,ta_fico_binary,10459,17,0.05,0.4310020078401377,2939,3,0.0,1.056,heuristic,9,6,0.43100202083587646,0.43100202083587646,2.03
gosdt_guesses_guided,1,ta_fico_binary,10459,17,0.02,0.3410020078401377,2939,3,0.0,1.064,heuristic,61,6,0.3410019874572754,0.3410019874572754,2.03
gosdt_guesses_guided,1,ta_fico_binary,10459,17,0.01,0.3087637441437996,2811,4,0.001,1.064,heuristic,115,6,0.3087637424468994,0.3087637424468994,2.03
gosdt_guesses_guided,1,ta_fico_binary,10459,17,0.005,0.28515871498231193,2721,5,0.001,1.057,heuristic,167,6,0.2851587235927582,0.2851587235927582,2.03
gosdt_guesses_guided,1,ta_compas_processed,12381,22,0.1,0.40999111541878686,3838,1,0.0,2.096,heuristic,0,17,0.4099911153316498,0.4099911153316498,2.03
gosdt_guesses_guided,1,ta_compas_processed,12381,22,0.05,0.33576447782893143,2919,2,0.0,2.095,heuristic,0,17,0.33576449751853943,0.33576449751853943,2.03
gosdt_guesses_guided,1,ta_compas_processed,12381,22,0.02,0.27576447782893143,2919,2,0.0,2.095,heuristic,0,17,0.27576446533203125,0.27576446533203125,2.03
gosdt_guesses_guided,1,ta_compas_processed,12381,22,0.01,0.2557644778289314,2919,2,0.0,2.096,heuristic,0,17,0.2557644844055176,0.2557644844055176,2.03
gosdt_guesses_guided,1,ta_compas_processed,12381,22,0.005,0.24527219126080285,2851,3,0.0,2.092,heuristic,7,17,0.2452721893787384,0.2452721893787384,2.03
split,1,ta_chudi,77,2,0.1,0.4857142857142857,22,2,0.009802959044463933,0.804,heuristic,,32,,,2.01
split,1,ta_chudi,77,2,0.05,0.3857142857142857,22,2,0.0077288750326260924,0.788,heuristic,,32,,,2.01
split,1,ta_chudi,77,2,0.02,0.3067532467532468,19,3,0.01088541594799608,0.789,heuristic,,32,,,2.01
split,1,ta_chudi,77,2,0.01,0.27480519480519483,15,8,0.013620542013086379,0.783,heuristic,,32,,,2.01
split,1,ta_chudi,77,2,0.005,0.22584415584415585,12,14,0.014269083039835095,0.789,heuristic,,32,,,2.01
split,1,ta_monk_3,122,11,0.1,0.5278688524590164,40,2,0.006793541950173676,0.789,heuristic,,9,,,2.01
split,1,ta_monk_3,122,11,0.05,0.4278688524590164,40,2,0.006587541080079973,0.789,heuristic,,9,,,2.01
split,1,ta_monk_3,122,11,0.02,0.36327868852459017,37,3,0.006778000039048493,0.789,heuristic,,9,,,2.01
split,1,ta_monk_3,122,11,0.01,0.3286885245901639,34,5,0.006893584039062262,0.792,heuristic,,9,,,2.01
split,1,ta_monk_3,122,11,0.005,0.28770491803278686,29,10,0.007212667027488351,0.786,heuristic,,9,,,2.01
split,1,ta_monk_1,124,11,0.1,0.48225806451612907,35,2,0.006697167060337961,0.788,heuristic,,9,,,2.01
split,1,ta_monk_1,124,11,0.05,0.3822580645161291,35,2,0.006521375034935772,0.791,heuristic,,9,,,2.01
split,1,ta_monk_1,124,11,0.02,0.32193548387096776,30,4,0.007001250050961971,0.79,heuristic,,9,,,2.01
split,1,ta_monk_1,124,11,0.01,0.2535483870967742,24,6,0.007297250092960894,0.792,heuristic,,9,,,2.01
split,1,ta_monk_1,124,11,0.005,0.2082258064516129,19,11,0.0075319589814171195,0.788,heuristic,,9,,,2.01
split,1,ta_iris,150,4,0.1,nan,,,30.0,0.0,unsupported,,,,,2.01
split,1,ta_iris,150,4,0.05,nan,,,30.0,0.0,unsupported,,,,,2.01
split,1,ta_iris,150,4,0.02,nan,,,30.0,0.0,unsupported,,,,,2.01
split,1,ta_iris,150,4,0.01,nan,,,30.0,0.0,unsupported,,,,,2.01
split,1,ta_iris,150,4,0.005,nan,,,30.0,0.0,unsupported,,,,,2.01
split,1,ta_monk_2,169,11,0.1,0.47869822485207103,64,1,0.005956209031865001,0.789,heuristic,,10,,,2.01
split,1,ta_monk_2,169,11,0.05,0.428698224852071,64,1,0.006227666977792978,0.792,heuristic,,10,,,2.01
split,1,ta_monk_2,169,11,0.02,0.3603550295857988,44,5,0.007606959086842835,0.789,heuristic,,10,,,2.01
split,1,ta_monk_2,169,11,0.01,0.3007692307692308,39,7,0.007737125037238002,0.788,heuristic,,10,,,2.01
split,1,ta_monk_2,169,11,0.005,0.2698520710059172,38,9,0.008091083960607648,0.789,heuristic,,10,,,2.01
split,1,ta_tic-tac-toe,958,9,0.1,0.4496868475991649,335,1,0.008642166969366372,0.788,heuristic,,27,,,2.01
split,1,ta_tic-tac-toe,958,9,0.05,0.35782881002087685,247,2,0.00956854096148163,0.791,heuristic,,27,,,2.01
split,1,ta_tic-tac-toe,958,9,0.02,0.28651356993736954,217,3,0.017854166915640235,0.789,heuristic,,27,,,2.01
split,1,ta_tic-tac-toe,958,9,0.01,0.2565135699373695,217,3,0.026505375048145652,0.786,heuristic,,27,,,2.01
split,1,ta_tic-tac-toe,958,9,0.005,0.23041753653444677,192,6,0.02832558297086507,0.783,heuristic,,27,,,2.01
split,1,ta_gaussian_1k,1000,1,0.1,0.4,300,1,0.8305994590045884,1.845,heuristic,,920,,,2.01
split,1,ta_gaussian_1k,1000,1,0.05,0.35,300,1,30.0,32.63,heuristic,,920,,,2.01
split,1,ta_gaussian_1k,1000,1,0.02,0.32,300,1,30.0,33.658,heuristic,,920,,,2.01
split,1,ta_gaussian_1k,1000,1,0.01,0.307,287,2,30.0,32.822,heuristic,,920,,,2.01
split,1,ta_gaussian_1k,1000,1,0.005,0.297,287,2,30.0,32.583,heuristic,,920,,,2.01
split,1,ta_fico_1k,1000,23,0.1,0.42200000000000004,222,2,3.3969806670211256,4.175,heuristic,,1237,,,2.01
split,1,ta_fico_1k,1000,23,0.05,0.322,222,2,3.6632981670554727,4.435,heuristic,,1237,,,2.01
split,1,ta_fico_1k,1000,23,0.02,0.262,222,2,30.0,66.833,heuristic,,1237,,,2.01
split,1,ta_fico_1k,1000,23,0.01,0.243,223,2,30.0,68.391,heuristic,,1237,,,2.01
split,1,ta_fico_1k,1000,23,0.005,nan,,,30.0,51.601,memory,,,,,2.01
split,1,ta_sine_1k,1000,1,0.1,0.5529999999999999,353,2,0.6483877500286326,1.842,heuristic,,876,,,2.01
split,1,ta_sine_1k,1000,1,0.05,0.45299999999999996,353,2,5.834801624994725,6.801,heuristic,,876,,,2.01
split,1,ta_sine_1k,1000,1,0.02,0.39299999999999996,353,2,30.0,39.111,heuristic,,876,,,2.01
split,1,ta_sine_1k,1000,1,0.01,0.373,353,2,30.0,40.39,heuristic,,876,,,2.01
split,1,ta_sine_1k,1000,1,0.005,0.363,353,2,30.0,41.968,heuristic,,876,,,2.01
split,1,ta_car_evaluation,1728,15,0.1,0.3997685185185186,518,1,0.008028790936805308,0.79,heuristic,,14,,,2.01
split,1,ta_car_evaluation,1728,15,0.05,0.34976851851851853,518,1,0.007986749988049269,0.789,heuristic,,14,,,2.01
split,1,ta_car_evaluation,1728,15,0.02,0.3047916666666667,423,3,0.009285165928304195,0.79,heuristic,,14,,,2.01
split,1,ta_car_evaluation,1728,15,0.01,0.27479166666666666,423,3,0.014164875028654933,1.058,heuristic,,14,,,2.01
split,1,ta_car_evaluation,1728,15,0.005,0.2570601851851852,401,5,0.01337895798496902,0.79,heuristic,,14,,,2.01
split,1,ta_coupon_bar,1913,14,0.1,0.4645060115002614,506,2,0.008920875028707087,0.784,heuristic,,14,,,2.01
split,1,ta_coupon_bar,1913,14,0.05,0.3645060115002614,506,2,0.00962687493301928,0.788,heuristic,,14,,,2.01
split,1,ta_coupon_bar,1913,14,0.02,0.29523261892315733,450,3,0.010258625028654933,0.786,heuristic,,14,,,2.01
split,1,ta_coupon_bar,1913,14,0.01,0.26223209618400417,406,5,0.014089000062085688,0.788,heuristic,,14,,,2.01
split,1,ta_coupon_bar,1913,14,0.005,0.2263225300575013,366,7,0.01613841694779694,1.052,heuristic,,14,,,2.01
split,1,ta_compas_binned,6907,12,0.1,0.5240191110467642,2238,2,0.014310584054328501,0.789,heuristic,,12,,,2.01
split,1,ta_compas_binned,6907,12,0.05,0.42401911104676415,2238,2,0.014518459094688296,0.787,heuristic,,12,,,2.01
split,1,ta_compas_binned,6907,12,0.02,0.36401911104676415,2238,2,0.014313249965198338,0.78,heuristic,,12,,,2.01
split,1,ta_compas_binned,6907,12,0.01,0.3440191110467642,2238,2,0.014781750040128827,0.79,heuristic,,12,,,2.01
split,1,ta_compas_binned,6907,12,0.005,0.33005284493991605,2107,5,0.01843704201746732,1.047,heuristic,,12,,,2.01
split,1,ta_fico_binary,10459,17,0.1,0.5440099435892534,3598,2,0.019866166985593736,1.066,heuristic,,16,,,2.01
split,1,ta_fico_binary,10459,17,0.05,0.4310020078401377,2939,3,0.01986883394420147,1.086,heuristic,,16,,,2.01
split,1,ta_fico_binary,10459,17,0.02,0.3410020078401377,2939,3,0.020890000043436885,1.089,heuristic,,16,,,2.01
split,1,ta_fico_binary,10459,17,0.01,0.3087637441437996,2811,4,0.030017417040653527,1.093,heuristic,,16,,,2.01
split,1,ta_fico_binary,10459,17,0.005,0.28515871498231193,2721,5,0.044422083999961615,1.062,heuristic,,16,,,2.01
split,1,ta_compas_processed,12381,22,0.1,0.40999111541878686,3838,1,11.615968375001103,12.549,heuristic,,625,,,2.01
split,1,ta_compas_processed,12381,22,0.05,0.33576447782893143,2919,2,30.0,40.76,heuristic,,625,,,2.01
split,1,ta_compas_processed,12381,22,0.02,nan,,,30.0,11.273,memory,,,,,2.01
split,1,ta_compas_processed,12381,22,0.01,nan,,,30.0,11.275,memory,,,,,2.01
split,1,ta_compas_processed,12381,22,0.005,nan,,,30.0,43.205,memory,,,,,2.01
autoopttree,1,ta_chudi,77,2,0.1,0.4857142857142857,22,2,0.00046862498857080936,3.249,optimal,10,32,0.48571428571428577,0.48571428571428577,2.72
autoopttree,1,ta_chudi,77,2,0.05,0.3857142857142857,22,2,0.0010630000615492463,0.002,optimal,71,32,0.38571428571428573,0.38571428571428573,2.72
autoopttree,1,ta_chudi,77,2,0.02,0.3067532467532468,19,3,0.0280078750802204,0.029,optimal,1374,32,0.3067532467532468,0.3067532467532468,2.72
autoopttree,1,ta_chudi,77,2,0.01,0.26883116883116887,13,10,0.23757395904976875,0.238,optimal,8040,32,0.26883116883116887,0.26883116883116887,2.72
autoopttree,1,ta_chudi,77,2,0.005,0.20987012987012987,10,16,0.2117181660141796,0.212,optimal,7897,32,0.20987012987012987,0.20987012987012987,2.72
autoopttree,1,ta_monk_3,122,11,0.1,0.5278688524590164,40,2,2.6833033189177513e-05,0.001,optimal,1,9,0.5278688524590164,0.5278688524590164,2.72
autoopttree,1,ta_monk_3,122,11,0.05,0.4278688524590164,40,2,8.150003850460052e-05,0.001,optimal,5,9,0.4278688524590164,0.4278688524590164,2.72
autoopttree,1,ta_monk_3,122,11,0.02,0.36327868852459017,37,3,0.0004464999074116349,0.001,optimal,48,9,0.36327868852459017,0.36327868852459017,2.72
autoopttree,1,ta_monk_3,122,11,0.01,0.3286885245901639,34,5,0.0010331249795854092,0.002,optimal,106,9,0.3286885245901639,0.3286885245901639,2.72
autoopttree,1,ta_monk_3,122,11,0.005,0.28770491803278686,29,10,0.0015912079252302647,0.002,optimal,169,9,0.28770491803278686,0.28770491803278686,2.72
autoopttree,1,ta_monk_1,124,11,0.1,0.48225806451612907,35,2,4.76249260827899e-05,0.001,optimal,1,9,0.48225806451612907,0.48225806451612907,2.72
autoopttree,1,ta_monk_1,124,11,0.05,0.3822580645161291,35,2,9.545800276100636e-05,0.001,optimal,3,9,0.38225806451612904,0.38225806451612904,2.72
autoopttree,1,ta_monk_1,124,11,0.02,0.3096774193548387,26,5,0.001840249984525144,0.003,optimal,173,9,0.3096774193548387,0.3096774193548387,2.72
autoopttree,1,ta_monk_1,124,11,0.01,0.2535483870967742,24,6,0.005985750001855195,0.007,optimal,569,9,0.2535483870967742,0.2535483870967742,2.72
autoopttree,1,ta_monk_1,124,11,0.005,0.19483870967741934,13,18,0.011236167047172785,0.012,optimal,1116,9,0.19483870967741934,0.19483870967741934,2.72
autoopttree,1,ta_iris,150,4,0.1,0.66,69,2,0.0051883329870179296,0.006,optimal,276,83,0.6599999999999999,0.6599999999999999,2.72
autoopttree,1,ta_iris,150,4,0.05,0.5,45,4,0.6265689169522375,0.628,optimal,25652,83,0.5,0.5,2.72
autoopttree,1,ta_iris,150,4,0.02,0.3933333333333333,35,8,30.0,30.022,time,884544,83,0.09333333333333334,0.39999999999999997,2.72
autoopttree,1,ta_iris,150,4,0.01,0.29333333333333333,26,12,30.0,30.025,time,870272,83,0.07333333333333333,0.2966666666666667,2.72
autoopttree,1,ta_iris,150,4,0.005,0.22166666666666668,19,19,30.0,30.026,time,829824,83,0.06333333333333334,0.23500000000000004,2.72
autoopttree,1,ta_monk_2,169,11,0.1,0.47869822485207103,64,1,4.7457986511290073e-05,0.001,optimal,1,10,0.47869822485207103,0.47869822485207103,2.72
autoopttree,1,ta_monk_2,169,11,0.05,0.428698224852071,64,1,0.0001865000231191516,0.001,optimal,15,10,0.428698224852071,0.428698224852071,2.72
autoopttree,1,ta_monk_2,169,11,0.02,0.3603550295857988,44,5,0.004211790976114571,0.005,optimal,426,10,0.3603550295857988,0.3603550295857988,2.72
autoopttree,1,ta_monk_2,169,11,0.01,0.3007692307692308,39,7,0.01636045810300857,0.017,optimal,1576,10,0.3007692307692308,0.3007692307692308,2.72
autoopttree,1,ta_monk_2,169,11,0.005,0.2602662721893491,33,13,0.03740200004540384,0.038,optimal,3625,10,0.26026627218934906,0.26026627218934906,2.72
autoopttree,1,ta_tic-tac-toe,958,9,0.1,0.4496868475991649,335,1,0.0001789579400792718,0.002,optimal,9,27,0.4496868475991649,0.4496868475991649,2.72
autoopttree,1,ta_tic-tac-toe,958,9,0.05,0.35782881002087685,247,2,0.0032014999305829406,0.005,optimal,205,27,0.35782881002087685,0.35782881002087685,2.72
autoopttree,1,ta_tic-tac-toe,958,9,0.02,0.28651356993736954,217,3,0.32459299999754876,0.327,optimal,18799,27,0.28651356993736954,0.28651356993736954,2.72
autoopttree,1,ta_tic-tac-toe,958,9,0.01,0.2565135699373695,217,3,12.424298124969937,12.443,optimal,535225,27,0.2565135699373695,0.2565135699373695,2.72
autoopttree,1,ta_tic-tac-toe,958,9,0.005,0.2586012526096033,219,6,30.0,30.03,time,1088128,27,0.07576200417536533,0.2598643006263048,2.72
autoopttree,1,ta_gaussian_1k,1000,1,0.1,0.4,300,1,0.00033095793332904577,0.029,optimal,1,920,0.4,0.4,2.72
autoopttree,1,ta_gaussian_1k,1000,1,0.05,0.35,300,1,0.00042204197961837053,0.029,optimal,1,920,0.35,0.35,2.72
autoopttree,1,ta_gaussian_1k,1000,1,0.02,0.32,300,1,0.00043987506069242954,0.029,optimal,1,920,0.32,0.32,2.72
autoopttree,1,ta_gaussian_1k,1000,1,0.01,0.307,287,2,0.000489333993755281,0.029,optimal,1,920,0.30700000000000005,0.30700000000000005,2.72
autoopttree,1,ta_gaussian_1k,1000,1,0.005,0.297,287,2,0.0005119999404996634,0.029,optimal,1,920,0.29700000000000004,0.29700000000000004,2.72
autoopttree,1,ta_fico_1k,1000,23,0.1,0.42200000000000004,222,2,0.00998004199936986,0.025,optimal,51,1237,0.422,0.422,2.72
autoopttree,1,ta_fico_1k,1000,23,0.05,0.322,222,2,30.0,30.048,time,604480,1237,0.1,0.322,2.72
autoopttree,1,ta_fico_1k,1000,23,0.02,0.262,222,2,30.0,30.044,time,452800,1237,0.04,0.262,2.72
autoopttree,1,ta_fico_1k,1000,23,0.01,0.23600000000000002,196,4,30.0,30.093,time,368512,1237,0.02,0.236,2.72
autoopttree,1,ta_fico_1k,1000,23,0.005,0.216,196,4,30.0,30.055,time,412416,1237,0.01,0.216,2.72
autoopttree,1,ta_sine_1k,1000,1,0.1,0.5529999999999999,353,2,0.0003570419503375888,0.032,optimal,1,876,0.553,0.553,2.72
autoopttree,1,ta_sine_1k,1000,1,0.05,0.45299999999999996,353,2,0.0004138750955462456,0.035,optimal,1,876,0.453,0.453,2.72
autoopttree,1,ta_sine_1k,1000,1,0.02,0.39299999999999996,353,2,0.00046916701830923557,0.032,optimal,1,876,0.393,0.393,2.72
autoopttree,1,ta_sine_1k,1000,1,0.01,0.373,353,2,0.0004729579668492079,0.031,optimal,1,876,0.373,0.373,2.72
autoopttree,1,ta_sine_1k,1000,1,0.005,0.363,353,2,0.00047512492164969444,0.032,optimal,1,876,0.363,0.363,2.72
autoopttree,1,ta_car_evaluation,1728,15,0.1,0.3997685185185186,518,1,2.462498378008604e-05,0.002,optimal,1,14,0.39976851851851847,0.39976851851851847,2.72
autoopttree,1,ta_car_evaluation,1728,15,0.05,0.34976851851851853,518,1,6.574997678399086e-05,0.002,optimal,1,14,0.3497685185185185,0.3497685185185185,2.72
autoopttree,1,ta_car_evaluation,1728,15,0.02,0.3047916666666667,423,3,0.0018412501085549593,0.004,optimal,112,14,0.3047916666666667,0.3047916666666667,2.72
autoopttree,1,ta_car_evaluation,1728,15,0.01,0.27479166666666666,423,3,0.021995041985064745,0.024,optimal,1594,14,0.27479166666666666,0.27479166666666666,2.72
autoopttree,1,ta_car_evaluation,1728,15,0.005,0.2570601851851852,401,5,0.23307329206727445,0.236,optimal,16621,14,0.25706018518518514,0.25706018518518514,2.72
autoopttree,1,ta_coupon_bar,1913,14,0.1,0.4645060115002614,506,2,4.487507976591587e-05,0.004,optimal,2,14,0.4645060115002614,0.4645060115002614,2.72
autoopttree,1,ta_coupon_bar,1913,14,0.05,0.3645060115002614,506,2,8.129107300192118e-05,0.002,optimal,1,14,0.36450601150026135,0.36450601150026135,2.72
autoopttree,1,ta_coupon_bar,1913,14,0.02,0.29523261892315733,450,3,0.0012892079539597034,0.004,optimal,51,14,0.29523261892315733,0.29523261892315733,2.72
autoopttree,1,ta_coupon_bar,1913,14,0.01,0.25334553058024045,389,5,0.013167708995752037,0.016,optimal,664,14,0.25334553058024045,0.25334553058024045,2.72
autoopttree,1,ta_coupon_bar,1913,14,0.005,0.2263225300575013,366,7,0.27307662507519126,0.276,optimal,16637,14,0.22632253005750128,0.22632253005750128,2.72
autoopttree,1,ta_compas_binned,6907,12,0.1,0.5240191110467642,2238,2,4.499999340623617e-05,0.007,optimal,1,12,0.5240191110467641,0.5240191110467641,2.72
autoopttree,1,ta_compas_binned,6907,12,0.05,0.42401911104676415,2238,2,3.2291049137711525e-05,0.007,optimal,1,12,0.42401911104676415,0.42401911104676415,2.72
autoopttree,1,ta_compas_binned,6907,12,0.02,0.36401911104676415,2238,2,0.00017791602294892073,0.007,optimal,14,12,0.3640191110467641,0.3640191110467641,2.72
autoopttree,1,ta_compas_binned,6907,12,0.01,0.3440191110467642,2238,2,0.0012745419517159462,0.008,optimal,120,12,0.34401911104676414,0.34401911104676414,2.72
autoopttree,1,ta_compas_binned,6907,12,0.005,0.33005284493991605,2107,5,0.014429458999074996,0.021,optimal,1358,12,0.330052844939916,0.330052844939916,2.72
autoopttree,1,ta_fico_binary,10459,17,0.1,0.5440099435892534,3598,2,8.074997458606958e-05,0.013,optimal,3,16,0.5440099435892534,0.5440099435892534,2.72
autoopttree,1,ta_fico_binary,10459,17,0.05,0.4310020078401377,2939,3,0.0002509999321773648,0.013,optimal,17,16,0.43100200784013776,0.43100200784013776,2.72
autoopttree,1,ta_fico_binary,10459,17,0.02,0.3410020078401377,2939,3,0.0011159999994561076,0.014,optimal,80,16,0.3410020078401377,0.3410020078401377,2.72
autoopttree,1,ta_fico_binary,10459,17,0.01,0.3087637441437996,2811,4,0.013188958051614463,0.026,optimal,1002,16,0.3087637441437996,0.3087637441437996,2.72
autoopttree,1,ta_fico_binary,10459,17,0.005,0.28515871498231193,2721,5,0.09822987497318536,0.111,optimal,6954,16,0.2851587149823119,0.2851587149823119,2.72
autoopttree,1,ta_compas_processed,12381,22,0.1,0.40999111541878686,3838,1,0.00834329193457961,0.141,optimal,1,625,0.40999111541878686,0.40999111541878686,2.72
autoopttree,1,ta_compas_processed,12381,22,0.05,0.33576447782893143,2919,2,26.95526154199615,27.179,optimal,299346,625,0.33576447782893143,0.33576447782893143,2.72
autoopttree,1,ta_compas_processed,12381,22,0.02,0.27576447782893143,2919,2,30.0,30.33,time,240256,625,0.04008076892011954,0.27576447782893143,2.72
autoopttree,1,ta_compas_processed,12381,22,0.01,0.2557644778289314,2919,2,30.0,30.199,time,216704,625,0.02008076892011954,0.2557644778289314,2.72
autoopttree,1,ta_compas_processed,12381,22,0.005,0.24527219126080285,2851,3,30.0,30.228,time,305600,625,0.010080768920119538,0.24527219126080282,2.72
autoopttree_v40,1,ta_chudi,77,2,0.1,0.4857142857142857,22,2,5.9875077567994595e-05,15.46,optimal,10,32,0.48571428571428577,0.48571428571428577,2.25
autoopttree_v40,1,ta_chudi,77,2,0.05,0.3857142857142857,22,2,0.00019408296793699265,0.001,optimal,71,32,0.38571428571428573,0.38571428571428573,2.25
autoopttree_v40,1,ta_chudi,77,2,0.02,0.3067532467532468,19,3,0.004291167017072439,0.005,optimal,1410,32,0.3067532467532468,0.3067532467532468,2.25
autoopttree_v40,1,ta_chudi,77,2,0.01,0.26883116883116887,13,10,0.03447204199619591,0.035,optimal,7477,32,0.26883116883116887,0.26883116883116887,2.25
autoopttree_v40,1,ta_chudi,77,2,0.005,0.20987012987012987,10,16,0.035568209015764296,0.036,optimal,7941,32,0.20987012987012987,0.20987012987012987,2.25
autoopttree_v40,1,ta_monk_3,122,11,0.1,0.5278688524590164,40,2,1.3375072740018368e-05,0.001,optimal,1,9,0.5278688524590164,0.5278688524590164,2.25
autoopttree_v40,1,ta_monk_3,122,11,0.05,0.4278688524590164,40,2,1.6417005099356174e-05,0.001,optimal,5,9,0.4278688524590164,0.4278688524590164,2.25
autoopttree_v40,1,ta_monk_3,122,11,0.02,0.36327868852459017,37,3,7.25829740986228e-05,0.001,optimal,49,9,0.36327868852459017,0.36327868852459017,2.25
autoopttree_v40,1,ta_monk_3,122,11,0.01,0.3286885245901639,34,5,0.00016683409921824932,0.001,optimal,112,9,0.3286885245901639,0.3286885245901639,2.25
autoopttree_v40,1,ta_monk_3,122,11,0.005,0.28770491803278686,29,10,0.00031104101799428463,0.001,optimal,179,9,0.28770491803278686,0.28770491803278686,2.25
autoopttree_v40,1,ta_monk_1,124,11,0.1,0.48225806451612907,35,2,1.5083933249115944e-05,0.001,optimal,3,9,0.48225806451612907,0.48225806451612907,2.25
autoopttree_v40,1,ta_monk_1,124,11,0.05,0.3822580645161291,35,2,4.575005732476711e-05,0.001,optimal,29,9,0.38225806451612904,0.38225806451612904,2.25
autoopttree_v40,1,ta_monk_1,124,11,0.02,0.3096774193548387,26,5,0.00040508294478058815,0.001,optimal,279,9,0.3096774193548387,0.3096774193548387,2.25
autoopttree_v40,1,ta_monk_1,124,11,0.01,0.2535483870967742,24,6,0.0012627500109374523,0.002,optimal,816,9,0.2535483870967742,0.2535483870967742,2.25
autoopttree_v40,1,ta_monk_1,124,11,0.005,0.19483870967741934,13,18,0.00218187493737787,0.003,optimal,1245,9,0.19483870967741934,0.19483870967741934,2.25
autoopttree_v40,1,ta_iris,150,4,0.1,0.66,69,2,0.0024168749805539846,0.003,optimal,274,83,0.6599999999999999,0.6599999999999999,2.25
autoopttree_v40,1,ta_iris,150,4,0.05,0.5,45,4,0.31784912501461804,0.319,optimal,25702,83,0.5,0.5,2.25
autoopttree_v40,1,ta_iris,150,4,0.02,0.3666666666666667,34,7,30.0,30.003,time,1647622,83,0.09333333333333334,0.36666666666666664,2.25
autoopttree_v40,1,ta_iris,150,4,0.01,0.28,27,10,30.0,30.009,time,1577218,83,0.07333333333333333,0.2833333333333334,2.25
autoopttree_v40,1,ta_iris,150,4,0.005,0.19833333333333333,14,21,30.0,30.04,time,1475363,83,0.06333333333333334,0.2,2.25
autoopttree_v40,1,ta_monk_2,169,11,0.1,0.47869822485207103,64,1,2.2124964743852615e-05,0.001,optimal,3,10,0.47869822485207103,0.47869822485207103,2.25
autoopttree_v40,1,ta_monk_2,169,11,0.05,0.428698224852071,64,1,5.0625065341591835e-05,0.001,optimal,27,10,0.428698224852071,0.428698224852071,2.25
autoopttree_v40,1,ta_monk_2,169,11,0.02,0.3603550295857988,44,5,0.0008954160148277879,0.002,optimal,608,10,0.3603550295857988,0.3603550295857988,2.25
autoopttree_v40,1,ta_monk_2,169,11,0.01,0.3007692307692308,39,7,0.002966500003822148,0.004,optimal,1806,10,0.3007692307692308,0.3007692307692308,2.25
autoopttree_v40,1,ta_monk_2,169,11,0.005,0.2602662721893491,33,13,0.007684000069275498,0.009,optimal,3898,10,0.2602662721893491,0.2602662721893491,2.25
autoopttree_v40,1,ta_tic-tac-toe,958,9,0.1,0.4496868475991649,335,1,4.2082974687218666e-05,0.002,optimal,9,27,0.4496868475991649,0.4496868475991649,2.25
autoopttree_v40,1,ta_tic-tac-toe,958,9,0.05,0.35782881002087685,247,2,0.000761540955863893,0.003,optimal,205,27,0.35782881002087685,0.35782881002087685,2.25
autoopttree_v40,1,ta_tic-tac-toe,958,9,0.02,0.28651356993736954,217,3,0.07728054199833423,0.079,optimal,19419,27,0.28651356993736954,0.28651356993736954,2.25
autoopttree_v40,1,ta_tic-tac-toe,958,9,0.01,0.2565135699373695,217,3,3.452783124987036,3.455,optimal,604615,27,0.2565135699373695,0.2565135699373695,2.25
autoopttree_v40,1,ta_tic-tac-toe,958,9,0.005,0.23058455114822546,173,10,30.0,30.03,time,3288123,27,0.07576200417536533,0.23058455114822546,2.25
autoopttree_v40,1,ta_gaussian_1k,1000,1,0.1,0.4,300,1,0.00028537504840642214,0.03,optimal,1,920,0.4,0.4,2.25
autoopttree_v40,1,ta_gaussian_1k,1000,1,0.05,0.35,300,1,0.0003649159334599972,0.029,optimal,1,920,0.35,0.35,2.25
autoopttree_v40,1,ta_gaussian_1k,1000,1,0.02,0.32,300,1,0.0004011669661849737,0.029,optimal,1,920,0.32,0.32,2.25
autoopttree_v40,1,ta_gaussian_1k,1000,1,0.01,0.307,287,2,0.0004140830133110285,0.029,optimal,1,920,0.30700000000000005,0.30700000000000005,2.25
autoopttree_v40,1,ta_gaussian_1k,1000,1,0.005,0.297,287,2,0.00042212498374283314,0.029,optimal,1,920,0.29700000000000004,0.29700000000000004,2.25
autoopttree_v40,1,ta_fico_1k,1000,23,0.1,0.42200000000000004,222,2,0.009441582951694727,0.024,optimal,51,1237,0.422,0.422,2.25
autoopttree_v40,1,ta_fico_1k,1000,23,0.05,0.322,222,2,30.0,30.034,time,948391,1237,0.1,0.322,2.25
autoopttree_v40,1,ta_fico_1k,1000,23,0.02,0.262,222,2,30.0,30.021,time,259795,1237,0.04,0.262,2.25
autoopttree_v40,1,ta_fico_1k,1000,23,0.01,0.23500000000000001,195,4,30.0,30.024,time,220882,1237,0.02,0.235,2.25
autoopttree_v40,1,ta_fico_1k,1000,23,0.005,0.2,155,9,30.0,30.08,time,240680,1237,0.01,0.20400000000000001,2.25
autoopttree_v40,1,ta_sine_1k,1000,1,0.1,0.5529999999999999,353,2,0.0002655419521033764,0.034,optimal,1,876,0.553,0.553,2.25
autoopttree_v40,1,ta_sine_1k,1000,1,0.05,0.45299999999999996,353,2,0.00032750004902482033,0.032,optimal,1,876,0.453,0.453,2.25
autoopttree_v40,1,ta_sine_1k,1000,1,0.02,0.39299999999999996,353,2,0.00037208397407084703,0.032,optimal,1,876,0.393,0.393,2.25
autoopttree_v40,1,ta_sine_1k,1000,1,0.01,0.373,353,2,0.000388665939681232,0.032,optimal,1,876,0.373,0.373,2.25
autoopttree_v40,1,ta_sine_1k,1000,1,0.005,0.363,353,2,0.0004052500007674098,0.032,optimal,1,876,0.363,0.363,2.25
autoopttree_v40,1,ta_car_evaluation,1728,15,0.1,0.3997685185185186,518,1,1.4541903510689735e-05,0.002,optimal,1,14,0.39976851851851847,0.39976851851851847,2.25
autoopttree_v40,1,ta_car_evaluation,1728,15,0.05,0.34976851851851853,518,1,3.99160198867321e-05,0.002,optimal,16,14,0.3497685185185185,0.3497685185185185,2.25
autoopttree_v40,1,ta_car_evaluation,1728,15,0.02,0.3047916666666667,423,3,0.0005190409719944,0.003,optimal,279,14,0.3047916666666667,0.3047916666666667,2.25
autoopttree_v40,1,ta_car_evaluation,1728,15,0.01,0.27479166666666666,423,3,0.005329750012606382,0.008,optimal,2749,14,0.27479166666666666,0.27479166666666666,2.25
autoopttree_v40,1,ta_car_evaluation,1728,15,0.005,0.2570601851851852,401,5,0.04622012504842132,0.048,optimal,20449,14,0.25706018518518514,0.25706018518518514,2.25
autoopttree_v40,1,ta_coupon_bar,1913,14,0.1,0.4645060115002614,506,2,1.7832964658737183e-05,0.002,optimal,1,14,0.4645060115002614,0.4645060115002614,2.25
autoopttree_v40,1,ta_coupon_bar,1913,14,0.05,0.3645060115002614,506,2,3.183400258421898e-05,0.002,optimal,10,14,0.36450601150026135,0.36450601150026135,2.25
autoopttree_v40,1,ta_coupon_bar,1913,14,0.02,0.29523261892315733,450,3,0.0004425829974934459,0.003,optimal,224,14,0.29523261892315733,0.29523261892315733,2.25
autoopttree_v40,1,ta_coupon_bar,1913,14,0.01,0.25334553058024045,389,5,0.004800499998964369,0.007,optimal,2270,14,0.25334553058024045,0.25334553058024045,2.25
autoopttree_v40,1,ta_coupon_bar,1913,14,0.005,0.2263225300575013,366,7,0.062001666985452175,0.064,optimal,23975,14,0.22632253005750128,0.22632253005750128,2.25
autoopttree_v40,1,ta_compas_binned,6907,12,0.1,0.5240191110467642,2238,2,2.0542065612971783e-05,0.007,optimal,1,12,0.5240191110467641,0.5240191110467641,2.25
autoopttree_v40,1,ta_compas_binned,6907,12,0.05,0.42401911104676415,2238,2,1.945893745869398e-05,0.006,optimal,1,12,0.42401911104676415,0.42401911104676415,2.25
autoopttree_v40,1,ta_compas_binned,6907,12,0.02,0.36401911104676415,2238,2,4.729104693979025e-05,0.007,optimal,14,12,0.3640191110467641,0.3640191110467641,2.25
autoopttree_v40,1,ta_compas_binned,6907,12,0.01,0.3440191110467642,2238,2,0.0003525000065565109,0.007,optimal,120,12,0.34401911104676414,0.34401911104676414,2.25
autoopttree_v40,1,ta_compas_binned,6907,12,0.005,0.33005284493991605,2107,5,0.004081457969732583,0.011,optimal,1408,12,0.330052844939916,0.330052844939916,2.25
autoopttree_v40,1,ta_fico_binary,10459,17,0.1,0.5440099435892534,3598,2,3.366696182638407e-05,0.013,optimal,3,16,0.5440099435892534,0.5440099435892534,2.25
autoopttree_v40,1,ta_fico_binary,10459,17,0.05,0.4310020078401377,2939,3,8.729205001145601e-05,0.013,optimal,17,16,0.4310020078401377,0.4310020078401377,2.25
autoopttree_v40,1,ta_fico_binary,10459,17,0.02,0.3410020078401377,2939,3,0.0004000409971922636,0.014,optimal,80,16,0.3410020078401377,0.3410020078401377,2.25
autoopttree_v40,1,ta_fico_binary,10459,17,0.01,0.3087637441437996,2811,4,0.004921333049423993,0.018,optimal,1062,16,0.3087637441437996,0.3087637441437996,2.25
autoopttree_v40,1,ta_fico_binary,10459,17,0.005,0.28515871498231193,2721,5,0.037307584076188505,0.051,optimal,7272,16,0.2851587149823119,0.2851587149823119,2.25
autoopttree_v40,1,ta_compas_processed,12381,22,0.1,0.40999111541878686,3838,1,0.008129292051307857,0.142,optimal,1,625,0.40999111541878686,0.40999111541878686,2.25
autoopttree_v40,1,ta_compas_processed,12381,22,0.05,0.33576447782893143,2919,2,20.141076041967608,20.275,optimal,300152,625,0.33576447782893143,0.33576447782893143,2.25
autoopttree_v40,1,ta_compas_processed,12381,22,0.02,0.27576447782893143,2919,2,30.0,30.262,time,165484,625,0.04008076892011954,0.27576447782893143,2.25
autoopttree_v40,1,ta_compas_processed,12381,22,0.01,0.2557644778289314,2919,2,30.0,30.422,time,203760,625,0.02008076892011954,0.2557644778289314,2.25
autoopttree_v40,1,ta_compas_processed,12381,22,0.005,0.24527219126080285,2851,3,30.0,30.217,time,307619,625,0.010080768920119538,0.24527219126080282,2.25
autoopttree_v46,1,ta_chudi,77,2,0.1,0.4857142857142857,22,2,8.579203858971596e-05,19.551,optimal,11,32,0.48571428571428577,0.48571428571428577,1.65
autoopttree_v46,1,ta_chudi,77,2,0.05,0.3857142857142857,22,2,0.00019387505017220974,0.001,optimal,68,32,0.38571428571428573,0.38571428571428573,1.65
autoopttree_v46,1,ta_chudi,77,2,0.02,0.3067532467532468,19,3,0.004330666968598962,0.005,optimal,1415,32,0.3067532467532468,0.3067532467532468,1.65
autoopttree_v46,1,ta_chudi,77,2,0.01,0.26883116883116887,13,10,0.01666775008197874,0.017,optimal,9009,32,0.26883116883116887,0.26883116883116887,1.65
autoopttree_v46,1,ta_chudi,77,2,0.005,0.20987012987012987,10,16,0.0166049589170143,0.017,optimal,10628,32,0.20987012987012987,0.20987012987012987,1.65
autoopttree_v46,1,ta_monk_3,122,11,0.1,0.5278688524590164,40,2,2.437504008412361e-05,0.001,optimal,1,9,0.5278688524590164,0.5278688524590164,1.65
autoopttree_v46,1,ta_monk_3,122,11,0.05,0.4278688524590164,40,2,3.316707443445921e-05,0.001,optimal,6,9,0.4278688524590164,0.4278688524590164,1.65
autoopttree_v46,1,ta_monk_3,122,11,0.02,0.36327868852459017,37,3,9.38749872148037e-05,0.001,optimal,51,9,0.36327868852459017,0.36327868852459017,1.65
autoopttree_v46,1,ta_monk_3,122,11,0.01,0.3286885245901639,34,5,0.00018974998965859413,0.001,optimal,114,9,0.3286885245901639,0.3286885245901639,1.65
autoopttree_v46,1,ta_monk_3,122,11,0.005,0.28770491803278686,29,10,0.00032175006344914436,0.001,optimal,171,9,0.28770491803278686,0.28770491803278686,1.65
autoopttree_v46,1,ta_monk_1,124,11,0.1,0.48225806451612907,35,2,2.8875074349343777e-05,0.001,optimal,3,9,0.48225806451612907,0.48225806451612907,1.65
autoopttree_v46,1,ta_monk_1,124,11,0.05,0.3822580645161291,35,2,6.933300755918026e-05,0.001,optimal,31,9,0.38225806451612904,0.38225806451612904,1.65
autoopttree_v46,1,ta_monk_1,124,11,0.02,0.3096774193548387,26,5,0.0003947499208152294,0.001,optimal,255,9,0.3096774193548387,0.3096774193548387,1.65
autoopttree_v46,1,ta_monk_1,124,11,0.01,0.2535483870967742,24,6,0.0012495830887928605,0.002,optimal,796,9,0.2535483870967742,0.2535483870967742,1.65
autoopttree_v46,1,ta_monk_1,124,11,0.005,0.19483870967741934,13,18,0.0022597500355914235,0.003,optimal,1246,9,0.19483870967741934,0.19483870967741934,1.65
autoopttree_v46,1,ta_iris,150,4,0.1,0.66,69,2,0.0025400830199941993,0.004,optimal,280,83,0.6599999999999999,0.6599999999999999,1.65
autoopttree_v46,1,ta_iris,150,4,0.05,0.5,45,4,0.07476266706362367,0.076,optimal,28507,83,0.5,0.5,1.65
autoopttree_v46,1,ta_iris,150,4,0.02,0.3666666666666667,31,8,30.0,30.029,time,7544749,83,0.09333333333333334,0.36666666666666664,1.65
autoopttree_v46,1,ta_iris,150,4,0.01,0.28,27,10,30.0,30.048,time,7049789,83,0.07333333333333333,0.28,1.65
autoopttree_v46,1,ta_iris,150,4,0.005,0.2,15,20,30.0,30.033,time,6301302,83,0.06333333333333334,0.2,1.65
autoopttree_v46,1,ta_monk_2,169,11,0.1,0.47869822485207103,64,1,5.595805123448372e-05,0.002,optimal,3,10,0.47869822485207103,0.47869822485207103,1.65
autoopttree_v46,1,ta_monk_2,169,11,0.05,0.428698224852071,64,1,0.00010954099707305431,0.002,optimal,29,10,0.428698224852071,0.428698224852071,1.65
autoopttree_v46,1,ta_monk_2,169,11,0.02,0.3603550295857988,44,5,0.0014772500144317746,0.003,optimal,595,10,0.3603550295857988,0.3603550295857988,1.65
autoopttree_v46,1,ta_monk_2,169,11,0.01,0.3007692307692308,39,7,0.005453083082102239,0.007,optimal,2027,10,0.3007692307692308,0.3007692307692308,1.65
autoopttree_v46,1,ta_monk_2,169,11,0.005,0.2602662721893491,33,13,0.008130041998811066,0.01,optimal,4958,10,0.2602662721893491,0.2602662721893491,1.65
autoopttree_v46,1,ta_tic-tac-toe,958,9,0.1,0.4496868475991649,335,1,9.020802099257708e-05,0.003,optimal,10,27,0.4496868475991649,0.4496868475991649,1.65
autoopttree_v46,1,ta_tic-tac-toe,958,9,0.05,0.35782881002087685,247,2,0.0011889580637216568,0.004,optimal,207,27,0.35782881002087685,0.35782881002087685,1.65
autoopttree_v46,1,ta_tic-tac-toe,958,9,0.02,0.28651356993736954,217,3,0.038838958949781954,0.042,optimal,23635,27,0.28651356993736954,0.28651356993736954,1.65
autoopttree_v46,1,ta_tic-tac-toe,958,9,0.01,0.2565135699373695,217,3,4.502622999949381,4.506,optimal,2138605,27,0.2565135699373695,0.2565135699373695,1.65
autoopttree_v46,1,ta_tic-tac-toe,958,9,0.005,0.23041753653444677,192,6,30.0,30.039,time,10657269,27,0.07576200417536533,0.23041753653444674,1.65
autoopttree_v46,1,ta_gaussian_1k,1000,1,0.1,0.4,300,1,0.0005135419778525829,0.061,optimal,0,920,0.4,0.4,1.65
autoopttree_v46,1,ta_gaussian_1k,1000,1,0.05,0.35,300,1,0.0006254169857129455,0.052,optimal,0,920,0.35,0.35,1.65
autoopttree_v46,1,ta_gaussian_1k,1000,1,0.02,0.32,300,1,0.0006240829825401306,0.046,optimal,0,920,0.32,0.32,1.65
autoopttree_v46,1,ta_gaussian_1k,1000,1,0.01,0.307,287,2,0.0005870419554412365,0.041,optimal,0,920,0.30700000000000005,0.30700000000000005,1.65
autoopttree_v46,1,ta_gaussian_1k,1000,1,0.005,0.297,287,2,0.000557500054128468,0.04,optimal,0,920,0.29700000000000004,0.29700000000000004,1.65
autoopttree_v46,1,ta_fico_1k,1000,23,0.1,0.42200000000000004,222,2,0.017456375062465668,0.037,optimal,51,1237,0.422,0.422,1.65
autoopttree_v46,1,ta_fico_1k,1000,23,0.05,0.322,222,2,30.0,30.058,time,3151830,1237,0.1,0.322,1.65
autoopttree_v46,1,ta_fico_1k,1000,23,0.02,0.262,222,2,30.0,30.036,time,2577462,1237,0.04,0.262,1.65
autoopttree_v46,1,ta_fico_1k,1000,23,0.01,0.22899999999999998,179,5,30.0,30.034,time,1183751,1237,0.02,0.235,1.65
autoopttree_v46,1,ta_fico_1k,1000,23,0.005,0.197,157,8,30.0,30.034,time,1220667,1237,0.01,0.215,1.65
autoopttree_v46,1,ta_sine_1k,1000,1,0.1,0.5529999999999999,353,2,0.00047687499318271875,0.068,optimal,0,876,0.553,0.553,1.65
autoopttree_v46,1,ta_sine_1k,1000,1,0.05,0.45299999999999996,353,2,0.0005719579057767987,0.057,optimal,0,876,0.453,0.453,1.65
autoopttree_v46,1,ta_sine_1k,1000,1,0.02,0.39299999999999996,353,2,0.0005783329252153635,0.055,optimal,0,876,0.393,0.393,1.65
autoopttree_v46,1,ta_sine_1k,1000,1,0.01,0.373,353,2,0.0005551669746637344,0.048,optimal,0,876,0.373,0.373,1.65
autoopttree_v46,1,ta_sine_1k,1000,1,0.005,0.363,353,2,0.0005274999421089888,0.045,optimal,0,876,0.363,0.363,1.65
autoopttree_v46,1,ta_car_evaluation,1728,15,0.1,0.3997685185185186,518,1,3.191595897078514e-05,0.004,optimal,1,14,0.39976851851851847,0.39976851851851847,1.65
autoopttree_v46,1,ta_car_evaluation,1728,15,0.05,0.34976851851851853,518,1,7.475004531443119e-05,0.003,optimal,17,14,0.3497685185185185,0.3497685185185185,1.65
autoopttree_v46,1,ta_car_evaluation,1728,15,0.02,0.3047916666666667,423,3,0.0007085000397637486,0.004,optimal,281,14,0.3047916666666667,0.3047916666666667,1.65
autoopttree_v46,1,ta_car_evaluation,1728,15,0.01,0.27479166666666666,423,3,0.006112250033766031,0.009,optimal,2827,14,0.27479166666666666,0.27479166666666666,1.65
autoopttree_v46,1,ta_car_evaluation,1728,15,0.005,0.2570601851851852,401,5,0.026327749947085977,0.029,optimal,25274,14,0.25706018518518514,0.25706018518518514,1.65
autoopttree_v46,1,ta_coupon_bar,1913,14,0.1,0.4645060115002614,506,2,3.3499905839562416e-05,0.003,optimal,0,14,0.4645060115002614,0.4645060115002614,1.65
autoopttree_v46,1,ta_coupon_bar,1913,14,0.05,0.3645060115002614,506,2,6.937503349035978e-05,0.003,optimal,11,14,0.36450601150026135,0.36450601150026135,1.65
autoopttree_v46,1,ta_coupon_bar,1913,14,0.02,0.29523261892315733,450,3,0.0006257080240175128,0.004,optimal,226,14,0.29523261892315733,0.29523261892315733,1.65
autoopttree_v46,1,ta_coupon_bar,1913,14,0.01,0.25334553058024045,389,5,0.006898416904732585,0.01,optimal,3086,14,0.25334553058024045,0.25334553058024045,1.65
autoopttree_v46,1,ta_coupon_bar,1913,14,0.005,0.2263225300575013,366,7,0.041364624979905784,0.045,optimal,33094,14,0.22632253005750128,0.22632253005750128,1.65
autoopttree_v46,1,ta_compas_binned,6907,12,0.1,0.5240191110467642,2238,2,4.104094114154577e-05,0.009,optimal,1,12,0.5240191110467641,0.5240191110467641,1.65
autoopttree_v46,1,ta_compas_binned,6907,12,0.05,0.42401911104676415,2238,2,4.016701132059097e-05,0.008,optimal,1,12,0.42401911104676415,0.42401911104676415,1.65
autoopttree_v46,1,ta_compas_binned,6907,12,0.02,0.36401911104676415,2238,2,9.40409954637289e-05,0.009,optimal,15,12,0.3640191110467641,0.3640191110467641,1.65
autoopttree_v46,1,ta_compas_binned,6907,12,0.01,0.3440191110467642,2238,2,0.0004927500849589705,0.009,optimal,122,12,0.34401911104676414,0.34401911104676414,1.65
autoopttree_v46,1,ta_compas_binned,6907,12,0.005,0.33005284493991605,2107,5,0.008955999976024032,0.017,optimal,1366,12,0.330052844939916,0.330052844939916,1.65
autoopttree_v46,1,ta_fico_binary,10459,17,0.1,0.5440099435892534,3598,2,5.337502807378769e-05,0.016,optimal,3,16,0.5440099435892534,0.5440099435892534,1.65
autoopttree_v46,1,ta_fico_binary,10459,17,0.05,0.4310020078401377,2939,3,0.00012970902025699615,0.016,optimal,18,16,0.4310020078401377,0.4310020078401377,1.65
autoopttree_v46,1,ta_fico_binary,10459,17,0.02,0.3410020078401377,2939,3,0.0005213749827817082,0.016,optimal,82,16,0.3410020078401377,0.3410020078401377,1.65
autoopttree_v46,1,ta_fico_binary,10459,17,0.01,0.3087637441437996,2811,4,0.00593545800074935,0.022,optimal,1168,16,0.3087637441437996,0.3087637441437996,1.65
autoopttree_v46,1,ta_fico_binary,10459,17,0.005,0.28515871498231193,2721,5,0.029935500002466142,0.045,optimal,10897,16,0.2851587149823119,0.2851587149823119,1.65
autoopttree_v46,1,ta_compas_processed,12381,22,0.1,0.40999111541878686,3838,1,0.009143083007074893,0.161,optimal,1,625,0.40999111541878686,0.40999111541878686,1.65
autoopttree_v46,1,ta_compas_processed,12381,22,0.05,0.33576447782893143,2919,2,9.656838459079154,9.806,optimal,447271,625,0.33576447782893143,0.33576447782893143,1.65
autoopttree_v46,1,ta_compas_processed,12381,22,0.02,0.27576447782893143,2919,2,30.0,30.243,time,3915401,625,0.04008076892011954,0.27576447782893143,1.65
autoopttree_v46,1,ta_compas_processed,12381,22,0.01,0.2557644778289314,2919,2,30.0,30.312,time,565835,625,0.02008076892011954,0.2557644778289314,1.65
autoopttree_v46,1,ta_compas_processed,12381,22,0.005,0.24527219126080285,2851,3,30.0,30.219,time,2239994,625,0.010080768920119538,0.24527219126080282,1.65
gosdt,2,ta_chudi,77,2,0.1,0.4857142857142857,22,2,0.0,0.322,optimal,27,36,0.485714,0.485714,4.17
gosdt,2,ta_chudi,77,2,0.05,0.3857142857142857,22,2,0.002,0.339,optimal,394,36,0.385714,0.385714,4.17
gosdt,2,ta_chudi,77,2,0.02,0.3067532467532468,19,3,0.045,0.335,time,19999,36,0.20987,0.306753,4.17
gosdt,2,ta_chudi,77,2,0.01,0.27376623376623377,18,4,0.093,0.303,time,29999,36,0.17987,0.273766,4.17
gosdt,2,ta_chudi,77,2,0.005,0.25181818181818183,14,14,0.099,0.307,optimal,26985,36,0.212857,0.212857,4.17
gosdt,2,ta_monk_3,122,11,0.1,0.5278688524590164,40,2,0.0,0.34,optimal,0,13,0.527869,0.527869,4.17
gosdt,2,ta_monk_3,122,11,0.05,0.4278688524590164,40,2,0.0,0.338,optimal,9,13,0.427869,0.427869,4.17
gosdt,2,ta_monk_3,122,11,0.02,0.36327868852459017,37,3,0.0,0.336,optimal,197,13,0.363279,0.363279,4.17
gosdt,2,ta_monk_3,122,11,0.01,0.3286885245901639,34,5,0.001,0.345,optimal,758,13,0.328688,0.328688,4.17
gosdt,2,ta_monk_3,122,11,0.005,0.28770491803278686,29,10,0.003,0.328,optimal,1463,13,0.287705,0.287705,4.17
gosdt,2,ta_monk_1,124,11,0.1,0.48225806451612907,35,2,0.0,0.337,optimal,9,13,0.482258,0.482258,4.17
gosdt,2,ta_monk_1,124,11,0.05,0.3822580645161291,35,2,0.0,0.347,optimal,100,13,0.382258,0.382258,4.17
gosdt,2,ta_monk_1,124,11,0.02,0.3096774193548387,26,5,0.004,0.319,optimal,1697,13,0.309677,0.309677,4.17
gosdt,2,ta_monk_1,124,11,0.01,0.2535483870967742,24,6,0.014,0.337,optimal,5531,13,0.253548,0.253548,4.17
gosdt,2,ta_monk_1,124,11,0.005,0.19483870967741934,13,18,0.028,0.343,optimal,10464,13,0.194839,0.194839,4.17
gosdt,2,ta_iris,150,4,0.1,0.66,69,2,0.385,0.597,optimal,11506,90,0.66,0.66,4.17
gosdt,2,ta_iris,150,4,0.05,0.5366666666666666,58,3,30.0,30.856,time,779999,90,0.203333,0.56,4.17
gosdt,2,ta_iris,150,4,0.02,0.44666666666666666,58,3,30.0,31.196,time,649999,90,0.113333,0.5,4.17
gosdt,2,ta_iris,150,4,0.01,0.3933333333333333,50,6,30.0,30.848,time,559999,90,0.0833333,0.48,4.17
gosdt,2,ta_iris,150,4,0.005,0.39333333333333337,56,4,30.0,30.8,time,469999,90,0.0683333,0.47,4.17
gosdt,2,ta_monk_2,169,11,0.1,0.47869822485207103,64,1,0.0,0.316,optimal,7,13,0.478698,0.478698,4.17
gosdt,2,ta_monk_2,169,11,0.05,0.428698224852071,64,1,0.0,0.342,optimal,143,13,0.428698,0.428698,4.17
gosdt,2,ta_monk_2,169,11,0.02,0.3603550295857988,44,5,0.013,0.334,optimal,3763,13,0.360355,0.360355,4.17
gosdt,2,ta_monk_2,169,11,0.01,0.3007692307692308,39,7,0.043,0.328,optimal,12412,13,0.300769,0.300769,4.17
gosdt,2,ta_monk_2,169,11,0.005,0.2602662721893491,33,13,0.089,0.328,optimal,27354,13,0.260266,0.260266,4.17
gosdt,2,ta_tic-tac-toe,958,9,0.1,0.4496868475991649,335,1,0.001,0.329,optimal,45,38,0.449687,0.449687,4.17
gosdt,2,ta_tic-tac-toe,958,9,0.05,0.35782881002087685,247,2,0.036,0.334,optimal,1427,38,0.357829,0.357829,4.17
gosdt,2,ta_tic-tac-toe,958,9,0.02,0.28651356993736954,217,3,17.534,18.003,optimal,781056,38,0.286514,0.286514,4.17
gosdt,2,ta_tic-tac-toe,958,9,0.01,0.25816283924843425,209,4,30.0,30.984,time,839999,38,0.105762,0.274259,4.17
gosdt,2,ta_tic-tac-toe,958,9,0.005,nan,,,30.0,25.605,memory,,,,,4.17
gosdt,2,ta_gaussian_1k,1000,1,0.1,0.4,300,1,0.905,1.067,optimal,281,923,0.4,0.4,4.17
gosdt,2,ta_gaussian_1k,1000,1,0.05,0.35,300,1,30.0,49.457,time,9999,923,0.178,0.35,4.17
gosdt,2,ta_gaussian_1k,1000,1,0.02,nan,,,30.0,90.485,time,,,,,4.17
gosdt,2,ta_gaussian_1k,1000,1,0.01,nan,,,30.0,90.338,time,,,,,4.17
gosdt,2,ta_gaussian_1k,1000,1,0.005,nan,,,30.0,90.384,time,,,,,4.17
gosdt,2,ta_fico_1k,1000,23,0.1,nan,,,30.0,90.289,time,,,,,4.17
gosdt,2,ta_fico_1k,1000,23,0.05,nan,,,30.0,90.323,time,,,,,4.17
gosdt,2,ta_fico_1k,1000,23,0.02,nan,,,30.0,90.5,time,,,,,4.17
gosdt,2,ta_fico_1k,1000,23,0.01,nan,,,30.0,90.407,time,,,,,4.17
gosdt,2,ta_fico_1k,1000,23,0.005,nan,,,30.0,90.39,time,,,,,4.17
gosdt,2,ta_sine_1k,1000,1,0.1,0.5529999999999999,353,2,30.0,31.078,time,9999,879,0.357,0.553,4.17
gosdt,2,ta_sine_1k,1000,1,0.05,0.45299999999999996,353,2,30.0,43.95,time,9999,879,0.207,0.453,4.17
gosdt,2,ta_sine_1k,1000,1,0.02,0.39299999999999996,353,2,30.0,75.199,time,9999,879,0.117,0.393,4.17
gosdt,2,ta_sine_1k,1000,1,0.01,nan,,,30.0,90.321,time,,,,,4.17
gosdt,2,ta_sine_1k,1000,1,0.005,nan,,,30.0,90.29,time,,,,,4.17
gosdt,2,ta_car_evaluation,1728,15,0.1,0.3997685185185186,518,1,0.0,0.312,optimal,0,17,0.399769,0.399769,4.17
gosdt,2,ta_car_evaluation,1728,15,0.05,0.34976851851851853,518,1,0.0,0.306,optimal,29,17,0.349769,0.349769,4.17
gosdt,2,ta_car_evaluation,1728,15,0.02,0.3047916666666667,423,3,0.02,0.291,optimal,1283,17,0.304792,0.304792,4.17
gosdt,2,ta_car_evaluation,1728,15,0.01,0.27479166666666666,423,3,0.215,0.279,optimal,20811,17,0.274792,0.274792,4.17
gosdt,2,ta_car_evaluation,1728,15,0.005,0.2570601851851852,401,5,1.622,1.861,optimal,163440,17,0.25706,0.25706,4.17
gosdt,2,ta_coupon_bar,1913,14,0.1,0.4645060115002614,506,2,0.0,0.303,optimal,3,16,0.464506,0.464506,4.17
gosdt,2,ta_coupon_bar,1913,14,0.05,0.3645060115002614,506,2,0.001,0.308,optimal,29,16,0.364506,0.364506,4.17
gosdt,2,ta_coupon_bar,1913,14,0.02,0.29523261892315733,450,3,0.057,0.303,optimal,3906,16,0.295233,0.295233,4.17
gosdt,2,ta_coupon_bar,1913,14,0.01,0.25334553058024045,389,5,0.506,0.814,optimal,46750,16,0.253346,0.253346,4.17
gosdt,2,ta_coupon_bar,1913,14,0.005,0.2263225300575013,366,7,2.278,2.387,optimal,218644,16,0.226323,0.226323,4.17
gosdt,2,ta_compas_binned,6907,12,0.1,0.5240191110467642,2238,2,0.0,0.294,optimal,0,14,0.524019,0.524019,4.17
gosdt,2,ta_compas_binned,6907,12,0.05,0.42401911104676415,2238,2,0.0,0.298,optimal,0,14,0.424019,0.424019,4.17
gosdt,2,ta_compas_binned,6907,12,0.02,0.36401911104676415,2238,2,0.001,0.305,optimal,25,14,0.364019,0.364019,4.17
gosdt,2,ta_compas_binned,6907,12,0.01,0.3440191110467642,2238,2,0.059,0.307,optimal,1820,14,0.344019,0.344019,4.17
gosdt,2,ta_compas_binned,6907,12,0.005,0.33005284493991605,2107,5,0.456,0.55,optimal,19651,14,0.330053,0.330053,4.17
gosdt,2,ta_fico_binary,10459,17,0.1,0.5440099435892534,3598,2,0.0,0.302,optimal,11,19,0.54401,0.54401,4.17
gosdt,2,ta_fico_binary,10459,17,0.05,0.4310020078401377,2939,3,0.005,0.324,optimal,68,19,0.431002,0.431002,4.17
gosdt,2,ta_fico_binary,10459,17,0.02,0.3410020078401377,2939,3,0.241,0.588,optimal,3677,19,0.341002,0.341002,4.17
gosdt,2,ta_fico_binary,10459,17,0.01,0.3087637441437996,2811,4,3.441,3.745,optimal,72474,19,0.308764,0.308764,4.17
gosdt,2,ta_fico_binary,10459,17,0.005,0.28515871498231193,2721,5,10.38,10.588,optimal,243734,19,0.285159,0.285159,4.17
gosdt,2,ta_compas_processed,12381,22,0.1,nan,,,30.0,90.357,time,,,,,4.17
gosdt,2,ta_compas_processed,12381,22,0.05,nan,,,30.0,90.472,time,,,,,4.17
gosdt,2,ta_compas_processed,12381,22,0.02,nan,,,30.0,90.444,time,,,,,4.17
gosdt,2,ta_compas_processed,12381,22,0.01,nan,,,30.0,90.311,time,,,,,4.17
gosdt,2,ta_compas_processed,12381,22,0.005,nan,,,30.0,90.421,time,,,,,4.17
pygosdt_v1,2,ta_chudi,77,2,0.1,0.4857142857142857,22,2,0.002697415999136865,0.007,optimal,16,32,0.48571428571428577,0.48571428571428577,3.47
pygosdt_v1,2,ta_chudi,77,2,0.05,0.3857142857142857,22,2,0.01577941596042365,0.017,optimal,158,32,0.38571428571428573,0.38571428571428573,3.47
pygosdt_v1,2,ta_chudi,77,2,0.02,0.3067532467532468,19,3,0.10406512499321252,0.105,optimal,2149,32,0.3067532467532468,0.3067532467532468,3.47
pygosdt_v1,2,ta_chudi,77,2,0.01,0.26883116883116887,13,10,0.1790717919357121,0.18,optimal,4290,32,0.2688311688311689,0.2688311688311689,3.47
pygosdt_v1,2,ta_chudi,77,2,0.005,0.20987012987012987,10,16,0.19234212499577552,0.193,optimal,4567,32,0.2098701298701299,0.2098701298701299,3.47
pygosdt_v1,2,ta_monk_3,122,11,0.1,0.5278688524590164,40,2,6.804091390222311e-05,0.001,optimal,1,9,0.5278688524590164,0.5278688524590164,3.47
pygosdt_v1,2,ta_monk_3,122,11,0.05,0.4278688524590164,40,2,0.000226292060688138,0.001,optimal,6,9,0.4278688524590164,0.4278688524590164,3.47
pygosdt_v1,2,ta_monk_3,122,11,0.02,0.36327868852459017,37,3,0.0017545410664752126,0.002,optimal,62,9,0.36327868852459017,0.36327868852459017,3.47
pygosdt_v1,2,ta_monk_3,122,11,0.01,0.3286885245901639,34,5,0.003990083932876587,0.005,optimal,144,9,0.3286885245901639,0.3286885245901639,3.47
pygosdt_v1,2,ta_monk_3,122,11,0.005,0.28770491803278686,29,10,0.005965040996670723,0.007,optimal,218,9,0.28770491803278686,0.28770491803278686,3.47
pygosdt_v1,2,ta_monk_1,124,11,0.1,0.48225806451612907,35,2,0.00020633405074477196,0.001,optimal,5,9,0.48225806451612907,0.48225806451612907,3.47
pygosdt_v1,2,ta_monk_1,124,11,0.05,0.3822580645161291,35,2,0.0010352079989388585,0.002,optimal,37,9,0.38225806451612904,0.38225806451612904,3.47
pygosdt_v1,2,ta_monk_1,124,11,0.02,0.3096774193548387,26,5,0.009522416046820581,0.01,optimal,361,9,0.3096774193548387,0.3096774193548387,3.47
pygosdt_v1,2,ta_monk_1,124,11,0.01,0.2535483870967742,24,6,0.022653958993032575,0.023,optimal,864,9,0.2535483870967742,0.2535483870967742,3.47
pygosdt_v1,2,ta_monk_1,124,11,0.005,0.19483870967741934,13,18,0.04830212495289743,0.049,optimal,1507,9,0.19483870967741937,0.19483870967741937,3.47
pygosdt_v1,2,ta_iris,150,4,0.1,0.66,69,2,0.2641497500007972,0.266,optimal,5757,83,0.66,0.66,3.47
pygosdt_v1,2,ta_iris,150,4,0.05,0.5,45,4,10.280424915952608,10.288,optimal,196336,83,0.5,0.5,3.47
pygosdt_v1,2,ta_iris,150,4,0.02,0.42,45,6,30.0,30.02,time,572480,83,0.09333333333333334,0.42,3.47
pygosdt_v1,2,ta_iris,150,4,0.01,0.32666666666666666,34,10,30.0,30.018,time,544832,83,0.07333333333333333,0.32666666666666666,3.47
pygosdt_v1,2,ta_iris,150,4,0.005,0.2316666666666667,16,25,30.0,30.02,time,550976,83,0.06333333333333334,0.26000000000000006,3.47
pygosdt_v1,2,ta_monk_2,169,11,0.1,0.47869822485207103,64,1,0.0001771249808371067,0.001,optimal,4,10,0.47869822485207103,0.47869822485207103,3.47
pygosdt_v1,2,ta_monk_2,169,11,0.05,0.428698224852071,64,1,0.001291541033424437,0.002,optimal,45,10,0.428698224852071,0.428698224852071,3.47
pygosdt_v1,2,ta_monk_2,169,11,0.02,0.3603550295857988,44,5,0.017815834027715027,0.019,optimal,674,10,0.3603550295857988,0.3603550295857988,3.47
pygosdt_v1,2,ta_monk_2,169,11,0.01,0.3007692307692308,39,7,0.055682667065411806,0.057,optimal,1771,10,0.30076923076923073,0.30076923076923073,3.47
pygosdt_v1,2,ta_monk_2,169,11,0.005,0.2602662721893491,33,13,0.11677666695322841,0.118,optimal,3427,10,0.26026627218934917,0.26026627218934917,3.47
pygosdt_v1,2,ta_tic-tac-toe,958,9,0.1,0.4496868475991649,335,1,0.000873749959282577,0.003,optimal,23,27,0.4496868475991649,0.4496868475991649,3.47
pygosdt_v1,2,ta_tic-tac-toe,958,9,0.05,0.35782881002087685,247,2,0.013525124988518655,0.015,optimal,371,27,0.35782881002087685,0.35782881002087685,3.47
pygosdt_v1,2,ta_tic-tac-toe,958,9,0.02,0.28651356993736954,217,3,2.7859864169731736,2.791,optimal,61622,27,0.2865135699373695,0.2865135699373695,3.47
pygosdt_v1,2,ta_tic-tac-toe,958,9,0.01,0.27782881002087684,247,2,30.0,30.04,time,632896,27,0.08576200417536534,0.2778288100208768,3.47
pygosdt_v1,2,ta_tic-tac-toe,958,9,0.005,0.25986430062630483,225,5,30.0,30.023,time,635520,27,0.07576200417536533,0.2598643006263048,3.47
pygosdt_v1,2,ta_gaussian_1k,1000,1,0.1,0.4,300,1,0.011205416987650096,0.05,optimal,99,920,0.4,0.4,3.47
pygosdt_v1,2,ta_gaussian_1k,1000,1,0.05,0.35,300,1,5.256385583081283,5.296,optimal,48763,920,0.35,0.35,3.47
pygosdt_v1,2,ta_gaussian_1k,1000,1,0.02,0.32,300,1,30.0,30.053,time,203584,920,0.068,0.32,3.47
pygosdt_v1,2,ta_gaussian_1k,1000,1,0.01,0.307,287,2,30.0,30.067,time,238272,920,0.048,0.30700000000000005,3.47
pygosdt_v1,2,ta_gaussian_1k,1000,1,0.005,0.297,287,2,30.0,30.062,time,261440,920,0.038,0.29700000000000004,3.47
pygosdt_v1,2,ta_fico_1k,1000,23,0.1,0.42200000000000004,222,2,1.3517154169967398,1.366,optimal,9692,1237,0.422,0.422,3.47
pygosdt_v1,2,ta_fico_1k,1000,23,0.05,0.322,222,2,30.0,30.035,time,224832,1237,0.1,0.322,3.47
pygosdt_v1,2,ta_fico_1k,1000,23,0.02,0.262,222,2,30.0,30.03,time,226752,1237,0.04,0.262,3.47
pygosdt_v1,2,ta_fico_1k,1000,23,0.01,0.242,222,2,30.0,30.036,time,235520,1237,0.02,0.242,3.47
pygosdt_v1,2,ta_fico_1k,1000,23,0.005,0.232,222,2,30.0,30.045,time,239680,1237,0.01,0.23199999999999998,3.47
pygosdt_v1,2,ta_sine_1k,1000,1,0.1,0.5529999999999999,353,2,0.5957702080486342,0.633,optimal,6165,876,0.553,0.553,3.47
pygosdt_v1,2,ta_sine_1k,1000,1,0.05,0.45299999999999996,353,2,23.988143333001062,24.032,optimal,169926,876,0.453,0.453,3.47
pygosdt_v1,2,ta_sine_1k,1000,1,0.02,0.39299999999999996,353,2,30.0,30.052,time,194560,876,0.097,0.393,3.47
pygosdt_v1,2,ta_sine_1k,1000,1,0.01,0.373,353,2,30.0,30.059,time,214784,876,0.077,0.373,3.47
pygosdt_v1,2,ta_sine_1k,1000,1,0.005,0.363,353,2,30.0,30.049,time,197760,876,0.067,0.363,3.47
pygosdt_v1,2,ta_car_evaluation,1728,15,0.1,0.3997685185185186,518,1,0.00019054103177040815,0.004,optimal,1,14,0.39976851851851847,0.39976851851851847,3.47
pygosdt_v1,2,ta_car_evaluation,1728,15,0.05,0.34976851851851853,518,1,0.0005779160419479012,0.004,optimal,16,14,0.3497685185185185,0.3497685185185185,3.47
pygosdt_v1,2,ta_car_evaluation,1728,15,0.02,0.3047916666666667,423,3,0.013133374974131584,0.017,optimal,311,14,0.3047916666666667,0.3047916666666667,3.47
pygosdt_v1,2,ta_car_evaluation,1728,15,0.01,0.27479166666666666,423,3,0.15561891603283584,0.159,optimal,3152,14,0.27479166666666666,0.27479166666666666,3.47
pygosdt_v1,2,ta_car_evaluation,1728,15,0.005,0.2570601851851852,401,5,0.9739922920707613,0.978,optimal,21907,14,0.25706018518518514,0.25706018518518514,3.47
pygosdt_v1,2,ta_coupon_bar,1913,14,0.1,0.4645060115002614,506,2,0.00014274998102337122,0.003,optimal,2,14,0.4645060115002614,0.4645060115002614,3.47
pygosdt_v1,2,ta_coupon_bar,1913,14,0.05,0.3645060115002614,506,2,0.0006941669853404164,0.003,optimal,19,14,0.36450601150026135,0.36450601150026135,3.47
pygosdt_v1,2,ta_coupon_bar,1913,14,0.02,0.29523261892315733,450,3,0.025894375052303076,0.028,optimal,820,14,0.29523261892315733,0.29523261892315733,3.47
pygosdt_v1,2,ta_coupon_bar,1913,14,0.01,0.25334553058024045,389,5,0.3450629999861121,0.348,optimal,7830,14,0.25334553058024045,0.25334553058024045,3.47
pygosdt_v1,2,ta_coupon_bar,1913,14,0.005,0.2263225300575013,366,7,1.248534916085191,1.253,optimal,31683,14,0.22632253005750128,0.22632253005750128,3.47
pygosdt_v1,2,ta_compas_binned,6907,12,0.1,0.5240191110467642,2238,2,9.154202416539192e-05,0.007,optimal,1,12,0.5240191110467641,0.5240191110467641,3.47
pygosdt_v1,2,ta_compas_binned,6907,12,0.05,0.42401911104676415,2238,2,7.499998901039362e-05,0.006,optimal,1,12,0.42401911104676415,0.42401911104676415,3.47
pygosdt_v1,2,ta_compas_binned,6907,12,0.02,0.36401911104676415,2238,2,0.000526582938618958,0.007,optimal,14,12,0.3640191110467641,0.3640191110467641,3.47
pygosdt_v1,2,ta_compas_binned,6907,12,0.01,0.3440191110467642,2238,2,0.010940500069409609,0.017,optimal,343,12,0.34401911104676414,0.34401911104676414,3.47
pygosdt_v1,2,ta_compas_binned,6907,12,0.005,0.33005284493991605,2107,5,0.10496508295182139,0.112,optimal,2687,12,0.330052844939916,0.330052844939916,3.47
pygosdt_v1,2,ta_fico_binary,10459,17,0.1,0.5440099435892534,3598,2,0.0002886670408770442,0.013,optimal,6,16,0.5440099435892534,0.5440099435892534,3.47
pygosdt_v1,2,ta_fico_binary,10459,17,0.05,0.4310020078401377,2939,3,0.0007965420372784138,0.013,optimal,20,16,0.43100200784013776,0.43100200784013776,3.47
pygosdt_v1,2,ta_fico_binary,10459,17,0.02,0.3410020078401377,2939,3,0.0035026660189032555,0.016,optimal,96,16,0.3410020078401377,0.3410020078401377,3.47
pygosdt_v1,2,ta_fico_binary,10459,17,0.01,0.3087637441437996,2811,4,0.05620012490544468,0.073,optimal,1257,16,0.3087637441437996,0.3087637441437996,3.47
pygosdt_v1,2,ta_fico_binary,10459,17,0.005,0.28515871498231193,2721,5,0.4642675840295851,0.478,optimal,9997,16,0.2851587149823119,0.2851587149823119,3.47
pygosdt_v1,2,ta_compas_processed,12381,22,0.1,0.40999111541878686,3838,1,0.191899708006531,0.317,optimal,1369,625,0.40999111541878686,0.40999111541878686,3.47
pygosdt_v1,2,ta_compas_processed,12381,22,0.05,0.33576447782893143,2919,2,30.0,30.174,time,176896,625,0.10008076892011954,0.33576447782893143,3.47
pygosdt_v1,2,ta_compas_processed,12381,22,0.02,0.27576447782893143,2919,2,30.0,30.239,time,195392,625,0.04008076892011954,0.27576447782893143,3.47
pygosdt_v1,2,ta_compas_processed,12381,22,0.01,0.2557644778289314,2919,2,30.0,30.188,time,198208,625,0.02008076892011954,0.2557644778289314,3.47
pygosdt_v1,2,ta_compas_processed,12381,22,0.005,0.24527219126080285,2851,3,30.0,30.193,time,209152,625,0.010080768920119538,0.24527219126080282,3.47
streed,2,ta_chudi,77,2,0.1,0.4857142857142857,22,2,0.014432333060540259,0.016,optimal,,32,,,2.31
streed,2,ta_chudi,77,2,0.05,0.3857142857142857,22,2,0.009418125031515956,0.01,optimal,,32,,,2.31
streed,2,ta_chudi,77,2,0.02,0.3067532467532468,19,3,0.6185644589131698,0.619,optimal,,32,,,2.31
streed,2,ta_chudi,77,2,0.01,0.26883116883116887,13,10,30.0,30.013,time,,32,,,2.31
streed,2,ta_chudi,77,2,0.005,0.20987012987012987,10,16,30.0,30.075,time,,32,,,2.31
streed,2,ta_monk_3,122,11,0.1,0.5278688524590164,40,2,0.0024380830582231283,0.06,optimal,,9,,,2.31
streed,2,ta_monk_3,122,11,0.05,0.4278688524590164,40,2,0.0023952500196173787,0.003,optimal,,9,,,2.31
streed,2,ta_monk_3,122,11,0.02,0.36327868852459017,37,3,0.04203137499280274,0.043,optimal,,9,,,2.31
streed,2,ta_monk_3,122,11,0.01,0.3286885245901639,34,5,0.45842074998654425,0.46,optimal,,9,,,2.31
streed,2,ta_monk_3,122,11,0.005,0.28770491803278686,29,10,0.22418337501585484,0.226,optimal,,9,,,2.31
streed,2,ta_monk_1,124,11,0.1,0.48225806451612907,35,2,0.002321625011973083,0.003,optimal,,9,,,2.31
streed,2,ta_monk_1,124,11,0.05,0.3822580645161291,35,2,0.0022352089872583747,0.003,optimal,,9,,,2.31
streed,2,ta_monk_1,124,11,0.02,0.3096774193548387,26,5,0.009527417016215622,0.01,optimal,,9,,,2.31
streed,2,ta_monk_1,124,11,0.01,0.2535483870967742,24,6,0.24633895908482373,0.247,optimal,,9,,,2.31
streed,2,ta_monk_1,124,11,0.005,0.19483870967741934,13,18,0.23884391703177243,0.241,optimal,,9,,,2.31
streed,2,ta_iris,150,4,0.1,0.66,69,2,0.5899504999397323,0.591,optimal,,83,,,2.31
streed,2,ta_iris,150,4,0.05,0.5,45,4,30.0,30.017,time,,83,,,2.31
streed,2,ta_iris,150,4,0.02,0.3666666666666667,31,8,30.0,30.634,time,,83,,,2.31
streed,2,ta_iris,150,4,0.01,0.28,27,10,30.0,30.502,time,,83,,,2.31
streed,2,ta_iris,150,4,0.005,0.18833333333333335,14,19,30.0,30.577,time,,83,,,2.31
streed,2,ta_monk_2,169,11,0.1,0.47869822485207103,64,1,0.0025775000685825944,0.747,optimal,,10,,,2.31
streed,2,ta_monk_2,169,11,0.05,0.428698224852071,64,1,0.0029951659962534904,0.004,optimal,,10,,,2.31
streed,2,ta_monk_2,169,11,0.02,0.3603550295857988,44,5,0.04604200005996972,0.047,optimal,,10,,,2.31
streed,2,ta_monk_2,169,11,0.01,0.3007692307692308,39,7,0.3229738329537213,0.324,optimal,,10,,,2.31
streed,2,ta_monk_2,169,11,0.005,0.2602662721893491,33,13,3.892581040970981,3.901,optimal,,10,,,2.31
streed,2,ta_tic-tac-toe,958,9,0.1,0.4496868475991649,335,1,0.009331750101409853,0.182,optimal,,27,,,2.31
streed,2,ta_tic-tac-toe,958,9,0.05,0.35782881002087685,247,2,0.016294249915517867,0.017,optimal,,27,,,2.31
streed,2,ta_tic-tac-toe,958,9,0.02,0.28651356993736954,217,3,11.809976042015478,11.811,optimal,,27,,,2.31
streed,2,ta_tic-tac-toe,958,9,0.01,0.2565135699373695,217,3,30.0,30.132,time,,27,,,2.31
streed,2,ta_tic-tac-toe,958,9,0.005,0.2276722338204593,175,9,30.0,30.193,time,,27,,,2.31
streed,2,ta_gaussian_1k,1000,1,0.1,0.4,300,1,0.12812449992634356,0.377,optimal,,920,,,2.31
streed,2,ta_gaussian_1k,1000,1,0.05,0.35,300,1,30.0,30.093,time,,920,,,2.31
streed,2,ta_gaussian_1k,1000,1,0.02,0.32,300,1,30.0,30.104,time,,920,,,2.31
streed,2,ta_gaussian_1k,1000,1,0.01,0.307,287,2,30.0,30.095,time,,920,,,2.31
streed,2,ta_gaussian_1k,1000,1,0.005,0.297,287,2,30.0,30.098,time,,920,,,2.31
streed,2,ta_fico_1k,1000,23,0.1,0.42200000000000004,222,2,10.461407750030048,10.472,optimal,,1237,,,2.31
streed,2,ta_fico_1k,1000,23,0.05,0.322,222,2,30.0,30.149,time,,1237,,,2.31
streed,2,ta_fico_1k,1000,23,0.02,0.262,222,2,30.0,30.154,time,,1237,,,2.31
streed,2,ta_fico_1k,1000,23,0.01,0.22299999999999998,173,5,30.0,30.157,time,,1237,,,2.31
streed,2,ta_fico_1k,1000,23,0.005,0.197,157,8,30.0,30.168,time,,1237,,,2.31
streed,2,ta_sine_1k,1000,1,0.1,0.5529999999999999,353,2,1.3865829169517383,1.391,optimal,,876,,,2.31
streed,2,ta_sine_1k,1000,1,0.05,0.45299999999999996,353,2,30.0,30.087,time,,876,,,2.31
streed,2,ta_sine_1k,1000,1,0.02,0.39299999999999996,353,2,30.0,30.102,time,,876,,,2.31
streed,2,ta_sine_1k,1000,1,0.01,0.373,353,2,30.0,30.09,time,,876,,,2.31
streed,2,ta_sine_1k,1000,1,0.005,0.36300000000000004,343,4,30.0,30.092,time,,876,,,2.31
streed,2,ta_car_evaluation,1728,15,0.1,0.3997685185185186,518,1,0.003943041083402932,0.008,optimal,,14,,,2.31
streed,2,ta_car_evaluation,1728,15,0.05,0.34976851851851853,518,1,0.004152499954216182,0.005,optimal,,14,,,2.31
streed,2,ta_car_evaluation,1728,15,0.02,0.3047916666666667,423,3,0.03930466703604907,0.041,optimal,,14,,,2.31
streed,2,ta_car_evaluation,1728,15,0.01,0.27479166666666666,423,3,0.598023375030607,0.6,optimal,,14,,,2.31
streed,2,ta_car_evaluation,1728,15,0.005,0.2570601851851852,401,5,10.624754625023343,10.63,optimal,,14,,,2.31
streed,2,ta_coupon_bar,1913,14,0.1,0.4645060115002614,506,2,0.007539749960415065,0.237,optimal,,14,,,2.31
streed,2,ta_coupon_bar,1913,14,0.05,0.3645060115002614,506,2,0.006768624996766448,0.008,optimal,,14,,,2.31
streed,2,ta_coupon_bar,1913,14,0.02,0.29523261892315733,450,3,0.056753166019916534,0.058,optimal,,14,,,2.31
streed,2,ta_coupon_bar,1913,14,0.01,0.25334553058024045,389,5,0.7235603750450537,0.725,optimal,,14,,,2.31
streed,2,ta_coupon_bar,1913,14,0.005,0.2263225300575013,366,7,9.842959917034023,9.854,optimal,,14,,,2.31
streed,2,ta_compas_binned,6907,12,0.1,0.5240191110467642,2238,2,0.01602125004865229,0.348,optimal,,12,,,2.31
streed,2,ta_compas_binned,6907,12,0.05,0.42401911104676415,2238,2,0.005802416009828448,0.007,optimal,,12,,,2.31
streed,2,ta_compas_binned,6907,12,0.02,0.36401911104676415,2238,2,0.06292633397970349,0.065,optimal,,12,,,2.31
streed,2,ta_compas_binned,6907,12,0.01,0.3440191110467642,2238,2,0.49472058296669275,0.497,optimal,,12,,,2.31
streed,2,ta_compas_binned,6907,12,0.005,0.33005284493991605,2107,5,0.9604943330632523,0.964,optimal,,12,,,2.31
streed,2,ta_fico_binary,10459,17,0.1,0.5440099435892534,3598,2,0.008213374996557832,0.014,optimal,,16,,,2.31
streed,2,ta_fico_binary,10459,17,0.05,0.4310020078401377,2939,3,0.012206709012389183,0.015,optimal,,16,,,2.31
streed,2,ta_fico_binary,10459,17,0.02,0.3410020078401377,2939,3,0.04915029101539403,0.052,optimal,,16,,,2.31
streed,2,ta_fico_binary,10459,17,0.01,0.3087637441437996,2811,4,1.1951387920416892,1.2,optimal,,16,,,2.31
streed,2,ta_fico_binary,10459,17,0.005,0.28515871498231193,2721,5,5.149250624934211,5.155,optimal,,16,,,2.31
streed,2,ta_compas_processed,12381,22,0.1,0.40999111541878686,3838,1,5.609100916073658,5.656,optimal,,625,,,2.31
streed,2,ta_compas_processed,12381,22,0.05,0.33576447782893143,2919,2,30.0,30.487,time,,625,,,2.31
streed,2,ta_compas_processed,12381,22,0.02,0.27576447782893143,2919,2,30.0,30.484,time,,625,,,2.31
streed,2,ta_compas_processed,12381,22,0.01,0.2557644778289314,2919,2,30.0,30.485,time,,625,,,2.31
streed,2,ta_compas_processed,12381,22,0.005,0.24527219126080285,2851,3,30.0,30.486,time,,625,,,2.31
gosdt_guesses,2,ta_chudi,77,2,0.1,0.4857142857142857,22,2,0.0,1.442,optimal,53,32,0.48571428656578064,0.48571428656578064,1.47
gosdt_guesses,2,ta_chudi,77,2,0.05,0.3857142857142857,22,2,0.01,0.847,optimal,2270,32,0.3857142925262451,0.3857142925262451,1.47
gosdt_guesses,2,ta_chudi,77,2,0.02,0.3067532467532468,19,3,0.524,1.404,optimal,109791,32,0.3067532181739807,0.3067532181739807,1.47
gosdt_guesses,2,ta_chudi,77,2,0.01,0.26883116883116887,13,10,0.661,1.72,optimal,118150,32,0.26883113384246826,0.26883113384246826,1.47
gosdt_guesses,2,ta_chudi,77,2,0.005,0.20987012987012987,10,16,0.661,1.735,optimal,128216,32,0.2098701149225235,0.2098701149225235,1.47
gosdt_guesses,2,ta_monk_3,122,11,0.1,0.5278688524590164,40,2,0.0,0.871,optimal,0,9,0.5278688669204712,0.5278688669204712,1.47
gosdt_guesses,2,ta_monk_3,122,11,0.05,0.4278688524590164,40,2,0.0,0.851,optimal,11,9,0.4278688430786133,0.4278688430786133,1.47
gosdt_guesses,2,ta_monk_3,122,11,0.02,0.36327868852459017,37,3,0.0,0.86,optimal,235,9,0.36327868700027466,0.36327868700027466,1.47
gosdt_guesses,2,ta_monk_3,122,11,0.01,0.3286885245901639,34,5,0.001,0.85,optimal,817,9,0.32868847250938416,0.32868847250938416,1.47
gosdt_guesses,2,ta_monk_3,122,11,0.005,0.28770491803278686,29,10,0.003,0.85,optimal,1543,9,0.2877048850059509,0.2877048850059509,1.47
gosdt_guesses,2,ta_monk_1,124,11,0.1,0.48225806451612907,35,2,0.0,0.855,optimal,9,9,0.48225805163383484,0.48225805163383484,1.47
gosdt_guesses,2,ta_monk_1,124,11,0.05,0.3822580645161291,35,2,0.0,0.846,optimal,100,9,0.3822580575942993,0.3822580575942993,1.47
gosdt_guesses,2,ta_monk_1,124,11,0.02,0.3096774193548387,26,5,0.003,0.85,optimal,2016,9,0.3096774220466614,0.3096774220466614,1.47
gosdt_guesses,2,ta_monk_1,124,11,0.01,0.2535483870967742,24,6,0.011,0.849,optimal,5882,9,0.25354838371276855,0.25354838371276855,1.47
gosdt_guesses,2,ta_monk_1,124,11,0.005,0.19483870967741934,13,18,0.024,0.853,optimal,10758,9,0.19483870267868042,0.19483870267868042,1.47
gosdt_guesses,2,ta_iris,150,4,0.1,0.66,69,2,1.173,2.232,optimal,75895,83,0.6599999666213989,0.6599999666213989,1.47
gosdt_guesses,2,ta_iris,150,4,0.05,0.5366666666666666,58,3,30.0,31.947,time,769999,83,0.20333333313465118,0.5600000023841858,1.47
gosdt_guesses,2,ta_iris,150,4,0.02,0.44666666666666666,58,3,30.0,32.243,time,739999,83,0.1133333295583725,0.5,1.47
gosdt_guesses,2,ta_iris,150,4,0.01,0.41333333333333333,56,4,30.0,32.181,time,719999,83,0.0833333358168602,0.47999998927116394,1.47
gosdt_guesses,2,ta_iris,150,4,0.005,0.39333333333333337,56,4,30.0,31.963,time,799999,83,0.06833333522081375,0.4699999988079071,1.47
gosdt_guesses,2,ta_monk_2,169,11,0.1,0.47869822485207103,64,1,0.0,0.845,optimal,7,10,0.4786982238292694,0.4786982238292694,1.47
gosdt_guesses,2,ta_monk_2,169,11,0.05,0.428698224852071,64,1,0.0,0.858,optimal,144,10,0.42869824171066284,0.42869824171066284,1.47
gosdt_guesses,2,ta_monk_2,169,11,0.02,0.3603550295857988,44,5,0.009,0.848,optimal,4250,10,0.360355019569397,0.360355019569397,1.47
gosdt_guesses,2,ta_monk_2,169,11,0.01,0.3007692307692308,39,7,0.031,0.85,optimal,13040,10,0.30076923966407776,0.30076923966407776,1.47
gosdt_guesses,2,ta_monk_2,169,11,0.005,0.2602662721893491,33,13,0.077,0.848,optimal,29052,10,0.2602662742137909,0.2602662742137909,1.47
gosdt_guesses,2,ta_tic-tac-toe,958,9,0.1,0.4496868475991649,335,1,0.0,0.857,optimal,45,27,0.44968685507774353,0.44968685507774353,1.47
gosdt_guesses,2,ta_tic-tac-toe,958,9,0.05,0.35782881002087685,247,2,0.007,0.847,optimal,1459,27,0.3578287959098816,0.3578287959098816,1.47
gosdt_guesses,2,ta_tic-tac-toe,958,9,0.02,0.28651356993736954,217,3,7.783,8.899,optimal,899332,27,0.2865135669708252,0.2865135669708252,1.47
gosdt_guesses,2,ta_tic-tac-toe,958,9,0.01,nan,,,30.0,14.192,memory,,,,,1.47
gosdt_guesses,2,ta_tic-tac-toe,958,9,0.005,nan,,,30.0,12.292,memory,,,,,1.47
gosdt_guesses,2,ta_gaussian_1k,1000,1,0.1,0.4,300,1,0.109,1.156,optimal,863,920,0.4000000059604645,0.4000000059604645,1.47
gosdt_guesses,2,ta_gaussian_1k,1000,1,0.05,nan,,,30.0,12.787,memory,,,,,1.47
gosdt_guesses,2,ta_gaussian_1k,1000,1,0.02,nan,,,30.0,5.642,memory,,,,,1.47
gosdt_guesses,2,ta_gaussian_1k,1000,1,0.01,nan,,,30.0,5.342,memory,,,,,1.47
gosdt_guesses,2,ta_gaussian_1k,1000,1,0.005,nan,,,30.0,5.341,memory,,,,,1.47
gosdt_guesses,2,ta_fico_1k,1000,23,0.1,0.42200000000000004,222,2,12.142,13.0,optimal,69751,1237,0.4220000207424164,0.4220000207424164,1.47
gosdt_guesses,2,ta_fico_1k,1000,23,0.05,nan,,,30.0,5.921,memory,,,,,1.47
gosdt_guesses,2,ta_fico_1k,1000,23,0.02,nan,,,30.0,5.361,memory,,,,,1.47
gosdt_guesses,2,ta_fico_1k,1000,23,0.01,nan,,,30.0,5.336,memory,,,,,1.47
gosdt_guesses,2,ta_fico_1k,1000,23,0.005,nan,,,30.0,5.364,memory,,,,,1.47
gosdt_guesses,2,ta_sine_1k,1000,1,0.1,0.5529999999999999,353,2,30.0,31.82,time,289999,876,0.3569999933242798,0.5529999732971191,1.47
gosdt_guesses,2,ta_sine_1k,1000,1,0.05,nan,,,30.0,6.712,memory,,,,,1.47
gosdt_guesses,2,ta_sine_1k,1000,1,0.02,nan,,,30.0,5.891,memory,,,,,1.47
gosdt_guesses,2,ta_sine_1k,1000,1,0.01,nan,,,30.0,5.879,memory,,,,,1.47
gosdt_guesses,2,ta_sine_1k,1000,1,0.005,nan,,,30.0,5.873,memory,,,,,1.47
gosdt_guesses,2,ta_car_evaluation,1728,15,0.1,0.3997685185185186,518,1,0.0,0.863,optimal,0,14,0.39976850152015686,0.39976850152015686,1.47
gosdt_guesses,2,ta_car_evaluation,1728,15,0.05,0.34976851851851853,518,1,0.0,0.848,optimal,29,14,0.3497685194015503,0.3497685194015503,1.47
gosdt_guesses,2,ta_car_evaluation,1728,15,0.02,0.3047916666666667,423,3,0.006,0.846,optimal,1490,14,0.304791659116745,0.304791659116745,1.47
gosdt_guesses,2,ta_car_evaluation,1728,15,0.01,0.27479166666666666,423,3,0.112,1.171,optimal,23433,14,0.2747916579246521,0.2747916579246521,1.47
gosdt_guesses,2,ta_car_evaluation,1728,15,0.005,0.2570601851851852,401,5,1.029,1.977,optimal,178666,14,0.2570601999759674,0.2570601999759674,1.47
gosdt_guesses,2,ta_coupon_bar,1913,14,0.1,0.4645060115002614,506,2,0.0,0.855,optimal,3,14,0.46450603008270264,0.46450603008270264,1.47
gosdt_guesses,2,ta_coupon_bar,1913,14,0.05,0.3645060115002614,506,2,0.0,0.845,optimal,29,14,0.3645060062408447,0.3645060062408447,1.47
gosdt_guesses,2,ta_coupon_bar,1913,14,0.02,0.29523261892315733,450,3,0.021,0.85,optimal,4631,14,0.2952325940132141,0.2952325940132141,1.47
gosdt_guesses,2,ta_coupon_bar,1913,14,0.01,0.25334553058024045,389,5,0.259,1.126,optimal,50501,14,0.2533455193042755,0.2533455193042755,1.47
gosdt_guesses,2,ta_coupon_bar,1913,14,0.005,0.2263225300575013,366,7,1.416,2.549,optimal,236767,14,0.2263225018978119,0.2263225018978119,1.47
gosdt_guesses,2,ta_compas_binned,6907,12,0.1,0.5240191110467642,2238,2,0.0,0.868,optimal,0,12,0.5240191221237183,0.5240191221237183,1.47
gosdt_guesses,2,ta_compas_binned,6907,12,0.05,0.42401911104676415,2238,2,0.0,0.857,optimal,0,12,0.42401909828186035,0.42401909828186035,1.47
gosdt_guesses,2,ta_compas_binned,6907,12,0.02,0.36401911104676415,2238,2,0.0,0.852,optimal,25,12,0.36401909589767456,0.36401909589767456,1.47
gosdt_guesses,2,ta_compas_binned,6907,12,0.01,0.3440191110467642,2238,2,0.022,0.845,optimal,1938,12,0.3440191149711609,0.3440191149711609,1.47
gosdt_guesses,2,ta_compas_binned,6907,12,0.005,0.33005284493991605,2107,5,0.222,1.136,optimal,21187,12,0.33005282282829285,0.33005282282829285,1.47
gosdt_guesses,2,ta_fico_binary,10459,17,0.1,0.5440099435892534,3598,2,0.0,0.871,optimal,11,16,0.5440099239349365,0.5440099239349365,1.47
gosdt_guesses,2,ta_fico_binary,10459,17,0.05,0.4310020078401377,2939,3,0.001,0.851,optimal,71,16,0.43100202083587646,0.43100202083587646,1.47
gosdt_guesses,2,ta_fico_binary,10459,17,0.02,0.3410020078401377,2939,3,0.072,0.849,optimal,4372,16,0.3410019874572754,0.3410019874572754,1.47
gosdt_guesses,2,ta_fico_binary,10459,17,0.01,0.3087637441437996,2811,4,1.234,2.275,optimal,76535,16,0.3087637424468994,0.3087637424468994,1.47
gosdt_guesses,2,ta_fico_binary,10459,17,0.005,0.28515871498231193,2721,5,4.184,5.332,optimal,258846,16,0.2851587235927582,0.2851587235927582,1.47
gosdt_guesses,2,ta_compas_processed,12381,22,0.1,0.40999111541878686,3838,1,4.3,5.271,optimal,8819,625,0.4099911153316498,0.4099911153316498,1.47
gosdt_guesses,2,ta_compas_processed,12381,22,0.05,nan,,,30.0,4.782,memory,,,,,1.47
gosdt_guesses,2,ta_compas_processed,12381,22,0.02,nan,,,30.0,4.235,memory,,,,,1.47
gosdt_guesses,2,ta_compas_processed,12381,22,0.01,nan,,,30.0,4.228,memory,,,,,1.47
gosdt_guesses,2,ta_compas_processed,12381,22,0.005,nan,,,30.0,1.75,memory,,,,,1.47
gosdt_guesses_guided,2,ta_chudi,77,2,0.1,0.4857142857142857,22,2,0.0,0.873,heuristic,0,10,0.48571428656578064,0.48571428656578064,1.38
gosdt_guesses_guided,2,ta_chudi,77,2,0.05,0.3857142857142857,22,2,0.0,0.849,heuristic,19,10,0.3857142925262451,0.3857142925262451,1.38
gosdt_guesses_guided,2,ta_chudi,77,2,0.02,0.3067532467532468,19,3,0.0,0.85,heuristic,116,10,0.3067532181739807,0.3067532181739807,1.38
gosdt_guesses_guided,2,ta_chudi,77,2,0.01,0.2707792207792208,17,5,0.002,0.845,heuristic,785,10,0.27077922224998474,0.27077922224998474,1.38
gosdt_guesses_guided,2,ta_chudi,77,2,0.005,0.24577922077922076,17,5,0.001,0.844,heuristic,548,10,0.24577921628952026,0.24577921628952026,1.38
gosdt_guesses_guided,2,ta_monk_3,122,11,0.1,0.5278688524590164,40,2,0.0,0.846,heuristic,0,4,0.5278688669204712,0.5278688669204712,1.38
gosdt_guesses_guided,2,ta_monk_3,122,11,0.05,0.4278688524590164,40,2,0.0,0.844,heuristic,0,4,0.4278688430786133,0.4278688430786133,1.38
gosdt_guesses_guided,2,ta_monk_3,122,11,0.02,0.36327868852459017,37,3,0.0,0.837,heuristic,12,4,0.36327868700027466,0.36327868700027466,1.38
gosdt_guesses_guided,2,ta_monk_3,122,11,0.01,0.3332786885245902,37,3,0.0,0.847,heuristic,28,4,0.3332786560058594,0.3332786560058594,1.38
gosdt_guesses_guided,2,ta_monk_3,122,11,0.005,0.31188524590163935,35,5,0.0,0.849,heuristic,54,4,0.31188520789146423,0.31188520789146423,1.38
gosdt_guesses_guided,2,ta_monk_1,124,11,0.1,0.48225806451612907,35,2,0.0,0.84,heuristic,0,4,0.48225805163383484,0.48225805163383484,1.38
gosdt_guesses_guided,2,ta_monk_1,124,11,0.05,0.3822580645161291,35,2,0.0,0.841,heuristic,0,4,0.3822580575942993,0.3822580575942993,1.38
gosdt_guesses_guided,2,ta_monk_1,124,11,0.02,0.32225806451612904,35,2,0.0,0.85,heuristic,27,4,0.3222580552101135,0.3222580552101135,1.38
gosdt_guesses_guided,2,ta_monk_1,124,11,0.01,0.2838709677419355,29,5,0.0,0.845,heuristic,61,4,0.28387096524238586,0.28387096524238586,1.38
gosdt_guesses_guided,2,ta_monk_1,124,11,0.005,0.25887096774193546,29,5,0.0,0.845,heuristic,79,4,0.2588709592819214,0.2588709592819214,1.38
gosdt_guesses_guided,2,ta_iris,150,4,0.1,0.66,69,2,0.0,0.844,heuristic,13,8,0.6599999666213989,0.6599999666213989,1.38
gosdt_guesses_guided,2,ta_iris,150,4,0.05,0.5233333333333334,56,3,0.0,0.837,heuristic,56,8,0.5233333110809326,0.5233333110809326,1.38
gosdt_guesses_guided,2,ta_iris,150,4,0.02,0.42000000000000004,51,4,0.001,0.845,heuristic,547,8,0.41999998688697815,0.41999998688697815,1.38
gosdt_guesses_guided,2,ta_iris,150,4,0.01,0.37666666666666665,49,5,0.002,0.833,heuristic,950,8,0.3766666650772095,0.3766666650772095,1.38
gosdt_guesses_guided,2,ta_iris,150,4,0.005,0.3433333333333333,44,10,0.002,0.847,heuristic,1055,8,0.34333333373069763,0.34333333373069763,1.38
gosdt_guesses_guided,2,ta_monk_2,169,11,0.1,0.47869822485207103,64,1,0.0,0.847,heuristic,0,6,0.4786982238292694,0.4786982238292694,1.38
gosdt_guesses_guided,2,ta_monk_2,169,11,0.05,0.428698224852071,64,1,0.0,0.843,heuristic,3,6,0.42869824171066284,0.42869824171066284,1.38
gosdt_guesses_guided,2,ta_monk_2,169,11,0.02,0.36994082840236686,49,4,0.0,0.838,heuristic,55,6,0.3699408173561096,0.3699408173561096,1.38
gosdt_guesses_guided,2,ta_monk_2,169,11,0.01,0.3203550295857988,44,6,0.0,0.84,heuristic,207,6,0.32035502791404724,0.32035502791404724,1.38
gosdt_guesses_guided,2,ta_monk_2,169,11,0.005,0.29718934911242606,46,5,0.0,0.841,heuristic,194,6,0.2971893548965454,0.2971893548965454,1.38
gosdt_guesses_guided,2,ta_tic-tac-toe,958,9,0.1,0.4496868475991649,335,1,0.0,0.832,heuristic,0,9,0.44968685507774353,0.44968685507774353,1.38
gosdt_guesses_guided,2,ta_tic-tac-toe,958,9,0.05,0.35782881002087685,247,2,0.0,0.845,heuristic,0,9,0.3578287959098816,0.3578287959098816,1.38
gosdt_guesses_guided,2,ta_tic-tac-toe,958,9,0.02,0.28651356993736954,217,3,0.0,0.842,heuristic,17,9,0.2865135669708252,0.2865135669708252,1.38
gosdt_guesses_guided,2,ta_tic-tac-toe,958,9,0.01,0.2565135699373695,217,3,0.0,0.84,heuristic,69,9,0.2565135955810547,0.2565135955810547,1.38
gosdt_guesses_guided,2,ta_tic-tac-toe,958,9,0.005,0.23816283924843423,209,4,0.0,0.85,heuristic,180,9,0.2381628453731537,0.2381628453731537,1.38
gosdt_guesses_guided,2,ta_gaussian_1k,1000,1,0.1,0.4,300,1,0.0,1.16,heuristic,0,2,0.4000000059604645,0.4000000059604645,1.38
gosdt_guesses_guided,2,ta_gaussian_1k,1000,1,0.05,0.35,300,1,0.0,1.162,heuristic,0,2,0.3500000238418579,0.3500000238418579,1.38
gosdt_guesses_guided,2,ta_gaussian_1k,1000,1,0.02,0.32,300,1,0.0,1.17,heuristic,0,2,0.320000022649765,0.320000022649765,1.38
gosdt_guesses_guided,2,ta_gaussian_1k,1000,1,0.01,0.307,287,2,0.0,1.17,heuristic,0,2,0.3070000112056732,0.3070000112056732,1.38
gosdt_guesses_guided,2,ta_gaussian_1k,1000,1,0.005,0.297,287,2,0.0,1.136,heuristic,0,2,0.2970000207424164,0.2970000207424164,1.38
gosdt_guesses_guided,2,ta_fico_1k,1000,23,0.1,0.42200000000000004,222,2,0.0,1.128,heuristic,0,8,0.4220000207424164,0.4220000207424164,1.38
gosdt_guesses_guided,2,ta_fico_1k,1000,23,0.05,0.322,222,2,0.0,1.118,heuristic,0,8,0.32200002670288086,0.32200002670288086,1.38
gosdt_guesses_guided,2,ta_fico_1k,1000,23,0.02,0.262,222,2,0.0,1.129,heuristic,13,8,0.26200002431869507,0.26200002431869507,1.38
gosdt_guesses_guided,2,ta_fico_1k,1000,23,0.01,0.234,194,4,0.0,1.121,heuristic,228,8,0.23399999737739563,0.23399999737739563,1.38
gosdt_guesses_guided,2,ta_fico_1k,1000,23,0.005,0.214,184,6,0.001,1.122,heuristic,557,8,0.21400000154972076,0.21400000154972076,1.38
gosdt_guesses_guided,2,ta_sine_1k,1000,1,0.1,0.5529999999999999,353,2,0.0,1.148,heuristic,0,2,0.5530000329017639,0.5530000329017639,1.38
gosdt_guesses_guided,2,ta_sine_1k,1000,1,0.05,0.45299999999999996,353,2,0.0,1.149,heuristic,0,2,0.453000009059906,0.453000009059906,1.38
gosdt_guesses_guided,2,ta_sine_1k,1000,1,0.02,0.39299999999999996,353,2,0.0,1.13,heuristic,0,2,0.3930000066757202,0.3930000066757202,1.38
gosdt_guesses_guided,2,ta_sine_1k,1000,1,0.01,0.373,353,2,0.0,1.148,heuristic,0,2,0.37300002574920654,0.37300002574920654,1.38
gosdt_guesses_guided,2,ta_sine_1k,1000,1,0.005,0.363,353,2,0.0,1.159,heuristic,0,2,0.3630000352859497,0.3630000352859497,1.38
gosdt_guesses_guided,2,ta_car_evaluation,1728,15,0.1,0.3997685185185186,518,1,0.0,0.848,heuristic,0,10,0.39976850152015686,0.39976850152015686,1.38
gosdt_guesses_guided,2,ta_car_evaluation,1728,15,0.05,0.34976851851851853,518,1,0.0,0.847,heuristic,0,10,0.3497685194015503,0.3497685194015503,1.38
gosdt_guesses_guided,2,ta_car_evaluation,1728,15,0.02,0.3047916666666667,423,3,0.0,0.842,heuristic,13,10,0.304791659116745,0.304791659116745,1.38
gosdt_guesses_guided,2,ta_car_evaluation,1728,15,0.01,0.27479166666666666,423,3,0.0,0.844,heuristic,39,10,0.2747916579246521,0.2747916579246521,1.38
gosdt_guesses_guided,2,ta_car_evaluation,1728,15,0.005,0.2590046296296296,413,4,0.003,0.847,heuristic,805,10,0.2590046525001526,0.2590046525001526,1.38
gosdt_guesses_guided,2,ta_coupon_bar,1913,14,0.1,0.4645060115002614,506,2,0.0,0.848,heuristic,0,6,0.46450603008270264,0.46450603008270264,1.38
gosdt_guesses_guided,2,ta_coupon_bar,1913,14,0.05,0.3645060115002614,506,2,0.0,0.838,heuristic,0,6,0.3645060062408447,0.3645060062408447,1.38
gosdt_guesses_guided,2,ta_coupon_bar,1913,14,0.02,0.29523261892315733,450,3,0.0,0.847,heuristic,25,6,0.2952325940132141,0.2952325940132141,1.38
gosdt_guesses_guided,2,ta_coupon_bar,1913,14,0.01,0.2652326189231573,450,3,0.0,0.844,heuristic,87,6,0.2652326226234436,0.2652326226234436,1.38
gosdt_guesses_guided,2,ta_coupon_bar,1913,14,0.005,0.24507318348144275,421,5,0.0,0.846,heuristic,271,6,0.24507319927215576,0.24507319927215576,1.38
gosdt_guesses_guided,2,ta_compas_binned,6907,12,0.1,0.5240191110467642,2238,2,0.0,1.151,heuristic,0,2,0.5240191221237183,0.5240191221237183,1.38
gosdt_guesses_guided,2,ta_compas_binned,6907,12,0.05,0.42401911104676415,2238,2,0.0,1.142,heuristic,0,2,0.42401909828186035,0.42401909828186035,1.38
gosdt_guesses_guided,2,ta_compas_binned,6907,12,0.02,0.36401911104676415,2238,2,0.0,1.167,heuristic,0,2,0.36401909589767456,0.36401909589767456,1.38
gosdt_guesses_guided,2,ta_compas_binned,6907,12,0.01,0.3440191110467642,2238,2,0.0,1.184,heuristic,0,2,0.3440191149711609,0.3440191149711609,1.38
gosdt_guesses_guided,2,ta_compas_binned,6907,12,0.005,0.3340191110467642,2238,2,0.0,1.166,heuristic,0,2,0.33401909470558167,0.33401909470558167,1.38
gosdt_guesses_guided,2,ta_fico_binary,10459,17,0.1,0.5440099435892534,3598,2,0.0,1.173,heuristic,0,6,0.5440099239349365,0.5440099239349365,1.38
gosdt_guesses_guided,2,ta_fico_binary,10459,17,0.05,0.4310020078401377,2939,3,0.0,1.168,heuristic,9,6,0.43100202083587646,0.43100202083587646,1.38
gosdt_guesses_guided,2,ta_fico_binary,10459,17,0.02,0.3410020078401377,2939,3,0.0,1.139,heuristic,61,6,0.3410019874572754,0.3410019874572754,1.38
gosdt_guesses_guided,2,ta_fico_binary,10459,17,0.01,0.3087637441437996,2811,4,0.001,1.171,heuristic,115,6,0.3087637424468994,0.3087637424468994,1.38
gosdt_guesses_guided,2,ta_fico_binary,10459,17,0.005,0.28515871498231193,2721,5,0.001,1.176,heuristic,167,6,0.2851587235927582,0.2851587235927582,1.38
gosdt_guesses_guided,2,ta_compas_processed,12381,22,0.1,0.40999111541878686,3838,1,0.0,2.252,heuristic,0,17,0.4099911153316498,0.4099911153316498,1.38
gosdt_guesses_guided,2,ta_compas_processed,12381,22,0.05,0.33576447782893143,2919,2,0.0,2.251,heuristic,0,17,0.33576449751853943,0.33576449751853943,1.38
gosdt_guesses_guided,2,ta_compas_processed,12381,22,0.02,0.27576447782893143,2919,2,0.0,2.253,heuristic,0,17,0.27576446533203125,0.27576446533203125,1.38
gosdt_guesses_guided,2,ta_compas_processed,12381,22,0.01,0.2557644778289314,2919,2,0.0,2.258,heuristic,0,17,0.2557644844055176,0.2557644844055176,1.38
gosdt_guesses_guided,2,ta_compas_processed,12381,22,0.005,0.24527219126080285,2851,3,0.0,2.247,heuristic,7,17,0.2452721893787384,0.2452721893787384,1.38
split,2,ta_chudi,77,2,0.1,0.4857142857142857,22,2,0.00992658396717161,0.859,heuristic,,32,,,1.49
split,2,ta_chudi,77,2,0.05,0.3857142857142857,22,2,0.007513166987337172,0.848,heuristic,,32,,,1.49
split,2,ta_chudi,77,2,0.02,0.3067532467532468,19,3,0.01099645800422877,0.844,heuristic,,32,,,1.49
split,2,ta_chudi,77,2,0.01,0.27480519480519483,15,8,0.013210457982495427,0.852,heuristic,,32,,,1.49
split,2,ta_chudi,77,2,0.005,0.22584415584415585,12,14,0.013939000084064901,0.852,heuristic,,32,,,1.49
split,2,ta_monk_3,122,11,0.1,0.5278688524590164,40,2,0.006659458973444998,0.85,heuristic,,9,,,1.49
split,2,ta_monk_3,122,11,0.05,0.4278688524590164,40,2,0.0065904168877750635,0.85,heuristic,,9,,,1.49
split,2,ta_monk_3,122,11,0.02,0.36327868852459017,37,3,0.00667149992659688,0.85,heuristic,,9,,,1.49
split,2,ta_monk_3,122,11,0.01,0.3286885245901639,34,5,0.007064374978654087,0.843,heuristic,,9,,,1.49
split,2,ta_monk_3,122,11,0.005,0.28770491803278686,29,10,0.007058333023451269,0.855,heuristic,,9,,,1.49
split,2,ta_monk_1,124,11,0.1,0.48225806451612907,35,2,0.006635791971348226,0.844,heuristic,,9,,,1.49
split,2,ta_monk_1,124,11,0.05,0.3822580645161291,35,2,0.006670958013273776,0.854,heuristic,,9,,,1.49
split,2,ta_monk_1,124,11,0.02,0.32193548387096776,30,4,0.007333041052334011,0.852,heuristic,,9,,,1.49
split,2,ta_monk_1,124,11,0.01,0.2535483870967742,24,6,0.007365083089098334,0.855,heuristic,,9,,,1.49
split,2,ta_monk_1,124,11,0.005,0.2082258064516129,19,11,0.00763754197396338,0.844,heuristic,,9,,,1.49
split,2,ta_iris,150,4,0.1,nan,,,30.0,0.0,unsupported,,,,,1.49
split,2,ta_iris,150,4,0.05,nan,,,30.0,0.0,unsupported,,,,,1.49
split,2,ta_iris,150,4,0.02,nan,,,30.0,0.0,unsupported,,,,,1.49
split,2,ta_iris,150,4,0.01,nan,,,30.0,0.0,unsupported,,,,,1.49
split,2,ta_iris,150,4,0.005,nan,,,30.0,0.0,unsupported,,,,,1.49
split,2,ta_monk_2,169,11,0.1,0.47869822485207103,64,1,0.005759917083196342,0.849,heuristic,,10,,,1.49
split,2,ta_monk_2,169,11,0.05,0.428698224852071,64,1,0.006301291985437274,0.843,heuristic,,10,,,1.49
split,2,ta_monk_2,169,11,0.02,0.3603550295857988,44,5,0.007369291968643665,0.853,heuristic,,10,,,1.49
split,2,ta_monk_2,169,11,0.01,0.3007692307692308,39,7,0.007866374915465713,0.855,heuristic,,10,,,1.49
split,2,ta_monk_2,169,11,0.005,0.2698520710059172,38,9,0.007832084083929658,0.846,heuristic,,10,,,1.49
split,2,ta_tic-tac-toe,958,9,0.1,0.4496868475991649,335,1,0.008621542016044259,0.852,heuristic,,27,,,1.49
split,2,ta_tic-tac-toe,958,9,0.05,0.35782881002087685,247,2,0.009432499995455146,0.842,heuristic,,27,,,1.49
split,2,ta_tic-tac-toe,958,9,0.02,0.28651356993736954,217,3,0.01762262498959899,0.844,heuristic,,27,,,1.49
split,2,ta_tic-tac-toe,958,9,0.01,0.2565135699373695,217,3,0.02630154206417501,0.851,heuristic,,27,,,1.49
split,2,ta_tic-tac-toe,958,9,0.005,0.23041753653444677,192,6,0.026860208017751575,0.841,heuristic,,27,,,1.49
split,2,ta_gaussian_1k,1000,1,0.1,0.4,300,1,0.7951988329878077,1.68,heuristic,,920,,,1.49
split,2,ta_gaussian_1k,1000,1,0.05,0.35,300,1,30.0,32.543,heuristic,,920,,,1.49
split,2,ta_gaussian_1k,1000,1,0.02,0.32,300,1,30.0,32.898,heuristic,,920,,,1.49
split,2,ta_gaussian_1k,1000,1,0.01,0.307,287,2,30.0,32.548,heuristic,,920,,,1.49
split,2,ta_gaussian_1k,1000,1,0.005,0.297,287,2,30.0,33.623,heuristic,,920,,,1.49
split,2,ta_fico_1k,1000,23,0.1,0.42200000000000004,222,2,3.3631658750819042,4.15,heuristic,,1237,,,1.49
split,2,ta_fico_1k,1000,23,0.05,0.322,222,2,3.634478084044531,4.424,heuristic,,1237,,,1.49
split,2,ta_fico_1k,1000,23,0.02,0.262,222,2,30.0,68.678,heuristic,,1237,,,1.49
split,2,ta_fico_1k,1000,23,0.01,nan,,,30.0,56.087,memory,,,,,1.49
split,2,ta_fico_1k,1000,23,0.005,nan,,,30.0,50.753,memory,,,,,1.49
split,2,ta_sine_1k,1000,1,0.1,0.5529999999999999,353,2,0.6453411669936031,1.393,heuristic,,876,,,1.49
split,2,ta_sine_1k,1000,1,0.05,0.45299999999999996,353,2,5.761208166950382,6.651,heuristic,,876,,,1.49
split,2,ta_sine_1k,1000,1,0.02,0.39299999999999996,353,2,30.0,38.967,heuristic,,876,,,1.49
split,2,ta_sine_1k,1000,1,0.01,0.373,353,2,30.0,40.333,heuristic,,876,,,1.49
split,2,ta_sine_1k,1000,1,0.005,0.363,353,2,30.0,42.023,heuristic,,876,,,1.49
split,2,ta_car_evaluation,1728,15,0.1,0.3997685185185186,518,1,0.007843415951356292,0.853,heuristic,,14,,,1.49
split,2,ta_car_evaluation,1728,15,0.05,0.34976851851851853,518,1,0.008231832995079458,0.853,heuristic,,14,,,1.49
split,2,ta_car_evaluation,1728,15,0.02,0.3047916666666667,423,3,0.009274499956518412,0.852,heuristic,,14,,,1.49
split,2,ta_car_evaluation,1728,15,0.01,0.27479166666666666,423,3,0.011582416947931051,0.852,heuristic,,14,,,1.49
split,2,ta_car_evaluation,1728,15,0.005,0.2570601851851852,401,5,0.013328541070222855,0.842,heuristic,,14,,,1.49
split,2,ta_coupon_bar,1913,14,0.1,0.4645060115002614,506,2,0.009107374935410917,0.848,heuristic,,14,,,1.49
split,2,ta_coupon_bar,1913,14,0.05,0.3645060115002614,506,2,0.009192500030621886,0.85,heuristic,,14,,,1.49
split,2,ta_coupon_bar,1913,14,0.02,0.29523261892315733,450,3,0.01030804100446403,0.844,heuristic,,14,,,1.49
split,2,ta_coupon_bar,1913,14,0.01,0.26223209618400417,406,5,0.014178583049215376,0.838,heuristic,,14,,,1.49
split,2,ta_coupon_bar,1913,14,0.005,0.2263225300575013,366,7,0.015744792064651847,0.855,heuristic,,14,,,1.49
split,2,ta_compas_binned,6907,12,0.1,0.5240191110467642,2238,2,0.014184207888320088,0.855,heuristic,,12,,,1.49
split,2,ta_compas_binned,6907,12,0.05,0.42401911104676415,2238,2,0.014164249994792044,0.854,heuristic,,12,,,1.49
split,2,ta_compas_binned,6907,12,0.02,0.36401911104676415,2238,2,0.014344875002279878,0.855,heuristic,,12,,,1.49
split,2,ta_compas_binned,6907,12,0.01,0.3440191110467642,2238,2,0.014490333036519587,0.851,heuristic,,12,,,1.49
split,2,ta_compas_binned,6907,12,0.005,0.33005284493991605,2107,5,0.018307874910533428,0.844,heuristic,,12,,,1.49
split,2,ta_fico_binary,10459,17,0.1,0.5440099435892534,3598,2,0.01957062492147088,0.852,heuristic,,16,,,1.49
split,2,ta_fico_binary,10459,17,0.05,0.4310020078401377,2939,3,0.020527000073343515,0.842,heuristic,,16,,,1.49
split,2,ta_fico_binary,10459,17,0.02,0.3410020078401377,2939,3,0.020969333010725677,0.853,heuristic,,16,,,1.49
split,2,ta_fico_binary,10459,17,0.01,0.3087637441437996,2811,4,0.02953150006942451,0.853,heuristic,,16,,,1.49
split,2,ta_fico_binary,10459,17,0.005,0.28515871498231193,2721,5,0.03609420801512897,0.845,heuristic,,16,,,1.49
split,2,ta_compas_processed,12381,22,0.1,0.40999111541878686,3838,1,11.511371875065379,12.412,heuristic,,625,,,1.49
split,2,ta_compas_processed,12381,22,0.05,0.33576447782893143,2919,2,30.0,40.736,heuristic,,625,,,1.49
split,2,ta_compas_processed,12381,22,0.02,nan,,,30.0,11.108,memory,,,,,1.49
split,2,ta_compas_processed,12381,22,0.01,nan,,,30.0,11.365,memory,,,,,1.49
split,2,ta_compas_processed,12381,22,0.005,nan,,,30.0,40.043,memory,,,,,1.49
autoopttree,2,ta_chudi,77,2,0.1,0.4857142857142857,22,2,0.0011434999760240316,0.017,optimal,10,32,0.48571428571428577,0.48571428571428577,1.1
autoopttree,2,ta_chudi,77,2,0.05,0.3857142857142857,22,2,0.00180358299985528,0.003,optimal,71,32,0.38571428571428573,0.38571428571428573,1.1
autoopttree,2,ta_chudi,77,2,0.02,0.3067532467532468,19,3,0.03186524996999651,0.033,optimal,1374,32,0.3067532467532468,0.3067532467532468,1.1
autoopttree,2,ta_chudi,77,2,0.01,0.26883116883116887,13,10,0.23362945904955268,0.235,optimal,8040,32,0.26883116883116887,0.26883116883116887,1.1
autoopttree,2,ta_chudi,77,2,0.005,0.20987012987012987,10,16,0.21174337505362928,0.213,optimal,7897,32,0.20987012987012987,0.20987012987012987,1.1
autoopttree,2,ta_monk_3,122,11,0.1,0.5278688524590164,40,2,2.7292058803141117e-05,0.001,optimal,1,9,0.5278688524590164,0.5278688524590164,1.1
autoopttree,2,ta_monk_3,122,11,0.05,0.4278688524590164,40,2,8.520798292011023e-05,0.001,optimal,5,9,0.4278688524590164,0.4278688524590164,1.1
autoopttree,2,ta_monk_3,122,11,0.02,0.36327868852459017,37,3,0.000448083970695734,0.001,optimal,48,9,0.36327868852459017,0.36327868852459017,1.1
autoopttree,2,ta_monk_3,122,11,0.01,0.3286885245901639,34,5,0.001029666978865862,0.002,optimal,106,9,0.3286885245901639,0.3286885245901639,1.1
autoopttree,2,ta_monk_3,122,11,0.005,0.28770491803278686,29,10,0.001598792034201324,0.003,optimal,169,9,0.28770491803278686,0.28770491803278686,1.1
autoopttree,2,ta_monk_1,124,11,0.1,0.48225806451612907,35,2,4.9999915063381195e-05,0.001,optimal,1,9,0.48225806451612907,0.48225806451612907,1.1
autoopttree,2,ta_monk_1,124,11,0.05,0.3822580645161291,35,2,9.737501386553049e-05,0.001,optimal,3,9,0.38225806451612904,0.38225806451612904,1.1
autoopttree,2,ta_monk_1,124,11,0.02,0.3096774193548387,26,5,0.0018314170883968472,0.003,optimal,173,9,0.3096774193548387,0.3096774193548387,1.1
autoopttree,2,ta_monk_1,124,11,0.01,0.2535483870967742,24,6,0.00590183399617672,0.007,optimal,569,9,0.2535483870967742,0.2535483870967742,1.1
autoopttree,2,ta_monk_1,124,11,0.005,0.19483870967741934,13,18,0.011743959039449692,0.013,optimal,1116,9,0.19483870967741934,0.19483870967741934,1.1
autoopttree,2,ta_iris,150,4,0.1,0.66,69,2,0.004957583965733647,0.006,optimal,276,83,0.6599999999999999,0.6599999999999999,1.1
autoopttree,2,ta_iris,150,4,0.05,0.5,45,4,0.6523492920678109,0.654,optimal,25652,83,0.5,0.5,1.1
autoopttree,2,ta_iris,150,4,0.02,0.3933333333333333,35,8,30.0,30.023,time,871552,83,0.09333333333333334,0.39999999999999997,1.1
autoopttree,2,ta_iris,150,4,0.01,0.29333333333333333,26,12,30.0,30.027,time,862784,83,0.07333333333333333,0.2966666666666667,1.1
autoopttree,2,ta_iris,150,4,0.005,0.22166666666666668,19,19,30.0,30.026,time,822464,83,0.06333333333333334,0.23500000000000004,1.1
autoopttree,2,ta_monk_2,169,11,0.1,0.47869822485207103,64,1,4.7625042498111725e-05,0.001,optimal,1,10,0.47869822485207103,0.47869822485207103,1.1
autoopttree,2,ta_monk_2,169,11,0.05,0.428698224852071,64,1,0.00019491708371788263,0.001,optimal,15,10,0.428698224852071,0.428698224852071,1.1
autoopttree,2,ta_monk_2,169,11,0.02,0.3603550295857988,44,5,0.004161291057243943,0.005,optimal,426,10,0.3603550295857988,0.3603550295857988,1.1
autoopttree,2,ta_monk_2,169,11,0.01,0.3007692307692308,39,7,0.01624895806889981,0.017,optimal,1576,10,0.3007692307692308,0.3007692307692308,1.1
autoopttree,2,ta_monk_2,169,11,0.005,0.2602662721893491,33,13,0.037378332926891744,0.038,optimal,3625,10,0.26026627218934906,0.26026627218934906,1.1
autoopttree,2,ta_tic-tac-toe,958,9,0.1,0.4496868475991649,335,1,0.00017712509725242853,0.002,optimal,9,27,0.4496868475991649,0.4496868475991649,1.1
autoopttree,2,ta_tic-tac-toe,958,9,0.05,0.35782881002087685,247,2,0.003184958011843264,0.005,optimal,205,27,0.35782881002087685,0.35782881002087685,1.1
autoopttree,2,ta_tic-tac-toe,958,9,0.02,0.28651356993736954,217,3,0.3240366670070216,0.327,optimal,18799,27,0.28651356993736954,0.28651356993736954,1.1
autoopttree,2,ta_tic-tac-toe,958,9,0.01,0.2565135699373695,217,3,12.469960708986036,12.49,optimal,535225,27,0.2565135699373695,0.2565135699373695,1.1
autoopttree,2,ta_tic-tac-toe,958,9,0.005,0.2586012526096033,219,6,30.0,30.031,time,1074368,27,0.07576200417536533,0.2598643006263048,1.1
autoopttree,2,ta_gaussian_1k,1000,1,0.1,0.4,300,1,0.0003427090123295784,0.03,optimal,1,920,0.4,0.4,1.1
autoopttree,2,ta_gaussian_1k,1000,1,0.05,0.35,300,1,0.0004166659200564027,0.029,optimal,1,920,0.35,0.35,1.1
autoopttree,2,ta_gaussian_1k,1000,1,0.02,0.32,300,1,0.0004415420116856694,0.029,optimal,1,920,0.32,0.32,1.1
autoopttree,2,ta_gaussian_1k,1000,1,0.01,0.307,287,2,0.0004860420012846589,0.029,optimal,1,920,0.30700000000000005,0.30700000000000005,1.1
autoopttree,2,ta_gaussian_1k,1000,1,0.005,0.297,287,2,0.0008910000324249268,0.029,optimal,1,920,0.29700000000000004,0.29700000000000004,1.1
autoopttree,2,ta_fico_1k,1000,23,0.1,0.42200000000000004,222,2,0.009991375030949712,0.025,optimal,51,1237,0.422,0.422,1.1
autoopttree,2,ta_fico_1k,1000,23,0.05,0.322,222,2,30.0,30.054,time,613504,1237,0.1,0.322,1.1
autoopttree,2,ta_fico_1k,1000,23,0.02,0.262,222,2,30.0,30.046,time,441152,1237,0.04,0.262,1.1
autoopttree,2,ta_fico_1k,1000,23,0.01,0.23600000000000002,196,4,30.0,30.057,time,364992,1237,0.02,0.236,1.1
autoopttree,2,ta_fico_1k,1000,23,0.005,0.216,196,4,30.0,30.058,time,410304,1237,0.01,0.216,1.1
autoopttree,2,ta_sine_1k,1000,1,0.1,0.5529999999999999,353,2,0.0003653339808806777,0.033,optimal,1,876,0.553,0.553,1.1
autoopttree,2,ta_sine_1k,1000,1,0.05,0.45299999999999996,353,2,0.0004172499757260084,0.032,optimal,1,876,0.453,0.453,1.1
autoopttree,2,ta_sine_1k,1000,1,0.02,0.39299999999999996,353,2,0.0004620839608833194,0.032,optimal,1,876,0.393,0.393,1.1
autoopttree,2,ta_sine_1k,1000,1,0.01,0.373,353,2,0.00046483404003083706,0.032,optimal,1,876,0.373,0.373,1.1
autoopttree,2,ta_sine_1k,1000,1,0.005,0.363,353,2,0.00047391699627041817,0.032,optimal,1,876,0.363,0.363,1.1
autoopttree,2,ta_car_evaluation,1728,15,0.1,0.3997685185185186,518,1,2.554105594754219e-05,0.002,optimal,1,14,0.39976851851851847,0.39976851851851847,1.1
autoopttree,2,ta_car_evaluation,1728,15,0.05,0.34976851851851853,518,1,6.958399899303913e-05,0.002,optimal,1,14,0.3497685185185185,0.3497685185185185,1.1
autoopttree,2,ta_car_evaluation,1728,15,0.02,0.3047916666666667,423,3,0.001851624925620854,0.004,optimal,112,14,0.3047916666666667,0.3047916666666667,1.1
autoopttree,2,ta_car_evaluation,1728,15,0.01,0.27479166666666666,423,3,0.02215745800640434,0.024,optimal,1594,14,0.27479166666666666,0.27479166666666666,1.1
autoopttree,2,ta_car_evaluation,1728,15,0.005,0.2570601851851852,401,5,0.22954774997197092,0.232,optimal,16621,14,0.25706018518518514,0.25706018518518514,1.1
autoopttree,2,ta_coupon_bar,1913,14,0.1,0.4645060115002614,506,2,5.104194860905409e-05,0.003,optimal,2,14,0.4645060115002614,0.4645060115002614,1.1
autoopttree,2,ta_coupon_bar,1913,14,0.05,0.3645060115002614,506,2,8.124997839331627e-05,0.002,optimal,1,14,0.36450601150026135,0.36450601150026135,1.1
autoopttree,2,ta_coupon_bar,1913,14,0.02,0.29523261892315733,450,3,0.0012700409861281514,0.004,optimal,51,14,0.29523261892315733,0.29523261892315733,1.1
autoopttree,2,ta_coupon_bar,1913,14,0.01,0.25334553058024045,389,5,0.013114416971802711,0.015,optimal,664,14,0.25334553058024045,0.25334553058024045,1.1
autoopttree,2,ta_coupon_bar,1913,14,0.005,0.2263225300575013,366,7,0.26966033305507153,0.273,optimal,16637,14,0.22632253005750128,0.22632253005750128,1.1
autoopttree,2,ta_compas_binned,6907,12,0.1,0.5240191110467642,2238,2,3.600004129111767e-05,0.007,optimal,1,12,0.5240191110467641,0.5240191110467641,1.1
autoopttree,2,ta_compas_binned,6907,12,0.05,0.42401911104676415,2238,2,2.9542017728090286e-05,0.006,optimal,1,12,0.42401911104676415,0.42401911104676415,1.1
autoopttree,2,ta_compas_binned,6907,12,0.02,0.36401911104676415,2238,2,0.00017749995458871126,0.007,optimal,14,12,0.3640191110467641,0.3640191110467641,1.1
autoopttree,2,ta_compas_binned,6907,12,0.01,0.3440191110467642,2238,2,0.0012900419533252716,0.008,optimal,120,12,0.34401911104676414,0.34401911104676414,1.1
autoopttree,2,ta_compas_binned,6907,12,0.005,0.33005284493991605,2107,5,0.014347541960887611,0.021,optimal,1358,12,0.330052844939916,0.330052844939916,1.1
autoopttree,2,ta_fico_binary,10459,17,0.1,0.5440099435892534,3598,2,8.237501606345177e-05,0.013,optimal,3,16,0.5440099435892534,0.5440099435892534,1.1
autoopttree,2,ta_fico_binary,10459,17,0.05,0.4310020078401377,2939,3,0.0002669169334694743,0.013,optimal,17,16,0.43100200784013776,0.43100200784013776,1.1
autoopttree,2,ta_fico_binary,10459,17,0.02,0.3410020078401377,2939,3,0.0011536249658092856,0.015,optimal,80,16,0.3410020078401377,0.3410020078401377,1.1
autoopttree,2,ta_fico_binary,10459,17,0.01,0.3087637441437996,2811,4,0.013461583061143756,0.027,optimal,1002,16,0.3087637441437996,0.3087637441437996,1.1
autoopttree,2,ta_fico_binary,10459,17,0.005,0.28515871498231193,2721,5,0.10202808398753405,0.116,optimal,6954,16,0.2851587149823119,0.2851587149823119,1.1
autoopttree,2,ta_compas_processed,12381,22,0.1,0.40999111541878686,3838,1,0.008209125022403896,0.138,optimal,1,625,0.40999111541878686,0.40999111541878686,1.1
autoopttree,2,ta_compas_processed,12381,22,0.05,0.33576447782893143,2919,2,27.092596708098426,27.314,optimal,299346,625,0.33576447782893143,0.33576447782893143,1.1
autoopttree,2,ta_compas_processed,12381,22,0.02,0.27576447782893143,2919,2,30.0,30.262,time,240192,625,0.04008076892011954,0.27576447782893143,1.1
autoopttree,2,ta_compas_processed,12381,22,0.01,0.2557644778289314,2919,2,30.0,30.301,time,215296,625,0.02008076892011954,0.2557644778289314,1.1
autoopttree,2,ta_compas_processed,12381,22,0.005,0.24527219126080285,2851,3,30.0,30.242,time,304768,625,0.010080768920119538,0.24527219126080282,1.1
autoopttree_v40,2,ta_chudi,77,2,0.1,0.4857142857142857,22,2,0.0076047920156270266,0.027,optimal,10,32,0.48571428571428577,0.48571428571428577,1.12
autoopttree_v40,2,ta_chudi,77,2,0.05,0.3857142857142857,22,2,0.0007471670396625996,0.002,optimal,71,32,0.38571428571428573,0.38571428571428573,1.12
autoopttree_v40,2,ta_chudi,77,2,0.02,0.3067532467532468,19,3,0.009957249974831939,0.011,optimal,1410,32,0.3067532467532468,0.3067532467532468,1.12
autoopttree_v40,2,ta_chudi,77,2,0.01,0.26883116883116887,13,10,0.04905050003435463,0.05,optimal,7477,32,0.26883116883116887,0.26883116883116887,1.12
autoopttree_v40,2,ta_chudi,77,2,0.005,0.20987012987012987,10,16,0.035120374988764524,0.036,optimal,7941,32,0.20987012987012987,0.20987012987012987,1.12
autoopttree_v40,2,ta_monk_3,122,11,0.1,0.5278688524590164,40,2,0.0023174170637503266,0.004,optimal,1,9,0.5278688524590164,0.5278688524590164,1.12
autoopttree_v40,2,ta_monk_3,122,11,0.05,0.4278688524590164,40,2,1.9415980204939842e-05,0.001,optimal,5,9,0.4278688524590164,0.4278688524590164,1.12
autoopttree_v40,2,ta_monk_3,122,11,0.02,0.36327868852459017,37,3,7.433292921632528e-05,0.001,optimal,49,9,0.36327868852459017,0.36327868852459017,1.12
autoopttree_v40,2,ta_monk_3,122,11,0.01,0.3286885245901639,34,5,0.0001646250020712614,0.001,optimal,112,9,0.3286885245901639,0.3286885245901639,1.12
autoopttree_v40,2,ta_monk_3,122,11,0.005,0.28770491803278686,29,10,0.00030329206492751837,0.001,optimal,179,9,0.28770491803278686,0.28770491803278686,1.12
autoopttree_v40,2,ta_monk_1,124,11,0.1,0.48225806451612907,35,2,1.4792080037295818e-05,0.001,optimal,3,9,0.48225806451612907,0.48225806451612907,1.12
autoopttree_v40,2,ta_monk_1,124,11,0.05,0.3822580645161291,35,2,4.4915941543877125e-05,0.001,optimal,29,9,0.38225806451612904,0.38225806451612904,1.12
autoopttree_v40,2,ta_monk_1,124,11,0.02,0.3096774193548387,26,5,0.00040904199704527855,0.001,optimal,279,9,0.3096774193548387,0.3096774193548387,1.12
autoopttree_v40,2,ta_monk_1,124,11,0.01,0.2535483870967742,24,6,0.0012452920200303197,0.002,optimal,816,9,0.2535483870967742,0.2535483870967742,1.12
autoopttree_v40,2,ta_monk_1,124,11,0.005,0.19483870967741934,13,18,0.0021649160189554095,0.003,optimal,1245,9,0.19483870967741934,0.19483870967741934,1.12
autoopttree_v40,2,ta_iris,150,4,0.1,0.66,69,2,0.004521082970313728,0.006,optimal,274,83,0.6599999999999999,0.6599999999999999,1.12
autoopttree_v40,2,ta_iris,150,4,0.05,0.5,45,4,0.32100645801983774,0.322,optimal,25684,83,0.5,0.5,1.12
autoopttree_v40,2,ta_iris,150,4,0.02,0.3666666666666667,34,7,30.0,30.052,time,1658952,83,0.09333333333333334,0.36666666666666664,1.12
autoopttree_v40,2,ta_iris,150,4,0.01,0.28,27,10,30.0,30.026,time,1601331,83,0.07333333333333333,0.2833333333333334,1.12
autoopttree_v40,2,ta_iris,150,4,0.005,0.19833333333333333,14,21,30.0,30.038,time,1514065,83,0.06333333333333334,0.2,1.12
autoopttree_v40,2,ta_monk_2,169,11,0.1,0.47869822485207103,64,1,0.002650290960446,0.004,optimal,3,10,0.47869822485207103,0.47869822485207103,1.12
autoopttree_v40,2,ta_monk_2,169,11,0.05,0.428698224852071,64,1,5.6999968364834785e-05,0.001,optimal,27,10,0.428698224852071,0.428698224852071,1.12
autoopttree_v40,2,ta_monk_2,169,11,0.02,0.3603550295857988,44,5,0.0008952500065788627,0.002,optimal,608,10,0.3603550295857988,0.3603550295857988,1.12
autoopttree_v40,2,ta_monk_2,169,11,0.01,0.3007692307692308,39,7,0.00293820898514241,0.004,optimal,1806,10,0.3007692307692308,0.3007692307692308,1.12
autoopttree_v40,2,ta_monk_2,169,11,0.005,0.2602662721893491,33,13,0.007715750019997358,0.009,optimal,3898,10,0.2602662721893491,0.2602662721893491,1.12
autoopttree_v40,2,ta_tic-tac-toe,958,9,0.1,0.4496868475991649,335,1,0.0007487919647246599,0.003,optimal,9,27,0.4496868475991649,0.4496868475991649,1.12
autoopttree_v40,2,ta_tic-tac-toe,958,9,0.05,0.35782881002087685,247,2,0.0007470420096069574,0.003,optimal,205,27,0.35782881002087685,0.35782881002087685,1.12
autoopttree_v40,2,ta_tic-tac-toe,958,9,0.02,0.28651356993736954,217,3,0.07691616704687476,0.079,optimal,19419,27,0.28651356993736954,0.28651356993736954,1.12
autoopttree_v40,2,ta_tic-tac-toe,958,9,0.01,0.2565135699373695,217,3,3.4309214169625193,3.433,optimal,615577,27,0.2565135699373695,0.2565135699373695,1.12
autoopttree_v40,2,ta_tic-tac-toe,958,9,0.005,0.23058455114822546,173,10,30.0,30.024,time,3355785,27,0.07576200417536533,0.23058455114822546,1.12
autoopttree_v40,2,ta_gaussian_1k,1000,1,0.1,0.4,300,1,0.0012925410410389304,0.031,optimal,1,920,0.4,0.4,1.12
autoopttree_v40,2,ta_gaussian_1k,1000,1,0.05,0.35,300,1,0.0003576249582692981,0.029,optimal,1,920,0.35,0.35,1.12
autoopttree_v40,2,ta_gaussian_1k,1000,1,0.02,0.32,300,1,0.00039708393160253763,0.028,optimal,1,920,0.32,0.32,1.12
autoopttree_v40,2,ta_gaussian_1k,1000,1,0.01,0.307,287,2,0.0004125409759581089,0.028,optimal,1,920,0.30700000000000005,0.30700000000000005,1.12
autoopttree_v40,2,ta_gaussian_1k,1000,1,0.005,0.297,287,2,0.00047041696961969137,0.029,optimal,1,920,0.29700000000000004,0.29700000000000004,1.12
autoopttree_v40,2,ta_fico_1k,1000,23,0.1,0.42200000000000004,222,2,0.012478917022235692,0.027,optimal,51,1237,0.422,0.422,1.12
autoopttree_v40,2,ta_fico_1k,1000,23,0.05,0.322,222,2,30.0,30.026,time,962149,1237,0.1,0.322,1.12
autoopttree_v40,2,ta_fico_1k,1000,23,0.02,0.262,222,2,30.0,30.528,time,272485,1237,0.04,0.262,1.12
autoopttree_v40,2,ta_fico_1k,1000,23,0.01,0.23500000000000001,195,4,30.0,30.069,time,226396,1237,0.02,0.235,1.12
autoopttree_v40,2,ta_fico_1k,1000,23,0.005,0.2,155,9,30.0,30.053,time,287181,1237,0.01,0.20400000000000001,1.12
autoopttree_v40,2,ta_sine_1k,1000,1,0.1,0.5529999999999999,353,2,0.0019649170571938157,0.034,optimal,1,876,0.553,0.553,1.12
autoopttree_v40,2,ta_sine_1k,1000,1,0.05,0.45299999999999996,353,2,0.00032174994703382254,0.032,optimal,1,876,0.453,0.453,1.12
autoopttree_v40,2,ta_sine_1k,1000,1,0.02,0.39299999999999996,353,2,0.00036929198540747166,0.032,optimal,1,876,0.393,0.393,1.12
autoopttree_v40,2,ta_sine_1k,1000,1,0.01,0.373,353,2,0.00038441596552729607,0.032,optimal,1,876,0.373,0.373,1.12
autoopttree_v40,2,ta_sine_1k,1000,1,0.005,0.363,353,2,0.00041383306961506605,0.032,optimal,1,876,0.363,0.363,1.12
autoopttree_v40,2,ta_car_evaluation,1728,15,0.1,0.3997685185185186,518,1,0.0012434589443728328,0.004,optimal,1,14,0.39976851851851847,0.39976851851851847,1.12
autoopttree_v40,2,ta_car_evaluation,1728,15,0.05,0.34976851851851853,518,1,4.4541084207594395e-05,0.002,optimal,16,14,0.3497685185185185,0.3497685185185185,1.12
autoopttree_v40,2,ta_car_evaluation,1728,15,0.02,0.3047916666666667,423,3,0.0005141670117154717,0.003,optimal,279,14,0.3047916666666667,0.3047916666666667,1.12
autoopttree_v40,2,ta_car_evaluation,1728,15,0.01,0.27479166666666666,423,3,0.005322708981111646,0.007,optimal,2749,14,0.27479166666666666,0.27479166666666666,1.12
autoopttree_v40,2,ta_car_evaluation,1728,15,0.005,0.2570601851851852,401,5,0.04588799993507564,0.048,optimal,20449,14,0.25706018518518514,0.25706018518518514,1.12
autoopttree_v40,2,ta_coupon_bar,1913,14,0.1,0.4645060115002614,506,2,0.0005467500304803252,0.003,optimal,1,14,0.4645060115002614,0.4645060115002614,1.12
autoopttree_v40,2,ta_coupon_bar,1913,14,0.05,0.3645060115002614,506,2,3.7375022657215595e-05,0.002,optimal,10,14,0.36450601150026135,0.36450601150026135,1.12
autoopttree_v40,2,ta_coupon_bar,1913,14,0.02,0.29523261892315733,450,3,0.00044170801993459463,0.003,optimal,224,14,0.29523261892315733,0.29523261892315733,1.12
autoopttree_v40,2,ta_coupon_bar,1913,14,0.01,0.25334553058024045,389,5,0.004844582988880575,0.007,optimal,2270,14,0.25334553058024045,0.25334553058024045,1.12
autoopttree_v40,2,ta_coupon_bar,1913,14,0.005,0.2263225300575013,366,7,0.06277208297979087,0.065,optimal,23975,14,0.22632253005750128,0.22632253005750128,1.12
autoopttree_v40,2,ta_compas_binned,6907,12,0.1,0.5240191110467642,2238,2,0.0008282919880002737,0.008,optimal,1,12,0.5240191110467641,0.5240191110467641,1.12
autoopttree_v40,2,ta_compas_binned,6907,12,0.05,0.42401911104676415,2238,2,2.445792779326439e-05,0.007,optimal,1,12,0.42401911104676415,0.42401911104676415,1.12
autoopttree_v40,2,ta_compas_binned,6907,12,0.02,0.36401911104676415,2238,2,4.5291963033378124e-05,0.006,optimal,14,12,0.3640191110467641,0.3640191110467641,1.12
autoopttree_v40,2,ta_compas_binned,6907,12,0.01,0.3440191110467642,2238,2,0.0003494999837130308,0.007,optimal,120,12,0.34401911104676414,0.34401911104676414,1.12
autoopttree_v40,2,ta_compas_binned,6907,12,0.005,0.33005284493991605,2107,5,0.004037833074107766,0.011,optimal,1408,12,0.330052844939916,0.330052844939916,1.12
autoopttree_v40,2,ta_fico_binary,10459,17,0.1,0.5440099435892534,3598,2,0.0005305829690769315,0.014,optimal,3,16,0.5440099435892534,0.5440099435892534,1.12
autoopttree_v40,2,ta_fico_binary,10459,17,0.05,0.4310020078401377,2939,3,8.170900400727987e-05,0.013,optimal,17,16,0.4310020078401377,0.4310020078401377,1.12
autoopttree_v40,2,ta_fico_binary,10459,17,0.02,0.3410020078401377,2939,3,0.00037991697899997234,0.013,optimal,80,16,0.3410020078401377,0.3410020078401377,1.12
autoopttree_v40,2,ta_fico_binary,10459,17,0.01,0.3087637441437996,2811,4,0.004855458973906934,0.017,optimal,1062,16,0.3087637441437996,0.3087637441437996,1.12
autoopttree_v40,2,ta_fico_binary,10459,17,0.005,0.28515871498231193,2721,5,0.03689020802266896,0.05,optimal,7272,16,0.2851587149823119,0.2851587149823119,1.12
autoopttree_v40,2,ta_compas_processed,12381,22,0.1,0.40999111541878686,3838,1,0.009747124975547194,0.139,optimal,1,625,0.40999111541878686,0.40999111541878686,1.12
autoopttree_v40,2,ta_compas_processed,12381,22,0.05,0.33576447782893143,2919,2,20.104746915982105,20.233,optimal,300145,625,0.33576447782893143,0.33576447782893143,1.12
autoopttree_v40,2,ta_compas_processed,12381,22,0.02,0.27576447782893143,2919,2,30.0,30.222,time,166699,625,0.04008076892011954,0.27576447782893143,1.12
autoopttree_v40,2,ta_compas_processed,12381,22,0.01,0.2557644778289314,2919,2,30.0,30.197,time,203865,625,0.02008076892011954,0.2557644778289314,1.12
autoopttree_v40,2,ta_compas_processed,12381,22,0.005,0.24527219126080285,2851,3,30.0,30.136,time,307537,625,0.010080768920119538,0.24527219126080282,1.12
autoopttree_v46,2,ta_chudi,77,2,0.1,0.4857142857142857,22,2,0.021494374959729612,0.037,optimal,10,32,0.48571428571428577,0.48571428571428577,1.47
autoopttree_v46,2,ta_chudi,77,2,0.05,0.3857142857142857,22,2,0.00041870796121656895,0.002,optimal,68,32,0.38571428571428573,0.38571428571428573,1.47
autoopttree_v46,2,ta_chudi,77,2,0.02,0.3067532467532468,19,3,0.007845791056752205,0.009,optimal,1612,32,0.3067532467532468,0.3067532467532468,1.47
autoopttree_v46,2,ta_chudi,77,2,0.01,0.26883116883116887,13,10,0.022026000078767538,0.023,optimal,8888,32,0.26883116883116887,0.26883116883116887,1.47
autoopttree_v46,2,ta_chudi,77,2,0.005,0.20987012987012987,10,16,0.018283417099155486,0.019,optimal,10739,32,0.20987012987012987,0.20987012987012987,1.47
autoopttree_v46,2,ta_monk_3,122,11,0.1,0.5278688524590164,40,2,0.0005213749827817082,0.001,optimal,1,9,0.5278688524590164,0.5278688524590164,1.47
autoopttree_v46,2,ta_monk_3,122,11,0.05,0.4278688524590164,40,2,3.074994310736656e-05,0.001,optimal,6,9,0.4278688524590164,0.4278688524590164,1.47
autoopttree_v46,2,ta_monk_3,122,11,0.02,0.36327868852459017,37,3,9.08339861780405e-05,0.001,optimal,51,9,0.36327868852459017,0.36327868852459017,1.47
autoopttree_v46,2,ta_monk_3,122,11,0.01,0.3286885245901639,34,5,0.00017966702580451965,0.001,optimal,114,9,0.3286885245901639,0.3286885245901639,1.47
autoopttree_v46,2,ta_monk_3,122,11,0.005,0.28770491803278686,29,10,0.0003089169040322304,0.001,optimal,171,9,0.28770491803278686,0.28770491803278686,1.47
autoopttree_v46,2,ta_monk_1,124,11,0.1,0.48225806451612907,35,2,2.2124964743852615e-05,0.001,optimal,3,9,0.48225806451612907,0.48225806451612907,1.47
autoopttree_v46,2,ta_monk_1,124,11,0.05,0.3822580645161291,35,2,6.241595838218927e-05,0.001,optimal,31,9,0.38225806451612904,0.38225806451612904,1.47
autoopttree_v46,2,ta_monk_1,124,11,0.02,0.3096774193548387,26,5,0.0003995840670540929,0.001,optimal,255,9,0.3096774193548387,0.3096774193548387,1.47
autoopttree_v46,2,ta_monk_1,124,11,0.01,0.2535483870967742,24,6,0.001203916035592556,0.002,optimal,796,9,0.2535483870967742,0.2535483870967742,1.47
autoopttree_v46,2,ta_monk_1,124,11,0.005,0.19483870967741934,13,18,0.0021494170650839806,0.003,optimal,1246,9,0.19483870967741934,0.19483870967741934,1.47
autoopttree_v46,2,ta_iris,150,4,0.1,0.66,69,2,0.0032765419455245137,0.005,optimal,281,83,0.6599999999999999,0.6599999999999999,1.47
autoopttree_v46,2,ta_iris,150,4,0.05,0.5,45,4,0.08833570894785225,0.089,optimal,27416,83,0.5,0.5,1.47
autoopttree_v46,2,ta_iris,150,4,0.02,0.3666666666666667,31,8,30.0,30.006,time,7922108,83,0.09333333333333334,0.36666666666666664,1.47
autoopttree_v46,2,ta_iris,150,4,0.01,0.28,27,10,30.0,30.031,time,7332167,83,0.07333333333333333,0.28,1.47
autoopttree_v46,2,ta_iris,150,4,0.005,0.2,15,20,30.0,30.027,time,6691955,83,0.06333333333333334,0.2,1.47
autoopttree_v46,2,ta_monk_2,169,11,0.1,0.47869822485207103,64,1,0.0010847089579328895,0.003,optimal,3,10,0.47869822485207103,0.47869822485207103,1.47
autoopttree_v46,2,ta_monk_2,169,11,0.05,0.428698224852071,64,1,9.558303281664848e-05,0.001,optimal,29,10,0.428698224852071,0.428698224852071,1.47
autoopttree_v46,2,ta_monk_2,169,11,0.02,0.3603550295857988,44,5,0.0013609579764306545,0.003,optimal,595,10,0.3603550295857988,0.3603550295857988,1.47
autoopttree_v46,2,ta_monk_2,169,11,0.01,0.3007692307692308,39,7,0.006079333950765431,0.007,optimal,1995,10,0.3007692307692308,0.3007692307692308,1.47
autoopttree_v46,2,ta_monk_2,169,11,0.005,0.2602662721893491,33,13,0.009317332995124161,0.011,optimal,4877,10,0.2602662721893491,0.2602662721893491,1.47
autoopttree_v46,2,ta_tic-tac-toe,958,9,0.1,0.4496868475991649,335,1,0.000438041053712368,0.003,optimal,10,27,0.4496868475991649,0.4496868475991649,1.47
autoopttree_v46,2,ta_tic-tac-toe,958,9,0.05,0.35782881002087685,247,2,0.0010921250795945525,0.004,optimal,207,27,0.35782881002087685,0.35782881002087685,1.47
autoopttree_v46,2,ta_tic-tac-toe,958,9,0.02,0.28651356993736954,217,3,0.046599082998000085,0.049,optimal,22682,27,0.28651356993736954,0.28651356993736954,1.47
autoopttree_v46,2,ta_tic-tac-toe,958,9,0.01,0.2565135699373695,217,3,4.2118308750214055,4.214,optimal,2110425,27,0.2565135699373695,0.2565135699373695,1.47
autoopttree_v46,2,ta_tic-tac-toe,958,9,0.005,0.23041753653444677,192,6,30.0,30.031,time,11677593,27,0.07576200417536533,0.23041753653444674,1.47
autoopttree_v46,2,ta_gaussian_1k,1000,1,0.1,0.4,300,1,0.0008503750432282686,0.049,optimal,0,920,0.4,0.4,1.47
autoopttree_v46,2,ta_gaussian_1k,1000,1,0.05,0.35,300,1,0.0004788750084117055,0.038,optimal,0,920,0.35,0.35,1.47
autoopttree_v46,2,ta_gaussian_1k,1000,1,0.02,0.32,300,1,0.0004934170283377171,0.036,optimal,0,920,0.32,0.32,1.47
autoopttree_v46,2,ta_gaussian_1k,1000,1,0.01,0.307,287,2,0.0004915000172331929,0.034,optimal,0,920,0.30700000000000005,0.30700000000000005,1.47
autoopttree_v46,2,ta_gaussian_1k,1000,1,0.005,0.297,287,2,0.0004807499935850501,0.033,optimal,0,920,0.29700000000000004,0.29700000000000004,1.47
autoopttree_v46,2,ta_fico_1k,1000,23,0.1,0.42200000000000004,222,2,0.016041832976043224,0.032,optimal,51,1237,0.422,0.422,1.47
autoopttree_v46,2,ta_fico_1k,1000,23,0.05,0.322,222,2,30.0,30.06,time,3786256,1237,0.1,0.322,1.47
autoopttree_v46,2,ta_fico_1k,1000,23,0.02,0.262,222,2,30.0,30.03,time,2979075,1237,0.04,0.262,1.47
autoopttree_v46,2,ta_fico_1k,1000,23,0.01,0.22899999999999998,179,5,30.0,30.029,time,1369818,1237,0.02,0.229,1.47
autoopttree_v46,2,ta_fico_1k,1000,23,0.005,0.196,146,10,30.0,30.027,time,1502858,1237,0.01,0.215,1.47
autoopttree_v46,2,ta_sine_1k,1000,1,0.1,0.5529999999999999,353,2,0.0005202909233048558,0.059,optimal,0,876,0.553,0.553,1.47
autoopttree_v46,2,ta_sine_1k,1000,1,0.05,0.45299999999999996,353,2,0.0005173330428078771,0.049,optimal,0,876,0.453,0.453,1.47
autoopttree_v46,2,ta_sine_1k,1000,1,0.02,0.39299999999999996,353,2,0.0004935420583933592,0.044,optimal,0,876,0.393,0.393,1.47
autoopttree_v46,2,ta_sine_1k,1000,1,0.01,0.373,353,2,0.0004947079578414559,0.041,optimal,0,876,0.373,0.373,1.47
autoopttree_v46,2,ta_sine_1k,1000,1,0.005,0.363,353,2,0.00048395898193120956,0.038,optimal,0,876,0.363,0.363,1.47
autoopttree_v46,2,ta_car_evaluation,1728,15,0.1,0.3997685185185186,518,1,4.070799332112074e-05,0.003,optimal,1,14,0.39976851851851847,0.39976851851851847,1.47
autoopttree_v46,2,ta_car_evaluation,1728,15,0.05,0.34976851851851853,518,1,7.029203698039055e-05,0.003,optimal,17,14,0.3497685185185185,0.3497685185185185,1.47
autoopttree_v46,2,ta_car_evaluation,1728,15,0.02,0.3047916666666667,423,3,0.0006600409979000688,0.003,optimal,281,14,0.3047916666666667,0.3047916666666667,1.47
autoopttree_v46,2,ta_car_evaluation,1728,15,0.01,0.27479166666666666,423,3,0.008279124973341823,0.011,optimal,2846,14,0.27479166666666666,0.27479166666666666,1.47
autoopttree_v46,2,ta_car_evaluation,1728,15,0.005,0.2570601851851852,401,5,0.028464875067584217,0.031,optimal,25150,14,0.25706018518518514,0.25706018518518514,1.47
autoopttree_v46,2,ta_coupon_bar,1913,14,0.1,0.4645060115002614,506,2,4.8625050112605095e-05,0.003,optimal,0,14,0.4645060115002614,0.4645060115002614,1.47
autoopttree_v46,2,ta_coupon_bar,1913,14,0.05,0.3645060115002614,506,2,7.320800796151161e-05,0.003,optimal,11,14,0.36450601150026135,0.36450601150026135,1.47
autoopttree_v46,2,ta_coupon_bar,1913,14,0.02,0.29523261892315733,450,3,0.0005557910772040486,0.003,optimal,226,14,0.29523261892315733,0.29523261892315733,1.47
autoopttree_v46,2,ta_coupon_bar,1913,14,0.01,0.25334553058024045,389,5,0.009615791030228138,0.012,optimal,3006,14,0.25334553058024045,0.25334553058024045,1.47
autoopttree_v46,2,ta_coupon_bar,1913,14,0.005,0.2263225300575013,366,7,0.04893533303402364,0.052,optimal,33877,14,0.22632253005750128,0.22632253005750128,1.47
autoopttree_v46,2,ta_compas_binned,6907,12,0.1,0.5240191110467642,2238,2,0.0003902920288965106,0.008,optimal,1,12,0.5240191110467641,0.5240191110467641,1.47
autoopttree_v46,2,ta_compas_binned,6907,12,0.05,0.42401911104676415,2238,2,3.8207974284887314e-05,0.007,optimal,1,12,0.42401911104676415,0.42401911104676415,1.47
autoopttree_v46,2,ta_compas_binned,6907,12,0.02,0.36401911104676415,2238,2,8.004100527614355e-05,0.008,optimal,15,12,0.3640191110467641,0.3640191110467641,1.47
autoopttree_v46,2,ta_compas_binned,6907,12,0.01,0.3440191110467642,2238,2,0.00043508410453796387,0.008,optimal,122,12,0.34401911104676414,0.34401911104676414,1.47
autoopttree_v46,2,ta_compas_binned,6907,12,0.005,0.33005284493991605,2107,5,0.004442749894224107,0.012,optimal,1353,12,0.330052844939916,0.330052844939916,1.47
autoopttree_v46,2,ta_fico_binary,10459,17,0.1,0.5440099435892534,3598,2,0.000394499977119267,0.015,optimal,3,16,0.5440099435892534,0.5440099435892534,1.47
autoopttree_v46,2,ta_fico_binary,10459,17,0.05,0.4310020078401377,2939,3,0.00011058303061872721,0.014,optimal,18,16,0.4310020078401377,0.4310020078401377,1.47
autoopttree_v46,2,ta_fico_binary,10459,17,0.02,0.3410020078401377,2939,3,0.00045941700227558613,0.015,optimal,82,16,0.3410020078401377,0.3410020078401377,1.47
autoopttree_v46,2,ta_fico_binary,10459,17,0.01,0.3087637441437996,2811,4,0.00856729201041162,0.023,optimal,1171,16,0.3087637441437996,0.3087637441437996,1.47
autoopttree_v46,2,ta_fico_binary,10459,17,0.005,0.28515871498231193,2721,5,0.03095920803025365,0.045,optimal,11276,16,0.2851587149823119,0.2851587149823119,1.47
autoopttree_v46,2,ta_compas_processed,12381,22,0.1,0.40999111541878686,3838,1,0.009006832959130406,0.149,optimal,1,625,0.40999111541878686,0.40999111541878686,1.47
autoopttree_v46,2,ta_compas_processed,12381,22,0.05,0.33576447782893143,2919,2,8.21798629197292,8.352,optimal,444601,625,0.33576447782893143,0.33576447782893143,1.47
autoopttree_v46,2,ta_compas_processed,12381,22,0.02,0.27576447782893143,2919,2,30.0,30.212,time,4652479,625,0.04008076892011954,0.27576447782893143,1.47
autoopttree_v46,2,ta_compas_processed,12381,22,0.01,0.2557644778289314,2919,2,30.0,30.2,time,1599582,625,0.02008076892011954,0.2557644778289314,1.47
autoopttree_v46,2,ta_compas_processed,12381,22,0.005,0.24527219126080285,2851,3,30.0,30.166,time,2795239,625,0.010080768920119538,0.24527219126080282,1.47
gosdt,3,ta_chudi,77,2,0.1,0.4857142857142857,22,2,0.0,0.404,optimal,27,36,0.485714,0.485714,2.47
gosdt,3,ta_chudi,77,2,0.05,0.3857142857142857,22,2,0.002,0.339,optimal,394,36,0.385714,0.385714,2.47
gosdt,3,ta_chudi,77,2,0.02,0.3067532467532468,19,3,0.045,0.359,time,19999,36,0.20987,0.306753,2.47
gosdt,3,ta_chudi,77,2,0.01,0.27376623376623377,18,4,0.091,0.35,time,29999,36,0.17987,0.273766,2.47
gosdt,3,ta_chudi,77,2,0.005,0.25181818181818183,14,14,0.099,0.309,optimal,26985,36,0.212857,0.212857,2.47
gosdt,3,ta_monk_3,122,11,0.1,0.5278688524590164,40,2,0.0,0.354,optimal,0,13,0.527869,0.527869,2.47
gosdt,3,ta_monk_3,122,11,0.05,0.4278688524590164,40,2,0.0,0.347,optimal,9,13,0.427869,0.427869,2.47
gosdt,3,ta_monk_3,122,11,0.02,0.36327868852459017,37,3,0.0,0.304,optimal,197,13,0.363279,0.363279,2.47
gosdt,3,ta_monk_3,122,11,0.01,0.3286885245901639,34,5,0.001,0.35,optimal,758,13,0.328688,0.328688,2.47
gosdt,3,ta_monk_3,122,11,0.005,0.28770491803278686,29,10,0.003,0.36,optimal,1463,13,0.287705,0.287705,2.47
gosdt,3,ta_monk_1,124,11,0.1,0.48225806451612907,35,2,0.0,0.321,optimal,9,13,0.482258,0.482258,2.47
gosdt,3,ta_monk_1,124,11,0.05,0.3822580645161291,35,2,0.0,0.336,optimal,100,13,0.382258,0.382258,2.47
gosdt,3,ta_monk_1,124,11,0.02,0.3096774193548387,26,5,0.005,0.364,optimal,1697,13,0.309677,0.309677,2.47
gosdt,3,ta_monk_1,124,11,0.01,0.2535483870967742,24,6,0.013,0.324,optimal,5531,13,0.253548,0.253548,2.47
gosdt,3,ta_monk_1,124,11,0.005,0.19483870967741934,13,18,0.028,0.346,optimal,10464,13,0.194839,0.194839,2.47
gosdt,3,ta_iris,150,4,0.1,0.66,69,2,0.377,0.603,optimal,11506,90,0.66,0.66,2.47
gosdt,3,ta_iris,150,4,0.05,0.5366666666666666,58,3,30.0,30.624,time,809999,90,0.203333,0.56,2.47
gosdt,3,ta_iris,150,4,0.02,0.44666666666666666,58,3,30.0,30.893,time,669999,90,0.113333,0.5,2.47
gosdt,3,ta_iris,150,4,0.01,0.3933333333333333,50,6,30.0,31.128,time,599999,90,0.0833333,0.48,2.47
gosdt,3,ta_iris,150,4,0.005,0.39333333333333337,56,4,30.0,30.568,time,459999,90,0.0683333,0.47,2.47
gosdt,3,ta_monk_2,169,11,0.1,0.47869822485207103,64,1,0.0,0.34,optimal,7,13,0.478698,0.478698,2.47
gosdt,3,ta_monk_2,169,11,0.05,0.428698224852071,64,1,0.0,0.369,optimal,143,13,0.428698,0.428698,2.47
gosdt,3,ta_monk_2,169,11,0.02,0.3603550295857988,44,5,0.012,0.321,optimal,3763,13,0.360355,0.360355,2.47
gosdt,3,ta_monk_2,169,11,0.01,0.3007692307692308,39,7,0.039,0.337,optimal,12412,13,0.300769,0.300769,2.47
gosdt,3,ta_monk_2,169,11,0.005,0.2602662721893491,33,13,0.088,0.355,optimal,27354,13,0.260266,0.260266,2.47
gosdt,3,ta_tic-tac-toe,958,9,0.1,0.4496868475991649,335,1,0.001,0.316,optimal,45,38,0.449687,0.449687,2.47
gosdt,3,ta_tic-tac-toe,958,9,0.05,0.35782881002087685,247,2,0.034,0.349,optimal,1427,38,0.357829,0.357829,2.47
gosdt,3,ta_tic-tac-toe,958,9,0.02,0.28651356993736954,217,3,17.198,17.788,optimal,781056,38,0.286514,0.286514,2.47
gosdt,3,ta_tic-tac-toe,958,9,0.01,0.25816283924843425,209,4,30.0,31.363,time,859999,38,0.105762,0.274259,2.47
gosdt,3,ta_tic-tac-toe,958,9,0.005,nan,,,30.0,25.317,memory,,,,,2.47
gosdt,3,ta_gaussian_1k,1000,1,0.1,0.4,300,1,0.901,1.137,optimal,281,923,0.4,0.4,2.47
gosdt,3,ta_gaussian_1k,1000,1,0.05,0.35,300,1,30.0,47.341,time,9999,923,0.178,0.35,2.47
gosdt,3,ta_gaussian_1k,1000,1,0.02,0.32,300,1,30.0,89.189,time,9999,923,0.088,0.32,2.47
gosdt,3,ta_gaussian_1k,1000,1,0.01,nan,,,30.0,53.693,memory,,,,,2.47
gosdt,3,ta_gaussian_1k,1000,1,0.005,nan,,,30.0,1.68,memory,,,,,2.47
gosdt,3,ta_fico_1k,1000,23,0.1,nan,,,30.0,90.297,time,,,,,2.47
gosdt,3,ta_fico_1k,1000,23,0.05,nan,,,30.0,90.305,time,,,,,2.47
gosdt,3,ta_fico_1k,1000,23,0.02,nan,,,30.0,90.501,time,,,,,2.47
gosdt,3,ta_fico_1k,1000,23,0.01,nan,,,30.0,90.318,time,,,,,2.47
gosdt,3,ta_fico_1k,1000,23,0.005,nan,,,30.0,90.319,time,,,,,2.47
gosdt,3,ta_sine_1k,1000,1,0.1,0.5529999999999999,353,2,30.0,30.452,time,9999,879,0.357,0.553,2.47
gosdt,3,ta_sine_1k,1000,1,0.05,0.45299999999999996,353,2,30.0,43.632,time,9999,879,0.207,0.453,2.47
gosdt,3,ta_sine_1k,1000,1,0.02,0.39299999999999996,353,2,30.0,73.923,time,9999,879,0.117,0.393,2.47
gosdt,3,ta_sine_1k,1000,1,0.01,nan,,,30.0,1.664,memory,,,,,2.47
gosdt,3,ta_sine_1k,1000,1,0.005,nan,,,30.0,1.673,memory,,,,,2.47
gosdt,3,ta_car_evaluation,1728,15,0.1,0.3997685185185186,518,1,0.0,0.317,optimal,0,17,0.399769,0.399769,2.47
gosdt,3,ta_car_evaluation,1728,15,0.05,0.34976851851851853,518,1,0.0,0.294,optimal,29,17,0.349769,0.349769,2.47
gosdt,3,ta_car_evaluation,1728,15,0.02,0.3047916666666667,423,3,0.014,0.302,optimal,1283,17,0.304792,0.304792,2.47
gosdt,3,ta_car_evaluation,1728,15,0.01,0.27479166666666666,423,3,0.216,0.288,optimal,20811,17,0.274792,0.274792,2.47
gosdt,3,ta_car_evaluation,1728,15,0.005,0.2570601851851852,401,5,1.582,1.937,optimal,163440,17,0.25706,0.25706,2.47
gosdt,3,ta_coupon_bar,1913,14,0.1,0.4645060115002614,506,2,0.0,0.318,optimal,3,16,0.464506,0.464506,2.47
gosdt,3,ta_coupon_bar,1913,14,0.05,0.3645060115002614,506,2,0.0,0.317,optimal,29,16,0.364506,0.364506,2.47
gosdt,3,ta_coupon_bar,1913,14,0.02,0.29523261892315733,450,3,0.054,0.311,optimal,3906,16,0.295233,0.295233,2.47
gosdt,3,ta_coupon_bar,1913,14,0.01,0.25334553058024045,389,5,0.541,0.863,optimal,46750,16,0.253346,0.253346,2.47
gosdt,3,ta_coupon_bar,1913,14,0.005,0.2263225300575013,366,7,2.238,2.453,optimal,218644,16,0.226323,0.226323,2.47
gosdt,3,ta_compas_binned,6907,12,0.1,0.5240191110467642,2238,2,0.0,0.297,optimal,0,14,0.524019,0.524019,2.47
gosdt,3,ta_compas_binned,6907,12,0.05,0.42401911104676415,2238,2,0.0,0.322,optimal,0,14,0.424019,0.424019,2.47
gosdt,3,ta_compas_binned,6907,12,0.02,0.36401911104676415,2238,2,0.001,0.323,optimal,25,14,0.364019,0.364019,2.47
gosdt,3,ta_compas_binned,6907,12,0.01,0.3440191110467642,2238,2,0.059,0.295,optimal,1820,14,0.344019,0.344019,2.47
gosdt,3,ta_compas_binned,6907,12,0.005,0.33005284493991605,2107,5,0.447,0.559,optimal,19651,14,0.330053,0.330053,2.47
gosdt,3,ta_fico_binary,10459,17,0.1,0.5440099435892534,3598,2,0.0,0.305,optimal,11,19,0.54401,0.54401,2.47
gosdt,3,ta_fico_binary,10459,17,0.05,0.4310020078401377,2939,3,0.005,0.327,optimal,68,19,0.431002,0.431002,2.47
gosdt,3,ta_fico_binary,10459,17,0.02,0.3410020078401377,2939,3,0.24,0.593,optimal,3677,19,0.341002,0.341002,2.47
gosdt,3,ta_fico_binary,10459,17,0.01,0.3087637441437996,2811,4,3.371,3.558,optimal,72474,19,0.308764,0.308764,2.47
gosdt,3,ta_fico_binary,10459,17,0.005,0.28515871498231193,2721,5,10.214,10.535,optimal,243734,19,0.285159,0.285159,2.47
gosdt,3,ta_compas_processed,12381,22,0.1,nan,,,30.0,90.513,time,,,,,2.47
gosdt,3,ta_compas_processed,12381,22,0.05,nan,,,30.0,90.564,time,,,,,2.47
gosdt,3,ta_compas_processed,12381,22,0.02,nan,,,30.0,90.482,time,,,,,2.47
gosdt,3,ta_compas_processed,12381,22,0.01,nan,,,30.0,90.428,time,,,,,2.47
gosdt,3,ta_compas_processed,12381,22,0.005,nan,,,30.0,56.177,memory,,,,,2.47
pygosdt_v1,3,ta_chudi,77,2,0.1,0.4857142857142857,22,2,0.003287833067588508,0.008,optimal,16,32,0.48571428571428577,0.48571428571428577,1.96
pygosdt_v1,3,ta_chudi,77,2,0.05,0.3857142857142857,22,2,0.015703750075772405,0.017,optimal,158,32,0.38571428571428573,0.38571428571428573,1.96
pygosdt_v1,3,ta_chudi,77,2,0.02,0.3067532467532468,19,3,0.10713970789220184,0.108,optimal,2149,32,0.3067532467532468,0.3067532467532468,1.96
pygosdt_v1,3,ta_chudi,77,2,0.01,0.26883116883116887,13,10,0.17961012502200902,0.18,optimal,4290,32,0.2688311688311689,0.2688311688311689,1.96
pygosdt_v1,3,ta_chudi,77,2,0.005,0.20987012987012987,10,16,0.1876277499832213,0.188,optimal,4567,32,0.2098701298701299,0.2098701298701299,1.96
pygosdt_v1,3,ta_monk_3,122,11,0.1,0.5278688524590164,40,2,6.82090176269412e-05,0.001,optimal,1,9,0.5278688524590164,0.5278688524590164,1.96
pygosdt_v1,3,ta_monk_3,122,11,0.05,0.4278688524590164,40,2,0.00021962495520710945,0.001,optimal,6,9,0.4278688524590164,0.4278688524590164,1.96
pygosdt_v1,3,ta_monk_3,122,11,0.02,0.36327868852459017,37,3,0.0016731249634176493,0.002,optimal,62,9,0.36327868852459017,0.36327868852459017,1.96
pygosdt_v1,3,ta_monk_3,122,11,0.01,0.3286885245901639,34,5,0.003935041022486985,0.005,optimal,144,9,0.3286885245901639,0.3286885245901639,1.96
pygosdt_v1,3,ta_monk_3,122,11,0.005,0.28770491803278686,29,10,0.006027666036970913,0.007,optimal,218,9,0.28770491803278686,0.28770491803278686,1.96
pygosdt_v1,3,ta_monk_1,124,11,0.1,0.48225806451612907,35,2,0.0002013749908655882,0.001,optimal,5,9,0.48225806451612907,0.48225806451612907,1.96
pygosdt_v1,3,ta_monk_1,124,11,0.05,0.3822580645161291,35,2,0.0010199170792475343,0.002,optimal,37,9,0.38225806451612904,0.38225806451612904,1.96
pygosdt_v1,3,ta_monk_1,124,11,0.02,0.3096774193548387,26,5,0.009603792103007436,0.01,optimal,361,9,0.3096774193548387,0.3096774193548387,1.96
pygosdt_v1,3,ta_monk_1,124,11,0.01,0.2535483870967742,24,6,0.023045375011861324,0.024,optimal,864,9,0.2535483870967742,0.2535483870967742,1.96
pygosdt_v1,3,ta_monk_1,124,11,0.005,0.19483870967741934,13,18,0.04891733289696276,0.05,optimal,1507,9,0.19483870967741937,0.19483870967741937,1.96
pygosdt_v1,3,ta_iris,150,4,0.1,0.66,69,2,0.25889100006315857,0.26,optimal,5757,83,0.66,0.66,1.96
pygosdt_v1,3,ta_iris,150,4,0.05,0.5,45,4,9.528507917071693,9.536,optimal,196336,83,0.5,0.5,1.96
pygosdt_v1,3,ta_iris,150,4,0.02,0.42,45,6,30.0,30.016,time,588736,83,0.09333333333333334,0.42,1.96
pygosdt_v1,3,ta_iris,150,4,0.01,0.32666666666666666,34,10,30.0,30.011,time,555904,83,0.07333333333333333,0.32666666666666666,1.96
pygosdt_v1,3,ta_iris,150,4,0.005,0.2316666666666667,16,25,30.0,30.014,time,564736,83,0.06333333333333334,0.26000000000000006,1.96
pygosdt_v1,3,ta_monk_2,169,11,0.1,0.47869822485207103,64,1,0.00017820904031395912,0.001,optimal,4,10,0.47869822485207103,0.47869822485207103,1.96
pygosdt_v1,3,ta_monk_2,169,11,0.05,0.428698224852071,64,1,0.0012796670198440552,0.002,optimal,45,10,0.428698224852071,0.428698224852071,1.96
pygosdt_v1,3,ta_monk_2,169,11,0.02,0.3603550295857988,44,5,0.0189108750782907,0.02,optimal,674,10,0.3603550295857988,0.3603550295857988,1.96
pygosdt_v1,3,ta_monk_2,169,11,0.01,0.3007692307692308,39,7,0.057214834028854966,0.058,optimal,1771,10,0.30076923076923073,0.30076923076923073,1.96
pygosdt_v1,3,ta_monk_2,169,11,0.005,0.2602662721893491,33,13,0.11596245795954019,0.117,optimal,3427,10,0.26026627218934917,0.26026627218934917,1.96
pygosdt_v1,3,ta_tic-tac-toe,958,9,0.1,0.4496868475991649,335,1,0.000883542001247406,0.003,optimal,23,27,0.4496868475991649,0.4496868475991649,1.96
pygosdt_v1,3,ta_tic-tac-toe,958,9,0.05,0.35782881002087685,247,2,0.012968208058737218,0.015,optimal,371,27,0.35782881002087685,0.35782881002087685,1.96
pygosdt_v1,3,ta_tic-tac-toe,958,9,0.02,0.28651356993736954,217,3,2.7216874579899013,2.727,optimal,61622,27,0.2865135699373695,0.2865135699373695,1.96
pygosdt_v1,3,ta_tic-tac-toe,958,9,0.01,0.27782881002087684,247,2,30.0,30.03,time,644160,27,0.08576200417536534,0.2778288100208768,1.96
pygosdt_v1,3,ta_tic-tac-toe,958,9,0.005,0.25986430062630483,225,5,30.0,30.021,time,646848,27,0.07576200417536533,0.2598643006263048,1.96
pygosdt_v1,3,ta_gaussian_1k,1000,1,0.1,0.4,300,1,0.010189124965108931,0.049,optimal,99,920,0.4,0.4,1.96
pygosdt_v1,3,ta_gaussian_1k,1000,1,0.05,0.35,300,1,5.158267499995418,5.198,optimal,48763,920,0.35,0.35,1.96
pygosdt_v1,3,ta_gaussian_1k,1000,1,0.02,0.32,300,1,30.0,30.063,time,204480,920,0.068,0.32,1.96
pygosdt_v1,3,ta_gaussian_1k,1000,1,0.01,0.307,287,2,30.0,30.056,time,238848,920,0.048,0.30700000000000005,1.96
pygosdt_v1,3,ta_gaussian_1k,1000,1,0.005,0.297,287,2,30.0,30.067,time,263232,920,0.038,0.29700000000000004,1.96
pygosdt_v1,3,ta_fico_1k,1000,23,0.1,0.42200000000000004,222,2,1.2794239999493584,1.293,optimal,9692,1237,0.422,0.422,1.96
pygosdt_v1,3,ta_fico_1k,1000,23,0.05,0.322,222,2,30.0,30.033,time,225856,1237,0.1,0.322,1.96
pygosdt_v1,3,ta_fico_1k,1000,23,0.02,0.262,222,2,30.0,30.038,time,229440,1237,0.04,0.262,1.96
pygosdt_v1,3,ta_fico_1k,1000,23,0.01,0.242,222,2,30.0,30.03,time,237056,1237,0.02,0.242,1.96
pygosdt_v1,3,ta_fico_1k,1000,23,0.005,0.232,222,2,30.0,30.032,time,244864,1237,0.01,0.23199999999999998,1.96
pygosdt_v1,3,ta_sine_1k,1000,1,0.1,0.5529999999999999,353,2,0.5883709579939023,0.626,optimal,6165,876,0.553,0.553,1.96
pygosdt_v1,3,ta_sine_1k,1000,1,0.05,0.45299999999999996,353,2,22.87716829206329,22.92,optimal,169926,876,0.453,0.453,1.96
pygosdt_v1,3,ta_sine_1k,1000,1,0.02,0.39299999999999996,353,2,30.0,30.053,time,216768,876,0.097,0.393,1.96
pygosdt_v1,3,ta_sine_1k,1000,1,0.01,0.373,353,2,30.0,30.052,time,220096,876,0.077,0.373,1.96
pygosdt_v1,3,ta_sine_1k,1000,1,0.005,0.363,353,2,30.0,30.065,time,218368,876,0.067,0.363,1.96
pygosdt_v1,3,ta_car_evaluation,1728,15,0.1,0.3997685185185186,518,1,7.312500383704901e-05,0.003,optimal,1,14,0.39976851851851847,0.39976851851851847,1.96
pygosdt_v1,3,ta_car_evaluation,1728,15,0.05,0.34976851851851853,518,1,0.0005114169325679541,0.003,optimal,16,14,0.3497685185185185,0.3497685185185185,1.96
pygosdt_v1,3,ta_car_evaluation,1728,15,0.02,0.3047916666666667,423,3,0.008924500085413456,0.011,optimal,311,14,0.3047916666666667,0.3047916666666667,1.96
pygosdt_v1,3,ta_car_evaluation,1728,15,0.01,0.27479166666666666,423,3,0.1183272919151932,0.121,optimal,3152,14,0.27479166666666666,0.27479166666666666,1.96
pygosdt_v1,3,ta_car_evaluation,1728,15,0.005,0.2570601851851852,401,5,0.8149169998941943,0.819,optimal,21907,14,0.25706018518518514,0.25706018518518514,1.96
pygosdt_v1,3,ta_coupon_bar,1913,14,0.1,0.4645060115002614,506,2,0.00012824998702853918,0.003,optimal,2,14,0.4645060115002614,0.4645060115002614,1.96
pygosdt_v1,3,ta_coupon_bar,1913,14,0.05,0.3645060115002614,506,2,0.0006045419722795486,0.003,optimal,19,14,0.36450601150026135,0.36450601150026135,1.96
pygosdt_v1,3,ta_coupon_bar,1913,14,0.02,0.29523261892315733,450,3,0.022324249963276088,0.025,optimal,820,14,0.29523261892315733,0.29523261892315733,1.96
pygosdt_v1,3,ta_coupon_bar,1913,14,0.01,0.25334553058024045,389,5,0.2880429580109194,0.291,optimal,7830,14,0.25334553058024045,0.25334553058024045,1.96
pygosdt_v1,3,ta_coupon_bar,1913,14,0.005,0.2263225300575013,366,7,1.2075877910247073,1.212,optimal,31683,14,0.22632253005750128,0.22632253005750128,1.96
pygosdt_v1,3,ta_compas_binned,6907,12,0.1,0.5240191110467642,2238,2,8.77920538187027e-05,0.006,optimal,1,12,0.5240191110467641,0.5240191110467641,1.96
pygosdt_v1,3,ta_compas_binned,6907,12,0.05,0.42401911104676415,2238,2,7.308297790586948e-05,0.006,optimal,1,12,0.42401911104676415,0.42401911104676415,1.96
pygosdt_v1,3,ta_compas_binned,6907,12,0.02,0.36401911104676415,2238,2,0.0005255830474197865,0.007,optimal,14,12,0.3640191110467641,0.3640191110467641,1.96
pygosdt_v1,3,ta_compas_binned,6907,12,0.01,0.3440191110467642,2238,2,0.010974459000863135,0.019,optimal,343,12,0.34401911104676414,0.34401911104676414,1.96
pygosdt_v1,3,ta_compas_binned,6907,12,0.005,0.33005284493991605,2107,5,0.10410558304283768,0.111,optimal,2687,12,0.330052844939916,0.330052844939916,1.96
pygosdt_v1,3,ta_fico_binary,10459,17,0.1,0.5440099435892534,3598,2,0.00028149993158876896,0.013,optimal,6,16,0.5440099435892534,0.5440099435892534,1.96
pygosdt_v1,3,ta_fico_binary,10459,17,0.05,0.4310020078401377,2939,3,0.0007763750618323684,0.013,optimal,20,16,0.43100200784013776,0.43100200784013776,1.96
pygosdt_v1,3,ta_fico_binary,10459,17,0.02,0.3410020078401377,2939,3,0.003462917055003345,0.016,optimal,96,16,0.3410020078401377,0.3410020078401377,1.96
pygosdt_v1,3,ta_fico_binary,10459,17,0.01,0.3087637441437996,2811,4,0.0559764999197796,0.069,optimal,1257,16,0.3087637441437996,0.3087637441437996,1.96
pygosdt_v1,3,ta_fico_binary,10459,17,0.005,0.28515871498231193,2721,5,0.4580919579602778,0.472,optimal,9997,16,0.2851587149823119,0.2851587149823119,1.96
pygosdt_v1,3,ta_compas_processed,12381,22,0.1,0.40999111541878686,3838,1,0.1920214999699965,0.314,optimal,1369,625,0.40999111541878686,0.40999111541878686,1.96
pygosdt_v1,3,ta_compas_processed,12381,22,0.05,0.33576447782893143,2919,2,30.0,30.169,time,205760,625,0.10008076892011954,0.33576447782893143,1.96
pygosdt_v1,3,ta_compas_processed,12381,22,0.02,0.27576447782893143,2919,2,30.0,30.171,time,207488,625,0.04008076892011954,0.27576447782893143,1.96
pygosdt_v1,3,ta_compas_processed,12381,22,0.01,0.2557644778289314,2919,2,30.0,30.173,time,210880,625,0.02008076892011954,0.2557644778289314,1.96
pygosdt_v1,3,ta_compas_processed,12381,22,0.005,0.24527219126080285,2851,3,30.0,30.175,time,219584,625,0.010080768920119538,0.24527219126080282,1.96
streed,3,ta_chudi,77,2,0.1,0.4857142857142857,22,2,0.006057250080630183,0.007,optimal,,32,,,1.0
streed,3,ta_chudi,77,2,0.05,0.3857142857142857,22,2,0.007645500008948147,0.008,optimal,,32,,,1.0
streed,3,ta_chudi,77,2,0.02,0.3067532467532468,19,3,0.5946002500131726,0.595,optimal,,32,,,1.0
streed,3,ta_chudi,77,2,0.01,0.26883116883116887,13,10,30.0,30.011,time,,32,,,1.0
streed,3,ta_chudi,77,2,0.005,0.20987012987012987,10,16,30.0,30.067,time,,32,,,1.0
streed,3,ta_monk_3,122,11,0.1,0.5278688524590164,40,2,0.0023644169559702277,0.056,optimal,,9,,,1.0
streed,3,ta_monk_3,122,11,0.05,0.4278688524590164,40,2,0.0020881249802187085,0.003,optimal,,9,,,1.0
streed,3,ta_monk_3,122,11,0.02,0.36327868852459017,37,3,0.04454883304424584,0.045,optimal,,9,,,1.0
streed,3,ta_monk_3,122,11,0.01,0.3286885245901639,34,5,0.3554388330085203,0.357,optimal,,9,,,1.0
streed,3,ta_monk_3,122,11,0.005,0.28770491803278686,29,10,0.18977508298121393,0.191,optimal,,9,,,1.0
streed,3,ta_monk_1,124,11,0.1,0.48225806451612907,35,2,0.002201499999500811,0.003,optimal,,9,,,1.0
streed,3,ta_monk_1,124,11,0.05,0.3822580645161291,35,2,0.0022142910165712237,0.003,optimal,,9,,,1.0
streed,3,ta_monk_1,124,11,0.02,0.3096774193548387,26,5,0.009588500019162893,0.011,optimal,,9,,,1.0
streed,3,ta_monk_1,124,11,0.01,0.2535483870967742,24,6,0.24207095801830292,0.243,optimal,,9,,,1.0
streed,3,ta_monk_1,124,11,0.005,0.19483870967741934,13,18,0.22316912503447384,0.225,optimal,,9,,,1.0
streed,3,ta_iris,150,4,0.1,0.66,69,2,0.5724885419476777,0.58,optimal,,83,,,1.0
streed,3,ta_iris,150,4,0.05,0.5,45,4,30.0,30.016,time,,83,,,1.0
streed,3,ta_iris,150,4,0.02,0.3666666666666667,31,8,30.0,30.632,time,,83,,,1.0
streed,3,ta_iris,150,4,0.01,0.28,27,10,30.0,30.504,time,,83,,,1.0
streed,3,ta_iris,150,4,0.005,0.18833333333333335,14,19,30.0,30.581,time,,83,,,1.0
streed,3,ta_monk_2,169,11,0.1,0.47869822485207103,64,1,0.002580125001259148,0.749,optimal,,10,,,1.0
streed,3,ta_monk_2,169,11,0.05,0.428698224852071,64,1,0.0026498750085011125,0.003,optimal,,10,,,1.0
streed,3,ta_monk_2,169,11,0.02,0.3603550295857988,44,5,0.04542804206721485,0.047,optimal,,10,,,1.0
streed,3,ta_monk_2,169,11,0.01,0.3007692307692308,39,7,0.3311045829905197,0.333,optimal,,10,,,1.0
streed,3,ta_monk_2,169,11,0.005,0.2602662721893491,33,13,3.2191277500241995,3.222,optimal,,10,,,1.0
streed,3,ta_tic-tac-toe,958,9,0.1,0.4496868475991649,335,1,0.006760583957657218,0.101,optimal,,27,,,1.0
streed,3,ta_tic-tac-toe,958,9,0.05,0.35782881002087685,247,2,0.015964417019858956,0.017,optimal,,27,,,1.0
streed,3,ta_tic-tac-toe,958,9,0.02,0.28651356993736954,217,3,11.362273250008002,11.364,optimal,,27,,,1.0
streed,3,ta_tic-tac-toe,958,9,0.01,0.2565135699373695,217,3,30.0,30.127,time,,27,,,1.0
streed,3,ta_tic-tac-toe,958,9,0.005,0.2276722338204593,175,9,30.0,30.19,time,,27,,,1.0
streed,3,ta_gaussian_1k,1000,1,0.1,0.4,300,1,0.12351975007914007,0.385,optimal,,920,,,1.0
streed,3,ta_gaussian_1k,1000,1,0.05,0.35,300,1,30.0,30.092,time,,920,,,1.0
streed,3,ta_gaussian_1k,1000,1,0.02,0.32,300,1,30.0,30.097,time,,920,,,1.0
streed,3,ta_gaussian_1k,1000,1,0.01,0.307,287,2,30.0,30.095,time,,920,,,1.0
streed,3,ta_gaussian_1k,1000,1,0.005,0.297,287,2,30.0,30.095,time,,920,,,1.0
streed,3,ta_fico_1k,1000,23,0.1,0.42200000000000004,222,2,10.30520645796787,10.316,optimal,,1237,,,1.0
streed,3,ta_fico_1k,1000,23,0.05,0.322,222,2,30.0,30.155,time,,1237,,,1.0
streed,3,ta_fico_1k,1000,23,0.02,0.262,222,2,30.0,30.15,time,,1237,,,1.0
streed,3,ta_fico_1k,1000,23,0.01,0.22299999999999998,173,5,30.0,30.152,time,,1237,,,1.0
streed,3,ta_fico_1k,1000,23,0.005,0.197,157,8,30.0,30.161,time,,1237,,,1.0
streed,3,ta_sine_1k,1000,1,0.1,0.5529999999999999,353,2,1.3640510418917984,1.369,optimal,,876,,,1.0
streed,3,ta_sine_1k,1000,1,0.05,0.45299999999999996,353,2,30.0,30.086,time,,876,,,1.0
streed,3,ta_sine_1k,1000,1,0.02,0.39299999999999996,353,2,30.0,30.101,time,,876,,,1.0
streed,3,ta_sine_1k,1000,1,0.01,0.373,353,2,30.0,30.09,time,,876,,,1.0
streed,3,ta_sine_1k,1000,1,0.005,0.36300000000000004,343,4,30.0,30.09,time,,876,,,1.0
streed,3,ta_car_evaluation,1728,15,0.1,0.3997685185185186,518,1,0.003942082985304296,0.007,optimal,,14,,,1.0
streed,3,ta_car_evaluation,1728,15,0.05,0.34976851851851853,518,1,0.004252290935255587,0.005,optimal,,14,,,1.0
streed,3,ta_car_evaluation,1728,15,0.02,0.3047916666666667,423,3,0.03825929097365588,0.04,optimal,,14,,,1.0
streed,3,ta_car_evaluation,1728,15,0.01,0.27479166666666666,423,3,0.6012582500698045,0.603,optimal,,14,,,1.0
streed,3,ta_car_evaluation,1728,15,0.005,0.2570601851851852,401,5,9.97179820900783,9.981,optimal,,14,,,1.0
streed,3,ta_coupon_bar,1913,14,0.1,0.4645060115002614,506,2,0.007198874955065548,0.275,optimal,,14,,,1.0
streed,3,ta_coupon_bar,1913,14,0.05,0.3645060115002614,506,2,0.006643124972470105,0.008,optimal,,14,,,1.0
streed,3,ta_coupon_bar,1913,14,0.02,0.29523261892315733,450,3,0.05264716595411301,0.054,optimal,,14,,,1.0
streed,3,ta_coupon_bar,1913,14,0.01,0.25334553058024045,389,5,0.7186473329784349,0.721,optimal,,14,,,1.0
streed,3,ta_coupon_bar,1913,14,0.005,0.2263225300575013,366,7,9.949853333062492,9.959,optimal,,14,,,1.0
streed,3,ta_compas_binned,6907,12,0.1,0.5240191110467642,2238,2,0.016202082973904908,0.297,optimal,,12,,,1.0
streed,3,ta_compas_binned,6907,12,0.05,0.42401911104676415,2238,2,0.005526166991330683,0.007,optimal,,12,,,1.0
streed,3,ta_compas_binned,6907,12,0.02,0.36401911104676415,2238,2,0.06415270792786032,0.066,optimal,,12,,,1.0
streed,3,ta_compas_binned,6907,12,0.01,0.3440191110467642,2238,2,0.49807904195040464,0.5,optimal,,12,,,1.0
streed,3,ta_compas_binned,6907,12,0.005,0.33005284493991605,2107,5,0.9657250000163913,0.97,optimal,,12,,,1.0
streed,3,ta_fico_binary,10459,17,0.1,0.5440099435892534,3598,2,0.008143333019688725,0.013,optimal,,16,,,1.0
streed,3,ta_fico_binary,10459,17,0.05,0.4310020078401377,2939,3,0.011564832995645702,0.014,optimal,,16,,,1.0
streed,3,ta_fico_binary,10459,17,0.02,0.3410020078401377,2939,3,0.048645000089891255,0.051,optimal,,16,,,1.0
streed,3,ta_fico_binary,10459,17,0.01,0.3087637441437996,2811,4,1.2013699170202017,1.205,optimal,,16,,,1.0
streed,3,ta_fico_binary,10459,17,0.005,0.28515871498231193,2721,5,5.119873582967557,5.125,optimal,,16,,,1.0
streed,3,ta_compas_processed,12381,22,0.1,0.40999111541878686,3838,1,5.7301090830005705,5.776,optimal,,625,,,1.0
streed,3,ta_compas_processed,12381,22,0.05,0.33576447782893143,2919,2,30.0,30.474,time,,625,,,1.0
streed,3,ta_compas_processed,12381,22,0.02,0.27576447782893143,2919,2,30.0,30.49,time,,625,,,1.0
streed,3,ta_compas_processed,12381,22,0.01,0.2557644778289314,2919,2,30.0,30.474,time,,625,,,1.0
streed,3,ta_compas_processed,12381,22,0.005,0.24527219126080285,2851,3,30.0,30.482,time,,625,,,1.0
gosdt_guesses,3,ta_chudi,77,2,0.1,0.4857142857142857,22,2,0.0,1.149,optimal,53,32,0.48571428656578064,0.48571428656578064,1.14
gosdt_guesses,3,ta_chudi,77,2,0.05,0.3857142857142857,22,2,0.011,0.845,optimal,2270,32,0.3857142925262451,0.3857142925262451,1.14
gosdt_guesses,3,ta_chudi,77,2,0.02,0.3067532467532468,19,3,0.526,1.422,optimal,109791,32,0.3067532181739807,0.3067532181739807,1.14
gosdt_guesses,3,ta_chudi,77,2,0.01,0.26883116883116887,13,10,0.624,1.4,optimal,118150,32,0.26883113384246826,0.26883113384246826,1.14
gosdt_guesses,3,ta_chudi,77,2,0.005,0.20987012987012987,10,16,0.67,1.728,optimal,128216,32,0.2098701149225235,0.2098701149225235,1.14
gosdt_guesses,3,ta_monk_3,122,11,0.1,0.5278688524590164,40,2,0.0,0.87,optimal,0,9,0.5278688669204712,0.5278688669204712,1.14
gosdt_guesses,3,ta_monk_3,122,11,0.05,0.4278688524590164,40,2,0.0,0.851,optimal,11,9,0.4278688430786133,0.4278688430786133,1.14
gosdt_guesses,3,ta_monk_3,122,11,0.02,0.36327868852459017,37,3,0.0,0.85,optimal,235,9,0.36327868700027466,0.36327868700027466,1.14
gosdt_guesses,3,ta_monk_3,122,11,0.01,0.3286885245901639,34,5,0.001,0.841,optimal,817,9,0.32868847250938416,0.32868847250938416,1.14
gosdt_guesses,3,ta_monk_3,122,11,0.005,0.28770491803278686,29,10,0.003,0.854,optimal,1543,9,0.2877048850059509,0.2877048850059509,1.14
gosdt_guesses,3,ta_monk_1,124,11,0.1,0.48225806451612907,35,2,0.0,0.847,optimal,9,9,0.48225805163383484,0.48225805163383484,1.14
gosdt_guesses,3,ta_monk_1,124,11,0.05,0.3822580645161291,35,2,0.0,0.852,optimal,100,9,0.3822580575942993,0.3822580575942993,1.14
gosdt_guesses,3,ta_monk_1,124,11,0.02,0.3096774193548387,26,5,0.004,0.855,optimal,2016,9,0.3096774220466614,0.3096774220466614,1.14
gosdt_guesses,3,ta_monk_1,124,11,0.01,0.2535483870967742,24,6,0.012,0.839,optimal,5882,9,0.25354838371276855,0.25354838371276855,1.14
gosdt_guesses,3,ta_monk_1,124,11,0.005,0.19483870967741934,13,18,0.025,0.85,optimal,10758,9,0.19483870267868042,0.19483870267868042,1.14
gosdt_guesses,3,ta_iris,150,4,0.1,0.66,69,2,1.195,2.268,optimal,75895,83,0.6599999666213989,0.6599999666213989,1.14
gosdt_guesses,3,ta_iris,150,4,0.05,0.5366666666666666,58,3,30.0,31.927,time,779999,83,0.20333333313465118,0.5600000023841858,1.14
gosdt_guesses,3,ta_iris,150,4,0.02,0.44666666666666666,58,3,30.0,31.93,time,749999,83,0.1133333295583725,0.5,1.14
gosdt_guesses,3,ta_iris,150,4,0.01,0.41333333333333333,56,4,30.0,32.238,time,779999,83,0.0833333358168602,0.47999998927116394,1.14
gosdt_guesses,3,ta_iris,150,4,0.005,0.39333333333333337,56,4,30.0,31.967,time,729999,83,0.06833333522081375,0.4699999988079071,1.14
gosdt_guesses,3,ta_monk_2,169,11,0.1,0.47869822485207103,64,1,0.0,0.854,optimal,7,10,0.4786982238292694,0.4786982238292694,1.14
gosdt_guesses,3,ta_monk_2,169,11,0.05,0.428698224852071,64,1,0.0,0.851,optimal,144,10,0.42869824171066284,0.42869824171066284,1.14
gosdt_guesses,3,ta_monk_2,169,11,0.02,0.3603550295857988,44,5,0.009,0.854,optimal,4250,10,0.360355019569397,0.360355019569397,1.14
gosdt_guesses,3,ta_monk_2,169,11,0.01,0.3007692307692308,39,7,0.032,0.847,optimal,13040,10,0.30076923966407776,0.30076923966407776,1.14
gosdt_guesses,3,ta_monk_2,169,11,0.005,0.2602662721893491,33,13,0.078,0.846,optimal,29052,10,0.2602662742137909,0.2602662742137909,1.14
gosdt_guesses,3,ta_tic-tac-toe,958,9,0.1,0.4496868475991649,335,1,0.0,0.847,optimal,45,27,0.44968685507774353,0.44968685507774353,1.14
gosdt_guesses,3,ta_tic-tac-toe,958,9,0.05,0.35782881002087685,247,2,0.007,0.848,optimal,1459,27,0.3578287959098816,0.3578287959098816,1.14
gosdt_guesses,3,ta_tic-tac-toe,958,9,0.02,0.28651356993736954,217,3,7.677,8.937,optimal,899332,27,0.2865135669708252,0.2865135669708252,1.14
gosdt_guesses,3,ta_tic-tac-toe,958,9,0.01,nan,,,30.0,14.208,memory,,,,,1.14
gosdt_guesses,3,ta_tic-tac-toe,958,9,0.005,nan,,,30.0,12.293,memory,,,,,1.14
gosdt_guesses,3,ta_gaussian_1k,1000,1,0.1,0.4,300,1,0.107,1.175,optimal,863,920,0.4000000059604645,0.4000000059604645,1.14
gosdt_guesses,3,ta_gaussian_1k,1000,1,0.05,nan,,,30.0,12.772,memory,,,,,1.14
gosdt_guesses,3,ta_gaussian_1k,1000,1,0.02,nan,,,30.0,5.336,memory,,,,,1.14
gosdt_guesses,3,ta_gaussian_1k,1000,1,0.01,nan,,,30.0,5.32,memory,,,,,1.14
gosdt_guesses,3,ta_gaussian_1k,1000,1,0.005,nan,,,30.0,5.338,memory,,,,,1.14
gosdt_guesses,3,ta_fico_1k,1000,23,0.1,0.42200000000000004,222,2,11.905,13.006,optimal,69751,1237,0.4220000207424164,0.4220000207424164,1.14
gosdt_guesses,3,ta_fico_1k,1000,23,0.05,nan,,,30.0,5.599,memory,,,,,1.14
gosdt_guesses,3,ta_fico_1k,1000,23,0.02,nan,,,30.0,5.349,memory,,,,,1.14
gosdt_guesses,3,ta_fico_1k,1000,23,0.01,nan,,,30.0,5.355,memory,,,,,1.14
gosdt_guesses,3,ta_fico_1k,1000,23,0.005,nan,,,30.0,5.315,memory,,,,,1.14
gosdt_guesses,3,ta_sine_1k,1000,1,0.1,0.5529999999999999,353,2,30.0,31.514,time,289999,876,0.3569999933242798,0.5529999732971191,1.14
gosdt_guesses,3,ta_sine_1k,1000,1,0.05,nan,,,30.0,6.717,memory,,,,,1.14
gosdt_guesses,3,ta_sine_1k,1000,1,0.02,nan,,,30.0,5.834,memory,,,,,1.14
gosdt_guesses,3,ta_sine_1k,1000,1,0.01,nan,,,30.0,5.885,memory,,,,,1.14
gosdt_guesses,3,ta_sine_1k,1000,1,0.005,nan,,,30.0,5.901,memory,,,,,1.14
gosdt_guesses,3,ta_car_evaluation,1728,15,0.1,0.3997685185185186,518,1,0.0,0.867,optimal,0,14,0.39976850152015686,0.39976850152015686,1.14
gosdt_guesses,3,ta_car_evaluation,1728,15,0.05,0.34976851851851853,518,1,0.0,0.86,optimal,29,14,0.3497685194015503,0.3497685194015503,1.14
gosdt_guesses,3,ta_car_evaluation,1728,15,0.02,0.3047916666666667,423,3,0.006,0.855,optimal,1490,14,0.304791659116745,0.304791659116745,1.14
gosdt_guesses,3,ta_car_evaluation,1728,15,0.01,0.27479166666666666,423,3,0.113,1.153,optimal,23433,14,0.2747916579246521,0.2747916579246521,1.14
gosdt_guesses,3,ta_car_evaluation,1728,15,0.005,0.2570601851851852,401,5,1.028,1.978,optimal,178666,14,0.2570601999759674,0.2570601999759674,1.14
gosdt_guesses,3,ta_coupon_bar,1913,14,0.1,0.4645060115002614,506,2,0.0,0.855,optimal,3,14,0.46450603008270264,0.46450603008270264,1.14
gosdt_guesses,3,ta_coupon_bar,1913,14,0.05,0.3645060115002614,506,2,0.0,0.852,optimal,29,14,0.3645060062408447,0.3645060062408447,1.14
gosdt_guesses,3,ta_coupon_bar,1913,14,0.02,0.29523261892315733,450,3,0.021,0.853,optimal,4631,14,0.2952325940132141,0.2952325940132141,1.14
gosdt_guesses,3,ta_coupon_bar,1913,14,0.01,0.25334553058024045,389,5,0.265,1.135,optimal,50501,14,0.2533455193042755,0.2533455193042755,1.14
gosdt_guesses,3,ta_coupon_bar,1913,14,0.005,0.2263225300575013,366,7,1.41,2.557,optimal,236767,14,0.2263225018978119,0.2263225018978119,1.14
gosdt_guesses,3,ta_compas_binned,6907,12,0.1,0.5240191110467642,2238,2,0.0,0.881,optimal,0,12,0.5240191221237183,0.5240191221237183,1.14
gosdt_guesses,3,ta_compas_binned,6907,12,0.05,0.42401911104676415,2238,2,0.0,0.852,optimal,0,12,0.42401909828186035,0.42401909828186035,1.14
gosdt_guesses,3,ta_compas_binned,6907,12,0.02,0.36401911104676415,2238,2,0.0,0.855,optimal,25,12,0.36401909589767456,0.36401909589767456,1.14
gosdt_guesses,3,ta_compas_binned,6907,12,0.01,0.3440191110467642,2238,2,0.022,0.852,optimal,1938,12,0.3440191149711609,0.3440191149711609,1.14
gosdt_guesses,3,ta_compas_binned,6907,12,0.005,0.33005284493991605,2107,5,0.226,1.128,optimal,21187,12,0.33005282282829285,0.33005282282829285,1.14
gosdt_guesses,3,ta_fico_binary,10459,17,0.1,0.5440099435892534,3598,2,0.0,0.872,optimal,11,16,0.5440099239349365,0.5440099239349365,1.14
gosdt_guesses,3,ta_fico_binary,10459,17,0.05,0.4310020078401377,2939,3,0.001,0.845,optimal,71,16,0.43100202083587646,0.43100202083587646,1.14
gosdt_guesses,3,ta_fico_binary,10459,17,0.02,0.3410020078401377,2939,3,0.072,0.848,optimal,4372,16,0.3410019874572754,0.3410019874572754,1.14
gosdt_guesses,3,ta_fico_binary,10459,17,0.01,0.3087637441437996,2811,4,1.233,2.245,optimal,76535,16,0.3087637424468994,0.3087637424468994,1.14
gosdt_guesses,3,ta_fico_binary,10459,17,0.005,0.28515871498231193,2721,5,4.171,5.35,optimal,258846,16,0.2851587235927582,0.2851587235927582,1.14
gosdt_guesses,3,ta_compas_processed,12381,22,0.1,0.40999111541878686,3838,1,4.291,5.304,optimal,8819,625,0.4099911153316498,0.4099911153316498,1.14
gosdt_guesses,3,ta_compas_processed,12381,22,0.05,nan,,,30.0,4.794,memory,,,,,1.14
gosdt_guesses,3,ta_compas_processed,12381,22,0.02,nan,,,30.0,4.24,memory,,,,,1.14
gosdt_guesses,3,ta_compas_processed,12381,22,0.01,nan,,,30.0,4.199,memory,,,,,1.14
gosdt_guesses,3,ta_compas_processed,12381,22,0.005,nan,,,30.0,1.451,memory,,,,,1.14
gosdt_guesses_guided,3,ta_chudi,77,2,0.1,0.4857142857142857,22,2,0.0,0.89,heuristic,0,10,0.48571428656578064,0.48571428656578064,1.09
gosdt_guesses_guided,3,ta_chudi,77,2,0.05,0.3857142857142857,22,2,0.0,0.846,heuristic,19,10,0.3857142925262451,0.3857142925262451,1.09
gosdt_guesses_guided,3,ta_chudi,77,2,0.02,0.3067532467532468,19,3,0.0,0.857,heuristic,116,10,0.3067532181739807,0.3067532181739807,1.09
gosdt_guesses_guided,3,ta_chudi,77,2,0.01,0.2707792207792208,17,5,0.002,0.847,heuristic,785,10,0.27077922224998474,0.27077922224998474,1.09
gosdt_guesses_guided,3,ta_chudi,77,2,0.005,0.24577922077922076,17,5,0.001,0.851,heuristic,548,10,0.24577921628952026,0.24577921628952026,1.09
gosdt_guesses_guided,3,ta_monk_3,122,11,0.1,0.5278688524590164,40,2,0.0,0.847,heuristic,0,4,0.5278688669204712,0.5278688669204712,1.09
gosdt_guesses_guided,3,ta_monk_3,122,11,0.05,0.4278688524590164,40,2,0.0,0.848,heuristic,0,4,0.4278688430786133,0.4278688430786133,1.09
gosdt_guesses_guided,3,ta_monk_3,122,11,0.02,0.36327868852459017,37,3,0.0,0.851,heuristic,12,4,0.36327868700027466,0.36327868700027466,1.09
gosdt_guesses_guided,3,ta_monk_3,122,11,0.01,0.3332786885245902,37,3,0.0,0.842,heuristic,28,4,0.3332786560058594,0.3332786560058594,1.09
gosdt_guesses_guided,3,ta_monk_3,122,11,0.005,0.31188524590163935,35,5,0.0,0.84,heuristic,54,4,0.31188520789146423,0.31188520789146423,1.09
gosdt_guesses_guided,3,ta_monk_1,124,11,0.1,0.48225806451612907,35,2,0.0,0.841,heuristic,0,4,0.48225805163383484,0.48225805163383484,1.09
gosdt_guesses_guided,3,ta_monk_1,124,11,0.05,0.3822580645161291,35,2,0.0,0.847,heuristic,0,4,0.3822580575942993,0.3822580575942993,1.09
gosdt_guesses_guided,3,ta_monk_1,124,11,0.02,0.32225806451612904,35,2,0.0,0.852,heuristic,27,4,0.3222580552101135,0.3222580552101135,1.09
gosdt_guesses_guided,3,ta_monk_1,124,11,0.01,0.2838709677419355,29,5,0.0,0.849,heuristic,61,4,0.28387096524238586,0.28387096524238586,1.09
gosdt_guesses_guided,3,ta_monk_1,124,11,0.005,0.25887096774193546,29,5,0.0,0.843,heuristic,79,4,0.2588709592819214,0.2588709592819214,1.09
gosdt_guesses_guided,3,ta_iris,150,4,0.1,0.66,69,2,0.0,0.848,heuristic,13,8,0.6599999666213989,0.6599999666213989,1.09
gosdt_guesses_guided,3,ta_iris,150,4,0.05,0.5233333333333334,56,3,0.0,0.832,heuristic,56,8,0.5233333110809326,0.5233333110809326,1.09
gosdt_guesses_guided,3,ta_iris,150,4,0.02,0.42000000000000004,51,4,0.001,0.84,heuristic,547,8,0.41999998688697815,0.41999998688697815,1.09
gosdt_guesses_guided,3,ta_iris,150,4,0.01,0.37666666666666665,49,5,0.002,0.826,heuristic,950,8,0.3766666650772095,0.3766666650772095,1.09
gosdt_guesses_guided,3,ta_iris,150,4,0.005,0.3433333333333333,44,10,0.002,0.846,heuristic,1055,8,0.34333333373069763,0.34333333373069763,1.09
gosdt_guesses_guided,3,ta_monk_2,169,11,0.1,0.47869822485207103,64,1,0.0,0.841,heuristic,0,6,0.4786982238292694,0.4786982238292694,1.09
gosdt_guesses_guided,3,ta_monk_2,169,11,0.05,0.428698224852071,64,1,0.0,0.837,heuristic,3,6,0.42869824171066284,0.42869824171066284,1.09
gosdt_guesses_guided,3,ta_monk_2,169,11,0.02,0.36994082840236686,49,4,0.0,0.85,heuristic,55,6,0.3699408173561096,0.3699408173561096,1.09
gosdt_guesses_guided,3,ta_monk_2,169,11,0.01,0.3203550295857988,44,6,0.0,0.848,heuristic,207,6,0.32035502791404724,0.32035502791404724,1.09
gosdt_guesses_guided,3,ta_monk_2,169,11,0.005,0.29718934911242606,46,5,0.0,0.849,heuristic,194,6,0.2971893548965454,0.2971893548965454,1.09
gosdt_guesses_guided,3,ta_tic-tac-toe,958,9,0.1,0.4496868475991649,335,1,0.0,0.844,heuristic,0,9,0.44968685507774353,0.44968685507774353,1.09
gosdt_guesses_guided,3,ta_tic-tac-toe,958,9,0.05,0.35782881002087685,247,2,0.0,0.847,heuristic,0,9,0.3578287959098816,0.3578287959098816,1.09
gosdt_guesses_guided,3,ta_tic-tac-toe,958,9,0.02,0.28651356993736954,217,3,0.0,0.839,heuristic,17,9,0.2865135669708252,0.2865135669708252,1.09
gosdt_guesses_guided,3,ta_tic-tac-toe,958,9,0.01,0.2565135699373695,217,3,0.0,0.847,heuristic,69,9,0.2565135955810547,0.2565135955810547,1.09
gosdt_guesses_guided,3,ta_tic-tac-toe,958,9,0.005,0.23816283924843423,209,4,0.0,0.84,heuristic,180,9,0.2381628453731537,0.2381628453731537,1.09
gosdt_guesses_guided,3,ta_gaussian_1k,1000,1,0.1,0.4,300,1,0.0,1.164,heuristic,0,2,0.4000000059604645,0.4000000059604645,1.09
gosdt_guesses_guided,3,ta_gaussian_1k,1000,1,0.05,0.35,300,1,0.0,1.178,heuristic,0,2,0.3500000238418579,0.3500000238418579,1.09
gosdt_guesses_guided,3,ta_gaussian_1k,1000,1,0.02,0.32,300,1,0.0,1.165,heuristic,0,2,0.320000022649765,0.320000022649765,1.09
gosdt_guesses_guided,3,ta_gaussian_1k,1000,1,0.01,0.307,287,2,0.0,1.155,heuristic,0,2,0.3070000112056732,0.3070000112056732,1.09
gosdt_guesses_guided,3,ta_gaussian_1k,1000,1,0.005,0.297,287,2,0.0,1.132,heuristic,0,2,0.2970000207424164,0.2970000207424164,1.09
gosdt_guesses_guided,3,ta_fico_1k,1000,23,0.1,0.42200000000000004,222,2,0.0,1.123,heuristic,0,8,0.4220000207424164,0.4220000207424164,1.09
gosdt_guesses_guided,3,ta_fico_1k,1000,23,0.05,0.322,222,2,0.0,1.127,heuristic,0,8,0.32200002670288086,0.32200002670288086,1.09
gosdt_guesses_guided,3,ta_fico_1k,1000,23,0.02,0.262,222,2,0.0,1.133,heuristic,13,8,0.26200002431869507,0.26200002431869507,1.09
gosdt_guesses_guided,3,ta_fico_1k,1000,23,0.01,0.234,194,4,0.0,1.129,heuristic,228,8,0.23399999737739563,0.23399999737739563,1.09
gosdt_guesses_guided,3,ta_fico_1k,1000,23,0.005,0.214,184,6,0.001,1.134,heuristic,557,8,0.21400000154972076,0.21400000154972076,1.09
gosdt_guesses_guided,3,ta_sine_1k,1000,1,0.1,0.5529999999999999,353,2,0.0,1.154,heuristic,0,2,0.5530000329017639,0.5530000329017639,1.09
gosdt_guesses_guided,3,ta_sine_1k,1000,1,0.05,0.45299999999999996,353,2,0.0,1.159,heuristic,0,2,0.453000009059906,0.453000009059906,1.09
gosdt_guesses_guided,3,ta_sine_1k,1000,1,0.02,0.39299999999999996,353,2,0.0,1.14,heuristic,0,2,0.3930000066757202,0.3930000066757202,1.09
gosdt_guesses_guided,3,ta_sine_1k,1000,1,0.01,0.373,353,2,0.0,1.13,heuristic,0,2,0.37300002574920654,0.37300002574920654,1.09
gosdt_guesses_guided,3,ta_sine_1k,1000,1,0.005,0.363,353,2,0.0,1.158,heuristic,0,2,0.3630000352859497,0.3630000352859497,1.09
gosdt_guesses_guided,3,ta_car_evaluation,1728,15,0.1,0.3997685185185186,518,1,0.0,0.856,heuristic,0,10,0.39976850152015686,0.39976850152015686,1.09
gosdt_guesses_guided,3,ta_car_evaluation,1728,15,0.05,0.34976851851851853,518,1,0.0,0.849,heuristic,0,10,0.3497685194015503,0.3497685194015503,1.09
gosdt_guesses_guided,3,ta_car_evaluation,1728,15,0.02,0.3047916666666667,423,3,0.0,0.84,heuristic,13,10,0.304791659116745,0.304791659116745,1.09
gosdt_guesses_guided,3,ta_car_evaluation,1728,15,0.01,0.27479166666666666,423,3,0.0,0.852,heuristic,39,10,0.2747916579246521,0.2747916579246521,1.09
gosdt_guesses_guided,3,ta_car_evaluation,1728,15,0.005,0.2590046296296296,413,4,0.003,0.851,heuristic,805,10,0.2590046525001526,0.2590046525001526,1.09
gosdt_guesses_guided,3,ta_coupon_bar,1913,14,0.1,0.4645060115002614,506,2,0.0,0.849,heuristic,0,6,0.46450603008270264,0.46450603008270264,1.09
gosdt_guesses_guided,3,ta_coupon_bar,1913,14,0.05,0.3645060115002614,506,2,0.0,0.847,heuristic,0,6,0.3645060062408447,0.3645060062408447,1.09
gosdt_guesses_guided,3,ta_coupon_bar,1913,14,0.02,0.29523261892315733,450,3,0.0,0.84,heuristic,25,6,0.2952325940132141,0.2952325940132141,1.09
gosdt_guesses_guided,3,ta_coupon_bar,1913,14,0.01,0.2652326189231573,450,3,0.0,0.845,heuristic,87,6,0.2652326226234436,0.2652326226234436,1.09
gosdt_guesses_guided,3,ta_coupon_bar,1913,14,0.005,0.24507318348144275,421,5,0.0,0.852,heuristic,271,6,0.24507319927215576,0.24507319927215576,1.09
gosdt_guesses_guided,3,ta_compas_binned,6907,12,0.1,0.5240191110467642,2238,2,0.0,1.134,heuristic,0,2,0.5240191221237183,0.5240191221237183,1.09
gosdt_guesses_guided,3,ta_compas_binned,6907,12,0.05,0.42401911104676415,2238,2,0.0,1.132,heuristic,0,2,0.42401909828186035,0.42401909828186035,1.09
gosdt_guesses_guided,3,ta_compas_binned,6907,12,0.02,0.36401911104676415,2238,2,0.0,1.171,heuristic,0,2,0.36401909589767456,0.36401909589767456,1.09
gosdt_guesses_guided,3,ta_compas_binned,6907,12,0.01,0.3440191110467642,2238,2,0.0,1.19,heuristic,0,2,0.3440191149711609,0.3440191149711609,1.09
gosdt_guesses_guided,3,ta_compas_binned,6907,12,0.005,0.3340191110467642,2238,2,0.0,1.188,heuristic,0,2,0.33401909470558167,0.33401909470558167,1.09
gosdt_guesses_guided,3,ta_fico_binary,10459,17,0.1,0.5440099435892534,3598,2,0.0,1.168,heuristic,0,6,0.5440099239349365,0.5440099239349365,1.09
gosdt_guesses_guided,3,ta_fico_binary,10459,17,0.05,0.4310020078401377,2939,3,0.0,1.139,heuristic,9,6,0.43100202083587646,0.43100202083587646,1.09
gosdt_guesses_guided,3,ta_fico_binary,10459,17,0.02,0.3410020078401377,2939,3,0.0,1.145,heuristic,61,6,0.3410019874572754,0.3410019874572754,1.09
gosdt_guesses_guided,3,ta_fico_binary,10459,17,0.01,0.3087637441437996,2811,4,0.001,1.161,heuristic,115,6,0.3087637424468994,0.3087637424468994,1.09
gosdt_guesses_guided,3,ta_fico_binary,10459,17,0.005,0.28515871498231193,2721,5,0.001,1.164,heuristic,167,6,0.2851587235927582,0.2851587235927582,1.09
gosdt_guesses_guided,3,ta_compas_processed,12381,22,0.1,0.40999111541878686,3838,1,0.0,2.26,heuristic,0,17,0.4099911153316498,0.4099911153316498,1.09
gosdt_guesses_guided,3,ta_compas_processed,12381,22,0.05,0.33576447782893143,2919,2,0.0,2.241,heuristic,0,17,0.33576449751853943,0.33576449751853943,1.09
gosdt_guesses_guided,3,ta_compas_processed,12381,22,0.02,0.27576447782893143,2919,2,0.0,2.2,heuristic,0,17,0.27576446533203125,0.27576446533203125,1.09
gosdt_guesses_guided,3,ta_compas_processed,12381,22,0.01,0.2557644778289314,2919,2,0.0,2.204,heuristic,0,17,0.2557644844055176,0.2557644844055176,1.09
gosdt_guesses_guided,3,ta_compas_processed,12381,22,0.005,0.24527219126080285,2851,3,0.0,2.209,heuristic,7,17,0.2452721893787384,0.2452721893787384,1.09
split,3,ta_chudi,77,2,0.1,0.4857142857142857,22,2,0.009951874963007867,0.847,heuristic,,32,,,1.44
split,3,ta_chudi,77,2,0.05,0.3857142857142857,22,2,0.007297666044905782,0.837,heuristic,,32,,,1.44
split,3,ta_chudi,77,2,0.02,0.3067532467532468,19,3,0.010842583025805652,0.838,heuristic,,32,,,1.44
split,3,ta_chudi,77,2,0.01,0.27480519480519483,15,8,0.013434374937787652,0.838,heuristic,,32,,,1.44
split,3,ta_chudi,77,2,0.005,0.22584415584415585,12,14,0.014021708047948778,0.837,heuristic,,32,,,1.44
split,3,ta_monk_3,122,11,0.1,0.5278688524590164,40,2,0.00659883301705122,0.828,heuristic,,9,,,1.44
split,3,ta_monk_3,122,11,0.05,0.4278688524590164,40,2,0.00651495810598135,0.839,heuristic,,9,,,1.44
split,3,ta_monk_3,122,11,0.02,0.36327868852459017,37,3,0.006666667060926557,0.833,heuristic,,9,,,1.44
split,3,ta_monk_3,122,11,0.01,0.3286885245901639,34,5,0.0067552500404417515,0.839,heuristic,,9,,,1.44
split,3,ta_monk_3,122,11,0.005,0.28770491803278686,29,10,0.006995375035330653,0.839,heuristic,,9,,,1.44
split,3,ta_monk_1,124,11,0.1,0.48225806451612907,35,2,0.006835457985289395,0.839,heuristic,,9,,,1.44
split,3,ta_monk_1,124,11,0.05,0.3822580645161291,35,2,0.0066499580862000585,0.827,heuristic,,9,,,1.44
split,3,ta_monk_1,124,11,0.02,0.32193548387096776,30,4,0.007055458030663431,0.841,heuristic,,9,,,1.44
split,3,ta_monk_1,124,11,0.01,0.2535483870967742,24,6,0.007390665938146412,0.838,heuristic,,9,,,1.44
split,3,ta_monk_1,124,11,0.005,0.2082258064516129,19,11,0.007674791966564953,0.836,heuristic,,9,,,1.44
split,3,ta_iris,150,4,0.1,nan,,,30.0,0.002,unsupported,,,,,1.44
split,3,ta_iris,150,4,0.05,nan,,,30.0,0.0,unsupported,,,,,1.44
split,3,ta_iris,150,4,0.02,nan,,,30.0,0.0,unsupported,,,,,1.44
split,3,ta_iris,150,4,0.01,nan,,,30.0,0.0,unsupported,,,,,1.44
split,3,ta_iris,150,4,0.005,nan,,,30.0,0.0,unsupported,,,,,1.44
split,3,ta_monk_2,169,11,0.1,0.47869822485207103,64,1,0.005918291048146784,0.838,heuristic,,10,,,1.44
split,3,ta_monk_2,169,11,0.05,0.428698224852071,64,1,0.006339666899293661,0.839,heuristic,,10,,,1.44
split,3,ta_monk_2,169,11,0.02,0.3603550295857988,44,5,0.007370374980382621,0.828,heuristic,,10,,,1.44
split,3,ta_monk_2,169,11,0.01,0.3007692307692308,39,7,0.007577250013127923,0.837,heuristic,,10,,,1.44
split,3,ta_monk_2,169,11,0.005,0.2698520710059172,38,9,0.007821499952115119,0.837,heuristic,,10,,,1.44
split,3,ta_tic-tac-toe,958,9,0.1,0.4496868475991649,335,1,0.008640542044304311,0.837,heuristic,,27,,,1.44
split,3,ta_tic-tac-toe,958,9,0.05,0.35782881002087685,247,2,0.009424083051271737,0.831,heuristic,,27,,,1.44
split,3,ta_tic-tac-toe,958,9,0.02,0.28651356993736954,217,3,0.017883708933368325,0.838,heuristic,,27,,,1.44
split,3,ta_tic-tac-toe,958,9,0.01,0.2565135699373695,217,3,0.02734362508635968,0.833,heuristic,,27,,,1.44
split,3,ta_tic-tac-toe,958,9,0.005,0.23041753653444677,192,6,0.027490166015923023,0.839,heuristic,,27,,,1.44
split,3,ta_gaussian_1k,1000,1,0.1,0.4,300,1,0.8028935419861227,1.651,heuristic,,920,,,1.44
split,3,ta_gaussian_1k,1000,1,0.05,0.35,300,1,30.0,32.435,heuristic,,920,,,1.44
split,3,ta_gaussian_1k,1000,1,0.02,0.32,300,1,30.0,32.964,heuristic,,920,,,1.44
split,3,ta_gaussian_1k,1000,1,0.01,0.307,287,2,30.0,32.431,heuristic,,920,,,1.44
split,3,ta_gaussian_1k,1000,1,0.005,0.297,287,2,30.0,32.683,heuristic,,920,,,1.44
split,3,ta_fico_1k,1000,23,0.1,0.42200000000000004,222,2,3.398252333048731,4.4,heuristic,,1237,,,1.44
split,3,ta_fico_1k,1000,23,0.05,0.322,222,2,3.9149108750279993,4.989,heuristic,,1237,,,1.44
split,3,ta_fico_1k,1000,23,0.02,0.262,222,2,30.0,69.957,heuristic,,1237,,,1.44
split,3,ta_fico_1k,1000,23,0.01,0.243,223,2,30.0,68.087,heuristic,,1237,,,1.44
split,3,ta_fico_1k,1000,23,0.005,0.22899999999999998,209,4,30.0,67.767,heuristic,,1237,,,1.44
split,3,ta_sine_1k,1000,1,0.1,0.5529999999999999,353,2,0.6820066660875455,1.869,heuristic,,876,,,1.44
split,3,ta_sine_1k,1000,1,0.05,0.45299999999999996,353,2,6.959570250008255,7.778,heuristic,,876,,,1.44
split,3,ta_sine_1k,1000,1,0.02,0.39299999999999996,353,2,30.0,39.086,heuristic,,876,,,1.44
split,3,ta_sine_1k,1000,1,0.01,0.373,353,2,30.0,41.057,heuristic,,876,,,1.44
split,3,ta_sine_1k,1000,1,0.005,0.363,353,2,30.0,41.941,heuristic,,876,,,1.44
split,3,ta_car_evaluation,1728,15,0.1,0.3997685185185186,518,1,0.007876500021666288,0.808,heuristic,,14,,,1.44
split,3,ta_car_evaluation,1728,15,0.05,0.34976851851851853,518,1,0.008263083058409393,0.802,heuristic,,14,,,1.44
split,3,ta_car_evaluation,1728,15,0.02,0.3047916666666667,423,3,0.009353082976303995,0.8,heuristic,,14,,,1.44
split,3,ta_car_evaluation,1728,15,0.01,0.27479166666666666,423,3,0.011951708002015948,0.798,heuristic,,14,,,1.44
split,3,ta_car_evaluation,1728,15,0.005,0.2570601851851852,401,5,0.013442917028442025,0.798,heuristic,,14,,,1.44
split,3,ta_coupon_bar,1913,14,0.1,0.4645060115002614,506,2,0.009463499998673797,1.083,heuristic,,14,,,1.44
split,3,ta_coupon_bar,1913,14,0.05,0.3645060115002614,506,2,0.009409792022779584,0.815,heuristic,,14,,,1.44
split,3,ta_coupon_bar,1913,14,0.02,0.29523261892315733,450,3,0.010401041014119983,1.088,heuristic,,14,,,1.44
split,3,ta_coupon_bar,1913,14,0.01,0.26223209618400417,406,5,0.014009666978381574,0.806,heuristic,,14,,,1.44
split,3,ta_coupon_bar,1913,14,0.005,0.2263225300575013,366,7,0.015992000000551343,0.8,heuristic,,14,,,1.44
split,3,ta_compas_binned,6907,12,0.1,0.5240191110467642,2238,2,0.01597879105247557,1.076,heuristic,,12,,,1.44
split,3,ta_compas_binned,6907,12,0.05,0.42401911104676415,2238,2,0.01604450005106628,1.089,heuristic,,12,,,1.44
split,3,ta_compas_binned,6907,12,0.02,0.36401911104676415,2238,2,0.018803542014211416,1.073,heuristic,,12,,,1.44
split,3,ta_compas_binned,6907,12,0.01,0.3440191110467642,2238,2,0.017876792000606656,1.081,heuristic,,12,,,1.44
split,3,ta_compas_binned,6907,12,0.005,0.33005284493991605,2107,5,0.020206458983011544,1.073,heuristic,,12,,,1.44
split,3,ta_fico_binary,10459,17,0.1,0.5440099435892534,3598,2,0.020529833040200174,1.09,heuristic,,16,,,1.44
split,3,ta_fico_binary,10459,17,0.05,0.4310020078401377,2939,3,0.020187582937069237,1.095,heuristic,,16,,,1.44
split,3,ta_fico_binary,10459,17,0.02,0.3410020078401377,2939,3,0.021230999962426722,1.099,heuristic,,16,,,1.44
split,3,ta_fico_binary,10459,17,0.01,0.3087637441437996,2811,4,0.030042166938073933,1.377,heuristic,,16,,,1.44
split,3,ta_fico_binary,10459,17,0.005,0.28515871498231193,2721,5,0.036680541932582855,1.103,heuristic,,16,,,1.44
split,3,ta_compas_processed,12381,22,0.1,0.40999111541878686,3838,1,11.786307125003077,12.708,heuristic,,625,,,1.44
split,3,ta_compas_processed,12381,22,0.05,0.33576447782893143,2919,2,30.0,42.396,heuristic,,625,,,1.44
split,3,ta_compas_processed,12381,22,0.02,0.27576447782893143,2919,2,30.0,45.149,heuristic,,625,,,1.44
split,3,ta_compas_processed,12381,22,0.01,0.2557644778289314,2919,2,30.0,47.132,heuristic,,625,,,1.44
split,3,ta_compas_processed,12381,22,0.005,0.24527219126080285,2851,3,30.0,74.742,heuristic,,625,,,1.44
autoopttree,3,ta_chudi,77,2,0.1,0.4857142857142857,22,2,0.0022711249766871333,0.018,optimal,10,32,0.48571428571428577,0.48571428571428577,2.84
autoopttree,3,ta_chudi,77,2,0.05,0.3857142857142857,22,2,0.004015624988824129,0.006,optimal,71,32,0.38571428571428573,0.38571428571428573,2.84
autoopttree,3,ta_chudi,77,2,0.02,0.3067532467532468,19,3,0.0446837090421468,0.046,optimal,1374,32,0.3067532467532468,0.3067532467532468,2.84
autoopttree,3,ta_chudi,77,2,0.01,0.26883116883116887,13,10,0.23918504093308002,0.244,optimal,8040,32,0.26883116883116887,0.26883116883116887,2.84
autoopttree,3,ta_chudi,77,2,0.005,0.20987012987012987,10,16,0.21259983303025365,0.216,optimal,7897,32,0.20987012987012987,0.20987012987012987,2.84
autoopttree,3,ta_monk_3,122,11,0.1,0.5278688524590164,40,2,2.7499976567924023e-05,0.001,optimal,1,9,0.5278688524590164,0.5278688524590164,2.84
autoopttree,3,ta_monk_3,122,11,0.05,0.4278688524590164,40,2,8.14999220892787e-05,0.001,optimal,5,9,0.4278688524590164,0.4278688524590164,2.84
autoopttree,3,ta_monk_3,122,11,0.02,0.36327868852459017,37,3,0.00045004195999354124,0.001,optimal,48,9,0.36327868852459017,0.36327868852459017,2.84
autoopttree,3,ta_monk_3,122,11,0.01,0.3286885245901639,34,5,0.0010209999745711684,0.002,optimal,106,9,0.3286885245901639,0.3286885245901639,2.84
autoopttree,3,ta_monk_3,122,11,0.005,0.28770491803278686,29,10,0.001627290970645845,0.002,optimal,169,9,0.28770491803278686,0.28770491803278686,2.84
autoopttree,3,ta_monk_1,124,11,0.1,0.48225806451612907,35,2,4.954100586473942e-05,0.001,optimal,1,9,0.48225806451612907,0.48225806451612907,2.84
autoopttree,3,ta_monk_1,124,11,0.05,0.3822580645161291,35,2,9.358406532555819e-05,0.001,optimal,3,9,0.38225806451612904,0.38225806451612904,2.84
autoopttree,3,ta_monk_1,124,11,0.02,0.3096774193548387,26,5,0.0018414579099044204,0.003,optimal,173,9,0.3096774193548387,0.3096774193548387,2.84
autoopttree,3,ta_monk_1,124,11,0.01,0.2535483870967742,24,6,0.005866124993190169,0.007,optimal,569,9,0.2535483870967742,0.2535483870967742,2.84
autoopttree,3,ta_monk_1,124,11,0.005,0.19483870967741934,13,18,0.011070459033362567,0.012,optimal,1116,9,0.19483870967741934,0.19483870967741934,2.84
autoopttree,3,ta_iris,150,4,0.1,0.66,69,2,0.005049875006079674,0.006,optimal,276,83,0.6599999999999999,0.6599999999999999,2.84
autoopttree,3,ta_iris,150,4,0.05,0.5,45,4,0.6664952080463991,0.669,optimal,25652,83,0.5,0.5,2.84
autoopttree,3,ta_iris,150,4,0.02,0.3933333333333333,35,8,30.0,30.023,time,865280,83,0.09333333333333334,0.39999999999999997,2.84
autoopttree,3,ta_iris,150,4,0.01,0.29333333333333333,26,12,30.0,30.027,time,840704,83,0.07333333333333333,0.2966666666666667,2.84
autoopttree,3,ta_iris,150,4,0.005,0.22166666666666668,19,19,30.0,30.028,time,824448,83,0.06333333333333334,0.23500000000000004,2.84
autoopttree,3,ta_monk_2,169,11,0.1,0.47869822485207103,64,1,4.5541091822087765e-05,0.001,optimal,1,10,0.47869822485207103,0.47869822485207103,2.84
autoopttree,3,ta_monk_2,169,11,0.05,0.428698224852071,64,1,0.00018441607244312763,0.001,optimal,15,10,0.428698224852071,0.428698224852071,2.84
autoopttree,3,ta_monk_2,169,11,0.02,0.3603550295857988,44,5,0.004196249996311963,0.005,optimal,426,10,0.3603550295857988,0.3603550295857988,2.84
autoopttree,3,ta_monk_2,169,11,0.01,0.3007692307692308,39,7,0.016551083070226014,0.017,optimal,1576,10,0.3007692307692308,0.3007692307692308,2.84
autoopttree,3,ta_monk_2,169,11,0.005,0.2602662721893491,33,13,0.03831179195549339,0.039,optimal,3625,10,0.26026627218934906,0.26026627218934906,2.84
autoopttree,3,ta_tic-tac-toe,958,9,0.1,0.4496868475991649,335,1,0.00019504199735820293,0.002,optimal,9,27,0.4496868475991649,0.4496868475991649,2.84
autoopttree,3,ta_tic-tac-toe,958,9,0.05,0.35782881002087685,247,2,0.003295582951977849,0.005,optimal,205,27,0.35782881002087685,0.35782881002087685,2.84
autoopttree,3,ta_tic-tac-toe,958,9,0.02,0.28651356993736954,217,3,0.3345666249515489,0.338,optimal,18799,27,0.28651356993736954,0.28651356993736954,2.84
autoopttree,3,ta_tic-tac-toe,958,9,0.01,0.2565135699373695,217,3,12.437336584087461,12.457,optimal,535225,27,0.2565135699373695,0.2565135699373695,2.84
autoopttree,3,ta_tic-tac-toe,958,9,0.005,0.2586012526096033,219,6,30.0,30.03,time,1055296,27,0.07576200417536533,0.2598643006263048,2.84
autoopttree,3,ta_gaussian_1k,1000,1,0.1,0.4,300,1,0.0003373330691829324,0.03,optimal,1,920,0.4,0.4,2.84
autoopttree,3,ta_gaussian_1k,1000,1,0.05,0.35,300,1,0.0004210839979350567,0.029,optimal,1,920,0.35,0.35,2.84
autoopttree,3,ta_gaussian_1k,1000,1,0.02,0.32,300,1,0.00044712494127452374,0.029,optimal,1,920,0.32,0.32,2.84
autoopttree,3,ta_gaussian_1k,1000,1,0.01,0.307,287,2,0.0005009169690310955,0.029,optimal,1,920,0.30700000000000005,0.30700000000000005,2.84
autoopttree,3,ta_gaussian_1k,1000,1,0.005,0.297,287,2,0.0005026250146329403,0.03,optimal,1,920,0.29700000000000004,0.29700000000000004,2.84
autoopttree,3,ta_fico_1k,1000,23,0.1,0.42200000000000004,222,2,0.010113041964359581,0.025,optimal,51,1237,0.422,0.422,2.84
autoopttree,3,ta_fico_1k,1000,23,0.05,0.322,222,2,30.0,30.056,time,583680,1237,0.1,0.322,2.84
autoopttree,3,ta_fico_1k,1000,23,0.02,0.262,222,2,30.0,30.044,time,409152,1237,0.04,0.262,2.84
autoopttree,3,ta_fico_1k,1000,23,0.01,0.23600000000000002,196,4,30.0,30.228,time,364992,1237,0.02,0.236,2.84
autoopttree,3,ta_fico_1k,1000,23,0.005,0.216,196,4,30.0,30.161,time,410368,1237,0.01,0.216,2.84
autoopttree,3,ta_sine_1k,1000,1,0.1,0.5529999999999999,353,2,0.00039299996569752693,0.035,optimal,1,876,0.553,0.553,2.84
autoopttree,3,ta_sine_1k,1000,1,0.05,0.45299999999999996,353,2,0.00043808401096612215,0.036,optimal,1,876,0.453,0.453,2.84
autoopttree,3,ta_sine_1k,1000,1,0.02,0.39299999999999996,353,2,0.00045858300291001797,0.033,optimal,1,876,0.393,0.393,2.84
autoopttree,3,ta_sine_1k,1000,1,0.01,0.373,353,2,0.0004805000498890877,0.032,optimal,1,876,0.373,0.373,2.84
autoopttree,3,ta_sine_1k,1000,1,0.005,0.363,353,2,0.0004925830289721489,0.032,optimal,1,876,0.363,0.363,2.84
autoopttree,3,ta_car_evaluation,1728,15,0.1,0.3997685185185186,518,1,3.012490924447775e-05,0.002,optimal,1,14,0.39976851851851847,0.39976851851851847,2.84
autoopttree,3,ta_car_evaluation,1728,15,0.05,0.34976851851851853,518,1,7.091695442795753e-05,0.002,optimal,1,14,0.3497685185185185,0.3497685185185185,2.84
autoopttree,3,ta_car_evaluation,1728,15,0.02,0.3047916666666667,423,3,0.0018521250458434224,0.004,optimal,112,14,0.3047916666666667,0.3047916666666667,2.84
autoopttree,3,ta_car_evaluation,1728,15,0.01,0.27479166666666666,423,3,0.02189041709061712,0.024,optimal,1594,14,0.27479166666666666,0.27479166666666666,2.84
autoopttree,3,ta_car_evaluation,1728,15,0.005,0.2570601851851852,401,5,0.22912174998782575,0.232,optimal,16621,14,0.25706018518518514,0.25706018518518514,2.84
autoopttree,3,ta_coupon_bar,1913,14,0.1,0.4645060115002614,506,2,4.483398515731096e-05,0.003,optimal,2,14,0.4645060115002614,0.4645060115002614,2.84
autoopttree,3,ta_coupon_bar,1913,14,0.05,0.3645060115002614,506,2,8.095800876617432e-05,0.002,optimal,1,14,0.36450601150026135,0.36450601150026135,2.84
autoopttree,3,ta_coupon_bar,1913,14,0.02,0.29523261892315733,450,3,0.0012973329285159707,0.004,optimal,51,14,0.29523261892315733,0.29523261892315733,2.84
autoopttree,3,ta_coupon_bar,1913,14,0.01,0.25334553058024045,389,5,0.013252375065349042,0.016,optimal,664,14,0.25334553058024045,0.25334553058024045,2.84
autoopttree,3,ta_coupon_bar,1913,14,0.005,0.2263225300575013,366,7,0.2810701249400154,0.284,optimal,16637,14,0.22632253005750128,0.22632253005750128,2.84
autoopttree,3,ta_compas_binned,6907,12,0.1,0.5240191110467642,2238,2,3.6125071346759796e-05,0.007,optimal,1,12,0.5240191110467641,0.5240191110467641,2.84
autoopttree,3,ta_compas_binned,6907,12,0.05,0.42401911104676415,2238,2,3.316707443445921e-05,0.007,optimal,1,12,0.42401911104676415,0.42401911104676415,2.84
autoopttree,3,ta_compas_binned,6907,12,0.02,0.36401911104676415,2238,2,0.00017966702580451965,0.007,optimal,14,12,0.3640191110467641,0.3640191110467641,2.84
autoopttree,3,ta_compas_binned,6907,12,0.01,0.3440191110467642,2238,2,0.0013398330193012953,0.008,optimal,120,12,0.34401911104676414,0.34401911104676414,2.84
autoopttree,3,ta_compas_binned,6907,12,0.005,0.33005284493991605,2107,5,0.014715375029481947,0.021,optimal,1358,12,0.330052844939916,0.330052844939916,2.84
autoopttree,3,ta_fico_binary,10459,17,0.1,0.5440099435892534,3598,2,8.79999715834856e-05,0.013,optimal,3,16,0.5440099435892534,0.5440099435892534,2.84
autoopttree,3,ta_fico_binary,10459,17,0.05,0.4310020078401377,2939,3,0.00025683396961539984,0.013,optimal,17,16,0.43100200784013776,0.43100200784013776,2.84
autoopttree,3,ta_fico_binary,10459,17,0.02,0.3410020078401377,2939,3,0.0011385000543668866,0.014,optimal,80,16,0.3410020078401377,0.3410020078401377,2.84
autoopttree,3,ta_fico_binary,10459,17,0.01,0.3087637441437996,2811,4,0.013236082973890007,0.026,optimal,1002,16,0.3087637441437996,0.3087637441437996,2.84
autoopttree,3,ta_fico_binary,10459,17,0.005,0.28515871498231193,2721,5,0.10310054197907448,0.117,optimal,6954,16,0.2851587149823119,0.2851587149823119,2.84
autoopttree,3,ta_compas_processed,12381,22,0.1,0.40999111541878686,3838,1,0.008240708033554256,0.145,optimal,1,625,0.40999111541878686,0.40999111541878686,2.84
autoopttree,3,ta_compas_processed,12381,22,0.05,0.33576447782893143,2919,2,27.638167249970138,27.88,optimal,299346,625,0.33576447782893143,0.33576447782893143,2.84
autoopttree,3,ta_compas_processed,12381,22,0.02,0.27576447782893143,2919,2,30.0,30.239,time,236160,625,0.04008076892011954,0.27576447782893143,2.84
autoopttree,3,ta_compas_processed,12381,22,0.01,0.2557644778289314,2919,2,30.0,30.306,time,215296,625,0.02008076892011954,0.2557644778289314,2.84
autoopttree,3,ta_compas_processed,12381,22,0.005,0.24527219126080285,2851,3,30.0,30.239,time,304320,625,0.010080768920119538,0.24527219126080282,2.84
autoopttree_v40,3,ta_chudi,77,2,0.1,0.4857142857142857,22,2,0.003027500002644956,0.015,optimal,10,32,0.48571428571428577,0.48571428571428577,1.95
autoopttree_v40,3,ta_chudi,77,2,0.05,0.3857142857142857,22,2,0.001127084018662572,0.003,optimal,71,32,0.38571428571428573,0.38571428571428573,1.95
autoopttree_v40,3,ta_chudi,77,2,0.02,0.3067532467532468,19,3,0.010582457995042205,0.012,optimal,1410,32,0.3067532467532468,0.3067532467532468,1.95
autoopttree_v40,3,ta_chudi,77,2,0.01,0.26883116883116887,13,10,0.0525772919645533,0.054,optimal,7477,32,0.26883116883116887,0.26883116883116887,1.95
autoopttree_v40,3,ta_chudi,77,2,0.005,0.20987012987012987,10,16,0.03588816709816456,0.037,optimal,7941,32,0.20987012987012987,0.20987012987012987,1.95
autoopttree_v40,3,ta_monk_3,122,11,0.1,0.5278688524590164,40,2,4.9666035920381546e-05,0.001,optimal,1,9,0.5278688524590164,0.5278688524590164,1.95
autoopttree_v40,3,ta_monk_3,122,11,0.05,0.4278688524590164,40,2,1.7332960851490498e-05,0.001,optimal,5,9,0.4278688524590164,0.4278688524590164,1.95
autoopttree_v40,3,ta_monk_3,122,11,0.02,0.36327868852459017,37,3,7.379206363111734e-05,0.001,optimal,49,9,0.36327868852459017,0.36327868852459017,1.95
autoopttree_v40,3,ta_monk_3,122,11,0.01,0.3286885245901639,34,5,0.00016725005116313696,0.001,optimal,112,9,0.3286885245901639,0.3286885245901639,1.95
autoopttree_v40,3,ta_monk_3,122,11,0.005,0.28770491803278686,29,10,0.0003107090014964342,0.001,optimal,179,9,0.28770491803278686,0.28770491803278686,1.95
autoopttree_v40,3,ta_monk_1,124,11,0.1,0.48225806451612907,35,2,1.4541088603436947e-05,0.001,optimal,3,9,0.48225806451612907,0.48225806451612907,1.95
autoopttree_v40,3,ta_monk_1,124,11,0.05,0.3822580645161291,35,2,4.575005732476711e-05,0.001,optimal,29,9,0.38225806451612904,0.38225806451612904,1.95
autoopttree_v40,3,ta_monk_1,124,11,0.02,0.3096774193548387,26,5,0.0004065829562023282,0.001,optimal,279,9,0.3096774193548387,0.3096774193548387,1.95
autoopttree_v40,3,ta_monk_1,124,11,0.01,0.2535483870967742,24,6,0.0012631249846890569,0.002,optimal,816,9,0.2535483870967742,0.2535483870967742,1.95
autoopttree_v40,3,ta_monk_1,124,11,0.005,0.19483870967741934,13,18,0.0021969169611111283,0.003,optimal,1245,9,0.19483870967741934,0.19483870967741934,1.95
autoopttree_v40,3,ta_iris,150,4,0.1,0.66,69,2,0.0030196659499779344,0.004,optimal,274,83,0.6599999999999999,0.6599999999999999,1.95
autoopttree_v40,3,ta_iris,150,4,0.05,0.5,45,4,0.31690670805983245,0.318,optimal,25693,83,0.5,0.5,1.95
autoopttree_v40,3,ta_iris,150,4,0.02,0.3666666666666667,34,7,30.0,30.017,time,1641221,83,0.09333333333333334,0.36666666666666664,1.95
autoopttree_v40,3,ta_iris,150,4,0.01,0.28,27,10,30.0,30.049,time,1594856,83,0.07333333333333333,0.2833333333333334,1.95
autoopttree_v40,3,ta_iris,150,4,0.005,0.19833333333333333,14,21,30.0,30.014,time,1507040,83,0.06333333333333334,0.2,1.95
autoopttree_v40,3,ta_monk_2,169,11,0.1,0.47869822485207103,64,1,5.4750009439885616e-05,0.001,optimal,3,10,0.47869822485207103,0.47869822485207103,1.95
autoopttree_v40,3,ta_monk_2,169,11,0.05,0.428698224852071,64,1,4.9625057727098465e-05,0.001,optimal,27,10,0.428698224852071,0.428698224852071,1.95
autoopttree_v40,3,ta_monk_2,169,11,0.02,0.3603550295857988,44,5,0.000900499988347292,0.002,optimal,608,10,0.3603550295857988,0.3603550295857988,1.95
autoopttree_v40,3,ta_monk_2,169,11,0.01,0.3007692307692308,39,7,0.0029522500699386,0.004,optimal,1806,10,0.3007692307692308,0.3007692307692308,1.95
autoopttree_v40,3,ta_monk_2,169,11,0.005,0.2602662721893491,33,13,0.007684290991164744,0.009,optimal,3898,10,0.2602662721893491,0.2602662721893491,1.95
autoopttree_v40,3,ta_tic-tac-toe,958,9,0.1,0.4496868475991649,335,1,6.0999998822808266e-05,0.002,optimal,9,27,0.4496868475991649,0.4496868475991649,1.95
autoopttree_v40,3,ta_tic-tac-toe,958,9,0.05,0.35782881002087685,247,2,0.0007482499349862337,0.003,optimal,205,27,0.35782881002087685,0.35782881002087685,1.95
autoopttree_v40,3,ta_tic-tac-toe,958,9,0.02,0.28651356993736954,217,3,0.0775187499821186,0.079,optimal,19419,27,0.28651356993736954,0.28651356993736954,1.95
autoopttree_v40,3,ta_tic-tac-toe,958,9,0.01,0.2565135699373695,217,3,3.427619915921241,3.43,optimal,605732,27,0.2565135699373695,0.2565135699373695,1.95
autoopttree_v40,3,ta_tic-tac-toe,958,9,0.005,0.23058455114822546,173,10,30.0,30.045,time,3311935,27,0.07576200417536533,0.23058455114822546,1.95
autoopttree_v40,3,ta_gaussian_1k,1000,1,0.1,0.4,300,1,0.0006754579953849316,0.029,optimal,1,920,0.4,0.4,1.95
autoopttree_v40,3,ta_gaussian_1k,1000,1,0.05,0.35,300,1,0.00035804102662950754,0.029,optimal,1,920,0.35,0.35,1.95
autoopttree_v40,3,ta_gaussian_1k,1000,1,0.02,0.32,300,1,0.0004091670271009207,0.029,optimal,1,920,0.32,0.32,1.95
autoopttree_v40,3,ta_gaussian_1k,1000,1,0.01,0.307,287,2,0.0004119159420952201,0.029,optimal,1,920,0.30700000000000005,0.30700000000000005,1.95
autoopttree_v40,3,ta_gaussian_1k,1000,1,0.005,0.297,287,2,0.000418792013078928,0.029,optimal,1,920,0.29700000000000004,0.29700000000000004,1.95
autoopttree_v40,3,ta_fico_1k,1000,23,0.1,0.42200000000000004,222,2,0.009842666913755238,0.024,optimal,51,1237,0.422,0.422,1.95
autoopttree_v40,3,ta_fico_1k,1000,23,0.05,0.322,222,2,30.0,30.051,time,956206,1237,0.1,0.322,1.95
autoopttree_v40,3,ta_fico_1k,1000,23,0.02,0.262,222,2,30.0,30.041,time,244695,1237,0.04,0.262,1.95
autoopttree_v40,3,ta_fico_1k,1000,23,0.01,0.23500000000000001,195,4,30.0,30.088,time,214005,1237,0.02,0.235,1.95
autoopttree_v40,3,ta_fico_1k,1000,23,0.005,0.2,155,9,30.0,30.024,time,244426,1237,0.01,0.20400000000000001,1.95
autoopttree_v40,3,ta_sine_1k,1000,1,0.1,0.5529999999999999,353,2,0.0006629159906879067,0.032,optimal,1,876,0.553,0.553,1.95
autoopttree_v40,3,ta_sine_1k,1000,1,0.05,0.45299999999999996,353,2,0.0003262920072302222,0.032,optimal,1,876,0.453,0.453,1.95
autoopttree_v40,3,ta_sine_1k,1000,1,0.02,0.39299999999999996,353,2,0.00037120794877409935,0.032,optimal,1,876,0.393,0.393,1.95
autoopttree_v40,3,ta_sine_1k,1000,1,0.01,0.373,353,2,0.0003846249310299754,0.032,optimal,1,876,0.373,0.373,1.95
autoopttree_v40,3,ta_sine_1k,1000,1,0.005,0.363,353,2,0.00041579094249755144,0.032,optimal,1,876,0.363,0.363,1.95
autoopttree_v40,3,ta_car_evaluation,1728,15,0.1,0.3997685185185186,518,1,0.0003915829584002495,0.003,optimal,1,14,0.39976851851851847,0.39976851851851847,1.95
autoopttree_v40,3,ta_car_evaluation,1728,15,0.05,0.34976851851851853,518,1,4.604097921401262e-05,0.002,optimal,16,14,0.3497685185185185,0.3497685185185185,1.95
autoopttree_v40,3,ta_car_evaluation,1728,15,0.02,0.3047916666666667,423,3,0.0005260419566184282,0.003,optimal,279,14,0.3047916666666667,0.3047916666666667,1.95
autoopttree_v40,3,ta_car_evaluation,1728,15,0.01,0.27479166666666666,423,3,0.0054513339418917894,0.008,optimal,2749,14,0.27479166666666666,0.27479166666666666,1.95
autoopttree_v40,3,ta_car_evaluation,1728,15,0.005,0.2570601851851852,401,5,0.046564584015868604,0.049,optimal,20449,14,0.25706018518518514,0.25706018518518514,1.95
autoopttree_v40,3,ta_coupon_bar,1913,14,0.1,0.4645060115002614,506,2,3.6041950806975365e-05,0.002,optimal,1,14,0.4645060115002614,0.4645060115002614,1.95
autoopttree_v40,3,ta_coupon_bar,1913,14,0.05,0.3645060115002614,506,2,3.8707978092134e-05,0.002,optimal,10,14,0.36450601150026135,0.36450601150026135,1.95
autoopttree_v40,3,ta_coupon_bar,1913,14,0.02,0.29523261892315733,450,3,0.000449625076726079,0.003,optimal,224,14,0.29523261892315733,0.29523261892315733,1.95
autoopttree_v40,3,ta_coupon_bar,1913,14,0.01,0.25334553058024045,389,5,0.0048353750025853515,0.007,optimal,2270,14,0.25334553058024045,0.25334553058024045,1.95
autoopttree_v40,3,ta_coupon_bar,1913,14,0.005,0.2263225300575013,366,7,0.06162074999883771,0.064,optimal,23975,14,0.22632253005750128,0.22632253005750128,1.95
autoopttree_v40,3,ta_compas_binned,6907,12,0.1,0.5240191110467642,2238,2,0.0003789580659940839,0.007,optimal,1,12,0.5240191110467641,0.5240191110467641,1.95
autoopttree_v40,3,ta_compas_binned,6907,12,0.05,0.42401911104676415,2238,2,2.6416033506393433e-05,0.007,optimal,1,12,0.42401911104676415,0.42401911104676415,1.95
autoopttree_v40,3,ta_compas_binned,6907,12,0.02,0.36401911104676415,2238,2,4.820793401449919e-05,0.006,optimal,14,12,0.3640191110467641,0.3640191110467641,1.95
autoopttree_v40,3,ta_compas_binned,6907,12,0.01,0.3440191110467642,2238,2,0.00035787501838058233,0.007,optimal,120,12,0.34401911104676414,0.34401911104676414,1.95
autoopttree_v40,3,ta_compas_binned,6907,12,0.005,0.33005284493991605,2107,5,0.00413199991453439,0.011,optimal,1408,12,0.330052844939916,0.330052844939916,1.95
autoopttree_v40,3,ta_fico_binary,10459,17,0.1,0.5440099435892534,3598,2,6.083305925130844e-05,0.014,optimal,3,16,0.5440099435892534,0.5440099435892534,1.95
autoopttree_v40,3,ta_fico_binary,10459,17,0.05,0.4310020078401377,2939,3,9.654194582253695e-05,0.013,optimal,17,16,0.4310020078401377,0.4310020078401377,1.95
autoopttree_v40,3,ta_fico_binary,10459,17,0.02,0.3410020078401377,2939,3,0.0004101250087842345,0.014,optimal,80,16,0.3410020078401377,0.3410020078401377,1.95
autoopttree_v40,3,ta_fico_binary,10459,17,0.01,0.3087637441437996,2811,4,0.004975000047124922,0.02,optimal,1062,16,0.3087637441437996,0.3087637441437996,1.95
autoopttree_v40,3,ta_fico_binary,10459,17,0.005,0.28515871498231193,2721,5,0.037086499971337616,0.05,optimal,7272,16,0.2851587149823119,0.2851587149823119,1.95
autoopttree_v40,3,ta_compas_processed,12381,22,0.1,0.40999111541878686,3838,1,0.008523665950633585,0.146,optimal,1,625,0.40999111541878686,0.40999111541878686,1.95
autoopttree_v40,3,ta_compas_processed,12381,22,0.05,0.33576447782893143,2919,2,20.5199058749713,20.65,optimal,300158,625,0.33576447782893143,0.33576447782893143,1.95
autoopttree_v40,3,ta_compas_processed,12381,22,0.02,0.27576447782893143,2919,2,30.0,30.327,time,160484,625,0.04008076892011954,0.27576447782893143,1.95
autoopttree_v40,3,ta_compas_processed,12381,22,0.01,0.2557644778289314,2919,2,30.0,30.373,time,203418,625,0.02008076892011954,0.2557644778289314,1.95
autoopttree_v40,3,ta_compas_processed,12381,22,0.005,0.24527219126080285,2851,3,30.0,30.29,time,306745,625,0.010080768920119538,0.24527219126080282,1.95
autoopttree_v46,3,ta_chudi,77,2,0.1,0.4857142857142857,22,2,0.001555957947857678,0.007,optimal,11,32,0.48571428571428577,0.48571428571428577,2.0
autoopttree_v46,3,ta_chudi,77,2,0.05,0.3857142857142857,22,2,0.0003356250235810876,0.001,optimal,68,32,0.38571428571428573,0.38571428571428573,2.0
autoopttree_v46,3,ta_chudi,77,2,0.02,0.3067532467532468,19,3,0.010080917039886117,0.011,optimal,1495,32,0.3067532467532468,0.3067532467532468,2.0
autoopttree_v46,3,ta_chudi,77,2,0.01,0.26883116883116887,13,10,0.01732012501452118,0.018,optimal,9261,32,0.26883116883116887,0.26883116883116887,2.0
autoopttree_v46,3,ta_chudi,77,2,0.005,0.20987012987012987,10,16,0.0173064999980852,0.018,optimal,10796,32,0.20987012987012987,0.20987012987012987,2.0
autoopttree_v46,3,ta_monk_3,122,11,0.1,0.5278688524590164,40,2,4.195899236947298e-05,0.001,optimal,1,9,0.5278688524590164,0.5278688524590164,2.0
autoopttree_v46,3,ta_monk_3,122,11,0.05,0.4278688524590164,40,2,2.962502185255289e-05,0.001,optimal,6,9,0.4278688524590164,0.4278688524590164,2.0
autoopttree_v46,3,ta_monk_3,122,11,0.02,0.36327868852459017,37,3,8.883303962647915e-05,0.001,optimal,51,9,0.36327868852459017,0.36327868852459017,2.0
autoopttree_v46,3,ta_monk_3,122,11,0.01,0.3286885245901639,34,5,0.00018216692842543125,0.001,optimal,114,9,0.3286885245901639,0.3286885245901639,2.0
autoopttree_v46,3,ta_monk_3,122,11,0.005,0.28770491803278686,29,10,0.00031445897184312344,0.001,optimal,171,9,0.28770491803278686,0.28770491803278686,2.0
autoopttree_v46,3,ta_monk_1,124,11,0.1,0.48225806451612907,35,2,2.4541979655623436e-05,0.001,optimal,3,9,0.48225806451612907,0.48225806451612907,2.0
autoopttree_v46,3,ta_monk_1,124,11,0.05,0.3822580645161291,35,2,6.433308590203524e-05,0.001,optimal,31,9,0.38225806451612904,0.38225806451612904,2.0
autoopttree_v46,3,ta_monk_1,124,11,0.02,0.3096774193548387,26,5,0.0003739160019904375,0.001,optimal,255,9,0.3096774193548387,0.3096774193548387,2.0
autoopttree_v46,3,ta_monk_1,124,11,0.01,0.2535483870967742,24,6,0.0012105419300496578,0.002,optimal,796,9,0.2535483870967742,0.2535483870967742,2.0
autoopttree_v46,3,ta_monk_1,124,11,0.005,0.19483870967741934,13,18,0.0022103330120444298,0.003,optimal,1246,9,0.19483870967741934,0.19483870967741934,2.0
autoopttree_v46,3,ta_iris,150,4,0.1,0.66,69,2,0.002989959088154137,0.004,optimal,281,83,0.6599999999999999,0.6599999999999999,2.0
autoopttree_v46,3,ta_iris,150,4,0.05,0.5,45,4,0.0863553750095889,0.087,optimal,27312,83,0.5,0.5,2.0
autoopttree_v46,3,ta_iris,150,4,0.02,0.3666666666666667,34,7,30.0,30.015,time,7411156,83,0.09333333333333334,0.36666666666666664,2.0
autoopttree_v46,3,ta_iris,150,4,0.01,0.28,27,10,30.0,30.014,time,6541803,83,0.07333333333333333,0.28,2.0
autoopttree_v46,3,ta_iris,150,4,0.005,0.2,15,20,30.0,30.025,time,6221488,83,0.06333333333333334,0.2,2.0
autoopttree_v46,3,ta_monk_2,169,11,0.1,0.47869822485207103,64,1,7.337506394833326e-05,0.002,optimal,3,10,0.47869822485207103,0.47869822485207103,2.0
autoopttree_v46,3,ta_monk_2,169,11,0.05,0.428698224852071,64,1,9.637500625103712e-05,0.001,optimal,29,10,0.428698224852071,0.428698224852071,2.0
autoopttree_v46,3,ta_monk_2,169,11,0.02,0.3603550295857988,44,5,0.0013790419325232506,0.003,optimal,595,10,0.3603550295857988,0.3603550295857988,2.0
autoopttree_v46,3,ta_monk_2,169,11,0.01,0.3007692307692308,39,7,0.006200458970852196,0.008,optimal,2060,10,0.3007692307692308,0.3007692307692308,2.0
autoopttree_v46,3,ta_monk_2,169,11,0.005,0.2602662721893491,33,13,0.008468749932944775,0.01,optimal,4855,10,0.2602662721893491,0.2602662721893491,2.0
autoopttree_v46,3,ta_tic-tac-toe,958,9,0.1,0.4496868475991649,335,1,9.26250359043479e-05,0.003,optimal,10,27,0.4496868475991649,0.4496868475991649,2.0
autoopttree_v46,3,ta_tic-tac-toe,958,9,0.05,0.35782881002087685,247,2,0.001017125090584159,0.003,optimal,207,27,0.35782881002087685,0.35782881002087685,2.0
autoopttree_v46,3,ta_tic-tac-toe,958,9,0.02,0.28651356993736954,217,3,0.05115354200825095,0.054,optimal,23079,27,0.28651356993736954,0.28651356993736954,2.0
autoopttree_v46,3,ta_tic-tac-toe,958,9,0.01,0.2565135699373695,217,3,4.343016667058691,4.346,optimal,2127042,27,0.2565135699373695,0.2565135699373695,2.0
autoopttree_v46,3,ta_tic-tac-toe,958,9,0.005,0.23041753653444677,192,6,30.0,30.012,time,11065694,27,0.07576200417536533,0.23041753653444674,2.0
autoopttree_v46,3,ta_gaussian_1k,1000,1,0.1,0.4,300,1,0.0012357080122455955,0.058,optimal,0,920,0.4,0.4,2.0
autoopttree_v46,3,ta_gaussian_1k,1000,1,0.05,0.35,300,1,0.000536374980583787,0.043,optimal,0,920,0.35,0.35,2.0
autoopttree_v46,3,ta_gaussian_1k,1000,1,0.02,0.32,300,1,0.0005458329105749726,0.04,optimal,0,920,0.32,0.32,2.0
autoopttree_v46,3,ta_gaussian_1k,1000,1,0.01,0.307,287,2,0.0005698750028386712,0.038,optimal,0,920,0.30700000000000005,0.30700000000000005,2.0
autoopttree_v46,3,ta_gaussian_1k,1000,1,0.005,0.297,287,2,0.0005748750409111381,0.038,optimal,0,920,0.29700000000000004,0.29700000000000004,2.0
autoopttree_v46,3,ta_fico_1k,1000,23,0.1,0.42200000000000004,222,2,0.016174167045392096,0.035,optimal,51,1237,0.422,0.422,2.0
autoopttree_v46,3,ta_fico_1k,1000,23,0.05,0.322,222,2,30.0,30.073,time,3810213,1237,0.1,0.322,2.0
autoopttree_v46,3,ta_fico_1k,1000,23,0.02,0.262,222,2,30.0,30.036,time,2808939,1237,0.04,0.262,2.0
autoopttree_v46,3,ta_fico_1k,1000,23,0.01,0.22899999999999998,179,5,30.0,30.029,time,1292631,1237,0.02,0.229,2.0
autoopttree_v46,3,ta_fico_1k,1000,23,0.005,0.196,146,10,30.0,30.027,time,1451746,1237,0.01,0.215,2.0
autoopttree_v46,3,ta_sine_1k,1000,1,0.1,0.5529999999999999,353,2,0.0005113749066367745,0.057,optimal,0,876,0.553,0.553,2.0
autoopttree_v46,3,ta_sine_1k,1000,1,0.05,0.45299999999999996,353,2,0.0005312090506777167,0.053,optimal,0,876,0.453,0.453,2.0
autoopttree_v46,3,ta_sine_1k,1000,1,0.02,0.39299999999999996,353,2,0.0005387499695643783,0.046,optimal,0,876,0.393,0.393,2.0
autoopttree_v46,3,ta_sine_1k,1000,1,0.01,0.373,353,2,0.0005260000471025705,0.041,optimal,0,876,0.373,0.373,2.0
autoopttree_v46,3,ta_sine_1k,1000,1,0.005,0.363,353,2,0.000500582973472774,0.04,optimal,0,876,0.363,0.363,2.0
autoopttree_v46,3,ta_car_evaluation,1728,15,0.1,0.3997685185185186,518,1,4.825007636100054e-05,0.003,optimal,1,14,0.39976851851851847,0.39976851851851847,2.0
autoopttree_v46,3,ta_car_evaluation,1728,15,0.05,0.34976851851851853,518,1,7.220800034701824e-05,0.003,optimal,17,14,0.3497685185185185,0.3497685185185185,2.0
autoopttree_v46,3,ta_car_evaluation,1728,15,0.02,0.3047916666666667,423,3,0.0006619580090045929,0.003,optimal,281,14,0.3047916666666667,0.3047916666666667,2.0
autoopttree_v46,3,ta_car_evaluation,1728,15,0.01,0.27479166666666666,423,3,0.010045458911918104,0.013,optimal,2828,14,0.27479166666666666,0.27479166666666666,2.0
autoopttree_v46,3,ta_car_evaluation,1728,15,0.005,0.2570601851851852,401,5,0.03236637497320771,0.035,optimal,25448,14,0.25706018518518514,0.25706018518518514,2.0
autoopttree_v46,3,ta_coupon_bar,1913,14,0.1,0.4645060115002614,506,2,0.0003678749781101942,0.003,optimal,0,14,0.4645060115002614,0.4645060115002614,2.0
autoopttree_v46,3,ta_coupon_bar,1913,14,0.05,0.3645060115002614,506,2,6.808398757129908e-05,0.003,optimal,11,14,0.36450601150026135,0.36450601150026135,2.0
autoopttree_v46,3,ta_coupon_bar,1913,14,0.02,0.29523261892315733,450,3,0.00055312504991889,0.003,optimal,226,14,0.29523261892315733,0.29523261892315733,2.0
autoopttree_v46,3,ta_coupon_bar,1913,14,0.01,0.25334553058024045,389,5,0.01036079099867493,0.013,optimal,2700,14,0.25334553058024045,0.25334553058024045,2.0
autoopttree_v46,3,ta_coupon_bar,1913,14,0.005,0.2263225300575013,366,7,0.039816082920879126,0.043,optimal,35294,14,0.22632253005750128,0.22632253005750128,2.0
autoopttree_v46,3,ta_compas_binned,6907,12,0.1,0.5240191110467642,2238,2,0.00039249996189028025,0.008,optimal,1,12,0.5240191110467641,0.5240191110467641,2.0
autoopttree_v46,3,ta_compas_binned,6907,12,0.05,0.42401911104676415,2238,2,3.866699989885092e-05,0.007,optimal,1,12,0.42401911104676415,0.42401911104676415,2.0
autoopttree_v46,3,ta_compas_binned,6907,12,0.02,0.36401911104676415,2238,2,8.033390622586012e-05,0.008,optimal,15,12,0.3640191110467641,0.3640191110467641,2.0
autoopttree_v46,3,ta_compas_binned,6907,12,0.01,0.3440191110467642,2238,2,0.00042987498454749584,0.008,optimal,122,12,0.34401911104676414,0.34401911104676414,2.0
autoopttree_v46,3,ta_compas_binned,6907,12,0.005,0.33005284493991605,2107,5,0.008006124990060925,0.016,optimal,1419,12,0.330052844939916,0.330052844939916,2.0
autoopttree_v46,3,ta_fico_binary,10459,17,0.1,0.5440099435892534,3598,2,6.262504030019045e-05,0.015,optimal,3,16,0.5440099435892534,0.5440099435892534,2.0
autoopttree_v46,3,ta_fico_binary,10459,17,0.05,0.4310020078401377,2939,3,0.00011212495155632496,0.014,optimal,18,16,0.4310020078401377,0.4310020078401377,2.0
autoopttree_v46,3,ta_fico_binary,10459,17,0.02,0.3410020078401377,2939,3,0.000450958963483572,0.015,optimal,82,16,0.3410020078401377,0.3410020078401377,2.0
autoopttree_v46,3,ta_fico_binary,10459,17,0.01,0.3087637441437996,2811,4,0.010435333009809256,0.025,optimal,1168,16,0.3087637441437996,0.3087637441437996,2.0
autoopttree_v46,3,ta_fico_binary,10459,17,0.005,0.28515871498231193,2721,5,0.028695416054688394,0.043,optimal,11243,16,0.2851587149823119,0.2851587149823119,2.0
autoopttree_v46,3,ta_compas_processed,12381,22,0.1,0.40999111541878686,3838,1,0.012570208054967225,0.156,optimal,1,625,0.40999111541878686,0.40999111541878686,2.0
autoopttree_v46,3,ta_compas_processed,12381,22,0.05,0.33576447782893143,2919,2,8.305985374958254,8.443,optimal,447167,625,0.33576447782893143,0.33576447782893143,2.0
autoopttree_v46,3,ta_compas_processed,12381,22,0.02,0.27576447782893143,2919,2,30.0,30.216,time,3130282,625,0.04008076892011954,0.27576447782893143,2.0
autoopttree_v46,3,ta_compas_processed,12381,22,0.01,0.2557644778289314,2919,2,30.0,30.306,time,666751,625,0.02008076892011954,0.2557644778289314,2.0
autoopttree_v46,3,ta_compas_processed,12381,22,0.005,0.24527219126080285,2851,3,30.0,30.236,time,2474631,625,0.010080768920119538,0.24527219126080282,2.0
autoopttree_v46_anytime100,1,ta_chudi,77,2,0.1,0.4857142857142857,22,2,0.00016729207709431648,19.827,optimal,12,32,0.48571428571428577,0.48571428571428577,1.65
autoopttree_v46_anytime100,1,ta_chudi,77,2,0.05,0.3857142857142857,22,2,0.0002752080326899886,0.001,optimal,67,32,0.38571428571428573,0.38571428571428573,1.65
autoopttree_v46_anytime100,1,ta_chudi,77,2,0.02,0.3067532467532468,19,3,0.005041040945798159,0.006,optimal,1432,32,0.3067532467532468,0.3067532467532468,1.65
autoopttree_v46_anytime100,1,ta_chudi,77,2,0.01,0.26883116883116887,13,10,0.015913416049443185,0.016,optimal,9591,32,0.26883116883116887,0.26883116883116887,1.65
autoopttree_v46_anytime100,1,ta_chudi,77,2,0.005,0.20987012987012987,10,16,0.01896820799447596,0.02,optimal,9045,32,0.2098701298701299,0.2098701298701299,1.65
autoopttree_v46_anytime100,1,ta_monk_3,122,11,0.1,0.5278688524590164,40,2,4.862493369728327e-05,0.001,optimal,1,9,0.5278688524590164,0.5278688524590164,1.65
autoopttree_v46_anytime100,1,ta_monk_3,122,11,0.05,0.4278688524590164,40,2,6.133306305855513e-05,0.001,optimal,5,9,0.4278688524590164,0.4278688524590164,1.65
autoopttree_v46_anytime100,1,ta_monk_3,122,11,0.02,0.36327868852459017,37,3,0.0001420419430360198,0.001,optimal,49,9,0.36327868852459017,0.36327868852459017,1.65
autoopttree_v46_anytime100,1,ta_monk_3,122,11,0.01,0.3286885245901639,34,5,0.0002545829629525542,0.001,optimal,120,9,0.3286885245901639,0.3286885245901639,1.65
autoopttree_v46_anytime100,1,ta_monk_3,122,11,0.005,0.28770491803278686,29,10,0.0004838330205529928,0.001,optimal,174,9,0.28770491803278686,0.28770491803278686,1.65
autoopttree_v46_anytime100,1,ta_monk_1,124,11,0.1,0.48225806451612907,35,2,5.641602911055088e-05,0.001,optimal,4,9,0.48225806451612907,0.48225806451612907,1.65
autoopttree_v46_anytime100,1,ta_monk_1,124,11,0.05,0.3822580645161291,35,2,0.00010974996257573366,0.001,optimal,30,9,0.38225806451612904,0.38225806451612904,1.65
autoopttree_v46_anytime100,1,ta_monk_1,124,11,0.02,0.3096774193548387,26,5,0.0004928329726681113,0.001,optimal,271,9,0.3096774193548387,0.3096774193548387,1.65
autoopttree_v46_anytime100,1,ta_monk_1,124,11,0.01,0.2535483870967742,24,6,0.0013680419651791453,0.002,optimal,809,9,0.2535483870967742,0.2535483870967742,1.65
autoopttree_v46_anytime100,1,ta_monk_1,124,11,0.005,0.19483870967741934,13,18,0.0024979159934446216,0.003,optimal,1245,9,0.19483870967741934,0.19483870967741934,1.65
autoopttree_v46_anytime100,1,ta_iris,150,4,0.1,0.66,69,2,0.002616834011860192,0.004,optimal,278,83,0.6599999999999999,0.6599999999999999,1.65
autoopttree_v46_anytime100,1,ta_iris,150,4,0.05,0.5,45,4,0.10205991694238037,0.103,time,28232,83,0.15333333333333335,0.5,1.65
autoopttree_v46_anytime100,1,ta_iris,150,4,0.02,0.3733333333333333,41,5,0.10179733298718929,0.103,time,27100,83,0.09333333333333334,0.37333333333333335,1.65
autoopttree_v46_anytime100,1,ta_iris,150,4,0.01,0.28,27,10,0.10271666699554771,0.104,time,29164,83,0.07333333333333333,0.28,1.65
autoopttree_v46_anytime100,1,ta_iris,150,4,0.005,0.19666666666666666,13,22,0.10165479104034603,0.103,time,30326,83,0.06333333333333334,0.19666666666666666,1.65
autoopttree_v46_anytime100,1,ta_monk_2,169,11,0.1,0.47869822485207103,64,1,3.958307206630707e-05,0.001,optimal,3,10,0.47869822485207103,0.47869822485207103,1.65
autoopttree_v46_anytime100,1,ta_monk_2,169,11,0.05,0.428698224852071,64,1,7.704191375523806e-05,0.001,optimal,29,10,0.428698224852071,0.428698224852071,1.65
autoopttree_v46_anytime100,1,ta_monk_2,169,11,0.02,0.3603550295857988,44,5,0.0009754999773576856,0.002,optimal,596,10,0.3603550295857988,0.3603550295857988,1.65
autoopttree_v46_anytime100,1,ta_monk_2,169,11,0.01,0.3007692307692308,39,7,0.002741958014667034,0.004,optimal,1631,10,0.3007692307692308,0.3007692307692308,1.65
autoopttree_v46_anytime100,1,ta_monk_2,169,11,0.005,0.2602662721893491,33,13,0.0068211250472813845,0.008,optimal,4558,10,0.2602662721893491,0.2602662721893491,1.65
autoopttree_v46_anytime100,1,ta_tic-tac-toe,958,9,0.1,0.4496868475991649,335,1,7.820804603397846e-05,0.002,optimal,10,27,0.4496868475991649,0.4496868475991649,1.65
autoopttree_v46_anytime100,1,ta_tic-tac-toe,958,9,0.05,0.35782881002087685,247,2,0.0008515000808984041,0.003,optimal,208,27,0.35782881002087685,0.35782881002087685,1.65
autoopttree_v46_anytime100,1,ta_tic-tac-toe,958,9,0.02,0.28651356993736954,217,3,0.03367300005629659,0.035,optimal,28380,27,0.28651356993736954,0.28651356993736954,1.65
autoopttree_v46_anytime100,1,ta_tic-tac-toe,958,9,0.01,0.2565135699373695,217,3,0.1023574999999255,0.104,time,79742,27,0.08576200417536534,0.2565135699373695,1.65
autoopttree_v46_anytime100,1,ta_tic-tac-toe,958,9,0.005,0.23580375782881002,178,10,0.10257791599724442,0.105,time,81642,27,0.07576200417536533,0.23580375782881002,1.65
autoopttree_v46_anytime100,1,ta_gaussian_1k,1000,1,0.1,0.4,300,1,0.00030104094184935093,0.03,optimal,0,920,0.4,0.4,1.65
autoopttree_v46_anytime100,1,ta_gaussian_1k,1000,1,0.05,0.35,300,1,0.00036874995566904545,0.03,optimal,0,920,0.35,0.35,1.65
autoopttree_v46_anytime100,1,ta_gaussian_1k,1000,1,0.02,0.32,300,1,0.00040908297523856163,0.03,optimal,0,920,0.32,0.32,1.65
autoopttree_v46_anytime100,1,ta_gaussian_1k,1000,1,0.01,0.307,287,2,0.0004396250005811453,0.03,optimal,0,920,0.30700000000000005,0.30700000000000005,1.65
autoopttree_v46_anytime100,1,ta_gaussian_1k,1000,1,0.005,0.297,287,2,0.00045229203533381224,0.03,optimal,0,920,0.29700000000000004,0.29700000000000004,1.65
autoopttree_v46_anytime100,1,ta_fico_1k,1000,23,0.1,0.42200000000000004,222,2,0.02753329207189381,0.042,optimal,52,1237,0.422,0.422,1.65
autoopttree_v46_anytime100,1,ta_fico_1k,1000,23,0.05,0.322,222,2,0.103419333929196,0.118,time,5630,1237,0.1,0.322,1.65
autoopttree_v46_anytime100,1,ta_fico_1k,1000,23,0.02,0.262,222,2,0.10269958293065429,0.118,time,4357,1237,0.04,0.262,1.65
autoopttree_v46_anytime100,1,ta_fico_1k,1000,23,0.01,0.22899999999999998,179,5,0.10321195796132088,0.118,time,5151,1237,0.02,0.235,1.65
autoopttree_v46_anytime100,1,ta_fico_1k,1000,23,0.005,0.201,171,6,0.10316483303904533,0.119,time,5737,1237,0.01,0.215,1.65
autoopttree_v46_anytime100,1,ta_sine_1k,1000,1,0.1,0.5529999999999999,353,2,0.00029504101257771254,0.033,optimal,0,876,0.553,0.553,1.65
autoopttree_v46_anytime100,1,ta_sine_1k,1000,1,0.05,0.45299999999999996,353,2,0.0003654579631984234,0.033,optimal,0,876,0.453,0.453,1.65
autoopttree_v46_anytime100,1,ta_sine_1k,1000,1,0.02,0.39299999999999996,353,2,0.0003963330527767539,0.033,optimal,0,876,0.393,0.393,1.65
autoopttree_v46_anytime100,1,ta_sine_1k,1000,1,0.01,0.373,353,2,0.00040208292193710804,0.033,optimal,0,876,0.373,0.373,1.65
autoopttree_v46_anytime100,1,ta_sine_1k,1000,1,0.005,0.363,353,2,0.0004131660098209977,0.033,optimal,0,876,0.363,0.363,1.65
autoopttree_v46_anytime100,1,ta_car_evaluation,1728,15,0.1,0.3997685185185186,518,1,4.1207997128367424e-05,0.002,optimal,1,14,0.39976851851851847,0.39976851851851847,1.65
autoopttree_v46_anytime100,1,ta_car_evaluation,1728,15,0.05,0.34976851851851853,518,1,6.891705561429262e-05,0.002,optimal,17,14,0.3497685185185185,0.3497685185185185,1.65
autoopttree_v46_anytime100,1,ta_car_evaluation,1728,15,0.02,0.3047916666666667,423,3,0.0006058750441297889,0.003,optimal,280,14,0.3047916666666667,0.3047916666666667,1.65
autoopttree_v46_anytime100,1,ta_car_evaluation,1728,15,0.01,0.27479166666666666,423,3,0.0055140419863164425,0.008,optimal,2926,14,0.27479166666666666,0.27479166666666666,1.65
autoopttree_v46_anytime100,1,ta_car_evaluation,1728,15,0.005,0.2570601851851852,401,5,0.02556800004094839,0.028,optimal,25087,14,0.25706018518518514,0.25706018518518514,1.65
autoopttree_v46_anytime100,1,ta_coupon_bar,1913,14,0.1,0.4645060115002614,506,2,4.345795605331659e-05,0.003,optimal,0,14,0.4645060115002614,0.4645060115002614,1.65
autoopttree_v46_anytime100,1,ta_coupon_bar,1913,14,0.05,0.3645060115002614,506,2,0.00011308398097753525,0.002,optimal,12,14,0.36450601150026135,0.36450601150026135,1.65
autoopttree_v46_anytime100,1,ta_coupon_bar,1913,14,0.02,0.29523261892315733,450,3,0.000571583048440516,0.003,optimal,227,14,0.29523261892315733,0.29523261892315733,1.65
autoopttree_v46_anytime100,1,ta_coupon_bar,1913,14,0.01,0.25334553058024045,389,5,0.006329749943688512,0.009,optimal,3240,14,0.25334553058024045,0.25334553058024045,1.65
autoopttree_v46_anytime100,1,ta_coupon_bar,1913,14,0.005,0.2263225300575013,366,7,0.03292866703122854,0.035,optimal,38349,14,0.22632253005750128,0.22632253005750128,1.65
autoopttree_v46_anytime100,1,ta_compas_binned,6907,12,0.1,0.5240191110467642,2238,2,4.983297549188137e-05,0.007,optimal,1,12,0.5240191110467641,0.5240191110467641,1.65
autoopttree_v46_anytime100,1,ta_compas_binned,6907,12,0.05,0.42401911104676415,2238,2,4.391605034470558e-05,0.006,optimal,1,12,0.42401911104676415,0.42401911104676415,1.65
autoopttree_v46_anytime100,1,ta_compas_binned,6907,12,0.02,0.36401911104676415,2238,2,0.0001289580250158906,0.007,optimal,15,12,0.3640191110467641,0.3640191110467641,1.65
autoopttree_v46_anytime100,1,ta_compas_binned,6907,12,0.01,0.3440191110467642,2238,2,0.00046470900997519493,0.007,optimal,123,12,0.34401911104676414,0.34401911104676414,1.65
autoopttree_v46_anytime100,1,ta_compas_binned,6907,12,0.005,0.33005284493991605,2107,5,0.005281500052660704,0.012,optimal,1632,12,0.330052844939916,0.330052844939916,1.65
autoopttree_v46_anytime100,1,ta_fico_binary,10459,17,0.1,0.5440099435892534,3598,2,9.03749605640769e-05,0.013,optimal,3,16,0.5440099435892534,0.5440099435892534,1.65
autoopttree_v46_anytime100,1,ta_fico_binary,10459,17,0.05,0.4310020078401377,2939,3,0.00016008305829018354,0.012,optimal,18,16,0.4310020078401377,0.4310020078401377,1.65
autoopttree_v46_anytime100,1,ta_fico_binary,10459,17,0.02,0.3410020078401377,2939,3,0.000480000046081841,0.013,optimal,79,16,0.3410020078401377,0.3410020078401377,1.65
autoopttree_v46_anytime100,1,ta_fico_binary,10459,17,0.01,0.3087637441437996,2811,4,0.006239500013180077,0.019,optimal,1204,16,0.3087637441437996,0.3087637441437996,1.65
autoopttree_v46_anytime100,1,ta_fico_binary,10459,17,0.005,0.28515871498231193,2721,5,0.02771816705353558,0.04,optimal,8913,16,0.2851587149823119,0.2851587149823119,1.65
autoopttree_v46_anytime100,1,ta_compas_processed,12381,22,0.1,0.40999111541878686,3838,1,0.02012583299074322,0.158,optimal,404,625,0.40999111541878686,0.40999111541878686,1.65
autoopttree_v46_anytime100,1,ta_compas_processed,12381,22,0.05,0.33576447782893143,2919,2,0.10295220802072436,0.238,time,5805,625,0.10008076892011954,0.33576447782893143,1.65
autoopttree_v46_anytime100,1,ta_compas_processed,12381,22,0.02,0.27576447782893143,2919,2,0.10336379101499915,0.244,time,5256,625,0.04008076892011954,0.27576447782893143,1.65
autoopttree_v46_anytime100,1,ta_compas_processed,12381,22,0.01,0.2557644778289314,2919,2,0.10369745793286711,0.238,time,4728,625,0.02008076892011954,0.2557644778289314,1.65
autoopttree_v46_anytime100,1,ta_compas_processed,12381,22,0.005,0.24527219126080285,2851,3,0.10315441607963294,0.237,time,4696,625,0.010080768920119538,0.24527219126080282,1.65
autoopttree_v46_anytime100,2,ta_chudi,77,2,0.1,0.4857142857142857,22,2,0.00017812498845160007,0.001,optimal,12,32,0.48571428571428577,0.48571428571428577,1.32
autoopttree_v46_anytime100,2,ta_chudi,77,2,0.05,0.3857142857142857,22,2,0.00029633298981934786,0.001,optimal,67,32,0.38571428571428573,0.38571428571428573,1.32
autoopttree_v46_anytime100,2,ta_chudi,77,2,0.02,0.3067532467532468,19,3,0.005413083010353148,0.006,optimal,1498,32,0.3067532467532468,0.3067532467532468,1.32
autoopttree_v46_anytime100,2,ta_chudi,77,2,0.01,0.26883116883116887,13,10,0.01513341604731977,0.016,optimal,9425,32,0.26883116883116887,0.26883116883116887,1.32
autoopttree_v46_anytime100,2,ta_chudi,77,2,0.005,0.20987012987012987,10,16,0.01820370799396187,0.019,optimal,9478,32,0.2098701298701299,0.2098701298701299,1.32
autoopttree_v46_anytime100,2,ta_monk_3,122,11,0.1,0.5278688524590164,40,2,4.499999340623617e-05,0.001,optimal,1,9,0.5278688524590164,0.5278688524590164,1.32
autoopttree_v46_anytime100,2,ta_monk_3,122,11,0.05,0.4278688524590164,40,2,4.924996756017208e-05,0.001,optimal,5,9,0.4278688524590164,0.4278688524590164,1.32
autoopttree_v46_anytime100,2,ta_monk_3,122,11,0.02,0.36327868852459017,37,3,0.0001293340465053916,0.001,optimal,49,9,0.36327868852459017,0.36327868852459017,1.32
autoopttree_v46_anytime100,2,ta_monk_3,122,11,0.01,0.3286885245901639,34,5,0.0002400829689577222,0.001,optimal,120,9,0.3286885245901639,0.3286885245901639,1.32
autoopttree_v46_anytime100,2,ta_monk_3,122,11,0.005,0.28770491803278686,29,10,0.0004534169565886259,0.001,optimal,174,9,0.28770491803278686,0.28770491803278686,1.32
autoopttree_v46_anytime100,2,ta_monk_1,124,11,0.1,0.48225806451612907,35,2,5.379202775657177e-05,0.001,optimal,4,9,0.48225806451612907,0.48225806451612907,1.32
autoopttree_v46_anytime100,2,ta_monk_1,124,11,0.05,0.3822580645161291,35,2,0.00010125001426786184,0.001,optimal,30,9,0.38225806451612904,0.38225806451612904,1.32
autoopttree_v46_anytime100,2,ta_monk_1,124,11,0.02,0.3096774193548387,26,5,0.00047491700388491154,0.001,optimal,271,9,0.3096774193548387,0.3096774193548387,1.32
autoopttree_v46_anytime100,2,ta_monk_1,124,11,0.01,0.2535483870967742,24,6,0.0013065000530332327,0.002,optimal,809,9,0.2535483870967742,0.2535483870967742,1.32
autoopttree_v46_anytime100,2,ta_monk_1,124,11,0.005,0.19483870967741934,13,18,0.0024304160615429282,0.003,optimal,1241,9,0.19483870967741934,0.19483870967741934,1.32
autoopttree_v46_anytime100,2,ta_iris,150,4,0.1,0.66,69,2,0.002644459018483758,0.004,optimal,277,83,0.6599999999999999,0.6599999999999999,1.32
autoopttree_v46_anytime100,2,ta_iris,150,4,0.05,0.5,45,4,0.09990045800805092,0.101,optimal,28479,83,0.5,0.5,1.32
autoopttree_v46_anytime100,2,ta_iris,150,4,0.02,0.3733333333333333,41,5,0.10196066705975682,0.103,time,28130,83,0.09333333333333334,0.37333333333333335,1.32
autoopttree_v46_anytime100,2,ta_iris,150,4,0.01,0.28,27,10,0.1017089580418542,0.103,time,30286,83,0.07333333333333333,0.28,1.32
autoopttree_v46_anytime100,2,ta_iris,150,4,0.005,0.19666666666666666,13,22,0.101057416992262,0.102,time,32473,83,0.06333333333333334,0.19666666666666666,1.32
autoopttree_v46_anytime100,2,ta_monk_2,169,11,0.1,0.47869822485207103,64,1,4.7459034249186516e-05,0.001,optimal,3,10,0.47869822485207103,0.47869822485207103,1.32
autoopttree_v46_anytime100,2,ta_monk_2,169,11,0.05,0.428698224852071,64,1,7.64590222388506e-05,0.001,optimal,29,10,0.428698224852071,0.428698224852071,1.32
autoopttree_v46_anytime100,2,ta_monk_2,169,11,0.02,0.3603550295857988,44,5,0.0009561670012772083,0.002,optimal,596,10,0.3603550295857988,0.3603550295857988,1.32
autoopttree_v46_anytime100,2,ta_monk_2,169,11,0.01,0.3007692307692308,39,7,0.0027369169984012842,0.004,optimal,1635,10,0.3007692307692308,0.3007692307692308,1.32
autoopttree_v46_anytime100,2,ta_monk_2,169,11,0.005,0.2602662721893491,33,13,0.006813084008172154,0.008,optimal,4512,10,0.2602662721893491,0.2602662721893491,1.32
autoopttree_v46_anytime100,2,ta_tic-tac-toe,958,9,0.1,0.4496868475991649,335,1,9.191595017910004e-05,0.002,optimal,10,27,0.4496868475991649,0.4496868475991649,1.32
autoopttree_v46_anytime100,2,ta_tic-tac-toe,958,9,0.05,0.35782881002087685,247,2,0.000842957990244031,0.003,optimal,208,27,0.35782881002087685,0.35782881002087685,1.32
autoopttree_v46_anytime100,2,ta_tic-tac-toe,958,9,0.02,0.28651356993736954,217,3,0.03332225000485778,0.035,optimal,29135,27,0.28651356993736954,0.28651356993736954,1.32
autoopttree_v46_anytime100,2,ta_tic-tac-toe,958,9,0.01,0.2565135699373695,217,3,0.10194874997250736,0.104,time,77619,27,0.08576200417536534,0.2565135699373695,1.32
autoopttree_v46_anytime100,2,ta_tic-tac-toe,958,9,0.005,0.23580375782881002,178,10,0.10134316596668214,0.103,time,84909,27,0.07576200417536533,0.23580375782881002,1.32
autoopttree_v46_anytime100,2,ta_gaussian_1k,1000,1,0.1,0.4,300,1,0.0003124580252915621,0.03,optimal,0,920,0.4,0.4,1.32
autoopttree_v46_anytime100,2,ta_gaussian_1k,1000,1,0.05,0.35,300,1,0.00038970797322690487,0.031,optimal,0,920,0.35,0.35,1.32
autoopttree_v46_anytime100,2,ta_gaussian_1k,1000,1,0.02,0.32,300,1,0.0004184999270364642,0.03,optimal,0,920,0.32,0.32,1.32
autoopttree_v46_anytime100,2,ta_gaussian_1k,1000,1,0.01,0.307,287,2,0.000462166965007782,0.031,optimal,0,920,0.30700000000000005,0.30700000000000005,1.32
autoopttree_v46_anytime100,2,ta_gaussian_1k,1000,1,0.005,0.297,287,2,0.0004590840544551611,0.031,optimal,0,920,0.29700000000000004,0.29700000000000004,1.32
autoopttree_v46_anytime100,2,ta_fico_1k,1000,23,0.1,0.42200000000000004,222,2,0.027396916993893683,0.042,optimal,52,1237,0.422,0.422,1.32
autoopttree_v46_anytime100,2,ta_fico_1k,1000,23,0.05,0.322,222,2,0.102823166991584,0.117,time,5951,1237,0.1,0.322,1.32
autoopttree_v46_anytime100,2,ta_fico_1k,1000,23,0.02,0.262,222,2,0.10247604199685156,0.117,time,4211,1237,0.04,0.262,1.32
autoopttree_v46_anytime100,2,ta_fico_1k,1000,23,0.01,0.22899999999999998,179,5,0.10335250000935048,0.118,time,5268,1237,0.02,0.235,1.32
autoopttree_v46_anytime100,2,ta_fico_1k,1000,23,0.005,0.201,171,6,0.10246579104568809,0.118,time,5991,1237,0.01,0.215,1.32
autoopttree_v46_anytime100,2,ta_sine_1k,1000,1,0.1,0.5529999999999999,353,2,0.0003012079978361726,0.033,optimal,0,876,0.553,0.553,1.32
autoopttree_v46_anytime100,2,ta_sine_1k,1000,1,0.05,0.45299999999999996,353,2,0.00034612498711794615,0.033,optimal,0,876,0.453,0.453,1.32
autoopttree_v46_anytime100,2,ta_sine_1k,1000,1,0.02,0.39299999999999996,353,2,0.00038866710383445024,0.032,optimal,0,876,0.393,0.393,1.32
autoopttree_v46_anytime100,2,ta_sine_1k,1000,1,0.01,0.373,353,2,0.00040195800829678774,0.033,optimal,0,876,0.373,0.373,1.32
autoopttree_v46_anytime100,2,ta_sine_1k,1000,1,0.005,0.363,353,2,0.00043779192492365837,0.034,optimal,0,876,0.363,0.363,1.32
autoopttree_v46_anytime100,2,ta_car_evaluation,1728,15,0.1,0.3997685185185186,518,1,5.504197906702757e-05,0.002,optimal,1,14,0.39976851851851847,0.39976851851851847,1.32
autoopttree_v46_anytime100,2,ta_car_evaluation,1728,15,0.05,0.34976851851851853,518,1,7.129192817956209e-05,0.002,optimal,17,14,0.3497685185185185,0.3497685185185185,1.32
autoopttree_v46_anytime100,2,ta_car_evaluation,1728,15,0.02,0.3047916666666667,423,3,0.0006049589719623327,0.003,optimal,280,14,0.3047916666666667,0.3047916666666667,1.32
autoopttree_v46_anytime100,2,ta_car_evaluation,1728,15,0.01,0.27479166666666666,423,3,0.006140167010016739,0.008,optimal,2934,14,0.27479166666666666,0.27479166666666666,1.32
autoopttree_v46_anytime100,2,ta_car_evaluation,1728,15,0.005,0.2570601851851852,401,5,0.025769250001758337,0.028,optimal,25714,14,0.25706018518518514,0.25706018518518514,1.32
autoopttree_v46_anytime100,2,ta_coupon_bar,1913,14,0.1,0.4645060115002614,506,2,5.5541982874274254e-05,0.003,optimal,0,14,0.4645060115002614,0.4645060115002614,1.32
autoopttree_v46_anytime100,2,ta_coupon_bar,1913,14,0.05,0.3645060115002614,506,2,0.00011087500024586916,0.002,optimal,12,14,0.36450601150026135,0.36450601150026135,1.32
autoopttree_v46_anytime100,2,ta_coupon_bar,1913,14,0.02,0.29523261892315733,450,3,0.0005644999910145998,0.003,optimal,227,14,0.29523261892315733,0.29523261892315733,1.32
autoopttree_v46_anytime100,2,ta_coupon_bar,1913,14,0.01,0.25334553058024045,389,5,0.005604499951004982,0.008,optimal,2904,14,0.25334553058024045,0.25334553058024045,1.32
autoopttree_v46_anytime100,2,ta_coupon_bar,1913,14,0.005,0.2263225300575013,366,7,0.031079833046533167,0.034,optimal,37310,14,0.22632253005750128,0.22632253005750128,1.32
autoopttree_v46_anytime100,2,ta_compas_binned,6907,12,0.1,0.5240191110467642,2238,2,5.908298771828413e-05,0.007,optimal,1,12,0.5240191110467641,0.5240191110467641,1.32
autoopttree_v46_anytime100,2,ta_compas_binned,6907,12,0.05,0.42401911104676415,2238,2,4.7459034249186516e-05,0.006,optimal,1,12,0.42401911104676415,0.42401911104676415,1.32
autoopttree_v46_anytime100,2,ta_compas_binned,6907,12,0.02,0.36401911104676415,2238,2,0.0001341670285910368,0.006,optimal,15,12,0.3640191110467641,0.3640191110467641,1.32
autoopttree_v46_anytime100,2,ta_compas_binned,6907,12,0.01,0.3440191110467642,2238,2,0.00046220794320106506,0.007,optimal,123,12,0.34401911104676414,0.34401911104676414,1.32
autoopttree_v46_anytime100,2,ta_compas_binned,6907,12,0.005,0.33005284493991605,2107,5,0.005302084027789533,0.012,optimal,1617,12,0.330052844939916,0.330052844939916,1.32
autoopttree_v46_anytime100,2,ta_fico_binary,10459,17,0.1,0.5440099435892534,3598,2,9.600003249943256e-05,0.013,optimal,3,16,0.5440099435892534,0.5440099435892534,1.32
autoopttree_v46_anytime100,2,ta_fico_binary,10459,17,0.05,0.4310020078401377,2939,3,0.0001561670796945691,0.013,optimal,18,16,0.4310020078401377,0.4310020078401377,1.32
autoopttree_v46_anytime100,2,ta_fico_binary,10459,17,0.02,0.3410020078401377,2939,3,0.00048170797526836395,0.013,optimal,79,16,0.3410020078401377,0.3410020078401377,1.32
autoopttree_v46_anytime100,2,ta_fico_binary,10459,17,0.01,0.3087637441437996,2811,4,0.006080375052988529,0.018,optimal,1087,16,0.3087637441437996,0.3087637441437996,1.32
autoopttree_v46_anytime100,2,ta_fico_binary,10459,17,0.005,0.28515871498231193,2721,5,0.028721250011585653,0.041,optimal,8906,16,0.2851587149823119,0.2851587149823119,1.32
autoopttree_v46_anytime100,2,ta_compas_processed,12381,22,0.1,0.40999111541878686,3838,1,0.01790945790708065,0.157,optimal,402,625,0.40999111541878686,0.40999111541878686,1.32
autoopttree_v46_anytime100,2,ta_compas_processed,12381,22,0.05,0.33576447782893143,2919,2,0.1031249159714207,0.238,time,5890,625,0.10008076892011954,0.33576447782893143,1.32
autoopttree_v46_anytime100,2,ta_compas_processed,12381,22,0.02,0.27576447782893143,2919,2,0.10272687498945743,0.239,time,5280,625,0.04008076892011954,0.27576447782893143,1.32
autoopttree_v46_anytime100,2,ta_compas_processed,12381,22,0.01,0.2557644778289314,2919,2,0.1026066669728607,0.239,time,4727,625,0.02008076892011954,0.2557644778289314,1.32
autoopttree_v46_anytime100,2,ta_compas_processed,12381,22,0.005,0.24527219126080285,2851,3,0.10247537505347282,0.237,time,4683,625,0.010080768920119538,0.24527219126080282,1.32
autoopttree_v46_anytime100,3,ta_chudi,77,2,0.1,0.4857142857142857,22,2,0.00027354201301932335,0.002,optimal,12,32,0.48571428571428577,0.48571428571428577,1.34
autoopttree_v46_anytime100,3,ta_chudi,77,2,0.05,0.3857142857142857,22,2,0.0004767079371958971,0.001,optimal,67,32,0.38571428571428573,0.38571428571428573,1.34
autoopttree_v46_anytime100,3,ta_chudi,77,2,0.02,0.3067532467532468,19,3,0.006903458968736231,0.008,optimal,1591,32,0.3067532467532468,0.3067532467532468,1.34
autoopttree_v46_anytime100,3,ta_chudi,77,2,0.01,0.26883116883116887,13,10,0.019290332915261388,0.02,optimal,8974,32,0.26883116883116887,0.26883116883116887,1.34
autoopttree_v46_anytime100,3,ta_chudi,77,2,0.005,0.20987012987012987,10,16,0.02084599994122982,0.022,optimal,9109,32,0.20987012987012987,0.20987012987012987,1.34
autoopttree_v46_anytime100,3,ta_monk_3,122,11,0.1,0.5278688524590164,40,2,4.416599404066801e-05,0.001,optimal,1,9,0.5278688524590164,0.5278688524590164,1.34
autoopttree_v46_anytime100,3,ta_monk_3,122,11,0.05,0.4278688524590164,40,2,4.912505391985178e-05,0.001,optimal,5,9,0.4278688524590164,0.4278688524590164,1.34
autoopttree_v46_anytime100,3,ta_monk_3,122,11,0.02,0.36327868852459017,37,3,0.000125208985991776,0.001,optimal,49,9,0.36327868852459017,0.36327868852459017,1.34
autoopttree_v46_anytime100,3,ta_monk_3,122,11,0.01,0.3286885245901639,34,5,0.00023833289742469788,0.001,optimal,120,9,0.3286885245901639,0.3286885245901639,1.34
autoopttree_v46_anytime100,3,ta_monk_3,122,11,0.005,0.28770491803278686,29,10,0.0004492499865591526,0.001,optimal,174,9,0.28770491803278686,0.28770491803278686,1.34
autoopttree_v46_anytime100,3,ta_monk_1,124,11,0.1,0.48225806451612907,35,2,4.9166963435709476e-05,0.001,optimal,4,9,0.48225806451612907,0.48225806451612907,1.34
autoopttree_v46_anytime100,3,ta_monk_1,124,11,0.05,0.3822580645161291,35,2,9.495799895375967e-05,0.001,optimal,30,9,0.38225806451612904,0.38225806451612904,1.34
autoopttree_v46_anytime100,3,ta_monk_1,124,11,0.02,0.3096774193548387,26,5,0.0004623749991878867,0.001,optimal,271,9,0.3096774193548387,0.3096774193548387,1.34
autoopttree_v46_anytime100,3,ta_monk_1,124,11,0.01,0.2535483870967742,24,6,0.0013027499662712216,0.002,optimal,809,9,0.2535483870967742,0.2535483870967742,1.34
autoopttree_v46_anytime100,3,ta_monk_1,124,11,0.005,0.19483870967741934,13,18,0.0024075410328805447,0.003,optimal,1241,9,0.19483870967741934,0.19483870967741934,1.34
autoopttree_v46_anytime100,3,ta_iris,150,4,0.1,0.66,69,2,0.0025744999293237925,0.004,optimal,278,83,0.6599999999999999,0.6599999999999999,1.34
autoopttree_v46_anytime100,3,ta_iris,150,4,0.05,0.5,45,4,0.09935233404394239,0.1,optimal,28575,83,0.5,0.5,1.34
autoopttree_v46_anytime100,3,ta_iris,150,4,0.02,0.3733333333333333,41,5,0.10159545904025435,0.103,time,27901,83,0.09333333333333334,0.37333333333333335,1.34
autoopttree_v46_anytime100,3,ta_iris,150,4,0.01,0.28,27,10,0.10204070899635553,0.103,time,30440,83,0.07333333333333333,0.28,1.34
autoopttree_v46_anytime100,3,ta_iris,150,4,0.005,0.19666666666666666,13,22,0.10221795807592571,0.103,time,32332,83,0.06333333333333334,0.19666666666666666,1.34
autoopttree_v46_anytime100,3,ta_monk_2,169,11,0.1,0.47869822485207103,64,1,4.770804662257433e-05,0.001,optimal,3,10,0.47869822485207103,0.47869822485207103,1.34
autoopttree_v46_anytime100,3,ta_monk_2,169,11,0.05,0.428698224852071,64,1,7.916707545518875e-05,0.001,optimal,29,10,0.428698224852071,0.428698224852071,1.34
autoopttree_v46_anytime100,3,ta_monk_2,169,11,0.02,0.3603550295857988,44,5,0.0009563330095261335,0.002,optimal,596,10,0.3603550295857988,0.3603550295857988,1.34
autoopttree_v46_anytime100,3,ta_monk_2,169,11,0.01,0.3007692307692308,39,7,0.002795749926008284,0.004,optimal,1636,10,0.3007692307692308,0.3007692307692308,1.34
autoopttree_v46_anytime100,3,ta_monk_2,169,11,0.005,0.2602662721893491,33,13,0.00716479099355638,0.008,optimal,4461,10,0.2602662721893491,0.2602662721893491,1.34
autoopttree_v46_anytime100,3,ta_tic-tac-toe,958,9,0.1,0.4496868475991649,335,1,9.879202116280794e-05,0.002,optimal,10,27,0.4496868475991649,0.4496868475991649,1.34
autoopttree_v46_anytime100,3,ta_tic-tac-toe,958,9,0.05,0.35782881002087685,247,2,0.0008572919759899378,0.003,optimal,208,27,0.35782881002087685,0.35782881002087685,1.34
autoopttree_v46_anytime100,3,ta_tic-tac-toe,958,9,0.02,0.28651356993736954,217,3,0.0329748330404982,0.035,optimal,27967,27,0.28651356993736954,0.28651356993736954,1.34
autoopttree_v46_anytime100,3,ta_tic-tac-toe,958,9,0.01,0.2565135699373695,217,3,0.1026336660142988,0.105,time,80913,27,0.08576200417536534,0.2565135699373695,1.34
autoopttree_v46_anytime100,3,ta_tic-tac-toe,958,9,0.005,0.23580375782881002,178,10,0.10304458299651742,0.105,time,84286,27,0.07576200417536533,0.23580375782881002,1.34
autoopttree_v46_anytime100,3,ta_gaussian_1k,1000,1,0.1,0.4,300,1,0.000315292039886117,0.03,optimal,0,920,0.4,0.4,1.34
autoopttree_v46_anytime100,3,ta_gaussian_1k,1000,1,0.05,0.35,300,1,0.00038400001358240843,0.031,optimal,0,920,0.35,0.35,1.34
autoopttree_v46_anytime100,3,ta_gaussian_1k,1000,1,0.02,0.32,300,1,0.0004187090089544654,0.031,optimal,0,920,0.32,0.32,1.34
autoopttree_v46_anytime100,3,ta_gaussian_1k,1000,1,0.01,0.307,287,2,0.00043420796282589436,0.03,optimal,0,920,0.30700000000000005,0.30700000000000005,1.34
autoopttree_v46_anytime100,3,ta_gaussian_1k,1000,1,0.005,0.297,287,2,0.00043983396608382463,0.03,optimal,0,920,0.29700000000000004,0.29700000000000004,1.34
autoopttree_v46_anytime100,3,ta_fico_1k,1000,23,0.1,0.42200000000000004,222,2,0.027312249992974102,0.042,optimal,52,1237,0.422,0.422,1.34
autoopttree_v46_anytime100,3,ta_fico_1k,1000,23,0.05,0.322,222,2,0.10189937497489154,0.116,time,5839,1237,0.1,0.322,1.34
autoopttree_v46_anytime100,3,ta_fico_1k,1000,23,0.02,0.262,222,2,0.10337433300446719,0.118,time,4192,1237,0.04,0.262,1.34
autoopttree_v46_anytime100,3,ta_fico_1k,1000,23,0.01,0.22899999999999998,179,5,0.10341816709842533,0.119,time,5537,1237,0.02,0.235,1.34
autoopttree_v46_anytime100,3,ta_fico_1k,1000,23,0.005,0.201,171,6,0.10194795893039554,0.117,time,5938,1237,0.01,0.215,1.34
autoopttree_v46_anytime100,3,ta_sine_1k,1000,1,0.1,0.5529999999999999,353,2,0.00029966607689857483,0.033,optimal,0,876,0.553,0.553,1.34
autoopttree_v46_anytime100,3,ta_sine_1k,1000,1,0.05,0.45299999999999996,353,2,0.0003541660262271762,0.034,optimal,0,876,0.453,0.453,1.34
autoopttree_v46_anytime100,3,ta_sine_1k,1000,1,0.02,0.39299999999999996,353,2,0.0004123750841245055,0.034,optimal,0,876,0.393,0.393,1.34
autoopttree_v46_anytime100,3,ta_sine_1k,1000,1,0.01,0.373,353,2,0.0004163330886512995,0.033,optimal,0,876,0.373,0.373,1.34
autoopttree_v46_anytime100,3,ta_sine_1k,1000,1,0.005,0.363,353,2,0.0004492920124903321,0.034,optimal,0,876,0.363,0.363,1.34
autoopttree_v46_anytime100,3,ta_car_evaluation,1728,15,0.1,0.3997685185185186,518,1,4.3459003791213036e-05,0.002,optimal,1,14,0.39976851851851847,0.39976851851851847,1.34
autoopttree_v46_anytime100,3,ta_car_evaluation,1728,15,0.05,0.34976851851851853,518,1,6.829190533608198e-05,0.002,optimal,17,14,0.3497685185185185,0.3497685185185185,1.34
autoopttree_v46_anytime100,3,ta_car_evaluation,1728,15,0.02,0.3047916666666667,423,3,0.0005931659834459424,0.003,optimal,280,14,0.3047916666666667,0.3047916666666667,1.34
autoopttree_v46_anytime100,3,ta_car_evaluation,1728,15,0.01,0.27479166666666666,423,3,0.0061185830272734165,0.008,optimal,2902,14,0.27479166666666666,0.27479166666666666,1.34
autoopttree_v46_anytime100,3,ta_car_evaluation,1728,15,0.005,0.2570601851851852,401,5,0.027083458960987628,0.029,optimal,26741,14,0.25706018518518514,0.25706018518518514,1.34
autoopttree_v46_anytime100,3,ta_coupon_bar,1913,14,0.1,0.4645060115002614,506,2,4.8791058361530304e-05,0.003,optimal,0,14,0.4645060115002614,0.4645060115002614,1.34
autoopttree_v46_anytime100,3,ta_coupon_bar,1913,14,0.05,0.3645060115002614,506,2,0.00010575004853308201,0.002,optimal,12,14,0.36450601150026135,0.36450601150026135,1.34
autoopttree_v46_anytime100,3,ta_coupon_bar,1913,14,0.02,0.29523261892315733,450,3,0.0005561659345403314,0.003,optimal,227,14,0.29523261892315733,0.29523261892315733,1.34
autoopttree_v46_anytime100,3,ta_coupon_bar,1913,14,0.01,0.25334553058024045,389,5,0.00564866594504565,0.008,optimal,2827,14,0.25334553058024045,0.25334553058024045,1.34
autoopttree_v46_anytime100,3,ta_coupon_bar,1913,14,0.005,0.2263225300575013,366,7,0.031161500024609268,0.034,optimal,37101,14,0.22632253005750128,0.22632253005750128,1.34
autoopttree_v46_anytime100,3,ta_compas_binned,6907,12,0.1,0.5240191110467642,2238,2,6.145809311419725e-05,0.007,optimal,1,12,0.5240191110467641,0.5240191110467641,1.34
autoopttree_v46_anytime100,3,ta_compas_binned,6907,12,0.05,0.42401911104676415,2238,2,4.837499000132084e-05,0.006,optimal,1,12,0.42401911104676415,0.42401911104676415,1.34
autoopttree_v46_anytime100,3,ta_compas_binned,6907,12,0.02,0.36401911104676415,2238,2,0.00012208300177007914,0.006,optimal,15,12,0.3640191110467641,0.3640191110467641,1.34
autoopttree_v46_anytime100,3,ta_compas_binned,6907,12,0.01,0.3440191110467642,2238,2,0.0004871669225394726,0.007,optimal,123,12,0.34401911104676414,0.34401911104676414,1.34
autoopttree_v46_anytime100,3,ta_compas_binned,6907,12,0.005,0.33005284493991605,2107,5,0.005256540956906974,0.012,optimal,1614,12,0.330052844939916,0.330052844939916,1.34
autoopttree_v46_anytime100,3,ta_fico_binary,10459,17,0.1,0.5440099435892534,3598,2,0.00011491705663502216,0.013,optimal,3,16,0.5440099435892534,0.5440099435892534,1.34
autoopttree_v46_anytime100,3,ta_fico_binary,10459,17,0.05,0.4310020078401377,2939,3,0.00016070809215307236,0.013,optimal,18,16,0.4310020078401377,0.4310020078401377,1.34
autoopttree_v46_anytime100,3,ta_fico_binary,10459,17,0.02,0.3410020078401377,2939,3,0.0004970830632373691,0.013,optimal,79,16,0.3410020078401377,0.3410020078401377,1.34
autoopttree_v46_anytime100,3,ta_fico_binary,10459,17,0.01,0.3087637441437996,2811,4,0.006067666923627257,0.019,optimal,1089,16,0.3087637441437996,0.3087637441437996,1.34
autoopttree_v46_anytime100,3,ta_fico_binary,10459,17,0.005,0.28515871498231193,2721,5,0.030228540999814868,0.043,optimal,9202,16,0.2851587149823119,0.2851587149823119,1.34
autoopttree_v46_anytime100,3,ta_compas_processed,12381,22,0.1,0.40999111541878686,3838,1,0.0181166660040617,0.154,optimal,408,625,0.40999111541878686,0.40999111541878686,1.34
autoopttree_v46_anytime100,3,ta_compas_processed,12381,22,0.05,0.33576447782893143,2919,2,0.10310316702816635,0.24,time,5871,625,0.10008076892011954,0.33576447782893143,1.34
autoopttree_v46_anytime100,3,ta_compas_processed,12381,22,0.02,0.27576447782893143,2919,2,0.10303474997635931,0.235,time,5368,625,0.04008076892011954,0.27576447782893143,1.34
autoopttree_v46_anytime100,3,ta_compas_processed,12381,22,0.01,0.2557644778289314,2919,2,0.10367658291943371,0.242,time,4857,625,0.02008076892011954,0.2557644778289314,1.34
autoopttree_v46_anytime100,3,ta_compas_processed,12381,22,0.005,0.24527219126080285,2851,3,0.10296662501059473,0.239,time,4807,625,0.010080768920119538,0.24527219126080282,1.34
autoopttree_v49,1,ta_chudi,77,2,0.1,0.4857142857142857,22,2,9.495799895375967e-05,22.749,optimal,11,32,0.48571428571428577,0.48571428571428577,4.77
autoopttree_v49,1,ta_chudi,77,2,0.05,0.3857142857142857,22,2,0.0001841250341385603,0.001,optimal,68,32,0.38571428571428573,0.38571428571428573,4.77
autoopttree_v49,1,ta_chudi,77,2,0.02,0.3067532467532468,19,3,0.00460141699295491,0.005,optimal,1440,32,0.3067532467532468,0.3067532467532468,4.77
autoopttree_v49,1,ta_chudi,77,2,0.01,0.26883116883116887,13,10,0.016925708972848952,0.017,optimal,9326,32,0.26883116883116887,0.26883116883116887,4.77
autoopttree_v49,1,ta_chudi,77,2,0.005,0.20987012987012987,10,16,0.018461208092048764,0.019,optimal,10196,32,0.2098701298701299,0.2098701298701299,4.77
autoopttree_v49,1,ta_monk_3,122,11,0.1,0.5278688524590164,40,2,3.916595596820116e-05,0.001,optimal,1,9,0.5278688524590164,0.5278688524590164,4.77
autoopttree_v49,1,ta_monk_3,122,11,0.05,0.4278688524590164,40,2,4.1500083170831203e-05,0.001,optimal,6,9,0.4278688524590164,0.4278688524590164,4.77
autoopttree_v49,1,ta_monk_3,122,11,0.02,0.36327868852459017,37,3,9.845802560448647e-05,0.001,optimal,51,9,0.36327868852459017,0.36327868852459017,4.77
autoopttree_v49,1,ta_monk_3,122,11,0.01,0.3286885245901639,34,5,0.00021087494678795338,0.001,optimal,114,9,0.3286885245901639,0.3286885245901639,4.77
autoopttree_v49,1,ta_monk_3,122,11,0.005,0.28770491803278686,29,10,0.00045254197902977467,0.001,optimal,172,9,0.28770491803278686,0.28770491803278686,4.77
autoopttree_v49,1,ta_monk_1,124,11,0.1,0.48225806451612907,35,2,3.2624928280711174e-05,0.001,optimal,3,9,0.48225806451612907,0.48225806451612907,4.77
autoopttree_v49,1,ta_monk_1,124,11,0.05,0.3822580645161291,35,2,6.933300755918026e-05,0.001,optimal,31,9,0.38225806451612904,0.38225806451612904,4.77
autoopttree_v49,1,ta_monk_1,124,11,0.02,0.3096774193548387,26,5,0.00039412500336766243,0.001,optimal,255,9,0.3096774193548387,0.3096774193548387,4.77
autoopttree_v49,1,ta_monk_1,124,11,0.01,0.2535483870967742,24,6,0.0012547080405056477,0.002,optimal,798,9,0.2535483870967742,0.2535483870967742,4.77
autoopttree_v49,1,ta_monk_1,124,11,0.005,0.19483870967741934,13,18,0.0023765829391777515,0.003,optimal,1248,9,0.19483870967741934,0.19483870967741934,4.77
autoopttree_v49,1,ta_iris,150,4,0.1,0.66,69,2,0.001911874976940453,0.003,optimal,306,83,0.6599999999999999,0.6599999999999999,4.77
autoopttree_v49,1,ta_iris,150,4,0.05,0.5,45,4,0.06285099999513477,0.064,optimal,28347,83,0.5,0.5,4.77
autoopttree_v49,1,ta_iris,150,4,0.02,0.3666666666666667,31,8,30.0,30.033,time,9368911,83,0.09333333333333334,0.36666666666666664,4.77
autoopttree_v49,1,ta_iris,150,4,0.01,0.28,27,10,30.0,30.016,time,8668224,83,0.07333333333333333,0.28,4.77
autoopttree_v49,1,ta_iris,150,4,0.005,0.19333333333333333,11,24,30.0,30.017,time,7852461,83,0.06333333333333334,0.19333333333333336,4.77
autoopttree_v49,1,ta_monk_2,169,11,0.1,0.47869822485207103,64,1,5.5042095482349396e-05,0.003,optimal,3,10,0.47869822485207103,0.47869822485207103,4.77
autoopttree_v49,1,ta_monk_2,169,11,0.05,0.428698224852071,64,1,0.0001129580195993185,0.001,optimal,29,10,0.428698224852071,0.428698224852071,4.77
autoopttree_v49,1,ta_monk_2,169,11,0.02,0.3603550295857988,44,5,0.0015566670335829258,0.003,optimal,595,10,0.3603550295857988,0.3603550295857988,4.77
autoopttree_v49,1,ta_monk_2,169,11,0.01,0.3007692307692308,39,7,0.006093125091865659,0.007,optimal,1998,10,0.3007692307692308,0.3007692307692308,4.77
autoopttree_v49,1,ta_monk_2,169,11,0.005,0.2602662721893491,33,13,0.00817470799665898,0.009,optimal,4984,10,0.2602662721893491,0.2602662721893491,4.77
autoopttree_v49,1,ta_tic-tac-toe,958,9,0.1,0.4496868475991649,335,1,0.00010099995415657759,0.002,optimal,10,27,0.4496868475991649,0.4496868475991649,4.77
autoopttree_v49,1,ta_tic-tac-toe,958,9,0.05,0.35782881002087685,247,2,0.0009533329866826534,0.003,optimal,207,27,0.35782881002087685,0.35782881002087685,4.77
autoopttree_v49,1,ta_tic-tac-toe,958,9,0.02,0.28651356993736954,217,3,0.033273209002800286,0.035,optimal,23906,27,0.28651356993736954,0.28651356993736954,4.77
autoopttree_v49,1,ta_tic-tac-toe,958,9,0.01,0.2565135699373695,217,3,3.353538666968234,3.355,optimal,2107591,27,0.2565135699373695,0.2565135699373695,4.77
autoopttree_v49,1,ta_tic-tac-toe,958,9,0.005,0.23041753653444677,192,6,30.0,30.023,time,13549198,27,0.07576200417536533,0.23041753653444674,4.77
autoopttree_v49,1,ta_gaussian_1k,1000,1,0.1,0.4,300,1,0.0005039589013904333,0.014,optimal,0,920,0.4,0.4,4.77
autoopttree_v49,1,ta_gaussian_1k,1000,1,0.05,0.35,300,1,0.0006216659676283598,0.008,optimal,0,920,0.35,0.35,4.77
autoopttree_v49,1,ta_gaussian_1k,1000,1,0.02,0.32,300,1,0.0006987499073147774,0.008,optimal,0,920,0.32,0.32,4.77
autoopttree_v49,1,ta_gaussian_1k,1000,1,0.01,0.307,287,2,0.0006379170808941126,0.007,optimal,0,920,0.30700000000000005,0.30700000000000005,4.77
autoopttree_v49,1,ta_gaussian_1k,1000,1,0.005,0.297,287,2,0.0006587079260498285,0.007,optimal,0,920,0.29700000000000004,0.29700000000000004,4.77
autoopttree_v49,1,ta_fico_1k,1000,23,0.1,0.42200000000000004,222,2,0.014672250021249056,0.027,optimal,51,1237,0.422,0.422,4.77
autoopttree_v49,1,ta_fico_1k,1000,23,0.05,0.322,222,2,30.0,30.04,time,3873217,1237,0.1,0.322,4.77
autoopttree_v49,1,ta_fico_1k,1000,23,0.02,0.262,222,2,30.0,30.018,time,3190129,1237,0.04,0.262,4.77
autoopttree_v49,1,ta_fico_1k,1000,23,0.01,0.22899999999999998,179,5,30.0,30.015,time,1437329,1237,0.02,0.229,4.77
autoopttree_v49,1,ta_fico_1k,1000,23,0.005,0.196,146,10,30.0,30.015,time,1442089,1237,0.01,0.215,4.77
autoopttree_v49,1,ta_sine_1k,1000,1,0.1,0.5529999999999999,353,2,0.0004744590260088444,0.007,optimal,0,876,0.553,0.553,4.77
autoopttree_v49,1,ta_sine_1k,1000,1,0.05,0.45299999999999996,353,2,0.0005715839797630906,0.007,optimal,0,876,0.453,0.453,4.77
autoopttree_v49,1,ta_sine_1k,1000,1,0.02,0.39299999999999996,353,2,0.0006525000790134072,0.007,optimal,0,876,0.393,0.393,4.77
autoopttree_v49,1,ta_sine_1k,1000,1,0.01,0.373,353,2,0.0006048750365152955,0.007,optimal,0,876,0.373,0.373,4.77
autoopttree_v49,1,ta_sine_1k,1000,1,0.005,0.363,353,2,0.0006064169574528933,0.006,optimal,0,876,0.363,0.363,4.77
autoopttree_v49,1,ta_car_evaluation,1728,15,0.1,0.3997685185185186,518,1,3.729097079485655e-05,0.002,optimal,1,14,0.39976851851851847,0.39976851851851847,4.77
autoopttree_v49,1,ta_car_evaluation,1728,15,0.05,0.34976851851851853,518,1,8.725002408027649e-05,0.002,optimal,17,14,0.3497685185185185,0.3497685185185185,4.77
autoopttree_v49,1,ta_car_evaluation,1728,15,0.02,0.3047916666666667,423,3,0.0008299159817397594,0.003,optimal,281,14,0.3047916666666667,0.3047916666666667,4.77
autoopttree_v49,1,ta_car_evaluation,1728,15,0.01,0.27479166666666666,423,3,0.006118917022831738,0.008,optimal,2791,14,0.27479166666666666,0.27479166666666666,4.77
autoopttree_v49,1,ta_car_evaluation,1728,15,0.005,0.2570601851851852,401,5,0.0273904160130769,0.029,optimal,25607,14,0.25706018518518514,0.25706018518518514,4.77
autoopttree_v49,1,ta_coupon_bar,1913,14,0.1,0.4645060115002614,506,2,4.479195922613144e-05,0.002,optimal,0,14,0.4645060115002614,0.4645060115002614,4.77
autoopttree_v49,1,ta_coupon_bar,1913,14,0.05,0.3645060115002614,506,2,7.966707926243544e-05,0.002,optimal,11,14,0.36450601150026135,0.36450601150026135,4.77
autoopttree_v49,1,ta_coupon_bar,1913,14,0.02,0.29523261892315733,450,3,0.000625082990154624,0.002,optimal,226,14,0.29523261892315733,0.29523261892315733,4.77
autoopttree_v49,1,ta_coupon_bar,1913,14,0.01,0.25334553058024045,389,5,0.006389833986759186,0.008,optimal,3096,14,0.25334553058024045,0.25334553058024045,4.77
autoopttree_v49,1,ta_coupon_bar,1913,14,0.005,0.2263225300575013,366,7,0.03641266608610749,0.038,optimal,34475,14,0.22632253005750128,0.22632253005750128,4.77
autoopttree_v49,1,ta_compas_binned,6907,12,0.1,0.5240191110467642,2238,2,4.1624996811151505e-05,0.004,optimal,1,12,0.5240191110467641,0.5240191110467641,4.77
autoopttree_v49,1,ta_compas_binned,6907,12,0.05,0.42401911104676415,2238,2,3.574998117983341e-05,0.004,optimal,1,12,0.42401911104676415,0.42401911104676415,4.77
autoopttree_v49,1,ta_compas_binned,6907,12,0.02,0.36401911104676415,2238,2,9.491702076047659e-05,0.004,optimal,15,12,0.3640191110467641,0.3640191110467641,4.77
autoopttree_v49,1,ta_compas_binned,6907,12,0.01,0.3440191110467642,2238,2,0.000512166996486485,0.004,optimal,122,12,0.34401911104676414,0.34401911104676414,4.77
autoopttree_v49,1,ta_compas_binned,6907,12,0.005,0.33005284493991605,2107,5,0.005344249890185893,0.009,optimal,1423,12,0.330052844939916,0.330052844939916,4.77
autoopttree_v49,1,ta_fico_binary,10459,17,0.1,0.5440099435892534,3598,2,4.558300133794546e-05,0.006,optimal,3,16,0.5440099435892534,0.5440099435892534,4.77
autoopttree_v49,1,ta_fico_binary,10459,17,0.05,0.4310020078401377,2939,3,0.0001222920836880803,0.006,optimal,18,16,0.4310020078401377,0.4310020078401377,4.77
autoopttree_v49,1,ta_fico_binary,10459,17,0.02,0.3410020078401377,2939,3,0.00046504102647304535,0.006,optimal,82,16,0.3410020078401377,0.3410020078401377,4.77
autoopttree_v49,1,ta_fico_binary,10459,17,0.01,0.3087637441437996,2811,4,0.005401458009146154,0.011,optimal,1145,16,0.3087637441437996,0.3087637441437996,4.77
autoopttree_v49,1,ta_fico_binary,10459,17,0.005,0.28515871498231193,2721,5,0.02607212506700307,0.031,optimal,11038,16,0.2851587149823119,0.2851587149823119,4.77
autoopttree_v49,1,ta_compas_processed,12381,22,0.1,0.40999111541878686,3838,1,0.008948624948970973,0.065,optimal,1,625,0.40999111541878686,0.40999111541878686,4.77
autoopttree_v49,1,ta_compas_processed,12381,22,0.05,0.33576447782893143,2919,2,7.5553471660241485,7.61,optimal,444283,625,0.33576447782893143,0.33576447782893143,4.77
autoopttree_v49,1,ta_compas_processed,12381,22,0.02,0.27576447782893143,2919,2,30.0,30.089,time,5022404,625,0.04008076892011954,0.27576447782893143,4.77
autoopttree_v49,1,ta_compas_processed,12381,22,0.01,0.2557644778289314,2919,2,30.0,30.08,time,1921683,625,0.02008076892011954,0.2557644778289314,4.77
autoopttree_v49,1,ta_compas_processed,12381,22,0.005,0.24527219126080285,2851,3,30.0,30.116,time,2766105,625,0.010080768920119538,0.24527219126080282,4.77
autoopttree_v49,2,ta_chudi,77,2,0.1,0.4857142857142857,22,2,0.00048587494529783726,0.005,optimal,11,32,0.48571428571428577,0.48571428571428577,4.41
autoopttree_v49,2,ta_chudi,77,2,0.05,0.3857142857142857,22,2,0.0009233340388163924,0.003,optimal,68,32,0.38571428571428573,0.38571428571428573,4.41
autoopttree_v49,2,ta_chudi,77,2,0.02,0.3067532467532468,19,3,0.008585874922573566,0.01,optimal,1627,32,0.3067532467532468,0.3067532467532468,4.41
autoopttree_v49,2,ta_chudi,77,2,0.01,0.26883116883116887,13,10,0.02645849995315075,0.028,optimal,9641,32,0.26883116883116887,0.26883116883116887,4.41
autoopttree_v49,2,ta_chudi,77,2,0.005,0.20987012987012987,10,16,0.020452584023587406,0.021,optimal,10686,32,0.2098701298701299,0.2098701298701299,4.41
autoopttree_v49,2,ta_monk_3,122,11,0.1,0.5278688524590164,40,2,4.3459003791213036e-05,0.001,optimal,1,9,0.5278688524590164,0.5278688524590164,4.41
autoopttree_v49,2,ta_monk_3,122,11,0.05,0.4278688524590164,40,2,4.504097159951925e-05,0.001,optimal,6,9,0.4278688524590164,0.4278688524590164,4.41
autoopttree_v49,2,ta_monk_3,122,11,0.02,0.36327868852459017,37,3,0.0001255410024896264,0.001,optimal,51,9,0.36327868852459017,0.36327868852459017,4.41
autoopttree_v49,2,ta_monk_3,122,11,0.01,0.3286885245901639,34,5,0.00025525002274662256,0.001,optimal,114,9,0.3286885245901639,0.3286885245901639,4.41
autoopttree_v49,2,ta_monk_3,122,11,0.005,0.28770491803278686,29,10,0.00040987494867295027,0.001,optimal,172,9,0.28770491803278686,0.28770491803278686,4.41
autoopttree_v49,2,ta_monk_1,124,11,0.1,0.48225806451612907,35,2,3.087497316300869e-05,0.001,optimal,3,9,0.48225806451612907,0.48225806451612907,4.41
autoopttree_v49,2,ta_monk_1,124,11,0.05,0.3822580645161291,35,2,7.583294063806534e-05,0.001,optimal,31,9,0.38225806451612904,0.38225806451612904,4.41
autoopttree_v49,2,ta_monk_1,124,11,0.02,0.3096774193548387,26,5,0.0004527500132098794,0.001,optimal,255,9,0.3096774193548387,0.3096774193548387,4.41
autoopttree_v49,2,ta_monk_1,124,11,0.01,0.2535483870967742,24,6,0.0014005410484969616,0.002,optimal,798,9,0.2535483870967742,0.2535483870967742,4.41
autoopttree_v49,2,ta_monk_1,124,11,0.005,0.19483870967741934,13,18,0.0025255000218749046,0.003,optimal,1257,9,0.19483870967741934,0.19483870967741934,4.41
autoopttree_v49,2,ta_iris,150,4,0.1,0.66,69,2,0.0018098329892382026,0.002,optimal,305,83,0.6599999999999999,0.6599999999999999,4.41
autoopttree_v49,2,ta_iris,150,4,0.05,0.5,45,4,0.05365770810749382,0.054,optimal,27978,83,0.5,0.5,4.41
autoopttree_v49,2,ta_iris,150,4,0.02,0.3666666666666667,34,7,30.0,30.028,time,9439024,83,0.09333333333333334,0.36666666666666664,4.41
autoopttree_v49,2,ta_iris,150,4,0.01,0.28,27,10,30.0,30.024,time,8956605,83,0.07333333333333333,0.28,4.41
autoopttree_v49,2,ta_iris,150,4,0.005,0.19333333333333333,11,24,30.0,30.022,time,7968705,83,0.06333333333333334,0.19333333333333336,4.41
autoopttree_v49,2,ta_monk_2,169,11,0.1,0.47869822485207103,64,1,7.229100447148085e-05,0.003,optimal,3,10,0.47869822485207103,0.47869822485207103,4.41
autoopttree_v49,2,ta_monk_2,169,11,0.05,0.428698224852071,64,1,0.00011475000064820051,0.001,optimal,29,10,0.428698224852071,0.428698224852071,4.41
autoopttree_v49,2,ta_monk_2,169,11,0.02,0.3603550295857988,44,5,0.0015629999106749892,0.003,optimal,595,10,0.3603550295857988,0.3603550295857988,4.41
autoopttree_v49,2,ta_monk_2,169,11,0.01,0.3007692307692308,39,7,0.005600999924354255,0.007,optimal,1920,10,0.3007692307692308,0.3007692307692308,4.41
autoopttree_v49,2,ta_monk_2,169,11,0.005,0.2602662721893491,33,13,0.00903062499128282,0.01,optimal,4904,10,0.2602662721893491,0.2602662721893491,4.41
autoopttree_v49,2,ta_tic-tac-toe,958,9,0.1,0.4496868475991649,335,1,0.00011016603093594313,0.002,optimal,10,27,0.4496868475991649,0.4496868475991649,4.41
autoopttree_v49,2,ta_tic-tac-toe,958,9,0.05,0.35782881002087685,247,2,0.0009578330209478736,0.003,optimal,207,27,0.35782881002087685,0.35782881002087685,4.41
autoopttree_v49,2,ta_tic-tac-toe,958,9,0.02,0.28651356993736954,217,3,0.03317362500820309,0.035,optimal,23906,27,0.28651356993736954,0.28651356993736954,4.41
autoopttree_v49,2,ta_tic-tac-toe,958,9,0.01,0.2565135699373695,217,3,3.3523160840850323,3.354,optimal,2145619,27,0.2565135699373695,0.2565135699373695,4.41
autoopttree_v49,2,ta_tic-tac-toe,958,9,0.005,0.23041753653444677,192,6,30.0,30.025,time,13219342,27,0.07576200417536533,0.23041753653444674,4.41
autoopttree_v49,2,ta_gaussian_1k,1000,1,0.1,0.4,300,1,0.000517625012435019,0.018,optimal,0,920,0.4,0.4,4.41
autoopttree_v49,2,ta_gaussian_1k,1000,1,0.05,0.35,300,1,0.0006287499563768506,0.008,optimal,0,920,0.35,0.35,4.41
autoopttree_v49,2,ta_gaussian_1k,1000,1,0.02,0.32,300,1,0.0006959169404581189,0.008,optimal,0,920,0.32,0.32,4.41
autoopttree_v49,2,ta_gaussian_1k,1000,1,0.01,0.307,287,2,0.0007345409831032157,0.008,optimal,0,920,0.30700000000000005,0.30700000000000005,4.41
autoopttree_v49,2,ta_gaussian_1k,1000,1,0.005,0.297,287,2,0.000737291993573308,0.008,optimal,0,920,0.29700000000000004,0.29700000000000004,4.41
autoopttree_v49,2,ta_fico_1k,1000,23,0.1,0.42200000000000004,222,2,0.015203416929580271,0.028,optimal,51,1237,0.422,0.422,4.41
autoopttree_v49,2,ta_fico_1k,1000,23,0.05,0.322,222,2,30.0,30.112,time,3530722,1237,0.1,0.322,4.41
autoopttree_v49,2,ta_fico_1k,1000,23,0.02,0.262,222,2,30.0,30.018,time,2850284,1237,0.04,0.262,4.41
autoopttree_v49,2,ta_fico_1k,1000,23,0.01,0.22899999999999998,179,5,30.0,30.017,time,1309767,1237,0.02,0.229,4.41
autoopttree_v49,2,ta_fico_1k,1000,23,0.005,0.196,146,10,30.0,30.015,time,1513854,1237,0.01,0.215,4.41
autoopttree_v49,2,ta_sine_1k,1000,1,0.1,0.5529999999999999,353,2,0.0004968330031260848,0.007,optimal,0,876,0.553,0.553,4.41
autoopttree_v49,2,ta_sine_1k,1000,1,0.05,0.45299999999999996,353,2,0.0005705419462174177,0.007,optimal,0,876,0.453,0.453,4.41
autoopttree_v49,2,ta_sine_1k,1000,1,0.02,0.39299999999999996,353,2,0.0006501249736174941,0.007,optimal,0,876,0.393,0.393,4.41
autoopttree_v49,2,ta_sine_1k,1000,1,0.01,0.373,353,2,0.0006709590088576078,0.007,optimal,0,876,0.373,0.373,4.41
autoopttree_v49,2,ta_sine_1k,1000,1,0.005,0.363,353,2,0.0006847500335425138,0.007,optimal,0,876,0.363,0.363,4.41
autoopttree_v49,2,ta_car_evaluation,1728,15,0.1,0.3997685185185186,518,1,4.812504630535841e-05,0.003,optimal,1,14,0.39976851851851847,0.39976851851851847,4.41
autoopttree_v49,2,ta_car_evaluation,1728,15,0.05,0.34976851851851853,518,1,9.637500625103712e-05,0.002,optimal,17,14,0.3497685185185185,0.3497685185185185,4.41
autoopttree_v49,2,ta_car_evaluation,1728,15,0.02,0.3047916666666667,423,3,0.0009423340670764446,0.003,optimal,281,14,0.3047916666666667,0.3047916666666667,4.41
autoopttree_v49,2,ta_car_evaluation,1728,15,0.01,0.27479166666666666,423,3,0.007934541092254221,0.01,optimal,2855,14,0.27479166666666666,0.27479166666666666,4.41
autoopttree_v49,2,ta_car_evaluation,1728,15,0.005,0.2570601851851852,401,5,0.026230250019580126,0.029,optimal,25856,14,0.25706018518518514,0.25706018518518514,4.41
autoopttree_v49,2,ta_coupon_bar,1913,14,0.1,0.4645060115002614,506,2,4.833401180803776e-05,0.002,optimal,0,14,0.4645060115002614,0.4645060115002614,4.41
autoopttree_v49,2,ta_coupon_bar,1913,14,0.05,0.3645060115002614,506,2,8.245802018791437e-05,0.002,optimal,11,14,0.36450601150026135,0.36450601150026135,4.41
autoopttree_v49,2,ta_coupon_bar,1913,14,0.02,0.29523261892315733,450,3,0.0007348749786615372,0.003,optimal,226,14,0.29523261892315733,0.29523261892315733,4.41
autoopttree_v49,2,ta_coupon_bar,1913,14,0.01,0.25334553058024045,389,5,0.007904625032097101,0.01,optimal,2806,14,0.25334553058024045,0.25334553058024045,4.41
autoopttree_v49,2,ta_coupon_bar,1913,14,0.005,0.2263225300575013,366,7,0.04045020800549537,0.043,optimal,34615,14,0.22632253005750128,0.22632253005750128,4.41
autoopttree_v49,2,ta_compas_binned,6907,12,0.1,0.5240191110467642,2238,2,5.324999801814556e-05,0.004,optimal,1,12,0.5240191110467641,0.5240191110467641,4.41
autoopttree_v49,2,ta_compas_binned,6907,12,0.05,0.42401911104676415,2238,2,3.8790982216596603e-05,0.004,optimal,1,12,0.42401911104676415,0.42401911104676415,4.41
autoopttree_v49,2,ta_compas_binned,6907,12,0.02,0.36401911104676415,2238,2,0.00010125001426786184,0.004,optimal,15,12,0.3640191110467641,0.3640191110467641,4.41
autoopttree_v49,2,ta_compas_binned,6907,12,0.01,0.3440191110467642,2238,2,0.000541584100574255,0.004,optimal,122,12,0.34401911104676414,0.34401911104676414,4.41
autoopttree_v49,2,ta_compas_binned,6907,12,0.005,0.33005284493991605,2107,5,0.005454625003039837,0.009,optimal,1432,12,0.330052844939916,0.330052844939916,4.41
autoopttree_v49,2,ta_fico_binary,10459,17,0.1,0.5440099435892534,3598,2,5.616690032184124e-05,0.006,optimal,3,16,0.5440099435892534,0.5440099435892534,4.41
autoopttree_v49,2,ta_fico_binary,10459,17,0.05,0.4310020078401377,2939,3,0.00013554096221923828,0.006,optimal,18,16,0.4310020078401377,0.4310020078401377,4.41
autoopttree_v49,2,ta_fico_binary,10459,17,0.02,0.3410020078401377,2939,3,0.0005282500060275197,0.006,optimal,82,16,0.3410020078401377,0.3410020078401377,4.41
autoopttree_v49,2,ta_fico_binary,10459,17,0.01,0.3087637441437996,2811,4,0.005877749994397163,0.012,optimal,1222,16,0.3087637441437996,0.3087637441437996,4.41
autoopttree_v49,2,ta_fico_binary,10459,17,0.005,0.28515871498231193,2721,5,0.03171479201409966,0.038,optimal,11556,16,0.2851587149823119,0.2851587149823119,4.41
autoopttree_v49,2,ta_compas_processed,12381,22,0.1,0.40999111541878686,3838,1,0.00937254203017801,0.07,optimal,1,625,0.40999111541878686,0.40999111541878686,4.41
autoopttree_v49,2,ta_compas_processed,12381,22,0.05,0.33576447782893143,2919,2,8.468680458026938,8.541,optimal,445193,625,0.33576447782893143,0.33576447782893143,4.41
autoopttree_v49,2,ta_compas_processed,12381,22,0.02,0.27576447782893143,2919,2,30.0,30.094,time,4609075,625,0.04008076892011954,0.27576447782893143,4.41
autoopttree_v49,2,ta_compas_processed,12381,22,0.01,0.2557644778289314,2919,2,30.0,30.089,time,1574207,625,0.02008076892011954,0.2557644778289314,4.41
autoopttree_v49,2,ta_compas_processed,12381,22,0.005,0.24527219126080285,2851,3,30.0,30.069,time,2697513,625,0.010080768920119538,0.24527219126080282,4.41
autoopttree_v49,3,ta_chudi,77,2,0.1,0.4857142857142857,22,2,0.0002235829597339034,0.002,optimal,11,32,0.48571428571428577,0.48571428571428577,4.39
autoopttree_v49,3,ta_chudi,77,2,0.05,0.3857142857142857,22,2,0.0003527919761836529,0.001,optimal,68,32,0.38571428571428573,0.38571428571428573,4.39
autoopttree_v49,3,ta_chudi,77,2,0.02,0.3067532467532468,19,3,0.0065250840270891786,0.007,optimal,1584,32,0.3067532467532468,0.3067532467532468,4.39
autoopttree_v49,3,ta_chudi,77,2,0.01,0.26883116883116887,13,10,0.017067583044990897,0.018,optimal,9307,32,0.26883116883116887,0.26883116883116887,4.39
autoopttree_v49,3,ta_chudi,77,2,0.005,0.20987012987012987,10,16,0.017381667043082416,0.018,optimal,10872,32,0.2098701298701299,0.2098701298701299,4.39
autoopttree_v49,3,ta_monk_3,122,11,0.1,0.5278688524590164,40,2,3.5499921068549156e-05,0.001,optimal,1,9,0.5278688524590164,0.5278688524590164,4.39
autoopttree_v49,3,ta_monk_3,122,11,0.05,0.4278688524590164,40,2,4.104094114154577e-05,0.001,optimal,6,9,0.4278688524590164,0.4278688524590164,4.39
autoopttree_v49,3,ta_monk_3,122,11,0.02,0.36327868852459017,37,3,9.300000965595245e-05,0.001,optimal,51,9,0.36327868852459017,0.36327868852459017,4.39
autoopttree_v49,3,ta_monk_3,122,11,0.01,0.3286885245901639,34,5,0.00019637495279312134,0.001,optimal,114,9,0.3286885245901639,0.3286885245901639,4.39
autoopttree_v49,3,ta_monk_3,122,11,0.005,0.28770491803278686,29,10,0.0003422920126467943,0.001,optimal,172,9,0.28770491803278686,0.28770491803278686,4.39
autoopttree_v49,3,ta_monk_1,124,11,0.1,0.48225806451612907,35,2,2.9832939617335796e-05,0.001,optimal,3,9,0.48225806451612907,0.48225806451612907,4.39
autoopttree_v49,3,ta_monk_1,124,11,0.05,0.3822580645161291,35,2,7.112498860806227e-05,0.001,optimal,31,9,0.38225806451612904,0.38225806451612904,4.39
autoopttree_v49,3,ta_monk_1,124,11,0.02,0.3096774193548387,26,5,0.0003885839832946658,0.001,optimal,255,9,0.3096774193548387,0.3096774193548387,4.39
autoopttree_v49,3,ta_monk_1,124,11,0.01,0.2535483870967742,24,6,0.0012941670138388872,0.002,optimal,798,9,0.2535483870967742,0.2535483870967742,4.39
autoopttree_v49,3,ta_monk_1,124,11,0.005,0.19483870967741934,13,18,0.002302124979905784,0.003,optimal,1248,9,0.19483870967741934,0.19483870967741934,4.39
autoopttree_v49,3,ta_iris,150,4,0.1,0.66,69,2,0.001784374937415123,0.002,optimal,305,83,0.6599999999999999,0.6599999999999999,4.39
autoopttree_v49,3,ta_iris,150,4,0.05,0.5,45,4,0.0537942498922348,0.054,optimal,28533,83,0.5,0.5,4.39
autoopttree_v49,3,ta_iris,150,4,0.02,0.3666666666666667,31,8,30.0,30.033,time,9591265,83,0.09333333333333334,0.36666666666666664,4.39
autoopttree_v49,3,ta_iris,150,4,0.01,0.28,27,10,30.0,30.037,time,8982809,83,0.07333333333333333,0.28,4.39
autoopttree_v49,3,ta_iris,150,4,0.005,0.19333333333333333,11,24,30.0,30.037,time,8113432,83,0.06333333333333334,0.19333333333333336,4.39
autoopttree_v49,3,ta_monk_2,169,11,0.1,0.47869822485207103,64,1,7.466599345207214e-05,0.004,optimal,3,10,0.47869822485207103,0.47869822485207103,4.39
autoopttree_v49,3,ta_monk_2,169,11,0.05,0.428698224852071,64,1,0.00011470797471702099,0.001,optimal,29,10,0.428698224852071,0.428698224852071,4.39
autoopttree_v49,3,ta_monk_2,169,11,0.02,0.3603550295857988,44,5,0.0015615829033777118,0.003,optimal,595,10,0.3603550295857988,0.3603550295857988,4.39
autoopttree_v49,3,ta_monk_2,169,11,0.01,0.3007692307692308,39,7,0.0058825419982895255,0.007,optimal,2065,10,0.3007692307692308,0.3007692307692308,4.39
autoopttree_v49,3,ta_monk_2,169,11,0.005,0.2602662721893491,33,13,0.00873470795340836,0.01,optimal,4996,10,0.2602662721893491,0.2602662721893491,4.39
autoopttree_v49,3,ta_tic-tac-toe,958,9,0.1,0.4496868475991649,335,1,0.00010062498040497303,0.002,optimal,10,27,0.4496868475991649,0.4496868475991649,4.39
autoopttree_v49,3,ta_tic-tac-toe,958,9,0.05,0.35782881002087685,247,2,0.0009518750011920929,0.003,optimal,207,27,0.35782881002087685,0.35782881002087685,4.39
autoopttree_v49,3,ta_tic-tac-toe,958,9,0.02,0.28651356993736954,217,3,0.03618279192596674,0.038,optimal,24065,27,0.28651356993736954,0.28651356993736954,4.39
autoopttree_v49,3,ta_tic-tac-toe,958,9,0.01,0.2565135699373695,217,3,3.4379406669177115,3.44,optimal,2098148,27,0.2565135699373695,0.2565135699373695,4.39
autoopttree_v49,3,ta_tic-tac-toe,958,9,0.005,0.23041753653444677,192,6,30.0,30.025,time,12414562,27,0.07576200417536533,0.23041753653444674,4.39
autoopttree_v49,3,ta_gaussian_1k,1000,1,0.1,0.4,300,1,0.0005380830261856318,0.018,optimal,0,920,0.4,0.4,4.39
autoopttree_v49,3,ta_gaussian_1k,1000,1,0.05,0.35,300,1,0.0006373750511556864,0.008,optimal,0,920,0.35,0.35,4.39
autoopttree_v49,3,ta_gaussian_1k,1000,1,0.02,0.32,300,1,0.0006905830232426524,0.008,optimal,0,920,0.32,0.32,4.39
autoopttree_v49,3,ta_gaussian_1k,1000,1,0.01,0.307,287,2,0.0007167910225689411,0.008,optimal,0,920,0.30700000000000005,0.30700000000000005,4.39
autoopttree_v49,3,ta_gaussian_1k,1000,1,0.005,0.297,287,2,0.0007306670304387808,0.008,optimal,0,920,0.29700000000000004,0.29700000000000004,4.39
autoopttree_v49,3,ta_fico_1k,1000,23,0.1,0.42200000000000004,222,2,0.017330207978375256,0.031,optimal,51,1237,0.422,0.422,4.39
autoopttree_v49,3,ta_fico_1k,1000,23,0.05,0.322,222,2,30.0,30.081,time,2943440,1237,0.1,0.322,4.39
autoopttree_v49,3,ta_fico_1k,1000,23,0.02,0.262,222,2,30.0,30.018,time,2392843,1237,0.04,0.262,4.39
autoopttree_v49,3,ta_fico_1k,1000,23,0.01,0.22899999999999998,179,5,30.0,30.019,time,1279657,1237,0.02,0.229,4.39
autoopttree_v49,3,ta_fico_1k,1000,23,0.005,0.197,157,8,30.0,30.017,time,1269438,1237,0.01,0.215,4.39
autoopttree_v49,3,ta_sine_1k,1000,1,0.1,0.5529999999999999,353,2,0.0005558750126510859,0.009,optimal,0,876,0.553,0.553,4.39
autoopttree_v49,3,ta_sine_1k,1000,1,0.05,0.45299999999999996,353,2,0.0006467499770224094,0.008,optimal,0,876,0.453,0.453,4.39
autoopttree_v49,3,ta_sine_1k,1000,1,0.02,0.39299999999999996,353,2,0.0007384169148281217,0.008,optimal,0,876,0.393,0.393,4.39
autoopttree_v49,3,ta_sine_1k,1000,1,0.01,0.373,353,2,0.0007794579723849893,0.008,optimal,0,876,0.373,0.373,4.39
autoopttree_v49,3,ta_sine_1k,1000,1,0.005,0.363,353,2,0.0006929999217391014,0.007,optimal,0,876,0.363,0.363,4.39
autoopttree_v49,3,ta_car_evaluation,1728,15,0.1,0.3997685185185186,518,1,4.8915972001850605e-05,0.003,optimal,1,14,0.39976851851851847,0.39976851851851847,4.39
autoopttree_v49,3,ta_car_evaluation,1728,15,0.05,0.34976851851851853,518,1,9.625009261071682e-05,0.002,optimal,17,14,0.3497685185185185,0.3497685185185185,4.39
autoopttree_v49,3,ta_car_evaluation,1728,15,0.02,0.3047916666666667,423,3,0.000937208067625761,0.003,optimal,281,14,0.3047916666666667,0.3047916666666667,4.39
autoopttree_v49,3,ta_car_evaluation,1728,15,0.01,0.27479166666666666,423,3,0.006937999976798892,0.009,optimal,2882,14,0.27479166666666666,0.27479166666666666,4.39
autoopttree_v49,3,ta_car_evaluation,1728,15,0.005,0.2570601851851852,401,5,0.02982891700230539,0.032,optimal,25909,14,0.25706018518518514,0.25706018518518514,4.39
autoopttree_v49,3,ta_coupon_bar,1913,14,0.1,0.4645060115002614,506,2,5.15420688316226e-05,0.003,optimal,0,14,0.4645060115002614,0.4645060115002614,4.39
autoopttree_v49,3,ta_coupon_bar,1913,14,0.05,0.3645060115002614,506,2,9.841704741120338e-05,0.002,optimal,11,14,0.36450601150026135,0.36450601150026135,4.39
autoopttree_v49,3,ta_coupon_bar,1913,14,0.02,0.29523261892315733,450,3,0.0008283749921247363,0.003,optimal,226,14,0.29523261892315733,0.29523261892315733,4.39
autoopttree_v49,3,ta_coupon_bar,1913,14,0.01,0.25334553058024045,389,5,0.007908041006885469,0.01,optimal,3239,14,0.25334553058024045,0.25334553058024045,4.39
autoopttree_v49,3,ta_coupon_bar,1913,14,0.005,0.2263225300575013,366,7,0.040114999981597066,0.043,optimal,33892,14,0.22632253005750128,0.22632253005750128,4.39
autoopttree_v49,3,ta_compas_binned,6907,12,0.1,0.5240191110467642,2238,2,5.837494973093271e-05,0.005,optimal,1,12,0.5240191110467641,0.5240191110467641,4.39
autoopttree_v49,3,ta_compas_binned,6907,12,0.05,0.42401911104676415,2238,2,4.912493750452995e-05,0.004,optimal,1,12,0.42401911104676415,0.42401911104676415,4.39
autoopttree_v49,3,ta_compas_binned,6907,12,0.02,0.36401911104676415,2238,2,0.00011012505274266005,0.004,optimal,15,12,0.3640191110467641,0.3640191110467641,4.39
autoopttree_v49,3,ta_compas_binned,6907,12,0.01,0.3440191110467642,2238,2,0.0005768330302089453,0.005,optimal,122,12,0.34401911104676414,0.34401911104676414,4.39
autoopttree_v49,3,ta_compas_binned,6907,12,0.005,0.33005284493991605,2107,5,0.0058842499274760485,0.01,optimal,1434,12,0.330052844939916,0.330052844939916,4.39
autoopttree_v49,3,ta_fico_binary,10459,17,0.1,0.5440099435892534,3598,2,5.916692316532135e-05,0.007,optimal,3,16,0.5440099435892534,0.5440099435892534,4.39
autoopttree_v49,3,ta_fico_binary,10459,17,0.05,0.4310020078401377,2939,3,0.00015370792243629694,0.007,optimal,18,16,0.4310020078401377,0.4310020078401377,4.39
autoopttree_v49,3,ta_fico_binary,10459,17,0.02,0.3410020078401377,2939,3,0.0005275410367175937,0.007,optimal,82,16,0.3410020078401377,0.3410020078401377,4.39
autoopttree_v49,3,ta_fico_binary,10459,17,0.01,0.3087637441437996,2811,4,0.006013292004354298,0.012,optimal,1283,16,0.3087637441437996,0.3087637441437996,4.39
autoopttree_v49,3,ta_fico_binary,10459,17,0.005,0.28515871498231193,2721,5,0.03249174996744841,0.039,optimal,11183,16,0.2851587149823119,0.2851587149823119,4.39
autoopttree_v49,3,ta_compas_processed,12381,22,0.1,0.40999111541878686,3838,1,0.010756499948911369,0.079,optimal,1,625,0.40999111541878686,0.40999111541878686,4.39
autoopttree_v49,3,ta_compas_processed,12381,22,0.05,0.33576447782893143,2919,2,9.105486041051336,9.168,optimal,445380,625,0.33576447782893143,0.33576447782893143,4.39
autoopttree_v49,3,ta_compas_processed,12381,22,0.02,0.27576447782893143,2919,2,30.0,30.103,time,4323834,625,0.04008076892011954,0.27576447782893143,4.39
autoopttree_v49,3,ta_compas_processed,12381,22,0.01,0.2557644778289314,2919,2,30.0,30.144,time,782887,625,0.02008076892011954,0.2557644778289314,4.39
autoopttree_v49,3,ta_compas_processed,12381,22,0.005,0.24527219126080285,2851,3,30.0,30.089,time,2212615,625,0.010080768920119538,0.24527219126080282,4.39
gg_guided_e60d2,1,ta_chudi,77,2,0.1,0.4857142857142857,22,2,0.0,1.063,heuristic,0,18,0.48571428656578064,0.48571428656578064,1.89
gg_guided_e60d2,1,ta_chudi,77,2,0.05,0.3857142857142857,22,2,0.0,1.043,heuristic,29,18,0.3857142925262451,0.3857142925262451,1.89
gg_guided_e60d2,1,ta_chudi,77,2,0.02,0.3067532467532468,19,3,0.014,1.044,heuristic,4240,18,0.3067532181739807,0.3067532181739807,1.89
gg_guided_e60d2,1,ta_chudi,77,2,0.01,0.2707792207792208,17,5,0.053,1.044,heuristic,14231,18,0.27077919244766235,0.27077919244766235,1.89
gg_guided_e60d2,1,ta_chudi,77,2,0.005,0.22383116883116883,13,11,0.057,1.046,heuristic,16374,18,0.2238311469554901,0.2238311469554901,1.89
gg_guided_e60d2,1,ta_monk_3,122,11,0.1,0.5278688524590164,40,2,0.0,0.78,heuristic,0,7,0.5278688669204712,0.5278688669204712,1.89
gg_guided_e60d2,1,ta_monk_3,122,11,0.05,0.4278688524590164,40,2,0.0,0.778,heuristic,9,7,0.4278688430786133,0.4278688430786133,1.89
gg_guided_e60d2,1,ta_monk_3,122,11,0.02,0.36327868852459017,37,3,0.0,0.778,heuristic,160,7,0.36327868700027466,0.36327868700027466,1.89
gg_guided_e60d2,1,ta_monk_3,122,11,0.01,0.3286885245901639,34,5,0.0,0.778,heuristic,459,7,0.32868847250938416,0.32868847250938416,1.89
gg_guided_e60d2,1,ta_monk_3,122,11,0.005,0.28770491803278686,29,10,0.001,0.778,heuristic,874,7,0.2877048850059509,0.2877048850059509,1.89
gg_guided_e60d2,1,ta_monk_1,124,11,0.1,0.48225806451612907,35,2,0.0,0.777,heuristic,0,8,0.48225805163383484,0.48225805163383484,1.89
gg_guided_e60d2,1,ta_monk_1,124,11,0.05,0.3822580645161291,35,2,0.0,0.778,heuristic,9,8,0.3822580575942993,0.3822580575942993,1.89
gg_guided_e60d2,1,ta_monk_1,124,11,0.02,0.3096774193548387,26,5,0.0,1.051,heuristic,242,8,0.3096774220466614,0.3096774220466614,1.89
gg_guided_e60d2,1,ta_monk_1,124,11,0.01,0.25967741935483873,26,5,0.001,1.053,heuristic,928,8,0.2596774101257324,0.2596774101257324,1.89
gg_guided_e60d2,1,ta_monk_1,124,11,0.005,0.22741935483870968,22,10,0.003,0.783,heuristic,1807,8,0.22741934657096863,0.22741934657096863,1.89
gg_guided_e60d2,1,ta_iris,150,4,0.1,0.66,69,2,0.017,1.041,heuristic,2238,34,0.6599999666213989,0.6599999666213989,1.89
gg_guided_e60d2,1,ta_iris,150,4,0.05,0.5166666666666666,55,3,4.533,5.695,heuristic,425129,34,0.5166666507720947,0.5166666507720947,1.89
gg_guided_e60d2,1,ta_iris,150,4,0.02,0.43333333333333335,50,5,30.0,31.841,time,929999,34,0.17999997735023499,0.5,1.89
gg_guided_e60d2,1,ta_iris,150,4,0.01,0.35333333333333333,41,8,30.0,31.825,time,969999,34,0.14999999105930328,0.47999998927116394,1.89
gg_guided_e60d2,1,ta_iris,150,4,0.005,0.30333333333333334,38,10,30.0,31.549,time,999999,34,0.13333332538604736,0.4699999988079071,1.89
gg_guided_e60d2,1,ta_monk_2,169,11,0.1,0.47869822485207103,64,1,0.0,0.779,heuristic,0,10,0.4786982238292694,0.4786982238292694,1.89
gg_guided_e60d2,1,ta_monk_2,169,11,0.05,0.428698224852071,64,1,0.0,0.777,heuristic,40,10,0.42869824171066284,0.42869824171066284,1.89
gg_guided_e60d2,1,ta_monk_2,169,11,0.02,0.3603550295857988,44,5,0.005,0.778,heuristic,2143,10,0.360355019569397,0.360355019569397,1.89
gg_guided_e60d2,1,ta_monk_2,169,11,0.01,0.3007692307692308,39,7,0.017,1.048,heuristic,7185,10,0.30076923966407776,0.30076923966407776,1.89
gg_guided_e60d2,1,ta_monk_2,169,11,0.005,0.2611834319526627,34,12,0.047,1.051,heuristic,16854,10,0.2611834406852722,0.2611834406852722,1.89
gg_guided_e60d2,1,ta_tic-tac-toe,958,9,0.1,0.4496868475991649,335,1,0.0,1.042,heuristic,0,15,0.44968685507774353,0.44968685507774353,1.89
gg_guided_e60d2,1,ta_tic-tac-toe,958,9,0.05,0.35782881002087685,247,2,0.0,1.042,heuristic,19,15,0.3578287959098816,0.3578287959098816,1.89
gg_guided_e60d2,1,ta_tic-tac-toe,958,9,0.02,0.28651356993736954,217,3,0.002,1.041,heuristic,502,15,0.2865135669708252,0.2865135669708252,1.89
gg_guided_e60d2,1,ta_tic-tac-toe,958,9,0.01,0.2565135699373695,217,3,0.041,1.04,heuristic,10562,15,0.2565135955810547,0.2565135955810547,1.89
gg_guided_e60d2,1,ta_tic-tac-toe,958,9,0.005,0.23102296450939458,183,8,0.222,1.295,heuristic,51255,15,0.23102295398712158,0.23102295398712158,1.89
gg_guided_e60d2,1,ta_gaussian_1k,1000,1,0.1,0.4,300,1,0.0,1.311,heuristic,0,54,0.4000000059604645,0.4000000059604645,1.89
gg_guided_e60d2,1,ta_gaussian_1k,1000,1,0.05,0.35,300,1,0.0,1.313,heuristic,0,54,0.3500000238418579,0.3500000238418579,1.89
gg_guided_e60d2,1,ta_gaussian_1k,1000,1,0.02,0.32,300,1,0.0,1.314,heuristic,0,54,0.320000022649765,0.320000022649765,1.89
gg_guided_e60d2,1,ta_gaussian_1k,1000,1,0.01,0.307,287,2,0.0,1.305,heuristic,59,54,0.3070000112056732,0.3070000112056732,1.89
gg_guided_e60d2,1,ta_gaussian_1k,1000,1,0.005,0.297,287,2,0.035,1.308,heuristic,4588,54,0.2970000207424164,0.2970000207424164,1.89
gg_guided_e60d2,1,ta_fico_1k,1000,23,0.1,0.42200000000000004,222,2,0.0,1.823,heuristic,0,64,0.4220000207424164,0.4220000207424164,1.89
gg_guided_e60d2,1,ta_fico_1k,1000,23,0.05,0.322,222,2,0.001,1.818,heuristic,91,64,0.32200002670288086,0.32200002670288086,1.89
gg_guided_e60d2,1,ta_fico_1k,1000,23,0.02,0.262,222,2,30.0,32.864,time,1109999,64,0.18699999153614044,0.26200002431869507,1.89
gg_guided_e60d2,1,ta_fico_1k,1000,23,0.01,nan,,,30.0,12.7,memory,,,,,1.89
gg_guided_e60d2,1,ta_fico_1k,1000,23,0.005,nan,,,30.0,11.919,memory,,,,,1.89
gg_guided_e60d2,1,ta_sine_1k,1000,1,0.1,0.5529999999999999,353,2,0.0,1.297,heuristic,0,55,0.5530000329017639,0.5530000329017639,1.89
gg_guided_e60d2,1,ta_sine_1k,1000,1,0.05,0.45299999999999996,353,2,0.0,1.296,heuristic,0,55,0.453000009059906,0.453000009059906,1.89
gg_guided_e60d2,1,ta_sine_1k,1000,1,0.02,0.39299999999999996,353,2,0.0,1.291,heuristic,92,55,0.3930000066757202,0.3930000066757202,1.89
gg_guided_e60d2,1,ta_sine_1k,1000,1,0.01,0.373,353,2,0.034,1.296,heuristic,4337,55,0.37300002574920654,0.37300002574920654,1.89
gg_guided_e60d2,1,ta_sine_1k,1000,1,0.005,0.363,353,2,30.0,31.263,time,30289999,55,0.3440000116825104,0.3630000054836273,1.89
gg_guided_e60d2,1,ta_car_evaluation,1728,15,0.1,0.3997685185185186,518,1,0.0,1.043,heuristic,0,14,0.39976850152015686,0.39976850152015686,1.89
gg_guided_e60d2,1,ta_car_evaluation,1728,15,0.05,0.34976851851851853,518,1,0.0,1.039,heuristic,0,14,0.3497685194015503,0.3497685194015503,1.89
gg_guided_e60d2,1,ta_car_evaluation,1728,15,0.02,0.3047916666666667,423,3,0.0,1.038,heuristic,52,14,0.304791659116745,0.304791659116745,1.89
gg_guided_e60d2,1,ta_car_evaluation,1728,15,0.01,0.27479166666666666,423,3,0.002,1.041,heuristic,511,14,0.2747916579246521,0.2747916579246521,1.89
gg_guided_e60d2,1,ta_car_evaluation,1728,15,0.005,0.2570601851851852,401,5,0.038,1.043,heuristic,8432,14,0.2570601999759674,0.2570601999759674,1.89
gg_guided_e60d2,1,ta_coupon_bar,1913,14,0.1,0.4645060115002614,506,2,0.0,1.05,heuristic,0,12,0.46450603008270264,0.46450603008270264,1.89
gg_guided_e60d2,1,ta_coupon_bar,1913,14,0.05,0.3645060115002614,506,2,0.0,1.051,heuristic,5,12,0.3645060062408447,0.3645060062408447,1.89
gg_guided_e60d2,1,ta_coupon_bar,1913,14,0.02,0.29523261892315733,450,3,0.001,1.047,heuristic,296,12,0.2952325940132141,0.2952325940132141,1.89
gg_guided_e60d2,1,ta_coupon_bar,1913,14,0.01,0.25334553058024045,389,5,0.014,1.042,heuristic,3047,12,0.2533455193042755,0.2533455193042755,1.89
gg_guided_e60d2,1,ta_coupon_bar,1913,14,0.005,0.22834553058024046,389,5,0.083,1.056,heuristic,18272,12,0.22834551334381104,0.22834551334381104,1.89
gg_guided_e60d2,1,ta_compas_binned,6907,12,0.1,0.5240191110467642,2238,2,0.0,1.054,heuristic,0,12,0.5240191221237183,0.5240191221237183,1.89
gg_guided_e60d2,1,ta_compas_binned,6907,12,0.05,0.42401911104676415,2238,2,0.0,1.058,heuristic,0,12,0.42401909828186035,0.42401909828186035,1.89
gg_guided_e60d2,1,ta_compas_binned,6907,12,0.02,0.36401911104676415,2238,2,0.0,1.045,heuristic,0,12,0.36401909589767456,0.36401909589767456,1.89
gg_guided_e60d2,1,ta_compas_binned,6907,12,0.01,0.3440191110467642,2238,2,0.0,1.055,heuristic,3,12,0.3440191149711609,0.3440191149711609,1.89
gg_guided_e60d2,1,ta_compas_binned,6907,12,0.005,0.33005284493991605,2107,5,0.067,1.333,heuristic,5787,12,0.33005282282829285,0.33005282282829285,1.89
gg_guided_e60d2,1,ta_fico_binary,10459,17,0.1,0.5440099435892534,3598,2,0.0,1.33,heuristic,0,14,0.5440099239349365,0.5440099239349365,1.89
gg_guided_e60d2,1,ta_fico_binary,10459,17,0.05,0.4310020078401377,2939,3,0.0,1.326,heuristic,17,14,0.43100202083587646,0.43100202083587646,1.89
gg_guided_e60d2,1,ta_fico_binary,10459,17,0.02,0.3410020078401377,2939,3,0.02,1.32,heuristic,1024,14,0.3410019874572754,0.3410019874572754,1.89
gg_guided_e60d2,1,ta_fico_binary,10459,17,0.01,0.3087637441437996,2811,4,0.309,1.863,heuristic,15860,14,0.3087637424468994,0.3087637424468994,1.89
gg_guided_e60d2,1,ta_fico_binary,10459,17,0.005,0.28515871498231193,2721,5,0.882,2.379,heuristic,46978,14,0.2851587235927582,0.2851587235927582,1.89
gg_guided_e60d2,1,ta_compas_processed,12381,22,0.1,0.40999111541878686,3838,1,0.0,8.686,heuristic,0,63,0.4099911153316498,0.4099911153316498,1.89
gg_guided_e60d2,1,ta_compas_processed,12381,22,0.05,0.33576447782893143,2919,2,0.0,8.683,heuristic,0,63,0.33576449751853943,0.33576449751853943,1.89
gg_guided_e60d2,1,ta_compas_processed,12381,22,0.02,0.27576447782893143,2919,2,0.0,8.693,heuristic,0,63,0.27576446533203125,0.27576446533203125,1.89
gg_guided_e60d2,1,ta_compas_processed,12381,22,0.01,0.2557644778289314,2919,2,0.007,8.694,heuristic,96,63,0.2557644844055176,0.2557644844055176,1.89
gg_guided_e60d2,1,ta_compas_processed,12381,22,0.005,nan,,,30.0,22.415,memory,,,,,1.89
gg_exact_simsup,1,ta_chudi,77,2,0.1,0.4857142857142857,22,2,0.0,1.06,optimal,53,32,0.48571428656578064,0.48571428656578064,1.33
gg_exact_simsup,1,ta_chudi,77,2,0.05,0.3857142857142857,22,2,0.011,0.796,optimal,2268,32,0.3857142925262451,0.3857142925262451,1.33
gg_exact_simsup,1,ta_chudi,77,2,0.02,0.3067532467532468,19,3,0.6,1.587,optimal,119877,32,0.3067532181739807,0.3067532181739807,1.33
gg_exact_simsup,1,ta_chudi,77,2,0.01,0.26883116883116887,13,10,0.693,1.594,optimal,119147,32,0.26883113384246826,0.26883113384246826,1.33
gg_exact_simsup,1,ta_chudi,77,2,0.005,0.20987012987012987,10,16,0.722,1.581,optimal,128216,32,0.2098701149225235,0.2098701149225235,1.33
gg_exact_simsup,1,ta_monk_3,122,11,0.1,0.5278688524590164,40,2,0.0,0.797,optimal,0,9,0.5278688669204712,0.5278688669204712,1.33
gg_exact_simsup,1,ta_monk_3,122,11,0.05,0.4278688524590164,40,2,0.0,0.787,optimal,11,9,0.4278688430786133,0.4278688430786133,1.33
gg_exact_simsup,1,ta_monk_3,122,11,0.02,0.36327868852459017,37,3,0.0,0.795,optimal,235,9,0.36327868700027466,0.36327868700027466,1.33
gg_exact_simsup,1,ta_monk_3,122,11,0.01,0.3286885245901639,34,5,0.001,0.79,optimal,817,9,0.32868847250938416,0.32868847250938416,1.33
gg_exact_simsup,1,ta_monk_3,122,11,0.005,0.28770491803278686,29,10,0.003,0.791,optimal,1543,9,0.2877048850059509,0.2877048850059509,1.33
gg_exact_simsup,1,ta_monk_1,124,11,0.1,0.48225806451612907,35,2,0.0,0.796,optimal,9,9,0.48225805163383484,0.48225805163383484,1.33
gg_exact_simsup,1,ta_monk_1,124,11,0.05,0.3822580645161291,35,2,0.0,0.789,optimal,100,9,0.3822580575942993,0.3822580575942993,1.33
gg_exact_simsup,1,ta_monk_1,124,11,0.02,0.3096774193548387,26,5,0.004,0.796,optimal,2016,9,0.3096774220466614,0.3096774220466614,1.33
gg_exact_simsup,1,ta_monk_1,124,11,0.01,0.2535483870967742,24,6,0.012,0.792,optimal,5882,9,0.25354838371276855,0.25354838371276855,1.33
gg_exact_simsup,1,ta_monk_1,124,11,0.005,0.19483870967741934,13,18,0.025,0.791,optimal,10758,9,0.19483870267868042,0.19483870267868042,1.33
gg_exact_simsup,1,ta_iris,150,4,0.1,0.66,69,2,1.208,2.117,optimal,75490,83,0.6599999666213989,0.6599999666213989,1.33
gg_exact_simsup,1,ta_iris,150,4,0.05,0.5366666666666666,58,3,30.0,31.899,time,769999,83,0.20333333313465118,0.5600000023841858,1.33
gg_exact_simsup,1,ta_iris,150,4,0.02,0.44666666666666666,58,3,30.0,32.376,time,739999,83,0.1133333295583725,0.5,1.33
gg_exact_simsup,1,ta_iris,150,4,0.01,0.41333333333333333,56,4,30.0,31.835,time,769999,83,0.0833333358168602,0.47999998927116394,1.33
gg_exact_simsup,1,ta_iris,150,4,0.005,0.39333333333333337,56,4,30.0,31.837,time,799999,83,0.06833333522081375,0.4699999988079071,1.33
gg_exact_simsup,1,ta_monk_2,169,11,0.1,0.47869822485207103,64,1,0.0,0.795,optimal,7,10,0.4786982238292694,0.4786982238292694,1.33
gg_exact_simsup,1,ta_monk_2,169,11,0.05,0.428698224852071,64,1,0.0,0.792,optimal,144,10,0.42869824171066284,0.42869824171066284,1.33
gg_exact_simsup,1,ta_monk_2,169,11,0.02,0.3603550295857988,44,5,0.01,0.795,optimal,4250,10,0.360355019569397,0.360355019569397,1.33
gg_exact_simsup,1,ta_monk_2,169,11,0.01,0.3007692307692308,39,7,0.033,0.795,optimal,13040,10,0.30076923966407776,0.30076923966407776,1.33
gg_exact_simsup,1,ta_monk_2,169,11,0.005,0.2602662721893491,33,13,0.08,1.061,optimal,29013,10,0.2602662742137909,0.2602662742137909,1.33
gg_exact_simsup,1,ta_tic-tac-toe,958,9,0.1,0.4496868475991649,335,1,0.0,0.787,optimal,45,27,0.44968685507774353,0.44968685507774353,1.33
gg_exact_simsup,1,ta_tic-tac-toe,958,9,0.05,0.35782881002087685,247,2,0.008,0.778,optimal,1459,27,0.3578287959098816,0.3578287959098816,1.33
gg_exact_simsup,1,ta_tic-tac-toe,958,9,0.02,0.28651356993736954,217,3,8.039,9.191,optimal,899547,27,0.2865135669708252,0.2865135669708252,1.33
gg_exact_simsup,1,ta_tic-tac-toe,958,9,0.01,nan,,,30.0,14.725,memory,,,,,1.33
gg_exact_simsup,1,ta_tic-tac-toe,958,9,0.005,nan,,,30.0,12.38,memory,,,,,1.33
gg_exact_simsup,1,ta_gaussian_1k,1000,1,0.1,0.4,300,1,0.108,1.049,optimal,863,920,0.4000000059604645,0.4000000059604645,1.33
gg_exact_simsup,1,ta_gaussian_1k,1000,1,0.05,nan,,,30.0,12.875,memory,,,,,1.33
gg_exact_simsup,1,ta_gaussian_1k,1000,1,0.02,nan,,,30.0,5.549,memory,,,,,1.33
gg_exact_simsup,1,ta_gaussian_1k,1000,1,0.01,nan,,,30.0,5.26,memory,,,,,1.33
gg_exact_simsup,1,ta_gaussian_1k,1000,1,0.005,nan,,,30.0,7.36,memory,,,,,1.33
gg_exact_simsup,1,ta_fico_1k,1000,23,0.1,0.42200000000000004,222,2,12.031,12.87,optimal,69751,1237,0.4220000207424164,0.4220000207424164,1.33
gg_exact_simsup,1,ta_fico_1k,1000,23,0.05,nan,,,30.0,5.525,memory,,,,,1.33
gg_exact_simsup,1,ta_fico_1k,1000,23,0.02,nan,,,30.0,5.312,memory,,,,,1.33
gg_exact_simsup,1,ta_fico_1k,1000,23,0.01,nan,,,30.0,5.29,memory,,,,,1.33
gg_exact_simsup,1,ta_fico_1k,1000,23,0.005,nan,,,30.0,5.27,memory,,,,,1.33
gg_exact_simsup,1,ta_sine_1k,1000,1,0.1,0.5529999999999999,353,2,30.0,31.245,time,289999,876,0.3569999933242798,0.5529999732971191,1.33
gg_exact_simsup,1,ta_sine_1k,1000,1,0.05,nan,,,30.0,6.594,memory,,,,,1.33
gg_exact_simsup,1,ta_sine_1k,1000,1,0.02,nan,,,30.0,5.809,memory,,,,,1.33
gg_exact_simsup,1,ta_sine_1k,1000,1,0.01,nan,,,30.0,6.073,memory,,,,,1.33
gg_exact_simsup,1,ta_sine_1k,1000,1,0.005,nan,,,30.0,5.784,memory,,,,,1.33
gg_exact_simsup,1,ta_car_evaluation,1728,15,0.1,0.3997685185185186,518,1,0.0,0.795,optimal,0,14,0.39976850152015686,0.39976850152015686,1.33
gg_exact_simsup,1,ta_car_evaluation,1728,15,0.05,0.34976851851851853,518,1,0.0,0.779,optimal,29,14,0.3497685194015503,0.3497685194015503,1.33
gg_exact_simsup,1,ta_car_evaluation,1728,15,0.02,0.3047916666666667,423,3,0.006,0.795,optimal,1490,14,0.304791659116745,0.304791659116745,1.33
gg_exact_simsup,1,ta_car_evaluation,1728,15,0.01,0.27479166666666666,423,3,0.118,1.057,optimal,23433,14,0.2747916579246521,0.2747916579246521,1.33
gg_exact_simsup,1,ta_car_evaluation,1728,15,0.005,0.2570601851851852,401,5,1.09,2.112,optimal,178588,14,0.2570601999759674,0.2570601999759674,1.33
gg_exact_simsup,1,ta_coupon_bar,1913,14,0.1,0.4645060115002614,506,2,0.0,0.796,optimal,3,14,0.46450603008270264,0.46450603008270264,1.33
gg_exact_simsup,1,ta_coupon_bar,1913,14,0.05,0.3645060115002614,506,2,0.0,0.793,optimal,29,14,0.3645060062408447,0.3645060062408447,1.33
gg_exact_simsup,1,ta_coupon_bar,1913,14,0.02,0.29523261892315733,450,3,0.022,0.795,optimal,4631,14,0.2952325940132141,0.2952325940132141,1.33
gg_exact_simsup,1,ta_coupon_bar,1913,14,0.01,0.25334553058024045,389,5,0.277,1.053,optimal,50501,14,0.2533455193042755,0.2533455193042755,1.33
gg_exact_simsup,1,ta_coupon_bar,1913,14,0.005,0.2263225300575013,366,7,1.487,2.366,optimal,236758,14,0.2263225018978119,0.2263225018978119,1.33
gg_exact_simsup,1,ta_compas_binned,6907,12,0.1,0.5240191110467642,2238,2,0.0,0.796,optimal,0,12,0.5240191221237183,0.5240191221237183,1.33
gg_exact_simsup,1,ta_compas_binned,6907,12,0.05,0.42401911104676415,2238,2,0.0,0.797,optimal,0,12,0.42401909828186035,0.42401909828186035,1.33
gg_exact_simsup,1,ta_compas_binned,6907,12,0.02,0.36401911104676415,2238,2,0.0,0.797,optimal,25,12,0.36401909589767456,0.36401909589767456,1.33
gg_exact_simsup,1,ta_compas_binned,6907,12,0.01,0.3440191110467642,2238,2,0.023,0.79,optimal,1938,12,0.3440191149711609,0.3440191149711609,1.33
gg_exact_simsup,1,ta_compas_binned,6907,12,0.005,0.33005284493991605,2107,5,0.238,1.05,optimal,21187,12,0.33005282282829285,0.33005282282829285,1.33
gg_exact_simsup,1,ta_fico_binary,10459,17,0.1,0.5440099435892534,3598,2,0.0,0.799,optimal,11,16,0.5440099239349365,0.5440099239349365,1.33
gg_exact_simsup,1,ta_fico_binary,10459,17,0.05,0.4310020078401377,2939,3,0.001,0.788,optimal,71,16,0.43100202083587646,0.43100202083587646,1.33
gg_exact_simsup,1,ta_fico_binary,10459,17,0.02,0.3410020078401377,2939,3,0.077,1.067,optimal,4372,16,0.3410019874572754,0.3410019874572754,1.33
gg_exact_simsup,1,ta_fico_binary,10459,17,0.01,0.3087637441437996,2811,4,1.311,2.384,optimal,76581,16,0.3087637424468994,0.3087637424468994,1.33
gg_exact_simsup,1,ta_fico_binary,10459,17,0.005,0.28515871498231193,2721,5,4.474,5.544,optimal,258790,16,0.2851587235927582,0.2851587235927582,1.33
gg_exact_simsup,1,ta_compas_processed,12381,22,0.1,0.40999111541878686,3838,1,4.408,5.265,optimal,8819,625,0.4099911153316498,0.4099911153316498,1.33
gg_exact_simsup,1,ta_compas_processed,12381,22,0.05,nan,,,30.0,4.75,memory,,,,,1.33
gg_exact_simsup,1,ta_compas_processed,12381,22,0.02,nan,,,30.0,4.232,memory,,,,,1.33
gg_exact_simsup,1,ta_compas_processed,12381,22,0.01,nan,,,30.0,3.973,memory,,,,,1.33
gg_exact_simsup,1,ta_compas_processed,12381,22,0.005,nan,,,30.0,1.606,memory,,,,,1.33
gg_guided_e60d2,2,ta_chudi,77,2,0.1,0.4857142857142857,22,2,0.0,1.072,heuristic,0,18,0.48571428656578064,0.48571428656578064,1.38
gg_guided_e60d2,2,ta_chudi,77,2,0.05,0.3857142857142857,22,2,0.0,1.077,heuristic,29,18,0.3857142925262451,0.3857142925262451,1.38
gg_guided_e60d2,2,ta_chudi,77,2,0.02,0.3067532467532468,19,3,0.014,1.056,heuristic,4240,18,0.3067532181739807,0.3067532181739807,1.38
gg_guided_e60d2,2,ta_chudi,77,2,0.01,0.2707792207792208,17,5,0.052,1.054,heuristic,14231,18,0.27077919244766235,0.27077919244766235,1.38
gg_guided_e60d2,2,ta_chudi,77,2,0.005,0.22383116883116883,13,11,0.058,1.043,heuristic,16374,18,0.2238311469554901,0.2238311469554901,1.38
gg_guided_e60d2,2,ta_monk_3,122,11,0.1,0.5278688524590164,40,2,0.0,0.789,heuristic,0,7,0.5278688669204712,0.5278688669204712,1.38
gg_guided_e60d2,2,ta_monk_3,122,11,0.05,0.4278688524590164,40,2,0.0,0.792,heuristic,9,7,0.4278688430786133,0.4278688430786133,1.38
gg_guided_e60d2,2,ta_monk_3,122,11,0.02,0.36327868852459017,37,3,0.0,0.785,heuristic,160,7,0.36327868700027466,0.36327868700027466,1.38
gg_guided_e60d2,2,ta_monk_3,122,11,0.01,0.3286885245901639,34,5,0.0,0.794,heuristic,459,7,0.32868847250938416,0.32868847250938416,1.38
gg_guided_e60d2,2,ta_monk_3,122,11,0.005,0.28770491803278686,29,10,0.001,0.789,heuristic,874,7,0.2877048850059509,0.2877048850059509,1.38
gg_guided_e60d2,2,ta_monk_1,124,11,0.1,0.48225806451612907,35,2,0.0,0.782,heuristic,0,8,0.48225805163383484,0.48225805163383484,1.38
gg_guided_e60d2,2,ta_monk_1,124,11,0.05,0.3822580645161291,35,2,0.0,0.786,heuristic,9,8,0.3822580575942993,0.3822580575942993,1.38
gg_guided_e60d2,2,ta_monk_1,124,11,0.02,0.3096774193548387,26,5,0.0,0.782,heuristic,242,8,0.3096774220466614,0.3096774220466614,1.38
gg_guided_e60d2,2,ta_monk_1,124,11,0.01,0.25967741935483873,26,5,0.001,0.789,heuristic,928,8,0.2596774101257324,0.2596774101257324,1.38
gg_guided_e60d2,2,ta_monk_1,124,11,0.005,0.22741935483870968,22,10,0.003,0.793,heuristic,1807,8,0.22741934657096863,0.22741934657096863,1.38
gg_guided_e60d2,2,ta_iris,150,4,0.1,0.66,69,2,0.017,1.059,heuristic,2238,34,0.6599999666213989,0.6599999666213989,1.38
gg_guided_e60d2,2,ta_iris,150,4,0.05,0.5166666666666666,55,3,4.525,5.531,heuristic,425129,34,0.5166666507720947,0.5166666507720947,1.38
gg_guided_e60d2,2,ta_iris,150,4,0.02,0.43333333333333335,50,5,30.0,31.54,time,929999,34,0.17999997735023499,0.5,1.38
gg_guided_e60d2,2,ta_iris,150,4,0.01,0.35333333333333333,41,8,30.0,31.835,time,969999,34,0.14999999105930328,0.47999998927116394,1.38
gg_guided_e60d2,2,ta_iris,150,4,0.005,0.30333333333333334,38,10,30.0,31.577,time,989999,34,0.13333332538604736,0.4699999988079071,1.38
gg_guided_e60d2,2,ta_monk_2,169,11,0.1,0.47869822485207103,64,1,0.0,0.793,heuristic,0,10,0.4786982238292694,0.4786982238292694,1.38
gg_guided_e60d2,2,ta_monk_2,169,11,0.05,0.428698224852071,64,1,0.0,0.795,heuristic,40,10,0.42869824171066284,0.42869824171066284,1.38
gg_guided_e60d2,2,ta_monk_2,169,11,0.02,0.3603550295857988,44,5,0.005,0.794,heuristic,2143,10,0.360355019569397,0.360355019569397,1.38
gg_guided_e60d2,2,ta_monk_2,169,11,0.01,0.3007692307692308,39,7,0.018,1.067,heuristic,7185,10,0.30076923966407776,0.30076923966407776,1.38
gg_guided_e60d2,2,ta_monk_2,169,11,0.005,0.2611834319526627,34,12,0.047,1.055,heuristic,16854,10,0.2611834406852722,0.2611834406852722,1.38
gg_guided_e60d2,2,ta_tic-tac-toe,958,9,0.1,0.4496868475991649,335,1,0.0,1.066,heuristic,0,15,0.44968685507774353,0.44968685507774353,1.38
gg_guided_e60d2,2,ta_tic-tac-toe,958,9,0.05,0.35782881002087685,247,2,0.0,1.053,heuristic,19,15,0.3578287959098816,0.3578287959098816,1.38
gg_guided_e60d2,2,ta_tic-tac-toe,958,9,0.02,0.28651356993736954,217,3,0.002,1.051,heuristic,502,15,0.2865135669708252,0.2865135669708252,1.38
gg_guided_e60d2,2,ta_tic-tac-toe,958,9,0.01,0.2565135699373695,217,3,0.04,1.059,heuristic,10562,15,0.2565135955810547,0.2565135955810547,1.38
gg_guided_e60d2,2,ta_tic-tac-toe,958,9,0.005,0.23102296450939458,183,8,0.224,1.33,heuristic,51255,15,0.23102295398712158,0.23102295398712158,1.38
gg_guided_e60d2,2,ta_gaussian_1k,1000,1,0.1,0.4,300,1,0.0,1.06,heuristic,0,54,0.4000000059604645,0.4000000059604645,1.38
gg_guided_e60d2,2,ta_gaussian_1k,1000,1,0.05,0.35,300,1,0.0,1.058,heuristic,0,54,0.3500000238418579,0.3500000238418579,1.38
gg_guided_e60d2,2,ta_gaussian_1k,1000,1,0.02,0.32,300,1,0.0,1.053,heuristic,0,54,0.320000022649765,0.320000022649765,1.38
gg_guided_e60d2,2,ta_gaussian_1k,1000,1,0.01,0.307,287,2,0.0,1.047,heuristic,59,54,0.3070000112056732,0.3070000112056732,1.38
gg_guided_e60d2,2,ta_gaussian_1k,1000,1,0.005,0.297,287,2,0.035,1.334,heuristic,4588,54,0.2970000207424164,0.2970000207424164,1.38
gg_guided_e60d2,2,ta_fico_1k,1000,23,0.1,0.42200000000000004,222,2,0.0,1.84,heuristic,0,64,0.4220000207424164,0.4220000207424164,1.38
gg_guided_e60d2,2,ta_fico_1k,1000,23,0.05,0.322,222,2,0.001,1.855,heuristic,91,64,0.32200002670288086,0.32200002670288086,1.38
gg_guided_e60d2,2,ta_fico_1k,1000,23,0.02,0.262,222,2,30.0,32.8,time,1109999,64,0.18699999153614044,0.26200002431869507,1.38
gg_guided_e60d2,2,ta_fico_1k,1000,23,0.01,nan,,,30.0,12.899,memory,,,,,1.38
gg_guided_e60d2,2,ta_fico_1k,1000,23,0.005,nan,,,30.0,11.849,memory,,,,,1.38
gg_guided_e60d2,2,ta_sine_1k,1000,1,0.1,0.5529999999999999,353,2,0.0,1.316,heuristic,0,55,0.5530000329017639,0.5530000329017639,1.38
gg_guided_e60d2,2,ta_sine_1k,1000,1,0.05,0.45299999999999996,353,2,0.0,1.326,heuristic,0,55,0.453000009059906,0.453000009059906,1.38
gg_guided_e60d2,2,ta_sine_1k,1000,1,0.02,0.39299999999999996,353,2,0.0,1.31,heuristic,92,55,0.3930000066757202,0.3930000066757202,1.38
gg_guided_e60d2,2,ta_sine_1k,1000,1,0.01,0.373,353,2,0.035,1.32,heuristic,4337,55,0.37300002574920654,0.37300002574920654,1.38
gg_guided_e60d2,2,ta_sine_1k,1000,1,0.005,0.363,353,2,30.0,31.23,time,30379999,55,0.3440000116825104,0.3630000054836273,1.38
gg_guided_e60d2,2,ta_car_evaluation,1728,15,0.1,0.3997685185185186,518,1,0.0,1.064,heuristic,0,14,0.39976850152015686,0.39976850152015686,1.38
gg_guided_e60d2,2,ta_car_evaluation,1728,15,0.05,0.34976851851851853,518,1,0.0,1.068,heuristic,0,14,0.3497685194015503,0.3497685194015503,1.38
gg_guided_e60d2,2,ta_car_evaluation,1728,15,0.02,0.3047916666666667,423,3,0.0,1.076,heuristic,52,14,0.304791659116745,0.304791659116745,1.38
gg_guided_e60d2,2,ta_car_evaluation,1728,15,0.01,0.27479166666666666,423,3,0.002,1.062,heuristic,511,14,0.2747916579246521,0.2747916579246521,1.38
gg_guided_e60d2,2,ta_car_evaluation,1728,15,0.005,0.2570601851851852,401,5,0.039,1.066,heuristic,8432,14,0.2570601999759674,0.2570601999759674,1.38
gg_guided_e60d2,2,ta_coupon_bar,1913,14,0.1,0.4645060115002614,506,2,0.0,1.073,heuristic,0,12,0.46450603008270264,0.46450603008270264,1.38
gg_guided_e60d2,2,ta_coupon_bar,1913,14,0.05,0.3645060115002614,506,2,0.0,1.057,heuristic,5,12,0.3645060062408447,0.3645060062408447,1.38
gg_guided_e60d2,2,ta_coupon_bar,1913,14,0.02,0.29523261892315733,450,3,0.001,1.059,heuristic,296,12,0.2952325940132141,0.2952325940132141,1.38
gg_guided_e60d2,2,ta_coupon_bar,1913,14,0.01,0.25334553058024045,389,5,0.015,1.059,heuristic,3047,12,0.2533455193042755,0.2533455193042755,1.38
gg_guided_e60d2,2,ta_coupon_bar,1913,14,0.005,0.22834553058024046,389,5,0.087,1.05,heuristic,18272,12,0.22834551334381104,0.22834551334381104,1.38
gg_guided_e60d2,2,ta_compas_binned,6907,12,0.1,0.5240191110467642,2238,2,0.0,1.059,heuristic,0,12,0.5240191221237183,0.5240191221237183,1.38
gg_guided_e60d2,2,ta_compas_binned,6907,12,0.05,0.42401911104676415,2238,2,0.0,1.06,heuristic,0,12,0.42401909828186035,0.42401909828186035,1.38
gg_guided_e60d2,2,ta_compas_binned,6907,12,0.02,0.36401911104676415,2238,2,0.0,1.053,heuristic,0,12,0.36401909589767456,0.36401909589767456,1.38
gg_guided_e60d2,2,ta_compas_binned,6907,12,0.01,0.3440191110467642,2238,2,0.0,1.06,heuristic,3,12,0.3440191149711609,0.3440191149711609,1.38
gg_guided_e60d2,2,ta_compas_binned,6907,12,0.005,0.33005284493991605,2107,5,0.066,1.337,heuristic,5787,12,0.33005282282829285,0.33005282282829285,1.38
gg_guided_e60d2,2,ta_fico_binary,10459,17,0.1,0.5440099435892534,3598,2,0.0,1.332,heuristic,0,14,0.5440099239349365,0.5440099239349365,1.38
gg_guided_e60d2,2,ta_fico_binary,10459,17,0.05,0.4310020078401377,2939,3,0.0,1.32,heuristic,17,14,0.43100202083587646,0.43100202083587646,1.38
gg_guided_e60d2,2,ta_fico_binary,10459,17,0.02,0.3410020078401377,2939,3,0.02,1.321,heuristic,1024,14,0.3410019874572754,0.3410019874572754,1.38
gg_guided_e60d2,2,ta_fico_binary,10459,17,0.01,0.3087637441437996,2811,4,0.315,1.859,heuristic,15860,14,0.3087637424468994,0.3087637424468994,1.38
gg_guided_e60d2,2,ta_fico_binary,10459,17,0.005,0.28515871498231193,2721,5,0.879,2.38,heuristic,46978,14,0.2851587235927582,0.2851587235927582,1.38
gg_guided_e60d2,2,ta_compas_processed,12381,22,0.1,0.40999111541878686,3838,1,0.0,8.668,heuristic,0,63,0.4099911153316498,0.4099911153316498,1.38
gg_guided_e60d2,2,ta_compas_processed,12381,22,0.05,0.33576447782893143,2919,2,0.0,8.685,heuristic,0,63,0.33576449751853943,0.33576449751853943,1.38
gg_guided_e60d2,2,ta_compas_processed,12381,22,0.02,0.27576447782893143,2919,2,0.0,8.673,heuristic,0,63,0.27576446533203125,0.27576446533203125,1.38
gg_guided_e60d2,2,ta_compas_processed,12381,22,0.01,0.2557644778289314,2919,2,0.007,8.709,heuristic,96,63,0.2557644844055176,0.2557644844055176,1.38
gg_guided_e60d2,2,ta_compas_processed,12381,22,0.005,nan,,,30.0,22.191,memory,,,,,1.38
gg_exact_simsup,2,ta_chudi,77,2,0.1,0.4857142857142857,22,2,0.0,0.788,optimal,53,32,0.48571428656578064,0.48571428656578064,1.03
gg_exact_simsup,2,ta_chudi,77,2,0.05,0.3857142857142857,22,2,0.01,0.789,optimal,2268,32,0.3857142925262451,0.3857142925262451,1.03
gg_exact_simsup,2,ta_chudi,77,2,0.02,0.3067532467532468,19,3,0.594,1.583,optimal,119877,32,0.3067532181739807,0.3067532181739807,1.03
gg_exact_simsup,2,ta_chudi,77,2,0.01,0.26883116883116887,13,10,0.689,1.588,optimal,119147,32,0.26883113384246826,0.26883113384246826,1.03
gg_exact_simsup,2,ta_chudi,77,2,0.005,0.20987012987012987,10,16,0.709,1.59,optimal,128216,32,0.2098701149225235,0.2098701149225235,1.03
gg_exact_simsup,2,ta_monk_3,122,11,0.1,0.5278688524590164,40,2,0.0,0.795,optimal,0,9,0.5278688669204712,0.5278688669204712,1.03
gg_exact_simsup,2,ta_monk_3,122,11,0.05,0.4278688524590164,40,2,0.0,0.794,optimal,11,9,0.4278688430786133,0.4278688430786133,1.03
gg_exact_simsup,2,ta_monk_3,122,11,0.02,0.36327868852459017,37,3,0.0,0.793,optimal,235,9,0.36327868700027466,0.36327868700027466,1.03
gg_exact_simsup,2,ta_monk_3,122,11,0.01,0.3286885245901639,34,5,0.001,0.796,optimal,817,9,0.32868847250938416,0.32868847250938416,1.03
gg_exact_simsup,2,ta_monk_3,122,11,0.005,0.28770491803278686,29,10,0.003,0.796,optimal,1543,9,0.2877048850059509,0.2877048850059509,1.03
gg_exact_simsup,2,ta_monk_1,124,11,0.1,0.48225806451612907,35,2,0.0,0.79,optimal,9,9,0.48225805163383484,0.48225805163383484,1.03
gg_exact_simsup,2,ta_monk_1,124,11,0.05,0.3822580645161291,35,2,0.0,0.792,optimal,100,9,0.3822580575942993,0.3822580575942993,1.03
gg_exact_simsup,2,ta_monk_1,124,11,0.02,0.3096774193548387,26,5,0.004,0.796,optimal,2016,9,0.3096774220466614,0.3096774220466614,1.03
gg_exact_simsup,2,ta_monk_1,124,11,0.01,0.2535483870967742,24,6,0.012,0.795,optimal,5882,9,0.25354838371276855,0.25354838371276855,1.03
gg_exact_simsup,2,ta_monk_1,124,11,0.005,0.19483870967741934,13,18,0.025,0.79,optimal,10758,9,0.19483870267868042,0.19483870267868042,1.03
gg_exact_simsup,2,ta_iris,150,4,0.1,0.66,69,2,1.226,2.108,optimal,75490,83,0.6599999666213989,0.6599999666213989,1.03
gg_exact_simsup,2,ta_iris,150,4,0.05,0.5366666666666666,58,3,30.0,32.129,time,779999,83,0.20333333313465118,0.5600000023841858,1.03
gg_exact_simsup,2,ta_iris,150,4,0.02,0.44666666666666666,58,3,30.0,32.093,time,749999,83,0.1133333295583725,0.5,1.03
gg_exact_simsup,2,ta_iris,150,4,0.01,0.41333333333333333,56,4,30.0,32.094,time,779999,83,0.0833333358168602,0.47999998927116394,1.03
gg_exact_simsup,2,ta_iris,150,4,0.005,0.39333333333333337,56,4,30.0,32.092,time,799999,83,0.06833333522081375,0.4699999988079071,1.03
gg_exact_simsup,2,ta_monk_2,169,11,0.1,0.47869822485207103,64,1,0.0,0.779,optimal,7,10,0.4786982238292694,0.4786982238292694,1.03
gg_exact_simsup,2,ta_monk_2,169,11,0.05,0.428698224852071,64,1,0.0,0.795,optimal,144,10,0.42869824171066284,0.42869824171066284,1.03
gg_exact_simsup,2,ta_monk_2,169,11,0.02,0.3603550295857988,44,5,0.01,0.794,optimal,4250,10,0.360355019569397,0.360355019569397,1.03
gg_exact_simsup,2,ta_monk_2,169,11,0.01,0.3007692307692308,39,7,0.033,0.793,optimal,13040,10,0.30076923966407776,0.30076923966407776,1.03
gg_exact_simsup,2,ta_monk_2,169,11,0.005,0.2602662721893491,33,13,0.081,1.072,optimal,29013,10,0.2602662742137909,0.2602662742137909,1.03
gg_exact_simsup,2,ta_tic-tac-toe,958,9,0.1,0.4496868475991649,335,1,0.0,0.799,optimal,45,27,0.44968685507774353,0.44968685507774353,1.03
gg_exact_simsup,2,ta_tic-tac-toe,958,9,0.05,0.35782881002087685,247,2,0.008,0.793,optimal,1459,27,0.3578287959098816,0.3578287959098816,1.03
gg_exact_simsup,2,ta_tic-tac-toe,958,9,0.02,0.28651356993736954,217,3,8.0,9.201,optimal,899547,27,0.2865135669708252,0.2865135669708252,1.03
gg_exact_simsup,2,ta_tic-tac-toe,958,9,0.01,nan,,,30.0,13.948,memory,,,,,1.03
gg_exact_simsup,2,ta_tic-tac-toe,958,9,0.005,nan,,,30.0,12.109,memory,,,,,1.03
gg_exact_simsup,2,ta_gaussian_1k,1000,1,0.1,0.4,300,1,0.106,1.055,optimal,863,920,0.4000000059604645,0.4000000059604645,1.03
gg_exact_simsup,2,ta_gaussian_1k,1000,1,0.05,nan,,,30.0,12.871,memory,,,,,1.03
gg_exact_simsup,2,ta_gaussian_1k,1000,1,0.02,nan,,,30.0,5.529,memory,,,,,1.03
gg_exact_simsup,2,ta_gaussian_1k,1000,1,0.01,nan,,,30.0,5.291,memory,,,,,1.03
gg_exact_simsup,2,ta_gaussian_1k,1000,1,0.005,nan,,,30.0,5.544,memory,,,,,1.03
gg_exact_simsup,2,ta_fico_1k,1000,23,0.1,0.42200000000000004,222,2,12.085,13.159,optimal,69751,1237,0.4220000207424164,0.4220000207424164,1.03
gg_exact_simsup,2,ta_fico_1k,1000,23,0.05,nan,,,30.0,5.814,memory,,,,,1.03
gg_exact_simsup,2,ta_fico_1k,1000,23,0.02,nan,,,30.0,5.268,memory,,,,,1.03
gg_exact_simsup,2,ta_fico_1k,1000,23,0.01,nan,,,30.0,5.278,memory,,,,,1.03
gg_exact_simsup,2,ta_fico_1k,1000,23,0.005,nan,,,30.0,5.285,memory,,,,,1.03
gg_exact_simsup,2,ta_sine_1k,1000,1,0.1,0.5529999999999999,353,2,30.0,31.241,time,289999,876,0.3569999933242798,0.5529999732971191,1.03
gg_exact_simsup,2,ta_sine_1k,1000,1,0.05,nan,,,30.0,6.581,memory,,,,,1.03
gg_exact_simsup,2,ta_sine_1k,1000,1,0.02,nan,,,30.0,6.055,memory,,,,,1.03
gg_exact_simsup,2,ta_sine_1k,1000,1,0.01,nan,,,30.0,6.074,memory,,,,,1.03
gg_exact_simsup,2,ta_sine_1k,1000,1,0.005,nan,,,30.0,5.807,memory,,,,,1.03
gg_exact_simsup,2,ta_car_evaluation,1728,15,0.1,0.3997685185185186,518,1,0.0,0.79,optimal,0,14,0.39976850152015686,0.39976850152015686,1.03
gg_exact_simsup,2,ta_car_evaluation,1728,15,0.05,0.34976851851851853,518,1,0.0,0.796,optimal,29,14,0.3497685194015503,0.3497685194015503,1.03
gg_exact_simsup,2,ta_car_evaluation,1728,15,0.02,0.3047916666666667,423,3,0.007,0.791,optimal,1490,14,0.304791659116745,0.304791659116745,1.03
gg_exact_simsup,2,ta_car_evaluation,1728,15,0.01,0.27479166666666666,423,3,0.118,1.064,optimal,23433,14,0.2747916579246521,0.2747916579246521,1.03
gg_exact_simsup,2,ta_car_evaluation,1728,15,0.005,0.2570601851851852,401,5,1.092,2.117,optimal,178588,14,0.2570601999759674,0.2570601999759674,1.03
gg_exact_simsup,2,ta_coupon_bar,1913,14,0.1,0.4645060115002614,506,2,0.0,0.798,optimal,3,14,0.46450603008270264,0.46450603008270264,1.03
gg_exact_simsup,2,ta_coupon_bar,1913,14,0.05,0.3645060115002614,506,2,0.0,0.796,optimal,29,14,0.3645060062408447,0.3645060062408447,1.03
gg_exact_simsup,2,ta_coupon_bar,1913,14,0.02,0.29523261892315733,450,3,0.022,0.791,optimal,4631,14,0.2952325940132141,0.2952325940132141,1.03
gg_exact_simsup,2,ta_coupon_bar,1913,14,0.01,0.25334553058024045,389,5,0.283,1.05,optimal,50501,14,0.2533455193042755,0.2533455193042755,1.03
gg_exact_simsup,2,ta_coupon_bar,1913,14,0.005,0.2263225300575013,366,7,1.503,2.375,optimal,236758,14,0.2263225018978119,0.2263225018978119,1.03
gg_exact_simsup,2,ta_compas_binned,6907,12,0.1,0.5240191110467642,2238,2,0.0,0.789,optimal,0,12,0.5240191221237183,0.5240191221237183,1.03
gg_exact_simsup,2,ta_compas_binned,6907,12,0.05,0.42401911104676415,2238,2,0.0,0.797,optimal,0,12,0.42401909828186035,0.42401909828186035,1.03
gg_exact_simsup,2,ta_compas_binned,6907,12,0.02,0.36401911104676415,2238,2,0.0,0.797,optimal,25,12,0.36401909589767456,0.36401909589767456,1.03
gg_exact_simsup,2,ta_compas_binned,6907,12,0.01,0.3440191110467642,2238,2,0.022,0.793,optimal,1938,12,0.3440191149711609,0.3440191149711609,1.03
gg_exact_simsup,2,ta_compas_binned,6907,12,0.005,0.33005284493991605,2107,5,0.236,1.059,optimal,21187,12,0.33005282282829285,0.33005282282829285,1.03
gg_exact_simsup,2,ta_fico_binary,10459,17,0.1,0.5440099435892534,3598,2,0.0,0.798,optimal,11,16,0.5440099239349365,0.5440099239349365,1.03
gg_exact_simsup,2,ta_fico_binary,10459,17,0.05,0.4310020078401377,2939,3,0.001,0.798,optimal,71,16,0.43100202083587646,0.43100202083587646,1.03
gg_exact_simsup,2,ta_fico_binary,10459,17,0.02,0.3410020078401377,2939,3,0.076,1.076,optimal,4372,16,0.3410019874572754,0.3410019874572754,1.03
gg_exact_simsup,2,ta_fico_binary,10459,17,0.01,0.3087637441437996,2811,4,1.325,2.393,optimal,76581,16,0.3087637424468994,0.3087637424468994,1.03
gg_exact_simsup,2,ta_fico_binary,10459,17,0.005,0.28515871498231193,2721,5,4.525,5.537,optimal,258790,16,0.2851587235927582,0.2851587235927582,1.03
gg_exact_simsup,2,ta_compas_processed,12381,22,0.1,0.40999111541878686,3838,1,4.445,5.518,optimal,8819,625,0.4099911153316498,0.4099911153316498,1.03
gg_exact_simsup,2,ta_compas_processed,12381,22,0.05,nan,,,30.0,4.748,memory,,,,,1.03
gg_exact_simsup,2,ta_compas_processed,12381,22,0.02,nan,,,30.0,4.202,memory,,,,,1.03
gg_exact_simsup,2,ta_compas_processed,12381,22,0.01,nan,,,30.0,6.347,memory,,,,,1.03
gg_exact_simsup,2,ta_compas_processed,12381,22,0.005,nan,,,30.0,1.604,memory,,,,,1.03
gg_guided_e60d2,3,ta_chudi,77,2,0.1,0.4857142857142857,22,2,0.0,0.792,heuristic,0,18,0.48571428656578064,0.48571428656578064,1.39
gg_guided_e60d2,3,ta_chudi,77,2,0.05,0.3857142857142857,22,2,0.0,1.057,heuristic,29,18,0.3857142925262451,0.3857142925262451,1.39
gg_guided_e60d2,3,ta_chudi,77,2,0.02,0.3067532467532468,19,3,0.014,1.054,heuristic,4240,18,0.3067532181739807,0.3067532181739807,1.39
gg_guided_e60d2,3,ta_chudi,77,2,0.01,0.2707792207792208,17,5,0.052,1.048,heuristic,14231,18,0.27077919244766235,0.27077919244766235,1.39
gg_guided_e60d2,3,ta_chudi,77,2,0.005,0.22383116883116883,13,11,0.057,1.044,heuristic,16374,18,0.2238311469554901,0.2238311469554901,1.39
gg_guided_e60d2,3,ta_monk_3,122,11,0.1,0.5278688524590164,40,2,0.0,0.791,heuristic,0,7,0.5278688669204712,0.5278688669204712,1.39
gg_guided_e60d2,3,ta_monk_3,122,11,0.05,0.4278688524590164,40,2,0.0,0.79,heuristic,9,7,0.4278688430786133,0.4278688430786133,1.39
gg_guided_e60d2,3,ta_monk_3,122,11,0.02,0.36327868852459017,37,3,0.0,0.792,heuristic,160,7,0.36327868700027466,0.36327868700027466,1.39
gg_guided_e60d2,3,ta_monk_3,122,11,0.01,0.3286885245901639,34,5,0.0,0.786,heuristic,459,7,0.32868847250938416,0.32868847250938416,1.39
gg_guided_e60d2,3,ta_monk_3,122,11,0.005,0.28770491803278686,29,10,0.001,1.061,heuristic,874,7,0.2877048850059509,0.2877048850059509,1.39
gg_guided_e60d2,3,ta_monk_1,124,11,0.1,0.48225806451612907,35,2,0.0,1.048,heuristic,0,8,0.48225805163383484,0.48225805163383484,1.39
gg_guided_e60d2,3,ta_monk_1,124,11,0.05,0.3822580645161291,35,2,0.0,1.067,heuristic,9,8,0.3822580575942993,0.3822580575942993,1.39
gg_guided_e60d2,3,ta_monk_1,124,11,0.02,0.3096774193548387,26,5,0.0,1.067,heuristic,242,8,0.3096774220466614,0.3096774220466614,1.39
gg_guided_e60d2,3,ta_monk_1,124,11,0.01,0.25967741935483873,26,5,0.001,1.065,heuristic,928,8,0.2596774101257324,0.2596774101257324,1.39
gg_guided_e60d2,3,ta_monk_1,124,11,0.005,0.22741935483870968,22,10,0.003,1.062,heuristic,1807,8,0.22741934657096863,0.22741934657096863,1.39
gg_guided_e60d2,3,ta_iris,150,4,0.1,0.66,69,2,0.017,1.059,heuristic,2238,34,0.6599999666213989,0.6599999666213989,1.39
gg_guided_e60d2,3,ta_iris,150,4,0.05,0.5166666666666666,55,3,4.527,5.516,heuristic,425129,34,0.5166666507720947,0.5166666507720947,1.39
gg_guided_e60d2,3,ta_iris,150,4,0.02,0.43333333333333335,50,5,30.0,31.731,time,929999,34,0.17999997735023499,0.5,1.39
gg_guided_e60d2,3,ta_iris,150,4,0.01,0.35333333333333333,41,8,30.0,31.47,time,969999,34,0.14999999105930328,0.47999998927116394,1.39
gg_guided_e60d2,3,ta_iris,150,4,0.005,0.30333333333333334,38,10,30.0,31.788,time,999999,34,0.13333332538604736,0.4699999988079071,1.39
gg_guided_e60d2,3,ta_monk_2,169,11,0.1,0.47869822485207103,64,1,0.0,0.792,heuristic,0,10,0.4786982238292694,0.4786982238292694,1.39
gg_guided_e60d2,3,ta_monk_2,169,11,0.05,0.428698224852071,64,1,0.0,0.793,heuristic,40,10,0.42869824171066284,0.42869824171066284,1.39
gg_guided_e60d2,3,ta_monk_2,169,11,0.02,0.3603550295857988,44,5,0.005,0.785,heuristic,2143,10,0.360355019569397,0.360355019569397,1.39
gg_guided_e60d2,3,ta_monk_2,169,11,0.01,0.3007692307692308,39,7,0.018,0.792,heuristic,7185,10,0.30076923966407776,0.30076923966407776,1.39
gg_guided_e60d2,3,ta_monk_2,169,11,0.005,0.2611834319526627,34,12,0.045,1.056,heuristic,16854,10,0.2611834406852722,0.2611834406852722,1.39
gg_guided_e60d2,3,ta_tic-tac-toe,958,9,0.1,0.4496868475991649,335,1,0.0,1.061,heuristic,0,15,0.44968685507774353,0.44968685507774353,1.39
gg_guided_e60d2,3,ta_tic-tac-toe,958,9,0.05,0.35782881002087685,247,2,0.0,1.051,heuristic,19,15,0.3578287959098816,0.3578287959098816,1.39
gg_guided_e60d2,3,ta_tic-tac-toe,958,9,0.02,0.28651356993736954,217,3,0.001,1.059,heuristic,502,15,0.2865135669708252,0.2865135669708252,1.39
gg_guided_e60d2,3,ta_tic-tac-toe,958,9,0.01,0.2565135699373695,217,3,0.041,1.042,heuristic,10562,15,0.2565135955810547,0.2565135955810547,1.39
gg_guided_e60d2,3,ta_tic-tac-toe,958,9,0.005,0.23102296450939458,183,8,0.221,1.315,heuristic,51255,15,0.23102295398712158,0.23102295398712158,1.39
gg_guided_e60d2,3,ta_gaussian_1k,1000,1,0.1,0.4,300,1,0.0,1.057,heuristic,0,54,0.4000000059604645,0.4000000059604645,1.39
gg_guided_e60d2,3,ta_gaussian_1k,1000,1,0.05,0.35,300,1,0.0,1.084,heuristic,0,54,0.3500000238418579,0.3500000238418579,1.39
gg_guided_e60d2,3,ta_gaussian_1k,1000,1,0.02,0.32,300,1,0.0,1.058,heuristic,0,54,0.320000022649765,0.320000022649765,1.39
gg_guided_e60d2,3,ta_gaussian_1k,1000,1,0.01,0.307,287,2,0.0,1.048,heuristic,59,54,0.3070000112056732,0.3070000112056732,1.39
gg_guided_e60d2,3,ta_gaussian_1k,1000,1,0.005,0.297,287,2,0.036,1.335,heuristic,4588,54,0.2970000207424164,0.2970000207424164,1.39
gg_guided_e60d2,3,ta_fico_1k,1000,23,0.1,0.42200000000000004,222,2,0.0,1.86,heuristic,0,64,0.4220000207424164,0.4220000207424164,1.39
gg_guided_e60d2,3,ta_fico_1k,1000,23,0.05,0.322,222,2,0.001,1.841,heuristic,91,64,0.32200002670288086,0.32200002670288086,1.39
gg_guided_e60d2,3,ta_fico_1k,1000,23,0.02,0.262,222,2,30.0,32.636,time,1109999,64,0.18699999153614044,0.26200002431869507,1.39
gg_guided_e60d2,3,ta_fico_1k,1000,23,0.01,nan,,,30.0,13.939,memory,,,,,1.39
gg_guided_e60d2,3,ta_fico_1k,1000,23,0.005,nan,,,30.0,12.128,memory,,,,,1.39
gg_guided_e60d2,3,ta_sine_1k,1000,1,0.1,0.5529999999999999,353,2,0.0,1.591,heuristic,0,55,0.5530000329017639,0.5530000329017639,1.39
gg_guided_e60d2,3,ta_sine_1k,1000,1,0.05,0.45299999999999996,353,2,0.0,1.324,heuristic,0,55,0.453000009059906,0.453000009059906,1.39
gg_guided_e60d2,3,ta_sine_1k,1000,1,0.02,0.39299999999999996,353,2,0.001,1.323,heuristic,92,55,0.3930000066757202,0.3930000066757202,1.39
gg_guided_e60d2,3,ta_sine_1k,1000,1,0.01,0.373,353,2,0.034,1.324,heuristic,4337,55,0.37300002574920654,0.37300002574920654,1.39
gg_guided_e60d2,3,ta_sine_1k,1000,1,0.005,0.363,353,2,30.0,31.241,time,29149999,55,0.3440000116825104,0.3630000054836273,1.39
gg_guided_e60d2,3,ta_car_evaluation,1728,15,0.1,0.3997685185185186,518,1,0.0,1.072,heuristic,0,14,0.39976850152015686,0.39976850152015686,1.39
gg_guided_e60d2,3,ta_car_evaluation,1728,15,0.05,0.34976851851851853,518,1,0.0,1.067,heuristic,0,14,0.3497685194015503,0.3497685194015503,1.39
gg_guided_e60d2,3,ta_car_evaluation,1728,15,0.02,0.3047916666666667,423,3,0.0,1.069,heuristic,52,14,0.304791659116745,0.304791659116745,1.39
gg_guided_e60d2,3,ta_car_evaluation,1728,15,0.01,0.27479166666666666,423,3,0.002,1.067,heuristic,511,14,0.2747916579246521,0.2747916579246521,1.39
gg_guided_e60d2,3,ta_car_evaluation,1728,15,0.005,0.2570601851851852,401,5,0.038,1.058,heuristic,8432,14,0.2570601999759674,0.2570601999759674,1.39
gg_guided_e60d2,3,ta_coupon_bar,1913,14,0.1,0.4645060115002614,506,2,0.0,1.068,heuristic,0,12,0.46450603008270264,0.46450603008270264,1.39
gg_guided_e60d2,3,ta_coupon_bar,1913,14,0.05,0.3645060115002614,506,2,0.0,1.058,heuristic,5,12,0.3645060062408447,0.3645060062408447,1.39
gg_guided_e60d2,3,ta_coupon_bar,1913,14,0.02,0.29523261892315733,450,3,0.001,1.071,heuristic,296,12,0.2952325940132141,0.2952325940132141,1.39
gg_guided_e60d2,3,ta_coupon_bar,1913,14,0.01,0.25334553058024045,389,5,0.014,1.064,heuristic,3047,12,0.2533455193042755,0.2533455193042755,1.39
gg_guided_e60d2,3,ta_coupon_bar,1913,14,0.005,0.22834553058024046,389,5,0.084,1.057,heuristic,18272,12,0.22834551334381104,0.22834551334381104,1.39
gg_guided_e60d2,3,ta_compas_binned,6907,12,0.1,0.5240191110467642,2238,2,0.0,1.059,heuristic,0,12,0.5240191221237183,0.5240191221237183,1.39
gg_guided_e60d2,3,ta_compas_binned,6907,12,0.05,0.42401911104676415,2238,2,0.0,1.052,heuristic,0,12,0.42401909828186035,0.42401909828186035,1.39
gg_guided_e60d2,3,ta_compas_binned,6907,12,0.02,0.36401911104676415,2238,2,0.0,1.058,heuristic,0,12,0.36401909589767456,0.36401909589767456,1.39
gg_guided_e60d2,3,ta_compas_binned,6907,12,0.01,0.3440191110467642,2238,2,0.0,1.036,heuristic,3,12,0.3440191149711609,0.3440191149711609,1.39
gg_guided_e60d2,3,ta_compas_binned,6907,12,0.005,0.33005284493991605,2107,5,0.067,1.336,heuristic,5787,12,0.33005282282829285,0.33005282282829285,1.39
gg_guided_e60d2,3,ta_fico_binary,10459,17,0.1,0.5440099435892534,3598,2,0.0,1.324,heuristic,0,14,0.5440099239349365,0.5440099239349365,1.39
gg_guided_e60d2,3,ta_fico_binary,10459,17,0.05,0.4310020078401377,2939,3,0.0,1.318,heuristic,17,14,0.43100202083587646,0.43100202083587646,1.39
gg_guided_e60d2,3,ta_fico_binary,10459,17,0.02,0.3410020078401377,2939,3,0.02,1.325,heuristic,1024,14,0.3410019874572754,0.3410019874572754,1.39
gg_guided_e60d2,3,ta_fico_binary,10459,17,0.01,0.3087637441437996,2811,4,0.309,1.867,heuristic,15860,14,0.3087637424468994,0.3087637424468994,1.39
gg_guided_e60d2,3,ta_fico_binary,10459,17,0.005,0.28515871498231193,2721,5,0.877,2.385,heuristic,46978,14,0.2851587235927582,0.2851587235927582,1.39
gg_guided_e60d2,3,ta_compas_processed,12381,22,0.1,0.40999111541878686,3838,1,0.0,8.702,heuristic,0,63,0.4099911153316498,0.4099911153316498,1.39
gg_guided_e60d2,3,ta_compas_processed,12381,22,0.05,0.33576447782893143,2919,2,0.0,8.706,heuristic,0,63,0.33576449751853943,0.33576449751853943,1.39
gg_guided_e60d2,3,ta_compas_processed,12381,22,0.02,0.27576447782893143,2919,2,0.0,8.706,heuristic,0,63,0.27576446533203125,0.27576446533203125,1.39
gg_guided_e60d2,3,ta_compas_processed,12381,22,0.01,0.2557644778289314,2919,2,0.007,8.724,heuristic,96,63,0.2557644844055176,0.2557644844055176,1.39
gg_guided_e60d2,3,ta_compas_processed,12381,22,0.005,nan,,,30.0,22.122,memory,,,,,1.39
gg_exact_simsup,3,ta_chudi,77,2,0.1,0.4857142857142857,22,2,0.0,1.067,optimal,53,32,0.48571428656578064,0.48571428656578064,1.54
gg_exact_simsup,3,ta_chudi,77,2,0.05,0.3857142857142857,22,2,0.011,0.796,optimal,2268,32,0.3857142925262451,0.3857142925262451,1.54
gg_exact_simsup,3,ta_chudi,77,2,0.02,0.3067532467532468,19,3,0.601,1.601,optimal,119877,32,0.3067532181739807,0.3067532181739807,1.54
gg_exact_simsup,3,ta_chudi,77,2,0.01,0.26883116883116887,13,10,0.685,1.571,optimal,119147,32,0.26883113384246826,0.26883113384246826,1.54
gg_exact_simsup,3,ta_chudi,77,2,0.005,0.20987012987012987,10,16,0.72,1.574,optimal,128216,32,0.2098701149225235,0.2098701149225235,1.54
gg_exact_simsup,3,ta_monk_3,122,11,0.1,0.5278688524590164,40,2,0.0,0.787,optimal,0,9,0.5278688669204712,0.5278688669204712,1.54
gg_exact_simsup,3,ta_monk_3,122,11,0.05,0.4278688524590164,40,2,0.0,0.796,optimal,11,9,0.4278688430786133,0.4278688430786133,1.54
gg_exact_simsup,3,ta_monk_3,122,11,0.02,0.36327868852459017,37,3,0.0,0.782,optimal,235,9,0.36327868700027466,0.36327868700027466,1.54
gg_exact_simsup,3,ta_monk_3,122,11,0.01,0.3286885245901639,34,5,0.001,0.791,optimal,817,9,0.32868847250938416,0.32868847250938416,1.54
gg_exact_simsup,3,ta_monk_3,122,11,0.005,0.28770491803278686,29,10,0.003,0.795,optimal,1543,9,0.2877048850059509,0.2877048850059509,1.54
gg_exact_simsup,3,ta_monk_1,124,11,0.1,0.48225806451612907,35,2,0.0,0.796,optimal,9,9,0.48225805163383484,0.48225805163383484,1.54
gg_exact_simsup,3,ta_monk_1,124,11,0.05,0.3822580645161291,35,2,0.0,0.791,optimal,100,9,0.3822580575942993,0.3822580575942993,1.54
gg_exact_simsup,3,ta_monk_1,124,11,0.02,0.3096774193548387,26,5,0.004,0.796,optimal,2016,9,0.3096774220466614,0.3096774220466614,1.54
gg_exact_simsup,3,ta_monk_1,124,11,0.01,0.2535483870967742,24,6,0.012,0.792,optimal,5882,9,0.25354838371276855,0.25354838371276855,1.54
gg_exact_simsup,3,ta_monk_1,124,11,0.005,0.19483870967741934,13,18,0.025,0.793,optimal,10758,9,0.19483870267868042,0.19483870267868042,1.54
gg_exact_simsup,3,ta_iris,150,4,0.1,0.66,69,2,1.224,2.113,optimal,75490,83,0.6599999666213989,0.6599999666213989,1.54
gg_exact_simsup,3,ta_iris,150,4,0.05,0.5366666666666666,58,3,30.0,32.127,time,779999,83,0.20333333313465118,0.5600000023841858,1.54
gg_exact_simsup,3,ta_iris,150,4,0.02,0.44666666666666666,58,3,30.0,31.799,time,749999,83,0.1133333295583725,0.5,1.54
gg_exact_simsup,3,ta_iris,150,4,0.01,0.41333333333333333,56,4,30.0,32.385,time,779999,83,0.0833333358168602,0.47999998927116394,1.54
gg_exact_simsup,3,ta_iris,150,4,0.005,0.39333333333333337,56,4,30.0,32.366,time,819999,83,0.06833333522081375,0.4699999988079071,1.54
gg_exact_simsup,3,ta_monk_2,169,11,0.1,0.47869822485207103,64,1,0.0,0.788,optimal,7,10,0.4786982238292694,0.4786982238292694,1.54
gg_exact_simsup,3,ta_monk_2,169,11,0.05,0.428698224852071,64,1,0.0,0.792,optimal,144,10,0.42869824171066284,0.42869824171066284,1.54
gg_exact_simsup,3,ta_monk_2,169,11,0.02,0.3603550295857988,44,5,0.01,0.796,optimal,4250,10,0.360355019569397,0.360355019569397,1.54
gg_exact_simsup,3,ta_monk_2,169,11,0.01,0.3007692307692308,39,7,0.032,0.79,optimal,13040,10,0.30076923966407776,0.30076923966407776,1.54
gg_exact_simsup,3,ta_monk_2,169,11,0.005,0.2602662721893491,33,13,0.081,1.073,optimal,29013,10,0.2602662742137909,0.2602662742137909,1.54
gg_exact_simsup,3,ta_tic-tac-toe,958,9,0.1,0.4496868475991649,335,1,0.0,0.796,optimal,45,27,0.44968685507774353,0.44968685507774353,1.54
gg_exact_simsup,3,ta_tic-tac-toe,958,9,0.05,0.35782881002087685,247,2,0.007,0.796,optimal,1459,27,0.3578287959098816,0.3578287959098816,1.54
gg_exact_simsup,3,ta_tic-tac-toe,958,9,0.02,0.28651356993736954,217,3,8.036,9.227,optimal,899547,27,0.2865135669708252,0.2865135669708252,1.54
gg_exact_simsup,3,ta_tic-tac-toe,958,9,0.01,nan,,,30.0,13.963,memory,,,,,1.54
gg_exact_simsup,3,ta_tic-tac-toe,958,9,0.005,nan,,,30.0,12.359,memory,,,,,1.54
gg_exact_simsup,3,ta_gaussian_1k,1000,1,0.1,0.4,300,1,0.105,1.054,optimal,863,920,0.4000000059604645,0.4000000059604645,1.54
gg_exact_simsup,3,ta_gaussian_1k,1000,1,0.05,nan,,,30.0,14.432,memory,,,,,1.54
gg_exact_simsup,3,ta_gaussian_1k,1000,1,0.02,nan,,,30.0,5.535,memory,,,,,1.54
gg_exact_simsup,3,ta_gaussian_1k,1000,1,0.01,nan,,,30.0,5.518,memory,,,,,1.54
gg_exact_simsup,3,ta_gaussian_1k,1000,1,0.005,nan,,,30.0,7.897,memory,,,,,1.54
gg_exact_simsup,3,ta_fico_1k,1000,23,0.1,0.42200000000000004,222,2,11.976,13.124,optimal,69751,1237,0.4220000207424164,0.4220000207424164,1.54
gg_exact_simsup,3,ta_fico_1k,1000,23,0.05,nan,,,30.0,5.777,memory,,,,,1.54
gg_exact_simsup,3,ta_fico_1k,1000,23,0.02,nan,,,30.0,5.256,memory,,,,,1.54
gg_exact_simsup,3,ta_fico_1k,1000,23,0.01,nan,,,30.0,5.246,memory,,,,,1.54
gg_exact_simsup,3,ta_fico_1k,1000,23,0.005,nan,,,30.0,5.277,memory,,,,,1.54
gg_exact_simsup,3,ta_sine_1k,1000,1,0.1,0.5529999999999999,353,2,30.0,31.491,time,289999,876,0.3569999933242798,0.5529999732971191,1.54
gg_exact_simsup,3,ta_sine_1k,1000,1,0.05,nan,,,30.0,6.572,memory,,,,,1.54
gg_exact_simsup,3,ta_sine_1k,1000,1,0.02,nan,,,30.0,5.79,memory,,,,,1.54
gg_exact_simsup,3,ta_sine_1k,1000,1,0.01,nan,,,30.0,6.044,memory,,,,,1.54
gg_exact_simsup,3,ta_sine_1k,1000,1,0.005,nan,,,30.0,5.776,memory,,,,,1.54
gg_exact_simsup,3,ta_car_evaluation,1728,15,0.1,0.3997685185185186,518,1,0.0,0.797,optimal,0,14,0.39976850152015686,0.39976850152015686,1.54
gg_exact_simsup,3,ta_car_evaluation,1728,15,0.05,0.34976851851851853,518,1,0.0,0.784,optimal,29,14,0.3497685194015503,0.3497685194015503,1.54
gg_exact_simsup,3,ta_car_evaluation,1728,15,0.02,0.3047916666666667,423,3,0.006,0.783,optimal,1490,14,0.304791659116745,0.304791659116745,1.54
gg_exact_simsup,3,ta_car_evaluation,1728,15,0.01,0.27479166666666666,423,3,0.122,1.059,optimal,23433,14,0.2747916579246521,0.2747916579246521,1.54
gg_exact_simsup,3,ta_car_evaluation,1728,15,0.005,0.2570601851851852,401,5,1.083,2.118,optimal,178588,14,0.2570601999759674,0.2570601999759674,1.54
gg_exact_simsup,3,ta_coupon_bar,1913,14,0.1,0.4645060115002614,506,2,0.0,0.794,optimal,3,14,0.46450603008270264,0.46450603008270264,1.54
gg_exact_simsup,3,ta_coupon_bar,1913,14,0.05,0.3645060115002614,506,2,0.0,0.793,optimal,29,14,0.3645060062408447,0.3645060062408447,1.54
gg_exact_simsup,3,ta_coupon_bar,1913,14,0.02,0.29523261892315733,450,3,0.022,0.793,optimal,4631,14,0.2952325940132141,0.2952325940132141,1.54
gg_exact_simsup,3,ta_coupon_bar,1913,14,0.01,0.25334553058024045,389,5,0.273,1.053,optimal,50501,14,0.2533455193042755,0.2533455193042755,1.54
gg_exact_simsup,3,ta_coupon_bar,1913,14,0.005,0.2263225300575013,366,7,1.49,2.364,optimal,236758,14,0.2263225018978119,0.2263225018978119,1.54
gg_exact_simsup,3,ta_compas_binned,6907,12,0.1,0.5240191110467642,2238,2,0.0,0.791,optimal,0,12,0.5240191221237183,0.5240191221237183,1.54
gg_exact_simsup,3,ta_compas_binned,6907,12,0.05,0.42401911104676415,2238,2,0.0,0.785,optimal,0,12,0.42401909828186035,0.42401909828186035,1.54
gg_exact_simsup,3,ta_compas_binned,6907,12,0.02,0.36401911104676415,2238,2,0.0,0.785,optimal,25,12,0.36401909589767456,0.36401909589767456,1.54
gg_exact_simsup,3,ta_compas_binned,6907,12,0.01,0.3440191110467642,2238,2,0.022,0.79,optimal,1938,12,0.3440191149711609,0.3440191149711609,1.54
gg_exact_simsup,3,ta_compas_binned,6907,12,0.005,0.33005284493991605,2107,5,0.235,1.054,optimal,21187,12,0.33005282282829285,0.33005282282829285,1.54
gg_exact_simsup,3,ta_fico_binary,10459,17,0.1,0.5440099435892534,3598,2,0.0,0.797,optimal,11,16,0.5440099239349365,0.5440099239349365,1.54
gg_exact_simsup,3,ta_fico_binary,10459,17,0.05,0.4310020078401377,2939,3,0.001,0.789,optimal,71,16,0.43100202083587646,0.43100202083587646,1.54
gg_exact_simsup,3,ta_fico_binary,10459,17,0.02,0.3410020078401377,2939,3,0.077,1.062,optimal,4372,16,0.3410019874572754,0.3410019874572754,1.54
gg_exact_simsup,3,ta_fico_binary,10459,17,0.01,0.3087637441437996,2811,4,1.312,2.382,optimal,76581,16,0.3087637424468994,0.3087637424468994,1.54
gg_exact_simsup,3,ta_fico_binary,10459,17,0.005,0.28515871498231193,2721,5,4.475,5.528,optimal,258790,16,0.2851587235927582,0.2851587235927582,1.54
gg_exact_simsup,3,ta_compas_processed,12381,22,0.1,0.40999111541878686,3838,1,4.408,5.251,optimal,8819,625,0.4099911153316498,0.4099911153316498,1.54
gg_exact_simsup,3,ta_compas_processed,12381,22,0.05,nan,,,30.0,4.734,memory,,,,,1.54
gg_exact_simsup,3,ta_compas_processed,12381,22,0.02,nan,,,30.0,4.235,memory,,,,,1.54
gg_exact_simsup,3,ta_compas_processed,12381,22,0.01,nan,,,30.0,4.215,memory,,,,,1.54
gg_exact_simsup,3,ta_compas_processed,12381,22,0.005,nan,,,30.0,1.595,memory,,,,,1.54
