x0,x1,x2,x3,x4,x5,x6,x7,x8,x9,x10,x11,label
2,0.91,1,0,0,0,0,4,7,0,0,21,0
0,0.92,2,0,0,1,2,0,2,2,2,74,0
9,0.924,1,0,0,0,0,8,4,0,0,94,0
1,0.624,0,0,0,1,0,10,3,0,0,75,0
58,0.698,0,1,0,1,0,16,7,5,0,157,0
22,0.8959999999999999,0,0,0,2,1,17,5,3,2,59,0
0,0.92,0,0,0,0,0,0,1,0,1,56,1
0,0.92,0,1,1,0,0,4,0,1,0,220,0
64,0.479,1,0,1,4,0,0,3,0,1,44,0
20,0.878,0,1,0,5,1,4,6,0,5,12,0
22,0.8959999999999999,0,0,0,4,0,0,1,0,3,222,0
0,0.92,0,0,0,1,0,0,0,1,1,55,1
64,0.479,0,1,1,1,3,13,4,6,6,23,1
1,0.624,1,0,1,0,0,5,4,3,2,80,0
2,0.91,0,0,0,0,0,0,1,0,4,25,0
78,0.795,1,0,1,0,0,7,1,1,0,29,0
10,0.754,1,0,0,0,0,6,2,0,0,100,0
11,0.887,0,1,0,1,0,7,0,1,2,24,1
2,0.91,0,0,0,2,1,0,0,1,0,40,0
48,0.698,0,0,0,1,0,0,2,0,0,30,0
51,0.698,2,1,1,0,0,9,5,3,0,94,1
8,0.804,1,0,0,1,0,8,0,1,2,25,1
1,0.624,0,0,1,1,0,3,1,0,0,100,1
49,0.789,2,1,1,0,0,3,0,1,3,16,1
45,0.925,1,1,0,0,0,13,1,0,0,98,0
55,0.848,0,0,0,0,3,3,1,0,3,32,0
0,0.92,0,0,0,0,0,0,8,0,1,78,0
21,0.923,0,0,2,0,0,0,1,0,0,12,0
1,0.624,1,1,1,2,1,6,0,1,3,46,1
39,0.903,1,0,0,0,0,0,0,1,1,80,0
7,0.939,2,1,0,0,2,9,4,5,1,74,0
23,0.767,1,0,0,0,0,20,2,0,3,14,0
1,0.624,1,0,0,1,0,1,0,1,0,56,0
0,0.92,2,1,0,0,0,5,0,3,0,28,0
30,0.925,1,1,1,0,0,6,0,1,3,55,0
0,0.92,0,0,0,1,0,0,0,1,2,80,0
7,0.939,0,0,0,0,4,0,0,1,1,28,0
61,0.579,0,1,1,0,2,14,0,1,1,18,0
0,0.92,0,0,0,0,0,0,4,2,4,95,0
26,0.836,0,1,1,2,1,1,2,0,0,45,0
2,0.91,0,0,1,0,0,6,0,1,0,98,1
1,0.624,0,0,0,0,0,15,0,1,1,128,0
11,0.887,1,0,0,1,0,8,2,0,0,31,1
66,0.647,1,0,0,1,0,1,5,0,4,21,0
47,0.555,1,0,0,0,0,5,0,1,0,29,0
0,0.92,0,1,0,5,1,5,0,1,2,28,0
7,0.939,1,1,0,1,0,0,3,3,1,13,0
0,0.92,0,0,0,0,0,1,7,0,2,60,0
1,0.624,1,0,0,0,0,2,3,0,2,29,1
2,0.91,0,1,0,0,0,11,4,0,1,100,0
0,0.92,0,0,0,0,0,2,2,0,0,54,0
0,0.92,0,0,0,0,0,2,2,0,0,168,0
13,0.55,0,0,1,1,0,3,0,1,0,67,0
1,0.624,0,0,3,0,0,13,0,1,0,14,0
10,0.754,0,0,1,2,1,2,3,0,0,158,0
1,0.624,0,0,0,1,0,3,1,2,0,51,1
11,0.887,0,1,1,0,0,2,0,1,3,22,0
8,0.804,0,0,2,5,1,1,0,1,0,13,0
0,0.92,1,0,0,0,0,0,3,0,2,145,1
0,0.92,0,0,0,1,0,8,2,2,0,52,0
3,0.926,1,0,0,1,0,12,2,0,5,55,0
10,0.754,0,0,0,2,1,14,0,0,3,23,0
38,0.895,2,0,0,0,0,16,1,0,0,94,0
27,0.682,0,0,0,0,0,17,0,1,1,105,0
1,0.624,2,0,0,1,0,3,6,2,2,34,1
1,0.624,0,1,0,2,1,14,0,1,3,23,0
18,0.802,0,0,1,1,0,1,2,0,4,124,0
17,0.899,0,1,0,1,0,12,1,2,0,69,0
30,0.925,0,0,0,1,0,10,0,1,2,54,0
37,0.8270000000000001,0,0,0,0,0,0,3,0,1,188,0
1,0.624,0,0,0,0,0,3,2,0,3,79,0
1,0.624,0,1,1,2,1,4,0,1,3,84,1
3,0.926,1,1,1,2,1,2,0,1,6,4,0
5,0.897,0,0,0,3,1,0,3,0,1,52,0
4,0.92,0,0,0,0,0,9,1,0,2,84,0
8,0.804,0,0,0,0,0,0,2,0,1,27,0
7,0.939,1,0,0,0,0,0,0,1,1,64,0
3,0.926,0,0,0,0,3,10,5,0,0,145,0
0,0.92,0,1,1,1,0,8,0,3,3,166,0
13,0.55,0,0,0,1,0,5,1,5,0,6,0
21,0.923,0,0,2,1,0,4,3,0,1,10,0
7,0.939,0,1,0,5,1,4,0,0,3,99,0
36,0.527,1,1,1,2,1,5,0,1,0,300,1
0,0.92,0,0,2,0,0,2,2,0,5,52,0
49,0.789,2,0,1,4,0,9,2,0,1,11,0
0,0.92,0,1,0,2,1,3,5,3,0,55,0
9,0.924,0,0,0,1,0,3,8,0,0,102,0
29,0.89,1,1,0,0,0,1,5,0,3,29,0
46,0.698,0,1,0,5,1,3,0,0,3,31,0
11,0.887,0,0,0,0,0,20,2,0,2,16,0
0,0.92,0,0,0,0,0,17,1,0,0,194,0
3,0.926,0,0,0,1,0,11,1,0,5,80,0
1,0.624,0,0,1,1,0,1,1,0,0,156,0
2,0.91,0,0,0,1,0,10,0,1,0,56,0
0,0.92,1,0,0,0,0,4,1,2,2,66,0
3,0.926,0,0,0,1,0,20,2,0,0,158,0
3,0.926,2,0,0,0,0,10,6,0,0,12,0
6,0.855,0,0,0,1,0,9,3,0,1,3,0
18,0.802,1,0,0,0,0,16,5,0,3,64,0
13,0.55,0,0,0,0,0,9,4,0,0,26,1
5,0.897,1,1,0,1,0,6,7,0,0,27,0
0,0.92,0,0,0,0,2,0,0,1,2,154,0
0,0.92,0,0,0,1,0,15,3,0,1,50,0
3,0.926,0,1,1,2,1,13,0,1,3,65,0
11,0.887,0,0,1,0,0,7,2,0,1,116,0
3,0.926,0,0,0,2,1,9,1,0,0,56,0
2,0.91,0,0,0,1,0,15,4,0,0,144,0
2,0.91,0,0,0,0,0,7,3,0,0,112,0
0,0.92,0,1,1,2,1,4,1,3,2,111,1
26,0.836,1,1,0,0,4,14,0,1,0,31,1
4,0.92,0,0,0,0,5,2,2,4,4,11,0
0,0.92,0,0,0,0,2,4,4,0,0,21,1
3,0.926,0,0,0,0,0,1,5,0,4,105,0
1,0.624,1,0,1,0,0,5,3,0,0,23,0
57,0.698,1,1,1,0,0,5,0,0,0,22,1
3,0.926,0,0,0,0,0,10,0,1,1,14,0
6,0.855,0,0,1,0,0,2,3,0,5,30,0
5,0.897,0,0,0,1,0,4,0,1,2,23,0
47,0.555,1,1,0,0,4,14,0,1,3,25,1
0,0.92,0,0,0,0,0,17,2,0,1,140,0
4,0.92,0,0,0,0,0,20,4,5,2,13,0
3,0.926,0,0,0,1,0,0,1,4,0,24,0
0,0.92,2,0,0,0,0,0,8,0,0,15,0
1,0.624,0,0,0,0,0,13,4,4,3,20,0
76,0.769,0,1,1,0,0,5,1,0,0,50,0
0,0.92,0,1,0,1,5,2,0,1,0,6,1
16,0.939,1,0,0,1,0,16,3,0,5,106,0
0,0.92,0,1,0,0,0,4,3,0,0,74,0
12,0.884,0,0,0,1,0,0,4,0,4,306,0
37,0.8270000000000001,0,0,3,0,3,5,4,1,3,107,0
40,0.949,0,0,0,1,0,8,6,2,5,24,0
0,0.92,0,0,0,0,0,20,3,0,0,6,0
24,0.762,0,0,0,0,0,16,1,2,0,22,0
12,0.884,0,0,0,1,0,2,2,0,2,112,0
2,0.91,0,0,0,0,0,16,1,0,1,96,0
0,0.92,1,0,0,1,0,19,0,1,1,51,0
3,0.926,0,1,1,0,0,12,0,1,0,200,0
1,0.624,1,0,2,0,0,3,4,0,5,39,0
36,0.527,0,0,0,2,1,5,2,1,3,7,1
26,0.836,1,0,0,0,0,19,3,0,3,13,1
79,0.743,0,0,0,0,0,2,1,0,2,17,0
9,0.924,0,0,0,0,0,0,5,5,4,50,0
1,0.624,1,0,2,0,0,11,4,0,1,109,1
33,0.6890000000000001,0,0,0,0,0,4,7,2,3,4,0
8,0.804,0,0,0,1,0,0,1,0,0,21,1
1,0.624,0,0,0,1,0,6,6,0,1,48,0
1,0.624,1,0,0,0,0,7,5,0,0,32,1
0,0.92,1,1,0,0,0,7,5,0,1,204,0
16,0.939,0,0,0,1,0,0,0,1,1,90,0
33,0.6890000000000001,0,0,0,0,0,15,4,0,1,140,0
0,0.92,0,0,0,1,0,0,6,0,1,25,0
16,0.939,0,1,1,2,1,5,7,0,0,54,0
0,0.92,3,0,0,0,0,11,1,0,0,31,1
12,0.884,0,1,1,0,0,6,0,1,3,38,1
0,0.92,0,0,0,1,0,1,4,5,0,104,0
38,0.895,3,0,0,0,0,15,4,0,0,36,0
2,0.91,2,0,0,0,0,9,5,1,0,90,0
26,0.836,0,0,0,1,2,5,2,0,0,36,0
2,0.91,0,0,0,0,0,12,5,5,4,272,0
23,0.767,0,0,2,0,0,14,0,1,0,54,1
0,0.92,1,0,0,0,0,4,2,1,0,96,0
3,0.926,0,0,0,0,0,1,3,1,0,50,0
5,0.897,1,0,0,1,0,0,4,3,2,52,0
37,0.8270000000000001,0,0,1,2,1,2,1,4,0,18,1
3,0.926,0,0,0,1,0,0,7,0,1,268,0
0,0.92,0,0,0,0,2,12,2,0,4,13,0
13,0.55,0,0,0,0,0,6,1,0,2,18,1
1,0.624,0,1,0,2,1,1,0,1,3,21,0
1,0.624,2,0,0,0,0,4,0,0,0,9,1
1,0.624,1,0,1,0,0,13,1,5,3,5,1
0,0.92,1,0,0,0,0,2,3,0,0,180,0
0,0.92,0,0,0,0,0,3,1,0,1,7,0
1,0.624,0,0,0,0,0,2,6,0,5,7,1
4,0.92,0,0,0,0,0,15,3,0,4,32,0
0,0.92,0,0,0,1,0,11,3,0,5,6,0
20,0.878,0,0,0,0,0,0,3,0,1,42,0
3,0.926,0,0,0,0,0,16,6,0,0,19,1
1,0.624,1,0,0,0,0,12,1,0,1,17,0
4,0.92,0,0,0,0,0,8,2,0,2,34,0
2,0.91,1,0,0,1,0,10,0,1,0,14,0
8,0.804,0,1,1,0,0,4,0,1,0,33,1
12,0.884,0,0,0,1,2,5,6,0,0,316,0
46,0.698,1,0,0,1,0,7,1,0,4,43,0
18,0.802,0,0,0,2,1,14,7,0,2,97,0
4,0.92,0,0,0,0,2,3,0,1,0,54,0
1,0.624,0,0,0,1,0,7,3,0,1,8,0
9,0.924,0,1,0,0,0,3,0,1,1,34,0
0,0.92,0,0,0,0,4,1,0,1,2,54,1
0,0.92,0,0,0,0,0,0,0,1,2,19,0
3,0.926,0,1,1,2,1,7,8,0,0,65,0
0,0.92,0,1,0,0,0,1,3,0,5,22,0
0,0.92,2,0,0,0,0,3,1,6,0,112,0
0,0.92,0,0,0,0,0,0,0,1,1,6,1
39,0.903,0,0,1,0,0,2,8,0,3,56,0
2,0.91,0,0,0,4,0,3,6,0,2,10,0
2,0.91,0,0,0,0,4,16,4,0,0,113,0
0,0.92,2,1,3,3,1,1,0,1,3,31,0
2,0.91,1,0,0,0,0,8,2,0,2,45,0
0,0.92,1,0,0,0,2,0,5,0,0,30,0
0,0.92,1,0,0,0,0,17,7,0,0,80,0
5,0.897,0,0,0,1,6,0,2,0,1,116,0
4,0.92,0,0,0,1,0,0,5,3,0,46,0
30,0.925,0,0,0,0,0,0,5,0,1,19,0
9,0.924,0,1,1,1,0,0,7,5,2,24,0
1,0.624,0,0,0,0,0,6,2,4,0,220,1
1,0.624,2,1,0,0,0,5,4,1,3,59,1
5,0.897,0,1,0,1,0,6,4,4,0,24,0
0,0.92,1,0,0,0,0,1,7,1,0,140,0
1,0.624,1,0,0,1,0,16,2,0,2,62,1
3,0.926,0,1,1,1,4,20,0,1,2,83,0
1,0.624,0,0,0,0,0,11,5,0,5,22,1
1,0.624,0,0,0,0,0,4,1,0,1,161,0
0,0.92,0,1,0,0,0,10,4,0,1,18,1
40,0.949,1,0,0,0,0,0,6,2,2,35,0
76,0.769,0,0,2,1,0,11,0,1,0,17,0
1,0.624,1,1,2,0,0,6,8,0,2,109,0
3,0.926,0,1,2,2,1,7,3,0,2,42,0
1,0.624,1,0,0,1,0,4,1,4,0,112,1
22,0.8959999999999999,0,1,0,0,0,0,1,0,3,72,0
40,0.949,0,1,1,0,0,4,0,1,0,13,0
0,0.92,1,0,0,1,0,17,3,0,0,50,0
2,0.91,0,0,0,0,5,16,3,0,4,59,0
49,0.789,1,0,0,0,0,9,1,0,2,38,1
4,0.92,0,0,1,2,1,3,1,2,0,264,0
1,0.624,1,0,0,0,0,5,1,5,2,86,1
79,0.743,1,1,3,0,0,5,0,1,3,22,1
51,0.698,0,0,0,0,0,4,1,0,2,89,1
17,0.899,1,1,0,0,0,1,2,3,1,34,0
11,0.887,0,0,0,0,0,4,0,1,1,51,1
3,0.926,0,0,2,0,0,11,4,2,0,90,0
0,0.92,0,0,0,0,6,1,0,1,0,112,1
2,0.91,0,0,0,0,0,0,1,0,5,167,1
5,0.897,0,0,0,1,0,9,2,0,4,33,0
2,0.91,0,0,0,1,0,10,2,0,2,52,0
8,0.804,0,0,0,2,1,0,1,2,0,110,0
12,0.884,2,1,0,4,0,0,1,3,1,27,0
22,0.8959999999999999,0,0,0,0,0,0,0,1,0,16,0
4,0.92,2,1,0,0,0,2,2,5,0,54,0
3,0.926,0,0,0,1,0,10,1,0,5,17,0
1,0.624,0,0,0,0,0,1,3,0,3,298,1
0,0.92,0,0,0,0,2,7,1,0,0,90,0
0,0.92,2,0,0,1,0,0,0,1,1,18,0
0,0.92,0,0,0,1,0,0,2,2,0,30,0
0,0.92,0,0,0,0,0,19,2,0,1,134,0
1,0.624,2,1,1,0,0,3,1,0,5,86,0
37,0.8270000000000001,0,0,2,0,0,1,2,5,0,94,0
1,0.624,0,0,0,0,0,4,6,4,5,12,1
7,0.939,0,0,0,1,0,0,0,1,0,22,0
3,0.926,0,0,0,1,0,17,2,0,5,28,0
0,0.92,0,0,0,0,0,0,2,0,1,29,0
0,0.92,0,0,0,0,0,7,3,0,5,33,0
1,0.624,0,1,1,2,1,14,0,1,3,96,0
1,0.624,0,0,1,0,0,3,4,0,0,22,0
5,0.897,0,0,0,1,0,19,4,2,5,12,0
0,0.92,0,0,0,0,0,2,0,1,2,44,0
13,0.55,0,0,0,0,0,14,2,0,0,50,1
22,0.8959999999999999,0,0,0,0,0,15,0,1,4,244,0
31,0.579,0,0,0,3,1,1,4,0,5,39,0
3,0.926,0,0,0,0,2,20,0,1,3,96,0
3,0.926,0,0,0,1,0,0,3,0,1,109,0
48,0.698,0,0,0,2,1,6,0,1,0,27,0
29,0.89,0,0,0,2,1,19,6,4,1,46,0
73,0.764,0,1,1,2,1,5,0,1,0,104,0
0,0.92,0,0,0,0,6,10,0,1,1,174,1
0,0.92,0,0,2,0,0,19,1,2,0,7,1
1,0.624,1,1,1,0,0,3,1,2,0,26,1
3,0.926,0,1,1,0,0,8,7,3,0,32,0
25,0.743,1,0,1,0,0,5,8,0,6,8,0
1,0.624,1,1,1,2,1,3,5,5,3,44,0
0,0.92,0,0,0,0,0,19,5,0,1,101,0
1,0.624,0,0,0,0,0,4,7,2,4,58,1
11,0.887,0,0,0,0,0,3,4,1,0,168,1
4,0.92,1,1,0,5,1,2,0,1,3,26,0
7,0.939,0,0,0,0,0,17,7,0,0,17,0
0,0.92,0,0,0,0,0,0,2,0,1,38,1
3,0.926,0,0,0,0,0,6,5,0,0,70,0
19,0.893,0,0,0,1,0,20,6,0,0,21,0
31,0.579,1,1,1,0,0,0,0,1,3,214,0
6,0.855,0,0,1,0,0,4,5,1,5,30,0
0,0.92,0,0,1,4,3,17,8,0,1,28,0
1,0.624,0,0,0,0,0,7,2,0,3,17,0
3,0.926,0,1,1,1,0,4,0,1,0,16,0
1,0.624,0,1,0,0,0,2,3,0,0,13,0
4,0.92,0,1,0,0,4,18,0,1,1,61,0
2,0.91,1,1,0,5,1,1,0,1,3,105,0
0,0.92,1,0,0,4,0,15,2,2,0,113,0
10,0.754,1,0,0,0,0,0,1,0,1,134,0
0,0.92,0,0,0,0,0,7,3,0,0,38,0
4,0.92,2,0,0,0,0,8,0,1,2,55,1
58,0.698,0,1,1,2,1,3,0,1,6,51,0
1,0.624,0,0,0,0,0,7,5,0,0,7,0
4,0.92,0,1,1,0,0,11,0,1,0,48,1
5,0.897,0,0,2,0,0,3,8,0,0,31,0
43,0.5579999999999999,0,1,1,0,0,3,4,0,0,67,1
1,0.624,1,1,1,0,0,7,2,0,1,94,0
5,0.897,1,1,1,0,0,1,0,1,3,47,0
2,0.91,0,0,0,0,0,1,1,0,2,68,0
0,0.92,0,0,0,0,0,7,4,0,4,28,0
26,0.836,0,0,2,0,0,7,5,0,2,47,0
24,0.762,0,0,0,0,0,7,5,0,4,83,0
0,0.92,0,0,0,1,0,0,8,0,1,26,0
0,0.92,1,0,0,0,0,22,7,0,6,11,0
8,0.804,0,1,0,1,0,20,0,1,0,149,0
3,0.926,0,0,0,0,0,12,4,0,3,202,0
3,0.926,1,0,0,0,0,16,2,0,4,82,0
1,0.624,0,0,0,0,0,7,3,0,3,37,0
0,0.92,0,0,0,0,0,7,1,3,2,50,0
5,0.897,0,1,1,0,0,1,0,1,3,13,0
1,0.624,0,0,0,0,0,3,7,0,0,100,0
5,0.897,0,0,0,1,0,15,1,0,2,2,0
1,0.624,0,1,1,2,1,3,0,1,3,75,0
0,0.92,0,0,0,0,0,4,0,0,2,51,0
3,0.926,2,0,0,0,0,11,2,0,2,30,1
1,0.624,0,1,2,1,0,13,6,3,3,53,0
5,0.897,0,1,0,1,3,14,0,1,2,50,1
2,0.91,0,0,0,0,0,4,4,2,0,68,0
9,0.924,0,1,0,1,0,17,0,1,2,30,0
16,0.939,1,1,3,1,0,4,7,0,1,74,0
69,0.847,0,0,1,1,0,11,0,1,1,13,0
7,0.939,0,0,0,4,0,9,5,3,5,302,0
4,0.92,2,1,0,0,0,3,0,1,0,77,1
1,0.624,0,1,1,2,1,7,0,1,0,109,1
1,0.624,0,1,0,0,0,3,3,0,0,8,1
33,0.6890000000000001,0,0,2,0,0,2,0,1,0,18,1
14,0.698,0,0,2,2,1,16,0,1,4,31,0
5,0.897,0,0,0,1,0,20,2,2,1,91,0
4,0.92,1,1,1,0,0,3,0,0,3,31,0
41,0.794,0,0,0,0,0,8,7,0,2,11,0
18,0.802,0,0,0,0,0,12,8,0,1,130,1
0,0.92,1,1,1,0,0,14,0,1,2,336,1
0,0.92,1,0,0,0,2,0,0,1,1,42,1
10,0.754,0,0,2,2,1,6,0,0,2,3,1
45,0.925,0,0,0,0,0,1,1,2,0,22,0
3,0.926,0,0,0,0,0,2,1,0,0,45,0
8,0.804,0,0,0,0,0,0,8,0,1,12,0
4,0.92,1,0,0,0,0,12,5,0,1,80,0
15,0.913,0,0,0,0,0,8,4,0,0,35,0
2,0.91,0,1,0,4,0,7,0,1,0,163,0
0,0.92,0,1,1,0,0,5,1,0,0,48,0
0,0.92,0,1,0,0,0,0,0,1,0,11,0
24,0.762,0,0,1,1,0,10,7,3,2,110,0
18,0.802,0,1,1,0,0,2,0,1,3,134,0
27,0.682,0,0,0,0,0,0,3,0,1,24,0
41,0.794,0,0,0,1,0,18,2,0,1,10,0
1,0.624,0,1,2,1,0,10,2,0,3,9,0
1,0.624,0,1,0,0,0,14,0,1,3,128,1
0,0.92,0,0,0,0,2,0,0,1,0,107,0
19,0.893,0,0,0,0,0,1,6,4,0,27,0
2,0.91,0,0,0,2,1,0,3,0,0,44,0
102,0.735,1,1,0,0,0,2,6,4,3,28,0
4,0.92,2,0,0,0,0,4,2,0,4,57,0
4,0.92,0,1,0,0,0,4,3,0,1,25,0
36,0.527,0,0,0,0,0,2,0,1,0,40,1
3,0.926,0,0,2,0,0,11,4,4,2,26,0
107,0.78,0,0,0,0,0,4,2,0,2,165,0
0,0.92,0,0,0,0,2,15,0,1,0,32,1
5,0.897,0,1,0,4,0,6,6,0,0,18,0
0,0.92,0,0,0,0,0,9,0,1,5,136,1
44,0.7759999999999999,2,0,0,1,0,10,5,0,2,25,0
0,0.92,0,0,0,0,0,0,1,0,1,39,0
0,0.92,1,0,0,1,0,6,1,0,2,168,0
0,0.92,0,0,0,1,0,1,6,2,2,60,0
30,0.925,1,1,0,5,1,8,0,0,3,48,0
0,0.92,1,0,1,0,0,6,0,1,0,17,1
3,0.926,0,0,0,1,0,0,5,0,1,67,0
2,0.91,1,1,0,0,6,0,0,0,6,48,0
51,0.698,1,1,0,3,1,14,0,1,6,40,0
4,0.92,0,0,0,0,0,7,2,5,0,84,0
2,0.91,1,0,1,0,0,12,3,0,3,9,0
19,0.893,0,0,0,0,0,1,4,0,2,55,0
1,0.624,0,0,0,1,0,9,2,0,1,36,1
3,0.926,1,0,2,0,0,7,2,3,0,39,0
33,0.6890000000000001,0,0,2,0,0,4,6,4,0,106,0
0,0.92,0,1,0,5,1,2,0,1,3,30,0
13,0.55,0,0,0,0,0,2,8,3,2,29,1
34,0.915,0,0,0,0,0,0,2,5,2,23,0
3,0.926,1,1,3,3,1,9,0,1,0,86,0
3,0.926,0,0,0,1,2,0,6,0,4,26,1
1,0.624,2,1,0,0,5,14,2,2,0,36,0
1,0.624,0,0,0,0,0,14,1,0,0,31,0
5,0.897,0,1,1,1,0,3,0,1,0,32,1
0,0.92,0,1,0,5,1,6,0,1,0,94,0
0,0.92,0,0,0,0,0,0,5,5,1,74,0
1,0.624,0,0,0,1,0,1,1,0,2,46,1
0,0.92,1,0,0,0,0,20,7,0,1,94,0
4,0.92,0,0,0,0,0,6,4,0,2,160,0
32,0.866,0,0,0,0,0,6,2,0,2,10,0
5,0.897,0,0,1,0,0,7,4,4,2,132,0
2,0.91,0,0,0,1,0,11,1,0,4,68,0
0,0.92,0,0,0,0,0,7,2,0,2,24,0
0,0.92,0,0,0,0,0,18,4,2,2,36,0
30,0.925,1,0,0,0,0,19,5,0,6,42,0
95,0.921,0,0,0,0,0,6,4,0,1,200,0
1,0.624,0,0,0,0,3,7,3,0,4,45,1
19,0.893,0,0,0,0,0,6,7,0,0,19,0
3,0.926,1,0,0,1,0,15,5,0,4,15,0
24,0.762,0,0,0,0,0,15,3,0,2,53,0
3,0.926,0,0,0,1,0,0,1,0,1,31,0
12,0.884,0,0,0,0,0,21,0,1,5,65,0
0,0.92,0,1,1,0,0,3,0,1,0,8,0
60,0.83,0,0,0,0,0,10,4,0,2,16,0
29,0.89,0,1,0,2,1,2,6,0,0,39,0
9,0.924,0,0,0,0,0,0,6,0,1,100,0
24,0.762,0,0,2,1,0,19,0,1,0,31,1
2,0.91,0,0,0,0,0,10,4,0,2,94,0
19,0.893,0,0,0,1,0,18,2,0,1,7,0
62,0.7959999999999999,0,0,2,0,0,9,1,0,0,234,0
10,0.754,0,0,2,2,1,17,8,0,4,90,0
0,0.92,0,0,0,0,0,15,3,0,0,48,0
22,0.8959999999999999,0,0,0,4,0,0,0,1,1,47,0
25,0.743,0,0,0,0,3,2,2,0,5,113,0
2,0.91,0,0,0,0,0,5,2,0,0,53,0
30,0.925,0,0,0,1,0,7,7,0,2,43,0
14,0.698,1,0,0,0,0,17,0,1,0,37,0
33,0.6890000000000001,0,0,0,0,0,2,2,5,0,105,0
9,0.924,0,0,0,2,1,0,4,0,5,106,0
2,0.91,0,0,0,2,1,5,0,1,0,37,0
0,0.92,0,0,0,0,0,0,0,1,1,226,1
32,0.866,0,0,1,2,1,3,0,1,0,155,0
2,0.91,0,1,0,1,0,7,0,1,1,67,0
2,0.91,1,1,0,2,1,1,0,1,6,42,0
10,0.754,0,0,0,0,0,15,0,1,2,11,0
42,0.738,0,0,0,0,0,9,7,0,0,20,0
73,0.764,1,1,0,0,0,11,4,0,1,14,0
0,0.92,0,1,0,2,1,11,3,0,5,104,0
0,0.92,1,0,0,0,0,2,2,5,0,67,0
0,0.92,0,0,0,0,0,0,3,0,1,23,0
1,0.624,0,0,0,0,0,6,1,0,0,109,0
23,0.767,0,0,0,0,0,10,0,1,0,60,1
0,0.92,0,1,1,3,1,13,0,1,0,80,1
46,0.698,0,0,0,0,0,3,0,0,0,52,0
29,0.89,1,1,0,1,2,2,3,1,0,12,0
2,0.91,0,0,0,1,0,20,0,1,1,178,0
1,0.624,0,0,0,0,0,6,1,0,0,132,1
3,0.926,1,1,0,2,1,10,2,0,3,28,0
11,0.887,1,1,0,2,1,2,0,1,3,148,0
0,0.92,0,0,0,0,0,0,1,0,2,70,0
103,0.698,1,1,1,1,0,15,0,1,2,12,0
23,0.767,0,1,1,0,0,2,0,1,0,13,1
11,0.887,3,0,3,0,2,0,0,1,0,37,0
9,0.924,0,1,2,2,1,3,1,2,0,22,0
0,0.92,3,0,0,0,0,2,0,1,0,150,1
0,0.92,0,1,1,0,0,1,0,6,0,5,0
0,0.92,0,1,0,0,3,0,2,2,5,23,0
0,0.92,0,0,0,0,0,3,2,2,0,109,1
1,0.624,0,0,0,0,0,11,2,0,1,25,0
4,0.92,0,0,0,0,0,3,1,4,0,57,0
3,0.926,0,1,1,0,0,6,7,3,3,25,0
0,0.92,2,1,1,1,0,1,0,3,0,86,1
29,0.89,0,1,1,0,5,5,0,1,0,29,1
1,0.624,0,0,0,0,0,6,8,0,4,41,0
24,0.762,0,0,1,2,1,7,3,6,0,43,0
6,0.855,1,1,1,0,3,3,0,1,0,13,1
39,0.903,1,0,2,0,0,17,0,1,4,47,1
12,0.884,0,0,0,0,0,1,3,0,0,7,0
11,0.887,0,0,0,1,6,0,0,1,1,8,0
0,0.92,0,0,0,0,0,0,5,0,4,69,0
9,0.924,0,0,0,0,0,7,4,1,4,158,0
14,0.698,0,0,0,0,0,18,1,3,1,20,0
4,0.92,1,1,0,5,1,14,0,1,3,53,0
9,0.924,0,0,0,0,3,0,0,1,0,69,0
1,0.624,0,0,0,1,0,7,2,0,1,96,1
1,0.624,2,0,0,0,0,6,2,0,1,126,0
20,0.878,0,0,0,1,0,18,2,0,1,17,0
13,0.55,1,0,0,0,0,6,1,0,0,81,0
1,0.624,0,0,3,0,0,3,4,4,0,21,1
45,0.925,0,0,0,0,0,4,1,0,0,270,1
2,0.91,0,0,1,0,0,12,2,0,2,40,0
1,0.624,0,0,0,0,0,3,1,0,0,107,0
4,0.92,0,0,1,0,0,4,3,0,2,18,0
11,0.887,0,1,1,0,0,2,0,1,0,52,1
23,0.767,1,0,0,1,0,10,0,1,1,46,1
0,0.92,0,1,0,1,0,13,0,1,0,28,1
1,0.624,2,1,0,1,0,14,4,0,0,6,1
0,0.92,0,0,0,0,0,9,1,2,2,19,0
33,0.6890000000000001,0,1,0,0,0,1,6,0,0,61,0
0,0.92,0,1,0,2,1,2,0,1,2,14,0
4,0.92,1,0,0,0,0,0,6,0,2,15,0
12,0.884,0,0,0,1,0,10,1,3,0,46,0
2,0.91,0,0,0,2,1,0,0,1,0,70,1
3,0.926,0,0,0,2,1,12,1,0,5,84,0
0,0.92,2,0,0,4,0,7,1,2,0,52,0
1,0.624,1,0,0,0,0,9,1,2,0,46,0
13,0.55,0,1,1,0,2,14,0,1,3,43,0
78,0.795,0,0,0,0,0,18,2,0,2,21,0
1,0.624,0,0,3,0,0,2,0,1,0,16,0
1,0.624,0,1,1,2,1,5,0,1,3,28,1
43,0.5579999999999999,1,0,0,0,0,1,4,4,6,141,0
0,0.92,0,0,0,0,0,4,5,5,0,21,0
1,0.624,1,0,0,0,0,9,3,0,1,53,1
28,0.6659999999999999,0,0,0,3,1,6,4,0,0,122,0
0,0.92,0,0,0,0,0,0,1,3,5,110,1
0,0.92,0,0,0,0,0,8,7,0,0,57,0
32,0.866,0,0,0,0,3,0,0,1,1,104,0
1,0.624,0,0,1,0,0,8,0,1,1,23,0
0,0.92,1,1,0,0,0,7,4,0,1,36,1
0,0.92,0,0,0,0,0,7,7,0,0,50,0
0,0.92,0,0,0,0,0,6,1,0,2,100,0
2,0.91,1,1,0,0,0,2,1,0,0,52,0
0,0.92,0,1,1,0,0,6,0,0,3,28,0
3,0.926,0,1,0,1,2,0,3,0,1,45,0
2,0.91,0,1,0,1,0,0,0,1,5,156,0
3,0.926,1,1,0,1,0,0,0,1,1,11,0
1,0.624,1,1,1,1,0,2,0,1,3,43,1
0,0.92,0,0,0,0,0,7,4,4,2,206,0
11,0.887,0,0,0,1,0,7,1,0,0,155,0
1,0.624,1,1,0,3,1,2,0,1,3,23,0
1,0.624,0,0,0,1,0,9,1,0,0,43,1
10,0.754,1,0,0,0,0,0,0,3,4,22,0
11,0.887,0,0,0,0,0,0,1,0,4,80,0
23,0.767,0,0,0,0,2,0,2,0,1,26,1
0,0.92,1,1,3,3,1,14,0,1,6,43,0
1,0.624,1,1,0,0,0,14,3,0,0,88,1
0,0.92,2,1,0,4,2,0,5,5,4,214,1
10,0.754,0,0,2,1,0,12,3,3,2,288,0
8,0.804,0,0,0,1,0,0,7,0,0,21,0
3,0.926,0,1,1,0,0,4,6,0,0,144,0
5,0.897,2,0,0,1,0,6,5,0,0,34,0
2,0.91,0,0,0,0,0,0,7,2,2,23,0
2,0.91,0,0,0,1,0,11,3,0,5,20,0
8,0.804,0,0,1,2,1,1,2,0,0,79,0
0,0.92,3,0,0,0,0,14,0,1,2,55,1
7,0.939,0,0,0,0,0,0,6,0,0,23,0
7,0.939,3,1,0,0,3,0,0,1,1,13,0
1,0.624,0,0,0,0,0,18,1,0,0,92,0
1,0.624,0,0,0,0,0,1,4,0,3,24,1
5,0.897,0,0,0,1,0,6,4,0,2,64,0
21,0.923,0,0,0,0,0,12,5,0,5,330,0
21,0.923,0,0,0,0,0,11,1,2,2,152,0
3,0.926,0,0,0,0,0,1,3,0,3,106,0
3,0.926,1,0,0,0,0,17,2,0,0,48,0
0,0.92,0,0,0,0,0,10,2,0,4,10,0
73,0.764,0,0,1,0,0,2,4,0,2,12,0
3,0.926,0,0,0,2,1,10,3,0,0,39,0
0,0.92,0,0,0,0,0,21,0,1,2,30,1
4,0.92,0,1,0,0,0,0,2,5,0,7,0
18,0.802,0,1,3,2,1,3,0,0,3,102,0
1,0.624,1,0,0,1,0,14,2,0,0,53,0
54,0.8270000000000001,0,0,0,0,0,0,8,0,1,16,0
0,0.92,0,0,0,0,0,8,3,0,0,168,0
0,0.92,0,0,0,0,2,17,1,0,0,326,0
1,0.624,1,1,0,0,3,2,0,3,6,152,1
21,0.923,0,0,0,1,2,1,1,0,2,80,0
2,0.91,0,1,0,2,1,1,3,0,0,198,0
0,0.92,0,0,0,1,0,7,7,0,2,20,0
6,0.855,0,1,0,1,0,0,4,2,1,78,0
1,0.624,0,0,0,0,0,3,7,0,0,20,0
35,0.843,2,1,1,2,1,3,0,1,3,37,0
20,0.878,0,0,0,2,1,3,2,0,0,5,0
30,0.925,0,0,0,1,0,15,5,0,2,8,0
104,0.698,1,1,0,0,0,5,0,1,3,13,0
0,0.92,0,1,0,0,3,15,0,1,1,74,1
3,0.926,2,1,2,0,0,10,1,0,5,34,0
0,0.92,1,0,3,3,1,7,6,2,5,14,0
50,0.727,0,0,0,1,0,0,0,1,0,88,1
0,0.92,0,1,0,0,2,1,5,3,2,37,0
0,0.92,0,0,0,0,0,8,3,5,0,12,0
25,0.743,0,0,2,0,0,1,1,1,0,72,0
63,0.84,1,0,0,0,0,3,2,3,6,8,0
83,0.847,1,0,0,3,1,0,7,1,3,96,0
2,0.91,0,0,0,0,0,17,0,1,0,63,0
4,0.92,0,0,0,0,0,15,1,2,0,64,0
25,0.743,1,1,1,1,0,4,4,0,2,79,0
13,0.55,0,0,0,0,0,4,1,0,0,24,0
27,0.682,0,0,1,0,0,9,4,0,0,47,0
0,0.92,0,0,0,1,0,0,0,1,2,20,1
2,0.91,0,1,0,4,0,1,5,3,0,128,0
1,0.624,1,0,0,0,0,1,0,1,0,18,1
2,0.91,0,0,0,0,0,7,1,0,5,44,0
11,0.887,0,1,1,0,6,2,0,1,3,22,0
12,0.884,0,1,1,1,0,12,2,3,5,96,0
0,0.92,0,0,0,0,0,20,0,1,2,36,0
6,0.855,2,0,0,0,0,11,5,0,1,52,0
3,0.926,2,0,2,2,1,13,2,0,0,35,0
0,0.92,0,0,0,0,0,0,5,5,1,20,0
70,0.74,0,1,0,0,6,14,5,0,0,22,1
0,0.92,0,0,0,0,0,18,0,1,0,56,1
0,0.92,0,0,0,0,0,19,3,0,1,107,0
3,0.926,0,0,0,2,1,4,2,0,1,52,0
1,0.624,1,1,1,0,0,3,2,0,0,50,1
61,0.579,1,1,0,2,1,5,0,1,0,20,1
1,0.624,0,0,0,0,6,1,4,0,5,6,1
4,0.92,1,0,0,0,0,11,3,0,1,122,1
6,0.855,2,1,1,4,0,12,5,3,2,140,0
0,0.92,0,0,2,1,0,16,2,0,5,13,0
1,0.624,0,0,0,0,0,1,6,4,0,28,1
0,0.92,1,0,0,0,3,18,0,1,0,24,1
0,0.92,0,0,0,0,0,16,7,6,0,58,1
21,0.923,0,0,0,0,0,17,2,1,0,10,0
3,0.926,0,1,1,1,0,11,4,3,0,11,0
5,0.897,0,0,0,1,0,0,1,0,1,133,0
0,0.92,0,0,0,0,0,12,0,1,1,192,1
0,0.92,0,0,0,1,2,1,1,2,0,129,0
1,0.624,0,0,0,0,0,1,1,0,0,7,1
7,0.939,0,1,2,2,1,3,0,3,2,57,0
3,0.926,0,1,1,0,0,8,0,1,3,75,1
4,0.92,0,1,1,0,0,3,0,0,3,18,1
2,0.91,0,0,0,0,0,19,3,3,0,18,0
32,0.866,0,0,0,4,0,21,3,0,1,61,0
4,0.92,1,1,1,2,1,14,0,1,0,42,0
60,0.83,0,0,0,5,1,16,2,0,0,43,0
58,0.698,0,1,1,0,0,1,0,1,0,136,1
3,0.926,0,0,0,1,0,0,0,1,2,128,0
44,0.7759999999999999,1,0,2,0,0,2,7,0,0,44,0
4,0.92,0,0,0,0,0,16,4,2,2,56,0
11,0.887,0,0,0,0,0,7,1,0,4,106,0
13,0.55,1,1,0,0,0,1,1,3,4,19,1
39,0.903,0,0,0,0,0,0,4,0,0,35,0
5,0.897,0,1,0,4,0,0,7,3,1,22,0
1,0.624,1,1,1,0,0,9,2,0,2,192,1
3,0.926,1,0,0,0,0,15,5,1,2,60,0
0,0.92,0,0,0,0,5,20,8,0,1,109,0
10,0.754,0,0,2,2,1,2,0,1,0,57,0
1,0.624,1,1,1,0,0,14,6,0,0,17,1
60,0.83,0,0,0,3,1,9,1,0,1,25,0
24,0.762,1,0,0,0,0,1,2,0,0,162,0
2,0.91,1,0,0,0,0,8,1,0,6,17,0
0,0.92,1,0,0,0,0,4,2,1,0,27,0
2,0.91,0,0,0,1,2,14,1,0,0,140,0
6,0.855,2,0,2,0,0,6,3,0,0,41,0
9,0.924,0,0,0,4,2,0,0,1,0,62,0
7,0.939,0,0,0,0,0,15,4,0,2,24,0
5,0.897,1,1,1,0,1,3,0,1,3,37,0
0,0.92,0,0,0,0,0,8,1,0,2,95,0
5,0.897,0,0,0,0,0,0,4,0,0,21,0
4,0.92,2,0,1,0,0,2,8,0,0,7,0
1,0.624,0,0,0,0,0,7,3,0,2,108,0
1,0.624,0,0,1,0,0,1,3,0,0,12,1
17,0.899,0,0,2,0,0,9,4,4,0,19,0
2,0.91,0,0,0,1,0,0,3,0,3,29,0
18,0.802,2,0,0,1,0,5,5,0,0,108,0
1,0.624,1,0,1,1,0,1,0,1,0,31,0
5,0.897,1,1,2,0,0,2,3,3,6,20,1
0,0.92,1,0,0,1,2,5,6,3,0,17,0
0,0.92,1,0,0,4,0,18,1,0,0,336,0
4,0.92,0,1,0,2,1,13,0,0,3,40,0
31,0.579,0,0,1,0,0,13,0,1,0,23,0
0,0.92,0,1,1,0,0,3,1,0,5,8,1
8,0.804,0,1,1,3,1,9,7,0,1,76,0
0,0.92,0,0,0,0,0,11,3,0,0,104,0
10,0.754,0,1,1,2,1,1,0,1,3,124,1
1,0.624,1,0,3,0,0,5,0,1,2,43,1
0,0.92,0,0,0,1,0,0,3,0,1,38,0
0,0.92,0,0,0,0,5,19,2,3,1,149,0
1,0.624,1,0,0,0,0,3,3,0,5,57,1
2,0.91,1,0,0,0,0,7,2,0,0,82,0
0,0.92,0,1,0,0,0,0,0,1,1,86,1
3,0.926,0,0,2,3,1,0,0,1,3,52,0
10,0.754,0,0,2,2,1,1,4,2,2,57,0
2,0.91,0,0,0,0,2,0,0,1,1,46,0
1,0.624,0,1,1,1,0,2,0,1,0,24,1
2,0.91,0,1,0,0,0,0,0,1,5,27,1
70,0.74,1,0,0,0,0,7,5,0,1,242,0
0,0.92,0,0,0,0,0,3,3,6,0,83,0
2,0.91,0,0,0,0,0,5,3,0,2,155,0
2,0.91,0,0,0,0,2,7,3,0,5,29,0
3,0.926,1,0,1,2,1,1,2,0,3,278,0
20,0.878,1,0,2,1,0,0,6,0,3,48,0
2,0.91,0,1,0,2,1,5,0,1,3,12,0
105,0.7879999999999999,0,0,0,0,0,1,4,0,2,222,0
4,0.92,0,0,0,0,0,2,2,0,0,57,0
2,0.91,0,0,0,4,0,0,2,0,2,27,0
1,0.624,0,0,0,1,0,6,2,0,4,104,1
0,0.92,3,1,0,5,1,2,0,1,3,5,0
0,0.92,1,1,0,5,1,14,0,1,3,73,0
4,0.92,0,0,0,0,0,0,7,0,4,16,0
17,0.899,0,0,1,0,0,8,1,2,0,42,0
18,0.802,1,0,0,0,0,9,7,0,0,4,0
1,0.624,1,0,0,1,0,12,1,0,4,44,1
3,0.926,0,0,0,0,0,0,4,0,1,21,0
74,0.698,0,1,1,0,0,13,0,1,0,81,1
59,0.74,0,0,0,0,0,0,2,0,5,65,0
42,0.738,0,0,1,0,0,3,2,0,0,55,1
12,0.884,0,0,0,4,0,0,4,2,1,58,0
1,0.624,0,0,0,0,0,14,1,0,0,109,1
4,0.92,0,0,0,1,0,0,2,0,1,29,0
31,0.579,0,0,1,0,0,1,2,0,0,3,0
15,0.913,0,0,0,0,0,11,2,2,0,16,0
1,0.624,1,1,1,2,1,14,0,1,6,40,0
0,0.92,1,1,0,0,4,11,8,0,0,10,0
0,0.92,0,0,0,0,0,1,2,3,1,164,1
1,0.624,0,0,1,1,0,3,1,0,0,15,1
5,0.897,0,0,0,1,0,3,6,4,3,42,0
0,0.92,1,0,2,0,0,8,5,5,6,136,1
24,0.762,0,1,2,0,0,7,0,0,3,20,0
1,0.624,1,1,0,1,0,16,6,4,3,306,0
0,0.92,2,0,0,0,0,3,3,6,0,134,0
1,0.624,0,0,1,0,0,4,1,0,5,60,0
5,0.897,1,0,0,1,0,11,1,0,1,308,0
2,0.91,0,0,0,1,0,0,2,0,0,21,0
64,0.479,1,1,3,0,0,3,1,0,6,23,1
13,0.55,1,0,0,1,0,8,2,0,1,18,0
46,0.698,0,0,0,0,0,4,1,0,0,20,0
2,0.91,0,0,0,0,0,9,5,0,0,32,0
2,0.91,0,1,1,0,0,5,3,0,0,48,0
3,0.926,0,0,0,1,0,0,6,0,1,8,0
4,0.92,0,0,0,2,1,0,2,0,1,21,1
21,0.923,0,0,0,0,0,0,2,2,5,100,0
2,0.91,0,0,0,0,0,0,1,2,0,51,0
9,0.924,0,0,0,0,0,15,1,0,0,133,0
2,0.91,1,0,0,2,1,0,1,0,1,8,0
54,0.8270000000000001,1,0,0,1,0,2,6,2,2,26,0
4,0.92,1,1,3,0,0,2,0,1,6,312,1
0,0.92,2,0,0,0,0,17,2,0,0,7,0
0,0.92,0,0,0,1,0,0,3,0,1,40,0
21,0.923,0,1,0,1,6,10,5,0,1,44,0
18,0.802,1,0,0,0,0,20,5,0,1,20,0
7,0.939,0,0,0,2,1,19,5,0,1,178,0
50,0.727,0,0,0,0,0,6,6,2,2,56,0
15,0.913,0,0,0,0,0,9,8,0,0,141,0
12,0.884,0,1,1,0,0,2,0,1,0,51,1
0,0.92,0,0,0,0,0,0,2,0,1,57,0
84,0.556,0,0,1,0,0,4,1,0,0,32,1
0,0.92,0,1,1,0,0,1,0,1,3,98,0
11,0.887,1,0,2,2,1,4,3,3,0,91,1
7,0.939,0,0,0,4,0,12,0,1,0,158,0
1,0.624,1,0,0,1,0,9,4,2,0,61,0
1,0.624,0,0,0,1,0,0,5,0,2,56,1
0,0.92,0,0,0,1,0,0,3,0,1,10,0
4,0.92,0,0,0,1,0,12,2,1,1,77,0
2,0.91,0,0,0,0,2,3,4,0,0,76,0
0,0.92,0,0,0,0,0,6,0,3,2,107,1
2,0.91,0,0,0,0,0,11,4,0,0,14,0
53,0.7659999999999999,0,0,0,0,0,3,1,0,0,9,0
2,0.91,0,0,0,1,0,6,3,0,1,50,1
0,0.92,0,0,0,0,0,0,4,0,3,31,0
1,0.624,0,1,0,0,6,2,1,4,0,74,1
9,0.924,0,1,1,0,0,5,0,1,0,39,1
5,0.897,1,0,0,1,3,21,3,0,0,70,0
46,0.698,1,1,1,2,1,5,0,1,6,15,1
50,0.727,1,0,2,1,0,9,2,0,1,11,0
17,0.899,1,0,3,0,4,5,0,1,0,28,0
20,0.878,1,1,0,1,2,13,6,0,0,98,0
0,0.92,2,0,0,0,3,5,3,3,0,43,1
84,0.556,1,0,3,0,0,3,1,0,0,50,1
1,0.624,0,0,1,1,0,9,5,0,0,149,0
32,0.866,1,0,0,1,0,2,1,0,0,3,0
27,0.682,1,0,0,0,0,16,1,4,1,25,1
31,0.579,0,0,0,0,0,12,2,4,0,19,1
1,0.624,1,0,0,1,0,11,0,1,0,52,0
4,0.92,0,0,0,0,0,4,2,0,0,100,0
1,0.624,1,1,1,3,1,5,0,1,3,61,0
8,0.804,0,0,0,1,0,7,1,0,0,76,0
0,0.92,0,1,0,3,1,13,0,1,3,25,0
2,0.91,0,0,3,3,1,20,0,1,1,56,1
4,0.92,0,0,1,0,0,21,4,0,0,334,0
1,0.624,0,0,0,1,0,4,4,0,2,26,0
7,0.939,0,0,0,0,0,7,1,0,4,7,0
2,0.91,0,0,0,2,1,7,6,0,1,53,1
9,0.924,0,0,0,0,0,4,4,2,5,150,0
0,0.92,2,0,0,0,0,0,3,0,0,98,0
4,0.92,0,1,1,0,4,0,7,6,1,10,0
0,0.92,0,1,0,5,1,5,0,1,2,36,1
1,0.624,0,1,0,2,1,2,0,1,0,28,1
1,0.624,1,1,1,2,1,3,0,1,3,58,0
3,0.926,1,1,0,1,3,10,2,0,4,42,0
2,0.91,1,0,1,0,3,9,0,1,0,6,0
0,0.92,0,0,0,4,0,0,3,3,2,80,0
9,0.924,0,0,0,0,0,0,3,0,1,37,0
55,0.848,0,0,1,2,1,2,1,4,2,78,0
0,0.92,0,0,0,0,0,0,5,0,1,116,0
1,0.624,0,1,1,2,1,1,0,1,3,132,1
1,0.624,0,0,1,0,0,2,4,4,0,10,0
13,0.55,0,0,0,0,0,9,1,0,0,196,1
59,0.74,2,1,0,0,0,4,3,0,0,40,0
10,0.754,1,1,1,2,1,5,0,1,2,41,0
4,0.92,0,0,0,0,2,0,4,4,1,64,0
1,0.624,0,1,0,0,0,5,0,1,0,66,0
9,0.924,2,0,0,0,2,11,5,0,4,26,0
48,0.698,0,0,0,1,0,12,5,0,1,29,1
65,0.698,1,0,0,0,0,2,2,0,3,44,0
7,0.939,0,0,0,0,0,11,6,0,1,21,0
5,0.897,0,0,0,1,0,7,5,1,0,31,0
63,0.84,1,0,0,0,0,10,1,0,5,15,0
3,0.926,1,0,0,2,1,1,6,2,2,210,0
56,0.691,1,0,1,0,0,3,4,0,0,91,0
3,0.926,2,0,0,0,0,10,6,2,0,53,1
44,0.7759999999999999,0,0,0,0,0,0,4,0,0,15,0
0,0.92,2,0,0,0,5,2,5,0,0,52,0
1,0.624,1,0,1,0,0,2,1,1,6,21,1
24,0.762,1,0,0,0,0,5,3,0,0,78,0
0,0.92,0,0,0,1,0,8,5,0,2,139,0
21,0.923,0,0,0,1,3,20,3,1,0,44,0
1,0.624,1,0,0,0,0,6,2,0,0,78,0
4,0.92,0,0,0,0,0,6,4,0,2,112,0
1,0.624,0,0,1,0,0,4,0,1,0,144,0
31,0.579,0,1,2,0,4,13,0,1,0,104,1
26,0.836,0,0,1,2,1,8,1,0,0,58,0
5,0.897,0,0,0,1,0,21,2,0,5,26,0
1,0.624,0,0,0,0,0,3,2,2,2,78,1
47,0.555,0,0,0,0,5,5,2,4,0,20,0
1,0.624,1,1,1,0,0,14,0,1,3,308,1
32,0.866,0,0,0,1,0,0,5,0,1,15,0
0,0.92,1,0,0,1,0,3,7,0,0,50,0
0,0.92,0,0,0,0,0,0,1,2,0,76,0
29,0.89,0,0,0,0,0,0,2,0,1,80,0
2,0.91,0,0,0,0,0,0,0,1,2,24,0
6,0.855,1,0,0,0,0,11,5,0,2,81,1
2,0.91,0,1,0,0,6,13,3,0,3,16,0
1,0.624,1,0,0,0,0,14,4,0,0,26,1
26,0.836,0,0,0,0,0,15,2,0,4,39,1
7,0.939,0,0,0,4,0,12,6,4,0,117,0
2,0.91,0,0,0,0,0,0,1,0,1,135,0
1,0.624,1,0,0,1,0,16,0,1,0,135,0
55,0.848,0,0,0,0,0,10,2,0,5,85,0
2,0.91,0,0,0,2,1,9,0,1,0,65,0
12,0.884,1,1,0,1,0,9,1,0,0,55,0
17,0.899,0,0,0,0,0,0,2,2,0,33,0
16,0.939,0,0,0,1,0,4,2,0,0,96,0
1,0.624,0,1,1,0,0,5,0,1,3,100,0
2,0.91,1,0,0,0,0,18,0,1,0,43,0
1,0.624,1,0,1,2,1,4,1,0,0,92,1
3,0.926,0,0,0,2,1,18,2,0,2,28,0
0,0.92,0,1,1,0,0,4,2,5,1,89,0
9,0.924,0,0,0,0,0,8,1,0,3,8,0
16,0.939,0,1,0,2,1,5,2,6,2,16,0
11,0.887,0,0,0,0,0,5,7,0,2,17,0
1,0.624,1,1,1,2,1,2,0,1,0,12,0
1,0.624,0,0,0,0,0,7,1,0,0,46,1
0,0.92,0,0,0,0,0,0,0,1,2,125,0
47,0.555,1,0,0,0,0,2,5,0,0,33,1
0,0.92,0,1,0,1,0,20,3,0,1,43,1
1,0.624,0,0,0,0,0,3,2,0,0,76,1
12,0.884,0,0,0,0,0,21,4,1,0,155,1
28,0.6659999999999999,1,0,0,0,0,8,4,0,0,107,0
28,0.6659999999999999,0,1,1,2,1,5,0,1,3,44,1
21,0.923,0,1,0,2,1,2,0,1,3,41,0
0,0.92,1,1,0,0,0,8,0,1,2,43,0
4,0.92,1,1,1,2,1,2,0,1,3,17,0
1,0.624,0,0,0,0,0,1,1,0,0,40,1
0,0.92,1,0,0,1,0,0,1,5,4,22,0
0,0.92,1,0,0,0,5,0,3,0,1,54,0
17,0.899,2,0,2,0,0,1,3,0,5,69,0
104,0.698,0,0,0,0,3,10,0,1,1,31,1
9,0.924,3,0,1,2,1,2,6,0,0,8,0
10,0.754,0,0,0,1,0,12,3,0,2,14,0
2,0.91,0,0,0,0,0,0,2,0,1,162,0
2,0.91,0,0,0,0,0,7,6,0,0,140,0
12,0.884,0,0,2,0,0,8,4,0,5,65,0
1,0.624,0,1,0,0,0,7,8,0,0,184,1
1,0.624,1,0,1,0,0,11,7,0,5,53,1
0,0.92,0,0,0,0,2,0,3,0,1,127,0
12,0.884,0,0,0,0,0,10,7,0,1,70,0
19,0.893,0,0,2,0,0,8,6,0,0,113,0
8,0.804,1,0,1,0,0,12,1,3,2,46,0
45,0.925,0,1,1,2,1,6,0,0,3,47,0
4,0.92,0,0,0,0,0,9,1,1,2,8,0
0,0.92,0,1,2,0,0,19,3,0,1,21,0
0,0.92,0,1,0,0,0,7,2,0,0,43,0
47,0.555,0,1,0,1,0,3,2,0,0,336,1
32,0.866,0,0,0,1,0,0,1,1,1,54,0
1,0.624,2,0,3,1,0,6,1,0,0,12,1
17,0.899,0,0,0,1,0,16,2,1,0,152,0
21,0.923,0,0,0,1,0,0,0,1,0,13,0
5,0.897,0,0,2,0,0,6,2,4,0,46,0
0,0.92,0,1,0,4,0,0,0,1,1,24,0
0,0.92,0,1,1,0,2,3,5,5,0,19,0
1,0.624,2,0,0,1,0,10,0,1,0,82,1
56,0.691,0,1,0,0,0,11,0,1,4,4,0
48,0.698,0,0,1,1,0,3,1,3,2,45,0
7,0.939,0,0,0,1,0,12,3,0,0,82,0
5,0.897,0,0,0,1,0,0,3,0,1,98,0
65,0.698,0,0,0,1,0,10,1,0,0,4,0
0,0.92,0,0,0,0,0,9,2,2,2,10,1
35,0.843,1,0,0,0,0,18,1,2,0,70,1
19,0.893,0,0,0,0,0,21,2,3,0,96,0
112,0.693,0,0,0,0,0,6,6,0,5,4,0
10,0.754,0,0,2,1,0,11,7,3,0,2,1
0,0.92,0,0,0,0,2,2,2,0,0,114,0
3,0.926,3,1,1,1,0,0,0,1,2,50,0
0,0.92,1,0,0,1,0,0,5,0,1,35,0
0,0.92,0,0,0,0,0,10,7,5,0,226,0
52,0.698,0,0,0,1,0,21,1,0,2,132,0
2,0.91,0,0,0,0,4,16,2,0,4,10,0
1,0.624,1,0,0,0,0,1,0,1,0,109,1
4,0.92,0,0,0,0,3,3,6,2,0,60,0
4,0.92,0,1,2,0,0,3,0,1,0,322,1
0,0.92,0,0,0,0,0,10,2,0,2,62,0
0,0.92,0,0,1,0,0,2,2,0,0,33,0
108,0.518,0,0,2,1,0,14,0,1,2,14,1
0,0.92,1,0,1,0,0,2,2,1,6,78,1
3,0.926,0,0,0,0,0,7,1,0,2,61,0
16,0.939,0,1,1,0,0,4,7,3,0,10,0
1,0.624,1,0,1,1,0,13,0,1,0,52,0
0,0.92,0,0,0,1,0,21,8,0,1,11,0
52,0.698,0,1,1,0,0,5,0,1,0,107,1
40,0.949,1,0,0,1,0,8,5,3,0,50,0
4,0.92,0,1,1,0,0,3,0,1,3,54,1
67,0.722,0,1,1,2,1,5,7,0,3,28,0
32,0.866,0,0,0,0,0,12,2,2,0,10,0
11,0.887,0,0,2,0,0,0,0,1,0,94,1
1,0.624,1,0,0,0,0,1,5,0,0,123,0
0,0.92,0,0,0,1,0,18,0,1,5,11,1
0,0.92,0,0,1,2,1,1,0,1,0,54,0
0,0.92,0,0,0,1,0,0,2,0,1,19,0
18,0.802,0,0,0,0,0,9,0,0,3,18,1
1,0.624,3,0,1,0,0,13,0,1,0,39,1
25,0.743,1,1,0,1,0,6,0,0,0,30,0
39,0.903,0,0,0,0,0,19,1,0,5,160,0
5,0.897,0,1,2,0,0,3,0,1,0,78,1
0,0.92,0,0,0,0,0,0,3,0,1,143,0
3,0.926,0,0,0,2,1,19,5,0,1,122,0
8,0.804,0,0,0,0,2,0,0,1,0,160,0
2,0.91,1,1,1,0,0,8,0,1,0,22,0
0,0.92,1,1,2,0,4,14,1,0,0,15,0
25,0.743,0,0,1,2,1,7,5,0,0,50,0
18,0.802,0,0,0,0,0,16,2,0,1,47,0
9,0.924,0,0,0,4,0,16,6,2,0,51,0
4,0.92,0,0,0,0,0,9,1,0,1,94,0
21,0.923,1,0,0,0,0,1,3,0,2,17,0
20,0.878,1,0,0,2,1,7,0,1,2,66,1
0,0.92,0,0,0,0,5,12,0,1,4,178,1
2,0.91,0,0,0,1,0,15,4,0,2,170,0
14,0.698,0,0,0,0,0,17,6,2,0,308,1
0,0.92,0,0,0,0,0,0,4,0,1,43,0
34,0.915,0,0,0,1,0,0,6,0,0,104,0
19,0.893,0,1,0,1,0,9,1,5,2,68,0
0,0.92,0,0,0,0,6,19,5,0,1,34,0
1,0.624,0,1,0,3,1,3,0,0,3,218,0
1,0.624,0,0,0,0,0,9,5,0,0,48,1
0,0.92,0,0,0,1,0,0,1,0,5,69,0
4,0.92,0,0,0,0,0,0,2,0,1,20,0
0,0.92,0,0,0,3,1,0,7,0,1,6,0
34,0.915,0,0,0,0,5,2,4,0,0,322,0
0,0.92,2,1,0,0,5,13,0,1,0,48,1
16,0.939,0,0,0,1,0,8,3,0,2,54,0
14,0.698,1,1,0,0,0,8,2,0,5,13,0
56,0.691,0,0,0,0,0,6,0,1,0,96,0
54,0.8270000000000001,0,0,0,1,0,18,2,0,1,102,0
33,0.6890000000000001,0,1,0,0,0,16,6,3,0,117,0
0,0.92,0,1,0,0,0,14,3,0,0,151,1
0,0.92,0,0,1,1,0,16,0,1,2,74,1
1,0.624,0,1,1,2,1,2,6,2,3,109,0
3,0.926,0,0,0,1,0,0,0,1,1,46,0
94,0.898,0,1,0,1,0,9,5,0,2,113,0
2,0.91,1,0,0,1,0,2,0,1,0,18,0
1,0.624,0,0,0,0,0,6,2,0,2,162,1
49,0.789,0,0,0,0,0,8,3,0,0,2,0
27,0.682,0,1,1,0,0,6,0,0,3,21,1
1,0.624,0,0,2,0,0,13,6,0,0,35,1
0,0.92,0,1,0,0,3,11,0,1,1,74,0
14,0.698,0,0,0,1,0,4,6,0,0,46,0
16,0.939,1,1,0,4,0,4,0,3,6,13,0
0,0.92,0,1,1,2,1,6,0,1,0,206,0
2,0.91,0,0,0,0,0,0,4,0,2,6,0
0,0.92,0,0,0,0,0,0,0,1,2,6,1
15,0.913,0,1,0,2,1,15,7,3,1,60,0
3,0.926,0,0,0,1,0,0,4,0,1,56,0
9,0.924,0,0,0,0,0,10,2,0,1,17,0
2,0.91,1,0,0,0,0,12,0,0,0,45,0
27,0.682,2,1,1,0,6,13,0,1,3,140,1
42,0.738,1,0,0,0,0,0,2,2,4,54,0
35,0.843,1,1,1,0,0,2,0,0,3,27,0
32,0.866,1,1,0,0,0,17,1,5,2,65,0
2,0.91,0,1,1,1,2,0,0,1,5,94,0
7,0.939,0,0,0,0,0,0,0,1,1,8,1
1,0.624,0,0,2,0,0,6,2,0,2,17,0
50,0.727,0,0,0,1,0,16,5,0,1,17,0
36,0.527,0,1,1,2,1,14,2,5,2,57,1
15,0.913,0,0,0,0,6,0,2,0,0,39,0
9,0.924,0,1,0,1,0,11,2,1,0,8,0
0,0.92,0,0,0,0,0,8,2,0,2,31,0
1,0.624,0,0,0,0,0,8,7,0,4,144,1
1,0.624,1,0,2,0,0,1,2,0,2,13,1
0,0.92,2,0,0,1,0,9,3,0,4,52,0
4,0.92,0,1,0,0,0,9,0,3,0,56,1
0,0.92,1,0,0,1,0,0,2,6,1,42,0
4,0.92,0,0,0,0,0,0,7,3,1,94,0
0,0.92,0,1,1,2,1,2,0,1,4,35,1
0,0.92,0,0,0,1,0,0,3,3,1,67,0
19,0.893,1,0,2,0,0,7,1,0,5,54,0
65,0.698,0,1,1,0,0,2,0,0,3,24,1
0,0.92,0,0,0,5,1,9,1,1,3,66,0
0,0.92,0,1,3,2,1,13,0,1,3,61,1
0,0.92,0,0,0,0,0,19,1,0,1,19,0
3,0.926,0,1,1,0,0,4,0,1,3,63,0
5,0.897,0,1,2,1,0,3,1,1,3,104,0
1,0.624,0,0,0,1,0,9,2,0,0,72,0
32,0.866,0,0,2,0,0,2,1,1,0,33,0
16,0.939,1,1,3,0,0,7,5,1,0,22,0
71,0.698,0,0,0,0,0,6,6,0,0,40,0
1,0.624,0,1,0,5,1,14,0,1,3,56,1
68,0.763,1,0,0,0,0,4,1,0,3,76,1
15,0.913,0,0,0,2,1,9,2,0,0,116,0
0,0.92,0,0,0,1,0,0,1,0,2,28,0
3,0.926,0,0,0,1,0,0,0,1,3,58,0
4,0.92,0,0,0,0,0,10,2,0,5,88,0
0,0.92,0,0,0,4,0,16,5,0,0,51,0
10,0.754,0,0,0,0,0,16,2,5,2,17,0
10,0.754,0,0,0,0,0,2,5,0,2,24,0
9,0.924,0,0,0,0,0,15,4,2,0,17,0
3,0.926,0,0,0,1,0,0,7,0,5,114,0
1,0.624,1,1,1,0,0,5,0,0,3,4,1
1,0.624,0,0,1,0,0,1,3,0,0,12,1
18,0.802,0,0,1,2,1,9,1,1,3,12,0
18,0.802,1,1,0,2,1,5,0,1,3,13,0
1,0.624,1,1,1,2,1,14,0,1,3,166,1
8,0.804,1,1,0,0,0,14,0,1,1,142,1
54,0.8270000000000001,1,0,0,0,0,12,4,5,2,82,0
23,0.767,0,0,0,0,0,10,0,1,1,23,0
18,0.802,0,0,0,0,0,7,0,1,2,21,0
4,0.92,0,0,0,2,1,1,1,2,0,24,0
0,0.92,0,0,0,0,0,15,3,0,1,91,1
2,0.91,0,1,0,0,0,16,0,1,5,150,1
1,0.624,0,1,0,0,0,5,6,0,3,37,1
1,0.624,0,0,0,0,0,8,8,0,4,52,1
0,0.92,1,0,0,0,0,10,3,0,1,16,0
0,0.92,0,0,0,0,0,11,2,0,0,4,0
20,0.878,0,1,1,2,1,2,0,1,0,90,0
3,0.926,0,0,0,1,0,0,2,0,3,250,0
1,0.624,1,0,1,1,0,2,1,5,2,210,0
1,0.624,0,0,0,0,0,3,4,0,0,58,0
0,0.92,0,0,0,1,0,0,0,1,1,52,0
1,0.624,1,1,1,2,1,4,0,1,0,16,1
0,0.92,0,0,0,1,0,22,3,0,0,136,0
0,0.92,2,1,1,0,0,2,3,3,0,69,0
0,0.92,0,1,0,1,2,21,2,5,4,35,0
0,0.92,0,0,0,3,1,4,0,1,2,62,0
0,0.92,0,1,2,0,2,5,0,1,2,70,0
0,0.92,1,1,1,0,1,5,0,1,0,202,1
42,0.738,2,1,0,4,0,5,8,0,0,12,0
2,0.91,0,1,1,0,0,1,1,0,0,151,0
1,0.624,0,0,3,0,0,4,3,1,2,58,0
4,0.92,0,1,1,0,0,1,0,1,0,116,0
24,0.762,1,1,0,0,0,2,5,1,2,83,0
29,0.89,0,1,1,2,1,2,0,1,0,68,0
1,0.624,0,0,0,2,1,16,0,1,2,135,0
0,0.92,0,0,0,0,0,0,2,0,0,162,0
80,0.725,0,0,0,0,0,8,0,1,2,88,1
2,0.91,0,0,0,0,0,11,0,1,0,38,0
0,0.92,0,0,0,0,0,10,3,0,4,56,1
22,0.8959999999999999,0,0,0,0,0,18,1,0,1,40,0
16,0.939,1,0,0,4,0,0,7,0,1,38,0
1,0.624,0,0,0,1,0,6,2,0,0,26,0
27,0.682,0,1,1,2,1,4,0,1,3,106,0
3,0.926,0,0,0,0,0,0,7,0,5,12,0
8,0.804,0,0,0,1,6,15,0,1,5,58,0
52,0.698,1,0,0,0,0,7,0,0,3,45,0
1,0.624,0,0,0,0,0,9,0,1,1,92,1
33,0.6890000000000001,0,0,0,0,0,19,4,0,0,11,0
3,0.926,0,0,0,0,0,0,0,1,1,25,0
2,0.91,0,0,0,1,0,0,0,1,2,324,0
0,0.92,0,0,0,0,0,20,2,2,0,13,1
2,0.91,0,0,0,1,0,0,5,0,0,29,0
15,0.913,0,0,0,0,0,2,1,0,0,222,0
6,0.855,2,0,0,1,0,16,0,1,3,50,0
18,0.802,1,1,0,0,0,7,3,0,0,5,0
0,0.92,0,0,0,0,0,4,1,1,2,25,0
0,0.92,0,0,0,0,0,0,3,0,1,48,0
0,0.92,0,0,0,0,0,2,1,1,0,23,0
2,0.91,3,0,0,0,0,11,0,1,0,82,0
1,0.624,0,0,0,1,0,2,4,1,0,105,1
0,0.92,1,1,1,0,0,1,4,0,0,36,1
2,0.91,0,0,0,1,0,15,4,0,4,102,0
0,0.92,0,1,0,0,0,0,0,1,0,55,0
1,0.624,0,0,0,0,0,3,1,2,0,61,1
28,0.6659999999999999,0,0,0,2,1,0,3,0,5,116,0
3,0.926,0,0,0,1,0,10,3,0,1,9,1
1,0.624,2,0,1,1,0,17,2,0,1,8,1
19,0.893,0,0,2,0,0,0,0,1,3,224,0
6,0.855,0,1,1,2,1,14,0,1,3,6,0
2,0.91,2,1,0,0,0,8,4,0,0,28,1
0,0.92,0,1,0,1,2,3,3,0,0,133,1
12,0.884,1,1,0,0,5,0,7,1,2,54,0
0,0.92,0,0,0,0,2,2,4,0,5,75,0
13,0.55,0,0,0,0,0,3,1,0,0,156,1
14,0.698,0,0,1,0,0,8,6,5,0,282,0
4,0.92,2,0,0,0,0,0,4,1,0,70,0
2,0.91,0,1,0,5,1,1,0,1,3,62,0
68,0.763,0,0,0,0,0,16,1,0,0,288,0
22,0.8959999999999999,1,0,0,0,0,6,6,2,3,77,0
32,0.866,0,0,2,1,0,0,6,0,1,226,0
2,0.91,0,0,0,1,0,3,1,0,0,69,0
1,0.624,1,1,1,0,0,2,4,0,3,20,0
10,0.754,0,0,0,0,0,0,0,1,1,222,0
0,0.92,0,0,0,0,0,18,2,0,1,81,0
25,0.743,0,0,0,0,0,0,5,0,4,56,0
0,0.92,0,0,0,0,0,2,2,2,0,21,0
0,0.92,0,0,0,0,0,15,0,3,0,278,0
1,0.624,1,0,0,0,0,1,3,0,0,46,1
25,0.743,0,0,1,1,0,0,2,0,1,16,0
0,0.92,0,0,0,0,0,0,7,0,1,34,0
0,0.92,0,1,1,0,0,11,0,1,4,130,1
12,0.884,0,0,0,0,0,7,2,0,0,21,0
1,0.624,1,0,0,1,0,6,1,1,2,20,0
1,0.624,0,1,0,0,3,14,0,1,0,167,0
2,0.91,0,0,0,0,0,0,3,0,1,4,1
23,0.767,0,0,0,0,0,19,2,3,0,12,0
0,0.92,2,0,0,0,2,0,1,5,0,84,0
5,0.897,0,1,2,0,0,9,3,0,2,6,0
2,0.91,0,0,0,0,0,16,1,0,0,98,0
0,0.92,0,0,0,1,0,20,1,2,1,59,0
0,0.92,0,0,0,1,0,7,6,0,0,28,0
3,0.926,0,0,2,0,0,3,2,0,0,31,0
0,0.92,0,1,0,5,1,3,0,1,3,73,0
3,0.926,1,1,1,0,0,1,7,0,0,264,0
36,0.527,1,1,1,2,1,13,0,1,3,80,0
1,0.624,1,0,0,1,0,1,1,0,2,61,1
0,0.92,0,0,2,0,6,6,5,3,1,22,0
5,0.897,1,0,2,1,0,1,1,1,0,21,0
2,0.91,0,0,0,2,1,12,0,1,1,34,0
21,0.923,2,0,0,0,0,0,0,1,2,56,1
0,0.92,0,0,2,5,1,11,0,1,4,20,0
15,0.913,0,1,0,1,0,5,0,0,3,18,0
0,0.92,0,1,0,5,1,4,0,1,3,85,0
4,0.92,0,0,0,0,0,0,7,2,1,262,0
12,0.884,0,0,0,0,0,4,7,0,0,58,1
5,0.897,0,1,0,1,0,0,7,0,1,4,0
40,0.949,0,0,0,0,0,7,4,0,1,19,0
17,0.899,0,0,0,0,2,15,0,1,2,8,0
0,0.92,0,0,0,0,0,4,7,0,2,34,0
0,0.92,0,0,0,0,0,10,3,0,1,31,1
1,0.624,1,0,1,0,0,22,8,1,0,214,1
0,0.92,0,0,0,0,0,0,5,0,1,23,1
2,0.91,0,0,0,1,0,7,2,3,2,32,0
11,0.887,0,0,0,1,6,0,0,1,5,42,0
81,0.4479999999999999,0,0,0,0,0,6,1,0,0,28,0
10,0.754,0,0,0,1,0,0,0,1,0,92,0
0,0.92,0,0,0,0,2,0,0,1,0,77,0
0,0.92,1,0,1,0,0,3,3,0,0,51,0
1,0.624,0,0,0,0,0,1,0,1,0,75,1
4,0.92,1,0,1,0,0,1,1,0,3,36,0
0,0.92,0,0,0,0,0,6,1,0,4,55,0
0,0.92,0,1,1,0,0,5,0,1,0,73,1
27,0.682,1,0,0,0,0,1,0,1,2,22,0
0,0.92,2,0,0,0,2,9,1,0,2,81,0
1,0.624,0,0,0,0,0,1,1,2,0,34,1
1,0.624,0,1,1,2,1,3,0,1,3,34,0
21,0.923,0,0,0,0,0,0,7,0,1,80,0
67,0.722,2,0,0,1,0,0,6,0,1,70,1
2,0.91,0,0,0,0,0,12,1,0,0,26,0
0,0.92,2,0,0,1,4,2,7,0,0,206,0
0,0.92,0,0,0,0,0,0,0,1,1,62,0
8,0.804,0,1,0,0,3,3,0,1,2,69,1
6,0.855,0,1,0,4,0,8,0,1,1,326,0
0,0.92,0,0,0,1,0,5,0,1,0,33,1
25,0.743,1,0,0,0,0,8,2,1,6,144,0
3,0.926,0,1,0,0,0,0,3,0,1,22,0
1,0.624,0,0,0,1,0,15,3,0,1,143,0
1,0.624,0,1,1,2,1,1,0,1,3,82,1
15,0.913,0,0,0,0,0,19,8,3,1,9,0
19,0.893,0,1,1,0,0,9,6,0,3,312,0
22,0.8959999999999999,0,1,1,0,0,1,0,1,3,145,0
1,0.624,1,0,0,0,0,9,6,4,0,20,1
0,0.92,0,0,0,1,0,13,2,0,0,22,0
53,0.7659999999999999,0,1,1,0,0,2,0,1,2,168,1
0,0.92,0,0,0,0,0,1,5,0,1,101,0
1,0.624,1,1,0,0,4,7,0,1,1,22,1
1,0.624,0,1,0,1,0,2,1,0,0,3,0
2,0.91,0,0,0,0,0,4,1,0,0,26,1
28,0.6659999999999999,2,0,0,0,0,7,1,0,4,54,0
0,0.92,0,0,0,1,5,0,2,0,1,10,0
89,0.493,0,0,0,2,1,1,0,1,3,18,0
2,0.91,2,0,0,0,0,0,0,1,5,55,0
1,0.624,1,0,1,0,3,22,3,3,6,91,0
16,0.939,0,1,2,2,1,2,4,0,0,12,0
0,0.92,0,0,0,0,0,19,0,1,4,9,1
25,0.743,0,1,0,0,0,16,2,0,2,4,0
12,0.884,0,0,0,1,0,0,0,1,1,104,0
7,0.939,0,1,0,1,0,16,6,4,4,28,0
1,0.624,1,1,0,1,0,6,8,0,0,37,1
4,0.92,0,1,1,0,0,5,0,1,0,15,1
5,0.897,0,1,0,0,0,20,2,0,1,58,0
7,0.939,0,0,0,0,0,19,3,0,0,33,0
1,0.624,0,1,0,0,0,5,3,0,3,64,0
3,0.926,0,1,0,0,2,8,8,5,2,74,0
0,0.92,2,1,0,0,4,20,0,1,1,38,0
0,0.92,0,1,0,1,0,0,3,0,5,27,0
0,0.92,0,1,1,0,0,8,7,1,0,5,1
3,0.926,0,0,0,0,0,15,2,0,0,46,0
34,0.915,0,0,0,0,0,6,4,4,4,21,0
1,0.624,1,0,0,0,0,5,0,1,0,65,1
41,0.794,0,0,3,0,0,1,2,1,0,84,0
18,0.802,0,1,1,0,0,4,0,1,0,40,0
0,0.92,0,0,0,2,1,2,4,0,0,104,0
59,0.74,0,0,0,0,0,11,1,0,0,58,1
0,0.92,0,0,1,0,0,4,8,0,2,26,0
18,0.802,1,0,1,0,0,4,0,1,6,100,0
9,0.924,0,0,1,0,0,8,2,0,0,9,0
0,0.92,0,1,0,0,0,15,3,0,1,192,1
0,0.92,0,0,0,0,0,0,7,0,0,14,0
3,0.926,1,0,0,0,0,12,0,1,0,65,1
1,0.624,0,0,0,0,0,8,1,2,0,42,1
2,0.91,0,1,1,0,0,1,0,1,0,43,1
0,0.92,0,1,1,0,0,9,0,1,3,100,1
0,0.92,0,1,1,0,0,8,3,0,0,16,0
1,0.624,0,0,0,2,1,12,4,0,1,3,1
4,0.92,0,0,0,0,0,0,0,1,1,42,0
2,0.91,0,0,0,0,0,1,3,0,5,39,0
2,0.91,0,0,0,1,0,6,1,4,2,206,0
0,0.92,2,0,0,0,2,1,6,5,0,15,0
1,0.624,0,0,1,1,0,4,1,0,0,95,1
49,0.789,0,1,3,0,0,1,0,1,2,214,0
0,0.92,1,0,0,0,0,6,7,2,2,99,0
0,0.92,1,1,0,1,0,14,0,1,5,59,1
8,0.804,0,0,0,1,0,17,0,1,2,84,1
37,0.8270000000000001,0,1,0,0,0,7,0,1,4,4,0
1,0.624,0,1,1,0,0,7,0,1,3,24,1
3,0.926,0,0,0,1,0,0,1,0,3,17,0
0,0.92,0,0,0,0,0,0,8,0,1,4,1
2,0.91,0,0,0,1,0,12,6,0,4,88,0
37,0.8270000000000001,0,0,0,0,0,0,1,0,1,152,0
0,0.92,0,0,0,0,0,4,1,0,0,79,0
11,0.887,0,0,0,2,1,4,1,0,2,104,0
3,0.926,1,0,0,1,0,3,1,0,0,7,1
6,0.855,0,0,0,1,0,0,2,0,2,28,0
0,0.92,0,0,0,0,0,2,1,0,0,56,0
0,0.92,1,0,0,0,0,0,0,1,0,95,0
14,0.698,0,0,0,1,0,15,0,1,0,22,0
0,0.92,0,0,0,0,0,7,5,0,1,146,0
5,0.897,0,0,0,0,0,17,2,0,0,31,0
20,0.878,1,1,1,1,0,16,1,3,0,152,0
1,0.624,1,0,0,0,0,4,2,0,2,18,1
8,0.804,3,1,1,2,1,5,3,0,2,15,0
11,0.887,1,1,1,0,0,9,0,1,3,106,0
0,0.92,1,1,0,0,3,21,0,1,1,59,0
2,0.91,0,0,0,0,0,0,7,0,1,149,0
0,0.92,0,0,0,0,0,18,6,0,4,21,0
0,0.92,2,0,0,0,0,4,1,2,0,21,0
59,0.74,0,0,1,0,0,4,4,2,2,136,1
12,0.884,2,0,2,3,1,7,2,0,2,57,0
10,0.754,0,1,1,2,1,2,0,1,4,80,1
48,0.698,1,0,0,1,0,11,1,0,0,15,0
6,0.855,1,0,0,1,0,0,1,0,2,21,0
0,0.92,1,1,1,1,0,0,2,5,2,48,0
0,0.92,0,0,0,0,0,12,5,0,1,66,0
5,0.897,2,1,0,4,2,19,2,5,0,74,0
2,0.91,0,1,0,0,0,0,0,1,3,6,0
0,0.92,2,1,0,1,2,0,0,1,0,47,0
27,0.682,0,1,1,0,6,5,0,1,3,102,1
28,0.6659999999999999,0,0,0,0,0,12,1,0,4,31,0
14,0.698,0,0,0,0,0,12,0,1,0,180,1
0,0.92,0,1,1,0,0,5,0,1,3,48,1
20,0.878,0,0,2,2,1,1,6,0,0,50,0
1,0.624,0,0,1,0,0,9,8,0,0,18,1
3,0.926,1,0,0,0,0,7,5,0,1,98,0
4,0.92,0,0,1,0,0,6,6,4,0,72,0
19,0.893,0,1,1,1,0,7,5,3,2,37,0
1,0.624,0,0,0,0,0,2,0,1,2,15,1
0,0.92,2,0,0,1,0,0,5,5,4,40,0
3,0.926,1,1,0,0,0,2,0,1,4,32,0
7,0.939,0,0,0,0,0,4,8,3,2,19,0
2,0.91,0,0,0,1,0,0,0,1,0,51,0
1,0.624,0,0,3,0,0,12,3,0,0,78,1
17,0.899,0,0,0,0,0,0,3,0,1,50,0
1,0.624,1,1,1,0,0,3,0,1,3,44,0
23,0.767,0,0,0,0,0,17,5,0,1,68,1
0,0.92,1,0,0,0,0,2,2,0,0,27,0
85,0.7390000000000001,0,0,0,0,0,0,6,0,1,44,0
41,0.794,2,0,2,1,0,1,8,0,0,304,0
7,0.939,0,1,0,0,0,2,0,0,3,7,1
0,0.92,0,0,0,0,0,0,3,0,2,64,0
34,0.915,0,0,0,0,0,1,7,0,0,28,0
0,0.92,0,1,2,0,0,1,6,0,0,20,0
3,0.926,0,0,0,0,0,0,0,1,1,114,0
0,0.92,0,0,0,0,0,19,5,0,0,72,0
8,0.804,0,1,0,2,1,5,6,5,3,145,0
0,0.92,2,0,0,0,0,8,0,3,4,86,0
15,0.913,1,0,0,0,0,12,2,0,5,154,0
1,0.624,1,0,0,0,0,1,6,0,1,22,0
4,0.92,2,0,0,5,1,7,1,4,0,33,0
2,0.91,0,0,0,0,0,16,1,0,1,41,0
2,0.91,0,1,0,4,3,0,0,3,2,10,0
0,0.92,1,0,0,1,0,0,1,0,5,85,0
3,0.926,0,0,0,0,0,11,1,0,0,108,0
3,0.926,2,0,2,0,0,2,4,2,2,214,0
21,0.923,0,0,0,1,0,20,0,1,1,31,0
50,0.727,0,1,2,1,0,1,7,3,0,17,0
0,0.92,2,1,1,0,0,2,0,1,0,52,1
34,0.915,0,0,0,0,0,8,6,2,0,6,0
44,0.7759999999999999,0,0,0,1,0,7,2,0,0,22,0
0,0.92,0,0,0,0,2,6,3,0,3,82,0
4,0.92,0,0,1,0,0,6,0,1,0,26,0
18,0.802,1,0,0,0,0,10,2,0,0,156,0
36,0.527,1,1,1,0,0,5,0,1,0,40,1
1,0.624,0,0,0,0,0,16,7,0,0,48,0
1,0.624,0,1,0,0,0,4,0,3,0,53,0
4,0.92,1,1,0,4,2,0,5,3,1,19,0
14,0.698,2,1,0,1,0,2,3,0,0,51,0
44,0.7759999999999999,2,0,0,0,0,5,4,0,0,15,0
0,0.92,0,0,0,0,0,0,0,1,1,12,1
4,0.92,0,1,0,2,1,1,0,0,3,85,0
68,0.763,0,0,0,0,0,8,1,0,1,146,0
11,0.887,1,1,0,2,1,13,0,1,3,45,0
1,0.624,0,0,0,0,0,4,3,0,0,56,1
0,0.92,2,0,0,1,2,5,3,5,0,56,0
8,0.804,0,0,0,4,0,0,3,0,1,100,0
36,0.527,0,0,0,0,0,3,1,0,0,25,1
35,0.843,1,1,1,0,0,6,0,3,6,28,1
12,0.884,0,0,0,1,0,10,2,2,1,16,0
2,0.91,0,0,0,1,0,9,6,2,5,5,0
11,0.887,0,0,2,0,0,9,1,0,0,28,0
3,0.926,0,0,2,0,4,11,2,0,1,44,0
0,0.92,1,0,0,0,0,17,3,0,4,10,1
0,0.92,0,0,0,0,0,0,0,1,0,39,1
5,0.897,0,0,0,1,0,0,5,0,1,98,0
0,0.92,0,0,0,0,2,0,2,0,1,154,0
3,0.926,0,1,1,0,0,6,4,3,4,46,0
0,0.92,0,1,0,3,1,2,0,1,3,154,0
0,0.92,0,0,0,0,0,14,5,0,0,32,0
3,0.926,0,0,0,2,1,5,3,3,2,92,1
0,0.92,0,0,0,0,0,0,7,0,1,152,0
2,0.91,0,0,0,0,0,8,7,0,4,60,0
0,0.92,0,0,0,0,0,0,3,0,4,90,0
0,0.92,0,0,0,0,0,0,0,1,5,7,1
69,0.847,0,0,0,0,0,10,3,1,5,35,0
11,0.887,1,1,0,2,1,3,0,1,3,94,0
45,0.925,1,0,0,1,0,17,1,3,0,151,0
6,0.855,0,0,0,0,0,4,1,0,2,6,0
0,0.92,0,0,0,1,0,17,3,0,4,17,0
15,0.913,0,0,0,0,0,6,2,1,0,21,0
0,0.92,0,0,0,0,0,2,6,0,4,2,0
56,0.691,0,1,1,2,1,5,0,1,0,2,1
53,0.7659999999999999,0,1,0,2,1,13,0,1,3,83,1
1,0.624,0,0,0,0,0,8,0,1,0,31,0
39,0.903,0,1,1,0,0,17,0,1,0,69,1
0,0.92,0,0,0,1,2,0,7,0,0,78,1
54,0.8270000000000001,0,1,0,0,0,5,6,0,0,62,0
0,0.92,2,0,0,0,2,7,3,0,1,124,0
0,0.92,0,0,0,1,0,0,2,0,1,67,0
4,0.92,0,0,0,0,0,17,7,0,2,19,0
38,0.895,0,0,1,2,1,6,0,1,0,36,0
52,0.698,0,1,3,3,1,14,0,1,3,41,0
16,0.939,3,1,1,2,1,3,2,0,5,17,0
4,0.92,0,0,2,0,4,7,1,2,0,260,0
6,0.855,0,0,1,0,0,2,3,0,0,13,0
15,0.913,0,0,0,1,0,0,2,0,5,10,0
4,0.92,0,1,1,0,0,2,3,0,5,326,0
0,0.92,0,1,0,3,1,14,0,1,3,79,0
32,0.866,0,0,1,1,0,4,0,1,0,210,0
1,0.624,0,1,1,2,1,9,0,1,3,27,0
9,0.924,0,0,0,0,0,12,1,2,2,21,0
43,0.5579999999999999,1,0,0,0,0,0,0,1,0,266,1
1,0.624,1,0,1,0,0,15,2,0,0,105,0
1,0.624,0,0,0,0,0,2,0,1,0,68,1
1,0.624,0,0,0,1,6,7,2,2,0,22,1
0,0.92,0,0,0,0,0,0,0,1,0,27,1
4,0.92,0,0,1,0,0,3,4,2,0,152,0
4,0.92,1,1,0,2,1,5,3,0,0,153,0
40,0.949,0,1,0,2,1,6,2,0,1,288,0
36,0.527,1,0,0,0,0,8,1,0,4,16,0
1,0.624,0,0,0,0,0,16,6,2,0,47,1
10,0.754,0,1,0,0,0,17,0,1,0,18,1
34,0.915,0,0,0,0,0,8,1,0,2,55,0
3,0.926,0,0,0,0,2,0,6,0,1,14,0
0,0.92,0,1,1,2,1,5,0,1,0,25,1
77,0.698,0,0,0,0,0,16,0,1,5,72,1
0,0.92,0,0,0,0,0,0,1,5,5,45,0
0,0.92,2,0,0,0,2,0,0,1,2,44,1
3,0.926,0,1,0,3,1,5,0,1,3,17,0
5,0.897,2,0,0,1,5,8,6,3,5,28,0
28,0.6659999999999999,0,1,1,0,0,3,4,0,0,18,0
38,0.895,0,0,0,1,0,0,4,0,1,20,0
35,0.843,1,0,0,1,0,16,1,3,0,4,0
1,0.624,1,0,0,3,1,1,0,1,4,50,1
5,0.897,0,0,0,1,0,10,1,0,0,68,0
1,0.624,1,0,1,0,0,4,4,0,0,26,0
9,0.924,0,0,0,0,6,1,1,1,0,288,0
0,0.92,1,0,0,0,0,15,0,1,1,28,0
6,0.855,0,1,0,5,1,3,0,1,6,65,0
3,0.926,0,0,1,2,1,5,1,0,0,148,0
1,0.624,0,0,0,0,0,2,1,0,0,12,1
12,0.884,0,0,0,1,0,11,2,0,0,106,0
1,0.624,1,0,0,0,0,8,5,0,4,20,0
21,0.923,0,0,0,0,0,1,2,0,3,306,0
20,0.878,1,0,0,2,1,14,2,0,0,29,0
2,0.91,1,1,0,2,1,4,8,1,0,7,0
2,0.91,1,0,0,0,0,0,4,1,6,42,0
4,0.92,0,1,1,0,0,1,0,1,0,86,1
2,0.91,0,1,0,1,3,1,2,2,0,100,0
0,0.92,0,0,0,0,0,6,0,0,1,7,0
42,0.738,1,0,3,0,0,4,2,1,5,134,0
54,0.8270000000000001,0,0,0,0,0,5,4,0,0,29,0
5,0.897,1,0,2,1,0,2,6,2,0,105,0
1,0.624,0,1,0,2,1,5,0,0,3,306,0
1,0.624,0,0,1,0,0,13,7,0,0,9,1
1,0.624,0,0,0,0,0,11,3,0,2,124,0
0,0.92,0,1,0,0,0,3,7,0,0,10,0
4,0.92,0,0,0,0,0,16,2,0,1,167,0
6,0.855,0,0,1,2,1,2,2,1,3,2,0
10,0.754,0,1,2,2,1,2,3,1,0,328,0
0,0.92,0,1,0,1,0,0,1,0,2,96,0
36,0.527,0,1,1,2,1,2,0,1,0,14,1
1,0.624,1,0,0,1,0,8,2,0,0,150,0
22,0.8959999999999999,1,1,0,0,0,15,1,0,6,100,0
3,0.926,0,0,0,1,0,4,7,0,3,106,0
39,0.903,1,0,1,0,0,7,7,0,5,4,0
45,0.925,0,0,0,0,0,16,1,1,0,78,0
35,0.843,0,0,0,2,1,3,6,0,0,15,0
8,0.804,0,0,0,0,0,11,0,1,0,46,0
2,0.91,3,0,0,1,6,7,6,0,0,105,0
36,0.527,0,1,0,0,0,5,2,5,0,10,1
11,0.887,0,0,0,2,1,14,7,0,4,45,0
26,0.836,0,0,0,1,0,19,2,5,0,14,0
66,0.647,0,0,1,1,0,2,0,1,0,13,1
1,0.624,0,0,0,0,0,7,5,0,2,18,1
67,0.722,1,1,0,2,1,5,0,1,6,30,0
20,0.878,0,1,0,4,0,0,2,0,1,22,0
5,0.897,0,0,2,1,0,15,5,0,0,19,0
3,0.926,0,0,0,1,0,11,1,0,0,25,0
0,0.92,0,1,0,5,1,3,0,1,3,78,0
0,0.92,0,0,0,0,0,15,4,2,0,65,0
2,0.91,0,0,0,1,0,1,6,2,0,60,0
2,0.91,2,0,0,0,0,13,7,0,0,46,0
50,0.727,1,0,0,0,0,8,1,0,4,254,0
1,0.624,0,0,0,0,0,13,6,4,0,9,1
4,0.92,0,1,0,5,1,3,0,1,3,149,0
1,0.624,0,1,1,2,1,2,0,0,3,58,0
2,0.91,1,1,0,1,0,3,1,2,0,29,0
0,0.92,0,0,0,0,0,15,3,0,5,12,0
6,0.855,2,1,1,1,0,7,0,5,5,98,0
0,0.92,0,1,0,0,0,6,2,0,0,32,0
0,0.92,0,0,2,0,0,5,1,0,0,7,0
15,0.913,0,0,0,1,0,0,6,0,1,80,0
2,0.91,0,1,0,1,0,8,3,1,0,24,0
24,0.762,0,0,0,0,0,20,6,0,0,50,0
1,0.624,0,0,0,0,0,14,2,5,0,15,1
0,0.92,0,0,2,2,1,1,4,1,0,122,0
0,0.92,0,0,0,1,0,0,0,1,0,28,0
1,0.624,0,0,0,0,0,1,2,0,0,30,1
1,0.624,0,1,1,0,0,1,3,0,0,31,0
3,0.926,1,1,0,1,0,10,8,0,0,40,0
0,0.92,0,1,1,0,0,5,0,1,3,47,1
19,0.893,0,0,2,0,0,15,6,0,3,132,0
1,0.624,2,1,1,1,0,5,0,1,0,104,1
0,0.92,0,1,0,0,3,3,4,0,1,17,0
7,0.939,0,1,1,0,0,5,0,1,3,61,0
71,0.698,0,0,0,1,0,0,6,3,3,55,0
3,0.926,0,0,0,2,1,15,6,0,4,56,0
24,0.762,0,0,2,0,0,21,0,1,1,46,1
26,0.836,1,0,0,0,0,12,1,0,2,50,0
0,0.92,0,0,0,0,0,0,0,1,1,184,1
40,0.949,0,0,0,1,0,18,6,0,0,134,0
5,0.897,1,0,0,1,0,11,5,1,2,31,0
61,0.579,1,1,3,3,1,14,0,1,0,163,1
3,0.926,0,1,1,2,1,4,2,3,0,160,0
82,0.856,1,0,0,0,0,3,6,0,2,4,0
59,0.74,0,0,1,2,1,14,0,1,0,35,1
1,0.624,0,0,1,0,0,14,1,4,0,32,1
74,0.698,0,1,1,2,1,13,2,0,3,15,0
2,0.91,0,1,0,2,1,2,0,1,2,27,1
38,0.895,1,0,2,1,0,4,4,5,1,22,1
43,0.5579999999999999,0,1,1,0,0,4,0,1,0,100,1
14,0.698,0,1,2,0,0,3,4,0,0,9,0
0,0.92,0,0,0,0,0,0,2,0,1,151,0
70,0.74,0,0,0,0,0,0,0,1,0,28,0
51,0.698,0,1,0,2,1,13,0,1,3,73,0
23,0.767,0,0,0,0,0,9,6,4,0,165,0
38,0.895,0,0,1,0,0,2,2,3,2,26,0
1,0.624,1,1,0,0,0,14,1,3,0,95,1
33,0.6890000000000001,0,0,0,0,5,2,0,1,4,72,1
12,0.884,0,1,0,0,0,9,1,0,2,18,0
21,0.923,0,0,0,1,0,8,3,0,4,170,0
5,0.897,0,1,1,0,0,6,0,1,3,90,0
45,0.925,0,1,1,0,0,2,0,1,0,132,1
2,0.91,0,0,2,0,0,4,7,0,0,65,0
8,0.804,0,0,0,0,0,0,7,0,1,47,0
0,0.92,0,0,0,1,0,15,3,0,2,3,1
0,0.92,0,1,0,3,1,3,0,1,3,72,0
10,0.754,0,0,0,0,0,7,2,5,0,80,0
18,0.802,0,0,0,0,0,1,6,2,2,11,0
20,0.878,1,1,0,1,0,0,0,1,0,150,0
3,0.926,1,0,0,1,0,11,1,0,4,86,0
16,0.939,0,0,2,0,0,5,5,0,0,37,0
99,0.701,0,0,0,1,0,15,0,1,0,150,0
0,0.92,0,0,0,5,1,1,5,0,3,31,0
89,0.493,1,1,1,0,0,5,0,1,0,33,1
6,0.855,0,0,0,1,0,15,0,1,0,8,0
3,0.926,0,0,0,1,0,0,3,0,1,39,0
52,0.698,0,0,0,0,0,4,1,0,0,100,0
0,0.92,0,1,1,0,0,5,0,1,0,12,0
0,0.92,0,0,0,1,0,0,0,1,1,161,1
0,0.92,1,0,2,0,0,6,1,1,1,54,0
3,0.926,1,0,0,1,0,0,3,0,3,57,0
3,0.926,2,0,0,1,2,20,1,0,1,78,0
6,0.855,0,1,0,2,1,3,0,1,3,12,1
0,0.92,0,1,0,0,0,2,0,1,0,34,0
0,0.92,0,1,0,0,0,7,1,1,4,30,0
74,0.698,0,0,1,2,1,2,1,0,0,148,0
7,0.939,0,0,0,0,0,0,1,0,0,9,0
0,0.92,0,1,0,0,0,21,1,0,1,7,0
0,0.92,0,1,0,0,0,0,7,0,0,92,0
1,0.624,1,1,1,1,0,13,0,1,3,27,1
2,0.91,0,0,0,0,0,12,3,0,4,51,0
34,0.915,0,0,0,0,0,9,5,0,2,26,0
0,0.92,0,0,2,0,0,3,3,0,2,11,0
3,0.926,0,0,0,0,0,12,1,0,4,23,0
2,0.91,0,0,0,1,0,0,7,0,4,20,0
20,0.878,0,0,0,5,1,1,8,0,2,74,0
19,0.893,0,0,0,2,1,8,2,0,4,31,0
39,0.903,1,0,0,3,1,0,4,1,6,50,0
1,0.624,1,0,0,0,0,1,1,0,0,21,0
15,0.913,1,1,0,2,1,4,0,0,3,10,0
43,0.5579999999999999,0,0,0,0,4,3,1,0,1,67,1
50,0.727,0,0,0,1,0,9,0,1,0,33,1
17,0.899,0,1,0,1,3,15,0,1,3,35,0
3,0.926,1,1,1,2,1,5,0,1,3,23,0
28,0.6659999999999999,0,0,0,0,0,0,2,0,1,112,0
63,0.84,0,0,0,0,0,2,1,0,0,11,1
1,0.624,0,0,0,0,0,3,3,0,2,34,1
33,0.6890000000000001,1,0,1,0,0,5,5,0,0,44,1
118,0.7809999999999999,1,0,1,1,0,13,4,0,0,109,0
21,0.923,2,0,0,4,0,0,7,0,1,13,0
0,0.92,0,1,1,2,1,2,0,1,0,111,1
0,0.92,0,0,0,0,0,1,3,0,0,84,0
0,0.92,0,0,0,0,0,5,1,1,2,5,0
0,0.92,0,0,2,0,0,3,6,0,0,196,0
6,0.855,0,1,1,0,0,6,8,0,0,38,0
12,0.884,1,0,0,1,0,18,1,0,0,20,0
1,0.624,0,0,1,0,0,1,2,0,0,42,0
8,0.804,0,1,1,2,1,2,0,1,3,66,0
1,0.624,0,1,1,0,0,14,1,4,0,50,1
5,0.897,0,0,0,1,0,0,8,0,1,43,0
1,0.624,0,1,0,2,1,14,0,1,3,63,1
0,0.92,0,0,1,0,0,6,7,0,0,15,0
2,0.91,0,0,0,0,0,0,6,0,1,66,0
1,0.624,0,0,1,0,0,6,2,0,2,12,0
17,0.899,2,0,0,0,0,15,6,2,0,31,0
3,0.926,0,0,0,0,2,11,5,0,5,23,0
45,0.925,0,0,0,0,0,7,4,0,4,88,0
1,0.624,0,1,0,1,0,12,4,0,3,112,1
15,0.913,0,0,0,0,0,0,1,0,1,56,0
2,0.91,0,0,0,0,0,6,1,0,0,140,0
17,0.899,0,1,2,0,0,2,0,1,3,18,1
30,0.925,0,0,0,1,0,0,0,1,0,82,0
3,0.926,0,0,0,0,6,0,2,0,0,43,0
0,0.92,0,0,0,2,1,0,4,6,0,138,0
0,0.92,0,0,0,0,0,4,2,0,0,131,0
2,0.91,0,0,3,0,0,7,0,1,1,13,0
2,0.91,0,0,0,0,0,1,1,0,0,19,0
0,0.92,0,0,0,1,2,0,0,1,2,84,0
7,0.939,0,1,0,0,0,10,6,0,1,114,0
2,0.91,0,0,0,0,0,0,7,0,1,22,0
2,0.91,0,0,0,0,0,6,5,0,0,4,0
0,0.92,0,0,0,4,0,0,3,0,2,17,0
0,0.92,0,1,0,0,0,0,0,1,1,41,0
2,0.91,0,0,0,0,0,11,1,0,4,196,0
4,0.92,0,0,0,0,0,1,6,4,0,15,0
1,0.624,0,0,3,1,0,1,0,1,2,52,0
1,0.624,0,1,1,0,0,3,0,1,3,18,1
0,0.92,1,1,1,0,0,5,0,1,0,226,1
0,0.92,1,1,1,0,0,4,3,3,0,42,0
43,0.5579999999999999,0,1,1,0,0,3,0,1,0,332,0
5,0.897,0,0,2,0,3,13,1,1,0,222,0
0,0.92,0,0,0,0,0,0,7,3,5,52,1
38,0.895,0,1,1,0,0,4,4,0,2,73,0
0,0.92,0,1,0,0,0,0,1,6,1,104,0
0,0.92,2,1,0,0,2,2,2,5,2,68,0
1,0.624,1,0,1,0,0,3,7,0,0,38,1
3,0.926,0,0,0,0,0,4,1,0,0,240,0
0,0.92,0,0,0,0,0,8,6,4,0,54,0
1,0.624,1,1,1,0,0,3,0,1,3,98,0
1,0.624,0,1,0,0,0,9,4,4,3,34,0
8,0.804,0,1,1,2,1,3,5,0,0,4,0
15,0.913,0,1,0,4,0,0,5,3,4,78,0
6,0.855,0,0,0,1,0,18,0,1,0,9,0
3,0.926,0,0,0,1,0,20,1,0,4,36,0
0,0.92,0,0,0,0,2,3,1,2,0,106,0
93,0.516,1,1,0,0,0,5,0,1,0,30,1
2,0.91,0,0,0,0,0,11,2,0,0,29,0
5,0.897,0,0,0,3,1,6,1,2,5,180,0
3,0.926,2,1,1,0,0,8,6,0,0,56,0
0,0.92,0,0,0,1,2,0,4,0,1,37,0
2,0.91,0,0,2,0,0,6,3,0,2,47,0
6,0.855,0,0,0,3,1,0,8,3,1,17,0
3,0.926,0,0,0,1,0,0,3,0,1,42,1
0,0.92,0,1,0,0,6,0,4,0,1,45,0
43,0.5579999999999999,0,1,1,0,0,3,0,1,3,24,0
5,0.897,0,1,2,1,0,5,1,0,0,6,0
3,0.926,0,1,2,1,0,0,5,5,0,20,0
0,0.92,0,0,0,0,2,0,0,0,1,85,0
44,0.7759999999999999,0,0,0,0,0,2,4,0,0,61,0
1,0.624,2,0,0,0,0,9,5,0,3,163,0
4,0.92,2,0,0,0,0,17,7,0,5,23,0
0,0.92,1,0,0,0,0,12,2,5,0,44,1
1,0.624,0,1,0,1,0,5,0,1,3,30,0
2,0.91,0,0,0,1,0,17,0,1,0,23,0
12,0.884,0,0,3,0,0,10,1,0,4,36,0
2,0.91,0,1,0,3,1,3,0,1,3,270,0
61,0.579,0,1,0,0,0,3,3,0,3,68,1
2,0.91,1,0,0,4,0,0,3,0,0,58,0
6,0.855,0,1,3,2,1,2,0,1,3,63,0
4,0.92,0,0,0,0,0,8,1,2,2,154,0
0,0.92,2,1,0,1,0,11,5,3,1,50,0
18,0.802,1,1,1,2,1,14,0,1,0,73,1
0,0.92,0,1,0,0,0,10,0,1,1,156,0
1,0.624,2,0,2,0,0,2,0,1,0,56,0
41,0.794,0,0,1,2,1,5,1,0,0,320,0
47,0.555,1,0,0,0,0,4,4,0,0,78,0
0,0.92,2,0,0,0,0,0,0,1,2,218,0
2,0.91,0,0,0,0,0,16,2,0,0,206,0
47,0.555,0,0,0,0,2,4,2,2,2,70,1
0,0.92,0,0,0,0,2,0,3,0,4,85,0
15,0.913,0,0,0,1,0,0,0,1,0,77,0
1,0.624,0,1,0,2,1,5,0,1,3,13,0
7,0.939,1,0,0,2,1,1,6,0,6,22,0
5,0.897,0,0,0,4,0,7,2,0,1,226,0
2,0.91,0,0,0,0,6,20,2,0,1,104,0
15,0.913,1,0,2,1,0,6,4,0,0,190,0
24,0.762,0,1,0,1,0,7,8,3,0,122,0
12,0.884,0,0,0,1,0,15,1,0,1,120,0
0,0.92,0,1,2,0,0,3,7,3,0,11,0
79,0.743,1,0,1,1,0,13,0,1,0,78,0
2,0.91,0,0,0,0,0,0,0,1,1,28,0
7,0.939,0,1,0,0,0,3,0,1,2,56,1
1,0.624,1,0,0,0,0,4,2,3,2,144,1
2,0.91,0,0,0,0,0,5,0,1,0,45,0
1,0.624,0,0,0,0,0,9,5,0,1,61,0
4,0.92,0,0,0,2,1,1,1,1,0,133,0
41,0.794,1,0,0,0,0,17,2,0,5,34,0
0,0.92,0,0,0,0,0,0,8,0,0,30,0
6,0.855,2,0,0,1,0,8,5,0,0,149,0
9,0.924,0,1,1,0,0,8,2,1,0,44,0
5,0.897,0,0,0,0,0,16,1,0,2,59,0
5,0.897,0,0,0,1,0,4,4,2,2,146,0
2,0.91,0,0,0,0,0,7,1,0,5,32,0
4,0.92,1,1,0,3,1,18,3,0,1,12,0
2,0.91,1,0,0,0,0,0,8,3,1,41,0
5,0.897,0,0,0,1,0,0,3,0,2,39,0
0,0.92,0,0,0,2,1,0,0,1,2,298,1
23,0.767,0,1,0,3,1,3,0,1,3,9,0
8,0.804,0,0,0,0,0,8,1,1,2,112,0
0,0.92,0,0,0,0,3,4,2,0,2,15,0
1,0.624,0,0,0,0,0,9,2,0,3,66,1
1,0.624,2,1,1,1,0,4,4,0,0,29,0
1,0.624,1,1,0,0,0,2,3,0,3,12,0
3,0.926,0,0,1,1,0,11,8,3,0,22,0
75,0.698,1,0,1,3,1,5,6,3,3,28,0
16,0.939,0,0,0,1,0,8,1,0,0,10,0
0,0.92,0,0,0,0,4,0,5,0,1,40,0
21,0.923,0,0,1,0,0,2,3,0,0,28,0
0,0.92,1,1,0,0,0,0,0,1,1,68,0
1,0.624,1,0,0,0,0,4,5,0,2,105,0
3,0.926,0,0,0,1,0,0,1,0,1,114,0
21,0.923,0,0,0,1,0,0,6,4,1,64,0
0,0.92,0,0,0,1,0,0,3,3,1,20,0
0,0.92,0,0,0,1,0,2,1,0,0,109,0
11,0.887,0,1,3,1,0,6,0,1,0,64,0
0,0.92,0,0,0,0,5,0,3,0,4,72,0
0,0.92,2,0,0,0,0,2,3,0,2,18,0
0,0.92,0,0,2,1,4,11,3,3,5,60,0
0,0.92,0,0,0,0,0,12,8,0,1,182,0
17,0.899,0,0,0,0,0,15,5,0,3,5,0
11,0.887,0,1,0,0,0,19,1,0,1,26,0
4,0.92,0,0,0,0,0,0,0,1,2,90,1
0,0.92,0,0,2,0,0,4,1,5,0,39,0
34,0.915,0,0,0,0,0,0,4,0,1,23,0
1,0.624,0,0,0,1,0,11,0,1,1,71,1
65,0.698,0,0,0,1,0,15,8,0,5,135,0
86,0.856,0,0,1,0,0,9,1,0,1,18,1
0,0.92,1,0,0,0,0,0,0,1,2,27,1
2,0.91,0,0,0,1,0,6,6,0,2,129,0
11,0.887,1,1,2,0,0,0,0,1,2,12,1
20,0.878,0,0,0,1,0,0,3,0,1,222,0
73,0.764,0,0,1,1,0,7,0,1,0,102,0
5,0.897,0,1,1,1,0,12,0,1,2,44,0
0,0.92,0,0,0,3,1,7,1,2,1,20,0
16,0.939,0,0,0,0,0,10,8,3,1,105,0
1,0.624,1,1,1,1,0,21,3,0,0,27,1
0,0.92,0,0,0,1,2,2,4,3,2,100,0
6,0.855,0,0,0,1,0,9,1,0,2,24,0
0,0.92,0,0,0,0,0,20,0,1,3,116,1
4,0.92,0,1,0,0,0,5,0,1,0,34,1
6,0.855,2,1,1,2,1,5,3,1,0,6,0
5,0.897,0,0,0,1,0,9,7,0,0,14,0
3,0.926,0,1,2,1,0,15,5,5,1,101,0
4,0.92,0,0,0,0,0,0,2,0,1,27,0
2,0.91,0,0,0,0,0,0,0,0,2,7,0
80,0.725,1,0,0,1,0,8,5,0,2,18,0
0,0.92,2,0,0,0,0,0,2,5,1,17,0
12,0.884,0,0,0,1,0,20,0,1,4,111,0
19,0.893,0,1,1,5,1,8,0,1,0,28,0
51,0.698,1,1,3,2,1,3,0,1,3,56,0
59,0.74,1,0,0,0,0,4,1,0,2,44,0
3,0.926,0,1,0,2,1,5,4,0,0,54,0
54,0.8270000000000001,1,0,0,1,0,21,4,0,6,17,0
1,0.624,1,0,0,0,0,2,2,0,0,32,1
31,0.579,0,0,2,1,0,2,7,0,0,64,0
52,0.698,1,1,0,1,0,7,1,0,0,28,1
1,0.624,0,1,0,0,0,6,0,1,0,134,1
22,0.8959999999999999,1,0,0,1,0,18,0,1,3,44,0
0,0.92,0,0,0,0,0,7,1,0,2,36,0
19,0.893,0,0,0,2,1,16,2,5,1,109,0
6,0.855,2,0,0,0,0,5,1,2,0,44,0
20,0.878,0,0,0,0,0,0,4,0,1,29,0
0,0.92,1,0,0,0,5,18,3,0,4,59,0
1,0.624,0,0,1,1,0,14,1,0,1,78,1
1,0.624,1,1,1,2,1,2,0,0,3,34,1
28,0.6659999999999999,3,0,2,2,1,9,6,0,1,192,0
12,0.884,0,1,2,1,6,3,0,1,0,15,0
2,0.91,1,0,1,0,0,7,3,0,2,17,0
51,0.698,0,1,1,1,0,11,0,3,2,42,0
1,0.624,1,1,1,2,1,14,0,1,3,111,0
9,0.924,0,0,0,0,0,9,5,0,0,86,0
11,0.887,1,0,0,2,1,8,1,0,2,3,0
0,0.92,3,1,1,0,3,1,6,5,0,2,0
3,0.926,0,1,0,0,0,14,1,1,0,49,0
13,0.55,0,0,2,0,0,6,0,1,4,23,0
52,0.698,0,0,0,0,0,19,0,1,0,44,0
21,0.923,0,0,0,1,0,15,1,0,0,96,0
79,0.743,2,0,0,1,0,6,1,0,2,222,0
1,0.624,0,0,2,0,0,2,3,0,4,50,1
4,0.92,0,1,0,0,2,18,2,1,4,34,1
2,0.91,2,0,0,0,2,5,1,0,3,57,0
4,0.92,1,0,1,0,0,20,1,3,5,68,0
0,0.92,0,0,0,0,0,10,1,0,1,56,0
1,0.624,1,1,1,2,1,5,0,1,0,40,0
0,0.92,0,1,0,0,5,13,6,4,0,5,0
1,0.624,1,0,0,0,0,18,8,0,2,47,1
25,0.743,1,0,0,0,6,6,0,1,6,68,1
64,0.479,1,0,1,1,3,0,4,2,2,134,0
26,0.836,0,0,0,5,1,0,0,1,0,89,0
0,0.92,0,0,0,0,2,0,1,0,1,29,0
47,0.555,1,1,1,0,0,22,4,0,4,83,1
65,0.698,2,0,0,0,4,2,4,2,4,4,0
1,0.624,0,0,0,0,2,9,0,1,0,65,0
1,0.624,1,1,1,2,1,14,0,1,3,32,0
17,0.899,0,0,0,2,1,10,2,0,1,94,0
0,0.92,0,0,0,1,2,0,1,0,1,92,0
0,0.92,0,0,0,1,0,1,4,0,4,128,0
23,0.767,1,0,1,0,0,13,4,0,3,149,0
30,0.925,0,1,0,4,0,17,3,3,1,128,0
0,0.92,0,1,0,0,0,7,0,1,4,140,1
1,0.624,0,0,0,1,4,15,6,0,0,30,1
5,0.897,0,0,0,1,0,16,4,0,5,55,0
9,0.924,0,0,0,2,1,0,2,6,1,6,0
1,0.624,1,0,0,0,0,13,1,0,6,21,1
103,0.698,1,1,2,3,1,5,0,1,6,28,1
22,0.8959999999999999,0,0,0,0,0,16,1,0,1,7,0
1,0.624,0,0,0,1,0,11,7,2,2,147,1
1,0.624,0,1,0,0,0,4,0,1,0,24,1
58,0.698,0,1,3,2,1,3,0,1,3,57,1
6,0.855,1,0,1,0,0,2,4,4,5,81,0
0,0.92,0,0,0,0,0,3,5,0,0,4,0
11,0.887,0,0,0,0,0,0,1,2,0,45,0
19,0.893,0,0,2,0,0,17,5,0,2,10,0
15,0.913,1,0,0,0,2,14,6,5,0,18,1
12,0.884,0,0,0,1,0,8,1,3,5,166,0
42,0.738,2,0,0,0,0,6,6,4,2,7,0
0,0.92,0,0,0,0,0,8,2,0,2,12,0
2,0.91,0,0,0,0,0,0,0,1,2,31,0
96,0.745,0,0,0,1,0,10,6,0,1,4,0
2,0.91,1,1,0,0,0,5,0,1,3,50,1
0,0.92,0,0,0,0,6,20,3,0,4,100,0
26,0.836,0,0,1,0,2,14,2,0,0,56,0
2,0.91,2,0,0,1,0,8,2,5,0,8,0
3,0.926,0,0,0,1,0,0,0,1,1,131,0
0,0.92,0,0,2,0,0,19,0,1,0,30,0
43,0.5579999999999999,0,1,2,2,1,4,0,1,1,63,1
32,0.866,0,0,0,1,0,10,3,0,3,17,0
0,0.92,1,1,1,0,0,4,0,1,6,25,1
4,0.92,0,0,0,0,0,6,4,2,2,2,0
9,0.924,0,1,0,0,5,0,0,1,2,258,1
75,0.698,0,0,3,0,0,12,1,0,2,32,0
64,0.479,1,0,0,5,1,19,0,0,3,62,1
0,0.92,1,0,1,2,1,4,6,0,6,81,0
0,0.92,1,0,0,0,0,21,0,1,3,20,1
5,0.897,1,1,0,2,1,2,0,1,5,17,0
6,0.855,0,0,0,2,1,20,1,0,1,66,0
1,0.624,2,0,0,0,0,9,8,0,2,66,0
52,0.698,0,0,0,0,0,11,6,0,1,3,0
10,0.754,0,0,2,0,6,3,6,4,0,82,0
45,0.925,2,0,0,1,0,6,2,0,0,20,0
3,0.926,1,0,0,0,0,3,0,0,0,40,0
13,0.55,1,0,1,2,1,3,0,1,0,268,1
1,0.624,1,0,1,3,1,5,2,0,0,12,0
1,0.624,0,0,0,0,0,3,5,0,3,43,0
6,0.855,0,0,1,1,0,7,3,0,5,14,0
48,0.698,0,0,0,1,0,8,1,0,1,31,0
2,0.91,1,0,0,0,0,12,7,0,1,82,0
42,0.738,1,1,1,0,0,2,0,1,6,9,1
0,0.92,0,1,1,0,3,4,0,1,3,1,1
44,0.7759999999999999,1,0,0,1,0,15,2,0,4,21,0
20,0.878,0,1,1,2,1,16,0,1,4,10,0
29,0.89,0,0,1,0,0,1,0,1,0,31,0
1,0.624,1,0,1,0,0,13,1,0,0,3,1
7,0.939,3,0,0,0,0,0,6,3,1,13,0
3,0.926,1,0,0,1,0,0,0,1,1,64,1
1,0.624,0,0,1,0,0,6,2,2,2,53,1
2,0.91,0,0,0,0,0,0,1,0,2,118,0
27,0.682,1,1,1,0,0,13,0,1,6,97,1
0,0.92,0,0,0,0,0,0,0,1,1,86,0
57,0.698,0,1,0,0,0,4,0,1,3,23,1
1,0.624,0,0,0,1,0,2,7,0,0,23,0
0,0.92,1,0,0,0,0,7,0,1,1,58,0
0,0.92,0,1,1,0,0,1,0,1,0,22,1
3,0.926,1,1,0,1,0,12,0,0,3,101,0
18,0.802,0,0,0,0,0,0,5,0,2,9,0
1,0.624,1,0,0,0,0,4,3,0,1,45,1
58,0.698,1,0,1,0,0,14,7,5,1,6,0
0,0.92,1,0,0,0,0,6,2,5,0,42,0
3,0.926,2,0,0,0,0,19,4,0,4,70,0
0,0.92,0,0,0,0,2,11,4,2,0,75,0
1,0.624,1,0,0,0,0,7,0,1,5,23,0
6,0.855,1,0,0,1,0,0,3,0,0,17,0
0,0.92,0,0,0,1,0,0,3,3,1,87,1
42,0.738,0,0,0,1,0,18,6,1,1,48,0
0,0.92,1,1,1,0,0,5,0,1,3,132,1
0,0.92,1,0,0,0,0,17,5,0,0,70,0
0,0.92,0,0,0,1,0,0,5,0,5,86,0
6,0.855,1,0,0,0,0,0,1,0,2,149,0
0,0.92,0,0,0,0,0,0,2,0,0,12,0
0,0.92,0,0,0,0,0,7,0,1,0,39,1
45,0.925,0,0,0,0,0,9,1,0,0,34,0
0,0.92,0,0,0,1,0,0,1,2,0,48,1
4,0.92,0,1,1,0,0,2,3,0,2,72,0
5,0.897,0,0,0,0,0,8,1,0,1,110,0
0,0.92,0,0,0,0,0,0,5,0,1,61,1
16,0.939,1,0,1,0,0,1,6,0,0,86,0
10,0.754,0,1,0,5,1,7,0,1,3,15,0
4,0.92,1,0,0,0,0,0,0,1,2,109,0
39,0.903,0,0,0,1,0,4,1,1,3,15,0
17,0.899,0,0,0,1,0,4,0,1,0,53,0
1,0.624,0,1,1,2,1,2,0,1,3,9,1
2,0.91,0,0,0,2,1,5,1,0,0,56,0
23,0.767,0,0,0,0,0,9,4,0,0,30,0
1,0.624,1,1,1,1,0,5,0,1,3,134,0
4,0.92,2,1,0,0,2,5,0,1,0,75,1
3,0.926,0,1,1,0,0,2,1,0,0,44,0
0,0.92,0,0,1,2,1,7,0,1,2,81,1
0,0.92,1,0,0,0,0,12,2,0,0,97,0
42,0.738,1,0,1,1,0,9,3,0,6,34,0
14,0.698,1,0,0,3,1,4,1,0,0,18,0
19,0.893,0,0,0,0,0,16,2,0,1,33,0
13,0.55,1,1,1,0,0,3,0,1,0,16,0
24,0.762,0,0,0,2,1,2,7,0,4,31,0
13,0.55,0,0,0,0,0,3,4,0,0,5,0
19,0.893,1,0,2,0,0,11,0,1,0,52,0
33,0.6890000000000001,0,1,0,0,0,1,0,1,3,34,0
23,0.767,0,1,1,1,0,8,2,5,1,24,1
1,0.624,1,0,2,0,0,4,3,0,4,17,0
6,0.855,0,0,0,1,0,7,6,4,0,12,0
0,0.92,0,1,1,2,1,4,1,3,2,47,1
90,0.698,0,0,1,0,0,4,6,0,0,59,0
1,0.624,0,1,0,0,3,2,3,0,2,102,1
3,0.926,2,0,0,4,0,0,2,3,1,80,0
9,0.924,1,1,2,1,0,7,0,1,4,25,0
5,0.897,0,0,0,1,0,4,6,0,0,6,0
3,0.926,1,1,1,2,1,5,4,5,6,42,0
0,0.92,0,0,0,0,0,3,2,0,0,97,0
9,0.924,0,0,0,0,0,4,1,1,0,53,0
1,0.624,0,0,0,0,0,11,1,2,0,206,1
1,0.624,1,1,1,1,0,2,0,1,3,121,0
113,0.698,0,0,0,0,0,9,6,0,0,111,0
0,0.92,0,0,0,0,0,0,1,3,1,7,0
0,0.92,0,0,0,0,0,18,1,2,4,11,0
0,0.92,2,0,0,0,0,16,3,3,1,10,0
0,0.92,0,0,0,0,3,15,4,0,6,64,0
0,0.92,1,0,0,0,0,7,2,1,0,44,0
23,0.767,0,1,0,2,1,6,0,1,3,116,0
1,0.624,0,0,3,0,0,7,0,1,1,98,0
54,0.8270000000000001,0,0,1,0,0,1,4,3,0,6,0
3,0.926,0,0,2,0,0,8,4,0,6,51,0
5,0.897,0,0,2,1,0,4,0,1,0,29,0
0,0.92,0,1,0,1,0,10,0,1,0,46,1
4,0.92,0,0,0,2,1,7,1,0,0,57,0
67,0.722,0,1,1,2,1,14,0,1,3,24,1
39,0.903,0,0,0,0,0,11,2,2,2,258,1
1,0.624,0,1,0,2,1,5,0,1,3,20,1
0,0.92,0,0,0,1,0,7,5,3,1,36,0
0,0.92,1,1,0,0,5,1,2,0,6,80,0
52,0.698,0,0,0,1,0,6,3,0,5,48,0
25,0.743,1,0,0,0,0,4,8,0,0,64,0
1,0.624,0,0,0,0,0,4,3,0,2,2,1
0,0.92,0,0,0,0,0,4,0,3,2,116,1
48,0.698,1,1,1,2,1,13,0,1,6,6,0
2,0.91,1,0,1,0,0,17,1,0,2,53,0
1,0.624,0,0,0,0,0,3,1,0,0,65,0
18,0.802,2,0,2,0,0,11,5,0,0,174,0
1,0.624,0,0,0,0,0,8,3,0,1,135,1
0,0.92,0,0,0,0,0,0,2,0,1,83,0
0,0.92,0,0,0,0,5,0,2,2,0,28,0
7,0.939,0,0,0,1,0,6,1,2,0,30,0
1,0.624,1,0,0,0,0,1,2,2,0,58,0
40,0.949,0,0,0,0,0,1,4,0,0,38,0
1,0.624,1,0,1,0,0,13,6,5,6,176,1
4,0.92,1,0,1,1,0,1,1,0,6,24,0
9,0.924,0,0,0,1,4,19,5,0,2,70,0
2,0.91,0,0,0,1,2,0,2,0,1,34,0
19,0.893,0,0,0,0,0,4,2,4,0,52,0
13,0.55,0,0,0,0,0,4,0,1,0,48,0
58,0.698,0,0,1,1,0,6,0,0,3,42,1
13,0.55,0,1,0,1,4,2,0,1,4,39,1
2,0.91,0,0,0,0,0,11,8,0,1,4,0
1,0.624,1,0,1,0,0,3,7,0,0,192,1
0,0.92,0,0,0,0,0,10,3,0,0,8,0
28,0.6659999999999999,2,1,0,0,0,4,4,2,3,70,0
0,0.92,0,0,0,0,0,4,5,3,4,105,0
0,0.92,1,1,0,1,0,3,2,5,0,220,0
6,0.855,0,0,0,0,0,11,8,0,2,76,1
7,0.939,0,0,0,0,0,0,3,0,1,102,0
9,0.924,1,0,0,1,0,12,1,0,1,43,0
14,0.698,0,0,0,1,0,11,2,5,0,36,0
97,0.742,0,1,1,0,0,5,0,1,3,220,1
0,0.92,0,0,0,0,0,4,3,0,2,50,1
0,0.92,0,0,0,0,0,16,0,0,0,165,0
5,0.897,0,0,0,1,0,4,2,0,0,98,0
3,0.926,0,0,0,2,1,1,0,1,3,10,0
7,0.939,0,0,0,1,4,0,0,1,0,25,1
1,0.624,0,0,0,0,0,1,0,1,0,180,1
5,0.897,0,0,0,1,1,7,5,0,2,52,0
11,0.887,0,1,0,4,0,0,2,3,1,70,0
0,0.92,1,1,0,2,1,6,0,1,0,40,1
5,0.897,1,0,2,1,0,2,0,1,2,160,0
3,0.926,0,0,0,0,0,18,2,0,0,246,0
63,0.84,0,0,1,0,0,8,4,6,0,34,0
0,0.92,1,0,0,0,0,13,0,1,0,24,1
38,0.895,3,1,1,1,0,3,0,1,2,105,0
55,0.848,0,0,1,0,0,4,7,3,0,11,0
12,0.884,0,0,0,0,0,2,5,0,4,11,0
0,0.92,0,0,0,0,0,6,1,0,4,73,0
0,0.92,1,0,0,2,1,4,2,0,1,22,0
2,0.91,0,1,0,0,2,6,0,1,2,56,0
0,0.92,0,0,0,0,0,0,7,0,2,26,0
5,0.897,0,0,2,1,0,8,3,1,0,112,0
0,0.92,0,0,0,0,0,1,6,0,0,21,0
0,0.92,0,0,0,0,0,0,5,3,1,26,0
18,0.802,0,1,0,0,5,11,1,0,1,48,0
4,0.92,0,0,1,2,1,3,3,0,0,23,0
1,0.624,1,1,3,2,1,5,0,1,3,43,0
0,0.92,3,1,0,0,0,15,3,5,1,6,0
0,0.92,1,0,0,0,0,2,1,2,5,23,0
1,0.624,1,0,0,1,0,17,2,0,2,101,1
4,0.92,0,0,0,2,1,0,6,0,1,160,0
0,0.92,0,0,0,0,0,0,6,0,1,36,0
49,0.789,1,1,3,0,4,14,0,0,3,52,1
22,0.8959999999999999,0,1,2,2,1,1,6,4,3,210,1
0,0.92,0,0,0,0,0,0,7,0,1,188,1
0,0.92,0,0,0,0,0,0,2,0,5,192,0
0,0.92,2,0,0,0,0,10,1,2,0,226,0
47,0.555,0,0,0,0,0,6,0,1,0,112,0
2,0.91,0,0,0,1,0,7,7,0,1,50,0
5,0.897,1,0,0,1,0,7,1,2,0,48,0
4,0.92,0,0,0,0,2,0,0,1,1,50,0
54,0.8270000000000001,0,1,0,0,0,16,1,0,0,51,1
0,0.92,1,1,0,1,3,10,0,1,2,21,0
26,0.836,0,1,3,2,1,8,0,1,3,36,0
1,0.624,0,0,0,0,0,3,1,0,2,88,0
10,0.754,0,0,0,0,0,15,1,5,3,232,0
3,0.926,1,0,0,1,0,9,2,0,4,53,0
95,0.921,0,1,1,0,0,3,0,1,0,76,1
1,0.624,0,0,0,0,0,6,1,2,0,130,0
8,0.804,0,0,0,4,0,8,5,0,0,80,0
1,0.624,0,0,0,1,0,9,2,0,5,9,1
21,0.923,0,0,0,1,0,1,5,0,5,66,0
10,0.754,2,0,0,0,0,16,2,1,0,222,0
9,0.924,1,1,1,0,3,1,0,1,0,50,0
1,0.624,0,0,0,0,0,8,3,0,4,20,0
6,0.855,0,1,0,2,1,1,0,1,0,57,0
3,0.926,1,1,0,4,0,8,4,5,0,34,0
1,0.624,0,1,0,0,0,20,0,1,0,39,0
0,0.92,1,1,0,2,1,13,0,0,0,12,1
74,0.698,0,0,0,0,0,17,1,0,0,96,0
3,0.926,0,0,0,4,0,0,5,3,0,47,0
79,0.743,0,1,0,3,1,6,0,0,3,78,1
4,0.92,0,0,0,0,0,11,2,1,2,91,0
0,0.92,0,0,0,0,0,6,2,0,0,9,1
3,0.926,0,0,0,1,0,11,1,0,1,136,0
76,0.769,0,0,2,1,0,6,1,1,5,13,0
16,0.939,0,0,2,0,0,9,3,0,0,114,0
11,0.887,0,0,0,0,0,16,6,0,2,27,0
7,0.939,0,0,0,0,0,10,0,1,0,150,0
27,0.682,1,1,1,0,0,3,4,5,0,28,1
17,0.899,1,0,0,0,0,10,1,2,2,302,0
0,0.92,0,0,0,0,6,8,1,0,1,30,0
4,0.92,0,0,0,0,0,8,1,2,0,20,0
44,0.7759999999999999,1,0,2,0,0,2,1,0,0,8,0
7,0.939,0,1,1,2,1,2,0,0,3,40,0
6,0.855,0,0,0,0,0,7,4,2,0,20,0
17,0.899,0,0,2,2,1,6,0,3,2,48,0
0,0.92,1,1,0,0,3,12,2,0,1,166,0
0,0.92,0,1,0,1,0,0,5,3,1,132,0
12,0.884,1,0,2,1,0,17,7,0,0,40,0
0,0.92,0,0,0,0,0,0,1,0,2,19,0
0,0.92,0,0,0,0,0,2,2,0,5,138,0
0,0.92,0,1,1,0,0,2,0,1,3,108,1
33,0.6890000000000001,0,1,3,0,0,4,0,1,2,166,1
0,0.92,0,0,0,0,0,0,7,0,2,90,0
72,0.865,0,0,0,1,0,16,4,2,2,36,0
16,0.939,0,1,0,1,0,19,8,0,1,22,0
8,0.804,0,0,0,1,0,17,2,0,0,21,0
0,0.92,0,0,0,0,0,8,3,0,2,56,0
0,0.92,0,0,0,0,0,15,1,3,0,15,0
11,0.887,0,0,0,0,0,12,5,0,0,19,0
25,0.743,0,0,1,1,0,6,1,3,0,17,0
68,0.763,1,0,1,0,0,6,1,1,1,117,0
0,0.92,0,0,0,1,0,0,2,2,0,11,1
1,0.624,1,1,1,2,1,14,0,1,3,24,0
1,0.624,1,0,1,0,0,6,8,0,0,82,0
39,0.903,2,1,2,1,0,6,0,3,0,6,0
5,0.897,0,0,0,1,0,12,3,0,5,34,0
10,0.754,0,0,1,2,1,4,1,0,5,5,0
0,0.92,0,0,0,0,0,12,0,1,4,52,1
0,0.92,0,0,0,0,0,20,2,0,1,146,0
0,0.92,1,1,0,0,0,5,5,0,0,20,0
1,0.624,0,0,0,0,0,2,1,0,0,59,1
35,0.843,0,0,0,0,0,11,0,1,0,198,0
0,0.92,0,0,0,0,0,15,1,2,0,84,0
9,0.924,0,1,1,0,0,4,1,1,0,51,0
7,0.939,0,0,0,2,1,20,5,0,0,196,0
8,0.804,2,1,1,2,1,2,0,1,3,144,0
0,0.92,0,0,0,2,1,0,2,0,1,18,0
6,0.855,0,1,0,0,0,0,0,1,1,13,0
0,0.92,1,0,1,1,0,0,0,1,6,40,0
10,0.754,0,0,2,0,0,3,2,0,3,127,1
1,0.624,0,0,0,1,0,3,2,0,2,61,0
0,0.92,0,0,0,0,0,17,2,0,4,32,0
9,0.924,0,0,0,1,0,9,3,0,0,42,0
5,0.897,0,0,0,1,0,8,0,1,0,4,0
1,0.624,1,0,2,0,0,3,0,1,0,9,1
17,0.899,1,0,0,0,0,18,0,1,5,48,0
49,0.789,0,0,0,0,0,5,0,1,3,23,1
1,0.624,1,1,0,0,0,5,0,1,0,12,1
2,0.91,0,0,0,1,0,0,3,0,2,25,0
0,0.92,0,0,0,0,0,0,2,0,1,21,0
7,0.939,2,1,1,2,1,4,0,1,3,70,0
2,0.91,0,0,1,0,0,0,2,0,1,146,0
18,0.802,0,1,1,2,1,5,4,4,0,34,1
9,0.924,0,0,1,2,1,7,0,1,0,79,0
2,0.91,0,0,1,0,0,15,7,0,0,53,0
5,0.897,0,0,0,1,0,12,1,2,5,72,0
4,0.92,1,1,0,2,1,3,0,1,3,44,0
2,0.91,0,0,0,0,0,9,3,0,0,12,0
0,0.92,0,0,0,0,0,1,1,2,0,85,0
1,0.624,0,0,0,0,0,3,2,0,0,80,0
0,0.92,0,1,1,2,1,7,0,1,0,32,1
13,0.55,0,0,1,0,0,2,0,1,4,51,0
18,0.802,0,1,1,2,1,1,5,1,0,2,0
16,0.939,1,0,0,0,0,12,1,0,0,68,0
1,0.624,0,0,0,0,0,13,1,0,0,5,1
2,0.91,0,1,0,0,0,10,3,0,1,147,0
0,0.92,0,0,0,0,0,0,2,3,1,39,0
1,0.624,2,0,0,0,0,11,7,0,0,56,1
4,0.92,0,1,2,0,0,2,4,0,0,57,0
34,0.915,0,0,0,0,0,10,1,0,4,50,0
16,0.939,1,0,0,2,1,4,1,0,6,2,0
21,0.923,0,0,0,1,0,0,1,0,1,26,0
0,0.92,0,0,0,0,2,11,1,0,5,37,0
10,0.754,0,1,1,2,1,2,0,1,3,163,0
21,0.923,2,0,1,1,0,8,0,1,4,101,1
0,0.92,0,0,0,0,4,6,2,2,0,16,0
1,0.624,1,0,0,0,0,14,5,0,0,10,1
1,0.624,0,0,0,0,0,18,2,0,5,42,0
0,0.92,0,0,0,0,0,1,8,0,2,6,0
0,0.92,0,0,0,0,0,7,5,0,0,11,0
31,0.579,0,1,0,1,0,5,2,0,2,32,0
38,0.895,0,1,0,3,1,3,6,0,2,4,0
6,0.855,0,1,0,2,1,11,0,0,0,32,0
9,0.924,1,0,0,2,1,6,1,0,4,72,0
36,0.527,0,0,2,1,0,17,0,1,1,20,1
54,0.8270000000000001,2,0,0,0,5,2,0,1,0,132,1
11,0.887,0,1,0,2,1,5,0,1,0,40,0
22,0.8959999999999999,0,0,0,0,0,6,0,0,1,34,0
3,0.926,0,1,0,5,1,1,0,1,3,166,0
3,0.926,0,1,0,2,1,2,0,1,3,33,0
0,0.92,0,0,1,0,0,14,1,1,0,53,0
8,0.804,0,1,1,2,1,3,0,1,3,32,0
38,0.895,1,0,0,1,0,10,1,0,0,56,0
22,0.8959999999999999,0,1,0,1,2,14,4,5,0,9,1
41,0.794,0,0,2,0,0,8,0,0,0,11,0
13,0.55,0,1,1,2,1,5,0,1,0,10,1
0,0.92,1,0,0,0,0,22,0,1,1,198,1
24,0.762,1,0,1,0,0,3,2,0,2,83,0
0,0.92,0,1,1,0,0,6,0,1,2,262,1
2,0.91,0,0,0,0,0,12,5,0,2,19,0
3,0.926,1,0,0,1,0,11,1,0,0,91,0
7,0.939,2,0,0,0,0,8,2,0,2,40,0
2,0.91,0,1,0,0,0,10,1,0,1,90,0
12,0.884,0,0,0,1,0,17,5,0,1,36,0
1,0.624,1,0,0,0,0,13,6,4,0,38,1
0,0.92,0,0,0,0,0,20,3,0,1,56,0
18,0.802,0,0,0,0,0,18,5,0,2,90,0
11,0.887,1,1,1,1,2,4,0,5,5,88,0
1,0.624,0,0,0,0,0,4,4,4,0,26,1
0,0.92,0,0,0,0,0,0,0,1,0,26,1
1,0.624,0,0,0,0,4,0,1,0,1,68,0
0,0.92,2,0,0,0,0,17,3,0,2,168,0
0,0.92,1,1,0,1,2,3,3,6,6,131,0
25,0.743,1,0,0,1,0,22,0,1,2,144,0
1,0.624,0,0,0,0,0,8,4,0,1,24,1
0,0.92,0,0,0,0,0,1,1,0,0,92,0
7,0.939,0,0,0,0,0,0,0,1,1,157,0
0,0.92,0,0,0,0,0,0,4,0,2,26,0
0,0.92,0,0,0,0,0,2,3,0,2,8,0
0,0.92,0,1,0,0,0,1,1,0,2,35,0
14,0.698,1,1,2,2,1,5,1,0,0,16,0
43,0.5579999999999999,1,0,1,3,1,13,6,4,3,198,0
4,0.92,1,0,0,0,0,16,0,1,0,65,1
32,0.866,0,0,0,0,0,15,0,1,0,9,1
3,0.926,0,0,0,0,0,2,2,0,2,3,0
0,0.92,2,0,0,0,2,0,6,0,5,11,0
9,0.924,1,0,0,0,3,1,1,0,0,55,0
0,0.92,0,1,0,0,0,3,1,0,5,148,0
1,0.624,0,0,0,1,0,9,1,0,1,57,0
1,0.624,0,0,1,0,0,6,4,0,4,78,1
1,0.624,0,0,0,0,0,17,3,0,5,53,1
13,0.55,1,0,0,0,0,22,5,1,6,46,0
28,0.6659999999999999,0,0,0,0,0,7,1,0,0,38,0
2,0.91,0,0,0,1,5,18,4,1,0,50,0
15,0.913,0,0,0,2,1,0,4,0,0,77,0
1,0.624,0,0,0,0,0,11,1,0,0,67,1
0,0.92,0,1,1,2,1,8,0,1,0,82,0
2,0.91,1,1,0,5,1,9,1,0,2,21,0
4,0.92,0,0,0,0,0,2,4,2,0,102,0
0,0.92,3,0,0,0,0,19,3,3,4,52,1
32,0.866,3,0,1,1,0,7,7,0,1,36,0
26,0.836,0,0,0,0,0,19,1,0,1,65,0
0,0.92,0,1,0,0,0,19,0,1,0,88,0
2,0.91,0,0,0,2,1,1,6,4,0,98,1
2,0.91,2,0,0,0,3,2,0,1,0,146,0
19,0.893,0,0,0,0,0,8,2,2,0,26,0
1,0.624,0,0,0,4,0,0,0,1,1,36,1
14,0.698,1,1,1,0,0,1,0,1,0,27,1
3,0.926,1,1,0,4,0,21,5,3,2,24,0
75,0.698,0,0,0,1,0,3,5,0,0,42,0
24,0.762,1,0,0,0,0,4,1,5,0,22,0
30,0.925,0,0,0,0,0,0,4,0,3,120,0
15,0.913,0,1,0,1,0,5,0,3,0,34,0
16,0.939,0,1,1,2,1,1,0,1,2,96,0
69,0.847,0,1,1,0,6,8,0,1,3,11,1
0,0.92,0,0,0,0,3,19,3,0,1,53,0
0,0.92,0,0,2,0,0,17,7,2,0,20,0
42,0.738,1,0,1,0,0,18,0,1,5,13,1
32,0.866,0,0,0,1,0,0,8,0,0,42,0
0,0.92,2,1,0,0,4,0,0,1,1,33,1
1,0.624,1,0,0,0,0,3,0,1,0,284,1
25,0.743,0,0,0,1,0,4,3,0,0,109,0
6,0.855,1,0,0,1,0,4,4,1,2,146,0
0,0.92,0,0,0,0,0,4,3,0,1,46,0
1,0.624,0,0,1,0,0,1,1,1,0,47,1
23,0.767,0,0,0,0,0,3,4,2,0,22,0
1,0.624,0,1,0,0,0,4,0,1,3,36,0
1,0.624,0,1,1,2,1,6,0,1,3,4,0
0,0.92,0,1,0,5,1,13,0,1,3,83,0
7,0.939,0,0,0,1,0,17,1,0,0,54,0
1,0.624,0,1,0,5,1,5,0,1,3,4,0
23,0.767,1,1,1,0,0,3,0,1,0,94,1
1,0.624,2,0,1,1,0,8,1,4,3,218,1
0,0.92,0,0,0,0,0,2,1,0,0,58,0
42,0.738,0,0,0,0,0,12,5,0,2,29,1
1,0.624,0,0,2,1,0,12,1,1,0,112,1
38,0.895,0,0,0,1,0,19,2,0,2,14,0
1,0.624,0,0,0,0,0,4,3,0,0,99,1
18,0.802,0,0,1,2,1,6,1,0,0,17,0
0,0.92,1,1,0,1,0,0,3,0,1,91,0
4,0.92,0,0,0,0,0,0,4,2,0,94,0
0,0.92,0,0,0,0,0,0,1,0,2,46,0
0,0.92,0,0,0,0,0,1,1,0,0,24,0
17,0.899,1,0,0,0,0,9,1,2,3,110,0
1,0.624,1,1,1,2,1,14,0,1,3,26,1
7,0.939,0,0,2,0,0,8,6,4,0,114,0
2,0.91,2,0,0,1,2,2,2,0,2,74,0
12,0.884,0,0,0,1,0,11,6,0,0,36,0
13,0.55,0,0,0,0,0,5,2,0,0,55,0
8,0.804,0,0,0,5,1,11,0,1,1,78,0
1,0.624,0,0,0,1,0,8,2,0,1,36,1
4,0.92,0,1,2,0,0,12,3,3,1,50,0
2,0.91,0,0,0,0,2,0,1,0,2,47,0
0,0.92,2,1,0,0,0,3,0,1,1,108,1
3,0.926,0,1,0,3,1,0,6,0,3,60,0
1,0.624,0,1,1,1,0,4,0,1,3,15,1
1,0.624,0,1,1,0,0,3,0,1,3,90,1
8,0.804,0,0,0,1,0,2,1,0,4,148,0
3,0.926,0,0,0,1,0,7,3,0,0,42,0
1,0.624,0,1,1,0,0,13,0,1,3,87,0
6,0.855,0,0,0,0,0,9,3,1,5,36,0
0,0.92,0,0,0,0,0,15,2,0,1,45,0
8,0.804,0,0,0,1,3,17,3,3,0,166,0
0,0.92,0,0,0,1,0,0,3,0,2,34,1
3,0.926,2,0,0,4,0,18,2,0,5,156,1
13,0.55,1,0,0,0,0,1,1,0,2,57,1
0,0.92,0,0,1,0,0,6,4,3,0,36,1
2,0.91,2,0,0,0,0,0,2,0,1,18,0
3,0.926,0,0,2,2,1,20,2,0,0,13,0
1,0.624,0,1,0,1,0,10,0,0,6,12,1
5,0.897,0,0,0,1,2,7,0,1,2,80,0
28,0.6659999999999999,0,1,0,0,0,0,1,0,0,64,1
7,0.939,0,0,0,0,0,0,1,0,0,13,0
0,0.92,0,1,1,0,0,4,0,3,0,116,1
0,0.92,1,0,0,0,0,2,7,5,2,17,0
1,0.624,1,0,0,1,0,5,1,0,3,29,1
3,0.926,0,0,0,1,0,20,2,0,0,18,0
10,0.754,1,1,3,2,1,2,0,1,3,10,0
2,0.91,0,0,0,0,0,0,6,0,4,105,0
0,0.92,0,0,0,1,0,1,1,0,1,60,0
34,0.915,1,1,1,2,1,1,4,0,0,72,0
23,0.767,0,0,1,0,0,1,0,1,4,40,1
16,0.939,0,0,0,1,0,0,0,1,3,50,0
4,0.92,0,1,0,1,0,3,0,1,0,88,0
0,0.92,0,0,0,1,0,0,6,0,1,180,0
8,0.804,1,1,1,1,0,8,2,0,1,92,0
0,0.92,0,0,0,0,0,5,6,0,0,38,0
5,0.897,0,0,0,1,0,0,2,0,1,30,0
1,0.624,0,1,1,2,1,6,0,1,0,38,1
47,0.555,1,1,1,0,0,5,0,1,0,64,1
0,0.92,1,1,0,2,1,1,0,1,3,48,1
2,0.91,0,0,0,0,2,5,0,1,0,148,1
2,0.91,0,1,0,5,1,14,0,1,3,31,0
4,0.92,0,0,0,0,0,5,3,0,2,45,0
3,0.926,0,1,0,1,0,7,0,1,2,45,1
3,0.926,0,1,2,2,1,3,1,0,5,108,0
11,0.887,0,1,0,1,0,0,2,0,0,64,0
43,0.5579999999999999,0,0,2,0,0,3,1,0,2,330,0
56,0.691,2,0,0,0,0,8,1,0,2,31,0
3,0.926,0,0,0,0,0,0,0,1,1,31,0
5,0.897,0,1,0,2,1,2,0,1,3,42,0
2,0.91,0,0,0,0,0,0,5,0,2,62,0
0,0.92,1,1,1,0,0,2,0,1,3,22,1
3,0.926,0,0,0,2,1,1,6,0,3,6,0
0,0.92,0,1,0,2,1,2,0,1,0,89,0
0,0.92,0,0,0,0,0,15,5,3,4,10,0
0,0.92,2,0,0,0,0,20,0,1,0,12,1
3,0.926,0,0,0,1,0,17,2,1,2,96,0
2,0.91,0,0,0,0,0,0,4,0,1,60,0
48,0.698,0,1,1,0,0,16,3,3,2,67,1
1,0.624,0,0,0,0,0,8,2,0,0,44,0
1,0.624,0,0,0,1,0,2,4,0,2,13,1
1,0.624,0,0,0,0,0,1,1,1,0,88,1
12,0.884,0,0,0,0,0,0,0,1,1,126,0
40,0.949,0,1,0,0,0,3,6,2,1,43,0
1,0.624,2,0,0,1,3,9,6,5,0,17,0
1,0.624,1,1,1,0,0,1,0,1,3,98,1
0,0.92,0,0,0,0,0,16,4,1,4,18,0
2,0.91,0,1,1,0,0,5,0,1,3,78,1
25,0.743,1,0,0,1,0,6,1,0,2,4,0
42,0.738,0,0,0,0,0,18,8,0,5,2,0
3,0.926,0,0,2,0,5,6,1,0,2,19,0
109,0.645,0,0,0,1,0,8,0,1,2,11,0
1,0.624,1,1,1,0,0,6,4,2,2,151,1
1,0.624,1,1,3,2,1,3,0,1,6,145,0
0,0.92,1,0,0,0,5,15,6,0,1,36,0
43,0.5579999999999999,1,0,2,1,0,1,6,0,0,87,0
1,0.624,0,1,1,2,1,2,0,1,3,16,0
3,0.926,2,0,0,0,0,7,3,0,1,100,0
0,0.92,0,0,0,0,0,0,0,1,5,47,0
2,0.91,1,0,0,1,2,2,6,0,2,55,0
0,0.92,0,0,0,0,0,1,2,2,0,48,0
0,0.92,0,0,0,0,3,0,2,0,5,106,0
0,0.92,0,0,0,1,0,0,0,1,0,86,1
28,0.6659999999999999,0,0,2,0,0,2,3,0,3,22,0
1,0.624,0,1,1,0,0,3,0,1,3,62,1
0,0.92,2,1,0,2,1,14,0,1,3,48,0
2,0.91,0,0,0,4,0,16,5,0,0,21,0
0,0.92,1,1,0,0,0,2,8,3,2,6,0
0,0.92,0,0,0,1,0,0,2,0,1,48,0
17,0.899,0,0,2,0,0,2,4,0,0,92,0
1,0.624,1,0,0,1,0,14,0,1,1,35,0
0,0.92,0,0,0,0,0,11,1,0,0,47,0
84,0.556,0,1,0,0,0,13,1,0,0,290,1
1,0.624,1,0,0,1,0,2,3,0,0,4,0
54,0.8270000000000001,0,0,0,0,0,4,6,0,1,29,0
0,0.92,1,0,0,0,0,19,1,0,1,101,0
0,0.92,1,1,0,0,0,14,0,1,0,50,0
1,0.624,1,0,0,0,0,14,3,0,3,25,0
0,0.92,0,0,0,0,0,8,2,0,0,167,0
3,0.926,0,0,0,0,0,10,7,0,2,21,0
11,0.887,1,1,0,2,1,6,0,1,3,19,0
6,0.855,0,0,0,1,0,17,1,6,0,40,0
1,0.624,0,0,1,1,0,5,7,1,0,7,0
0,0.92,1,0,0,0,0,4,7,0,2,224,1
0,0.92,0,0,0,1,0,1,0,1,0,103,1
0,0.92,1,0,0,0,0,0,2,0,1,13,0
8,0.804,1,1,1,5,1,6,0,1,3,94,0
5,0.897,0,0,1,0,0,2,3,0,0,58,0
87,0.7759999999999999,0,1,0,4,0,0,0,1,3,114,0
43,0.5579999999999999,1,0,1,0,0,3,1,0,2,90,1
0,0.92,0,0,0,0,0,8,7,3,2,112,0
1,0.624,1,1,0,0,0,5,2,0,0,54,0
37,0.8270000000000001,1,1,2,0,0,5,4,0,0,246,0
14,0.698,1,1,2,0,0,4,1,5,2,135,1
1,0.624,0,0,1,1,0,5,2,0,0,13,0
4,0.92,0,0,0,0,0,0,0,1,0,218,0
15,0.913,1,1,0,4,0,16,2,5,3,262,0
30,0.925,0,0,0,1,0,9,2,1,0,73,0
0,0.92,0,1,0,0,0,10,7,3,5,286,0
0,0.92,0,0,0,0,0,0,0,1,0,34,1
0,0.92,2,0,0,1,0,9,1,0,0,16,0
2,0.91,0,0,0,0,0,0,3,0,2,70,0
3,0.926,0,0,2,1,0,12,3,0,2,16,0
6,0.855,0,0,1,0,0,8,2,2,0,36,1
2,0.91,0,0,0,2,1,19,2,3,1,23,0
1,0.624,0,0,0,0,0,14,2,0,0,75,1
1,0.624,0,0,1,0,0,15,2,0,2,35,0
83,0.847,0,1,1,2,1,5,0,1,0,7,0
69,0.847,0,1,1,0,0,5,0,1,3,7,1
0,0.92,0,0,0,0,0,2,2,0,4,9,0
1,0.624,2,0,1,0,0,4,0,1,0,6,0
4,0.92,0,0,0,1,0,0,8,0,4,26,0
28,0.6659999999999999,0,1,0,0,0,3,0,1,2,44,1
4,0.92,1,1,1,2,1,2,3,0,0,4,0
1,0.624,0,0,0,1,0,1,3,1,0,194,0
12,0.884,0,1,1,0,0,3,0,1,3,11,1
33,0.6890000000000001,0,0,0,5,1,15,0,1,1,154,0
3,0.926,1,1,0,2,1,6,0,1,3,24,0
0,0.92,1,0,0,0,2,3,0,1,0,58,1
0,0.92,0,0,0,0,0,21,2,5,2,56,0
58,0.698,0,1,1,0,0,5,0,1,3,48,0
48,0.698,1,0,0,1,0,16,1,0,2,60,0
1,0.624,0,1,1,2,1,1,0,1,3,47,1
4,0.92,0,0,0,0,0,13,0,1,0,26,1
0,0.92,0,0,0,0,0,20,2,2,0,42,0
0,0.92,0,0,0,0,0,0,1,0,4,218,0
1,0.624,0,0,0,0,0,2,1,0,5,8,0
0,0.92,0,0,0,0,0,9,3,0,2,166,0
2,0.91,0,0,0,4,0,0,2,0,2,20,1
0,0.92,0,0,0,0,0,3,2,0,0,98,0
4,0.92,0,1,0,5,1,13,0,1,3,60,1
5,0.897,0,0,0,1,0,12,0,1,0,46,0
1,0.624,1,0,0,0,0,7,1,0,0,90,0
1,0.624,1,0,0,1,0,14,6,4,0,40,1
17,0.899,0,0,0,0,2,20,1,0,0,20,0
1,0.624,1,1,0,1,0,13,0,1,0,126,0
0,0.92,1,0,0,1,0,20,7,0,1,58,1
29,0.89,0,0,1,0,0,4,2,1,0,28,0
45,0.925,0,0,0,0,0,8,6,2,0,27,0
1,0.624,0,0,1,2,1,6,0,1,0,62,1
1,0.624,0,1,1,2,1,3,0,1,3,148,1
100,0.698,0,0,0,1,0,9,0,1,0,23,1
0,0.92,0,0,0,0,5,7,2,0,5,50,0
0,0.92,1,0,0,0,0,3,6,0,3,55,0
5,0.897,0,1,0,1,0,16,4,2,2,14,0
0,0.92,1,1,3,3,1,4,0,1,3,8,0
1,0.624,1,0,1,0,0,4,5,0,2,30,0
28,0.6659999999999999,0,1,0,5,1,14,0,1,3,7,0
0,0.92,0,0,0,0,0,0,0,1,1,198,1
1,0.624,1,1,1,0,0,13,0,0,3,16,1
1,0.624,1,0,0,0,0,14,4,0,0,18,1
16,0.939,0,0,0,1,6,18,2,0,0,124,0
0,0.92,0,0,0,0,0,0,7,0,0,37,0
34,0.915,1,0,0,0,0,5,8,0,0,30,0
10,0.754,0,0,2,2,1,6,6,0,2,176,0
42,0.738,0,0,0,0,0,7,2,0,1,18,0
6,0.855,0,0,0,0,0,16,5,0,0,47,0
1,0.624,0,1,1,0,0,1,0,1,3,34,1
26,0.836,1,1,1,1,0,2,0,1,0,15,1
72,0.865,0,0,1,0,0,4,4,4,4,92,0
7,0.939,0,0,0,0,0,17,7,0,1,116,0
0,0.92,0,1,1,2,1,11,0,1,3,37,1
1,0.624,1,0,0,0,0,8,4,0,0,84,0
2,0.91,0,0,0,1,0,8,5,0,0,82,0
3,0.926,2,1,2,0,0,1,3,0,0,10,0
0,0.92,1,1,1,0,0,1,0,1,3,34,0
59,0.74,0,1,0,0,0,0,0,1,3,31,0
1,0.624,2,0,1,1,0,14,4,0,0,54,1
55,0.848,0,0,0,0,0,8,6,0,1,8,0
46,0.698,0,1,0,0,0,0,2,3,1,24,0
6,0.855,0,1,1,2,1,8,0,1,0,19,0
1,0.624,0,0,0,0,0,14,4,0,0,17,1
1,0.624,1,0,0,0,0,3,4,0,0,66,1
3,0.926,0,0,0,1,0,8,1,0,0,150,1
5,0.897,1,1,0,5,1,14,0,1,0,50,0
83,0.847,0,0,1,0,0,1,2,0,4,51,0
1,0.624,0,0,0,0,0,12,2,2,1,9,1
0,0.92,0,0,0,0,0,8,3,0,2,88,0
44,0.7759999999999999,1,1,0,1,0,13,4,0,0,108,0
7,0.939,0,1,0,0,3,0,6,0,1,83,0
24,0.762,0,0,1,0,0,14,6,4,3,58,0
2,0.91,0,0,0,0,0,18,5,3,0,85,0
82,0.856,0,0,0,0,0,0,0,1,0,78,0
0,0.92,0,0,0,0,0,0,6,0,1,47,0
4,0.92,0,0,0,1,2,0,4,5,1,278,0
0,0.92,0,1,0,0,2,1,3,0,5,56,1
7,0.939,0,0,0,2,1,3,1,0,0,22,0
59,0.74,0,1,0,0,0,0,0,1,0,12,0
4,0.92,0,0,0,0,0,8,6,2,0,70,0
0,0.92,0,0,0,0,0,0,5,5,1,50,0
0,0.92,0,0,0,0,0,0,6,0,2,47,0
0,0.92,1,1,0,0,0,7,2,0,4,101,0
15,0.913,0,0,0,0,0,0,1,0,1,41,0
0,0.92,0,0,1,0,0,7,7,2,2,21,0
0,0.92,3,0,0,0,2,16,2,5,0,7,0
11,0.887,1,1,1,4,0,6,5,3,1,124,0
12,0.884,0,0,0,0,0,10,5,0,0,82,0
0,0.92,0,0,1,0,0,6,5,0,4,33,0
25,0.743,0,0,0,1,0,0,2,0,1,30,0
9,0.924,0,0,0,2,1,4,0,1,0,82,1
0,0.92,3,0,0,0,0,21,3,3,0,14,0
0,0.92,0,0,0,0,0,1,3,0,0,20,0
0,0.92,1,1,1,0,0,2,0,1,0,106,1
0,0.92,0,0,0,0,0,0,3,0,1,33,0
0,0.92,0,0,0,1,0,1,8,0,1,69,0
36,0.527,0,0,1,0,0,5,4,0,0,88,0
12,0.884,0,0,0,0,0,11,4,0,2,42,0
2,0.91,0,0,0,4,0,0,8,0,0,30,0
1,0.624,0,0,0,1,0,9,3,0,2,113,1
11,0.887,0,1,2,0,0,3,0,1,3,32,1
1,0.624,2,0,0,1,0,9,8,0,1,36,1
57,0.698,2,1,0,0,2,14,0,1,0,52,1
2,0.91,0,0,1,3,1,1,2,0,2,66,0
0,0.92,0,0,0,1,0,0,1,5,0,21,0
0,0.92,1,0,0,1,0,0,1,0,1,101,0
1,0.624,1,0,0,0,0,1,1,4,6,32,0
42,0.738,0,0,0,0,0,18,3,0,0,94,0
4,0.92,1,1,0,1,2,5,6,4,0,43,0
0,0.92,3,0,0,0,0,2,1,1,0,141,0
0,0.92,0,0,0,1,0,17,6,0,2,20,0
0,0.92,0,0,0,0,5,0,7,0,2,39,0
1,0.624,0,0,0,0,0,18,7,0,3,4,1
11,0.887,0,0,0,0,0,6,1,0,4,20,0
0,0.92,2,1,0,0,0,7,0,1,2,87,1
3,0.926,0,0,0,2,1,4,5,0,5,15,1
0,0.92,0,0,0,0,0,7,4,0,0,21,1
1,0.624,1,0,0,1,0,2,0,1,0,9,1
1,0.624,1,1,0,0,0,13,1,4,0,34,1
4,0.92,1,1,1,0,0,6,2,0,0,157,0
17,0.899,0,0,0,2,1,5,1,2,0,4,0
87,0.7759999999999999,2,0,0,0,0,18,0,1,1,13,1
0,0.92,0,0,0,0,2,0,2,0,1,94,0
1,0.624,0,1,1,0,0,5,0,1,3,13,1
1,0.624,2,1,1,0,0,9,0,1,3,53,1
5,0.897,1,1,1,0,0,4,0,1,0,17,1
3,0.926,0,0,0,1,0,0,3,0,5,2,0
0,0.92,1,0,0,0,2,5,2,2,2,5,0
19,0.893,0,0,0,1,0,16,3,0,0,107,0
2,0.91,0,0,0,0,0,7,3,0,2,12,0
0,0.92,0,0,0,0,0,9,3,0,1,51,0
14,0.698,0,1,0,2,1,3,1,0,0,13,0
13,0.55,0,1,1,2,1,3,0,1,3,19,0
0,0.92,2,0,0,0,0,3,2,0,0,19,0
42,0.738,0,1,1,0,3,1,2,0,0,8,0
0,0.92,0,0,0,0,0,2,1,0,0,16,0
2,0.91,1,1,1,2,1,14,4,0,2,58,0
4,0.92,1,1,0,3,1,1,0,1,3,82,0
1,0.624,0,1,0,0,0,1,3,0,5,264,1
4,0.92,0,1,1,0,3,3,0,1,3,13,1
1,0.624,0,1,0,0,0,4,3,0,0,50,1
0,0.92,0,0,0,0,0,19,2,0,2,55,0
0,0.92,0,0,0,0,0,12,6,0,0,120,0
7,0.939,0,0,0,0,0,0,2,0,1,7,0
44,0.7759999999999999,0,0,1,0,0,1,3,0,3,42,0
2,0.91,0,1,1,1,0,12,0,1,2,76,1
5,0.897,1,1,2,4,0,1,3,3,2,7,1
3,0.926,1,0,0,1,0,0,1,0,3,66,0
62,0.7959999999999999,0,1,1,2,1,3,4,0,0,12,1
42,0.738,0,1,0,0,0,5,0,1,3,13,0
10,0.754,1,0,0,0,0,10,2,0,4,90,0
1,0.624,2,1,0,0,0,5,6,5,0,26,0
50,0.727,0,0,0,1,0,0,0,1,1,85,0
78,0.795,0,0,0,0,0,7,6,0,0,16,0
50,0.727,1,0,0,0,0,4,0,0,0,23,0
47,0.555,0,1,1,0,0,6,4,0,0,102,1
2,0.91,1,0,0,0,0,16,2,0,0,202,0
0,0.92,1,1,1,0,0,22,3,1,6,20,1
26,0.836,2,0,0,0,0,15,5,0,1,130,0
19,0.893,3,0,0,0,0,17,5,0,4,11,0
2,0.91,0,0,0,0,0,1,2,0,2,4,0
0,0.92,2,0,0,0,0,19,2,0,3,79,0
0,0.92,1,0,2,0,4,12,6,0,0,9,1
15,0.913,0,0,0,1,0,18,5,0,5,54,0
0,0.92,0,0,0,0,4,0,0,1,1,78,1
1,0.624,0,0,1,0,0,5,1,2,0,176,0
1,0.624,0,0,0,1,0,4,3,0,5,55,0
0,0.92,1,1,1,0,0,3,0,1,0,49,0
0,0.92,0,0,0,0,0,20,5,0,4,23,0
1,0.624,0,0,1,0,0,2,7,1,3,44,1
0,0.92,0,0,0,1,0,0,4,2,2,308,0
0,0.92,0,1,0,5,1,2,0,1,3,15,0
2,0.91,0,0,0,2,1,17,8,3,1,52,1
0,0.92,0,0,0,0,0,17,2,0,0,29,0
44,0.7759999999999999,1,0,1,0,0,0,5,0,4,132,0
0,0.92,1,1,1,0,0,2,3,3,0,33,0
1,0.624,0,0,0,0,0,3,2,0,5,77,0
91,0.563,1,0,0,0,0,7,6,5,1,108,0
42,0.738,1,1,0,1,0,10,1,0,6,44,0
6,0.855,0,0,3,0,0,12,1,0,2,27,0
0,0.92,0,0,0,0,0,0,2,2,0,50,0
13,0.55,1,0,0,0,0,1,4,0,0,45,0
34,0.915,0,0,0,0,0,6,8,0,1,70,0
0,0.92,0,0,0,0,0,0,0,1,5,96,0
1,0.624,0,1,1,1,0,3,0,1,3,23,0
1,0.624,1,0,0,0,0,9,1,0,0,6,1
0,0.92,2,1,0,0,3,4,0,1,2,56,1
42,0.738,0,1,1,0,0,7,0,1,3,48,0
31,0.579,0,0,0,0,0,11,0,1,0,34,1
1,0.624,2,0,0,1,0,7,0,1,0,164,0
0,0.92,0,0,0,0,0,6,1,2,4,51,0
0,0.92,0,0,0,1,0,0,3,0,1,19,0
20,0.878,1,0,0,2,1,1,0,1,5,90,0
14,0.698,2,0,0,1,0,4,4,1,0,178,0
14,0.698,1,0,2,0,0,6,1,1,0,42,0
0,0.92,0,0,0,1,0,0,5,3,1,36,0
1,0.624,0,0,0,1,0,3,1,4,0,10,0
1,0.624,1,1,1,0,0,3,0,3,0,14,0
1,0.624,1,0,0,0,6,7,3,0,2,4,1
6,0.855,0,0,0,1,0,20,0,1,0,88,0
43,0.5579999999999999,0,1,0,0,0,2,0,1,0,92,1
26,0.836,0,1,0,0,0,0,0,1,2,180,0
31,0.579,0,0,0,0,0,4,2,0,2,17,0
12,0.884,1,1,0,3,1,5,0,1,3,162,0
1,0.624,0,0,0,0,0,6,5,0,2,25,1
15,0.913,0,1,0,1,0,0,3,0,1,80,0
9,0.924,0,1,1,2,1,13,0,1,3,278,0
3,0.926,0,1,0,2,1,5,0,1,3,31,0
0,0.92,1,0,0,0,0,1,3,0,0,156,0
39,0.903,1,1,0,3,1,3,0,3,3,62,0
6,0.855,0,0,0,2,1,15,1,0,2,34,0
0,0.92,2,1,1,0,0,5,0,1,0,21,1
14,0.698,0,1,1,0,0,8,0,1,0,286,1
4,0.92,0,1,0,1,0,16,0,1,0,6,1
75,0.698,0,0,0,1,0,11,6,0,2,29,1
1,0.624,1,0,0,0,0,3,6,0,0,23,1
3,0.926,0,1,1,0,0,8,0,0,3,31,0
4,0.92,1,0,0,0,0,10,6,4,0,116,0
0,0.92,0,0,0,4,0,0,6,0,3,144,0
3,0.926,0,0,0,4,0,0,2,0,4,30,0
0,0.92,1,0,0,0,0,3,3,0,0,52,0
2,0.91,0,1,1,0,0,9,2,2,0,74,0
19,0.893,0,0,0,0,0,8,7,0,4,15,1
12,0.884,0,0,2,0,0,9,1,0,2,69,0
0,0.92,0,1,0,0,0,3,2,3,0,9,0
0,0.92,2,0,0,0,0,15,3,0,2,7,0
0,0.92,0,0,0,0,3,12,5,0,1,80,0
2,0.91,0,0,0,0,0,6,0,1,0,54,0
9,0.924,0,1,1,0,5,1,0,1,3,55,0
0,0.92,2,1,1,0,0,4,0,1,0,18,1
1,0.624,1,0,0,1,0,18,3,0,5,134,1
67,0.722,0,0,0,0,0,2,0,1,2,212,1
0,0.92,0,0,0,0,0,0,3,0,1,77,0
30,0.925,1,0,0,0,0,0,1,0,1,20,0
1,0.624,0,0,0,0,0,17,4,0,5,42,1
28,0.6659999999999999,1,0,0,0,0,2,6,0,5,40,0
10,0.754,0,0,0,0,0,9,3,0,3,12,0
0,0.92,0,0,0,0,0,2,6,4,0,190,0
7,0.939,0,0,0,0,0,0,8,0,1,67,0
16,0.939,1,1,2,2,1,2,2,1,3,7,0
1,0.624,0,0,0,0,0,7,3,0,0,222,0
35,0.843,0,0,0,0,0,0,3,3,1,12,0
1,0.624,0,0,0,1,0,2,3,0,2,164,0
28,0.6659999999999999,0,0,0,2,1,18,1,2,0,71,0
1,0.624,0,0,0,0,0,3,3,0,0,19,1
4,0.92,0,0,0,0,0,11,6,1,3,166,1
31,0.579,0,0,2,0,0,16,1,2,2,48,1
12,0.884,0,1,0,2,1,2,2,3,3,44,1
0,0.92,1,0,0,0,0,4,4,1,0,17,0
6,0.855,0,0,0,0,0,11,1,0,0,150,0
0,0.92,1,1,0,0,5,5,5,0,2,80,1
16,0.939,0,0,0,4,0,12,4,2,2,13,0
15,0.913,0,0,0,2,1,7,4,0,4,30,0
1,0.624,1,1,2,0,0,7,2,5,0,107,1
15,0.913,0,0,0,0,0,0,5,0,1,12,0
23,0.767,1,1,3,3,1,14,0,0,3,9,0
3,0.926,1,1,1,0,0,9,0,1,3,9,0
18,0.802,0,0,0,0,0,8,4,0,1,75,0
0,0.92,0,0,0,0,5,1,2,0,2,22,0
67,0.722,0,0,0,0,0,11,4,0,0,91,0
1,0.624,1,1,3,2,1,14,0,1,6,2,0
0,0.92,0,0,0,1,0,0,6,0,1,56,0
0,0.92,1,1,1,0,0,5,0,1,0,43,0
2,0.91,0,0,0,0,0,0,0,1,0,29,0
1,0.624,0,0,0,1,0,2,2,0,2,37,0
60,0.83,0,0,0,0,0,12,4,0,1,19,0
2,0.91,0,0,0,1,0,0,2,5,1,30,0
5,0.897,0,0,0,0,0,10,6,0,1,122,1
51,0.698,0,0,0,1,0,0,4,2,1,4,0
1,0.624,1,0,0,0,0,1,1,0,0,304,1
5,0.897,0,0,0,1,0,0,0,1,0,90,0
11,0.887,1,1,1,1,0,3,0,3,0,30,1
0,0.92,0,0,0,0,0,6,1,1,2,256,0
0,0.92,0,0,0,0,4,4,6,0,0,37,0
2,0.91,1,1,0,0,0,13,3,0,0,28,0
1,0.624,0,0,0,0,0,3,1,0,2,84,1
21,0.923,1,0,0,0,0,12,7,2,4,18,0
3,0.926,1,0,0,3,1,0,6,0,3,97,0
42,0.738,0,0,1,1,0,6,5,0,2,148,0
7,0.939,1,1,0,3,1,6,0,3,3,72,1
24,0.762,0,0,3,4,0,10,6,2,1,19,0
25,0.743,0,0,0,1,0,11,0,1,0,28,1
0,0.92,1,1,1,0,2,14,1,3,0,196,1
1,0.624,0,1,1,2,1,6,0,1,3,94,0
3,0.926,0,0,0,1,0,19,6,0,1,7,0
16,0.939,0,0,0,2,1,9,4,2,5,6,0
2,0.91,0,0,0,2,1,19,4,0,2,74,0
45,0.925,0,1,1,0,0,6,0,1,2,78,1
5,0.897,0,0,0,0,0,10,5,0,1,36,0
0,0.92,0,0,0,1,0,2,1,5,0,154,0
0,0.92,0,0,0,0,3,0,5,0,1,11,0
7,0.939,0,0,0,0,0,0,3,0,4,94,0
27,0.682,0,1,1,5,1,3,0,1,3,73,0
1,0.624,2,1,0,0,3,13,0,1,0,78,1
6,0.855,0,0,0,1,0,11,1,0,2,8,0
1,0.624,1,0,0,0,0,9,0,1,5,222,1
0,0.92,0,0,0,0,4,1,0,1,0,32,1
21,0.923,0,1,1,0,0,3,0,1,0,236,0
2,0.91,0,0,0,0,0,0,5,0,1,102,0
70,0.74,1,0,0,0,0,17,3,0,0,63,1
68,0.763,0,0,0,1,0,1,6,0,0,68,1
2,0.91,0,0,0,1,0,4,0,1,0,41,0
21,0.923,0,1,1,2,1,5,0,1,3,52,0
50,0.727,2,0,2,0,0,6,2,0,2,127,0
0,0.92,1,1,0,0,2,7,0,1,2,67,1
40,0.949,1,0,0,1,0,0,5,0,6,62,0
22,0.8959999999999999,0,0,0,2,1,8,0,1,0,51,0
52,0.698,1,0,0,1,0,13,4,0,6,29,1
2,0.91,0,0,0,1,0,10,3,0,5,34,0
5,0.897,0,0,3,3,1,17,0,1,3,57,0
1,0.624,1,1,1,0,0,1,0,1,6,47,0
9,0.924,1,0,0,0,0,0,3,0,2,90,0
25,0.743,0,0,0,1,0,8,7,0,5,24,0
2,0.91,1,0,0,1,0,12,3,0,1,240,0
1,0.624,0,0,1,1,0,9,2,0,2,41,1
4,0.92,1,0,0,3,1,2,2,0,0,206,0
17,0.899,0,0,0,0,0,9,6,2,2,36,0
5,0.897,0,0,0,1,0,22,2,1,6,46,0
65,0.698,0,1,0,0,0,2,6,0,0,48,0
48,0.698,0,0,1,0,0,4,4,0,2,100,0
0,0.92,0,0,0,0,0,21,0,1,2,104,0
22,0.8959999999999999,0,1,1,1,0,7,0,1,4,34,1
4,0.92,2,0,0,0,2,3,6,2,2,33,0
0,0.92,1,1,1,0,0,22,4,1,0,41,1
11,0.887,0,0,0,0,0,12,0,1,0,15,1
29,0.89,1,1,1,2,1,14,0,1,3,21,0
4,0.92,0,0,0,0,0,17,1,2,0,10,0
1,0.624,0,0,0,0,0,13,6,4,0,84,1
0,0.92,0,0,0,0,0,15,3,0,2,121,0
67,0.722,2,0,0,0,0,0,0,1,1,36,0
1,0.624,0,0,3,0,0,9,6,4,3,6,1
2,0.91,0,0,0,1,0,0,7,0,0,34,1
1,0.624,0,0,0,0,0,14,0,1,4,124,1
3,0.926,0,0,0,2,1,9,1,0,1,41,0
2,0.91,0,0,0,0,0,0,5,0,5,35,0
0,0.92,1,1,0,1,0,10,0,1,1,109,1
9,0.924,0,0,2,1,0,18,0,1,1,25,0
0,0.92,0,0,0,0,0,0,0,1,2,48,1
2,0.91,0,0,0,2,1,4,0,1,0,86,0
4,0.92,2,0,0,2,1,7,1,2,0,35,1
62,0.7959999999999999,0,0,0,1,0,11,2,0,2,26,0
40,0.949,0,0,0,0,0,10,6,0,0,116,0
17,0.899,0,0,2,3,1,6,5,1,0,42,0
2,0.91,0,1,1,1,0,2,0,1,0,50,0
4,0.92,0,1,1,0,0,6,0,1,0,70,0
1,0.624,2,1,1,0,0,5,0,1,0,21,1
1,0.624,1,0,0,0,0,5,2,4,0,7,0
32,0.866,0,0,1,1,0,7,7,0,0,163,0
0,0.92,0,1,1,0,0,13,0,1,3,110,0
3,0.926,0,1,0,2,1,5,4,2,2,59,0
3,0.926,0,0,0,1,0,0,0,1,5,39,0
0,0.92,2,0,0,0,0,11,7,5,1,20,0
2,0.91,0,0,0,2,1,9,1,2,0,120,0
0,0.92,0,0,0,0,0,17,2,0,2,56,0
47,0.555,1,1,2,0,0,11,0,1,1,140,1
69,0.847,2,0,0,0,3,12,6,0,2,20,0
34,0.915,0,1,0,1,0,10,5,3,3,28,0
4,0.92,1,0,0,0,0,0,1,0,1,72,1
1,0.624,0,0,1,1,0,4,1,0,2,103,0
2,0.91,0,0,0,1,0,5,6,0,0,15,0
32,0.866,0,0,0,1,0,9,2,0,2,32,0
1,0.624,0,0,0,1,0,4,0,1,0,56,1
0,0.92,0,0,0,0,0,0,5,0,1,4,0
1,0.624,0,0,0,1,0,2,5,0,5,157,1
32,0.866,0,1,1,0,0,4,0,1,3,18,0
22,0.8959999999999999,0,1,0,4,0,0,0,5,0,48,0
0,0.92,0,0,0,0,0,0,7,0,1,40,0
0,0.92,0,0,0,2,1,1,0,1,0,24,1
61,0.579,0,0,0,0,4,11,0,1,4,52,0
0,0.92,0,0,0,0,0,6,1,0,0,27,0
2,0.91,0,0,0,0,4,16,8,0,5,145,0
1,0.624,0,0,1,0,0,5,4,4,0,56,0
14,0.698,1,0,1,0,0,12,6,0,0,12,1
0,0.92,0,0,0,1,0,10,0,1,1,42,1
0,0.92,1,0,0,1,2,2,7,0,2,23,0
28,0.6659999999999999,0,0,0,0,0,6,1,0,5,280,0
0,0.92,0,1,0,1,0,12,0,1,0,5,1
0,0.92,3,1,1,0,0,4,0,1,2,82,0
0,0.92,0,0,0,0,4,0,3,0,3,109,0
22,0.8959999999999999,1,0,0,2,1,3,4,2,0,28,0
13,0.55,0,0,0,1,0,18,5,3,1,107,0
0,0.92,1,0,0,0,2,5,1,2,0,13,0
36,0.527,1,0,1,0,0,3,0,1,2,108,1
0,0.92,0,0,0,1,0,0,1,2,1,59,0
1,0.624,0,1,0,1,0,8,8,0,0,62,0
3,0.926,0,0,2,2,1,21,2,0,1,78,0
1,0.624,1,0,3,1,0,1,1,0,0,172,1
0,0.92,0,1,0,0,0,0,3,0,1,63,0
3,0.926,0,1,1,0,6,9,0,1,2,18,1
0,0.92,0,0,0,0,4,15,1,2,0,70,0
1,0.624,1,1,0,1,0,5,1,0,0,22,0
3,0.926,0,0,0,4,0,19,0,1,5,162,0
0,0.92,0,1,0,0,0,11,1,0,4,60,0
4,0.92,1,1,1,2,1,5,0,1,2,110,0
0,0.92,0,0,0,0,0,0,0,1,4,40,0
1,0.624,0,0,0,4,0,0,0,1,2,16,1
1,0.624,1,0,1,0,0,5,1,0,2,264,0
2,0.91,2,0,0,1,4,5,4,0,0,78,0
28,0.6659999999999999,0,0,0,0,0,15,2,0,1,18,1
17,0.899,0,0,1,1,0,17,7,2,0,20,0
0,0.92,0,0,0,0,0,5,3,0,0,16,0
40,0.949,0,0,0,0,0,16,8,0,2,158,0
1,0.624,0,0,0,0,0,0,0,1,1,78,1
3,0.926,1,0,0,1,3,6,5,0,3,57,0
62,0.7959999999999999,0,0,0,0,0,8,7,0,5,77,0
3,0.926,0,1,1,1,0,12,1,5,0,50,0
34,0.915,2,1,0,4,2,7,5,5,2,41,0
7,0.939,0,0,0,0,0,0,6,0,1,31,0
2,0.91,1,0,0,2,1,10,6,0,1,38,0
3,0.926,0,1,1,2,1,4,3,0,3,72,0
19,0.893,0,0,2,0,0,12,4,0,1,17,0
19,0.893,1,1,0,4,0,0,5,3,1,4,0
1,0.624,2,1,1,2,1,6,0,1,0,26,1
3,0.926,0,0,0,1,0,21,0,1,1,104,0
0,0.92,0,0,0,0,2,16,3,0,2,72,0
3,0.926,1,0,0,2,1,0,1,0,1,52,0
3,0.926,0,1,0,4,4,2,0,1,4,26,0
29,0.89,0,1,1,1,0,1,0,1,0,49,0
21,0.923,1,0,0,0,5,11,2,1,1,7,0
3,0.926,0,0,0,0,0,15,0,1,0,56,1
8,0.804,0,0,0,0,0,8,5,0,1,26,0
44,0.7759999999999999,2,1,1,0,3,13,2,1,0,34,0
0,0.92,1,0,2,0,0,2,6,1,0,45,0
61,0.579,0,0,0,0,0,8,2,0,2,97,1
0,0.92,0,0,0,0,0,11,1,0,1,290,0
0,0.92,0,0,0,0,0,17,1,2,0,84,0
1,0.624,0,0,0,0,0,6,7,0,2,55,1
0,0.92,0,0,0,0,0,7,3,3,1,166,0
0,0.92,0,0,0,1,0,18,1,0,0,23,0
2,0.91,1,0,0,4,0,10,4,0,5,4,0
3,0.926,1,1,0,1,0,9,3,0,0,18,0
0,0.92,0,0,0,0,0,0,1,0,1,60,0
2,0.91,1,0,3,1,0,9,0,1,5,47,1
1,0.624,1,0,0,0,0,7,8,0,0,10,1
12,0.884,0,0,0,1,0,9,7,0,2,153,0
5,0.897,0,0,2,0,0,2,2,0,5,40,0
3,0.926,0,1,3,2,1,2,0,1,3,46,0
1,0.624,1,0,1,1,0,14,2,3,0,7,0
1,0.624,1,0,0,0,0,4,3,0,2,47,1
0,0.92,2,0,0,0,0,0,5,3,2,180,0
10,0.754,2,0,0,3,1,5,1,1,0,17,0
2,0.91,1,1,0,3,1,21,0,1,2,68,0
2,0.91,0,0,0,0,0,9,2,0,1,72,0
50,0.727,0,0,3,0,0,4,0,1,0,122,1
9,0.924,0,0,1,5,1,11,0,1,0,8,0
0,0.92,0,0,1,0,0,13,6,4,0,73,0
0,0.92,0,0,0,0,0,0,1,2,2,22,0
0,0.92,2,0,0,0,0,9,0,1,0,46,1
1,0.624,0,0,0,0,0,6,0,1,3,84,1
27,0.682,2,0,0,0,0,4,1,0,0,71,0
6,0.855,0,0,0,0,0,12,0,1,1,143,0
1,0.624,0,1,1,2,1,8,0,1,3,48,1
0,0.92,0,1,0,0,0,0,0,1,3,53,1
4,0.92,3,0,1,1,0,4,4,0,0,21,0
32,0.866,2,0,1,0,0,1,0,0,3,40,1
3,0.926,0,1,0,1,2,9,6,4,0,133,0
7,0.939,1,1,0,3,1,13,0,1,0,75,0
28,0.6659999999999999,0,0,0,0,0,6,2,0,0,126,0
9,0.924,0,0,0,0,0,0,8,0,4,64,0
1,0.624,0,0,0,1,0,1,2,0,0,146,1
91,0.563,1,0,0,3,1,0,0,1,1,128,1
6,0.855,2,1,1,1,0,11,0,1,1,78,0
22,0.8959999999999999,0,0,0,1,0,17,2,0,3,34,0
94,0.898,0,0,0,0,0,2,0,1,3,160,0
2,0.91,1,1,1,0,0,4,0,0,0,35,0
47,0.555,1,0,0,0,0,5,2,0,0,25,0
0,0.92,0,0,0,0,0,6,1,1,3,43,0
18,0.802,0,0,0,0,0,11,4,0,5,10,0
15,0.913,0,0,2,0,0,6,2,0,0,18,0
6,0.855,0,0,0,0,0,6,3,0,2,102,0
2,0.91,0,1,1,0,0,3,0,1,3,35,1
0,0.92,0,0,0,0,2,11,2,2,2,45,0
1,0.624,1,0,1,0,0,1,8,0,0,74,1
0,0.92,0,0,0,0,0,19,0,1,1,312,0
18,0.802,0,0,0,0,0,10,6,0,1,61,0
1,0.624,0,0,0,0,0,2,5,0,0,8,1
3,0.926,0,1,1,2,1,7,0,3,0,22,0
16,0.939,3,0,2,0,0,7,4,0,4,85,0
16,0.939,0,0,2,1,0,10,6,0,0,31,0
78,0.795,0,0,0,2,1,3,0,1,3,45,0
82,0.856,1,1,1,0,0,14,0,1,2,74,0
30,0.925,0,0,0,0,0,0,6,1,5,168,0
32,0.866,0,0,0,1,0,1,2,1,0,146,0
2,0.91,0,0,0,0,0,15,0,1,0,194,0
0,0.92,0,1,0,4,0,7,3,0,0,55,0
4,0.92,0,0,0,0,0,10,1,0,0,11,0
1,0.624,1,1,1,2,1,14,0,1,3,56,1
0,0.92,0,1,1,2,1,2,0,1,6,3,1
19,0.893,0,0,2,0,2,0,5,0,0,96,0
0,0.92,0,0,0,0,3,13,4,0,0,18,0
59,0.74,0,1,0,2,1,1,0,1,3,24,0
3,0.926,0,1,1,2,1,5,2,0,2,52,0
11,0.887,0,1,1,1,0,4,2,3,6,8,0
1,0.624,1,0,0,0,0,14,6,4,0,102,1
1,0.624,0,1,3,0,3,5,4,5,2,48,1
4,0.92,2,1,1,2,1,5,0,1,3,86,0
28,0.6659999999999999,0,0,0,0,0,0,6,0,1,94,0
2,0.91,0,0,0,1,0,0,0,1,0,15,0
22,0.8959999999999999,0,0,0,0,5,0,0,1,0,30,0
1,0.624,0,1,1,1,0,3,0,1,3,90,0
24,0.762,0,0,0,0,0,9,1,0,1,87,0
0,0.92,0,1,0,2,1,5,3,3,0,54,0
31,0.579,0,0,0,0,0,4,1,2,0,50,1
95,0.921,0,0,1,1,0,1,2,0,0,10,0
1,0.624,0,0,0,0,0,1,1,0,0,50,1
9,0.924,0,1,1,2,1,4,0,1,3,15,0
27,0.682,0,0,0,0,0,6,1,0,0,73,0
8,0.804,0,0,0,1,0,4,2,0,2,82,0
0,0.92,2,0,0,4,0,0,7,5,1,170,0
23,0.767,2,0,0,1,0,18,0,1,5,10,1
1,0.624,1,0,0,1,0,1,1,0,0,11,1
82,0.856,0,0,2,0,0,3,1,0,2,182,1
13,0.55,0,0,0,0,0,4,4,0,2,27,1
0,0.92,0,1,0,0,0,0,0,1,1,66,1
1,0.624,0,0,0,0,0,2,2,0,0,84,1
33,0.6890000000000001,1,0,2,0,0,4,4,0,5,210,0
1,0.624,0,1,0,2,1,6,0,1,3,150,0
9,0.924,0,0,0,0,0,9,7,0,1,17,0
18,0.802,1,0,0,1,0,16,3,0,0,62,0
0,0.92,2,0,0,0,0,1,3,0,2,136,0
18,0.802,2,0,1,0,0,2,1,1,0,8,0
1,0.624,0,1,1,2,1,5,0,1,3,3,0
0,0.92,0,0,0,0,0,3,7,0,0,162,0
32,0.866,0,0,0,0,0,0,0,1,1,222,0
3,0.926,0,0,0,0,0,4,1,0,0,94,0
22,0.8959999999999999,0,0,0,1,2,0,8,5,1,18,0
8,0.804,0,0,0,0,0,6,0,1,0,65,1
2,0.91,0,0,0,1,0,0,6,4,0,23,0
20,0.878,3,0,0,1,0,0,5,0,2,9,0
1,0.624,1,1,1,3,1,2,0,1,3,41,1
0,0.92,1,0,0,0,0,16,0,0,0,30,0
3,0.926,0,1,1,1,0,0,0,1,2,36,0
21,0.923,0,0,0,1,0,11,6,0,3,154,0
0,0.92,1,0,0,4,2,0,0,1,1,108,0
0,0.92,0,0,0,0,0,7,5,0,0,314,0
0,0.92,0,0,0,0,0,0,5,3,1,77,0
2,0.91,0,0,0,0,0,0,3,0,1,58,1
0,0.92,0,0,0,0,2,2,4,0,0,13,0
1,0.624,1,0,1,0,0,5,0,1,0,143,0
5,0.897,1,1,3,3,1,2,0,1,6,222,0
0,0.92,0,0,0,0,0,0,0,1,5,27,1
0,0.92,2,1,0,0,2,13,7,3,3,95,1
6,0.855,0,0,1,0,0,16,2,0,4,100,0
3,0.926,0,1,2,0,0,1,3,3,1,54,1
25,0.743,0,1,1,0,0,3,0,0,3,47,1
22,0.8959999999999999,0,0,0,1,2,8,0,1,0,65,0
1,0.624,0,1,0,2,1,2,0,1,3,44,1
17,0.899,1,0,0,0,2,5,7,0,0,30,0
4,0.92,0,1,0,0,0,4,4,4,0,34,0
3,0.926,0,1,2,0,0,1,3,0,0,58,0
52,0.698,0,1,0,0,0,13,5,1,0,70,1
8,0.804,0,0,1,0,4,13,6,0,0,52,1
1,0.624,0,0,0,0,0,17,3,0,1,40,0
0,0.92,2,0,2,0,0,7,5,1,2,37,0
7,0.939,0,0,0,0,0,8,0,0,0,40,0
10,0.754,0,1,2,2,1,1,0,1,0,42,0
0,0.92,0,0,0,0,0,0,1,0,0,30,0
16,0.939,0,1,0,2,1,2,8,0,4,144,0
0,0.92,0,0,0,0,0,0,0,1,0,52,0
1,0.624,0,1,1,2,1,5,0,1,3,116,1
1,0.624,0,0,0,0,0,5,0,1,3,123,1
0,0.92,1,0,0,0,0,22,6,0,1,19,0
1,0.624,0,1,1,0,0,1,6,4,3,184,0
3,0.926,1,0,0,1,0,12,3,0,3,62,1
3,0.926,1,1,0,2,1,2,0,1,3,70,0
38,0.895,1,0,0,1,0,0,3,0,4,16,1
6,0.855,0,1,1,2,1,11,0,1,0,20,1
42,0.738,1,1,0,2,1,2,0,1,3,12,0
4,0.92,0,0,0,0,0,9,2,0,0,78,0
24,0.762,1,1,1,3,1,9,6,4,0,53,1
0,0.92,0,0,0,2,1,5,6,0,2,12,0
53,0.7659999999999999,0,0,0,2,1,20,2,0,3,22,0
24,0.762,0,0,1,4,0,6,0,1,0,24,1
0,0.92,0,0,0,0,0,15,3,0,2,17,1
26,0.836,1,0,0,1,0,11,0,1,3,144,0
15,0.913,0,0,0,1,0,0,3,0,0,50,0
0,0.92,0,0,1,1,0,7,6,5,0,46,0
1,0.624,0,1,0,0,0,2,6,4,0,23,1
31,0.579,0,1,3,3,1,13,0,1,0,4,0
0,0.92,0,0,0,0,4,0,0,1,1,35,1
2,0.91,0,0,0,4,0,0,1,0,1,40,0
1,0.624,1,0,0,0,0,1,1,0,0,220,0
8,0.804,1,0,3,0,0,16,8,0,0,182,0
3,0.926,0,0,0,2,1,15,6,0,3,66,0
2,0.91,0,0,0,0,0,0,5,0,2,27,0
0,0.92,1,1,1,2,1,5,7,0,0,40,0
1,0.624,1,1,1,0,0,3,0,1,3,10,1
0,0.92,0,0,0,0,0,12,5,0,1,15,0
2,0.91,0,0,0,0,0,16,2,0,4,89,0
0,0.92,0,1,1,2,1,2,5,0,0,95,1
2,0.91,1,0,0,0,0,2,4,0,0,22,0
27,0.682,0,0,0,1,0,21,0,1,0,61,1
43,0.5579999999999999,0,0,0,0,0,8,6,0,2,96,1
29,0.89,0,0,0,0,0,12,1,0,1,47,0
2,0.91,1,0,0,0,0,2,1,0,2,20,0
2,0.91,2,1,1,2,1,5,1,1,0,32,0
0,0.92,1,0,2,0,0,13,0,1,0,20,1
6,0.855,1,1,0,1,2,12,2,0,2,84,1
0,0.92,0,0,1,0,0,6,6,5,0,27,0
0,0.92,0,0,0,0,0,0,4,0,2,160,0
3,0.926,0,0,0,1,0,0,7,1,3,16,0
3,0.926,0,0,1,0,0,19,2,0,0,111,0
0,0.92,0,0,0,0,0,0,1,0,2,20,0
1,0.624,0,0,1,1,0,2,0,1,0,74,1
4,0.92,0,0,0,0,0,7,1,0,1,91,0
6,0.855,0,0,1,0,0,9,2,1,0,57,0
1,0.624,0,0,0,0,0,17,3,0,5,21,1
16,0.939,0,1,0,0,0,2,1,0,0,97,0
3,0.926,0,0,0,0,3,20,0,1,1,212,0
7,0.939,0,0,0,0,3,0,0,1,2,41,0
1,0.624,1,0,1,1,0,4,0,1,0,6,1
1,0.624,0,0,0,1,0,7,1,0,0,112,0
1,0.624,0,0,0,0,0,4,3,0,4,20,0
33,0.6890000000000001,1,0,1,0,0,8,2,0,4,32,0
42,0.738,1,0,0,0,0,2,4,0,6,23,0
3,0.926,0,1,1,2,1,4,0,0,0,37,0
2,0.91,0,0,0,2,1,0,0,0,2,30,0
0,0.92,0,1,0,4,0,11,5,0,2,51,0
8,0.804,2,0,0,1,0,11,2,0,1,41,0
11,0.887,0,0,0,4,0,4,4,0,4,68,0
1,0.624,0,0,0,0,0,9,2,0,0,54,1
26,0.836,0,0,0,1,0,1,3,0,0,31,0
3,0.926,0,0,0,0,0,17,4,0,0,97,0
28,0.6659999999999999,1,0,0,0,0,8,2,1,3,23,0
28,0.6659999999999999,3,1,0,0,0,0,1,0,1,23,1
41,0.794,0,0,0,2,1,8,1,1,1,104,0
4,0.92,0,0,0,0,0,0,2,0,1,10,0
11,0.887,0,0,0,0,6,15,0,1,0,49,0
0,0.92,3,1,1,2,1,2,0,3,5,27,1
34,0.915,0,1,0,2,1,2,0,1,3,12,0
6,0.855,0,0,3,0,0,1,0,1,0,106,1
2,0.91,0,0,0,0,0,1,2,2,5,73,0
0,0.92,0,0,0,0,0,7,4,0,1,143,0
6,0.855,0,0,0,1,0,10,3,0,1,10,0
1,0.624,0,0,1,0,0,2,1,0,4,198,1
4,0.92,1,0,0,1,0,0,2,0,2,18,0
8,0.804,1,0,0,1,0,5,3,0,2,35,0
1,0.624,0,0,0,0,0,6,1,2,2,46,1
31,0.579,1,0,2,2,1,2,1,0,2,43,0
4,0.92,0,0,0,0,0,15,0,1,4,17,0
86,0.856,0,0,0,0,0,16,2,0,0,158,0
1,0.624,1,1,1,2,1,3,0,1,3,99,1
1,0.624,0,0,0,0,0,4,1,5,1,6,0
13,0.55,0,0,0,0,0,3,1,0,2,64,0
14,0.698,1,1,0,0,0,9,0,1,4,43,0
71,0.698,0,1,1,2,1,14,0,0,3,18,0
0,0.92,0,0,0,0,0,20,1,0,1,41,0
0,0.92,0,0,1,0,0,2,4,0,0,40,1
1,0.624,0,0,0,0,0,9,1,2,5,81,1
3,0.926,0,0,0,0,0,0,4,0,1,67,0
1,0.624,1,0,0,1,0,9,1,1,5,57,1
3,0.926,0,0,0,1,0,15,0,1,2,13,0
0,0.92,0,1,1,0,0,4,0,1,3,2,1
0,0.92,0,0,0,0,0,0,0,1,0,41,1
6,0.855,0,0,0,3,1,0,0,1,0,108,0
0,0.92,1,1,2,5,1,13,3,0,3,156,0
1,0.624,0,0,1,1,0,13,6,4,0,182,1
0,0.92,0,0,0,0,3,9,5,0,1,34,0
0,0.92,0,0,0,0,3,15,0,0,0,5,0
0,0.92,0,0,0,1,0,0,5,0,2,98,0
25,0.743,0,0,0,1,0,0,5,0,5,178,0
3,0.926,0,0,0,1,0,10,3,0,2,5,0
4,0.92,2,0,0,1,0,8,4,4,0,16,0
15,0.913,1,0,0,0,0,1,1,0,2,26,0
13,0.55,0,0,0,0,0,12,2,0,2,107,0
4,0.92,1,0,0,0,0,3,3,0,0,109,1
0,0.92,0,0,0,0,0,16,4,0,1,142,1
0,0.92,2,0,0,0,0,0,2,0,1,34,0
2,0.91,0,0,0,0,3,0,0,1,4,146,0
25,0.743,1,0,1,1,0,10,6,0,0,38,1
0,0.92,0,0,2,0,0,8,1,0,5,56,0
80,0.725,1,1,1,0,0,1,0,0,3,190,0
18,0.802,0,1,0,0,0,2,0,1,3,52,1
1,0.624,0,1,1,0,0,1,0,1,3,56,1
0,0.92,0,0,0,0,0,0,0,1,0,161,1
0,0.92,2,0,0,0,0,16,5,0,0,46,0
1,0.624,0,0,2,0,0,8,1,0,0,114,0
8,0.804,0,1,0,2,1,17,6,0,2,32,0
1,0.624,0,1,0,0,0,14,3,0,0,12,0
1,0.624,1,0,1,0,0,3,0,1,3,28,0
0,0.92,2,0,0,0,2,2,7,2,5,127,1
1,0.624,0,0,0,0,0,14,7,0,6,39,1
4,0.92,1,0,0,0,0,0,6,0,3,67,0
0,0.92,0,0,0,0,0,2,4,0,4,33,1
3,0.926,0,0,0,1,0,0,6,0,1,54,0
0,0.92,0,0,0,0,0,8,4,0,2,66,0
17,0.899,0,0,0,1,2,2,6,4,2,53,0
26,0.836,0,0,0,1,0,22,7,1,0,21,0
1,0.624,0,1,0,0,0,5,6,0,2,34,1
27,0.682,1,1,0,0,0,2,0,1,0,34,1
62,0.7959999999999999,0,0,0,1,0,0,0,1,1,86,0
2,0.91,0,1,1,0,0,13,0,1,3,14,0
16,0.939,0,1,1,2,1,5,3,1,3,204,0
0,0.92,0,0,0,0,0,9,1,0,5,65,0
0,0.92,1,0,0,0,0,0,1,0,1,51,0
4,0.92,1,0,1,0,6,12,1,0,0,64,0
0,0.92,0,0,0,0,0,21,0,1,1,26,1
2,0.91,0,0,0,0,0,1,5,3,2,29,1
15,0.913,0,1,1,2,1,3,0,1,3,97,0
1,0.624,1,1,1,2,1,4,0,0,3,184,0
16,0.939,0,0,2,0,0,16,2,0,0,26,0
1,0.624,1,0,0,0,0,1,5,0,0,180,0
4,0.92,0,1,1,0,0,2,0,1,0,42,1
17,0.899,1,0,0,0,0,0,8,0,6,39,0
0,0.92,1,0,0,0,0,1,3,0,2,40,0
3,0.926,2,0,0,1,0,15,1,0,4,19,0
1,0.624,1,0,0,0,0,2,4,4,0,116,1
5,0.897,0,0,0,1,0,0,7,0,0,32,0
0,0.92,1,0,0,1,3,10,5,0,4,43,0
108,0.518,1,1,1,4,0,6,0,3,1,46,1
52,0.698,1,1,1,0,0,2,0,0,0,156,1
0,0.92,1,0,0,0,0,0,5,3,1,91,0
1,0.624,0,0,0,1,0,12,4,0,1,97,0
12,0.884,0,1,0,0,0,8,3,0,4,20,0
16,0.939,0,0,0,0,0,0,6,0,1,24,0
42,0.738,0,1,0,0,0,5,0,1,3,51,1
2,0.91,0,0,0,0,5,14,1,5,0,13,0
28,0.6659999999999999,0,0,0,0,0,16,2,0,1,32,0
10,0.754,0,0,0,3,1,7,4,0,0,16,0
1,0.624,0,0,0,1,0,9,3,0,0,4,1
0,0.92,0,0,0,0,0,0,3,0,1,22,0
45,0.925,1,1,0,1,0,2,5,1,2,43,0
8,0.804,0,0,0,1,0,1,1,0,4,210,0
11,0.887,0,0,0,0,0,20,1,0,5,34,0
0,0.92,0,0,0,0,0,0,1,0,1,326,0
1,0.624,0,1,1,0,0,1,0,0,3,6,1
3,0.926,0,0,0,1,0,12,1,0,4,334,0
0,0.92,1,0,0,0,0,8,3,0,5,92,0
1,0.624,0,0,0,1,0,12,1,2,0,224,0
26,0.836,0,0,0,0,0,0,4,0,0,60,0
0,0.92,2,1,0,0,0,3,4,0,0,214,1
0,0.92,0,0,0,0,0,0,4,0,0,80,0
19,0.893,0,0,2,2,1,15,4,0,4,26,0
3,0.926,0,0,1,1,0,12,5,0,0,12,0
47,0.555,0,1,1,2,1,5,0,1,3,34,1
2,0.91,0,0,0,0,3,4,2,2,0,38,0
0,0.92,0,0,0,0,0,21,7,0,1,21,0
1,0.624,0,0,0,0,0,11,7,0,2,204,1
21,0.923,2,0,0,0,0,1,8,0,0,54,0
1,0.624,2,1,1,2,1,3,0,1,3,55,0
16,0.939,0,0,0,1,0,7,5,0,0,114,0
0,0.92,0,0,0,0,0,17,1,0,4,84,0
2,0.91,0,0,0,4,0,8,3,0,0,61,0
3,0.926,0,0,0,0,0,16,2,0,2,92,0
44,0.7759999999999999,0,0,0,0,2,11,4,0,2,50,0
10,0.754,1,0,2,0,0,12,3,0,1,23,0
0,0.92,0,0,0,0,0,0,0,1,0,42,0
1,0.624,0,0,0,0,0,3,1,0,0,21,0
0,0.92,1,0,0,0,4,5,0,1,0,42,1
19,0.893,0,1,0,1,0,2,2,5,0,88,0
13,0.55,0,0,0,0,0,1,2,0,0,194,0
8,0.804,0,1,0,0,0,3,0,1,5,38,0
2,0.91,0,0,0,0,0,10,3,0,1,33,0
26,0.836,2,0,0,4,2,20,1,0,1,23,0
1,0.624,0,0,1,0,0,5,4,5,2,101,0
8,0.804,1,0,2,0,0,7,1,4,0,73,0
25,0.743,0,0,1,0,0,9,0,0,0,145,0
6,0.855,0,0,0,2,1,1,4,0,2,56,0
5,0.897,0,0,0,1,0,11,7,1,0,166,0
34,0.915,1,1,1,0,1,1,0,1,0,18,1
3,0.926,0,1,0,0,0,13,1,0,0,35,0
34,0.915,0,0,0,1,0,0,0,1,5,90,1
3,0.926,0,0,2,0,0,4,2,2,0,57,0
6,0.855,2,1,0,1,0,0,2,0,1,35,0
0,0.92,2,0,0,0,4,0,5,0,4,256,0
23,0.767,2,1,1,2,1,5,0,1,0,24,0
0,0.92,0,0,0,0,0,1,4,0,1,94,0
0,0.92,1,1,0,0,0,8,2,0,1,25,0
0,0.92,0,0,0,0,0,0,3,0,5,54,0
1,0.624,1,1,1,2,1,13,0,1,3,166,1
1,0.624,0,0,0,0,3,11,3,0,0,21,1
10,0.754,0,0,2,0,0,9,0,1,5,110,1
4,0.92,2,0,0,0,0,13,6,0,0,125,0
1,0.624,0,0,0,1,0,4,3,0,0,100,0
0,0.92,1,1,1,0,0,3,6,3,2,37,1
3,0.926,0,0,0,1,0,7,2,0,0,28,0
2,0.91,0,0,1,0,0,8,0,1,0,55,1
63,0.84,1,1,1,0,0,1,1,0,0,33,1
11,0.887,1,0,0,0,0,17,3,3,2,34,0
0,0.92,1,0,0,0,5,5,1,2,0,51,0
0,0.92,0,0,0,0,0,11,6,0,0,16,0
16,0.939,0,1,0,2,1,3,3,0,5,59,0
0,0.92,0,0,1,1,0,10,5,0,2,34,0
0,0.92,1,1,0,4,0,22,0,1,6,70,0
58,0.698,3,1,3,3,1,22,0,1,3,49,0
2,0.91,0,0,0,0,0,6,0,1,0,45,0
14,0.698,1,0,3,1,0,7,5,5,2,30,1
3,0.926,0,0,0,2,1,9,4,1,1,29,0
20,0.878,0,1,2,2,1,0,5,0,1,196,0
30,0.925,0,0,0,0,0,5,4,0,3,170,0
2,0.91,1,1,0,0,0,0,2,0,0,18,0
5,0.897,2,1,0,1,0,1,2,2,3,15,1
0,0.92,0,0,0,1,0,11,0,1,0,62,1
5,0.897,0,1,1,0,0,3,0,1,3,32,0
36,0.527,2,1,2,0,0,13,0,1,3,86,0
0,0.92,1,0,0,0,0,0,4,4,2,8,0
31,0.579,2,0,0,0,0,13,4,0,0,47,0
67,0.722,1,0,0,0,0,2,1,0,0,98,0
0,0.92,0,1,0,0,0,1,0,1,2,19,1
0,0.92,0,1,1,0,0,3,2,0,2,24,1
4,0.92,0,0,1,0,0,3,3,0,0,26,0
3,0.926,0,0,0,1,0,0,5,5,1,118,0
1,0.624,0,0,0,1,0,12,4,0,1,9,1
3,0.926,0,1,1,2,1,4,3,0,4,144,0
40,0.949,0,0,0,1,3,0,7,0,2,14,0
0,0.92,1,0,0,1,0,0,5,0,0,51,0
7,0.939,0,0,0,0,0,10,2,0,5,14,1
0,0.92,0,0,0,0,0,11,2,0,0,53,0
7,0.939,0,0,0,0,0,16,8,3,4,13,0
50,0.727,0,1,2,0,0,2,0,1,0,44,1
2,0.91,2,0,0,1,0,9,5,0,1,268,0
2,0.91,0,0,0,0,0,0,2,2,1,130,0
5,0.897,0,1,0,1,5,2,0,1,3,51,1
5,0.897,1,1,2,1,0,6,4,1,0,16,0
3,0.926,0,1,0,2,1,7,6,4,0,107,1
81,0.4479999999999999,0,0,0,0,0,2,2,0,0,16,0
4,0.92,0,0,0,0,0,11,6,0,2,17,0
8,0.804,0,1,0,0,2,13,5,0,0,26,0
19,0.893,0,1,0,2,1,2,0,1,0,82,0
6,0.855,0,0,0,0,0,2,3,3,5,11,1
0,0.92,0,0,0,1,3,0,3,0,2,96,0
41,0.794,0,0,0,1,0,6,2,2,0,68,0
0,0.92,1,0,0,1,0,4,0,1,0,45,0
0,0.92,0,1,0,1,2,7,5,5,5,16,0
9,0.924,0,0,0,0,2,1,1,5,0,61,0
8,0.804,0,1,0,1,4,7,3,3,2,52,0
0,0.92,1,0,0,0,6,14,0,1,0,90,0
13,0.55,1,0,0,0,0,9,2,0,0,32,1
1,0.624,1,0,0,1,0,2,1,0,0,45,0
1,0.624,1,0,0,1,0,1,2,0,2,17,1
2,0.91,0,0,0,2,1,7,1,0,2,41,0
2,0.91,0,0,0,0,0,18,4,0,5,54,0
0,0.92,2,0,0,0,0,0,3,0,1,36,0
9,0.924,2,0,0,2,1,0,1,1,1,90,0
28,0.6659999999999999,0,0,0,0,0,2,2,0,0,312,0
32,0.866,0,0,1,0,0,4,6,0,3,11,0
0,0.92,0,0,0,0,0,0,2,5,0,17,0
1,0.624,1,0,1,0,0,3,4,4,5,142,0
23,0.767,1,0,0,1,0,8,0,1,4,61,0
25,0.743,0,0,2,0,0,11,0,1,0,28,0
3,0.926,0,0,0,1,0,12,4,0,2,92,0
4,0.92,0,0,0,0,4,0,1,0,5,304,0
56,0.691,1,1,0,3,1,13,0,1,3,226,0
19,0.893,0,1,0,1,4,11,2,0,0,90,0
16,0.939,0,0,0,1,0,0,3,0,2,15,0
6,0.855,0,0,0,1,0,16,2,0,2,7,0
0,0.92,0,0,0,0,0,0,1,0,2,8,0
31,0.579,1,0,2,1,0,14,4,5,3,72,0
0,0.92,0,0,0,1,0,15,3,0,1,29,0
1,0.624,0,0,0,0,0,17,0,1,3,34,1
0,0.92,0,0,0,0,0,0,2,0,0,21,0
9,0.924,0,0,0,1,0,7,3,0,3,95,0
18,0.802,0,1,0,1,4,3,5,0,0,34,0
1,0.624,0,1,0,3,1,14,0,1,3,12,0
10,0.754,0,0,2,0,0,9,6,2,0,27,0
9,0.924,0,0,0,1,0,7,4,0,0,13,0
0,0.92,0,0,0,0,0,0,4,0,0,22,0
27,0.682,0,1,1,0,0,8,0,1,0,42,0
0,0.92,0,0,0,0,0,2,1,2,4,62,0
7,0.939,0,0,0,0,0,0,4,0,1,64,0
6,0.855,1,1,0,4,2,13,0,1,0,8,0
4,0.92,1,1,0,5,1,14,0,1,3,12,0
0,0.92,1,1,3,3,1,3,0,1,3,174,0
10,0.754,0,0,0,1,0,0,6,4,1,46,0
0,0.92,0,0,0,0,3,0,0,1,1,48,1
12,0.884,3,0,0,1,0,7,2,0,1,141,0
4,0.92,0,0,0,0,0,0,4,0,1,52,0
8,0.804,1,1,1,0,4,14,0,1,3,214,0
2,0.91,0,0,0,0,0,4,7,0,5,125,0
10,0.754,0,1,2,2,1,13,0,1,0,57,1
36,0.527,1,0,0,0,4,18,0,1,1,26,0
51,0.698,0,1,0,0,0,0,6,0,3,56,0
0,0.92,1,0,0,1,0,10,4,0,2,236,0
1,0.624,0,0,0,0,0,3,1,2,2,58,1
37,0.8270000000000001,0,0,1,0,0,4,8,1,0,170,1
0,0.92,3,1,0,5,1,9,0,1,0,29,0
49,0.789,0,0,1,0,0,12,3,0,0,130,0
0,0.92,0,0,0,0,0,12,2,0,2,226,0
1,0.624,1,1,0,3,1,1,0,1,0,77,0
0,0.92,0,0,0,1,0,4,2,0,2,43,0
10,0.754,1,1,0,2,1,5,6,0,0,37,0
18,0.802,0,0,0,0,0,5,5,1,0,168,0
29,0.89,2,0,0,0,0,7,2,0,0,82,0
93,0.516,0,0,0,0,0,2,0,1,3,43,0
0,0.92,0,0,0,0,0,0,0,1,0,112,1
0,0.92,1,1,0,0,0,15,0,1,1,54,1
4,0.92,0,0,0,0,0,7,1,0,1,170,0
42,0.738,0,1,1,2,1,13,0,1,6,42,1
0,0.92,0,0,0,0,0,0,4,0,1,140,0
26,0.836,0,0,0,0,0,9,1,0,0,12,0
9,0.924,0,0,0,2,1,2,4,0,2,36,0
0,0.92,0,0,0,0,0,7,1,0,0,49,0
47,0.555,1,1,1,0,0,5,0,1,0,3,0
0,0.92,0,1,0,1,2,14,0,1,3,98,1
58,0.698,0,1,0,0,0,3,0,1,0,326,1
3,0.926,0,1,0,2,1,4,0,1,0,182,0
41,0.794,0,0,0,1,0,11,0,1,0,18,1
59,0.74,0,1,1,0,0,6,0,1,3,13,1
4,0.92,0,0,0,0,0,6,6,0,1,24,0
1,0.624,1,0,0,3,1,2,0,1,0,48,1
0,0.92,0,0,0,0,0,3,2,0,2,76,0
0,0.92,0,0,0,0,6,17,0,1,0,7,0
2,0.91,1,1,0,2,1,14,3,0,5,39,0
1,0.624,1,0,0,1,3,1,2,0,0,21,0
13,0.55,1,0,2,0,0,4,0,1,2,16,1
4,0.92,2,0,0,1,0,0,1,0,1,120,1
0,0.92,0,0,0,0,0,10,4,0,1,198,0
0,0.92,0,0,0,0,0,0,6,0,4,4,0
1,0.624,0,0,0,0,0,4,3,1,0,3,1
3,0.926,0,0,0,0,0,6,3,0,5,29,0
6,0.855,0,1,0,0,0,5,0,1,0,56,1
5,0.897,0,0,0,1,0,4,1,0,0,81,0
1,0.624,0,0,1,0,0,8,3,0,0,58,1
5,0.897,0,0,0,1,0,7,2,2,0,69,0
12,0.884,1,0,1,0,0,9,0,1,6,39,0
58,0.698,1,1,3,3,1,13,0,1,3,23,0
0,0.92,0,0,0,0,0,8,4,0,0,18,1
13,0.55,0,0,0,1,0,6,1,0,0,70,0
3,0.926,0,0,2,0,0,14,0,1,2,26,1
0,0.92,0,0,0,0,0,0,3,0,1,14,1
0,0.92,1,1,1,0,0,7,0,1,3,278,0
0,0.92,2,0,0,0,0,3,0,1,2,4,1
50,0.727,0,0,0,0,0,5,1,0,0,42,0
29,0.89,1,0,2,1,0,9,1,3,2,81,1
4,0.92,0,0,0,0,0,6,1,2,0,21,0
0,0.92,0,0,0,0,2,0,0,1,1,23,1
1,0.624,1,1,1,0,0,3,0,1,6,67,1
29,0.89,0,0,2,2,1,9,4,0,0,52,0
2,0.91,0,0,0,0,0,12,1,3,2,7,0
2,0.91,0,0,0,1,0,8,4,6,2,324,0
4,0.92,2,0,0,0,0,0,2,0,1,33,0
24,0.762,1,0,1,0,0,1,3,5,3,58,0
3,0.926,0,1,1,2,1,4,0,1,3,61,0
3,0.926,0,1,1,2,1,2,3,0,0,43,0
1,0.624,0,0,0,0,2,3,0,1,0,49,0
14,0.698,1,0,0,0,0,21,5,0,0,24,0
1,0.624,0,0,0,0,5,8,0,1,1,24,1
1,0.624,1,1,1,0,0,22,0,1,6,32,0
1,0.624,1,0,1,0,0,2,1,0,0,28,1
30,0.925,0,0,0,1,0,9,3,0,2,124,0
27,0.682,0,1,0,1,0,0,2,0,1,47,0
4,0.92,0,0,0,0,0,16,4,0,0,34,0
6,0.855,1,0,1,2,1,3,1,0,0,163,0
3,0.926,1,0,0,1,0,0,1,0,1,26,0
5,0.897,1,0,0,1,0,5,6,4,6,54,0
0,0.92,0,0,0,1,0,0,3,0,2,7,0
77,0.698,0,0,2,0,0,8,4,2,0,44,0
3,0.926,0,0,0,1,0,0,5,0,2,59,0
11,0.887,0,1,0,2,1,2,0,1,3,37,0
4,0.92,3,1,0,1,0,2,2,0,2,29,0
36,0.527,1,0,2,2,1,5,0,1,6,50,1
2,0.91,1,0,0,0,0,2,4,1,2,7,0
6,0.855,0,0,0,0,0,7,4,2,0,161,0
1,0.624,1,1,1,2,1,3,0,1,3,32,0
3,0.926,0,0,0,0,0,7,4,2,2,14,0
17,0.899,1,1,0,2,1,13,0,0,3,47,1
12,0.884,0,1,0,0,0,0,7,5,2,132,0
0,0.92,1,0,0,0,0,4,8,0,2,30,0
6,0.855,0,1,1,2,1,3,5,0,0,52,0
63,0.84,0,0,0,1,0,6,4,2,0,100,0
9,0.924,1,1,1,0,0,3,0,1,0,26,0
0,0.92,2,1,0,0,2,7,0,1,1,7,1
0,0.92,1,1,0,1,2,1,0,5,4,18,0
10,0.754,0,0,0,0,0,10,2,6,1,3,0
1,0.624,0,1,1,0,0,6,0,1,0,224,0
46,0.698,1,1,1,2,1,2,0,1,2,54,0
61,0.579,0,0,1,2,1,3,0,1,0,244,1
6,0.855,1,0,0,0,0,1,0,1,0,54,0
20,0.878,0,1,2,0,0,7,4,4,0,25,0
44,0.7759999999999999,0,1,1,0,0,8,0,1,0,50,0
0,0.92,1,0,0,0,0,15,2,0,1,83,0
2,0.91,0,0,0,0,0,19,3,0,1,86,0
1,0.624,0,0,0,0,0,3,4,2,0,57,0
2,0.91,0,0,0,3,1,8,1,0,0,52,0
0,0.92,0,1,0,5,1,6,0,0,3,28,0
1,0.624,0,0,0,0,0,2,4,0,0,105,0
11,0.887,0,1,1,0,0,3,0,0,3,54,0
11,0.887,1,1,0,3,1,5,0,1,3,69,0
4,0.92,0,0,0,0,0,0,1,2,0,42,0
3,0.926,0,1,0,1,0,9,7,0,2,69,0
6,0.855,0,0,0,0,0,7,4,0,0,26,0
44,0.7759999999999999,2,1,0,1,0,13,4,0,3,19,1
49,0.789,0,0,0,0,0,14,0,1,2,107,1
40,0.949,0,1,0,0,0,3,0,1,0,23,0
4,0.92,0,0,0,0,0,5,4,1,2,91,0
53,0.7659999999999999,0,1,1,0,0,3,0,1,0,157,1
0,0.92,0,0,0,0,0,6,3,0,0,232,0
0,0.92,0,1,0,5,1,1,0,1,3,15,0
4,0.92,0,0,0,0,0,10,6,0,1,20,0
4,0.92,0,1,0,0,2,10,1,0,0,160,0
1,0.624,0,0,0,0,0,19,2,0,1,50,1
0,0.92,1,1,0,3,1,4,0,1,3,8,0
1,0.624,0,0,0,1,0,7,0,1,0,12,0
2,0.91,0,0,0,0,0,4,3,0,0,3,0
1,0.624,0,0,0,0,0,12,3,0,3,83,0
0,0.92,0,0,0,0,3,8,4,0,0,91,0
1,0.624,0,1,0,2,1,5,0,1,3,100,1
0,0.92,0,0,0,0,0,2,1,0,0,12,0
2,0.91,1,0,0,0,0,11,1,0,5,43,0
16,0.939,0,0,0,2,1,6,2,3,0,6,0
2,0.91,0,0,0,0,0,4,4,0,5,42,0
5,0.897,0,0,0,1,0,9,2,1,0,24,0
0,0.92,0,1,0,0,6,0,6,0,1,154,0
0,0.92,1,0,2,0,0,3,1,0,2,7,0
7,0.939,1,1,0,0,0,18,0,1,1,194,0
0,0.92,0,0,0,0,0,6,3,0,0,107,0
8,0.804,0,0,0,0,0,6,0,1,0,18,1
4,0.92,0,0,0,0,0,4,4,0,0,34,0
67,0.722,0,0,0,2,1,1,6,0,2,15,0
63,0.84,1,0,0,0,0,12,4,0,5,52,0
3,0.926,1,0,0,2,1,8,4,1,4,39,0
0,0.92,0,1,0,0,0,10,8,5,1,4,1
0,0.92,0,0,0,0,0,16,1,2,0,42,0
2,0.91,2,1,0,1,4,0,0,1,0,63,1
0,0.92,0,1,0,4,0,0,3,3,1,11,0
3,0.926,0,1,2,4,0,0,1,1,1,10,0
1,0.624,0,0,0,0,0,6,2,2,2,35,0
2,0.91,0,1,1,0,0,13,0,1,3,4,0
1,0.624,1,0,0,1,0,2,1,2,0,212,1
19,0.893,0,0,2,0,5,9,4,3,0,23,0
6,0.855,0,0,0,0,0,8,0,0,5,38,0
5,0.897,0,0,0,0,0,0,1,0,1,61,0
1,0.624,1,1,0,0,0,13,5,0,0,298,1
1,0.624,2,1,1,0,0,3,7,5,0,53,1
4,0.92,1,1,1,0,0,1,0,1,0,90,0
77,0.698,0,0,0,0,0,0,2,0,0,7,0
0,0.92,2,1,0,0,0,13,1,4,3,27,0
18,0.802,0,0,0,0,0,2,6,0,0,31,0
27,0.682,1,0,3,0,0,0,3,0,0,86,0
6,0.855,0,0,0,0,0,18,3,0,2,42,0
3,0.926,2,0,0,1,0,3,0,1,0,4,0
0,0.92,2,0,0,0,0,11,2,0,5,84,0
6,0.855,1,1,0,1,0,5,7,0,0,21,0
10,0.754,1,0,0,0,0,2,8,6,5,62,0
8,0.804,0,0,0,1,0,21,4,0,0,13,0
0,0.92,0,1,0,0,0,3,1,0,2,28,0
30,0.925,0,0,0,0,0,1,2,0,0,64,0
6,0.855,0,1,0,2,1,3,0,1,3,31,0
0,0.92,0,1,0,1,0,0,0,1,0,102,1
35,0.843,2,0,0,1,0,9,1,0,0,246,0
32,0.866,0,0,0,0,0,15,6,4,0,58,0
1,0.624,0,0,1,0,0,11,0,1,3,23,1
13,0.55,0,0,0,0,0,18,5,0,4,13,1
22,0.8959999999999999,0,0,0,1,3,0,0,1,3,21,0
0,0.92,0,0,0,0,0,0,3,0,1,79,1
0,0.92,1,0,0,1,0,0,5,3,1,131,0
19,0.893,0,0,0,1,0,20,4,1,0,24,0
1,0.624,0,0,0,1,0,9,3,3,0,5,1
1,0.624,1,1,1,0,0,13,6,1,6,43,0
0,0.92,2,0,0,0,0,6,5,3,0,55,0
0,0.92,1,0,0,0,5,10,1,2,0,6,0
8,0.804,1,1,1,0,0,3,1,0,0,47,0
1,0.624,0,1,1,1,0,5,0,1,3,40,0
20,0.878,0,0,0,1,0,0,5,0,1,163,0
3,0.926,0,0,0,1,0,21,1,0,0,70,0
0,0.92,0,1,1,0,0,13,4,3,0,16,1
0,0.92,2,0,0,0,0,8,8,0,1,163,0
4,0.92,1,1,0,0,5,3,1,0,3,130,0
16,0.939,0,0,0,0,0,2,4,0,5,72,0
1,0.624,0,0,0,1,0,8,1,0,2,246,0
17,0.899,0,0,0,0,6,0,5,0,1,28,0
3,0.926,0,1,2,1,0,9,8,5,2,121,0
4,0.92,0,0,0,0,0,10,0,1,2,112,1
13,0.55,0,1,0,0,0,9,0,1,0,57,0
5,0.897,1,1,1,0,0,2,0,1,0,87,0
9,0.924,0,0,0,4,0,0,3,0,0,140,0
1,0.624,0,0,0,1,0,2,2,0,0,92,1
0,0.92,0,1,0,0,5,0,2,0,1,18,0
0,0.92,0,0,0,0,3,4,1,0,4,312,0
1,0.624,0,0,0,0,0,14,5,0,0,59,0
0,0.92,0,0,0,0,0,0,1,0,1,75,0
38,0.895,0,0,0,0,0,20,1,2,0,24,0
0,0.92,2,1,1,0,0,1,7,0,0,30,0
2,0.91,0,0,0,0,0,9,1,4,0,82,0
0,0.92,0,0,0,0,0,19,7,0,2,17,0
1,0.624,1,1,1,0,0,14,1,0,0,31,0
0,0.92,2,1,0,1,0,19,3,5,1,11,0
13,0.55,0,0,0,0,0,4,4,2,0,3,0
28,0.6659999999999999,1,0,0,0,0,4,1,1,0,36,0
24,0.762,1,0,0,1,0,2,5,0,2,42,0
32,0.866,0,1,2,0,0,3,0,1,1,16,1
0,0.92,0,0,0,1,0,0,1,2,1,97,0
0,0.92,0,0,0,0,0,0,0,1,1,28,0
1,0.624,0,0,0,0,0,18,3,0,5,42,0
28,0.6659999999999999,0,0,2,0,0,9,7,0,0,85,0
1,0.624,1,0,0,0,0,13,1,0,0,50,1
0,0.92,0,0,0,2,1,20,0,0,1,116,0
0,0.92,0,0,0,0,5,0,3,0,2,36,0
3,0.926,1,0,0,1,0,0,7,0,1,4,0
2,0.91,0,0,0,0,0,11,2,0,2,118,0
1,0.624,2,0,0,0,0,6,3,0,0,118,0
9,0.924,1,1,1,3,1,5,6,4,3,84,0
79,0.743,1,0,0,1,0,4,2,6,0,52,0
0,0.92,0,0,0,1,0,1,3,0,0,9,0
4,0.92,0,0,0,0,0,0,3,0,1,16,0
1,0.624,1,0,0,1,0,0,7,0,1,23,0
17,0.899,0,1,0,0,0,15,3,0,1,13,0
0,0.92,0,0,0,0,0,1,7,0,2,39,0
13,0.55,0,0,0,0,0,5,4,0,0,48,1
15,0.913,0,0,0,2,1,5,8,3,2,82,0
2,0.91,0,1,1,0,0,7,0,1,0,8,1
20,0.878,0,0,0,1,0,10,4,0,1,100,0
2,0.91,0,1,1,2,1,13,0,1,0,298,0
0,0.92,0,0,0,0,0,0,0,1,0,29,0
29,0.89,0,0,1,2,1,9,1,0,0,114,0
2,0.91,1,0,0,1,0,7,3,0,0,18,0
1,0.624,0,0,0,0,0,20,0,1,1,12,1
8,0.804,0,0,0,0,0,0,3,1,4,55,0
3,0.926,1,0,0,0,0,0,4,0,1,62,0
14,0.698,1,1,0,1,0,13,4,0,0,47,0
1,0.624,1,1,2,0,0,3,0,1,0,56,1
15,0.913,0,0,0,0,0,7,4,1,0,56,0
0,0.92,2,0,0,4,0,0,8,5,0,104,1
5,0.897,0,0,0,1,0,1,6,0,0,76,0
0,0.92,0,0,0,1,5,6,5,0,5,21,0
1,0.624,1,0,0,1,0,4,5,1,3,74,0
0,0.92,0,0,0,0,0,6,3,0,1,97,0
46,0.698,1,1,0,1,0,17,1,3,1,18,0
4,0.92,1,1,0,4,0,0,8,3,1,19,0
2,0.91,1,0,0,0,0,7,1,1,5,10,0
4,0.92,1,0,1,2,1,2,4,0,6,108,0
2,0.91,0,0,0,0,0,0,0,1,0,78,1
3,0.926,0,0,1,1,3,7,1,3,4,28,0
4,0.92,0,0,0,0,0,4,0,6,2,29,1
3,0.926,0,0,0,1,0,18,7,0,2,73,0
1,0.624,1,0,0,0,0,13,8,0,0,4,1
1,0.624,1,0,0,0,0,16,1,0,1,14,1
2,0.91,1,1,1,2,1,6,0,0,3,33,0
114,0.8240000000000001,2,0,0,0,0,1,6,2,0,16,0
1,0.624,3,0,0,0,0,6,2,0,3,51,0
20,0.878,0,0,0,0,0,5,2,0,0,59,0
0,0.92,0,0,0,0,0,0,3,0,5,2,0
1,0.624,0,0,0,0,0,3,3,0,0,20,0
30,0.925,0,0,0,0,0,16,2,0,1,84,0
0,0.92,0,0,0,5,1,0,5,0,1,88,0
0,0.92,2,0,0,0,3,5,1,0,0,8,0
4,0.92,0,0,2,0,0,6,1,5,2,74,0
110,0.487,2,0,3,1,6,14,0,0,3,12,1
0,0.92,0,0,0,0,5,11,1,0,2,82,0
0,0.92,0,0,0,0,0,1,3,0,2,161,0
2,0.91,0,1,2,0,0,5,3,3,0,37,0
4,0.92,0,0,0,0,6,0,3,3,1,69,0
0,0.92,0,0,0,0,0,4,2,0,0,70,0
14,0.698,0,0,0,1,0,12,0,1,2,10,1
0,0.92,0,0,0,0,0,6,3,0,2,144,0
0,0.92,0,0,0,0,0,0,3,0,1,18,0
1,0.624,0,0,3,1,0,8,1,2,0,23,1
3,0.926,0,0,0,1,0,0,1,0,1,17,0
103,0.698,1,1,2,0,0,2,0,1,6,46,1
4,0.92,1,0,0,0,2,5,3,3,0,38,0
16,0.939,0,0,0,0,0,2,2,0,0,135,0
21,0.923,1,0,0,1,0,8,3,0,1,6,1
10,0.754,0,0,0,0,0,0,6,0,0,41,0
1,0.624,1,0,1,1,0,11,1,0,1,26,1
0,0.92,0,0,1,0,0,0,1,5,1,54,0
1,0.624,0,1,1,0,0,5,0,1,3,82,0
10,0.754,0,0,0,0,0,16,2,5,1,57,0
1,0.624,0,1,1,0,0,4,1,0,0,42,0
3,0.926,1,1,0,1,5,0,1,0,1,68,0
61,0.579,1,1,2,0,0,2,0,1,0,28,1
5,0.897,1,0,0,1,0,12,0,1,1,21,0
26,0.836,1,1,1,0,0,17,0,1,0,16,0
76,0.769,0,0,1,0,0,9,2,0,0,5,0
2,0.91,0,0,0,0,5,10,1,0,0,75,0
0,0.92,0,0,0,1,0,0,8,0,1,86,0
13,0.55,1,1,1,0,0,2,0,1,3,55,1
73,0.764,0,1,1,0,0,5,4,4,0,131,0
1,0.624,1,1,0,1,0,1,0,3,2,141,1
3,0.926,0,0,0,1,2,0,0,1,1,17,1
0,0.92,0,1,0,2,1,2,0,1,3,52,0
0,0.92,0,1,0,0,0,15,4,0,0,113,0
36,0.527,0,1,0,0,3,1,0,1,0,17,1
1,0.624,1,0,0,1,0,9,2,0,2,36,0
0,0.92,1,0,0,0,0,7,2,5,0,48,0
10,0.754,0,1,0,0,0,3,3,0,0,96,0
0,0.92,0,0,0,1,0,0,3,0,4,35,0
20,0.878,0,0,1,2,1,3,0,1,0,16,0
0,0.92,2,0,1,0,0,2,0,3,0,55,1
1,0.624,1,1,3,3,1,13,0,1,0,62,1
4,0.92,1,0,2,0,0,4,1,2,0,23,0
0,0.92,0,0,0,0,0,8,3,0,2,14,0
0,0.92,0,0,0,0,0,2,8,0,2,20,0
9,0.924,0,0,0,2,1,11,1,0,0,36,0
39,0.903,0,0,0,1,0,4,0,1,0,108,0
9,0.924,1,0,0,0,0,1,2,5,0,128,0
97,0.742,1,0,0,0,0,6,2,0,2,106,1
0,0.92,0,0,0,0,0,0,0,1,0,36,1
0,0.92,0,0,0,0,2,0,0,1,0,39,1
0,0.92,0,0,0,0,0,5,5,0,0,43,0
5,0.897,0,1,1,0,0,2,0,1,0,9,0
3,0.926,0,0,1,0,0,8,6,0,0,21,0
68,0.763,0,1,1,2,1,3,0,1,3,56,0
2,0.91,0,0,0,0,0,12,1,2,2,28,0
46,0.698,0,0,0,4,0,0,0,1,4,20,0
0,0.92,0,0,0,0,0,2,1,0,0,9,0
26,0.836,0,0,2,0,0,0,5,0,2,29,0
5,0.897,0,0,0,1,0,11,1,1,2,16,0
2,0.91,0,0,0,0,6,15,0,1,1,95,1
6,0.855,2,1,1,0,0,6,0,1,2,16,1
10,0.754,0,0,0,1,0,0,2,3,4,28,0
0,0.92,0,0,0,0,0,0,8,0,0,8,0
87,0.7759999999999999,0,1,1,0,0,3,2,0,0,41,0
1,0.624,1,1,0,0,0,1,4,0,0,168,1
53,0.7659999999999999,0,0,0,0,0,16,0,1,1,264,0
9,0.924,0,1,1,0,0,1,0,1,6,11,1
21,0.923,0,0,0,1,2,17,5,0,0,46,0
9,0.924,0,0,0,0,0,0,5,0,1,84,0
4,0.92,0,0,0,0,0,20,2,0,1,52,0
3,0.926,2,1,1,2,1,3,8,3,0,46,0
0,0.92,0,0,0,0,0,4,2,0,0,25,0
11,0.887,0,0,1,3,1,12,0,1,0,43,1
0,0.92,0,0,0,1,2,15,1,0,2,50,0
8,0.804,0,0,2,0,0,8,6,0,0,9,1
0,0.92,0,1,0,0,0,3,0,1,0,52,1
4,0.92,0,1,1,0,0,9,0,1,0,9,1
22,0.8959999999999999,0,0,0,0,0,11,2,0,0,67,0
0,0.92,1,0,0,1,0,6,3,0,1,61,0
0,0.92,2,0,0,0,0,17,0,1,0,109,1
31,0.579,0,1,1,0,0,14,0,1,3,145,1
8,0.804,0,0,0,0,0,9,3,0,0,44,0
10,0.754,0,0,0,0,0,8,0,1,2,133,1
7,0.939,0,0,2,0,0,0,3,0,1,35,0
10,0.754,0,0,0,0,0,6,2,0,5,100,0
0,0.92,0,0,0,0,0,0,2,0,1,18,0
1,0.624,0,0,1,1,0,5,5,0,0,34,1
12,0.884,0,0,0,1,0,17,4,4,0,27,0
13,0.55,0,0,1,0,0,1,0,1,0,74,1
0,0.92,0,0,2,1,0,0,1,0,2,50,0
7,0.939,0,0,1,0,0,2,8,0,0,109,0
5,0.897,0,1,1,0,0,1,0,1,0,16,0
5,0.897,0,1,1,1,0,1,0,1,0,46,0
18,0.802,0,0,0,0,0,6,3,0,0,19,0
2,0.91,1,1,3,0,0,1,0,1,3,88,1
0,0.92,0,0,0,1,0,0,2,0,6,42,0
8,0.804,0,0,0,0,0,15,0,5,0,166,0
9,0.924,0,1,0,4,0,0,7,3,1,30,0
3,0.926,2,1,0,2,1,5,0,1,2,23,0
4,0.92,1,0,0,1,0,0,2,0,1,52,0
0,0.92,0,0,0,0,0,9,1,0,2,168,0
83,0.847,0,1,0,2,1,13,0,1,3,58,0
2,0.91,1,0,0,1,0,16,2,0,0,20,0
12,0.884,0,0,0,1,0,15,2,0,0,25,0
0,0.92,2,0,0,4,0,1,1,0,2,82,0
19,0.893,0,0,0,1,0,18,1,0,1,85,0
1,0.624,0,0,0,1,0,9,2,0,0,45,1
1,0.624,1,0,1,1,0,2,1,0,3,42,0
1,0.624,0,0,0,0,0,6,2,2,2,76,0
4,0.92,0,0,0,0,0,11,4,1,0,9,0
2,0.91,3,1,0,1,2,10,3,0,5,51,0
4,0.92,0,0,1,0,0,8,2,1,0,20,0
0,0.92,0,0,2,0,0,15,2,5,0,22,0
19,0.893,0,0,0,2,1,16,0,1,2,4,0
0,0.92,0,0,0,3,1,2,0,1,3,40,0
1,0.624,0,1,1,0,0,13,0,0,3,94,0
1,0.624,0,1,0,3,1,13,0,1,3,61,1
4,0.92,2,1,1,0,0,8,0,1,0,12,0
1,0.624,0,0,0,0,0,5,8,0,2,16,0
0,0.92,0,1,2,0,0,12,3,5,1,65,0
1,0.624,1,0,0,0,0,16,7,2,2,3,1
9,0.924,1,0,0,0,0,16,0,1,2,64,0
5,0.897,0,0,0,3,1,18,1,4,5,58,0
2,0.91,0,0,3,0,0,2,0,1,0,90,1
10,0.754,0,1,1,2,1,2,0,1,4,43,1
1,0.624,0,0,0,0,0,14,1,0,0,45,1
2,0.91,0,0,0,0,2,1,7,0,1,68,0
66,0.647,2,0,0,1,0,3,3,1,0,100,0
1,0.624,0,1,1,2,1,5,0,1,3,28,1
1,0.624,0,0,0,0,0,11,0,1,1,8,1
27,0.682,0,1,2,0,0,4,2,3,0,110,0
3,0.926,0,0,2,1,0,15,1,5,5,58,0
0,0.92,2,1,0,0,2,5,6,4,2,54,0
1,0.624,1,0,0,0,0,15,8,0,4,92,0
1,0.624,1,0,0,0,0,5,8,0,2,7,0
2,0.91,0,0,0,1,0,17,2,0,1,34,0
42,0.738,1,0,0,1,0,11,3,0,5,37,0
3,0.926,0,0,0,0,0,16,6,0,0,22,0
1,0.624,2,0,0,0,0,1,1,0,5,79,0
44,0.7759999999999999,0,0,2,0,0,0,2,3,1,89,0
1,0.624,2,0,0,0,0,2,1,0,0,64,1
0,0.92,0,1,0,5,1,2,0,1,3,14,0
2,0.91,0,1,0,0,0,0,3,0,4,18,0
4,0.92,0,0,0,0,0,0,1,1,1,214,0
106,0.73,0,1,0,0,0,4,4,5,0,87,0
10,0.754,0,1,1,0,0,4,5,0,5,8,0
47,0.555,1,1,1,2,1,2,0,1,0,73,1
1,0.624,1,0,0,1,0,10,6,0,1,76,0
8,0.804,0,1,0,0,0,3,2,0,0,76,0
18,0.802,0,0,0,0,0,1,1,0,0,46,0
58,0.698,2,1,3,2,1,3,0,1,3,35,0
0,0.92,0,1,0,2,1,0,8,0,1,26,0
1,0.624,0,0,1,0,0,15,0,1,3,39,0
2,0.91,0,0,0,1,0,5,1,2,0,20,0
2,0.91,1,1,0,2,1,6,5,3,1,32,0
60,0.83,0,0,2,3,1,0,1,0,2,37,1
0,0.92,1,1,0,2,1,4,0,1,0,78,0
0,0.92,0,0,0,0,0,21,3,0,1,40,0
15,0.913,0,1,0,0,0,0,5,0,1,23,0
5,0.897,1,0,0,1,0,0,1,0,1,68,0
8,0.804,2,1,0,1,0,1,3,3,0,82,0
2,0.91,0,0,0,0,0,11,7,0,0,51,0
0,0.92,0,1,0,2,1,5,0,1,3,214,0
9,0.924,1,0,0,0,0,15,4,0,2,30,0
4,0.92,1,0,0,0,0,0,0,1,1,83,1
0,0.92,0,0,0,0,0,0,4,2,5,29,0
11,0.887,1,1,0,2,1,5,0,1,3,214,0
28,0.6659999999999999,0,1,1,2,1,5,0,1,0,110,0
99,0.701,0,0,0,0,0,7,0,0,2,65,1
37,0.8270000000000001,0,0,0,0,0,10,1,0,1,31,0
31,0.579,1,1,1,0,4,3,0,1,3,11,0
5,0.897,0,1,1,3,1,13,0,1,3,53,0
17,0.899,3,0,0,3,1,8,0,1,0,42,0
0,0.92,0,0,0,0,0,0,2,0,0,72,0
1,0.624,1,1,1,1,0,3,6,2,0,7,0
8,0.804,0,0,0,1,0,11,5,0,0,15,1
25,0.743,0,0,0,0,5,11,0,1,0,80,1
2,0.91,0,0,0,0,0,8,2,3,0,58,0
0,0.92,0,0,0,0,0,6,1,0,0,104,0
20,0.878,0,0,0,0,0,0,0,1,4,60,1
0,0.92,1,0,0,0,0,14,0,1,0,109,0
32,0.866,0,0,0,0,0,17,0,1,0,46,1
6,0.855,0,1,1,2,1,5,0,0,3,12,0
88,0.794,0,0,0,0,0,1,0,1,0,172,0
0,0.92,0,0,2,0,0,4,5,1,0,26,0
69,0.847,0,1,1,0,0,1,2,0,0,13,0
26,0.836,0,1,1,0,0,11,1,0,3,28,0
3,0.926,0,1,0,2,1,6,0,0,3,22,0
3,0.926,0,0,0,1,0,9,3,0,2,6,1
2,0.91,0,0,0,1,0,0,7,0,0,95,1
0,0.92,0,0,3,0,0,8,3,0,0,50,0
35,0.843,0,0,0,0,0,20,2,0,0,28,0
1,0.624,1,0,1,0,0,9,3,0,0,6,1
1,0.624,0,0,2,0,0,4,3,0,0,23,0
0,0.92,2,0,0,0,3,0,0,1,0,68,1
0,0.92,1,0,3,3,1,16,0,1,5,64,0
6,0.855,1,0,2,2,1,1,2,0,0,288,0
0,0.92,0,0,2,0,0,19,8,0,1,141,0
9,0.924,0,1,1,2,1,7,1,0,2,84,0
3,0.926,0,1,1,0,0,5,0,1,0,153,0
1,0.624,1,1,0,0,0,14,4,0,3,66,1
0,0.92,0,0,0,0,0,21,1,0,2,6,0
9,0.924,0,1,0,3,1,2,0,1,3,25,0
2,0.91,1,0,0,1,0,3,4,0,0,248,0
3,0.926,0,1,1,0,0,8,0,1,0,28,0
37,0.8270000000000001,1,0,0,3,1,2,1,2,0,89,0
7,0.939,0,0,0,0,0,10,0,1,0,8,0
0,0.92,1,1,0,0,6,14,1,0,6,180,0
1,0.624,1,0,0,0,0,3,2,1,6,16,0
2,0.91,0,0,0,0,0,12,1,1,1,4,0
14,0.698,1,0,1,0,0,9,4,0,6,25,1
0,0.92,0,1,1,0,3,8,0,1,3,83,1
0,0.92,0,0,0,0,0,0,5,0,2,25,0
1,0.624,0,0,0,0,0,4,1,0,1,22,1
3,0.926,0,0,0,2,1,11,1,0,1,26,1
10,0.754,0,1,1,0,0,5,0,1,0,35,1
0,0.92,0,0,0,0,0,2,1,0,0,4,0
4,0.92,0,0,0,1,0,0,0,1,1,74,1
1,0.624,0,0,0,0,0,5,6,0,0,131,0
1,0.624,1,1,1,0,0,3,0,1,0,22,1
8,0.804,0,0,0,0,0,11,2,0,2,23,0
2,0.91,0,0,0,0,0,15,2,0,1,90,0
11,0.887,0,1,2,0,0,5,0,1,3,36,0
0,0.92,0,1,0,2,1,3,0,1,0,70,0
1,0.624,0,0,3,0,0,3,0,0,6,56,1
5,0.897,0,0,0,0,0,20,0,1,1,98,0
8,0.804,1,1,0,1,4,5,1,0,0,60,0
47,0.555,0,1,2,0,0,14,0,1,0,42,0
12,0.884,0,0,0,0,0,17,4,0,2,101,0
14,0.698,1,1,1,2,1,6,0,1,0,114,1
1,0.624,0,0,1,0,0,13,3,0,0,42,0
0,0.92,0,1,1,0,0,9,1,2,4,33,0
4,0.92,0,0,0,0,3,9,1,0,1,57,1
5,0.897,0,1,1,0,0,5,0,1,3,36,0
0,0.92,1,0,0,0,0,15,5,3,2,146,1
1,0.624,0,1,1,2,1,13,6,0,0,64,0
0,0.92,0,0,0,0,0,0,2,0,5,2,0
11,0.887,0,0,0,2,1,10,6,0,0,76,0
1,0.624,0,0,0,0,0,5,4,4,0,47,1
12,0.884,0,0,0,1,0,4,7,0,5,32,0
2,0.91,0,0,0,0,1,7,3,0,5,14,0
19,0.893,0,0,0,2,1,15,4,0,1,73,0
57,0.698,1,0,0,0,0,8,1,0,1,37,0
48,0.698,1,0,0,1,0,8,7,0,1,78,1
50,0.727,0,0,1,2,1,13,1,2,3,23,0
24,0.762,0,0,0,0,0,17,4,0,0,106,1
42,0.738,1,0,1,0,0,7,0,1,0,102,1
0,0.92,2,0,0,1,0,7,3,0,0,21,0
1,0.624,0,0,1,0,0,7,0,1,5,180,1
3,0.926,0,0,0,0,0,17,2,0,1,107,0
4,0.92,1,0,1,2,1,0,6,4,0,188,0
5,0.897,0,0,0,0,3,0,5,0,3,99,0
4,0.92,0,0,0,0,0,16,4,4,1,119,0
0,0.92,1,1,0,0,0,16,0,1,4,50,0
10,0.754,0,0,0,0,0,15,5,0,1,20,0
2,0.91,0,1,0,0,0,13,3,0,0,11,1
5,0.897,1,0,0,1,0,6,1,0,3,83,0
1,0.624,0,1,1,0,0,14,2,5,0,256,0
0,0.92,0,0,0,0,2,5,6,4,0,39,0
5,0.897,0,0,0,1,0,1,6,0,0,27,0
7,0.939,0,0,0,0,0,18,0,1,0,5,0
43,0.5579999999999999,0,0,0,0,0,4,0,1,0,50,1
0,0.92,3,0,0,0,0,17,5,0,0,25,1
42,0.738,0,1,1,0,0,3,0,1,3,70,1
76,0.769,1,0,0,0,0,2,5,3,0,20,0
62,0.7959999999999999,1,0,0,1,0,6,0,1,0,109,0
2,0.91,0,1,0,0,0,0,0,1,3,78,0
0,0.92,1,0,0,0,0,0,3,0,4,20,0
0,0.92,0,0,0,0,0,0,1,0,1,28,0
3,0.926,0,1,0,2,1,7,2,0,1,46,0
16,0.939,1,1,0,1,0,9,2,0,1,130,1
13,0.55,0,0,2,1,0,6,3,0,0,56,0
0,0.92,0,1,0,0,6,19,0,1,0,64,1
25,0.743,2,0,0,0,0,15,0,1,2,31,0
38,0.895,0,0,0,0,0,2,1,2,0,55,0
2,0.91,0,0,0,0,0,0,4,0,2,32,0
0,0.92,0,0,0,0,0,16,4,0,4,42,0
46,0.698,0,1,2,0,0,3,0,1,3,54,1
22,0.8959999999999999,0,0,0,0,0,3,1,0,0,92,0
0,0.92,1,0,0,0,0,8,3,0,0,36,0
1,0.624,1,0,0,1,0,4,6,0,0,111,1
25,0.743,0,0,2,0,0,11,0,1,0,23,0
0,0.92,0,0,0,1,0,2,0,1,0,99,0
30,0.925,0,0,0,5,1,0,0,1,2,111,0
6,0.855,1,0,0,1,0,5,1,0,0,56,0
4,0.92,1,1,2,0,0,10,0,1,2,20,0
21,0.923,0,0,0,1,0,0,0,1,1,166,1
0,0.92,0,1,0,0,0,13,3,0,0,112,0
61,0.579,0,0,0,0,0,1,4,2,2,20,1
26,0.836,0,0,0,0,0,10,1,2,0,85,0
18,0.802,0,0,0,0,0,15,1,0,5,44,0
6,0.855,2,0,0,1,0,7,0,1,0,42,0
34,0.915,0,1,1,2,1,6,0,1,3,138,1
14,0.698,0,0,2,2,1,4,0,1,0,58,1
1,0.624,1,1,1,0,0,3,2,0,2,56,1
0,0.92,1,0,0,0,0,1,1,4,0,31,0
1,0.624,2,0,0,1,0,3,0,1,6,55,1
6,0.855,0,0,0,0,0,8,7,0,0,13,0
0,0.92,0,0,0,0,0,6,1,0,0,82,0
51,0.698,0,1,1,2,1,4,0,1,3,33,0
18,0.802,2,1,0,1,0,12,0,1,0,11,1
0,0.92,0,0,0,1,0,7,4,2,0,20,0
2,0.91,0,0,0,1,0,0,5,0,0,61,0
57,0.698,0,0,1,0,0,14,0,1,2,26,1
121,0.856,0,1,0,2,1,13,0,0,3,26,0
0,0.92,0,0,0,0,0,5,7,0,2,45,0
1,0.624,0,0,0,1,0,9,0,1,0,25,1
1,0.624,0,0,0,0,0,1,2,0,3,62,1
2,0.91,0,0,0,0,0,9,8,0,0,45,0
0,0.92,0,0,0,0,6,5,6,2,2,35,0
51,0.698,0,0,3,0,0,7,0,1,3,40,0
0,0.92,0,0,0,3,1,0,8,0,0,6,0
1,0.624,0,0,0,0,0,7,4,4,0,24,0
1,0.624,2,1,1,0,0,2,0,1,3,102,1
11,0.887,0,1,0,2,1,3,0,1,3,78,0
27,0.682,2,0,0,0,0,6,3,0,4,160,0
4,0.92,0,0,0,1,0,0,3,5,1,88,0
1,0.624,0,0,0,0,0,2,3,0,2,26,1
48,0.698,0,0,0,4,0,19,1,0,0,23,0
3,0.926,0,0,0,2,1,11,0,1,0,34,0
13,0.55,2,0,1,1,0,2,1,2,0,56,0
2,0.91,0,0,0,1,0,4,5,0,0,46,0
0,0.92,0,0,0,0,0,0,0,1,0,43,1
0,0.92,0,0,0,1,0,0,3,0,2,72,0
3,0.926,0,0,0,1,0,7,7,0,2,15,0
2,0.91,0,0,0,2,1,13,0,1,3,96,0
31,0.579,0,1,1,2,1,3,6,4,2,9,1
40,0.949,0,0,0,0,0,0,6,3,0,246,0
2,0.91,1,0,0,0,0,1,1,0,0,37,1
2,0.91,0,1,1,0,0,1,0,1,3,32,0
1,0.624,0,0,0,0,0,5,3,0,2,44,1
35,0.843,0,1,0,4,0,0,8,3,1,42,0
3,0.926,0,0,0,0,0,0,6,0,1,300,0
0,0.92,0,0,0,0,0,0,2,0,2,6,0
1,0.624,0,1,1,2,1,3,0,1,0,51,1
1,0.624,0,1,1,0,0,1,0,1,0,91,1
20,0.878,0,0,0,0,0,3,2,0,0,19,1
6,0.855,0,0,1,0,0,6,5,0,2,34,1
71,0.698,0,0,0,0,0,2,1,0,2,51,0
0,0.92,0,0,2,0,0,3,1,1,2,107,1
0,0.92,1,0,0,0,0,0,5,0,1,121,0
26,0.836,0,0,0,0,0,2,7,0,0,53,0
0,0.92,1,0,0,0,0,12,1,0,1,27,0
20,0.878,0,0,2,2,1,10,2,0,5,15,0
1,0.624,1,0,0,0,0,4,8,0,3,52,0
0,0.92,0,0,0,0,0,0,7,0,5,113,0
37,0.8270000000000001,0,0,0,2,1,20,0,1,1,12,0
1,0.624,0,0,0,0,0,1,0,1,4,34,0
3,0.926,0,1,0,0,0,3,5,3,0,86,0
2,0.91,1,0,0,1,0,0,0,1,0,143,0
38,0.895,0,0,0,1,0,3,4,2,0,14,0
54,0.8270000000000001,0,0,0,0,0,7,1,0,0,55,0
13,0.55,1,0,2,3,1,15,1,3,2,146,1
12,0.884,0,0,1,0,0,17,2,5,0,100,0
0,0.92,0,0,0,0,0,0,6,2,0,39,0
38,0.895,3,1,3,3,1,5,0,1,3,83,0
0,0.92,0,0,0,0,3,2,2,0,0,22,0
1,0.624,0,1,1,1,0,5,0,1,6,48,1
22,0.8959999999999999,1,0,0,1,0,0,5,3,1,15,0
2,0.91,0,0,0,0,0,15,0,1,2,45,0
1,0.624,2,0,0,1,0,9,5,0,2,51,0
18,0.802,2,0,0,1,0,16,0,1,0,88,0
0,0.92,0,0,0,1,2,0,0,1,0,15,0
4,0.92,0,0,0,0,0,18,0,1,4,4,0
1,0.624,0,0,1,1,0,13,7,0,0,20,1
0,0.92,0,1,0,0,0,13,0,1,3,86,0
26,0.836,0,0,0,1,0,19,7,3,1,166,0
1,0.624,0,0,0,0,3,13,6,0,3,19,1
56,0.691,1,0,0,0,0,6,2,0,0,6,0
1,0.624,1,0,0,0,3,13,6,1,6,24,1
35,0.843,0,0,0,1,0,10,2,1,0,29,0
53,0.7659999999999999,3,0,1,0,0,10,8,1,3,30,1
0,0.92,0,0,0,0,4,0,7,2,1,22,0
2,0.91,0,0,0,0,0,0,1,0,0,27,0
0,0.92,0,0,0,0,0,0,2,0,5,40,0
0,0.92,0,0,0,1,0,10,4,2,0,90,0
1,0.624,1,1,0,0,0,2,3,1,3,140,1
11,0.887,0,0,0,0,3,4,0,1,0,106,1
2,0.91,1,0,0,1,0,9,1,0,0,79,0
0,0.92,1,1,0,4,0,10,3,0,2,148,0
93,0.516,0,0,0,0,0,8,6,4,0,11,0
2,0.91,0,0,0,0,0,0,2,0,1,182,0
3,0.926,1,1,0,1,0,0,2,0,0,50,0
3,0.926,0,0,0,1,0,0,1,0,1,18,0
0,0.92,0,0,0,2,1,11,7,0,0,7,0
5,0.897,0,0,0,1,0,0,0,0,1,29,0
13,0.55,1,1,1,0,0,5,0,1,0,144,1
1,0.624,1,0,0,1,0,3,6,4,6,13,1
3,0.926,0,1,0,2,1,1,0,0,3,17,0
17,0.899,0,0,0,0,0,8,1,0,1,7,0
4,0.92,0,1,0,0,0,8,2,0,5,43,0
0,0.92,0,0,0,0,0,21,5,0,0,202,0
15,0.913,0,0,0,0,0,10,4,0,0,15,0
52,0.698,0,0,0,0,0,11,3,0,2,108,0
15,0.913,0,0,0,1,0,1,2,0,0,40,0
37,0.8270000000000001,0,0,0,1,0,1,2,0,1,105,0
30,0.925,0,0,2,1,0,8,1,0,1,23,0
95,0.921,0,0,0,0,0,0,4,0,0,35,0
1,0.624,1,1,1,0,0,5,0,1,6,28,1
1,0.624,1,1,0,3,1,22,0,1,3,44,0
70,0.74,2,0,1,0,0,11,4,0,3,73,0
0,0.92,1,0,0,0,0,5,3,0,0,125,0
11,0.887,0,1,0,2,1,3,0,1,3,96,0
0,0.92,0,0,0,0,0,17,3,0,5,83,0
6,0.855,0,1,0,5,1,13,0,1,0,176,0
16,0.939,1,0,2,0,0,1,1,0,0,192,0
1,0.624,1,0,0,0,0,5,6,4,6,4,0
13,0.55,2,0,0,0,0,2,4,0,0,2,0
5,0.897,0,0,0,1,0,17,7,0,1,5,0
2,0.91,1,1,0,2,1,5,0,1,3,16,1
5,0.897,0,0,0,1,0,4,5,0,0,262,0
2,0.91,0,1,3,3,1,3,0,1,3,24,0
2,0.91,0,1,0,2,1,3,0,1,0,35,0
47,0.555,0,0,1,0,0,2,0,1,0,43,1
5,0.897,0,0,0,1,0,0,7,0,2,18,0
4,0.92,0,0,0,0,0,4,6,0,2,29,0
74,0.698,0,0,0,1,0,17,1,0,1,122,1
110,0.487,0,0,0,1,0,19,0,1,0,52,1
4,0.92,0,0,1,0,0,7,0,1,2,41,0
3,0.926,0,0,1,2,1,3,0,1,2,79,0
38,0.895,0,0,0,1,0,0,3,0,1,30,0
25,0.743,0,0,0,4,0,17,0,1,0,23,0
28,0.6659999999999999,0,0,0,0,0,5,8,0,0,124,0
6,0.855,0,1,2,0,0,5,8,0,0,46,0
1,0.624,0,1,1,0,0,4,0,1,3,21,1
13,0.55,1,0,0,1,0,5,6,1,0,36,1
1,0.624,1,1,2,1,0,13,6,3,6,54,0
3,0.926,1,0,0,1,0,4,6,0,0,15,0
0,0.92,0,1,0,2,1,1,0,1,0,140,1
3,0.926,0,1,3,2,1,3,0,1,0,22,0
20,0.878,0,0,0,4,0,0,2,0,1,98,0
16,0.939,0,1,0,2,1,1,0,1,0,35,0
2,0.91,0,0,0,1,0,4,3,0,2,125,1
98,0.775,2,0,0,0,0,6,2,0,5,96,1
47,0.555,1,0,0,1,0,19,3,0,2,57,1
40,0.949,0,0,0,2,1,21,0,1,3,149,0
49,0.789,0,1,0,0,0,4,3,0,5,82,0
0,0.92,0,0,0,0,0,12,1,3,5,6,1
2,0.91,0,0,0,0,5,2,4,0,2,45,0
46,0.698,0,1,0,2,1,5,0,1,3,64,0
0,0.92,0,0,0,1,5,0,5,5,1,50,1
9,0.924,0,0,0,0,3,15,1,0,1,62,0
22,0.8959999999999999,0,1,0,1,2,2,0,1,5,103,0
0,0.92,0,0,0,0,0,16,5,5,2,5,0
2,0.91,0,0,0,0,2,15,0,1,0,102,0
0,0.92,3,0,0,0,3,0,0,1,1,34,1
0,0.92,0,0,0,0,3,0,0,1,1,268,0
3,0.926,0,0,0,0,0,2,6,0,4,16,1
0,0.92,2,0,0,0,0,4,1,6,0,148,0
0,0.92,2,1,1,2,1,15,0,1,3,138,1
12,0.884,0,0,0,0,0,10,4,4,0,86,0
31,0.579,1,0,1,0,0,9,0,1,0,105,0
0,0.92,0,0,0,0,5,0,2,0,1,11,0
1,0.624,1,0,0,0,0,3,0,1,0,51,0
0,0.92,1,0,0,0,6,14,2,0,0,76,0
0,0.92,0,0,0,0,0,21,3,0,0,16,0
21,0.923,1,0,0,0,3,0,2,0,1,151,0
0,0.92,0,0,0,0,0,1,6,4,4,18,0
4,0.92,0,1,0,0,0,0,0,1,2,32,0
5,0.897,0,0,0,0,0,18,3,0,0,26,0
1,0.624,0,0,3,0,0,3,0,1,0,198,0
3,0.926,3,0,0,3,1,0,0,1,3,154,0
18,0.802,0,1,0,2,1,14,0,1,2,40,1
9,0.924,0,1,1,0,0,3,1,0,0,8,0
2,0.91,1,0,0,0,0,1,1,2,0,14,0
40,0.949,0,0,0,1,0,0,2,0,1,107,0
3,0.926,1,0,0,1,0,0,1,0,4,43,0
20,0.878,1,0,0,1,0,0,6,0,2,4,0
0,0.92,0,0,0,0,2,19,0,1,5,36,0
9,0.924,0,0,0,0,0,8,7,1,0,54,0
1,0.624,2,0,1,0,0,5,6,4,2,89,1
3,0.926,1,0,0,2,1,6,4,0,1,111,0
0,0.92,0,1,0,0,0,4,0,1,0,17,1
1,0.624,0,0,0,0,0,1,2,0,3,87,1
19,0.893,0,0,0,1,0,2,7,3,0,18,0
0,0.92,0,0,0,0,4,0,8,0,0,106,0
16,0.939,0,0,0,2,1,12,1,2,5,11,0
0,0.92,0,0,0,0,4,3,2,5,2,34,1
0,0.92,0,0,0,0,0,0,8,0,2,184,0
11,0.887,0,0,0,1,0,11,1,2,2,12,0
0,0.92,0,0,0,4,0,5,6,4,0,26,0
70,0.74,0,1,0,1,0,12,5,5,0,196,1
1,0.624,1,1,1,0,0,4,0,1,3,12,0
0,0.92,0,0,0,0,2,17,6,0,4,30,1
37,0.8270000000000001,0,0,0,0,0,12,0,1,0,109,0
0,0.92,0,0,0,0,0,0,0,1,0,12,1
13,0.55,2,0,0,0,0,8,4,2,0,23,0
3,0.926,0,1,0,0,0,0,8,0,0,97,0
82,0.856,0,0,0,0,0,16,1,0,3,62,0
0,0.92,0,0,0,0,3,1,2,0,1,91,1
35,0.843,0,0,2,0,0,4,6,0,0,24,1
1,0.624,1,0,1,0,0,8,0,0,2,8,1
10,0.754,0,0,1,0,0,2,6,0,0,15,0
21,0.923,0,0,0,1,0,0,0,1,1,20,0
3,0.926,0,0,0,1,0,15,2,0,1,37,0
27,0.682,1,0,0,0,3,4,1,0,0,202,0
0,0.92,1,0,0,1,0,6,3,0,0,9,1
1,0.624,0,0,0,0,0,7,5,0,0,216,1
0,0.92,0,0,0,1,2,1,3,0,0,336,0
31,0.579,0,0,1,0,0,9,0,1,0,21,0
1,0.624,0,0,0,0,0,16,3,0,1,22,1
0,0.92,1,0,0,0,0,8,3,3,0,92,0
6,0.855,0,1,0,2,1,14,0,1,3,37,0
3,0.926,0,0,0,0,0,4,1,0,1,84,0
1,0.624,0,1,2,1,0,9,5,0,0,28,0
26,0.836,0,0,0,1,0,12,0,1,0,6,0
0,0.92,1,1,2,0,0,7,0,1,0,16,1
10,0.754,0,0,0,0,0,16,0,1,2,100,1
8,0.804,2,0,1,1,0,7,5,0,1,62,1
13,0.55,1,0,0,0,0,2,1,0,0,16,0
9,0.924,0,0,0,0,0,12,6,0,4,166,0
6,0.855,2,0,1,0,0,9,1,0,2,66,0
2,0.91,0,0,0,0,0,15,4,0,0,53,0
1,0.624,0,0,0,0,0,0,0,1,0,182,1
0,0.92,2,0,0,1,0,18,1,0,2,11,0
115,0.807,2,1,0,1,0,1,0,1,0,94,0
1,0.624,1,0,1,0,0,3,0,1,6,72,0
0,0.92,0,1,0,3,1,3,0,1,3,92,0
0,0.92,0,0,0,0,0,15,3,0,1,48,0
4,0.92,0,0,0,0,0,8,8,3,2,27,0
1,0.624,0,1,1,2,1,3,0,1,3,28,1
5,0.897,1,0,0,1,0,0,0,1,1,21,0
25,0.743,0,0,0,0,0,11,6,1,0,118,0
2,0.91,0,1,1,0,0,2,1,0,0,9,1
3,0.926,0,0,2,1,3,19,1,0,2,4,0
45,0.925,0,0,1,0,0,11,1,1,6,270,0
32,0.866,0,0,2,1,0,14,1,1,0,18,0
65,0.698,0,0,0,0,4,5,4,0,0,198,1
13,0.55,1,0,0,0,0,9,4,6,0,37,1
0,0.92,0,0,0,0,0,0,1,0,0,44,0
0,0.92,0,0,0,0,0,1,8,1,0,34,0
21,0.923,1,0,0,0,0,15,3,0,1,104,0
0,0.92,2,0,0,0,0,0,3,0,1,81,0
16,0.939,0,0,0,0,0,11,1,0,4,6,0
24,0.762,0,0,0,1,0,2,0,0,5,34,1
24,0.762,0,1,1,0,0,3,0,1,1,12,1
6,0.855,1,0,1,1,0,7,3,0,0,82,0
1,0.624,0,0,1,0,0,5,2,0,0,40,1
37,0.8270000000000001,2,1,0,0,0,20,0,1,1,12,0
2,0.91,1,0,0,0,0,4,7,3,0,150,0
0,0.92,0,0,0,0,0,10,3,0,4,112,0
1,0.624,0,0,0,0,0,7,0,1,0,162,1
6,0.855,0,1,0,1,0,3,3,0,0,6,0
0,0.92,0,1,0,0,0,3,1,1,0,32,0
0,0.92,0,0,0,0,0,0,2,6,1,48,1
3,0.926,0,0,0,0,0,15,1,0,5,196,1
55,0.848,0,0,0,0,0,7,6,0,0,39,0
1,0.624,2,0,1,0,0,3,1,0,0,15,1
9,0.924,1,0,0,0,0,0,0,1,1,43,0
1,0.624,0,1,0,0,0,4,0,1,2,64,1
0,0.92,0,0,0,0,0,1,3,0,0,9,0
2,0.91,0,0,0,0,0,11,1,0,1,17,0
5,0.897,0,0,0,0,0,1,1,2,0,31,0
1,0.624,2,1,0,1,0,1,1,0,3,23,0
3,0.926,0,1,1,2,1,4,0,1,3,45,0
2,0.91,1,0,0,2,1,4,2,0,0,74,0
0,0.92,0,0,0,0,0,19,5,0,0,96,0
9,0.924,0,0,1,0,0,4,1,0,0,86,0
3,0.926,0,0,2,0,0,1,6,0,2,27,0
2,0.91,0,1,0,0,0,11,2,0,0,12,0
87,0.7759999999999999,0,0,2,0,0,7,6,0,0,31,1
10,0.754,0,0,0,0,0,8,6,5,0,8,0
5,0.897,0,0,0,1,0,15,1,0,1,16,0
0,0.92,0,1,0,0,4,10,1,3,0,108,1
0,0.92,0,1,0,2,1,13,0,1,0,20,0
0,0.92,0,0,0,0,5,15,1,0,1,3,0
31,0.579,0,0,0,0,0,1,1,0,0,14,1
0,0.92,1,0,0,1,0,10,3,1,0,96,0
68,0.763,0,0,1,1,0,5,1,0,3,55,0
3,0.926,0,1,1,0,0,7,0,1,0,70,0
1,0.624,0,1,1,2,1,14,0,1,3,61,1
0,0.92,0,0,0,0,0,0,1,0,1,151,0
2,0.91,0,0,0,1,0,9,3,0,0,7,0
55,0.848,1,0,0,0,0,4,2,0,4,139,0
5,0.897,0,0,0,1,0,3,2,2,0,59,0
18,0.802,1,0,0,1,0,9,8,0,0,102,0
0,0.92,1,1,0,1,0,12,8,3,1,66,1
10,0.754,0,0,0,0,0,6,2,0,0,3,0
0,0.92,2,0,0,1,2,4,0,3,2,96,1
16,0.939,0,0,2,2,1,3,8,0,1,166,0
0,0.92,0,0,0,1,0,8,3,0,2,156,0
5,0.897,1,0,0,1,0,0,3,0,1,64,0
38,0.895,0,1,0,2,1,6,0,1,1,86,0
0,0.92,1,0,0,0,0,0,6,0,3,20,0
1,0.624,1,1,0,0,0,14,0,1,2,25,0
2,0.91,0,0,0,1,0,0,2,0,1,14,0
2,0.91,2,0,0,0,0,16,4,0,5,10,0
1,0.624,0,0,1,0,0,17,4,0,2,145,1
14,0.698,0,0,0,0,0,2,0,1,0,129,0
0,0.92,1,1,0,2,1,5,0,1,3,37,0
0,0.92,0,0,0,0,0,0,0,1,0,13,1
1,0.624,0,0,1,1,0,2,5,0,0,320,1
0,0.92,0,0,2,0,0,3,2,5,0,109,1
0,0.92,1,0,1,2,1,8,0,1,4,56,0
2,0.91,0,0,0,0,0,8,6,0,0,98,0
0,0.92,0,1,1,2,1,3,0,1,0,46,0
3,0.926,0,0,0,0,0,0,2,0,1,19,0
15,0.913,0,0,0,5,1,6,2,0,0,9,0
4,0.92,0,0,0,3,1,21,2,0,1,20,0
0,0.92,0,0,0,0,0,10,2,0,5,50,0
7,0.939,0,0,0,0,0,0,3,0,2,68,0
0,0.92,0,1,0,5,1,13,0,0,3,57,0
1,0.624,1,0,0,0,0,4,0,1,2,39,1
0,0.92,2,0,0,1,0,6,3,0,2,37,0
1,0.624,1,0,0,1,0,11,5,0,2,10,1
0,0.92,0,0,0,0,0,16,3,0,4,138,0
1,0.624,1,0,0,0,0,2,7,5,2,17,1
14,0.698,0,0,0,0,0,0,2,3,5,24,0
0,0.92,1,1,1,0,0,1,2,0,6,24,0
1,0.624,0,0,1,0,0,3,0,1,0,270,1
4,0.92,1,1,1,0,0,3,4,2,0,123,0
12,0.884,0,0,0,0,0,0,7,1,0,51,0
28,0.6659999999999999,0,0,0,1,0,0,3,0,0,52,0
1,0.624,0,1,1,0,0,14,0,1,3,64,1
0,0.92,0,0,0,0,5,1,2,0,0,39,0
15,0.913,0,0,0,1,0,0,0,1,1,50,0
22,0.8959999999999999,0,1,1,2,1,2,0,1,3,188,0
2,0.91,0,0,0,1,0,7,1,0,4,56,0
0,0.92,0,0,0,0,4,8,2,0,0,17,0
22,0.8959999999999999,0,0,0,0,0,2,0,1,0,66,0
0,0.92,0,0,0,0,0,0,5,0,2,27,0
1,0.624,2,0,0,0,0,12,3,0,0,14,1
0,0.92,1,0,0,1,0,7,0,1,0,112,1
7,0.939,0,0,0,1,0,6,2,0,0,112,0
2,0.91,1,1,1,0,0,4,0,1,6,46,0
0,0.92,1,0,3,0,0,3,1,2,0,52,0
0,0.92,0,0,0,1,0,17,5,5,1,30,1
50,0.727,0,0,0,0,0,16,2,0,4,22,0
16,0.939,1,1,1,2,1,8,0,1,3,6,0
10,0.754,0,0,2,0,0,4,2,0,0,106,0
0,0.92,0,0,0,0,0,20,2,2,0,34,0
0,0.92,1,0,0,0,0,9,2,0,0,176,0
1,0.624,0,1,2,0,6,1,6,4,4,46,1
2,0.91,0,0,0,0,0,0,3,0,1,62,0
0,0.92,2,0,0,1,0,0,2,2,2,112,1
47,0.555,0,1,0,0,2,13,0,1,3,26,1
27,0.682,0,1,0,2,1,14,0,1,3,51,0
16,0.939,0,0,1,2,1,9,0,1,1,85,0
2,0.91,0,0,0,0,0,0,7,0,2,30,0
6,0.855,0,0,0,0,0,10,2,5,0,21,0
0,0.92,2,0,0,0,0,9,0,1,0,3,0
0,0.92,0,0,0,1,2,14,6,2,0,87,0
5,0.897,0,1,2,0,0,5,6,1,0,85,0
1,0.624,0,0,1,0,0,4,2,0,0,78,0
0,0.92,0,0,0,0,0,0,2,0,5,155,0
5,0.897,0,0,2,0,0,1,1,0,4,58,0
0,0.92,0,0,0,0,0,20,7,1,0,56,0
43,0.5579999999999999,0,0,0,0,0,4,4,0,0,204,0
1,0.624,0,0,0,0,0,6,7,0,0,78,1
4,0.92,0,1,1,0,0,1,0,1,0,190,0
22,0.8959999999999999,0,0,2,0,0,19,1,0,0,80,0
40,0.949,0,0,0,0,0,0,0,1,1,37,0
1,0.624,2,1,1,2,1,3,0,1,3,140,0
1,0.624,0,0,0,1,0,6,1,0,0,56,0
30,0.925,0,0,0,0,0,4,1,6,0,112,0
24,0.762,0,0,0,0,0,6,0,1,1,113,0
0,0.92,0,0,2,0,0,1,6,4,0,17,1
6,0.855,0,1,0,3,1,14,0,1,3,62,0
1,0.624,1,0,0,1,0,3,4,0,0,36,0
63,0.84,1,0,2,0,0,12,7,3,2,92,0
6,0.855,2,0,0,0,3,3,2,0,0,42,0
2,0.91,0,0,0,4,0,0,6,4,2,26,0
0,0.92,0,0,0,0,0,17,2,2,0,19,0
0,0.92,0,0,0,0,0,3,2,2,0,82,0
8,0.804,0,0,0,0,0,16,7,0,2,103,0
1,0.624,0,0,0,1,3,11,0,1,1,77,1
5,0.897,0,0,0,1,0,8,4,2,0,96,0
5,0.897,1,0,0,1,0,7,4,0,1,2,0
4,0.92,0,0,0,0,6,19,4,0,1,42,0
3,0.926,2,1,2,0,0,13,3,0,0,33,0
3,0.926,2,0,0,0,0,10,2,0,2,5,1
0,0.92,2,0,0,0,5,2,4,0,5,87,0
0,0.92,0,0,0,1,0,10,2,2,0,141,0
7,0.939,0,1,0,5,1,2,0,1,3,27,0
1,0.624,0,0,0,0,0,4,4,0,0,4,1
0,0.92,0,0,0,0,0,0,2,0,5,44,0
1,0.624,0,0,0,0,0,3,2,0,2,78,1
0,0.92,0,1,0,0,5,6,1,2,0,103,0
1,0.624,0,0,0,0,0,6,3,0,5,270,1
20,0.878,0,1,0,5,1,5,0,1,3,47,0
6,0.855,0,1,1,2,1,5,4,4,0,54,0
0,0.92,0,0,0,4,0,0,0,1,1,65,0
0,0.92,1,0,0,0,1,10,1,0,1,42,0
4,0.92,0,0,0,0,0,7,1,0,5,5,0
1,0.624,1,0,0,0,0,4,5,0,0,108,0
2,0.91,1,0,0,0,0,8,2,5,0,20,0
30,0.925,0,0,0,1,0,12,6,0,0,138,0
0,0.92,1,0,0,0,2,3,3,0,2,45,0
7,0.939,0,0,0,0,0,0,0,1,0,56,1
0,0.92,1,1,1,0,0,5,0,1,0,94,1
34,0.915,1,0,0,0,0,21,6,0,5,41,0
5,0.897,0,0,0,0,2,1,2,0,2,96,0
0,0.92,0,0,0,0,0,7,5,0,0,32,0
6,0.855,3,1,1,0,0,2,3,0,2,25,0
8,0.804,0,0,2,2,1,18,1,0,4,20,0
0,0.92,0,0,0,0,6,0,2,0,2,18,0
7,0.939,0,1,0,2,1,14,0,1,3,11,0
2,0.91,0,1,1,2,1,4,0,0,3,51,0
23,0.767,0,0,0,0,0,3,6,0,5,12,0
32,0.866,0,0,0,0,0,16,2,4,5,62,0
1,0.624,0,0,0,0,0,7,5,0,2,14,0
0,0.92,0,0,0,0,0,8,5,0,2,71,1
8,0.804,0,1,3,1,0,4,0,1,6,174,0
32,0.866,0,1,1,0,0,5,0,1,3,75,0
7,0.939,0,0,0,0,0,7,4,0,0,42,0
26,0.836,0,0,0,0,0,0,4,0,1,10,0
23,0.767,1,0,0,0,0,9,4,4,0,12,0
2,0.91,2,0,0,1,2,1,0,3,0,57,0
8,0.804,0,1,0,0,2,22,0,1,0,91,1
71,0.698,1,0,2,2,1,8,0,1,4,74,0
2,0.91,0,0,0,0,0,0,8,0,1,7,0
0,0.92,0,0,0,0,0,0,2,0,2,23,0
0,0.92,0,0,0,1,2,7,3,0,2,7,0
111,0.512,0,0,0,1,0,8,1,0,0,68,0
0,0.92,3,1,1,0,0,11,8,0,0,16,0
0,0.92,1,0,0,2,1,3,1,0,0,36,0
8,0.804,0,1,1,0,0,3,0,1,3,73,1
28,0.6659999999999999,0,0,0,0,2,0,7,0,0,79,0
1,0.624,0,0,0,0,0,13,0,0,3,68,1
0,0.92,0,0,0,0,0,2,1,4,0,145,0
0,0.92,2,0,0,1,0,0,0,1,0,64,1
3,0.926,0,0,0,1,3,6,2,0,0,62,0
75,0.698,0,1,1,0,0,3,0,1,0,59,0
3,0.926,0,1,0,4,0,12,8,3,1,9,1
27,0.682,1,1,1,0,0,3,0,1,3,12,1
3,0.926,0,0,0,0,0,15,7,0,2,19,0
0,0.92,0,0,0,0,0,0,3,0,1,130,0
0,0.92,0,0,0,0,2,0,3,0,0,20,0
43,0.5579999999999999,1,1,1,0,0,5,0,0,3,46,0
1,0.624,0,0,0,1,0,6,2,0,2,42,1
23,0.767,0,0,1,0,0,10,0,1,0,174,0
9,0.924,0,1,0,4,0,15,2,0,0,332,1
94,0.898,0,0,0,0,0,12,1,0,1,244,0
12,0.884,0,0,0,0,2,4,0,1,1,28,0
3,0.926,0,1,1,2,1,5,0,1,3,14,0
119,0.698,0,1,0,2,1,9,6,0,1,20,0
3,0.926,0,0,1,0,0,0,5,5,1,28,0
2,0.91,0,0,0,0,0,16,1,0,0,22,0
25,0.743,0,0,0,0,0,16,2,1,5,100,0
2,0.91,1,1,0,0,0,4,4,0,1,40,0
0,0.92,0,1,0,3,1,1,0,1,3,94,0
0,0.92,0,1,0,5,1,1,0,1,3,44,0
31,0.579,1,0,0,0,0,4,6,0,0,72,0
0,0.92,1,0,0,1,0,0,1,2,0,36,0
9,0.924,0,1,0,1,0,0,2,3,4,92,0
1,0.624,0,0,0,0,0,21,0,1,2,43,1
10,0.754,0,0,2,0,0,0,3,0,5,222,0
0,0.92,0,0,0,0,0,8,0,0,0,100,0
20,0.878,0,0,1,0,0,7,0,1,4,53,1
10,0.754,1,0,0,0,0,6,5,0,0,22,0
32,0.866,0,0,0,0,0,11,4,0,0,37,0
0,0.92,1,0,1,1,0,0,2,5,0,32,0
42,0.738,0,1,0,4,0,0,0,1,1,50,1
21,0.923,1,0,0,0,0,2,3,0,0,11,0
35,0.843,0,0,2,0,0,11,1,0,2,38,0
0,0.92,0,0,0,0,0,9,1,0,3,84,0
0,0.92,1,0,0,0,0,2,0,1,0,168,1
78,0.795,0,0,0,0,0,0,2,2,0,4,0
4,0.92,0,0,0,0,2,10,4,2,4,152,0
7,0.939,1,0,0,0,0,6,2,5,0,42,0
28,0.6659999999999999,0,0,0,0,0,21,6,0,1,14,0
8,0.804,0,0,0,1,3,11,6,0,0,22,0
1,0.624,0,0,0,0,0,14,0,1,2,112,0
0,0.92,1,0,1,2,1,4,3,3,0,78,0
1,0.624,0,0,1,0,0,1,7,0,4,12,1
43,0.5579999999999999,1,0,0,0,0,4,6,0,0,100,1
1,0.624,1,0,0,0,0,12,3,0,1,28,0
3,0.926,0,1,3,2,1,9,0,1,3,32,0
0,0.92,0,1,0,0,0,0,0,1,1,16,0
4,0.92,0,0,0,2,1,16,2,3,4,88,0
1,0.624,0,0,1,0,0,11,6,4,0,226,0
7,0.939,0,1,0,0,0,8,0,1,0,74,0
0,0.92,0,0,0,0,0,8,1,3,1,140,0
0,0.92,0,0,0,0,3,21,2,0,5,39,0
9,0.924,0,0,0,2,1,0,5,0,0,44,0
0,0.92,0,0,0,0,0,2,3,0,2,102,0
1,0.624,0,0,0,0,4,12,6,0,0,87,1
1,0.624,0,0,0,1,0,18,1,0,2,123,1
5,0.897,0,0,0,1,0,6,1,2,0,12,0
0,0.92,0,0,0,1,0,7,3,0,0,29,0
0,0.92,1,0,0,1,0,1,0,1,0,18,1
0,0.92,1,0,0,0,0,6,5,0,3,218,0
4,0.92,0,0,0,0,0,0,0,1,0,34,0
51,0.698,0,1,0,0,0,2,1,0,0,65,0
5,0.897,0,0,0,1,0,16,6,2,2,113,0
0,0.92,0,0,0,0,0,0,2,0,2,16,1
58,0.698,1,0,3,3,1,2,0,1,3,20,0
1,0.624,1,1,1,2,1,13,0,1,3,100,0
1,0.624,1,0,0,1,0,6,1,0,0,51,1
2,0.91,1,0,0,0,0,5,2,3,2,212,0
11,0.887,0,1,0,3,1,3,0,1,3,262,0
0,0.92,0,0,0,0,0,3,3,0,0,222,0
0,0.92,1,0,0,0,0,0,7,0,1,39,0
2,0.91,0,0,2,1,0,0,1,2,0,284,0
2,0.91,0,0,0,0,0,0,1,0,0,61,1
0,0.92,0,1,0,0,4,0,5,0,0,48,0
9,0.924,1,0,0,1,0,9,2,5,0,34,0
27,0.682,0,1,1,0,0,5,0,1,0,68,1
2,0.91,0,1,0,0,0,2,1,3,0,36,0
7,0.939,0,1,0,5,1,3,0,1,3,68,0
37,0.8270000000000001,1,0,0,1,0,0,7,0,1,160,0
0,0.92,1,1,3,3,1,13,0,1,3,10,0
90,0.698,0,1,1,2,1,6,0,1,0,12,1
5,0.897,0,1,2,3,1,5,3,0,0,26,0
1,0.624,1,1,0,0,0,14,6,0,0,111,1
3,0.926,0,0,0,1,0,18,2,0,0,19,0
1,0.624,1,0,1,0,0,9,0,1,3,30,1
3,0.926,0,1,0,2,1,13,6,5,3,53,0
12,0.884,1,0,2,0,0,18,3,0,0,184,0
2,0.91,0,1,1,2,1,2,0,0,3,108,0
1,0.624,0,0,1,0,0,2,4,0,0,31,1
26,0.836,0,0,2,2,1,8,1,0,2,8,0
1,0.624,1,0,1,0,0,2,2,2,2,236,0
0,0.92,0,0,0,1,0,16,3,0,0,77,0
1,0.624,0,0,0,0,0,9,2,0,3,48,1
0,0.92,2,0,0,0,0,4,1,2,0,80,0
11,0.887,0,0,1,0,0,1,4,3,0,34,0
2,0.91,2,0,0,1,0,10,1,0,0,124,0
3,0.926,0,0,0,0,0,19,1,0,0,168,0
5,0.897,0,0,0,1,0,9,1,2,5,29,1
3,0.926,1,1,3,3,1,0,0,1,2,27,0
1,0.624,0,0,0,0,3,8,3,0,1,132,1
0,0.92,0,0,0,1,0,0,0,1,1,87,0
2,0.91,0,1,1,1,0,0,0,1,2,10,1
35,0.843,0,1,0,0,0,14,0,1,0,77,1
18,0.802,0,0,0,0,4,13,1,1,0,112,0
0,0.92,0,1,1,0,0,8,0,1,3,78,1
56,0.691,1,0,0,0,2,15,0,1,5,15,0
3,0.926,0,1,1,2,1,5,4,0,2,50,0
45,0.925,0,0,1,0,0,12,8,0,5,141,1
10,0.754,0,0,2,0,0,2,0,1,0,35,0
49,0.789,0,0,0,0,0,12,4,0,1,42,1
0,0.92,0,0,0,0,0,6,6,1,0,192,0
1,0.624,0,1,0,2,1,3,0,1,3,81,0
16,0.939,0,0,0,3,1,15,2,0,1,63,0
6,0.855,2,0,2,0,0,4,3,0,5,58,0
1,0.624,0,0,1,0,0,12,0,1,1,64,0
7,0.939,1,1,1,1,0,20,3,0,4,12,0
7,0.939,0,0,0,0,0,2,2,1,0,36,0
18,0.802,1,1,1,1,0,3,0,1,6,302,0
10,0.754,0,0,0,1,0,2,1,5,0,76,0
11,0.887,0,0,0,1,0,0,0,1,0,131,0
2,0.91,2,0,1,1,0,16,2,0,0,44,1
84,0.556,0,0,2,0,0,6,5,0,0,102,0
1,0.624,1,1,1,2,1,2,0,1,3,48,0
27,0.682,0,0,0,0,0,0,2,0,2,14,0
46,0.698,3,0,3,4,2,0,0,1,0,9,1
1,0.624,1,1,0,0,0,14,0,1,0,111,1
0,0.92,0,1,0,0,2,13,0,1,0,39,1
17,0.899,2,0,0,0,0,8,4,2,0,41,0
8,0.804,0,0,0,1,0,10,2,0,1,42,0
18,0.802,1,0,1,0,0,9,7,0,0,50,1
2,0.91,1,1,0,0,5,5,0,1,2,21,1
37,0.8270000000000001,1,0,0,0,0,8,2,3,2,6,0
12,0.884,1,0,0,1,0,7,4,0,2,50,0
45,0.925,1,1,0,1,0,3,0,1,3,97,0
8,0.804,1,0,0,0,0,14,1,0,2,11,1
0,0.92,2,0,0,1,5,0,0,1,0,18,1
8,0.804,0,0,0,1,0,10,5,0,5,22,0
0,0.92,3,0,0,0,2,14,1,2,0,56,0
0,0.92,0,0,0,5,1,16,0,1,0,70,1
55,0.848,0,0,0,0,0,16,6,2,1,4,0
0,0.92,0,0,0,0,0,0,0,1,4,6,1
2,0.91,1,1,0,0,6,3,6,0,2,24,0
2,0.91,0,0,0,0,0,21,5,0,5,280,1
2,0.91,0,0,0,0,0,0,3,3,1,94,0
68,0.763,0,0,0,0,0,7,1,0,0,46,0
2,0.91,1,0,0,0,5,18,1,0,0,23,0
24,0.762,0,0,0,0,0,18,0,1,2,17,1
0,0.92,0,0,0,0,0,0,5,0,1,30,1
47,0.555,0,1,1,2,1,5,0,1,3,17,0
2,0.91,0,0,0,0,0,9,5,0,5,34,0
33,0.6890000000000001,0,1,1,0,0,5,0,1,3,44,1
0,0.92,2,0,0,0,6,3,0,1,0,33,1
18,0.802,3,1,0,2,1,13,0,0,3,51,0
24,0.762,0,0,0,0,0,6,3,0,2,224,0
2,0.91,0,1,1,0,0,2,0,1,3,86,0
0,0.92,1,0,0,0,0,15,2,5,0,21,0
43,0.5579999999999999,1,0,0,0,0,13,1,0,0,33,0
0,0.92,0,0,0,1,0,12,1,2,0,34,0
13,0.55,0,1,3,0,0,1,0,1,3,38,1
12,0.884,1,1,0,0,4,15,0,1,1,80,0
3,0.926,0,0,1,0,0,4,4,2,0,54,0
0,0.92,3,0,0,0,5,1,4,4,0,98,0
34,0.915,0,1,0,2,1,9,8,3,0,42,0
0,0.92,0,0,0,0,0,2,1,5,2,158,0
0,0.92,1,1,1,0,0,8,0,1,3,50,1
0,0.92,2,0,0,0,0,0,5,3,0,48,0
15,0.913,0,0,0,0,0,0,6,0,2,3,1
0,0.92,0,0,0,0,0,15,3,0,4,76,1
5,0.897,0,1,0,1,0,11,5,0,2,8,0
1,0.624,0,0,1,0,0,14,4,0,0,22,0
1,0.624,0,0,0,0,0,5,2,6,0,51,0
20,0.878,0,1,0,5,1,4,0,1,3,106,0
1,0.624,1,0,1,1,0,5,6,0,2,102,0
7,0.939,0,1,0,0,0,9,8,0,1,56,0
8,0.804,0,0,3,3,1,16,1,1,1,18,0
38,0.895,0,0,0,1,0,10,7,0,0,41,0
0,0.92,2,0,0,0,0,0,3,0,1,57,0
60,0.83,0,0,0,5,1,17,5,0,2,2,0
2,0.91,0,1,0,4,0,0,0,3,2,220,0
2,0.91,2,0,0,0,0,8,3,0,0,8,0
9,0.924,0,0,0,0,0,0,3,0,1,11,0
1,0.624,0,1,0,0,0,4,2,2,0,17,1
2,0.91,0,1,1,0,0,22,7,1,0,153,0
4,0.92,3,1,2,0,5,14,5,0,2,112,1
38,0.895,1,0,1,0,0,5,3,0,0,122,0
7,0.939,0,0,0,1,0,6,0,1,0,16,1
2,0.91,1,1,0,2,1,5,0,1,3,108,0
1,0.624,0,0,0,0,0,6,3,0,0,108,1
6,0.855,0,0,0,1,0,0,1,0,0,155,0
8,0.804,1,1,0,0,2,2,0,1,0,43,0
3,0.926,0,0,0,0,0,16,1,0,4,15,0
0,0.92,0,1,0,0,0,1,6,0,5,143,0
1,0.624,0,0,1,1,0,16,0,3,6,35,0
2,0.91,0,0,0,1,0,20,0,1,0,312,0
0,0.92,0,1,0,0,2,0,0,1,0,18,1
1,0.624,0,0,0,1,0,13,1,0,6,34,0
18,0.802,0,0,0,0,0,1,1,0,2,22,0
6,0.855,2,0,1,1,0,15,2,0,5,168,0
0,0.92,0,0,0,4,0,0,6,2,0,139,0
26,0.836,0,0,0,1,0,20,1,6,2,25,0
2,0.91,0,0,0,0,0,0,7,0,2,110,0
1,0.624,1,0,1,0,0,1,2,0,0,34,0
0,0.92,1,0,0,0,0,9,5,0,0,16,0
21,0.923,0,1,0,0,4,3,5,0,0,51,0
2,0.91,0,0,0,0,2,0,4,0,2,74,0
17,0.899,0,0,0,0,0,0,6,6,1,18,0
0,0.92,1,0,0,1,0,9,3,0,3,42,0
29,0.89,1,0,0,0,0,8,1,0,6,62,0
21,0.923,0,0,0,0,0,2,1,2,0,17,1
47,0.555,1,0,0,3,1,3,1,0,2,5,1
0,0.92,0,0,0,0,0,19,7,2,4,7,1
5,0.897,0,1,0,1,0,0,0,1,1,58,0
39,0.903,0,0,0,0,2,8,2,0,0,79,0
5,0.897,1,0,0,0,0,11,8,3,2,12,0
70,0.74,0,0,0,0,0,3,3,0,0,102,0
0,0.92,0,0,0,1,0,11,2,0,0,6,0
1,0.624,0,0,0,0,0,2,1,0,3,18,1
17,0.899,0,0,2,0,0,15,3,0,5,9,0
0,0.92,0,0,0,0,0,7,7,0,0,3,0
22,0.8959999999999999,0,1,0,1,0,8,3,0,0,11,0
0,0.92,0,0,0,0,0,0,6,4,4,94,0
1,0.624,0,1,1,0,0,7,0,1,3,106,1
13,0.55,0,1,1,0,0,1,0,1,0,92,1
6,0.855,3,0,0,2,1,11,1,2,4,78,1
0,0.92,0,0,0,0,0,8,0,1,0,42,1
0,0.92,1,0,0,0,0,4,1,2,0,67,0
58,0.698,0,0,0,1,0,4,0,1,0,35,1
7,0.939,2,0,0,0,0,6,5,0,1,7,0
0,0.92,0,0,0,1,0,0,0,1,2,156,1
3,0.926,1,0,0,1,0,9,7,0,3,44,0
28,0.6659999999999999,0,0,0,0,0,4,1,0,0,110,0
1,0.624,1,0,1,0,0,3,0,1,0,33,0
48,0.698,0,0,3,0,0,2,0,1,0,106,0
45,0.925,2,0,0,0,0,1,7,1,0,75,0
0,0.92,0,0,0,0,0,11,8,0,2,11,0
5,0.897,0,1,1,0,0,5,0,1,3,87,0
1,0.624,0,0,0,1,0,7,1,0,0,19,1
0,0.92,0,0,0,0,0,10,5,5,1,90,0
8,0.804,1,0,0,0,0,6,0,1,3,10,0
81,0.4479999999999999,1,1,1,0,3,5,7,3,2,154,1
1,0.624,0,0,0,0,0,5,4,4,0,34,1
37,0.8270000000000001,1,0,0,1,0,6,1,1,0,56,0
0,0.92,1,1,1,0,0,9,0,3,0,196,0
1,0.624,1,1,0,0,0,8,0,1,0,13,1
16,0.939,0,0,0,1,0,0,4,0,0,57,0
0,0.92,0,0,0,1,0,0,3,0,2,11,0
24,0.762,0,1,1,0,0,1,0,1,3,6,1
24,0.762,0,0,0,1,0,0,6,0,1,15,0
1,0.624,0,0,0,0,0,3,3,0,2,154,1
0,0.92,0,1,2,0,0,5,4,0,0,52,0
60,0.83,0,0,0,2,1,4,0,1,2,56,0
5,0.897,1,1,1,1,0,9,0,1,0,51,0
0,0.92,0,0,0,1,0,4,4,1,2,55,0
3,0.926,0,0,0,0,0,1,3,0,0,42,0
18,0.802,0,0,0,0,0,19,1,0,1,87,0
9,0.924,0,0,0,0,0,1,6,4,0,105,0
1,0.624,0,0,0,0,0,15,6,4,4,103,1
1,0.624,1,0,0,0,0,9,7,0,0,55,0
4,0.92,1,0,0,0,0,6,8,0,4,51,0
9,0.924,0,0,0,1,0,0,5,0,1,162,0
1,0.624,1,1,0,5,1,1,0,0,3,156,1
1,0.624,1,1,1,2,1,6,0,1,3,132,1
2,0.91,0,0,0,1,0,19,3,0,2,192,0
37,0.8270000000000001,1,0,2,1,1,20,3,0,1,49,1
0,0.92,0,1,0,0,0,16,7,0,0,336,0
6,0.855,3,0,0,1,0,15,1,0,0,2,0
11,0.887,0,0,0,0,0,0,5,3,1,22,0
0,0.92,1,1,0,0,0,14,0,1,1,125,1
28,0.6659999999999999,0,0,0,0,0,0,2,1,1,90,0
20,0.878,0,0,0,1,0,19,5,0,1,56,0
2,0.91,1,1,0,0,2,14,6,4,0,131,0
26,0.836,0,1,0,3,1,15,1,1,3,156,0
14,0.698,1,1,0,0,0,14,0,1,3,30,0
1,0.624,0,0,0,0,0,17,3,0,1,88,1
4,0.92,0,0,0,0,0,7,2,0,2,262,0
0,0.92,0,0,0,0,0,0,7,2,0,9,0
6,0.855,2,0,2,0,0,1,4,4,0,48,0
31,0.579,0,0,0,0,0,7,2,0,2,79,0
0,0.92,2,0,0,1,0,0,6,0,1,15,1
0,0.92,0,0,0,0,0,1,7,0,0,51,0
24,0.762,1,1,0,0,0,14,5,0,0,26,1
2,0.91,0,0,0,0,0,0,0,1,1,85,0
0,0.92,2,1,0,0,0,19,3,0,1,86,0
1,0.624,1,1,0,0,0,5,5,0,0,9,0
1,0.624,1,0,0,0,0,6,4,4,0,11,1
0,0.92,1,0,0,1,0,21,1,0,0,64,0
1,0.624,1,0,0,0,0,6,3,0,0,123,0
9,0.924,2,1,1,0,0,3,0,1,0,39,1
0,0.92,0,1,1,0,0,8,0,1,3,114,1
41,0.794,0,0,1,0,0,4,4,0,3,62,0
24,0.762,0,0,0,0,0,6,1,0,4,33,0
4,0.92,0,0,0,0,4,0,6,0,3,14,0
97,0.742,0,0,0,0,0,3,0,1,2,238,0
0,0.92,0,0,0,0,0,2,2,2,2,56,0
1,0.624,0,0,0,0,0,6,3,0,0,160,1
25,0.743,0,1,3,0,0,3,0,1,3,16,1
0,0.92,0,0,0,0,0,0,0,1,1,30,1
7,0.939,0,0,0,0,0,4,2,0,0,26,0
11,0.887,0,0,0,0,0,7,2,0,0,113,0
21,0.923,3,0,0,0,0,7,0,1,1,196,1
2,0.91,1,0,0,1,0,7,1,0,2,64,0
0,0.92,0,0,0,1,0,8,4,0,0,22,0
31,0.579,0,1,0,0,3,4,2,0,2,5,0
23,0.767,1,0,2,1,2,10,5,0,0,124,1
7,0.939,0,0,0,4,0,0,0,1,1,69,0
1,0.624,1,1,1,0,0,14,0,1,0,36,1
29,0.89,1,0,2,2,1,7,1,0,0,86,1
0,0.92,0,0,0,0,0,7,8,0,5,33,0
2,0.91,0,0,0,1,0,0,1,0,1,82,0
0,0.92,1,1,0,0,0,1,3,0,0,256,0
1,0.624,1,0,1,1,0,1,0,1,3,3,0
27,0.682,0,0,0,0,0,13,3,0,0,114,0
0,0.92,0,0,0,0,0,0,0,1,4,104,1
1,0.624,0,0,0,1,0,8,5,0,1,52,0
92,0.64,1,1,0,1,0,4,3,1,0,59,0
4,0.92,0,0,0,0,0,3,2,0,0,94,0
15,0.913,0,1,1,0,0,3,0,1,0,15,1
1,0.624,0,1,0,3,1,13,0,0,3,56,1
2,0.91,0,0,0,0,0,0,3,0,1,64,0
3,0.926,0,0,0,0,6,7,2,0,0,16,1
11,0.887,1,1,3,3,1,0,0,1,6,39,1
7,0.939,0,0,0,0,0,18,6,0,2,50,0
1,0.624,0,0,0,0,0,9,2,0,1,100,1
1,0.624,0,0,0,1,0,6,8,0,1,7,1
51,0.698,0,1,1,0,0,3,4,1,0,55,1
7,0.939,0,1,2,0,0,12,0,1,1,334,1
10,0.754,0,0,0,0,0,9,2,1,4,40,0
39,0.903,0,0,0,0,0,0,6,0,1,172,0
1,0.624,0,0,0,0,0,3,2,0,0,20,0
46,0.698,1,0,2,3,1,0,4,0,0,236,0
0,0.92,0,0,0,0,2,15,1,0,0,66,0
1,0.624,0,0,0,0,0,1,3,0,0,330,0
1,0.624,0,0,1,0,3,3,1,0,5,51,0
4,0.92,0,0,0,2,1,0,6,0,5,67,0
12,0.884,0,0,0,1,0,0,4,0,4,32,0
0,0.92,2,0,0,0,0,10,2,0,1,25,0
1,0.624,0,0,0,0,0,14,2,0,0,16,1
1,0.624,1,0,0,0,0,5,0,0,0,2,1
4,0.92,0,0,0,0,0,16,2,0,0,30,0
7,0.939,1,1,1,0,0,14,0,1,6,94,0
116,0.649,0,0,0,2,1,1,0,1,3,25,0
0,0.92,1,0,0,1,0,6,3,5,1,246,0
0,0.92,1,0,2,1,5,3,0,1,0,40,1
31,0.579,0,0,0,0,0,2,4,0,0,320,0
0,0.92,0,0,0,0,0,18,3,0,5,155,0
19,0.893,0,1,0,0,0,0,2,0,5,166,0
77,0.698,1,1,0,0,0,9,0,1,1,76,1
0,0.92,1,1,0,3,1,3,0,1,0,17,1
3,0.926,0,0,0,1,0,15,7,3,1,58,0
29,0.89,0,1,1,0,0,1,0,1,0,35,1
23,0.767,2,0,0,1,0,4,1,0,5,29,1
1,0.624,0,0,0,0,0,8,2,0,1,11,0
1,0.624,0,0,0,0,0,0,3,0,3,74,0
50,0.727,1,0,0,0,0,2,1,0,5,94,1
3,0.926,0,0,0,0,0,11,3,0,0,218,1
3,0.926,0,0,0,0,0,12,1,0,3,22,1
0,0.92,0,0,0,0,0,6,1,0,0,46,1
2,0.91,0,0,0,0,0,15,0,1,0,52,0
2,0.91,1,0,0,0,0,0,0,1,0,302,0
0,0.92,0,0,1,0,0,2,1,0,0,131,0
36,0.527,1,1,0,3,1,5,0,1,0,148,1
0,0.92,0,0,0,0,6,17,4,2,5,76,0
0,0.92,0,0,0,1,2,0,8,5,1,40,0
0,0.92,1,0,0,0,0,15,0,1,3,9,0
0,0.92,0,1,0,3,1,2,0,1,2,104,0
0,0.92,2,0,0,0,0,9,5,0,2,102,0
46,0.698,0,1,0,0,0,8,0,1,4,64,1
40,0.949,1,0,0,1,0,0,0,1,1,70,0
2,0.91,0,1,1,1,0,2,0,3,0,184,0
9,0.924,0,1,1,2,1,6,0,1,4,148,1
0,0.92,0,1,1,2,1,1,0,1,0,27,0
100,0.698,0,1,2,0,0,1,0,1,5,22,1
0,0.92,0,0,0,1,0,10,8,0,2,64,0
22,0.8959999999999999,1,0,0,0,3,10,6,0,1,34,0
3,0.926,0,0,0,1,0,15,3,0,1,26,0
3,0.926,0,1,1,0,0,8,3,0,3,74,0
45,0.925,1,1,1,2,1,8,0,0,0,24,0
3,0.926,1,1,1,2,1,10,0,1,3,21,0
11,0.887,0,0,0,0,5,21,8,0,0,26,0
0,0.92,0,0,0,1,0,11,6,5,0,28,0
0,0.92,0,0,0,0,0,0,0,1,1,109,0
14,0.698,0,0,1,0,0,12,0,1,0,45,0
44,0.7759999999999999,1,0,3,1,0,18,1,2,0,37,0
0,0.92,0,0,1,0,0,2,5,0,0,13,0
0,0.92,1,0,0,0,0,7,3,0,0,45,0
12,0.884,0,0,0,0,6,13,0,1,0,62,1
0,0.92,2,1,1,2,1,4,0,3,0,24,0
0,0.92,0,1,0,2,1,8,0,1,0,81,0
1,0.624,0,1,1,0,0,3,0,1,6,17,0
37,0.8270000000000001,0,1,1,2,1,4,0,1,0,37,0
98,0.775,0,0,0,0,0,7,4,0,0,37,0
12,0.884,0,1,0,0,0,0,0,1,1,34,0
0,0.92,0,0,0,0,0,9,5,5,2,50,0
0,0.92,0,0,0,0,0,0,2,0,1,49,0
4,0.92,0,1,1,0,0,9,0,1,0,64,1
5,0.897,1,0,1,1,0,8,3,0,0,13,0
22,0.8959999999999999,0,0,0,0,0,0,0,1,4,67,0
2,0.91,0,0,0,4,0,15,6,0,0,11,0
18,0.802,0,0,0,0,0,11,2,0,2,32,0
1,0.624,0,1,0,2,1,14,0,1,3,91,1
2,0.91,1,1,0,2,1,3,0,1,3,9,0
21,0.923,0,0,0,1,0,9,4,4,2,288,0
2,0.91,1,1,0,5,1,5,0,1,3,150,0
1,0.624,1,0,0,0,0,7,2,0,1,34,0
0,0.92,0,0,0,0,0,10,1,0,0,52,0
29,0.89,0,0,0,1,0,8,0,1,3,218,0
12,0.884,0,0,0,0,0,16,1,0,0,11,0
19,0.893,0,0,0,0,0,12,2,0,0,13,0
3,0.926,0,0,1,0,0,8,4,1,2,50,0
1,0.624,0,0,0,0,0,1,1,0,0,66,0
0,0.92,0,0,2,0,3,4,1,0,3,83,0
1,0.624,1,0,0,1,0,3,3,0,0,22,1
2,0.91,1,1,1,1,0,10,0,1,1,12,1
2,0.91,1,0,0,0,0,17,2,0,0,25,0
41,0.794,0,0,1,2,1,1,6,0,0,91,0
16,0.939,0,0,0,1,0,15,7,0,1,50,0
51,0.698,0,0,0,0,0,19,7,0,0,7,0
54,0.8270000000000001,0,1,0,1,0,6,6,1,0,44,0
2,0.91,0,1,1,0,0,9,0,1,0,52,1
1,0.624,2,0,0,0,0,8,1,4,0,66,0
0,0.92,1,1,1,0,3,1,0,1,3,42,0
5,0.897,0,0,0,0,0,16,7,1,2,13,0
3,0.926,1,0,0,2,1,0,4,0,0,36,0
79,0.743,1,0,2,0,3,2,6,0,6,334,1
12,0.884,0,0,0,0,0,16,1,2,1,2,0
1,0.624,1,1,1,0,0,1,0,1,3,10,1
0,0.92,0,0,0,0,2,10,0,5,2,63,0
1,0.624,1,0,3,0,0,12,0,1,1,154,1
0,0.92,2,0,0,0,5,0,1,0,2,100,0
38,0.895,0,0,0,0,0,10,6,0,2,43,0
0,0.92,0,0,0,0,0,0,5,0,1,174,0
6,0.855,0,0,1,1,0,20,0,1,4,110,0
41,0.794,2,0,0,1,0,12,6,0,4,92,0
4,0.92,0,1,1,0,0,7,4,0,5,52,0
1,0.624,0,0,0,1,3,1,1,0,0,72,0
2,0.91,0,0,0,0,0,5,1,0,0,65,0
23,0.767,1,1,1,2,1,2,0,1,3,32,0
9,0.924,1,1,0,0,0,6,0,1,4,90,0
62,0.7959999999999999,1,1,0,3,1,13,2,1,6,88,0
0,0.92,2,0,1,0,0,6,1,5,4,157,1
1,0.624,1,0,0,1,0,2,1,0,2,57,1
1,0.624,1,1,1,0,0,5,0,1,0,34,0
67,0.722,0,0,0,0,0,7,1,0,0,13,0
51,0.698,1,1,3,2,1,5,0,1,3,43,0
0,0.92,2,0,0,0,0,2,2,2,2,64,0
13,0.55,0,0,0,0,0,4,0,1,0,78,1
10,0.754,0,1,2,0,0,6,0,3,0,12,0
3,0.926,0,0,0,0,0,8,5,0,1,78,0
6,0.855,0,1,0,0,2,21,0,1,0,17,0
53,0.7659999999999999,1,0,1,0,0,1,4,0,0,39,0
3,0.926,2,0,0,1,0,0,3,0,1,27,0
97,0.742,0,0,0,0,0,6,1,0,0,127,0
4,0.92,1,0,0,0,0,2,1,2,0,43,0
55,0.848,0,0,1,2,1,4,1,0,2,67,0
0,0.92,0,0,0,0,0,21,5,3,1,50,0
0,0.92,0,0,0,0,0,4,5,0,0,45,0
3,0.926,0,1,1,0,0,9,0,1,0,79,0
4,0.92,0,0,0,1,0,0,0,1,1,63,1
2,0.91,0,0,0,0,0,0,0,0,5,28,0
19,0.893,0,0,0,1,0,0,0,1,0,67,0
1,0.624,1,0,1,0,0,4,6,0,1,96,0
1,0.624,0,0,0,1,0,1,2,0,0,80,0
13,0.55,2,0,0,0,0,1,1,0,2,47,1
3,0.926,0,1,1,0,0,9,0,1,0,92,1
30,0.925,0,0,0,1,0,0,5,0,1,124,0
40,0.949,0,0,0,3,1,15,5,0,5,58,0
1,0.624,1,0,0,0,0,4,0,1,4,63,1
2,0.91,1,0,0,1,0,14,5,0,0,33,0
17,0.899,0,0,0,0,0,9,1,2,0,61,0
0,0.92,0,0,0,0,4,0,0,1,2,180,1
2,0.91,2,1,1,0,0,5,6,0,2,122,0
0,0.92,0,0,0,0,4,4,2,0,5,166,1
43,0.5579999999999999,0,0,0,2,1,4,6,0,0,30,0
0,0.92,0,0,0,0,4,3,0,1,2,226,1
13,0.55,1,0,2,5,1,13,0,1,6,9,1
40,0.949,0,0,0,2,1,0,7,0,1,33,0
1,0.624,1,0,1,1,0,4,5,0,4,35,1
4,0.92,0,0,0,1,0,0,2,2,4,42,0
0,0.92,0,0,0,0,0,16,1,0,1,38,0
1,0.624,0,0,0,0,0,6,1,4,3,102,0
34,0.915,0,0,0,0,0,8,0,1,0,25,0
0,0.92,0,0,0,0,0,4,1,2,0,29,0
3,0.926,0,0,0,0,2,8,1,0,0,128,0
1,0.624,0,0,0,0,0,7,0,1,3,28,1
7,0.939,0,0,0,0,0,9,6,0,0,8,0
15,0.913,0,0,2,0,0,6,0,1,0,10,0
6,0.855,1,0,0,0,0,7,3,0,2,35,0
4,0.92,0,0,0,0,0,0,5,3,3,8,0
3,0.926,0,0,1,0,0,1,4,3,0,53,0
1,0.624,0,0,0,0,0,16,1,0,0,6,0
33,0.6890000000000001,0,0,0,0,0,4,6,2,2,23,0
32,0.866,0,0,0,0,0,18,2,0,0,24,0
0,0.92,2,0,0,0,0,4,3,0,0,6,0
17,0.899,0,0,0,0,0,15,7,2,4,50,0
2,0.91,0,0,0,0,0,1,3,0,0,20,0
22,0.8959999999999999,1,0,1,1,0,9,5,1,3,97,0
0,0.92,2,0,0,1,5,1,8,3,0,30,0
0,0.92,0,0,0,0,0,0,2,0,2,24,0
1,0.624,1,0,0,0,0,13,7,0,0,10,1
0,0.92,0,0,0,0,0,10,2,2,1,16,0
0,0.92,0,1,0,0,0,6,1,2,0,167,0
3,0.926,0,0,2,2,1,17,8,0,1,34,0
3,0.926,1,0,0,1,0,0,0,1,1,110,0
0,0.92,0,1,1,0,2,4,0,1,0,46,0
0,0.92,0,1,3,3,1,13,0,1,3,12,0
1,0.624,1,1,0,0,0,13,0,1,0,56,1
1,0.624,1,0,0,0,0,9,4,0,2,84,1
9,0.924,0,0,0,1,0,7,0,1,0,47,1
4,0.92,0,0,0,0,0,10,0,1,2,128,0
1,0.624,1,0,0,0,0,15,6,0,1,134,1
0,0.92,1,0,2,0,0,7,3,0,2,13,0
5,0.897,0,1,1,4,0,12,4,3,0,12,1
13,0.55,0,0,1,0,0,8,4,0,1,14,0
62,0.7959999999999999,1,0,2,1,0,2,1,2,0,74,0
2,0.91,0,0,0,0,0,7,4,0,2,91,0
15,0.913,1,0,0,0,0,4,3,0,0,170,0
0,0.92,0,0,0,0,0,7,1,0,0,61,0
37,0.8270000000000001,0,0,0,0,0,15,0,1,1,298,0
17,0.899,2,0,0,0,0,9,1,0,0,100,0
63,0.84,1,0,0,1,0,4,1,0,0,29,1
0,0.92,0,0,0,0,0,11,1,1,0,55,0
41,0.794,0,0,0,1,0,0,5,0,1,72,0
28,0.6659999999999999,0,0,2,0,2,5,2,0,2,14,1
0,0.92,0,1,1,0,0,7,0,0,3,41,1
0,0.92,1,0,0,0,0,0,1,3,0,66,0
0,0.92,0,0,0,0,0,0,3,0,1,28,0
14,0.698,0,0,0,1,0,10,0,1,0,19,1
2,0.91,1,0,0,1,0,5,1,0,0,74,0
14,0.698,1,0,2,3,1,17,1,0,6,18,0
0,0.92,2,1,0,0,2,21,0,1,1,56,1
24,0.762,1,0,2,0,0,7,2,0,2,8,0
83,0.847,0,1,2,0,0,8,7,0,1,29,0
0,0.92,0,1,1,1,0,9,1,5,5,28,0
0,0.92,0,0,0,1,0,0,1,0,2,39,0
7,0.939,0,0,0,0,0,6,3,0,2,314,1
0,0.92,0,0,0,0,0,7,3,0,0,52,0
18,0.802,0,0,2,0,0,7,3,0,0,22,0
12,0.884,0,0,1,0,0,0,4,0,1,218,0
70,0.74,0,0,0,0,0,12,2,0,4,84,0
29,0.89,1,1,0,0,6,11,0,1,2,37,1
10,0.754,0,0,0,2,1,6,2,0,2,48,0
19,0.893,1,1,1,0,0,6,0,1,3,39,0
2,0.91,2,0,1,0,5,16,2,0,0,6,0
31,0.579,1,1,1,2,1,13,0,1,6,102,1
1,0.624,0,0,0,0,0,10,7,0,2,8,0
2,0.91,0,0,0,1,0,8,2,1,0,112,0
1,0.624,0,1,0,2,1,1,0,1,3,178,0
0,0.92,0,0,0,3,1,0,3,0,1,62,0
6,0.855,2,0,0,3,1,9,2,1,0,70,1
48,0.698,0,1,1,0,0,8,0,1,3,5,0
3,0.926,0,0,0,1,0,16,8,0,2,13,0
0,0.92,1,0,0,0,5,0,3,0,0,10,1
43,0.5579999999999999,0,0,0,0,0,11,6,0,1,68,1
0,0.92,0,0,0,1,0,12,8,0,5,55,1
0,0.92,0,1,0,0,0,9,3,0,1,54,0
2,0.91,0,0,0,0,0,0,3,0,1,38,0
0,0.92,0,1,0,0,0,12,2,2,0,17,0
2,0.91,0,0,0,0,0,0,7,0,1,12,0
7,0.939,0,0,0,0,0,0,2,0,1,66,0
6,0.855,1,1,1,0,0,3,0,1,0,40,0
47,0.555,2,0,0,0,0,3,0,1,2,38,0
0,0.92,2,0,0,1,0,0,0,1,1,46,0
0,0.92,0,0,0,0,2,10,0,1,0,154,0
1,0.624,0,0,1,0,0,1,2,4,2,44,0
2,0.91,0,1,1,0,0,5,0,1,3,10,0
2,0.91,0,0,0,1,0,7,2,1,0,51,0
1,0.624,0,0,0,0,0,6,8,0,4,44,1
6,0.855,0,1,1,3,1,5,0,1,3,87,0
55,0.848,0,0,0,0,0,8,1,1,0,288,0
11,0.887,1,1,1,0,0,1,0,1,3,14,0
0,0.92,0,0,0,1,0,0,1,0,1,132,0
0,0.92,0,0,2,1,0,11,7,3,1,102,0
1,0.624,1,1,1,0,0,5,0,1,0,67,1
13,0.55,0,0,2,0,0,5,1,0,0,97,1
0,0.92,0,1,0,0,0,5,8,0,0,53,0
0,0.92,0,0,0,0,0,8,4,0,0,65,0
5,0.897,2,0,0,1,0,16,0,1,1,35,0
1,0.624,2,0,0,0,0,2,1,0,2,38,1
32,0.866,1,0,0,0,0,12,1,0,1,66,0
0,0.92,0,0,0,4,0,8,5,3,0,131,0
38,0.895,1,1,0,4,0,9,5,3,1,206,0
3,0.926,0,1,0,0,4,11,0,1,0,17,1
2,0.91,2,1,0,0,0,8,1,0,0,206,0
0,0.92,0,0,1,2,1,2,0,1,0,116,0
0,0.92,0,0,0,0,0,0,2,2,5,12,0
42,0.738,1,0,1,0,0,9,2,0,0,4,0
0,0.92,1,0,0,0,0,15,2,1,6,99,0
35,0.843,0,0,0,0,0,10,7,0,4,158,0
0,0.92,1,0,0,0,0,19,7,4,1,94,0
16,0.939,1,0,0,0,0,16,3,0,1,64,1
0,0.92,0,0,0,0,0,0,0,1,1,14,1
29,0.89,1,1,1,2,1,2,0,1,3,326,1
21,0.923,3,0,0,0,0,19,3,0,4,30,0
2,0.91,1,0,0,0,0,12,0,1,0,51,0
1,0.624,1,0,1,1,0,7,1,0,2,4,0
4,0.92,0,1,0,0,2,12,7,0,0,40,0
0,0.92,0,0,0,1,0,0,3,0,1,24,0
31,0.579,1,1,0,0,0,3,1,2,3,97,0
19,0.893,0,0,2,0,0,10,0,1,4,198,0
47,0.555,0,0,0,0,0,0,0,1,1,7,1
1,0.624,0,0,0,0,0,10,7,2,2,75,1
0,0.92,0,0,0,0,0,19,0,1,1,3,1
0,0.92,2,1,0,4,2,6,0,1,2,43,1
0,0.92,0,0,0,0,0,9,2,0,1,106,0
16,0.939,0,1,1,2,1,5,0,1,3,46,0
2,0.91,0,0,0,0,4,18,6,0,2,174,0
19,0.893,2,0,0,2,1,20,7,0,1,210,0
1,0.624,1,0,0,0,0,12,7,0,0,28,1
76,0.769,0,0,2,0,0,3,6,2,0,48,0
28,0.6659999999999999,0,0,0,2,1,19,6,0,0,26,0
82,0.856,0,1,1,0,0,14,0,1,0,58,0
27,0.682,0,0,0,0,0,3,3,0,3,66,0
2,0.91,0,0,1,0,0,12,0,1,2,46,1
65,0.698,0,1,1,2,1,6,0,0,3,6,0
1,0.624,0,0,0,0,0,6,8,0,5,149,0
2,0.91,3,1,3,2,1,13,0,1,3,34,1
80,0.725,0,0,2,1,0,4,4,0,0,74,0
15,0.913,1,0,0,0,0,15,1,0,5,64,0
2,0.91,1,1,0,2,1,14,0,1,3,143,0
38,0.895,0,0,0,0,0,20,6,0,1,82,0
2,0.91,1,1,1,0,0,13,0,1,6,42,1
0,0.92,2,0,0,1,0,3,0,1,0,100,1
9,0.924,0,0,0,0,0,6,5,0,5,19,0
3,0.926,0,0,0,1,0,11,1,0,2,62,0
2,0.91,2,0,0,0,0,1,7,0,2,12,0
0,0.92,1,1,0,1,4,19,0,1,1,146,0
0,0.92,0,0,0,0,0,17,7,2,0,8,0
13,0.55,1,0,0,0,0,1,4,0,5,29,1
0,0.92,0,0,0,0,0,3,2,0,5,106,1
2,0.91,0,0,0,0,0,4,1,0,0,65,0
2,0.91,0,0,0,0,0,6,3,0,0,30,0
0,0.92,2,0,0,0,0,1,0,3,0,200,1
4,0.92,0,1,0,0,0,0,0,1,1,47,0
1,0.624,1,1,1,2,1,2,0,1,3,28,0
0,0.92,0,1,2,2,1,1,0,1,0,96,0
0,0.92,2,1,0,0,5,5,2,3,2,35,1
2,0.91,0,0,0,0,0,6,2,0,0,29,0
3,0.926,1,1,3,2,1,3,2,3,2,65,0
0,0.92,0,1,0,5,1,13,0,1,3,192,0
0,0.92,0,0,0,0,0,0,3,0,1,24,0
0,0.92,1,1,1,0,0,8,0,1,0,28,1
4,0.92,0,0,0,0,0,4,1,1,5,85,0
36,0.527,0,0,0,0,0,8,6,4,0,94,0
4,0.92,1,0,0,0,0,16,7,0,1,24,0
0,0.92,1,0,0,0,0,12,0,1,5,14,1
2,0.91,1,1,0,0,2,14,1,0,0,72,0
119,0.698,1,0,1,0,0,6,7,5,0,8,0
11,0.887,1,1,1,0,0,4,0,1,3,42,1
66,0.647,2,1,1,0,0,5,0,1,3,55,0
19,0.893,0,0,0,1,0,16,3,0,0,42,0
7,0.939,0,1,0,2,1,3,0,1,3,9,0
31,0.579,0,1,1,0,0,14,0,1,3,31,0
25,0.743,0,0,0,0,0,8,2,3,5,51,0
2,0.91,0,1,1,5,1,8,0,1,3,29,0
2,0.91,0,0,0,1,0,10,0,1,1,23,1
99,0.701,1,0,1,0,0,7,0,1,0,16,1
1,0.624,0,0,0,0,0,4,3,0,2,32,0
100,0.698,0,0,2,2,1,11,4,0,0,32,0
1,0.624,1,0,0,1,0,6,3,0,0,34,1
9,0.924,0,0,0,1,3,0,1,0,0,65,0
5,0.897,0,0,0,1,0,11,5,0,1,12,0
30,0.925,1,0,0,4,0,7,3,0,0,162,0
1,0.624,1,1,1,2,1,1,0,1,3,26,0
0,0.92,0,0,0,1,0,0,0,1,1,40,0
2,0.91,0,0,0,1,0,0,8,0,1,124,0
0,0.92,0,1,1,0,0,1,0,1,0,21,0
31,0.579,0,1,2,0,0,3,0,1,3,47,1
1,0.624,1,0,0,0,0,22,2,0,6,256,0
20,0.878,0,1,1,1,0,8,0,1,0,50,0
2,0.91,3,0,0,0,0,9,0,1,0,13,0
65,0.698,1,0,0,0,4,17,6,0,0,278,0
18,0.802,1,0,0,1,0,0,6,0,1,15,0
42,0.738,0,1,1,0,0,5,0,1,3,18,0
0,0.92,1,1,0,1,0,8,0,1,2,91,1
3,0.926,1,0,0,4,0,0,1,0,0,41,0
4,0.92,2,1,0,0,0,2,0,1,0,28,1
48,0.698,1,0,0,0,2,11,7,1,0,28,0
73,0.764,1,0,2,0,0,11,0,1,0,24,1
2,0.91,2,0,0,0,0,9,0,1,0,54,1
0,0.92,0,1,1,2,1,8,0,1,0,59,0
46,0.698,0,1,1,0,0,13,0,1,3,74,1
0,0.92,2,0,0,3,1,0,0,1,1,56,0
11,0.887,0,0,0,0,0,8,7,0,0,30,1
2,0.91,0,1,0,0,3,13,0,1,0,7,0
4,0.92,0,0,0,0,0,11,6,2,0,24,0
3,0.926,0,0,1,0,0,9,3,0,0,20,0
7,0.939,0,0,0,0,0,11,4,1,0,46,0
0,0.92,0,0,0,0,0,0,1,0,1,24,0
0,0.92,0,0,0,3,1,4,0,1,3,25,0
58,0.698,0,1,0,0,3,13,8,0,0,46,1
1,0.624,0,0,1,0,0,5,1,0,3,50,1
19,0.893,0,0,0,1,0,0,0,1,1,52,0
1,0.624,1,1,1,1,0,13,0,1,0,82,1
1,0.624,0,0,1,1,0,7,6,1,0,44,1
1,0.624,0,0,0,0,0,9,8,0,2,10,1
1,0.624,0,0,1,0,0,3,1,0,2,17,0
3,0.926,0,1,1,0,0,1,4,3,0,61,0
46,0.698,1,1,0,0,0,12,5,3,0,80,0
0,0.92,1,0,0,0,6,9,0,1,0,58,1
15,0.913,1,0,0,0,6,15,3,3,0,35,0
0,0.92,0,1,1,2,1,3,0,1,0,54,1
0,0.92,0,0,0,0,0,0,7,2,1,14,0
19,0.893,1,0,1,1,0,0,5,1,1,50,0
0,0.92,2,0,0,0,0,2,4,2,2,6,0
49,0.789,1,0,0,0,0,5,1,0,0,18,0
50,0.727,0,0,0,0,0,3,6,0,0,174,0
11,0.887,0,0,3,3,1,18,7,0,0,45,1
0,0.92,0,0,0,0,0,6,1,0,0,17,0
0,0.92,1,0,3,1,2,14,1,2,0,34,0
20,0.878,0,0,0,0,0,17,2,5,0,31,0
0,0.92,0,1,0,0,0,14,0,1,2,23,1
3,0.926,1,0,0,1,0,18,2,0,0,50,0
7,0.939,0,1,0,2,1,19,0,1,1,56,0
5,0.897,1,0,0,1,0,12,5,0,1,84,0
0,0.92,0,0,0,0,0,0,5,0,1,56,0
0,0.92,1,0,0,1,3,2,1,2,2,125,0
0,0.92,0,0,0,0,0,19,5,0,0,25,0
1,0.624,1,0,0,0,0,7,3,0,3,104,0
3,0.926,2,1,0,1,4,2,4,0,2,53,0
0,0.92,0,0,0,0,0,8,7,3,0,45,0
1,0.624,0,1,0,5,1,2,0,1,3,15,0
8,0.804,0,1,1,2,1,9,0,1,0,64,0
31,0.579,0,1,1,0,0,3,0,1,3,68,0
13,0.55,0,0,1,0,0,5,0,1,0,65,1
7,0.939,1,1,1,2,1,3,5,0,0,52,0
0,0.92,3,1,2,0,0,5,6,6,2,45,1
18,0.802,0,0,0,0,0,3,0,1,0,27,1
1,0.624,0,0,0,1,0,3,4,1,0,64,1
0,0.92,0,0,0,2,1,13,1,0,0,95,0
0,0.92,0,0,0,0,0,1,1,0,1,106,0
73,0.764,0,0,2,0,0,1,0,0,1,78,0
65,0.698,1,1,1,0,0,3,2,0,0,3,0
1,0.624,0,1,1,0,0,2,0,1,3,34,1
0,0.92,2,0,1,0,0,6,1,0,0,56,0
0,0.92,0,0,0,0,4,5,1,6,0,8,0
30,0.925,0,1,1,0,0,3,6,0,0,62,0
2,0.91,0,0,0,0,0,0,8,0,5,89,0
68,0.763,1,0,1,0,0,3,1,0,0,26,0
13,0.55,1,0,2,0,0,3,2,0,0,50,1
2,0.91,1,1,0,2,1,2,4,0,0,13,0
8,0.804,0,0,1,1,2,5,1,2,0,43,0
19,0.893,0,0,0,3,1,1,4,0,0,114,0
0,0.92,0,1,0,0,0,11,2,0,2,7,0
20,0.878,0,0,0,0,0,19,2,0,0,17,0
2,0.91,0,0,0,0,0,12,1,2,0,256,0
12,0.884,0,0,0,0,0,1,4,2,0,87,0
21,0.923,1,0,0,1,0,0,2,0,0,121,0
42,0.738,1,0,0,4,0,16,1,0,0,80,0
11,0.887,0,0,0,0,6,5,4,0,0,50,0
1,0.624,1,1,0,0,0,5,0,1,0,43,1
3,0.926,2,1,0,1,0,4,6,3,1,4,0
0,0.92,0,0,0,0,2,5,3,6,0,80,0
0,0.92,0,0,0,0,0,9,8,0,0,29,0
2,0.91,0,0,0,0,0,6,2,0,5,100,0
0,0.92,0,0,0,0,0,0,0,1,2,60,0
0,0.92,0,1,1,0,0,3,0,0,3,78,1
4,0.92,0,0,1,0,0,9,1,0,5,106,0
2,0.91,0,1,1,0,0,1,0,1,0,26,1
20,0.878,0,0,0,0,0,15,4,0,1,54,0
3,0.926,1,1,1,0,0,6,0,1,2,212,0
1,0.624,1,0,0,0,0,5,3,0,0,91,0
3,0.926,0,1,0,3,1,6,0,1,3,106,0
0,0.92,0,0,0,0,0,9,1,0,0,22,0
0,0.92,0,1,1,0,0,17,0,1,3,256,0
5,0.897,0,0,0,1,0,19,0,1,0,62,0
72,0.865,1,0,1,0,0,2,3,0,0,121,0
19,0.893,2,1,0,0,2,1,0,1,1,54,0
4,0.92,0,0,0,0,0,4,0,1,0,114,1
1,0.624,1,0,3,1,0,4,1,0,3,21,0
10,0.754,0,0,3,2,1,4,6,2,2,20,0
0,0.92,0,0,0,0,0,12,6,0,2,110,0
0,0.92,0,0,0,0,2,2,1,0,0,82,0
14,0.698,0,0,1,1,0,12,6,0,4,28,0
1,0.624,0,0,0,0,0,10,3,0,1,5,0
52,0.698,0,0,0,0,0,0,4,0,4,204,0
11,0.887,0,1,0,4,4,0,3,3,6,14,0
54,0.8270000000000001,0,1,1,0,0,16,0,1,3,3,0
27,0.682,0,0,0,0,2,1,0,1,0,20,0
42,0.738,0,0,1,0,0,16,0,1,4,91,1
21,0.923,0,1,0,1,0,3,3,0,3,30,0
8,0.804,0,1,1,0,0,4,0,1,3,42,0
12,0.884,0,0,0,1,0,11,1,0,0,72,0
1,0.624,0,0,1,0,0,20,0,1,2,44,1
1,0.624,0,0,1,2,1,2,0,1,3,75,0
0,0.92,0,1,0,3,1,1,0,1,3,110,0
20,0.878,0,0,0,0,0,9,1,0,5,47,0
1,0.624,0,1,0,0,0,6,8,0,2,38,0
3,0.926,0,0,0,4,0,9,4,3,0,21,0
1,0.624,0,0,1,0,0,4,2,0,2,55,0
3,0.926,0,1,1,0,0,11,0,1,2,33,1
36,0.527,0,1,1,2,1,2,0,0,3,56,1
25,0.743,0,1,1,0,0,6,0,1,5,33,1
2,0.91,3,0,0,1,0,8,1,0,0,33,0
1,0.624,0,0,0,0,0,14,1,0,0,102,1
1,0.624,0,0,0,1,0,0,0,1,4,21,1
45,0.925,1,0,0,0,4,17,3,0,6,26,0
0,0.92,1,1,0,3,1,8,5,5,1,13,0
4,0.92,0,1,0,0,6,0,8,0,1,12,0
49,0.789,0,1,1,0,0,1,1,0,3,17,0
0,0.92,0,1,1,2,1,5,7,0,0,28,1
3,0.926,0,0,0,0,0,10,2,0,3,38,0
114,0.8240000000000001,1,0,0,0,0,2,7,3,0,24,0
0,0.92,0,0,0,0,0,10,2,0,1,62,0
31,0.579,1,1,3,0,0,5,0,1,6,178,1
7,0.939,1,0,0,0,0,6,2,0,0,7,0
1,0.624,1,1,3,3,1,14,2,5,0,58,1
8,0.804,0,0,0,1,0,12,1,0,1,30,0
0,0.92,0,0,0,0,0,11,1,0,0,62,0
4,0.92,0,0,0,0,5,0,0,1,4,103,1
1,0.624,1,1,1,2,1,6,0,1,6,76,0
48,0.698,0,1,0,2,1,4,0,1,3,24,0
1,0.624,0,1,1,0,0,5,0,1,3,98,1
1,0.624,0,0,0,0,0,9,1,0,0,10,1
35,0.843,0,0,0,0,0,12,6,1,2,14,0
2,0.91,0,0,0,0,0,10,5,0,1,66,1
17,0.899,0,1,0,1,0,0,0,1,2,114,0
0,0.92,3,0,0,0,0,17,8,0,0,98,0
13,0.55,0,1,0,0,0,13,0,1,0,7,0
2,0.91,0,0,2,0,0,3,5,1,0,148,0
3,0.926,2,1,1,0,0,1,8,3,0,110,0
1,0.624,0,0,0,1,0,16,6,4,2,25,0
3,0.926,0,1,0,2,1,1,0,1,3,108,0
0,0.92,2,0,0,0,0,2,5,0,2,17,0
1,0.624,0,0,0,0,0,8,5,0,0,11,1
24,0.762,0,0,0,0,0,12,0,1,1,16,1
2,0.91,0,0,0,0,0,0,6,4,0,89,0
1,0.624,0,0,1,0,0,4,1,0,5,56,1
33,0.6890000000000001,1,1,2,0,0,4,0,1,2,13,1
4,0.92,0,0,0,0,0,8,1,0,0,9,0
2,0.91,0,0,0,3,1,2,2,0,0,48,0
3,0.926,0,1,0,2,1,1,3,1,1,46,0
0,0.92,0,0,0,0,0,10,3,0,0,18,1
3,0.926,0,1,1,2,1,1,0,1,0,8,0
71,0.698,0,0,0,1,0,10,6,0,0,36,0
1,0.624,1,0,0,0,0,22,5,0,0,36,1
111,0.512,2,0,0,1,0,10,2,0,1,75,0
43,0.5579999999999999,0,1,3,0,0,3,2,0,0,109,1
15,0.913,0,1,0,3,1,3,0,1,3,222,0
4,0.92,0,0,0,0,0,7,2,0,2,57,0
0,0.92,0,0,0,0,0,8,2,5,0,52,0
1,0.624,0,1,1,0,0,1,0,1,3,92,0
0,0.92,1,1,1,0,0,8,0,0,3,31,0
1,0.624,2,0,0,0,0,9,5,0,2,220,1
4,0.92,0,0,0,0,2,8,0,1,0,72,0
0,0.92,0,0,0,0,0,15,1,0,2,83,0
5,0.897,3,1,2,0,0,13,1,2,0,45,1
1,0.624,1,0,1,1,3,2,3,0,0,92,0
47,0.555,0,0,0,1,0,16,6,0,0,25,0
18,0.802,0,0,1,0,0,9,8,1,3,196,1
10,0.754,1,0,1,0,0,12,8,0,1,56,0
5,0.897,0,0,0,1,0,0,0,1,1,63,0
41,0.794,3,0,0,2,1,6,0,1,2,25,0
64,0.479,2,1,2,1,0,8,0,1,0,99,1
9,0.924,0,0,0,1,0,11,5,0,4,31,0
9,0.924,0,0,0,0,0,15,5,0,2,32,0
9,0.924,0,1,1,3,1,9,0,1,3,17,1
2,0.91,0,0,0,0,0,0,8,0,1,82,0
0,0.92,0,0,0,0,0,0,2,0,0,10,0
5,0.897,0,0,0,0,0,1,3,0,0,11,0
0,0.92,0,1,1,2,1,9,0,1,0,118,1
1,0.624,1,0,0,1,0,15,7,0,1,204,0
0,0.92,0,0,0,0,0,0,1,0,2,50,0
1,0.624,1,0,0,1,0,4,0,1,0,5,1
3,0.926,0,0,0,0,0,1,1,0,0,18,0
21,0.923,0,0,0,0,0,16,0,1,0,17,0
2,0.91,1,1,1,2,1,5,0,1,0,29,0
0,0.92,0,0,0,0,0,16,7,0,0,204,0
1,0.624,0,0,1,1,0,5,4,0,0,246,1
0,0.92,0,1,0,0,0,8,3,0,1,308,0
10,0.754,0,0,0,1,0,19,2,0,1,74,0
36,0.527,0,1,1,2,1,5,0,1,0,9,0
6,0.855,1,1,0,2,1,13,0,1,3,96,0
1,0.624,1,1,0,0,0,8,4,0,5,50,1
4,0.92,0,0,0,0,0,9,2,0,1,10,0
8,0.804,0,0,0,1,0,6,1,0,0,88,0
1,0.624,0,0,0,0,0,9,2,2,1,138,0
0,0.92,0,0,0,0,0,10,1,2,0,59,1
29,0.89,0,1,1,0,0,4,0,1,1,29,0
28,0.6659999999999999,0,1,0,0,4,18,7,0,2,60,0
2,0.91,0,0,0,2,1,12,5,0,1,214,0
2,0.91,0,0,0,1,0,6,2,0,0,52,0
0,0.92,0,1,0,2,1,8,0,1,3,144,0
76,0.769,1,1,0,2,1,13,0,1,6,29,0
0,0.92,1,0,0,0,0,10,1,0,0,79,0
0,0.92,2,0,0,0,0,5,1,0,0,43,0
1,0.624,0,0,0,1,0,8,0,1,3,100,1
65,0.698,0,0,0,0,0,5,2,0,0,10,0
6,0.855,1,0,0,1,0,15,0,1,0,18,0
6,0.855,0,0,0,0,0,19,0,1,0,28,0
74,0.698,0,0,1,0,0,4,0,1,0,13,1
0,0.92,0,0,0,0,0,2,4,0,5,29,1
0,0.92,1,0,0,0,0,6,2,6,2,19,0
0,0.92,0,0,0,0,0,0,3,0,1,41,0
11,0.887,0,0,1,2,1,17,7,1,6,49,0
4,0.92,0,0,1,0,0,11,0,1,0,33,0
55,0.848,0,1,1,2,1,3,0,0,3,22,0
34,0.915,0,0,0,1,2,0,8,3,0,113,0
2,0.91,1,0,0,0,0,14,5,0,0,60,0
11,0.887,0,0,0,0,0,15,4,0,2,202,0
17,0.899,0,0,0,0,0,0,6,4,0,135,0
20,0.878,1,1,1,2,1,1,0,1,3,8,0
0,0.92,0,1,1,0,0,6,0,1,3,32,1
0,0.92,0,0,1,0,0,1,0,1,0,25,1
40,0.949,1,0,0,0,0,0,1,0,1,168,0
10,0.754,1,0,1,1,0,2,1,0,4,82,0
0,0.92,2,0,0,0,0,13,3,0,0,30,0
4,0.92,0,0,0,1,0,0,1,0,1,96,0
2,0.91,0,1,1,0,0,2,0,1,0,6,1
1,0.624,1,1,1,0,0,5,0,1,3,58,1
5,0.897,0,1,1,0,0,2,0,1,3,42,0
0,0.92,0,0,0,0,5,14,4,4,0,33,0
1,0.624,0,0,0,1,0,12,5,0,2,21,1
0,0.92,1,0,0,1,0,11,3,0,0,37,0
0,0.92,0,0,0,0,0,7,0,1,5,51,0
0,0.92,2,0,0,1,0,10,7,2,0,15,1
0,0.92,0,0,0,0,2,17,1,0,0,42,0
3,0.926,0,0,0,5,1,0,1,0,0,18,0
10,0.754,0,0,0,1,0,6,1,0,1,41,0
69,0.847,0,0,1,0,0,7,8,0,0,9,0
0,0.92,1,0,0,0,0,0,0,1,4,126,0
12,0.884,2,0,0,0,0,2,3,0,0,312,0
88,0.794,0,0,0,0,0,8,1,0,0,36,0
0,0.92,2,0,0,1,0,19,0,1,0,80,0
24,0.762,0,0,0,0,0,16,0,1,0,23,0
1,0.624,2,1,1,2,1,5,0,1,3,79,1
45,0.925,0,0,0,0,0,7,2,0,1,29,1
2,0.91,0,0,0,0,6,0,0,1,0,95,0
4,0.92,0,0,0,0,2,1,8,0,0,25,1
4,0.92,1,0,0,0,0,12,2,0,5,61,0
1,0.624,0,0,0,1,0,15,2,0,0,146,0
0,0.92,0,0,0,1,2,0,2,0,1,136,0
2,0.91,1,1,0,0,0,11,0,1,0,103,1
33,0.6890000000000001,0,0,2,3,1,5,4,0,2,172,0
59,0.74,0,0,1,0,0,6,5,0,5,26,0
44,0.7759999999999999,0,0,0,0,0,2,0,1,2,89,1
53,0.7659999999999999,2,1,1,0,0,1,0,0,3,100,0
4,0.92,0,1,1,0,0,11,0,1,0,61,1
1,0.624,1,0,0,0,0,9,1,0,0,13,1
0,0.92,0,0,0,0,5,1,0,1,2,72,0
0,0.92,0,0,0,1,4,3,2,0,2,29,0
1,0.624,0,0,2,1,0,6,1,2,0,24,1
3,0.926,2,0,3,0,0,18,0,1,1,131,0
42,0.738,0,0,0,1,0,17,5,3,1,66,1
3,0.926,0,0,1,2,1,6,2,0,2,250,0
23,0.767,0,1,1,0,0,8,0,0,3,182,0
0,0.92,0,1,2,2,1,5,0,1,0,47,1
2,0.91,0,1,1,2,1,1,0,1,0,44,0
1,0.624,0,0,1,0,0,3,1,1,0,48,0
1,0.624,1,0,0,0,0,7,2,0,2,56,0
52,0.698,1,1,0,1,0,5,6,2,2,113,0
0,0.92,1,1,0,1,0,13,0,1,3,81,1
21,0.923,0,1,0,0,0,7,3,0,1,17,0
14,0.698,0,0,1,0,0,7,0,1,0,2,1
1,0.624,1,0,0,0,0,3,1,2,0,7,1
31,0.579,0,0,1,0,6,5,1,0,0,4,1
3,0.926,0,0,2,0,0,4,0,1,0,118,0
0,0.92,1,1,0,1,0,5,2,0,0,80,1
13,0.55,0,0,2,0,0,18,4,2,0,98,0
8,0.804,0,0,1,1,2,13,1,1,3,4,0
1,0.624,0,1,0,0,2,1,0,1,0,19,1
56,0.691,0,1,2,0,0,13,0,0,3,25,0
0,0.92,0,0,0,0,0,1,4,1,0,27,0
3,0.926,0,0,3,0,0,7,3,0,0,262,0
0,0.92,1,0,0,2,1,1,2,5,0,140,0
0,0.92,2,0,0,0,0,0,6,4,0,78,0
13,0.55,2,0,0,1,0,11,2,0,3,51,0
1,0.624,0,0,0,1,0,16,3,0,0,184,1
4,0.92,0,0,0,0,0,9,0,1,0,304,1
2,0.91,0,0,0,1,4,0,3,0,1,142,0
0,0.92,0,0,0,0,0,8,2,0,0,250,0
0,0.92,0,0,0,0,0,10,6,0,4,45,0
3,0.926,0,0,0,1,0,4,6,5,1,78,0
2,0.91,0,0,0,1,0,10,1,0,3,40,1
16,0.939,0,1,0,4,0,11,0,3,1,24,0
0,0.92,0,0,0,0,0,0,0,1,2,54,1
6,0.855,1,0,0,1,0,17,0,1,0,202,0
1,0.624,0,0,0,0,0,1,3,0,0,26,1
11,0.887,0,0,0,0,0,0,3,0,1,102,1
3,0.926,0,0,0,1,0,8,2,0,4,104,0
35,0.843,2,0,0,0,0,7,6,0,0,28,0
36,0.527,0,1,2,0,0,7,2,2,0,57,0
2,0.91,1,1,0,0,0,5,1,1,0,106,0
2,0.91,1,0,0,0,0,9,4,0,0,37,0
4,0.92,0,0,0,2,1,16,2,0,2,74,0
0,0.92,0,1,0,1,3,15,3,0,1,43,0
1,0.624,1,1,0,0,3,14,0,1,3,154,1
1,0.624,0,0,0,0,0,4,5,0,0,60,0
0,0.92,0,1,1,0,0,13,3,3,0,17,0
0,0.92,2,0,0,0,0,0,2,0,0,90,0
0,0.92,2,0,0,0,2,2,3,0,0,276,0
55,0.848,0,0,0,0,0,2,5,0,0,57,1
15,0.913,0,1,1,0,0,3,0,1,5,75,0
22,0.8959999999999999,0,0,0,1,0,0,0,1,3,21,0
7,0.939,1,0,0,0,0,11,2,0,1,67,0
0,0.92,0,0,1,0,0,1,0,1,1,31,1
2,0.91,1,0,0,0,0,6,4,0,0,39,0
24,0.762,1,0,0,0,0,8,0,1,0,65,1
0,0.92,1,0,0,0,0,8,2,0,2,75,0
40,0.949,0,0,0,0,0,12,7,3,4,5,0
1,0.624,0,1,1,0,0,1,0,1,3,34,0
0,0.92,0,0,0,0,4,2,3,0,0,97,0
10,0.754,0,0,0,2,1,11,0,1,0,18,0
5,0.897,2,0,0,1,0,12,3,0,2,98,0
16,0.939,0,0,0,0,0,15,4,0,0,25,0
12,0.884,0,0,0,0,0,1,3,6,0,149,0
0,0.92,0,0,0,0,0,4,7,5,2,163,0
0,0.92,0,0,0,0,0,16,1,0,0,30,0
2,0.91,0,1,1,0,0,9,0,1,3,16,1
0,0.92,1,0,0,0,0,6,8,0,0,35,1
15,0.913,0,0,0,0,0,19,2,5,2,138,0
0,0.92,1,0,0,0,0,10,4,0,0,7,1
6,0.855,0,1,1,2,1,2,0,1,3,17,0
31,0.579,1,1,2,5,1,11,2,0,0,14,1
3,0.926,0,0,2,0,0,19,2,0,2,42,0
0,0.92,0,0,0,1,0,0,7,0,1,58,0
40,0.949,0,0,0,0,0,4,3,0,0,11,0
14,0.698,1,0,0,0,0,7,0,1,1,6,1
0,0.92,0,0,0,0,0,0,3,0,1,26,0
7,0.939,1,0,0,0,0,10,1,1,2,28,0
21,0.923,1,0,1,1,0,6,1,4,2,31,0
1,0.624,0,0,1,1,0,2,1,0,0,109,1
2,0.91,0,1,0,1,2,6,2,5,0,14,0
21,0.923,0,1,1,0,0,2,0,1,0,8,1
3,0.926,0,0,2,0,4,6,2,0,2,15,0
11,0.887,1,0,0,0,0,0,3,0,4,12,1
0,0.92,0,0,0,0,0,12,1,2,0,72,0
3,0.926,2,0,0,1,0,18,2,0,1,100,0
1,0.624,0,0,0,0,0,3,5,0,0,36,1
0,0.92,1,1,1,0,0,5,0,1,6,26,1
18,0.802,0,0,0,0,0,10,0,1,1,6,0
1,0.624,0,1,1,0,0,5,0,1,0,6,0
2,0.91,0,0,0,0,0,0,1,0,3,110,1
4,0.92,0,0,0,0,0,10,1,1,0,10,0
2,0.91,0,1,0,2,1,7,0,1,3,52,0
0,0.92,0,0,0,0,0,18,1,0,0,34,0
7,0.939,1,0,0,1,0,5,3,0,0,28,0
0,0.92,0,0,0,0,0,0,2,3,1,84,0
0,0.92,1,1,1,0,5,7,0,1,0,87,1
1,0.624,2,1,0,0,0,2,1,0,0,3,1
3,0.926,0,0,0,0,0,19,7,0,5,24,0
69,0.847,0,0,0,1,0,3,0,1,3,39,0
0,0.92,1,1,0,0,2,13,2,0,0,5,0
0,0.92,0,0,0,1,0,0,2,0,0,5,0
1,0.624,0,0,0,0,0,6,3,0,2,240,1
71,0.698,0,0,0,0,0,0,0,1,1,2,0
3,0.926,1,0,2,0,0,11,0,1,4,61,1
17,0.899,0,0,0,0,0,3,4,2,0,95,0
19,0.893,0,0,0,0,0,0,0,1,2,19,1
37,0.8270000000000001,3,1,1,0,0,7,0,3,0,50,1
0,0.92,0,0,0,0,0,8,2,0,1,276,0
1,0.624,0,0,0,0,0,1,1,0,0,168,1
6,0.855,1,0,0,1,0,7,0,1,2,3,0
21,0.923,0,0,0,0,0,8,6,4,2,45,0
2,0.91,0,1,2,0,0,6,1,0,0,50,0
11,0.887,0,1,0,0,0,7,2,5,0,160,0
1,0.624,1,0,0,0,0,8,3,0,0,12,1
15,0.913,0,0,0,4,0,10,4,2,1,76,0
6,0.855,0,0,0,1,0,10,4,0,1,176,0
18,0.802,0,0,0,1,0,7,7,1,0,32,0
31,0.579,1,1,1,0,0,2,6,3,0,135,0
1,0.624,1,0,1,1,0,5,1,0,0,8,1
9,0.924,0,0,0,0,4,0,0,1,2,42,0
22,0.8959999999999999,0,0,0,0,0,12,2,0,1,116,1
4,0.92,1,0,0,0,4,10,5,0,1,98,0
64,0.479,1,0,2,4,0,0,0,1,1,40,0
19,0.893,0,0,2,0,0,7,2,0,5,226,0
41,0.794,0,1,0,0,2,14,0,1,3,8,0
0,0.92,1,0,0,0,0,10,2,0,0,46,0
1,0.624,0,1,0,2,1,5,0,1,3,49,0
43,0.5579999999999999,1,0,0,0,0,6,2,0,0,74,1
26,0.836,0,0,0,1,0,0,0,1,1,10,0
0,0.92,1,0,0,4,0,0,3,3,5,36,0
4,0.92,0,0,0,0,0,19,1,0,1,72,0
1,0.624,2,1,1,3,1,3,0,1,0,78,0
8,0.804,1,0,1,0,0,0,5,0,0,68,0
12,0.884,0,0,0,0,0,0,2,4,2,32,0
0,0.92,0,1,0,5,1,4,0,1,3,336,0
5,0.897,0,1,0,1,4,20,1,5,0,31,0
0,0.92,1,0,0,0,3,21,3,0,1,56,0
23,0.767,1,1,0,0,4,5,1,0,0,26,0
1,0.624,0,0,0,0,0,2,6,1,2,60,1
0,0.92,0,1,0,0,0,21,3,5,1,28,0
0,0.92,0,0,0,0,0,3,0,1,2,112,1
9,0.924,0,0,0,1,0,0,2,0,4,35,0
48,0.698,2,0,0,1,0,16,1,0,5,6,0
6,0.855,0,0,0,0,0,0,2,0,4,11,0
1,0.624,0,0,0,0,0,5,3,0,0,109,0
23,0.767,0,1,0,0,0,7,0,1,3,52,0
7,0.939,1,1,0,0,0,7,3,0,0,6,0
60,0.83,0,0,0,0,3,7,0,1,2,70,0
0,0.92,2,0,0,0,2,14,5,0,0,7,0
3,0.926,0,1,0,2,1,5,0,0,3,67,0
0,0.92,0,0,0,0,0,9,5,0,1,14,0
20,0.878,0,0,0,1,0,7,3,0,5,9,0
6,0.855,0,0,1,0,0,2,2,0,2,66,0
5,0.897,0,0,0,2,1,5,4,0,2,30,0
6,0.855,0,0,0,0,0,4,1,0,0,24,0
89,0.493,0,0,0,0,0,4,1,5,0,15,1
16,0.939,0,1,2,2,1,5,3,0,3,180,0
18,0.802,0,0,0,0,0,15,8,0,0,107,0
0,0.92,0,1,1,0,0,4,3,3,1,56,1
0,0.92,0,0,0,0,0,11,0,1,1,42,1
21,0.923,0,0,0,0,0,1,1,2,2,70,1
2,0.91,0,0,0,2,1,0,2,0,1,38,0
29,0.89,0,1,2,0,6,3,6,0,0,24,0
39,0.903,1,0,1,0,1,1,1,0,2,77,1
0,0.92,0,1,0,1,2,3,0,1,5,31,1
2,0.91,0,0,0,0,0,8,2,0,4,37,0
1,0.624,0,0,0,0,0,6,2,0,2,6,1
4,0.92,0,0,0,0,0,4,0,1,2,224,1
1,0.624,0,1,1,0,0,9,0,1,3,36,0
27,0.682,2,1,1,2,1,2,0,1,3,152,1
2,0.91,0,0,0,0,0,7,6,0,5,56,1
119,0.698,0,1,1,0,0,2,0,1,0,9,0
0,0.92,0,1,0,0,6,0,8,0,1,4,0
19,0.893,1,1,1,0,0,3,5,0,6,16,1
0,0.92,0,1,3,3,1,2,0,1,3,23,0
0,0.92,0,0,0,2,1,20,3,0,2,25,0
1,0.624,2,1,1,2,1,1,0,1,3,111,1
4,0.92,2,0,0,0,2,4,1,1,0,30,0
42,0.738,0,0,1,0,0,7,3,0,0,144,0
0,0.92,1,1,1,0,0,2,0,1,3,31,1
5,0.897,1,1,0,1,0,20,2,2,0,47,0
102,0.735,0,1,0,0,0,5,2,3,2,113,1
12,0.884,0,1,1,2,1,2,0,1,3,216,0
3,0.926,3,0,0,2,1,12,1,2,4,70,0
13,0.55,0,1,0,0,0,3,1,4,0,80,0
2,0.91,2,0,0,1,0,1,2,2,0,26,0
3,0.926,0,1,1,2,1,6,7,0,0,33,0
0,0.92,0,0,0,0,6,20,3,0,1,45,0
82,0.856,1,0,0,0,0,7,1,0,0,88,0
0,0.92,0,0,0,0,2,2,2,0,0,60,0
41,0.794,2,0,1,0,0,7,1,1,1,36,0
14,0.698,1,0,0,1,0,10,0,1,3,132,0
2,0.91,0,0,0,0,0,4,3,0,0,14,0
1,0.624,2,0,0,1,0,13,0,6,3,11,1
9,0.924,0,0,0,2,1,0,5,0,2,83,0
54,0.8270000000000001,0,0,0,2,1,0,0,1,4,44,0
5,0.897,0,0,3,0,0,6,1,0,0,21,0
0,0.92,2,1,1,0,0,14,0,1,0,31,1
59,0.74,1,0,0,0,0,8,2,0,6,4,0
9,0.924,0,0,0,0,0,6,6,4,3,8,0
80,0.725,0,1,1,0,0,3,0,1,0,50,0
0,0.92,0,0,0,0,0,3,3,0,0,44,0
23,0.767,0,0,2,0,0,6,4,1,0,99,0
1,0.624,1,0,1,0,0,1,0,1,6,145,0
2,0.91,0,0,0,0,0,2,1,0,2,154,0
0,0.92,0,0,0,0,0,0,0,0,1,160,0
7,0.939,0,0,0,0,0,6,3,0,2,26,0
7,0.939,0,0,0,0,0,0,0,1,0,14,0
28,0.6659999999999999,0,0,0,3,1,1,1,0,0,57,0
0,0.92,2,0,0,1,0,0,0,0,2,12,0
1,0.624,0,1,1,2,1,1,0,1,3,73,1
0,0.92,0,1,0,0,0,7,3,0,5,129,0
0,0.92,0,0,0,0,2,0,0,1,1,37,0
87,0.7759999999999999,0,0,0,0,2,4,4,0,1,14,0
3,0.926,1,0,0,2,1,1,5,1,3,102,0
2,0.91,0,0,0,0,0,0,0,1,4,232,1
29,0.89,0,0,1,0,0,4,1,0,0,48,0
50,0.727,1,0,0,1,0,6,1,0,5,300,0
14,0.698,1,1,1,1,0,14,1,5,6,29,0
25,0.743,2,0,1,0,0,3,5,0,0,44,0
1,0.624,1,0,0,0,0,2,4,0,3,52,1
9,0.924,1,0,0,1,0,10,5,0,1,4,0
9,0.924,0,0,0,4,0,7,3,0,0,74,0
1,0.624,0,0,0,0,0,1,6,0,3,102,1
46,0.698,0,0,0,2,1,15,2,3,1,74,0
11,0.887,0,0,0,2,1,16,1,0,4,128,1
24,0.762,2,0,2,1,0,4,0,1,5,41,0
3,0.926,0,0,0,1,0,0,1,0,3,132,0
15,0.913,0,0,0,0,0,17,4,1,2,30,0
4,0.92,1,0,0,1,0,0,0,1,5,46,1
29,0.89,0,0,0,1,0,0,0,1,0,30,0
7,0.939,0,1,1,0,0,7,0,1,0,30,0
16,0.939,3,1,0,2,1,2,1,1,2,12,0
3,0.926,1,0,1,1,0,2,3,1,2,24,0
15,0.913,0,0,0,0,0,6,4,0,1,21,0
24,0.762,0,0,0,0,0,19,0,1,0,64,1
35,0.843,0,0,0,1,0,0,6,0,1,56,0
41,0.794,0,1,0,0,0,5,0,1,3,17,1
1,0.624,0,0,0,1,0,1,3,0,2,56,1
12,0.884,0,0,0,1,0,18,1,2,0,6,0
0,0.92,0,0,0,0,0,20,1,0,1,126,0
0,0.92,0,0,0,0,0,0,1,0,1,18,0
0,0.92,0,1,1,1,0,4,0,1,3,14,1
1,0.624,0,1,0,1,0,4,7,5,1,138,1
7,0.939,0,0,0,0,0,4,0,3,0,12,1
0,0.92,0,0,0,1,0,0,3,0,1,43,1
15,0.913,0,0,0,1,0,0,7,0,1,143,0
16,0.939,0,1,1,2,1,8,0,1,0,48,0
16,0.939,0,1,1,2,1,3,3,0,0,41,0
2,0.91,0,0,0,1,0,0,7,0,1,47,0
32,0.866,1,1,0,2,1,14,0,1,3,182,0
0,0.92,1,0,0,0,0,0,0,1,2,47,1
0,0.92,0,0,0,0,0,10,4,6,1,30,0
20,0.878,0,0,0,2,1,4,3,0,0,144,0
1,0.624,0,0,0,0,0,5,3,0,2,28,0
63,0.84,0,0,0,0,0,18,2,0,1,20,0
27,0.682,1,1,0,0,0,4,0,1,4,31,1
1,0.624,1,1,1,0,0,13,1,0,6,124,1
16,0.939,0,0,0,0,0,8,1,0,5,72,0
3,0.926,0,0,0,1,0,7,0,1,5,28,0
1,0.624,1,1,1,5,1,3,6,4,2,14,1
2,0.91,1,1,0,0,0,0,1,0,1,2,0
42,0.738,0,1,2,0,0,8,0,1,4,55,1
6,0.855,0,0,0,1,0,17,0,0,4,8,0
4,0.92,2,0,0,0,0,0,2,0,1,82,0
3,0.926,0,1,0,2,1,9,0,1,3,124,0
8,0.804,2,0,2,0,0,5,0,1,0,95,1
23,0.767,1,0,0,2,1,0,1,0,6,102,0
4,0.92,0,0,0,0,0,0,4,0,1,18,0
87,0.7759999999999999,0,0,0,0,0,0,0,1,1,86,0
1,0.624,2,0,0,0,0,8,4,4,3,68,1
2,0.91,1,0,0,2,1,7,6,2,0,94,0
1,0.624,1,0,0,1,0,6,6,4,2,157,0
45,0.925,0,0,0,0,0,8,4,2,2,42,1
1,0.624,1,0,0,0,0,6,1,0,1,29,1
1,0.624,0,1,1,0,0,1,0,1,3,22,0
0,0.92,0,0,0,0,0,0,5,0,1,88,0
1,0.624,1,0,0,1,0,5,3,0,2,90,1
6,0.855,2,0,0,1,0,4,1,2,0,45,0
4,0.92,0,0,0,0,0,6,1,0,2,11,0
6,0.855,0,0,0,0,0,11,0,1,4,109,1
1,0.624,0,0,0,0,0,1,7,0,5,112,1
1,0.624,1,1,1,2,1,5,0,1,3,8,1
0,0.92,0,0,0,4,0,0,3,0,2,13,0
29,0.89,0,0,0,1,0,6,0,1,5,27,0
13,0.55,1,1,2,0,0,2,0,1,6,4,0
0,0.92,0,1,2,0,2,14,7,0,0,13,1
4,0.92,0,1,0,1,3,0,2,3,1,34,0
39,0.903,0,0,0,0,0,4,7,0,3,60,0
0,0.92,0,0,0,0,0,7,1,2,0,83,0
0,0.92,0,1,0,0,5,11,0,1,3,84,0
51,0.698,1,1,0,2,1,3,0,0,3,202,0
22,0.8959999999999999,1,0,0,4,0,11,2,0,2,16,0
68,0.763,0,0,0,0,0,8,2,0,0,68,0
2,0.91,0,0,0,0,0,1,2,0,0,101,0
22,0.8959999999999999,1,0,3,0,0,15,8,3,1,50,0
0,0.92,1,1,0,0,0,9,3,0,6,104,0
1,0.624,0,0,0,0,0,7,0,1,0,20,0
3,0.926,2,1,1,0,0,7,5,3,4,28,0
0,0.92,1,1,1,0,0,13,8,1,3,3,1
19,0.893,0,1,0,1,0,0,5,0,2,47,0
39,0.903,0,1,0,0,0,5,0,1,0,25,1
17,0.899,0,0,0,0,0,20,6,2,0,112,0
0,0.92,0,1,0,1,5,15,2,5,1,63,0
0,0.92,0,0,0,1,0,0,2,0,0,22,0
13,0.55,0,0,0,0,0,2,2,0,3,61,1
0,0.92,0,1,2,0,0,13,0,1,0,128,1
34,0.915,1,0,0,0,0,4,0,1,0,53,0
0,0.92,1,0,2,0,0,12,2,3,2,105,0
4,0.92,0,0,0,0,3,12,1,0,0,46,0
0,0.92,0,1,0,4,0,7,1,3,0,10,1
59,0.74,1,0,3,4,2,5,0,1,0,20,0
5,0.897,0,0,0,0,0,12,2,0,0,16,0
47,0.555,0,0,0,0,0,5,1,0,0,145,0
16,0.939,0,0,0,1,0,7,6,0,5,86,0
0,0.92,0,1,1,2,1,8,0,1,3,55,1
0,0.92,0,1,0,5,1,3,0,0,3,16,0
1,0.624,1,0,0,0,0,3,4,0,1,332,1
1,0.624,1,1,0,1,0,14,6,1,1,160,1
2,0.91,0,1,0,5,1,0,0,1,0,41,0
2,0.91,0,0,0,0,0,21,3,0,0,70,0
3,0.926,0,0,0,0,0,17,1,0,1,52,0
8,0.804,1,1,3,3,1,1,0,1,3,210,0
17,0.899,0,0,2,2,1,6,7,6,2,106,0
11,0.887,0,0,2,2,1,3,4,0,0,14,0
43,0.5579999999999999,0,0,0,0,0,3,6,4,3,61,1
58,0.698,3,1,1,2,1,8,0,1,0,62,1
11,0.887,0,1,1,0,0,8,0,1,0,44,0
33,0.6890000000000001,0,1,2,2,1,5,0,1,0,32,1
13,0.55,0,0,0,0,0,6,7,0,0,40,1
78,0.795,1,1,1,2,1,3,1,0,5,4,0
49,0.789,0,0,0,0,0,19,1,3,2,80,0
4,0.92,0,0,0,0,0,0,2,0,1,9,0
0,0.92,0,0,0,0,0,0,0,1,2,44,0
0,0.92,2,0,0,1,0,5,6,4,0,4,0
1,0.624,0,0,0,0,0,7,3,0,0,59,1
3,0.926,0,0,0,2,1,0,5,0,3,59,0
65,0.698,1,0,0,0,0,15,8,0,2,72,0
26,0.836,0,0,1,0,0,3,0,1,2,11,0
0,0.92,1,0,0,0,6,12,0,0,0,131,0
3,0.926,0,0,3,2,1,18,4,0,2,138,0
1,0.624,0,0,0,0,0,6,1,0,4,33,0
0,0.92,0,0,0,0,0,6,1,0,0,65,0
0,0.92,0,0,0,0,6,10,7,3,0,109,0
0,0.92,0,0,0,1,4,0,3,0,1,18,0
48,0.698,1,1,0,1,0,0,0,1,2,45,1
0,0.92,1,1,0,5,1,1,0,1,3,180,0
0,0.92,0,1,1,1,0,8,0,1,1,55,1
20,0.878,0,0,0,0,0,4,0,1,0,20,0
38,0.895,0,0,0,2,1,16,1,0,0,37,0
9,0.924,0,1,1,2,1,3,0,1,0,103,0
0,0.92,0,0,0,0,6,0,2,0,0,20,0
1,0.624,1,1,1,1,0,8,5,3,0,34,0
51,0.698,0,0,1,0,0,15,5,0,2,16,0
1,0.624,1,0,1,2,1,1,0,1,0,16,1
1,0.624,0,0,0,1,0,3,1,2,0,88,0
29,0.89,0,0,3,0,0,0,5,0,5,34,0
0,0.92,0,0,0,1,0,9,2,2,0,48,0
26,0.836,0,0,2,1,0,18,3,0,0,19,0
39,0.903,0,0,0,1,0,9,2,0,5,55,0
16,0.939,0,0,0,2,1,1,3,0,3,210,0
3,0.926,2,0,0,0,0,9,1,0,2,18,0
37,0.8270000000000001,0,0,0,4,0,0,1,0,1,96,0
5,0.897,0,0,0,1,0,8,8,0,2,3,0
30,0.925,0,0,0,0,0,3,1,0,0,35,0
0,0.92,1,1,0,5,1,2,0,1,3,8,0
0,0.92,0,0,0,0,0,1,5,0,1,3,0
0,0.92,0,1,2,0,0,6,5,5,4,6,0
31,0.579,0,0,0,3,1,1,0,1,0,4,1
4,0.92,2,0,0,0,0,17,2,2,0,66,0
3,0.926,0,0,0,0,0,17,1,0,5,48,0
3,0.926,0,0,0,0,0,17,4,2,5,154,0
0,0.92,2,1,0,0,4,21,2,0,1,17,0
2,0.91,1,1,2,0,0,1,1,1,0,82,0
4,0.92,0,0,0,0,0,20,3,0,2,18,0
0,0.92,0,0,0,0,0,0,0,1,0,178,1
1,0.624,1,0,0,0,0,10,3,0,3,17,0
0,0.92,2,0,0,0,0,7,3,5,5,84,0
3,0.926,0,1,1,2,1,3,8,0,0,63,1
0,0.92,0,0,0,0,0,9,4,2,0,18,0
11,0.887,0,0,0,1,0,11,0,1,2,178,0
2,0.91,0,1,3,3,1,2,0,0,3,133,0
1,0.624,0,0,3,0,0,6,4,2,0,152,0
13,0.55,0,0,0,0,0,4,1,0,0,60,1
49,0.789,0,0,0,0,0,2,1,0,0,10,0
4,0.92,0,0,0,0,0,0,5,0,4,28,1
4,0.92,0,0,2,0,0,5,4,0,2,4,0
0,0.92,2,0,0,0,0,0,3,0,0,69,0
12,0.884,1,0,1,1,0,8,3,0,0,52,0
14,0.698,0,0,2,0,0,7,0,1,0,149,1
0,0.92,2,0,0,0,0,3,3,0,0,99,0
0,0.92,0,0,1,0,0,7,3,0,1,39,0
0,0.92,0,1,1,0,0,4,1,3,2,214,0
34,0.915,1,0,0,0,0,2,6,4,0,69,0
2,0.91,1,1,3,3,1,14,0,1,2,111,0
29,0.89,0,0,0,1,0,0,1,0,2,8,0
1,0.624,1,0,3,0,0,2,4,0,3,89,0
0,0.92,0,1,1,0,0,1,0,1,2,43,1
5,0.897,0,0,0,1,0,12,3,0,1,16,0
13,0.55,0,0,2,0,0,5,4,4,0,41,0
1,0.624,1,0,0,0,0,4,2,0,0,20,1
38,0.895,1,0,0,0,0,0,0,1,1,40,0
0,0.92,0,0,1,1,0,7,3,0,2,31,0
2,0.91,1,1,1,2,1,3,0,1,0,8,0
61,0.579,0,0,0,0,0,1,1,0,2,10,0
2,0.91,2,0,0,0,0,6,3,0,0,22,0
49,0.789,0,0,0,0,0,9,1,0,0,10,0
3,0.926,0,0,0,1,0,0,8,0,0,61,0
12,0.884,0,0,0,2,1,0,1,2,5,84,0
20,0.878,0,0,0,1,0,20,5,0,1,11,0
0,0.92,0,1,3,3,1,3,0,1,3,32,0
33,0.6890000000000001,0,0,0,0,0,6,7,2,0,103,0
5,0.897,0,0,0,1,0,7,0,1,6,9,0
102,0.735,1,0,1,0,0,4,0,1,0,42,0
18,0.802,0,0,0,1,4,11,0,1,2,35,0
2,0.91,0,0,0,0,0,5,4,0,3,80,0
19,0.893,0,0,0,0,0,0,5,0,0,32,0
17,0.899,0,1,0,0,0,5,0,1,0,23,1
87,0.7759999999999999,0,0,0,0,0,7,6,1,0,53,0
1,0.624,0,1,0,0,0,7,2,0,1,23,1
13,0.55,1,0,0,1,0,20,0,1,0,268,1
5,0.897,0,0,0,4,0,12,1,0,5,8,0
1,0.624,0,0,0,1,0,18,3,0,5,90,1
14,0.698,0,0,0,0,0,4,6,0,3,100,0
2,0.91,2,0,0,1,0,11,3,0,1,52,0
3,0.926,0,1,1,2,1,3,5,0,0,166,0
3,0.926,0,1,0,1,0,9,1,0,0,20,0
57,0.698,1,1,0,2,1,5,0,1,3,9,0
3,0.926,0,1,0,0,0,0,2,0,2,7,0
0,0.92,0,0,1,0,0,5,2,5,0,34,0
3,0.926,0,0,0,1,0,0,1,0,1,25,0
0,0.92,2,0,0,1,0,0,3,0,2,62,0
65,0.698,1,1,2,0,0,0,1,0,0,90,0
29,0.89,0,0,0,0,0,0,0,1,0,192,0
0,0.92,0,0,0,0,0,11,1,0,2,28,0
41,0.794,0,1,1,0,0,13,0,1,3,78,0
0,0.92,1,0,0,0,0,0,4,0,1,28,0
1,0.624,0,0,0,0,0,1,7,0,1,41,0
1,0.624,1,0,1,1,0,3,1,1,2,34,0
25,0.743,1,0,0,1,0,1,4,4,6,94,0
3,0.926,1,0,2,1,0,20,0,1,0,47,0
5,0.897,0,0,0,1,0,15,6,0,1,15,0
25,0.743,1,0,1,1,0,14,1,1,0,19,0
7,0.939,2,0,0,0,0,7,7,0,0,94,0
0,0.92,2,0,0,1,0,15,1,2,4,52,0
0,0.92,1,0,0,0,0,2,2,1,0,133,0
0,0.92,0,1,0,0,0,3,2,3,2,8,0
49,0.789,0,1,1,0,0,13,2,5,0,35,0
4,0.92,1,0,0,1,0,0,2,0,1,72,0
0,0.92,0,0,0,0,0,10,8,0,5,12,0
2,0.91,0,0,0,1,0,7,5,0,0,50,0
1,0.624,0,0,0,1,0,7,5,1,2,14,0
10,0.754,1,0,0,0,0,7,2,0,0,12,0
0,0.92,1,1,1,1,0,1,6,3,0,8,1
0,0.92,0,0,0,0,0,6,5,0,0,154,0
0,0.92,3,1,1,0,2,3,0,1,0,14,1
18,0.802,1,0,0,0,0,0,0,1,1,41,0
4,0.92,0,1,1,0,0,13,0,1,3,112,0
0,0.92,0,0,0,1,2,13,0,1,3,48,1
26,0.836,2,1,0,1,0,4,7,2,0,22,0
10,0.754,0,0,2,0,0,0,2,0,0,68,1
0,0.92,0,0,0,0,2,0,1,0,1,10,0
4,0.92,0,0,0,2,1,6,4,0,2,196,0
0,0.92,1,0,1,4,0,22,3,3,3,56,0
10,0.754,0,1,1,0,0,9,0,1,1,44,1
15,0.913,0,0,0,0,0,11,1,0,0,17,0
39,0.903,0,0,0,1,0,4,0,1,0,18,0
3,0.926,1,0,1,0,0,4,4,4,4,53,0
83,0.847,1,0,0,0,0,1,6,0,0,67,0
3,0.926,2,1,2,2,1,3,4,3,0,28,1
0,0.92,1,1,0,4,0,0,0,1,0,3,0
0,0.92,0,0,0,0,0,0,0,1,2,22,0
0,0.92,0,0,0,0,0,0,0,1,0,86,1
1,0.624,1,0,1,0,0,2,1,0,0,9,1
2,0.91,0,0,0,0,0,11,6,0,0,32,0
9,0.924,0,0,0,0,0,0,2,0,1,39,0
1,0.624,1,0,1,0,0,1,1,0,0,134,0
15,0.913,1,0,0,3,1,19,5,0,1,23,1
15,0.913,0,0,0,0,0,10,3,0,1,28,0
0,0.92,0,0,0,0,5,7,4,0,2,80,0
43,0.5579999999999999,0,0,0,3,1,9,7,0,4,82,0
3,0.926,0,1,1,0,0,1,0,1,3,23,0
0,0.92,0,1,1,1,0,7,0,1,0,138,1
25,0.743,1,1,0,1,2,20,0,1,6,17,1
24,0.762,0,0,0,0,0,6,7,0,2,43,1
6,0.855,0,0,0,1,0,3,3,0,0,14,0
1,0.624,1,0,0,0,0,6,3,3,0,40,1
37,0.8270000000000001,0,0,0,0,0,6,2,0,4,18,0
0,0.92,0,0,0,0,0,19,3,0,0,44,0
4,0.92,0,0,0,0,0,10,7,0,1,18,0
0,0.92,0,0,0,0,0,4,3,0,0,14,0
4,0.92,0,0,0,0,0,2,5,0,2,264,0
2,0.91,0,0,0,1,0,0,1,0,1,24,1
0,0.92,0,0,0,0,0,0,3,0,0,166,0
27,0.682,0,0,3,1,0,2,1,0,0,68,1
2,0.91,0,0,0,0,0,16,1,0,0,135,0
0,0.92,0,0,0,1,0,18,1,0,0,14,0
14,0.698,1,0,0,0,0,0,1,0,0,21,0
7,0.939,0,0,0,0,0,3,4,4,0,138,0
5,0.897,0,0,0,1,0,9,1,2,0,6,0
11,0.887,0,0,0,1,0,0,1,0,1,43,0
0,0.92,0,0,0,0,0,2,1,0,0,67,0
11,0.887,0,0,0,0,0,10,2,0,5,10,0
11,0.887,0,0,0,0,0,11,0,1,0,36,0
17,0.899,1,1,0,0,0,0,5,3,0,34,0
1,0.624,0,0,0,0,0,9,7,0,2,113,0
0,0.92,0,0,0,0,0,0,4,0,0,114,0
1,0.624,1,0,3,0,0,3,2,0,0,107,1
5,0.897,0,1,0,0,4,18,0,1,1,51,0
2,0.91,0,0,0,0,0,0,1,0,1,29,0
1,0.624,0,0,0,0,0,3,5,0,2,138,1
0,0.92,0,1,1,0,0,2,8,0,2,30,0
3,0.926,0,0,0,0,0,0,6,4,2,96,0
1,0.624,0,1,0,0,0,17,0,1,3,63,1
48,0.698,0,0,0,0,0,17,0,1,0,18,1
3,0.926,0,0,2,0,0,8,8,0,0,17,0
13,0.55,0,1,0,1,0,7,4,0,0,26,0
3,0.926,0,1,1,0,0,13,4,2,0,139,1
42,0.738,0,1,1,1,0,13,0,1,0,26,1
2,0.91,0,0,0,0,0,0,1,0,1,57,0
6,0.855,0,1,1,2,1,9,0,1,3,67,0
15,0.913,0,0,0,0,0,16,8,0,0,100,0
3,0.926,0,0,0,1,0,8,2,0,0,216,0
3,0.926,0,1,0,2,1,0,1,0,1,6,0
4,0.92,1,1,0,5,1,3,1,0,0,336,0
3,0.926,0,1,1,0,0,7,0,1,5,9,1
2,0.91,0,0,0,0,6,5,1,0,0,31,0
46,0.698,1,0,0,0,0,0,8,3,1,10,0
2,0.91,0,0,0,0,0,10,3,3,0,7,0
3,0.926,0,0,0,1,0,0,1,0,0,16,0
1,0.624,0,0,0,0,0,1,3,0,0,21,1
52,0.698,0,0,0,0,0,1,0,1,0,7,0
8,0.804,1,0,2,0,0,9,4,0,0,17,0
0,0.92,1,1,0,4,0,1,5,3,0,39,1
23,0.767,1,0,2,0,0,9,2,5,0,24,0
7,0.939,0,1,1,1,0,2,8,3,3,6,0
1,0.624,0,0,0,0,0,2,6,0,0,166,0
2,0.91,0,0,0,0,0,10,1,0,1,28,0
9,0.924,0,1,1,2,1,5,0,1,3,13,1
38,0.895,0,0,2,0,0,7,6,0,0,72,0
6,0.855,1,0,0,1,0,8,2,0,1,88,1
33,0.6890000000000001,1,0,0,0,0,2,1,0,4,97,0
43,0.5579999999999999,0,0,1,0,0,2,6,1,2,19,0
0,0.92,0,0,0,0,0,15,0,1,0,4,0
9,0.924,0,0,0,0,0,0,0,0,0,126,0
2,0.91,0,0,0,0,0,16,4,0,0,48,0
0,0.92,0,0,0,0,0,8,8,3,2,78,1
1,0.624,0,0,0,0,0,4,1,0,1,92,0
0,0.92,2,0,0,0,0,13,7,1,3,9,0
2,0.91,3,1,1,0,0,9,0,1,0,53,1
1,0.624,0,0,0,0,0,1,3,0,3,30,1
10,0.754,0,0,0,0,0,0,5,3,1,28,0
0,0.92,3,1,0,0,4,14,5,0,1,130,0
45,0.925,1,1,1,0,0,8,0,1,3,34,0
57,0.698,0,1,1,2,1,9,5,0,0,32,0
29,0.89,0,1,1,2,1,4,0,1,3,32,0
33,0.6890000000000001,0,0,0,0,0,0,0,1,3,20,0
55,0.848,0,0,1,2,1,5,2,0,0,91,0
0,0.92,0,0,0,0,0,6,1,0,0,35,0
49,0.789,0,0,0,0,0,11,4,4,0,35,0
11,0.887,0,0,0,0,0,1,1,0,0,68,0
50,0.727,0,0,0,0,0,7,2,0,2,282,1
3,0.926,1,0,1,1,0,7,0,3,6,31,0
24,0.762,1,1,1,0,0,4,0,1,3,22,0
0,0.92,0,0,0,1,0,0,2,0,2,15,0
3,0.926,0,1,1,2,1,1,1,0,2,43,0
41,0.794,0,0,0,1,0,2,6,0,0,59,0
1,0.624,0,0,0,0,0,11,4,4,0,38,1
81,0.4479999999999999,1,0,2,1,0,4,0,1,0,18,1
18,0.802,0,0,0,0,0,15,0,1,4,23,0
0,0.92,2,0,0,1,0,20,2,5,0,72,0
1,0.624,0,0,0,0,0,11,0,1,0,12,0
0,0.92,0,0,0,0,5,6,1,0,2,180,0
1,0.624,2,1,1,2,1,1,0,0,3,110,1
0,0.92,0,0,0,0,0,6,3,0,0,56,0
11,0.887,0,0,2,0,0,0,0,0,2,53,0
8,0.804,0,0,0,1,3,5,4,0,0,40,0
0,0.92,0,0,0,1,0,12,0,1,2,64,0
12,0.884,0,0,2,0,0,18,1,0,2,4,0
1,0.624,1,0,1,0,3,1,2,4,2,85,1
3,0.926,0,0,1,2,1,6,0,1,2,43,0
41,0.794,1,0,0,0,0,3,1,0,0,37,0
30,0.925,0,0,0,0,0,6,1,0,0,68,0
0,0.92,0,0,0,0,2,1,3,0,4,25,0
12,0.884,0,0,0,0,0,0,5,0,1,70,0
54,0.8270000000000001,0,0,0,1,0,0,0,1,0,156,0
101,0.68,1,0,0,0,0,6,6,0,1,6,0
18,0.802,0,0,0,0,6,13,6,0,0,156,0
0,0.92,0,1,1,0,3,8,5,0,1,102,0
12,0.884,0,0,0,1,0,0,2,0,0,56,0
7,0.939,0,0,0,1,0,15,8,5,2,166,0
48,0.698,0,0,0,2,1,11,6,1,5,23,0
1,0.624,1,0,1,0,0,3,0,1,0,66,1
6,0.855,0,0,0,1,0,3,1,4,2,23,0
16,0.939,1,0,0,1,0,18,5,0,0,22,0
6,0.855,0,0,1,0,0,10,0,1,0,78,0
0,0.92,0,0,0,0,0,0,1,0,0,102,0
0,0.92,0,1,1,0,0,4,0,1,0,166,1
15,0.913,0,1,1,0,0,1,0,1,4,32,0
2,0.91,0,0,0,1,0,0,5,5,1,73,0
4,0.92,1,0,0,0,0,15,1,0,0,61,1
2,0.91,0,0,0,1,0,15,1,1,3,4,0
10,0.754,0,0,2,0,0,11,2,0,1,91,0
0,0.92,0,0,0,0,0,4,3,0,1,70,0
24,0.762,0,0,0,1,0,0,8,0,1,15,0
2,0.91,0,0,0,0,0,0,0,3,0,50,0
0,0.92,1,0,0,0,0,20,0,1,0,153,1
0,0.92,2,0,0,0,2,3,6,0,5,13,0
3,0.926,1,0,0,0,0,18,1,0,0,96,0
29,0.89,1,1,1,0,0,9,0,1,2,28,0
1,0.624,0,1,0,1,0,8,1,0,3,53,0
0,0.92,0,1,1,0,0,16,0,1,3,92,0
3,0.926,0,1,1,1,0,6,0,1,2,76,1
0,0.92,0,0,0,0,0,21,1,2,4,43,0
42,0.738,0,0,0,0,2,5,2,0,0,12,0
1,0.624,0,0,0,0,0,4,8,0,0,23,0
37,0.8270000000000001,0,0,0,2,1,9,2,0,1,14,0
42,0.738,0,1,1,0,0,3,0,1,3,82,0
0,0.92,0,0,0,0,0,7,0,1,0,57,1
9,0.924,0,0,0,0,0,17,1,2,0,131,0
1,0.624,0,0,1,0,0,22,5,0,0,18,0
34,0.915,0,0,0,0,0,7,6,2,0,58,0
10,0.754,1,0,1,2,1,10,1,0,1,41,0
5,0.897,1,0,0,1,0,19,0,1,0,95,0
5,0.897,0,0,0,0,0,6,7,2,3,21,0
50,0.727,0,0,0,0,0,18,0,1,0,28,1
21,0.923,0,0,0,1,0,12,5,0,4,11,1
0,0.92,0,0,0,1,0,17,5,0,1,29,0
0,0.92,0,0,0,1,0,17,3,0,2,22,0
44,0.7759999999999999,0,0,0,1,0,4,6,0,2,54,0
4,0.92,0,1,1,0,0,17,0,1,0,52,1
0,0.92,0,0,0,0,0,13,2,0,0,34,0
58,0.698,0,1,0,1,0,1,0,1,0,46,1
0,0.92,2,0,0,4,0,0,5,3,2,24,0
0,0.92,0,1,1,2,1,4,1,1,0,8,1
4,0.92,1,1,1,0,0,1,0,1,0,117,1
16,0.939,0,0,0,1,0,1,4,0,1,48,0
1,0.624,1,1,0,1,0,6,3,0,0,25,1
42,0.738,0,0,0,1,0,11,3,0,0,53,0
45,0.925,0,0,0,0,5,21,1,0,2,4,0
2,0.91,2,0,0,1,0,8,1,0,0,4,0
60,0.83,0,0,1,0,0,12,2,0,0,136,0
102,0.735,1,0,1,0,0,3,2,1,6,18,0
3,0.926,0,0,0,2,1,6,1,0,1,110,0
4,0.92,1,0,0,0,0,7,1,0,0,41,0
5,0.897,0,1,1,0,0,6,0,1,2,46,1
8,0.804,0,1,2,1,0,5,0,1,0,2,1
1,0.624,0,0,0,1,0,3,4,0,0,4,1
0,0.92,0,0,0,0,4,0,2,0,1,79,0
0,0.92,0,1,1,2,1,4,0,0,3,48,0
10,0.754,2,0,1,1,0,10,2,1,2,32,0
25,0.743,0,0,1,1,0,4,5,0,0,102,0
0,0.92,0,0,0,4,0,12,3,0,0,54,0
2,0.91,0,1,3,3,1,5,0,1,3,78,0
42,0.738,1,0,1,0,0,5,2,0,0,5,0
1,0.624,1,1,1,2,1,3,0,1,3,145,0
35,0.843,0,0,0,1,0,11,2,0,0,68,0
2,0.91,0,0,0,0,0,5,5,0,0,50,0
2,0.91,0,0,0,0,0,18,0,1,2,62,0
114,0.8240000000000001,0,0,0,0,0,16,7,0,1,28,1
77,0.698,0,0,2,0,0,2,2,0,0,33,0
1,0.624,1,0,0,1,0,6,6,4,0,40,0
0,0.92,0,0,0,0,0,19,2,0,2,48,0
1,0.624,1,0,0,0,0,1,0,1,0,135,0
27,0.682,0,1,1,0,0,5,0,1,3,45,1
1,0.624,0,1,1,2,1,7,0,1,3,68,0
11,0.887,0,0,0,2,1,2,6,0,0,45,0
2,0.91,0,0,0,1,0,18,1,0,5,33,1
15,0.913,0,0,0,0,3,7,8,3,0,7,0
11,0.887,0,0,0,1,0,10,0,0,1,250,0
16,0.939,0,1,0,0,2,16,1,3,1,22,0
2,0.91,0,0,0,0,0,9,0,1,1,118,0
1,0.624,1,0,0,1,0,1,2,0,0,87,1
5,0.897,0,0,0,0,0,7,2,0,1,25,0
84,0.556,0,0,0,1,0,0,0,1,2,27,1
3,0.926,0,1,1,0,0,4,0,1,0,20,0
1,0.624,0,1,1,0,0,17,4,5,0,21,1
3,0.926,0,1,1,2,1,11,0,1,3,45,0
17,0.899,2,0,0,1,0,15,3,0,1,50,0
3,0.926,0,1,0,1,2,5,2,3,2,30,1
41,0.794,0,0,3,0,0,1,2,1,2,44,0
13,0.55,1,0,0,0,0,7,1,0,0,158,0
4,0.92,0,0,0,0,0,7,0,1,2,28,0
18,0.802,2,0,0,0,0,11,0,1,0,48,1
25,0.743,0,0,0,1,0,12,0,0,0,120,1
11,0.887,0,1,1,1,4,6,0,1,0,23,1
0,0.92,0,0,0,1,0,0,2,0,1,11,0
16,0.939,0,1,1,0,0,12,3,0,0,42,0
2,0.91,2,0,0,0,0,21,1,0,0,4,1
2,0.91,1,0,0,0,0,17,6,0,1,24,0
1,0.624,0,1,0,0,0,3,0,1,0,2,1
1,0.624,1,1,1,0,0,13,0,0,3,21,1
31,0.579,0,0,1,1,2,3,1,0,0,21,1
4,0.92,0,0,0,1,0,8,1,0,1,42,0
31,0.579,0,1,1,2,1,3,0,0,3,78,0
0,0.92,0,0,0,1,3,16,3,0,2,80,0
4,0.92,0,0,0,0,0,7,4,0,0,44,0
3,0.926,0,0,0,0,0,21,6,0,4,40,0
0,0.92,0,0,0,1,2,20,8,6,1,52,0
9,0.924,0,0,0,0,0,0,0,0,1,3,0
16,0.939,0,1,2,2,1,5,4,0,0,90,0
4,0.92,0,0,0,0,0,6,4,0,0,43,0
1,0.624,0,0,0,0,0,4,3,0,0,114,0
37,0.8270000000000001,0,0,0,1,0,21,2,0,1,9,0
35,0.843,1,1,0,3,1,2,0,1,3,62,0
0,0.92,1,0,0,0,2,5,1,2,2,53,0
0,0.92,0,0,0,0,0,11,1,0,0,72,0
2,0.91,1,0,0,0,4,2,2,0,0,16,0
11,0.887,0,0,0,1,2,0,2,0,1,48,0
6,0.855,0,0,0,1,0,0,5,0,2,3,0
3,0.926,0,0,0,0,0,8,2,0,1,95,1
5,0.897,0,1,0,3,1,1,0,1,3,12,0
1,0.624,0,0,0,1,0,5,1,0,2,43,0
4,0.92,2,0,0,0,0,18,3,0,1,14,0
3,0.926,2,0,0,2,1,4,7,0,3,23,0
0,0.92,0,0,0,0,0,0,2,0,2,21,0
19,0.893,0,0,1,2,1,4,2,0,2,81,0
2,0.91,0,1,1,2,1,2,6,0,0,6,0
8,0.804,0,1,0,0,0,19,0,1,1,126,0
2,0.91,0,0,0,0,0,15,4,0,2,140,0
40,0.949,3,1,1,0,0,8,6,4,0,59,0
1,0.624,0,1,0,0,2,0,1,0,1,107,0
32,0.866,0,1,2,0,0,16,0,1,4,81,0
1,0.624,0,0,0,0,0,20,3,0,1,102,0
0,0.92,0,0,0,0,0,11,0,1,0,67,0
1,0.624,0,0,0,0,0,15,1,2,0,131,0
0,0.92,1,1,1,0,0,3,4,3,0,51,1
1,0.624,0,1,1,0,0,2,0,0,3,48,1
59,0.74,2,1,0,0,0,1,3,0,2,91,0
0,0.92,0,0,0,0,0,10,3,0,1,22,0
3,0.926,1,1,3,1,0,20,2,1,5,147,0
7,0.939,0,0,0,0,0,4,2,0,5,25,0
47,0.555,1,0,0,0,0,4,0,1,3,4,1
0,0.92,0,0,0,1,0,8,1,0,0,36,1
6,0.855,0,0,0,1,0,11,2,0,0,56,0
5,0.897,0,0,0,1,0,12,4,2,3,4,0
29,0.89,0,1,1,0,0,4,0,1,0,17,0
6,0.855,0,1,1,2,1,9,4,0,0,18,0
1,0.624,1,1,0,0,0,5,0,1,0,50,1
0,0.92,0,0,0,0,0,9,3,0,2,17,0
33,0.6890000000000001,1,1,0,0,0,2,0,1,0,54,1
0,0.92,0,1,1,2,1,2,3,0,0,194,0
0,0.92,0,0,1,1,0,9,4,2,0,38,0
6,0.855,0,0,0,0,0,6,5,0,2,100,1
1,0.624,1,1,0,1,0,5,0,1,3,51,1
8,0.804,0,0,0,1,0,17,5,0,5,60,0
2,0.91,1,1,1,0,0,5,0,1,0,42,1
4,0.92,1,0,0,0,4,7,0,1,0,10,1
0,0.92,2,0,0,0,0,0,1,0,1,83,0
1,0.624,0,0,0,1,0,8,2,0,4,4,1
85,0.7390000000000001,0,0,1,0,0,2,7,3,3,69,0
27,0.682,0,0,0,0,0,1,2,1,3,47,0
1,0.624,1,1,0,2,1,14,0,1,3,20,1
1,0.624,1,0,1,1,0,13,1,0,0,8,1
26,0.836,1,0,0,0,0,9,3,0,0,130,0
0,0.92,2,0,0,0,0,4,3,0,0,21,0
35,0.843,1,0,0,0,0,6,6,0,0,107,0
1,0.624,0,1,0,3,1,5,0,1,3,20,1
0,0.92,0,0,0,0,0,12,2,0,0,11,0
0,0.92,0,0,0,0,0,10,2,0,1,7,0
0,0.92,0,1,0,0,2,0,0,3,1,43,0
10,0.754,0,0,0,0,0,12,5,0,1,57,0
29,0.89,1,0,0,0,0,15,7,0,0,4,0
1,0.624,0,0,0,0,0,7,1,0,3,44,1
14,0.698,0,0,0,2,1,6,6,2,0,48,0
30,0.925,0,0,0,0,0,10,5,0,4,108,0
0,0.92,2,0,0,0,0,0,1,0,5,62,0
9,0.924,0,0,0,0,0,0,1,0,5,152,0
0,0.92,0,1,0,0,3,5,5,3,0,64,0
1,0.624,2,0,0,0,0,11,3,0,0,51,1
15,0.913,0,0,0,4,0,0,0,1,3,21,0
56,0.691,1,0,0,0,3,4,4,2,0,78,0
2,0.91,0,1,1,0,0,8,0,1,0,23,1
1,0.624,0,0,0,0,0,4,8,0,4,43,0
0,0.92,2,0,0,0,0,14,2,2,0,103,0
0,0.92,1,1,0,0,5,10,3,0,1,33,0
0,0.92,0,0,0,1,0,0,5,3,1,17,0
6,0.855,0,0,0,1,0,7,2,0,4,114,0
4,0.92,0,0,1,3,1,1,3,0,2,109,0
13,0.55,0,0,0,0,0,1,1,1,2,90,1
0,0.92,1,0,2,0,0,10,2,3,0,106,0
44,0.7759999999999999,0,0,0,0,0,0,0,1,1,22,0
3,0.926,0,0,0,1,0,0,2,0,1,22,1
2,0.91,0,0,1,0,0,0,4,0,1,52,0
27,0.682,2,0,3,0,0,2,0,1,5,82,1
0,0.92,0,0,0,1,0,8,2,0,0,144,0
2,0.91,0,0,0,1,0,3,7,1,0,59,0
0,0.92,0,0,0,0,0,16,7,1,0,39,0
5,0.897,1,1,1,1,0,6,0,1,3,44,1
1,0.624,0,0,0,0,0,8,4,4,0,6,1
10,0.754,0,0,0,0,0,8,1,4,0,102,0
12,0.884,0,0,0,0,0,3,0,0,0,36,0
0,0.92,0,0,0,0,5,0,1,0,1,21,0
4,0.92,0,0,0,0,3,0,0,1,0,19,1
77,0.698,0,0,2,0,0,1,1,0,2,6,0
5,0.897,0,0,0,1,0,0,1,0,2,23,0
22,0.8959999999999999,0,0,0,1,0,20,0,1,0,97,0
1,0.624,2,0,1,0,6,3,4,1,0,78,1
36,0.527,1,1,1,0,0,13,0,1,0,192,1
1,0.624,0,0,0,1,0,7,2,0,4,4,0
5,0.897,0,0,0,1,0,4,2,5,0,34,1
14,0.698,1,0,1,1,0,8,2,0,5,30,1
0,0.92,0,1,0,5,1,7,0,1,3,53,0
1,0.624,0,0,0,0,0,17,3,0,4,40,0
0,0.92,0,0,0,0,2,5,2,0,0,168,0
1,0.624,1,0,0,1,0,8,3,0,4,55,1
16,0.939,1,1,0,2,1,5,8,1,0,10,0
3,0.926,0,0,0,1,4,18,5,0,1,90,0
1,0.624,1,0,3,3,1,10,0,1,2,68,0
1,0.624,1,1,0,5,1,2,0,1,3,6,1
0,0.92,1,0,2,1,0,10,5,0,2,17,0
5,0.897,1,0,0,4,0,0,3,0,1,298,0
93,0.516,1,0,1,0,0,2,0,1,0,15,1
2,0.91,2,0,0,1,2,5,2,0,0,20,0
2,0.91,2,0,0,0,2,14,4,2,0,15,0
4,0.92,1,0,0,0,0,0,6,0,0,83,0
1,0.624,1,0,0,0,0,14,0,0,0,6,0
14,0.698,0,1,0,0,0,2,0,1,4,15,0
1,0.624,0,0,0,0,0,4,3,0,0,13,0
0,0.92,0,0,0,0,0,8,3,0,1,30,0
1,0.624,0,1,2,0,0,2,4,2,6,112,0
3,0.926,0,0,0,0,0,0,6,0,0,24,0
81,0.4479999999999999,1,1,3,2,1,1,0,0,3,86,1
5,0.897,0,0,0,1,0,8,3,0,0,14,0
1,0.624,1,0,1,0,0,4,0,1,1,41,0
4,0.92,0,0,0,0,0,18,0,1,0,6,0
2,0.91,1,0,0,0,0,6,6,0,1,105,0
4,0.92,0,0,0,0,0,0,6,0,4,85,0
2,0.91,3,1,1,0,2,9,0,1,0,48,0
1,0.624,0,1,1,0,0,2,0,1,3,39,1
0,0.92,1,0,0,1,0,2,7,0,0,108,0
1,0.624,1,0,0,0,3,17,1,0,4,136,0
37,0.8270000000000001,0,0,0,3,1,4,1,3,2,23,0
2,0.91,1,1,0,5,1,3,0,1,3,278,0
0,0.92,0,0,0,0,0,0,0,1,3,28,1
19,0.893,1,0,0,4,2,0,3,0,1,11,0
3,0.926,0,1,1,2,1,1,0,1,0,61,0
2,0.91,3,0,2,0,0,2,0,1,3,62,0
3,0.926,0,0,0,1,0,1,3,0,0,41,0
51,0.698,0,0,0,1,0,16,5,0,0,146,0
31,0.579,0,0,0,0,0,12,4,1,6,57,0
5,0.897,0,1,0,4,0,0,3,3,3,27,0
8,0.804,1,0,0,1,0,0,1,0,2,2,0
1,0.624,1,0,0,0,0,22,4,1,6,182,1
50,0.727,0,0,0,0,0,4,2,0,0,37,0
10,0.754,0,0,0,1,0,17,4,3,0,31,0
0,0.92,1,1,2,1,2,7,0,1,2,106,0
5,0.897,0,0,0,1,0,7,1,2,0,158,0
0,0.92,2,0,0,0,2,5,2,0,0,72,0
5,0.897,0,0,0,1,0,0,3,0,1,31,0
31,0.579,1,0,0,0,0,6,1,4,0,43,0
3,0.926,1,1,1,2,1,2,7,3,0,166,0
49,0.789,0,0,1,0,0,11,7,0,4,130,1
8,0.804,0,0,0,0,0,7,8,0,1,85,0
19,0.893,0,0,0,1,0,0,2,0,0,82,0
2,0.91,0,0,0,0,0,3,1,0,0,38,0
1,0.624,1,0,0,1,0,6,2,0,1,111,1
3,0.926,0,0,0,2,1,17,1,0,1,83,0
0,0.92,2,0,0,0,2,2,2,2,0,33,0
48,0.698,0,1,0,1,0,7,0,1,3,28,1
2,0.91,0,1,0,0,0,2,0,1,2,46,0
2,0.91,0,0,0,0,0,4,5,0,2,24,1
27,0.682,2,0,0,0,0,6,6,2,4,18,0
14,0.698,1,0,0,1,0,12,5,3,0,4,0
66,0.647,0,0,2,1,0,5,1,4,0,7,0
0,0.92,0,0,0,0,0,8,3,0,1,14,1
25,0.743,0,1,0,1,0,5,2,1,0,4,0
0,0.92,1,0,3,4,0,3,0,0,3,94,0
15,0.913,0,0,0,0,0,0,5,0,2,18,0
75,0.698,0,0,2,0,0,1,1,0,0,24,0
3,0.926,0,0,0,1,0,0,0,1,1,40,1
0,0.92,0,0,0,0,0,19,0,1,1,49,1
1,0.624,0,0,1,1,0,2,0,1,0,131,1
40,0.949,0,0,0,1,0,0,5,0,0,39,0
13,0.55,0,0,0,0,0,6,7,6,5,114,1
0,0.92,1,0,1,0,0,12,3,0,0,37,1
3,0.926,1,0,0,1,0,10,0,1,0,126,0
78,0.795,1,0,1,5,1,2,1,0,0,30,0
24,0.762,0,0,0,0,0,12,0,1,5,102,0
0,0.92,0,0,0,0,0,17,2,0,4,83,0
3,0.926,1,1,0,5,1,13,0,1,3,57,0
17,0.899,0,0,0,0,4,15,4,0,0,20,0
3,0.926,0,0,0,1,4,0,0,1,4,11,0
0,0.92,0,0,0,1,0,12,1,4,2,26,0
5,0.897,0,0,0,1,0,16,6,4,0,94,0
10,0.754,0,1,2,2,1,3,0,1,0,60,1
51,0.698,0,0,1,1,0,12,1,0,2,6,0
37,0.8270000000000001,0,0,0,3,1,7,1,0,5,36,0
1,0.624,1,0,0,0,0,2,1,0,0,140,0
0,0.92,0,1,0,1,0,7,3,0,5,3,0
0,0.92,0,0,1,0,2,7,2,0,5,39,0
11,0.887,0,0,0,1,0,18,1,0,1,14,0
9,0.924,0,0,0,0,0,0,2,0,4,29,0
10,0.754,0,1,2,0,0,1,0,1,0,80,1
33,0.6890000000000001,0,0,3,0,0,6,4,5,0,194,0
89,0.493,1,1,0,0,0,5,0,1,0,23,0
25,0.743,1,1,0,1,2,5,0,1,0,198,1
35,0.843,0,0,0,1,0,9,3,0,0,14,0
37,0.8270000000000001,0,0,0,0,0,0,5,0,1,70,0
2,0.91,2,1,1,1,0,5,0,3,2,50,0
26,0.836,0,0,0,2,1,10,3,0,2,146,0
1,0.624,0,0,0,0,0,4,4,2,0,58,1
17,0.899,0,0,0,0,0,10,3,0,0,282,0
13,0.55,1,0,1,0,0,2,4,0,6,7,1
0,0.92,0,0,1,0,0,0,1,2,1,308,0
3,0.926,0,1,0,2,1,3,0,1,3,17,0
0,0.92,0,0,0,1,2,0,0,1,3,42,0
0,0.92,0,0,0,0,0,0,5,0,0,72,0
2,0.91,0,0,0,0,0,7,8,0,0,21,0
41,0.794,1,0,0,0,3,13,2,5,0,21,0
4,0.92,2,0,0,0,5,5,0,1,0,16,1
1,0.624,1,0,1,0,0,11,0,0,0,10,0
2,0.91,0,0,0,0,4,0,2,0,0,10,0
3,0.926,0,1,0,1,0,7,0,1,0,50,0
1,0.624,1,0,0,0,0,14,6,6,0,58,1
1,0.624,0,1,1,1,0,2,0,1,3,166,0
3,0.926,0,0,0,1,0,9,1,4,0,5,0
23,0.767,0,0,0,0,0,6,0,1,1,34,0
2,0.91,1,0,0,0,0,1,0,0,1,48,0
1,0.624,2,0,0,0,0,5,3,0,3,44,0
28,0.6659999999999999,0,1,0,0,0,14,3,0,0,45,0
21,0.923,0,1,0,2,1,13,4,0,0,114,0
1,0.624,0,1,0,0,1,3,0,1,6,100,1
2,0.91,0,0,0,0,0,0,0,1,1,29,0
0,0.92,0,0,0,0,0,0,1,0,2,22,0
1,0.624,1,1,1,2,1,5,0,1,3,72,0
23,0.767,2,0,0,0,0,6,4,0,0,17,1
27,0.682,0,0,0,0,0,0,2,0,2,76,0
4,0.92,0,1,0,0,0,0,1,0,1,216,1
0,0.92,0,1,0,0,0,0,0,1,2,28,1
0,0.92,1,0,0,0,0,2,2,0,0,58,0
7,0.939,0,0,0,1,0,20,2,0,0,20,0
5,0.897,0,1,1,0,0,1,0,1,0,129,0
67,0.722,0,0,1,0,0,1,1,0,0,74,1
6,0.855,3,1,0,5,1,13,0,1,3,17,1
0,0.92,0,0,0,0,0,7,2,0,1,20,0
2,0.91,0,0,0,0,0,10,2,0,5,162,0
1,0.624,0,0,0,0,0,7,3,0,1,166,1
1,0.624,0,0,0,0,0,10,2,0,0,134,1
10,0.754,1,0,0,0,0,18,1,0,4,83,1
1,0.624,0,0,0,0,0,1,2,0,0,42,0
0,0.92,0,0,0,0,0,0,3,0,0,141,0
2,0.91,0,1,0,1,0,10,3,0,1,20,1
3,0.926,0,0,0,0,0,8,7,0,4,54,0
1,0.624,1,0,3,1,0,17,0,1,0,68,1
0,0.92,0,0,0,0,0,9,0,1,2,37,1
7,0.939,0,0,2,1,6,0,0,1,1,80,0
1,0.624,0,0,0,0,0,16,5,0,2,17,0
2,0.91,0,1,0,0,0,5,6,0,0,25,0
0,0.92,1,1,0,0,5,12,0,2,0,24,0
4,0.92,0,1,1,2,1,1,2,0,0,112,0
1,0.624,2,0,1,0,0,14,1,4,0,36,0
0,0.92,0,0,0,0,0,4,1,2,0,11,0
3,0.926,0,0,0,2,1,3,2,0,0,80,0
10,0.754,0,0,2,0,0,6,0,1,0,290,1
86,0.856,0,1,0,1,0,8,2,0,0,119,0
1,0.624,0,0,0,0,0,20,1,2,2,68,1
1,0.624,1,0,0,0,0,6,3,0,2,32,0
1,0.624,0,0,0,0,0,5,0,1,2,112,1
4,0.92,0,0,0,0,2,6,0,1,4,62,1
0,0.92,0,0,0,0,0,6,6,0,1,19,0
3,0.926,0,1,0,0,0,16,2,0,1,7,0
0,0.92,0,1,0,2,1,3,0,1,3,19,0
0,0.92,0,0,0,0,4,0,1,2,1,77,0
58,0.698,1,0,0,2,1,16,1,1,0,48,1
2,0.91,0,0,0,2,1,8,5,0,5,77,0
1,0.624,0,1,0,0,0,14,0,1,0,39,1
23,0.767,0,0,0,1,0,17,2,3,2,12,0
0,0.92,0,0,0,1,0,18,2,0,4,2,1
1,0.624,0,1,0,0,0,6,2,2,0,78,1
15,0.913,1,0,0,1,0,16,1,1,2,158,1
8,0.804,0,1,0,4,0,21,4,0,2,188,0
1,0.624,0,0,2,0,0,3,4,0,2,328,1
3,0.926,1,0,0,3,1,15,0,1,0,111,0
5,0.897,1,1,1,0,0,2,0,1,6,80,1
3,0.926,0,1,1,2,1,12,0,1,3,3,0
8,0.804,1,0,0,1,0,16,7,0,2,58,0
47,0.555,1,0,0,0,0,4,1,0,1,55,1
3,0.926,0,0,0,0,0,4,4,0,1,24,0
0,0.92,0,0,0,0,0,0,6,4,1,34,0
1,0.624,0,0,0,0,0,1,1,0,2,35,1
85,0.7390000000000001,1,0,0,1,0,19,0,1,1,13,1
1,0.624,1,0,1,0,0,3,1,0,2,6,1
0,0.92,0,0,0,0,0,8,7,0,2,36,0
16,0.939,0,0,0,1,0,0,0,1,0,130,0
4,0.92,0,1,0,2,1,13,0,1,0,22,1
4,0.92,0,0,0,0,0,7,3,0,0,57,1
8,0.804,0,0,0,0,0,0,7,0,0,99,0
92,0.64,0,0,2,0,0,3,1,0,0,164,0
0,0.92,0,0,0,1,0,15,6,2,0,57,0
0,0.92,1,0,0,1,0,0,1,0,1,51,0
1,0.624,2,0,0,0,0,4,3,0,0,45,0
0,0.92,0,0,0,2,1,18,5,0,1,162,0
5,0.897,0,0,0,1,0,4,3,0,5,27,0
0,0.92,0,0,0,1,0,20,8,0,0,11,0
15,0.913,2,0,0,0,0,16,8,1,0,86,1
21,0.923,0,0,0,0,0,0,1,0,1,119,0
26,0.836,0,1,1,0,0,9,1,0,0,57,0
1,0.624,1,0,0,1,0,9,7,0,0,23,0
0,0.92,2,0,2,0,0,20,2,3,1,244,0
110,0.487,0,1,0,0,0,5,0,1,0,96,1
3,0.926,0,0,2,0,0,16,2,0,0,46,0
5,0.897,1,1,1,1,0,2,0,1,6,48,1
3,0.926,0,0,0,1,0,10,0,1,2,87,0
0,0.92,1,1,1,0,0,1,0,1,3,21,1
0,0.92,0,1,0,0,0,1,1,0,5,5,0
3,0.926,0,0,0,0,0,4,5,0,0,6,0
18,0.802,0,0,0,1,0,4,0,1,2,85,0
3,0.926,0,0,0,2,1,10,1,0,1,64,0
1,0.624,0,0,1,0,0,6,3,1,0,35,0
36,0.527,0,0,0,0,0,5,4,0,3,28,0
0,0.92,0,0,0,0,0,9,7,1,2,214,0
0,0.92,0,0,0,0,0,7,2,0,2,13,0
4,0.92,1,1,0,0,0,19,0,1,4,21,1
0,0.92,1,0,0,0,0,10,6,0,2,20,0
24,0.762,0,1,0,0,2,16,3,3,1,51,0
3,0.926,0,1,0,5,1,3,0,1,3,16,0
1,0.624,0,0,0,0,0,6,1,0,0,12,1
0,0.92,0,0,0,0,0,9,2,0,1,40,0
1,0.624,0,0,0,0,0,9,4,0,0,98,1
7,0.939,2,0,0,0,0,8,1,0,1,148,0
0,0.92,0,0,0,0,4,12,5,0,1,38,0
2,0.91,0,0,0,0,0,21,5,0,0,44,0
14,0.698,0,1,1,0,0,13,0,1,3,12,1
4,0.92,0,0,0,0,0,0,0,1,0,60,1
0,0.92,0,1,1,0,0,6,0,1,0,6,1
1,0.624,1,1,1,1,0,3,0,1,0,20,1
3,0.926,0,0,0,0,0,15,4,0,1,18,0
2,0.91,0,0,0,1,0,12,0,1,0,9,0
0,0.92,1,0,0,0,0,9,0,1,0,172,0
1,0.624,1,1,0,1,0,7,7,0,2,264,0
1,0.624,1,0,0,0,0,6,1,4,0,42,1
0,0.92,0,0,0,1,0,10,2,2,2,74,0
3,0.926,0,1,1,2,1,6,0,1,0,18,0
0,0.92,0,1,0,0,0,5,0,1,0,62,1
14,0.698,0,0,0,0,0,12,0,1,0,145,0
15,0.913,0,0,0,0,0,5,1,0,0,110,0
3,0.926,0,0,0,2,1,12,6,0,2,77,0
6,0.855,0,0,0,1,0,0,0,1,0,12,0
0,0.92,0,1,1,0,0,2,0,3,3,82,1
2,0.91,0,0,0,0,0,19,7,0,0,18,0
2,0.91,1,0,2,0,2,4,4,0,4,23,1
17,0.899,1,1,0,0,0,0,5,1,0,57,1
6,0.855,0,0,0,0,0,0,8,0,3,55,0
2,0.91,0,0,0,0,0,4,3,0,0,6,0
3,0.926,1,0,0,2,1,18,6,0,5,15,0
0,0.92,0,0,0,1,0,21,2,0,2,17,0
26,0.836,0,0,0,1,0,0,7,0,1,38,0
1,0.624,2,0,0,0,0,1,5,0,0,37,1
0,0.92,1,0,0,0,0,2,3,0,0,23,0
11,0.887,0,0,0,0,0,10,5,0,5,107,1
0,0.92,0,0,0,1,0,7,3,0,0,21,0
15,0.913,1,0,0,4,0,0,6,4,1,17,0
0,0.92,0,0,0,0,0,0,5,0,1,50,0
16,0.939,0,0,0,0,0,2,4,2,0,122,0
0,0.92,0,1,0,0,0,3,3,3,0,73,0
56,0.691,0,0,0,0,0,1,8,0,3,8,1
91,0.563,1,0,1,4,0,14,0,1,6,43,1
11,0.887,0,0,0,1,0,7,2,1,5,7,0
0,0.92,0,0,0,0,0,4,4,0,5,26,0
46,0.698,1,1,1,0,0,6,2,0,2,44,0
12,0.884,0,1,1,0,0,1,0,1,0,56,0
2,0.91,0,0,0,0,0,8,2,0,0,50,0
0,0.92,3,1,2,2,1,4,1,2,0,54,0
22,0.8959999999999999,1,1,1,0,0,3,0,1,3,35,1
61,0.579,1,0,0,0,0,9,0,1,4,28,0
2,0.91,0,1,0,0,0,9,1,0,4,23,0
2,0.91,0,1,0,1,0,12,3,5,1,88,0
2,0.91,0,0,0,0,0,0,6,4,1,89,0
0,0.92,0,0,0,0,0,0,1,2,0,151,0
1,0.624,0,1,0,0,0,13,4,0,0,80,1
0,0.92,0,0,0,0,0,9,6,4,0,90,0
6,0.855,1,1,1,0,0,4,0,1,0,55,0
0,0.92,0,1,1,1,0,9,3,0,0,32,0
72,0.865,0,0,0,1,4,0,1,0,1,113,0
1,0.624,0,0,0,0,0,2,1,0,0,89,1
1,0.624,0,0,0,0,0,3,2,0,0,290,1
3,0.926,1,1,2,2,1,5,5,0,0,39,1
28,0.6659999999999999,0,0,0,0,0,0,0,1,4,22,0
2,0.91,2,0,0,1,0,1,3,0,0,92,0
3,0.926,0,1,0,2,1,1,0,1,3,81,0
1,0.624,1,1,1,3,1,5,0,1,3,15,1
1,0.624,0,0,1,0,0,4,2,0,4,163,0
0,0.92,0,0,0,0,0,10,2,0,1,23,0
79,0.743,1,0,1,0,0,1,6,0,3,69,0
31,0.579,2,1,0,2,1,3,0,1,3,218,0
0,0.92,0,0,0,0,0,12,2,0,2,70,0
0,0.92,0,1,1,0,0,7,0,1,5,78,1
5,0.897,0,0,0,0,0,4,3,1,3,50,0
1,0.624,0,0,0,1,3,0,0,1,4,11,0
0,0.92,0,0,0,0,0,0,1,3,2,8,0
1,0.624,0,0,0,0,0,9,6,0,0,39,1
84,0.556,1,0,0,0,0,3,1,0,0,4,1
4,0.92,0,0,0,1,0,0,3,0,1,32,1
29,0.89,0,0,0,1,0,17,1,0,5,75,0
6,0.855,0,0,0,1,0,15,5,0,0,192,0
21,0.923,3,0,0,1,0,1,2,0,0,178,0
111,0.512,1,1,1,0,0,5,0,1,3,50,1
1,0.624,0,0,0,0,0,8,1,1,0,17,0
8,0.804,2,0,0,1,0,11,7,0,0,81,0
15,0.913,1,0,0,5,1,20,0,1,2,54,0
4,0.92,0,0,0,1,0,0,2,0,0,216,0
9,0.924,1,0,0,3,1,16,0,1,3,48,0
10,0.754,0,0,0,0,0,6,3,0,0,40,0
12,0.884,2,1,2,0,0,1,2,0,0,16,0
2,0.91,1,0,0,0,0,11,4,0,0,56,0
0,0.92,0,0,0,0,0,17,3,0,0,94,1
98,0.775,0,0,2,0,0,0,8,3,0,44,0
1,0.624,1,0,1,1,0,1,7,0,2,62,0
17,0.899,0,0,0,0,0,2,2,2,2,52,0
26,0.836,0,0,0,2,1,0,2,0,1,214,0
3,0.926,0,0,0,2,1,1,7,0,6,10,0
4,0.92,0,0,0,1,0,0,0,1,0,152,1
22,0.8959999999999999,0,1,0,1,3,8,0,1,0,38,0
2,0.91,2,0,0,2,1,8,4,0,2,12,0
12,0.884,2,0,0,0,0,1,4,2,0,94,0
58,0.698,1,1,0,3,1,22,0,1,3,106,0
1,0.624,1,0,0,0,0,1,7,0,0,82,0
44,0.7759999999999999,0,0,0,1,0,6,1,1,0,25,1
5,0.897,0,0,0,1,5,15,4,2,1,11,0
4,0.92,2,0,0,0,0,1,2,0,2,27,0
61,0.579,0,0,0,0,0,11,1,0,0,10,1
4,0.92,0,0,0,0,0,7,0,1,0,68,0
0,0.92,0,0,0,0,5,0,1,0,1,47,0
3,0.926,1,1,1,0,0,4,3,0,0,16,0
0,0.92,0,0,0,0,0,0,5,0,1,76,0
0,0.92,0,0,0,4,0,20,4,4,0,174,1
0,0.92,0,0,0,0,2,0,3,0,2,124,0
17,0.899,0,0,0,0,0,1,4,2,0,19,0
3,0.926,1,1,1,0,0,7,4,0,0,92,0
16,0.939,0,0,0,0,0,0,2,0,2,36,0
29,0.89,0,0,0,1,0,0,0,1,1,6,0
0,0.92,0,1,0,4,0,10,3,5,5,128,1
10,0.754,0,0,0,1,0,10,5,3,1,7,1
2,0.91,1,0,0,2,1,1,4,2,0,77,0
25,0.743,0,0,0,0,6,0,7,3,5,28,0
3,0.926,1,0,1,0,0,1,6,1,2,100,0
1,0.624,0,1,1,2,1,13,0,1,3,37,0
0,0.92,0,0,0,0,0,17,0,0,4,46,0
0,0.92,0,0,0,0,2,14,2,5,0,34,0
0,0.92,1,0,0,1,0,11,0,1,0,24,0
3,0.926,1,0,1,0,0,20,5,0,5,34,1
0,0.92,0,0,0,0,0,0,2,0,2,12,0
13,0.55,0,0,0,0,0,15,1,0,5,18,1
2,0.91,1,0,0,0,0,0,0,0,1,56,0
6,0.855,0,0,0,2,1,5,6,0,0,62,0
35,0.843,0,0,0,1,0,6,8,0,3,43,0
0,0.92,0,0,0,0,0,11,2,2,0,24,0
2,0.91,0,0,0,0,0,0,0,1,0,67,0
12,0.884,1,0,0,0,0,0,0,1,1,24,1
0,0.92,2,1,0,0,0,2,0,0,0,36,0
52,0.698,0,0,0,4,0,0,4,0,1,16,0
16,0.939,0,0,0,0,0,0,6,0,1,41,0
3,0.926,0,0,0,1,0,0,1,0,3,84,0
25,0.743,0,0,0,1,0,1,5,0,2,31,1
0,0.92,0,0,1,0,0,8,0,5,6,49,1
1,0.624,0,1,1,0,0,14,0,1,3,9,1
17,0.899,2,0,0,0,0,2,3,0,0,9,0
30,0.925,0,0,0,1,0,0,5,0,1,31,0
0,0.92,0,1,1,0,0,2,0,1,0,34,1
17,0.899,0,0,0,1,2,19,4,0,2,150,0
6,0.855,0,0,2,0,0,5,3,0,0,73,1
1,0.624,0,0,0,0,0,3,3,0,0,48,1
8,0.804,2,0,0,1,0,12,6,0,1,92,0
0,0.92,0,0,0,0,0,8,0,1,4,51,1
105,0.7879999999999999,1,0,0,1,0,12,6,0,0,122,0
2,0.91,1,1,0,2,1,13,0,1,0,118,1
1,0.624,1,1,0,2,1,5,0,1,3,104,1
0,0.92,0,0,0,0,0,16,5,0,1,80,0
1,0.624,2,1,1,0,0,1,0,1,3,15,0
0,0.92,1,0,0,0,0,20,3,0,0,2,0
0,0.92,0,0,0,1,5,0,5,0,1,51,0
21,0.923,1,0,0,0,0,2,2,0,2,122,0
2,0.91,0,0,0,0,0,0,1,0,2,84,0
2,0.91,1,0,0,0,0,9,2,0,0,33,0
68,0.763,1,0,0,1,0,0,5,0,4,36,0
3,0.926,0,0,0,1,0,0,6,0,4,124,0
0,0.92,2,1,0,0,0,5,0,1,2,94,1
1,0.624,0,0,0,1,0,2,2,0,0,32,1
46,0.698,0,0,0,0,0,6,0,0,3,100,0
56,0.691,0,1,0,1,0,7,3,0,2,86,0
6,0.855,0,0,0,1,0,6,2,0,2,8,0
2,0.91,0,0,0,0,0,11,1,0,4,82,0
0,0.92,1,0,0,0,0,0,5,0,0,322,0
36,0.527,0,1,0,0,0,5,1,2,0,232,0
15,0.913,0,0,0,0,0,12,5,0,0,218,0
42,0.738,0,0,0,0,2,5,0,1,0,29,1
6,0.855,0,0,0,1,0,20,2,0,0,284,0
47,0.555,1,1,0,0,0,5,1,5,3,42,0
15,0.913,0,0,0,0,0,10,1,0,0,3,0
58,0.698,1,0,0,1,0,4,0,1,6,36,0
2,0.91,0,0,0,0,0,19,1,1,2,11,0
58,0.698,0,1,0,3,1,14,2,0,6,50,1
37,0.8270000000000001,0,0,0,0,0,0,5,0,1,9,0
19,0.893,0,0,0,1,0,7,1,0,2,16,0
1,0.624,0,0,0,0,0,9,8,0,3,7,1
10,0.754,0,1,2,2,1,2,5,0,0,280,1
20,0.878,0,1,0,0,2,12,0,1,0,42,1
6,0.855,3,0,1,1,0,9,3,0,0,176,0
1,0.624,0,0,1,0,0,13,4,3,0,48,1
4,0.92,0,0,0,0,0,9,1,2,0,30,0
0,0.92,2,0,0,1,0,0,6,0,1,60,0
2,0.91,0,0,0,0,0,20,2,0,1,61,0
12,0.884,0,1,3,5,1,2,0,1,3,97,0
53,0.7659999999999999,1,0,1,0,0,9,2,0,2,12,0
3,0.926,0,0,0,2,1,0,2,0,1,18,0
52,0.698,1,1,0,0,0,2,3,0,0,138,1
1,0.624,0,1,0,0,0,4,3,0,4,11,1
3,0.926,1,1,0,4,0,0,3,3,2,54,0
15,0.913,0,0,0,0,0,0,3,0,3,322,0
34,0.915,0,0,0,0,0,0,7,6,0,20,0
12,0.884,0,0,0,2,1,7,1,0,2,6,0
3,0.926,0,0,0,0,0,19,2,0,2,16,0
12,0.884,0,1,1,1,0,8,0,1,0,100,1
15,0.913,0,1,0,4,0,0,2,5,2,70,0
2,0.91,0,0,0,0,0,20,0,1,1,24,0
3,0.926,0,1,1,2,1,1,3,0,0,2,0
0,0.92,0,0,1,1,0,4,0,1,0,15,1
2,0.91,0,0,0,0,6,9,2,0,1,54,0
10,0.754,1,0,0,0,0,4,0,1,0,44,1
5,0.897,1,1,1,0,0,2,0,1,0,13,0
1,0.624,0,1,0,5,1,5,0,1,3,12,1
0,0.92,0,0,0,0,0,12,2,0,0,212,0
15,0.913,0,0,0,0,0,12,2,0,2,3,0
0,0.92,0,1,1,0,0,13,5,3,0,10,1
33,0.6890000000000001,1,1,1,2,1,4,0,1,0,11,0
0,0.92,0,1,0,0,3,5,5,5,0,110,0
23,0.767,0,0,0,2,1,13,6,0,3,41,0
5,0.897,1,0,0,0,2,5,6,4,0,75,0
8,0.804,1,1,1,2,1,3,0,1,3,67,0
3,0.926,1,1,3,3,1,13,0,1,0,18,0
0,0.92,1,0,0,0,0,2,0,3,0,48,1
1,0.624,0,1,0,0,0,1,3,0,3,28,1
41,0.794,2,0,2,0,0,1,5,0,0,65,0
0,0.92,2,1,0,0,0,11,2,2,0,22,0
19,0.893,0,0,0,1,0,8,0,1,1,102,0
54,0.8270000000000001,1,0,0,2,1,0,7,0,4,30,1
9,0.924,0,1,1,2,1,1,0,1,0,72,0
0,0.92,1,1,0,1,0,22,3,1,6,103,0
16,0.939,0,0,0,0,0,16,1,0,0,7,0
0,0.92,2,1,0,0,0,0,0,1,0,54,1
46,0.698,0,0,2,0,0,5,4,0,0,85,0
0,0.92,0,0,0,1,0,18,0,1,1,65,1
2,0.91,0,1,0,0,0,20,8,0,2,99,0
3,0.926,0,1,1,2,1,3,4,3,5,96,0
1,0.624,0,0,1,0,0,13,6,4,0,188,1
1,0.624,1,0,0,0,0,7,3,0,2,9,1
0,0.92,1,0,0,0,0,16,3,0,5,224,0
0,0.92,0,0,0,0,0,0,5,0,1,80,0
0,0.92,0,1,1,0,0,2,0,1,0,14,1
1,0.624,0,0,0,1,0,6,1,0,3,73,1
0,0.92,0,0,0,0,0,0,5,0,0,54,0
30,0.925,0,0,0,0,0,6,1,1,0,69,0
15,0.913,0,0,0,1,0,0,1,2,0,82,0
64,0.479,1,0,0,3,1,20,0,1,3,61,1
4,0.92,0,0,0,0,0,4,1,4,0,106,0
7,0.939,0,0,1,0,0,0,5,0,0,35,0
1,0.624,0,0,0,1,0,7,3,0,3,14,0
3,0.926,0,0,0,0,0,7,6,0,0,26,0
2,0.91,0,0,0,0,0,0,0,0,1,23,0
19,0.893,0,0,1,0,0,8,6,0,0,114,0
0,0.92,1,0,0,4,0,0,0,1,2,6,0
2,0.91,1,1,0,5,1,4,0,1,3,3,0
22,0.8959999999999999,0,0,0,1,0,0,6,0,1,39,0
13,0.55,1,0,0,0,0,2,0,1,0,36,1
4,0.92,0,0,0,0,0,16,0,1,0,10,1
17,0.899,1,1,0,0,0,2,0,1,3,83,1
4,0.92,0,0,0,1,0,0,2,0,0,258,1
21,0.923,0,1,0,1,0,0,3,0,1,66,0
21,0.923,1,0,0,0,0,0,2,0,3,90,0
16,0.939,0,0,1,0,0,9,3,1,1,68,0
0,0.92,1,0,0,0,6,2,0,1,0,2,0
2,0.91,0,1,2,0,0,6,1,0,2,62,0
2,0.91,1,1,0,2,1,13,0,1,3,125,0
1,0.624,1,0,0,1,0,8,7,0,0,326,0
60,0.83,0,0,0,1,0,7,4,0,0,45,0
10,0.754,0,0,1,2,1,2,0,1,0,52,1
5,0.897,0,1,1,0,0,3,0,1,3,43,0
19,0.893,0,0,0,1,0,8,1,0,1,29,0
37,0.8270000000000001,0,1,2,0,0,1,0,1,1,47,1
46,0.698,1,1,2,1,0,14,0,1,2,108,1
0,0.92,1,1,0,5,1,6,0,1,0,32,0
3,0.926,0,0,0,0,0,8,4,2,1,9,0
40,0.949,0,0,0,0,0,0,6,0,1,190,0
10,0.754,0,0,0,0,0,4,2,0,0,54,0
3,0.926,0,1,0,2,1,4,0,0,3,28,0
13,0.55,0,1,1,0,2,5,0,1,0,33,1
4,0.92,2,0,0,0,0,2,3,0,3,17,0
17,0.899,1,0,2,2,1,7,3,3,1,66,0
11,0.887,0,0,2,0,0,6,0,1,6,33,0
0,0.92,0,0,0,0,0,16,8,0,4,62,0
0,0.92,0,0,0,0,0,0,1,0,1,88,0
2,0.91,0,0,1,0,0,4,6,0,1,14,0
0,0.92,1,1,0,3,1,2,1,0,3,26,0
1,0.624,0,0,0,0,0,4,6,0,1,35,0
34,0.915,0,0,0,1,2,15,0,1,4,60,0
66,0.647,0,0,0,0,0,17,5,0,0,41,0
28,0.6659999999999999,0,0,0,0,0,21,0,1,4,290,0
3,0.926,0,0,0,1,0,0,1,0,1,242,0
49,0.789,0,0,0,0,0,0,1,0,0,41,0
3,0.926,3,1,0,1,0,6,3,0,0,48,0
19,0.893,0,1,0,0,4,19,5,0,3,188,0
42,0.738,0,0,0,0,0,15,6,2,5,174,0
1,0.624,0,0,0,0,0,11,3,0,1,7,1
22,0.8959999999999999,0,0,0,1,0,10,3,0,1,23,1
3,0.926,0,0,0,0,0,4,4,0,1,107,0
0,0.92,0,1,1,0,0,9,0,1,0,88,1
0,0.92,0,0,0,0,0,0,0,1,0,78,1
0,0.92,0,1,0,3,1,1,0,1,0,41,0
0,0.92,0,0,0,0,0,7,1,0,1,125,0
3,0.926,0,0,0,1,0,0,0,1,0,110,0
3,0.926,0,0,0,1,4,0,2,0,0,154,0
6,0.855,1,0,0,0,0,1,0,1,0,86,0
5,0.897,0,0,0,1,0,10,0,1,4,132,0
0,0.92,0,0,0,0,0,17,5,5,0,15,0
23,0.767,1,0,1,0,0,7,1,0,2,90,0
32,0.866,0,0,0,1,0,10,2,0,0,26,0
2,0.91,0,0,0,0,0,0,0,1,1,12,0
1,0.624,0,0,1,1,0,6,3,0,5,87,1
51,0.698,0,0,0,0,0,0,4,0,1,95,1
1,0.624,1,0,0,0,0,3,0,1,2,62,0
32,0.866,0,0,0,1,0,6,5,0,0,72,0
49,0.789,2,1,0,0,0,14,0,1,0,43,1
0,0.92,0,1,0,0,0,8,3,0,1,68,0
0,0.92,0,1,1,0,0,8,1,2,0,198,0
2,0.91,0,0,0,0,0,11,7,0,4,46,0
13,0.55,1,0,1,0,0,3,0,1,0,41,1
0,0.92,0,0,0,0,0,19,5,0,0,13,0
18,0.802,0,0,0,0,0,0,6,0,1,35,0
1,0.624,1,1,0,1,0,8,0,0,0,11,0
64,0.479,1,1,3,2,1,22,6,4,0,38,0
4,0.92,0,0,0,1,0,20,1,0,4,109,0
3,0.926,0,0,0,0,3,7,6,0,0,39,0
0,0.92,0,0,0,1,0,9,0,1,5,90,1
5,0.897,0,1,1,0,0,11,0,1,0,156,1
5,0.897,0,1,1,0,0,2,4,4,0,48,0
9,0.924,1,1,0,2,1,1,0,1,3,24,0
11,0.887,0,0,0,2,1,19,4,0,1,3,0
13,0.55,0,0,0,0,6,6,7,0,2,72,1
0,0.92,0,0,0,1,0,0,0,1,0,78,1
0,0.92,0,0,1,1,0,11,3,0,1,84,0
0,0.92,2,0,0,0,0,11,8,0,0,110,0
93,0.516,0,0,0,0,0,17,6,4,1,36,1
4,0.92,0,0,0,0,0,4,4,2,0,42,0
0,0.92,0,0,0,1,0,0,0,1,4,80,1
1,0.624,0,0,0,0,0,1,1,0,3,100,0
30,0.925,0,1,0,4,0,0,4,0,1,69,0
1,0.624,1,1,0,0,0,3,0,1,6,22,1
0,0.92,1,1,0,2,1,3,0,1,3,90,0
11,0.887,0,1,0,0,2,1,6,0,2,45,1
15,0.913,0,0,0,0,0,0,0,1,1,8,1
34,0.915,2,0,0,0,0,0,0,1,1,57,1
10,0.754,0,0,0,2,1,6,0,1,3,4,0
10,0.754,0,0,0,1,0,21,0,0,1,66,0
3,0.926,1,0,1,2,1,8,6,4,0,151,0
3,0.926,0,0,0,0,0,7,5,0,3,16,0
18,0.802,0,1,1,0,0,6,0,1,3,6,1
28,0.6659999999999999,1,0,0,0,0,6,1,0,0,158,0
7,0.939,0,0,0,0,0,7,1,0,0,176,0
3,0.926,0,0,0,1,0,7,5,0,1,21,0
0,0.92,0,0,0,0,0,3,5,1,0,21,0
13,0.55,1,0,0,0,0,9,6,4,3,129,0
3,0.926,0,0,0,2,1,20,2,0,2,6,0
0,0.92,0,0,0,0,6,20,0,1,6,10,0
2,0.91,0,0,0,0,0,0,1,0,0,43,1
38,0.895,0,0,0,1,0,15,6,0,0,129,0
1,0.624,0,0,0,0,0,4,6,0,2,36,1
12,0.884,0,0,0,0,0,15,1,2,4,75,0
3,0.926,1,1,3,2,1,5,0,1,3,60,0
18,0.802,0,0,0,0,0,10,7,0,1,10,0
2,0.91,2,0,0,0,0,4,2,0,4,167,0
5,0.897,1,1,0,4,0,10,8,3,5,111,1
0,0.92,1,1,1,1,0,1,0,1,5,26,1
7,0.939,0,0,0,0,0,9,1,0,0,31,0
70,0.74,0,0,0,1,0,1,6,1,0,8,0
40,0.949,0,1,0,1,4,15,3,0,1,23,1
13,0.55,0,1,3,3,1,2,0,1,0,63,1
1,0.624,1,0,0,0,0,1,3,0,2,150,0
16,0.939,1,1,0,2,1,13,5,0,0,83,1
1,0.624,1,0,2,0,0,9,5,0,2,40,1
0,0.92,0,0,0,0,0,1,3,0,3,43,0
2,0.91,0,0,0,3,1,0,1,2,0,82,0
0,0.92,0,0,0,1,0,21,2,0,1,33,0
79,0.743,2,1,1,2,1,2,0,1,3,22,0
1,0.624,1,0,0,0,0,4,4,1,6,39,0
16,0.939,2,0,0,0,0,6,1,0,2,144,0
0,0.92,0,0,0,0,0,0,1,0,1,55,0
34,0.915,0,1,1,2,1,5,2,1,0,34,0
0,0.92,0,0,0,0,0,17,5,0,2,14,0
2,0.91,0,0,0,0,0,0,2,0,2,49,1
5,0.897,0,0,0,3,1,7,1,1,0,17,0
4,0.92,1,1,1,0,0,2,0,1,0,58,0
16,0.939,1,0,1,1,0,19,2,0,4,134,0
0,0.92,0,1,0,5,1,3,0,1,3,15,0
75,0.698,0,0,0,2,1,11,2,0,0,294,0
7,0.939,0,0,0,0,0,21,5,0,1,40,0
2,0.91,0,1,0,0,0,2,0,1,5,13,1
0,0.92,0,0,0,0,0,0,7,0,1,20,0
0,0.92,1,1,1,0,0,6,0,1,6,47,0
18,0.802,0,0,0,0,0,20,0,1,0,130,0
7,0.939,1,0,0,0,0,9,1,1,5,128,0
36,0.527,0,1,0,0,0,1,2,0,0,15,0
0,0.92,2,1,0,1,0,6,3,0,0,44,0
3,0.926,1,0,0,0,0,1,4,2,0,19,0
2,0.91,0,1,0,1,0,3,2,0,0,94,0
57,0.698,0,1,0,2,1,3,0,1,3,26,1
1,0.624,0,0,0,1,0,4,3,0,2,155,0
0,0.92,0,1,0,0,0,5,0,1,0,18,1
1,0.624,2,0,0,0,0,3,4,0,2,7,1
0,0.92,0,0,0,0,0,18,6,0,1,35,1
3,0.926,0,0,0,0,0,1,2,0,5,15,0
5,0.897,1,0,2,0,5,2,6,2,5,66,0
0,0.92,1,0,0,0,0,0,0,1,1,56,1
1,0.624,1,1,1,2,1,5,0,1,6,107,0
15,0.913,0,0,0,0,3,2,5,0,2,6,0
77,0.698,1,0,2,0,0,2,2,5,0,98,0
0,0.92,1,1,0,0,2,0,0,1,2,17,0
1,0.624,2,0,0,0,0,13,3,0,0,39,0
40,0.949,0,0,0,1,0,1,2,0,0,67,0
33,0.6890000000000001,0,0,1,0,0,7,0,1,0,90,1
6,0.855,0,1,2,0,0,7,0,1,2,11,0
49,0.789,1,1,0,1,0,7,1,0,4,79,0
0,0.92,1,0,2,1,0,0,3,0,1,33,0
2,0.91,0,0,0,1,0,12,1,4,4,19,1
0,0.92,1,1,0,0,4,11,0,1,2,78,1
1,0.624,0,1,3,0,0,14,0,1,0,107,1
1,0.624,1,0,0,1,0,8,5,0,1,10,0
2,0.91,1,0,0,0,0,17,6,0,0,63,0
0,0.92,0,0,0,0,0,6,0,1,2,67,1
0,0.92,0,1,1,0,0,4,0,1,2,3,1
0,0.92,1,0,3,1,6,0,2,0,3,29,0
1,0.624,0,0,0,0,0,4,3,0,5,134,0
16,0.939,0,0,0,1,3,18,7,3,2,24,0
1,0.624,0,0,0,0,0,4,2,0,0,50,1
36,0.527,0,0,0,0,6,2,4,0,2,18,1
14,0.698,1,1,1,0,0,6,7,0,0,196,0
15,0.913,1,0,0,0,0,3,0,1,0,28,0
6,0.855,0,1,1,2,1,5,0,1,0,43,0
1,0.624,0,0,1,0,0,8,3,0,1,52,0
10,0.754,0,0,2,1,0,3,2,0,2,69,0
13,0.55,0,0,1,1,0,2,1,5,0,110,1
0,0.92,1,0,0,0,0,18,0,1,1,23,0
76,0.769,1,0,1,0,0,1,0,1,0,19,0
1,0.624,0,0,0,0,0,1,7,0,0,24,1
1,0.624,1,0,0,1,0,3,3,0,0,94,1
2,0.91,0,0,0,0,0,7,7,0,0,74,0
25,0.743,1,0,1,0,0,1,1,0,0,107,0
0,0.92,0,0,0,0,6,0,5,0,1,14,0
91,0.563,1,0,0,0,0,11,6,4,3,54,1
6,0.855,1,1,1,2,1,5,0,0,3,198,0
0,0.92,0,1,1,0,0,8,0,1,0,73,0
23,0.767,0,1,2,1,0,2,0,1,2,74,1
3,0.926,0,0,0,1,0,20,5,0,2,112,0
22,0.8959999999999999,0,0,0,1,5,0,0,1,1,157,0
8,0.804,0,0,0,1,0,11,1,0,0,154,0
50,0.727,0,0,0,1,5,3,5,1,0,46,1
2,0.91,2,0,0,1,0,2,4,2,2,65,0
10,0.754,0,0,1,0,0,6,0,1,0,22,1
4,0.92,1,0,0,1,0,0,6,6,0,63,0
5,0.897,0,1,2,2,1,2,0,0,3,157,0
11,0.887,1,1,1,2,1,8,0,1,2,67,0
2,0.91,2,0,0,0,0,6,7,0,2,105,0
0,0.92,0,0,0,1,0,0,2,0,1,128,0
74,0.698,0,1,1,2,1,1,0,1,0,4,0
0,0.92,0,0,0,0,0,0,3,0,1,10,0
1,0.624,0,1,1,0,0,13,1,1,0,72,1
1,0.624,0,0,0,3,1,5,0,1,0,27,0
5,0.897,1,0,0,1,0,0,3,0,1,20,1
29,0.89,1,1,1,0,0,2,0,1,0,107,1
0,0.92,0,0,2,0,0,4,3,0,2,96,0
0,0.92,0,0,0,0,0,11,2,2,2,34,1
0,0.92,0,0,0,0,0,4,3,0,0,35,0
47,0.555,2,1,1,0,0,5,0,1,0,23,0
0,0.92,0,0,0,0,0,0,4,4,4,212,0
12,0.884,1,0,0,1,0,0,6,3,1,96,0
0,0.92,0,1,2,2,1,3,6,0,5,36,1
1,0.624,0,1,1,0,0,3,0,1,0,67,0
0,0.92,0,1,0,0,0,0,6,0,1,69,0
6,0.855,0,0,0,0,2,14,2,0,0,78,0
0,0.92,0,0,0,0,0,4,3,0,2,24,0
0,0.92,0,0,0,0,0,0,0,1,1,26,1
2,0.91,1,0,0,1,3,7,2,0,0,43,0
6,0.855,2,1,1,0,0,1,3,0,0,100,0
0,0.92,0,0,0,0,0,9,1,0,2,100,0
1,0.624,0,1,0,0,0,4,0,1,0,147,0
48,0.698,0,0,0,1,0,6,0,1,0,70,0
66,0.647,1,1,1,1,0,1,0,1,3,7,1
13,0.55,0,0,0,0,0,2,4,1,0,35,1
16,0.939,0,0,0,0,0,8,3,0,4,22,0
3,0.926,0,0,1,1,0,11,5,3,0,13,0
1,0.624,0,0,0,0,0,4,3,0,2,42,1
1,0.624,0,0,0,1,0,18,6,0,0,50,0
1,0.624,1,0,1,0,0,3,3,3,6,55,0
6,0.855,1,1,2,2,1,5,0,1,3,112,0
1,0.624,1,1,0,1,0,3,0,0,3,2,0
53,0.7659999999999999,0,0,0,0,0,8,2,0,3,106,0
0,0.92,0,0,2,0,0,1,4,0,1,64,0
54,0.8270000000000001,0,0,0,1,0,0,1,2,0,9,0
0,0.92,0,0,0,0,0,12,1,0,0,158,1
30,0.925,0,0,0,1,0,8,7,0,1,272,0
70,0.74,0,0,0,0,0,15,5,0,1,49,0
0,0.92,0,1,0,0,0,17,2,0,2,22,0
2,0.91,0,0,0,0,0,6,8,3,1,56,1
3,0.926,0,1,0,2,1,1,1,0,2,256,0
2,0.91,2,0,0,0,0,3,3,5,2,8,0
4,0.92,0,0,0,0,0,3,8,1,0,206,0
85,0.7390000000000001,0,1,1,2,1,3,0,1,3,65,0
36,0.527,0,0,0,0,0,6,0,1,0,25,0
0,0.92,0,0,0,1,0,7,2,0,0,8,0
3,0.926,2,0,0,1,0,10,5,0,5,74,0
3,0.926,0,0,0,1,0,10,5,0,4,53,0
0,0.92,0,0,0,2,1,4,4,0,1,62,0
37,0.8270000000000001,1,0,0,0,0,1,6,0,2,33,1
10,0.754,0,0,2,0,0,6,4,0,0,28,0
13,0.55,0,0,0,0,0,3,5,0,3,66,0
34,0.915,0,0,0,0,0,8,2,0,1,112,0
23,0.767,1,0,1,1,0,7,7,0,2,10,0
0,0.92,2,1,0,0,0,12,2,1,3,147,0
9,0.924,0,0,0,1,0,15,3,0,3,74,0
9,0.924,0,0,0,0,0,10,1,0,4,36,0
8,0.804,1,0,0,0,2,4,1,1,0,36,0
0,0.92,0,0,0,0,0,17,3,0,0,46,0
2,0.91,0,1,0,1,0,0,0,1,1,48,0
5,0.897,1,0,0,0,0,11,5,1,0,3,0
39,0.903,0,0,0,0,6,0,2,0,2,42,0
4,0.92,0,1,0,0,0,0,0,1,1,23,1
6,0.855,0,0,0,1,0,0,3,0,0,107,0
3,0.926,0,1,1,1,0,0,8,6,4,108,1
1,0.624,0,0,0,0,0,3,0,0,0,147,1
3,0.926,0,1,1,0,0,7,2,0,0,4,1
47,0.555,0,0,0,0,0,1,4,2,2,70,0
0,0.92,0,1,0,0,0,13,0,1,3,42,1
0,0.92,1,0,0,0,0,4,7,0,2,55,0
12,0.884,1,0,0,1,0,0,4,2,2,64,0
3,0.926,0,1,0,2,1,1,3,0,1,148,0
31,0.579,1,1,1,0,3,4,0,0,3,39,1
1,0.624,1,0,0,0,2,6,0,1,1,36,1
0,0.92,1,0,0,0,0,0,2,0,2,46,0
0,0.92,2,0,0,1,0,16,3,0,4,44,0
53,0.7659999999999999,0,0,0,0,0,5,2,0,0,46,0
0,0.92,0,0,0,1,2,5,3,5,0,28,0
3,0.926,0,0,0,0,0,11,4,0,4,74,0
35,0.843,0,0,0,1,0,10,6,0,1,59,0
12,0.884,0,0,0,0,0,4,4,0,4,14,0
3,0.926,0,0,0,1,0,10,2,0,2,65,0
35,0.843,0,1,1,0,0,5,0,1,3,23,0
0,0.92,1,1,0,0,0,3,7,0,2,20,0
1,0.624,0,0,0,0,0,6,2,1,0,17,1
3,0.926,0,0,0,2,1,2,1,0,0,14,0
3,0.926,0,1,1,2,1,3,0,1,0,7,1
3,0.926,0,0,1,2,1,8,2,0,0,18,0
3,0.926,0,0,0,0,0,2,1,0,0,8,0
1,0.624,1,0,0,0,0,2,3,0,0,28,1
0,0.92,0,0,0,0,2,18,2,0,0,23,0
0,0.92,0,0,0,0,0,1,2,0,0,80,0
56,0.691,1,0,1,0,0,2,4,0,0,55,1
17,0.899,0,0,2,0,0,6,6,4,0,63,0
1,0.624,0,1,1,0,0,3,0,1,3,42,1
6,0.855,0,0,1,2,1,15,3,0,1,14,0
0,0.92,0,0,0,0,0,10,1,2,2,17,0
0,0.92,0,0,0,1,0,19,2,2,1,37,0
0,0.92,0,0,0,0,5,9,0,1,2,34,1
3,0.926,1,1,1,2,1,8,0,1,0,48,0
0,0.92,0,0,0,1,4,0,0,1,0,150,1
2,0.91,0,0,0,0,0,15,1,0,1,18,0
1,0.624,0,0,1,0,0,3,6,0,0,10,1
4,0.92,0,0,0,0,5,3,0,1,0,28,1
0,0.92,0,0,0,1,3,0,2,0,1,8,0
2,0.91,0,0,0,0,5,19,7,5,0,14,0
14,0.698,0,0,3,0,0,16,1,1,4,97,1
3,0.926,0,0,0,1,0,12,2,0,1,117,0
2,0.91,0,0,0,0,0,18,2,0,1,34,0
42,0.738,0,1,0,1,0,12,0,1,0,78,0
12,0.884,1,0,0,1,0,8,2,0,3,180,0
4,0.92,1,0,0,0,4,13,6,4,0,10,0
3,0.926,0,0,0,0,0,0,3,0,5,4,0
1,0.624,2,1,0,0,0,14,1,1,0,23,0
0,0.92,2,0,0,0,0,4,3,0,0,46,0
0,0.92,0,0,0,0,0,8,1,0,0,126,0
1,0.624,0,0,0,1,0,15,3,0,4,25,1
0,0.92,1,0,0,0,0,13,6,0,0,200,0
0,0.92,1,0,0,1,0,15,1,4,0,73,0
2,0.91,0,0,0,2,1,13,4,0,0,140,0
1,0.624,0,0,3,0,0,13,0,1,3,162,1
4,0.92,1,0,1,0,0,16,7,0,0,10,0
6,0.855,0,0,2,0,0,10,0,1,0,155,0
9,0.924,0,1,1,0,0,6,1,0,4,53,0
59,0.74,0,0,0,1,0,13,1,0,0,28,1
12,0.884,0,1,0,0,0,0,0,1,1,132,0
4,0.92,0,0,0,0,0,0,1,0,0,35,0
1,0.624,0,1,0,0,0,1,1,2,0,16,1
4,0.92,0,0,0,0,0,10,2,0,1,40,0
7,0.939,1,0,2,2,1,0,4,0,2,51,0
46,0.698,0,0,1,1,0,2,0,1,2,138,1
18,0.802,0,1,1,0,0,9,0,1,0,36,1
24,0.762,0,0,0,0,0,9,3,0,0,16,0
44,0.7759999999999999,0,0,1,0,0,12,5,0,3,52,0
2,0.91,2,0,0,0,0,16,4,0,1,216,0
3,0.926,0,1,0,2,1,2,0,1,3,63,0
65,0.698,0,0,0,1,0,8,8,0,4,31,0
13,0.55,1,0,2,0,0,14,0,3,0,20,1
0,0.92,0,1,0,0,0,0,7,0,1,50,0
29,0.89,0,0,0,1,4,15,5,0,0,50,0
7,0.939,0,0,0,0,0,12,5,3,1,41,0
0,0.92,2,0,0,0,0,0,5,0,0,91,0
3,0.926,0,1,1,1,0,1,0,1,0,10,1
1,0.624,2,0,3,1,0,9,4,0,0,44,1
6,0.855,0,0,0,0,0,16,0,1,0,95,0
0,0.92,0,0,0,0,0,10,0,0,5,40,0
0,0.92,0,0,0,0,0,0,0,1,4,120,0
12,0.884,1,0,0,1,0,0,1,4,2,21,0
8,0.804,1,0,0,0,0,6,6,4,0,35,0
3,0.926,1,0,0,3,1,4,4,0,0,52,0
1,0.624,0,1,0,0,0,13,1,0,0,9,1
0,0.92,1,0,0,1,0,16,1,0,0,53,0
10,0.754,1,0,2,2,1,14,6,4,6,58,0
17,0.899,1,0,0,0,0,0,5,0,1,94,0
3,0.926,1,1,1,0,0,1,0,1,0,94,1
0,0.92,0,1,2,0,0,6,0,1,0,81,0
0,0.92,0,0,0,0,4,0,1,5,5,48,0
1,0.624,0,0,0,1,0,9,1,3,0,18,0
7,0.939,0,1,0,2,1,3,0,0,3,13,0
42,0.738,0,0,0,1,0,16,2,0,0,216,0
14,0.698,1,0,0,3,1,22,0,1,1,118,1
1,0.624,1,1,0,1,0,3,1,0,0,24,0
0,0.92,0,0,0,4,0,0,3,0,0,79,1
4,0.92,0,0,0,0,0,12,1,0,0,48,0
3,0.926,0,0,0,0,0,0,6,0,0,34,0
0,0.92,1,1,0,5,1,4,0,1,0,34,0
92,0.64,0,0,0,0,0,12,5,0,0,148,0
21,0.923,0,0,0,0,0,1,1,0,4,15,1
39,0.903,0,1,1,1,2,14,0,1,3,112,1
15,0.913,1,0,0,1,0,16,0,1,0,52,0
2,0.91,0,0,2,0,0,11,4,2,0,23,0
5,0.897,0,1,0,1,0,0,1,3,1,46,0
0,0.92,1,0,0,0,0,18,5,0,5,17,0
1,0.624,0,0,0,0,0,16,4,2,2,83,1
41,0.794,0,0,0,0,2,5,2,0,2,46,1
3,0.926,0,0,0,0,0,7,6,0,0,36,0
0,0.92,1,1,2,0,4,4,4,0,2,48,0
0,0.92,0,0,0,0,0,15,1,5,2,14,0
23,0.767,0,0,0,0,0,18,0,1,0,55,0
10,0.754,0,0,1,0,0,8,0,1,2,9,0
8,0.804,0,0,1,1,0,6,3,3,0,2,1
3,0.926,0,0,0,1,0,9,1,0,0,34,0
92,0.64,0,0,0,0,0,8,6,0,1,30,0
41,0.794,0,0,2,2,1,5,4,0,2,17,0
20,0.878,0,0,0,1,0,10,2,0,0,60,0
0,0.92,0,0,0,0,0,0,0,1,0,21,0
10,0.754,0,0,2,0,0,9,2,5,0,34,0
1,0.624,0,0,0,1,0,1,2,0,2,17,1
1,0.624,0,0,0,0,0,7,0,1,1,59,1
6,0.855,0,0,1,0,0,6,4,0,0,22,0
32,0.866,0,0,0,0,0,18,0,1,0,10,1
5,0.897,2,0,0,1,0,4,7,0,2,63,0
6,0.855,0,0,2,0,0,4,2,0,0,98,0
3,0.926,0,0,1,0,0,3,0,1,2,29,1
3,0.926,2,0,0,1,0,11,5,0,0,16,0
0,0.92,0,0,0,0,0,10,3,0,5,64,0
4,0.92,0,0,0,0,0,17,1,0,2,162,0
9,0.924,1,0,0,0,5,7,4,0,0,43,0
4,0.92,0,0,0,0,0,8,6,0,2,104,0
5,0.897,1,1,2,0,0,3,0,1,0,38,1
3,0.926,0,0,1,0,0,12,2,0,2,52,0
65,0.698,1,1,1,2,1,5,0,1,3,6,0
2,0.91,0,0,0,1,0,15,0,1,2,138,0
0,0.92,0,0,0,0,0,11,0,1,0,15,1
39,0.903,0,1,0,0,2,0,1,5,1,18,0
29,0.89,0,0,1,0,0,8,0,1,2,8,1
5,0.897,0,1,1,0,0,3,0,3,3,26,0
7,0.939,2,1,1,1,0,13,0,6,0,17,0
25,0.743,1,1,0,5,1,5,0,1,3,39,0
0,0.92,0,0,0,0,0,15,2,0,0,37,0
36,0.527,0,0,1,1,0,9,8,3,3,176,0
19,0.893,1,1,0,1,3,8,3,0,4,14,0
0,0.92,0,1,2,0,0,3,3,0,2,24,0
44,0.7759999999999999,0,0,3,0,0,1,1,1,0,98,0
0,0.92,0,0,0,0,0,0,3,0,1,101,0
5,0.897,0,0,0,1,0,4,4,1,0,8,0
0,0.92,1,0,0,1,0,3,3,0,0,50,0
3,0.926,0,0,0,1,0,18,2,0,1,19,0
3,0.926,1,0,2,2,1,9,5,0,0,102,0
4,0.92,0,0,0,0,0,10,2,0,5,3,0
48,0.698,1,1,0,3,1,14,0,1,6,17,0
19,0.893,0,0,0,2,1,10,1,0,0,25,0
4,0.92,0,1,1,0,0,1,0,1,0,78,1
65,0.698,0,0,0,1,0,12,6,0,2,16,0
8,0.804,0,0,0,1,0,16,8,0,2,67,0
23,0.767,1,1,3,2,1,1,0,1,0,32,1
1,0.624,0,0,1,0,0,2,2,0,2,43,0
3,0.926,0,0,0,1,0,0,1,0,1,4,0
15,0.913,2,1,0,0,3,3,0,1,1,99,1
6,0.855,0,0,0,1,0,10,1,0,3,141,0
0,0.92,1,1,1,0,0,13,0,1,0,20,1
52,0.698,0,0,0,0,0,6,3,0,3,139,0
2,0.91,0,0,2,0,0,16,5,0,0,167,0
4,0.92,1,1,0,0,0,17,0,1,1,108,0
38,0.895,0,0,0,4,0,0,1,0,0,22,0
11,0.887,0,0,0,0,3,12,6,0,0,64,0
12,0.884,0,0,0,1,0,10,7,0,1,116,0
2,0.91,0,0,0,1,0,18,5,3,1,18,0
23,0.767,0,0,0,0,0,21,3,0,1,34,1
0,0.92,0,1,1,2,1,1,4,3,0,17,1
6,0.855,1,1,0,0,0,0,0,0,0,14,0
1,0.624,0,0,0,1,0,13,2,0,0,133,1
55,0.848,0,0,0,2,1,7,4,4,5,76,0
14,0.698,1,1,1,0,0,13,0,1,3,34,0
0,0.92,0,0,0,1,0,0,3,0,0,7,0
4,0.92,0,0,0,0,0,0,0,1,3,14,1
1,0.624,1,0,0,1,0,3,2,0,0,9,1
0,0.92,1,1,1,0,0,5,5,0,0,138,0
40,0.949,0,1,0,2,1,5,0,0,3,12,0
12,0.884,0,0,0,1,0,2,7,3,2,41,0
0,0.92,0,1,0,1,2,12,0,3,0,45,1
0,0.92,1,1,1,0,3,6,0,1,0,110,1
38,0.895,0,1,1,1,2,13,0,1,0,13,1
39,0.903,0,1,0,4,0,0,5,3,1,54,0
4,0.92,0,0,0,0,0,10,7,0,0,15,0
1,0.624,0,1,0,0,2,5,0,1,2,43,1
5,0.897,0,0,2,0,0,3,6,0,0,29,0
55,0.848,0,0,0,0,0,3,6,0,0,28,0
10,0.754,1,1,0,0,3,12,0,1,0,63,1
2,0.91,1,1,2,0,0,14,0,1,3,35,0
10,0.754,0,0,0,2,1,2,4,0,2,64,0
11,0.887,1,0,0,2,1,4,2,0,0,61,0
0,0.92,0,1,1,0,0,1,5,5,5,6,0
0,0.92,0,0,0,0,2,11,4,0,1,34,0
58,0.698,1,0,0,1,0,9,7,0,5,52,0
25,0.743,0,1,0,1,0,0,3,0,1,192,0
11,0.887,0,0,0,0,0,11,5,0,4,67,0
0,0.92,1,1,1,0,0,4,0,1,0,117,1
1,0.624,0,0,0,0,0,5,0,1,0,122,1
28,0.6659999999999999,0,0,0,2,1,4,4,4,0,19,0
18,0.802,0,0,0,0,0,7,1,0,1,52,0
3,0.926,0,0,2,2,1,3,1,0,2,8,0
1,0.624,0,0,0,1,0,5,1,0,0,35,1
7,0.939,0,0,0,0,0,9,1,2,4,81,0
0,0.92,1,0,0,1,0,7,1,1,5,108,0
0,0.92,1,0,0,0,0,5,1,0,0,124,0
0,0.92,0,0,0,0,0,16,1,3,2,42,0
73,0.764,1,1,1,0,0,5,0,1,2,58,1
21,0.923,0,1,0,1,0,19,7,0,1,31,0
3,0.926,0,0,1,0,0,10,1,0,0,111,0
1,0.624,0,0,0,1,0,0,3,0,1,11,1
2,0.91,1,1,1,1,4,3,0,1,1,12,1
4,0.92,0,0,0,0,0,0,0,1,1,29,0
1,0.624,1,0,0,0,0,4,2,0,0,14,1
1,0.624,1,0,0,0,0,20,0,1,1,94,1
1,0.624,1,1,3,2,1,5,0,1,0,88,0
3,0.926,0,0,0,0,0,0,2,0,1,42,0
2,0.91,0,0,0,0,0,20,1,0,1,9,0
3,0.926,1,1,0,1,0,5,4,0,0,42,0
18,0.802,0,0,0,0,3,7,2,0,2,27,0
33,0.6890000000000001,0,0,1,1,0,18,1,5,1,105,0
0,0.92,0,0,0,0,0,12,6,0,0,68,0
6,0.855,0,0,0,1,0,16,2,0,2,10,0
25,0.743,1,0,2,1,0,5,6,0,0,58,0
19,0.893,0,0,0,0,4,0,2,0,1,25,0
8,0.804,0,0,0,0,0,12,6,2,0,6,0
4,0.92,1,0,1,0,0,20,0,1,2,24,1
3,0.926,1,0,1,1,0,1,6,4,0,24,0
10,0.754,0,0,0,0,0,16,4,0,0,37,1
1,0.624,2,1,0,0,0,3,3,0,0,43,1
0,0.92,0,0,0,0,2,0,5,5,1,74,0
0,0.92,0,1,0,3,1,2,0,0,3,34,0
27,0.682,1,0,0,0,0,4,0,1,0,53,1
3,0.926,0,1,0,2,1,5,0,1,0,48,0
0,0.92,0,0,0,0,0,7,5,0,4,50,0
28,0.6659999999999999,1,0,0,0,0,0,4,6,1,13,0
1,0.624,1,0,0,0,0,9,4,0,0,41,0
0,0.92,0,1,1,0,0,1,0,1,0,15,0
6,0.855,0,1,1,0,0,10,2,0,2,36,1
0,0.92,0,0,0,0,0,0,0,1,0,3,1
17,0.899,0,1,2,2,1,2,0,1,0,14,0
0,0.92,0,1,1,2,1,1,4,5,0,42,1
7,0.939,0,0,0,1,0,8,1,0,4,192,1
0,0.92,0,0,0,0,0,4,0,1,0,39,1
5,0.897,2,0,0,0,5,2,2,0,0,132,0
3,0.926,0,0,2,2,1,1,7,0,0,20,0
5,0.897,2,0,0,1,0,13,0,1,0,81,0
16,0.939,0,0,0,1,0,6,6,4,0,21,0
0,0.92,2,1,0,4,2,0,3,3,1,17,0
25,0.743,0,0,0,1,0,6,4,2,0,61,1
53,0.7659999999999999,0,0,0,0,0,2,2,0,2,152,0
69,0.847,0,0,0,0,0,12,6,0,0,33,0
4,0.92,2,1,1,0,0,3,7,0,2,61,0
5,0.897,0,0,0,0,2,0,5,0,4,6,0
39,0.903,1,0,0,1,0,11,0,0,0,49,0
20,0.878,0,0,0,3,1,21,8,0,1,36,0
2,0.91,0,0,2,0,0,5,2,0,2,160,0
32,0.866,1,0,1,0,0,3,4,4,0,80,0
1,0.624,0,1,1,2,1,3,0,1,3,62,0
22,0.8959999999999999,0,0,0,1,0,4,3,0,0,109,0
26,0.836,0,0,0,4,0,0,0,1,3,43,0
1,0.624,1,0,1,0,0,5,4,2,2,89,0
57,0.698,0,1,0,3,1,14,0,1,3,14,0
3,0.926,0,0,0,0,2,4,0,1,2,12,0
30,0.925,0,0,0,0,0,0,0,1,1,34,0
2,0.91,1,0,2,2,1,2,5,0,0,84,0
2,0.91,0,1,2,0,0,3,6,0,3,44,0
89,0.493,0,1,0,0,0,2,0,1,2,18,0
5,0.897,0,0,0,0,0,3,1,1,0,22,0
16,0.939,0,0,0,1,0,7,1,6,2,38,1
2,0.91,0,0,0,0,0,18,6,0,1,20,0
14,0.698,0,0,1,1,0,20,1,0,1,48,1
13,0.55,2,0,1,1,0,10,0,1,2,55,0
0,0.92,0,0,0,0,2,3,0,1,0,46,1
0,0.92,1,1,1,1,0,1,7,3,5,20,0
0,0.92,0,0,0,0,0,0,2,5,1,90,0
0,0.92,1,1,3,3,1,13,0,1,3,30,0
0,0.92,0,0,0,1,0,0,3,0,1,33,1
4,0.92,0,0,0,0,0,0,0,1,0,116,0
1,0.624,1,0,3,0,0,2,2,0,5,11,0
0,0.92,0,1,1,0,0,4,0,5,0,31,0
20,0.878,1,1,0,1,0,13,0,1,6,18,1
0,0.92,0,1,0,0,4,1,3,0,1,12,0
19,0.893,0,0,1,0,0,7,2,3,0,155,0
3,0.926,0,0,0,0,0,1,3,3,3,5,0
4,0.92,0,0,0,0,0,15,3,0,1,47,0
4,0.92,0,0,0,0,0,8,3,0,0,64,0
0,0.92,2,0,0,0,0,0,6,2,0,134,0
0,0.92,0,0,0,0,0,9,3,0,4,113,1
1,0.624,0,0,0,0,0,0,0,1,1,98,0
1,0.624,1,0,0,1,0,14,1,0,5,51,1
0,0.92,2,0,0,0,0,6,7,1,0,3,0
0,0.92,0,0,0,0,0,3,1,0,0,16,0
0,0.92,0,0,0,0,0,12,2,3,2,60,0
2,0.91,0,0,0,0,2,0,3,3,0,20,0
0,0.92,1,1,1,2,1,3,0,1,0,40,1
1,0.624,1,0,0,1,0,1,3,0,0,69,0
38,0.895,0,0,0,1,6,18,1,4,1,52,0
1,0.624,0,0,0,0,0,16,2,2,0,84,1
5,0.897,1,0,1,1,0,9,3,0,2,260,0
2,0.91,0,1,1,2,1,3,0,1,3,51,0
10,0.754,1,1,0,5,1,5,0,0,3,102,0
3,0.926,0,0,0,1,0,1,1,2,6,12,0
0,0.92,0,1,0,3,1,1,0,1,3,31,0
5,0.897,1,0,0,1,0,7,2,0,5,35,0
7,0.939,2,0,0,1,3,7,5,0,0,40,0
20,0.878,0,1,1,0,0,2,0,3,0,124,1
57,0.698,1,1,1,0,0,5,0,0,3,28,1
2,0.91,0,0,0,0,0,0,1,0,1,105,0
20,0.878,0,0,0,1,0,0,0,1,6,45,0
0,0.92,3,0,0,1,0,0,0,1,5,107,1
59,0.74,0,0,0,0,0,18,1,2,2,54,0
12,0.884,0,0,0,1,0,11,2,2,0,167,0
0,0.92,0,0,0,0,0,15,5,0,0,54,0
36,0.527,1,1,1,0,0,14,0,1,0,19,1
29,0.89,0,0,1,0,0,8,1,0,1,90,0
2,0.91,0,0,0,1,0,0,3,0,2,78,0
16,0.939,0,1,1,0,0,6,0,1,2,31,1
6,0.855,0,0,0,0,0,14,0,1,0,41,0
2,0.91,0,0,0,1,0,15,0,3,1,31,0
25,0.743,0,0,0,0,0,1,6,4,0,8,0
4,0.92,1,1,1,2,1,5,0,1,0,143,1
22,0.8959999999999999,0,0,0,2,1,12,0,0,0,14,0
4,0.92,0,0,0,0,0,19,0,1,2,96,1
4,0.92,0,1,1,2,1,8,0,1,4,44,1
0,0.92,1,1,0,1,0,0,2,0,4,125,1
28,0.6659999999999999,0,0,0,0,6,1,1,0,5,26,0
56,0.691,0,1,0,0,0,7,3,0,0,32,0
45,0.925,1,0,0,0,0,8,2,0,1,24,1
39,0.903,0,0,0,0,0,0,2,0,2,89,0
2,0.91,0,1,3,3,1,3,0,1,3,84,0
20,0.878,0,1,0,1,2,0,5,3,5,51,0
4,0.92,0,0,1,0,0,3,8,0,0,114,0
0,0.92,0,0,0,0,0,0,5,3,1,33,0
1,0.624,1,0,0,0,0,5,4,0,2,80,1
3,0.926,2,0,0,1,2,8,0,1,0,44,0
9,0.924,2,0,0,1,2,5,1,2,0,28,0
0,0.92,2,0,0,0,0,9,5,0,4,84,0
0,0.92,3,1,0,3,1,2,0,1,0,176,0
1,0.624,1,1,0,1,0,14,2,5,0,156,1
1,0.624,2,0,0,1,0,1,3,0,2,65,1
30,0.925,0,0,2,0,5,3,7,0,0,40,0
15,0.913,0,0,0,1,0,11,1,0,0,67,0
6,0.855,0,0,0,0,0,9,1,2,1,23,0
33,0.6890000000000001,0,0,0,0,0,1,1,0,0,12,0
76,0.769,0,1,0,0,0,11,0,1,2,18,1
7,0.939,0,0,0,0,0,11,0,1,2,18,1
33,0.6890000000000001,2,1,0,0,0,3,2,3,0,72,0
18,0.802,0,1,3,4,0,2,0,1,0,57,0
12,0.884,1,0,0,0,0,1,1,1,0,21,0
15,0.913,0,0,0,0,0,7,1,2,0,65,0
21,0.923,2,0,0,0,2,20,0,1,0,13,1
34,0.915,1,0,0,0,0,4,1,0,0,74,0
0,0.92,1,1,0,0,0,20,3,0,1,32,0
10,0.754,1,0,2,0,0,3,1,0,1,39,0
1,0.624,0,0,0,0,4,4,6,0,2,15,1
2,0.91,0,0,0,0,0,20,1,0,1,39,0
6,0.855,0,0,0,0,0,7,0,1,4,108,0
0,0.92,2,1,1,1,0,16,3,3,2,155,0
71,0.698,0,1,0,0,0,3,0,1,0,19,1
2,0.91,0,1,1,0,6,0,1,5,1,44,0
1,0.624,0,0,0,0,0,6,3,0,0,109,0
2,0.91,0,1,0,0,2,9,1,0,0,182,0
7,0.939,0,0,0,0,0,4,0,0,1,41,0
12,0.884,0,0,0,1,0,3,6,0,0,56,0
1,0.624,0,0,0,1,0,8,0,1,4,17,1
4,0.92,0,0,0,0,2,3,4,4,0,30,0
12,0.884,0,0,0,0,0,9,2,3,5,52,0
0,0.92,0,0,1,0,0,4,7,0,2,4,0
48,0.698,0,1,1,2,1,1,2,0,0,46,0
28,0.6659999999999999,0,0,0,0,0,12,4,0,0,39,0
45,0.925,0,1,1,0,2,5,0,1,0,68,0
57,0.698,2,1,1,5,1,14,0,0,3,37,1
4,0.92,0,0,0,0,0,0,4,0,0,138,0
38,0.895,1,0,0,0,0,0,1,0,0,14,0
71,0.698,0,0,0,0,0,1,0,1,1,112,1
0,0.92,0,0,0,0,5,13,7,1,0,154,0
5,0.897,0,0,0,1,0,11,1,0,2,12,0
50,0.727,1,1,0,0,0,10,2,2,5,18,0
13,0.55,0,0,0,0,0,6,6,0,0,12,1
0,0.92,1,0,0,0,0,8,2,0,1,80,0
20,0.878,1,1,2,1,0,0,7,5,3,6,0
2,0.91,0,1,2,0,0,16,0,1,2,111,1
3,0.926,1,1,0,0,2,0,2,0,2,50,0
1,0.624,0,0,1,0,0,4,4,0,1,39,1
5,0.897,0,0,0,0,0,18,7,0,0,18,0
2,0.91,0,0,0,0,0,9,1,0,0,24,0
18,0.802,1,0,0,2,1,11,0,1,0,85,0
44,0.7759999999999999,0,1,1,0,0,1,0,1,0,330,0
0,0.92,0,1,1,0,0,1,0,1,0,16,0
0,0.92,0,0,0,0,0,20,6,0,2,81,0
3,0.926,0,1,0,2,1,2,0,1,3,29,0
2,0.91,0,1,0,0,0,15,3,3,2,15,0
3,0.926,0,0,0,0,5,0,2,2,2,26,0
17,0.899,0,0,1,2,1,9,4,0,4,63,0
1,0.624,0,0,0,1,0,1,2,0,0,15,1
0,0.92,2,1,2,0,0,3,0,1,3,45,0
0,0.92,0,1,0,1,0,8,0,1,0,198,1
58,0.698,1,1,0,3,1,13,0,0,3,68,0
2,0.91,0,0,0,0,0,0,5,3,1,23,0
28,0.6659999999999999,3,0,0,2,1,0,6,0,3,76,0
4,0.92,0,0,0,0,0,15,1,2,0,34,0
0,0.92,0,0,0,0,0,19,6,0,1,87,0
1,0.624,0,1,1,1,6,3,0,1,3,70,1
1,0.624,0,0,0,0,0,4,2,2,0,11,1
26,0.836,0,0,0,1,0,16,5,0,2,40,0
13,0.55,0,1,1,2,1,1,0,1,3,153,0
3,0.926,0,0,0,0,0,3,7,0,0,62,0
5,0.897,0,0,0,1,0,1,0,1,1,8,0
2,0.91,0,0,0,0,0,0,0,1,1,27,0
22,0.8959999999999999,0,0,0,1,0,12,7,0,0,76,0
24,0.762,0,0,0,0,0,4,3,0,0,45,0
33,0.6890000000000001,0,1,1,2,1,5,0,1,3,12,0
82,0.856,0,0,0,1,0,11,2,0,2,94,0
7,0.939,0,0,0,1,0,19,3,0,0,332,0
1,0.624,0,1,1,0,0,2,0,1,2,50,1
2,0.91,0,0,1,0,0,18,3,0,4,61,0
0,0.92,0,1,0,5,1,2,0,1,3,17,0
0,0.92,0,0,0,0,0,0,2,3,0,107,1
91,0.563,0,1,1,0,0,1,8,0,0,119,1
13,0.55,1,1,1,1,0,13,6,0,0,42,0
27,0.682,2,0,0,0,0,6,8,0,0,23,1
4,0.92,0,0,0,0,0,17,1,0,5,36,0
1,0.624,0,0,0,1,0,9,7,0,5,108,0
0,0.92,0,0,0,0,4,4,0,1,1,88,0
2,0.91,0,0,0,4,0,0,3,0,1,56,0
1,0.624,0,0,2,1,0,3,2,0,2,25,0
14,0.698,0,0,1,1,0,20,1,0,1,6,0
43,0.5579999999999999,0,0,0,0,0,3,1,4,0,57,1
0,0.92,0,0,0,0,0,0,5,0,1,6,0
4,0.92,0,0,0,0,0,9,0,1,2,20,1
15,0.913,0,1,1,0,3,13,0,1,0,112,0
3,0.926,0,1,0,3,1,3,0,1,3,47,0
0,0.92,0,1,1,0,5,5,0,1,0,48,0
65,0.698,1,1,0,0,2,5,8,3,0,96,1
14,0.698,0,0,1,0,0,6,0,1,2,14,0
5,0.897,0,1,2,0,0,2,2,0,0,123,0
17,0.899,2,0,0,1,0,10,2,1,4,76,0
2,0.91,0,0,2,2,1,12,0,1,0,15,1
1,0.624,0,0,0,0,0,8,0,1,3,133,1
0,0.92,0,0,0,0,0,6,8,0,0,71,0
12,0.884,0,1,1,0,0,2,0,1,0,64,1
11,0.887,1,0,0,0,0,0,7,0,3,54,0
1,0.624,0,1,0,2,1,2,0,1,3,70,0
3,0.926,2,0,0,0,3,2,1,0,0,57,0
15,0.913,0,0,0,0,0,0,5,0,1,64,0
6,0.855,0,0,1,0,0,7,6,4,0,48,0
3,0.926,0,1,1,2,1,5,0,1,0,5,0
29,0.89,0,0,0,1,0,0,1,0,0,35,0
50,0.727,0,0,0,0,0,7,4,0,2,113,0
2,0.91,2,0,0,0,0,1,2,5,0,41,0
0,0.92,1,0,0,0,0,21,1,0,0,66,0
43,0.5579999999999999,1,0,0,0,0,1,2,0,0,15,1
0,0.92,0,1,1,2,1,4,1,5,4,27,0
8,0.804,1,0,0,0,0,15,6,0,1,258,0
42,0.738,1,1,3,0,0,13,0,0,3,110,0
66,0.647,1,0,0,0,0,16,0,1,5,133,0
0,0.92,2,0,0,0,2,4,0,1,0,280,0
1,0.624,0,0,0,0,0,10,5,0,1,56,0
80,0.725,2,1,0,1,0,8,1,0,2,52,0
0,0.92,0,0,0,0,0,0,6,2,0,10,0
37,0.8270000000000001,0,0,2,2,1,3,2,5,1,116,0
28,0.6659999999999999,1,1,0,0,0,5,4,0,2,68,0
93,0.516,0,0,0,0,0,5,0,1,2,22,1
0,0.92,0,0,0,0,0,17,8,0,1,11,0
1,0.624,0,0,0,0,0,0,6,0,1,31,0
1,0.624,2,1,0,1,0,17,5,0,1,56,1
2,0.91,1,0,0,3,1,7,2,0,2,38,0
6,0.855,3,1,0,0,4,20,5,0,1,48,0
0,0.92,0,0,0,0,0,0,3,0,1,53,0
18,0.802,1,1,1,0,0,5,0,1,3,43,0
11,0.887,1,1,0,0,1,14,0,1,3,56,1
5,0.897,0,0,0,1,0,3,0,1,2,28,0
19,0.893,0,0,0,1,0,15,1,0,1,17,0
3,0.926,0,0,0,3,1,0,1,0,5,18,0
13,0.55,0,0,0,0,0,9,0,1,0,11,0
7,0.939,0,0,0,0,0,0,0,1,1,103,0
2,0.91,0,0,0,0,0,20,2,0,1,41,0
32,0.866,1,0,0,1,0,7,1,4,0,141,0
20,0.878,0,0,0,1,0,9,2,5,0,30,0
30,0.925,0,1,0,4,0,19,2,3,1,66,0
26,0.836,0,0,0,0,6,18,7,0,0,32,0
2,0.91,0,0,0,0,6,0,2,0,0,34,0
6,0.855,0,0,0,0,0,10,0,1,0,24,0
3,0.926,0,1,2,0,0,5,6,1,3,184,0
0,0.92,0,0,0,0,0,12,0,1,1,192,0
1,0.624,1,1,0,0,0,6,3,0,0,9,1
0,0.92,1,0,0,0,5,7,1,5,2,188,0
5,0.897,0,1,1,0,0,3,0,1,3,54,0
13,0.55,0,0,0,0,0,2,2,0,3,25,0
5,0.897,0,0,2,0,0,2,3,0,0,42,0
0,0.92,0,0,0,0,0,5,0,1,0,10,1
6,0.855,2,1,0,1,2,5,0,1,3,111,0
2,0.91,0,0,0,0,2,1,4,0,2,49,0
5,0.897,0,0,0,0,0,0,1,0,1,156,0
36,0.527,1,0,0,1,0,1,7,0,0,46,1
0,0.92,0,0,0,0,0,0,0,1,1,51,1
12,0.884,0,0,0,0,0,6,6,2,0,200,0
5,0.897,1,0,0,1,0,0,6,4,0,74,0
21,0.923,0,0,0,1,0,10,2,0,4,24,0
6,0.855,0,0,0,4,0,16,0,1,0,45,0
7,0.939,0,1,0,1,0,10,3,0,1,52,0
5,0.897,1,0,0,1,0,4,3,0,3,126,0
1,0.624,1,1,1,0,0,14,0,1,0,13,1
4,0.92,0,1,1,0,0,2,0,1,2,39,1
12,0.884,1,0,1,0,0,11,1,0,0,10,0
1,0.624,0,0,3,1,0,9,0,1,2,68,1
8,0.804,1,0,0,1,0,3,0,0,0,11,0
9,0.924,0,1,2,0,0,2,0,1,0,35,0
31,0.579,0,0,0,0,0,3,2,2,5,136,0
0,0.92,0,0,2,0,0,6,5,0,0,50,0
4,0.92,0,0,0,0,0,4,1,0,2,12,0
38,0.895,0,0,0,1,0,10,2,3,0,4,0
7,0.939,0,0,0,0,0,0,4,0,0,22,0
1,0.624,1,1,1,0,0,5,0,1,3,314,0
5,0.897,2,0,0,1,0,7,4,0,4,180,0
0,0.92,0,0,0,0,0,16,2,1,0,75,1
3,0.926,1,1,0,1,0,12,5,0,2,23,0
11,0.887,0,0,0,0,0,17,4,1,0,222,1
0,0.92,0,0,0,0,3,3,6,0,2,74,0
12,0.884,1,0,0,0,0,4,4,4,0,89,0
6,0.855,1,0,0,2,1,4,5,0,0,105,0
4,0.92,0,0,0,0,0,0,0,1,1,64,1
0,0.92,1,0,0,1,0,0,7,0,2,146,0
0,0.92,0,0,1,0,0,1,8,3,0,111,0
2,0.91,1,1,1,2,1,13,3,0,0,23,1
0,0.92,0,0,0,0,0,12,3,0,0,46,0
11,0.887,0,0,0,2,1,0,0,1,0,83,1
0,0.92,0,1,1,2,1,4,0,1,0,196,0
13,0.55,0,1,1,0,0,2,0,1,0,43,0
3,0.926,0,0,0,1,3,18,4,0,0,26,0
0,0.92,0,1,0,4,0,12,5,0,0,15,0
23,0.767,0,1,1,2,1,3,0,1,3,49,0
1,0.624,1,0,1,1,0,2,5,0,6,64,1
32,0.866,0,0,1,0,0,8,6,0,5,44,0
0,0.92,0,0,0,0,0,0,5,0,1,16,0
1,0.624,0,0,0,0,0,13,4,0,0,158,1
1,0.624,1,0,0,0,0,3,4,3,0,7,1
0,0.92,0,0,0,0,0,0,0,1,1,88,1
0,0.92,0,0,0,0,0,0,0,1,1,21,0
20,0.878,0,0,0,0,0,0,0,1,1,77,0
2,0.91,1,1,1,0,0,5,3,0,3,58,0
1,0.624,0,0,0,0,0,2,1,4,0,100,0
0,0.92,0,0,0,0,0,18,0,5,2,12,0
12,0.884,0,0,0,1,0,12,1,0,1,10,0
4,0.92,0,1,1,2,1,6,2,0,0,55,0
71,0.698,0,0,3,2,1,3,0,1,0,22,1
1,0.624,1,0,0,0,0,6,2,2,0,11,1
23,0.767,0,1,1,0,0,13,0,1,0,54,0
1,0.624,0,0,1,1,0,6,5,0,0,15,1
6,0.855,0,0,0,1,0,16,0,1,4,42,0
1,0.624,0,0,0,0,0,3,1,4,5,6,0
7,0.939,0,0,0,0,0,0,2,0,1,39,0
6,0.855,1,0,0,1,0,3,0,1,0,15,0
4,0.92,0,0,1,2,1,4,0,1,0,118,1
6,0.855,1,0,0,1,3,1,5,0,5,23,0
54,0.8270000000000001,1,0,0,0,0,17,6,0,0,206,0
16,0.939,0,0,0,1,0,8,7,0,0,46,0
7,0.939,0,0,0,0,4,0,7,0,3,55,0
0,0.92,0,1,0,0,0,0,7,0,0,9,0
23,0.767,0,0,1,1,0,0,0,3,1,30,0
40,0.949,0,1,0,1,6,0,8,3,5,22,0
0,0.92,1,1,1,0,0,7,0,3,3,45,1
1,0.624,0,0,0,0,0,2,6,6,2,12,1
8,0.804,1,1,1,0,0,6,0,1,3,5,1
28,0.6659999999999999,0,0,0,0,0,2,1,0,3,65,0
16,0.939,1,0,0,0,0,0,5,0,0,89,0
11,0.887,1,0,0,1,0,19,5,0,6,104,1
2,0.91,0,0,0,0,0,0,2,0,4,42,0
2,0.91,0,0,0,0,0,6,1,1,1,30,0
32,0.866,1,1,0,2,1,5,7,0,3,148,0
18,0.802,0,0,2,0,6,8,3,0,0,13,0
1,0.624,0,1,1,0,0,4,0,1,3,161,1
14,0.698,1,0,0,1,0,12,0,1,1,88,1
0,0.92,0,0,2,0,0,0,8,0,1,47,0
8,0.804,0,1,0,1,4,6,1,0,0,20,0
4,0.92,0,0,0,0,0,11,2,0,2,190,0
1,0.624,0,0,0,0,0,9,3,0,0,48,1
1,0.624,0,0,0,0,0,2,4,4,2,42,0
88,0.794,1,1,1,1,0,10,5,0,0,33,0
10,0.754,0,0,0,0,0,19,0,1,1,80,0
1,0.624,0,1,0,2,1,1,0,1,3,51,1
1,0.624,1,1,1,0,0,14,0,1,3,30,0
6,0.855,0,0,0,0,0,7,1,0,5,138,0
5,0.897,0,0,0,1,0,17,7,0,1,31,0
7,0.939,0,0,0,0,0,21,5,0,1,26,0
1,0.624,1,1,3,0,0,2,0,1,3,7,0
0,0.92,1,0,0,1,0,12,6,4,5,85,0
0,0.92,0,1,0,2,1,3,0,1,0,33,0
0,0.92,0,0,0,0,0,9,2,0,5,12,0
10,0.754,3,1,0,0,0,14,0,1,3,7,0
1,0.624,0,0,0,0,0,6,6,1,3,56,0
24,0.762,0,0,0,0,0,15,1,0,0,16,0
0,0.92,0,0,0,0,0,1,1,0,0,56,0
0,0.92,2,0,0,0,0,11,2,5,0,15,0
3,0.926,0,0,0,1,0,0,1,1,1,9,0
3,0.926,0,1,0,1,2,11,1,0,5,90,0
2,0.91,0,0,0,0,0,3,4,0,0,43,0
9,0.924,1,1,0,4,0,0,1,0,6,27,0
1,0.624,1,0,0,0,0,3,7,0,2,20,1
13,0.55,0,1,1,0,0,5,0,1,3,10,1
64,0.479,1,0,1,3,1,0,6,3,1,19,1
1,0.624,0,0,0,0,0,9,7,0,0,37,0
1,0.624,1,0,0,0,0,17,8,0,4,38,0
84,0.556,1,1,0,0,0,4,4,3,0,46,1
3,0.926,0,0,0,1,0,10,3,0,0,3,0
6,0.855,0,1,1,1,0,18,0,1,2,18,0
5,0.897,0,0,1,1,0,14,0,1,2,14,0
0,0.92,0,0,0,0,0,0,3,0,1,30,0
1,0.624,0,0,0,0,4,12,0,1,1,182,0
0,0.92,2,0,0,1,2,11,1,3,0,26,0
0,0.92,2,1,0,0,0,9,4,1,0,15,0
83,0.847,1,0,1,3,1,1,3,0,1,35,0
0,0.92,1,0,3,3,1,0,0,1,6,21,0
3,0.926,0,0,2,0,0,12,3,0,1,98,0
0,0.92,0,0,0,0,0,7,8,0,0,118,0
56,0.691,0,0,0,1,0,7,0,1,2,20,0
7,0.939,1,0,0,0,0,0,1,4,2,148,0
107,0.78,1,0,0,0,0,0,1,0,0,138,0
0,0.92,0,1,0,5,1,1,0,1,3,20,0
28,0.6659999999999999,1,1,0,0,6,8,1,0,3,108,0
0,0.92,1,0,0,0,4,5,8,0,0,148,0
0,0.92,0,1,1,0,0,16,0,1,0,12,0
2,0.91,0,1,1,1,0,10,0,1,5,83,1
3,0.926,1,0,2,0,0,7,4,4,0,4,0
37,0.8270000000000001,0,1,1,2,1,12,0,1,2,7,0
1,0.624,0,0,0,0,0,3,2,0,2,26,1
0,0.92,1,1,1,0,0,3,6,3,0,23,0
0,0.92,0,0,0,0,0,0,0,1,1,9,0
11,0.887,0,0,2,2,1,13,7,0,0,166,0
0,0.92,0,0,0,0,0,4,4,0,4,23,1
16,0.939,0,0,0,2,1,4,3,0,0,48,0
2,0.91,2,0,0,0,0,0,3,6,0,43,0
0,0.92,0,0,0,0,0,0,8,0,1,165,0
52,0.698,2,1,0,1,0,6,7,5,0,12,0
5,0.897,0,0,0,4,0,0,3,0,1,52,0
2,0.91,1,1,0,2,1,13,0,1,3,9,0
0,0.92,0,0,0,0,0,4,5,3,0,18,0
0,0.92,0,0,0,0,0,6,3,0,0,77,0
1,0.624,2,0,0,0,0,3,0,4,3,48,1
0,0.92,0,1,0,0,0,15,5,6,1,56,0
1,0.624,1,1,3,0,0,14,0,1,3,55,0
1,0.624,0,0,0,0,0,5,0,1,0,6,1
1,0.624,0,1,2,0,0,5,4,4,2,20,0
12,0.884,0,0,0,0,6,0,0,1,1,108,0
0,0.92,0,0,0,0,2,13,2,5,0,81,0
3,0.926,0,0,1,0,0,17,0,1,1,3,0
0,0.92,0,1,0,0,0,0,0,1,0,76,1
1,0.624,0,1,1,2,1,1,0,1,3,165,0
0,0.92,0,0,0,0,0,21,0,1,0,24,1
48,0.698,0,0,0,0,0,4,0,1,2,9,0
2,0.91,2,0,0,0,0,0,1,1,0,166,0
0,0.92,1,1,0,0,0,8,0,1,0,44,0
19,0.893,0,0,0,0,0,17,1,0,0,50,1
5,0.897,0,0,2,0,0,4,2,5,0,11,0
60,0.83,0,0,0,0,0,9,1,0,0,162,0
1,0.624,0,1,0,1,0,10,8,0,1,46,1
12,0.884,0,1,1,0,0,5,0,1,0,20,0
0,0.92,1,0,0,2,1,0,0,1,1,33,0
0,0.92,0,0,1,0,0,12,2,5,0,47,0
1,0.624,0,0,1,0,0,1,1,0,2,32,1
0,0.92,0,0,0,1,0,0,2,2,1,90,0
0,0.92,1,0,0,0,0,4,1,2,0,24,0
1,0.624,0,0,1,0,0,13,4,0,3,21,1
2,0.91,0,0,0,0,0,6,4,0,5,33,1
0,0.92,0,0,0,0,0,0,2,2,5,54,0
1,0.624,0,0,0,0,0,4,3,0,2,21,0
0,0.92,0,0,0,0,0,0,0,1,1,6,1
71,0.698,2,0,0,0,0,8,1,0,0,88,0
0,0.92,0,0,2,1,0,3,5,0,2,28,0
14,0.698,0,1,1,0,0,3,0,1,0,117,0
49,0.789,2,1,1,4,0,19,0,5,1,7,0
0,0.92,2,0,0,0,0,8,7,0,2,112,0
1,0.624,0,0,0,0,0,3,4,4,0,158,0
1,0.624,1,0,0,0,0,13,8,0,0,68,1
0,0.92,1,0,1,1,0,4,1,0,2,28,0
30,0.925,0,0,0,1,2,12,7,3,4,112,0
0,0.92,2,0,0,0,2,2,1,2,0,162,0
11,0.887,0,1,2,0,0,1,0,1,5,54,0
7,0.939,0,0,0,1,0,13,6,2,0,53,1
88,0.794,1,1,1,0,0,6,0,1,0,77,1
22,0.8959999999999999,0,1,1,1,0,6,1,3,0,54,0
0,0.92,1,0,0,0,0,5,0,1,0,39,1
1,0.624,1,0,0,0,0,11,2,0,2,106,1
6,0.855,2,0,0,1,0,8,2,0,2,42,1
2,0.91,0,0,0,0,0,8,3,0,0,56,0
24,0.762,0,1,0,0,0,5,2,2,2,192,0
15,0.913,0,0,0,0,0,16,4,0,0,58,0
17,0.899,1,0,0,0,0,7,2,0,0,44,0
35,0.843,0,0,0,1,0,8,4,0,5,86,0
0,0.92,0,0,0,1,0,0,8,0,1,36,0
7,0.939,1,0,0,0,2,0,2,0,0,64,0
12,0.884,1,0,0,0,0,0,0,1,1,53,0
1,0.624,0,0,1,1,0,8,1,0,0,60,1
19,0.893,1,1,0,2,1,22,0,1,3,44,0
6,0.855,1,1,1,0,0,1,0,1,3,158,0
0,0.92,0,0,0,0,0,9,1,0,2,17,0
91,0.563,1,1,2,0,0,5,1,0,0,140,1
4,0.92,0,0,0,0,0,0,0,1,1,25,1
19,0.893,0,1,0,5,1,2,0,1,3,17,0
27,0.682,1,0,0,0,0,3,6,4,0,32,0
0,0.92,0,0,1,0,0,3,5,0,0,17,0
0,0.92,0,0,0,1,2,0,4,0,1,63,0
1,0.624,0,0,0,1,0,10,1,2,0,24,1
5,0.897,0,0,2,1,0,4,1,0,4,16,0
4,0.92,0,0,0,1,0,0,8,0,0,64,0
60,0.83,0,0,0,0,0,16,8,0,1,106,0
1,0.624,0,0,0,3,1,6,0,1,0,272,1
16,0.939,0,0,0,0,0,0,3,0,1,91,0
0,0.92,0,0,0,0,0,4,3,0,0,70,0
1,0.624,0,0,0,1,0,4,6,0,4,34,1
7,0.939,0,0,0,0,0,0,2,0,5,40,0
13,0.55,0,0,1,0,0,2,4,0,0,26,1
72,0.865,0,0,0,0,0,8,1,0,2,152,1
5,0.897,1,0,0,1,0,10,3,0,4,96,0
1,0.624,0,0,0,1,0,1,1,0,2,107,0
0,0.92,2,0,0,0,2,2,2,2,5,162,0
83,0.847,0,1,2,0,0,2,1,0,3,19,0
37,0.8270000000000001,0,0,0,2,1,18,5,0,0,50,0
1,0.624,1,0,0,0,0,1,0,1,4,56,0
1,0.624,0,0,1,1,0,3,0,1,0,70,1
2,0.91,0,1,0,1,0,0,3,1,2,15,0
3,0.926,0,0,0,1,0,10,7,0,0,46,0
1,0.624,0,1,1,2,1,9,0,1,3,111,0
7,0.939,0,0,0,1,0,0,1,0,2,163,0
7,0.939,0,0,0,0,0,5,0,1,0,32,1
9,0.924,0,0,0,0,0,10,1,0,1,77,0
1,0.624,0,1,1,2,1,4,0,1,0,9,1
20,0.878,0,0,1,0,0,6,4,0,0,37,1
25,0.743,0,1,0,0,0,0,0,1,1,7,0
4,0.92,1,1,1,2,1,3,0,1,2,53,1
1,0.624,0,0,0,1,0,4,4,0,0,8,1
1,0.624,1,1,1,0,0,8,0,1,3,63,1
20,0.878,0,1,1,0,0,15,0,1,3,139,0
11,0.887,1,1,1,2,1,2,0,1,3,10,0
1,0.624,0,0,2,0,0,4,6,0,3,236,0
1,0.624,1,0,0,1,0,1,6,1,2,44,0
2,0.91,0,1,0,0,0,0,0,1,1,23,0
4,0.92,0,0,0,0,0,0,0,1,3,67,0
1,0.624,0,0,0,0,0,3,2,0,0,42,0
3,0.926,0,0,0,0,0,0,4,0,2,90,0
41,0.794,2,1,0,0,4,14,0,1,0,12,1
3,0.926,0,1,2,2,1,2,0,1,3,59,0
12,0.884,0,0,0,1,0,19,8,0,2,46,0
1,0.624,0,0,0,0,0,5,1,0,2,316,0
5,0.897,1,1,1,0,0,4,0,1,3,320,0
0,0.92,1,0,0,0,0,9,1,1,1,25,0
31,0.579,0,1,2,2,1,3,0,0,3,65,0
3,0.926,0,1,1,0,0,4,1,0,0,162,0
1,0.624,0,0,0,0,0,3,2,0,0,78,0
0,0.92,0,0,0,0,0,21,3,0,2,48,0
1,0.624,0,0,1,1,0,13,1,0,0,50,1
12,0.884,1,1,3,2,1,11,0,1,3,232,0
1,0.624,0,1,2,3,1,5,1,0,0,304,0
73,0.764,0,0,0,1,0,2,2,0,0,62,0
4,0.92,1,1,0,2,1,4,4,0,2,70,0
0,0.92,0,1,0,0,0,3,5,5,0,34,0
0,0.92,0,0,0,0,0,0,8,0,5,7,0
97,0.742,0,0,0,0,4,2,4,0,0,188,0
6,0.855,0,0,1,0,0,4,1,0,2,12,0
6,0.855,0,0,0,0,0,9,1,0,0,210,0
2,0.91,0,1,1,2,1,4,0,1,3,20,0
4,0.92,0,0,0,0,0,8,2,0,5,43,0
2,0.91,0,0,0,0,0,7,1,0,1,216,0
11,0.887,2,0,0,0,0,16,4,0,0,100,0
17,0.899,0,1,2,0,0,1,3,0,5,5,0
10,0.754,2,0,2,0,0,1,4,0,5,49,0
11,0.887,0,0,0,1,0,7,2,0,4,67,1
2,0.91,0,0,0,0,0,0,0,1,0,56,1
57,0.698,0,0,1,5,1,6,2,3,2,7,0
0,0.92,1,1,0,1,3,21,0,1,2,30,1
0,0.92,0,1,3,0,0,1,0,1,3,178,1
10,0.754,0,0,2,0,0,2,4,0,0,96,0
7,0.939,2,0,0,0,3,8,1,0,0,51,0
0,0.92,0,0,0,0,0,6,0,1,1,86,0
2,0.91,0,0,0,1,0,0,6,4,0,55,0
0,0.92,0,0,0,0,0,0,2,5,1,11,0
3,0.926,0,1,1,2,1,3,0,1,3,29,0
75,0.698,0,1,1,2,1,9,0,1,3,39,0
2,0.91,0,1,0,0,0,0,2,1,2,100,0
5,0.897,1,1,0,2,1,9,0,1,6,18,0
15,0.913,0,0,0,1,0,0,0,1,0,75,0
0,0.92,0,1,0,0,0,3,0,3,3,107,0
31,0.579,1,0,0,0,0,8,0,1,0,2,0
37,0.8270000000000001,0,0,0,0,0,6,2,0,0,10,0
107,0.78,0,0,0,0,0,11,1,0,0,178,0
18,0.802,0,0,1,0,0,8,1,0,0,33,0
1,0.624,1,0,0,0,0,6,3,0,0,8,1
0,0.92,0,0,0,0,0,20,3,0,1,28,0
55,0.848,1,0,0,0,0,8,1,0,0,38,0
9,0.924,1,1,1,0,0,14,0,1,0,25,0
2,0.91,0,0,0,0,0,11,2,0,2,12,0
2,0.91,0,0,0,0,0,0,1,0,0,54,0
0,0.92,0,0,0,0,0,4,1,0,0,83,0
0,0.92,1,0,2,0,0,15,5,5,0,152,0
3,0.926,0,0,0,1,0,7,4,4,0,254,0
31,0.579,0,0,0,0,0,4,1,0,4,27,1
2,0.91,0,0,0,0,0,0,8,0,0,166,0
1,0.624,1,0,0,0,0,2,1,1,6,19,1
49,0.789,0,1,1,0,0,4,0,0,3,25,0
7,0.939,0,0,0,4,0,0,2,0,1,57,0
94,0.898,1,0,0,0,0,0,1,0,1,146,0
4,0.92,1,0,0,0,4,8,0,1,3,34,0
1,0.624,0,0,0,0,0,7,5,0,5,58,0
2,0.91,0,1,0,0,0,0,1,2,0,89,0
11,0.887,1,1,1,0,0,2,0,1,0,20,0
20,0.878,0,0,1,2,1,3,6,0,0,45,0
3,0.926,0,0,0,0,3,19,6,2,0,130,0
100,0.698,0,0,0,0,0,3,4,0,0,12,0
0,0.92,0,0,0,0,0,10,8,6,1,53,0
1,0.624,1,1,0,0,6,11,0,1,3,66,0
12,0.884,0,0,2,0,0,0,0,1,2,6,1
0,0.92,0,0,0,0,0,18,3,0,1,163,0
2,0.91,0,1,0,0,0,3,3,0,0,78,1
8,0.804,0,0,0,1,0,4,7,0,0,41,0
7,0.939,0,0,0,0,0,10,1,0,1,46,0
1,0.624,0,1,1,2,1,1,0,1,0,222,1
1,0.624,1,0,0,0,0,20,0,1,2,25,0
0,0.92,0,0,0,0,4,10,1,0,5,117,0
28,0.6659999999999999,0,0,0,0,0,7,2,0,1,33,0
0,0.92,0,0,1,0,0,17,0,1,0,74,0
6,0.855,0,0,1,0,0,9,1,0,0,11,1
34,0.915,0,0,0,0,0,0,0,1,0,75,0
0,0.92,0,0,0,1,0,20,3,0,2,116,0
44,0.7759999999999999,0,1,1,0,0,14,0,1,0,127,1
20,0.878,0,0,0,1,0,18,2,0,2,218,0
0,0.92,0,0,0,0,0,12,0,1,5,21,1
0,0.92,1,1,1,0,0,5,0,1,0,224,1
0,0.92,0,0,0,0,0,10,5,3,5,88,1
9,0.924,2,0,0,1,0,5,1,0,0,60,0
8,0.804,0,0,1,0,0,4,7,0,0,86,0
0,0.92,0,1,0,0,0,6,0,1,0,5,1
1,0.624,0,0,0,1,0,4,1,0,1,23,0
33,0.6890000000000001,1,1,0,5,1,14,0,1,0,14,0
65,0.698,0,0,0,0,0,15,1,0,0,44,0
5,0.897,2,1,0,1,0,4,7,3,4,72,0
43,0.5579999999999999,0,1,1,0,0,14,0,1,6,78,0
4,0.92,0,0,0,0,0,19,0,1,0,64,0
23,0.767,0,0,1,0,0,3,1,0,2,114,0
17,0.899,1,0,0,2,1,4,1,1,0,146,0
0,0.92,2,0,0,0,6,5,0,1,2,11,1
21,0.923,1,1,1,0,0,5,2,5,0,61,0
1,0.624,0,0,0,1,0,1,7,0,0,10,1
24,0.762,1,1,0,0,0,2,0,1,3,51,1
14,0.698,0,1,0,0,0,11,0,1,2,108,0
5,0.897,0,0,0,1,0,0,6,0,1,75,0
0,0.92,0,0,0,1,2,10,5,0,4,11,0
19,0.893,0,0,1,0,0,8,0,1,4,178,0
1,0.624,0,1,0,0,0,3,0,1,0,114,1
19,0.893,1,0,0,2,1,12,0,1,2,51,0
7,0.939,0,0,0,0,0,0,5,0,1,42,0
3,0.926,0,0,2,0,0,1,1,0,0,11,0
0,0.92,0,1,0,0,0,3,0,1,0,184,1
14,0.698,0,0,3,3,1,8,0,1,0,31,0
8,0.804,1,0,0,1,0,10,5,0,0,11,0
0,0.92,1,0,0,1,0,17,3,0,6,90,0
16,0.939,0,0,0,1,0,1,3,0,2,31,0
7,0.939,0,0,1,2,1,19,1,3,2,26,0
6,0.855,0,0,0,1,0,18,0,1,0,8,0
53,0.7659999999999999,1,1,1,0,0,3,3,1,6,13,1
2,0.91,0,0,0,4,0,0,2,0,0,31,0
0,0.92,1,0,0,0,0,3,1,3,2,70,0
35,0.843,3,1,1,2,1,13,0,1,3,6,0
0,0.92,1,0,0,0,0,19,5,0,4,50,0
6,0.855,1,1,1,0,0,3,0,1,0,78,1
5,0.897,0,0,0,1,0,15,2,0,2,72,0
33,0.6890000000000001,1,1,0,0,0,3,4,2,5,84,0
2,0.91,0,0,0,1,0,0,1,0,0,14,0
12,0.884,0,0,0,1,0,11,7,2,0,22,0
0,0.92,1,0,0,0,0,15,1,0,0,6,0
93,0.516,1,0,0,0,0,11,2,0,0,21,0
3,0.926,1,0,1,1,0,16,2,0,2,91,0
1,0.624,0,0,0,0,0,9,2,0,0,112,1
0,0.92,0,0,0,0,0,0,5,0,1,58,0
0,0.92,1,0,3,0,0,3,6,4,0,87,0
31,0.579,2,0,0,0,0,5,0,1,0,80,0
1,0.624,0,0,0,0,0,3,0,1,0,26,0
0,0.92,0,0,0,0,0,4,4,2,2,19,0
8,0.804,0,0,0,1,0,1,7,0,2,131,0
3,0.926,0,0,0,1,0,0,3,0,1,154,0
6,0.855,0,1,0,2,1,5,0,1,3,34,0
35,0.843,0,1,1,1,0,10,0,0,3,12,0
81,0.4479999999999999,1,1,2,1,3,5,6,5,0,23,1
104,0.698,1,1,1,0,0,13,0,1,0,77,0
0,0.92,0,0,0,0,2,15,1,0,5,28,0
73,0.764,1,0,3,1,0,2,0,1,6,24,0
4,0.92,0,0,0,1,0,0,5,6,1,30,0
6,0.855,0,1,0,1,0,4,6,0,1,246,0
0,0.92,0,0,0,1,0,0,2,0,0,28,0
96,0.745,1,1,1,0,0,4,0,0,3,50,0
1,0.624,0,1,1,0,0,2,0,0,3,58,1
1,0.624,3,1,1,0,0,6,0,1,5,302,1
0,0.92,0,0,0,0,0,0,6,0,1,12,0
1,0.624,0,1,0,1,0,1,2,2,0,31,0
0,0.92,0,0,0,1,0,7,2,0,2,74,0
1,0.624,1,1,1,0,0,14,6,0,0,99,0
2,0.91,0,1,0,0,0,13,0,1,0,106,0
61,0.579,0,0,0,0,0,6,1,0,0,74,1
2,0.91,0,0,0,0,0,1,1,0,0,25,0
22,0.8959999999999999,0,0,0,0,0,7,5,0,0,21,0
0,0.92,0,1,0,0,2,0,1,5,0,67,0
28,0.6659999999999999,0,0,0,0,0,7,2,0,2,102,0
2,0.91,0,0,0,0,0,6,2,0,0,77,0
12,0.884,0,0,0,0,0,8,4,2,0,69,0
0,0.92,2,1,0,0,2,3,2,0,0,13,1
1,0.624,0,0,0,0,0,1,1,0,2,72,1
2,0.91,1,0,0,1,0,0,8,0,1,11,0
6,0.855,0,0,0,0,0,0,3,0,4,138,1
3,0.926,0,0,0,0,0,8,1,0,1,65,0
0,0.92,0,1,1,0,0,6,0,1,0,152,1
2,0.91,0,0,0,0,2,0,6,0,1,13,0
2,0.91,0,1,1,0,0,3,0,1,0,69,1
12,0.884,1,1,0,4,0,0,0,3,5,28,0
4,0.92,1,0,0,0,0,11,5,0,1,23,0
1,0.624,0,0,0,1,0,12,1,0,2,86,0
3,0.926,1,1,1,0,4,14,2,0,0,61,0
2,0.91,0,0,0,0,0,0,2,0,1,83,0
0,0.92,0,0,0,0,0,2,1,0,0,52,0
0,0.92,2,0,0,0,0,9,2,0,0,52,0
3,0.926,2,0,3,1,0,7,4,2,0,38,0
12,0.884,0,1,0,0,0,0,0,1,1,31,1
5,0.897,0,0,0,1,0,0,0,1,0,23,0
0,0.92,0,1,1,0,0,5,0,1,0,32,0
2,0.91,0,0,0,0,0,0,1,0,0,24,0
19,0.893,0,0,0,1,4,0,5,0,3,133,0
1,0.624,0,1,0,0,0,5,0,1,0,15,1
1,0.624,1,0,0,0,3,3,2,0,5,5,0
2,0.91,0,0,0,0,0,12,6,0,2,262,0
1,0.624,0,0,0,0,0,2,8,0,0,70,0
1,0.624,0,0,0,0,0,1,4,4,2,5,1
0,0.92,0,0,0,0,2,2,3,0,4,46,1
1,0.624,2,0,0,1,0,6,0,1,2,84,0
7,0.939,0,0,0,0,0,8,0,0,3,80,0
41,0.794,0,0,0,0,6,8,1,0,2,212,0
3,0.926,0,0,0,2,1,0,1,0,2,37,0
8,0.804,0,0,0,0,0,7,0,1,2,79,0
27,0.682,1,1,1,0,0,3,0,1,6,78,0
80,0.725,0,0,0,0,0,6,3,0,3,160,0
3,0.926,0,1,0,1,3,0,3,0,3,52,0
29,0.89,2,0,0,2,1,15,5,0,5,48,0
1,0.624,0,0,0,1,0,1,0,1,0,41,1
39,0.903,1,0,0,1,0,7,2,1,3,76,0
1,0.624,0,0,0,1,0,2,4,0,2,8,1
0,0.92,0,0,0,0,0,7,1,0,0,60,0
2,0.91,1,1,1,0,0,13,0,1,0,26,1
0,0.92,1,0,0,0,0,0,0,1,1,7,0
2,0.91,1,0,0,0,0,0,2,5,0,4,0
58,0.698,1,0,0,1,0,0,8,0,1,180,0
0,0.92,0,0,0,0,4,0,0,3,1,43,1
44,0.7759999999999999,0,0,1,0,0,3,1,0,0,9,0
12,0.884,2,0,0,0,0,8,2,0,2,54,0
46,0.698,0,1,0,0,0,20,7,0,1,69,0
0,0.92,0,0,0,0,0,0,4,0,1,98,0
0,0.92,0,1,0,1,0,0,0,1,1,56,1
2,0.91,0,0,0,1,0,0,5,0,0,82,0
17,0.899,0,0,0,0,0,0,3,0,2,26,0
2,0.91,0,0,0,0,4,13,4,0,0,8,0
50,0.727,0,0,1,0,0,2,2,3,0,31,0
1,0.624,1,1,1,0,0,3,0,1,3,8,0
13,0.55,0,0,0,0,0,14,0,0,0,41,1
4,0.92,0,1,1,0,0,7,7,1,0,50,0
69,0.847,0,0,0,0,0,10,1,0,1,152,0
21,0.923,0,1,1,2,1,13,6,2,0,105,0
0,0.92,2,0,0,0,2,2,2,0,2,6,1
0,0.92,0,0,0,0,0,0,5,0,4,6,0
17,0.899,0,0,0,2,1,20,0,1,1,108,0
0,0.92,2,1,0,1,2,2,1,2,0,96,0
1,0.624,1,1,1,2,1,2,6,4,6,4,0
25,0.743,0,0,0,1,0,12,2,0,4,47,0
0,0.92,0,0,0,0,0,5,4,0,0,69,1
3,0.926,0,0,0,0,0,15,1,0,1,46,0
0,0.92,0,0,0,0,0,4,5,0,5,148,0
9,0.924,0,0,1,0,0,8,0,1,1,45,0
1,0.624,0,0,0,0,0,9,2,0,2,104,1
40,0.949,0,1,0,1,5,0,6,0,1,136,0
21,0.923,0,1,0,0,3,9,1,0,0,57,0
17,0.899,0,0,0,1,0,4,3,0,0,37,0
18,0.802,0,0,0,0,0,10,6,0,1,36,0
0,0.92,0,0,0,0,5,0,4,4,2,43,0
0,0.92,0,0,0,0,0,7,6,0,0,294,0
4,0.92,0,0,0,0,0,1,1,0,2,41,0
1,0.624,0,1,0,1,0,13,1,0,0,51,0
2,0.91,0,0,0,0,0,17,5,0,0,114,0
0,0.92,0,0,0,0,0,8,2,0,5,18,0
5,0.897,1,0,0,0,0,4,8,3,5,40,1
1,0.624,1,0,0,0,0,2,1,0,0,34,0
1,0.624,0,0,0,0,0,3,1,0,1,70,0
2,0.91,2,0,0,1,2,12,7,3,0,28,0
37,0.8270000000000001,0,1,0,2,1,7,0,1,0,109,0
1,0.624,1,1,1,0,0,5,0,0,3,11,1
0,0.92,0,1,0,5,1,3,0,1,0,78,1
0,0.92,0,0,0,0,0,7,3,0,2,58,0
4,0.92,0,0,0,0,0,0,5,0,1,61,0
72,0.865,0,0,1,0,0,11,0,1,2,20,1
0,0.92,1,0,1,0,0,6,0,1,0,3,1
7,0.939,0,0,0,0,5,0,5,5,1,172,0
52,0.698,0,0,0,0,0,0,5,0,1,54,0
0,0.92,0,1,0,0,0,6,0,1,0,61,1
2,0.91,1,0,0,0,0,5,3,0,0,8,0
3,0.926,0,0,0,1,0,9,2,0,0,41,0
15,0.913,0,1,1,2,1,8,0,1,0,27,0
0,0.92,0,0,0,4,5,13,1,2,0,62,1
8,0.804,0,0,1,0,0,6,3,3,0,92,0
36,0.527,0,0,0,0,0,6,7,0,0,67,0
11,0.887,1,1,1,0,0,3,0,1,0,35,1
2,0.91,3,0,0,0,0,10,3,0,0,53,0
32,0.866,1,1,0,0,0,5,6,4,0,55,0
17,0.899,1,1,2,2,1,13,0,1,6,46,0
2,0.91,0,0,0,0,0,10,2,0,5,125,0
33,0.6890000000000001,0,0,0,0,0,8,2,0,3,56,0
1,0.624,1,1,0,0,0,9,0,1,1,116,1
0,0.92,0,1,1,2,1,3,0,1,0,126,1
53,0.7659999999999999,1,0,0,0,0,4,1,0,2,282,1
49,0.789,1,0,1,1,0,8,4,0,4,6,1
18,0.802,0,1,1,2,1,2,0,1,3,43,0
2,0.91,1,0,0,1,0,6,5,0,0,57,0
18,0.802,0,0,0,0,0,11,6,0,2,26,0
0,0.92,0,0,0,0,3,0,1,0,1,13,0
19,0.893,0,0,0,0,0,0,6,0,3,11,0
1,0.624,0,1,2,2,1,5,0,1,3,100,1
41,0.794,0,0,3,3,1,7,2,0,2,43,0
0,0.92,0,0,0,0,0,4,1,1,0,4,0
44,0.7759999999999999,1,0,0,0,2,8,6,0,0,155,0
0,0.92,0,1,0,1,0,0,0,1,1,7,1
0,0.92,0,0,0,2,1,3,0,1,0,38,0
1,0.624,0,1,2,0,0,14,0,1,3,13,1
3,0.926,0,0,0,1,0,0,4,0,1,70,0
5,0.897,0,0,0,0,0,0,2,0,1,45,0
0,0.92,0,1,0,0,2,1,3,3,2,21,0
10,0.754,1,0,1,0,0,22,0,1,0,12,1
36,0.527,0,1,2,2,1,13,0,1,3,78,1
50,0.727,0,0,0,0,0,7,4,0,5,218,0
0,0.92,0,1,0,2,1,6,0,1,0,41,1
0,0.92,2,1,0,0,0,1,4,4,0,34,1
1,0.624,0,0,0,0,0,4,1,1,3,11,0
29,0.89,0,0,1,0,0,2,6,4,0,17,0
10,0.754,0,1,1,0,0,4,0,1,3,11,1
1,0.624,0,0,1,0,0,2,0,1,0,65,0
1,0.624,0,0,0,0,0,14,1,0,0,55,1
88,0.794,0,0,0,1,0,7,0,1,2,7,0
36,0.527,1,1,0,1,0,14,0,1,0,28,1
1,0.624,1,0,0,0,0,13,1,1,0,174,1
8,0.804,0,0,0,0,0,15,1,0,1,52,0
0,0.92,0,0,0,0,0,0,0,1,1,29,0
2,0.91,1,1,0,2,1,2,0,1,3,57,0
44,0.7759999999999999,0,0,0,0,2,14,5,0,0,65,0
0,0.92,0,0,2,0,0,0,5,0,1,78,0
0,0.92,0,0,2,0,0,16,0,1,2,48,0
17,0.899,1,0,2,0,0,4,7,2,0,23,0
0,0.92,1,0,0,0,0,0,4,0,0,41,0
34,0.915,2,1,1,0,4,13,0,1,0,40,0
29,0.89,0,1,0,0,6,5,1,0,3,50,0
5,0.897,0,0,0,1,0,19,4,0,1,42,0
1,0.624,2,1,0,0,0,2,0,1,4,29,1
1,0.624,0,0,0,1,0,10,1,0,3,30,0
1,0.624,2,0,0,1,0,3,5,5,0,6,1
0,0.92,0,0,0,0,0,0,8,0,4,94,0
0,0.92,0,0,0,0,0,10,1,0,0,52,0
2,0.91,0,0,0,0,0,15,6,0,0,90,0
0,0.92,0,1,1,0,3,12,0,1,0,50,1
4,0.92,0,0,0,0,0,11,0,1,5,51,1
3,0.926,0,0,0,2,1,16,1,0,1,314,0
27,0.682,0,0,0,0,0,1,5,1,3,192,0
3,0.926,0,1,1,2,1,11,0,1,0,48,0
1,0.624,0,1,0,1,2,2,0,1,4,20,0
1,0.624,0,0,1,5,1,5,2,3,2,50,1
46,0.698,3,0,3,3,1,22,4,1,0,51,1
1,0.624,1,1,1,0,0,13,7,0,0,2,1
11,0.887,1,1,0,1,4,14,0,1,0,150,1
10,0.754,0,0,1,0,0,2,0,1,3,7,1
3,0.926,0,0,0,1,0,4,1,1,0,46,0
59,0.74,1,1,0,0,0,14,0,1,6,88,1
0,0.92,0,0,0,0,5,0,0,0,1,133,0
4,0.92,0,1,1,0,0,1,0,1,0,56,1
1,0.624,0,1,0,0,0,14,0,1,0,14,1
20,0.878,1,1,0,0,0,1,0,1,0,28,0
11,0.887,0,0,2,0,0,4,2,0,5,79,0
0,0.92,0,0,0,0,0,0,0,1,1,157,0
5,0.897,2,1,0,4,0,11,5,0,0,150,0
3,0.926,0,0,1,1,0,8,4,0,4,111,1
71,0.698,0,0,0,4,0,0,1,0,1,7,0
1,0.624,1,0,0,1,0,2,2,0,0,123,0
85,0.7390000000000001,1,1,0,2,1,3,0,1,3,29,0
0,0.92,0,1,1,2,1,9,0,1,0,3,1
12,0.884,1,0,0,0,0,10,6,1,5,286,1
3,0.926,1,0,0,0,0,11,5,0,2,9,0
3,0.926,0,0,0,0,0,10,7,0,0,28,0
68,0.763,2,0,0,1,0,8,2,0,0,58,0
0,0.92,0,0,0,1,2,0,1,2,5,46,0
59,0.74,0,0,2,1,0,21,0,1,0,39,1
48,0.698,1,0,1,2,1,1,0,1,0,43,1
35,0.843,0,0,0,0,0,12,6,0,0,24,0
1,0.624,1,0,2,0,0,1,5,0,6,55,0
14,0.698,1,0,2,1,0,4,0,1,0,116,1
101,0.68,0,0,0,0,0,1,1,0,0,39,0
0,0.92,0,0,0,1,0,17,5,5,5,266,0
0,0.92,2,0,0,0,4,0,3,0,1,4,0
0,0.92,1,1,1,2,1,3,1,2,6,314,0
46,0.698,0,1,0,5,1,3,0,1,3,22,0
3,0.926,0,1,1,0,0,4,3,0,2,38,0
2,0.91,0,0,0,0,0,2,5,0,0,58,0
0,0.92,3,0,0,0,6,2,2,1,4,56,0
29,0.89,0,0,0,2,1,11,0,1,2,50,1
0,0.92,0,0,0,0,0,1,0,1,4,88,1
2,0.91,0,0,0,0,0,4,1,0,5,36,0
0,0.92,2,1,0,4,0,12,5,5,0,55,0
1,0.624,2,1,1,0,0,14,3,0,4,66,1
39,0.903,0,0,0,0,0,8,0,1,0,133,0
62,0.7959999999999999,0,1,3,5,1,5,0,1,3,94,0
3,0.926,1,0,0,1,0,12,3,0,4,40,0
1,0.624,2,0,0,0,0,5,1,0,0,84,0
57,0.698,0,0,0,0,0,2,0,1,0,57,1
2,0.91,0,0,0,0,0,0,5,0,2,19,0
12,0.884,0,0,0,1,0,15,1,0,2,26,1
3,0.926,0,0,0,0,0,8,4,0,5,10,0
3,0.926,1,0,3,0,0,22,1,5,0,138,0
0,0.92,0,0,0,0,0,4,7,0,4,25,0
1,0.624,1,0,1,1,0,1,2,1,6,28,1
12,0.884,1,0,0,0,0,2,7,0,2,92,0
1,0.624,1,0,0,0,0,6,7,0,5,39,1
0,0.92,0,0,0,0,2,3,1,6,2,20,0
1,0.624,1,0,1,0,0,4,0,1,6,42,1
9,0.924,0,0,0,1,0,18,7,0,0,41,0
13,0.55,0,0,0,0,0,2,4,0,2,23,1
0,0.92,1,1,0,5,1,2,0,1,3,13,0
2,0.91,0,1,2,0,0,13,8,0,0,34,0
30,0.925,2,0,0,0,0,19,5,1,2,32,0
27,0.682,0,0,0,0,2,0,0,1,0,19,0
1,0.624,1,0,0,0,0,4,2,0,0,80,1
1,0.624,1,0,0,0,0,14,4,1,6,12,1
1,0.624,1,0,0,0,0,1,3,0,4,15,1
3,0.926,1,0,0,1,0,0,0,1,0,68,0
0,0.92,1,1,0,3,1,5,0,1,3,17,0
47,0.555,0,0,0,0,0,9,0,0,0,6,1
32,0.866,0,1,0,2,1,2,0,1,3,66,0
0,0.92,2,0,0,0,0,4,0,1,1,64,1
5,0.897,0,0,0,4,0,0,5,3,3,29,0
36,0.527,0,0,0,0,0,4,0,1,3,17,1
0,0.92,0,0,0,0,4,0,5,0,0,65,0
0,0.92,1,0,0,0,0,15,3,0,5,81,0
1,0.624,0,0,1,1,0,1,0,1,0,69,0
0,0.92,2,0,0,0,0,5,1,4,0,124,0
2,0.91,0,0,0,1,0,0,5,0,0,150,1
0,0.92,0,1,0,1,0,1,4,2,5,194,0
1,0.624,2,0,0,1,0,6,3,0,4,40,0
8,0.804,1,1,0,1,2,18,0,1,5,96,0
0,0.92,0,0,1,0,0,10,5,0,2,94,0
0,0.92,1,0,0,0,0,1,8,0,2,51,0
0,0.92,1,0,0,0,0,0,0,1,0,35,0
1,0.624,0,0,0,0,0,1,1,0,0,28,1
3,0.926,0,1,0,1,0,12,7,0,0,23,0
0,0.92,0,1,1,2,1,4,0,1,0,45,1
1,0.624,0,0,0,0,0,8,0,0,0,196,0
0,0.92,0,0,0,0,0,0,2,0,2,6,0
0,0.92,1,1,1,0,0,2,0,1,0,75,1
2,0.91,0,0,0,0,0,0,1,0,5,44,0
0,0.92,0,0,0,0,0,18,2,2,0,8,0
2,0.91,0,0,0,2,1,14,4,0,1,57,0
5,0.897,1,1,1,0,0,2,0,1,0,22,0
9,0.924,1,0,0,0,0,11,3,0,0,43,0
33,0.6890000000000001,0,0,2,0,0,7,0,1,2,36,0
0,0.92,0,0,0,0,0,6,0,1,0,184,1
72,0.865,0,1,1,0,0,13,0,1,0,25,1
0,0.92,0,0,0,0,0,0,3,0,0,48,0
77,0.698,1,0,0,2,1,9,6,4,0,166,0
44,0.7759999999999999,1,0,0,1,0,9,7,0,3,101,0
0,0.92,0,0,0,1,0,2,8,0,0,127,0
41,0.794,0,0,0,1,0,5,6,2,2,46,0
3,0.926,0,0,0,1,0,10,2,0,2,268,0
56,0.691,2,1,3,0,0,14,0,1,3,18,1
39,0.903,0,0,0,0,3,16,1,2,0,11,0
3,0.926,0,1,0,0,0,1,0,1,4,19,1
1,0.624,0,0,0,1,3,3,3,0,2,13,1
1,0.624,0,1,1,0,0,14,0,1,3,70,1
2,0.91,0,0,0,0,0,15,5,0,1,24,0
1,0.624,0,0,0,0,0,4,1,3,2,45,1
1,0.624,1,0,3,0,0,14,4,1,6,8,1
0,0.92,0,0,0,0,0,0,1,0,0,19,0
51,0.698,1,0,1,0,0,11,4,0,0,50,1
1,0.624,0,0,0,1,0,6,8,0,0,92,0
4,0.92,0,1,0,1,0,0,0,1,0,33,1
36,0.527,1,0,0,0,0,2,1,0,4,36,1
0,0.92,0,0,0,0,0,1,2,0,2,124,0
55,0.848,0,0,0,0,0,7,1,0,3,27,0
30,0.925,0,0,0,2,1,11,6,0,1,44,0
0,0.92,0,1,1,1,2,9,1,3,5,174,0
38,0.895,0,1,0,2,1,1,1,5,2,62,0
78,0.795,0,0,0,0,0,11,0,1,2,28,1
0,0.92,0,0,0,0,0,0,2,0,2,68,0
1,0.624,0,0,1,0,0,1,4,0,0,8,1
58,0.698,0,1,0,3,1,0,0,1,0,85,0
1,0.624,1,0,0,0,0,9,1,0,0,44,0
1,0.624,0,1,0,0,0,14,3,0,0,16,1
0,0.92,0,0,0,0,2,11,1,2,0,113,0
39,0.903,0,0,0,1,0,8,4,0,0,12,0
11,0.887,0,0,0,0,0,7,2,0,3,102,0
0,0.92,2,0,0,0,0,16,2,0,1,40,0
16,0.939,0,1,0,0,0,7,0,1,0,12,0
1,0.624,0,0,0,0,0,9,3,0,0,204,0
10,0.754,1,0,1,0,0,2,1,1,0,49,0
6,0.855,0,0,0,2,1,6,8,0,2,57,0
0,0.92,0,0,1,0,0,15,2,2,0,101,0
1,0.624,0,0,0,1,0,3,0,3,0,129,1
4,0.92,0,0,1,0,0,0,0,1,1,39,0
1,0.624,1,0,0,1,0,15,3,0,1,21,1
30,0.925,0,0,0,5,1,4,0,1,1,28,0
36,0.527,0,0,0,0,0,8,0,1,1,17,0
22,0.8959999999999999,0,1,1,2,1,2,0,1,3,89,0
1,0.624,1,0,0,1,0,14,0,1,0,44,1
14,0.698,1,1,0,1,0,0,6,0,1,70,0
0,0.92,0,0,0,0,0,19,2,2,4,14,1
0,0.92,2,0,1,1,0,7,5,3,0,20,1
5,0.897,0,0,0,0,0,15,3,0,2,68,0
0,0.92,0,0,0,0,5,8,1,2,2,22,0
2,0.91,0,0,0,0,0,0,1,0,1,134,0
2,0.91,1,0,0,0,0,0,5,6,0,182,0
8,0.804,0,0,0,1,0,9,4,0,4,156,0
0,0.92,0,1,0,4,0,15,0,1,0,28,0
19,0.893,0,1,0,0,0,5,0,1,0,45,1
0,0.92,0,0,1,0,0,4,6,4,0,19,0
35,0.843,0,0,0,0,0,3,2,2,2,170,0
1,0.624,0,0,0,0,0,4,5,0,0,75,0
7,0.939,0,0,0,0,0,0,5,0,0,302,1
29,0.89,0,1,2,0,0,9,2,2,2,108,0
0,0.92,0,0,0,0,0,15,2,0,0,12,0
69,0.847,0,1,1,0,0,11,0,1,5,194,0
50,0.727,1,0,1,2,1,2,0,1,3,143,0
19,0.893,0,0,0,0,0,4,2,0,3,88,0
2,0.91,0,0,0,0,0,1,1,0,0,70,0
9,0.924,0,0,1,0,0,4,0,1,0,45,0
1,0.624,1,0,1,0,0,9,5,0,4,103,0
1,0.624,1,1,2,2,1,14,0,1,3,50,0
4,0.92,0,0,0,0,0,16,4,0,2,7,0
1,0.624,1,0,0,0,0,17,3,0,0,136,1
4,0.92,1,1,0,5,1,3,0,1,3,48,0
11,0.887,0,0,0,4,0,7,0,1,2,88,0
13,0.55,0,0,1,0,0,2,6,1,0,69,1
20,0.878,1,0,2,1,0,18,5,0,0,102,0
16,0.939,0,0,0,4,0,0,5,3,1,161,0
0,0.92,0,0,0,0,2,19,3,0,0,145,1
0,0.92,0,0,0,0,0,18,1,0,1,41,1
0,0.92,0,0,0,0,5,7,0,1,1,31,1
9,0.924,1,0,0,0,2,3,7,0,2,3,0
42,0.738,0,0,0,1,0,7,8,0,1,55,0
5,0.897,0,0,0,0,0,16,1,1,5,6,0
0,0.92,0,1,0,2,1,2,0,1,3,21,0
109,0.645,0,0,0,0,0,17,1,2,0,96,0
1,0.624,0,0,0,0,0,7,1,1,0,149,1
6,0.855,1,1,1,1,4,13,7,0,3,11,0
4,0.92,2,0,0,0,0,0,4,4,2,9,0
0,0.92,1,0,0,0,0,15,8,0,0,51,0
0,0.92,0,0,0,0,0,0,6,2,1,113,0
81,0.4479999999999999,0,0,0,0,0,9,0,1,1,74,0
1,0.624,1,0,0,0,0,16,5,0,2,8,0
0,0.92,2,1,0,1,0,6,5,0,2,22,0
0,0.92,1,0,0,1,0,10,0,1,4,50,0
6,0.855,0,0,0,1,0,7,2,0,0,70,0
31,0.579,0,0,0,0,0,7,1,0,0,78,1
0,0.92,1,0,0,1,0,11,6,2,2,53,0
3,0.926,0,1,1,0,6,1,0,1,6,28,0
0,0.92,0,0,0,0,0,0,6,4,5,53,0
14,0.698,0,1,1,0,0,3,0,1,0,4,1
21,0.923,2,1,1,0,0,2,3,1,0,206,0
43,0.5579999999999999,1,1,1,0,0,8,1,0,0,124,0
1,0.624,1,1,1,0,0,2,0,1,0,45,1
59,0.74,0,0,0,0,0,6,1,2,5,28,0
33,0.6890000000000001,1,1,0,5,1,5,0,1,2,46,0
13,0.55,1,1,3,5,1,13,0,1,3,48,0
0,0.92,0,0,0,0,2,0,2,0,1,22,0
0,0.92,0,0,0,0,0,4,4,0,2,292,0
0,0.92,0,1,0,4,0,10,8,0,0,31,0
22,0.8959999999999999,0,0,0,1,0,7,6,4,4,10,0
46,0.698,1,0,1,3,1,3,5,1,0,27,0
0,0.92,2,0,0,0,2,18,5,0,0,20,0
0,0.92,0,0,0,0,0,4,1,2,0,4,0
8,0.804,1,1,0,3,1,5,0,1,3,42,0
0,0.92,0,0,0,0,5,12,3,1,2,94,0
46,0.698,1,0,1,2,1,11,3,3,1,15,1
1,0.624,0,0,1,2,1,3,0,0,3,53,1
5,0.897,1,0,0,1,0,1,1,1,0,54,0
17,0.899,2,0,0,0,2,0,8,5,1,34,0
1,0.624,1,0,1,1,0,3,1,2,2,60,0
0,0.92,1,1,0,0,2,18,1,0,1,31,0
71,0.698,0,1,1,0,0,1,8,1,6,24,1
10,0.754,0,0,0,0,0,6,0,1,2,13,0
3,0.926,1,0,0,1,0,19,8,0,0,23,0
1,0.624,0,0,1,0,0,2,0,1,3,32,0
4,0.92,0,0,0,4,0,7,0,3,0,48,0
0,0.92,0,0,0,1,0,0,5,0,1,28,0
13,0.55,1,0,0,0,0,3,4,0,0,102,1
21,0.923,0,0,0,0,0,13,1,0,0,102,0
19,0.893,1,1,0,0,4,5,1,0,0,110,0
0,0.92,0,0,2,0,0,9,3,0,2,8,0
0,0.92,0,0,0,1,0,0,0,1,2,18,1
15,0.913,0,0,2,0,0,9,6,0,0,48,0
37,0.8270000000000001,0,1,1,0,0,5,1,0,0,20,0
82,0.856,1,0,0,2,1,0,2,0,6,35,1
11,0.887,1,0,0,2,1,2,6,0,4,12,0
20,0.878,0,0,0,1,0,0,0,1,4,100,0
20,0.878,0,0,0,1,0,17,3,0,1,25,0
27,0.682,0,0,0,0,0,0,0,1,0,31,0
18,0.802,0,1,0,4,0,20,2,3,1,52,0
3,0.926,0,1,1,3,1,6,4,0,0,45,0
1,0.624,0,0,0,0,0,5,6,0,2,2,1
7,0.939,0,0,0,0,0,12,8,3,0,44,0
57,0.698,1,0,3,3,1,3,0,1,0,17,1
1,0.624,0,0,0,0,0,2,2,0,2,78,0
0,0.92,1,0,1,0,0,8,4,0,4,12,0
0,0.92,0,0,0,0,5,0,6,0,0,102,0
4,0.92,0,0,0,0,0,0,2,0,0,30,0
14,0.698,0,0,0,1,0,8,1,0,4,50,0
12,0.884,1,0,2,1,0,7,2,1,5,7,0
1,0.624,0,0,1,1,0,2,1,0,0,22,0
0,0.92,0,0,0,0,0,9,6,4,0,9,0
10,0.754,3,0,2,2,1,7,3,1,0,22,0
0,0.92,0,0,0,1,0,15,2,0,2,24,1
2,0.91,0,0,0,0,0,0,2,5,0,5,0
1,0.624,0,1,1,2,1,1,1,2,0,316,1
0,0.92,0,0,0,0,0,0,3,5,5,136,0
3,0.926,0,0,0,1,0,0,6,0,4,43,0
1,0.624,0,0,0,1,0,1,1,0,1,108,1
6,0.855,0,0,2,2,1,7,5,3,0,43,0
102,0.735,1,1,0,1,0,9,1,3,2,43,0
54,0.8270000000000001,0,1,1,0,0,1,0,1,0,77,1
3,0.926,0,1,0,1,0,0,0,1,1,42,0
0,0.92,0,0,0,0,0,11,0,1,0,82,1
4,0.92,0,0,0,0,0,0,0,1,5,48,1
0,0.92,0,0,0,0,0,7,8,0,2,47,1
4,0.92,0,0,0,0,0,4,1,3,2,42,0
1,0.624,0,0,0,0,0,4,2,0,3,36,1
0,0.92,0,0,0,0,0,12,1,0,2,39,0
15,0.913,0,1,1,0,2,13,6,5,0,25,0
2,0.91,0,0,0,0,0,0,3,0,1,69,0
2,0.91,0,0,0,1,3,7,1,0,0,47,0
0,0.92,0,0,1,0,0,1,0,1,2,194,1
0,0.92,0,1,1,1,0,0,5,3,3,29,1
1,0.624,2,0,0,0,0,20,0,1,1,88,1
10,0.754,1,0,0,0,0,1,2,0,5,28,0
12,0.884,1,0,0,1,2,1,1,0,0,32,0
12,0.884,0,1,0,3,1,3,0,1,3,106,0
34,0.915,0,0,0,0,0,8,6,2,0,5,0
2,0.91,0,1,0,0,4,0,3,0,5,86,0
2,0.91,2,1,1,2,1,5,0,1,0,5,0
1,0.624,0,0,0,0,0,2,2,0,4,13,1
1,0.624,2,0,0,0,0,16,1,0,2,94,1
16,0.939,0,0,0,1,2,10,5,0,4,12,0
4,0.92,0,0,1,0,0,6,0,1,0,87,1
0,0.92,0,0,0,1,2,2,5,0,0,102,0
15,0.913,1,1,1,2,1,4,0,1,3,22,0
8,0.804,0,0,0,2,1,16,0,0,0,20,0
41,0.794,1,0,1,3,1,14,0,1,6,18,0
103,0.698,1,1,3,3,1,5,0,1,6,97,0
24,0.762,0,0,0,0,0,12,5,0,5,77,1
0,0.92,1,0,0,0,0,7,2,0,1,33,0
0,0.92,0,0,0,1,0,0,5,0,5,134,0
73,0.764,1,0,0,1,0,19,0,1,1,4,0
8,0.804,1,0,0,0,0,0,0,1,3,37,0
12,0.884,0,1,0,1,0,4,4,0,5,6,0
38,0.895,0,0,0,0,0,11,8,0,2,136,0
0,0.92,0,0,0,1,0,3,0,1,0,29,1
1,0.624,0,1,0,1,0,4,0,1,1,64,0
3,0.926,0,0,0,2,1,2,4,0,2,52,0
15,0.913,0,0,0,0,0,8,5,0,4,54,0
5,0.897,0,0,0,1,0,4,5,0,0,41,0
1,0.624,0,1,2,4,0,9,4,0,4,34,0
7,0.939,0,0,0,2,1,11,6,0,3,62,0
36,0.527,0,0,1,2,1,1,0,1,3,3,0
0,0.92,0,0,0,1,0,7,3,0,0,24,1
3,0.926,0,0,2,1,4,0,5,0,5,1,0
63,0.84,1,0,0,0,0,8,8,0,1,33,0
3,0.926,0,0,0,0,0,5,5,0,0,53,0
28,0.6659999999999999,0,0,0,1,2,2,4,5,0,12,0
1,0.624,0,0,0,1,0,1,1,0,2,28,0
13,0.55,1,1,1,0,0,13,0,1,0,101,1
13,0.55,1,0,1,0,0,13,4,4,0,25,0
35,0.843,1,1,1,0,0,2,0,1,6,28,0
1,0.624,1,1,1,0,0,14,0,1,3,20,1
2,0.91,0,0,0,1,2,3,2,3,0,28,0
0,0.92,0,0,0,1,0,0,1,2,1,119,0
3,0.926,1,1,0,4,0,6,7,5,3,46,0
1,0.624,0,0,0,1,0,14,1,0,0,26,1
7,0.939,0,0,0,0,0,8,1,0,5,47,0
36,0.527,0,0,2,0,0,6,7,0,0,20,1
12,0.884,0,0,0,0,0,12,1,0,5,20,0
0,0.92,0,0,0,0,0,11,7,0,2,34,0
0,0.92,0,0,0,0,0,0,2,0,1,314,0
43,0.5579999999999999,1,1,0,2,1,9,0,1,0,94,1
13,0.55,1,0,0,0,0,2,4,1,3,52,1
1,0.624,1,1,1,2,1,5,0,1,3,302,0
3,0.926,3,0,0,0,0,15,2,2,0,86,0
0,0.92,0,0,0,1,5,18,3,0,1,43,0
13,0.55,1,0,1,1,0,13,1,0,0,4,1
2,0.91,0,1,1,2,1,5,6,6,0,9,0
0,0.92,0,1,1,0,0,4,0,1,3,53,1
3,0.926,0,1,0,2,1,8,0,1,3,13,0
13,0.55,0,0,2,1,0,8,1,0,5,10,1
67,0.722,0,0,1,2,1,13,8,3,0,48,0
0,0.92,0,1,1,0,0,4,3,0,0,166,0
30,0.925,0,0,0,0,0,0,6,0,1,161,0
25,0.743,0,0,0,1,2,3,6,0,0,28,0
0,0.92,1,0,0,1,0,22,0,1,6,70,0
0,0.92,0,0,0,0,0,10,2,0,2,55,0
7,0.939,0,0,0,1,0,0,6,0,0,73,0
2,0.91,0,0,0,0,0,1,6,0,1,146,0
0,0.92,1,0,2,1,5,7,1,5,2,146,0
3,0.926,0,1,2,2,1,13,3,6,0,152,0
4,0.92,1,1,1,2,1,13,0,1,0,96,1
35,0.843,0,1,1,0,6,14,0,1,3,23,1
0,0.92,0,0,0,0,6,2,2,0,0,17,0
76,0.769,0,0,0,0,0,8,2,5,1,35,1
1,0.624,1,0,0,3,1,19,0,1,3,58,1
68,0.763,0,0,0,1,0,8,4,0,2,50,0
80,0.725,0,1,0,1,0,9,0,1,2,10,1
3,0.926,0,0,0,0,0,0,2,0,2,32,0
5,0.897,0,0,2,0,0,7,3,0,0,26,0
13,0.55,0,1,0,0,0,3,4,0,0,66,1
8,0.804,0,0,0,4,0,19,0,1,3,11,0
9,0.924,0,0,0,1,0,8,1,2,0,51,0
24,0.762,1,0,0,0,0,18,5,0,2,11,0
15,0.913,1,0,1,0,0,17,1,0,0,42,0
0,0.92,1,0,0,0,0,0,3,0,1,24,0
4,0.92,0,0,0,0,0,19,3,0,1,184,0
5,0.897,0,0,0,1,0,14,6,0,0,114,0
1,0.624,0,1,0,0,0,13,6,1,0,48,1
57,0.698,0,0,1,0,0,2,2,1,2,124,0
23,0.767,1,0,1,0,0,17,2,0,0,32,0
96,0.745,1,1,1,2,1,3,0,1,3,18,0
1,0.624,0,0,1,0,0,1,0,1,0,104,1
0,0.92,0,0,0,0,0,0,1,0,1,4,0
54,0.8270000000000001,1,0,0,1,0,11,4,0,1,17,0
25,0.743,0,1,3,1,0,5,0,1,0,44,0
33,0.6890000000000001,1,0,3,0,0,8,1,4,0,63,0
0,0.92,1,0,0,1,0,15,7,0,6,57,0
27,0.682,0,0,0,0,0,1,2,0,2,15,0
6,0.855,0,1,2,0,0,12,2,0,1,17,0
1,0.624,1,0,0,1,0,14,2,1,3,13,1
8,0.804,0,1,0,5,1,5,0,1,3,78,0
59,0.74,0,1,0,0,0,3,3,0,5,92,0
2,0.91,0,0,1,1,0,7,3,0,2,24,0
0,0.92,0,0,0,0,0,18,8,0,1,122,0
73,0.764,0,0,0,0,0,4,6,2,0,45,0
3,0.926,0,0,0,1,0,7,1,0,0,47,0
28,0.6659999999999999,2,0,2,0,0,1,6,4,3,15,0
1,0.624,0,0,1,1,0,18,3,0,0,129,1
0,0.92,0,0,0,0,4,17,0,1,3,9,0
27,0.682,1,0,0,0,0,2,7,1,6,12,0
97,0.742,1,0,2,0,0,7,2,0,0,7,0
0,0.92,0,0,0,0,0,7,7,0,4,29,0
23,0.767,0,0,0,0,0,8,5,0,1,122,0
2,0.91,0,1,0,3,1,8,0,1,3,21,1
4,0.92,1,1,1,0,0,2,0,1,3,38,1
26,0.836,2,0,0,1,0,4,1,0,0,122,0
2,0.91,1,0,3,3,1,10,0,1,3,9,0
10,0.754,0,1,0,4,0,10,0,1,0,41,0
20,0.878,1,1,0,0,0,0,3,0,1,106,0
10,0.754,0,1,0,2,1,2,6,4,4,94,1
53,0.7659999999999999,1,1,2,0,0,2,4,0,0,9,0
38,0.895,0,0,3,3,1,0,0,1,1,146,0
2,0.91,0,0,0,0,0,15,4,0,1,35,0
54,0.8270000000000001,0,0,0,0,0,0,0,1,1,61,0
0,0.92,1,0,1,1,0,7,4,2,0,105,0
1,0.624,1,1,1,0,0,3,0,1,3,74,0
0,0.92,1,0,0,1,0,4,6,1,2,15,0
1,0.624,1,0,0,1,0,14,4,0,0,202,1
42,0.738,0,0,0,1,0,10,3,0,0,17,1
1,0.624,0,1,1,0,0,5,0,1,3,150,1
3,0.926,0,1,0,0,0,17,0,1,5,11,0
2,0.91,0,1,0,2,1,5,0,0,3,35,0
7,0.939,2,0,2,0,0,10,7,0,0,44,0
2,0.91,1,0,0,4,0,0,8,5,2,130,0
22,0.8959999999999999,0,0,0,0,0,9,6,0,5,39,0
0,0.92,0,1,0,2,1,4,0,1,3,66,0
0,0.92,0,0,0,0,0,0,7,0,1,2,0
11,0.887,0,1,1,0,0,6,0,1,1,156,1
6,0.855,1,0,1,1,0,10,2,0,3,19,0
0,0.92,0,0,0,0,0,0,3,0,1,22,0
20,0.878,0,0,1,2,1,6,1,0,0,12,0
24,0.762,1,0,3,0,0,6,0,1,3,35,0
0,0.92,0,0,0,0,5,0,8,5,1,90,0
3,0.926,0,0,0,1,0,0,1,0,0,56,0
17,0.899,0,0,0,0,0,11,2,3,2,44,0
67,0.722,0,1,1,0,2,4,0,1,2,162,0
2,0.91,0,0,0,0,0,10,5,0,1,24,0
0,0.92,0,0,0,0,4,0,7,5,1,36,0
65,0.698,1,1,1,1,0,2,0,1,3,17,1
28,0.6659999999999999,0,0,0,0,3,4,1,2,0,134,0
4,0.92,0,0,1,2,1,1,2,2,0,6,0
3,0.926,0,0,0,0,0,1,1,0,0,8,0
4,0.92,0,0,1,0,0,7,7,0,0,90,0
3,0.926,0,0,2,2,1,2,2,2,0,49,0
0,0.92,0,0,0,0,0,10,4,0,1,12,0
6,0.855,0,0,0,2,1,7,6,0,0,145,0
0,0.92,0,0,0,0,0,5,0,1,3,4,1
35,0.843,1,1,1,0,0,2,0,1,3,2,0
2,0.91,0,0,0,1,0,0,2,0,1,87,0
1,0.624,0,0,0,1,0,5,2,0,2,149,0
9,0.924,0,0,0,0,0,0,5,0,1,95,0
23,0.767,1,0,1,0,0,7,5,0,0,39,0
2,0.91,0,0,0,1,0,10,4,0,5,55,0
46,0.698,0,0,0,0,0,7,6,0,0,14,0
28,0.6659999999999999,1,0,0,0,0,7,1,0,2,5,0
0,0.92,0,0,0,0,0,8,2,2,0,28,0
2,0.91,0,0,0,0,0,0,1,0,1,111,0
6,0.855,2,1,1,2,1,3,0,1,3,14,0
37,0.8270000000000001,1,0,2,0,0,3,3,0,2,8,1
1,0.624,0,0,0,1,0,4,0,1,2,74,1
37,0.8270000000000001,0,0,2,0,0,12,0,1,0,44,0
2,0.91,0,0,0,1,0,6,0,1,2,57,0
54,0.8270000000000001,0,0,0,0,0,1,4,0,0,94,0
8,0.804,0,1,1,0,0,13,0,1,0,29,0
1,0.624,0,1,1,3,1,5,0,1,0,31,1
9,0.924,1,1,1,0,0,8,0,1,2,102,0
7,0.939,0,1,0,0,6,0,5,0,1,50,1
0,0.92,1,0,0,0,4,6,1,2,0,29,0
0,0.92,1,1,0,0,2,0,3,0,2,156,0
35,0.843,0,0,0,0,0,15,0,1,0,220,0
0,0.92,0,0,0,0,0,0,1,0,1,35,0
11,0.887,1,0,0,0,0,7,8,1,6,23,0
71,0.698,1,0,0,0,0,2,0,1,0,92,1
10,0.754,0,0,0,0,0,17,1,0,4,151,0
5,0.897,0,0,0,1,0,6,6,4,2,76,0
55,0.848,1,1,3,0,0,2,1,0,5,58,0
3,0.926,0,1,2,1,0,0,6,2,0,15,0
14,0.698,0,0,0,0,0,12,6,2,0,25,0
0,0.92,0,0,0,0,0,8,1,0,2,26,1
5,0.897,2,1,1,1,0,9,2,3,0,35,0
19,0.893,0,0,0,5,1,1,2,0,4,32,1
25,0.743,0,0,0,0,2,6,0,1,4,166,0
9,0.924,0,0,0,1,0,19,4,0,1,232,0
1,0.624,0,1,3,0,0,1,0,1,3,24,1
2,0.91,0,0,0,0,0,0,0,1,5,64,0
1,0.624,1,0,0,0,0,1,2,0,0,74,1
0,0.92,0,0,2,0,0,1,1,0,2,56,0
0,0.92,0,0,0,1,0,0,5,3,1,92,0
80,0.725,0,0,3,0,0,4,6,0,5,13,0
5,0.897,0,0,0,1,0,8,1,0,2,39,0
2,0.91,0,0,0,0,0,0,0,1,0,19,0
1,0.624,1,0,1,1,0,13,4,0,0,22,1
15,0.913,0,0,0,0,0,0,1,0,0,9,0
32,0.866,0,0,0,4,0,0,0,1,3,154,0
1,0.624,1,0,0,0,0,5,4,1,0,37,1
33,0.6890000000000001,0,1,0,2,1,3,0,1,3,33,0
0,0.92,0,0,0,0,0,16,2,1,1,45,0
3,0.926,0,0,0,1,0,0,7,0,4,25,0
11,0.887,1,1,2,0,0,2,0,1,0,50,1
19,0.893,0,0,0,1,0,7,1,0,2,58,0
35,0.843,2,0,0,0,0,4,3,0,0,70,0
0,0.92,2,0,0,0,3,1,3,1,2,83,0
4,0.92,1,0,0,0,0,0,0,1,0,134,1
1,0.624,1,1,1,0,0,7,0,1,3,25,1
27,0.682,0,0,0,0,0,7,3,0,3,54,1
2,0.91,3,1,1,0,0,2,0,1,2,62,1
1,0.624,1,0,0,1,0,7,3,0,0,135,1
0,0.92,1,1,0,2,1,1,0,1,0,20,1
23,0.767,0,0,0,0,0,2,1,0,0,26,0
18,0.802,0,1,1,2,1,14,0,0,3,12,0
21,0.923,1,0,0,0,0,1,0,1,1,15,0
0,0.92,1,1,1,0,0,5,6,0,0,57,0
31,0.579,1,0,0,2,1,14,0,1,3,160,1
2,0.91,0,1,0,0,0,4,0,1,3,14,1
4,0.92,1,0,2,0,0,0,2,0,0,138,0
22,0.8959999999999999,1,1,0,0,0,0,0,1,3,10,0
14,0.698,0,0,0,0,0,5,0,0,0,10,1
95,0.921,0,0,0,2,1,12,2,0,0,26,0
3,0.926,1,0,0,0,0,4,1,0,4,56,0
0,0.92,0,0,0,0,6,0,2,0,0,26,0
2,0.91,1,0,0,1,0,0,3,0,2,80,0
38,0.895,0,0,1,0,0,8,2,0,2,10,1
0,0.92,1,0,0,0,0,0,0,0,5,76,0
0,0.92,0,0,0,0,5,3,0,1,2,22,1
4,0.92,0,0,0,0,0,12,1,0,1,58,0
4,0.92,1,0,0,3,1,18,2,0,4,32,0
0,0.92,0,0,0,0,0,0,0,1,4,198,0
88,0.794,2,0,0,0,0,8,1,3,0,13,0
0,0.92,2,0,0,0,0,5,4,2,0,204,0
1,0.624,1,1,1,0,0,2,0,1,3,37,1
1,0.624,2,0,0,0,0,4,2,2,2,71,1
1,0.624,2,1,0,0,0,4,6,0,0,154,1
13,0.55,1,1,1,0,0,3,0,1,3,14,1
39,0.903,0,0,2,0,0,0,3,0,1,6,0
31,0.579,0,1,0,2,1,3,0,1,3,268,0
5,0.897,2,1,1,0,0,2,0,1,3,146,0
0,0.92,2,0,0,0,3,15,0,1,2,52,0
16,0.939,0,0,0,1,0,8,7,3,5,141,0
17,0.899,0,0,0,1,0,17,2,2,5,59,0
18,0.802,0,0,0,0,0,19,6,0,5,15,0
4,0.92,0,0,1,0,0,6,0,1,0,42,1
22,0.8959999999999999,0,1,0,5,1,6,0,1,3,50,0
2,0.91,0,0,0,1,0,9,1,4,0,110,0
2,0.91,0,0,0,0,0,3,1,0,5,15,0
3,0.926,0,1,1,2,1,13,0,1,3,8,0
0,0.92,0,0,0,0,4,0,3,0,0,85,0
35,0.843,0,0,0,1,0,8,2,0,1,24,0
1,0.624,1,0,0,0,0,1,1,0,0,214,1
74,0.698,0,0,0,0,0,9,6,0,0,73,0
24,0.762,0,0,0,0,0,7,2,0,4,89,1
76,0.769,0,0,2,0,0,1,3,0,0,11,0
31,0.579,0,0,0,0,0,10,1,2,2,90,0
1,0.624,0,0,0,0,0,4,4,0,0,23,1
40,0.949,0,0,0,0,0,0,1,0,1,49,0
5,0.897,1,0,1,0,0,5,1,0,0,18,0
7,0.939,1,1,0,5,1,3,0,1,3,70,0
0,0.92,0,0,1,2,1,9,2,0,0,276,0
0,0.92,0,0,0,0,4,7,2,5,1,22,0
8,0.804,0,1,0,2,1,0,1,0,1,125,0
0,0.92,1,1,3,3,1,5,0,1,3,146,0
4,0.92,0,1,0,0,0,19,0,1,1,14,1
39,0.903,1,0,0,0,4,2,4,2,0,80,0
8,0.804,2,0,0,4,0,18,0,1,2,91,0
1,0.624,0,0,0,0,0,16,7,0,1,163,1
23,0.767,1,0,0,0,0,12,5,0,2,28,0
17,0.899,0,0,0,3,1,12,5,0,2,51,0
21,0.923,0,0,0,0,0,12,6,2,0,69,0
38,0.895,0,0,0,0,0,7,0,1,4,20,0
1,0.624,2,0,3,0,0,2,0,1,2,158,1
1,0.624,1,1,0,1,0,3,6,0,6,160,1
1,0.624,1,1,1,0,1,2,0,1,3,125,0
33,0.6890000000000001,0,0,0,0,0,18,4,4,2,119,0
47,0.555,0,0,0,2,1,4,0,1,1,85,0
1,0.624,1,0,0,1,0,1,0,0,0,45,0
1,0.624,0,0,0,1,0,6,4,0,0,284,0
3,0.926,0,0,0,1,0,0,1,0,1,43,0
3,0.926,1,0,0,1,3,11,3,0,0,39,0
10,0.754,2,0,2,0,0,9,0,1,5,57,1
5,0.897,0,0,0,1,0,0,5,0,1,17,0
3,0.926,0,0,1,2,1,1,2,0,0,116,0
0,0.92,0,1,0,5,1,6,0,1,3,11,0
4,0.92,0,0,0,0,0,0,4,4,0,8,0
29,0.89,0,0,0,2,1,16,7,0,1,188,0
12,0.884,0,1,1,0,0,4,0,0,3,128,0
0,0.92,2,0,0,0,0,4,2,0,0,44,0
0,0.92,0,0,0,0,0,18,2,0,4,67,0
2,0.91,1,0,0,1,3,22,1,0,2,40,0
26,0.836,0,0,0,1,0,10,1,0,2,124,0
0,0.92,0,0,0,0,0,0,3,0,1,21,0
2,0.91,0,1,0,0,0,1,0,1,0,8,0
10,0.754,1,1,0,0,0,19,7,0,1,41,0
6,0.855,0,0,0,1,0,15,1,0,2,70,0
0,0.92,0,1,0,2,1,2,0,1,3,47,0
0,0.92,2,0,0,1,2,0,2,3,1,38,0
2,0.91,0,1,1,0,0,0,0,1,2,32,1
0,0.92,0,0,0,1,2,6,3,0,0,20,0
58,0.698,0,1,3,3,1,3,0,1,3,37,0
4,0.92,0,0,0,0,0,11,0,1,5,102,0
3,0.926,0,0,0,0,0,0,1,0,1,42,0
70,0.74,0,0,0,1,0,15,5,3,0,51,0
0,0.92,1,0,0,0,0,0,3,5,2,242,0
2,0.91,0,0,0,0,0,11,3,0,1,51,1
0,0.92,0,0,0,1,0,15,2,0,2,53,0
48,0.698,0,0,0,1,0,16,7,1,0,11,0
2,0.91,0,0,2,0,0,7,3,5,1,17,0
8,0.804,0,0,0,0,0,17,0,1,2,18,0
2,0.91,0,0,0,4,0,0,4,0,1,57,0
54,0.8270000000000001,1,0,2,2,1,1,4,0,2,27,0
40,0.949,0,1,0,0,0,12,0,0,3,70,0
3,0.926,3,1,1,2,1,9,8,1,0,210,0
0,0.92,0,0,2,0,0,9,0,1,0,19,1
0,0.92,2,0,0,1,0,15,5,3,0,292,0
1,0.624,1,0,1,0,0,4,0,1,3,16,1
1,0.624,0,1,1,2,1,13,0,1,3,17,0
24,0.762,1,0,0,1,0,8,5,5,0,34,0
5,0.897,0,0,0,3,1,0,0,1,0,15,0
72,0.865,0,0,0,0,0,7,1,0,2,142,1
2,0.91,0,0,0,1,0,3,2,0,2,46,0
8,0.804,1,0,0,2,1,2,1,0,0,81,0
0,0.92,0,0,0,0,2,13,0,1,0,8,1
0,0.92,0,1,0,5,1,2,6,5,0,108,0
3,0.926,0,0,0,1,0,0,3,0,0,20,0
85,0.7390000000000001,0,0,2,0,0,16,2,0,2,64,0
0,0.92,1,0,0,4,0,0,5,0,5,84,0
3,0.926,0,0,0,0,0,4,2,0,0,32,0
5,0.897,0,0,0,1,0,6,1,0,2,30,0
0,0.92,1,0,0,1,0,6,0,1,0,42,1
1,0.624,1,0,1,0,0,3,6,4,3,38,1
16,0.939,0,1,2,0,0,16,1,0,1,44,0
0,0.92,2,0,0,0,0,0,6,0,1,42,0
16,0.939,0,1,0,5,1,5,0,1,3,28,0
38,0.895,0,1,0,5,1,6,0,1,3,232,0
9,0.924,1,0,0,3,1,0,0,1,2,25,0
0,0.92,0,0,0,0,0,20,5,0,1,8,0
11,0.887,0,1,1,2,1,2,0,1,0,82,0
25,0.743,2,0,0,1,3,8,2,0,4,9,0
6,0.855,0,0,0,1,0,1,2,1,0,46,0
8,0.804,0,0,0,1,0,7,0,1,0,84,0
2,0.91,1,0,1,1,0,1,1,1,6,92,0
0,0.92,0,0,0,0,0,0,8,3,1,168,0
23,0.767,0,0,1,0,0,3,6,2,2,71,1
0,0.92,1,0,0,0,0,8,1,0,4,56,0
34,0.915,1,0,0,1,0,0,1,0,2,39,0
2,0.91,1,0,0,0,0,7,3,0,0,9,0
56,0.691,0,0,0,0,0,1,4,3,2,78,0
0,0.92,1,1,0,2,1,2,0,1,3,23,0
17,0.899,0,0,0,1,0,17,4,2,2,28,0
0,0.92,0,0,0,0,0,8,1,0,2,43,0
3,0.926,0,0,0,1,0,11,7,0,0,74,0
26,0.836,3,1,0,5,1,14,0,0,3,8,0
32,0.866,0,1,0,0,0,7,0,1,0,50,0
0,0.92,0,1,0,5,1,2,0,1,3,200,0
0,0.92,0,0,0,4,0,0,4,2,0,202,0
27,0.682,0,0,0,2,1,6,5,0,0,28,0
3,0.926,0,1,0,2,1,6,6,2,0,46,0
40,0.949,0,0,0,0,0,0,8,3,3,134,0
17,0.899,0,0,0,0,0,2,7,0,0,10,0
1,0.624,1,0,0,0,0,2,2,0,0,51,1
1,0.624,0,1,1,0,0,2,0,3,3,44,1
77,0.698,0,0,0,0,0,11,0,0,0,30,0
2,0.91,0,0,0,1,0,0,6,4,2,130,0
25,0.743,0,0,1,1,0,0,5,0,0,70,0
0,0.92,0,0,0,0,0,0,5,0,4,104,0
0,0.92,0,0,0,0,0,6,7,0,2,200,0
4,0.92,0,1,0,3,1,3,0,1,6,53,0
42,0.738,0,0,1,0,0,3,3,0,0,24,0
0,0.92,0,0,0,0,0,0,5,0,1,58,0
22,0.8959999999999999,0,0,0,0,0,0,4,0,2,46,0
3,0.926,0,1,0,2,1,2,0,0,3,37,0
0,0.92,0,0,0,0,0,0,8,0,1,15,0
11,0.887,2,1,1,1,0,5,0,3,0,52,1
13,0.55,1,0,0,0,0,4,1,0,5,32,1
9,0.924,1,0,0,0,0,10,3,0,0,48,0
0,0.92,0,0,0,0,0,0,5,0,0,28,0
0,0.92,0,0,0,3,1,15,5,0,1,22,0
41,0.794,0,0,0,0,6,11,2,5,0,242,0
29,0.89,0,0,0,0,0,11,3,0,4,38,0
0,0.92,0,0,0,0,0,12,4,0,2,44,0
22,0.8959999999999999,0,1,0,1,0,2,2,1,0,32,0
3,0.926,0,1,3,0,0,1,6,0,0,66,0
3,0.926,0,1,1,5,1,1,0,1,3,52,0
0,0.92,0,1,0,5,1,3,0,0,3,99,0
33,0.6890000000000001,1,0,1,0,0,13,0,1,0,18,1
12,0.884,0,0,0,0,0,8,8,0,0,163,0
2,0.91,0,1,0,5,1,6,0,0,3,106,0
23,0.767,1,0,1,0,0,3,0,1,6,59,1
48,0.698,0,0,0,1,0,8,2,0,2,48,0
3,0.926,0,0,0,4,0,0,1,0,2,28,1
0,0.92,0,0,0,4,0,0,4,4,1,41,0
10,0.754,0,0,0,0,0,0,2,0,2,96,0
0,0.92,0,0,0,3,1,0,2,0,0,130,0
14,0.698,0,1,2,1,0,3,1,0,5,149,0
7,0.939,0,0,0,0,0,0,0,1,0,32,0
4,0.92,0,0,1,0,0,10,0,1,0,18,1
0,0.92,0,0,0,0,0,7,5,5,1,12,0
2,0.91,0,0,0,1,0,8,5,0,0,18,0
1,0.624,0,1,0,0,0,2,2,1,3,85,1
29,0.89,0,0,0,0,0,18,2,0,0,96,0
20,0.878,0,0,0,0,0,0,1,0,2,24,0
25,0.743,0,0,0,4,0,8,2,5,3,10,0
1,0.624,0,0,0,0,0,1,4,0,5,48,1
1,0.624,0,0,2,0,0,6,1,0,2,21,0
0,0.92,0,0,0,0,0,12,0,1,0,122,1
41,0.794,1,1,0,0,0,16,2,1,2,44,0
0,0.92,0,0,0,0,0,12,3,0,1,8,0
4,0.92,0,0,0,0,0,0,1,0,2,108,0
1,0.624,0,1,0,2,1,14,0,0,3,35,0
4,0.92,0,0,2,0,0,15,4,4,2,336,0
28,0.6659999999999999,2,0,0,0,0,2,1,1,0,14,0
1,0.624,1,0,0,0,0,16,4,0,1,110,1
1,0.624,0,0,0,0,0,1,2,0,4,28,0
37,0.8270000000000001,1,0,0,1,0,6,6,4,4,16,0
3,0.926,0,0,0,1,0,0,1,0,1,74,0
13,0.55,0,0,0,0,0,6,2,0,2,117,1
25,0.743,0,0,1,2,1,1,0,1,3,32,0
6,0.855,0,0,0,0,0,15,1,2,2,16,0
9,0.924,0,0,0,0,0,0,1,0,0,17,0
2,0.91,0,0,0,0,0,15,4,0,0,90,0
22,0.8959999999999999,0,0,0,0,0,16,7,2,2,57,0
33,0.6890000000000001,0,0,0,0,0,9,0,1,2,135,0
2,0.91,0,0,2,2,1,4,7,0,0,12,0
22,0.8959999999999999,2,1,2,2,1,14,6,1,0,22,0
0,0.92,0,0,0,0,0,0,8,5,4,36,0
1,0.624,2,1,0,0,0,1,3,0,0,68,1
0,0.92,2,0,0,0,0,16,1,2,0,32,0
0,0.92,0,0,0,0,0,6,1,0,2,15,0
0,0.92,0,0,0,0,0,1,4,0,0,56,0
5,0.897,1,0,0,1,0,6,7,0,0,278,0
0,0.92,1,0,0,0,0,9,2,3,2,9,0
17,0.899,0,0,0,2,1,2,6,4,3,45,0
2,0.91,2,0,0,1,0,5,2,5,0,29,0
0,0.92,0,0,1,2,1,9,3,0,0,39,0
4,0.92,0,0,0,0,0,15,5,3,1,54,0
4,0.92,2,0,0,1,0,21,8,0,0,25,0
1,0.624,0,0,1,0,0,4,3,0,5,6,0
30,0.925,1,0,0,0,0,0,2,0,1,63,0
3,0.926,0,0,1,0,0,2,3,0,0,65,0
1,0.624,1,0,0,0,0,2,3,0,2,28,1
3,0.926,0,0,0,1,0,12,5,0,0,38,0
11,0.887,0,1,0,1,0,16,3,0,4,23,1
1,0.624,0,0,0,0,0,3,6,4,0,61,0
5,0.897,0,0,0,1,0,8,3,0,2,47,0
20,0.878,0,1,0,0,0,11,6,4,0,65,0
3,0.926,0,0,0,1,0,7,2,0,0,42,0
11,0.887,1,0,0,1,0,1,6,4,0,107,0
0,0.92,0,0,0,0,0,0,4,0,0,3,0
12,0.884,0,0,0,0,0,6,1,2,0,81,0
17,0.899,1,1,0,5,1,3,0,1,3,102,0
30,0.925,1,0,0,0,0,12,3,0,0,17,0
8,0.804,1,1,0,0,0,7,2,3,5,39,0
5,0.897,0,0,0,1,0,12,4,4,2,20,0
10,0.754,1,0,0,1,0,2,0,1,0,33,1
0,0.92,1,0,0,0,4,1,5,0,0,99,0
7,0.939,0,0,0,0,0,0,3,0,0,45,0
2,0.91,0,0,0,0,0,11,6,0,0,119,0
0,0.92,1,0,0,0,6,0,5,0,1,44,0
0,0.92,1,0,0,0,0,19,1,0,2,37,0
63,0.84,1,0,0,4,0,0,5,0,0,210,1
0,0.92,3,0,0,0,5,2,1,2,0,31,0
2,0.91,1,0,1,0,0,5,0,1,6,14,0
24,0.762,0,0,0,0,0,17,6,0,1,18,1
1,0.624,1,0,1,0,0,4,2,1,3,6,1
1,0.624,1,0,1,0,0,5,2,1,6,37,1
0,0.92,0,0,0,4,0,0,2,0,1,128,0
91,0.563,0,0,0,1,0,4,1,0,0,103,1
0,0.92,0,0,0,1,0,0,2,0,1,98,0
15,0.913,0,0,0,0,0,2,6,0,2,12,0
0,0.92,3,1,1,0,0,8,0,1,3,100,1
10,0.754,0,0,0,0,0,1,3,0,0,51,0
40,0.949,3,1,0,1,0,8,1,1,0,88,0
3,0.926,1,0,0,2,1,21,0,1,1,80,0
1,0.624,1,0,0,0,0,6,1,0,2,29,0
34,0.915,1,0,1,0,0,1,4,1,2,42,0
25,0.743,0,1,1,0,0,1,6,4,0,304,0
44,0.7759999999999999,0,0,0,0,0,7,7,0,1,32,0
1,0.624,2,1,1,2,1,3,0,1,3,242,0
5,0.897,1,0,0,1,0,0,8,0,1,282,0
23,0.767,0,0,1,0,0,4,0,1,2,42,1
0,0.92,0,0,0,1,0,12,2,2,0,106,0
40,0.949,1,1,0,1,0,2,7,1,3,53,0
69,0.847,0,0,1,1,0,4,8,0,0,72,1
2,0.91,0,0,1,0,0,4,6,0,2,151,0
1,0.624,1,1,0,0,0,14,6,1,0,104,1
2,0.91,0,0,0,0,0,17,4,2,2,102,0
1,0.624,1,1,2,0,0,6,5,0,4,84,1
0,0.92,0,1,0,0,0,0,0,1,1,47,1
23,0.767,0,0,0,1,0,20,2,0,0,54,0
1,0.624,1,0,0,0,0,10,3,0,1,21,0
3,0.926,0,0,0,1,0,0,1,0,0,12,0
1,0.624,1,0,3,3,1,1,0,1,0,139,1
16,0.939,0,0,1,0,0,7,8,3,2,11,0
0,0.92,1,0,0,0,0,3,8,0,5,55,0
0,0.92,0,0,0,0,3,7,1,0,1,206,0
17,0.899,0,0,0,0,0,0,3,0,1,7,1
23,0.767,2,1,0,1,4,13,0,1,3,54,1
57,0.698,0,0,2,0,0,11,1,1,0,17,0
107,0.78,0,1,0,0,0,15,1,0,1,28,1
0,0.92,0,0,0,0,0,2,2,0,0,56,0
36,0.527,0,1,1,2,1,2,0,1,3,160,1
1,0.624,0,0,0,0,0,7,6,0,0,41,1
1,0.624,0,0,1,3,1,5,1,0,0,99,0
51,0.698,0,1,1,0,0,1,0,0,3,12,1
0,0.92,0,1,3,1,2,16,0,1,0,142,1
0,0.92,0,0,0,0,0,19,2,0,0,88,0
0,0.92,2,0,0,0,4,5,1,0,0,222,0
77,0.698,1,0,2,0,0,6,1,0,2,12,0
0,0.92,1,1,0,0,0,2,3,3,0,5,0
4,0.92,0,0,1,0,0,9,0,1,0,34,1
27,0.682,0,0,0,0,0,20,8,0,1,9,0
11,0.887,1,1,0,1,0,9,0,1,2,88,1
8,0.804,1,0,0,0,0,6,0,1,0,47,0
2,0.91,0,0,0,0,0,0,1,0,0,14,0
3,0.926,2,0,0,1,2,0,6,0,1,66,0
11,0.887,0,0,0,0,0,17,1,0,0,20,0
20,0.878,0,0,2,0,0,7,1,3,0,166,0
22,0.8959999999999999,0,1,0,2,1,3,2,0,1,10,0
7,0.939,0,0,2,0,0,17,7,0,0,22,0
26,0.836,0,1,1,2,1,4,0,1,3,108,0
0,0.92,0,0,0,0,0,0,6,0,1,178,0
11,0.887,0,0,0,0,0,1,3,0,0,222,0
45,0.925,0,0,0,0,0,16,4,4,0,24,1
0,0.92,1,1,1,0,0,3,1,1,0,70,1
10,0.754,0,0,0,1,2,0,0,1,2,26,0
24,0.762,0,0,0,1,0,7,2,0,1,97,0
3,0.926,0,0,0,1,0,8,1,0,2,123,0
2,0.91,2,0,1,0,0,1,5,3,0,114,0
1,0.624,1,0,3,0,0,2,2,0,4,63,0
9,0.924,0,0,0,1,0,0,1,5,0,12,0
0,0.92,0,0,0,1,0,16,5,0,4,66,0
4,0.92,0,1,0,2,1,0,0,1,1,22,0
53,0.7659999999999999,0,0,0,0,0,3,0,1,0,154,0
9,0.924,3,1,1,2,1,3,0,1,0,22,1
78,0.795,1,0,3,0,0,15,0,1,1,4,1
0,0.92,0,1,0,5,1,5,0,1,0,39,0
10,0.754,0,1,2,0,0,9,6,4,0,50,0
5,0.897,0,0,0,1,0,9,6,4,0,84,0
11,0.887,0,0,0,1,0,0,0,1,2,10,0
14,0.698,0,0,1,1,0,0,3,3,0,28,0
4,0.92,0,0,0,0,0,8,3,0,0,36,0
63,0.84,0,0,0,0,0,3,6,1,3,63,0
0,0.92,0,0,0,0,3,0,0,1,0,232,0
4,0.92,1,0,0,0,0,6,0,1,2,122,0
0,0.92,0,0,0,0,0,12,1,2,5,24,0
4,0.92,0,0,0,0,0,0,0,1,0,47,0
1,0.624,0,0,0,0,0,17,4,2,0,107,0
115,0.807,1,0,0,0,0,0,0,1,4,37,0
3,0.926,1,1,0,2,1,3,0,1,3,56,0
23,0.767,1,0,2,0,0,3,1,0,5,74,0
17,0.899,1,0,0,1,0,15,2,4,0,20,0
6,0.855,1,0,0,0,0,3,0,1,2,36,1
17,0.899,0,0,2,0,0,0,2,0,2,83,1
1,0.624,1,0,0,0,4,14,4,3,0,102,1
52,0.698,0,1,0,3,1,13,0,1,3,42,0
0,0.92,0,0,0,0,2,6,2,0,5,54,0
52,0.698,0,0,0,0,0,12,6,0,2,298,0
0,0.92,1,1,1,0,0,2,0,3,0,15,0
58,0.698,1,0,3,3,1,0,0,1,6,51,0
8,0.804,1,0,0,5,1,0,3,1,0,55,0
12,0.884,1,0,0,1,0,8,0,1,0,12,0
34,0.915,0,0,1,2,1,7,3,0,0,89,0
2,0.91,0,0,0,0,0,12,6,2,0,45,0
1,0.624,1,0,1,0,0,1,8,0,2,4,0
4,0.92,0,0,0,1,0,0,0,0,0,9,0
0,0.92,0,0,0,1,0,8,3,0,0,174,0
4,0.92,0,1,1,1,5,10,0,3,1,90,1
43,0.5579999999999999,0,0,0,0,0,3,2,0,1,87,1
26,0.836,0,0,0,0,0,0,2,3,1,94,0
2,0.91,1,0,0,1,0,11,6,4,0,79,0
5,0.897,0,0,0,0,0,1,6,2,5,30,0
2,0.91,0,0,0,0,0,0,0,1,4,98,0
53,0.7659999999999999,1,1,1,0,0,6,0,1,0,54,0
0,0.92,2,0,0,0,2,13,1,2,0,15,0
3,0.926,0,0,0,0,0,12,4,0,4,22,1
9,0.924,0,0,0,0,0,1,4,0,3,49,0
93,0.516,1,0,1,0,0,3,7,0,0,32,0
4,0.92,1,0,0,0,0,0,0,1,1,36,0
0,0.92,0,1,1,0,0,2,0,1,5,60,1
0,0.92,1,0,1,0,0,1,5,5,0,54,0
2,0.91,0,0,0,0,0,0,5,0,1,64,0
1,0.624,0,0,0,1,0,16,4,0,0,59,0
5,0.897,1,1,1,0,0,5,7,0,0,9,0
5,0.897,0,0,0,1,0,6,2,0,2,80,0
0,0.92,0,0,0,0,0,10,6,1,0,66,0
17,0.899,1,0,0,0,0,0,2,2,1,26,0
0,0.92,0,0,0,5,1,9,1,1,0,180,0
49,0.789,0,0,1,0,0,7,6,4,0,77,1
32,0.866,0,0,0,0,0,21,2,0,1,109,0
1,0.624,1,0,1,0,0,13,1,6,3,124,1
6,0.855,0,0,0,1,0,2,2,1,4,67,0
9,0.924,1,0,0,1,0,11,1,0,1,196,0
5,0.897,0,0,0,1,0,10,5,0,0,15,0
34,0.915,2,0,0,0,0,20,1,1,2,28,0
3,0.926,0,1,0,2,1,4,5,1,0,34,0
6,0.855,0,0,0,1,0,7,0,0,0,162,0
1,0.624,0,0,0,0,0,1,8,0,0,22,1
5,0.897,0,1,0,1,0,9,4,0,0,11,0
3,0.926,1,0,0,0,0,18,6,0,1,76,0
25,0.743,0,0,1,2,1,13,0,3,0,3,0
5,0.897,0,1,0,1,0,7,0,1,0,60,1
0,0.92,0,0,0,0,0,0,0,1,1,111,0
9,0.924,0,0,0,0,0,6,7,1,2,184,0
0,0.92,0,0,1,1,4,0,0,1,2,12,0
35,0.843,1,1,1,0,0,1,0,1,3,13,1
0,0.92,2,0,2,0,0,9,2,0,0,40,1
10,0.754,0,0,0,1,6,19,1,0,4,72,0
3,0.926,0,0,2,1,0,6,6,3,0,27,0
35,0.843,0,1,1,0,0,2,0,1,3,56,0
40,0.949,0,0,0,0,0,18,2,1,1,24,0
43,0.5579999999999999,1,1,0,0,0,3,1,0,0,27,0
0,0.92,2,0,0,1,0,7,7,0,2,41,0
36,0.527,0,0,0,0,0,3,5,3,0,62,1
7,0.939,1,1,2,0,0,5,0,1,3,36,0
13,0.55,1,0,0,1,0,7,1,0,1,23,0
0,0.92,0,0,0,0,0,21,0,1,0,134,1
5,0.897,0,0,2,0,0,4,3,3,4,25,0
3,0.926,0,0,0,0,0,0,2,0,0,21,0
1,0.624,0,0,0,0,0,6,0,1,3,68,0
2,0.91,0,0,0,1,0,0,3,0,1,8,0
33,0.6890000000000001,2,0,1,1,0,19,1,0,0,125,0
0,0.92,0,0,0,1,5,0,0,1,0,170,1
0,0.92,0,0,0,0,0,10,7,0,5,51,0
2,0.91,2,1,1,0,0,2,6,4,0,34,0
7,0.939,0,1,0,0,0,3,5,0,2,184,0
0,0.92,2,0,0,1,0,0,0,1,2,38,1
0,0.92,0,1,1,0,0,5,0,1,0,50,1
0,0.92,2,0,0,1,5,13,6,4,0,78,0
1,0.624,0,0,0,0,0,0,1,0,1,104,0
0,0.92,0,0,0,0,0,17,3,0,2,84,0
11,0.887,1,0,0,0,0,7,1,0,2,69,0
79,0.743,1,1,2,5,1,5,1,2,0,44,1
73,0.764,0,0,0,0,0,3,6,0,0,12,0
2,0.91,0,1,1,0,0,5,0,1,0,82,0
33,0.6890000000000001,0,0,0,0,0,16,4,4,0,84,0
1,0.624,0,0,0,1,0,5,3,0,2,41,1
63,0.84,0,0,0,1,0,2,2,0,0,6,1
16,0.939,0,1,1,2,1,6,0,1,0,182,0
21,0.923,0,0,0,0,0,2,4,0,0,35,0
31,0.579,0,1,1,2,1,5,0,1,3,158,0
1,0.624,1,0,0,0,0,3,3,0,0,264,1
4,0.92,1,0,0,1,0,15,0,1,6,91,1
35,0.843,1,1,2,0,0,9,3,0,2,11,0
21,0.923,0,0,0,1,0,8,1,0,0,70,0
30,0.925,0,1,0,3,1,13,0,1,3,89,0
3,0.926,0,0,0,1,0,3,2,2,0,19,0
0,0.92,1,0,0,0,0,1,0,1,0,58,0
24,0.762,0,0,0,1,0,1,3,3,0,28,1
1,0.624,1,0,0,1,0,0,3,3,1,20,0
0,0.92,0,1,0,0,0,2,1,0,0,32,0
0,0.92,2,0,0,0,0,21,0,1,1,20,1
1,0.624,0,1,0,3,1,13,0,1,3,31,0
8,0.804,1,0,0,1,0,17,5,0,0,107,0
4,0.92,0,0,0,0,0,19,5,5,1,70,0
5,0.897,0,0,0,1,0,8,1,6,2,64,0
0,0.92,0,0,0,0,0,6,4,4,1,35,0
3,0.926,1,1,0,0,4,5,1,0,0,15,0
57,0.698,0,0,1,0,0,8,1,0,1,20,0
15,0.913,0,0,0,1,0,18,6,2,0,11,0
0,0.92,0,0,0,0,0,12,1,0,1,156,0
0,0.92,0,1,2,1,0,8,3,0,3,182,0
77,0.698,1,0,0,0,0,9,2,3,5,7,0
16,0.939,0,0,0,1,0,0,3,0,1,88,0
12,0.884,0,0,2,1,0,1,0,1,4,22,0
2,0.91,0,1,0,0,0,2,5,0,0,22,0
46,0.698,0,0,0,1,0,9,1,0,0,37,0
0,0.92,0,0,0,1,5,0,0,1,0,13,1
0,0.92,0,0,1,0,0,5,4,0,0,5,1
1,0.624,0,0,0,3,1,7,2,0,2,12,0
0,0.92,0,0,0,0,0,12,1,0,3,250,0
2,0.91,0,0,0,2,1,1,1,0,0,34,0
94,0.898,0,0,0,0,0,20,7,0,0,220,0
19,0.893,0,0,0,0,0,8,2,0,5,10,0
0,0.92,0,0,0,0,0,0,7,5,2,4,0
0,0.92,0,0,0,0,0,21,2,0,0,20,0
12,0.884,2,0,0,0,0,6,4,5,0,39,0
16,0.939,0,0,0,0,0,0,6,0,2,149,0
1,0.624,0,0,0,0,0,3,5,0,2,258,1
10,0.754,0,1,0,2,1,4,2,3,3,100,0
0,0.92,0,0,2,0,0,7,3,0,0,55,0
0,0.92,1,0,0,1,3,0,0,1,1,90,1
0,0.92,1,0,0,0,0,7,3,0,0,28,0
0,0.92,0,0,0,1,0,7,7,0,4,48,0
41,0.794,2,0,0,1,2,4,1,0,0,182,0
3,0.926,0,0,0,1,0,7,3,0,2,50,0
52,0.698,0,1,1,0,0,3,0,1,0,19,1
0,0.92,0,0,0,0,0,5,2,0,2,45,0
0,0.92,0,1,1,2,1,5,1,0,0,220,0
12,0.884,0,0,0,0,0,16,6,4,0,98,0
5,0.897,2,0,0,1,0,4,1,3,0,17,0
1,0.624,0,0,1,0,0,3,4,0,1,116,1
1,0.624,0,1,3,1,0,9,1,5,0,18,0
4,0.92,1,0,0,1,0,11,3,0,2,38,0
29,0.89,0,0,0,2,1,12,1,0,2,39,0
92,0.64,0,1,1,0,0,1,0,1,0,47,0
0,0.92,0,1,0,0,0,18,2,2,1,14,0
64,0.479,1,0,0,4,2,0,0,1,1,79,1
3,0.926,0,0,0,0,0,11,2,0,4,21,0
1,0.624,0,0,1,0,0,9,3,0,5,92,0
3,0.926,0,0,0,2,1,17,4,0,2,32,0
0,0.92,1,1,1,0,0,4,0,1,0,90,1
2,0.91,0,0,2,0,0,3,2,3,5,84,0
13,0.55,0,0,0,0,0,3,2,5,0,62,0
57,0.698,0,0,0,0,0,20,1,2,0,28,0
49,0.789,1,1,1,0,0,5,0,1,0,23,1
0,0.92,0,0,0,0,2,13,3,0,0,25,0
7,0.939,2,0,0,0,0,4,1,4,0,7,0
8,0.804,0,1,0,0,0,11,1,0,0,136,1
3,0.926,0,0,0,0,0,11,2,0,2,8,0
0,0.92,0,0,0,0,0,10,0,1,0,136,0
1,0.624,0,1,1,0,0,5,0,1,3,40,0
14,0.698,1,1,0,2,1,5,0,1,3,76,0
0,0.92,0,0,0,0,0,0,1,0,1,143,0
4,0.92,0,0,0,0,0,11,6,0,0,72,0
6,0.855,0,0,0,1,0,10,2,2,0,55,0
9,0.924,0,0,0,1,0,0,2,0,1,80,0
10,0.754,2,1,0,1,4,21,0,1,5,13,1
30,0.925,0,0,0,0,0,1,1,0,0,21,0
39,0.903,1,1,0,3,1,4,0,1,3,56,1
0,0.92,1,0,0,0,0,19,2,0,5,52,0
43,0.5579999999999999,1,1,1,0,0,14,6,4,0,53,1
14,0.698,0,0,0,0,0,11,6,0,0,78,0
42,0.738,0,0,0,1,0,16,4,4,0,50,0
0,0.92,0,1,0,1,0,18,2,5,1,38,0
0,0.92,0,0,0,0,0,2,1,0,0,53,0
35,0.843,0,0,0,2,1,0,0,1,1,44,0
13,0.55,0,1,1,5,1,3,0,1,3,210,1
2,0.91,0,0,0,1,0,0,3,0,0,62,0
0,0.92,1,1,0,0,0,5,7,6,0,78,1
8,0.804,0,0,0,1,0,21,5,0,0,3,0
107,0.78,0,1,3,3,1,3,0,1,3,129,0
1,0.624,1,1,2,1,0,13,8,0,0,55,1
1,0.624,0,1,1,2,1,5,0,1,3,43,0
4,0.92,0,0,0,0,0,0,0,1,3,18,1
1,0.624,0,0,0,0,0,12,0,1,0,94,1
20,0.878,0,0,0,0,0,15,3,0,0,100,0
1,0.624,0,1,0,0,0,3,1,4,0,150,1
3,0.926,0,0,0,0,0,0,0,1,4,8,0
0,0.92,1,1,0,0,0,4,6,0,1,10,0
0,0.92,0,0,0,1,0,10,2,0,2,106,0
0,0.92,0,1,1,0,0,11,6,2,4,75,0
1,0.624,0,1,0,0,0,14,0,1,3,84,1
1,0.624,1,1,1,0,0,5,0,1,3,114,0
1,0.624,1,0,0,0,0,6,7,0,3,99,0
0,0.92,0,0,1,2,1,1,5,0,0,34,0
1,0.624,0,0,0,1,0,1,7,0,0,102,0
2,0.91,0,1,0,4,0,0,5,3,1,13,0
1,0.624,2,1,3,1,0,5,0,2,0,7,0
4,0.92,0,0,0,0,0,8,1,0,0,66,0
27,0.682,0,1,0,0,0,3,1,0,0,11,0
20,0.878,0,1,1,0,0,6,0,1,0,52,1
19,0.893,0,1,0,0,0,5,0,1,3,222,0
104,0.698,1,1,0,0,0,3,6,0,2,43,0
1,0.624,0,0,0,1,0,6,6,2,0,192,1
0,0.92,0,0,0,0,0,18,3,0,1,94,0
51,0.698,0,0,0,1,0,6,4,0,2,25,0
0,0.92,0,0,0,0,0,16,4,0,3,25,0
17,0.899,2,0,0,0,3,0,0,1,1,178,0
22,0.8959999999999999,0,0,0,1,0,17,8,3,2,88,0
24,0.762,0,1,0,0,3,5,5,0,3,26,0
4,0.92,0,0,0,0,0,8,0,1,1,22,1
0,0.92,1,0,2,0,2,10,0,1,0,192,1
1,0.624,0,0,0,0,0,13,6,0,0,31,1
0,0.92,1,0,0,1,0,0,2,5,0,109,0
0,0.92,0,0,0,0,0,10,1,1,0,37,0
1,0.624,2,0,0,0,0,3,2,1,0,114,1
0,0.92,0,0,0,1,0,0,1,0,4,19,0
1,0.624,0,0,0,0,0,6,8,0,3,66,0
19,0.893,0,0,0,3,1,16,1,0,4,11,0
1,0.624,0,0,0,1,0,0,8,0,1,72,1
36,0.527,0,0,0,0,0,18,6,0,3,24,0
80,0.725,0,0,1,0,0,4,1,1,5,10,1
0,0.92,0,0,2,0,3,1,4,0,2,70,0
2,0.91,0,1,0,2,1,14,0,1,2,39,0
0,0.92,2,0,0,0,0,3,1,0,0,42,0
5,0.897,1,0,0,1,0,0,0,1,6,85,1
6,0.855,2,0,0,0,0,2,6,1,0,5,0
15,0.913,1,0,0,1,0,0,1,0,5,16,0
0,0.92,0,0,0,1,0,8,5,0,4,24,1
11,0.887,1,1,1,2,1,8,0,1,3,13,0
1,0.624,2,0,3,0,0,14,7,1,6,79,1
5,0.897,0,0,0,1,0,20,2,1,0,216,0
38,0.895,1,0,0,1,0,9,1,0,2,53,0
2,0.91,0,1,0,0,2,0,3,0,1,210,0
40,0.949,0,0,0,1,0,0,5,0,1,105,0
26,0.836,0,0,2,0,0,8,0,1,2,21,0
0,0.92,0,0,0,0,0,0,0,1,1,21,1
0,0.92,0,0,0,0,0,2,1,0,0,132,0
79,0.743,1,0,0,1,0,8,2,5,0,146,0
0,0.92,0,0,0,1,0,0,0,1,1,102,1
5,0.897,0,0,0,1,0,9,0,1,0,70,0
3,0.926,0,0,0,4,0,0,2,5,1,13,1
4,0.92,0,0,0,0,0,1,1,2,0,102,0
3,0.926,0,1,1,2,1,8,2,0,0,58,0
1,0.624,2,0,0,0,0,2,1,2,0,172,1
0,0.92,2,0,0,0,0,12,2,3,2,64,0
8,0.804,0,0,0,0,0,7,2,0,0,60,0
37,0.8270000000000001,0,0,1,0,0,4,5,0,0,45,0
13,0.55,2,0,0,0,0,2,7,0,3,55,0
1,0.624,1,1,1,0,0,3,0,0,3,106,1
0,0.92,2,0,0,4,0,0,1,0,2,23,0
0,0.92,0,0,0,0,0,0,7,1,2,55,0
1,0.624,1,1,1,0,0,5,6,4,3,88,0
5,0.897,0,0,0,0,0,4,6,4,0,260,0
1,0.624,0,0,0,0,0,8,8,1,4,58,0
2,0.91,0,0,0,0,0,0,6,0,1,81,0
44,0.7759999999999999,0,0,0,0,3,2,6,0,0,108,0
29,0.89,0,1,1,0,0,6,0,1,0,152,1
1,0.624,0,0,1,0,0,8,7,0,1,52,0
2,0.91,0,0,0,0,0,0,1,0,1,91,0
5,0.897,2,1,1,0,0,2,3,3,0,47,0
8,0.804,0,0,0,1,0,16,1,0,3,26,1
43,0.5579999999999999,0,0,1,0,0,2,1,0,0,104,1
1,0.624,1,0,0,0,0,11,3,0,0,40,0
3,0.926,2,0,0,0,0,0,2,0,2,40,0
11,0.887,0,0,0,4,0,7,4,0,2,218,0
2,0.91,0,1,0,0,0,11,2,5,1,122,0
0,0.92,0,0,0,0,0,8,0,1,5,68,1
1,0.624,0,0,0,0,0,3,6,0,0,204,0
0,0.92,0,0,0,0,0,8,3,0,0,72,0
0,0.92,0,0,0,0,0,8,0,1,2,82,1
1,0.624,1,0,0,1,0,4,4,0,6,45,1
0,0.92,0,0,0,1,0,11,2,3,1,24,0
35,0.843,0,1,1,0,0,2,0,1,3,30,1
58,0.698,1,1,2,3,1,8,0,1,2,250,0
1,0.624,1,1,1,0,0,6,0,1,3,20,1
4,0.92,0,0,0,1,0,9,1,0,0,204,0
3,0.926,0,1,1,2,1,2,0,0,3,60,0
53,0.7659999999999999,1,0,0,0,0,4,5,0,2,33,0
8,0.804,1,1,0,0,0,1,0,1,0,155,0
4,0.92,0,0,0,1,0,0,2,0,1,45,0
1,0.624,0,1,1,2,1,1,0,1,3,114,0
0,0.92,0,0,0,0,0,6,6,0,4,196,0
8,0.804,0,0,0,1,0,0,5,0,0,43,0
10,0.754,0,0,1,0,0,16,0,1,0,91,1
36,0.527,0,1,0,0,3,3,0,1,3,28,0
4,0.92,3,0,0,0,0,10,2,0,1,53,0
0,0.92,0,0,0,0,0,0,3,0,1,7,0
1,0.624,1,0,0,0,3,14,4,0,0,5,1
1,0.624,0,0,0,0,0,20,0,1,1,22,0
6,0.855,2,1,1,2,1,3,0,1,3,63,1
34,0.915,0,0,0,0,0,4,1,0,0,104,0
28,0.6659999999999999,0,0,0,0,4,0,0,1,0,29,0
58,0.698,0,0,0,0,6,6,6,0,6,47,0
2,0.91,0,1,1,5,1,13,0,1,3,7,0
1,0.624,2,0,0,1,0,14,5,0,3,39,0
2,0.91,1,0,0,0,0,0,0,1,0,15,0
11,0.887,0,0,0,2,1,2,1,0,0,11,0
40,0.949,0,0,0,0,0,11,3,0,0,45,0
3,0.926,0,0,2,0,0,20,5,0,3,128,0
1,0.624,1,0,0,1,0,14,6,4,3,118,1
14,0.698,1,1,1,0,0,5,2,0,6,145,0
60,0.83,0,0,0,1,0,17,0,0,0,157,0
16,0.939,1,0,0,0,0,0,1,0,1,118,0
0,0.92,0,1,1,0,0,5,0,1,3,42,1
41,0.794,1,0,0,1,0,15,2,0,1,44,0
0,0.92,0,0,0,0,0,4,3,3,2,21,0
1,0.624,0,0,1,1,0,2,2,0,0,12,1
0,0.92,1,0,0,0,5,10,2,0,0,84,0
0,0.92,0,0,0,0,0,10,0,1,1,23,0
33,0.6890000000000001,1,0,0,0,0,16,4,1,4,105,0
1,0.624,1,0,0,0,0,0,0,1,0,3,1
2,0.91,2,1,3,2,1,3,0,1,3,122,0
30,0.925,0,1,0,0,3,0,0,1,2,50,0
0,0.92,2,1,0,0,2,17,2,2,2,12,0
0,0.92,0,0,0,0,0,0,3,0,2,25,0
21,0.923,0,0,0,1,0,16,2,0,0,105,0
1,0.624,0,0,1,1,0,3,2,0,5,30,0
5,0.897,0,0,0,2,1,10,0,1,4,15,0
35,0.843,1,0,0,0,0,8,2,5,0,130,0
49,0.789,1,0,0,0,0,19,3,0,1,18,1
88,0.794,1,1,1,2,1,2,4,4,3,86,0
16,0.939,0,0,0,1,0,7,0,1,0,66,0
5,0.897,0,0,0,1,0,10,1,4,2,9,0
1,0.624,0,1,1,2,1,13,0,1,3,9,1
13,0.55,1,0,0,0,0,1,0,1,0,138,0
1,0.624,0,0,1,0,0,6,1,0,2,26,1
58,0.698,1,1,3,3,1,5,0,1,3,42,0
78,0.795,0,0,0,0,0,2,0,1,0,8,0
13,0.55,0,0,0,0,0,1,1,0,0,86,0
8,0.804,0,0,0,0,0,7,6,0,0,112,0
0,0.92,0,0,0,1,0,8,3,0,2,16,0
12,0.884,0,0,0,0,0,0,2,0,0,14,0
3,0.926,1,1,1,0,0,11,4,0,2,33,1
0,0.92,0,0,0,0,0,4,8,0,0,25,0
1,0.624,0,0,0,0,0,2,7,2,0,5,1
0,0.92,0,1,0,0,5,11,7,5,1,161,0
2,0.91,0,0,0,0,0,0,0,1,1,15,0
0,0.92,0,1,0,5,1,1,0,1,3,80,0
47,0.555,1,0,0,0,0,4,0,1,2,92,0
0,0.92,1,0,0,5,1,17,1,4,2,26,0
1,0.624,0,0,1,1,0,6,3,3,0,82,1
2,0.91,0,0,0,2,1,8,1,1,0,50,0
6,0.855,0,0,0,1,0,17,6,0,2,28,0
4,0.92,0,1,0,0,0,17,6,0,1,34,0
18,0.802,0,0,0,1,0,20,2,0,2,50,0
1,0.624,0,0,0,1,0,12,4,5,2,268,1
3,0.926,0,1,0,4,0,0,3,0,4,43,0
25,0.743,0,0,0,1,0,13,4,1,0,2,0
49,0.789,0,0,0,2,1,10,6,0,0,6,0
1,0.624,0,1,1,1,0,3,0,1,0,55,1
67,0.722,0,0,0,0,0,5,0,1,0,13,1
2,0.91,0,1,2,0,0,3,5,3,1,84,0
8,0.804,0,0,0,1,0,12,1,0,0,28,0
13,0.55,0,0,3,0,0,5,4,0,0,3,1
24,0.762,0,0,2,0,0,16,7,0,2,70,0
95,0.921,0,1,0,0,0,6,0,1,3,44,1
1,0.624,0,0,0,0,0,10,5,0,2,166,0
26,0.836,0,0,0,0,0,0,5,0,0,114,0
5,0.897,0,0,0,1,0,11,6,0,5,56,0
37,0.8270000000000001,0,0,0,0,5,8,5,0,0,76,1
0,0.92,0,0,0,0,2,11,0,0,5,48,0
22,0.8959999999999999,0,1,2,2,1,4,0,1,0,43,0
54,0.8270000000000001,0,1,3,0,0,2,0,1,0,78,0
0,0.92,0,0,0,0,4,0,6,0,1,47,0
4,0.92,1,1,1,2,1,5,2,0,0,142,0
0,0.92,0,0,0,2,1,19,0,1,0,56,0
2,0.91,0,0,0,0,0,0,3,0,1,16,0
4,0.92,0,1,1,0,0,4,0,1,5,160,0
4,0.92,0,0,1,0,0,9,2,2,0,112,0
3,0.926,0,1,0,1,0,8,3,5,2,18,0
1,0.624,1,0,1,0,0,8,3,0,0,102,1
13,0.55,0,0,0,0,0,1,0,1,2,102,1
12,0.884,0,0,2,0,0,6,2,0,0,28,0
11,0.887,0,1,1,0,0,4,0,1,3,140,0
0,0.92,0,0,0,0,0,2,3,0,0,118,0
11,0.887,0,0,0,2,1,0,0,1,0,102,1
0,0.92,0,1,2,0,0,16,2,5,0,70,0
5,0.897,0,0,0,1,0,0,0,1,0,68,0
4,0.92,0,1,0,4,0,19,8,3,5,250,0
14,0.698,0,1,1,2,1,5,6,4,3,43,0
0,0.92,3,0,3,0,0,4,1,0,3,48,0
7,0.939,0,0,0,0,0,0,6,0,2,65,0
8,0.804,0,0,0,0,0,0,0,1,0,292,0
74,0.698,0,0,0,0,0,7,2,0,1,15,0
21,0.923,0,1,0,0,0,12,3,0,2,168,0
0,0.92,0,0,0,0,0,19,2,5,0,21,0
0,0.92,1,1,1,0,0,1,0,3,0,101,0
4,0.92,0,1,0,0,4,13,8,0,0,48,1
26,0.836,0,0,0,0,0,11,5,0,0,96,0
3,0.926,1,0,0,2,1,5,4,0,0,70,0
2,0.91,0,0,0,0,0,0,4,0,2,14,0
1,0.624,1,1,0,0,0,5,8,3,0,5,1
0,0.92,0,0,0,0,0,15,2,0,1,64,0
30,0.925,0,0,0,1,0,18,0,1,1,24,0
2,0.91,0,0,0,0,0,0,3,3,0,41,0
0,0.92,0,0,0,0,0,7,4,4,1,67,1
12,0.884,0,0,2,1,0,5,1,1,0,15,0
0,0.92,0,0,0,0,0,10,1,2,2,31,0
2,0.91,0,0,0,0,2,5,7,2,3,28,0
0,0.92,2,0,0,1,2,4,3,3,0,9,0
4,0.92,0,0,1,0,0,7,0,1,0,101,1
24,0.762,0,1,0,0,0,3,0,1,0,31,1
1,0.624,1,0,1,1,0,1,7,0,2,55,0
4,0.92,0,0,0,0,0,17,6,4,2,55,0
2,0.91,1,1,1,0,0,5,5,6,0,260,0
15,0.913,1,0,0,1,0,0,0,1,1,40,0
6,0.855,0,1,0,1,0,12,6,0,0,34,0
0,0.92,0,0,0,0,0,15,3,3,1,17,0
3,0.926,0,0,1,1,5,10,1,0,2,37,0
1,0.624,0,1,1,0,0,2,1,1,0,158,0
44,0.7759999999999999,1,1,1,0,0,4,0,1,0,84,1
0,0.92,0,1,1,0,0,13,0,1,0,53,1
1,0.624,0,1,0,0,0,5,1,0,3,24,1
1,0.624,0,0,1,0,0,6,1,0,0,3,1
1,0.624,0,0,1,0,0,13,1,0,3,10,1
28,0.6659999999999999,0,0,1,0,0,12,3,0,5,258,1
6,0.855,0,0,0,0,0,5,2,0,0,20,0
7,0.939,0,1,0,0,0,12,8,3,0,26,0
0,0.92,0,0,0,0,0,3,0,1,0,90,0
2,0.91,0,0,1,0,0,1,0,1,4,52,0
0,0.92,2,1,0,4,0,0,3,0,1,79,0
1,0.624,0,0,0,1,0,4,2,2,0,15,1
1,0.624,0,0,0,0,0,13,3,0,0,60,1
1,0.624,1,1,2,1,0,12,0,1,0,17,0
12,0.884,0,0,2,0,0,11,4,4,0,138,0
2,0.91,0,0,0,2,1,18,3,0,1,22,0
0,0.92,0,1,1,1,0,19,0,3,1,21,1
1,0.624,1,1,1,1,0,3,0,1,3,163,0
0,0.92,2,0,0,0,0,3,7,2,2,19,0
4,0.92,0,0,0,0,0,15,2,0,0,70,0
0,0.92,1,0,0,0,0,2,8,0,0,160,0
1,0.624,1,0,0,0,0,2,1,0,3,23,0
11,0.887,0,1,0,2,1,13,0,1,0,51,0
1,0.624,1,0,1,0,0,13,6,4,6,85,1
0,0.92,0,0,0,0,0,0,1,0,4,8,0
81,0.4479999999999999,1,0,2,0,0,7,1,5,1,48,1
3,0.926,0,1,0,0,0,16,4,1,0,24,0
2,0.91,0,0,0,0,0,15,4,0,1,15,0
25,0.743,0,0,0,0,0,18,0,0,2,20,0
3,0.926,1,1,0,1,0,0,3,0,1,5,0
1,0.624,1,0,1,1,0,1,0,1,3,24,1
3,0.926,0,1,1,0,0,18,0,3,4,20,0
0,0.92,0,0,0,0,0,9,6,0,2,155,0
42,0.738,0,0,0,1,0,19,1,0,1,18,0
74,0.698,0,0,0,0,0,11,1,0,4,39,0
1,0.624,0,0,0,0,0,6,1,0,0,50,0
3,0.926,0,0,0,1,0,12,0,1,0,63,0
11,0.887,0,0,1,0,0,0,0,1,0,50,1
0,0.92,0,1,1,0,0,1,5,0,1,39,0
2,0.91,1,1,0,5,1,1,0,1,3,34,0
23,0.767,0,0,1,0,0,10,1,0,5,84,0
0,0.92,0,0,0,1,2,0,6,4,4,10,0
18,0.802,0,0,1,0,0,8,3,0,0,136,0
5,0.897,0,0,0,1,0,0,0,1,5,54,0
8,0.804,1,1,0,5,1,5,0,1,3,66,0
7,0.939,0,0,0,1,0,17,8,3,0,161,0
2,0.91,3,0,0,0,0,11,8,0,0,33,0
53,0.7659999999999999,1,0,2,0,0,1,3,1,3,40,0
7,0.939,0,0,0,0,0,19,2,0,2,218,0
8,0.804,0,0,0,0,0,10,0,1,0,64,0
1,0.624,1,0,1,0,0,2,2,0,0,112,0
0,0.92,1,1,1,3,1,14,0,1,3,34,0
40,0.949,0,1,0,4,2,4,5,3,1,127,0
9,0.924,0,1,1,2,1,13,1,0,0,39,0
21,0.923,0,0,0,1,0,16,5,0,2,18,0
0,0.92,0,0,0,0,3,2,4,1,0,29,0
42,0.738,0,0,0,0,0,9,8,0,0,17,1
44,0.7759999999999999,0,0,0,0,2,0,0,1,4,29,0
8,0.804,0,0,0,0,0,18,1,0,1,15,0
1,0.624,0,0,2,0,0,3,4,0,0,67,1
3,0.926,0,0,0,1,0,0,5,0,1,74,0
7,0.939,0,1,0,3,1,7,6,0,1,25,0
6,0.855,1,0,0,0,0,8,4,0,0,44,1
1,0.624,2,0,0,1,0,1,6,1,0,20,1
24,0.762,1,0,0,0,0,7,1,0,0,33,0
15,0.913,0,0,0,0,0,9,2,1,4,46,0
1,0.624,0,0,0,0,0,13,0,1,0,4,1
0,0.92,0,0,0,0,0,10,3,0,2,34,0
1,0.624,0,1,1,0,0,5,0,1,3,36,0
22,0.8959999999999999,0,0,0,1,2,20,8,5,5,65,0
8,0.804,0,0,0,4,0,14,2,0,2,248,1
74,0.698,0,0,0,0,0,1,0,1,5,25,0
0,0.92,0,0,0,0,0,0,0,1,1,5,1
51,0.698,1,0,0,0,0,0,2,0,1,36,0
24,0.762,0,0,2,0,0,8,2,0,0,3,0
36,0.527,0,0,0,0,0,5,0,1,0,264,0
9,0.924,0,1,1,0,0,1,0,1,1,8,0
1,0.624,1,0,1,1,0,1,4,1,6,10,1
2,0.91,0,0,0,0,0,1,1,0,0,102,0
14,0.698,0,0,0,0,0,8,0,1,0,130,0
12,0.884,0,0,0,0,0,0,3,0,1,80,0
13,0.55,0,0,0,0,0,18,7,0,0,22,0
6,0.855,0,1,0,4,0,0,0,3,1,99,0
0,0.92,1,0,0,0,5,16,1,0,5,28,0
5,0.897,0,1,1,0,0,3,0,1,0,80,1
32,0.866,0,0,0,1,0,19,0,1,5,101,1
3,0.926,0,0,0,0,0,0,4,0,0,6,0
22,0.8959999999999999,0,1,1,1,2,14,0,1,0,150,0
2,0.91,0,0,0,0,3,7,0,1,1,116,0
6,0.855,0,0,0,0,0,2,1,3,5,158,0
49,0.789,0,0,0,0,0,0,4,0,0,4,0
17,0.899,0,0,2,0,0,12,3,3,2,78,0
1,0.624,0,1,1,0,0,5,0,1,3,14,1
20,0.878,0,1,3,3,1,4,0,1,0,60,0
0,0.92,0,1,1,0,0,4,0,3,2,52,1
0,0.92,0,0,0,0,0,19,3,0,1,90,0
20,0.878,0,0,0,4,0,0,7,0,2,50,0
0,0.92,0,0,0,4,0,17,3,3,1,12,0
0,0.92,0,0,0,1,0,0,0,1,1,70,0
0,0.92,0,1,0,0,0,0,1,0,1,28,1
2,0.91,0,0,1,1,2,1,7,0,1,14,0
35,0.843,0,1,1,2,1,4,0,1,3,310,0
42,0.738,0,1,0,2,1,0,0,1,0,56,0
2,0.91,1,0,3,1,0,0,0,1,4,72,0
10,0.754,0,0,0,0,0,10,1,0,0,72,0
1,0.624,1,0,1,0,0,3,1,4,0,27,0
18,0.802,0,0,0,0,0,20,6,0,0,23,0
1,0.624,1,1,2,2,1,13,0,1,3,232,0
3,0.926,0,0,1,0,0,8,0,1,2,73,0
9,0.924,0,0,0,0,0,3,5,0,5,81,0
13,0.55,1,0,0,0,0,2,4,0,0,78,1
2,0.91,0,0,1,2,1,2,0,1,0,144,0
0,0.92,0,1,0,0,0,1,0,1,2,29,0
5,0.897,1,1,3,2,1,1,0,1,6,55,0
1,0.624,1,0,0,0,0,3,4,1,2,13,1
0,0.92,0,0,0,0,0,0,5,0,2,26,0
12,0.884,1,0,0,1,0,5,8,0,3,174,1
1,0.624,1,0,0,1,0,6,4,0,3,70,1
2,0.91,0,1,1,2,1,3,6,0,0,50,0
3,0.926,1,1,0,5,1,1,0,1,3,19,0
14,0.698,0,1,0,0,0,3,4,5,0,83,0
3,0.926,0,0,0,0,0,8,7,0,2,22,0
1,0.624,1,1,0,5,1,13,0,1,3,46,0
2,0.91,0,0,0,0,6,5,6,0,0,130,0
39,0.903,0,0,0,1,0,16,2,0,0,14,0
1,0.624,0,0,0,0,0,3,5,0,2,22,0
32,0.866,0,0,0,0,0,0,5,0,0,23,0
11,0.887,0,0,0,2,1,1,1,0,0,88,0
2,0.91,2,1,1,0,0,1,0,1,3,68,0
56,0.691,1,0,1,0,0,3,2,3,2,26,0
3,0.926,0,1,0,0,0,5,2,0,0,46,0
11,0.887,0,0,2,4,0,0,0,1,1,41,0
0,0.92,0,0,0,0,0,0,8,0,1,29,0
0,0.92,0,0,0,0,0,20,3,0,2,6,0
2,0.91,0,0,0,0,0,5,1,0,0,56,0
1,0.624,2,0,0,0,0,7,5,0,0,80,1
0,0.92,0,1,1,1,2,2,0,1,4,44,1
0,0.92,0,0,0,0,0,0,2,2,0,4,0
1,0.624,0,0,0,0,0,16,7,0,1,330,0
5,0.897,3,0,0,1,0,1,3,1,0,10,0
11,0.887,1,1,1,2,1,2,0,1,0,210,0
0,0.92,0,0,0,1,0,0,3,0,1,42,0
54,0.8270000000000001,0,0,0,1,0,1,2,0,0,69,0
0,0.92,0,0,0,0,0,0,0,1,1,18,0
0,0.92,0,0,0,0,0,1,5,0,5,76,0
29,0.89,0,0,0,2,1,15,2,6,2,39,0
118,0.7809999999999999,2,0,0,1,0,6,3,0,0,21,0
13,0.55,0,0,0,0,0,10,5,0,5,165,1
3,0.926,0,0,0,0,0,8,6,0,0,19,0
2,0.91,0,0,0,0,0,0,2,0,2,12,0
25,0.743,0,0,0,1,3,5,2,1,2,102,0
1,0.624,1,0,0,0,0,13,6,4,0,7,1
1,0.624,1,0,0,0,0,4,7,0,3,11,1
9,0.924,1,0,0,1,0,0,3,0,5,35,0
1,0.624,0,0,0,0,0,16,3,0,1,134,1
16,0.939,0,1,1,0,0,6,0,1,2,78,1
0,0.92,0,0,0,0,5,0,1,0,4,24,0
96,0.745,0,1,0,1,0,4,0,1,0,80,1
95,0.921,0,1,1,2,1,2,0,1,5,21,1
14,0.698,1,0,0,0,0,6,0,1,0,39,0
3,0.926,0,0,0,0,0,12,1,2,0,84,0
0,0.92,0,0,0,0,0,0,3,0,1,156,1
17,0.899,0,0,0,0,0,2,5,0,0,32,0
2,0.91,0,0,0,0,0,9,1,2,0,51,0
19,0.893,1,1,1,0,0,2,0,1,0,46,1
5,0.897,0,0,0,4,0,8,6,0,0,100,0
0,0.92,0,0,0,0,0,0,4,0,4,27,0
1,0.624,1,0,1,0,0,14,7,0,0,14,0
3,0.926,0,0,0,2,1,11,4,0,0,120,0
13,0.55,1,0,0,0,0,13,1,0,0,116,1
8,0.804,1,1,3,0,0,8,3,0,0,37,0
4,0.92,1,0,0,0,0,7,6,0,2,53,0
0,0.92,0,0,0,0,0,8,2,0,2,55,0
0,0.92,0,1,0,0,0,18,0,1,0,117,1
3,0.926,0,0,0,1,0,5,2,3,0,29,0
12,0.884,0,1,0,0,0,20,0,1,1,18,0
3,0.926,1,0,0,0,0,9,1,0,0,3,0
97,0.742,0,1,0,0,0,0,3,5,1,44,0
10,0.754,0,0,1,0,0,7,0,1,2,31,1
4,0.92,0,0,0,0,0,15,0,1,0,7,0
2,0.91,0,0,0,1,0,0,0,1,1,23,0
20,0.878,0,0,0,1,0,0,1,0,1,25,0
3,0.926,1,1,1,2,1,14,0,1,4,254,0
0,0.92,0,0,0,1,0,0,3,0,1,46,0
4,0.92,0,0,0,0,0,0,2,0,2,64,0
3,0.926,0,0,0,2,1,12,2,0,1,74,0
0,0.92,0,0,0,0,0,7,8,5,4,12,0
1,0.624,0,0,1,0,0,3,2,0,0,45,1
0,0.92,0,0,0,0,2,3,1,2,0,18,0
19,0.893,0,0,0,0,0,10,5,0,1,60,0
48,0.698,1,1,1,2,1,8,0,1,2,23,1
5,0.897,0,1,0,3,1,6,0,1,2,52,0
9,0.924,1,1,0,0,0,0,0,1,1,12,1
0,0.92,0,0,0,1,4,5,2,0,0,30,0
0,0.92,2,0,0,1,0,4,4,4,0,18,0
31,0.579,1,0,0,0,0,6,2,0,0,9,0
0,0.92,0,0,0,1,0,0,2,0,2,26,0
14,0.698,0,1,0,1,0,17,1,0,3,131,0
0,0.92,3,1,1,0,5,13,0,1,3,117,0
32,0.866,1,1,1,2,1,14,0,1,3,64,0
0,0.92,1,0,0,2,1,8,5,0,2,3,0
45,0.925,0,1,0,1,0,17,2,2,0,292,0
2,0.91,0,0,0,0,0,16,0,1,0,3,0
0,0.92,0,0,0,0,0,10,1,0,1,12,0
7,0.939,0,1,1,0,0,17,0,1,0,145,0
56,0.691,3,1,1,2,1,3,0,1,0,151,1
41,0.794,0,0,0,0,0,18,6,0,4,118,0
1,0.624,1,0,3,0,0,5,0,0,3,8,0
0,0.92,0,0,0,0,0,0,1,0,1,42,0
32,0.866,1,1,3,3,1,8,0,1,3,59,0
0,0.92,0,0,2,0,0,8,2,0,2,156,0
5,0.897,0,0,0,0,0,6,6,0,5,27,0
4,0.92,0,0,0,0,0,0,1,0,5,147,0
0,0.92,0,0,0,0,0,18,0,1,0,48,1
3,0.926,0,0,1,2,1,7,2,6,3,40,1
5,0.897,1,1,1,2,1,2,0,1,3,182,0
1,0.624,0,0,0,1,0,6,3,0,3,216,1
2,0.91,0,0,0,0,0,12,7,0,0,80,0
18,0.802,1,0,0,0,4,11,0,1,0,73,0
0,0.92,0,0,0,0,0,7,4,0,0,8,0
2,0.91,0,1,1,0,0,3,2,0,5,18,1
2,0.91,1,1,0,3,1,5,0,1,3,36,0
3,0.926,0,0,2,0,0,2,4,0,6,12,0
0,0.92,1,1,0,3,1,2,0,1,6,46,0
1,0.624,1,1,0,3,1,3,0,1,6,12,0
9,0.924,0,0,0,0,0,9,6,1,0,54,0
0,0.92,0,0,0,1,0,11,1,0,2,35,0
7,0.939,0,1,1,0,0,9,3,3,2,64,0
14,0.698,2,1,0,0,0,5,0,1,0,48,0
57,0.698,1,0,2,0,0,4,7,0,0,82,0
6,0.855,1,0,0,1,0,9,0,1,2,41,1
1,0.624,1,0,0,0,0,17,0,1,5,77,1
12,0.884,0,0,0,5,1,11,5,0,0,52,0
0,0.92,0,0,0,0,0,0,2,0,2,23,0
1,0.624,0,1,1,2,1,2,0,1,3,64,1
0,0.92,0,0,0,0,2,4,3,0,0,9,0
1,0.624,0,1,0,0,0,1,4,1,0,32,0
1,0.624,1,1,3,0,6,5,0,1,3,33,1
0,0.92,0,1,1,0,0,2,0,1,0,28,1
0,0.92,1,1,0,0,0,2,1,0,4,130,0
2,0.91,0,1,2,0,0,5,0,1,0,13,0
1,0.624,1,0,0,1,0,17,3,0,2,22,0
75,0.698,0,0,0,2,1,16,2,0,0,2,0
0,0.92,0,1,0,0,0,1,0,1,0,89,1
0,0.92,2,1,1,0,0,2,4,1,4,53,0
0,0.92,0,1,1,0,0,3,0,1,3,138,1
10,0.754,0,0,0,1,0,18,0,1,2,10,1
17,0.899,0,1,0,0,0,8,5,0,0,41,0
1,0.624,2,0,0,0,0,1,5,0,5,60,0
1,0.624,2,1,1,1,0,1,0,1,3,26,1
42,0.738,2,0,0,2,1,9,0,1,3,28,0
0,0.92,3,0,0,2,1,2,0,1,3,56,0
0,0.92,1,0,0,0,0,7,4,0,4,22,1
1,0.624,1,0,0,0,0,2,2,0,2,43,1
5,0.897,0,1,1,3,1,1,0,1,0,210,0
20,0.878,0,1,1,0,0,3,0,1,5,112,1
0,0.92,1,0,0,0,2,0,5,3,1,234,0
0,0.92,0,0,0,4,0,0,3,0,4,330,0
27,0.682,1,0,1,0,0,3,0,1,0,24,0
51,0.698,1,0,1,1,0,16,0,1,0,44,0
15,0.913,0,0,0,1,0,0,0,1,3,16,0
0,0.92,3,0,0,0,5,5,7,1,0,96,0
10,0.754,0,0,0,0,0,0,1,0,5,124,0
18,0.802,0,0,0,0,0,2,2,1,3,46,0
1,0.624,1,0,0,3,1,3,4,4,0,53,1
2,0.91,0,0,2,1,0,0,1,0,1,35,0
55,0.848,0,0,2,0,0,0,0,1,2,8,1
18,0.802,0,0,0,1,0,0,0,1,0,145,1
12,0.884,0,0,0,0,0,17,3,0,0,16,0
4,0.92,0,0,2,0,0,4,0,1,0,43,1
3,0.926,0,0,1,2,1,7,2,0,1,46,0
2,0.91,0,0,0,0,0,18,1,0,0,118,0
10,0.754,0,0,0,0,0,19,1,0,4,74,0
8,0.804,0,0,0,0,0,18,1,5,0,57,0
41,0.794,0,0,1,1,0,13,6,0,0,108,0
1,0.624,0,0,1,0,0,14,4,4,0,324,1
39,0.903,0,0,0,0,0,16,6,5,5,54,1
36,0.527,2,1,0,0,0,13,0,1,0,50,0
0,0.92,0,0,0,0,0,0,4,2,4,48,0
23,0.767,0,0,1,0,0,2,7,0,0,48,0
2,0.91,0,0,0,3,1,0,0,1,2,300,0
10,0.754,1,0,0,0,4,11,0,1,4,30,1
3,0.926,0,0,0,4,0,0,2,0,4,42,1
12,0.884,0,0,0,2,1,19,6,0,2,7,1
15,0.913,0,1,1,2,1,5,0,1,3,22,0
36,0.527,1,0,0,0,0,8,0,1,1,118,1
1,0.624,0,0,0,0,0,1,2,3,2,30,0
1,0.624,0,1,1,0,0,2,0,1,3,55,0
47,0.555,1,0,0,0,0,11,2,0,0,124,1
1,0.624,0,0,1,0,0,8,2,0,0,74,1
5,0.897,0,0,0,0,0,12,1,0,0,44,0
0,0.92,1,0,2,0,0,3,0,1,6,30,0
0,0.92,1,0,3,0,2,0,0,1,0,258,0
2,0.91,0,0,0,1,0,17,2,0,2,328,0
0,0.92,1,0,1,0,0,4,0,1,0,139,1
18,0.802,0,0,0,1,0,11,7,0,0,20,0
22,0.8959999999999999,0,0,0,0,0,6,6,2,2,30,0
43,0.5579999999999999,0,1,1,2,1,2,6,4,0,87,0
0,0.92,0,1,0,4,0,0,0,1,1,36,0
0,0.92,0,0,0,0,0,0,2,0,1,25,0
14,0.698,0,1,1,0,0,14,0,1,3,25,0
0,0.92,0,0,0,1,0,8,7,0,1,40,0
0,0.92,0,0,0,2,1,4,3,0,0,26,0
9,0.924,0,0,0,0,0,11,6,4,0,84,0
1,0.624,1,1,1,0,0,5,1,0,0,7,0
8,0.804,0,0,0,1,0,0,0,1,0,14,0
0,0.92,0,0,0,1,0,8,5,0,2,56,1
3,0.926,0,0,0,1,0,8,3,0,1,36,0
6,0.855,0,0,0,1,0,8,7,0,1,108,0
35,0.843,0,0,0,0,0,4,7,0,1,123,0
4,0.92,2,0,0,0,0,7,4,0,4,101,1
1,0.624,0,1,0,0,0,14,1,0,2,43,0
11,0.887,0,0,0,0,0,16,0,1,4,96,1
1,0.624,0,1,0,0,0,0,0,1,2,87,0
39,0.903,0,0,0,1,0,8,3,0,0,24,1
39,0.903,0,0,0,1,0,0,1,2,1,12,0
4,0.92,0,0,1,0,0,0,2,0,2,136,0
1,0.624,0,0,0,0,0,4,2,0,5,89,0
6,0.855,0,0,2,0,0,7,1,0,0,99,0
9,0.924,1,0,0,1,0,3,6,1,0,28,0
23,0.767,0,1,1,2,1,2,0,1,2,17,1
5,0.897,1,0,0,1,0,9,0,0,0,55,0
0,0.92,0,0,0,0,0,12,4,0,2,4,0
4,0.92,2,1,0,0,2,5,0,1,0,20,1
9,0.924,1,1,1,0,0,3,1,0,0,78,0
0,0.92,1,0,0,3,1,0,3,0,1,50,0
3,0.926,0,1,2,1,4,13,2,2,0,96,0
6,0.855,0,0,0,1,0,12,3,0,0,15,0
2,0.91,1,1,0,2,1,2,0,1,3,150,0
0,0.92,0,1,0,1,0,0,0,1,1,47,1
1,0.624,0,0,0,0,0,4,3,0,0,142,1
0,0.92,0,0,0,0,0,2,5,5,4,23,0
2,0.91,1,0,0,1,2,14,1,4,0,6,0
2,0.91,0,0,1,0,0,9,2,2,2,262,0
1,0.624,0,1,0,0,0,2,8,0,4,54,1
37,0.8270000000000001,1,1,1,0,0,9,0,1,5,88,1
12,0.884,0,1,1,2,1,9,0,1,0,113,0
6,0.855,0,0,0,0,0,0,4,0,0,322,0
0,0.92,0,0,0,1,0,7,0,0,1,10,0
40,0.949,1,1,0,0,0,2,0,1,2,68,1
38,0.895,2,1,1,0,0,6,0,5,0,21,1
45,0.925,1,1,1,0,0,4,5,3,0,4,0
22,0.8959999999999999,0,0,0,1,0,7,3,0,0,55,0
5,0.897,0,1,3,3,1,13,0,1,3,24,0
1,0.624,0,0,2,0,0,5,6,0,0,11,1
0,0.92,0,0,0,0,0,20,1,4,0,120,0
3,0.926,1,0,0,0,0,0,0,1,4,15,0
9,0.924,1,0,1,0,0,11,1,0,4,10,0
8,0.804,0,0,0,0,0,18,0,1,0,75,0
0,0.92,0,0,0,1,0,0,2,0,2,48,0
4,0.92,0,1,0,0,0,10,0,1,0,162,1
1,0.624,0,0,0,0,0,2,6,0,0,112,0
3,0.926,0,0,2,0,0,19,7,0,2,64,0
0,0.92,0,0,0,1,0,7,3,0,1,23,1
20,0.878,0,0,0,1,0,11,2,0,0,24,1
0,0.92,1,0,0,0,0,9,2,2,0,77,0
22,0.8959999999999999,0,1,1,2,1,2,0,1,2,11,0
4,0.92,2,0,0,0,2,3,1,3,2,46,0
57,0.698,0,1,1,2,1,7,4,4,0,102,1
59,0.74,0,0,0,1,0,1,3,5,0,10,0
17,0.899,0,0,0,0,0,21,8,0,0,30,0
31,0.579,0,0,0,0,0,4,3,0,0,202,1
1,0.624,0,0,0,1,0,8,0,1,0,26,1
22,0.8959999999999999,0,1,1,0,0,2,0,1,3,36,1
100,0.698,1,0,0,4,0,0,0,1,3,5,0
1,0.624,0,0,2,0,0,9,3,0,0,62,1
44,0.7759999999999999,1,0,1,1,0,10,2,2,2,39,0
1,0.624,1,0,0,0,0,9,3,0,6,91,0
0,0.92,2,0,0,1,0,0,5,1,0,28,0
1,0.624,0,0,1,0,0,5,4,4,0,33,1
3,0.926,1,1,0,4,2,0,0,1,0,48,0
2,0.91,0,1,2,1,0,2,6,4,0,90,0
0,0.92,0,0,0,0,0,6,2,0,4,22,0
2,0.91,0,0,0,0,0,1,1,0,1,20,0
4,0.92,0,1,1,1,0,2,0,1,2,29,1
0,0.92,0,0,0,0,0,20,8,0,4,160,0
7,0.939,2,0,0,0,0,11,2,0,1,105,0
6,0.855,0,1,2,0,2,12,0,1,1,104,1
0,0.92,0,0,0,1,2,21,5,5,1,69,0
28,0.6659999999999999,0,0,0,0,2,19,6,0,0,334,0
42,0.738,1,0,1,0,3,13,8,0,0,90,0
0,0.92,1,1,0,2,1,14,0,1,3,94,0
3,0.926,1,1,0,0,5,0,0,1,5,24,0
28,0.6659999999999999,0,0,0,0,0,15,1,2,0,31,0
4,0.92,0,0,0,0,0,19,6,0,2,88,0
32,0.866,0,1,2,1,0,0,2,3,1,18,0
1,0.624,0,0,0,0,0,4,3,0,0,50,1
0,0.92,0,0,0,0,0,20,7,0,1,14,0
4,0.92,0,1,0,3,1,4,0,1,3,33,0
0,0.92,0,1,0,0,0,4,0,1,0,92,1
1,0.624,0,0,0,1,0,9,5,0,3,78,1
3,0.926,0,0,1,1,0,1,0,5,0,53,0
39,0.903,1,1,0,0,4,2,3,0,0,200,0
10,0.754,0,0,0,1,0,15,1,0,0,12,0
0,0.92,0,0,0,0,0,0,5,0,2,5,0
4,0.92,1,0,0,0,0,19,0,1,0,6,0
18,0.802,0,0,0,0,0,8,6,0,4,141,0
7,0.939,0,0,0,0,0,0,5,0,2,42,0
27,0.682,0,1,1,2,1,1,0,1,3,29,0
0,0.92,0,0,0,0,0,9,3,0,0,6,0
10,0.754,0,0,0,0,0,11,8,0,0,90,0
0,0.92,0,0,0,0,0,12,2,0,0,18,0
40,0.949,0,0,0,1,0,8,2,0,2,29,0
14,0.698,0,1,1,0,0,13,0,1,0,13,0
51,0.698,1,1,0,2,1,1,0,1,3,26,0
22,0.8959999999999999,0,0,0,0,0,8,5,0,0,28,0
4,0.92,1,0,0,2,1,0,2,1,0,8,0
0,0.92,0,0,0,0,0,11,1,0,5,17,0
0,0.92,0,0,0,0,0,0,4,0,2,43,0
21,0.923,1,1,1,2,1,6,1,1,6,108,0
5,0.897,1,1,1,0,0,5,0,1,3,37,1
8,0.804,0,0,1,2,1,8,0,1,0,16,0
11,0.887,1,1,0,5,1,4,0,1,3,34,0
7,0.939,0,1,0,1,0,2,5,0,2,44,0
3,0.926,0,1,2,1,0,15,0,3,3,10,1
0,0.92,0,0,0,0,0,21,6,0,5,80,0
15,0.913,1,0,0,0,0,16,1,0,1,11,0
0,0.92,1,0,0,0,2,19,3,0,6,13,1
0,0.92,0,0,0,0,0,0,3,0,2,20,0
2,0.91,0,0,0,0,5,16,4,0,0,50,0
0,0.92,0,1,1,0,0,7,5,0,0,97,1
3,0.926,0,0,0,0,0,0,6,0,1,30,0
33,0.6890000000000001,0,0,1,1,0,7,8,0,0,9,0
3,0.926,0,1,0,2,1,3,0,1,3,90,0
2,0.91,0,0,0,0,0,7,7,0,2,85,0
0,0.92,1,0,0,0,0,15,2,0,0,72,0
70,0.74,0,0,0,0,0,7,4,0,0,9,1
1,0.624,1,0,2,0,0,3,4,0,2,15,0
1,0.624,0,1,0,0,0,6,3,3,2,36,0
31,0.579,1,1,1,0,3,4,0,1,3,63,1
87,0.7759999999999999,1,0,1,0,0,2,4,2,0,11,0
4,0.92,0,0,0,0,0,6,1,3,5,52,0
13,0.55,1,1,0,1,3,4,0,1,0,21,1
1,0.624,0,0,0,0,0,8,1,2,3,23,0
2,0.91,0,0,0,0,0,18,6,0,1,128,0
3,0.926,0,0,0,1,0,0,4,0,1,214,0
16,0.939,0,0,0,1,0,0,1,4,0,3,1
1,0.624,0,1,1,2,1,1,0,0,3,14,1
0,0.92,0,0,0,0,0,0,1,6,1,44,0
1,0.624,0,0,0,0,0,6,7,0,0,32,1
0,0.92,0,0,1,1,0,0,0,1,0,40,1
0,0.92,2,0,0,0,4,2,2,2,0,34,0
19,0.893,0,0,0,2,1,1,1,0,3,102,0
36,0.527,0,0,1,2,1,13,0,1,3,25,1
0,0.92,0,0,0,0,0,0,7,3,1,56,0
2,0.91,0,0,0,4,3,0,1,0,1,248,0
52,0.698,1,0,0,1,0,8,5,5,2,119,1
2,0.91,1,1,0,2,1,0,0,1,1,26,1
42,0.738,0,0,0,0,0,7,5,0,2,21,0
1,0.624,1,0,2,1,0,3,7,0,0,55,1
1,0.624,0,0,0,0,0,4,7,0,3,81,1
45,0.925,0,0,0,0,5,15,0,1,0,28,0
0,0.92,0,0,0,1,0,8,7,5,5,182,0
13,0.55,1,0,1,0,0,2,2,0,0,106,0
10,0.754,0,0,1,0,3,6,0,1,4,78,0
0,0.92,0,0,0,0,2,11,7,0,0,78,0
11,0.887,0,1,1,0,0,3,6,2,0,10,1
2,0.91,0,0,0,0,0,0,5,0,1,28,0
2,0.91,0,0,0,0,0,0,2,0,1,62,0
0,0.92,1,0,0,0,0,9,2,3,0,8,0
1,0.624,1,0,0,0,0,18,5,0,0,42,1
3,0.926,0,0,0,1,0,11,1,0,0,15,0
0,0.92,0,0,0,0,0,0,3,0,0,170,0
10,0.754,0,1,1,0,0,14,0,1,3,19,1
10,0.754,0,1,1,0,0,1,0,1,0,111,1
4,0.92,0,1,0,0,0,0,0,1,0,8,1
22,0.8959999999999999,1,0,0,2,1,4,6,2,2,8,0
51,0.698,2,1,2,0,3,3,4,2,0,14,0
23,0.767,1,0,2,1,0,4,3,0,0,114,1
69,0.847,0,0,0,0,0,9,6,0,4,9,0
4,0.92,1,0,0,1,0,0,0,1,0,12,1
0,0.92,0,0,0,1,0,11,2,3,1,37,0
1,0.624,2,0,1,0,0,9,2,0,0,33,0
17,0.899,0,0,0,0,0,17,7,0,0,50,0
0,0.92,0,1,2,4,2,11,4,6,5,13,0
13,0.55,0,0,0,0,0,2,7,0,2,192,0
17,0.899,0,0,0,1,3,10,6,4,0,55,0
24,0.762,0,0,0,0,0,8,2,5,0,11,0
88,0.794,1,1,0,0,0,1,0,1,6,113,0
0,0.92,2,0,0,0,0,16,5,0,2,100,0
25,0.743,0,0,0,0,0,2,0,1,4,15,1
1,0.624,0,0,0,0,0,4,3,0,5,68,1
10,0.754,1,0,0,0,0,11,0,1,2,154,1
44,0.7759999999999999,1,1,0,1,0,15,1,0,3,59,0
8,0.804,1,0,0,0,0,11,8,0,0,76,0
0,0.92,0,0,0,0,0,18,5,0,4,192,1
35,0.843,0,0,1,1,0,9,0,1,0,1,0
0,0.92,0,0,0,0,0,18,2,0,2,4,0
15,0.913,1,1,1,0,0,2,0,1,5,12,0
22,0.8959999999999999,0,0,0,0,0,11,0,0,0,109,0
23,0.767,0,0,2,0,0,7,1,0,2,308,0
3,0.926,1,0,0,0,0,15,7,0,3,48,1
6,0.855,0,0,0,1,0,0,3,0,1,70,0
21,0.923,0,0,0,0,0,17,3,0,2,35,0
20,0.878,1,1,0,2,1,3,0,1,3,85,0
0,0.92,2,0,0,1,2,0,3,0,0,52,0
2,0.91,0,0,0,0,0,0,0,0,1,298,1
1,0.624,1,0,0,0,0,13,4,0,0,35,1
0,0.92,0,0,0,1,0,20,3,0,0,22,0
0,0.92,0,0,0,0,2,0,4,0,1,8,0
44,0.7759999999999999,0,0,0,2,1,13,4,0,0,89,0
1,0.624,1,1,1,2,1,5,0,1,3,32,1
2,0.91,0,0,0,1,0,6,2,0,0,46,0
1,0.624,1,1,1,1,0,14,0,1,3,55,0
0,0.92,1,0,1,0,0,2,0,1,0,55,1
0,0.92,0,1,0,0,2,17,0,1,1,226,0
1,0.624,1,0,0,0,0,6,7,0,0,108,1
1,0.624,0,1,1,0,0,2,0,1,0,132,1
29,0.89,0,1,1,0,0,1,0,1,3,19,0
0,0.92,0,0,0,0,0,16,0,1,5,12,1
0,0.92,0,0,0,0,0,6,3,0,3,31,0
3,0.926,0,0,0,0,3,17,1,2,0,84,0
1,0.624,2,1,0,0,0,4,5,0,3,31,0
0,0.92,0,0,0,0,0,0,2,0,1,151,0
1,0.624,0,0,0,0,0,4,4,0,2,70,1
4,0.92,2,0,1,0,0,19,0,1,1,48,1
0,0.92,0,0,0,0,0,2,7,0,2,42,0
17,0.899,0,0,0,0,0,16,2,0,0,39,0
1,0.624,1,1,1,1,0,2,0,1,3,46,1
1,0.624,1,0,0,0,0,8,8,0,6,14,0
0,0.92,0,0,0,0,0,17,4,2,4,21,0
41,0.794,2,0,1,0,0,8,2,0,1,206,0
0,0.92,0,0,0,1,0,12,2,0,5,81,0
3,0.926,0,0,0,2,1,20,7,0,1,116,1
3,0.926,0,1,0,0,0,18,4,0,0,18,0
24,0.762,0,0,0,0,0,0,0,1,1,67,0
2,0.91,1,0,0,1,0,17,2,0,1,26,0
2,0.91,1,1,0,2,1,1,0,1,3,57,0
0,0.92,3,0,0,0,0,3,1,1,0,10,0
7,0.939,1,0,0,0,0,8,2,0,0,78,0
1,0.624,0,1,1,1,0,3,1,0,0,47,0
57,0.698,1,0,1,0,0,1,7,0,0,166,0
0,0.92,1,0,0,0,0,4,0,1,2,47,1
1,0.624,0,0,0,0,0,6,0,1,0,63,0
24,0.762,3,0,2,2,1,3,4,0,0,262,0
15,0.913,2,0,0,1,0,1,6,4,0,78,0
117,0.698,0,0,0,2,1,0,0,1,1,10,0
52,0.698,0,0,0,0,0,17,1,0,4,9,0
3,0.926,1,0,0,0,0,3,3,0,0,55,0
3,0.926,0,0,0,1,0,9,1,0,0,2,0
0,0.92,0,0,0,0,3,20,1,0,4,45,0
51,0.698,0,1,0,2,1,8,0,1,3,22,0
0,0.92,0,1,0,0,2,10,5,0,1,51,1
36,0.527,0,0,1,2,1,1,0,1,3,98,0
24,0.762,0,0,0,0,0,18,8,0,2,27,0
7,0.939,0,1,1,0,0,1,0,0,3,48,0
1,0.624,0,0,1,0,0,13,5,0,0,58,1
30,0.925,0,0,0,3,1,6,4,0,4,80,1
109,0.645,0,1,0,0,0,14,0,1,3,50,0
0,0.92,0,0,0,0,0,11,8,1,1,80,0
3,0.926,1,0,0,2,1,6,3,0,5,25,0
3,0.926,0,0,0,0,0,0,3,0,1,42,0
1,0.624,1,0,0,0,0,8,5,0,0,109,1
100,0.698,0,0,0,1,0,4,0,1,0,98,1
6,0.855,0,0,0,1,0,19,4,0,1,66,0
1,0.624,1,1,0,0,6,10,0,1,3,18,0
2,0.91,2,1,3,0,0,2,0,0,3,65,0
81,0.4479999999999999,1,1,1,0,0,2,0,3,4,32,1
1,0.624,1,1,0,0,3,5,2,0,0,40,1
1,0.624,0,0,2,4,0,21,4,0,1,108,1
0,0.92,1,0,0,0,0,0,0,1,1,14,0
4,0.92,1,1,0,2,1,14,1,5,4,40,0
0,0.92,2,0,3,0,0,17,0,1,4,52,1
1,0.624,0,1,0,0,0,1,4,2,0,24,1
31,0.579,0,0,0,1,2,7,0,1,3,27,0
1,0.624,0,1,0,0,0,2,0,1,0,45,0
45,0.925,0,1,1,0,0,3,2,5,2,13,0
3,0.926,0,0,0,0,0,0,3,0,1,26,0
2,0.91,0,0,0,0,0,0,5,0,1,68,1
1,0.624,0,0,0,0,0,19,1,0,1,43,0
17,0.899,2,0,0,0,0,18,6,2,0,52,0
1,0.624,0,0,0,0,0,4,1,2,4,17,1
4,0.92,1,0,0,1,0,19,2,0,1,56,1
0,0.92,1,1,1,0,0,1,0,3,0,112,1
1,0.624,1,1,1,0,0,13,0,1,3,18,1
1,0.624,0,0,0,0,0,1,6,4,5,290,0
15,0.913,0,1,1,0,0,11,0,1,0,77,1
0,0.92,0,0,1,1,0,1,0,1,0,55,1
69,0.847,0,0,1,1,0,16,7,3,3,58,0
1,0.624,0,0,0,1,0,18,4,0,0,48,1
31,0.579,0,1,3,3,1,5,0,1,0,13,0
0,0.92,1,0,0,0,0,19,2,0,0,105,1
4,0.92,0,1,1,2,1,2,0,1,0,153,1
5,0.897,0,1,2,0,0,3,3,0,0,5,0
1,0.624,1,0,0,0,0,5,1,0,0,21,1
6,0.855,0,0,0,0,0,5,0,1,0,28,1
2,0.91,0,0,0,1,4,0,3,0,2,48,0
1,0.624,1,0,0,1,0,7,2,0,1,69,1
4,0.92,0,0,0,0,0,2,7,0,0,86,0
22,0.8959999999999999,0,0,0,2,1,0,7,0,1,37,0
14,0.698,3,0,0,0,0,6,5,3,1,11,0
44,0.7759999999999999,0,1,1,2,1,1,0,1,3,56,1
20,0.878,1,0,1,0,0,8,0,1,0,26,0
72,0.865,0,0,0,1,0,0,4,4,4,7,1
0,0.92,0,1,0,3,1,3,0,1,3,52,0
0,0.92,1,0,0,0,0,4,5,0,0,84,0
0,0.92,0,1,0,0,2,13,2,3,0,36,0
0,0.92,0,0,0,0,0,1,3,0,2,102,0
4,0.92,0,0,0,0,0,15,2,0,0,106,0
2,0.91,0,0,2,0,0,7,1,0,4,206,0
4,0.92,0,1,0,5,1,3,0,1,0,17,0
58,0.698,1,0,3,0,0,12,5,0,1,88,0
0,0.92,1,1,0,5,1,5,0,1,3,47,0
1,0.624,0,1,0,1,0,5,0,1,3,58,1
2,0.91,0,0,0,0,0,9,0,0,5,83,0
4,0.92,0,0,0,0,0,1,2,0,0,14,0
0,0.92,1,1,0,5,1,14,0,1,3,29,1
72,0.865,0,0,0,0,0,12,1,2,0,140,0
1,0.624,1,0,0,1,0,1,2,0,0,246,1
1,0.624,0,0,0,0,0,4,1,0,0,43,0
33,0.6890000000000001,0,1,1,2,1,3,0,1,3,45,0
19,0.893,0,0,0,1,0,0,0,1,2,10,0
1,0.624,1,0,0,1,0,13,1,0,0,20,0
2,0.91,0,1,0,0,2,2,0,1,2,76,1
10,0.754,2,1,0,1,0,15,0,1,1,56,0
29,0.89,1,0,1,2,1,4,1,0,0,36,0
43,0.5579999999999999,0,1,1,0,3,2,0,1,0,43,1
0,0.92,0,0,0,0,0,19,7,3,0,55,0
9,0.924,0,0,0,0,0,10,6,0,0,10,0
0,0.92,2,1,1,0,0,1,0,1,0,24,0
17,0.899,0,0,0,0,0,15,4,2,2,9,1
3,0.926,0,0,1,0,0,11,6,0,1,23,0
0,0.92,1,0,0,0,0,12,1,0,1,45,0
20,0.878,1,0,1,1,0,0,0,1,6,28,0
80,0.725,0,1,3,5,1,5,0,1,0,40,1
37,0.8270000000000001,0,0,1,2,1,2,5,0,0,64,0
1,0.624,1,1,1,0,0,1,5,0,1,14,1
1,0.624,0,0,0,0,0,2,2,0,2,94,1
34,0.915,1,1,1,0,0,11,0,1,6,24,0
10,0.754,0,0,0,0,0,15,6,0,3,42,0
2,0.91,0,1,0,0,0,5,0,1,0,43,1
104,0.698,0,1,0,1,3,8,0,1,1,24,0
14,0.698,1,0,0,1,0,8,4,1,4,86,0
0,0.92,0,0,0,0,0,2,5,3,0,21,0
0,0.92,0,0,2,0,0,6,3,3,2,30,0
32,0.866,0,0,1,0,0,9,6,0,2,288,0
8,0.804,2,0,0,1,0,7,0,0,2,24,0
2,0.91,0,0,0,2,1,9,6,4,0,166,0
2,0.91,0,0,0,4,0,11,2,0,2,58,0
1,0.624,1,1,0,0,0,13,3,0,6,36,0
55,0.848,1,0,1,0,0,8,1,0,0,103,0
27,0.682,0,1,1,0,0,14,0,1,0,21,1
0,0.92,0,0,0,0,0,16,5,1,2,18,0
0,0.92,0,1,0,4,0,0,8,5,1,7,0
4,0.92,0,0,0,0,0,8,2,0,2,66,0
1,0.624,0,0,1,0,0,2,1,0,0,23,1
0,0.92,3,1,0,0,0,16,1,0,0,206,0
46,0.698,0,0,0,0,0,0,3,1,1,35,0
3,0.926,0,0,0,2,1,6,1,0,0,85,0
46,0.698,0,1,0,0,0,2,2,3,0,25,0
1,0.624,0,0,0,0,0,2,2,0,5,36,0
23,0.767,0,0,0,0,0,13,2,0,0,37,0
3,0.926,0,0,0,0,0,6,6,4,0,62,0
16,0.939,0,1,1,0,0,8,0,1,3,166,0
1,0.624,0,0,0,1,0,4,7,0,2,155,1
13,0.55,0,0,0,0,0,6,2,0,0,5,0
3,0.926,1,1,1,2,1,13,2,3,0,21,0
1,0.624,0,0,0,0,0,7,3,0,0,156,0
44,0.7759999999999999,0,0,0,1,3,7,6,0,2,35,0
2,0.91,0,0,0,2,1,7,0,1,4,38,0
0,0.92,0,1,1,0,0,12,0,1,3,88,0
64,0.479,1,1,0,3,1,4,0,1,3,113,1
2,0.91,1,0,0,1,0,5,8,0,3,43,0
0,0.92,0,0,0,0,0,2,1,0,4,22,0
25,0.743,1,0,0,1,0,4,1,0,1,112,0
9,0.924,0,0,0,0,0,9,7,0,4,270,0
0,0.92,1,0,0,0,0,0,0,1,1,27,1
0,0.92,0,0,0,0,0,4,2,2,0,168,0
1,0.624,0,1,0,2,1,2,0,0,3,21,1
24,0.762,0,0,0,0,4,0,1,0,0,42,0
12,0.884,1,1,0,0,0,0,1,0,1,106,0
19,0.893,0,0,0,2,1,21,0,1,0,167,0
3,0.926,1,1,2,2,1,3,1,4,2,134,0
1,0.624,1,0,0,2,1,3,0,1,0,27,1
0,0.92,0,0,0,0,0,0,8,0,2,25,0
1,0.624,0,0,1,1,0,11,0,1,2,146,0
2,0.91,1,1,0,5,1,3,0,1,3,48,0
13,0.55,0,1,0,5,1,14,0,1,0,216,0
10,0.754,0,0,0,2,1,2,0,1,0,76,0
2,0.91,0,0,0,0,2,3,0,1,1,2,0
10,0.754,0,0,0,0,0,16,1,2,4,40,0
2,0.91,0,0,0,0,0,0,8,3,1,157,0
1,0.624,0,1,0,0,0,5,2,5,0,19,1
2,0.91,0,0,0,0,0,4,5,0,0,7,0
0,0.92,2,0,0,0,4,10,0,1,1,184,0
19,0.893,0,0,0,1,0,1,1,0,2,65,0
0,0.92,0,1,1,4,0,0,0,1,0,28,0
1,0.624,0,0,1,0,0,2,2,0,0,3,0
0,0.92,0,0,2,0,0,11,3,0,4,36,1
20,0.878,1,0,0,0,0,18,4,0,1,43,0
0,0.92,0,0,0,0,0,8,3,0,4,28,0
0,0.92,0,0,0,0,0,17,8,0,1,12,0
13,0.55,1,0,0,0,0,4,4,0,0,45,1
62,0.7959999999999999,0,1,0,2,1,3,0,1,2,22,1
0,0.92,0,1,0,2,1,4,0,1,0,85,1
27,0.682,1,0,0,0,0,1,4,0,2,172,1
3,0.926,1,0,0,2,1,7,6,0,0,85,0
0,0.92,0,0,0,0,0,0,6,4,0,23,0
13,0.55,0,1,1,2,1,2,0,1,3,23,0
29,0.89,0,1,0,3,1,5,0,1,3,33,0
40,0.949,0,0,0,1,0,17,1,1,1,28,0
16,0.939,0,0,0,2,1,4,4,0,0,134,0
8,0.804,0,1,0,5,1,14,3,0,1,11,0
1,0.624,0,0,1,1,0,0,5,0,1,4,0
3,0.926,0,0,1,1,0,19,1,0,4,27,0
1,0.624,0,0,0,1,0,2,8,0,2,62,0
2,0.91,0,0,0,0,2,1,7,0,1,6,0
36,0.527,0,0,0,0,0,12,6,0,2,114,1
37,0.8270000000000001,0,1,0,2,1,3,0,1,3,28,0
3,0.926,1,0,2,0,0,4,1,0,4,80,1
8,0.804,1,0,1,2,1,4,0,1,0,99,0
19,0.893,0,0,0,2,1,9,2,0,1,110,0
6,0.855,0,0,1,2,1,3,1,0,3,104,0
1,0.624,2,0,0,0,0,5,4,0,0,72,1
1,0.624,0,0,1,0,0,3,7,2,0,113,0
0,0.92,1,1,0,1,0,8,5,0,0,12,0
0,0.92,1,1,0,0,0,0,5,0,0,47,0
17,0.899,0,1,2,0,6,4,0,1,3,17,0
1,0.624,1,0,0,0,0,6,8,0,0,26,1
2,0.91,0,0,0,0,0,19,5,0,2,26,0
7,0.939,0,0,0,0,0,12,5,0,0,34,0
3,0.926,0,0,0,1,0,10,2,0,2,75,0
0,0.92,0,0,0,0,0,12,2,2,0,11,0
1,0.624,0,0,1,0,0,2,5,0,0,74,0
30,0.925,0,0,0,0,0,0,0,1,1,50,0
57,0.698,0,1,3,0,2,3,0,1,0,113,0
3,0.926,0,1,0,0,0,3,3,0,0,27,0
3,0.926,1,0,0,1,0,2,8,0,0,19,0
55,0.848,0,0,0,0,0,10,1,1,4,336,1
25,0.743,0,0,0,1,0,6,5,0,1,6,0
1,0.624,1,0,0,0,0,1,7,4,0,294,0
0,0.92,0,0,0,1,0,0,1,0,2,196,0
11,0.887,0,0,2,0,0,7,6,1,0,3,0
1,0.624,0,0,1,1,0,5,1,2,0,30,0
16,0.939,0,1,1,2,1,3,3,0,5,36,0
2,0.91,0,0,0,0,0,0,2,0,1,114,0
3,0.926,0,0,0,2,1,9,4,0,3,50,1
25,0.743,0,0,2,0,0,5,2,1,0,16,0
3,0.926,0,1,0,2,1,7,1,0,4,121,0
2,0.91,3,1,1,0,0,5,1,1,2,66,0
1,0.624,0,0,0,0,0,5,0,1,2,214,0
4,0.92,0,1,1,2,1,4,0,1,3,21,0
14,0.698,0,0,2,0,0,17,4,5,5,50,0
0,0.92,2,1,2,0,0,3,4,3,0,39,1
7,0.939,1,0,0,2,1,4,0,1,0,59,0
0,0.92,2,0,0,1,0,0,5,0,0,54,0
1,0.624,0,1,1,1,0,2,0,1,3,13,0
4,0.92,0,0,0,0,0,0,1,0,1,214,1
26,0.836,0,0,2,0,0,17,1,3,2,21,0
5,0.897,0,0,2,0,0,7,6,0,0,48,0
2,0.91,2,0,0,4,0,0,7,0,0,18,0
0,0.92,0,0,0,0,0,0,0,1,4,44,1
1,0.624,0,1,1,0,0,14,0,1,3,81,1
0,0.92,0,0,0,0,0,0,1,0,2,123,0
24,0.762,0,0,0,0,0,19,1,0,3,64,0
0,0.92,2,0,0,0,0,10,3,0,2,320,0
2,0.91,2,0,0,0,0,0,2,5,1,37,0
5,0.897,0,1,0,1,0,11,4,0,4,106,0
81,0.4479999999999999,1,0,0,0,0,9,4,0,2,14,0
18,0.802,0,0,0,1,0,12,3,0,4,63,0
0,0.92,0,0,0,3,1,0,0,1,1,150,1
0,0.92,1,0,0,0,0,0,2,1,6,101,0
4,0.92,1,1,0,0,0,7,2,0,1,57,0
5,0.897,1,0,0,0,5,7,1,0,0,47,0
11,0.887,1,1,0,0,3,10,0,1,1,12,0
28,0.6659999999999999,1,0,0,0,0,4,1,0,0,42,0
1,0.624,0,0,0,0,0,19,3,0,2,12,0
1,0.624,0,0,0,1,0,4,1,0,0,56,0
52,0.698,0,1,1,1,0,6,0,1,2,6,0
42,0.738,0,0,1,0,0,3,1,0,3,40,0
6,0.855,2,0,0,2,1,5,2,5,0,24,0
7,0.939,0,1,0,5,1,5,0,1,3,103,0
5,0.897,0,0,0,1,3,16,1,2,0,256,0
0,0.92,0,0,0,0,0,9,7,2,0,30,0
4,0.92,0,0,2,0,2,0,0,1,2,21,1
2,0.91,0,0,0,1,0,4,0,1,4,15,0
5,0.897,0,0,0,2,1,0,0,1,4,76,0
14,0.698,0,1,0,3,1,4,0,1,2,136,0
0,0.92,2,1,0,2,1,14,0,1,3,182,0
10,0.754,0,0,0,0,0,19,5,0,1,15,0
98,0.775,1,1,2,0,0,1,0,1,0,46,1
3,0.926,1,0,0,1,0,6,2,0,0,18,0
0,0.92,0,0,0,0,0,7,6,0,1,266,0
31,0.579,1,1,1,0,0,13,0,1,0,16,1
62,0.7959999999999999,1,1,2,0,0,1,0,1,3,9,1
11,0.887,0,1,0,2,1,5,0,1,3,10,0
35,0.843,0,1,0,2,1,0,0,1,1,248,0
55,0.848,0,0,0,0,0,7,2,0,0,80,0
16,0.939,0,0,0,4,0,0,7,0,1,9,0
0,0.92,0,0,0,0,0,0,5,0,4,8,0
33,0.6890000000000001,1,1,0,3,1,5,0,1,3,21,0
4,0.92,0,0,0,0,0,2,1,0,0,204,0
1,0.624,0,1,1,2,1,3,0,1,3,129,1
56,0.691,0,0,0,0,0,0,4,0,1,45,0
0,0.92,0,0,0,0,5,5,5,0,2,46,0
0,0.92,0,0,1,1,0,10,1,0,2,166,0
3,0.926,0,0,0,2,1,1,5,0,3,56,0
0,0.92,0,0,0,2,1,7,1,0,4,36,0
1,0.624,0,0,0,1,0,10,1,4,5,57,0
7,0.939,0,0,0,0,0,4,4,2,0,100,0
11,0.887,1,0,0,0,0,12,6,0,1,36,0
1,0.624,0,0,0,1,4,10,0,1,1,76,0
0,0.92,0,1,0,0,0,10,0,1,1,103,1
33,0.6890000000000001,0,0,0,3,1,3,1,0,0,50,0
0,0.92,0,0,0,0,0,21,2,0,0,46,0
0,0.92,2,1,1,0,0,2,0,1,3,38,1
3,0.926,1,1,1,0,3,13,4,4,0,14,0
0,0.92,2,0,2,0,0,9,3,0,0,43,0
3,0.926,1,0,0,1,0,0,7,0,1,108,0
0,0.92,0,0,0,0,3,3,2,5,0,74,0
4,0.92,2,0,0,0,0,8,1,0,0,17,0
16,0.939,1,1,0,1,4,0,3,0,1,42,1
1,0.624,0,0,0,0,0,3,0,0,0,52,1
20,0.878,0,0,0,1,0,11,2,0,5,112,0
1,0.624,0,0,2,0,0,11,6,4,2,22,1
8,0.804,0,0,0,1,0,17,4,4,0,12,0
0,0.92,0,0,0,0,0,10,8,0,1,33,0
2,0.91,0,0,0,0,0,0,0,1,0,17,0
1,0.624,0,0,0,0,0,6,7,2,0,25,1
3,0.926,0,0,0,3,1,0,0,0,5,58,0
2,0.91,0,1,0,0,6,8,0,1,2,56,1
21,0.923,0,0,1,2,1,2,0,1,2,42,0
0,0.92,0,0,0,0,0,18,2,2,0,70,0
20,0.878,0,1,1,0,2,5,5,0,0,17,0
0,0.92,0,0,0,0,2,20,3,0,1,20,0
0,0.92,0,0,0,0,5,0,7,0,1,25,0
5,0.897,1,0,2,0,0,2,0,1,0,106,0
0,0.92,0,0,0,0,0,0,0,1,1,9,0
1,0.624,1,1,1,0,0,14,0,1,3,50,1
1,0.624,1,0,0,0,0,8,2,0,6,88,1
1,0.624,0,1,2,0,3,14,4,0,0,10,1
2,0.91,0,0,0,0,0,12,0,1,0,43,0
1,0.624,2,1,0,0,0,5,3,0,0,6,1
1,0.624,0,1,1,0,0,7,0,1,3,56,1
15,0.913,0,0,0,0,0,0,2,0,0,13,0
7,0.939,0,0,0,0,0,17,3,0,0,54,1
38,0.895,3,1,1,0,0,1,0,1,0,20,1
0,0.92,2,0,0,0,3,0,5,0,2,35,0
0,0.92,0,0,2,0,0,8,1,0,4,162,0
16,0.939,0,0,0,1,0,9,5,5,5,60,0
54,0.8270000000000001,1,0,0,0,0,3,2,0,0,47,0
0,0.92,0,0,1,2,1,5,3,3,3,34,0
68,0.763,0,0,0,1,0,11,6,0,1,55,0
1,0.624,0,0,0,0,0,1,2,0,5,166,1
1,0.624,1,1,0,0,0,14,5,0,3,157,0
2,0.91,0,0,0,0,0,18,3,0,1,31,0
13,0.55,0,0,2,0,0,3,0,1,0,13,0
34,0.915,0,0,0,2,1,7,4,0,2,140,0
0,0.92,1,0,0,1,4,0,2,3,1,40,1
16,0.939,0,0,0,1,0,0,4,0,1,33,0
2,0.91,0,1,0,4,0,0,7,3,1,27,0
22,0.8959999999999999,0,0,0,0,0,2,3,0,0,44,0
3,0.926,0,0,0,1,0,12,7,0,1,70,0
2,0.91,0,0,0,0,6,8,6,2,0,32,0
0,0.92,0,0,0,1,0,3,7,0,0,67,0
9,0.924,0,0,0,0,0,1,2,0,0,16,0
0,0.92,2,0,0,0,0,15,5,0,1,142,0
3,0.926,0,1,0,2,1,3,0,1,3,25,0
15,0.913,0,0,0,0,2,0,0,1,3,42,0
21,0.923,0,1,0,0,0,0,1,0,1,14,0
4,0.92,0,0,0,0,2,5,1,1,0,107,0
0,0.92,0,0,0,0,0,10,8,0,5,62,0
4,0.92,0,0,0,0,0,0,0,1,2,20,1
0,0.92,0,0,0,1,3,0,1,0,1,135,0
0,0.92,1,0,0,1,0,8,3,0,0,23,0
1,0.624,0,0,0,1,0,1,0,0,2,12,1
2,0.91,0,0,0,5,1,12,2,2,0,36,0
5,0.897,0,0,0,0,0,0,6,0,1,48,0
0,0.92,1,0,0,0,0,0,2,2,0,3,0
0,0.92,0,0,0,0,0,11,4,2,0,24,0
8,0.804,0,0,0,0,6,18,0,1,0,112,0
9,0.924,0,0,1,0,0,1,1,0,0,9,0
0,0.92,0,1,1,2,1,6,0,1,3,69,0
1,0.624,0,1,1,2,1,5,0,0,3,26,1
0,0.92,1,0,0,0,0,20,1,0,0,10,1
4,0.92,1,0,0,1,2,0,6,6,6,42,0
52,0.698,0,0,0,0,0,18,6,0,4,31,0
0,0.92,0,0,0,0,0,7,1,2,0,51,0
0,0.92,0,0,2,2,1,16,7,0,1,13,0
3,0.926,0,0,0,0,0,0,0,1,0,57,0
0,0.92,0,0,1,1,0,0,0,1,0,139,0
9,0.924,0,0,0,0,4,0,2,0,0,43,0
1,0.624,0,1,0,0,0,5,5,0,0,17,0
117,0.698,0,1,3,3,1,4,0,1,0,33,0
8,0.804,0,0,1,0,0,5,2,0,0,40,0
13,0.55,0,0,0,0,0,1,1,0,0,74,1
0,0.92,1,0,0,1,0,19,3,0,5,46,0
1,0.624,0,0,0,0,3,2,2,2,2,127,0
27,0.682,0,0,0,0,0,1,0,1,0,37,1
1,0.624,1,0,1,0,0,13,5,0,6,131,0
50,0.727,0,0,0,0,0,20,2,0,1,182,0
0,0.92,0,0,0,1,0,8,1,0,0,41,0
0,0.92,0,0,0,4,0,20,2,0,4,22,0
1,0.624,0,1,1,0,0,14,0,0,3,114,0
14,0.698,0,0,2,0,0,4,6,0,0,47,0
42,0.738,1,0,0,0,0,8,1,2,0,9,0
55,0.848,0,0,0,0,0,15,2,2,1,110,0
2,0.91,1,0,0,4,0,6,5,3,0,81,0
31,0.579,0,0,0,1,0,9,2,0,5,50,1
10,0.754,1,1,0,0,0,8,3,3,1,15,0
1,0.624,2,1,1,2,1,3,0,1,3,26,1
1,0.624,1,0,1,1,0,4,0,1,4,76,1
1,0.624,1,0,1,0,0,2,6,0,0,18,1
66,0.647,0,0,0,0,4,4,1,0,0,113,0
3,0.926,0,0,0,0,0,0,0,1,1,123,0
0,0.92,0,0,0,2,1,1,0,1,4,163,0
0,0.92,0,0,0,0,0,0,3,0,2,54,0
1,0.624,2,0,0,0,0,8,5,1,0,15,0
8,0.804,0,1,1,0,0,1,0,1,3,102,0
28,0.6659999999999999,0,0,0,3,1,15,0,1,4,118,1
1,0.624,2,1,1,0,0,5,0,1,6,9,0
1,0.624,1,1,1,2,1,3,0,1,0,35,1
4,0.92,1,0,0,1,0,15,2,1,1,24,0
0,0.92,0,0,0,0,0,11,0,1,5,62,0
3,0.926,2,0,0,0,0,7,5,0,0,37,0
0,0.92,2,0,0,0,5,2,2,0,0,22,0
1,0.624,2,0,1,0,0,14,4,0,0,68,1
3,0.926,0,0,0,1,0,0,2,0,1,69,0
0,0.92,2,0,0,0,0,2,6,4,0,18,0
44,0.7759999999999999,1,1,1,0,0,5,2,0,3,324,0
0,0.92,0,0,0,0,0,7,2,1,2,119,1
0,0.92,0,0,0,0,0,20,2,5,4,157,0
0,0.92,0,0,1,0,3,3,1,0,5,11,0
2,0.91,3,0,0,0,0,11,3,0,0,17,0
7,0.939,0,0,0,0,0,0,6,0,0,11,0
62,0.7959999999999999,1,0,2,0,0,4,1,2,0,18,0
4,0.92,0,1,0,0,2,9,2,0,0,41,0
0,0.92,0,0,0,0,0,0,0,1,1,220,1
0,0.92,0,0,0,1,0,18,1,2,2,14,0
2,0.91,0,0,0,4,2,0,0,1,1,160,0
6,0.855,2,1,0,1,2,3,1,0,2,9,0
0,0.92,0,1,0,2,1,8,0,0,3,68,0
1,0.624,1,0,1,0,0,3,1,0,3,10,0
1,0.624,0,0,0,0,0,15,5,0,2,96,0
15,0.913,3,0,2,0,0,6,3,0,0,145,1
3,0.926,0,1,0,2,1,13,0,1,3,85,0
8,0.804,1,1,1,2,1,9,1,0,4,23,0
0,0.92,2,1,0,0,2,5,7,1,0,10,0
22,0.8959999999999999,0,0,0,0,0,7,4,0,4,72,0
0,0.92,1,0,0,0,3,5,2,0,0,162,0
2,0.91,0,0,0,0,0,16,8,0,0,52,0
85,0.7390000000000001,1,1,0,1,0,14,0,1,0,43,0
9,0.924,0,1,0,0,5,12,0,1,4,56,0
42,0.738,1,0,1,0,0,1,2,0,3,40,0
36,0.527,1,1,0,2,1,14,0,1,3,55,0
3,0.926,0,0,0,3,1,12,7,0,0,28,0
70,0.74,0,0,0,0,0,9,2,0,0,170,0
0,0.92,1,0,0,1,0,11,1,3,0,314,0
10,0.754,0,0,0,0,3,0,0,1,4,46,0
32,0.866,1,1,0,1,0,1,7,3,0,103,1
4,0.92,0,1,0,5,1,3,0,1,3,138,0
0,0.92,0,0,0,1,2,0,0,1,1,32,1
5,0.897,1,0,0,1,0,4,2,0,0,64,0
3,0.926,1,0,1,1,0,8,1,0,0,88,0
6,0.855,0,0,1,1,3,15,0,1,1,45,1
0,0.92,0,0,0,0,0,0,7,0,1,86,0
61,0.579,1,1,1,0,0,14,0,1,3,6,1
4,0.92,2,0,0,1,0,5,0,1,0,40,0
47,0.555,0,0,0,0,0,8,0,1,0,24,1
12,0.884,0,0,0,1,0,15,1,1,2,31,0
1,0.624,1,0,0,0,0,2,5,0,0,47,1
1,0.624,1,1,1,1,0,13,0,1,3,16,0
1,0.624,1,1,0,5,1,3,0,1,3,56,1
3,0.926,2,1,1,2,1,3,0,1,0,37,0
0,0.92,0,0,0,0,5,6,7,0,0,50,0
0,0.92,0,0,0,0,0,2,1,0,2,89,0
1,0.624,0,0,1,1,0,1,1,0,2,23,0
29,0.89,0,0,0,1,0,16,1,0,0,116,0
0,0.92,0,0,0,0,0,0,3,0,0,17,0
0,0.92,1,0,0,1,0,0,3,0,0,24,0
101,0.68,1,1,0,1,0,3,0,0,3,51,1
35,0.843,0,0,0,0,0,18,1,0,0,90,0
3,0.926,0,0,0,4,0,0,3,0,2,96,0
35,0.843,1,0,0,0,0,4,4,0,2,220,0
0,0.92,0,0,0,1,0,0,2,2,1,145,0
1,0.624,1,0,0,0,0,6,3,0,6,24,1
7,0.939,0,0,0,1,0,0,6,0,1,13,0
36,0.527,2,0,0,0,0,5,1,0,2,81,1
6,0.855,2,0,1,0,0,1,1,1,0,90,0
2,0.91,0,0,0,0,0,8,1,0,0,91,0
32,0.866,0,1,0,4,0,8,2,0,1,53,0
13,0.55,1,0,0,0,0,4,6,0,2,138,0
0,0.92,0,0,0,0,0,10,3,0,1,44,0
4,0.92,0,0,0,2,1,0,2,0,2,18,0
1,0.624,1,0,1,0,0,2,1,0,2,46,1
0,0.92,0,0,0,0,0,0,0,3,0,140,1
1,0.624,1,1,1,3,1,14,0,1,0,37,1
67,0.722,0,1,2,2,1,13,0,1,3,56,1
2,0.91,1,0,0,0,0,0,1,0,0,54,0
0,0.92,1,0,2,0,0,13,1,2,0,117,0
4,0.92,2,0,0,0,0,8,4,0,4,39,0
80,0.725,1,1,1,0,3,6,0,1,3,112,1
2,0.91,1,1,0,2,1,2,0,1,0,52,0
70,0.74,0,0,2,0,0,12,0,0,1,12,0
37,0.8270000000000001,0,0,1,0,0,0,2,0,1,72,0
0,0.92,3,1,0,0,0,0,1,2,5,70,0
1,0.624,0,0,0,0,0,1,5,0,0,28,1
0,0.92,1,0,0,1,0,12,2,2,0,40,0
12,0.884,0,1,0,1,0,13,0,1,0,206,0
60,0.83,0,0,0,0,6,4,2,1,0,304,0
2,0.91,0,0,0,0,5,10,4,2,0,114,0
16,0.939,0,0,0,1,0,0,3,0,1,22,0
2,0.91,0,1,0,0,0,5,4,0,0,140,0
13,0.55,1,0,0,1,0,10,4,0,1,39,0
9,0.924,0,0,0,0,4,18,8,0,1,41,0
12,0.884,0,0,0,0,0,8,1,0,5,83,0
9,0.924,0,0,0,1,3,8,2,0,4,7,0
77,0.698,1,1,0,0,0,5,2,3,0,73,1
24,0.762,0,0,0,0,0,17,3,0,1,11,1
1,0.624,1,0,0,0,0,5,1,0,6,10,0
0,0.92,0,0,0,0,0,7,3,0,2,16,0
60,0.83,0,0,0,1,0,8,1,0,0,66,0
16,0.939,0,0,0,5,1,7,3,0,3,9,0
0,0.92,0,0,0,1,0,15,8,5,1,58,0
0,0.92,0,1,3,0,0,7,0,1,3,10,1
0,0.92,0,0,0,0,2,7,4,0,1,150,0
2,0.91,2,0,0,4,0,0,6,0,1,144,0
2,0.91,1,0,0,0,0,0,7,0,4,320,0
0,0.92,0,0,0,0,0,19,7,0,1,46,0
1,0.624,0,0,0,0,0,8,5,0,1,314,1
9,0.924,0,0,0,0,5,16,6,4,3,50,0
28,0.6659999999999999,1,1,0,0,0,12,8,0,5,71,0
24,0.762,0,1,2,2,1,3,0,1,3,72,0
0,0.92,0,0,0,0,0,0,2,0,1,74,0
0,0.92,0,0,0,1,0,17,2,0,4,16,0
24,0.762,0,1,1,0,0,2,0,1,3,113,1
24,0.762,0,1,0,4,0,12,2,3,3,188,0
3,0.926,1,0,2,0,0,2,3,1,0,272,0
3,0.926,0,0,0,0,0,2,3,0,0,19,0
2,0.91,1,0,1,0,0,1,5,0,0,146,0
1,0.624,0,1,0,1,0,3,3,0,5,28,1
38,0.895,1,0,0,0,0,2,1,0,0,124,0
19,0.893,0,0,2,0,0,4,6,0,0,19,0
60,0.83,0,0,0,0,0,10,4,0,4,310,0
7,0.939,0,0,0,0,0,10,0,1,1,34,1
4,0.92,0,1,0,1,0,8,1,3,1,26,1
7,0.939,0,0,0,0,0,11,5,0,1,72,0
16,0.939,1,0,0,3,1,20,1,0,6,47,1
69,0.847,0,0,1,1,0,4,4,1,0,3,0
3,0.926,1,1,2,2,1,8,6,1,6,76,0
5,0.897,0,1,1,0,0,4,0,1,0,172,0
0,0.92,0,0,0,0,0,4,1,0,4,8,0
8,0.804,0,0,0,0,0,11,8,0,2,38,0
0,0.92,0,0,1,0,0,3,1,2,0,118,0
4,0.92,0,0,0,0,0,0,0,1,1,84,1
13,0.55,0,0,0,0,0,4,1,0,0,10,0
62,0.7959999999999999,1,1,0,0,2,6,2,1,0,114,0
1,0.624,0,0,2,0,0,5,1,4,0,8,1
3,0.926,0,0,0,1,0,0,1,0,0,50,0
37,0.8270000000000001,0,0,2,0,0,6,6,2,5,48,0
35,0.843,0,0,2,2,1,1,7,3,5,65,0
26,0.836,0,0,1,2,1,3,1,0,0,10,0
9,0.924,0,0,0,1,0,0,2,0,1,37,0
17,0.899,0,0,0,0,0,14,1,1,0,50,0
0,0.92,2,1,1,0,6,7,0,1,3,4,0
0,0.92,0,0,0,1,0,0,0,1,0,22,1
44,0.7759999999999999,0,0,0,0,0,0,0,1,4,90,0
4,0.92,1,1,0,0,0,13,3,0,0,8,0
1,0.624,0,0,0,0,4,3,2,5,0,13,0
0,0.92,0,0,0,2,1,0,6,0,0,88,0
8,0.804,1,0,0,1,0,7,0,1,0,48,0
70,0.74,0,0,0,0,0,2,2,0,2,292,0
1,0.624,0,0,0,0,0,4,2,1,0,116,0
2,0.91,0,0,0,2,1,12,1,0,2,107,0
3,0.926,0,0,1,2,1,2,0,1,2,47,0
10,0.754,1,1,0,0,2,10,4,0,1,48,1
32,0.866,0,0,1,1,0,17,2,1,2,19,0
1,0.624,1,1,1,0,0,7,5,0,3,113,1
1,0.624,1,0,0,0,0,16,1,0,6,133,0
0,0.92,0,0,0,0,0,15,1,0,0,58,0
45,0.925,1,0,0,1,0,19,6,0,1,6,0
16,0.939,0,0,0,1,0,0,3,0,1,9,0
0,0.92,0,0,1,0,0,1,6,0,0,71,0
10,0.754,0,0,1,0,0,5,1,4,2,52,0
0,0.92,1,1,0,5,1,3,0,1,3,7,0
1,0.624,1,1,1,2,1,1,0,1,3,91,1
29,0.89,0,1,0,0,0,8,1,0,5,51,0
0,0.92,0,1,1,2,1,14,0,1,3,12,0
3,0.926,0,0,0,1,0,0,0,1,1,22,0
14,0.698,0,1,1,0,0,8,1,1,3,55,0
5,0.897,1,0,0,1,0,2,5,0,0,6,0
0,0.92,0,0,0,0,0,0,4,0,1,12,0
1,0.624,1,0,0,1,0,2,1,0,2,42,1
0,0.92,1,1,0,0,0,6,0,1,0,212,0
8,0.804,1,1,0,0,5,7,6,0,0,37,1
0,0.92,1,0,0,1,0,22,3,1,6,64,0
0,0.92,0,0,0,1,0,3,3,0,0,52,0
24,0.762,0,1,1,0,0,4,0,1,0,46,0
31,0.579,0,0,0,0,0,7,4,0,2,32,1
10,0.754,0,1,2,1,0,7,3,3,2,41,0
2,0.91,0,1,1,0,0,2,1,0,0,32,0
83,0.847,0,1,0,0,0,21,3,0,3,9,0
1,0.624,1,1,1,3,1,5,0,1,6,61,0
1,0.624,1,0,0,0,0,3,4,0,2,5,1
0,0.92,0,0,0,0,0,6,3,0,0,86,0
1,0.624,1,0,0,0,0,3,1,1,0,82,1
0,0.92,1,0,0,0,0,0,2,0,0,160,0
0,0.92,0,0,0,0,0,0,5,0,1,9,0
2,0.91,0,0,0,0,0,12,1,0,2,35,0
0,0.92,2,0,0,0,2,5,2,0,0,63,0
0,0.92,0,0,1,0,0,1,0,1,0,25,0
0,0.92,0,0,0,1,0,0,5,0,1,24,0
50,0.727,1,0,0,1,0,6,0,1,0,50,1
8,0.804,1,0,0,0,0,1,5,0,4,13,0
0,0.92,0,0,0,0,0,18,0,1,1,20,1
3,0.926,0,0,0,0,0,1,5,0,0,152,0
1,0.624,0,1,1,2,1,13,0,1,3,26,1
0,0.92,0,0,0,0,3,9,2,5,0,128,0
19,0.893,2,1,1,2,1,5,2,3,0,32,0
3,0.926,1,0,0,4,0,20,5,0,4,122,0
9,0.924,0,0,0,0,0,12,2,3,2,107,0
2,0.91,1,1,0,1,2,17,0,1,3,62,0
38,0.895,0,0,0,0,0,0,1,0,0,53,0
23,0.767,1,0,3,0,0,8,0,1,0,50,1
24,0.762,0,0,2,0,0,3,0,1,2,47,1
52,0.698,1,1,0,0,0,13,0,1,0,63,1
66,0.647,0,1,1,0,0,2,0,1,3,133,0
2,0.91,0,0,0,4,0,0,1,0,1,55,0
5,0.897,0,1,0,1,0,7,0,1,2,39,0
0,0.92,0,0,0,0,0,0,4,2,0,20,1
0,0.92,0,0,0,0,0,4,1,0,0,22,0
3,0.926,0,1,0,4,0,0,0,1,1,16,0
1,0.624,0,0,0,0,0,6,3,0,3,55,1
2,0.91,0,0,0,1,0,0,3,0,2,39,0
15,0.913,0,1,0,1,0,0,3,0,2,9,0
0,0.92,1,0,0,0,0,11,0,0,5,3,0
0,0.92,1,1,2,0,0,20,3,0,2,55,0
0,0.92,0,0,0,0,0,0,3,0,2,134,1
1,0.624,0,1,1,0,0,2,0,1,3,15,0
11,0.887,0,0,0,0,0,17,0,1,1,106,1
43,0.5579999999999999,0,0,0,0,0,2,6,0,0,80,0
13,0.55,0,0,0,0,0,1,1,1,0,12,1
1,0.624,1,0,1,0,0,14,6,4,0,68,0
2,0.91,0,1,1,0,0,7,0,1,2,8,0
2,0.91,0,1,0,2,1,3,0,1,3,182,0
1,0.624,0,1,1,2,1,14,0,1,3,15,1
0,0.92,0,0,0,0,0,0,4,2,2,61,0
0,0.92,0,1,2,0,0,5,5,0,0,160,0
30,0.925,0,1,1,0,0,4,0,1,2,6,1
34,0.915,0,0,0,0,0,3,8,0,2,124,0
0,0.92,2,1,0,0,5,15,0,1,1,35,1
1,0.624,1,0,0,0,0,3,3,0,3,63,0
31,0.579,1,0,1,0,0,1,1,0,0,62,0
3,0.926,1,0,0,1,0,10,2,0,3,16,0
3,0.926,1,0,0,1,0,10,1,0,0,103,0
0,0.92,1,0,0,0,4,7,3,0,2,15,0
6,0.855,0,0,0,1,0,10,3,0,1,12,0
0,0.92,0,0,0,1,0,7,5,0,0,57,0
0,0.92,0,0,1,1,0,0,3,0,1,278,0
2,0.91,3,0,0,1,0,0,4,0,0,21,0
7,0.939,0,1,0,0,0,1,0,1,0,106,0
7,0.939,0,0,0,1,0,12,1,2,0,12,0
3,0.926,0,0,0,0,0,10,5,0,2,43,0
0,0.92,0,0,0,0,0,8,3,0,4,96,0
14,0.698,0,1,0,1,0,17,0,1,5,37,1
1,0.624,0,0,0,0,0,6,3,0,0,116,1
1,0.624,0,0,3,1,0,10,1,0,1,204,1
3,0.926,0,0,0,1,0,0,2,2,0,2,0
29,0.89,0,0,0,2,1,0,7,0,1,43,0
2,0.91,1,0,0,0,0,19,1,1,2,306,1
2,0.91,1,1,1,0,0,5,2,0,0,28,0
46,0.698,0,0,2,0,0,16,3,0,1,27,0
15,0.913,1,0,0,4,0,0,2,1,0,74,0
4,0.92,1,1,0,0,5,16,2,1,0,70,0
32,0.866,0,0,0,0,0,6,1,0,0,47,0
6,0.855,0,1,0,1,4,10,0,1,2,23,0
53,0.7659999999999999,0,0,0,0,0,4,6,4,3,17,0
0,0.92,0,0,0,0,0,0,5,0,0,4,0
7,0.939,0,0,0,0,0,0,0,1,1,65,0
5,0.897,0,0,3,3,1,0,0,1,1,22,0
1,0.624,0,0,0,0,0,8,1,0,2,94,1
1,0.624,0,0,0,0,0,8,5,0,3,8,1
15,0.913,1,1,1,2,1,5,0,1,3,32,0
0,0.92,0,0,0,0,5,9,0,1,2,55,0
53,0.7659999999999999,1,0,0,1,0,8,3,0,0,158,0
2,0.91,0,0,0,0,0,18,2,0,2,26,0
2,0.91,0,0,0,0,0,19,0,1,0,6,0
1,0.624,0,1,1,2,1,2,0,1,3,78,1
2,0.91,0,0,0,1,0,0,0,1,0,46,0
4,0.92,0,0,0,0,0,11,5,0,1,52,0
2,0.91,0,0,0,0,0,1,2,0,0,55,0
0,0.92,0,0,0,0,4,6,6,0,0,116,0
2,0.91,0,1,1,0,0,8,0,1,3,92,1
1,0.624,0,0,0,0,0,10,8,0,5,67,1
0,0.92,0,0,0,1,0,0,1,0,1,45,0
17,0.899,0,0,0,0,0,0,4,1,0,44,0
0,0.92,0,1,0,0,0,0,0,1,1,7,1
1,0.624,0,0,1,0,0,1,1,0,5,51,1
11,0.887,0,0,0,1,0,0,0,1,5,31,1
3,0.926,0,0,0,1,0,11,1,0,5,41,0
0,0.92,1,1,1,0,0,1,0,1,0,18,0
20,0.878,1,0,0,0,0,0,0,1,1,15,0
1,0.624,1,0,0,1,6,0,5,0,0,72,1
0,0.92,0,0,0,0,4,0,3,0,1,28,0
0,0.92,1,0,0,0,0,19,8,0,0,44,0
4,0.92,0,0,0,0,0,2,4,1,0,106,0
8,0.804,0,1,0,0,4,5,0,1,2,37,1
71,0.698,0,0,2,0,0,1,6,4,2,238,0
38,0.895,0,0,0,0,0,11,6,0,0,80,0
5,0.897,0,1,2,1,0,3,5,0,1,35,0
3,0.926,0,0,0,2,1,10,4,0,1,53,0
9,0.924,0,1,1,2,1,3,0,0,3,30,0
25,0.743,0,0,0,1,0,0,8,0,2,135,0
1,0.624,0,0,0,0,0,7,3,0,3,64,1
0,0.92,3,0,0,0,0,10,4,2,0,15,0
7,0.939,0,0,0,1,0,8,2,0,0,94,0
12,0.884,1,0,0,1,0,9,2,5,0,165,0
2,0.91,0,0,0,0,0,0,1,0,1,162,0
4,0.92,0,0,1,0,0,0,3,0,0,40,0
10,0.754,0,0,0,0,0,11,4,0,5,88,0
0,0.92,0,0,2,0,0,11,3,0,2,174,0
3,0.926,2,0,0,1,3,6,1,0,2,83,0
17,0.899,2,0,0,0,0,10,5,0,3,12,0
11,0.887,0,0,0,0,0,15,0,1,1,25,1
10,0.754,0,0,0,0,0,11,1,0,0,25,1
0,0.92,2,0,0,1,0,4,8,0,0,16,0
8,0.804,0,0,0,1,0,0,3,0,5,74,0
1,0.624,1,0,0,0,0,2,4,0,0,32,0
0,0.92,2,0,0,0,0,3,1,0,0,14,0
3,0.926,0,1,0,3,1,1,0,1,3,108,0
4,0.92,0,0,0,0,0,6,7,6,0,50,0
7,0.939,0,0,0,0,0,1,5,0,0,18,0
10,0.754,1,1,1,0,0,1,0,1,3,46,0
17,0.899,0,0,0,1,0,0,7,0,1,45,0
1,0.624,0,1,1,0,0,3,0,0,3,21,1
0,0.92,0,0,0,0,0,0,1,2,0,31,0
7,0.939,1,0,0,0,0,16,5,0,0,42,0
1,0.624,0,0,0,0,0,4,0,1,5,65,1
3,0.926,0,0,0,0,0,12,1,0,1,28,0
12,0.884,0,0,0,1,0,0,1,0,0,232,0
0,0.92,0,1,0,0,3,0,1,0,0,78,0
0,0.92,0,1,0,2,1,1,0,1,0,112,1
34,0.915,3,0,0,4,0,22,5,0,1,35,0
59,0.74,1,1,0,0,0,3,0,1,6,46,1
0,0.92,1,0,0,1,0,0,5,0,1,13,0
0,0.92,1,0,0,0,0,8,0,1,0,131,0
68,0.763,0,0,0,0,0,6,6,2,0,86,0
27,0.682,0,0,0,0,0,6,4,1,0,11,0
3,0.926,0,0,0,1,0,19,1,0,0,25,0
19,0.893,0,1,0,2,1,1,0,1,3,43,0
1,0.624,1,1,3,0,0,2,4,0,2,14,1
10,0.754,0,1,1,3,1,13,0,1,0,57,0
6,0.855,0,0,0,4,0,0,6,0,1,92,0
22,0.8959999999999999,0,0,0,0,0,12,1,0,0,3,0
42,0.738,0,1,1,2,1,3,0,1,0,4,0
0,0.92,0,0,0,0,0,1,2,0,2,90,0
0,0.92,1,1,0,0,0,4,5,3,0,5,0
2,0.91,0,0,0,0,0,4,2,3,5,37,0
14,0.698,1,1,0,0,0,3,0,1,0,96,1
1,0.624,1,1,0,0,0,13,0,1,3,157,1
43,0.5579999999999999,0,0,0,1,0,17,1,0,1,142,0
5,0.897,0,0,0,0,0,4,3,0,2,48,0
2,0.91,1,0,0,4,0,11,3,0,1,23,0
19,0.893,1,1,0,2,1,10,6,0,2,46,0
2,0.91,0,0,0,4,0,0,2,5,0,23,0
4,0.92,0,0,0,0,0,9,1,2,0,14,0
0,0.92,0,0,0,0,0,4,1,0,2,148,0
0,0.92,0,0,0,0,0,0,5,5,0,117,0
0,0.92,0,0,0,5,1,0,3,0,0,102,0
4,0.92,0,0,0,0,0,10,3,3,1,8,0
51,0.698,1,1,1,1,0,3,0,1,6,157,1
26,0.836,0,1,1,0,0,9,7,0,0,7,0
5,0.897,1,0,0,1,0,10,5,1,5,45,1
0,0.92,0,0,0,0,0,5,2,0,2,178,0
0,0.92,0,0,0,0,4,17,0,1,1,126,1
2,0.91,0,0,0,0,6,1,5,0,0,43,0
1,0.624,0,1,1,2,1,9,0,0,3,328,0
2,0.91,0,0,0,0,5,0,0,1,1,27,0
20,0.878,0,0,2,5,1,9,0,1,0,4,0
0,0.92,0,0,2,0,0,3,1,0,2,80,0
2,0.91,0,1,1,1,0,2,0,1,0,33,0
2,0.91,0,0,0,1,0,15,3,0,2,44,0
18,0.802,0,0,0,0,0,0,0,1,1,75,1
40,0.949,0,0,0,1,0,15,7,0,4,13,0
27,0.682,1,1,1,0,0,3,0,1,6,7,1
2,0.91,1,1,0,0,0,0,7,0,2,68,0
8,0.804,1,0,0,1,0,0,2,0,5,164,0
6,0.855,2,0,1,0,0,5,6,4,0,49,0
18,0.802,1,0,1,0,0,9,2,5,0,4,0
14,0.698,1,0,3,0,0,3,1,0,3,52,0
0,0.92,0,0,2,0,0,15,5,0,0,30,0
6,0.855,0,0,0,0,2,7,7,0,0,113,0
82,0.856,1,0,0,0,0,0,1,0,1,194,0
0,0.92,1,0,0,2,1,20,3,0,0,80,0
1,0.624,0,0,0,0,0,11,3,0,3,45,1
8,0.804,0,0,0,0,3,6,1,0,2,268,0
3,0.926,1,1,2,2,1,2,3,0,2,5,0
2,0.91,0,0,0,0,0,16,4,0,0,41,0
1,0.624,1,0,1,0,0,8,0,1,1,27,1
0,0.92,1,1,1,0,5,3,0,1,6,41,0
2,0.91,1,0,0,0,0,10,4,4,0,326,0
0,0.92,0,1,0,5,1,14,0,1,3,25,0
0,0.92,0,1,0,2,1,5,0,1,3,41,0
0,0.92,0,1,1,0,0,2,7,0,2,84,1
2,0.91,0,1,1,0,0,5,0,1,3,80,1
17,0.899,2,1,1,0,0,1,0,1,3,70,1
4,0.92,0,0,0,0,0,10,2,0,4,266,0
3,0.926,0,1,0,1,0,19,2,0,4,39,0
19,0.893,0,1,1,1,0,6,7,3,0,35,0
1,0.624,0,1,1,2,1,13,0,1,3,30,1
72,0.865,0,0,0,1,0,0,0,1,2,28,0
0,0.92,0,0,0,0,0,0,8,0,5,26,0
12,0.884,0,0,0,0,0,11,1,0,0,120,0
2,0.91,0,0,0,0,0,9,4,2,0,33,0
20,0.878,0,1,0,2,1,15,2,2,1,32,0
2,0.91,0,1,0,1,0,9,5,0,0,33,0
3,0.926,0,0,0,2,1,0,1,0,0,59,0
3,0.926,0,0,0,4,0,15,2,3,2,28,0
1,0.624,0,1,1,2,1,2,0,1,3,56,1
36,0.527,0,0,0,0,0,7,1,3,2,38,1
0,0.92,1,1,1,3,1,1,4,1,4,48,0
21,0.923,0,0,0,0,0,1,6,0,5,46,0
23,0.767,0,0,0,4,0,0,3,0,0,34,0
34,0.915,0,0,0,0,0,15,6,0,5,77,0
1,0.624,0,0,1,2,1,1,0,0,3,17,0
1,0.624,0,0,0,0,0,4,1,1,0,70,1
8,0.804,0,0,0,1,0,8,3,0,5,176,1
5,0.897,0,0,0,1,0,0,1,2,0,26,0
2,0.91,1,0,0,0,0,9,3,0,1,7,0
0,0.92,0,1,0,0,0,0,5,0,1,47,0
40,0.949,0,1,0,1,0,2,1,1,0,18,0
0,0.92,0,0,0,0,0,2,2,0,0,60,0
6,0.855,0,1,1,2,1,2,0,1,0,39,0
116,0.649,0,1,0,0,0,16,2,0,2,10,1
0,0.92,0,0,0,0,0,1,1,2,0,102,0
23,0.767,0,0,0,0,0,4,1,0,0,46,0
0,0.92,1,1,2,0,0,2,3,3,6,13,0
5,0.897,0,0,0,1,0,15,1,0,1,146,0
49,0.789,0,0,0,0,5,20,2,3,2,60,0
7,0.939,0,0,0,0,0,18,3,3,1,57,1
0,0.92,2,1,1,0,0,2,0,1,3,51,0
3,0.926,1,1,1,2,1,3,0,1,6,20,0
6,0.855,0,0,2,1,0,13,3,0,0,47,0
16,0.939,0,0,0,1,0,10,3,0,1,7,1
8,0.804,0,0,0,0,0,11,0,1,0,96,1
0,0.92,0,0,0,1,0,9,3,1,4,130,0
4,0.92,1,1,0,1,0,9,8,0,0,113,0
5,0.897,1,0,0,1,0,10,1,0,1,11,0
35,0.843,0,0,0,0,0,6,1,0,0,24,0
4,0.92,0,0,2,0,5,3,7,0,5,37,0
2,0.91,0,0,0,0,5,0,1,0,0,43,0
1,0.624,0,0,1,0,0,3,3,0,2,55,1
10,0.754,0,0,0,0,0,6,1,2,4,99,0
4,0.92,1,0,0,0,0,2,1,0,5,52,0
12,0.884,1,0,0,0,0,10,1,0,5,86,1
0,0.92,0,1,0,1,2,9,3,0,0,100,0
0,0.92,0,0,0,1,0,12,3,0,0,204,0
21,0.923,0,0,1,0,0,11,5,0,0,44,0
36,0.527,2,1,1,2,1,14,0,1,3,48,1
53,0.7659999999999999,1,0,2,0,0,11,2,0,2,210,0
38,0.895,0,0,2,0,5,5,4,0,0,2,0
0,0.92,0,0,0,0,0,16,1,0,0,97,0
7,0.939,2,0,0,0,0,2,4,0,2,41,0
37,0.8270000000000001,0,0,0,0,0,18,2,0,0,30,0
0,0.92,0,0,0,1,0,16,0,1,0,1,1
1,0.624,0,0,0,1,0,8,7,2,2,80,0
4,0.92,0,0,0,0,0,9,2,5,0,31,0
38,0.895,0,0,0,4,0,0,1,0,1,50,0
8,0.804,0,0,0,0,0,0,4,0,0,28,0
0,0.92,0,0,0,0,0,18,7,0,2,42,0
30,0.925,0,0,0,0,0,5,2,0,0,9,0
3,0.926,1,1,1,0,0,5,4,3,2,51,1
0,0.92,0,0,0,0,0,4,8,0,4,28,0
7,0.939,0,0,2,0,0,7,6,0,5,68,0
0,0.92,0,1,1,0,0,16,3,3,1,128,0
6,0.855,0,0,0,0,0,6,0,1,5,52,1
0,0.92,0,0,0,1,0,0,5,3,1,55,0
9,0.924,0,0,0,0,0,8,3,0,0,139,0
1,0.624,2,0,0,0,0,14,1,0,0,13,0
0,0.92,0,0,0,0,0,12,0,1,0,70,1
63,0.84,0,0,3,0,0,7,1,0,1,2,0
4,0.92,0,1,0,0,6,2,0,1,0,120,0
14,0.698,1,1,1,1,0,6,0,1,2,158,0
3,0.926,0,0,0,1,0,15,8,0,5,160,0
49,0.789,1,0,0,0,0,8,3,0,4,36,0
0,0.92,0,0,0,0,4,1,0,1,2,25,0
2,0.91,0,0,0,0,0,19,1,0,0,116,0
29,0.89,0,0,1,1,0,8,1,0,1,51,0
3,0.926,1,0,0,1,0,6,5,0,0,22,0
21,0.923,0,1,0,5,1,0,0,1,3,216,0
1,0.624,1,0,1,1,0,2,1,1,0,44,0
16,0.939,0,1,0,0,0,5,3,0,0,40,0
6,0.855,1,0,0,1,0,8,1,2,0,112,0
38,0.895,2,0,0,1,0,0,2,0,1,156,1
1,0.624,0,0,0,0,0,16,8,1,0,87,1
1,0.624,0,0,0,1,0,3,2,0,2,13,1
47,0.555,0,1,1,0,0,3,0,1,2,3,1
28,0.6659999999999999,0,0,0,0,0,0,2,0,2,24,0
0,0.92,0,0,0,0,0,7,2,0,5,258,0
2,0.91,0,0,0,0,0,0,3,0,1,56,0
1,0.624,0,0,0,1,0,3,1,2,0,111,1
2,0.91,0,1,3,3,1,4,0,1,6,32,0
59,0.74,0,0,0,1,0,0,0,1,0,72,1
1,0.624,1,1,0,3,1,13,0,1,3,10,1
0,0.92,0,0,0,0,3,6,0,1,1,192,1
0,0.92,0,0,0,0,0,16,4,4,4,50,0
12,0.884,0,0,0,0,0,0,2,0,4,25,0
5,0.897,1,0,0,1,0,4,4,0,0,70,0
3,0.926,0,0,0,1,0,11,2,0,2,50,0
20,0.878,0,1,0,0,0,3,0,1,0,248,0
3,0.926,0,0,0,4,0,0,0,1,1,4,0
0,0.92,0,0,0,0,5,8,6,5,0,37,0
6,0.855,0,0,0,1,0,8,0,1,2,43,0
9,0.924,0,1,0,5,1,14,0,1,3,244,0
3,0.926,2,1,1,0,0,5,0,1,2,125,0
2,0.91,0,1,0,4,0,8,5,3,1,90,0
4,0.92,1,0,0,0,0,5,3,0,0,24,0
3,0.926,1,0,0,0,0,15,2,0,1,4,0
22,0.8959999999999999,0,0,0,0,0,16,1,0,2,15,0
0,0.92,0,0,0,0,0,17,7,0,2,6,0
43,0.5579999999999999,0,0,2,2,1,4,4,0,0,50,1
1,0.624,0,0,1,0,0,14,6,4,0,5,1
35,0.843,0,1,0,1,2,4,3,0,2,332,0
0,0.92,0,0,0,0,0,9,0,5,0,17,0
1,0.624,0,0,1,1,0,13,2,0,3,27,1
15,0.913,0,0,0,0,0,6,6,0,0,10,0
1,0.624,0,1,0,0,0,3,2,5,0,39,1
39,0.903,0,0,0,0,0,1,1,0,0,108,0
1,0.624,0,1,0,5,1,14,0,1,3,23,1
24,0.762,0,0,0,0,0,4,5,0,0,28,0
40,0.949,0,1,1,0,0,13,5,0,3,3,1
2,0.91,0,0,0,1,0,0,2,0,2,78,0
5,0.897,0,1,0,1,0,17,0,1,2,80,0
49,0.789,1,0,2,0,0,3,6,0,0,94,0
2,0.91,1,1,0,1,0,13,0,1,0,202,0
1,0.624,0,0,1,1,0,8,1,0,2,46,1
21,0.923,0,1,1,0,0,3,0,1,0,37,0
11,0.887,1,0,0,0,0,8,8,1,0,102,0
0,0.92,1,1,0,0,0,0,0,1,0,56,0
0,0.92,0,0,0,0,0,9,1,5,2,20,0
13,0.55,1,1,1,2,1,3,0,1,6,98,0
56,0.691,0,0,0,0,0,16,0,1,1,40,1
1,0.624,1,0,0,0,3,14,3,0,6,66,1
19,0.893,0,0,2,0,0,10,2,0,5,99,0
0,0.92,2,1,1,0,0,5,3,1,3,34,0
0,0.92,2,0,0,0,0,16,2,0,4,38,0
40,0.949,2,0,1,0,0,15,6,4,5,152,0
15,0.913,3,0,0,0,0,16,1,0,2,12,0
35,0.843,0,1,1,0,0,5,0,0,3,16,0
2,0.91,0,0,0,0,0,5,1,0,2,87,0
2,0.91,0,0,0,0,0,9,8,0,1,24,0
5,0.897,1,0,0,4,0,15,6,2,6,5,0
0,0.92,2,1,0,0,5,2,1,0,0,20,0
1,0.624,0,1,1,2,1,5,0,1,3,170,0
61,0.579,1,1,1,0,2,13,0,1,3,118,0
4,0.92,3,1,1,1,0,1,0,3,1,63,0
4,0.92,0,0,0,1,0,0,0,1,1,51,1
0,0.92,0,0,0,0,0,4,0,1,0,69,1
0,0.92,0,0,0,1,0,3,3,0,0,47,0
24,0.762,1,0,0,0,0,12,1,2,0,21,0
15,0.913,0,0,0,0,0,11,1,0,0,22,0
14,0.698,0,1,0,0,0,1,0,1,0,60,1
5,0.897,0,0,0,1,0,2,4,0,2,34,0
1,0.624,0,0,2,1,0,8,3,0,4,36,1
0,0.92,0,0,0,0,0,0,2,0,2,20,1
3,0.926,0,0,0,1,0,0,2,0,1,72,0
0,0.92,0,0,0,0,0,10,0,1,5,14,0
11,0.887,0,0,2,0,0,6,3,0,3,39,0
0,0.92,0,0,0,0,6,0,5,5,1,11,0
2,0.91,1,0,0,1,0,14,3,0,0,52,0
3,0.926,0,0,0,0,0,10,5,0,1,75,0
0,0.92,0,0,0,0,0,17,2,0,1,5,0
1,0.624,0,1,0,0,0,7,0,1,1,6,1
3,0.926,0,0,0,2,1,5,1,0,2,8,0
0,0.92,2,0,0,0,2,3,0,1,3,12,1
13,0.55,1,1,1,0,0,14,1,6,3,72,1
0,0.92,0,0,0,0,0,10,0,1,2,244,0
2,0.91,0,0,0,0,1,0,5,3,1,7,0
0,0.92,1,0,0,0,0,8,3,0,0,128,0
8,0.804,0,0,0,0,0,0,1,2,0,108,0
14,0.698,1,0,1,0,0,6,1,2,0,149,0
0,0.92,0,0,0,0,0,0,2,0,0,47,1
0,0.92,0,0,0,0,0,0,3,0,1,36,0
1,0.624,0,1,0,2,1,14,0,1,3,53,1
1,0.624,1,1,1,1,0,1,6,1,1,7,1
0,0.92,1,1,3,2,1,5,0,1,3,46,0
24,0.762,0,1,0,1,2,3,7,3,2,5,0
3,0.926,1,1,2,0,0,17,7,0,1,36,0
35,0.843,1,1,1,0,0,13,0,1,3,37,1
63,0.84,0,0,0,0,0,11,0,1,1,6,0
0,0.92,0,0,0,0,0,20,1,2,4,26,0
29,0.89,0,0,1,0,0,5,6,4,0,21,0
1,0.624,0,0,3,0,0,6,0,0,2,65,0
51,0.698,0,1,1,0,2,3,0,1,3,15,0
0,0.92,2,0,0,0,0,0,0,1,1,55,1
20,0.878,1,1,0,1,4,10,2,0,0,36,0
1,0.624,0,0,1,1,0,17,1,1,0,24,1
1,0.624,1,1,0,0,0,14,3,0,0,77,1
1,0.624,1,0,0,1,0,16,0,1,6,19,0
49,0.789,0,1,1,0,0,1,0,1,0,156,1
1,0.624,2,0,3,0,0,16,1,0,3,10,0
8,0.804,1,0,2,0,0,1,2,5,0,326,0
20,0.878,0,0,3,2,1,1,1,0,0,36,0
69,0.847,0,0,0,1,0,7,1,0,0,67,0
14,0.698,0,0,2,0,0,6,2,0,0,306,0
2,0.91,1,0,0,1,2,5,1,0,2,82,0
23,0.767,0,1,1,2,1,14,0,1,0,80,0
21,0.923,3,0,0,0,0,15,6,0,5,89,0
101,0.68,0,0,0,1,0,16,5,0,0,21,0
3,0.926,0,1,0,4,0,2,8,3,0,54,0
6,0.855,0,0,0,0,0,8,1,0,0,22,0
41,0.794,0,1,0,2,1,2,0,1,6,288,0
1,0.624,1,0,0,0,0,4,4,1,3,26,0
1,0.624,1,0,0,0,0,2,1,4,6,12,1
0,0.92,1,0,0,1,0,8,3,0,0,10,0
2,0.91,0,1,0,5,1,13,0,1,3,10,0
0,0.92,0,1,0,5,1,6,0,1,3,88,0
0,0.92,1,1,0,0,0,20,5,3,0,80,0
8,0.804,1,0,0,0,0,1,5,0,0,31,0
0,0.92,1,1,0,1,5,10,3,0,2,64,0
33,0.6890000000000001,1,0,1,1,0,3,4,3,1,56,1
21,0.923,2,0,0,1,0,0,0,1,4,33,0
1,0.624,0,1,1,0,0,3,0,0,3,42,0
10,0.754,2,0,2,0,0,4,1,0,2,105,0
14,0.698,0,1,1,0,0,4,0,1,0,31,0
3,0.926,0,1,1,0,0,12,6,4,0,28,1
28,0.6659999999999999,0,0,0,0,0,12,6,0,0,98,1
1,0.624,1,0,0,0,0,2,1,0,2,112,1
8,0.804,0,1,0,0,6,4,0,1,0,26,1
4,0.92,1,1,1,0,0,13,0,1,6,107,0
38,0.895,1,0,1,1,0,2,1,2,2,13,1
6,0.855,0,0,0,0,0,8,4,2,2,53,0
0,0.92,0,0,0,0,0,6,2,0,1,31,0
0,0.92,0,0,0,0,0,17,7,0,2,162,0
2,0.91,1,1,2,0,0,14,3,0,2,39,0
17,0.899,0,1,1,1,0,15,0,1,1,92,0
0,0.92,0,0,1,1,0,9,0,3,3,125,1
1,0.624,0,1,1,0,0,5,0,1,3,102,0
1,0.624,0,0,0,0,0,6,6,4,0,111,1
0,0.92,0,0,0,0,0,17,1,0,2,82,0
0,0.92,1,1,0,5,1,5,0,1,6,131,0
2,0.91,0,0,0,0,0,1,7,0,3,66,0
0,0.92,1,1,1,2,1,14,0,1,6,27,1
14,0.698,2,1,1,0,0,8,0,1,3,224,0
0,0.92,0,0,0,0,0,8,4,0,0,85,0
30,0.925,0,0,0,0,0,11,1,1,0,57,0
2,0.91,0,0,0,0,0,1,2,5,0,88,0
2,0.91,0,0,0,1,0,0,5,0,1,98,0
17,0.899,0,0,0,0,0,7,5,0,3,48,0
38,0.895,0,1,1,0,0,6,6,2,4,22,0
0,0.92,0,0,2,0,0,18,0,1,0,77,0
0,0.92,1,1,1,0,0,11,0,1,0,43,1
9,0.924,2,0,0,2,1,12,0,1,1,142,0
0,0.92,1,1,1,0,0,2,3,0,0,22,0
3,0.926,3,0,2,2,1,3,5,0,3,34,0
40,0.949,0,1,2,0,0,1,2,0,2,76,0
66,0.647,1,0,1,1,0,2,0,1,0,26,1
0,0.92,2,0,0,0,5,3,1,1,0,90,0
24,0.762,0,0,0,0,0,2,8,1,0,52,1
0,0.92,0,0,0,0,0,0,1,2,0,143,0
14,0.698,1,0,1,3,1,2,2,0,2,26,1
6,0.855,0,0,0,2,1,1,1,0,5,57,0
18,0.802,0,0,0,0,0,17,1,0,2,19,0
42,0.738,0,0,0,0,0,6,6,4,0,48,1
12,0.884,1,0,0,1,2,5,8,0,0,26,0
4,0.92,0,0,0,0,0,0,1,0,2,276,0
1,0.624,0,0,0,1,0,2,2,4,2,52,1
1,0.624,0,0,0,1,0,18,5,0,0,134,0
7,0.939,0,0,0,0,0,11,3,0,2,22,0
5,0.897,0,0,0,1,0,6,2,4,1,50,0
0,0.92,1,0,1,2,1,5,0,1,0,41,0
0,0.92,0,0,0,0,0,12,2,0,0,334,0
0,0.92,0,0,0,0,0,10,0,1,1,65,1
2,0.91,1,1,0,2,1,5,0,1,3,43,1
0,0.92,0,0,0,1,0,0,1,0,1,21,0
33,0.6890000000000001,0,0,1,0,0,6,0,1,0,63,0
1,0.624,1,0,0,0,0,4,2,0,0,110,1
0,0.92,1,0,0,0,0,2,5,0,0,84,0
1,0.624,0,0,1,0,0,4,2,0,0,37,0
53,0.7659999999999999,0,0,0,0,0,9,2,5,0,68,0
5,0.897,1,0,0,3,1,11,6,1,2,88,0
1,0.624,0,0,0,0,0,7,2,0,0,13,1
10,0.754,2,0,1,0,0,4,0,1,0,25,1
0,0.92,0,0,0,4,0,11,3,0,0,23,0
24,0.762,1,1,1,0,0,1,0,1,5,49,0
11,0.887,0,1,0,0,6,0,2,0,1,21,0
0,0.92,1,0,0,0,0,16,5,0,0,20,0
16,0.939,0,0,0,0,0,12,4,0,1,67,0
4,0.92,0,1,1,2,1,5,2,5,0,99,0
1,0.624,1,0,1,0,0,5,3,0,6,43,1
6,0.855,1,0,0,1,0,12,1,0,4,54,0
1,0.624,1,1,0,2,1,3,0,1,3,33,0
0,0.92,1,1,1,2,1,4,0,1,0,43,1
47,0.555,0,1,0,0,0,14,4,0,0,18,1
40,0.949,1,0,0,0,0,15,2,0,0,92,0
0,0.92,0,1,1,0,0,6,0,1,2,10,0
31,0.579,0,1,0,1,0,1,1,5,0,89,1
9,0.924,0,0,0,0,0,19,1,0,1,14,0
6,0.855,1,0,0,1,0,10,7,0,2,30,0
6,0.855,0,1,1,2,1,6,0,1,0,55,1
0,0.92,1,0,0,0,0,0,0,1,1,142,1
27,0.682,0,1,1,0,0,5,0,0,3,13,1
11,0.887,0,0,0,0,0,15,0,1,4,103,1
0,0.92,0,1,0,0,0,0,0,1,1,165,1
13,0.55,0,0,0,0,0,6,7,0,0,47,0
0,0.92,0,1,0,0,6,0,1,0,0,9,0
1,0.624,1,0,0,0,0,4,2,1,2,13,0
1,0.624,1,0,0,0,0,1,1,0,0,264,0
1,0.624,1,0,1,1,0,3,4,0,0,11,1
0,0.92,0,0,0,0,0,0,0,1,1,8,0
30,0.925,0,0,0,0,0,10,0,1,0,158,0
14,0.698,1,1,3,0,0,14,6,1,6,55,1
1,0.624,0,0,0,0,0,9,0,1,0,44,0
18,0.802,2,0,0,0,0,9,2,0,2,22,1
2,0.91,1,0,0,1,0,9,2,0,0,60,0
1,0.624,2,1,0,0,0,3,2,0,5,69,1
1,0.624,1,0,1,3,1,13,6,5,3,30,1
25,0.743,0,0,2,0,0,9,1,0,0,88,0
15,0.913,0,0,0,0,0,12,2,0,0,6,0
0,0.92,2,1,0,1,0,0,0,1,3,72,0
5,0.897,0,0,0,0,0,1,6,1,2,38,0
1,0.624,1,0,0,0,0,2,8,0,3,25,1
3,0.926,0,0,0,1,4,19,1,0,5,63,0
4,0.92,0,0,0,0,0,1,4,1,4,81,0
0,0.92,0,0,2,0,0,9,5,0,4,85,0
12,0.884,0,0,0,0,0,12,4,2,0,180,0
43,0.5579999999999999,1,1,0,0,0,2,0,1,0,70,0
46,0.698,0,1,0,0,0,0,7,0,1,156,0
2,0.91,0,0,1,0,0,2,0,1,0,6,0
46,0.698,0,0,0,1,0,0,5,0,1,22,0
3,0.926,0,1,1,0,0,4,1,0,2,44,0
2,0.91,0,0,0,0,3,4,5,1,0,11,0
1,0.624,0,0,0,0,0,8,2,2,0,9,1
23,0.767,0,0,0,2,1,16,0,1,0,68,0
18,0.802,0,0,2,2,1,11,6,0,0,55,0
3,0.926,1,1,2,1,0,2,1,3,2,12,0
2,0.91,0,1,0,0,2,13,0,1,0,42,1
34,0.915,0,1,1,0,0,2,0,1,0,48,1
0,0.92,0,1,0,0,0,3,0,1,3,62,1
34,0.915,0,0,0,2,1,5,0,1,0,39,0
37,0.8270000000000001,0,1,1,2,1,9,0,1,2,214,0
11,0.887,0,0,0,2,1,0,6,0,1,6,0
1,0.624,0,0,0,1,0,1,7,0,4,60,1
3,0.926,0,0,2,2,1,9,2,0,0,21,0
2,0.91,1,1,0,5,1,3,0,1,3,141,0
16,0.939,0,0,0,0,0,11,1,0,0,96,0
0,0.92,0,0,0,0,0,0,6,0,1,124,0
0,0.92,0,0,0,1,0,0,8,0,1,12,0
4,0.92,2,0,0,0,0,7,2,0,1,100,0
3,0.926,0,1,1,1,0,17,3,0,0,51,0
0,0.92,0,0,0,0,0,18,4,0,5,12,0
2,0.91,0,0,0,0,0,1,1,0,0,36,0
28,0.6659999999999999,2,1,1,0,0,1,0,1,0,18,0
66,0.647,0,1,0,0,6,5,0,1,0,18,0
0,0.92,0,1,0,0,0,14,0,1,3,23,1
1,0.624,0,0,1,2,1,5,0,1,3,32,1
0,0.92,0,1,0,0,4,3,0,1,5,25,1
35,0.843,0,0,2,0,0,20,3,0,0,50,0
0,0.92,0,0,0,0,0,21,0,1,0,55,1
55,0.848,1,1,0,0,0,10,6,0,0,60,0
3,0.926,1,1,1,2,1,7,4,4,0,16,0
35,0.843,0,1,1,0,0,1,0,1,2,94,0
2,0.91,2,0,0,2,1,5,4,1,0,25,0
13,0.55,0,0,0,0,0,2,4,0,0,32,1
30,0.925,0,0,0,0,0,0,1,0,4,108,0
2,0.91,2,0,0,0,2,20,1,0,0,134,0
2,0.91,1,0,0,0,0,4,8,0,0,86,0
26,0.836,0,0,0,0,0,17,1,0,5,20,0
4,0.92,0,0,0,0,0,15,8,0,1,7,0
2,0.91,0,0,0,1,0,20,3,0,2,17,0
40,0.949,0,0,0,2,1,10,4,0,2,32,1
8,0.804,0,0,0,1,0,15,0,1,2,12,1
10,0.754,1,0,0,0,0,8,2,0,0,11,0
1,0.624,0,0,1,0,0,5,6,1,0,36,0
0,0.92,0,1,0,2,1,6,0,1,0,56,1
56,0.691,0,0,0,0,0,3,0,1,1,18,0
36,0.527,0,0,0,0,2,21,4,1,0,64,1
1,0.624,1,0,1,1,0,9,2,4,5,84,1
6,0.855,0,0,0,0,0,7,1,2,1,79,0
49,0.789,2,1,1,0,0,3,0,1,3,144,1
8,0.804,0,0,0,0,0,0,2,0,4,82,0
2,0.91,0,0,0,1,0,6,1,1,0,53,0
1,0.624,1,0,1,0,0,5,4,2,6,32,1
1,0.624,0,0,0,0,0,4,1,0,0,20,1
0,0.92,0,0,0,0,0,1,2,2,0,53,0
18,0.802,0,0,0,3,1,10,6,1,0,78,0
20,0.878,0,0,1,1,0,1,2,5,0,26,0
51,0.698,1,0,0,0,0,0,1,0,0,2,0
2,0.91,0,0,0,0,0,4,1,0,2,184,0
2,0.91,0,0,0,1,0,21,5,0,1,11,0
0,0.92,0,0,0,0,0,18,8,5,1,148,0
1,0.624,1,0,2,0,0,3,3,1,5,210,0
8,0.804,3,0,0,0,0,20,1,0,5,37,1
3,0.926,0,0,0,0,0,0,2,0,1,54,0
0,0.92,1,0,0,0,0,10,3,1,0,111,1
35,0.843,0,0,0,0,0,7,4,0,1,21,1
38,0.895,1,0,0,1,0,0,2,0,0,25,0
1,0.624,0,0,0,0,0,5,1,4,0,9,0
21,0.923,0,0,0,1,2,3,3,0,0,20,0
111,0.512,0,0,0,0,0,17,1,0,0,51,1
4,0.92,0,0,0,0,2,6,0,1,0,248,1
4,0.92,0,1,2,0,0,5,0,1,0,10,1
13,0.55,0,0,2,0,6,4,7,0,0,23,1
1,0.624,1,0,1,1,0,3,1,0,0,79,0
1,0.624,0,0,0,0,0,1,6,4,0,68,1
1,0.624,0,1,0,0,0,13,6,4,0,7,0
7,0.939,0,0,0,0,0,0,0,1,2,32,1
12,0.884,0,0,0,0,2,6,2,0,5,37,0
1,0.624,0,0,0,0,0,16,3,0,1,14,1
0,0.92,0,0,0,0,6,3,6,0,0,67,0
41,0.794,1,0,0,1,0,0,0,1,6,4,0
74,0.698,0,0,0,0,0,0,4,0,1,86,0
0,0.92,0,0,0,0,0,0,0,1,5,7,1
6,0.855,0,0,0,0,0,6,3,0,0,2,0
0,0.92,0,1,0,4,2,0,0,1,1,158,0
1,0.624,0,0,1,0,0,5,0,1,0,10,0
9,0.924,0,0,0,0,0,4,6,0,2,69,0
21,0.923,0,1,1,3,1,5,0,1,0,77,1
1,0.624,0,1,1,1,0,14,3,0,2,51,1
1,0.624,0,0,1,0,0,1,6,4,2,144,1
45,0.925,0,0,0,1,0,5,7,3,2,13,0
24,0.762,1,1,1,0,0,3,0,1,3,264,0
48,0.698,0,0,0,0,0,0,6,0,1,11,0
42,0.738,1,0,0,0,0,22,2,0,6,9,1
1,0.624,0,1,0,0,0,14,3,0,0,7,0
0,0.92,0,0,0,1,0,12,1,0,0,75,0
6,0.855,1,0,1,1,0,12,3,0,4,12,1
13,0.55,1,0,0,1,4,2,4,0,0,97,0
1,0.624,1,1,1,0,0,2,0,1,0,15,1
1,0.624,0,0,0,0,0,0,2,0,0,122,1
1,0.624,0,0,0,0,0,1,2,2,0,103,1
7,0.939,0,0,0,0,0,0,4,0,5,41,0
1,0.624,0,1,1,0,0,2,0,1,0,16,1
0,0.92,0,0,0,0,0,6,2,0,0,74,0
1,0.624,1,0,0,0,0,6,7,1,2,2,1
0,0.92,2,0,0,0,0,14,7,3,0,18,1
2,0.91,0,0,0,0,0,0,0,1,2,48,0
4,0.92,0,0,0,1,0,0,0,1,1,77,1
101,0.68,0,1,0,0,4,7,4,0,3,22,0
2,0.91,0,0,0,0,0,0,1,0,1,54,0
25,0.743,0,1,0,1,0,1,0,1,3,79,0
0,0.92,1,1,1,0,0,6,0,1,3,36,0
12,0.884,0,0,0,0,0,6,0,1,1,104,0
5,0.897,1,1,0,1,0,3,2,3,1,96,0
66,0.647,0,1,1,0,0,5,0,1,3,30,1
1,0.624,0,1,1,0,0,3,2,0,5,19,1
0,0.92,0,0,0,0,0,9,7,3,0,30,0
0,0.92,0,0,0,0,0,8,7,0,2,35,0
10,0.754,1,0,2,0,0,6,4,2,5,58,0
5,0.897,0,0,0,1,0,8,7,0,2,13,0
1,0.624,0,0,0,0,0,5,6,0,0,56,1
1,0.624,0,1,0,2,1,14,0,1,3,55,0
2,0.91,1,0,0,0,0,1,2,0,3,94,0
48,0.698,1,1,3,2,1,9,0,1,3,63,0
0,0.92,1,0,0,0,0,19,2,0,0,119,0
11,0.887,0,0,0,2,1,3,0,1,0,91,0
51,0.698,0,0,0,0,0,17,4,4,0,28,0
1,0.624,0,0,0,1,0,1,5,0,5,44,1
0,0.92,0,1,0,0,0,1,6,6,3,78,1
30,0.925,0,1,0,1,0,0,1,0,1,116,0
1,0.624,1,0,1,1,0,4,5,0,0,7,0
24,0.762,3,1,3,3,1,9,0,1,3,234,0
0,0.92,1,0,0,0,0,0,2,0,1,157,0
10,0.754,0,0,0,0,0,0,2,0,1,37,0
0,0.92,0,0,0,0,0,10,2,0,2,36,0
3,0.926,0,0,0,1,0,12,1,2,0,52,0
17,0.899,0,0,0,0,0,16,1,0,0,20,0
0,0.92,0,1,0,5,1,4,0,1,3,56,0
15,0.913,0,0,0,1,0,6,2,0,0,84,0
18,0.802,1,0,0,4,0,0,2,0,1,47,0
23,0.767,1,1,1,0,0,3,0,5,3,168,1
8,0.804,0,0,0,0,0,10,5,0,0,51,0
13,0.55,0,1,1,2,1,1,0,1,3,4,1
22,0.8959999999999999,0,0,0,1,0,17,5,3,1,224,0
0,0.92,0,0,0,0,0,17,3,0,1,8,0
0,0.92,2,1,0,4,0,0,5,0,0,26,0
1,0.624,0,1,0,0,0,2,4,0,0,11,1
34,0.915,0,0,0,1,0,0,5,0,1,4,0
3,0.926,0,1,0,1,0,3,2,0,0,46,0
5,0.897,0,1,1,0,0,4,0,1,0,10,1
1,0.624,0,0,0,0,0,9,7,0,0,70,1
0,0.92,0,0,0,0,0,16,2,0,2,47,0
8,0.804,0,1,1,2,1,4,4,4,0,43,0
0,0.92,0,0,0,0,0,6,0,1,5,132,0
3,0.926,0,0,0,1,0,17,2,5,0,106,0
56,0.691,0,0,1,0,0,13,0,1,0,9,1
40,0.949,0,0,0,0,0,0,7,0,1,6,0
9,0.924,0,0,0,4,0,0,0,1,0,50,0
0,0.92,0,0,2,0,0,15,3,0,1,90,0
0,0.92,0,1,1,0,0,1,0,1,2,113,1
0,0.92,0,0,0,0,0,0,2,2,0,6,0
48,0.698,0,1,0,2,1,2,0,1,3,37,0
97,0.742,0,0,0,0,0,16,1,0,0,30,0
0,0.92,0,0,2,0,0,6,3,0,5,21,0
5,0.897,0,0,0,1,0,0,1,5,1,26,0
23,0.767,0,1,1,0,0,1,0,1,0,17,1
8,0.804,0,0,0,1,0,9,4,0,0,2,0
0,0.92,0,1,1,0,0,5,0,3,0,50,1
3,0.926,0,0,0,1,4,6,5,0,4,34,0
13,0.55,0,1,0,2,1,5,0,1,2,46,1
2,0.91,0,0,0,0,0,5,2,0,0,102,0
0,0.92,0,1,0,3,1,6,0,0,3,108,0
15,0.913,0,0,0,0,0,0,6,0,0,101,0
21,0.923,0,1,2,0,0,8,0,1,1,4,1
3,0.926,0,1,0,2,1,3,1,0,0,112,0
41,0.794,0,0,2,0,0,9,2,0,2,22,0
27,0.682,2,1,0,0,0,16,0,1,3,59,1
1,0.624,0,0,0,1,0,4,0,1,2,160,1
0,0.92,0,1,2,0,0,14,0,1,0,38,1
0,0.92,0,0,0,1,0,17,0,1,1,19,1
1,0.624,0,0,0,0,0,8,0,1,5,28,1
86,0.856,0,0,0,0,0,0,4,2,4,73,0
0,0.92,0,0,0,0,0,0,0,1,0,157,1
0,0.92,0,0,0,0,0,4,3,0,0,97,0
1,0.624,0,0,0,0,0,2,6,2,0,21,0
54,0.8270000000000001,1,0,0,1,0,2,1,0,0,11,0
2,0.91,0,0,0,0,0,18,5,0,4,92,0
0,0.92,0,0,0,0,0,0,0,1,0,33,0
27,0.682,0,0,0,0,0,10,0,1,0,26,0
39,0.903,1,0,1,0,0,11,2,0,1,158,0
0,0.92,0,1,1,1,0,1,4,3,0,62,0
24,0.762,0,0,0,1,0,4,0,1,3,21,0
20,0.878,0,1,0,0,6,12,1,5,5,45,0
84,0.556,1,0,0,0,0,15,6,4,0,26,1
17,0.899,0,0,2,3,1,5,7,0,0,52,0
6,0.855,2,1,1,0,0,3,0,1,2,17,1
2,0.91,0,0,0,0,0,16,6,0,1,64,1
3,0.926,0,0,0,0,0,12,1,0,1,17,0
5,0.897,0,0,0,1,0,1,3,0,0,100,1
3,0.926,0,0,0,0,0,10,1,0,1,68,0
0,0.92,1,0,0,0,0,0,1,0,0,126,0
0,0.92,0,0,0,1,0,0,3,1,0,38,0
72,0.865,1,1,0,3,1,3,0,1,3,302,0
31,0.579,0,0,3,0,0,5,0,0,0,8,1
0,0.92,0,0,1,0,0,5,2,0,0,163,0
4,0.92,1,1,1,2,1,7,0,1,0,82,1
47,0.555,1,0,0,0,0,2,2,0,0,22,0
36,0.527,1,1,0,0,3,2,0,1,0,79,1
10,0.754,0,0,2,0,0,4,1,0,5,18,1
3,0.926,0,0,0,1,0,15,3,0,0,19,0
6,0.855,2,0,0,0,2,3,1,0,5,66,0
13,0.55,1,0,0,0,0,1,6,1,0,104,1
57,0.698,1,0,0,0,0,5,5,6,0,140,1
0,0.92,0,0,0,0,0,15,7,5,2,48,0
0,0.92,0,0,0,0,0,0,5,0,1,55,0
16,0.939,1,0,0,1,0,12,3,0,3,109,0
7,0.939,0,0,0,0,3,11,1,0,0,98,0
40,0.949,2,0,0,1,0,4,3,3,0,3,0
2,0.91,0,0,0,0,0,9,5,0,1,55,0
10,0.754,0,0,1,0,0,3,1,0,0,23,0
1,0.624,0,1,3,1,0,2,8,0,0,76,1
58,0.698,1,1,1,2,1,3,3,3,0,35,0
4,0.92,1,0,0,0,0,0,0,1,1,18,1
0,0.92,1,0,0,0,0,0,3,0,1,8,0
2,0.91,0,0,0,1,0,4,8,0,0,94,0
1,0.624,0,0,0,1,0,15,3,0,4,10,0
1,0.624,1,1,0,3,1,13,0,1,6,26,1
15,0.913,0,0,0,0,0,0,5,0,5,23,0
49,0.789,0,0,0,0,0,6,1,1,0,26,0
1,0.624,0,0,0,0,0,5,4,0,2,89,1
0,0.92,1,0,1,0,0,15,1,1,2,23,1
8,0.804,1,0,0,3,1,10,1,0,1,21,0
2,0.91,0,0,0,2,1,11,3,0,1,42,0
1,0.624,0,0,0,0,0,2,1,1,0,7,0
2,0.91,0,0,0,2,1,1,0,1,3,156,0
1,0.624,0,0,0,0,0,6,3,0,4,48,1
14,0.698,0,1,2,1,0,15,0,1,5,70,0
0,0.92,1,1,0,1,0,2,3,0,0,100,0
22,0.8959999999999999,0,1,1,2,1,2,0,1,3,168,0
0,0.92,0,1,0,0,4,2,8,1,0,34,0
0,0.92,0,0,0,0,0,0,0,1,1,40,1
3,0.926,0,0,0,2,1,0,0,1,0,40,1
72,0.865,0,0,0,1,0,20,3,0,5,14,0
3,0.926,2,0,2,0,3,1,1,0,4,138,0
32,0.866,0,0,0,1,0,0,2,0,2,78,0
19,0.893,2,0,0,1,0,10,4,0,0,38,0
0,0.92,0,0,0,0,0,6,6,0,0,28,0
1,0.624,0,0,1,0,0,3,2,0,0,84,1
9,0.924,0,0,0,0,0,1,6,0,0,8,0
8,0.804,0,0,0,1,0,7,7,0,0,45,0
2,0.91,0,0,0,0,0,2,5,0,0,102,0
3,0.926,0,0,0,0,0,16,3,0,4,35,0
26,0.836,0,0,0,0,0,8,2,0,2,82,0
39,0.903,0,0,0,4,0,2,8,3,2,21,1
32,0.866,0,0,0,0,0,0,2,0,1,24,0
1,0.624,1,0,0,0,0,1,2,0,2,26,0
34,0.915,0,1,0,0,0,5,2,3,0,31,0
3,0.926,1,1,1,0,0,1,3,0,0,8,1
98,0.775,0,0,2,0,0,7,5,0,1,14,1
37,0.8270000000000001,0,0,0,0,0,19,3,0,3,10,0
26,0.836,1,0,0,1,6,6,1,0,2,17,0
36,0.527,0,1,1,2,1,6,0,1,0,44,1
0,0.92,0,0,0,0,0,0,4,0,3,39,0
18,0.802,1,0,1,0,0,15,7,0,1,48,0
56,0.691,1,1,0,0,3,3,0,1,2,46,0
1,0.624,1,0,1,1,0,4,2,0,6,172,1
15,0.913,0,0,0,0,0,7,3,0,5,56,0
21,0.923,0,0,0,0,0,2,0,1,0,316,0
1,0.624,0,0,0,0,0,7,4,2,2,20,1
4,0.92,0,1,1,0,0,5,0,1,0,39,1
0,0.92,2,1,2,1,2,0,3,0,1,9,0
0,0.92,0,0,0,0,0,0,2,0,1,32,0
16,0.939,0,1,0,2,1,3,2,1,5,55,0
1,0.624,0,1,1,1,0,3,0,1,0,34,1
0,0.92,0,0,0,0,0,0,3,0,5,71,0
1,0.624,0,0,0,1,0,17,3,0,0,107,1
3,0.926,0,0,0,2,1,12,3,0,1,25,0
0,0.92,0,1,2,2,1,6,0,1,0,184,0
10,0.754,1,0,0,1,1,22,1,0,6,5,0
12,0.884,1,0,0,0,0,3,7,0,2,36,1
0,0.92,0,0,0,0,0,10,1,0,5,3,1
1,0.624,0,0,0,0,0,10,3,0,1,85,0
0,0.92,0,0,0,0,5,3,1,0,0,62,0
10,0.754,0,0,0,0,0,0,3,0,2,74,0
8,0.804,1,0,0,0,0,17,1,0,0,22,0
0,0.92,0,1,0,0,0,0,5,5,4,75,0
9,0.924,0,0,0,0,2,12,1,0,0,29,0
21,0.923,0,0,0,0,0,4,1,0,4,41,0
46,0.698,0,1,1,2,1,3,0,0,3,78,0
74,0.698,0,0,2,1,4,5,2,0,0,134,0
3,0.926,1,1,1,2,1,1,6,3,3,109,0
0,0.92,0,0,0,0,0,3,7,0,0,65,0
30,0.925,0,0,0,1,0,15,3,0,1,108,1
32,0.866,0,0,1,0,0,1,2,0,0,48,1
3,0.926,2,0,0,1,2,3,1,0,0,82,0
10,0.754,0,1,1,0,0,3,0,1,3,39,1
1,0.624,0,0,0,1,0,3,0,1,0,108,0
0,0.92,0,0,0,0,0,0,4,0,1,38,0
63,0.84,1,0,0,0,0,7,5,3,0,78,1
32,0.866,0,0,0,4,0,0,1,1,2,108,0
22,0.8959999999999999,0,0,0,1,6,12,6,4,0,156,0
10,0.754,1,0,2,2,1,5,2,1,0,38,0
47,0.555,0,1,1,0,0,5,0,0,3,25,1
4,0.92,0,0,0,1,0,11,2,0,1,23,0
0,0.92,0,1,0,0,0,3,0,1,3,52,0
68,0.763,0,1,1,0,0,1,0,1,3,11,0
0,0.92,2,0,0,0,0,0,0,1,1,42,1
0,0.92,0,0,0,0,0,11,1,2,0,46,0
26,0.836,0,1,2,2,1,0,1,0,2,108,0
1,0.624,0,0,0,1,0,6,8,0,1,139,0
0,0.92,0,0,0,1,0,10,3,0,3,6,0
1,0.624,0,1,0,0,0,18,0,1,3,50,1
9,0.924,0,1,0,0,0,12,3,0,0,26,0
1,0.624,1,0,0,0,0,3,1,0,0,38,1
11,0.887,0,0,0,2,1,11,6,0,0,8,1
17,0.899,0,0,0,2,1,9,1,3,0,34,0
13,0.55,1,0,3,1,0,8,1,0,0,12,0
80,0.725,1,0,0,0,0,6,0,1,3,80,0
4,0.92,2,0,1,0,0,1,2,0,2,23,0
0,0.92,2,0,0,1,0,0,2,0,1,38,0
12,0.884,1,0,2,0,0,2,3,3,0,39,0
25,0.743,0,1,1,2,1,5,0,1,3,54,0
6,0.855,0,0,0,0,0,16,4,4,0,15,0
38,0.895,0,1,0,2,1,6,0,1,4,32,0
13,0.55,0,0,0,0,0,15,1,0,1,42,1
13,0.55,0,0,0,0,0,7,0,0,0,284,0
15,0.913,0,0,0,1,0,7,1,0,0,60,0
1,0.624,0,1,0,0,0,9,0,1,0,111,1
1,0.624,1,0,1,3,1,3,2,0,5,107,1
35,0.843,1,1,0,4,0,8,3,0,0,87,0
0,0.92,0,0,0,0,4,19,3,0,2,91,0
1,0.624,2,0,0,0,0,11,1,0,1,74,0
3,0.926,0,0,0,0,0,18,0,1,0,24,0
3,0.926,0,0,0,1,0,0,1,0,0,33,0
4,0.92,0,0,0,0,0,0,7,0,1,9,0
7,0.939,0,0,0,0,2,3,3,0,2,75,0
0,0.92,1,0,0,0,0,10,5,5,2,11,0
0,0.92,0,0,0,0,0,12,1,0,1,66,1
0,0.92,1,0,0,0,0,0,5,0,2,130,0
57,0.698,1,0,0,0,0,8,4,0,2,72,0
1,0.624,0,0,1,1,0,14,0,1,0,12,0
3,0.926,2,1,2,1,0,2,4,3,5,39,0
0,0.92,0,0,0,0,0,8,3,0,2,56,1
1,0.624,1,0,0,1,0,14,6,2,2,152,0
51,0.698,0,1,0,2,1,3,0,1,3,96,0
1,0.624,1,0,1,0,0,3,1,0,0,34,0
0,0.92,0,1,0,4,0,6,3,3,1,6,1
1,0.624,0,1,1,0,0,1,0,1,3,111,1
2,0.91,0,1,0,1,2,15,3,0,4,18,0
8,0.804,0,1,0,0,0,12,5,0,0,19,0
26,0.836,0,0,0,0,2,0,0,0,0,130,0
14,0.698,0,1,0,1,0,6,2,0,5,8,0
6,0.855,0,1,1,0,0,8,3,0,5,14,0
52,0.698,1,0,0,2,1,1,6,2,0,44,0
1,0.624,1,0,0,0,0,2,0,0,3,2,1
0,0.92,2,0,0,1,0,18,3,5,5,304,0
1,0.624,1,1,0,0,0,14,6,0,0,21,0
4,0.92,0,0,0,0,0,0,6,0,4,51,0
2,0.91,0,0,0,3,1,3,6,0,0,51,1
1,0.624,0,1,0,0,0,14,0,1,2,67,0
2,0.91,0,1,1,0,0,14,0,1,0,44,0
36,0.527,0,0,0,0,0,2,0,1,2,80,1
5,0.897,0,0,0,1,0,10,2,0,1,34,0
64,0.479,0,0,0,0,0,2,3,3,0,22,0
1,0.624,2,0,0,0,0,4,4,0,0,48,1
5,0.897,0,0,0,0,0,0,4,0,1,23,0
2,0.91,0,1,1,2,1,8,0,1,0,79,0
42,0.738,1,0,1,0,0,2,1,4,2,75,1
2,0.91,0,1,0,2,1,2,0,1,0,24,0
51,0.698,0,1,1,0,4,13,0,1,3,74,0
3,0.926,0,1,3,2,1,3,0,1,0,49,0
52,0.698,0,0,1,0,0,6,2,0,0,27,0
2,0.91,1,0,0,1,0,15,6,1,0,45,0
55,0.848,0,0,0,1,0,10,2,0,0,19,0
11,0.887,0,0,0,0,2,19,1,0,0,128,0
6,0.855,1,0,3,0,0,7,4,1,2,298,0
58,0.698,1,1,1,2,1,3,0,0,3,64,0
16,0.939,0,1,0,4,0,2,0,3,0,13,0
96,0.745,1,1,2,1,4,1,8,0,1,9,0
0,0.92,0,1,0,2,1,8,0,1,3,20,0
2,0.91,0,1,0,0,3,6,3,0,2,18,0
18,0.802,0,1,0,0,0,0,3,0,4,94,0
17,0.899,0,0,0,0,0,8,1,2,2,52,0
3,0.926,0,1,1,0,0,2,0,1,4,24,1
9,0.924,0,1,1,0,0,17,0,1,5,41,1
1,0.624,0,0,0,1,0,2,5,0,0,28,0
6,0.855,0,0,0,1,0,21,7,0,0,60,0
13,0.55,1,0,0,0,0,4,7,0,0,62,1
54,0.8270000000000001,1,1,0,3,1,5,0,1,3,15,0
2,0.91,0,0,0,0,0,12,5,0,0,8,0
3,0.926,2,1,1,2,1,7,4,4,0,74,1
13,0.55,0,1,1,0,0,1,4,1,0,102,1
0,0.92,0,0,0,0,0,11,0,1,2,13,0
75,0.698,0,0,0,1,2,17,1,0,0,50,0
1,0.624,0,1,0,0,0,1,3,0,0,17,0
4,0.92,0,0,0,0,6,9,2,5,0,51,0
1,0.624,0,0,0,0,0,1,4,0,0,92,0
0,0.92,0,0,0,0,0,0,2,0,0,36,0
29,0.89,0,0,0,0,0,0,2,0,1,22,0
1,0.624,0,0,0,1,0,1,1,0,0,56,1
21,0.923,0,0,0,1,0,1,0,1,0,37,0
9,0.924,0,0,0,0,0,16,4,0,0,84,0
1,0.624,0,0,0,0,0,6,2,0,2,6,1
92,0.64,0,0,0,0,5,9,1,1,0,6,0
10,0.754,1,0,0,0,0,11,5,0,6,156,0
13,0.55,1,0,0,1,0,5,2,1,0,56,0
5,0.897,2,0,0,1,0,6,0,1,0,48,0
2,0.91,0,1,0,0,0,0,1,0,1,278,0
22,0.8959999999999999,0,0,0,1,2,7,1,0,0,31,0
7,0.939,0,0,0,0,0,0,1,0,1,35,0
19,0.893,1,0,0,1,0,0,4,0,3,95,0
12,0.884,1,0,0,2,1,0,2,0,0,66,0
3,0.926,0,0,0,0,0,16,1,0,3,147,0
1,0.624,0,0,1,0,0,5,1,0,0,9,0
2,0.91,0,0,0,0,0,0,4,0,4,286,0
2,0.91,0,0,0,1,0,8,8,0,0,4,0
0,0.92,1,0,0,0,4,3,5,0,2,2,0
1,0.624,0,0,0,1,0,7,2,1,0,41,1
5,0.897,1,0,0,1,0,3,4,0,6,11,0
13,0.55,0,0,0,0,0,8,1,0,1,77,0
9,0.924,0,0,0,0,0,0,4,0,0,142,0
105,0.7879999999999999,0,0,0,2,1,0,2,2,0,56,0
20,0.878,0,1,1,1,2,8,2,3,2,56,0
0,0.92,1,0,0,1,0,12,3,3,5,55,0
2,0.91,0,0,0,0,0,0,2,0,5,57,0
0,0.92,0,1,0,5,1,1,0,0,3,25,0
0,0.92,0,1,1,0,0,12,0,1,0,12,0
0,0.92,0,0,0,0,0,15,0,1,1,10,1
11,0.887,0,0,0,0,0,0,0,1,0,90,0
5,0.897,2,0,0,0,0,8,1,0,0,79,0
0,0.92,1,0,0,0,0,0,0,1,2,10,1
63,0.84,0,0,0,1,0,7,0,0,4,69,0
0,0.92,0,0,0,0,3,0,7,0,1,30,1
0,0.92,1,0,0,1,0,4,0,0,2,28,0
3,0.926,0,0,0,0,0,19,0,1,1,16,0
39,0.903,0,0,3,0,0,0,5,0,2,86,0
0,0.92,0,0,0,0,0,1,3,0,0,184,0
3,0.926,0,1,1,0,0,6,8,3,3,9,0
4,0.92,1,0,0,3,1,18,0,1,2,87,0
0,0.92,0,0,0,3,1,9,0,1,0,12,0
15,0.913,0,0,0,1,0,20,4,2,2,11,0
1,0.624,0,1,0,0,0,7,4,0,0,33,1
3,0.926,0,0,0,1,0,20,2,0,2,12,0
53,0.7659999999999999,0,0,0,0,0,11,7,0,3,58,0
35,0.843,0,0,1,2,1,2,0,1,2,144,0
34,0.915,2,0,0,0,0,0,1,0,1,37,0
0,0.92,0,1,0,0,0,18,8,0,1,67,0
16,0.939,0,0,0,0,0,10,3,0,1,34,0
41,0.794,1,0,2,2,1,3,1,2,0,133,0
77,0.698,0,0,0,0,0,0,6,0,0,26,0
1,0.624,0,0,0,0,0,19,3,0,1,128,0
4,0.92,1,1,1,2,1,4,0,1,0,20,1
2,0.91,0,0,0,0,0,10,2,0,0,51,0
6,0.855,0,0,0,1,0,16,2,0,0,42,0
17,0.899,0,0,1,0,0,16,3,0,2,69,0
5,0.897,1,1,0,1,0,10,1,0,4,15,0
31,0.579,0,1,0,0,3,10,0,1,3,68,1
64,0.479,0,0,1,0,0,5,2,6,0,43,0
7,0.939,0,0,0,0,0,21,2,5,1,82,0
42,0.738,0,0,0,0,0,12,4,2,0,47,0
4,0.92,0,0,0,0,5,2,0,1,3,73,0
22,0.8959999999999999,1,1,0,0,0,0,0,1,1,5,0
18,0.802,0,0,0,2,1,9,5,0,0,13,0
36,0.527,0,0,0,0,0,0,0,1,3,94,0
0,0.92,0,1,1,1,0,7,0,1,0,105,0
1,0.624,1,0,0,0,0,8,1,0,0,52,1
0,0.92,0,0,0,0,0,0,0,1,1,29,1
0,0.92,0,0,0,0,0,0,0,3,1,50,1
0,0.92,0,1,0,0,0,10,2,0,1,32,0
12,0.884,0,0,0,0,0,20,6,2,1,92,0
55,0.848,0,1,0,0,0,9,0,0,3,56,1
6,0.855,2,1,1,2,1,3,3,1,0,34,0
2,0.91,0,0,0,1,0,0,0,1,0,144,0
0,0.92,0,0,0,0,3,6,8,0,0,41,1
55,0.848,0,0,1,0,0,0,0,1,5,34,0
4,0.92,2,0,0,0,0,4,7,0,0,21,0
0,0.92,1,1,2,3,1,4,0,1,0,98,0
4,0.92,0,0,0,1,0,0,3,0,1,161,0
0,0.92,0,0,0,0,0,20,1,2,0,147,1
31,0.579,1,1,3,0,0,4,2,0,0,200,1
57,0.698,0,1,0,0,0,3,6,1,0,44,0
2,0.91,0,0,0,0,0,0,1,0,2,178,0
53,0.7659999999999999,0,0,0,0,0,6,6,2,0,73,0
1,0.624,0,0,0,0,0,16,1,0,0,77,1
13,0.55,0,0,0,0,0,1,0,1,0,146,1
3,0.926,0,0,0,0,6,7,0,1,3,104,0
59,0.74,1,0,0,1,0,8,8,1,6,43,1
2,0.91,0,0,0,4,0,10,2,0,0,47,0
0,0.92,0,1,1,0,0,4,0,1,0,18,0
0,0.92,2,1,0,0,2,18,2,5,1,84,0
34,0.915,0,0,0,0,0,0,6,0,1,48,0
0,0.92,0,0,0,0,0,11,2,0,0,129,0
2,0.91,0,0,0,1,0,6,8,0,2,62,0
31,0.579,0,0,0,0,0,4,2,0,0,8,0
2,0.91,0,0,0,4,0,10,3,0,0,58,0
1,0.624,0,0,0,1,0,2,7,0,5,4,0
2,0.91,0,0,0,1,0,2,1,0,0,113,0
0,0.92,0,0,0,0,0,9,4,2,0,57,0
0,0.92,0,0,0,0,0,0,0,1,1,35,1
13,0.55,0,0,0,0,0,1,1,0,0,24,1
0,0.92,0,1,0,2,1,2,0,1,0,7,0
0,0.92,0,0,0,0,0,9,2,0,5,8,0
0,0.92,0,1,0,2,1,1,0,1,3,105,0
1,0.624,0,0,1,1,0,2,1,0,0,28,1
3,0.926,1,0,0,0,0,1,1,0,0,6,0
0,0.92,0,0,0,1,0,10,5,0,2,53,0
3,0.926,0,0,0,1,0,15,1,0,0,46,0
1,0.624,0,1,1,2,1,9,0,1,3,46,1
93,0.516,2,1,0,0,0,3,0,1,0,46,1
6,0.855,0,0,1,0,0,9,2,3,5,39,0
0,0.92,0,0,0,0,0,11,3,0,1,152,0
1,0.624,0,0,0,0,0,3,7,2,0,20,0
0,0.92,0,0,0,0,0,0,5,0,0,180,0
96,0.745,1,1,3,1,0,5,4,1,3,18,0
3,0.926,0,0,0,0,0,11,6,4,3,3,1
3,0.926,0,0,0,1,0,10,1,0,0,46,0
0,0.92,2,1,0,0,2,3,1,2,2,24,0
0,0.92,0,1,0,4,0,0,2,0,0,22,0
0,0.92,0,0,0,0,0,1,2,0,2,74,1
4,0.92,0,0,0,0,0,0,0,1,0,88,1
6,0.855,1,1,0,2,1,9,0,1,0,80,0
1,0.624,0,0,0,0,0,18,1,0,0,78,1
33,0.6890000000000001,1,1,1,3,1,14,5,3,0,86,1
30,0.925,0,1,1,1,0,12,0,1,2,96,0
36,0.527,0,0,0,1,0,2,2,2,0,96,1
2,0.91,0,0,0,0,0,18,1,0,1,21,0
6,0.855,0,0,0,1,4,22,0,0,1,96,1
17,0.899,0,0,0,0,0,11,6,2,2,10,0
28,0.6659999999999999,0,1,2,1,2,5,0,1,2,81,0
0,0.92,1,0,2,0,0,13,3,0,0,72,0
0,0.92,2,0,0,0,0,3,0,0,3,28,0
0,0.92,0,1,0,2,1,2,0,1,0,64,0
0,0.92,0,0,0,0,0,9,3,0,2,26,0
0,0.92,0,1,0,5,1,3,0,0,3,11,0
0,0.92,0,0,0,1,0,21,3,0,1,76,0
13,0.55,1,1,1,0,0,14,0,1,3,12,0
6,0.855,0,0,0,0,0,7,2,0,0,57,0
0,0.92,0,0,0,0,0,5,6,4,3,11,0
15,0.913,1,0,0,1,0,20,2,1,0,43,0
3,0.926,1,1,0,2,1,3,0,1,3,9,0
1,0.624,0,1,1,0,0,4,0,1,0,28,1
1,0.624,1,0,0,0,0,5,1,0,2,10,1
13,0.55,0,0,2,0,0,5,1,0,0,42,0
0,0.92,0,1,0,0,3,4,3,0,0,12,0
14,0.698,0,0,2,0,0,6,4,4,0,139,0
5,0.897,1,1,1,1,0,2,0,1,0,51,1
10,0.754,0,0,0,0,0,8,2,0,0,96,0
1,0.624,1,0,1,3,1,5,0,1,0,168,1
11,0.887,0,1,1,0,0,3,0,1,3,25,1
27,0.682,1,1,1,3,1,3,8,0,3,29,0
2,0.91,0,0,0,0,0,0,6,0,1,40,0
2,0.91,0,0,0,0,0,10,1,2,0,72,0
17,0.899,0,0,0,0,0,8,5,0,1,22,1
3,0.926,0,0,0,1,2,14,1,0,0,4,0
26,0.836,1,1,3,0,3,3,0,1,3,47,1
0,0.92,0,0,0,0,0,0,3,0,0,77,0
0,0.92,0,0,0,0,0,18,0,1,1,78,0
11,0.887,0,0,0,0,0,18,1,6,1,105,0
1,0.624,0,1,0,0,0,14,0,1,0,50,1
43,0.5579999999999999,0,1,0,0,0,2,1,0,0,53,1
0,0.92,0,0,0,1,0,7,3,0,4,129,0
1,0.624,0,0,1,0,0,2,2,5,0,43,1
45,0.925,0,0,0,0,0,18,1,0,0,8,1
2,0.91,0,0,0,4,0,0,2,0,4,11,0
8,0.804,0,0,0,4,0,6,7,0,1,7,1
0,0.92,0,0,0,0,0,0,0,1,1,37,0
0,0.92,0,0,0,1,3,4,3,0,4,23,0
0,0.92,2,0,2,0,0,15,2,6,5,14,1
0,0.92,0,0,0,0,0,9,5,6,0,22,0
63,0.84,3,1,3,3,1,5,0,1,3,8,0
20,0.878,0,0,0,1,0,0,0,1,1,148,0
3,0.926,0,0,0,1,0,12,2,0,0,106,0
8,0.804,0,0,2,1,0,7,2,0,2,44,0
4,0.92,0,0,1,0,0,3,3,0,0,64,0
30,0.925,0,0,0,0,0,2,7,0,0,47,0
0,0.92,0,1,1,0,0,1,4,5,0,113,1
0,0.92,1,0,0,0,0,7,0,1,0,16,1
55,0.848,1,0,0,0,0,1,7,1,6,56,0
2,0.91,0,0,0,4,0,0,1,0,1,123,0
39,0.903,1,0,0,0,0,18,3,0,2,12,0
0,0.92,1,0,0,1,0,0,1,0,1,70,0
13,0.55,0,1,1,0,0,3,0,1,3,72,1
1,0.624,1,0,0,0,0,8,1,0,0,9,0
13,0.55,0,0,0,0,0,9,2,0,0,24,1
0,0.92,0,0,0,1,0,20,3,0,0,9,0
10,0.754,0,0,0,1,0,2,7,1,0,92,0
0,0.92,1,0,0,0,0,0,1,0,2,44,0
43,0.5579999999999999,0,0,2,0,0,12,0,1,0,4,0
4,0.92,0,1,2,0,0,1,0,0,3,13,0
1,0.624,0,1,1,2,1,5,0,1,3,51,1
3,0.926,0,0,0,0,6,21,0,1,1,156,0
0,0.92,0,0,0,0,0,10,7,0,4,20,0
0,0.92,0,1,1,0,0,4,0,1,0,34,0
58,0.698,1,1,1,0,0,11,0,1,3,107,0
0,0.92,0,0,0,0,0,9,2,0,0,44,0
5,0.897,0,0,0,1,0,6,0,1,2,18,0
1,0.624,0,0,0,0,0,6,2,0,0,48,1
2,0.91,0,0,0,0,0,0,0,1,0,91,0
39,0.903,1,0,0,0,5,18,5,1,5,47,0
0,0.92,0,0,0,0,2,6,1,0,2,79,0
22,0.8959999999999999,0,1,0,1,0,1,1,3,0,95,0
2,0.91,2,0,0,1,4,9,5,3,4,74,0
13,0.55,0,1,0,1,0,1,2,0,1,62,1
8,0.804,0,0,0,1,0,7,2,0,1,32,0
1,0.624,1,0,0,0,0,3,1,2,0,13,1
105,0.7879999999999999,0,0,0,1,0,0,0,1,1,155,0
1,0.624,0,1,1,0,0,6,0,1,3,26,1
0,0.92,2,1,1,0,0,6,3,0,0,22,0
0,0.92,0,1,0,4,2,0,5,3,2,83,0
0,0.92,0,0,0,1,2,1,1,0,0,198,0
0,0.92,0,0,0,0,2,1,1,0,0,46,0
41,0.794,0,0,2,0,0,6,2,1,0,50,0
12,0.884,0,0,0,0,0,6,7,1,2,140,0
0,0.92,0,1,1,0,0,1,0,3,0,164,0
0,0.92,0,0,0,0,0,0,2,0,2,118,0
21,0.923,0,0,0,0,0,0,0,1,0,125,1
4,0.92,2,1,0,0,0,13,0,1,0,6,1
3,0.926,0,0,0,0,0,0,0,1,1,70,0
4,0.92,0,0,0,0,0,2,2,3,2,160,0
0,0.92,2,0,0,1,5,10,2,3,1,70,0
4,0.92,0,0,0,0,0,12,1,0,0,30,0
54,0.8270000000000001,0,0,0,0,0,10,2,0,0,114,0
0,0.92,0,0,0,4,0,0,0,1,5,43,0
13,0.55,0,0,0,2,1,4,0,1,3,41,0
9,0.924,0,0,0,1,2,6,6,0,0,163,0
3,0.926,0,1,1,0,0,10,0,1,1,90,0
106,0.73,0,0,2,0,0,8,1,0,4,89,0
39,0.903,1,1,0,0,0,3,0,1,2,113,0
1,0.624,1,1,0,3,1,5,0,1,3,72,0
0,0.92,0,0,0,0,0,11,5,0,2,41,0
4,0.92,0,0,0,2,1,17,5,0,4,194,0
2,0.91,0,1,2,0,0,13,0,1,0,90,1
0,0.92,0,0,0,0,0,0,3,0,0,105,0
5,0.897,0,1,1,1,0,6,0,1,0,88,0
15,0.913,1,0,0,1,0,17,5,0,0,108,0
2,0.91,0,1,1,4,0,9,0,1,0,20,0
0,0.92,0,0,0,0,0,18,3,3,4,74,0
0,0.92,0,0,0,1,0,0,8,0,4,13,0
23,0.767,0,1,1,2,1,6,0,1,0,12,0
57,0.698,0,0,0,0,0,8,3,0,0,109,0
9,0.924,1,0,1,0,0,0,5,5,1,60,0
2,0.91,0,0,0,1,0,12,6,2,0,42,0
8,0.804,0,0,0,0,0,8,0,1,1,98,0
72,0.865,1,0,0,2,1,16,2,0,2,4,0
1,0.624,0,1,1,2,1,5,0,1,0,94,0
1,0.624,0,0,0,1,0,2,4,0,0,194,1
49,0.789,0,0,0,0,0,7,2,3,0,4,0
4,0.92,0,0,0,0,0,2,6,0,0,78,0
1,0.624,0,0,0,1,0,16,6,2,2,26,0
49,0.789,0,1,0,2,1,5,0,1,3,98,0
41,0.794,0,0,0,1,0,1,1,0,0,84,0
0,0.92,1,1,0,0,0,2,0,1,2,25,0
3,0.926,1,1,3,0,0,0,0,1,3,162,0
3,0.926,0,0,0,1,0,0,2,0,0,113,0
10,0.754,0,0,0,1,0,17,4,4,2,54,0
0,0.92,0,0,0,0,0,0,3,0,2,60,0
2,0.91,0,0,0,1,0,12,5,0,1,72,0
0,0.92,0,0,0,0,0,20,7,0,1,164,0
1,0.624,1,1,1,2,1,5,0,1,3,130,0
12,0.884,0,1,2,1,0,3,6,3,3,22,0
11,0.887,0,0,0,1,2,0,0,1,3,15,0
61,0.579,0,0,0,0,0,3,6,4,0,96,0
22,0.8959999999999999,0,0,0,0,0,3,6,4,0,165,0
0,0.92,0,0,0,0,0,0,0,1,1,114,0
12,0.884,1,0,0,1,0,16,0,1,1,19,1
1,0.624,1,1,0,0,6,2,4,0,0,14,1
0,0.92,0,0,0,0,0,2,2,0,0,48,0
27,0.682,0,0,0,0,0,8,5,3,5,28,0
1,0.624,1,0,0,0,1,15,0,1,1,67,0
12,0.884,0,1,1,2,1,6,0,1,3,110,0
4,0.92,0,0,0,0,0,9,2,0,5,86,0
2,0.91,0,0,0,1,0,9,5,0,0,14,0
0,0.92,1,1,0,0,4,2,1,0,0,4,0
30,0.925,0,0,1,0,0,3,2,0,2,228,0
2,0.91,0,0,0,1,2,12,3,0,0,158,0
3,0.926,2,0,0,2,1,11,1,0,0,32,0
6,0.855,1,1,2,0,0,4,1,0,0,166,0
43,0.5579999999999999,0,0,0,0,0,6,2,5,0,136,0
103,0.698,2,1,3,2,1,14,0,1,1,67,0
6,0.855,0,0,0,0,0,11,0,1,0,192,0
3,0.926,0,0,0,1,0,15,2,0,2,43,0
4,0.92,0,0,0,0,0,7,1,0,2,8,0
33,0.6890000000000001,0,0,0,0,0,9,6,5,3,24,0
0,0.92,1,1,0,2,1,5,0,1,3,13,0
67,0.722,0,0,0,1,0,5,2,0,0,14,0
27,0.682,0,1,0,0,0,1,0,1,0,80,0
0,0.92,0,0,1,0,0,4,8,1,0,30,0
3,0.926,0,1,0,1,0,17,0,1,3,6,0
30,0.925,0,1,0,0,6,3,0,1,5,79,1
7,0.939,0,0,0,0,0,18,0,1,1,46,0
7,0.939,0,0,0,1,0,7,5,0,2,42,0
4,0.92,1,0,0,1,0,0,3,3,1,40,0
1,0.624,1,0,0,0,0,10,3,0,0,63,0
28,0.6659999999999999,0,0,0,0,0,18,8,0,0,111,0
0,0.92,2,1,1,0,0,4,0,1,0,46,1
1,0.624,1,0,0,0,0,6,1,0,2,18,1
70,0.74,0,1,3,0,0,2,6,4,3,228,1
0,0.92,1,0,2,1,0,0,8,3,4,11,0
1,0.624,0,1,1,0,0,1,0,0,3,9,1
1,0.624,0,1,1,0,0,3,2,0,0,94,0
0,0.92,2,0,0,1,0,2,8,0,0,40,1
3,0.926,0,1,0,3,1,14,0,1,3,76,0
3,0.926,1,0,1,0,0,6,1,1,6,140,0
3,0.926,0,0,0,0,0,10,8,0,1,51,0
9,0.924,0,0,0,1,0,0,1,0,2,10,0
0,0.92,0,0,0,4,0,10,1,2,4,108,0
6,0.855,0,0,0,0,0,4,4,0,5,12,0
6,0.855,1,0,1,1,0,16,0,1,2,91,0
0,0.92,2,0,0,0,0,4,2,0,0,44,0
1,0.624,0,0,0,1,0,6,1,4,0,21,1
0,0.92,2,0,0,1,2,19,3,0,1,56,0
1,0.624,0,0,0,1,0,4,2,0,0,3,1
4,0.92,1,1,0,0,0,14,2,3,0,38,0
1,0.624,0,0,0,0,0,4,2,0,0,13,0
2,0.91,0,0,0,0,0,0,2,0,0,146,0
3,0.926,0,0,0,1,2,0,1,2,2,4,0
61,0.579,1,1,0,3,1,3,0,1,0,21,1
11,0.887,0,0,0,2,1,18,2,0,0,133,0
5,0.897,0,1,1,0,0,6,0,1,6,128,0
0,0.92,0,0,0,0,0,3,4,0,0,16,0
18,0.802,2,0,0,0,0,9,1,4,0,19,0
41,0.794,0,1,0,2,1,3,0,0,3,14,0
32,0.866,0,1,1,2,1,15,0,1,3,130,0
6,0.855,0,0,0,1,0,17,7,0,4,70,0
3,0.926,1,1,1,0,0,17,0,0,3,34,0
0,0.92,0,1,1,0,0,14,0,1,3,77,0
0,0.92,0,0,0,0,0,7,3,0,2,43,0
0,0.92,0,0,0,0,0,12,4,0,4,44,0
4,0.92,0,1,0,2,1,2,0,1,3,37,0
6,0.855,0,1,3,2,1,6,0,1,3,18,0
0,0.92,0,0,0,0,0,0,3,0,1,13,0
0,0.92,0,1,0,0,0,0,0,1,0,17,1
25,0.743,0,0,0,0,0,12,3,0,1,19,0
1,0.624,0,1,0,0,0,9,3,0,3,26,1
2,0.91,0,0,0,0,0,22,5,0,0,94,0
8,0.804,1,0,0,0,0,12,1,3,2,48,0
26,0.836,0,0,0,0,0,15,1,2,1,25,0
2,0.91,0,0,0,0,0,2,5,0,0,44,0
47,0.555,0,0,0,3,1,1,0,1,3,24,1
5,0.897,0,0,0,1,0,2,1,2,0,52,0
0,0.92,2,1,0,0,2,3,2,0,5,40,0
0,0.92,0,0,0,2,1,4,0,1,5,41,0
3,0.926,1,0,3,3,1,0,0,1,1,16,0
5,0.897,0,0,0,1,0,11,6,0,5,40,0
0,0.92,0,0,0,0,5,7,0,1,0,104,0
35,0.843,0,0,2,0,0,11,6,4,2,75,0
1,0.624,1,0,0,0,0,4,3,0,0,11,1
0,0.92,0,1,0,0,0,11,0,1,0,35,1
3,0.926,0,1,0,2,1,13,0,1,3,58,0
35,0.843,0,0,0,0,0,10,2,0,1,45,0
0,0.92,0,0,0,0,0,15,1,2,2,40,0
0,0.92,0,1,0,0,0,0,5,0,0,124,0
30,0.925,1,0,0,0,0,11,4,4,0,46,0
93,0.516,0,1,1,3,1,1,1,0,0,20,0
3,0.926,1,0,0,0,0,9,3,0,0,47,0
4,0.92,0,0,0,1,0,9,4,0,0,10,0
18,0.802,0,0,0,1,0,11,2,0,0,7,0
4,0.92,0,1,1,2,1,1,3,0,0,14,0
0,0.92,0,1,0,3,1,13,0,1,3,6,0
75,0.698,0,1,1,2,1,5,0,1,0,15,1
0,0.92,0,0,0,0,0,20,3,0,2,12,0
2,0.91,1,0,0,0,5,12,4,0,5,42,0
7,0.939,0,1,2,0,0,0,1,0,0,122,0
1,0.624,0,1,0,0,0,7,8,0,1,49,1
6,0.855,0,0,0,0,2,8,3,0,2,226,0
0,0.92,0,0,0,0,2,10,6,2,0,40,1
19,0.893,0,0,0,0,0,7,2,0,0,127,0
3,0.926,0,0,1,0,0,8,4,0,1,5,0
1,0.624,1,0,0,0,0,8,0,1,2,28,0
4,0.92,0,1,1,2,1,3,0,3,0,53,1
3,0.926,0,0,0,4,0,0,3,0,2,16,0
20,0.878,0,0,0,0,0,16,2,0,2,8,0
4,0.92,1,0,0,0,0,8,3,0,0,88,0
3,0.926,0,1,2,1,0,17,1,3,3,52,0
4,0.92,2,0,0,1,0,5,4,0,2,72,0
0,0.92,0,0,0,0,0,15,5,0,0,9,0
40,0.949,0,0,0,2,1,10,2,0,1,26,0
22,0.8959999999999999,0,1,1,0,0,4,0,1,0,63,1
3,0.926,0,0,0,0,0,4,4,0,2,9,0
0,0.92,0,0,0,0,6,0,0,1,1,32,1
18,0.802,1,0,0,0,0,8,1,0,0,48,0
27,0.682,1,1,0,0,3,22,0,1,2,21,1
0,0.92,0,0,0,0,0,3,4,0,0,64,0
0,0.92,0,0,0,0,0,18,3,0,1,88,0
41,0.794,0,0,0,0,0,6,0,1,0,6,1
43,0.5579999999999999,0,0,0,0,6,10,0,1,1,20,1
3,0.926,1,1,1,2,1,3,3,0,2,14,0
0,0.92,0,0,0,0,2,19,2,0,1,90,0
31,0.579,1,0,2,0,0,3,6,0,0,20,1
5,0.897,1,0,0,3,1,0,0,1,1,14,0
3,0.926,0,0,0,1,0,10,2,0,2,8,0
6,0.855,0,0,0,1,0,7,0,1,4,244,0
35,0.843,0,0,0,0,0,0,3,0,1,68,0
2,0.91,1,1,0,2,1,5,0,1,3,140,0
0,0.92,0,0,0,0,0,11,3,0,2,51,0
18,0.802,0,1,2,0,0,13,0,1,3,29,1
4,0.92,0,0,0,0,0,8,2,2,2,24,0
103,0.698,1,0,2,0,0,1,0,1,0,17,0
9,0.924,0,1,0,0,0,7,2,0,0,55,0
47,0.555,0,1,0,1,3,0,0,1,1,158,1
8,0.804,0,1,0,0,0,0,0,1,1,29,1
1,0.624,0,1,0,2,1,1,0,1,3,184,1
5,0.897,0,0,0,1,0,1,2,0,0,57,0
92,0.64,0,0,0,0,0,20,2,0,1,48,0
1,0.624,1,0,0,0,0,2,6,0,2,36,1
0,0.92,2,0,0,0,0,1,5,1,0,23,0
4,0.92,0,0,0,0,0,0,0,1,2,206,1
3,0.926,0,0,0,2,1,0,4,0,5,145,0
1,0.624,1,0,0,0,0,5,6,2,6,35,0
3,0.926,0,1,0,1,0,0,1,0,1,40,0
0,0.92,0,0,2,0,0,6,1,4,0,46,0
1,0.624,1,0,0,0,0,7,7,0,0,126,0
3,0.926,0,0,0,4,0,0,1,0,5,28,0
37,0.8270000000000001,0,1,2,0,5,2,0,1,0,111,1
16,0.939,0,0,0,0,0,18,3,0,0,32,0
3,0.926,0,0,0,0,0,17,0,1,5,77,0
2,0.91,0,0,0,0,0,7,3,0,0,20,0
18,0.802,1,0,1,1,0,5,5,0,0,99,0
2,0.91,1,0,0,2,1,2,0,1,3,56,0
30,0.925,0,0,1,0,0,8,2,3,0,111,0
23,0.767,1,0,1,1,0,20,0,1,0,35,0
17,0.899,0,0,0,2,1,6,2,0,3,30,0
73,0.764,0,0,3,0,0,2,1,0,2,36,0
29,0.89,0,0,0,0,0,8,2,0,1,19,0
65,0.698,0,1,3,0,0,5,0,1,3,4,0
1,0.624,1,0,0,0,0,2,1,4,0,82,0
2,0.91,0,1,0,0,0,21,5,0,2,14,0
0,0.92,0,0,0,0,0,1,1,2,0,66,0
1,0.624,0,0,1,0,0,1,2,0,3,18,1
0,0.92,1,1,0,5,1,5,0,1,3,69,0
5,0.897,0,0,1,1,0,6,0,1,0,6,1
38,0.895,0,0,2,1,0,15,7,0,1,45,0
0,0.92,1,0,0,0,0,12,8,0,1,101,0
2,0.91,1,0,0,0,0,0,1,0,1,78,0
1,0.624,1,0,0,1,0,3,1,0,0,36,0
14,0.698,1,1,1,0,0,13,0,1,3,10,0
20,0.878,0,0,0,2,1,4,1,0,0,29,1
0,0.92,1,1,2,0,0,7,3,0,4,9,0
2,0.91,0,0,0,1,0,16,2,0,0,20,0
5,0.897,1,0,0,1,0,15,3,0,1,7,0
3,0.926,0,0,0,4,0,0,3,0,1,58,0
2,0.91,0,0,2,2,1,7,0,1,0,248,0
2,0.91,0,0,0,0,0,8,1,0,0,45,0
1,0.624,0,0,0,0,0,11,1,0,0,4,0
10,0.754,1,1,0,2,1,13,0,1,3,59,0
0,0.92,1,1,0,0,0,3,1,0,2,39,0
63,0.84,0,0,0,0,0,0,0,1,1,47,0
16,0.939,0,0,2,2,1,1,5,0,0,54,0
5,0.897,1,1,1,0,0,4,0,1,0,31,1
9,0.924,0,1,1,2,1,3,1,2,0,17,0
0,0.92,0,0,0,0,0,12,7,2,0,54,0
2,0.91,2,1,1,1,0,10,1,3,5,33,0
3,0.926,0,1,0,0,0,7,3,0,0,67,0
2,0.91,0,0,0,0,0,21,0,1,0,19,0
17,0.899,0,0,0,0,0,0,1,2,0,114,0
3,0.926,0,0,0,1,0,8,1,1,0,62,0
0,0.92,0,0,0,5,1,8,6,0,1,46,0
43,0.5579999999999999,0,0,0,0,0,2,1,0,0,8,0
1,0.624,1,1,1,0,0,5,0,1,0,4,0
0,0.92,0,0,0,0,0,7,3,0,1,27,0
63,0.84,1,0,1,0,0,4,2,0,4,107,0
87,0.7759999999999999,0,1,1,0,0,2,0,1,3,52,0
3,0.926,1,0,1,0,0,4,6,0,0,128,0
4,0.92,0,0,0,5,1,8,6,5,2,157,0
0,0.92,0,1,1,2,1,3,0,1,3,36,1
36,0.527,1,0,0,0,0,4,1,0,4,250,1
0,0.92,0,0,0,0,0,15,3,0,1,112,0
3,0.926,0,1,2,2,1,3,2,0,5,105,1
4,0.92,0,0,0,1,0,0,1,5,1,13,1
3,0.926,0,0,1,0,0,9,0,1,2,72,0
0,0.92,0,0,0,0,0,0,3,0,2,102,0
4,0.92,0,0,0,0,0,7,8,1,2,61,0
4,0.92,0,0,0,0,0,0,1,0,1,72,0
9,0.924,0,0,0,0,0,7,1,0,2,62,0
0,0.92,0,0,0,0,0,0,3,0,1,78,0
7,0.939,0,1,0,2,1,4,1,0,1,162,0
1,0.624,1,1,0,1,0,4,0,1,0,47,0
0,0.92,0,1,1,2,1,1,1,5,0,3,0
3,0.926,0,1,0,3,1,8,0,1,3,30,1
3,0.926,0,0,0,1,0,0,2,0,2,50,0
19,0.893,1,0,0,2,1,0,2,0,1,12,0
1,0.624,0,1,1,0,0,3,0,1,3,22,0
44,0.7759999999999999,0,0,0,1,0,10,1,0,1,78,0
1,0.624,0,0,2,0,0,3,6,0,3,66,0
1,0.624,1,0,0,1,0,14,2,0,2,22,1
1,0.624,1,0,2,1,0,4,1,0,3,292,1
19,0.893,0,0,0,1,0,17,2,0,0,54,0
15,0.913,0,0,0,4,0,0,1,4,1,19,0
11,0.887,0,0,0,0,0,0,5,0,1,18,0
1,0.624,0,0,0,0,0,7,3,0,0,69,1
1,0.624,0,1,1,2,1,6,0,1,3,88,1
1,0.624,0,0,0,0,0,4,3,0,0,104,1
35,0.843,1,0,0,0,0,4,1,2,4,134,1
0,0.92,0,0,0,0,0,7,5,3,1,24,0
21,0.923,0,0,0,0,0,11,8,0,0,40,0
22,0.8959999999999999,0,0,0,1,4,0,4,0,1,168,0
2,0.91,1,0,0,0,0,0,0,1,1,3,0
0,0.92,0,0,0,0,0,15,1,2,2,7,0
4,0.92,1,1,0,2,1,3,0,1,6,44,0
32,0.866,1,0,0,0,0,8,4,0,1,206,0
1,0.624,0,0,0,0,0,6,1,0,5,8,0
0,0.92,0,0,0,0,0,18,1,0,5,51,0
27,0.682,0,0,0,0,0,9,0,1,0,35,0
0,0.92,0,0,1,0,0,2,2,0,2,80,0
0,0.92,0,0,0,0,0,0,0,1,0,15,1
21,0.923,1,0,0,0,2,0,1,0,1,125,0
5,0.897,0,1,0,5,1,2,0,1,3,26,0
10,0.754,0,0,1,0,0,9,0,1,2,90,0
4,0.92,0,0,0,0,0,10,0,1,0,110,0
5,0.897,1,0,0,1,0,0,3,3,5,200,0
1,0.624,1,1,2,0,3,1,4,2,5,37,0
4,0.92,0,1,1,2,1,1,0,0,3,212,0
18,0.802,0,0,0,0,0,0,1,0,0,11,0
45,0.925,0,1,1,2,1,14,0,1,3,204,0
1,0.624,1,1,3,3,1,1,0,1,6,98,0
1,0.624,1,0,0,0,0,5,8,0,0,27,1
1,0.624,2,0,0,0,0,1,7,0,0,100,1
0,0.92,2,1,0,0,0,0,0,1,1,202,1
2,0.91,1,1,1,0,0,13,0,1,0,6,1
1,0.624,1,0,1,0,3,0,1,0,1,47,0
17,0.899,2,0,0,1,0,21,7,0,1,10,0
0,0.92,3,0,0,0,3,0,0,1,1,90,0
0,0.92,1,1,1,0,0,14,0,1,6,2,0
0,0.92,0,0,0,1,0,7,3,3,0,92,0
35,0.843,0,0,0,0,0,12,2,4,2,22,0
25,0.743,2,0,0,0,0,1,0,1,3,24,1
3,0.926,0,0,0,1,0,21,5,0,1,54,0
14,0.698,0,0,2,1,0,1,6,4,0,15,0
24,0.762,0,0,0,0,0,8,2,2,0,100,0
68,0.763,1,0,0,0,0,16,6,0,3,97,0
1,0.624,0,0,1,0,0,13,1,0,0,25,1
4,0.92,0,0,0,0,0,9,2,0,0,34,0
13,0.55,0,0,2,0,0,2,6,5,0,25,1
35,0.843,1,1,0,0,0,12,4,3,4,122,0
2,0.91,0,0,0,0,0,6,4,0,0,11,0
0,0.92,0,1,0,0,5,0,7,3,3,60,0
0,0.92,0,0,0,0,0,4,6,0,0,38,0
38,0.895,0,0,0,0,0,0,7,0,5,141,0
41,0.794,0,0,0,1,0,2,2,3,5,52,0
0,0.92,0,1,0,1,0,8,1,3,1,13,0
5,0.897,0,0,0,0,0,2,3,0,2,80,0
1,0.624,0,1,1,2,1,3,0,1,0,97,0
4,0.92,0,0,0,0,0,18,0,1,2,58,0
1,0.624,0,0,0,0,0,9,3,0,3,37,1
4,0.92,1,1,0,1,0,0,3,3,2,11,1
27,0.682,2,0,1,0,0,3,0,1,2,101,1
0,0.92,1,0,0,0,0,10,1,0,0,35,0
1,0.624,1,1,0,0,0,5,5,0,6,15,1
11,0.887,0,1,0,0,0,3,0,1,0,102,1
30,0.925,0,0,0,1,0,15,2,0,1,67,0
3,0.926,0,1,1,0,0,6,0,1,3,44,0
2,0.91,0,0,0,0,3,10,4,0,0,13,0
15,0.913,0,0,0,2,1,7,4,4,1,96,0
16,0.939,2,0,0,1,0,6,2,5,1,77,1
2,0.91,0,1,1,0,0,13,0,1,0,42,1
2,0.91,0,1,0,1,0,1,3,0,3,31,0
4,0.92,0,0,0,0,0,7,0,1,0,50,1
17,0.899,1,0,2,2,1,11,1,2,0,22,1
10,0.754,0,0,0,0,0,17,2,3,1,9,0
33,0.6890000000000001,1,1,0,3,1,3,0,1,3,43,0
24,0.762,1,0,2,0,0,8,0,1,0,54,1
32,0.866,0,0,0,1,0,18,0,1,2,25,0
1,0.624,0,1,1,2,1,1,0,1,3,46,1
0,0.92,0,1,3,0,0,17,4,0,1,39,1
2,0.91,0,0,0,1,0,10,1,0,2,56,0
0,0.92,0,0,0,0,0,0,8,0,1,31,0
3,0.926,0,0,0,0,0,12,1,2,0,32,0
0,0.92,0,0,0,0,0,0,2,0,1,53,0
43,0.5579999999999999,0,0,1,0,0,2,0,1,0,202,1
10,0.754,0,0,2,0,0,1,3,0,0,44,0
120,0.625,0,0,0,1,0,12,6,0,3,188,0
4,0.92,2,0,0,0,0,16,6,0,0,81,0
2,0.91,0,0,0,1,0,6,3,0,0,43,0
2,0.91,0,0,0,0,0,10,3,0,2,100,0
5,0.897,1,0,0,0,0,8,2,0,0,246,0
4,0.92,0,1,0,0,0,1,1,0,5,123,0
35,0.843,0,0,0,0,0,10,4,2,1,166,0
0,0.92,1,0,1,3,1,22,0,1,1,96,1
0,0.92,2,0,0,1,2,1,3,3,0,21,0
14,0.698,0,0,1,1,0,10,0,1,0,100,0
21,0.923,2,1,0,1,0,6,2,0,0,10,0
3,0.926,0,0,0,4,0,0,2,0,2,140,0
3,0.926,0,0,0,4,0,0,1,0,1,25,0
9,0.924,0,1,1,2,1,1,0,1,2,25,0
10,0.754,0,1,1,0,0,1,0,1,3,13,0
6,0.855,0,1,2,0,0,18,0,1,2,19,0
4,0.92,2,0,0,0,5,3,5,0,0,152,0
0,0.92,1,0,0,0,0,0,6,0,2,102,0
43,0.5579999999999999,0,0,1,0,0,1,4,4,0,74,0
28,0.6659999999999999,0,0,0,0,0,7,6,5,0,74,0
4,0.92,0,1,0,0,0,8,0,1,0,51,1
66,0.647,1,0,0,1,0,2,0,1,3,59,0
11,0.887,1,0,0,2,1,9,1,0,0,92,0
33,0.6890000000000001,0,0,1,0,0,1,2,5,4,18,0
76,0.769,0,0,0,1,0,8,4,0,0,86,0
5,0.897,0,1,2,0,0,3,6,4,0,7,0
0,0.92,0,0,0,0,0,0,2,2,5,180,0
26,0.836,0,0,0,1,0,0,1,0,2,7,0
73,0.764,0,0,0,2,1,2,4,0,0,114,0
15,0.913,0,1,1,1,0,2,0,1,0,23,1
14,0.698,0,0,0,0,0,0,5,0,2,42,0
0,0.92,0,1,0,2,1,2,0,1,3,55,0
14,0.698,0,0,0,0,0,7,1,0,0,26,0
2,0.91,0,1,1,2,1,1,0,1,0,67,1
8,0.804,0,0,0,0,0,16,1,0,0,79,0
1,0.624,1,1,1,2,1,13,0,1,3,104,1
0,0.92,0,0,0,0,0,2,0,1,0,96,1
1,0.624,0,0,0,0,4,0,0,1,2,31,1
22,0.8959999999999999,0,0,0,0,0,8,6,0,4,59,0
4,0.92,0,0,0,0,0,1,1,0,0,42,0
1,0.624,0,0,0,0,0,6,1,0,0,88,0
6,0.855,1,0,0,0,0,7,1,0,4,85,0
9,0.924,1,0,0,0,0,3,1,0,0,156,0
3,0.926,2,1,0,0,0,2,5,0,3,104,0
17,0.899,1,0,0,0,0,5,0,0,0,37,0
8,0.804,0,0,0,4,0,0,2,0,1,206,0
1,0.624,1,0,1,1,0,1,2,0,0,88,0
39,0.903,0,0,0,0,0,21,2,0,2,36,0
35,0.843,0,1,1,2,1,13,0,0,3,74,0
8,0.804,1,0,0,1,0,17,7,1,3,56,0
4,0.92,0,0,0,0,0,1,4,0,5,34,0
1,0.624,0,1,1,0,0,3,0,1,3,38,1
54,0.8270000000000001,0,0,2,2,1,8,2,0,0,31,0
41,0.794,0,0,0,2,1,12,6,0,1,33,0
4,0.92,1,0,0,0,0,0,0,1,1,118,1
6,0.855,0,0,0,0,0,11,0,1,2,76,1
0,0.92,2,1,1,1,0,0,8,3,1,4,0
1,0.624,2,0,1,0,0,19,0,1,0,28,1
17,0.899,0,0,0,0,0,21,7,0,1,15,0
1,0.624,1,0,0,0,0,13,1,0,0,27,1
89,0.493,3,0,1,4,3,0,0,1,0,18,0
0,0.92,1,1,1,2,1,2,0,1,5,75,0
0,0.92,0,0,0,0,0,15,8,0,1,10,0
0,0.92,0,0,1,0,0,13,0,1,0,91,1
0,0.92,0,0,0,0,0,1,3,0,2,17,0
31,0.579,0,0,0,1,0,3,2,0,5,60,0
11,0.887,0,0,0,2,1,0,2,0,0,47,0
12,0.884,0,0,1,2,1,9,0,1,3,74,0
20,0.878,0,0,0,1,2,0,2,0,1,61,0
36,0.527,0,0,0,0,0,9,2,0,2,58,1
7,0.939,0,0,0,0,0,20,1,2,0,56,0
0,0.92,2,0,0,0,3,2,2,0,5,70,0
43,0.5579999999999999,1,0,1,0,0,4,4,3,2,51,1
3,0.926,2,1,1,1,0,7,0,3,0,196,0
8,0.804,1,0,1,2,1,4,7,0,3,6,0
3,0.926,0,0,2,0,0,10,6,4,0,51,0
1,0.624,0,0,0,0,0,8,2,0,0,25,1
0,0.92,0,0,0,4,0,0,8,5,1,48,0
108,0.518,0,0,0,0,0,4,2,5,0,19,0
1,0.624,1,0,0,0,6,14,4,0,4,146,0
17,0.899,0,1,1,5,1,3,0,1,2,58,0
2,0.91,0,0,0,0,0,18,0,1,5,75,0
53,0.7659999999999999,2,0,0,1,0,12,2,0,0,112,0
0,0.92,0,0,0,2,1,1,4,2,0,80,0
6,0.855,0,0,0,1,0,7,0,1,0,41,0
1,0.624,0,0,0,0,0,4,3,0,0,20,0
15,0.913,0,0,0,1,0,0,2,0,2,74,0
0,0.92,0,0,0,0,0,0,3,0,1,33,0
8,0.804,0,0,0,0,0,2,0,1,0,18,1
10,0.754,0,1,0,1,0,7,0,1,0,157,0
14,0.698,0,0,0,0,0,11,0,1,0,6,1
0,0.92,0,0,0,0,3,0,0,1,0,9,1
3,0.926,0,0,0,1,0,20,2,0,0,61,0
34,0.915,0,1,0,0,4,6,1,0,0,44,0
4,0.92,2,0,1,0,0,1,0,1,4,41,1
3,0.926,1,0,0,2,1,2,8,0,0,43,0
37,0.8270000000000001,0,0,2,0,0,0,1,0,1,118,0
0,0.92,1,0,0,1,0,7,3,0,4,178,0
11,0.887,0,1,0,2,1,0,3,0,1,33,0
2,0.91,0,0,0,0,0,6,5,0,4,22,0
14,0.698,1,1,2,0,0,2,0,1,0,39,0
0,0.92,2,0,0,1,0,0,8,6,1,46,0
3,0.926,0,0,0,1,0,0,0,1,0,123,0
0,0.92,0,0,0,0,3,0,2,0,1,33,0
25,0.743,0,0,0,1,0,0,2,1,1,11,0
3,0.926,1,0,0,2,1,8,8,1,6,64,0
5,0.897,1,0,0,1,0,1,1,2,0,198,0
1,0.624,1,0,0,1,0,8,1,0,1,6,1
1,0.624,1,1,1,1,0,4,0,1,0,3,1
1,0.624,0,0,0,0,0,1,5,0,0,89,0
114,0.8240000000000001,0,0,0,0,0,7,6,4,0,91,0
3,0.926,0,1,0,1,0,0,0,1,4,44,0
6,0.855,1,0,0,0,0,10,1,0,5,64,0
0,0.92,0,1,1,0,0,14,0,0,3,15,1
6,0.855,0,0,0,0,6,7,0,1,4,13,0
4,0.92,0,1,1,2,1,1,0,1,0,60,0
40,0.949,0,0,0,0,5,3,1,0,0,51,0
0,0.92,0,0,0,0,0,0,5,0,1,9,1
0,0.92,0,1,0,5,1,13,0,1,3,43,0
1,0.624,1,1,0,0,0,9,3,0,3,166,0
28,0.6659999999999999,1,0,0,0,0,0,1,0,1,2,0
0,0.92,0,0,0,0,0,8,2,0,1,27,0
0,0.92,0,0,0,1,0,0,2,0,0,21,0
37,0.8270000000000001,1,0,0,1,0,0,5,0,1,8,0
3,0.926,0,0,2,2,1,1,1,2,2,51,0
1,0.624,0,1,0,2,1,13,0,1,3,28,1
6,0.855,0,0,0,0,0,12,7,0,1,13,0
30,0.925,0,1,1,0,0,16,0,1,2,20,0
102,0.735,0,0,0,0,0,7,2,0,1,56,0
0,0.92,1,0,0,0,0,0,3,3,2,12,0
0,0.92,1,0,0,0,0,8,2,0,0,135,0
9,0.924,1,0,0,0,0,1,1,0,0,34,1
0,0.92,1,1,1,1,0,1,0,3,0,196,0
92,0.64,1,1,0,2,1,14,0,1,0,165,1
33,0.6890000000000001,1,1,1,2,1,13,0,1,3,27,0
38,0.895,0,0,2,2,1,17,1,0,2,172,0
0,0.92,0,0,0,0,0,18,0,1,1,96,1
0,0.92,2,0,0,0,0,8,3,0,2,36,1
42,0.738,1,0,0,0,3,16,0,1,1,17,0
9,0.924,0,1,0,2,1,0,6,0,1,35,0
0,0.92,2,0,0,1,0,0,0,1,2,26,1
0,0.92,0,1,1,0,0,7,2,3,0,4,0
1,0.624,0,0,1,1,0,2,1,0,0,151,1
2,0.91,0,0,0,0,0,0,0,1,1,41,0
1,0.624,0,0,0,0,0,2,3,0,0,102,1
46,0.698,1,1,0,0,0,15,1,0,4,102,0
0,0.92,0,0,1,1,0,9,5,0,2,38,0
0,0.92,2,1,0,1,0,0,1,6,1,162,1
1,0.624,1,1,0,0,0,14,3,3,0,190,1
3,0.926,0,0,0,1,6,19,3,0,3,18,0
1,0.624,0,0,0,0,0,1,2,0,2,104,1
3,0.926,0,0,0,1,0,9,1,0,2,70,0
1,0.624,1,0,0,0,0,22,0,2,6,27,0
20,0.878,0,0,1,0,0,1,1,0,4,69,0
0,0.92,2,1,0,1,2,3,0,1,2,21,0
2,0.91,0,1,0,1,0,0,0,1,1,83,0
3,0.926,0,1,1,0,0,12,0,1,4,91,0
86,0.856,1,0,0,0,0,16,1,0,1,214,1
18,0.802,1,1,0,3,1,2,0,1,2,304,0
3,0.926,1,0,0,2,1,18,1,0,1,48,0
99,0.701,0,1,1,0,0,5,0,1,0,108,0
2,0.91,0,0,0,0,0,4,1,0,0,102,0
35,0.843,0,0,0,0,0,16,1,0,1,35,0
3,0.926,0,0,0,2,1,0,6,0,3,34,0
0,0.92,0,0,0,0,0,4,7,0,2,74,0
17,0.899,1,0,0,0,0,7,7,0,2,204,0
43,0.5579999999999999,0,0,0,0,0,16,1,0,2,61,0
1,0.624,1,0,1,0,0,14,1,0,0,94,1
0,0.92,0,0,0,0,0,4,4,4,5,58,0
27,0.682,0,1,1,0,0,5,0,0,3,32,0
0,0.92,0,0,0,0,0,1,2,0,1,138,0
0,0.92,0,0,2,2,1,5,6,0,0,112,0
20,0.878,0,0,0,1,0,0,0,1,4,130,0
27,0.682,0,0,1,0,0,1,1,0,0,14,0
3,0.926,0,0,0,1,0,0,3,0,2,22,0
67,0.722,1,0,0,0,0,4,7,1,0,12,1
45,0.925,0,0,0,0,0,0,5,0,0,86,0
1,0.624,0,0,1,1,0,6,2,0,0,154,0
0,0.92,0,0,0,0,0,0,2,0,0,57,0
4,0.92,2,0,0,1,0,6,1,1,0,146,0
18,0.802,1,1,0,0,5,0,0,1,5,50,0
8,0.804,0,0,0,1,0,0,0,1,1,54,0
12,0.884,3,0,0,0,0,17,0,1,1,30,0
62,0.7959999999999999,0,0,1,0,0,4,0,1,0,121,0
21,0.923,0,1,2,0,0,12,1,0,0,72,0
3,0.926,1,1,1,0,0,9,0,1,3,64,0
1,0.624,1,0,0,2,1,7,0,1,0,48,1
14,0.698,0,0,2,0,0,2,2,0,2,72,0
10,0.754,0,0,0,0,0,10,5,0,0,42,0
39,0.903,0,0,0,0,3,15,2,6,3,174,1
0,0.92,0,0,0,1,2,2,7,0,0,20,0
0,0.92,0,0,0,0,0,0,3,0,1,96,0
3,0.926,0,0,2,0,0,20,2,5,5,84,0
2,0.91,0,0,0,0,0,0,4,0,2,158,0
0,0.92,0,0,0,0,0,11,0,0,5,248,1
68,0.763,0,1,1,0,0,1,7,0,0,44,0
39,0.903,0,0,0,0,0,6,2,0,0,69,0
2,0.91,0,0,0,1,0,0,8,0,2,36,0
44,0.7759999999999999,2,1,0,1,0,13,0,1,0,49,1
20,0.878,0,0,0,0,0,17,4,0,5,8,0
0,0.92,1,0,0,3,1,7,8,0,0,20,0
13,0.55,1,0,1,0,0,4,0,1,0,20,1
5,0.897,1,0,0,1,0,19,0,1,1,41,0
17,0.899,1,0,0,0,0,9,2,2,2,114,0
0,0.92,0,0,0,0,0,16,0,1,0,78,1
28,0.6659999999999999,0,0,0,1,0,15,1,0,1,160,0
3,0.926,0,0,0,1,0,0,4,0,1,74,1
19,0.893,0,1,0,0,0,13,0,1,3,25,0
0,0.92,0,0,0,1,0,9,0,1,2,45,1
11,0.887,0,1,0,1,0,0,5,3,1,3,1
11,0.887,0,0,0,0,0,0,0,1,2,121,1
0,0.92,1,0,2,1,0,11,2,2,2,100,0
109,0.645,1,0,0,0,0,6,2,0,1,19,0
41,0.794,0,0,0,0,2,11,0,1,2,41,1
1,0.624,1,1,0,1,0,6,1,4,2,18,1
0,0.92,1,0,2,0,0,11,2,0,0,19,0
5,0.897,0,0,0,1,0,10,3,1,1,134,0
4,0.92,0,0,0,0,0,1,2,3,0,168,0
0,0.92,2,0,0,0,0,0,5,0,1,110,0
8,0.804,2,0,0,0,0,17,1,0,1,26,0
2,0.91,0,0,0,1,0,9,5,0,0,56,0
0,0.92,0,0,0,0,0,2,1,0,0,66,0
2,0.91,0,0,0,0,0,6,2,0,0,8,0
0,0.92,1,0,0,0,2,16,3,3,0,140,0
1,0.624,0,0,1,1,0,7,1,0,2,61,1
25,0.743,1,1,0,1,2,3,0,1,2,34,1
3,0.926,2,1,1,0,0,9,0,3,0,146,1
11,0.887,0,0,1,0,0,0,1,0,0,23,0
1,0.624,0,1,1,0,0,4,5,1,0,68,1
4,0.92,0,0,0,1,0,0,0,1,0,16,0
0,0.92,0,1,1,0,0,4,0,1,0,47,0
39,0.903,0,0,0,0,2,4,1,2,3,71,0
7,0.939,1,1,3,3,1,14,0,0,3,14,0
3,0.926,0,0,0,1,0,0,2,0,1,74,0
7,0.939,0,0,0,0,0,0,0,1,2,53,0
0,0.92,0,0,0,0,0,0,0,1,1,182,1
74,0.698,0,0,0,0,0,4,0,1,0,24,1
8,0.804,1,0,1,0,0,10,2,0,1,6,0
27,0.682,0,0,0,0,0,16,7,3,0,19,0
0,0.92,1,1,1,2,1,3,0,1,0,16,1
3,0.926,0,0,0,0,0,13,5,3,0,46,0
0,0.92,0,0,0,0,0,2,2,1,0,10,0
1,0.624,0,0,0,0,4,18,0,1,4,21,1
7,0.939,2,0,0,0,0,12,8,0,0,25,0
2,0.91,0,0,1,0,6,5,6,0,0,91,0
1,0.624,1,0,1,0,0,3,3,0,2,38,0
0,0.92,0,0,0,1,0,20,5,0,0,111,0
0,0.92,0,0,0,0,0,20,4,0,2,110,0
48,0.698,2,1,0,0,0,15,5,3,1,160,0
2,0.91,0,0,0,0,0,11,1,3,2,24,1
0,0.92,0,0,0,0,0,8,3,3,1,11,1
2,0.91,0,0,0,0,0,10,7,0,0,2,0
0,0.92,2,1,1,1,2,6,0,1,0,35,1
10,0.754,0,0,2,1,0,5,2,0,2,39,1
1,0.624,1,0,3,0,0,6,1,0,0,18,0
0,0.92,0,0,0,0,0,7,8,0,2,174,0
1,0.624,1,0,1,1,0,6,2,0,4,75,0
4,0.92,0,0,0,0,0,0,0,1,1,44,1
46,0.698,0,1,0,0,0,0,4,0,1,42,0
3,0.926,0,0,0,1,0,0,2,0,3,57,0
2,0.91,1,0,0,0,0,4,1,3,2,4,0
29,0.89,1,0,0,0,0,17,6,0,1,19,0
34,0.915,0,0,0,0,0,8,4,0,0,20,0
0,0.92,0,0,0,0,0,7,3,0,1,21,0
3,0.926,0,0,0,2,1,11,0,1,1,62,0
0,0.92,0,0,0,0,0,6,8,0,5,192,0
8,0.804,0,0,0,1,0,19,2,0,0,9,0
0,0.92,2,0,0,1,2,7,0,1,1,33,0
3,0.926,0,0,0,0,0,0,7,5,0,72,0
1,0.624,1,0,0,1,5,4,4,0,0,21,1
2,0.91,0,0,0,0,0,9,2,0,1,87,0
5,0.897,0,0,0,1,0,17,1,2,0,51,0
5,0.897,0,0,0,1,0,1,3,0,5,162,0
0,0.92,0,0,1,2,1,9,0,1,0,48,0
4,0.92,1,0,0,0,0,20,0,1,0,198,1
0,0.92,1,0,0,0,0,4,5,0,0,11,0
35,0.843,1,0,0,0,0,9,2,0,5,33,0
1,0.624,0,1,1,2,1,13,0,1,3,112,1
24,0.762,1,0,0,1,0,20,5,6,4,51,0
0,0.92,0,0,0,0,3,1,5,0,0,54,0
0,0.92,0,1,1,1,0,6,0,1,5,168,0
4,0.92,0,0,0,0,0,0,0,1,5,48,1
3,0.926,0,1,1,2,1,8,0,1,3,150,0
28,0.6659999999999999,0,1,1,2,1,2,0,1,0,41,0
13,0.55,0,0,0,1,0,9,0,1,2,80,0
2,0.91,0,0,0,0,0,0,6,2,0,5,0
0,0.92,0,1,1,2,1,6,0,1,2,50,1
0,0.92,0,0,0,1,5,0,2,2,0,6,0
0,0.92,0,0,0,0,0,15,0,1,1,28,0
0,0.92,1,1,1,0,0,5,1,2,0,9,0
28,0.6659999999999999,0,0,0,0,0,15,2,0,2,37,0
0,0.92,0,1,1,0,0,2,7,0,0,82,0
0,0.92,0,0,0,0,0,0,1,0,0,20,1
2,0.91,0,0,0,1,0,0,7,0,5,28,0
9,0.924,0,0,0,0,0,7,1,0,1,36,0
2,0.91,1,0,0,0,0,4,3,0,0,40,1
72,0.865,0,0,0,2,1,10,1,0,4,63,0
4,0.92,0,0,0,0,2,6,0,1,0,102,1
1,0.624,2,1,1,0,0,6,0,1,3,33,1
0,0.92,2,0,0,0,0,16,8,0,4,54,0
2,0.91,0,0,0,0,0,0,0,1,2,152,1
14,0.698,1,0,0,2,1,1,1,0,0,17,0
73,0.764,0,0,0,0,0,2,4,0,0,78,1
1,0.624,0,0,0,0,0,7,1,0,6,28,0
41,0.794,1,0,0,1,2,0,3,0,1,17,0
4,0.92,0,0,0,0,0,9,3,0,2,216,0
5,0.897,1,0,0,2,1,0,5,0,1,102,0
18,0.802,1,0,1,0,0,2,0,1,0,129,0
4,0.92,2,0,0,0,0,7,3,3,1,29,0
2,0.91,3,0,0,0,0,0,3,0,1,96,0
0,0.92,1,0,3,1,0,10,0,1,0,53,0
0,0.92,0,0,0,0,2,3,0,1,5,5,1
4,0.92,0,0,0,0,0,0,2,0,1,55,0
3,0.926,0,0,0,1,0,7,1,0,1,29,0
3,0.926,0,0,0,0,0,0,0,1,1,92,0
39,0.903,1,1,0,5,1,16,0,1,6,15,0
0,0.92,2,0,0,0,0,10,3,5,1,51,0
4,0.92,0,0,0,0,0,0,6,0,1,20,0
3,0.926,0,0,0,0,0,17,1,0,4,42,0
0,0.92,0,0,0,1,0,21,3,0,1,22,0
0,0.92,0,0,0,0,0,4,4,4,0,9,0
2,0.91,1,0,0,0,0,10,1,0,0,7,0
3,0.926,0,0,1,0,0,4,2,2,0,116,0
4,0.92,0,1,0,0,0,2,0,1,0,155,1
28,0.6659999999999999,0,0,0,0,0,12,1,0,1,248,0
3,0.926,0,1,1,0,0,7,0,6,6,12,0
0,0.92,0,0,0,0,0,0,8,0,1,48,0
1,0.624,0,0,0,0,0,13,0,1,0,29,1
0,0.92,3,0,0,0,0,9,0,1,3,50,1
1,0.624,0,0,1,0,0,6,0,1,0,32,0
2,0.91,0,0,1,0,0,10,5,0,0,37,0
29,0.89,0,0,0,0,0,10,7,0,3,74,0
2,0.91,0,0,0,0,0,10,0,1,1,47,0
1,0.624,2,0,0,1,0,9,7,0,0,92,0
15,0.913,0,0,0,1,0,0,2,0,1,99,0
17,0.899,0,0,0,0,0,6,8,1,5,10,0
2,0.91,0,0,0,1,0,0,0,1,0,14,1
0,0.92,0,1,0,0,0,14,0,1,0,44,1
12,0.884,1,0,2,1,0,4,4,4,0,70,0
1,0.624,0,0,0,0,0,8,3,0,1,51,1
0,0.92,0,0,0,1,0,0,2,1,0,38,0
1,0.624,1,0,0,0,0,2,6,0,0,32,1
0,0.92,0,0,0,0,0,0,3,0,1,20,0
48,0.698,0,1,1,2,1,8,0,1,3,4,0
2,0.91,0,0,0,0,0,7,3,0,4,176,0
89,0.493,0,0,0,0,0,2,0,1,0,50,1
2,0.91,0,0,0,0,0,12,0,1,0,10,0
16,0.939,0,1,1,2,1,6,0,1,3,12,0
9,0.924,1,1,1,2,1,7,0,1,4,29,0
9,0.924,1,1,1,2,1,5,4,4,0,74,0
32,0.866,0,0,0,1,0,16,1,0,2,100,0
56,0.691,0,0,1,0,0,2,0,1,3,32,1
1,0.624,0,1,1,0,0,14,0,1,3,226,1
28,0.6659999999999999,0,0,0,0,0,16,7,0,2,15,1
41,0.794,0,0,0,1,3,17,6,4,0,6,0
35,0.843,1,0,0,1,0,20,1,2,2,17,0
33,0.6890000000000001,1,1,3,3,1,2,0,1,3,8,0
24,0.762,0,0,0,0,0,1,3,0,0,18,0
0,0.92,0,0,0,0,0,2,2,0,0,34,0
4,0.92,1,0,0,0,0,5,0,1,0,36,1
27,0.682,1,0,0,1,0,10,5,0,0,41,0
2,0.91,1,0,0,1,0,3,3,0,2,56,0
4,0.92,0,1,1,2,1,2,5,0,0,23,0
0,0.92,0,0,0,1,0,11,0,1,4,82,1
2,0.91,1,1,0,0,0,12,2,0,0,196,0
6,0.855,0,0,0,0,0,6,2,0,1,14,0
4,0.92,0,0,0,0,0,18,5,0,1,22,0
65,0.698,0,1,0,1,0,9,5,0,2,166,1
2,0.91,0,0,0,0,0,0,0,1,4,49,0
0,0.92,1,0,0,0,0,6,0,1,1,135,0
5,0.897,0,0,0,1,0,3,4,0,2,40,0
1,0.624,0,1,1,2,1,14,0,1,3,11,0
98,0.775,0,0,0,0,0,0,7,0,2,108,0
47,0.555,1,1,2,0,0,14,0,1,0,58,0
5,0.897,1,0,0,1,0,6,0,1,0,65,0
2,0.91,0,0,0,0,2,18,5,0,1,11,0
0,0.92,2,1,0,0,5,13,5,1,0,8,0
25,0.743,0,0,0,0,0,7,5,0,0,42,0
15,0.913,0,1,0,1,0,0,3,0,1,124,0
7,0.939,0,1,0,5,1,9,0,1,3,56,0
25,0.743,0,1,0,0,0,10,7,1,3,74,0
10,0.754,0,0,0,0,0,0,8,0,1,34,0
1,0.624,1,1,0,0,0,5,3,0,2,48,0
23,0.767,1,0,0,1,0,9,2,0,0,59,0
38,0.895,0,0,2,2,1,4,5,0,4,22,0
5,0.897,0,0,0,1,0,11,1,1,0,56,0
61,0.579,1,1,1,2,1,3,0,1,3,94,0
6,0.855,0,1,0,1,0,0,2,0,2,234,0
106,0.73,0,0,0,0,0,11,2,3,1,21,0
1,0.624,1,1,1,1,0,3,2,0,5,74,0
0,0.92,0,0,0,0,0,0,0,1,1,34,1
1,0.624,1,0,1,0,0,1,4,0,0,91,1
34,0.915,1,0,0,0,0,16,5,0,6,20,0
2,0.91,1,0,0,3,1,1,0,1,0,102,0
62,0.7959999999999999,0,0,0,1,3,2,2,3,2,7,0
85,0.7390000000000001,1,0,0,0,0,4,2,5,0,278,0
56,0.691,1,0,1,0,0,2,0,5,6,34,1
1,0.624,1,0,1,0,0,14,1,0,5,28,0
1,0.624,2,0,0,0,0,1,3,0,3,26,1
0,0.92,2,0,0,0,0,15,1,0,1,27,0
1,0.624,0,0,1,0,0,11,2,0,0,76,1
5,0.897,0,1,0,2,1,2,0,0,3,24,0
18,0.802,0,0,0,0,0,4,1,0,2,14,1
0,0.92,0,1,0,1,0,2,5,0,2,60,1
3,0.926,0,0,0,0,0,7,5,0,0,9,0
0,0.92,0,1,0,2,1,14,1,0,0,57,0
4,0.92,0,0,0,0,2,10,2,0,1,17,0
4,0.92,0,0,0,0,0,1,1,4,0,3,0
1,0.624,0,0,0,0,0,4,2,0,0,35,1
78,0.795,0,0,0,0,0,20,8,0,1,95,0
50,0.727,2,1,2,1,4,5,0,1,0,87,0
1,0.624,0,0,0,0,0,1,5,0,5,72,0
1,0.624,0,0,0,0,0,2,7,0,3,84,1
1,0.624,2,0,0,1,0,10,4,0,0,9,1
0,0.92,2,0,0,0,6,10,1,2,2,48,1
4,0.92,0,0,0,0,0,0,4,0,0,55,0
4,0.92,1,0,0,3,1,0,0,1,2,56,1
16,0.939,1,1,0,2,1,2,0,0,3,43,0
32,0.866,0,1,1,1,0,1,4,3,0,31,0
14,0.698,0,0,0,0,0,5,0,1,0,112,1
1,0.624,1,0,0,0,0,1,8,0,4,151,1
5,0.897,1,1,1,2,1,14,0,1,3,40,0
21,0.923,0,0,0,1,0,3,8,0,0,78,0
13,0.55,0,0,0,0,0,9,4,0,3,39,1
1,0.624,1,0,1,0,0,3,5,0,2,48,0
1,0.624,0,1,1,0,0,5,0,1,3,29,1
92,0.64,1,0,2,2,1,4,2,1,0,10,0
0,0.92,1,0,0,4,0,21,3,0,0,22,0
1,0.624,0,1,1,0,0,3,0,1,3,61,1
4,0.92,2,0,0,0,0,8,1,0,0,105,0
4,0.92,1,0,1,0,0,9,2,0,6,8,0
0,0.92,3,0,0,0,0,19,3,0,1,92,0
0,0.92,1,0,0,1,0,12,3,0,0,56,0
51,0.698,1,1,1,0,0,1,6,3,0,108,0
37,0.8270000000000001,0,0,0,0,0,0,1,0,1,65,1
4,0.92,0,0,0,0,0,20,1,0,1,26,0
3,0.926,1,0,0,1,0,15,0,1,0,84,0
2,0.91,1,0,2,0,0,2,5,0,4,56,0
44,0.7759999999999999,0,0,2,0,0,1,1,0,5,98,0
0,0.92,0,0,0,0,0,7,0,3,5,21,0
13,0.55,0,0,0,1,0,15,0,1,2,83,0
8,0.804,0,0,0,2,1,1,0,1,0,82,0
7,0.939,1,1,3,1,0,7,0,1,3,13,0
2,0.91,0,0,0,0,0,0,5,6,1,28,0
1,0.624,0,0,0,1,0,2,3,0,2,32,1
19,0.893,0,0,0,0,0,6,1,0,0,172,0
60,0.83,0,0,0,0,0,15,1,1,0,56,0
1,0.624,0,0,0,0,0,4,5,0,5,97,0
32,0.866,0,0,2,2,1,2,1,0,0,69,0
4,0.92,0,0,0,0,0,0,1,0,0,44,0
13,0.55,1,0,0,0,0,9,0,1,0,23,1
2,0.91,0,0,0,2,1,0,5,0,1,200,1
33,0.6890000000000001,1,0,3,0,0,2,1,0,5,31,1
3,0.926,1,0,0,0,0,4,4,1,6,3,0
0,0.92,0,0,0,0,0,7,8,6,0,172,0
3,0.926,0,1,1,1,0,17,3,3,4,90,1
1,0.624,0,1,1,2,1,4,0,1,3,37,1
3,0.926,0,0,0,0,0,18,8,0,1,3,0
20,0.878,0,1,0,2,1,7,0,1,0,17,1
13,0.55,0,0,0,0,0,4,1,0,0,91,1
1,0.624,1,0,1,0,0,9,1,0,2,32,0
1,0.624,1,0,1,0,0,4,3,0,0,74,0
2,0.91,0,0,1,0,0,6,2,0,0,23,0
3,0.926,0,0,0,0,0,7,3,0,2,33,0
13,0.55,0,1,1,1,0,7,0,1,1,57,1
14,0.698,1,0,1,0,0,3,4,0,0,14,0
18,0.802,0,0,1,0,0,3,5,0,0,92,0
4,0.92,0,0,0,0,0,15,1,2,1,42,0
5,0.897,0,0,0,1,6,0,3,0,5,112,0
45,0.925,0,1,0,2,1,11,0,0,3,35,0
25,0.743,0,0,1,1,0,20,4,2,2,204,0
8,0.804,1,0,0,0,0,7,1,0,4,83,0
0,0.92,1,0,0,3,1,8,0,1,3,14,0
1,0.624,0,0,0,1,0,3,1,0,3,168,1
4,0.92,1,0,1,0,0,11,1,0,0,170,0
1,0.624,0,0,0,0,0,1,0,1,2,55,1
0,0.92,1,0,0,0,0,2,4,2,2,17,1
9,0.924,0,0,1,0,0,10,6,0,0,322,0
1,0.624,0,1,0,0,3,4,0,1,0,58,1
4,0.92,0,0,0,1,0,10,1,0,1,18,0
1,0.624,1,0,1,0,0,3,2,6,2,163,1
1,0.624,0,1,0,0,0,14,0,0,3,106,0
0,0.92,0,1,0,0,0,8,3,0,3,7,1
1,0.624,2,1,1,0,0,3,0,1,0,90,1
1,0.624,0,1,0,0,0,6,2,0,1,84,0
27,0.682,1,1,1,2,1,5,0,1,3,260,0
0,0.92,0,0,0,0,0,17,6,2,0,127,0
1,0.624,0,0,0,0,0,2,4,0,0,23,1
4,0.92,2,0,0,0,0,11,1,0,1,45,0
53,0.7659999999999999,2,1,1,0,0,9,0,1,3,56,0
23,0.767,0,0,0,1,0,0,1,2,4,8,0
1,0.624,1,1,0,0,0,14,4,1,0,52,0
0,0.92,0,0,0,4,0,0,0,1,0,72,1
1,0.624,0,0,0,0,0,12,8,0,1,33,0
3,0.926,0,0,0,0,5,5,6,4,2,48,0
5,0.897,0,0,0,1,0,8,2,0,0,5,0
3,0.926,1,1,0,0,2,18,0,1,1,33,0
53,0.7659999999999999,0,0,0,1,0,7,2,0,0,64,0
0,0.92,0,1,0,5,1,8,0,1,3,42,0
2,0.91,1,1,0,2,1,5,0,1,3,5,1
12,0.884,0,0,0,0,0,6,3,0,2,148,0
52,0.698,0,0,0,0,0,9,2,0,1,62,0
35,0.843,0,0,0,1,0,18,2,0,1,134,0
35,0.843,1,1,1,0,0,13,0,1,3,40,1
5,0.897,0,1,1,0,0,6,0,1,3,34,0
17,0.899,0,0,0,2,1,8,2,2,0,134,0
6,0.855,0,0,0,0,0,12,3,1,4,16,0
0,0.92,2,0,0,0,0,0,0,1,2,105,0
0,0.92,0,0,0,0,0,1,2,0,0,5,0
4,0.92,0,0,1,0,0,6,5,0,0,148,1
0,0.92,0,0,2,0,0,3,2,0,0,81,1
2,0.91,0,1,0,0,3,6,0,3,2,21,0
7,0.939,0,0,1,2,1,3,4,0,2,8,0
0,0.92,1,1,0,0,0,0,5,0,1,102,0
5,0.897,0,0,1,1,0,8,0,5,0,17,0
21,0.923,0,0,0,0,0,0,4,0,1,166,0
2,0.91,0,0,0,1,0,0,5,3,1,3,0
5,0.897,0,0,0,1,0,20,2,2,0,82,0
2,0.91,0,0,0,0,0,0,0,1,2,161,0
0,0.92,0,0,1,0,0,7,0,1,2,69,0
1,0.624,0,1,1,2,1,6,0,1,3,146,1
92,0.64,0,1,0,0,0,16,2,0,0,28,0
1,0.624,0,0,0,0,0,3,2,0,0,67,1
31,0.579,1,0,1,0,0,13,6,1,0,101,0
8,0.804,0,1,0,0,0,3,2,0,2,13,0
41,0.794,0,0,0,0,0,16,1,0,1,25,0
0,0.92,1,0,0,0,0,0,5,3,1,9,0
2,0.91,0,0,0,0,0,2,2,0,0,18,0
39,0.903,0,1,0,1,2,0,5,0,1,6,0
3,0.926,1,1,1,0,0,8,5,5,2,101,0
4,0.92,0,0,0,0,0,12,4,0,0,146,0
4,0.92,0,0,0,1,0,11,2,0,0,102,0
56,0.691,1,0,0,0,0,1,2,3,0,51,1
3,0.926,1,0,0,2,1,0,1,0,6,2,0
76,0.769,0,0,0,1,0,15,0,1,5,33,0
50,0.727,2,0,0,0,0,8,2,2,1,37,0
61,0.579,1,1,0,1,0,13,2,3,0,62,1
0,0.92,0,0,0,0,0,2,1,2,0,26,0
0,0.92,0,0,0,0,4,13,3,0,0,28,0
16,0.939,0,0,0,1,0,7,1,0,0,2,0
4,0.92,0,0,0,0,0,0,2,0,3,192,0
2,0.91,1,0,0,0,0,0,1,5,1,70,0
1,0.624,1,1,0,0,3,13,1,0,3,12,1
3,0.926,0,1,0,4,0,0,0,1,1,31,1
3,0.926,0,1,1,1,0,18,5,5,0,62,0
10,0.754,1,0,0,0,0,16,1,0,0,22,0
0,0.92,2,0,0,1,0,18,5,0,1,24,1
1,0.624,0,0,0,0,0,7,2,4,3,126,1
101,0.68,0,0,0,0,0,2,2,0,2,45,0
3,0.926,0,0,0,0,0,9,1,0,2,242,0
23,0.767,1,0,1,0,0,8,0,1,0,98,1
0,0.92,0,0,0,0,0,4,3,0,0,21,0
75,0.698,1,1,1,0,0,7,1,0,6,69,0
2,0.91,0,0,1,0,0,3,4,0,0,65,0
25,0.743,0,1,1,0,0,2,0,1,6,128,0
9,0.924,0,0,0,0,0,0,5,0,0,57,0
0,0.92,1,0,0,1,2,0,2,0,0,54,0
0,0.92,2,1,0,1,2,5,5,3,2,72,0
4,0.92,1,0,0,1,0,10,6,4,0,29,0
40,0.949,0,0,0,0,0,9,1,0,1,77,0
14,0.698,1,1,3,3,1,5,0,0,3,228,1
10,0.754,0,1,1,2,1,11,1,3,1,40,0
7,0.939,0,1,2,0,0,11,3,3,0,26,0
17,0.899,0,0,2,0,0,20,2,0,1,7,0
37,0.8270000000000001,0,0,1,2,1,4,6,6,0,160,0
19,0.893,0,0,0,0,0,7,7,0,0,67,0
40,0.949,2,0,0,1,0,0,1,0,2,111,0
4,0.92,0,0,0,0,0,11,1,0,1,45,0
1,0.624,1,0,0,0,0,4,1,0,0,78,1
95,0.921,0,0,0,0,2,17,6,2,0,150,0
50,0.727,0,0,0,0,0,8,0,1,2,55,0
4,0.92,0,0,3,0,0,0,0,1,0,122,0
8,0.804,1,0,2,0,2,3,2,2,0,56,0
0,0.92,0,0,0,0,0,0,0,1,1,51,0
2,0.91,1,0,0,0,0,9,2,5,0,86,0
0,0.92,0,1,1,2,1,1,8,0,0,44,0
0,0.92,0,0,0,0,0,0,5,1,2,60,0
14,0.698,1,0,0,2,1,3,6,0,2,6,0
0,0.92,0,1,1,0,0,6,0,1,0,4,1
27,0.682,0,1,0,0,0,3,2,5,3,113,0
28,0.6659999999999999,0,1,0,4,4,0,0,1,1,112,0
64,0.479,1,1,1,2,1,13,0,1,0,14,1
2,0.91,0,0,0,0,0,16,8,0,0,122,0
0,0.92,0,0,0,0,0,0,1,0,2,140,0
29,0.89,0,0,1,0,0,6,1,0,0,37,0
0,0.92,0,1,1,0,0,6,0,1,1,32,1
12,0.884,0,0,0,1,0,0,4,3,1,18,0
29,0.89,0,0,0,0,0,0,6,0,1,108,0
26,0.836,0,0,0,0,0,19,4,0,2,132,0
2,0.91,1,0,0,0,0,7,0,1,0,39,0
40,0.949,0,0,1,0,0,7,0,1,5,27,0
46,0.698,0,1,0,0,0,13,7,3,0,165,0
0,0.92,1,1,0,0,0,1,0,1,2,22,1
9,0.924,1,1,1,0,0,5,0,1,6,34,0
2,0.91,0,0,0,1,0,16,5,0,1,36,1
20,0.878,0,1,1,0,0,3,0,1,0,26,1
55,0.848,0,1,0,0,6,13,0,1,0,290,0
2,0.91,1,1,0,4,0,0,0,1,1,79,0
0,0.92,0,1,0,0,0,0,4,0,4,124,0
10,0.754,0,0,0,0,0,7,2,0,0,11,0
3,0.926,0,0,0,1,0,11,5,3,0,22,1
3,0.926,1,0,0,2,1,7,1,0,2,25,1
17,0.899,1,0,2,0,0,1,1,3,1,46,0
0,0.92,0,0,0,0,0,10,0,1,0,328,0
2,0.91,0,0,0,0,0,0,1,0,4,34,1
0,0.92,0,0,0,0,0,7,8,0,0,20,0
1,0.624,1,0,0,1,0,1,0,1,0,162,1
2,0.91,0,0,0,1,0,15,1,0,3,4,0
2,0.91,0,0,0,0,0,8,4,2,0,17,0
8,0.804,2,0,0,1,0,0,2,0,5,92,0
0,0.92,0,0,0,0,0,17,3,0,5,12,0
5,0.897,0,0,0,4,0,0,2,3,1,55,0
0,0.92,1,0,0,0,3,3,6,0,2,18,1
1,0.624,0,1,1,2,1,5,0,1,3,17,1
3,0.926,0,0,0,1,0,0,5,0,1,37,0
4,0.92,0,0,0,0,0,0,2,0,4,78,0
3,0.926,0,0,1,2,1,1,1,3,2,163,0
83,0.847,0,0,3,0,0,4,1,3,4,87,0
1,0.624,1,0,0,2,1,3,4,4,6,118,1
75,0.698,1,1,1,0,0,2,6,3,3,272,0
29,0.89,0,0,1,0,0,3,2,0,0,30,0
0,0.92,0,1,0,0,0,19,0,1,2,34,0
9,0.924,0,0,2,0,0,0,8,0,0,77,0
0,0.92,1,1,0,3,1,3,0,1,6,147,0
1,0.624,0,1,0,2,1,5,0,1,3,84,0
9,0.924,0,0,0,0,0,1,7,0,0,18,0
0,0.92,2,0,0,0,0,0,8,0,1,51,1
3,0.926,0,0,0,0,0,10,7,0,1,56,0
1,0.624,0,0,1,0,3,11,7,0,5,34,0
19,0.893,1,0,2,0,0,11,3,1,1,67,0
25,0.743,0,1,0,3,1,5,0,1,3,118,0
4,0.92,0,0,1,0,0,9,0,1,0,37,1
33,0.6890000000000001,1,0,1,0,0,4,1,0,4,54,0
2,0.91,0,1,0,2,1,1,0,1,3,66,0
0,0.92,0,0,0,0,0,18,3,0,2,28,0
44,0.7759999999999999,0,0,2,0,0,20,2,2,1,51,0
6,0.855,0,0,0,0,0,15,6,0,0,90,0
97,0.742,0,0,1,1,0,1,1,0,3,157,0
23,0.767,1,0,1,0,0,6,1,1,6,17,0
5,0.897,1,1,3,3,1,2,0,1,6,22,0
0,0.92,1,1,0,0,0,3,2,4,6,109,0
3,0.926,0,0,0,1,0,11,3,0,1,78,0
24,0.762,0,0,0,0,0,0,0,1,2,70,0
1,0.624,0,0,0,0,0,6,2,0,0,18,1
43,0.5579999999999999,0,1,2,0,0,13,4,1,0,5,0
10,0.754,1,0,2,2,1,4,1,0,0,77,0
21,0.923,1,0,0,0,0,0,3,0,2,45,0
0,0.92,2,0,2,1,0,18,3,0,0,94,0
0,0.92,1,0,0,0,0,1,1,0,0,28,0
11,0.887,2,1,0,1,0,1,1,0,0,218,0
27,0.682,0,1,2,0,0,0,8,0,1,35,0
17,0.899,0,0,2,0,0,6,0,1,2,31,1
1,0.624,0,0,0,1,0,1,4,0,2,52,1
1,0.624,2,0,0,1,0,14,2,0,6,330,1
0,0.92,1,0,0,0,0,12,1,1,1,122,0
1,0.624,0,1,1,0,0,3,0,1,3,53,1
50,0.727,0,0,0,3,1,0,0,1,1,106,0
47,0.555,0,0,0,0,0,5,0,1,0,87,1
4,0.92,2,0,0,0,0,11,1,0,1,74,1
0,0.92,0,0,0,0,0,0,1,0,1,42,1
27,0.682,1,0,0,0,0,16,0,1,6,51,1
30,0.925,0,0,0,1,2,0,3,0,0,40,0
20,0.878,0,0,0,1,0,8,1,0,5,14,0
1,0.624,1,1,1,0,0,2,0,1,6,160,0
0,0.92,1,1,0,0,6,3,3,0,2,28,0
0,0.92,0,1,0,4,3,0,0,1,1,4,0
1,0.624,1,1,1,0,0,13,0,1,3,50,1
96,0.745,0,1,1,0,0,3,0,0,3,91,0
8,0.804,1,1,0,0,0,14,1,0,0,43,0
46,0.698,1,0,0,0,0,0,0,1,0,24,1
0,0.92,0,0,1,0,0,5,2,1,2,54,0
23,0.767,1,0,0,0,1,15,0,1,6,43,0
3,0.926,1,0,0,0,0,11,5,6,2,26,0
13,0.55,0,1,1,2,1,5,0,1,0,10,0
52,0.698,0,0,0,0,0,7,5,0,4,66,0
0,0.92,1,1,1,0,0,13,0,1,0,52,1
59,0.74,0,1,0,0,0,2,0,1,0,21,1
2,0.91,0,0,0,0,0,15,2,0,1,30,0
52,0.698,0,0,0,1,0,10,4,0,0,17,0
30,0.925,1,0,2,0,0,17,1,4,2,13,0
44,0.7759999999999999,0,0,0,3,1,1,4,4,0,26,0
8,0.804,0,0,2,1,0,7,7,1,2,36,0
63,0.84,0,0,0,0,0,3,1,0,0,41,1
0,0.92,0,0,0,0,0,7,3,0,0,21,0
0,0.92,0,0,0,0,0,8,3,0,5,47,0
3,0.926,2,1,0,1,0,17,7,3,1,44,0
2,0.91,0,0,0,0,0,19,8,0,2,20,0
3,0.926,0,0,0,0,0,8,2,0,1,7,1
2,0.91,0,1,0,2,1,5,0,1,3,17,0
3,0.926,0,0,0,0,0,11,1,0,1,50,0
1,0.624,1,0,0,1,0,6,0,0,0,21,1
1,0.624,1,0,0,1,0,3,2,0,0,56,1
5,0.897,0,0,0,1,0,9,1,0,0,133,0
0,0.92,0,1,0,5,1,8,0,1,3,67,1
27,0.682,1,1,1,0,0,3,0,1,3,23,0
3,0.926,1,0,0,2,1,19,2,0,1,33,0
0,0.92,0,1,1,2,1,5,0,1,0,9,0
9,0.924,0,0,0,1,3,17,1,0,0,196,0
21,0.923,1,0,0,0,0,4,6,0,0,260,0
1,0.624,1,0,0,0,0,2,2,0,0,42,1
5,0.897,1,0,0,1,0,6,2,3,2,22,0
34,0.915,0,1,0,0,4,5,6,0,0,202,0
0,0.92,0,1,0,5,1,8,0,1,3,10,0
19,0.893,0,1,2,2,1,1,1,0,0,32,0
0,0.92,0,0,0,0,0,8,3,0,0,322,0
1,0.624,0,1,0,0,0,3,6,5,0,72,1
3,0.926,0,0,3,3,1,10,1,0,0,94,0
41,0.794,0,0,0,0,0,1,2,5,0,6,0
1,0.624,1,0,0,1,0,16,2,0,1,14,0
4,0.92,0,0,0,0,0,2,1,0,4,48,0
35,0.843,1,1,1,0,0,3,0,1,3,9,1
0,0.92,0,0,0,0,0,7,3,0,4,165,0
21,0.923,0,0,0,1,0,0,2,0,2,26,0
1,0.624,0,1,1,5,1,6,0,1,3,18,0
0,0.92,1,1,1,0,0,1,2,3,0,81,0
1,0.624,0,0,0,1,0,6,5,0,0,15,1
0,0.92,1,1,0,2,1,9,6,0,0,46,0
2,0.91,1,1,0,2,1,1,0,1,3,111,0
4,0.92,0,0,0,1,0,3,1,0,3,28,1
4,0.92,0,0,0,1,0,0,3,0,0,256,0
2,0.91,0,1,0,0,5,5,0,1,2,28,0
12,0.884,0,0,0,0,0,13,6,4,0,37,0
6,0.855,1,0,0,0,0,3,2,0,0,20,0
1,0.624,0,0,0,0,0,8,5,0,4,28,1
24,0.762,0,0,0,1,0,18,2,0,2,18,0
0,0.92,0,1,1,2,1,4,0,1,0,82,0
3,0.926,0,0,0,1,0,8,6,0,0,6,0
93,0.516,0,1,0,0,0,1,3,3,1,7,1
0,0.92,1,1,0,0,0,11,3,0,2,36,0
0,0.92,0,1,0,1,4,5,8,0,2,36,0
0,0.92,1,0,0,0,0,10,4,2,4,42,0
5,0.897,0,0,0,1,0,6,0,1,3,20,0
2,0.91,0,1,0,2,1,9,3,0,1,188,1
3,0.926,1,0,0,1,0,2,7,5,3,31,0
32,0.866,0,0,1,0,0,10,5,0,0,24,0
0,0.92,3,0,0,0,0,0,1,0,1,78,0
22,0.8959999999999999,1,0,0,1,0,12,3,0,1,96,0
3,0.926,1,0,0,0,0,7,4,0,1,72,1
0,0.92,0,0,0,0,0,0,1,0,1,50,0
3,0.926,0,0,0,1,2,18,6,0,0,113,0
6,0.855,1,0,1,4,0,7,5,3,5,141,0
4,0.92,0,1,1,0,0,1,5,0,0,9,0
0,0.92,0,0,0,1,0,12,2,0,1,31,0
40,0.949,0,0,0,1,0,0,1,0,1,91,0
1,0.624,1,0,1,1,0,21,1,1,0,16,1
0,0.92,0,0,0,0,2,0,0,1,0,58,0
15,0.913,1,1,3,3,1,3,0,1,3,19,1
75,0.698,0,0,2,0,0,1,2,0,2,112,0
18,0.802,0,0,0,1,0,0,5,0,0,210,0
40,0.949,0,0,0,1,0,0,1,0,0,34,0
1,0.624,1,0,1,0,0,1,1,4,0,164,1
34,0.915,0,0,0,2,1,12,5,0,0,6,1
46,0.698,0,0,0,1,0,1,6,2,0,7,0
2,0.91,0,0,0,1,0,15,7,3,4,12,0
73,0.764,0,0,0,0,0,6,1,0,0,48,0
0,0.92,0,0,0,0,0,15,4,2,2,11,0
4,0.92,2,0,0,0,0,3,7,0,2,292,0
46,0.698,0,1,1,4,0,0,3,3,1,3,0
34,0.915,0,1,1,2,1,2,0,1,0,113,0
9,0.924,0,0,0,4,0,0,3,3,1,29,0
9,0.924,1,0,0,1,4,0,0,1,1,11,0
14,0.698,0,1,0,1,0,11,0,1,3,18,0
26,0.836,0,0,0,2,1,7,1,0,3,150,0
12,0.884,0,1,0,4,0,0,5,5,1,322,0
9,0.924,2,1,2,0,0,19,3,0,4,81,0
2,0.91,1,0,1,0,0,3,3,0,0,55,0
2,0.91,0,0,0,0,0,9,2,0,0,15,0
0,0.92,0,0,0,0,0,0,0,1,4,32,1
50,0.727,0,1,2,0,0,5,0,1,0,103,0
3,0.926,0,0,0,0,0,11,4,0,2,11,0
4,0.92,1,0,0,1,0,0,2,0,1,150,0
3,0.926,0,0,0,0,0,16,2,0,0,48,0
1,0.624,1,0,0,0,0,6,3,0,0,17,0
2,0.91,0,0,0,0,0,0,1,5,0,40,1
0,0.92,3,0,0,1,0,20,0,1,0,45,1
0,0.92,0,0,0,1,2,0,8,6,1,50,0
83,0.847,0,0,0,0,0,9,3,3,0,10,1
30,0.925,0,0,0,2,1,0,1,5,1,88,0
0,0.92,0,0,0,0,0,4,3,0,1,80,1
23,0.767,0,0,0,0,2,5,6,0,0,75,1
5,0.897,0,0,0,1,0,9,3,0,0,81,0
0,0.92,0,0,0,0,5,15,0,1,1,39,1
3,0.926,0,1,0,1,0,0,3,0,1,308,0
59,0.74,0,1,0,2,1,14,0,1,3,312,0
5,0.897,0,0,0,1,0,10,1,0,0,24,0
1,0.624,0,0,0,0,0,5,4,4,0,28,0
0,0.92,2,1,0,4,0,6,7,3,4,28,0
2,0.91,0,1,0,0,0,4,2,0,0,8,1
2,0.91,1,0,0,1,5,0,5,5,1,55,0
54,0.8270000000000001,1,0,0,1,0,7,4,0,1,108,0
5,0.897,1,0,1,0,0,13,7,0,0,100,0
12,0.884,1,0,0,0,0,10,3,0,1,25,0
1,0.624,0,0,0,0,0,6,2,0,0,24,1
24,0.762,0,0,0,0,3,0,6,0,3,172,0
0,0.92,0,0,0,1,0,0,4,0,1,110,0
0,0.92,0,0,0,2,1,12,1,0,4,94,0
5,0.897,1,1,1,1,0,6,0,0,0,30,0
1,0.624,0,0,0,0,0,2,1,0,0,57,1
0,0.92,0,0,0,0,0,0,5,3,1,33,0
2,0.91,0,0,0,0,0,10,0,1,1,72,0
7,0.939,1,1,0,1,3,0,0,1,1,92,0
1,0.624,2,0,0,0,0,10,4,2,2,112,0
16,0.939,0,0,2,0,0,9,2,0,4,29,0
0,0.92,0,1,1,0,0,2,0,1,0,21,0
3,0.926,0,1,0,2,1,6,0,1,3,58,0
0,0.92,2,0,0,0,0,15,7,0,5,46,0
6,0.855,0,0,0,1,0,9,8,0,2,10,0
7,0.939,0,0,0,0,0,0,3,0,5,2,0
0,0.92,0,0,0,1,2,1,0,0,1,56,0
23,0.767,0,0,0,0,4,0,0,0,3,11,0
7,0.939,0,0,0,1,0,0,1,0,2,50,0
74,0.698,0,0,0,0,0,12,2,0,2,20,0
0,0.92,0,0,1,2,1,2,0,1,0,112,1
0,0.92,0,0,0,0,0,1,8,5,2,25,0
2,0.91,0,1,3,5,1,3,0,1,3,94,0
0,0.92,0,0,0,0,0,1,4,0,4,156,1
1,0.624,0,0,0,0,0,8,2,0,1,174,0
0,0.92,0,1,0,0,0,0,3,0,1,32,0
5,0.897,0,0,0,1,0,8,3,0,0,72,0
6,0.855,1,0,2,1,0,4,0,1,3,12,0
92,0.64,0,0,1,2,1,3,2,1,3,56,0
7,0.939,0,0,0,5,1,17,6,2,4,32,1
0,0.92,0,0,0,4,0,0,2,2,5,34,0
3,0.926,0,0,1,0,0,9,1,2,0,316,0
7,0.939,0,1,1,2,1,3,6,0,0,4,0
1,0.624,0,0,1,1,0,7,6,0,0,110,1
50,0.727,0,0,1,0,0,1,5,0,0,48,0
15,0.913,1,0,2,0,0,9,1,0,0,28,0
0,0.92,0,1,0,2,1,1,0,1,3,15,0
0,0.92,0,0,0,0,0,9,4,0,2,26,0
45,0.925,0,1,0,0,0,0,6,4,1,46,0
4,0.92,0,0,0,0,0,7,1,1,5,15,0
2,0.91,2,1,1,2,1,14,1,2,0,94,0
38,0.895,0,1,1,1,0,7,2,3,2,94,0
2,0.91,0,0,3,0,0,5,3,0,0,58,0
0,0.92,0,0,0,0,0,4,8,0,4,136,0
1,0.624,2,0,0,0,0,2,5,0,5,64,0
18,0.802,0,0,1,0,3,3,0,1,0,25,0
32,0.866,0,0,0,0,0,11,6,0,0,143,0
15,0.913,0,0,0,2,1,0,5,0,5,46,0
1,0.624,0,0,2,0,0,5,2,0,0,220,1
74,0.698,0,0,0,1,0,0,1,0,0,89,0
69,0.847,0,0,0,0,0,7,2,0,4,149,0
2,0.91,0,0,0,5,1,0,0,1,2,90,0
32,0.866,0,0,0,1,0,7,2,0,4,43,1
1,0.624,0,0,0,0,0,9,6,6,0,129,0
9,0.924,0,0,0,0,0,17,8,0,1,31,1
0,0.92,3,1,0,5,1,5,4,1,0,103,0
82,0.856,0,0,0,0,0,9,0,1,2,22,0
10,0.754,0,0,0,0,0,7,0,1,3,23,1
3,0.926,1,0,0,1,0,17,0,1,0,135,0
1,0.624,0,0,0,0,0,4,1,0,4,99,1
9,0.924,0,1,1,0,0,2,0,1,0,96,1
0,0.92,0,0,0,0,0,10,3,0,1,50,0
3,0.926,0,0,0,1,0,0,0,1,0,106,0
3,0.926,0,1,1,2,1,3,0,1,0,116,0
10,0.754,2,0,0,1,0,12,2,2,2,47,0
6,0.855,0,0,0,0,0,9,4,4,0,101,0
40,0.949,1,0,2,2,1,1,6,4,0,61,0
88,0.794,1,1,0,0,0,8,8,0,0,160,0
1,0.624,1,0,0,0,0,11,5,0,0,25,1
18,0.802,1,0,0,1,0,8,2,0,0,2,0
36,0.527,1,1,0,0,0,2,0,1,5,66,0
0,0.92,1,0,0,0,0,2,0,1,0,23,1
5,0.897,0,0,0,1,0,6,5,3,1,29,0
1,0.624,1,0,0,0,0,5,3,0,0,71,0
0,0.92,0,0,3,0,0,5,2,5,0,143,0
15,0.913,0,0,0,2,1,19,5,0,2,19,0
7,0.939,0,1,0,4,0,0,0,1,1,52,0
0,0.92,0,0,0,0,3,0,2,0,1,87,0
0,0.92,0,0,0,0,0,8,5,0,1,22,0
0,0.92,0,0,0,0,0,17,2,0,2,64,0
1,0.624,0,1,1,0,0,3,0,1,3,28,0
12,0.884,1,0,0,1,0,11,0,1,0,111,0
44,0.7759999999999999,0,1,1,0,0,6,0,1,3,1,0
3,0.926,0,0,0,1,0,0,2,0,0,22,0
14,0.698,0,0,0,0,0,7,6,0,4,4,0
7,0.939,0,0,0,1,0,21,0,1,0,84,0
6,0.855,0,0,0,0,0,3,4,1,2,15,0
0,0.92,0,1,0,5,1,3,0,1,3,111,0
16,0.939,0,1,2,2,1,5,2,0,0,13,0
0,0.92,0,0,0,1,0,0,6,4,2,82,0
3,0.926,0,0,0,2,1,0,0,1,0,152,0
0,0.92,0,0,0,1,0,9,1,1,0,17,0
23,0.767,0,0,0,0,2,0,6,0,2,28,0
3,0.926,0,1,1,1,0,8,1,3,2,2,0
5,0.897,0,0,0,1,0,4,0,1,0,18,0
0,0.92,0,1,0,0,0,3,0,1,0,42,0
3,0.926,0,0,0,1,0,0,2,0,1,91,0
2,0.91,0,0,0,0,6,12,1,0,1,22,0
2,0.91,1,0,0,2,1,15,1,0,2,69,0
115,0.807,0,0,0,0,0,0,0,1,0,37,0
0,0.92,1,0,0,0,0,9,6,0,0,70,0
4,0.92,0,0,0,1,0,6,0,1,0,22,1
82,0.856,1,0,0,1,3,6,1,0,0,95,0
49,0.789,2,1,1,0,0,2,0,1,3,308,1
1,0.624,0,1,0,0,0,18,3,0,1,23,1
3,0.926,0,0,0,0,0,9,1,2,2,53,0
2,0.91,0,0,0,3,1,6,0,1,5,7,0
5,0.897,0,0,0,1,0,14,3,0,1,14,0
1,0.624,0,0,0,0,0,16,5,0,0,50,0
0,0.92,0,0,0,0,0,6,3,0,4,50,0
29,0.89,2,1,2,0,0,3,0,1,0,72,0
0,0.92,0,0,0,1,0,15,3,0,1,36,0
97,0.742,0,0,0,0,0,20,4,4,0,38,0
0,0.92,1,1,1,0,0,3,3,1,0,25,0
0,0.92,1,1,0,0,0,5,0,1,0,56,1
0,0.92,1,0,0,0,0,0,1,0,0,176,0
0,0.92,1,0,0,1,4,10,3,0,1,6,1
84,0.556,0,0,1,0,0,13,7,0,3,46,0
16,0.939,1,1,1,2,1,5,0,1,3,182,0
57,0.698,1,0,0,0,0,10,0,1,2,44,0
0,0.92,0,0,0,0,0,11,1,0,0,77,0
26,0.836,0,0,1,2,1,8,1,0,2,130,0
2,0.91,0,0,0,0,0,7,1,0,4,9,0
10,0.754,0,1,2,1,0,12,0,1,0,3,1
1,0.624,0,0,1,0,0,5,1,0,2,68,1
32,0.866,0,0,0,0,0,0,6,0,5,15,0
1,0.624,1,0,2,0,0,12,7,0,0,148,1
1,0.624,0,0,0,0,0,2,0,0,0,84,0
31,0.579,0,0,1,0,0,1,1,0,0,268,1
0,0.92,0,0,0,0,4,21,0,1,1,152,1
2,0.91,0,0,1,0,0,5,8,0,0,170,0
55,0.848,1,1,0,1,0,19,1,0,0,105,0
17,0.899,0,0,0,0,0,18,0,1,3,33,0
5,0.897,1,1,1,2,1,2,0,1,0,150,0
0,0.92,0,0,0,0,0,9,1,2,4,79,0
11,0.887,0,1,0,2,1,3,0,1,3,12,0
0,0.92,0,0,0,5,1,3,1,0,0,7,0
6,0.855,0,0,0,0,0,0,2,0,1,26,0
38,0.895,0,0,0,1,2,10,7,0,0,192,0
68,0.763,1,1,0,2,1,14,0,1,3,28,0
4,0.92,0,1,1,0,0,5,0,1,0,88,0
12,0.884,0,0,1,1,0,6,7,1,0,23,0
1,0.624,1,1,1,1,0,8,0,1,5,72,0
6,0.855,0,0,0,1,0,10,4,0,0,63,0
2,0.91,1,0,0,3,1,1,8,3,4,214,0
1,0.624,1,0,0,0,0,6,1,0,3,35,1
0,0.92,0,0,1,0,0,17,0,1,3,80,0
11,0.887,0,1,1,2,1,4,0,1,3,18,0
0,0.92,0,0,0,0,0,8,7,0,0,28,0
2,0.91,1,0,0,2,1,0,2,0,1,77,0
64,0.479,0,1,1,0,0,7,0,1,1,35,1
44,0.7759999999999999,0,1,0,0,0,10,1,0,1,47,0
54,0.8270000000000001,0,0,0,1,0,6,0,1,2,48,0
1,0.624,0,0,0,1,0,4,3,1,0,10,0
10,0.754,0,0,0,0,0,9,7,3,2,7,0
1,0.624,2,0,0,1,0,3,1,4,0,22,1
0,0.92,0,1,2,0,0,6,7,5,1,24,0
43,0.5579999999999999,1,1,0,1,2,2,0,1,0,46,1
0,0.92,0,0,0,0,0,20,2,5,5,18,0
0,0.92,0,0,0,1,0,0,3,0,0,35,0
33,0.6890000000000001,0,1,1,0,3,3,1,0,0,34,0
27,0.682,1,1,2,2,1,1,4,2,0,4,0
5,0.897,0,0,0,1,0,4,3,0,0,122,0
38,0.895,0,0,2,0,0,16,4,0,0,12,0
2,0.91,1,1,0,3,1,5,0,0,3,30,0
3,0.926,0,0,0,1,0,12,7,0,0,52,0
6,0.855,1,0,2,0,0,1,1,0,5,41,0
3,0.926,0,0,1,1,0,10,2,0,0,330,0
2,0.91,0,0,0,0,0,7,1,0,0,76,0
19,0.893,1,0,0,0,0,1,6,4,0,112,0
1,0.624,0,1,1,0,0,2,0,1,3,70,1
1,0.624,0,0,0,0,0,1,4,2,0,44,1
7,0.939,0,0,0,0,5,3,0,1,0,49,0
2,0.91,0,0,0,0,6,0,2,0,0,6,0
6,0.855,0,1,2,0,0,1,0,1,0,39,0
0,0.92,0,0,2,0,0,0,0,1,1,7,1
1,0.624,0,0,1,0,0,2,2,0,4,4,1
0,0.92,0,0,0,0,0,0,3,0,1,37,0
1,0.624,0,0,3,1,0,12,5,0,4,56,1
0,0.92,0,1,0,0,0,15,3,0,5,30,0
0,0.92,0,0,0,0,0,0,1,0,0,25,0
0,0.92,0,1,1,0,0,5,0,1,3,107,1
4,0.92,0,0,0,0,0,17,7,0,1,10,0
7,0.939,1,0,1,0,0,0,5,0,1,6,0
1,0.624,2,0,0,1,4,7,1,0,0,15,1
14,0.698,1,0,1,1,0,6,2,0,2,38,0
0,0.92,2,0,0,1,0,11,4,0,1,47,0
10,0.754,1,0,0,0,3,3,0,1,0,43,1
5,0.897,2,0,0,1,6,9,5,0,0,56,0
0,0.92,1,0,0,0,0,0,0,1,1,110,1
12,0.884,0,0,0,1,0,5,6,0,2,10,0
60,0.83,0,1,1,5,1,9,0,0,3,10,0
0,0.92,1,0,0,0,0,0,1,0,4,69,0
8,0.804,0,0,0,0,0,11,5,0,0,21,0
1,0.624,0,0,0,0,0,0,3,0,1,62,0
53,0.7659999999999999,1,0,0,0,0,4,1,0,5,40,0
17,0.899,0,0,0,0,0,10,5,0,1,20,0
1,0.624,0,0,0,0,0,11,3,0,2,148,1
0,0.92,0,1,0,2,1,14,0,1,3,60,0
3,0.926,1,0,0,4,2,13,1,0,0,10,0
3,0.926,0,0,0,1,0,4,1,0,2,78,0
11,0.887,1,0,1,2,1,0,0,1,1,161,0
50,0.727,1,0,0,0,0,6,2,0,2,21,0
1,0.624,1,0,1,0,0,4,1,3,0,216,1
4,0.92,0,0,0,0,0,11,2,0,2,98,0
16,0.939,0,0,0,1,0,0,8,0,4,4,0
2,0.91,0,0,0,0,0,4,1,0,0,312,0
37,0.8270000000000001,0,0,0,0,0,15,2,5,0,17,1
3,0.926,0,1,1,2,1,1,1,0,4,116,0
1,0.624,2,0,0,0,0,6,3,1,0,58,0
0,0.92,0,0,1,0,0,4,8,3,0,38,0
0,0.92,0,0,0,0,0,10,1,0,2,126,0
1,0.624,1,0,0,0,0,3,2,0,0,114,0
48,0.698,1,0,1,2,1,3,1,3,2,53,0
18,0.802,0,0,0,0,0,9,1,3,2,136,0
29,0.89,0,0,0,0,0,0,5,0,0,31,0
0,0.92,0,1,0,2,1,2,0,0,3,32,0
3,0.926,0,0,0,0,0,6,1,0,0,106,0
1,0.624,0,0,0,1,0,15,8,0,0,88,0
1,0.624,1,0,0,2,1,8,1,0,1,6,0
3,0.926,0,0,0,1,0,20,4,4,1,36,0
1,0.624,0,0,0,0,0,6,1,0,0,29,1
22,0.8959999999999999,0,0,0,0,0,2,4,0,2,109,0
2,0.91,0,0,0,0,0,0,6,0,0,35,0
24,0.762,0,0,0,0,0,10,1,1,0,88,0
4,0.92,0,0,0,0,0,10,0,1,2,37,0
1,0.624,1,0,1,1,0,8,0,1,3,20,0
51,0.698,1,1,0,5,1,4,0,1,3,17,0
0,0.92,0,0,0,0,0,4,2,3,0,11,0
22,0.8959999999999999,0,0,0,0,0,8,1,0,1,29,1
21,0.923,0,0,0,0,0,0,0,1,5,53,1
1,0.624,0,0,1,1,0,3,4,0,0,101,1
0,0.92,0,1,0,0,0,0,0,1,0,72,1
59,0.74,0,0,0,1,0,0,0,1,1,35,0
47,0.555,1,0,1,0,0,5,0,1,0,7,1
0,0.92,0,0,0,1,0,0,3,0,0,15,0
22,0.8959999999999999,0,0,0,1,1,0,5,3,0,308,1
1,0.624,0,0,0,1,0,9,1,3,4,33,1
0,0.92,0,0,0,0,0,1,2,0,0,29,0
0,0.92,0,0,0,0,4,5,2,0,0,54,0
1,0.624,0,0,0,0,0,2,3,0,6,82,1
0,0.92,0,0,0,1,0,5,2,0,0,22,1
12,0.884,1,0,0,0,0,2,1,2,0,5,0
7,0.939,0,0,0,0,0,0,2,0,0,19,0
0,0.92,0,0,0,0,6,19,1,2,0,130,0
15,0.913,0,1,0,0,0,13,6,0,3,52,0
0,0.92,2,0,0,1,0,4,3,0,0,101,0
4,0.92,0,1,0,0,0,6,5,3,2,48,0
3,0.926,0,0,0,1,0,15,7,0,5,72,0
14,0.698,0,0,0,1,0,0,2,0,4,9,0
0,0.92,0,0,0,0,0,9,6,2,5,38,0
0,0.92,0,0,0,0,0,8,3,0,0,82,0
1,0.624,1,0,2,0,0,2,0,1,4,114,1
22,0.8959999999999999,2,0,1,0,0,7,4,2,0,328,0
0,0.92,2,0,0,0,2,0,5,0,4,96,0
4,0.92,1,0,0,0,0,12,6,0,6,90,0
5,0.897,0,0,0,1,0,12,2,0,0,83,0
2,0.91,0,0,0,0,0,0,1,0,0,37,0
4,0.92,0,0,0,0,0,0,8,0,1,108,0
10,0.754,0,0,0,0,0,0,1,0,1,82,0
3,0.926,0,0,0,1,2,2,1,0,3,10,0
27,0.682,0,0,0,0,0,16,2,0,5,25,0
4,0.92,0,0,2,0,0,2,2,0,0,90,0
86,0.856,0,0,0,0,6,1,1,0,0,83,0
3,0.926,1,0,0,1,0,19,2,0,2,116,0
0,0.92,1,0,0,4,0,0,3,0,4,80,0
77,0.698,0,0,0,3,1,9,0,1,0,15,0
25,0.743,0,0,0,0,0,16,2,0,0,6,0
3,0.926,0,0,0,2,1,16,2,4,0,118,0
0,0.92,0,1,1,0,0,1,0,1,3,77,0
1,0.624,1,1,1,0,0,1,0,1,3,40,1
1,0.624,0,0,1,1,0,3,1,0,0,10,1
1,0.624,1,0,1,0,0,13,1,0,0,7,1
1,0.624,1,0,0,0,0,2,1,0,0,40,1
84,0.556,0,0,2,1,0,5,3,0,0,69,1
28,0.6659999999999999,0,0,0,0,6,8,2,1,0,53,0
1,0.624,1,0,0,0,0,3,0,4,0,10,0
2,0.91,0,0,0,0,0,0,1,2,0,84,0
50,0.727,1,0,1,1,0,6,1,4,0,40,1
2,0.91,0,0,0,1,0,18,1,2,0,61,0
0,0.92,0,0,0,0,0,0,0,0,1,41,1
32,0.866,0,1,1,2,1,1,0,1,3,19,0
2,0.91,0,0,0,3,1,6,0,1,0,45,0
5,0.897,1,1,0,1,2,7,0,1,2,97,0
17,0.899,1,0,1,0,0,8,2,4,1,26,0
2,0.91,0,0,0,0,0,4,4,0,0,24,0
46,0.698,0,1,1,0,0,4,0,1,0,150,0
1,0.624,0,0,1,0,0,3,1,5,0,98,0
0,0.92,0,1,2,0,0,2,1,0,0,28,0
69,0.847,0,0,0,0,6,0,0,1,5,150,0
3,0.926,0,0,0,0,0,15,1,0,0,110,0
6,0.855,1,0,0,1,0,4,3,0,0,84,0
0,0.92,3,1,0,0,0,17,3,3,1,13,0
33,0.6890000000000001,1,0,3,0,0,4,6,0,2,25,0
0,0.92,0,0,0,0,0,0,7,0,4,21,0
30,0.925,1,0,0,1,0,17,5,1,0,39,0
1,0.624,1,0,3,0,0,5,3,0,0,68,0
0,0.92,0,0,0,1,0,20,7,0,1,15,0
0,0.92,0,0,0,4,0,10,2,2,2,56,0
43,0.5579999999999999,0,1,0,0,0,14,6,4,0,146,1
0,0.92,1,1,1,0,0,3,0,1,0,109,0
22,0.8959999999999999,0,0,0,1,4,0,0,1,1,110,0
19,0.893,2,0,0,1,0,12,2,0,0,34,0
1,0.624,1,1,1,0,0,14,2,0,0,83,0
1,0.624,1,1,2,1,0,17,0,1,0,39,1
60,0.83,1,0,0,1,0,8,2,0,2,278,0
38,0.895,0,0,0,0,0,18,5,0,1,39,0
10,0.754,1,1,1,0,0,6,0,1,2,14,1
44,0.7759999999999999,1,1,0,2,1,3,0,1,3,125,0
2,0.91,0,0,0,0,0,21,8,0,2,42,0
63,0.84,0,0,0,0,4,17,2,3,2,48,0
34,0.915,0,0,0,1,0,16,2,0,0,17,0
1,0.624,0,0,1,3,1,8,1,0,0,27,0
11,0.887,1,0,0,2,1,15,7,0,1,178,0
1,0.624,1,1,0,1,0,5,0,1,3,14,1
3,0.926,0,0,0,1,0,17,1,0,2,14,0
3,0.926,1,1,1,0,0,13,1,0,0,86,0
27,0.682,1,1,1,0,0,13,0,1,0,292,1
19,0.893,0,0,0,1,0,0,6,0,0,46,0
16,0.939,0,1,0,4,0,0,7,5,1,106,0
2,0.91,0,0,0,0,3,1,1,0,0,29,0
12,0.884,0,1,0,5,1,14,0,1,3,35,0
26,0.836,0,0,0,0,0,0,1,2,2,17,0
1,0.624,1,0,0,0,0,20,3,0,1,15,1
2,0.91,0,0,0,0,0,6,4,0,4,27,0
1,0.624,0,0,0,0,0,9,3,0,1,76,1
1,0.624,1,0,0,0,3,16,1,0,1,25,1
16,0.939,3,0,0,0,3,0,7,0,1,24,0
13,0.55,2,1,1,0,0,14,0,1,2,63,1
13,0.55,0,0,0,0,0,1,0,1,0,78,1
14,0.698,0,0,0,4,0,7,0,1,0,74,0
0,0.92,2,0,0,0,0,9,1,4,0,48,0
2,0.91,0,0,0,4,0,0,0,1,1,166,0
28,0.6659999999999999,2,1,0,4,0,1,6,5,0,18,0
0,0.92,0,0,2,0,0,2,5,0,0,66,0
3,0.926,1,0,0,1,0,15,2,0,1,42,0
3,0.926,0,0,0,2,1,10,2,0,1,6,0
25,0.743,0,0,0,0,0,4,2,0,4,166,0
23,0.767,0,0,1,0,0,0,0,1,4,38,0
4,0.92,0,0,0,0,0,18,3,0,0,10,0
24,0.762,1,0,0,1,0,3,2,1,5,66,0
0,0.92,1,0,0,1,0,11,3,0,2,16,0
39,0.903,0,1,1,2,1,5,0,2,0,28,0
5,0.897,0,0,0,1,0,19,7,0,4,88,1
0,0.92,0,0,0,0,0,0,0,1,2,144,1
44,0.7759999999999999,1,0,1,1,0,9,1,0,2,24,0
5,0.897,1,0,0,0,0,15,0,1,6,152,0
2,0.91,0,0,0,1,0,12,2,0,4,60,0
11,0.887,0,0,0,0,4,5,4,0,0,218,0
15,0.913,0,0,0,1,0,8,2,0,0,17,0
9,0.924,0,0,0,1,0,0,3,0,4,242,0
63,0.84,0,0,0,0,0,9,6,0,0,9,0
8,0.804,2,0,0,1,0,8,4,1,0,210,0
76,0.769,0,0,0,1,6,8,0,1,0,50,0
4,0.92,0,0,1,0,0,4,0,1,0,32,1
3,0.926,0,0,0,4,0,0,3,0,4,25,1
53,0.7659999999999999,0,0,1,0,0,2,1,0,2,92,1
3,0.926,0,1,1,2,1,1,0,1,2,111,0
4,0.92,0,1,0,1,0,7,2,3,0,87,1
18,0.802,0,0,0,1,0,0,7,0,2,158,0
4,0.92,0,0,0,0,0,16,2,0,5,18,1
5,0.897,0,0,0,1,0,20,8,0,1,41,0
2,0.91,0,0,0,3,1,0,0,1,0,102,1
2,0.91,1,0,1,0,0,13,5,0,3,42,0
1,0.624,0,1,0,0,0,19,2,0,0,17,1
1,0.624,0,1,1,2,1,4,0,1,3,21,0
1,0.624,2,0,1,0,0,5,4,0,0,4,1
1,0.624,0,0,0,0,0,7,1,0,0,330,0
13,0.55,1,0,2,1,0,9,0,1,0,150,1
1,0.624,0,0,1,4,0,2,4,5,2,17,0
19,0.893,0,0,0,1,0,9,3,0,3,17,0
3,0.926,0,0,0,3,1,0,0,0,4,4,0
4,0.92,1,0,0,1,0,0,8,0,0,22,0
3,0.926,0,1,1,1,3,9,3,3,4,134,0
14,0.698,2,1,1,0,0,5,0,0,3,42,0
12,0.884,1,0,0,1,0,1,6,2,0,31,0
5,0.897,0,0,0,3,1,6,2,0,1,39,1
1,0.624,0,1,0,1,0,7,7,3,4,33,1
9,0.924,0,0,0,4,0,8,2,0,0,11,1
5,0.897,0,0,0,1,0,4,2,3,2,34,1
50,0.727,1,0,0,0,0,9,0,1,5,168,1
0,0.92,0,0,0,0,0,1,3,0,2,94,1
5,0.897,1,0,0,1,0,0,3,0,0,58,0
0,0.92,1,0,1,2,1,4,0,1,2,8,1
20,0.878,0,1,0,3,1,5,0,1,3,53,0
11,0.887,0,0,2,0,0,10,0,1,0,164,0
3,0.926,0,1,1,2,1,4,0,1,0,264,0
0,0.92,0,1,0,0,0,5,7,0,0,61,0
0,0.92,0,1,0,0,0,5,2,0,2,106,0
37,0.8270000000000001,0,0,0,1,0,0,4,0,1,78,0
68,0.763,0,1,2,0,0,5,0,1,2,25,0
1,0.624,0,0,0,0,0,1,1,2,3,111,0
12,0.884,0,1,2,1,0,1,0,1,0,23,1
1,0.624,1,0,0,0,0,4,8,0,2,81,1
1,0.624,1,0,0,1,0,16,7,0,5,110,1
14,0.698,0,0,0,0,0,0,2,0,1,51,0
44,0.7759999999999999,2,0,0,0,0,1,1,0,0,118,0
38,0.895,0,0,0,2,1,0,0,1,1,22,0
2,0.91,0,0,0,0,0,2,2,0,0,135,0
0,0.92,0,1,1,2,1,11,4,3,0,44,0
71,0.698,0,0,0,0,0,21,0,1,3,41,1
0,0.92,0,0,0,0,0,0,0,1,5,94,1
32,0.866,0,0,1,0,0,6,0,1,2,94,0
16,0.939,3,1,1,0,6,5,1,0,0,45,0
1,0.624,1,0,0,0,0,4,2,2,2,36,0
1,0.624,0,0,0,0,3,3,0,1,0,13,1
1,0.624,0,0,0,0,0,1,6,6,0,88,1
5,0.897,0,1,1,1,0,1,0,1,4,288,1
3,0.926,0,0,0,1,0,12,1,0,4,28,0
12,0.884,0,0,0,0,6,12,5,0,0,96,0
8,0.804,0,0,0,1,0,1,2,0,0,48,0
2,0.91,0,0,0,0,0,0,3,0,1,130,0
2,0.91,0,0,0,0,0,15,0,1,0,140,0
42,0.738,0,0,1,0,0,16,5,0,0,41,0
0,0.92,2,1,0,1,0,7,1,0,4,56,0
12,0.884,0,0,0,0,0,6,0,1,2,45,1
3,0.926,0,0,0,0,0,8,1,0,2,77,0
2,0.91,0,0,0,2,1,15,0,1,0,282,0
8,0.804,2,1,0,0,0,20,2,0,1,72,0
20,0.878,0,0,1,0,4,7,0,1,2,99,1
2,0.91,0,0,0,1,0,9,1,0,1,100,0
23,0.767,1,0,0,0,0,2,2,3,3,42,0
71,0.698,1,0,2,0,0,2,0,1,0,105,1
1,0.624,0,1,1,1,0,9,0,1,1,20,1
0,0.92,0,0,0,2,1,19,3,0,5,14,0
1,0.624,1,1,0,0,0,7,0,1,0,34,1
0,0.92,1,0,0,0,2,18,4,2,0,51,0
1,0.624,1,0,0,1,0,2,6,0,0,32,1
0,0.92,0,0,0,0,0,6,8,0,4,86,0
1,0.624,0,0,0,1,0,2,4,1,0,41,1
11,0.887,0,0,0,1,4,0,0,1,1,54,0
0,0.92,0,1,1,0,0,6,0,1,3,44,1
0,0.92,0,0,0,1,0,1,8,0,2,3,0
52,0.698,0,0,2,1,0,6,0,1,5,56,1
0,0.92,2,0,0,0,2,0,1,0,4,41,0
1,0.624,1,0,1,0,0,22,8,0,0,242,0
0,0.92,0,0,0,0,0,1,1,2,0,50,0
36,0.527,1,0,0,2,1,2,2,0,2,38,0
32,0.866,3,0,0,0,0,10,2,0,0,24,0
3,0.926,0,1,0,4,0,0,3,0,0,18,0
0,0.92,0,1,1,0,0,5,4,3,0,336,0
1,0.624,0,0,0,1,0,1,2,0,0,14,0
0,0.92,2,0,0,4,0,0,3,3,4,31,0
5,0.897,1,1,1,2,1,2,0,1,2,14,0
1,0.624,1,0,1,1,0,10,3,1,2,96,1
3,0.926,0,0,0,1,0,6,2,0,0,43,0
34,0.915,0,1,0,0,0,0,4,0,2,19,0
0,0.92,0,0,0,0,0,0,5,0,0,74,0
27,0.682,0,1,0,0,0,13,0,1,3,284,1
0,0.92,0,1,0,0,6,6,0,1,4,24,1
3,0.926,1,1,1,2,1,13,1,0,0,17,0
33,0.6890000000000001,1,1,1,2,1,2,0,0,3,121,1
0,0.92,0,0,1,0,0,0,0,1,0,147,0
2,0.91,0,1,0,0,0,0,0,1,5,52,0
0,0.92,1,0,0,0,0,10,0,0,0,69,0
3,0.926,0,0,3,1,0,19,3,0,0,294,0
3,0.926,3,0,0,2,1,15,0,1,2,28,0
0,0.92,0,0,0,0,0,7,2,3,1,2,0
65,0.698,2,0,0,0,3,6,0,1,3,17,1
2,0.91,0,0,0,1,0,7,1,2,0,21,0
0,0.92,0,1,1,0,0,2,0,1,0,222,0
1,0.624,1,1,1,2,1,5,0,1,3,32,0
0,0.92,1,0,0,0,0,18,1,0,2,89,0
3,0.926,0,0,0,1,0,10,0,5,0,77,0
4,0.92,1,0,0,0,0,8,1,0,0,55,0
0,0.92,0,0,2,0,0,18,1,0,4,26,0
0,0.92,0,0,2,1,0,10,5,0,0,57,0
0,0.92,0,0,0,2,1,0,0,1,2,35,0
0,0.92,0,1,1,1,0,2,1,0,0,7,1
3,0.926,1,1,0,2,1,1,0,1,3,48,0
4,0.92,0,0,0,0,0,16,1,0,1,192,0
31,0.579,0,1,2,0,0,5,2,0,0,16,1
0,0.92,0,0,0,0,0,15,4,0,5,7,0
1,0.624,1,1,1,2,1,13,0,0,3,73,0
35,0.843,0,0,0,1,0,20,3,0,4,7,0
6,0.855,0,0,0,0,0,11,4,0,2,84,1
16,0.939,0,1,1,0,0,8,0,1,2,39,0
3,0.926,1,0,0,2,1,12,6,0,0,78,0
31,0.579,0,0,0,0,0,11,1,0,1,107,1
7,0.939,0,1,2,0,0,3,7,0,3,40,0
1,0.624,0,1,2,0,6,8,0,1,3,34,0
4,0.92,0,0,0,1,0,8,3,0,4,90,0
16,0.939,0,1,0,0,0,3,0,1,2,109,0
0,0.92,1,0,0,1,0,0,2,3,0,160,0
6,0.855,0,0,0,1,0,12,1,3,2,102,0
94,0.898,0,0,0,1,0,0,4,0,0,31,0
0,0.92,0,0,0,0,5,7,0,1,2,8,0
3,0.926,0,0,0,1,0,0,8,0,0,116,1
3,0.926,0,0,1,0,0,6,0,1,2,21,1
3,0.926,0,0,2,0,0,0,2,0,0,26,0
5,0.897,0,1,2,0,0,3,0,1,0,23,0
29,0.89,0,0,0,0,0,8,0,1,0,17,0
0,0.92,0,1,1,0,0,9,0,1,0,100,1
33,0.6890000000000001,1,1,1,2,1,3,0,1,6,26,1
1,0.624,0,0,0,1,0,21,3,0,1,54,1
34,0.915,0,0,0,0,2,3,1,0,2,68,0
21,0.923,0,0,0,0,5,2,4,0,4,45,0
4,0.92,0,0,0,1,0,0,2,0,5,102,0
1,0.624,0,1,0,2,1,3,0,1,3,9,0
1,0.624,1,0,0,0,0,3,1,0,2,25,0
0,0.92,0,0,0,0,0,0,3,0,1,156,0
1,0.624,0,0,0,0,0,2,7,0,0,48,1
55,0.848,0,0,0,0,0,6,1,0,3,86,0
3,0.926,1,1,0,4,0,12,6,0,1,52,1
2,0.91,2,0,0,0,0,4,1,0,1,12,1
3,0.926,0,1,3,2,1,8,0,0,3,46,0
2,0.91,2,0,0,1,0,1,0,1,2,86,0
5,0.897,0,0,0,1,0,4,3,0,0,10,0
2,0.91,1,1,0,0,0,3,2,0,5,20,0
5,0.897,0,0,0,4,0,20,4,0,0,256,0
3,0.926,0,1,0,2,1,3,4,0,0,85,0
0,0.92,0,0,0,0,0,0,0,1,2,46,1
57,0.698,0,0,0,0,0,3,0,1,0,47,1
4,0.92,0,1,0,0,2,7,3,0,0,57,0
10,0.754,0,0,0,2,1,10,0,1,0,152,1
1,0.624,0,1,1,0,0,14,0,1,6,4,1
9,0.924,0,0,0,0,0,16,3,0,4,22,0
44,0.7759999999999999,0,0,0,0,0,1,6,0,0,4,0
33,0.6890000000000001,0,0,0,0,0,17,2,2,0,70,0
13,0.55,0,0,0,0,0,1,4,0,0,87,1
0,0.92,0,0,0,1,0,0,1,2,0,18,0
16,0.939,0,0,0,1,0,0,3,0,0,42,0
1,0.624,1,0,0,0,0,3,2,0,0,77,1
6,0.855,0,0,0,1,0,0,3,0,1,42,0
7,0.939,1,0,1,2,1,5,6,0,0,30,0
5,0.897,0,0,0,1,0,4,0,0,0,35,0
0,0.92,0,0,0,0,5,15,1,0,5,8,0
0,0.92,0,0,0,1,0,0,6,2,0,81,0
108,0.518,1,1,1,4,3,0,3,0,1,56,0
2,0.91,0,0,0,2,1,4,0,1,0,36,0
0,0.92,0,0,0,0,3,0,7,0,1,61,0
1,0.624,1,1,0,0,0,1,1,0,1,43,1
19,0.893,0,0,0,1,0,7,5,0,1,222,0
29,0.89,1,0,0,2,1,12,1,0,0,24,0
47,0.555,2,0,2,1,0,0,3,5,5,135,1
1,0.624,1,0,0,0,0,8,7,0,1,43,0
48,0.698,0,0,0,5,1,2,0,1,0,13,0
2,0.91,0,0,0,0,0,0,2,0,0,52,1
18,0.802,0,0,0,0,0,17,0,1,3,84,0
65,0.698,0,1,1,2,1,5,0,1,3,13,0
3,0.926,0,0,0,1,0,12,3,0,2,80,0
29,0.89,1,0,0,0,2,0,6,4,1,57,0
6,0.855,0,1,0,0,3,1,0,1,3,36,0
1,0.624,1,0,0,0,0,1,2,0,2,86,0
38,0.895,0,0,0,4,0,20,3,0,2,6,1
19,0.893,1,0,0,1,0,10,1,2,0,45,0
0,0.92,0,0,0,4,0,0,0,1,0,72,0
14,0.698,0,0,0,0,0,8,4,0,0,11,0
5,0.897,0,0,0,0,0,6,0,1,3,2,0
0,0.92,0,0,0,0,6,0,2,3,0,61,0
21,0.923,0,0,0,0,0,19,0,1,1,30,1
0,0.92,0,0,0,0,2,0,0,1,5,22,1
0,0.92,1,0,0,0,0,16,3,0,5,23,0
1,0.624,3,1,1,0,0,3,0,1,3,64,0
56,0.691,1,0,0,0,0,14,0,1,0,52,1
6,0.855,3,1,0,1,2,2,3,0,4,13,0
6,0.855,0,0,1,1,0,12,4,0,1,30,0
16,0.939,1,1,2,0,0,3,8,0,2,72,0
1,0.624,0,0,0,0,0,10,0,1,2,55,1
48,0.698,0,0,0,1,0,0,4,0,1,9,0
4,0.92,2,0,2,0,0,12,5,0,1,39,0
15,0.913,0,0,0,0,0,16,1,0,5,15,0
4,0.92,0,0,0,0,0,2,6,2,0,100,0
4,0.92,0,1,2,0,0,8,0,1,2,55,1
4,0.92,2,0,0,0,0,6,0,1,2,14,0
0,0.92,0,0,0,1,2,1,3,0,4,168,1
0,0.92,2,1,1,0,0,1,0,1,0,119,0
0,0.92,3,0,0,0,0,15,2,0,3,142,0
5,0.897,1,1,0,4,0,16,0,1,2,53,0
6,0.855,0,0,2,0,4,5,8,0,2,42,0
3,0.926,0,0,1,0,0,15,3,0,0,32,1
0,0.92,0,0,0,2,1,0,0,1,1,102,0
4,0.92,0,0,0,0,0,8,0,1,3,32,1
9,0.924,0,1,1,0,0,2,1,0,0,28,0
0,0.92,0,0,0,1,0,0,3,0,1,107,0
9,0.924,0,0,0,1,0,0,5,0,0,11,0
0,0.92,1,1,1,0,0,1,0,1,3,47,0
1,0.624,0,0,0,1,0,3,6,0,3,25,1
3,0.926,0,0,0,1,0,9,4,0,0,130,0
1,0.624,1,0,0,0,0,2,5,0,2,149,1
1,0.624,0,0,0,1,0,2,1,0,3,54,1
0,0.92,0,0,0,0,0,0,1,0,1,50,1
66,0.647,1,0,0,1,0,8,1,0,0,130,0
5,0.897,0,0,0,4,0,0,0,1,1,52,0
0,0.92,0,1,1,0,0,8,0,1,1,46,0
0,0.92,0,0,0,1,0,0,7,0,0,44,0
99,0.701,2,0,0,0,0,0,0,0,0,18,0
0,0.92,1,1,0,3,1,1,0,1,3,12,0
15,0.913,0,0,0,2,1,0,0,1,1,76,0
0,0.92,3,1,2,0,0,10,0,0,3,118,0
4,0.92,0,1,0,0,0,3,0,1,0,97,1
1,0.624,0,1,0,1,0,17,3,0,0,52,1
18,0.802,0,0,0,0,0,8,1,0,3,108,0
3,0.926,0,0,0,1,0,16,1,0,4,34,0
9,0.924,0,0,0,1,4,13,2,0,0,144,1
13,0.55,0,1,0,0,6,14,0,1,4,158,0
6,0.855,0,0,2,2,1,8,2,0,0,50,1
3,0.926,0,0,0,1,0,0,5,0,2,182,0
1,0.624,0,0,0,0,0,6,5,0,0,38,1
2,0.91,1,0,0,1,2,2,4,0,4,72,1
0,0.92,0,0,0,0,0,0,2,0,1,28,0
1,0.624,1,0,0,0,0,15,0,1,1,161,0
0,0.92,1,0,0,1,0,7,3,0,0,56,0
26,0.836,0,1,1,0,0,3,0,1,0,12,1
33,0.6890000000000001,0,1,0,0,0,2,2,3,0,16,0
0,0.92,0,1,0,0,0,10,2,0,1,8,0
10,0.754,0,0,0,0,0,4,4,0,0,7,0
0,0.92,0,1,0,5,1,1,0,1,3,35,0
27,0.682,0,1,3,2,1,14,0,1,3,62,0
2,0.91,0,0,0,0,0,8,4,0,1,97,0
3,0.926,0,0,0,1,0,7,1,0,0,9,0
0,0.92,0,0,0,0,4,0,8,0,5,42,0
43,0.5579999999999999,1,1,0,0,0,13,0,1,0,234,0
1,0.624,0,0,0,0,0,2,0,1,0,76,0
2,0.91,1,0,0,0,0,0,0,1,0,57,0
2,0.91,0,1,0,0,2,0,6,0,1,34,0
0,0.92,0,0,0,0,2,7,2,0,1,10,0
16,0.939,0,0,0,0,0,8,5,0,1,11,0
1,0.624,1,0,0,0,0,12,7,0,0,224,0
1,0.624,0,1,0,0,0,3,0,1,3,108,0
9,0.924,1,1,1,0,0,5,0,6,3,100,0
42,0.738,1,0,1,3,1,1,0,1,5,78,0
66,0.647,0,0,0,2,1,1,0,1,2,38,0
0,0.92,1,0,0,1,0,0,2,0,1,326,0
74,0.698,3,0,0,0,0,2,1,0,5,50,0
113,0.698,1,1,1,0,0,5,0,1,3,112,1
0,0.92,0,0,0,0,0,9,0,1,4,89,1
10,0.754,0,1,2,0,0,6,0,3,0,9,1
31,0.579,2,0,2,0,0,1,2,0,0,20,0
1,0.624,0,1,1,0,0,3,0,1,3,22,1
2,0.91,0,0,0,0,4,7,0,1,3,60,0
12,0.884,0,0,0,0,0,0,3,0,0,167,0
3,0.926,1,0,0,0,0,15,1,0,1,40,0
11,0.887,0,0,0,0,0,0,2,0,2,139,0
39,0.903,0,1,1,2,1,5,6,0,0,10,0
0,0.92,0,0,0,0,0,15,2,2,0,226,0
4,0.92,0,1,0,5,1,13,0,1,3,22,0
0,0.92,0,0,0,0,0,4,3,0,2,13,0
4,0.92,0,0,0,0,0,0,8,0,1,73,0
22,0.8959999999999999,0,1,0,3,1,16,0,1,0,165,1
10,0.754,0,0,0,0,5,0,0,1,0,240,0
3,0.926,1,0,1,4,0,5,3,0,3,47,0
17,0.899,0,0,0,2,1,12,6,4,4,194,0
28,0.6659999999999999,0,0,0,0,0,8,4,2,0,78,0
0,0.92,0,0,1,0,0,6,4,0,1,50,0
75,0.698,0,0,2,0,0,11,0,1,3,152,1
3,0.926,1,1,0,2,1,3,1,0,0,56,0
36,0.527,0,0,0,0,0,8,6,0,2,145,0
23,0.767,2,1,0,1,0,3,0,1,0,26,0
11,0.887,0,1,1,2,1,2,0,1,3,23,0
8,0.804,1,0,1,1,0,7,4,0,0,43,0
7,0.939,1,0,0,0,0,18,2,0,2,17,0
2,0.91,0,1,3,0,5,0,0,1,1,22,1
41,0.794,0,0,1,0,0,3,0,1,2,27,1
0,0.92,0,0,0,0,0,0,0,1,1,7,1
2,0.91,0,0,0,0,0,17,4,0,1,70,0
15,0.913,0,0,0,0,0,0,6,2,0,21,0
35,0.843,0,0,0,1,0,10,1,0,1,38,0
12,0.884,1,0,1,5,1,2,1,4,0,46,0
32,0.866,0,1,1,0,0,5,0,1,0,42,0
4,0.92,0,0,0,0,0,16,4,0,0,152,0
0,0.92,0,0,0,0,0,4,4,0,1,112,0
4,0.92,0,0,0,0,0,0,1,0,1,38,0
7,0.939,1,0,0,2,1,7,3,0,2,33,0
0,0.92,0,0,0,0,0,5,1,0,0,24,0
7,0.939,0,0,0,2,1,0,3,0,1,116,0
24,0.762,0,1,3,0,0,2,0,1,0,44,1
5,0.897,0,0,0,1,0,6,0,1,3,27,1
2,0.91,0,1,0,2,1,5,0,1,3,141,0
1,0.624,1,0,0,0,0,3,7,0,0,36,1
13,0.55,0,0,0,0,0,1,2,0,0,228,1
3,0.926,0,1,1,0,0,4,0,0,3,16,0
29,0.89,0,0,0,2,1,8,2,0,0,69,0
3,0.926,0,0,1,0,0,19,4,2,0,12,1
1,0.624,0,0,0,0,0,16,3,0,0,10,1
40,0.949,0,0,0,0,0,18,0,1,0,18,0
0,0.92,0,1,1,0,0,2,3,1,0,96,0
2,0.91,1,0,0,0,0,6,5,5,0,21,0
0,0.92,2,0,0,0,2,14,0,1,0,42,1
0,0.92,0,0,0,0,0,9,3,0,2,44,0
1,0.624,1,0,0,0,0,2,2,5,0,258,0
2,0.91,0,0,0,0,4,2,1,0,0,59,0
28,0.6659999999999999,1,1,0,0,0,3,0,1,5,44,0
0,0.92,3,0,1,0,0,9,0,0,0,143,0
16,0.939,0,0,0,1,0,16,3,3,1,83,0
0,0.92,0,0,0,2,1,10,1,0,0,23,0
61,0.579,0,0,0,0,0,7,6,4,3,24,1
22,0.8959999999999999,0,1,1,0,0,4,0,1,3,92,1
0,0.92,0,0,0,0,0,8,1,0,0,53,0
1,0.624,0,1,1,1,0,1,1,0,4,6,0
1,0.624,0,0,1,0,0,8,3,0,1,91,1
4,0.92,0,1,1,2,1,5,1,1,3,25,1
0,0.92,0,0,0,0,2,1,3,0,0,72,0
3,0.926,0,1,1,0,0,1,4,4,0,21,0
43,0.5579999999999999,0,1,0,0,0,9,0,1,3,47,1
52,0.698,1,1,1,0,0,6,0,1,2,54,1
1,0.624,0,1,0,2,1,6,0,1,3,136,1
0,0.92,0,0,1,0,0,11,0,1,0,55,0
1,0.624,0,0,0,0,0,4,1,2,0,17,1
2,0.91,0,0,0,0,0,18,1,0,2,92,0
4,0.92,1,0,0,0,0,6,5,3,0,158,0
11,0.887,0,0,0,0,0,0,0,1,4,42,1
55,0.848,1,0,0,0,0,8,0,1,0,51,0
9,0.924,0,0,0,0,1,4,1,0,0,12,0
0,0.92,0,0,0,1,0,0,3,0,4,10,0
0,0.92,1,0,0,1,0,18,3,0,1,158,0
6,0.855,0,0,2,2,1,7,0,1,0,16,0
53,0.7659999999999999,2,1,1,0,3,3,0,1,0,42,1
0,0.92,0,0,0,0,0,0,3,0,4,88,0
10,0.754,1,1,0,2,1,4,0,1,0,148,1
2,0.91,0,0,0,0,0,4,6,0,4,35,0
59,0.74,0,0,0,0,6,0,5,6,1,47,0
1,0.624,1,0,0,1,0,13,8,0,0,26,1
3,0.926,0,0,0,1,0,1,2,0,0,9,0
10,0.754,0,0,0,0,0,17,0,1,0,128,1
48,0.698,0,0,0,0,0,17,0,1,2,25,0
0,0.92,0,0,0,0,0,0,2,0,1,24,0
3,0.926,0,0,0,0,4,0,2,0,2,48,0
1,0.624,1,0,0,1,0,19,3,3,0,124,1
1,0.624,1,0,1,0,0,2,1,0,4,111,1
22,0.8959999999999999,0,0,0,0,0,2,3,0,3,15,0
0,0.92,0,0,0,0,0,12,3,0,0,153,0
1,0.624,0,0,0,0,0,4,1,1,0,101,0
1,0.624,1,0,1,3,1,3,0,4,1,132,1
3,0.926,1,0,2,0,0,8,6,2,0,67,0
5,0.897,1,0,2,1,0,9,6,0,2,34,0
1,0.624,1,1,1,1,0,2,0,1,3,53,1
3,0.926,0,1,0,2,1,2,0,0,3,104,0
66,0.647,0,0,0,1,0,11,3,0,1,110,0
0,0.92,0,0,0,0,0,0,2,0,1,222,0
0,0.92,0,0,0,0,0,21,7,2,0,66,0
2,0.91,0,0,2,0,0,0,2,0,1,9,1
21,0.923,1,0,0,0,0,9,1,0,3,326,0
2,0.91,0,0,0,0,0,8,1,0,2,62,0
1,0.624,1,0,1,1,0,4,2,1,3,114,1
0,0.92,0,0,0,0,0,20,1,0,0,39,0
89,0.493,0,0,0,2,1,2,0,1,0,105,1
0,0.92,0,1,0,0,0,0,3,0,4,102,0
5,0.897,1,0,1,0,0,22,4,5,6,26,1
0,0.92,2,0,0,0,0,9,7,2,0,134,0
0,0.92,0,0,0,0,0,6,5,0,5,25,0
3,0.926,1,1,1,1,0,14,1,0,0,23,0
0,0.92,0,0,0,0,0,5,7,0,0,72,0
0,0.92,0,1,0,0,0,1,0,1,3,6,1
22,0.8959999999999999,0,0,0,1,0,15,1,5,2,34,0
54,0.8270000000000001,0,0,0,1,0,17,5,0,3,15,0
2,0.91,0,0,0,0,0,17,4,0,0,53,0
5,0.897,0,0,0,0,0,20,1,0,2,82,0
7,0.939,0,1,0,3,1,1,0,1,3,58,0
91,0.563,1,1,1,2,1,5,0,1,3,21,1
28,0.6659999999999999,0,0,0,0,0,21,1,0,1,107,0
0,0.92,0,0,0,0,0,15,3,0,0,17,0
4,0.92,0,0,0,0,0,0,2,0,1,34,0
1,0.624,1,0,2,0,0,6,3,0,4,34,1
15,0.913,0,0,0,1,0,0,0,1,2,38,0
0,0.92,0,1,0,1,0,0,0,1,1,69,1
0,0.92,0,1,0,0,0,5,7,3,0,7,1
0,0.92,0,0,0,0,4,0,0,1,0,77,1
4,0.92,2,0,0,1,0,11,3,0,2,24,0
1,0.624,0,0,0,0,0,16,1,0,0,98,1
0,0.92,0,0,0,0,0,8,7,2,0,64,0
0,0.92,0,0,0,0,0,0,5,0,2,29,0
2,0.91,0,1,1,0,0,1,8,0,0,77,0
2,0.91,0,0,2,0,0,0,1,0,5,14,0
0,0.92,1,0,0,0,0,17,1,3,5,66,0
8,0.804,0,0,0,1,0,2,3,0,0,11,0
1,0.624,0,1,1,1,0,13,7,0,0,218,0
57,0.698,0,1,1,0,0,5,0,1,2,106,0
5,0.897,0,0,0,1,0,4,5,0,2,65,0
1,0.624,0,0,0,1,0,1,1,0,2,162,0
41,0.794,0,0,0,3,1,4,1,1,0,20,0
0,0.92,0,1,1,1,0,17,5,3,2,62,0
0,0.92,1,0,0,0,0,7,0,1,2,4,0
3,0.926,0,0,2,1,0,17,3,0,2,42,0
50,0.727,1,0,2,0,0,4,4,0,0,43,0
0,0.92,0,0,0,0,3,1,3,0,0,28,0
4,0.92,0,0,1,0,0,2,5,0,0,6,0
1,0.624,0,0,0,1,0,3,2,0,0,11,0
27,0.682,0,0,0,0,0,9,0,1,2,28,1
1,0.624,2,0,3,0,0,3,2,0,0,52,0
0,0.92,0,0,0,1,0,0,3,5,1,110,0
3,0.926,1,0,1,3,1,22,2,1,0,35,0
14,0.698,0,0,1,0,0,7,0,1,1,206,0
16,0.939,0,0,0,2,1,4,6,4,3,31,0
12,0.884,0,0,0,0,0,0,1,0,2,86,0
7,0.939,0,0,1,2,1,4,1,0,0,28,0
66,0.647,0,0,2,1,0,11,4,1,3,24,0
117,0.698,2,1,1,1,0,2,0,1,0,72,0
2,0.91,0,0,0,1,4,0,3,0,1,79,0
8,0.804,1,1,0,1,4,1,0,1,2,157,1
11,0.887,0,0,0,2,1,3,1,0,0,26,0
71,0.698,0,0,0,0,0,0,3,0,1,81,0
69,0.847,0,1,1,2,1,8,0,1,0,60,0
64,0.479,1,1,1,0,3,3,0,1,5,11,1
1,0.624,2,0,1,1,0,14,6,0,0,29,1
87,0.7759999999999999,0,0,0,0,0,15,7,0,2,103,0
7,0.939,0,1,0,5,1,3,0,1,3,23,0
7,0.939,1,0,0,0,0,6,4,0,0,170,0
0,0.92,1,1,1,0,0,1,0,1,0,42,1
2,0.91,0,0,0,0,0,11,4,0,1,46,0
1,0.624,1,1,1,1,0,10,5,3,5,174,0
0,0.92,2,0,2,0,0,7,1,0,2,80,0
0,0.92,0,0,1,0,0,15,4,0,0,46,1
27,0.682,0,0,0,0,0,12,0,1,4,51,0
0,0.92,2,1,1,0,0,3,0,1,3,109,1
6,0.855,0,0,0,2,1,15,0,1,0,28,0
1,0.624,0,0,0,1,0,3,1,4,0,144,1
57,0.698,0,0,0,0,0,7,0,1,0,14,1
0,0.92,0,1,0,0,0,11,0,0,1,62,0
2,0.91,0,0,0,0,0,12,6,0,4,108,0
5,0.897,0,0,0,1,0,8,6,4,0,12,0
13,0.55,2,1,1,0,0,2,0,1,3,25,0
6,0.855,0,1,2,2,1,2,1,0,2,96,0
0,0.92,0,1,0,0,4,6,2,2,0,39,0
0,0.92,0,0,2,0,0,12,3,0,1,43,0
0,0.92,0,1,0,0,0,16,0,1,1,30,1
17,0.899,0,0,0,0,0,0,1,2,0,27,0
14,0.698,0,0,0,0,0,1,7,0,0,31,0
23,0.767,1,0,1,0,0,3,1,3,6,55,0
2,0.91,0,0,0,0,0,1,6,0,0,29,0
4,0.92,0,1,0,2,1,3,0,1,3,34,0
0,0.92,0,0,0,0,0,0,3,0,1,81,0
5,0.897,0,0,0,1,0,2,1,1,0,112,0
5,0.897,0,0,0,0,0,6,4,2,0,15,0
1,0.624,0,0,0,0,0,4,6,0,2,32,1
15,0.913,1,1,0,2,1,5,2,0,3,58,0
5,0.897,1,1,2,1,0,4,1,2,0,66,0
1,0.624,1,1,1,0,0,13,0,1,3,176,1
6,0.855,0,0,1,0,0,15,4,1,0,54,0
2,0.91,0,1,0,2,1,6,0,0,3,104,0
2,0.91,0,0,0,0,0,0,0,1,0,46,0
0,0.92,2,1,0,0,2,2,0,0,2,166,0
9,0.924,0,0,0,0,0,11,6,2,5,40,0
1,0.624,0,0,1,0,0,5,4,0,0,17,0
4,0.92,0,1,0,0,0,0,0,1,0,26,1
66,0.647,0,1,1,1,0,2,0,1,0,36,0
46,0.698,3,1,3,0,0,5,0,1,3,143,1
1,0.624,0,0,0,0,0,4,4,1,2,23,0
9,0.924,0,1,0,5,1,3,0,1,3,314,0
0,0.92,0,0,0,0,0,12,2,0,0,29,0
0,0.92,0,0,0,1,0,6,3,3,0,56,1
31,0.579,1,0,0,0,0,6,4,0,5,26,1
18,0.802,0,0,0,0,2,7,6,0,1,14,0
1,0.624,0,1,1,0,0,3,0,1,3,31,1
0,0.92,0,1,1,0,0,4,0,1,0,114,1
3,0.926,0,0,0,0,2,15,7,1,5,7,0
5,0.897,0,0,0,1,0,0,1,0,1,90,0
71,0.698,0,0,2,0,0,2,0,1,0,28,1
4,0.92,0,0,0,0,0,0,2,2,2,67,0
36,0.527,0,1,2,0,4,2,0,1,0,35,0
32,0.866,0,0,2,1,0,11,5,0,0,214,0
1,0.624,1,1,1,0,0,14,3,0,0,166,0
2,0.91,0,0,0,0,0,4,1,3,2,55,0
15,0.913,1,1,0,5,1,13,0,1,3,160,0
0,0.92,0,0,0,0,2,18,1,2,2,8,0
25,0.743,0,0,0,0,0,1,0,1,0,158,0
2,0.91,0,0,0,0,0,13,1,0,0,84,0
0,0.92,1,0,0,0,0,9,4,2,4,77,0
46,0.698,3,1,1,0,0,5,1,0,0,31,0
7,0.939,0,0,1,4,0,0,0,1,1,50,0
2,0.91,0,0,0,1,0,12,4,2,2,77,0
1,0.624,0,0,0,0,0,11,3,0,3,85,1
1,0.624,0,0,0,0,0,17,2,2,0,54,0
0,0.92,2,0,0,0,0,1,1,2,0,31,0
24,0.762,0,1,2,0,4,14,2,0,0,74,1
0,0.92,0,0,0,0,0,18,1,2,0,81,1
5,0.897,1,0,0,1,0,9,8,5,0,102,0
3,0.926,0,0,0,1,0,0,2,0,0,24,0
11,0.887,1,1,2,0,0,1,6,0,5,20,0
10,0.754,0,0,0,0,0,0,0,1,2,33,0
1,0.624,0,0,0,0,0,11,0,1,0,106,0
0,0.92,0,0,2,0,0,4,3,0,0,32,0
0,0.92,0,0,0,0,0,8,2,0,0,16,0
1,0.624,0,0,0,0,0,5,5,0,0,135,0
0,0.92,0,0,0,0,0,19,7,0,2,212,0
0,0.92,1,0,2,0,0,4,0,1,3,58,1
3,0.926,0,1,1,1,0,2,4,3,4,40,1
0,0.92,0,0,0,0,0,10,3,0,1,37,0
0,0.92,0,0,0,0,2,0,3,0,1,86,0
11,0.887,0,0,0,5,1,2,4,0,0,14,0
1,0.624,1,0,0,1,0,1,5,0,0,110,0
5,0.897,0,0,3,0,0,4,2,5,0,334,0
18,0.802,0,0,0,0,0,11,5,0,2,70,0
41,0.794,0,0,0,0,0,1,4,1,5,6,0
3,0.926,1,1,0,4,0,0,3,0,1,18,1
4,0.92,0,0,1,0,0,1,0,1,0,96,1
2,0.91,1,0,0,1,0,0,1,0,5,138,0
73,0.764,1,0,1,0,0,4,4,4,0,7,0
45,0.925,2,0,0,1,0,19,3,0,3,24,0
37,0.8270000000000001,0,0,0,1,0,10,5,1,0,83,0
0,0.92,0,0,0,0,0,1,5,0,1,52,0
0,0.92,0,0,0,0,0,17,5,0,0,91,0
23,0.767,0,0,0,0,0,6,4,2,0,91,0
2,0.91,0,0,0,0,0,0,5,0,0,56,0
4,0.92,2,0,0,0,0,19,8,0,1,37,0
1,0.624,1,1,0,0,0,5,1,0,0,39,0
3,0.926,0,0,0,0,0,0,6,0,1,64,0
1,0.624,1,0,3,0,0,4,5,0,0,66,0
1,0.624,0,0,0,0,0,8,1,2,2,118,0
47,0.555,0,0,0,0,0,2,4,2,0,134,1
20,0.878,0,0,0,0,0,9,2,0,2,90,0
0,0.92,0,0,0,0,2,1,2,0,2,11,1
85,0.7390000000000001,0,0,0,0,0,9,4,0,0,119,0
42,0.738,0,1,1,1,3,2,0,0,3,68,1
26,0.836,0,1,0,5,1,13,0,1,3,17,0
56,0.691,0,0,1,0,0,4,0,1,0,60,1
12,0.884,0,0,0,1,0,3,1,2,2,44,0
2,0.91,1,0,0,0,0,1,8,0,0,94,0
8,0.804,0,0,0,4,0,0,2,3,1,28,1
1,0.624,0,1,0,1,0,15,7,0,0,105,0
1,0.624,0,0,0,0,0,3,3,0,0,44,1
62,0.7959999999999999,2,0,0,0,0,0,3,0,2,79,0
5,0.897,0,0,0,1,0,11,2,2,0,48,0
13,0.55,0,0,2,2,1,2,0,1,0,32,1
3,0.926,0,0,0,1,0,6,6,4,0,4,0
5,0.897,0,0,0,0,0,4,3,0,2,70,0
26,0.836,0,1,0,5,1,13,0,1,3,34,0
59,0.74,0,1,1,0,0,5,0,1,3,141,1
12,0.884,0,0,0,1,0,19,4,0,2,167,0
8,0.804,0,0,0,4,0,19,7,0,2,72,0
0,0.92,1,0,0,0,0,10,3,0,1,150,0
4,0.92,1,1,0,2,1,3,0,1,3,4,0
11,0.887,1,1,1,2,1,2,0,0,3,76,0
5,0.897,0,0,0,1,0,1,2,0,2,9,0
5,0.897,1,1,1,1,0,1,6,0,0,148,0
0,0.92,0,0,0,3,1,7,2,1,0,10,0
0,0.92,0,0,1,0,0,11,0,1,0,92,1
23,0.767,1,0,1,1,0,9,4,0,0,7,0
30,0.925,1,1,0,1,2,13,7,1,3,13,0
14,0.698,1,1,0,0,0,2,0,1,3,23,1
14,0.698,0,0,0,1,0,7,2,0,1,40,0
0,0.92,0,0,2,0,0,1,5,0,5,105,0
9,0.924,0,1,1,1,0,8,2,3,0,45,1
57,0.698,1,0,3,3,1,0,0,1,1,33,0
17,0.899,0,0,0,0,0,0,2,2,0,28,0
2,0.91,0,0,0,0,0,0,0,1,2,79,0
5,0.897,0,0,0,1,0,12,4,0,0,15,0
65,0.698,1,0,1,1,0,11,0,1,2,13,1
4,0.92,1,1,2,0,0,1,0,1,3,78,1
87,0.7759999999999999,0,0,0,0,0,19,5,0,1,81,0
3,0.926,1,0,0,2,1,4,5,0,2,14,0
3,0.926,0,0,0,1,0,8,5,0,0,15,0
68,0.763,0,0,1,2,1,1,0,1,3,206,0
17,0.899,1,0,1,3,1,3,6,3,0,8,0
1,0.624,2,0,0,1,0,22,8,0,6,216,0
22,0.8959999999999999,1,0,0,0,0,17,2,0,1,12,0
41,0.794,0,0,0,0,0,11,3,0,2,17,0
4,0.92,0,0,0,0,0,18,2,0,0,6,0
29,0.89,2,0,0,0,0,15,4,0,0,22,0
3,0.926,0,1,0,3,1,0,0,1,3,94,0
10,0.754,0,1,2,2,1,2,0,1,2,66,0
56,0.691,0,0,1,0,0,3,6,0,0,26,0
0,0.92,1,0,0,0,3,8,1,0,4,4,0
3,0.926,1,0,2,0,0,10,4,0,1,73,0
3,0.926,0,1,3,2,1,8,1,0,3,46,0
1,0.624,1,1,1,2,1,5,0,1,3,42,0
26,0.836,0,0,0,1,0,0,2,0,0,5,0
1,0.624,0,1,1,2,1,1,0,0,3,53,0
35,0.843,0,0,2,0,0,0,6,0,0,8,0
32,0.866,0,1,1,0,0,9,0,1,3,111,0
24,0.762,0,0,1,0,0,2,8,0,0,62,0
29,0.89,0,0,2,2,1,10,5,0,1,15,0
0,0.92,0,0,0,0,0,3,5,0,5,26,0
0,0.92,3,0,0,1,0,6,0,1,4,35,0
0,0.92,0,1,1,0,0,13,0,1,0,50,1
31,0.579,0,0,0,1,0,6,1,0,0,30,1
38,0.895,1,1,0,1,0,12,1,0,1,74,0
16,0.939,1,0,1,1,0,0,2,2,1,76,0
43,0.5579999999999999,0,0,1,0,0,13,4,0,0,64,1
17,0.899,1,0,0,1,0,0,1,4,2,120,0
41,0.794,1,0,0,1,4,20,0,1,0,50,0
0,0.92,0,0,0,0,0,0,0,1,1,25,0
15,0.913,0,1,1,2,1,5,7,3,2,26,1
0,0.92,0,0,0,0,0,4,5,0,0,106,0
4,0.92,0,0,0,0,0,7,2,6,1,10,0
26,0.836,0,0,0,0,0,15,7,0,1,26,0
13,0.55,1,1,1,0,0,2,0,1,3,153,1
29,0.89,0,0,0,0,0,10,5,0,1,16,0
1,0.624,0,1,1,2,1,3,0,1,3,12,0
2,0.91,0,0,0,0,0,0,0,1,5,24,0
0,0.92,1,1,0,5,1,5,0,1,3,18,0
28,0.6659999999999999,0,0,0,0,0,8,2,5,0,1,0
1,0.624,0,1,1,0,0,5,0,1,3,146,0
0,0.92,1,0,2,0,0,19,5,0,0,68,0
2,0.91,0,1,0,0,0,14,1,0,0,12,0
0,0.92,1,1,1,0,0,14,7,0,1,54,1
0,0.92,0,0,2,0,0,6,0,3,2,310,0
11,0.887,2,1,1,2,1,13,0,1,0,31,0
29,0.89,0,0,1,0,0,5,1,0,0,86,0
2,0.91,0,0,0,0,6,15,2,0,5,53,0
106,0.73,0,0,2,0,0,1,6,0,0,16,0
1,0.624,1,0,1,0,0,2,1,4,0,244,1
2,0.91,1,1,0,1,4,5,0,1,2,312,0
0,0.92,0,0,0,0,0,4,2,0,2,83,0
5,0.897,1,0,0,1,0,1,3,0,4,102,0
0,0.92,1,0,0,1,0,17,0,1,1,38,1
8,0.804,0,0,0,0,0,9,0,1,0,34,0
61,0.579,1,0,0,0,0,1,4,0,0,37,0
34,0.915,0,0,0,0,0,4,1,2,0,12,0
8,0.804,1,0,0,1,0,12,2,0,0,78,0
48,0.698,0,1,1,0,0,3,0,1,3,11,0
18,0.802,0,0,1,0,0,9,8,0,2,314,0
0,0.92,0,1,0,4,0,0,0,1,1,210,0
18,0.802,0,0,0,0,0,17,8,0,5,42,0
4,0.92,0,1,2,0,3,4,3,3,5,55,0
90,0.698,1,1,1,2,1,13,0,1,0,67,0
0,0.92,0,0,2,0,0,5,3,0,0,55,0
16,0.939,0,0,0,4,0,11,6,0,0,133,0
22,0.8959999999999999,0,0,0,0,0,20,0,1,2,322,0
0,0.92,2,0,0,0,4,2,1,0,0,12,0
29,0.89,1,0,0,0,0,2,5,0,2,51,0
0,0.92,0,0,0,0,0,1,2,0,0,140,0
9,0.924,1,1,1,0,0,2,0,1,6,43,1
0,0.92,0,0,0,1,0,0,0,3,1,26,0
25,0.743,0,0,0,1,0,0,1,0,1,83,0
0,0.92,0,0,0,0,5,7,7,0,1,9,0
15,0.913,2,0,0,1,0,17,1,0,2,72,1
5,0.897,0,0,0,1,0,1,1,0,0,19,0
3,0.926,0,0,0,1,0,0,3,0,0,32,0
1,0.624,0,0,0,0,0,3,2,0,0,53,1
17,0.899,0,0,0,0,4,7,4,2,0,45,0
14,0.698,0,0,0,0,0,7,0,1,1,43,1
18,0.802,2,1,2,0,0,3,1,0,0,144,1
4,0.92,0,1,1,0,0,4,0,1,0,9,1
24,0.762,0,0,0,0,0,4,4,4,0,23,0
1,0.624,0,0,0,0,0,7,1,2,0,316,1
14,0.698,0,1,1,0,0,14,0,1,3,82,1
4,0.92,1,0,0,0,3,0,1,0,2,46,0
8,0.804,0,0,0,1,0,0,2,0,0,18,0
0,0.92,0,0,0,0,0,20,2,0,0,48,0
3,0.926,0,1,1,2,1,17,0,1,3,57,0
2,0.91,0,0,0,1,0,12,1,0,0,56,0
1,0.624,0,1,1,2,1,13,0,1,3,202,0
49,0.789,0,0,0,0,0,2,3,0,2,36,0
68,0.763,0,0,0,1,0,2,1,1,0,110,0
4,0.92,0,1,1,0,0,4,3,0,0,25,0
26,0.836,0,1,0,0,0,4,6,0,3,58,0
75,0.698,0,0,1,2,1,4,4,1,0,78,0
0,0.92,1,0,0,0,0,6,2,0,0,29,0
1,0.624,1,0,0,0,0,2,7,0,2,19,0
2,0.91,1,0,0,0,0,4,0,1,4,4,0
0,0.92,0,0,0,0,4,0,3,0,1,51,0
35,0.843,0,1,1,5,1,9,0,1,0,162,0
2,0.91,0,0,0,0,0,3,6,1,0,2,0
4,0.92,0,0,0,1,0,8,8,0,0,11,0
2,0.91,1,0,0,0,0,15,0,1,3,13,0
0,0.92,0,0,0,0,0,0,1,0,0,130,0
26,0.836,1,1,1,0,0,3,0,1,3,48,0
5,0.897,1,1,0,4,0,0,3,5,1,11,0
1,0.624,0,0,0,0,0,3,1,0,0,122,0
8,0.804,1,1,2,0,0,13,0,1,0,198,0
11,0.887,1,0,0,2,1,0,1,0,3,19,0
6,0.855,0,1,1,2,1,14,2,0,0,12,1
5,0.897,0,0,0,1,0,15,0,1,4,76,0
36,0.527,1,0,0,0,3,17,0,1,0,146,1
69,0.847,0,0,0,0,0,3,1,0,2,76,0
22,0.8959999999999999,0,0,0,0,0,11,1,0,1,282,0
37,0.8270000000000001,0,1,0,0,0,1,2,1,1,57,0
2,0.91,0,1,1,2,1,2,0,1,0,14,0
0,0.92,2,0,0,1,2,3,0,1,0,2,0
0,0.92,0,0,0,0,0,17,3,0,2,42,0
4,0.92,0,0,2,0,0,1,5,3,2,40,0
2,0.91,0,0,0,1,0,11,3,0,2,78,0
0,0.92,2,0,0,1,0,1,1,3,5,107,0
1,0.624,0,0,0,0,0,5,3,0,0,58,1
1,0.624,1,1,1,2,1,5,0,1,3,15,1
5,0.897,0,0,1,0,2,5,0,1,3,40,0
12,0.884,0,0,0,1,0,10,2,0,3,12,0
10,0.754,0,0,0,0,0,0,0,1,0,72,0
2,0.91,0,0,0,1,0,7,3,0,0,18,0
0,0.92,0,1,0,1,0,0,6,0,4,80,0
11,0.887,0,0,0,0,0,11,0,1,0,107,1
0,0.92,0,0,0,0,0,12,3,0,1,290,0
3,0.926,0,1,1,0,0,10,0,1,3,8,0
2,0.91,0,0,0,0,4,0,3,0,1,57,0
9,0.924,0,0,0,0,0,8,3,3,2,45,0
17,0.899,1,0,0,0,0,1,3,1,0,84,0
0,0.92,0,0,0,0,0,8,4,2,2,105,0
0,0.92,0,0,1,0,0,8,5,0,0,102,0
60,0.83,0,0,0,0,2,15,0,1,0,28,0
23,0.767,0,0,2,0,0,11,2,0,5,36,1
1,0.624,0,0,1,0,0,4,6,4,3,98,0
7,0.939,0,0,0,4,0,0,4,0,1,122,0
13,0.55,0,0,0,0,0,4,7,6,0,90,0
2,0.91,0,0,0,0,0,0,0,1,1,146,1
5,0.897,0,0,0,0,0,1,1,1,0,9,0
1,0.624,1,0,0,1,0,11,5,0,2,158,0
1,0.624,0,1,0,0,0,1,2,0,0,160,0
7,0.939,0,0,0,0,0,0,0,1,5,4,0
6,0.855,0,1,0,0,6,11,6,0,2,6,0
16,0.939,0,1,0,4,0,0,2,3,1,46,0
45,0.925,2,0,0,0,0,8,6,0,0,90,0
91,0.563,3,0,1,0,5,14,5,1,3,4,0
0,0.92,0,0,0,5,1,7,6,0,0,14,0
31,0.579,1,0,0,0,2,4,6,6,2,85,1
3,0.926,0,1,1,2,1,14,0,1,3,38,0
1,0.624,1,1,0,0,0,1,3,0,2,36,0
0,0.92,0,0,0,0,0,7,2,0,0,4,0
1,0.624,0,1,1,2,1,1,0,1,2,64,0
76,0.769,1,0,0,0,2,9,1,0,0,56,0
3,0.926,1,0,1,0,0,3,0,1,0,54,0
0,0.92,1,1,0,3,1,5,0,1,3,42,0
0,0.92,0,0,0,0,0,11,4,4,0,15,0
0,0.92,0,1,0,0,6,13,0,0,3,15,1
29,0.89,1,0,0,1,0,12,0,1,0,111,0
16,0.939,0,1,1,1,0,7,1,3,2,61,0
21,0.923,0,0,0,0,0,12,0,1,0,40,0
3,0.926,0,0,0,1,0,11,4,4,0,40,0
0,0.92,2,1,0,0,0,14,0,1,3,22,1
11,0.887,0,0,0,1,0,4,6,0,0,44,0
8,0.804,0,0,0,1,0,9,0,1,0,111,1
2,0.91,0,1,1,2,1,5,0,1,3,16,0
0,0.92,0,0,0,1,0,20,3,0,0,45,0
1,0.624,0,1,1,0,0,14,2,0,0,22,0
11,0.887,1,1,0,2,1,2,0,1,0,72,1
2,0.91,0,1,2,2,1,4,0,0,0,250,0
49,0.789,1,1,0,2,1,14,0,0,3,15,0
11,0.887,0,0,0,0,0,10,6,0,0,11,0
0,0.92,0,1,2,3,1,8,0,1,2,77,1
2,0.91,0,0,0,0,0,1,4,0,0,172,0
0,0.92,0,0,0,0,0,7,1,0,0,32,0
1,0.624,0,0,0,0,0,8,5,0,0,38,1
0,0.92,0,0,0,0,0,0,6,0,0,105,0
14,0.698,0,1,1,0,0,1,0,1,3,14,0
10,0.754,0,1,1,2,1,3,0,1,3,65,0
3,0.926,1,0,0,1,0,10,4,0,3,294,0
23,0.767,0,0,0,2,1,7,6,4,0,98,0
11,0.887,0,1,2,0,0,9,0,1,3,21,1
0,0.92,0,0,0,0,0,0,0,0,0,60,0
3,0.926,0,1,1,0,0,3,1,0,0,59,0
0,0.92,0,0,0,0,0,0,5,0,1,192,0
18,0.802,0,0,0,0,0,19,7,0,1,163,0
14,0.698,0,1,0,0,0,4,2,0,1,8,0
3,0.926,0,0,0,0,0,16,5,0,4,42,0
1,0.624,0,0,0,0,0,9,2,0,2,47,1
0,0.92,0,0,0,0,0,4,2,0,0,30,1
26,0.836,0,0,0,1,0,4,3,0,0,28,0
0,0.92,0,0,0,0,0,16,8,3,5,32,0
5,0.897,0,0,0,1,0,11,3,0,1,100,0
7,0.939,0,0,0,0,0,0,1,0,4,320,0
47,0.555,0,0,0,0,0,2,0,1,3,86,0
0,0.92,1,0,0,0,0,21,2,0,1,150,0
4,0.92,1,1,1,0,0,3,0,1,0,14,0
0,0.92,3,0,0,0,0,0,0,1,1,20,1
1,0.624,1,0,0,0,0,18,2,2,0,72,0
3,0.926,0,1,1,2,1,17,0,1,3,32,0
81,0.4479999999999999,0,1,1,2,1,2,0,1,3,31,0
0,0.92,0,1,0,0,2,2,2,0,2,76,0
0,0.92,0,0,0,4,0,0,2,0,2,33,0
28,0.6659999999999999,1,0,0,0,0,11,1,0,2,84,1
0,0.92,0,1,0,0,0,18,7,0,5,12,1
2,0.91,0,0,0,0,0,7,7,0,0,28,0
1,0.624,1,1,1,0,0,14,0,1,3,80,0
0,0.92,2,1,0,1,0,16,3,0,0,50,0
9,0.924,1,0,0,1,3,14,2,3,0,40,0
35,0.843,0,1,1,0,0,3,5,0,3,20,0
2,0.91,0,1,1,0,0,2,0,1,3,21,1
5,0.897,0,1,2,1,0,3,1,3,5,156,0
0,0.92,2,0,0,0,0,4,1,4,2,310,0
9,0.924,0,1,1,0,0,2,0,1,0,50,1
0,0.92,0,0,0,0,3,21,0,1,4,44,1
2,0.91,0,0,0,0,0,4,2,0,0,78,0
38,0.895,0,0,2,0,0,19,6,4,4,6,0
1,0.624,0,1,1,0,0,5,6,0,0,46,1
1,0.624,1,0,3,0,0,3,1,1,0,118,1
0,0.92,0,0,0,0,4,10,6,4,0,61,0
2,0.91,0,0,0,1,0,0,5,3,0,96,0
2,0.91,0,0,0,0,0,10,4,2,0,17,0
0,0.92,0,0,0,1,0,17,2,1,1,39,0
4,0.92,0,0,0,1,0,9,5,3,5,57,0
0,0.92,0,0,0,0,6,11,2,0,5,114,0
5,0.897,0,0,0,0,0,7,1,3,2,202,0
18,0.802,0,0,1,2,1,2,5,0,0,27,0
50,0.727,1,0,0,0,0,21,0,1,1,37,0
4,0.92,2,1,1,2,1,8,0,1,0,105,1
1,0.624,0,0,0,1,0,7,2,0,4,40,1
28,0.6659999999999999,2,0,0,0,0,4,2,1,3,18,0
18,0.802,1,1,0,2,1,3,6,1,3,108,0
0,0.92,0,0,0,0,5,8,2,0,2,75,0
13,0.55,0,1,0,2,1,6,0,1,3,86,1
26,0.836,0,0,0,0,0,8,3,0,0,17,0
15,0.913,0,0,0,0,0,0,2,0,1,72,0
9,0.924,0,0,0,0,6,6,4,5,1,23,0
11,0.887,0,0,0,1,0,0,0,1,1,63,0
13,0.55,1,0,0,1,0,12,1,0,1,168,0
5,0.897,1,0,0,1,0,7,4,0,2,23,0
0,0.92,0,0,0,0,0,1,2,5,0,85,0
3,0.926,1,1,1,0,0,3,0,1,6,17,1
47,0.555,0,0,0,0,0,9,6,4,3,12,0
5,0.897,1,0,1,0,0,4,6,4,2,12,0
21,0.923,0,0,0,4,0,8,4,0,0,12,0
4,0.92,2,0,0,0,0,3,0,1,5,33,0
2,0.91,0,0,0,0,0,13,1,0,3,58,0
4,0.92,0,0,0,0,0,19,2,5,0,50,0
11,0.887,0,0,0,1,0,5,6,0,3,102,0
1,0.624,0,1,1,3,1,5,0,1,0,304,0
1,0.624,3,1,0,0,0,2,0,1,3,190,1
13,0.55,0,0,0,0,0,3,4,4,0,82,1
2,0.91,0,0,0,1,0,0,2,0,5,226,0
2,0.91,0,0,0,0,0,0,0,1,0,91,0
3,0.926,1,1,1,2,1,8,0,1,3,63,0
3,0.926,0,1,1,2,1,1,0,1,0,56,0
27,0.682,0,1,1,0,0,4,0,1,3,151,1
3,0.926,0,0,0,1,0,11,5,0,0,12,0
7,0.939,0,1,0,5,1,5,0,1,3,204,0
3,0.926,0,0,0,0,0,0,2,0,1,72,0
25,0.743,0,0,0,1,0,16,0,1,5,26,0
10,0.754,1,0,0,0,0,0,7,0,4,47,1
2,0.91,0,0,0,0,6,3,1,0,2,19,0
2,0.91,0,0,0,0,0,6,3,0,5,51,1
6,0.855,0,1,1,0,0,3,5,0,0,51,0
0,0.92,2,0,0,0,0,5,4,0,3,168,0
0,0.92,0,0,0,0,0,21,3,0,3,107,0
0,0.92,2,0,0,0,0,0,2,0,1,224,0
1,0.624,0,1,1,0,0,11,0,1,0,87,1
16,0.939,0,0,0,0,0,3,2,1,2,64,1
15,0.913,0,0,0,1,0,9,2,1,2,111,0
13,0.55,0,0,0,1,0,12,2,5,0,166,1
1,0.624,0,0,0,0,0,6,4,0,5,17,1
14,0.698,0,1,1,0,0,6,0,1,0,6,1
5,0.897,0,0,0,1,0,6,3,0,4,42,0
0,0.92,1,0,0,0,0,4,3,0,0,78,1
3,0.926,0,1,2,0,0,4,0,1,3,50,0
85,0.7390000000000001,0,1,1,1,0,1,0,1,0,50,1
0,0.92,0,0,0,0,0,15,1,0,5,250,0
44,0.7759999999999999,1,1,0,3,1,5,0,1,3,47,0
43,0.5579999999999999,0,1,2,0,0,5,4,0,3,71,1
0,0.92,0,1,1,2,1,1,0,1,3,53,0
36,0.527,0,0,0,0,6,2,3,0,0,39,1
1,0.624,2,0,0,0,0,8,7,0,1,36,1
30,0.925,0,0,0,1,3,8,4,4,0,52,0
1,0.624,1,0,0,1,0,1,1,1,0,34,0
2,0.91,0,0,0,0,0,19,0,1,4,92,0
1,0.624,0,0,0,0,0,3,1,0,0,24,1
2,0.91,1,1,0,0,0,0,0,1,0,45,0
19,0.893,0,0,0,0,0,0,2,0,1,38,0
2,0.91,0,1,0,3,1,2,0,0,3,6,0
3,0.926,0,0,0,1,0,1,2,2,0,18,0
0,0.92,1,0,0,0,0,6,0,3,6,11,0
45,0.925,0,0,0,0,0,9,1,2,2,85,0
18,0.802,1,1,0,2,1,14,0,1,3,35,0
0,0.92,1,0,0,0,0,9,1,0,5,102,0
0,0.92,2,0,2,0,0,17,3,0,0,24,0
6,0.855,0,0,0,1,0,7,2,0,0,17,0
1,0.624,1,0,0,1,0,4,3,0,2,139,0
0,0.92,0,0,0,0,0,8,5,0,4,28,0
3,0.926,0,0,0,1,0,16,3,0,0,5,0
0,0.92,0,1,0,1,0,19,5,0,0,90,0
6,0.855,1,0,0,1,0,4,5,0,2,6,1
98,0.775,0,0,0,0,0,3,0,1,5,12,0
0,0.92,0,0,0,0,0,0,2,0,2,48,0
32,0.866,0,0,0,0,0,8,6,0,0,66,0
0,0.92,3,1,1,0,0,2,3,5,0,19,0
19,0.893,0,0,0,1,0,0,1,0,0,40,0
25,0.743,0,0,0,1,0,18,3,0,0,32,0
4,0.92,2,0,0,0,0,0,5,0,1,19,0
0,0.92,0,0,0,0,0,0,8,0,0,8,0
88,0.794,0,0,1,0,0,12,0,1,0,100,0
1,0.624,0,0,0,1,0,8,1,0,1,96,1
14,0.698,1,1,0,1,0,9,1,1,4,4,0
14,0.698,0,0,0,0,0,6,2,0,0,20,0
0,0.92,0,0,2,0,0,0,7,3,5,44,1
26,0.836,0,0,0,0,0,11,2,0,3,30,0
7,0.939,2,0,0,1,0,10,5,0,5,84,0
12,0.884,1,0,0,1,0,12,1,5,1,65,1
10,0.754,0,0,0,1,0,16,5,0,2,47,0
0,0.92,0,0,0,1,0,0,3,0,1,42,0
9,0.924,0,0,0,1,0,0,2,2,5,73,0
51,0.698,0,0,2,1,0,7,0,1,5,18,0
0,0.92,0,0,0,1,0,0,2,0,1,3,0
37,0.8270000000000001,0,0,0,0,1,0,4,0,5,16,0
20,0.878,0,0,0,0,0,6,3,0,0,68,0
4,0.92,0,0,0,0,0,7,2,0,4,117,0
9,0.924,0,1,1,3,1,3,0,1,1,264,0
1,0.624,1,1,1,1,0,8,2,0,3,5,1
14,0.698,0,0,1,1,0,16,2,0,0,33,0
0,0.92,1,1,2,0,0,5,2,0,0,202,0
5,0.897,0,1,0,1,0,15,3,0,1,156,0
0,0.92,1,0,0,0,0,4,3,0,4,17,0
4,0.92,0,0,0,0,0,0,3,0,3,15,0
20,0.878,0,0,0,1,0,10,0,1,0,322,0
26,0.836,0,0,0,1,0,8,6,0,2,14,0
1,0.624,0,0,1,1,0,3,4,0,3,18,1
27,0.682,0,0,0,0,0,1,2,0,0,63,0
13,0.55,0,0,1,1,2,2,0,1,4,56,1
0,0.92,1,1,0,0,0,2,0,1,2,92,1
1,0.624,0,0,1,1,0,9,3,0,4,122,0
2,0.91,0,0,0,0,0,1,3,0,0,44,0
2,0.91,1,0,0,1,0,12,5,1,6,47,0
29,0.89,0,0,0,2,1,15,6,0,1,48,0
0,0.92,2,0,0,1,2,0,5,5,4,15,0
0,0.92,0,0,0,0,0,0,0,1,2,59,1
8,0.804,0,0,0,1,0,7,1,0,5,127,0
41,0.794,0,0,0,1,0,19,1,0,0,79,0
40,0.949,0,0,0,0,0,2,1,2,4,42,0
7,0.939,0,0,0,2,1,3,6,1,0,50,0
0,0.92,2,0,0,4,0,17,8,0,0,11,0
30,0.925,0,0,0,0,0,4,4,0,0,105,0
2,0.91,0,0,0,0,0,0,8,0,1,51,0
8,0.804,0,0,0,1,0,17,1,2,0,330,0
1,0.624,1,1,1,2,1,14,0,1,3,214,1
0,0.92,1,1,2,0,0,5,1,0,2,40,0
10,0.754,1,0,0,5,1,3,0,1,3,109,0
1,0.624,0,0,0,0,0,2,2,5,0,26,0
4,0.92,0,0,0,0,0,0,0,1,1,94,0
1,0.624,0,1,1,0,0,2,0,1,0,6,1
19,0.893,0,1,1,0,0,1,0,1,0,23,0
1,0.624,0,0,0,0,0,11,3,0,1,28,0
14,0.698,0,0,0,1,0,0,0,1,0,124,1
0,0.92,0,1,0,5,1,5,0,0,3,31,0
1,0.624,0,1,1,0,0,2,0,0,3,28,0
0,0.92,0,0,0,0,0,2,2,0,0,86,0
13,0.55,0,0,0,0,0,11,1,0,0,40,1
18,0.802,0,1,1,0,2,8,0,1,2,108,0
0,0.92,0,1,1,0,0,5,0,1,0,19,1
2,0.91,1,0,0,1,0,0,6,0,1,32,0
0,0.92,0,0,0,0,0,10,3,0,2,102,0
0,0.92,0,0,0,1,0,17,2,0,4,2,0
8,0.804,2,0,0,0,0,1,1,0,3,62,0
22,0.8959999999999999,0,0,0,1,0,11,0,1,4,69,0
3,0.926,1,1,1,2,1,9,0,1,0,79,0
6,0.855,2,1,0,0,0,8,4,2,2,94,0
1,0.624,0,0,0,0,0,4,3,0,0,86,0
0,0.92,0,0,0,0,0,19,5,0,1,57,0
81,0.4479999999999999,0,1,0,0,0,1,3,0,2,36,0
12,0.884,1,0,2,0,0,10,2,0,1,64,0
67,0.722,1,1,0,2,1,3,4,0,0,18,0
9,0.924,0,1,1,2,1,2,0,1,2,53,0
0,0.92,2,0,0,0,0,7,1,4,0,72,0
5,0.897,1,1,2,0,0,1,0,1,6,9,1
6,0.855,0,0,0,1,0,16,5,0,1,50,0
0,0.92,0,0,0,0,0,3,1,2,0,52,0
17,0.899,0,0,1,2,1,3,3,0,2,29,0
3,0.926,0,0,1,2,1,8,1,0,0,7,0
3,0.926,1,0,0,0,0,0,6,0,1,22,0
1,0.624,0,0,0,0,0,9,8,0,3,174,0
11,0.887,1,0,0,2,1,4,1,0,0,30,0
1,0.624,0,0,1,0,0,6,7,0,0,80,1
31,0.579,0,0,0,0,0,15,1,0,1,168,1
43,0.5579999999999999,0,1,0,5,1,2,0,1,0,40,1
1,0.624,1,1,1,0,0,14,0,3,0,80,1
41,0.794,2,0,0,0,0,0,2,0,2,84,0
4,0.92,0,0,0,0,4,15,8,0,3,194,0
3,0.926,1,0,0,1,6,0,7,0,1,46,0
6,0.855,2,0,1,0,0,4,5,0,2,41,0
0,0.92,0,0,0,0,0,10,7,0,1,26,0
1,0.624,1,1,1,0,0,3,6,0,0,64,1
26,0.836,0,0,0,0,0,7,0,0,0,156,0
14,0.698,0,1,1,0,0,11,0,0,3,22,1
22,0.8959999999999999,0,0,0,1,0,0,1,0,1,9,0
0,0.92,0,0,0,1,3,0,3,0,0,22,0
34,0.915,1,0,0,0,0,0,4,0,1,58,0
0,0.92,0,0,0,1,0,0,5,5,1,101,0
1,0.624,1,1,1,2,1,13,0,1,6,45,0
54,0.8270000000000001,1,0,1,2,1,6,5,0,0,77,0
15,0.913,0,0,0,0,0,0,6,0,1,20,0
2,0.91,1,0,1,0,0,1,4,0,0,109,0
2,0.91,0,0,0,1,0,2,2,2,3,38,0
1,0.624,1,1,1,0,0,13,0,1,3,2,0
9,0.924,0,1,3,3,1,14,0,1,3,21,0
1,0.624,1,0,0,1,0,1,1,0,2,31,0
34,0.915,0,0,0,0,0,0,2,0,1,36,0
3,0.926,0,0,0,1,0,16,7,1,0,83,0
21,0.923,0,0,0,0,0,10,2,0,1,7,0
31,0.579,0,0,2,0,0,4,2,2,0,17,1
0,0.92,0,0,0,0,0,8,2,0,0,9,0
3,0.926,0,1,0,2,1,2,0,1,3,28,0
14,0.698,0,0,0,1,0,12,6,0,1,26,0
0,0.92,0,1,0,0,0,6,0,1,1,109,1
2,0.91,0,0,0,0,0,10,1,0,2,102,0
48,0.698,1,0,0,1,0,5,5,0,0,10,0
3,0.926,0,1,2,2,1,4,1,0,2,108,0
2,0.91,0,1,0,0,2,5,0,1,2,266,0
69,0.847,1,1,1,0,0,4,1,1,0,122,0
19,0.893,0,1,1,2,1,5,2,0,0,30,0
8,0.804,1,0,0,1,0,15,2,0,4,161,0
0,0.92,0,0,0,0,0,9,3,6,2,258,0
0,0.92,0,0,0,1,2,0,3,0,1,80,0
0,0.92,0,0,1,0,0,2,6,0,2,166,0
1,0.624,0,1,1,0,0,3,0,0,3,254,1
36,0.527,0,0,0,0,0,1,4,0,2,66,1
9,0.924,0,0,0,0,0,4,1,1,0,166,0
1,0.624,0,1,1,0,0,20,0,1,3,72,1
14,0.698,1,1,0,0,0,8,0,1,4,31,0
0,0.92,0,1,0,1,0,19,6,4,2,24,0
27,0.682,0,0,3,0,0,6,1,0,0,39,0
26,0.836,0,0,1,2,1,1,3,0,0,58,0
0,0.92,0,0,0,0,0,21,8,0,0,50,1
1,0.624,0,0,0,0,0,5,3,0,0,29,1
15,0.913,2,0,0,0,0,0,2,1,0,9,0
36,0.527,2,0,0,2,1,6,4,4,0,13,0
0,0.92,2,0,0,0,0,0,5,0,0,44,0
2,0.91,0,0,0,0,0,0,7,2,2,20,1
3,0.926,0,1,0,0,0,0,1,0,1,5,0
33,0.6890000000000001,0,0,0,0,0,3,0,1,0,68,1
6,0.855,2,1,1,2,1,3,0,1,3,56,0
32,0.866,0,1,0,0,0,0,0,1,1,156,0
1,0.624,0,1,1,0,0,5,0,1,3,13,0
1,0.624,0,0,1,0,0,17,1,0,1,2,1
9,0.924,0,0,0,0,0,9,1,0,0,232,0
0,0.92,1,0,0,0,5,1,5,3,0,42,0
0,0.92,2,0,0,0,0,4,1,0,5,60,1
4,0.92,1,1,0,1,0,11,5,3,0,98,0
52,0.698,2,0,1,0,0,1,3,0,3,17,0
5,0.897,1,0,0,1,0,4,3,1,0,160,0
0,0.92,0,0,0,0,0,0,0,1,0,88,1
14,0.698,0,0,0,0,0,9,0,1,0,23,0
11,0.887,1,0,0,0,0,1,1,0,0,324,0
0,0.92,0,1,0,1,4,0,5,0,5,16,0
0,0.92,0,1,0,0,2,5,0,1,0,101,1
46,0.698,0,1,0,1,2,14,0,1,2,50,0
2,0.91,0,0,0,0,0,12,4,2,0,26,0
7,0.939,0,0,0,0,0,15,1,1,0,139,0
57,0.698,1,0,1,0,0,1,4,0,2,46,0
34,0.915,1,0,0,1,0,18,1,0,0,6,0
0,0.92,2,1,1,0,0,4,3,0,0,57,0
3,0.926,0,0,0,0,0,7,5,0,0,192,0
50,0.727,0,0,0,0,0,1,2,0,0,43,0
0,0.92,1,1,0,0,0,0,0,1,2,54,0
23,0.767,1,0,2,0,0,16,0,1,3,94,0
11,0.887,0,0,0,0,0,8,0,1,2,6,1
4,0.92,0,0,0,1,0,9,4,1,0,23,0
40,0.949,1,0,0,0,0,10,1,0,2,36,0
8,0.804,0,0,1,0,0,2,0,1,6,45,0
3,0.926,0,1,2,0,0,1,2,3,2,28,0
0,0.92,0,0,1,0,0,2,5,0,0,124,0
72,0.865,0,1,1,1,4,7,2,0,1,27,0
11,0.887,0,0,0,0,0,17,6,0,0,192,0
3,0.926,0,1,0,4,0,0,0,1,1,24,0
4,0.92,2,0,0,2,1,0,6,0,1,10,0
0,0.92,0,0,0,0,0,12,5,0,0,11,0
41,0.794,1,1,2,0,0,13,1,0,0,9,0
26,0.836,0,1,1,1,0,3,6,3,0,28,0
1,0.624,2,0,0,0,0,11,1,0,1,43,0
1,0.624,0,0,0,0,0,1,6,0,0,87,1
29,0.89,0,0,0,0,0,9,7,0,1,36,0
3,0.926,0,0,0,0,4,0,0,1,2,51,0
3,0.926,0,0,0,1,0,0,6,0,1,18,0
19,0.893,0,0,0,0,0,0,5,0,1,28,1
64,0.479,1,1,3,0,0,13,2,0,0,110,1
0,0.92,0,0,0,1,0,17,0,1,0,116,1
1,0.624,0,1,0,0,0,16,0,0,3,34,1
3,0.926,0,0,0,0,0,0,2,0,1,46,0
0,0.92,2,0,0,0,0,2,4,0,0,17,0
14,0.698,0,0,1,0,0,1,4,2,0,204,0
0,0.92,0,0,2,0,0,19,5,3,1,142,0
1,0.624,1,0,0,0,0,4,1,0,2,29,0
2,0.91,0,0,0,2,1,9,2,0,1,111,0
5,0.897,0,0,0,0,0,6,8,0,1,15,0
15,0.913,0,1,1,2,1,16,0,1,1,83,0
3,0.926,0,0,0,1,0,18,1,0,4,26,0
4,0.92,2,0,0,0,2,13,0,1,0,35,1
0,0.92,0,0,0,0,0,0,1,0,2,19,0
21,0.923,1,0,0,0,0,0,6,0,1,83,0
15,0.913,0,0,0,0,0,11,1,0,2,62,0
0,0.92,1,0,0,2,1,7,0,1,0,6,0
0,0.92,0,0,0,0,2,8,2,2,4,36,0
1,0.624,0,0,2,1,0,8,8,0,5,7,1
1,0.624,0,1,1,2,1,6,8,0,0,167,1
11,0.887,1,0,0,0,0,18,1,1,1,23,1
0,0.92,0,1,0,2,1,3,0,1,3,96,0
77,0.698,0,0,0,0,5,4,1,0,1,146,0
1,0.624,0,0,0,0,0,1,1,0,0,3,0
6,0.855,0,0,0,0,0,7,0,0,0,28,0
24,0.762,2,0,0,0,0,8,1,0,4,20,0
26,0.836,0,0,0,1,0,0,3,0,1,10,1
41,0.794,0,1,0,0,0,13,4,0,0,55,0
1,0.624,0,0,0,0,0,1,3,0,2,12,1
0,0.92,0,0,1,0,0,6,8,3,2,68,1
4,0.92,0,0,0,0,5,9,7,0,0,12,0
1,0.624,0,0,0,1,0,12,8,0,0,87,1
40,0.949,0,1,0,2,1,13,0,0,3,32,0
3,0.926,0,0,0,0,0,16,1,0,0,90,0
1,0.624,1,0,0,1,0,2,4,1,0,22,0
4,0.92,0,0,0,0,0,0,0,1,1,152,0
25,0.743,0,0,0,1,0,18,0,1,1,72,0
18,0.802,0,0,0,0,0,4,0,1,0,102,0
0,0.92,2,0,0,0,0,2,0,3,2,142,0
0,0.92,0,0,0,0,0,7,5,0,1,166,0
3,0.926,1,1,0,2,1,2,0,1,0,126,1
45,0.925,0,1,0,1,0,0,3,0,5,182,0
65,0.698,0,1,1,2,1,1,0,1,0,12,0
71,0.698,0,0,0,1,0,3,0,1,0,61,0
8,0.804,0,0,0,0,0,4,8,0,0,94,0
0,0.92,0,0,0,0,0,9,2,0,4,65,0
24,0.762,0,0,0,0,0,3,6,3,0,38,1
3,0.926,0,1,1,0,0,16,0,1,4,224,0
13,0.55,0,0,2,1,0,6,4,0,2,45,1
58,0.698,1,1,0,3,1,22,0,1,3,45,0
39,0.903,1,1,0,4,0,0,5,0,1,92,0
4,0.92,1,1,0,0,4,2,1,2,0,23,0
4,0.92,0,1,1,0,0,6,0,1,0,26,0
0,0.92,0,0,0,0,5,21,0,1,4,58,1
66,0.647,0,0,0,1,0,4,2,0,0,54,0
0,0.92,0,0,0,1,0,0,1,3,0,83,0
1,0.624,0,0,1,3,1,4,2,0,0,51,0
20,0.878,2,0,0,1,0,7,2,0,0,116,0
26,0.836,0,0,0,0,0,0,0,1,1,83,0
45,0.925,0,1,1,0,0,13,0,1,0,102,1
3,0.926,0,0,0,0,0,8,2,0,3,122,0
3,0.926,0,0,0,1,0,0,5,0,1,78,0
72,0.865,2,0,0,0,0,5,6,1,0,39,0
3,0.926,0,0,0,0,0,11,1,1,3,50,0
0,0.92,0,1,1,0,0,5,0,3,0,25,1
0,0.92,0,0,0,0,0,11,3,0,1,17,0
54,0.8270000000000001,2,0,0,1,0,7,1,0,4,26,0
53,0.7659999999999999,0,0,0,1,0,16,6,0,4,37,0
0,0.92,0,0,0,0,0,7,0,1,2,153,1
0,0.92,0,0,0,1,0,0,3,0,1,28,0
0,0.92,0,0,0,0,0,0,4,0,1,47,0
0,0.92,0,0,0,0,0,15,2,0,2,82,0
1,0.624,1,0,1,0,0,5,1,2,0,19,1
14,0.698,2,1,1,1,0,1,0,1,4,21,1
9,0.924,0,1,0,2,1,4,0,0,3,20,0
16,0.939,0,0,2,2,1,17,2,0,2,12,0
15,0.913,0,0,0,0,0,0,6,2,4,42,0
3,0.926,0,0,0,1,0,0,0,1,1,23,0
39,0.903,0,0,0,0,0,12,3,0,5,40,1
17,0.899,1,0,0,0,0,4,7,1,2,28,1
0,0.92,0,0,0,4,0,0,3,0,1,74,0
10,0.754,0,0,1,1,0,8,0,1,2,29,0
19,0.893,0,0,2,0,2,18,1,0,1,26,0
0,0.92,0,0,0,0,0,5,6,0,0,18,0
0,0.92,0,1,1,2,1,1,0,1,0,108,0
2,0.91,0,0,0,0,0,0,2,0,0,116,0
3,0.926,1,1,0,2,1,8,1,0,0,37,0
0,0.92,1,0,0,0,0,1,2,0,2,17,0
0,0.92,0,0,0,0,0,0,1,2,4,61,0
3,0.926,0,1,0,1,0,0,1,3,1,15,0
0,0.92,0,0,0,1,2,9,2,2,5,50,0
4,0.92,0,0,0,0,0,0,2,0,5,154,0
0,0.92,1,0,0,0,0,0,0,1,1,76,1
33,0.6890000000000001,0,1,1,0,1,5,0,1,0,60,0
1,0.624,1,0,0,0,0,7,8,0,0,67,1
14,0.698,1,0,0,0,0,11,4,0,0,39,0
3,0.926,0,0,0,1,0,0,4,0,3,55,0
2,0.91,1,0,0,0,0,7,4,0,4,12,0
17,0.899,0,1,1,2,1,14,0,1,3,37,0
38,0.895,0,0,0,2,1,10,4,0,1,46,0
3,0.926,0,0,0,0,0,1,7,0,4,15,0
0,0.92,0,0,0,0,0,10,5,0,2,23,0
0,0.92,0,1,1,1,0,18,0,1,0,32,1
11,0.887,0,1,1,0,3,12,0,1,3,35,0
9,0.924,0,1,0,5,1,1,0,1,3,4,0
2,0.91,0,0,0,0,0,0,6,0,5,83,0
5,0.897,0,1,2,0,0,2,5,1,0,37,0
0,0.92,0,0,2,0,0,5,4,0,0,332,0
0,0.92,0,0,1,0,2,2,0,1,5,32,1
68,0.763,1,0,0,1,0,9,6,0,0,56,0
9,0.924,0,0,0,0,0,2,5,1,0,12,0
2,0.91,0,0,0,1,3,9,3,0,5,17,0
45,0.925,1,0,0,0,0,7,2,2,4,21,0
0,0.92,1,0,0,1,0,0,0,1,1,20,0
3,0.926,0,0,1,1,0,10,7,0,1,78,0
21,0.923,0,1,0,1,2,13,0,1,6,74,1
1,0.624,0,0,0,0,0,3,2,0,0,76,0
0,0.92,0,0,1,0,0,16,3,0,2,11,0
49,0.789,2,1,1,0,0,3,0,1,0,75,1
1,0.624,0,0,1,0,0,3,0,1,0,3,1
4,0.92,2,0,0,0,0,2,0,1,0,11,0
5,0.897,0,0,0,0,0,3,0,1,1,22,0
1,0.624,0,0,1,0,0,22,2,0,0,52,0
101,0.68,0,0,0,0,0,6,0,1,0,64,1
1,0.624,0,0,1,0,0,7,8,0,0,286,1
4,0.92,1,1,0,2,1,13,0,1,6,78,0
0,0.92,2,1,0,0,2,0,1,0,1,4,0
35,0.843,0,0,0,1,0,17,6,0,3,60,0
0,0.92,0,0,0,0,0,10,7,2,2,64,0
0,0.92,1,0,0,4,0,0,3,0,4,94,0
16,0.939,1,1,0,2,1,3,0,1,3,48,0
0,0.92,2,0,0,1,3,16,4,0,0,28,0
3,0.926,0,1,1,0,4,6,6,0,2,85,0
70,0.74,0,0,0,0,0,11,7,0,2,232,0
4,0.92,0,0,0,0,0,9,0,1,4,28,0
1,0.624,1,1,1,0,0,2,4,0,0,156,1
8,0.804,0,1,1,2,1,11,0,1,3,64,1
36,0.527,1,0,1,0,0,3,0,1,0,96,1
0,0.92,0,0,0,1,0,0,0,1,2,97,1
101,0.68,0,1,0,0,0,7,8,0,2,32,0
2,0.91,0,0,0,0,0,0,0,1,0,74,0
4,0.92,0,0,0,0,0,16,0,1,0,113,0
3,0.926,1,0,0,0,0,20,1,0,5,22,0
19,0.893,0,0,2,0,6,8,4,0,2,38,0
3,0.926,0,0,0,0,0,0,2,0,0,164,0
75,0.698,0,0,0,0,0,0,1,3,2,73,0
45,0.925,0,0,0,0,0,7,6,0,2,65,0
7,0.939,1,0,0,0,2,1,1,0,0,13,0
3,0.926,1,0,0,0,0,1,4,4,0,105,0
21,0.923,0,0,1,2,1,8,0,1,0,56,0
26,0.836,0,0,1,1,0,6,0,1,0,45,0
14,0.698,2,1,1,0,0,5,0,1,3,18,1
0,0.92,0,0,0,1,0,15,7,2,0,67,0
8,0.804,2,1,0,0,2,13,0,1,0,190,0
12,0.884,0,0,0,0,0,21,0,1,1,4,0
3,0.926,0,0,0,1,0,18,1,0,1,89,0
8,0.804,1,1,3,1,0,4,4,0,0,17,0
4,0.92,0,0,0,0,0,4,0,1,1,76,1
4,0.92,0,0,0,1,0,12,2,0,0,172,0
0,0.92,0,0,0,0,0,1,3,0,0,16,0
1,0.624,1,1,3,3,1,1,0,1,3,45,1
48,0.698,0,0,0,1,0,11,3,0,0,83,0
17,0.899,0,0,2,0,0,10,7,3,1,27,0
1,0.624,0,0,0,1,0,2,4,0,2,30,1
0,0.92,0,1,1,0,2,5,0,1,0,49,1
0,0.92,0,0,0,0,3,0,5,0,1,24,0
68,0.763,1,0,3,1,0,19,0,1,3,28,0
1,0.624,0,1,1,0,0,2,0,0,3,22,1
24,0.762,0,0,0,0,0,8,0,1,1,70,0
0,0.92,2,0,0,1,2,0,0,1,0,8,1
1,0.624,0,1,0,1,3,22,3,1,3,204,1
26,0.836,0,1,0,0,0,17,0,1,3,17,0
0,0.92,3,0,0,0,0,6,2,0,2,22,0
48,0.698,0,1,1,2,1,6,0,1,3,28,0
12,0.884,0,0,0,1,0,10,1,2,0,11,0
4,0.92,2,0,0,0,6,2,6,0,0,34,0
33,0.6890000000000001,0,0,0,3,1,18,0,1,3,182,0
1,0.624,1,0,0,0,0,12,2,0,1,45,1
26,0.836,0,1,1,0,0,4,0,1,0,32,1
1,0.624,0,0,0,0,0,7,3,0,1,6,1
21,0.923,0,1,0,1,0,3,5,3,0,46,1
0,0.92,0,0,0,0,0,0,2,0,0,44,0
9,0.924,1,0,1,2,1,1,6,4,0,62,0
9,0.924,0,0,0,0,0,0,1,0,1,15,0
0,0.92,0,1,0,0,0,11,2,0,1,126,0
2,0.91,1,0,0,0,5,0,1,0,4,54,0
0,0.92,1,0,0,0,0,10,1,2,4,101,0
31,0.579,1,1,1,0,0,3,6,0,0,24,1
0,0.92,0,1,0,1,0,13,0,1,3,19,0
0,0.92,0,0,0,1,0,18,6,4,0,53,0
29,0.89,1,0,0,0,0,7,2,0,1,254,0
4,0.92,0,0,0,0,0,7,3,1,0,56,0
24,0.762,0,0,0,0,0,4,2,2,0,100,0
3,0.926,1,1,1,1,0,9,5,3,1,19,0
13,0.55,0,1,0,0,0,1,0,1,3,37,1
0,0.92,1,1,0,0,0,0,2,0,0,12,0
24,0.762,0,0,0,1,0,9,5,3,0,45,0
0,0.92,0,1,0,0,6,0,0,1,1,48,0
1,0.624,0,0,0,0,0,7,3,0,2,13,0
2,0.91,0,0,0,0,0,6,1,0,0,316,0
0,0.92,0,0,0,0,0,6,6,4,0,324,0
1,0.624,0,0,0,0,0,6,3,0,4,92,1
28,0.6659999999999999,1,1,0,0,0,20,0,1,1,18,1
0,0.92,0,0,0,0,3,4,0,1,2,18,0
22,0.8959999999999999,0,0,0,0,0,17,2,0,4,7,0
8,0.804,0,1,0,0,0,0,0,1,0,89,1
0,0.92,1,1,3,0,0,4,0,1,6,5,0
17,0.899,0,0,0,0,2,0,2,2,1,32,0
2,0.91,0,0,0,0,0,8,7,0,0,3,0
0,0.92,0,1,0,2,1,14,0,1,3,105,0
29,0.89,0,0,0,1,0,18,1,2,2,112,0
0,0.92,0,0,0,0,0,11,2,0,0,50,0
0,0.92,1,0,0,0,0,8,5,0,1,99,0
0,0.92,0,0,3,0,0,0,5,3,5,9,0
5,0.897,1,0,0,1,0,0,2,0,0,278,0
4,0.92,0,0,0,0,0,11,1,0,0,100,0
5,0.897,2,1,0,4,0,8,1,3,4,222,0
13,0.55,1,1,0,2,1,14,0,1,3,29,1
1,0.624,0,0,0,0,0,6,0,0,0,69,1
0,0.92,0,1,2,2,1,14,3,0,0,56,0
12,0.884,2,0,0,1,0,3,0,1,2,322,1
53,0.7659999999999999,1,0,2,2,1,2,0,1,2,7,1
1,0.624,0,0,0,0,0,7,1,0,1,38,0
6,0.855,2,1,0,1,0,17,5,0,1,51,0
29,0.89,0,0,0,1,0,0,2,3,1,42,0
0,0.92,0,1,0,3,1,1,0,1,3,67,0
0,0.92,0,1,1,1,0,12,0,1,3,40,1
5,0.897,2,1,1,1,2,1,0,3,2,94,0
3,0.926,0,1,0,0,0,0,7,0,1,63,0
6,0.855,2,0,2,0,0,7,3,0,0,218,1
0,0.92,1,0,0,0,0,12,0,1,1,25,1
25,0.743,0,0,0,0,0,17,2,0,4,6,0
14,0.698,0,0,1,0,0,9,1,0,0,56,0
1,0.624,0,0,0,0,0,11,7,0,0,26,1
49,0.789,0,1,1,0,0,3,0,1,2,47,0
39,0.903,1,0,1,1,0,10,3,0,0,224,0
3,0.926,0,1,0,0,5,8,0,1,3,132,0
3,0.926,0,0,2,0,0,10,6,0,1,83,1
0,0.92,0,0,1,2,1,4,2,2,5,167,0
29,0.89,1,0,0,1,0,16,5,0,0,46,0
1,0.624,0,0,0,0,0,8,4,2,2,37,1
6,0.855,1,0,0,0,0,17,1,0,0,94,0
57,0.698,0,0,0,0,0,6,3,0,0,11,0
0,0.92,2,1,0,0,0,4,6,0,0,61,0
1,0.624,0,1,3,3,1,4,0,0,3,17,0
5,0.897,1,0,0,1,0,4,7,3,5,34,0
8,0.804,0,0,0,0,6,7,2,1,4,292,0
1,0.624,1,1,0,3,1,14,0,1,3,13,1
0,0.92,1,1,1,0,0,1,0,3,0,28,1
1,0.624,1,1,1,0,0,6,0,1,3,3,1
3,0.926,0,0,0,2,1,19,1,2,5,19,0
1,0.624,1,1,1,0,0,5,0,1,3,24,0
5,0.897,0,0,0,1,0,0,3,0,5,9,0
8,0.804,0,0,0,1,0,0,2,0,1,17,1
2,0.91,0,1,0,0,0,1,7,0,0,58,0
3,0.926,0,1,0,2,1,4,6,2,2,182,0
19,0.893,1,1,0,1,2,10,0,1,1,9,0
64,0.479,1,0,1,0,0,1,0,3,0,4,0
0,0.92,0,0,0,0,0,4,5,3,5,40,0
1,0.624,0,0,0,1,0,11,1,4,1,46,1
3,0.926,0,0,0,0,0,2,4,4,0,31,0
26,0.836,0,0,0,1,0,18,1,2,0,116,0
0,0.92,0,0,0,1,2,0,0,1,4,20,1
0,0.92,0,0,0,0,0,12,3,0,1,18,0
30,0.925,0,1,1,2,1,13,1,3,0,83,1
45,0.925,0,1,0,0,0,7,7,3,0,32,0
2,0.91,0,0,0,0,0,15,4,0,5,202,0
24,0.762,1,0,2,0,0,8,1,3,2,298,0
48,0.698,0,1,1,2,1,5,0,1,6,18,0
4,0.92,2,0,0,1,0,0,1,3,1,108,0
1,0.624,0,1,1,2,1,1,0,1,3,18,0
3,0.926,0,0,0,2,1,7,1,0,0,109,0
1,0.624,0,0,0,0,0,15,7,0,5,56,0
43,0.5579999999999999,0,1,0,2,1,3,0,1,0,80,1
2,0.91,0,0,0,0,0,0,3,0,1,57,1
26,0.836,0,0,0,1,0,0,0,1,3,19,0
18,0.802,0,1,0,4,0,7,2,3,1,73,0
1,0.624,0,1,1,0,0,1,0,1,3,130,1
0,0.92,2,0,0,0,2,6,4,2,0,25,0
0,0.92,0,0,0,1,0,7,3,0,2,101,0
1,0.624,1,0,2,1,3,2,2,0,0,3,0
53,0.7659999999999999,1,0,0,0,0,10,1,0,1,97,1
0,0.92,0,0,0,0,0,0,3,0,1,111,0
0,0.92,1,1,1,1,0,19,0,3,4,36,0
1,0.624,1,0,0,0,0,1,3,0,0,56,1
45,0.925,0,0,0,1,0,8,1,0,5,16,0
18,0.802,0,0,0,0,0,0,4,0,4,37,0
7,0.939,0,0,0,0,0,2,3,0,2,41,0
2,0.91,1,0,0,1,0,0,1,0,0,59,0
2,0.91,0,0,0,1,0,12,2,0,0,33,0
7,0.939,0,0,1,2,1,1,4,0,0,25,0
3,0.926,0,0,0,0,2,8,6,0,0,240,0
0,0.92,1,1,1,0,0,3,0,1,0,5,1
2,0.91,2,1,0,0,2,14,4,0,0,59,0
0,0.92,0,1,0,0,0,7,3,0,1,308,0
0,0.92,0,1,1,0,0,7,0,1,3,87,0
9,0.924,0,0,0,2,1,10,0,1,1,50,0
90,0.698,1,1,2,0,0,2,5,0,2,136,0
2,0.91,0,0,0,0,0,9,2,0,0,78,0
0,0.92,0,0,0,0,0,0,3,0,1,72,0
2,0.91,1,0,2,1,0,20,6,0,2,145,0
2,0.91,0,0,0,0,0,21,6,4,2,44,0
56,0.691,1,0,0,0,0,1,4,0,6,7,0
4,0.92,0,1,0,1,0,14,3,0,2,23,0
5,0.897,1,1,0,2,1,4,0,1,3,12,0
59,0.74,0,0,0,0,0,0,3,0,0,40,0
0,0.92,0,1,1,2,1,4,0,5,3,56,0
0,0.92,0,0,0,1,0,0,7,0,0,52,0
19,0.893,1,1,0,1,0,9,0,1,0,19,0
0,0.92,0,0,0,0,0,19,7,2,0,198,0
0,0.92,0,0,0,0,0,10,0,1,1,89,1
1,0.624,0,0,0,0,0,11,3,0,0,57,1
1,0.624,1,1,1,0,0,13,2,0,0,162,1
16,0.939,1,1,1,2,1,2,0,1,6,2,0
2,0.91,0,0,0,1,0,0,6,4,0,127,0
1,0.624,0,0,0,0,0,3,3,0,0,47,0
3,0.926,0,1,1,0,0,8,0,1,0,284,0
1,0.624,0,0,0,1,0,6,2,0,0,66,0
0,0.92,0,1,0,0,2,3,1,0,0,58,1
1,0.624,1,1,1,0,0,10,3,0,2,156,1
11,0.887,1,1,1,2,1,1,0,1,3,184,0
22,0.8959999999999999,0,0,0,1,0,10,8,0,1,43,0
2,0.91,1,0,0,1,0,0,2,5,4,65,1
0,0.92,1,0,0,0,0,12,5,0,5,4,0
0,0.92,2,0,0,1,0,19,6,0,0,108,0
0,0.92,1,0,2,0,0,10,2,0,2,18,0
62,0.7959999999999999,1,1,1,5,1,5,0,1,3,11,0
19,0.893,0,0,0,0,3,1,1,0,2,29,0
1,0.624,0,1,1,0,0,14,0,1,3,18,1
4,0.92,1,1,1,0,0,3,0,3,0,102,1
0,0.92,0,0,0,0,0,16,5,0,1,67,0
3,0.926,0,1,0,0,0,4,7,0,1,6,0
18,0.802,0,0,1,0,0,18,7,1,0,13,0
25,0.743,1,0,0,1,0,8,5,0,0,20,0
6,0.855,0,0,1,0,0,2,1,0,0,25,0
23,0.767,1,0,3,0,0,0,7,3,3,28,1
4,0.92,0,0,0,1,0,3,1,1,2,28,0
77,0.698,0,0,0,2,1,9,1,0,1,21,0
20,0.878,1,0,0,1,0,16,1,0,0,96,0
0,0.92,0,0,0,0,0,11,1,0,0,32,0
74,0.698,0,0,0,0,0,17,0,1,0,68,0
2,0.91,0,0,0,0,0,10,0,1,2,9,0
3,0.926,0,0,0,1,0,11,2,2,0,82,0
3,0.926,1,1,0,0,0,12,4,0,0,198,0
0,0.92,2,0,0,1,5,7,3,3,0,34,0
3,0.926,1,0,1,0,0,14,1,0,3,116,0
102,0.735,0,0,3,0,0,1,2,0,2,42,1
15,0.913,0,0,0,0,0,0,3,0,1,13,0
62,0.7959999999999999,0,1,1,2,1,2,5,1,0,53,0
12,0.884,0,1,1,0,0,1,0,1,0,8,1
2,0.91,0,0,0,1,0,8,0,0,0,36,0
1,0.624,1,0,2,2,1,13,6,0,3,10,1
3,0.926,0,1,1,2,1,8,2,0,0,5,0
10,0.754,0,1,0,0,0,4,0,1,3,134,1
26,0.836,0,0,0,0,0,4,5,1,0,21,0
1,0.624,1,0,0,1,0,2,7,0,0,24,0
0,0.92,1,1,1,0,0,8,0,1,1,18,0
76,0.769,0,0,0,0,0,12,0,1,2,160,0
16,0.939,0,0,0,0,0,0,1,2,0,72,0
0,0.92,0,0,0,0,0,3,5,0,2,5,0
18,0.802,0,1,0,0,0,0,7,0,4,80,0
0,0.92,2,1,0,1,2,2,5,0,0,23,0
0,0.92,0,0,0,0,0,19,7,0,1,16,0
0,0.92,0,0,0,1,5,0,1,0,2,11,1
37,0.8270000000000001,1,1,0,2,1,4,0,1,3,21,1
6,0.855,0,1,0,2,1,3,0,1,3,46,0
3,0.926,1,1,0,0,0,12,1,0,3,68,0
3,0.926,0,0,0,1,0,10,1,0,0,39,0
4,0.92,0,1,0,0,0,18,0,1,2,12,0
12,0.884,0,0,0,2,1,7,0,1,0,96,0
1,0.624,1,0,2,0,0,9,4,0,2,58,1
2,0.91,2,1,1,2,1,3,0,1,0,34,1
0,0.92,2,0,0,1,0,0,3,3,1,33,0
57,0.698,0,0,1,0,0,5,3,0,0,22,0
11,0.887,0,0,0,2,1,2,4,0,0,88,0
21,0.923,0,1,1,0,0,5,2,0,0,25,0
2,0.91,0,0,1,0,0,4,1,0,1,166,1
0,0.92,1,0,2,0,0,12,0,3,0,47,0
1,0.624,1,1,0,0,0,5,0,1,0,94,1
9,0.924,0,0,0,0,0,18,0,1,0,2,0
1,0.624,0,0,1,0,0,2,4,4,0,196,1
3,0.926,0,0,1,2,1,1,0,0,0,94,0
1,0.624,0,0,1,0,0,2,6,0,0,49,1
0,0.92,0,1,0,1,0,12,1,0,1,108,0
8,0.804,0,0,0,1,0,19,0,1,0,74,0
2,0.91,0,0,0,0,0,15,1,0,0,43,0
0,0.92,0,0,0,4,0,0,0,1,1,25,0
33,0.6890000000000001,0,1,0,0,0,8,0,1,0,3,0
2,0.91,0,1,1,2,1,4,0,1,3,78,0
0,0.92,0,0,0,0,0,0,1,0,4,128,0
4,0.92,0,0,0,0,0,12,0,0,0,22,0
0,0.92,0,0,0,0,2,6,1,0,2,23,0
1,0.624,1,1,1,0,0,3,0,1,3,26,1
0,0.92,0,1,0,2,1,3,0,1,3,29,0
41,0.794,0,0,2,0,0,2,2,0,5,39,0
15,0.913,0,0,0,2,1,0,5,0,2,216,0
1,0.624,1,0,2,1,0,2,1,0,0,96,1
24,0.762,0,0,0,0,0,5,4,0,0,100,1
29,0.89,1,1,1,0,0,9,0,1,0,20,0
3,0.926,0,0,0,0,0,16,6,0,2,24,0
2,0.91,1,0,0,0,0,9,1,0,1,66,0
48,0.698,2,1,0,1,0,6,0,1,0,98,1
19,0.893,0,0,0,0,2,3,4,0,0,258,0
4,0.92,0,0,0,0,0,19,0,1,1,163,0
9,0.924,0,1,0,0,0,1,2,1,4,224,0
0,0.92,0,0,0,0,5,3,4,4,0,21,0
14,0.698,1,1,0,5,1,14,0,1,0,198,0
0,0.92,0,0,1,0,0,0,0,1,0,37,0
1,0.624,0,0,0,1,0,3,1,2,0,12,1
2,0.91,0,0,0,0,0,2,7,1,0,44,0
0,0.92,0,0,0,1,0,0,0,1,1,136,0
1,0.624,1,1,1,2,1,3,0,1,3,280,1
63,0.84,0,1,2,0,3,19,4,0,1,94,0
9,0.924,1,0,0,0,0,11,3,0,2,19,0
0,0.92,0,0,0,0,0,12,8,0,5,14,0
112,0.693,0,0,0,0,0,11,1,0,4,116,0
2,0.91,0,1,1,2,1,4,0,1,3,96,0
2,0.91,0,0,0,0,0,1,8,0,0,14,0
19,0.893,2,1,1,2,1,3,1,3,0,146,0
0,0.92,0,0,0,0,0,0,5,0,1,55,0
1,0.624,1,0,0,0,0,2,0,0,0,104,0
3,0.926,0,1,1,2,1,2,0,1,0,39,0
6,0.855,0,0,0,4,0,0,3,0,2,153,0
17,0.899,2,1,1,2,1,5,8,0,0,168,0
0,0.92,1,0,0,0,0,0,7,0,0,111,0
6,0.855,0,0,0,1,0,4,3,0,5,37,0
21,0.923,2,0,0,4,0,11,8,0,0,54,0
3,0.926,0,1,1,2,1,12,4,0,0,34,0
58,0.698,3,0,0,0,0,1,1,0,5,42,0
18,0.802,0,0,1,0,0,5,4,0,2,50,0
0,0.92,0,0,0,0,3,10,0,1,0,116,1
2,0.91,0,0,0,0,0,0,0,1,1,72,0
15,0.913,0,1,1,0,0,2,0,1,6,140,0
0,0.92,0,0,0,1,0,0,2,1,0,68,0
0,0.92,0,0,0,0,0,8,2,0,1,41,0
0,0.92,0,0,0,0,2,0,1,0,4,5,0
12,0.884,0,0,0,1,0,0,0,1,1,51,0
86,0.856,1,0,0,2,1,3,4,0,0,134,0
12,0.884,0,1,1,0,0,2,0,1,5,24,0
3,0.926,0,1,1,0,0,2,3,0,0,17,0
90,0.698,1,1,0,0,0,4,0,1,3,106,1
3,0.926,0,1,0,2,1,13,1,0,0,59,0
10,0.754,0,0,0,0,0,1,7,5,0,7,0
11,0.887,0,1,1,0,0,4,0,0,3,61,0
62,0.7959999999999999,1,0,2,0,0,2,1,0,0,11,0
0,0.92,1,0,0,0,0,0,3,0,2,34,0
9,0.924,0,0,2,0,0,6,6,4,0,20,0
1,0.624,1,0,1,0,0,22,1,0,0,20,1
7,0.939,0,1,1,2,1,6,8,0,2,48,0
0,0.92,0,1,0,0,4,2,0,1,0,43,1
3,0.926,0,0,1,0,0,9,1,0,0,41,0
0,0.92,1,1,1,1,0,6,0,1,2,61,0
31,0.579,1,0,3,0,0,4,1,0,0,56,1
2,0.91,1,0,0,0,0,13,8,0,0,92,0
0,0.92,1,0,0,0,0,0,0,1,1,50,1
2,0.91,0,0,0,2,1,0,1,0,4,94,0
3,0.926,0,0,0,2,1,6,0,1,2,41,0
1,0.624,0,1,1,0,0,13,2,0,0,52,1
28,0.6659999999999999,1,0,0,0,0,4,1,2,0,29,0
45,0.925,0,0,0,0,0,7,5,0,3,56,0
3,0.926,0,1,1,0,0,7,0,1,3,67,0
56,0.691,1,1,1,0,0,5,0,1,0,310,0
0,0.92,0,0,0,0,0,17,8,0,2,89,0
2,0.91,0,1,0,0,0,0,3,0,3,18,0
23,0.767,1,0,1,0,0,0,2,0,1,46,0
0,0.92,0,0,0,0,0,0,0,1,4,61,1
4,0.92,0,0,0,1,0,7,2,0,5,75,0
0,0.92,2,1,0,0,0,1,1,3,0,6,0
0,0.92,1,1,0,2,1,22,0,1,6,4,0
0,0.92,0,0,0,0,4,0,0,1,1,46,1
65,0.698,0,1,0,1,0,15,7,0,2,8,0
0,0.92,2,1,0,1,0,10,1,0,0,51,0
2,0.91,0,0,0,1,0,9,2,0,0,10,0
3,0.926,0,0,0,2,1,0,6,0,0,64,0
5,0.897,0,0,0,3,1,7,4,0,0,108,0
0,0.92,0,0,0,1,0,10,2,0,2,4,0
0,0.92,0,0,0,1,0,0,3,0,2,105,0
3,0.926,1,0,0,0,0,13,4,0,0,37,0
61,0.579,1,1,1,0,0,5,0,0,3,45,1
0,0.92,1,0,0,0,0,1,0,1,2,113,1
5,0.897,0,0,0,1,0,0,3,0,1,102,0
0,0.92,0,1,1,0,0,1,0,1,3,4,0
13,0.55,1,0,0,0,0,5,2,0,2,46,0
0,0.92,2,0,0,0,0,7,4,2,0,144,0
3,0.926,1,0,0,0,5,7,2,0,2,99,0
72,0.865,0,0,1,2,1,4,1,2,0,50,0
5,0.897,1,1,1,1,0,13,0,1,3,16,0
38,0.895,1,0,0,0,0,6,3,0,0,109,0
54,0.8270000000000001,0,1,1,2,1,3,0,1,3,23,0
6,0.855,0,1,1,2,1,14,0,1,0,110,0
26,0.836,0,0,2,0,0,19,2,3,0,4,0
15,0.913,0,0,0,3,1,0,6,3,1,3,0
29,0.89,0,1,1,0,0,6,0,1,0,106,1
0,0.92,1,0,0,1,0,0,3,0,2,54,0
1,0.624,0,0,0,1,0,14,2,0,0,30,1
1,0.624,1,0,0,0,0,2,0,1,0,4,1
55,0.848,1,0,0,0,0,4,1,2,0,22,0
8,0.804,0,0,0,1,0,0,3,0,0,25,1
1,0.624,1,0,0,0,6,2,1,0,4,11,0
2,0.91,1,1,0,2,1,1,0,0,0,70,0
2,0.91,0,0,0,1,0,15,6,4,0,163,0
8,0.804,0,0,0,1,0,7,6,0,1,19,0
0,0.92,0,0,0,0,3,0,0,1,0,182,1
8,0.804,0,0,0,1,0,1,0,1,0,62,0
0,0.92,3,1,1,0,0,3,0,1,5,15,1
0,0.92,0,1,2,0,0,4,3,0,1,57,0
65,0.698,0,1,1,1,0,5,0,1,2,9,0
5,0.897,0,0,0,0,5,14,6,4,0,32,0
11,0.887,0,0,0,2,1,0,2,0,1,12,0
0,0.92,0,0,0,1,0,20,4,0,2,47,0
12,0.884,0,0,0,1,0,16,3,0,0,101,0
2,0.91,0,1,1,2,1,1,0,1,0,34,1
3,0.926,0,1,0,1,0,10,0,0,3,20,1
16,0.939,0,0,0,1,0,0,4,0,1,31,0
12,0.884,0,0,0,1,0,1,5,1,0,55,0
1,0.624,1,0,1,0,0,7,1,0,6,40,1
2,0.91,0,0,0,0,0,15,5,6,1,67,0
17,0.899,0,0,0,0,0,10,1,0,0,154,0
4,0.92,0,1,0,1,0,14,1,0,0,9,0
0,0.92,0,0,0,0,0,19,3,0,1,320,0
14,0.698,0,0,0,1,0,2,0,1,0,55,1
0,0.92,0,0,2,0,2,0,6,5,1,88,0
0,0.92,0,0,0,0,5,15,0,1,0,127,1
0,0.92,0,0,0,0,3,0,1,0,0,94,0
3,0.926,0,0,0,1,0,7,4,0,1,21,0
80,0.725,0,1,0,0,0,10,0,1,0,19,0
3,0.926,2,1,1,0,0,3,3,0,0,200,0
12,0.884,0,0,0,0,0,12,5,0,1,10,0
20,0.878,0,0,0,2,1,18,0,1,0,34,0
0,0.92,1,1,0,0,0,3,0,1,3,12,0
9,0.924,0,0,0,0,0,15,1,0,2,78,0
0,0.92,0,1,1,2,1,1,0,1,0,32,1
9,0.924,0,0,0,1,0,0,1,0,0,35,0
0,0.92,1,0,0,0,0,8,3,0,2,149,0
1,0.624,1,0,2,1,0,5,4,0,0,24,0
0,0.92,0,1,0,1,0,11,2,0,1,70,0
2,0.91,0,1,2,0,0,1,4,0,0,30,1
78,0.795,0,0,2,0,0,1,6,4,0,80,0
3,0.926,0,0,0,2,1,11,5,0,0,14,0
0,0.92,2,0,0,0,0,0,5,0,0,280,0
2,0.91,0,0,0,0,0,12,8,3,1,28,1
0,0.92,0,0,0,1,0,11,1,4,3,314,0
12,0.884,0,0,0,0,0,17,2,0,0,23,0
22,0.8959999999999999,0,0,0,0,0,1,1,0,2,42,0
1,0.624,0,0,3,0,0,3,4,4,0,15,1
30,0.925,0,0,0,1,0,7,1,0,0,220,0
0,0.92,0,0,0,0,5,7,1,0,0,45,0
0,0.92,2,1,2,2,1,2,0,1,0,74,1
4,0.92,1,1,0,1,0,9,1,0,4,57,0
1,0.624,0,0,0,2,1,11,0,1,3,82,1
2,0.91,0,0,0,2,1,18,0,1,0,43,0
12,0.884,0,0,1,0,0,2,4,0,2,43,0
0,0.92,0,0,0,0,0,0,3,0,2,49,1
29,0.89,1,0,0,0,0,7,2,0,2,78,0
5,0.897,0,1,1,5,1,5,0,1,3,22,0
29,0.89,0,0,0,1,0,11,1,0,0,20,0
24,0.762,0,0,0,0,0,1,0,1,0,54,1
1,0.624,2,0,0,0,4,6,5,0,1,79,1
0,0.92,1,0,0,1,0,1,7,0,1,46,0
21,0.923,0,0,0,0,0,1,4,0,4,264,0
0,0.92,0,0,0,1,0,0,6,0,4,91,0
57,0.698,1,0,1,0,0,2,0,1,0,11,1
1,0.624,1,0,1,0,0,14,6,0,6,92,0
1,0.624,1,1,3,2,1,4,0,1,3,28,1
17,0.899,0,0,0,0,0,15,5,0,0,30,0
88,0.794,0,0,0,0,0,17,4,0,0,29,0
14,0.698,0,0,0,0,0,6,0,1,0,149,0
89,0.493,1,1,0,0,0,1,0,1,0,29,0
0,0.92,0,0,0,0,0,7,2,0,3,64,0
71,0.698,0,0,2,0,0,8,1,0,0,166,0
1,0.624,2,0,0,1,0,9,1,0,1,102,1
33,0.6890000000000001,1,1,0,2,1,9,5,0,0,102,0
2,0.91,0,0,0,0,0,0,0,1,0,180,0
1,0.624,0,1,0,1,3,10,0,3,5,95,1
0,0.92,0,0,0,0,0,12,5,0,4,150,0
3,0.926,1,0,0,1,0,0,7,0,6,32,0
4,0.92,0,0,0,0,0,1,0,1,0,62,1
1,0.624,0,0,0,0,0,21,4,0,2,9,0
0,0.92,1,0,0,0,0,11,5,0,1,51,0
0,0.92,0,0,0,0,0,0,4,0,5,10,0
0,0.92,0,1,1,0,0,4,0,0,3,56,0
2,0.91,1,0,0,4,5,7,6,5,0,17,0
1,0.624,0,1,1,0,0,13,1,1,3,54,1
1,0.624,0,0,0,0,0,3,2,0,2,61,0
0,0.92,1,0,0,0,0,0,3,0,1,36,0
12,0.884,0,0,0,0,0,6,0,1,2,25,1
19,0.893,0,0,0,1,0,11,2,0,1,22,0
2,0.91,1,0,0,0,0,4,5,0,2,140,0
1,0.624,1,0,1,1,0,0,0,1,1,6,1
1,0.624,0,0,0,0,0,0,0,1,1,20,1
3,0.926,1,0,3,0,0,0,5,0,2,12,0
28,0.6659999999999999,0,0,0,1,0,0,7,0,0,24,0
35,0.843,0,0,0,2,1,0,0,1,1,44,0
0,0.92,0,0,0,5,1,0,6,2,2,35,0
99,0.701,1,1,0,3,1,14,0,1,3,112,0
0,0.92,0,0,0,0,0,1,8,0,2,25,0
3,0.926,0,0,0,0,0,4,5,0,0,104,0
0,0.92,0,0,0,0,0,10,3,0,0,86,0
1,0.624,0,0,0,0,0,9,4,4,0,4,0
2,0.91,0,0,0,2,1,0,7,0,1,54,1
2,0.91,0,0,0,0,0,4,3,0,0,48,0
10,0.754,1,1,2,1,0,0,0,1,0,74,1
6,0.855,2,1,0,1,0,3,0,1,2,124,1
0,0.92,0,0,0,0,0,1,2,0,0,102,0
1,0.624,0,0,1,0,0,11,5,0,0,134,0
0,0.92,0,1,0,0,3,2,0,1,0,16,0
1,0.624,0,0,0,0,0,8,3,0,5,52,1
2,0.91,0,0,0,0,0,16,1,0,1,312,0
1,0.624,0,1,0,2,1,13,0,1,3,91,1
6,0.855,0,1,0,5,1,9,0,0,3,22,0
3,0.926,1,0,0,0,0,0,7,0,1,59,0
5,0.897,0,0,0,0,0,8,7,0,4,25,0
12,0.884,2,0,0,0,0,3,7,0,1,55,0
2,0.91,0,0,0,2,1,18,3,0,0,12,0
3,0.926,0,0,0,0,0,1,5,0,1,37,0
20,0.878,0,0,0,0,0,1,1,0,5,100,0
0,0.92,0,0,0,0,0,15,8,0,0,300,0
89,0.493,0,0,0,0,0,7,2,0,0,108,1
54,0.8270000000000001,0,0,0,1,0,12,4,2,0,192,0
6,0.855,1,0,0,1,0,21,2,0,2,56,0
0,0.92,1,0,0,0,0,5,1,0,0,12,0
107,0.78,0,1,0,1,2,4,7,3,1,20,0
33,0.6890000000000001,0,0,0,0,0,11,0,1,0,56,0
3,0.926,2,0,0,1,2,5,6,5,0,33,1
0,0.92,0,0,0,0,0,6,3,0,4,100,0
21,0.923,0,0,0,1,0,20,3,0,4,17,0
10,0.754,0,0,0,0,0,10,0,1,4,56,1
2,0.91,0,0,0,0,0,11,0,0,0,6,0
10,0.754,0,0,0,0,0,1,0,1,0,24,1
0,0.92,0,0,0,0,5,8,2,6,4,16,0
0,0.92,1,0,0,0,0,9,2,1,0,72,0
0,0.92,1,1,0,0,4,0,0,1,1,50,0
17,0.899,1,1,2,2,1,2,0,1,0,110,0
51,0.698,0,0,0,0,0,0,4,0,1,23,0
11,0.887,0,0,0,0,0,8,6,0,3,43,1
3,0.926,0,0,0,1,0,11,4,0,2,4,0
5,0.897,0,1,1,1,0,7,6,2,0,80,0
4,0.92,0,1,0,0,0,8,6,0,2,15,0
42,0.738,0,0,1,0,0,10,0,1,3,57,1
65,0.698,0,1,0,5,1,6,0,1,3,85,0
0,0.92,0,0,0,0,0,0,0,1,1,111,0
11,0.887,0,0,0,2,1,2,1,1,0,46,0
25,0.743,0,0,0,1,0,12,4,0,1,105,0
1,0.624,0,1,0,0,0,11,3,0,5,34,0
0,0.92,0,0,0,0,0,0,0,1,2,28,0
1,0.624,1,1,0,0,0,13,3,0,6,131,1
59,0.74,0,0,0,0,0,11,1,0,3,22,0
6,0.855,0,0,1,1,0,7,2,0,2,38,0
0,0.92,0,1,1,2,1,2,0,1,0,28,1
2,0.91,0,0,0,0,0,21,1,0,0,103,0
6,0.855,0,1,0,2,1,16,0,1,0,90,0
1,0.624,0,0,0,0,0,5,4,2,0,23,0
15,0.913,0,1,0,1,0,0,3,0,2,90,0
1,0.624,0,1,1,0,0,4,0,1,3,61,1
25,0.743,0,0,0,1,0,8,5,0,2,73,0
1,0.624,1,1,0,1,0,7,1,4,0,32,1
60,0.83,0,0,1,0,0,1,0,1,3,50,0
8,0.804,0,1,1,0,0,5,0,1,2,116,1
56,0.691,0,1,0,5,1,17,0,0,3,254,0
7,0.939,2,0,0,1,0,11,5,0,1,250,0
0,0.92,0,0,2,0,0,0,1,0,5,42,0
1,0.624,0,0,0,0,0,3,1,0,2,28,0
16,0.939,1,1,3,0,0,13,3,1,3,11,0
1,0.624,0,0,0,0,0,12,3,0,0,109,0
0,0.92,0,1,1,0,0,5,3,0,0,29,0
1,0.624,0,0,1,0,0,14,7,1,0,22,1
1,0.624,0,0,0,0,0,1,1,0,0,47,0
1,0.624,0,1,1,1,3,3,1,0,2,80,1
4,0.92,0,1,1,2,1,3,0,1,0,90,1
2,0.91,2,0,0,0,2,5,1,2,0,147,0
1,0.624,0,0,0,1,0,0,2,0,2,43,1
25,0.743,0,1,1,1,0,11,1,0,1,97,0
0,0.92,0,1,3,1,0,8,0,1,3,16,1
0,0.92,0,0,0,0,0,0,5,0,1,64,0
23,0.767,1,1,0,0,3,8,2,3,5,31,0
1,0.624,1,0,0,0,0,0,0,1,0,61,0
9,0.924,2,0,0,1,3,20,5,0,1,150,0
16,0.939,0,0,0,0,0,15,6,0,1,226,0
3,0.926,0,0,0,3,1,1,6,0,5,84,0
112,0.693,0,0,3,0,0,3,6,0,0,51,0
0,0.92,1,0,0,0,0,20,0,1,0,59,0
1,0.624,0,1,2,0,0,5,0,1,3,77,1
23,0.767,1,1,1,5,1,3,0,1,0,50,1
0,0.92,0,0,0,0,0,10,2,2,0,124,0
56,0.691,1,0,0,0,0,22,2,0,0,56,0
53,0.7659999999999999,0,0,0,0,0,1,2,0,1,19,1
1,0.624,0,1,1,0,0,1,0,1,3,13,1
8,0.804,1,1,0,0,0,3,0,1,3,53,1
2,0.91,0,0,0,0,0,9,2,2,0,164,0
1,0.624,1,0,0,0,0,14,2,1,0,84,1
0,0.92,0,0,0,0,0,15,8,0,0,136,0
62,0.7959999999999999,1,0,0,1,0,4,5,0,0,35,0
0,0.92,0,0,1,1,0,7,7,3,0,40,1
1,0.624,0,0,0,0,0,6,0,1,0,72,1
1,0.624,0,0,0,0,0,4,2,0,3,2,1
14,0.698,1,0,2,0,0,14,1,5,4,104,0
0,0.92,0,0,0,0,0,0,1,0,0,131,0
0,0.92,0,0,2,0,0,3,2,5,1,29,0
5,0.897,0,1,1,0,0,6,1,0,0,74,0
23,0.767,2,0,0,1,0,11,4,4,4,84,0
3,0.926,0,0,0,2,1,16,1,0,1,94,0
10,0.754,0,1,1,1,0,12,0,1,1,10,1
80,0.725,0,1,2,1,0,1,0,1,3,39,1
0,0.92,0,0,1,0,0,6,4,0,4,37,1
16,0.939,0,0,0,1,0,21,3,0,0,58,0
0,0.92,3,1,0,5,1,3,0,1,3,136,1
35,0.843,0,0,0,0,0,0,6,0,1,25,0
0,0.92,1,1,0,2,1,2,0,1,0,45,1
1,0.624,0,0,0,0,0,5,6,4,0,134,0
36,0.527,1,1,1,0,0,14,1,0,0,18,0
2,0.91,2,1,0,0,0,1,0,1,0,100,0
51,0.698,0,1,1,1,0,3,0,5,2,57,1
0,0.92,0,1,2,4,0,3,5,3,2,14,0
1,0.624,1,1,1,2,1,3,0,1,6,52,0
22,0.8959999999999999,0,0,2,0,0,6,8,1,0,46,0
1,0.624,1,1,0,5,1,14,0,1,3,15,1
23,0.767,2,0,0,0,0,11,7,0,1,26,0
1,0.624,0,0,0,0,0,2,6,4,0,62,1
1,0.624,0,0,1,0,0,4,2,0,2,13,1
4,0.92,0,0,2,0,0,2,1,0,0,62,0
60,0.83,0,0,0,1,0,12,5,0,0,48,0
0,0.92,0,0,0,0,2,4,1,0,0,45,0
28,0.6659999999999999,0,0,0,1,0,0,2,2,0,42,0
1,0.624,0,1,0,1,0,15,0,1,2,64,1
5,0.897,0,0,0,1,0,10,0,1,1,24,0
105,0.7879999999999999,2,0,0,0,0,21,6,2,2,6,0
6,0.855,2,0,0,1,2,5,0,1,0,57,0
15,0.913,0,0,0,5,1,11,1,2,0,81,1
0,0.92,1,0,0,0,0,19,1,0,4,29,0
0,0.92,0,0,0,0,0,0,3,0,3,54,0
46,0.698,0,0,0,0,0,9,2,5,0,66,0
51,0.698,0,1,1,0,0,2,0,1,0,83,0
1,0.624,0,1,1,0,0,3,7,0,0,34,1
1,0.624,0,0,0,0,0,4,3,0,2,110,1
1,0.624,0,0,0,0,0,4,0,1,4,96,1
30,0.925,0,0,0,1,0,8,0,1,0,34,0
0,0.92,0,0,0,0,2,0,2,0,5,11,1
41,0.794,0,1,0,0,2,1,3,0,1,26,0
13,0.55,0,0,1,0,0,20,0,1,0,8,1
5,0.897,0,0,0,3,1,15,0,3,5,166,1
13,0.55,0,0,3,3,1,3,0,1,6,28,1
20,0.878,0,0,0,1,0,0,0,1,0,28,0
4,0.92,1,1,0,4,0,0,0,1,1,20,1
11,0.887,0,1,0,2,1,4,2,0,0,4,1
3,0.926,0,0,0,0,0,18,1,0,1,114,1
0,0.92,0,0,0,4,0,0,5,3,1,62,0
16,0.939,2,1,2,0,0,2,1,0,0,24,0
2,0.91,2,0,0,0,0,1,1,0,0,4,0
80,0.725,0,1,0,1,0,0,6,0,1,106,0
10,0.754,1,0,0,0,0,0,0,1,3,89,0
3,0.926,1,0,0,5,1,3,1,0,3,86,0
2,0.91,1,1,0,5,1,1,0,1,3,15,0
3,0.926,0,1,1,1,0,12,7,3,0,8,0
10,0.754,0,0,2,0,0,3,3,3,0,166,0
4,0.92,0,1,3,3,1,5,0,1,3,83,0
3,0.926,0,0,0,1,0,17,7,2,4,52,0
51,0.698,1,0,1,0,0,8,6,0,1,9,0
29,0.89,0,0,0,0,0,4,5,0,0,34,0
0,0.92,0,0,0,0,0,12,1,0,4,66,0
0,0.92,0,0,0,0,0,0,3,0,1,126,0
0,0.92,0,1,1,2,1,4,0,1,0,166,0
12,0.884,1,0,3,3,1,0,0,3,1,38,0
11,0.887,0,0,0,1,0,0,0,1,1,41,0
1,0.624,0,0,0,1,0,16,1,4,2,326,0
1,0.624,1,0,0,0,0,7,4,0,1,105,1
2,0.91,0,0,0,1,0,7,1,0,2,24,0
0,0.92,0,0,2,0,0,6,3,0,5,28,0
33,0.6890000000000001,1,1,2,5,1,5,0,1,3,20,1
29,0.89,0,0,0,2,1,11,7,0,1,130,0
15,0.913,0,0,0,2,1,4,3,0,0,3,0
3,0.926,2,0,0,0,0,0,2,0,0,8,0
0,0.92,0,1,1,0,6,13,5,5,0,95,1
14,0.698,0,1,0,2,1,1,0,1,3,50,0
33,0.6890000000000001,0,0,0,0,0,18,5,0,6,48,0
4,0.92,0,0,0,4,0,0,1,2,1,15,0
2,0.91,0,0,0,0,0,15,0,1,0,306,0
29,0.89,0,0,0,0,0,0,7,0,1,65,0
24,0.762,0,0,0,0,0,0,1,3,5,24,0
0,0.92,0,0,0,0,0,1,0,1,2,34,1
4,0.92,0,0,0,0,0,15,2,0,3,34,0
28,0.6659999999999999,0,0,2,3,1,1,1,0,2,116,0
0,0.92,0,0,0,0,4,19,0,1,1,100,1
6,0.855,0,0,2,1,0,21,0,1,2,308,0
0,0.92,0,0,0,0,0,4,3,0,2,220,0
0,0.92,0,0,0,0,0,0,0,1,4,23,0
3,0.926,0,1,0,4,0,12,7,3,0,46,0
17,0.899,0,0,0,0,0,15,3,0,0,27,0
55,0.848,0,1,1,2,1,13,0,1,3,56,1
0,0.92,2,0,0,1,0,10,5,1,1,106,0
2,0.91,0,0,0,1,3,17,5,5,1,182,0
0,0.92,0,0,0,0,0,8,2,2,1,107,0
5,0.897,0,0,0,1,0,0,6,0,5,9,1
1,0.624,1,0,3,0,0,14,7,0,0,32,1
1,0.624,0,0,1,1,0,2,1,0,0,35,1
24,0.762,2,1,1,0,0,3,0,5,1,122,1
1,0.624,1,1,0,0,0,3,0,1,6,46,1
0,0.92,0,0,0,1,0,0,3,0,1,330,0
7,0.939,1,0,0,0,0,8,4,0,0,18,0
37,0.8270000000000001,0,0,0,0,0,8,1,0,0,72,0
1,0.624,1,0,0,0,0,1,0,0,0,21,1
1,0.624,0,0,0,1,0,2,6,4,0,78,1
3,0.926,0,1,1,2,1,8,0,1,3,122,0
0,0.92,0,1,0,0,0,15,0,1,3,17,1
17,0.899,1,0,3,2,1,3,0,1,5,21,0
75,0.698,0,1,1,1,0,2,0,1,0,66,1
0,0.92,0,0,0,0,0,0,5,3,4,180,0
1,0.624,1,1,3,3,1,15,0,1,3,40,1
0,0.92,0,1,0,5,1,1,0,0,3,22,0
32,0.866,0,1,2,0,0,5,0,1,2,30,1
91,0.563,1,1,1,3,1,5,4,1,0,20,1
1,0.624,0,0,1,0,0,2,0,1,0,94,0
18,0.802,0,0,2,0,0,4,3,0,2,40,0
1,0.624,1,0,0,0,0,2,3,0,0,110,0
0,0.92,0,0,0,0,0,7,3,0,0,28,0
5,0.897,0,1,1,1,4,1,0,1,0,21,0
0,0.92,0,0,0,0,0,4,3,0,0,176,0
10,0.754,1,1,0,0,0,13,0,1,0,120,1
0,0.92,0,0,0,1,0,0,0,1,1,96,0
1,0.624,1,1,1,2,1,5,0,1,3,116,1
0,0.92,0,0,0,0,0,0,3,0,1,56,0
0,0.92,0,0,0,0,0,0,5,0,0,42,0
5,0.897,0,0,0,1,0,0,3,6,4,37,0
0,0.92,1,0,0,0,0,17,6,2,4,151,0
1,0.624,0,0,0,1,0,19,0,1,1,13,1
1,0.624,1,0,1,0,0,14,4,1,0,100,1
1,0.624,0,0,1,0,0,4,7,0,3,12,0
2,0.91,1,0,0,0,0,1,2,0,0,146,0
4,0.92,1,0,0,0,0,2,1,0,0,103,0
49,0.789,1,1,0,0,0,1,0,1,3,139,1
0,0.92,0,0,0,0,0,4,1,2,0,102,0
19,0.893,0,1,1,0,0,11,3,0,0,16,0
0,0.92,0,1,0,0,0,2,0,1,0,94,0
0,0.92,0,0,0,1,4,15,6,0,0,42,0
14,0.698,0,0,2,0,0,7,4,5,0,64,0
0,0.92,0,0,0,0,0,16,4,0,5,88,0
18,0.802,0,1,1,0,0,2,0,0,3,114,1
7,0.939,0,0,0,0,0,0,2,0,4,12,0
15,0.913,0,0,0,0,0,7,2,0,0,46,0
3,0.926,1,1,1,0,0,3,5,0,3,60,0
49,0.789,0,0,0,0,0,9,2,0,0,212,1
0,0.92,0,0,0,0,2,1,0,1,0,42,1
12,0.884,0,0,0,0,0,3,4,0,2,40,1
1,0.624,0,0,1,1,0,7,6,0,0,76,1
17,0.899,0,0,0,2,1,2,2,0,2,111,0
0,0.92,0,0,2,0,0,1,1,0,1,34,0
0,0.92,0,0,0,0,0,9,3,6,2,122,0
3,0.926,0,1,2,5,1,4,0,1,0,228,0
14,0.698,0,0,0,0,0,10,0,1,2,102,1
0,0.92,0,0,0,0,0,2,0,1,0,35,1
25,0.743,2,0,0,1,0,11,7,0,1,80,0
0,0.92,1,1,1,0,0,6,0,1,3,109,1
15,0.913,0,1,0,2,1,5,0,1,2,258,0
1,0.624,1,1,1,2,1,8,0,1,0,68,1
106,0.73,0,0,0,0,0,2,7,3,0,47,1
43,0.5579999999999999,1,0,0,0,0,1,5,0,2,89,0
0,0.92,0,0,1,1,0,4,3,0,5,55,0
2,0.91,1,1,0,2,1,14,0,1,1,57,1
85,0.7390000000000001,1,1,0,0,0,8,0,1,6,2,1
45,0.925,0,0,0,0,0,0,3,0,0,108,0
22,0.8959999999999999,0,0,0,0,0,16,5,5,1,36,0
2,0.91,0,0,0,0,0,2,7,0,0,87,0
1,0.624,0,1,1,1,0,5,0,1,3,8,0
1,0.624,0,0,0,0,0,1,2,0,0,124,0
9,0.924,3,0,0,2,1,11,1,0,0,54,0
2,0.91,2,0,0,0,0,12,3,0,0,246,0
3,0.926,1,0,0,1,0,0,6,0,2,34,0
0,0.92,2,1,0,0,0,14,0,1,2,8,1
29,0.89,0,1,3,2,1,5,0,1,3,21,0
5,0.897,0,0,2,1,0,6,6,0,0,232,0
34,0.915,0,0,0,0,0,0,0,1,1,117,1
1,0.624,0,0,0,0,0,8,8,0,0,21,1
8,0.804,0,0,0,1,0,0,7,0,1,168,0
62,0.7959999999999999,1,0,0,0,0,9,3,0,2,54,0
22,0.8959999999999999,0,0,0,1,0,0,0,1,2,276,0
0,0.92,0,0,0,0,0,12,2,0,0,50,0
0,0.92,0,0,0,0,0,10,7,0,5,36,0
13,0.55,0,0,0,1,0,10,2,0,5,9,0
2,0.91,0,0,0,1,4,0,3,0,0,53,0
1,0.624,0,0,0,0,0,4,3,0,5,23,1
0,0.92,0,0,0,0,0,0,0,0,0,46,0
3,0.926,0,0,0,2,1,20,0,1,3,21,1
2,0.91,0,0,0,0,0,12,1,0,0,32,0
12,0.884,1,0,0,0,6,2,4,4,0,39,0
53,0.7659999999999999,1,0,0,0,0,3,1,4,0,18,0
0,0.92,0,0,0,0,0,0,2,0,1,6,0
32,0.866,0,0,0,0,0,0,0,1,2,47,1
1,0.624,0,1,0,3,1,6,0,1,3,46,1
3,0.926,0,0,1,1,0,15,8,3,2,8,0
6,0.855,0,0,1,0,0,5,4,2,3,55,0
1,0.624,2,0,0,3,1,1,0,1,0,39,0
1,0.624,1,1,0,1,0,5,1,4,0,10,1
2,0.91,2,1,0,0,5,3,1,0,2,3,0
6,0.855,0,0,0,1,0,20,0,1,2,47,1
0,0.92,0,0,0,0,0,8,2,0,5,108,0
31,0.579,0,0,0,0,0,1,4,2,0,16,1
0,0.92,0,0,0,0,3,1,5,0,0,65,0
1,0.624,2,0,1,1,0,5,7,0,3,15,0
9,0.924,0,0,0,0,0,0,3,0,2,64,0
72,0.865,0,0,0,0,6,12,6,0,3,57,0
103,0.698,1,0,1,1,0,5,1,0,6,95,0
30,0.925,1,0,0,1,0,0,5,0,4,53,0
2,0.91,1,0,0,0,0,0,0,1,0,12,0
3,0.926,1,0,3,1,3,7,1,1,0,58,0
90,0.698,0,0,0,0,0,12,1,0,0,154,0
2,0.91,2,0,0,0,0,18,5,0,0,3,0
3,0.926,0,1,1,0,0,0,0,1,1,36,0
6,0.855,0,0,0,0,2,13,6,1,0,19,0
23,0.767,1,0,2,1,0,4,1,0,0,56,1
10,0.754,0,0,1,2,1,6,0,1,0,76,1
4,0.92,0,0,0,0,0,8,2,4,1,78,0
50,0.727,0,0,1,0,0,6,0,1,1,24,0
4,0.92,0,1,1,2,1,5,6,0,0,20,0
22,0.8959999999999999,0,0,0,0,0,0,1,1,3,13,0
28,0.6659999999999999,0,0,0,0,0,9,4,0,0,96,0
0,0.92,0,0,0,1,0,12,2,0,2,17,0
7,0.939,3,0,0,0,0,16,0,1,0,69,0
4,0.92,0,1,0,0,3,10,0,1,0,72,1
3,0.926,0,0,0,0,0,20,2,0,1,130,1
14,0.698,1,1,1,2,1,2,4,5,0,334,0
17,0.899,1,1,2,2,1,1,0,1,3,160,0
45,0.925,2,0,0,0,0,7,5,0,1,162,1
1,0.624,0,0,0,0,0,10,7,0,1,29,1
18,0.802,0,0,0,0,0,18,1,0,0,170,0
1,0.624,3,0,0,1,0,0,0,1,1,58,0
0,0.92,0,0,0,0,0,0,2,0,1,45,0
2,0.91,0,0,0,0,5,11,1,0,1,28,0
1,0.624,1,1,2,0,0,2,2,0,3,70,1
0,0.92,1,1,1,0,0,3,0,1,0,78,0
32,0.866,1,0,0,1,0,4,2,0,2,44,0
0,0.92,1,1,0,0,2,4,0,1,0,85,0
4,0.92,0,0,0,0,0,11,1,0,1,214,0
0,0.92,1,1,0,2,1,14,0,1,6,57,0
1,0.624,1,0,0,0,0,9,3,5,3,9,1
0,0.92,1,1,0,1,0,6,0,1,0,156,1
8,0.804,1,0,0,0,0,7,7,0,0,14,0
73,0.764,0,1,1,0,0,2,0,1,0,10,0
24,0.762,0,0,0,0,0,2,6,2,2,68,0
2,0.91,0,0,0,0,0,1,0,0,0,55,0
0,0.92,0,0,0,0,0,8,6,0,2,12,0
1,0.624,0,1,0,0,0,14,3,0,0,25,1
11,0.887,0,0,0,1,0,6,4,1,2,9,1
22,0.8959999999999999,0,0,0,1,0,0,4,0,1,53,0
0,0.92,1,0,0,0,2,17,7,0,2,143,0
29,0.89,0,0,0,0,4,0,0,1,0,86,1
0,0.92,1,1,0,0,0,15,2,0,0,23,0
1,0.624,1,1,1,0,0,6,0,1,3,17,1
0,0.92,0,0,0,0,0,6,2,0,0,4,0
47,0.555,0,1,1,0,0,2,0,1,0,22,0
37,0.8270000000000001,0,0,0,1,0,20,7,0,1,26,0
9,0.924,0,0,0,0,0,4,5,0,2,100,0
1,0.624,0,1,2,2,1,2,4,1,0,143,0
4,0.92,0,0,0,0,0,4,1,0,1,168,0
0,0.92,0,1,0,0,0,7,5,0,4,45,0
0,0.92,0,0,0,1,0,21,5,0,0,212,0
1,0.624,1,0,0,1,0,20,8,5,4,80,1
0,0.92,0,1,1,0,0,3,0,1,0,17,1
6,0.855,0,0,2,0,0,2,6,0,0,141,0
17,0.899,0,0,0,2,1,15,5,0,0,52,0
62,0.7959999999999999,0,0,0,5,1,6,0,1,2,96,0
25,0.743,0,1,0,0,0,2,0,1,5,54,0
9,0.924,0,0,0,0,0,20,4,0,1,51,0
0,0.92,0,0,0,0,4,5,0,1,0,8,0
6,0.855,0,0,0,1,0,12,5,0,4,54,0
48,0.698,0,0,0,0,0,10,2,0,1,69,0
3,0.926,0,0,0,1,0,0,7,0,2,57,1
49,0.789,0,1,0,0,3,1,4,1,3,180,0
51,0.698,1,0,0,0,2,3,5,0,2,24,0
23,0.767,0,0,0,0,0,7,2,0,1,73,0
0,0.92,0,0,0,0,0,4,1,2,6,87,0
18,0.802,0,0,0,0,0,4,2,0,0,21,0
35,0.843,1,0,0,0,0,17,6,0,1,22,0
0,0.92,1,0,0,1,4,2,0,1,0,73,1
0,0.92,0,1,0,0,0,3,0,0,1,74,0
19,0.893,0,0,1,0,0,1,7,0,0,20,0
37,0.8270000000000001,0,0,0,0,0,0,5,0,2,52,1
0,0.92,0,0,0,1,3,20,0,1,0,136,0
0,0.92,1,1,1,2,1,14,0,1,3,20,0
2,0.91,0,0,0,1,0,0,7,0,1,66,0
0,0.92,0,0,0,0,0,15,0,1,0,25,1
0,0.92,1,1,1,1,0,7,2,3,1,104,0
3,0.926,0,0,0,3,1,0,1,0,1,14,0
3,0.926,0,0,0,0,0,15,1,2,0,134,0
0,0.92,1,0,0,0,0,0,6,0,1,172,0
0,0.92,0,0,0,0,2,5,1,5,0,35,0
2,0.91,0,0,0,0,0,8,3,0,0,32,0
1,0.624,0,0,0,0,0,2,0,1,2,92,0
0,0.92,0,0,0,4,0,14,5,0,0,45,0
5,0.897,0,0,0,1,0,15,0,1,0,80,0
0,0.92,0,0,0,0,0,0,0,3,1,32,0
5,0.897,0,0,0,0,0,10,1,0,1,153,0
15,0.913,0,0,0,1,0,2,2,5,0,22,0
31,0.579,0,0,0,0,0,4,1,2,0,112,1
2,0.91,0,0,0,0,0,10,0,1,1,58,0
9,0.924,0,0,1,2,1,9,2,3,0,41,1
15,0.913,1,0,0,1,0,0,1,0,0,116,0
6,0.855,1,0,0,1,0,2,4,4,0,39,0
2,0.91,0,0,0,4,0,0,0,1,0,49,0
1,0.624,1,1,0,0,0,1,3,0,0,5,0
56,0.691,0,0,0,0,0,7,7,0,1,63,1
4,0.92,0,0,0,0,0,0,2,2,0,52,0
27,0.682,2,0,0,0,3,0,0,1,2,63,0
0,0.92,1,0,0,0,0,3,1,0,0,180,0
4,0.92,0,0,0,0,0,0,0,1,1,45,1
4,0.92,0,0,0,0,0,10,0,1,5,14,1
27,0.682,0,0,0,0,0,4,3,0,2,10,0
2,0.91,1,0,0,0,0,8,5,0,2,33,0
4,0.92,0,0,0,0,0,19,2,0,4,18,0
17,0.899,0,1,0,5,1,14,0,1,3,168,0
0,0.92,0,0,0,0,0,8,1,0,0,18,0
3,0.926,1,0,0,0,0,0,0,1,6,92,0
0,0.92,0,0,0,0,0,9,3,0,5,32,0
12,0.884,0,1,1,0,3,5,0,1,0,43,1
1,0.624,0,1,2,2,1,13,0,0,3,96,0
0,0.92,0,0,0,2,1,4,7,0,2,62,0
15,0.913,0,0,0,0,0,19,1,0,0,86,0
0,0.92,0,0,0,1,0,7,2,0,2,64,0
18,0.802,1,1,1,2,1,6,2,0,3,83,0
42,0.738,0,1,0,3,1,5,0,1,3,68,0
7,0.939,0,0,0,1,0,0,0,1,1,156,0
2,0.91,0,0,0,1,0,0,4,0,0,12,0
3,0.926,0,1,0,1,0,2,6,0,2,21,0
24,0.762,0,0,0,1,0,2,3,0,0,12,0
1,0.624,0,1,0,0,0,3,2,0,0,64,1
42,0.738,0,0,1,0,0,4,2,0,0,39,0
4,0.92,0,0,0,0,0,4,5,3,0,26,0
1,0.624,1,0,0,1,0,3,1,4,2,110,1
26,0.836,0,1,0,2,1,3,0,1,3,9,0
94,0.898,0,0,0,1,0,8,1,0,0,10,0
28,0.6659999999999999,0,0,0,0,0,1,0,1,0,31,0
15,0.913,0,0,0,0,0,1,6,4,3,15,0
2,0.91,0,0,0,0,0,1,1,0,5,28,0
18,0.802,0,0,0,1,0,6,3,1,0,334,0
0,0.92,0,1,1,1,0,9,0,1,2,24,1
0,0.92,0,0,0,1,0,0,5,0,0,79,0
1,0.624,1,1,0,5,1,14,0,0,3,150,1
2,0.91,0,0,0,0,0,0,3,0,0,18,0
1,0.624,0,1,1,0,0,3,0,0,3,48,1
10,0.754,1,0,2,2,1,12,0,1,0,23,0
2,0.91,1,1,0,4,0,0,8,5,1,45,0
54,0.8270000000000001,0,0,1,0,0,3,2,0,2,38,0
2,0.91,0,1,1,1,0,7,0,1,0,121,0
0,0.92,0,1,1,2,1,1,0,1,5,98,1
21,0.923,2,0,0,0,3,7,0,1,1,160,1
0,0.92,2,0,0,0,0,0,2,5,0,17,0
1,0.624,0,0,0,0,0,4,3,0,0,55,0
2,0.91,0,0,0,0,0,10,0,1,1,47,0
42,0.738,0,0,0,0,0,4,2,2,0,25,0
1,0.624,1,1,1,0,0,8,0,1,6,48,0
0,0.92,0,1,1,2,1,2,0,5,0,332,1
0,0.92,1,1,0,2,1,4,0,1,3,28,0
1,0.624,0,0,0,1,0,8,2,0,0,24,1
0,0.92,0,0,0,0,4,1,6,0,0,26,0
0,0.92,2,0,0,0,2,1,2,2,5,138,0
15,0.913,0,0,0,0,0,15,7,0,1,13,0
40,0.949,0,1,0,1,0,8,5,0,0,11,0
63,0.84,0,0,0,0,0,3,2,0,2,7,0
0,0.92,0,0,0,0,0,0,2,3,2,47,0
1,0.624,0,0,0,1,0,19,5,0,1,11,1
55,0.848,0,1,0,0,0,14,1,0,0,57,0
28,0.6659999999999999,0,0,0,0,0,4,2,0,2,14,0
0,0.92,0,0,0,0,0,0,0,1,0,50,0
73,0.764,0,1,0,0,0,1,0,1,2,36,1
0,0.92,0,0,0,0,0,11,4,0,0,4,0
7,0.939,0,0,0,1,0,1,1,0,2,112,0
5,0.897,0,0,0,0,0,0,3,3,0,108,0
0,0.92,2,0,0,1,0,10,3,0,1,55,0
1,0.624,0,0,0,0,0,3,2,0,2,164,1
47,0.555,1,0,0,0,0,5,7,5,0,17,1
110,0.487,1,1,1,0,0,3,0,1,3,55,1
53,0.7659999999999999,0,0,0,0,0,6,6,0,1,14,0
15,0.913,0,0,2,0,0,7,2,5,0,16,1
3,0.926,0,1,1,0,4,13,4,2,0,86,0
0,0.92,0,0,0,0,0,5,3,0,0,24,0
0,0.92,0,0,3,0,2,0,2,5,0,2,0
6,0.855,0,0,0,0,0,11,0,1,0,51,0
2,0.91,0,0,0,0,5,6,1,0,4,26,0
0,0.92,0,0,0,0,0,9,1,0,0,10,0
1,0.624,0,0,1,0,0,3,3,0,0,54,0
0,0.92,0,0,0,1,0,7,1,0,0,72,0
2,0.91,0,1,0,5,1,5,0,1,3,14,0
17,0.899,0,1,0,5,1,2,0,1,0,44,0
77,0.698,1,0,0,1,0,11,2,0,0,17,0
2,0.91,1,0,0,0,0,10,4,0,4,47,0
1,0.624,0,0,1,0,0,5,6,0,2,62,1
95,0.921,2,0,1,0,0,1,1,0,0,308,0
0,0.92,0,0,0,0,0,4,0,1,1,166,0
2,0.91,0,0,0,0,0,16,5,0,4,108,0
0,0.92,0,0,0,0,0,9,1,0,2,19,0
1,0.624,0,0,0,0,0,13,3,0,0,167,1
8,0.804,0,0,1,3,1,0,6,4,0,39,0
0,0.92,0,0,0,0,0,16,8,0,0,106,0
66,0.647,0,0,0,1,0,3,3,0,0,77,0
2,0.91,0,0,0,0,0,8,2,0,1,21,0
3,0.926,1,0,0,1,0,0,8,0,0,2,0
22,0.8959999999999999,0,1,0,1,0,0,0,1,1,26,0
116,0.649,1,0,1,3,1,1,6,6,6,188,0
3,0.926,1,0,0,1,0,6,4,4,0,17,0
0,0.92,1,0,0,0,0,11,4,0,4,168,1
1,0.624,1,1,1,0,0,2,0,1,3,25,1
0,0.92,0,0,0,0,0,17,4,2,0,157,0
1,0.624,1,1,1,0,0,6,0,0,3,51,0
0,0.92,0,0,0,0,0,0,0,1,1,99,0
86,0.856,0,1,0,4,0,18,0,1,0,50,0
4,0.92,0,0,1,0,0,9,0,1,2,54,1
34,0.915,0,1,0,5,1,3,0,1,3,14,0
1,0.624,1,0,0,0,0,6,3,0,4,66,0
0,0.92,2,0,0,1,0,10,6,0,0,75,0
5,0.897,0,0,0,1,0,13,0,1,0,76,0
22,0.8959999999999999,0,0,0,1,0,7,1,0,0,122,0
0,0.92,1,1,1,0,0,3,1,0,2,218,0
4,0.92,0,0,0,0,3,18,3,3,1,94,0
3,0.926,0,0,1,2,1,6,0,1,0,17,0
0,0.92,0,0,0,0,0,0,2,2,2,6,0
1,0.624,1,0,0,1,0,5,4,0,0,39,1
0,0.92,2,0,0,1,2,13,4,2,0,78,0
0,0.92,0,0,0,2,1,0,1,0,1,92,0
3,0.926,0,0,0,1,0,0,2,0,1,56,0
0,0.92,0,0,0,0,0,0,4,0,1,8,0
56,0.691,0,0,0,0,0,10,4,0,0,45,1
33,0.6890000000000001,1,0,0,0,0,14,6,0,1,24,0
76,0.769,0,0,0,1,0,12,8,3,2,36,0
0,0.92,0,0,0,2,1,0,5,0,2,182,0
7,0.939,0,0,0,1,0,11,3,0,0,46,0
3,0.926,1,0,0,1,0,0,8,0,0,138,0
43,0.5579999999999999,0,0,0,0,0,2,4,0,0,11,1
5,0.897,0,0,0,1,0,0,6,5,2,37,1
75,0.698,2,0,0,0,0,4,2,0,0,22,0
0,0.92,1,1,2,0,0,5,1,3,2,31,0
6,0.855,0,0,2,0,0,2,0,1,0,236,0
0,0.92,0,1,0,0,6,14,0,1,0,10,1
0,0.92,0,0,0,0,6,18,8,0,0,125,0
1,0.624,1,0,1,0,0,1,3,0,0,50,0
44,0.7759999999999999,0,1,1,2,1,3,0,0,3,22,0
1,0.624,0,0,0,0,0,16,5,0,1,85,1
22,0.8959999999999999,2,0,1,0,0,2,4,0,0,23,0
30,0.925,1,0,0,1,0,0,2,0,0,58,0
21,0.923,0,0,0,1,0,19,3,0,0,37,0
5,0.897,0,0,0,1,0,9,1,0,1,37,0
3,0.926,0,1,2,0,0,6,2,0,0,324,1
5,0.897,1,0,0,1,0,12,5,0,1,123,0
2,0.91,0,0,0,0,0,9,6,0,5,78,1
1,0.624,0,1,1,0,0,13,0,1,3,22,1
2,0.91,0,1,0,0,4,3,3,1,0,157,0
0,0.92,0,1,0,4,0,11,1,0,2,54,0
5,0.897,0,0,0,1,0,6,6,0,0,34,0
3,0.926,0,0,0,0,0,6,1,0,4,76,0
0,0.92,1,0,0,0,0,0,4,6,1,31,0
50,0.727,0,0,0,0,0,19,2,2,2,83,0
57,0.698,0,1,1,2,1,3,6,4,3,67,0
24,0.762,0,0,0,1,0,11,0,1,0,6,1
44,0.7759999999999999,0,0,0,2,1,3,1,0,0,28,0
0,0.92,1,1,0,1,2,0,3,3,4,154,0
1,0.624,0,0,1,0,0,7,3,0,0,53,0
1,0.624,1,1,1,2,1,5,0,1,3,126,0
3,0.926,1,0,0,0,0,2,1,0,0,86,0
14,0.698,0,1,2,1,0,1,3,3,0,328,1
1,0.624,1,0,3,0,0,2,2,0,4,26,1
17,0.899,0,0,0,0,0,16,2,2,1,96,0
4,0.92,0,0,1,0,0,3,0,1,0,43,0
1,0.624,1,1,1,1,0,5,5,1,2,76,0
0,0.92,1,1,1,0,0,3,6,4,6,8,0
1,0.624,0,1,0,0,0,2,2,0,5,164,1
2,0.91,0,0,0,1,0,0,2,0,1,53,0
1,0.624,0,0,0,0,0,8,3,0,4,44,0
19,0.893,0,1,1,0,0,17,0,1,0,28,0
0,0.92,0,0,0,0,0,5,0,1,0,98,1
0,0.92,0,1,1,0,0,6,0,1,3,45,1
29,0.89,0,0,0,5,1,6,4,0,2,20,0
4,0.92,0,0,0,1,0,0,0,1,1,23,1
0,0.92,0,0,0,0,4,11,0,1,2,7,1
2,0.91,0,0,0,0,0,0,7,0,0,36,0
14,0.698,0,1,2,2,1,5,6,4,0,69,0
70,0.74,0,0,1,0,0,11,3,0,1,32,0
118,0.7809999999999999,1,1,1,0,0,2,0,1,3,63,1
21,0.923,1,1,0,1,2,0,0,1,1,24,1
0,0.92,0,0,0,0,0,1,1,0,0,26,0
0,0.92,0,0,0,2,1,0,8,0,2,18,0
16,0.939,0,0,0,0,0,11,4,0,1,84,0
1,0.624,1,1,1,3,1,13,0,0,3,45,1
2,0.91,0,0,0,0,0,15,6,0,1,36,0
39,0.903,0,0,0,0,0,0,0,1,4,200,0
0,0.92,2,1,0,1,0,8,0,1,0,106,1
0,0.92,0,1,1,0,0,3,3,0,3,10,1
0,0.92,0,1,0,0,0,1,0,1,1,13,1
9,0.924,0,0,0,0,0,1,1,0,0,39,0
1,0.624,0,0,0,0,0,0,4,0,3,14,1
0,0.92,0,0,0,0,0,0,0,1,2,29,0
5,0.897,0,0,0,1,0,4,4,4,0,91,0
74,0.698,0,0,1,0,0,7,0,1,0,16,0
2,0.91,0,0,0,1,0,2,2,2,0,74,0
9,0.924,1,0,0,1,0,3,6,4,2,7,0
26,0.836,0,0,0,0,0,2,0,1,0,141,1
36,0.527,0,1,0,0,0,5,0,1,0,111,0
15,0.913,0,0,0,2,1,12,6,0,1,14,0
3,0.926,0,0,2,0,0,8,3,0,2,74,0
40,0.949,0,0,0,0,0,12,8,0,2,174,0
1,0.624,0,1,0,2,1,4,0,1,0,126,0
5,0.897,0,0,1,0,0,0,0,3,0,14,0
3,0.926,1,0,0,1,0,0,0,1,0,47,0
72,0.865,0,0,3,2,1,1,1,3,5,50,0
0,0.92,1,0,0,0,3,17,3,0,0,34,0
3,0.926,1,1,1,2,1,4,0,1,3,11,0
4,0.92,1,0,0,0,0,1,5,3,0,30,0
1,0.624,1,1,0,5,1,5,0,1,3,204,0
4,0.92,0,0,0,0,0,12,1,0,2,262,0
16,0.939,0,0,0,1,0,1,4,0,0,55,1
5,0.897,1,0,0,1,0,1,3,0,0,256,1
0,0.92,0,0,0,0,5,1,0,1,3,101,0
16,0.939,0,0,0,1,0,7,5,0,0,6,0
6,0.855,0,1,1,5,1,5,0,1,0,95,0
3,0.926,0,0,0,1,0,16,4,4,0,23,0
1,0.624,0,1,1,2,1,2,0,1,3,10,0
29,0.89,2,1,0,4,0,0,6,3,4,87,0
0,0.92,1,1,1,0,0,14,0,1,6,61,1
27,0.682,0,0,0,0,0,0,2,0,0,103,0
6,0.855,0,0,0,1,0,4,3,0,0,8,0
1,0.624,2,0,0,0,0,4,4,0,3,22,1
4,0.92,1,0,1,1,0,9,0,3,1,35,0
7,0.939,1,0,0,1,0,4,8,5,0,9,0
25,0.743,1,0,0,2,1,13,5,0,0,132,0
14,0.698,1,1,0,0,0,9,0,1,3,200,0
49,0.789,2,1,0,0,0,18,0,1,1,40,0
18,0.802,0,0,0,2,1,16,2,0,0,4,0
45,0.925,0,0,0,4,0,4,1,4,2,105,0
0,0.92,2,0,0,0,0,6,4,2,0,135,0
3,0.926,0,0,0,1,0,10,4,0,2,96,0
6,0.855,1,1,0,0,0,2,3,0,2,75,0
0,0.92,3,0,0,0,0,0,3,0,1,15,1
4,0.92,2,0,0,0,0,0,8,0,1,40,0
35,0.843,0,0,0,1,0,19,4,0,0,56,0
1,0.624,0,1,1,2,1,6,0,1,2,25,0
11,0.887,0,0,3,0,0,0,7,0,1,4,0
6,0.855,0,0,0,1,0,11,2,0,0,6,0
15,0.913,0,1,1,0,0,4,3,0,4,9,0
4,0.92,0,0,0,0,0,8,1,0,5,44,0
1,0.624,0,0,0,0,0,6,2,0,0,72,1
6,0.855,0,1,0,5,1,8,0,1,4,62,0
0,0.92,0,0,0,0,0,21,8,0,0,110,0
1,0.624,0,0,1,0,0,9,2,0,0,31,0
79,0.743,0,0,0,1,0,0,2,0,0,278,0
2,0.91,0,0,0,0,0,7,3,0,0,29,0
2,0.91,0,0,0,0,0,19,0,1,1,24,0
0,0.92,0,0,0,1,0,8,2,2,0,96,0
1,0.624,0,1,0,0,0,4,3,0,3,21,1
17,0.899,0,0,1,2,1,5,4,0,3,25,0
16,0.939,0,0,0,1,4,2,5,0,4,103,0
23,0.767,1,0,2,1,0,4,1,0,2,79,0
0,0.92,1,0,0,0,3,1,1,1,2,154,0
0,0.92,0,0,0,0,0,9,5,0,1,84,0
19,0.893,1,0,1,0,0,14,7,0,0,50,0
25,0.743,0,0,0,1,0,0,3,0,5,157,0
0,0.92,0,0,0,1,5,0,0,1,0,36,1
0,0.92,0,0,0,1,0,6,3,0,4,14,0
11,0.887,1,0,0,0,0,13,6,2,0,154,0
5,0.897,0,0,0,0,0,18,3,0,1,126,0
1,0.624,0,0,1,0,0,1,1,0,0,135,1
0,0.92,1,0,2,0,0,4,3,3,2,136,0
3,0.926,1,0,1,2,1,4,1,1,2,13,0
28,0.6659999999999999,0,0,1,1,0,7,0,1,0,38,0
2,0.91,0,0,0,1,0,7,3,0,1,47,0
1,0.624,0,1,0,0,0,1,4,1,3,69,0
12,0.884,1,0,0,1,0,2,0,1,0,224,0
0,0.92,0,0,0,1,3,0,0,1,1,14,0
37,0.8270000000000001,1,0,0,0,0,17,2,0,0,52,0
0,0.92,0,0,1,0,0,1,6,4,0,54,0
1,0.624,1,1,1,0,0,1,0,1,3,83,0
11,0.887,0,0,0,0,0,0,5,0,1,38,0
3,0.926,0,0,0,1,0,0,2,1,1,12,0
9,0.924,0,0,0,0,0,0,4,0,0,21,0
1,0.624,0,0,0,0,0,9,8,0,0,57,1
1,0.624,1,1,0,0,0,13,6,1,0,29,0
4,0.92,2,1,0,0,5,13,0,1,0,29,0
76,0.769,0,1,0,0,0,6,0,1,2,104,1
0,0.92,0,0,1,0,0,1,2,0,2,14,0
10,0.754,0,0,0,1,0,7,3,0,0,10,0
53,0.7659999999999999,0,0,1,2,1,4,0,1,0,131,0
3,0.926,0,0,0,0,0,9,4,0,4,72,0
2,0.91,0,0,0,0,0,0,1,1,1,106,0
35,0.843,0,1,1,2,1,3,0,1,3,35,0
81,0.4479999999999999,0,1,0,0,0,2,4,3,0,44,1
2,0.91,1,1,1,0,0,2,0,1,0,40,1
48,0.698,0,1,1,0,0,1,0,1,3,17,1
2,0.91,0,0,0,0,0,0,0,1,0,24,0
4,0.92,1,0,0,0,0,2,4,0,0,8,0
5,0.897,0,1,2,1,0,2,5,1,0,17,0
32,0.866,0,1,3,3,1,3,0,1,3,47,0
35,0.843,2,0,0,0,0,17,6,0,4,44,1
12,0.884,1,1,1,0,0,1,0,1,0,147,0
0,0.92,0,0,0,0,0,7,1,2,2,9,0
1,0.624,0,0,0,0,0,3,3,0,0,13,1
0,0.92,0,0,0,1,0,0,2,5,4,40,0
34,0.915,0,1,1,0,0,3,0,1,3,12,0
2,0.91,0,0,0,2,1,1,0,1,3,42,0
0,0.92,1,0,0,0,0,0,5,0,1,8,0
11,0.887,0,0,0,0,0,0,7,0,1,96,0
3,0.926,0,0,0,0,0,7,8,5,4,4,0
4,0.92,0,1,1,0,0,13,0,1,0,43,0
0,0.92,0,1,0,0,0,6,1,0,1,31,0
59,0.74,0,0,0,0,0,17,6,0,2,57,0
6,0.855,0,0,1,0,0,1,3,0,2,28,1
49,0.789,1,1,1,0,0,13,3,0,0,3,0
0,0.92,0,0,0,0,0,9,3,0,0,24,0
3,0.926,1,0,0,1,0,10,0,1,3,91,0
1,0.624,0,1,1,2,1,5,0,1,3,78,1
33,0.6890000000000001,1,1,1,0,0,6,1,0,3,300,0
4,0.92,1,1,1,2,1,13,0,1,3,67,0
2,0.91,1,0,1,0,0,1,1,0,0,114,1
52,0.698,0,0,0,1,0,7,5,0,5,39,1
3,0.926,0,1,1,0,0,9,8,3,4,31,0
8,0.804,0,1,0,2,1,2,0,0,3,94,0
21,0.923,0,0,2,0,0,1,5,0,1,70,1
23,0.767,0,1,1,0,0,2,0,1,0,14,1
3,0.926,1,0,1,2,1,6,0,1,2,82,0
1,0.624,1,1,1,0,0,13,0,1,0,126,0
0,0.92,0,0,0,0,0,2,0,1,2,136,1
47,0.555,0,1,1,0,0,5,0,1,2,120,0
13,0.55,1,0,1,0,0,1,3,0,0,196,0
52,0.698,0,1,0,2,1,4,7,5,3,254,0
25,0.743,0,0,1,0,0,4,8,0,2,102,1
73,0.764,0,0,0,0,0,4,0,1,0,7,1
16,0.939,0,0,0,1,0,10,7,0,1,67,0
85,0.7390000000000001,0,0,0,0,0,0,6,0,1,12,0
38,0.895,0,1,0,4,0,0,2,3,1,24,0
0,0.92,0,1,0,4,0,21,5,3,0,43,1
0,0.92,0,1,0,5,1,6,0,1,3,25,0
55,0.848,1,1,3,3,1,10,0,1,1,102,0
3,0.926,0,0,1,0,0,16,2,0,5,17,0
6,0.855,0,0,2,2,1,2,5,0,0,22,0
1,0.624,3,0,1,0,0,1,0,0,3,50,1
19,0.893,0,1,3,0,6,16,3,3,5,68,0
0,0.92,0,1,0,0,0,10,3,0,2,19,0
0,0.92,1,0,2,0,3,13,6,5,3,156,0
5,0.897,1,0,2,1,0,3,3,0,0,66,0
1,0.624,0,0,0,0,0,6,1,0,2,140,1
27,0.682,1,1,2,1,3,4,0,1,0,89,0
12,0.884,0,0,0,0,3,1,6,0,0,28,0
41,0.794,0,1,1,2,1,3,1,0,0,30,1
1,0.624,0,1,1,2,1,11,0,1,3,50,1
2,0.91,0,0,0,0,5,0,1,4,5,40,0
37,0.8270000000000001,0,1,1,2,1,8,0,1,3,152,0
113,0.698,0,1,0,0,0,1,0,1,4,56,1
0,0.92,0,0,0,0,0,0,0,1,0,13,1
3,0.926,1,0,0,0,4,16,0,1,1,35,0
0,0.92,0,1,1,2,1,2,0,0,3,310,0
2,0.91,0,1,1,1,0,17,0,1,5,17,1
14,0.698,1,0,0,4,2,9,6,4,3,210,0
87,0.7759999999999999,2,1,1,0,0,2,8,1,0,111,0
2,0.91,0,1,0,0,0,19,5,0,0,56,0
3,0.926,0,0,0,0,0,4,4,0,0,68,0
0,0.92,0,0,0,0,0,0,8,0,0,63,0
0,0.92,0,0,0,0,5,2,0,1,0,58,1
15,0.913,0,0,0,1,0,0,0,1,1,53,0
6,0.855,1,0,2,0,0,4,5,0,3,39,0
6,0.855,0,0,0,0,0,4,1,0,2,188,1
0,0.92,0,1,0,4,0,0,1,5,1,18,0
4,0.92,0,0,0,1,0,0,3,3,5,55,0
20,0.878,0,1,1,0,0,8,0,1,0,21,1
37,0.8270000000000001,0,1,2,0,0,8,0,1,5,8,1
1,0.624,0,0,1,0,0,5,1,0,0,21,1
1,0.624,0,0,0,0,0,5,1,0,2,21,1
39,0.903,1,1,0,0,0,1,1,2,0,90,0
25,0.743,0,0,1,2,1,6,1,5,0,29,0
28,0.6659999999999999,1,1,1,0,0,1,0,1,0,38,1
1,0.624,1,1,0,0,0,5,4,1,0,75,0
0,0.92,0,0,0,0,0,1,3,0,5,23,0
0,0.92,0,0,0,0,0,0,1,0,0,190,0
82,0.856,1,0,0,0,6,16,5,0,2,314,0
15,0.913,0,0,0,1,0,0,3,0,1,41,0
54,0.8270000000000001,0,1,1,0,0,11,0,1,0,73,1
0,0.92,0,0,0,0,0,6,5,0,4,4,1
10,0.754,0,0,0,0,0,16,1,0,0,71,0
1,0.624,2,1,0,1,2,3,0,1,1,57,1
3,0.926,0,0,0,0,0,6,2,0,5,11,1
12,0.884,0,0,0,0,0,0,1,0,1,236,0
2,0.91,0,1,0,0,0,2,4,1,0,126,1
1,0.624,0,0,0,0,0,16,1,0,1,17,0
12,0.884,0,1,0,1,0,9,6,4,2,50,0
12,0.884,0,0,0,0,0,0,2,0,0,10,1
29,0.89,1,0,0,0,0,0,4,0,0,61,0
0,0.92,0,1,1,0,0,7,2,5,0,167,0
3,0.926,0,0,0,0,0,16,3,0,2,23,0
18,0.802,0,1,0,0,0,0,4,0,0,316,0
27,0.682,0,0,0,0,0,8,0,0,0,66,0
16,0.939,1,1,1,0,0,5,0,1,0,94,0
25,0.743,0,1,0,1,0,9,3,1,0,48,0
20,0.878,1,1,0,3,1,11,5,0,1,73,0
3,0.926,0,0,0,1,0,19,2,0,1,34,0
56,0.691,2,0,1,0,0,7,4,1,0,64,0
26,0.836,0,1,2,1,2,19,4,0,4,20,0
2,0.91,2,0,0,0,0,10,1,2,0,54,0
4,0.92,0,0,0,0,0,0,2,0,4,17,0
3,0.926,0,1,2,0,4,14,3,0,2,14,0
2,0.91,1,0,0,0,2,3,1,2,0,212,0
0,0.92,0,0,0,0,0,0,0,1,1,78,0
50,0.727,1,1,2,1,0,16,8,3,0,91,0
76,0.769,1,0,0,0,6,12,3,1,1,47,0
18,0.802,0,0,0,0,0,16,0,1,0,127,0
13,0.55,2,0,0,0,0,1,6,0,0,280,0
3,0.926,1,0,0,1,0,0,1,1,1,55,0
3,0.926,0,0,0,0,0,8,3,0,0,92,0
1,0.624,0,0,1,0,3,14,0,1,0,41,1
0,0.92,1,0,2,0,0,2,3,0,4,100,0
0,0.92,1,0,0,0,0,11,1,0,1,111,0
7,0.939,0,0,0,3,1,0,1,0,0,15,0
0,0.92,0,0,2,0,0,10,1,0,0,15,0
3,0.926,0,0,0,2,1,9,3,0,2,85,0
1,0.624,2,0,0,1,0,1,1,0,4,28,0
0,0.92,0,0,0,0,0,7,2,5,0,21,0
0,0.92,0,0,0,0,6,18,8,0,1,45,0
0,0.92,0,0,0,0,2,1,1,0,1,135,0
34,0.915,0,0,0,0,0,0,0,1,1,94,1
41,0.794,0,0,0,0,4,5,1,0,2,77,0
1,0.624,2,0,0,0,0,8,3,0,2,54,0
41,0.794,0,0,0,1,0,15,2,0,1,89,0
0,0.92,0,1,0,0,4,5,5,0,0,36,0
45,0.925,1,0,0,0,0,4,2,3,3,80,0
14,0.698,1,0,0,0,0,5,6,0,6,134,1
90,0.698,0,1,0,0,0,2,0,1,3,21,0
5,0.897,0,0,2,0,0,3,4,0,0,46,0
3,0.926,0,0,0,2,1,0,4,0,3,21,0
1,0.624,1,0,0,0,0,2,3,0,2,31,1
12,0.884,0,0,0,3,1,4,2,1,0,14,0
54,0.8270000000000001,0,0,0,1,0,18,2,0,0,64,0
10,0.754,0,0,2,0,0,10,4,2,0,66,1
6,0.855,0,1,1,2,1,5,0,1,3,22,0
34,0.915,1,1,1,2,1,7,3,0,0,97,0
2,0.91,0,0,0,0,0,7,1,0,0,26,0
0,0.92,0,0,0,0,0,10,4,0,1,46,0
1,0.624,0,1,1,0,0,9,0,1,3,31,1
1,0.624,1,0,1,0,0,16,1,0,1,77,1
0,0.92,0,0,0,0,5,0,0,1,1,84,0
1,0.624,0,0,0,1,0,4,4,4,0,83,0
19,0.893,0,0,2,0,0,4,4,0,4,5,0
45,0.925,1,1,1,1,0,10,6,0,2,83,0
13,0.55,0,1,1,0,0,1,0,1,3,51,1
55,0.848,0,0,0,0,0,10,2,5,0,39,0
0,0.92,0,0,0,0,0,16,2,0,1,18,0
38,0.895,0,0,0,1,0,8,1,2,0,81,0
61,0.579,0,0,0,2,1,9,0,1,0,20,0
1,0.624,2,0,1,0,0,4,1,0,5,59,0
24,0.762,0,1,1,2,1,5,0,1,3,40,0
33,0.6890000000000001,1,0,1,0,0,4,8,0,0,58,0
42,0.738,0,1,0,0,0,8,2,3,5,56,0
17,0.899,0,0,1,0,0,2,3,0,2,10,0
3,0.926,0,0,0,1,0,11,3,0,2,98,0
104,0.698,0,0,0,0,0,6,0,1,0,82,1
0,0.92,3,0,3,0,0,4,1,0,0,24,0
8,0.804,0,1,2,1,0,6,0,1,1,139,1
1,0.624,0,0,1,0,0,5,6,0,0,102,1
12,0.884,1,1,0,0,0,4,0,1,3,26,1
3,0.926,0,0,0,0,5,3,4,0,0,20,0
32,0.866,2,1,2,0,0,14,4,0,2,83,0
2,0.91,0,0,0,0,0,0,2,0,2,17,0
45,0.925,0,1,1,0,4,5,0,1,0,192,1
0,0.92,1,1,1,0,0,2,0,1,0,36,1
0,0.92,0,1,1,0,0,3,1,3,0,224,0
16,0.939,1,0,0,1,0,0,3,0,2,40,0
37,0.8270000000000001,1,0,1,0,0,2,7,1,0,140,0
4,0.92,0,0,0,0,0,4,1,0,0,164,0
4,0.92,0,0,1,2,1,2,0,1,0,154,0
1,0.624,0,1,0,3,1,3,0,1,0,24,0
2,0.91,0,0,0,0,5,8,6,0,0,94,1
0,0.92,0,0,0,0,0,0,0,1,0,19,1
0,0.92,0,0,0,3,1,13,2,6,0,53,0
3,0.926,1,0,0,0,0,4,2,0,0,1,0
1,0.624,0,0,0,1,0,9,2,0,0,25,1
12,0.884,2,0,2,0,0,0,3,0,1,99,0
44,0.7759999999999999,0,0,2,0,0,7,4,0,1,13,0
4,0.92,1,1,0,5,1,14,0,1,6,166,0
1,0.624,0,1,1,2,1,5,0,1,3,82,0
12,0.884,0,0,0,0,0,10,7,0,0,105,0
0,0.92,2,0,0,1,3,1,0,1,0,54,0
0,0.92,0,1,2,0,0,3,2,0,0,12,1
5,0.897,1,0,0,1,0,1,8,0,3,15,0
0,0.92,0,1,1,1,0,10,4,0,0,10,0
0,0.92,0,0,0,1,0,12,3,0,4,166,1
1,0.624,2,0,0,0,0,14,6,4,0,73,1
3,0.926,0,0,0,0,0,12,1,1,1,68,0
2,0.91,0,0,0,1,0,8,1,0,1,88,0
18,0.802,0,0,0,0,0,17,4,4,1,6,0
22,0.8959999999999999,1,1,1,0,0,1,0,1,6,98,0
6,0.855,0,1,1,0,0,5,0,0,3,6,0
15,0.913,0,1,0,0,0,0,0,1,1,134,0
1,0.624,1,0,1,0,0,13,1,0,6,27,1
3,0.926,0,0,0,1,0,12,2,0,2,80,0
14,0.698,0,0,0,0,0,1,2,1,2,6,1
2,0.91,0,0,0,1,3,19,0,1,0,15,0
0,0.92,0,0,0,0,0,2,5,0,0,23,0
0,0.92,0,0,0,1,0,0,0,1,2,22,1
4,0.92,0,0,0,0,0,6,1,0,1,15,0
13,0.55,1,0,0,0,0,10,2,0,2,76,0
0,0.92,0,0,1,0,0,5,6,0,0,33,0
0,0.92,0,0,0,0,2,12,6,4,2,178,0
83,0.847,3,1,0,0,0,14,6,0,0,40,1
0,0.92,0,0,0,0,0,6,2,0,2,56,0
5,0.897,0,0,0,1,0,6,3,0,2,24,1
35,0.843,2,0,0,1,0,6,1,0,0,6,1
18,0.802,0,0,1,0,0,4,5,0,3,152,0
4,0.92,0,1,1,0,0,13,1,5,0,39,1
5,0.897,0,0,0,1,0,7,0,1,1,76,0
3,0.926,0,0,0,1,0,10,1,2,0,77,0
0,0.92,0,1,1,2,1,3,3,0,0,30,0
18,0.802,1,0,1,1,0,15,7,0,4,46,0
0,0.92,0,1,1,0,0,1,1,1,0,73,1
0,0.92,0,0,0,0,0,6,0,1,0,63,0
1,0.624,0,1,0,0,0,0,3,0,4,24,0
10,0.754,0,0,0,1,0,0,0,1,1,41,0
1,0.624,1,1,1,1,0,3,0,0,3,30,0
38,0.895,0,0,0,1,0,12,1,0,5,18,0
90,0.698,1,0,0,4,0,10,6,0,3,138,0
42,0.738,0,0,0,0,0,1,0,0,3,31,0
5,0.897,0,0,2,1,0,11,6,0,0,69,0
34,0.915,1,1,0,0,0,8,2,0,0,25,0
1,0.624,0,0,0,0,0,20,1,0,1,284,0
52,0.698,0,0,0,0,0,0,2,0,5,32,0
0,0.92,0,0,0,1,0,7,3,0,0,20,0
1,0.624,1,0,0,1,0,11,3,1,0,16,1
8,0.804,0,1,1,1,0,13,1,3,0,45,0
0,0.92,0,1,1,2,1,4,0,1,0,14,0
25,0.743,1,0,1,1,0,5,1,0,0,4,0
25,0.743,1,0,0,2,1,2,6,4,0,14,0
2,0.91,0,0,0,0,6,0,3,0,0,77,0
39,0.903,1,1,3,3,1,14,0,1,3,84,0
0,0.92,0,0,0,0,2,15,0,1,3,17,1
2,0.91,0,1,0,0,0,0,3,0,1,24,0
37,0.8270000000000001,0,0,0,2,1,11,8,0,0,26,1
32,0.866,0,0,0,0,0,0,6,2,0,55,0
49,0.789,1,0,0,0,0,12,7,0,0,48,1
1,0.624,0,0,0,0,0,7,3,0,0,25,1
5,0.897,0,0,2,1,0,6,1,0,0,65,0
0,0.92,0,0,0,0,0,0,3,0,1,49,0
2,0.91,0,0,0,1,0,16,0,1,0,306,0
0,0.92,0,0,0,0,0,2,2,0,0,72,0
4,0.92,0,0,0,0,0,0,3,0,1,6,0
37,0.8270000000000001,1,0,3,1,0,17,6,1,0,15,0
2,0.91,0,1,1,2,1,9,0,1,3,64,0
2,0.91,0,0,0,0,2,13,2,0,0,100,0
5,0.897,0,0,0,1,0,0,1,0,1,22,0
3,0.926,0,0,0,0,0,12,5,0,5,70,0
1,0.624,1,0,0,1,0,4,0,1,0,22,0
45,0.925,1,1,1,0,0,5,2,5,0,4,0
1,0.624,1,0,1,1,6,5,0,1,0,45,1
0,0.92,0,1,1,0,0,4,0,1,2,42,0
3,0.926,0,0,0,1,0,16,5,0,0,82,0
1,0.624,0,0,2,0,0,17,3,0,4,154,0
3,0.926,0,0,0,0,0,0,0,1,0,222,0
12,0.884,0,0,0,1,0,8,2,0,0,47,0
70,0.74,1,1,1,0,0,5,0,1,0,62,1
4,0.92,0,0,0,0,0,1,1,1,1,85,0
55,0.848,0,0,0,1,0,10,4,4,0,31,0
0,0.92,0,0,0,1,3,8,1,0,2,8,0
1,0.624,1,0,1,1,0,11,3,0,5,91,1
0,0.92,0,1,1,0,0,2,0,1,0,38,0
1,0.624,0,0,0,0,4,7,0,1,1,81,1
20,0.878,0,0,0,4,3,0,2,2,0,8,0
90,0.698,0,1,1,0,0,1,0,1,3,72,1
81,0.4479999999999999,1,1,1,0,0,5,0,1,3,43,1
0,0.92,0,0,0,0,0,0,7,0,4,60,0
0,0.92,1,1,1,2,1,2,7,0,0,21,0
2,0.91,1,1,1,2,1,13,0,1,3,69,0
0,0.92,0,1,0,2,1,13,0,1,3,200,0
1,0.624,0,0,0,0,0,13,3,0,3,106,0
46,0.698,2,0,2,0,0,14,8,3,0,8,1
0,0.92,0,0,1,0,0,8,0,1,0,168,0
88,0.794,0,1,1,3,1,5,0,0,3,178,0
0,0.92,1,0,0,0,6,15,4,0,1,8,0
4,0.92,0,1,0,0,2,5,7,0,2,84,0
6,0.855,0,0,3,0,0,8,5,1,2,114,0
5,0.897,0,0,0,0,0,0,0,1,3,35,0
39,0.903,1,1,2,2,1,13,0,1,0,63,1
0,0.92,0,0,0,0,6,18,4,0,5,20,0
23,0.767,0,1,1,0,0,5,0,0,3,62,1
1,0.624,0,1,1,2,1,1,0,0,3,6,0
31,0.579,1,0,0,0,0,3,1,0,0,62,1
4,0.92,0,0,0,0,0,4,7,3,2,130,0
0,0.92,0,0,0,0,0,11,3,0,1,34,0
1,0.624,0,1,1,5,1,2,0,1,3,25,1
0,0.92,0,0,0,0,0,7,2,2,0,78,0
4,0.92,0,0,0,0,0,12,3,0,1,40,0
0,0.92,0,1,0,1,0,6,0,1,4,16,0
6,0.855,0,0,0,0,0,12,2,0,1,53,0
2,0.91,0,0,0,1,0,8,4,0,2,28,0
32,0.866,0,0,0,0,0,20,1,0,1,31,0
35,0.843,0,0,1,0,0,8,1,2,0,40,0
5,0.897,0,0,0,1,0,12,4,1,0,102,0
0,0.92,0,0,0,1,0,0,0,1,2,92,1
10,0.754,0,1,0,0,0,17,0,1,1,42,0
7,0.939,0,0,0,0,0,19,0,1,0,31,0
46,0.698,2,0,1,3,1,0,6,4,3,77,0
6,0.855,0,1,1,2,1,9,2,0,0,34,0
20,0.878,0,0,0,2,1,4,1,1,0,70,0
1,0.624,1,0,0,0,0,14,1,0,0,74,0
5,0.897,0,0,0,1,0,15,1,0,1,102,0
6,0.855,0,0,0,1,0,0,0,1,1,39,1
76,0.769,0,1,0,2,1,13,0,1,0,35,0
0,0.92,1,0,0,1,0,0,8,3,2,78,0
17,0.899,0,0,0,0,3,0,6,0,5,49,0
6,0.855,0,0,1,0,0,1,4,0,0,240,0
52,0.698,1,1,2,1,0,2,7,3,6,111,1
0,0.92,0,1,0,2,1,2,0,1,3,21,0
49,0.789,0,1,1,0,0,3,1,0,0,46,0
27,0.682,1,0,0,0,3,4,7,3,0,112,0
11,0.887,0,1,0,2,1,11,0,0,1,29,0
0,0.92,0,0,0,0,0,10,3,0,1,242,0
2,0.91,0,1,0,1,0,0,7,0,3,72,0
92,0.64,1,0,0,0,0,11,2,2,2,176,0
0,0.92,0,0,0,0,0,18,2,0,2,106,0
13,0.55,1,0,0,1,0,15,1,0,1,12,1
2,0.91,0,1,0,2,1,3,0,1,0,147,0
1,0.624,0,0,0,1,0,18,5,0,1,168,1
0,0.92,0,0,0,0,0,2,3,5,0,47,0
12,0.884,0,0,0,1,0,0,1,4,1,39,0
4,0.92,0,0,0,2,1,0,0,1,2,11,0
0,0.92,0,0,0,2,1,19,0,1,4,29,0
59,0.74,0,0,0,0,0,16,1,0,0,3,0
0,0.92,0,0,0,1,0,0,5,0,0,36,0
20,0.878,0,1,2,0,0,1,3,0,0,77,0
1,0.624,0,0,0,0,0,15,3,0,1,7,0
3,0.926,1,1,1,2,1,13,1,3,0,74,0
0,0.92,1,0,0,0,0,4,3,3,0,10,0
41,0.794,0,0,0,1,0,1,2,0,4,113,0
1,0.624,1,0,0,0,0,8,4,2,1,39,1
0,0.92,0,0,0,0,0,0,2,0,0,92,0
0,0.92,0,0,0,0,0,19,3,0,1,294,0
3,0.926,2,0,0,1,0,11,1,0,2,8,0
0,0.92,2,0,0,0,0,10,2,2,2,107,0
9,0.924,0,1,0,1,0,12,3,0,0,53,0
3,0.926,0,0,0,0,0,0,4,0,0,40,0
5,0.897,2,1,1,4,0,4,2,3,0,158,0
27,0.682,1,0,0,0,0,16,6,0,2,140,0
17,0.899,0,0,0,0,0,3,1,0,0,155,1
37,0.8270000000000001,1,0,1,2,1,1,6,1,3,10,0
2,0.91,0,0,0,0,0,0,1,4,1,25,0
0,0.92,2,0,0,1,0,7,1,0,0,16,0
12,0.884,0,0,0,1,0,16,2,0,2,75,0
0,0.92,0,0,0,0,0,10,2,0,2,55,0
0,0.92,0,1,0,5,1,2,0,0,3,6,0
0,0.92,1,0,0,0,0,11,7,1,2,41,0
1,0.624,1,1,1,0,0,14,0,1,6,18,1
1,0.624,1,0,0,0,0,14,1,2,0,36,1
1,0.624,0,0,0,0,0,16,3,0,0,102,1
0,0.92,3,0,0,1,0,0,2,0,2,68,0
2,0.91,0,0,0,4,0,0,0,0,1,63,0
5,0.897,1,0,2,0,0,2,2,0,6,39,0
0,0.92,1,0,1,1,0,6,0,1,0,38,0
0,0.92,0,0,0,0,0,12,0,1,1,99,0
0,0.92,2,0,0,0,5,18,6,0,2,41,0
4,0.92,0,0,0,0,5,10,1,4,0,22,0
1,0.624,1,0,1,0,0,2,4,0,0,6,1
0,0.92,2,1,1,0,0,3,0,0,0,11,0
30,0.925,1,0,0,5,1,6,6,0,0,34,0
18,0.802,0,1,1,0,0,8,2,0,3,14,0
2,0.91,2,0,0,0,0,17,1,0,1,15,0
1,0.624,0,1,0,0,0,13,4,1,0,29,0
18,0.802,1,0,0,2,1,3,6,0,2,64,0
38,0.895,0,0,0,1,0,0,0,1,0,111,0
30,0.925,0,0,0,1,0,19,4,0,0,58,0
38,0.895,3,0,0,0,0,0,7,0,1,152,0
0,0.92,0,0,0,0,0,5,2,0,0,312,0
4,0.92,0,1,0,0,0,8,7,0,2,24,1
21,0.923,0,0,0,1,0,0,5,0,0,14,0
0,0.92,0,0,0,1,0,0,2,0,0,28,0
26,0.836,1,0,0,3,1,21,0,1,0,105,0
0,0.92,0,0,0,0,0,0,3,0,5,228,0
4,0.92,0,1,0,2,1,13,0,0,0,82,0
9,0.924,0,0,0,2,1,0,0,1,1,80,0
0,0.92,0,1,0,0,0,0,0,1,0,136,0
3,0.926,0,0,2,0,0,4,0,1,3,100,0
0,0.92,0,0,0,0,0,2,3,0,2,23,0
1,0.624,0,0,0,0,0,10,1,0,3,80,0
3,0.926,0,1,0,0,0,10,5,0,1,20,0
3,0.926,0,0,0,2,1,2,6,2,0,96,0
58,0.698,1,1,2,2,1,5,0,1,2,47,1
1,0.624,0,0,0,1,0,8,3,0,1,6,1
5,0.897,0,0,3,1,0,8,3,0,1,42,0
27,0.682,1,0,0,0,0,3,1,3,2,140,1
14,0.698,1,0,0,0,0,10,1,0,0,18,0
0,0.92,0,0,0,0,6,9,0,1,4,56,1
2,0.91,0,0,0,0,0,18,2,0,1,20,0
1,0.624,1,0,1,0,0,3,1,0,0,80,1
2,0.91,1,1,0,1,0,0,0,1,1,34,0
2,0.91,0,0,0,0,0,8,4,0,2,21,0
1,0.624,1,0,0,0,0,3,6,0,0,332,0
0,0.92,0,1,1,1,0,8,0,1,1,36,1
2,0.91,0,0,2,0,0,2,7,0,4,18,0
17,0.899,0,0,0,2,1,8,2,0,2,100,0
33,0.6890000000000001,0,0,0,0,0,7,2,1,0,206,0
0,0.92,1,1,0,0,1,1,5,0,1,43,0
2,0.91,0,0,0,0,0,16,6,0,1,57,0
4,0.92,0,1,0,0,0,3,0,3,5,80,0
2,0.91,0,0,0,1,0,6,2,5,0,74,0
1,0.624,0,0,1,1,0,6,6,4,2,119,0
0,0.92,0,0,0,0,0,0,0,1,0,47,1
0,0.92,0,0,0,0,0,0,6,2,0,91,0
0,0.92,1,0,0,0,3,3,2,0,2,106,0
30,0.925,1,1,1,2,1,11,6,4,0,28,0
22,0.8959999999999999,0,1,0,2,1,7,0,1,0,18,0
106,0.73,0,1,1,0,0,2,0,1,3,326,0
2,0.91,2,1,1,0,3,1,4,0,0,127,0
3,0.926,0,1,0,4,0,0,5,0,2,9,0
0,0.92,2,0,0,0,0,11,0,1,0,150,1
1,0.624,2,0,1,1,0,6,7,0,0,50,1
0,0.92,0,1,0,0,0,7,2,0,2,77,1
0,0.92,0,0,0,1,0,0,3,0,0,67,0
1,0.624,0,0,0,1,0,1,4,4,2,167,1
12,0.884,1,0,0,0,0,15,1,0,0,107,0
0,0.92,0,0,0,0,0,8,5,3,5,100,0
2,0.91,0,1,0,0,2,5,7,0,0,146,0
2,0.91,0,0,0,0,0,12,6,4,0,35,0
31,0.579,0,1,0,0,0,4,6,2,3,8,0
1,0.624,0,1,0,3,1,3,0,1,3,111,0
6,0.855,0,0,0,1,0,0,0,1,5,32,1
37,0.8270000000000001,1,1,2,0,2,1,0,1,4,24,0
16,0.939,0,0,0,0,0,12,5,0,1,112,0
2,0.91,2,1,0,0,0,0,3,0,0,47,0
3,0.926,0,0,0,3,1,7,1,0,0,24,0
23,0.767,0,0,2,0,0,6,1,2,0,57,0
3,0.926,0,1,1,0,0,4,1,5,0,51,1
46,0.698,1,1,3,1,0,1,0,1,0,89,0
0,0.92,0,0,0,0,0,0,2,0,1,63,0
2,0.91,0,0,0,1,0,0,3,0,1,44,0
0,0.92,0,0,0,0,0,1,1,0,3,153,1
0,0.92,0,0,0,0,0,4,2,3,2,135,0
0,0.92,0,0,0,0,0,0,6,2,1,27,0
0,0.92,0,0,0,1,0,12,1,0,0,31,0
0,0.92,0,1,0,0,2,3,0,1,2,72,1
1,0.624,2,0,0,0,0,10,3,0,0,5,1
18,0.802,0,1,3,0,0,4,2,0,1,26,0
27,0.682,1,1,0,0,0,1,2,0,0,336,0
41,0.794,0,0,0,0,4,3,2,0,2,12,0
17,0.899,0,0,0,0,0,0,1,2,0,6,0
9,0.924,0,0,0,0,0,0,3,0,4,18,0
0,0.92,0,1,1,0,3,5,0,1,0,72,0
1,0.624,0,0,0,0,0,2,1,0,0,25,0
0,0.92,0,0,0,1,0,0,0,1,2,66,0
1,0.624,0,0,0,0,0,0,2,0,2,55,0
0,0.92,0,0,0,0,0,4,2,0,0,50,0
2,0.91,0,0,0,2,1,10,6,4,5,58,0
10,0.754,0,0,0,0,0,17,2,0,5,47,1
2,0.91,0,0,0,0,4,9,5,0,2,308,0
1,0.624,1,0,1,0,0,2,7,0,6,46,1
43,0.5579999999999999,0,1,0,0,0,4,0,1,0,21,0
54,0.8270000000000001,0,0,0,1,0,2,2,5,4,48,0
57,0.698,1,0,0,0,0,8,4,2,2,77,0
2,0.91,0,0,0,0,0,0,3,0,2,9,1
0,0.92,2,0,0,0,0,6,1,2,0,41,0
1,0.624,0,0,0,0,0,7,5,0,0,35,1
20,0.878,1,0,1,2,1,9,0,1,0,142,0
1,0.624,0,0,1,0,0,1,6,4,3,57,1
5,0.897,0,1,0,1,0,0,0,1,0,10,0
40,0.949,0,0,0,1,0,7,1,0,2,62,0
0,0.92,1,0,0,0,0,0,3,0,4,66,0
1,0.624,0,0,1,0,0,8,6,0,2,56,1
45,0.925,1,0,0,0,0,17,2,0,1,292,1
100,0.698,0,0,0,0,0,20,3,0,4,39,0
1,0.624,1,0,0,0,0,7,5,0,3,51,1
23,0.767,1,0,0,1,0,14,7,0,0,89,0
1,0.624,0,1,0,0,0,5,7,3,0,39,0
58,0.698,0,1,0,0,0,1,4,0,0,48,1
7,0.939,0,0,0,0,1,0,2,0,5,57,0
0,0.92,1,1,0,0,0,0,3,0,0,89,0
48,0.698,1,0,0,1,0,12,1,0,3,6,0
4,0.92,0,0,0,0,0,1,4,0,0,38,0
0,0.92,2,0,0,0,5,10,7,1,2,50,0
1,0.624,1,1,0,0,0,2,0,1,2,34,1
16,0.939,0,0,0,1,0,7,2,0,0,35,0
7,0.939,0,0,0,4,0,0,5,0,2,27,0
21,0.923,0,0,0,0,0,10,0,0,0,226,0
16,0.939,1,0,1,0,0,10,2,0,1,28,0
15,0.913,1,1,1,1,0,17,8,3,2,6,0
2,0.91,0,0,0,1,0,0,0,1,1,196,0
10,0.754,0,0,2,1,0,1,2,0,2,8,0
15,0.913,0,0,0,0,2,0,1,0,1,12,0
1,0.624,1,0,1,1,0,1,4,2,0,11,0
1,0.624,0,0,0,0,0,1,1,0,0,52,0
12,0.884,1,1,0,1,0,13,0,1,0,45,1
8,0.804,0,0,2,0,0,5,2,0,0,31,0
23,0.767,1,0,1,0,0,3,2,0,0,13,0
3,0.926,0,0,0,1,0,4,5,0,0,88,0
2,0.91,0,0,1,1,0,6,5,5,5,114,0
2,0.91,1,0,0,0,0,20,1,1,0,28,0
23,0.767,0,0,1,1,0,10,2,0,1,59,0
40,0.949,1,0,0,1,0,17,4,0,4,35,0
19,0.893,0,0,0,0,6,12,1,4,4,80,0
25,0.743,1,0,0,1,0,2,0,1,0,23,1
0,0.92,1,0,0,0,0,11,3,1,4,84,0
13,0.55,0,0,0,0,0,9,1,0,0,44,1
116,0.649,0,0,2,0,0,13,4,4,3,19,0
9,0.924,0,1,1,2,1,3,0,1,5,99,0
3,0.926,0,0,0,1,0,0,3,0,1,13,0
49,0.789,0,1,1,0,0,2,1,0,0,80,0
1,0.624,1,0,0,0,0,6,3,0,3,23,1
1,0.624,0,1,0,0,3,3,0,1,2,151,1
3,0.926,0,0,1,0,0,6,6,4,2,178,0
21,0.923,0,0,0,0,0,11,4,0,0,21,0
1,0.624,1,0,0,0,0,3,4,0,0,156,1
0,0.92,0,0,0,0,0,6,4,0,0,43,1
15,0.913,0,0,0,0,0,0,3,1,4,78,0
2,0.91,0,0,0,0,6,2,2,0,0,44,0
9,0.924,0,0,0,1,0,17,2,0,0,70,0
0,0.92,1,0,0,0,0,8,7,2,0,304,0
7,0.939,1,0,0,0,0,15,1,0,1,200,0
6,0.855,0,0,2,2,1,15,4,0,0,182,0
6,0.855,0,0,0,3,1,12,1,0,1,48,0
0,0.92,0,0,0,1,0,0,2,2,0,24,0
50,0.727,0,1,1,5,1,6,0,1,0,22,1
0,0.92,0,0,0,0,0,2,2,0,2,62,0
22,0.8959999999999999,1,1,0,2,1,5,2,0,2,27,0
0,0.92,0,0,0,0,0,7,6,2,0,76,0
0,0.92,0,0,0,0,0,18,3,0,0,48,0
0,0.92,1,0,0,0,2,3,0,1,6,4,0
4,0.92,0,0,1,0,0,2,8,0,0,28,0
0,0.92,0,0,0,0,0,20,2,0,0,6,0
40,0.949,0,1,1,0,0,2,0,1,0,160,1
39,0.903,0,1,0,2,1,6,4,0,0,41,0
2,0.91,1,0,0,0,2,0,5,0,1,23,0
3,0.926,0,0,0,3,1,6,7,6,5,80,1
32,0.866,0,1,1,0,0,2,0,1,3,87,0
1,0.624,2,0,2,0,0,20,4,1,3,38,0
0,0.92,0,0,2,0,0,0,0,1,1,89,1
2,0.91,0,0,0,1,0,0,2,0,0,88,1
30,0.925,2,1,1,2,1,0,0,1,0,47,0
3,0.926,1,1,0,1,0,12,7,0,5,36,0
0,0.92,0,0,0,0,0,10,2,0,5,61,0
1,0.624,1,0,0,0,0,3,1,0,6,8,1
3,0.926,1,0,0,1,0,20,5,3,2,46,0
0,0.92,0,1,0,1,0,6,0,1,2,53,0
1,0.624,1,0,0,0,0,9,1,0,0,58,1
0,0.92,1,0,0,0,0,0,3,0,5,6,0
34,0.915,1,1,2,0,0,1,0,1,0,143,0
4,0.92,0,0,0,0,0,4,1,4,0,222,0
2,0.91,2,0,0,0,0,11,6,4,0,66,0
3,0.926,2,0,0,1,0,0,7,0,1,108,1
6,0.855,0,1,0,2,1,9,0,1,3,31,0
61,0.579,0,0,0,0,0,1,1,0,3,31,0
2,0.91,1,0,0,4,0,0,3,0,1,35,1
0,0.92,1,0,0,0,0,6,3,0,0,53,0
0,0.92,0,0,0,0,0,2,2,3,0,24,0
3,0.926,0,0,0,0,0,19,4,2,2,45,0
2,0.91,0,0,0,0,0,15,7,0,1,28,0
1,0.624,0,1,0,0,0,1,0,1,0,50,0
0,0.92,0,0,0,0,0,11,0,1,0,30,1
43,0.5579999999999999,0,1,1,2,1,5,0,1,3,100,0
4,0.92,0,0,0,0,0,4,1,0,2,84,0
54,0.8270000000000001,0,1,0,0,0,0,0,1,0,139,0
0,0.92,0,1,1,0,0,3,5,3,0,72,1
0,0.92,0,0,0,0,3,20,8,0,1,56,0
0,0.92,1,0,0,0,2,2,0,1,0,88,1
1,0.624,0,1,3,0,0,4,7,1,0,99,0
0,0.92,0,0,0,0,0,0,4,2,0,105,0
0,0.92,0,0,0,0,0,18,2,0,1,106,0
17,0.899,1,1,0,0,0,14,0,1,3,96,1
4,0.92,0,0,0,1,0,0,0,1,1,55,0
2,0.91,1,0,0,0,6,0,0,1,1,148,0
4,0.92,1,0,0,1,0,2,0,1,0,39,1
47,0.555,0,1,0,0,4,2,0,1,3,60,1
1,0.624,0,1,1,0,0,6,2,2,0,110,0
1,0.624,0,0,0,1,0,1,0,1,1,29,1
63,0.84,0,1,0,2,1,3,0,1,3,14,0
10,0.754,0,0,1,0,0,1,3,0,0,7,0
2,0.91,0,1,0,2,1,0,8,0,1,89,0
1,0.624,0,1,1,2,1,5,0,0,3,7,0
12,0.884,0,0,2,0,0,16,3,1,0,77,0
3,0.926,1,0,3,1,0,0,1,0,1,35,0
1,0.624,1,1,3,0,0,14,0,1,5,13,1
1,0.624,1,0,0,0,0,0,0,1,1,69,1
9,0.924,0,0,0,0,0,7,2,0,4,114,0
22,0.8959999999999999,0,0,0,0,0,9,5,0,1,50,0
1,0.624,0,1,0,2,1,13,0,1,6,69,1
0,0.92,0,0,3,0,0,9,3,3,3,36,0
1,0.624,0,0,1,1,0,13,1,0,0,22,0
12,0.884,1,0,0,1,4,10,0,1,1,24,0
11,0.887,3,1,0,2,1,5,0,1,3,11,0
2,0.91,0,0,0,1,0,15,5,0,2,104,0
1,0.624,0,0,0,0,0,16,7,0,2,10,1
2,0.91,0,1,1,2,1,2,0,1,0,78,0
1,0.624,0,1,0,0,0,13,4,4,0,44,1
0,0.92,2,0,0,1,5,14,5,0,0,73,0
2,0.91,1,0,0,0,0,2,2,1,2,160,0
51,0.698,0,0,0,0,0,0,3,0,6,149,0
3,0.926,0,0,0,2,1,8,7,0,4,50,0
2,0.91,2,0,0,0,0,7,2,0,0,12,0
1,0.624,1,0,0,0,0,4,5,0,2,96,1
4,0.92,1,0,0,0,0,7,0,1,0,79,1
1,0.624,0,0,0,0,0,5,2,4,2,51,1
14,0.698,1,0,1,0,0,8,0,1,0,53,1
1,0.624,1,0,1,0,0,4,2,0,0,16,1
1,0.624,0,0,0,0,0,2,1,2,0,174,1
59,0.74,1,0,0,3,1,12,4,0,0,21,0
9,0.924,0,0,0,1,0,0,5,0,0,30,0
0,0.92,0,0,0,2,1,2,5,0,0,42,0
0,0.92,0,0,0,1,0,0,5,0,1,126,0
0,0.92,0,0,0,1,0,20,3,0,5,57,0
20,0.878,2,0,2,2,1,5,2,5,0,22,0
3,0.926,0,0,0,0,0,4,5,0,0,182,0
0,0.92,0,0,0,0,0,11,0,1,2,78,1
0,0.92,1,0,0,0,0,0,4,0,1,140,0
0,0.92,0,0,1,2,1,8,0,1,0,156,1
0,0.92,0,0,0,0,4,18,6,0,1,81,0
27,0.682,3,1,1,0,3,17,0,1,2,42,0
0,0.92,0,1,1,2,1,1,0,1,0,106,1
3,0.926,1,0,0,1,0,18,2,0,2,76,0
0,0.92,0,1,2,2,1,3,0,1,0,24,1
2,0.91,0,0,0,0,0,0,4,0,2,50,0
24,0.762,0,0,0,0,0,8,6,2,4,2,0
4,0.92,0,0,0,0,0,0,1,0,5,7,1
3,0.926,0,0,0,0,0,21,2,0,5,84,0
3,0.926,0,0,1,1,0,9,2,0,2,15,1
15,0.913,1,0,0,2,1,9,2,5,0,20,0
5,0.897,0,1,0,0,0,2,0,1,3,2,1
0,0.92,2,1,1,0,0,7,0,3,1,112,1
20,0.878,0,0,0,2,1,11,8,0,5,178,0
1,0.624,1,0,1,0,0,3,2,0,6,102,1
20,0.878,0,0,0,0,0,7,2,0,1,17,0
7,0.939,1,1,0,0,0,0,0,1,2,15,0
46,0.698,0,1,0,0,0,0,7,0,1,32,0
1,0.624,1,0,3,0,0,3,2,0,6,18,1
4,0.92,0,0,0,0,0,0,7,0,1,60,0
0,0.92,1,0,3,0,0,7,0,1,0,23,1
1,0.624,2,0,0,0,0,2,0,1,0,2,1
23,0.767,0,1,1,0,3,3,0,1,3,222,0
87,0.7759999999999999,0,0,0,1,0,11,0,1,0,153,0
0,0.92,0,0,0,0,0,12,0,1,0,44,0
30,0.925,0,1,1,0,0,3,0,1,3,16,0
1,0.624,0,0,0,1,0,10,7,0,0,13,0
1,0.624,0,0,0,0,0,5,4,0,0,101,1
0,0.92,0,0,0,0,0,0,5,3,0,139,0
5,0.897,1,0,0,1,0,7,0,1,0,106,0
55,0.848,1,0,0,0,0,9,1,0,5,42,0
2,0.91,0,0,0,3,1,4,0,1,0,22,0
0,0.92,1,0,0,0,0,8,4,4,0,24,0
6,0.855,0,0,0,0,0,15,0,1,0,32,0
2,0.91,0,1,1,2,1,13,0,1,3,204,0
1,0.624,0,1,0,2,1,7,0,1,3,26,0
1,0.624,1,1,0,0,0,14,1,0,0,48,0
9,0.924,1,0,2,0,0,8,6,4,3,60,0
54,0.8270000000000001,0,0,0,1,1,0,4,0,4,34,0
27,0.682,0,1,1,2,1,9,0,1,0,50,0
22,0.8959999999999999,0,0,0,0,0,1,6,2,0,50,0
45,0.925,0,1,1,2,1,5,0,0,3,166,0
9,0.924,2,0,0,1,0,6,6,2,5,75,0
0,0.92,0,1,0,4,0,0,1,0,1,14,0
0,0.92,2,0,0,1,0,20,3,0,4,3,0
3,0.926,0,1,0,2,1,5,5,0,3,35,0
3,0.926,0,0,0,2,1,19,1,0,1,163,0
3,0.926,0,1,3,2,1,5,0,1,0,120,0
11,0.887,0,0,1,0,0,7,2,1,3,10,0
2,0.91,0,1,1,0,0,4,0,1,0,90,1
11,0.887,1,0,1,2,1,12,6,0,2,45,0
30,0.925,1,0,0,1,0,0,0,1,1,106,0
1,0.624,1,0,1,0,0,3,6,3,0,43,1
24,0.762,1,0,1,2,1,8,0,1,0,18,0
0,0.92,0,1,0,0,0,4,8,0,1,18,0
12,0.884,1,1,0,0,0,2,0,1,0,72,1
4,0.92,2,0,0,0,0,12,1,2,0,23,0
0,0.92,0,1,0,0,5,1,1,0,1,260,0
1,0.624,0,1,1,0,0,3,0,1,3,44,1
6,0.855,1,1,1,0,0,1,0,1,5,54,1
1,0.624,1,0,0,0,0,12,1,0,2,18,0
0,0.92,0,0,0,1,0,15,2,0,1,105,0
0,0.92,0,0,0,0,0,19,5,0,0,29,0
5,0.897,0,1,0,2,1,14,1,0,0,64,0
1,0.624,0,1,1,0,0,5,0,1,3,12,1
86,0.856,1,0,0,0,0,8,2,0,0,10,0
1,0.624,0,0,1,1,0,13,4,0,0,24,1
37,0.8270000000000001,0,1,1,2,1,14,0,1,3,73,0
49,0.789,0,0,1,0,0,10,0,1,0,108,1
16,0.939,0,0,0,2,1,0,0,1,1,92,0
2,0.91,0,0,0,4,0,17,8,5,0,7,0
0,0.92,0,1,1,2,1,5,0,1,3,57,0
38,0.895,0,0,0,1,0,12,2,0,0,83,0
1,0.624,0,1,0,5,1,3,0,1,3,28,0
24,0.762,0,1,3,2,1,5,0,1,3,69,0
59,0.74,1,1,1,3,1,14,4,0,5,80,0
57,0.698,0,0,0,0,0,16,1,1,5,184,1
9,0.924,0,0,0,0,0,1,4,0,1,34,0
2,0.91,0,0,0,1,0,0,1,0,1,64,0
0,0.92,0,0,0,1,0,0,2,2,2,106,0
41,0.794,0,1,0,0,6,5,0,1,0,7,1
5,0.897,0,0,0,1,0,0,1,0,0,95,0
13,0.55,1,0,0,0,0,1,1,0,6,7,1
8,0.804,0,0,0,1,0,10,5,0,4,152,0
2,0.91,1,0,0,0,5,0,0,1,0,31,0
38,0.895,1,1,1,2,1,9,0,1,6,110,0
0,0.92,0,0,0,0,0,0,2,0,1,18,0
8,0.804,0,0,0,0,0,10,1,0,4,50,0
3,0.926,1,1,1,0,0,1,5,0,6,7,1
7,0.939,2,0,0,0,0,5,4,0,0,40,0
0,0.92,0,1,0,0,2,10,2,0,5,4,0
1,0.624,0,1,0,0,0,17,3,0,1,62,1
63,0.84,0,0,0,0,0,19,2,0,0,102,0
1,0.624,1,0,0,1,0,9,6,4,6,12,0
2,0.91,0,0,0,0,0,0,1,0,1,86,0
1,0.624,1,0,0,1,0,1,0,1,3,22,0
33,0.6890000000000001,0,0,0,0,0,3,2,0,0,106,0
19,0.893,0,0,2,2,1,7,1,3,0,47,0
26,0.836,0,1,0,1,0,0,5,0,2,188,0
48,0.698,0,0,0,1,0,8,0,1,1,96,0
12,0.884,0,0,0,1,0,0,2,2,5,14,0
2,0.91,1,1,1,1,0,8,6,0,0,37,0
3,0.926,0,1,0,2,1,9,0,1,6,155,1
0,0.92,1,1,1,1,0,6,6,4,0,80,0
2,0.91,0,0,0,0,0,8,7,0,0,51,0
4,0.92,0,0,0,0,0,1,3,0,0,49,0
3,0.926,0,0,0,0,0,0,0,1,1,12,0
0,0.92,1,1,2,3,1,3,0,1,3,112,0
15,0.913,0,0,0,0,0,11,2,0,0,45,0
1,0.624,0,1,1,0,0,14,0,1,3,23,0
0,0.92,1,0,0,0,0,3,1,0,0,10,1
61,0.579,1,1,0,5,1,14,0,1,0,34,1
13,0.55,1,1,0,0,0,5,6,0,0,20,1
18,0.802,0,0,3,0,0,9,1,0,0,59,0
4,0.92,0,0,0,0,0,0,0,1,1,26,1
4,0.92,0,0,0,0,0,4,1,2,0,48,0
16,0.939,0,1,1,2,1,5,0,1,3,52,0
0,0.92,0,0,0,0,0,4,8,5,2,246,0
2,0.91,1,0,0,0,0,10,5,0,1,60,0
36,0.527,2,0,0,1,0,8,4,4,0,58,1
77,0.698,0,0,1,0,0,7,7,0,4,24,0
4,0.92,0,0,0,0,0,17,4,0,1,34,0
0,0.92,1,0,1,1,0,9,3,0,0,80,0
47,0.555,0,0,0,0,4,2,0,1,3,27,1
8,0.804,0,0,0,1,0,8,8,0,4,117,0
15,0.913,0,0,0,0,0,8,1,2,0,33,0
59,0.74,0,1,0,0,0,11,1,0,2,53,1
3,0.926,0,1,0,1,0,15,5,0,4,72,0
0,0.92,0,0,0,1,0,0,4,0,1,9,0
1,0.624,1,0,0,0,0,10,2,0,4,22,0
4,0.92,0,0,1,0,0,4,0,1,0,240,0
0,0.92,0,0,0,0,0,6,1,2,0,22,0
13,0.55,0,0,0,0,0,2,1,2,2,30,1
30,0.925,0,0,1,0,0,1,4,0,0,118,1
6,0.855,1,1,1,0,0,9,0,0,3,6,0
1,0.624,0,0,0,1,0,6,2,0,0,48,0
2,0.91,0,0,0,0,0,4,5,0,0,31,0
10,0.754,1,0,0,0,0,10,0,1,2,56,0
2,0.91,0,0,0,0,0,21,0,1,0,64,0
29,0.89,0,0,3,1,0,10,1,0,1,26,0
4,0.92,0,0,0,0,0,6,8,3,1,50,0
1,0.624,1,1,1,2,1,4,0,1,4,188,1
16,0.939,0,1,0,2,1,13,1,3,0,99,0
69,0.847,0,1,1,2,1,2,3,0,0,114,0
0,0.92,0,0,0,1,0,0,2,2,0,328,0
25,0.743,0,0,0,1,0,0,3,0,0,6,0
22,0.8959999999999999,0,0,0,0,0,8,6,0,1,9,0
1,0.624,1,0,0,0,0,3,4,0,2,23,0
4,0.92,0,0,0,0,0,0,0,1,1,36,0
71,0.698,0,0,0,0,0,19,0,1,0,9,0
4,0.92,0,0,0,0,4,0,0,1,5,112,1
3,0.926,0,1,0,0,0,0,6,0,4,57,0
33,0.6890000000000001,0,0,0,2,1,9,0,1,0,8,0
1,0.624,2,0,0,0,0,3,3,0,0,214,0
2,0.91,0,0,3,1,0,5,1,4,0,174,1
18,0.802,0,0,1,0,0,6,1,0,3,55,0
1,0.624,0,1,0,0,0,14,0,1,0,14,1
29,0.89,0,0,0,0,0,0,2,0,2,6,1
7,0.939,0,0,0,0,0,4,1,2,4,52,0
52,0.698,0,0,1,0,0,4,5,0,2,56,0
0,0.92,0,0,0,0,0,1,2,0,0,46,0
24,0.762,1,1,0,0,0,3,4,0,2,110,1
1,0.624,0,0,0,0,0,2,2,0,0,110,1
1,0.624,0,1,1,0,0,5,0,1,3,37,0
20,0.878,1,0,0,2,1,4,0,1,0,85,0
2,0.91,2,0,0,0,0,2,0,1,0,108,0
13,0.55,0,0,0,0,0,3,2,5,0,136,1
3,0.926,0,0,0,1,0,0,3,0,0,66,0
1,0.624,0,0,0,0,0,2,3,0,0,298,1
69,0.847,1,0,0,0,0,17,4,2,0,23,0
48,0.698,0,0,0,0,0,16,0,1,1,32,1
30,0.925,2,0,0,4,0,0,2,2,2,28,0
3,0.926,1,0,0,1,0,8,2,0,0,40,0
26,0.836,0,1,1,0,0,5,0,1,3,59,0
90,0.698,1,0,1,3,1,13,6,4,0,112,0
2,0.91,1,0,0,1,0,0,3,0,2,43,0
8,0.804,0,0,0,0,0,12,0,1,0,21,0
12,0.884,1,1,0,4,0,11,8,0,0,23,1
0,0.92,1,0,0,0,0,0,2,5,6,206,0
66,0.647,1,1,0,0,0,13,0,1,3,33,0
0,0.92,3,0,0,0,0,7,3,0,0,306,0
53,0.7659999999999999,0,0,0,0,0,4,4,4,2,78,0
0,0.92,1,0,0,0,0,0,4,5,0,22,0
50,0.727,0,0,0,0,0,16,1,0,0,70,0
2,0.91,0,0,0,0,2,14,4,2,0,140,0
0,0.92,0,0,0,0,4,1,7,0,1,128,0
61,0.579,0,0,3,0,0,4,0,1,3,29,0
0,0.92,0,0,0,0,0,1,5,0,0,11,0
39,0.903,0,0,0,0,2,2,1,3,2,42,1
5,0.897,0,0,0,1,0,7,5,0,0,28,0
3,0.926,0,0,1,0,0,6,3,0,0,2,0
30,0.925,0,0,0,1,0,0,0,1,2,35,1
0,0.92,1,1,0,1,2,5,1,0,2,33,0
2,0.91,2,1,0,0,6,13,8,1,3,6,0
6,0.855,1,0,2,2,1,8,0,1,0,77,0
12,0.884,1,0,0,0,0,11,4,1,0,15,0
1,0.624,0,0,0,1,0,3,2,2,0,36,0
26,0.836,0,1,1,0,0,4,0,1,0,73,0
0,0.92,2,1,0,1,0,0,0,0,3,79,1
2,0.91,0,0,0,1,0,0,6,0,1,23,0
3,0.926,0,0,0,0,0,7,4,0,3,44,0
3,0.926,0,0,0,2,1,0,6,0,3,12,0
11,0.887,2,0,0,0,6,1,0,1,6,12,0
0,0.92,0,0,0,0,0,9,0,1,0,106,1
0,0.92,0,0,0,0,0,6,2,0,2,90,0
15,0.913,0,0,0,1,0,15,2,0,2,17,0
0,0.92,0,1,0,0,0,11,2,0,0,46,0
0,0.92,0,0,0,0,0,0,2,0,4,12,0
4,0.92,0,1,0,1,2,0,1,0,1,118,0
0,0.92,0,0,0,0,0,7,6,0,2,41,0
6,0.855,0,0,0,2,1,18,0,1,0,56,0
13,0.55,1,0,0,0,0,12,0,1,0,10,0
0,0.92,0,0,0,0,6,0,5,5,1,83,0
1,0.624,0,1,0,2,1,5,0,1,3,102,1
0,0.92,0,0,0,0,0,0,7,0,5,100,0
3,0.926,0,1,0,2,1,9,1,2,0,43,0
60,0.83,0,0,0,0,0,8,1,0,5,144,0
78,0.795,0,0,0,1,0,0,2,3,1,99,0
37,0.8270000000000001,2,0,0,0,5,11,8,0,0,83,0
3,0.926,0,0,1,2,1,2,2,0,0,92,0
1,0.624,1,0,0,0,0,4,1,0,6,28,0
7,0.939,1,0,0,0,0,15,7,0,2,100,0
41,0.794,0,0,2,0,0,1,1,1,0,28,0
6,0.855,0,0,1,0,0,8,6,2,0,3,0
0,0.92,1,0,0,2,1,10,3,0,1,45,0
7,0.939,0,0,0,2,1,0,1,0,1,57,0
0,0.92,0,0,0,0,6,12,4,6,1,188,0
32,0.866,0,0,0,0,0,20,2,0,0,36,0
0,0.92,0,1,0,0,0,4,2,5,0,54,0
0,0.92,2,0,0,1,0,0,0,1,1,82,1
10,0.754,1,1,1,2,1,13,0,1,0,63,0
2,0.91,0,0,0,0,0,16,1,0,1,91,0
37,0.8270000000000001,0,0,2,0,0,2,1,1,2,92,0
28,0.6659999999999999,0,0,0,0,0,0,1,0,1,86,0
16,0.939,0,1,0,1,0,2,0,1,0,18,0
60,0.83,0,0,1,0,0,11,6,0,0,15,0
5,0.897,0,0,0,0,0,4,6,0,4,50,0
1,0.624,1,0,0,1,0,15,4,0,5,91,1
72,0.865,0,1,0,5,1,1,1,1,3,40,0
4,0.92,0,1,1,2,1,3,0,1,0,56,0
1,0.624,0,0,0,0,0,4,1,0,0,99,1
11,0.887,0,1,1,2,1,8,0,1,3,29,0
2,0.91,1,0,0,0,0,17,0,1,1,40,0
0,0.92,0,0,0,1,2,8,2,0,4,68,0
14,0.698,1,1,2,0,0,6,0,1,0,22,1
0,0.92,0,0,0,0,0,15,2,0,5,80,0
47,0.555,0,0,0,0,0,2,0,1,0,50,0
2,0.91,0,0,0,0,0,10,1,0,0,4,0
44,0.7759999999999999,1,1,1,2,1,2,5,0,3,54,1
38,0.895,0,0,0,1,0,0,2,0,0,4,0
2,0.91,0,0,0,0,0,15,5,0,0,46,0
36,0.527,1,0,1,0,0,2,0,1,0,104,0
15,0.913,1,0,0,0,0,4,1,2,2,304,0
2,0.91,1,0,1,0,0,1,3,0,2,84,0
0,0.92,0,1,0,2,1,1,0,1,3,144,0
9,0.924,0,0,0,0,0,19,0,1,0,59,0
0,0.92,0,1,0,2,1,1,0,1,3,81,0
1,0.624,0,0,1,0,0,9,2,0,0,96,0
12,0.884,0,0,0,1,0,0,1,0,2,48,0
12,0.884,1,0,0,0,0,12,2,0,1,17,0
7,0.939,0,0,0,0,0,10,2,0,0,56,0
60,0.83,0,0,0,2,1,1,1,0,3,162,0
3,0.926,0,0,0,0,0,0,0,1,5,5,0
70,0.74,0,1,1,2,1,3,0,1,3,160,0
1,0.624,0,0,3,1,0,13,3,3,0,54,1
11,0.887,0,0,0,1,0,7,5,0,3,53,1
1,0.624,1,0,2,0,0,1,0,1,0,19,1
8,0.804,0,0,0,1,0,11,1,0,2,21,0
23,0.767,0,0,0,0,0,21,5,0,0,48,0
3,0.926,0,1,0,1,0,9,0,1,5,18,0
2,0.91,2,0,0,0,2,0,1,0,0,28,0
7,0.939,0,0,0,0,0,10,0,1,1,50,1
12,0.884,0,0,0,1,0,12,1,0,0,37,0
85,0.7390000000000001,1,1,1,0,0,14,0,1,6,78,0
2,0.91,2,1,0,0,0,14,1,5,5,48,0
0,0.92,0,0,0,0,0,7,5,0,2,23,0
72,0.865,0,0,0,1,0,0,0,1,2,21,0
4,0.92,0,0,0,0,0,10,8,0,2,92,0
6,0.855,0,0,1,0,0,7,0,1,1,16,0
16,0.939,0,1,0,4,0,0,6,0,1,98,0
33,0.6890000000000001,0,0,0,0,0,7,1,2,0,52,0
0,0.92,0,0,0,1,0,0,2,0,1,59,1
64,0.479,0,0,0,0,0,5,7,2,0,4,0
8,0.804,0,0,0,0,0,9,5,0,0,86,0
7,0.939,0,0,0,0,0,0,7,1,0,59,0
2,0.91,0,0,0,0,0,0,1,2,0,26,0
1,0.624,1,0,0,0,0,2,1,0,0,23,1
1,0.624,0,0,1,1,0,17,0,1,2,166,0
1,0.624,1,0,0,0,0,1,0,2,0,55,1
0,0.92,0,0,0,0,3,0,1,6,0,127,0
0,0.92,0,0,0,1,2,20,3,0,2,6,0
0,0.92,0,1,0,1,0,0,0,0,0,21,0
9,0.924,0,0,0,1,0,0,1,0,2,12,0
28,0.6659999999999999,0,0,0,0,0,10,3,0,0,17,0
9,0.924,0,0,0,2,1,6,1,0,1,146,0
0,0.92,1,0,0,0,0,3,3,0,0,31,0
78,0.795,0,0,2,0,0,8,2,0,4,52,0
1,0.624,0,0,0,0,0,3,2,0,0,44,0
1,0.624,0,0,1,0,0,9,0,1,3,24,0
1,0.624,1,0,0,1,0,5,4,4,0,23,0
0,0.92,1,1,1,2,1,14,0,1,6,46,0
0,0.92,0,1,0,4,0,1,2,5,0,61,0
1,0.624,0,0,0,0,0,11,4,0,0,136,0
2,0.91,0,0,0,5,1,6,7,0,3,12,0
44,0.7759999999999999,0,0,0,0,0,0,6,0,0,58,0
2,0.91,0,1,0,0,6,1,0,1,0,118,1
1,0.624,0,0,0,0,0,7,5,0,2,11,1
60,0.83,0,0,0,1,0,9,1,3,5,27,0
0,0.92,1,0,0,0,0,0,3,0,1,70,0
30,0.925,0,1,0,1,2,0,0,1,1,5,0
12,0.884,0,0,0,0,0,2,1,0,2,26,1
23,0.767,0,1,1,0,0,14,0,1,3,2,0
0,0.92,0,1,1,2,1,9,0,1,0,79,0
0,0.92,1,0,0,0,0,4,5,6,1,134,0
0,0.92,1,1,0,0,4,5,2,0,2,33,0
7,0.939,1,0,0,0,0,6,1,0,1,108,0
3,0.926,0,0,0,0,0,0,7,3,4,204,0
7,0.939,0,0,0,0,0,2,6,4,0,42,0
12,0.884,0,0,1,2,1,7,1,2,0,23,0
1,0.624,0,0,0,0,0,2,2,0,0,50,1
7,0.939,0,1,0,4,0,0,0,1,1,82,0
3,0.926,0,0,2,0,0,6,3,0,1,110,0
36,0.527,0,0,0,0,0,1,1,0,0,43,1
0,0.92,0,0,0,0,0,9,8,0,0,22,0
0,0.92,3,1,0,0,0,0,1,2,0,70,0
0,0.92,1,0,0,0,0,0,2,0,5,10,0
6,0.855,0,1,1,2,1,2,0,0,0,4,0
0,0.92,0,1,1,0,0,3,0,1,6,172,1
22,0.8959999999999999,0,0,0,0,0,12,0,1,0,316,0
27,0.682,1,0,0,0,0,21,0,1,0,29,1
1,0.624,0,0,1,0,0,4,4,0,3,118,0
2,0.91,0,0,0,0,0,7,1,0,2,29,0
0,0.92,0,0,1,0,4,0,6,0,0,36,0
0,0.92,0,0,0,1,0,2,3,0,2,264,0
0,0.92,0,1,1,0,0,7,0,1,3,10,0
13,0.55,0,0,0,0,0,8,2,0,2,4,1
4,0.92,0,1,0,0,0,17,3,0,1,30,0
67,0.722,0,0,0,0,3,17,1,2,2,54,0
0,0.92,0,0,0,2,1,12,2,0,0,49,0
5,0.897,0,0,0,0,0,5,0,1,2,66,0
0,0.92,0,0,0,1,0,17,3,0,0,14,0
0,0.92,0,0,0,0,2,0,3,0,4,40,0
18,0.802,0,0,0,0,0,11,0,0,3,86,0
1,0.624,0,0,1,0,0,5,6,3,2,83,0
3,0.926,0,0,0,0,0,16,1,2,0,322,0
8,0.804,0,1,1,0,0,2,0,1,3,54,0
25,0.743,1,0,0,3,1,6,3,1,6,18,0
20,0.878,1,0,0,1,5,6,0,1,3,65,0
11,0.887,0,0,0,2,1,14,1,0,0,59,0
1,0.624,0,0,0,0,0,2,1,3,2,33,0
2,0.91,0,0,0,0,0,0,4,0,1,84,0
0,0.92,0,1,0,1,0,6,7,0,0,192,0
26,0.836,0,0,0,0,0,8,4,0,0,86,0
29,0.89,0,0,0,0,0,0,0,1,2,106,0
0,0.92,0,0,0,5,1,0,2,0,1,19,1
1,0.624,0,0,1,0,0,2,4,0,4,109,1
1,0.624,0,0,0,0,0,7,3,0,0,24,0
34,0.915,0,0,0,1,0,15,1,2,0,85,0
0,0.92,0,0,0,0,0,1,2,5,0,50,0
1,0.624,1,1,0,2,1,4,0,1,1,17,1
1,0.624,0,0,2,0,0,6,2,0,1,31,0
7,0.939,1,0,0,1,0,0,5,0,1,91,0
1,0.624,0,0,0,0,0,8,0,1,5,7,0
1,0.624,1,0,0,1,0,19,4,0,1,19,1
0,0.92,0,0,0,2,1,4,3,0,0,4,0
1,0.624,0,0,0,0,0,4,3,0,4,78,1
0,0.92,0,0,0,0,0,2,6,4,0,149,0
2,0.91,1,0,0,0,0,3,5,0,0,54,0
13,0.55,1,1,1,0,0,2,4,0,0,156,1
0,0.92,1,0,2,0,0,6,8,3,4,110,0
80,0.725,0,0,0,0,0,9,0,1,0,61,0
2,0.91,0,0,0,1,0,4,3,0,4,71,0
0,0.92,2,1,0,0,2,15,0,1,1,78,1
14,0.698,0,0,0,1,0,8,0,1,0,70,0
0,0.92,0,1,1,0,2,4,0,1,1,21,1
48,0.698,1,1,1,2,1,1,0,1,3,22,0
5,0.897,0,0,0,1,0,1,1,2,2,46,0
0,0.92,0,1,0,0,0,0,0,0,1,78,0
5,0.897,0,0,0,1,0,1,3,5,0,31,0
57,0.698,2,0,1,0,0,8,1,0,0,95,1
0,0.92,1,0,0,0,6,0,1,0,2,79,0
0,0.92,0,1,1,0,0,3,3,5,0,94,0
0,0.92,1,0,0,0,0,1,5,5,0,11,0
4,0.92,0,1,1,1,3,18,3,3,0,66,0
27,0.682,0,0,0,0,0,18,0,1,0,42,1
37,0.8270000000000001,0,0,0,0,0,0,0,1,1,4,0
0,0.92,1,1,0,5,1,5,0,1,3,15,0
13,0.55,0,0,0,0,0,3,1,0,0,7,1
2,0.91,0,0,0,0,0,1,7,0,0,114,0
33,0.6890000000000001,3,1,3,0,0,13,0,1,0,116,1
77,0.698,0,0,1,2,1,8,1,0,0,106,0
0,0.92,0,1,0,0,0,10,5,0,0,16,0
1,0.624,0,1,1,2,1,2,0,1,3,74,1
2,0.91,1,1,1,2,1,13,0,1,0,56,0
13,0.55,1,0,0,0,0,16,1,0,2,182,0
1,0.624,3,0,2,3,1,14,4,0,0,200,1
1,0.624,0,0,2,0,0,3,4,0,0,198,0
31,0.579,0,0,1,0,0,1,4,0,2,83,1
11,0.887,0,0,0,2,1,12,1,0,0,89,0
13,0.55,0,0,2,0,0,2,4,0,0,97,0
0,0.92,0,1,0,3,1,14,0,1,3,21,0
0,0.92,0,1,1,2,1,16,0,1,5,8,1
37,0.8270000000000001,0,1,3,3,1,1,0,1,3,214,0
11,0.887,0,0,0,1,0,17,1,0,2,83,0
1,0.624,0,0,0,1,0,11,0,1,3,46,0
0,0.92,0,0,0,0,0,0,0,3,0,142,0
1,0.624,1,0,0,1,0,7,0,1,0,42,1
8,0.804,2,0,2,2,1,3,0,1,0,2,0
19,0.893,0,0,0,2,1,15,0,1,1,35,0
7,0.939,0,0,0,0,0,0,5,0,1,20,1
3,0.926,0,0,0,1,0,15,5,0,0,13,0
0,0.92,0,0,0,0,0,0,3,0,4,57,0
1,0.624,0,0,1,1,0,6,1,1,5,66,1
10,0.754,1,0,0,0,0,1,5,0,4,81,0
1,0.624,0,1,0,2,1,13,0,1,3,138,1
0,0.92,0,0,0,0,4,15,4,0,0,80,0
0,0.92,0,0,0,0,2,0,1,0,1,43,0
0,0.92,0,0,0,0,0,0,7,5,0,28,0
0,0.92,0,0,0,1,0,1,5,6,0,52,0
8,0.804,0,0,0,0,0,0,2,0,1,8,0
5,0.897,0,0,0,1,3,0,6,4,2,28,0
15,0.913,2,0,0,0,0,8,7,0,0,71,0
16,0.939,1,0,1,0,0,2,1,0,6,105,0
45,0.925,0,0,0,0,0,0,3,0,0,4,0
7,0.939,0,0,0,0,0,20,1,0,1,170,0
55,0.848,0,1,0,0,0,0,0,1,0,54,1
48,0.698,0,0,0,1,0,8,6,0,5,87,0
2,0.91,0,0,0,2,1,5,5,0,2,42,0
0,0.92,0,0,0,1,3,0,0,1,1,25,1
1,0.624,0,1,1,1,3,5,4,1,0,174,1
37,0.8270000000000001,0,0,1,0,0,18,1,0,4,100,1
5,0.897,0,0,0,1,0,19,5,0,1,48,0
0,0.92,1,1,0,5,1,14,0,1,3,8,0
0,0.92,0,0,0,0,0,0,0,1,1,77,0
6,0.855,1,1,0,2,1,2,0,1,3,22,0
2,0.91,0,0,0,0,0,0,0,1,1,2,1
5,0.897,0,0,1,1,0,1,3,0,0,134,0
0,0.92,0,1,1,0,0,2,0,3,0,22,0
0,0.92,0,1,1,0,0,6,0,1,5,4,1
98,0.775,0,1,1,0,0,3,0,1,3,164,0
3,0.926,3,1,2,2,1,5,4,3,2,13,0
36,0.527,0,1,0,0,0,1,0,1,0,92,0
2,0.91,1,1,1,0,0,5,0,1,2,108,1
0,0.92,1,0,0,0,0,1,3,0,2,57,0
0,0.92,0,0,0,0,0,0,6,2,0,27,0
0,0.92,0,1,0,0,0,0,0,1,2,70,0
1,0.624,0,0,0,0,0,1,7,0,0,46,1
1,0.624,1,0,1,0,0,5,1,0,0,302,1
3,0.926,0,0,0,1,2,2,1,0,0,85,1
1,0.624,0,0,0,2,1,2,0,1,3,68,1
0,0.92,0,0,0,0,0,2,0,0,5,9,0
0,0.92,2,1,0,0,0,8,3,0,4,34,0
2,0.91,0,0,0,0,2,6,4,0,0,8,0
1,0.624,0,1,0,0,0,2,7,0,0,218,0
1,0.624,2,1,0,0,0,4,0,1,0,14,1
0,0.92,0,0,1,0,0,7,5,0,2,90,1
21,0.923,2,0,0,0,0,7,2,0,1,24,0
0,0.92,1,0,1,0,0,3,0,1,0,108,1
13,0.55,0,1,1,0,0,4,0,1,3,40,1
99,0.701,0,1,1,0,0,3,0,1,0,46,1
39,0.903,1,1,1,2,1,5,1,5,0,18,0
2,0.91,0,0,0,0,2,18,7,1,0,162,0
34,0.915,0,1,1,2,1,2,0,1,0,192,0
1,0.624,0,0,0,0,0,7,1,0,2,124,0
14,0.698,0,1,1,1,0,3,0,1,3,108,1
0,0.92,2,0,0,0,0,5,1,0,0,79,0
26,0.836,1,0,0,0,0,1,1,0,0,8,0
3,0.926,0,0,0,0,0,0,1,0,1,6,0
3,0.926,0,1,1,0,0,4,0,0,3,71,0
0,0.92,1,0,0,3,1,9,0,1,6,92,0
40,0.949,1,1,0,0,0,0,7,3,4,45,0
25,0.743,0,0,0,1,0,0,1,0,1,68,0
32,0.866,0,1,0,0,0,11,0,1,1,45,1
10,0.754,0,0,0,0,0,15,0,1,0,30,0
0,0.92,2,0,0,0,6,0,0,1,1,30,1
1,0.624,0,0,0,0,0,4,2,0,3,2,1
31,0.579,1,1,1,2,1,2,0,1,3,38,0
7,0.939,0,0,0,0,0,17,0,1,1,11,0
17,0.899,0,0,0,1,0,20,3,0,1,14,0
5,0.897,0,0,0,0,4,4,5,0,0,130,1
10,0.754,0,0,0,0,0,18,7,0,0,75,0
4,0.92,2,0,0,0,0,7,2,3,5,23,0
1,0.624,0,0,1,0,0,4,2,0,0,242,0
5,0.897,0,0,1,1,0,17,0,1,0,18,0
62,0.7959999999999999,0,1,1,2,1,4,0,1,3,41,0
0,0.92,0,0,0,0,0,8,4,0,2,11,0
2,0.91,0,0,2,0,0,3,3,0,3,129,0
3,0.926,0,0,0,0,0,10,3,0,0,23,0
8,0.804,1,1,1,0,0,2,0,1,3,33,0
5,0.897,0,0,0,1,0,0,5,0,1,55,0
13,0.55,0,0,0,0,0,9,5,0,0,34,0
2,0.91,0,0,1,2,1,13,4,0,0,86,0
0,0.92,1,0,0,0,0,11,0,1,6,11,1
0,0.92,0,0,0,0,0,15,0,1,2,11,1
0,0.92,0,1,0,2,1,2,0,1,3,29,0
47,0.555,1,0,1,0,0,2,0,1,3,2,1
20,0.878,0,0,0,1,0,18,3,0,5,12,0
30,0.925,0,0,0,1,0,4,1,0,5,10,0
0,0.92,0,0,0,0,0,0,0,1,2,100,1
0,0.92,0,0,0,0,0,0,2,0,0,206,0
38,0.895,0,0,0,0,4,20,7,3,0,20,0
33,0.6890000000000001,0,0,0,0,0,7,6,0,3,34,0
10,0.754,0,0,0,0,0,7,2,3,2,32,0
2,0.91,0,0,0,2,1,0,0,1,1,9,0
39,0.903,0,0,0,1,0,0,6,4,0,23,0
11,0.887,0,0,0,0,0,0,7,0,1,21,0
34,0.915,2,0,0,4,0,0,5,3,3,110,0
25,0.743,0,0,0,1,0,16,2,0,2,182,0
3,0.926,0,0,0,1,0,0,3,0,0,134,0
1,0.624,0,0,0,0,0,3,0,1,3,180,1
12,0.884,0,0,0,1,0,6,6,4,3,20,0
22,0.8959999999999999,0,1,1,0,0,6,0,1,3,78,1
19,0.893,2,0,0,0,0,6,1,0,2,11,0
3,0.926,0,0,0,0,0,18,1,0,1,23,0
0,0.92,0,0,2,0,0,11,5,5,0,160,0
15,0.913,0,0,0,0,0,11,3,0,0,64,0
0,0.92,0,0,0,0,6,10,0,1,2,30,0
3,0.926,0,0,2,1,0,0,1,0,4,102,1
25,0.743,0,0,0,2,1,16,2,0,0,26,0
1,0.624,0,0,1,0,0,4,3,0,0,10,0
3,0.926,0,0,0,1,0,9,2,0,2,28,0
2,0.91,0,0,0,1,0,20,1,5,1,52,0
21,0.923,0,0,0,1,0,0,1,0,4,12,0
37,0.8270000000000001,0,0,0,1,0,0,4,4,4,210,0
0,0.92,0,0,1,0,0,4,7,0,2,23,1
35,0.843,0,0,0,0,0,12,6,0,4,210,0
0,0.92,2,1,0,4,0,17,2,3,2,79,0
5,0.897,1,1,3,0,1,3,0,1,6,92,0
0,0.92,0,0,0,0,0,0,3,0,4,18,0
35,0.843,0,0,0,1,0,9,0,1,0,16,0
7,0.939,2,0,0,0,2,2,1,2,0,100,0
0,0.92,0,0,1,1,0,11,3,0,2,34,0
0,0.92,0,0,0,1,0,0,0,1,1,44,1
9,0.924,0,1,1,2,1,3,0,1,3,142,0
3,0.926,0,0,0,0,0,9,4,0,1,73,0
5,0.897,1,1,1,0,6,3,6,0,0,77,0
25,0.743,0,0,1,0,0,6,1,2,0,15,0
0,0.92,0,1,0,0,0,10,2,0,0,196,0
11,0.887,0,0,0,0,0,0,7,0,4,13,0
1,0.624,2,1,1,1,0,3,0,1,3,94,1
6,0.855,0,1,1,2,1,6,0,1,3,89,0
0,0.92,0,0,0,0,0,0,0,1,0,24,1
10,0.754,1,0,0,2,1,0,3,3,2,116,0
0,0.92,2,0,0,1,0,11,7,0,5,122,0
6,0.855,0,0,2,0,0,4,1,0,0,61,0
22,0.8959999999999999,0,1,0,2,1,5,0,1,0,174,0
0,0.92,0,1,0,1,0,4,5,3,0,106,1
0,0.92,0,1,0,0,0,6,1,1,0,3,0
4,0.92,1,0,0,0,0,0,1,0,1,23,0
3,0.926,0,0,0,0,0,4,0,0,3,26,0
1,0.624,1,0,0,0,0,3,7,0,0,81,1
5,0.897,0,1,1,1,0,1,0,1,3,86,0
18,0.802,0,0,2,0,0,8,5,0,0,149,0
2,0.91,0,0,0,0,0,15,4,2,2,41,0
1,0.624,0,0,0,0,0,3,1,2,0,10,0
0,0.92,0,0,0,1,0,18,2,0,2,84,0
2,0.91,1,0,0,0,0,8,1,2,2,11,0
0,0.92,2,1,0,1,0,1,1,2,2,22,0
18,0.802,0,1,0,0,0,13,4,6,0,51,1
1,0.624,1,0,0,1,0,6,5,0,1,17,1
0,0.92,1,0,0,1,0,6,0,1,2,19,1
1,0.624,1,0,1,0,0,1,7,2,2,27,1
0,0.92,0,0,0,0,5,0,0,1,1,206,1
26,0.836,1,0,2,1,0,1,4,0,0,150,0
18,0.802,0,0,2,0,0,4,5,0,0,141,0
3,0.926,0,0,0,0,0,6,2,0,1,5,0
4,0.92,2,0,0,0,0,4,1,0,0,36,0
2,0.91,0,0,0,0,0,3,6,0,0,90,0
28,0.6659999999999999,1,0,0,0,0,5,0,1,0,7,0
1,0.624,0,0,0,0,0,6,0,1,0,26,1
1,0.624,0,1,1,1,0,2,0,1,3,12,0
1,0.624,0,1,1,2,1,3,0,1,3,25,1
1,0.624,0,0,0,0,0,2,1,0,0,14,1
0,0.92,0,0,0,0,2,16,0,1,1,4,0
2,0.91,1,0,0,0,0,7,2,0,4,65,0
3,0.926,0,1,1,0,0,2,0,1,0,60,1
4,0.92,2,0,0,1,0,17,5,3,1,28,0
0,0.92,1,0,1,0,0,1,0,1,0,76,1
3,0.926,1,1,2,0,0,14,5,0,6,7,0
2,0.91,0,0,0,0,0,0,2,0,2,134,0
20,0.878,1,0,0,0,0,18,0,1,0,6,0
3,0.926,0,0,0,0,0,11,4,0,4,27,0
21,0.923,0,0,0,1,0,7,1,0,0,34,0
1,0.624,0,1,1,2,1,3,0,1,0,95,0
0,0.92,1,0,0,1,2,8,3,0,1,192,0
1,0.624,0,1,1,0,0,1,0,1,0,122,1
0,0.92,0,1,0,2,1,3,0,1,3,24,0
1,0.624,0,0,0,1,0,7,4,0,5,18,0
37,0.8270000000000001,0,0,1,1,0,6,7,2,2,92,0
6,0.855,1,0,0,0,0,2,3,0,0,47,0
2,0.91,0,0,0,0,0,7,1,2,2,288,0
52,0.698,0,0,1,0,0,11,6,0,2,10,0
23,0.767,0,1,1,0,0,8,0,1,3,29,1
6,0.855,1,0,0,0,0,12,2,0,0,56,0
3,0.926,0,0,0,0,0,15,0,1,4,46,0
1,0.624,1,0,0,1,0,3,2,0,5,40,1
2,0.91,1,0,0,0,0,17,4,0,1,29,0
3,0.926,0,1,0,1,0,19,5,3,1,48,0
0,0.92,1,0,0,3,1,1,1,0,0,60,0
2,0.91,0,1,2,0,4,19,6,0,1,9,0
7,0.939,1,0,0,0,0,16,7,0,1,133,0
0,0.92,0,0,0,1,0,2,3,0,0,57,0
54,0.8270000000000001,0,0,0,4,0,20,1,0,2,18,0
9,0.924,1,0,1,0,0,9,6,4,0,78,0
2,0.91,0,0,0,0,0,0,6,2,1,21,0
3,0.926,0,1,0,0,0,14,0,1,1,26,0
4,0.92,1,1,0,5,1,13,0,0,3,47,0
2,0.91,0,0,0,0,0,0,0,1,1,37,0
3,0.926,0,0,2,0,0,0,0,1,1,5,0
0,0.92,0,1,0,5,1,1,0,1,3,99,0
0,0.92,0,0,2,4,0,0,2,0,1,52,0
0,0.92,2,0,0,0,0,15,0,0,2,89,0
90,0.698,1,1,1,0,0,13,0,1,0,47,0
0,0.92,0,1,2,0,0,3,0,1,0,43,0
91,0.563,0,1,1,0,0,1,1,0,2,100,1
0,0.92,0,0,0,0,6,0,0,1,1,110,1
74,0.698,0,0,0,1,0,10,1,0,2,96,1
45,0.925,0,0,0,0,0,0,1,0,3,58,0
21,0.923,0,0,0,0,0,6,2,1,0,47,0
19,0.893,0,0,0,0,0,18,6,0,1,62,0
0,0.92,0,0,0,0,0,0,1,2,2,184,0
34,0.915,0,0,0,2,1,0,5,0,2,26,0
1,0.624,0,0,0,0,0,5,1,0,0,50,0
16,0.939,0,0,1,2,1,9,0,1,3,180,0
15,0.913,0,1,1,0,0,13,0,1,3,30,1
0,0.92,0,1,1,0,4,3,0,1,0,58,0
0,0.92,1,0,0,0,0,17,1,0,1,31,0
19,0.893,0,0,0,1,0,0,2,5,0,32,0
0,0.92,0,0,0,0,0,8,1,0,0,25,0
0,0.92,1,1,0,2,1,5,0,1,3,91,0
0,0.92,0,0,0,0,0,11,7,0,0,32,0
1,0.624,0,0,0,0,0,15,1,0,4,176,0
12,0.884,0,1,0,0,0,2,0,1,3,9,1
5,0.897,1,0,0,0,0,20,2,0,4,81,0
55,0.848,0,0,0,1,0,0,1,0,1,7,0
0,0.92,0,0,0,0,0,16,0,1,5,222,1
31,0.579,0,0,1,0,0,4,4,0,6,21,1
1,0.624,1,0,3,1,0,3,4,4,2,96,1
4,0.92,2,0,2,0,0,9,0,1,2,23,1
17,0.899,0,0,2,0,0,15,3,0,0,82,0
6,0.855,0,0,0,1,0,0,1,2,0,55,0
0,0.92,0,0,0,0,0,7,1,4,2,67,0
0,0.92,0,1,0,5,1,2,0,1,3,149,0
1,0.624,1,1,2,0,0,14,0,1,6,89,1
1,0.624,1,0,0,0,0,5,4,4,2,38,0
13,0.55,0,0,0,3,1,10,2,0,1,15,1
13,0.55,1,0,0,0,0,13,2,0,0,145,1
2,0.91,0,0,0,0,0,7,4,0,5,105,0
51,0.698,0,0,0,0,0,21,1,2,1,106,0
8,0.804,0,0,0,0,0,7,5,0,4,52,0
1,0.624,2,0,1,1,0,9,7,0,2,69,1
10,0.754,1,0,1,2,1,8,0,1,1,41,0
2,0.91,0,0,0,0,2,14,0,1,0,94,1
1,0.624,1,1,1,0,1,5,0,0,0,50,1
1,0.624,0,0,0,0,0,1,4,0,2,27,1
103,0.698,1,1,0,1,0,3,0,1,3,22,1
0,0.92,0,1,1,0,0,3,0,1,3,56,0
7,0.939,0,0,0,0,0,7,4,0,2,123,0
46,0.698,0,1,0,0,0,5,1,0,0,36,0
4,0.92,0,0,1,0,0,3,5,0,0,29,1
12,0.884,1,0,0,1,0,9,2,1,0,67,0
0,0.92,0,0,0,0,2,0,0,1,1,23,0
31,0.579,0,0,0,0,0,3,4,0,0,21,1
6,0.855,2,1,1,0,0,12,0,1,0,156,0
1,0.624,2,0,0,0,0,2,1,0,2,30,0
16,0.939,0,1,0,0,4,12,5,0,1,100,0
3,0.926,0,0,0,1,0,20,1,0,1,26,0
39,0.903,0,0,0,1,0,0,5,0,0,61,0
74,0.698,0,0,0,0,0,6,7,0,0,131,0
0,0.92,0,0,0,4,0,6,3,0,0,11,0
2,0.91,0,1,0,5,1,3,0,1,3,77,0
13,0.55,0,0,0,0,0,9,2,0,2,22,1
27,0.682,1,0,0,2,1,6,0,1,0,67,0
1,0.624,0,0,0,0,0,16,3,0,3,35,1
0,0.92,0,0,0,1,0,0,0,1,1,91,0
25,0.743,0,0,0,1,0,20,5,0,1,25,0
6,0.855,0,0,0,1,0,0,0,1,2,33,0
4,0.92,0,0,0,0,0,9,2,0,1,110,0
74,0.698,0,0,1,1,0,6,0,1,0,45,1
3,0.926,0,0,0,0,0,16,0,1,3,37,0
10,0.754,1,0,1,1,0,13,1,0,0,46,0
7,0.939,0,0,0,0,0,15,3,0,5,28,0
13,0.55,1,0,0,0,0,1,1,0,0,30,1
18,0.802,1,1,0,2,1,2,0,1,6,23,0
2,0.91,0,0,0,0,0,1,0,0,5,250,0
0,0.92,0,0,0,0,0,9,7,3,2,54,1
8,0.804,0,0,0,0,0,18,2,0,0,16,0
14,0.698,0,0,1,3,1,8,0,1,1,155,1
0,0.92,0,0,0,4,0,0,3,3,0,33,0
0,0.92,0,0,0,0,6,20,2,4,1,166,0
11,0.887,0,0,0,2,1,9,6,4,2,54,0
15,0.913,0,0,0,4,0,0,1,2,4,72,0
2,0.91,1,0,0,0,0,14,0,1,0,42,0
14,0.698,0,1,2,0,0,1,1,1,0,20,0
21,0.923,0,0,0,5,1,7,0,1,1,23,0
0,0.92,1,0,0,0,4,1,6,0,0,25,0
7,0.939,0,0,0,0,0,15,5,5,0,40,0
2,0.91,0,0,0,0,0,0,0,1,1,7,0
1,0.624,0,1,0,0,0,4,2,1,0,125,1
3,0.926,1,1,0,2,1,14,0,1,0,3,0
2,0.91,0,0,0,1,2,1,1,4,2,25,0
53,0.7659999999999999,0,0,0,0,0,4,1,0,2,59,0
1,0.624,0,1,0,1,0,5,1,0,0,144,1
3,0.926,0,0,1,0,0,6,2,0,0,29,0
4,0.92,1,1,0,5,1,4,0,1,3,4,0
1,0.624,0,0,0,0,0,8,6,2,4,50,1
3,0.926,0,0,0,0,0,3,1,4,0,88,0
0,0.92,0,1,0,0,0,11,2,0,0,43,0
4,0.92,0,0,0,0,0,20,4,0,1,152,1
27,0.682,0,1,1,0,0,5,0,1,2,8,1
1,0.624,0,1,1,0,0,5,0,1,0,222,1
10,0.754,2,0,0,0,0,8,5,5,1,109,0
5,0.897,0,0,0,4,0,11,2,0,2,200,0
3,0.926,0,0,0,0,0,8,6,0,0,20,0
13,0.55,1,1,0,2,1,5,0,1,3,94,1
38,0.895,0,0,0,0,0,0,4,0,2,11,0
0,0.92,0,0,0,0,0,9,1,0,0,220,0
4,0.92,2,0,0,0,0,1,3,0,0,102,0
2,0.91,0,0,0,1,0,0,2,0,1,62,0
0,0.92,0,0,0,0,0,0,1,0,1,256,0
15,0.913,0,0,1,0,0,6,6,1,0,10,0
2,0.91,0,1,0,3,1,13,0,1,3,202,0
1,0.624,0,0,0,0,0,1,5,0,0,15,1
1,0.624,1,1,0,3,1,5,0,1,3,7,1
7,0.939,0,1,0,3,1,1,0,1,3,62,0
4,0.92,0,0,0,1,0,6,2,1,0,22,0
11,0.887,0,1,1,1,0,6,6,3,2,64,0
1,0.624,0,1,1,0,0,5,0,1,0,57,1
6,0.855,1,0,1,0,0,8,6,4,0,24,0
9,0.924,0,0,0,0,0,0,3,0,0,65,0
5,0.897,0,0,0,1,0,1,1,0,0,84,0
0,0.92,0,0,0,0,0,5,1,2,2,29,0
0,0.92,0,0,0,0,0,0,3,0,4,94,0
2,0.91,1,0,0,0,0,0,6,0,1,99,0
33,0.6890000000000001,0,1,1,0,0,13,0,1,0,87,1
8,0.804,0,0,0,1,0,20,7,1,2,88,0
10,0.754,0,0,0,1,0,9,0,1,0,50,0
23,0.767,1,1,1,0,0,3,4,4,0,52,0
0,0.92,0,0,0,0,0,0,0,1,2,44,0
62,0.7959999999999999,1,0,0,0,0,12,1,0,5,20,0
0,0.92,0,0,1,0,0,9,0,5,2,21,0
0,0.92,0,0,0,0,0,0,2,0,2,108,0
1,0.624,1,0,0,0,0,9,0,1,5,110,0
1,0.624,0,0,1,0,0,14,7,0,0,24,0
3,0.926,0,0,0,0,0,8,0,1,0,73,0
0,0.92,0,0,0,0,0,17,3,0,0,6,0
58,0.698,1,1,0,3,1,22,0,1,3,33,0
71,0.698,1,1,0,0,0,5,0,1,0,31,1
5,0.897,0,0,0,1,0,7,1,2,5,40,0
41,0.794,0,0,0,0,0,10,0,1,2,42,0
11,0.887,0,0,0,1,0,13,8,0,0,110,0
1,0.624,0,0,0,0,0,3,3,0,3,96,1
37,0.8270000000000001,0,0,2,1,0,0,5,3,1,46,0
33,0.6890000000000001,1,0,0,0,0,9,6,2,0,63,0
11,0.887,0,0,0,1,0,0,6,0,0,23,0
57,0.698,0,1,2,0,0,2,0,1,2,7,1
2,0.91,0,0,0,1,0,0,3,0,3,16,0
19,0.893,0,0,0,0,0,1,3,0,2,64,1
90,0.698,0,0,0,0,0,6,7,0,5,14,0
0,0.92,0,0,0,0,3,0,7,6,1,28,0
26,0.836,0,0,0,0,0,0,1,0,1,24,0
1,0.624,1,1,1,0,0,16,0,1,3,57,1
6,0.855,0,0,0,1,0,0,2,0,2,89,0
2,0.91,0,1,0,5,1,5,0,0,3,18,0
35,0.843,0,1,0,1,0,6,0,0,3,15,0
15,0.913,0,0,0,0,0,19,2,0,1,28,0
0,0.92,1,0,0,1,0,0,5,3,0,22,0
13,0.55,0,1,1,0,0,1,0,1,0,32,1
0,0.92,1,1,1,0,0,4,0,1,0,46,1
7,0.939,0,0,0,1,0,20,8,0,0,60,0
42,0.738,0,0,0,1,0,9,3,0,2,35,0
5,0.897,1,1,1,0,6,5,5,0,0,68,0
6,0.855,0,0,0,1,0,12,0,1,0,134,0
5,0.897,0,0,0,1,0,7,2,0,0,5,0
12,0.884,0,0,0,0,0,4,7,0,0,134,1
21,0.923,0,1,1,2,1,5,0,1,3,8,0
10,0.754,1,1,0,0,0,9,0,1,5,69,1
0,0.92,0,1,0,0,0,0,0,1,1,17,0
1,0.624,0,0,0,1,0,9,1,0,2,102,1
9,0.924,0,0,0,1,0,0,5,0,0,149,0
0,0.92,2,0,0,0,0,0,1,0,1,72,0
24,0.762,0,0,2,0,0,0,0,1,5,26,0
9,0.924,0,0,0,5,1,10,2,0,2,58,0
4,0.92,0,1,1,0,0,0,2,0,0,4,0
12,0.884,1,0,0,1,0,3,1,0,0,70,0
17,0.899,1,1,1,2,1,16,3,0,2,99,1
47,0.555,0,0,2,0,0,5,4,0,0,19,1
23,0.767,1,0,1,5,1,5,0,1,0,23,1
20,0.878,0,0,0,0,6,9,1,0,0,129,0
16,0.939,0,0,0,0,0,15,4,0,0,29,0
3,0.926,0,0,0,0,0,1,8,1,5,156,0
1,0.624,0,0,0,1,0,9,4,0,3,60,1
5,0.897,1,1,1,0,0,2,0,1,3,61,0
4,0.92,0,0,0,0,3,4,2,0,0,6,0
59,0.74,1,0,0,0,0,12,0,1,6,7,1
6,0.855,0,1,1,0,0,7,0,1,0,58,1
25,0.743,1,0,1,2,1,5,2,0,6,108,0
19,0.893,1,0,0,0,0,0,2,0,1,22,0
1,0.624,1,0,0,0,0,1,5,0,0,13,0
0,0.92,0,0,0,0,5,10,2,2,1,102,0
36,0.527,0,0,2,1,0,9,1,0,1,37,0
0,0.92,0,0,0,0,0,18,5,0,0,74,0
2,0.91,0,0,2,2,1,2,5,0,0,160,0
0,0.92,3,0,0,0,0,1,0,1,2,121,1
8,0.804,0,1,0,0,0,2,2,0,0,19,0
0,0.92,0,1,0,0,5,13,2,0,0,55,0
48,0.698,0,0,0,0,3,5,5,0,0,23,0
6,0.855,0,1,1,0,0,5,0,1,3,25,0
4,0.92,2,0,0,0,0,0,0,1,1,58,0
7,0.939,0,1,0,0,0,0,8,0,0,30,0
0,0.92,0,0,0,0,0,17,1,2,0,96,0
21,0.923,1,1,1,2,1,2,0,1,6,55,0
0,0.92,2,0,0,0,0,1,1,2,0,62,0
14,0.698,0,1,2,0,0,20,4,4,0,97,0
17,0.899,0,0,0,0,0,0,7,0,1,24,0
0,0.92,2,1,0,0,6,15,0,0,0,104,0
13,0.55,1,0,0,0,0,1,1,0,0,6,0
33,0.6890000000000001,2,0,0,0,0,1,2,2,0,11,0
1,0.624,0,1,1,2,1,3,0,1,3,7,1
1,0.624,2,0,0,0,0,1,1,0,1,67,0
36,0.527,0,0,0,0,0,6,6,0,3,102,1
0,0.92,1,1,1,0,0,5,1,5,0,20,0
48,0.698,1,0,2,2,1,2,2,0,2,44,0
3,0.926,0,1,0,0,0,7,1,0,5,150,0
32,0.866,0,0,1,0,0,9,4,0,0,44,0
1,0.624,1,0,0,1,0,11,0,1,1,53,0
29,0.89,0,0,0,0,0,9,1,0,3,36,0
14,0.698,0,1,1,0,0,14,0,1,0,74,1
1,0.624,1,0,0,0,0,1,2,0,4,14,1
8,0.804,0,0,1,0,0,8,8,0,2,22,0
19,0.893,0,1,0,0,0,0,0,1,1,78,0
2,0.91,1,0,1,4,0,12,7,3,0,26,0
0,0.92,0,1,0,1,0,15,3,5,0,276,0
13,0.55,1,0,0,0,0,2,2,0,2,80,0
0,0.92,0,0,0,0,2,0,2,0,1,14,0
10,0.754,1,0,0,0,0,6,0,1,0,27,1
4,0.92,0,1,2,0,0,3,1,0,1,23,0
28,0.6659999999999999,1,0,0,0,1,7,6,0,2,6,0
17,0.899,0,0,0,0,0,15,8,0,1,99,0
1,0.624,1,0,0,1,0,7,2,0,4,44,1
1,0.624,0,1,0,0,0,5,1,5,0,50,1
0,0.92,0,0,0,0,0,0,3,0,1,12,0
3,0.926,1,1,0,0,0,6,1,0,3,34,0
0,0.92,0,0,0,0,0,0,1,0,1,154,0
0,0.92,0,1,0,0,0,3,5,0,5,13,1
2,0.91,0,0,0,0,0,6,7,0,1,106,0
0,0.92,0,0,0,0,3,0,0,1,4,20,1
43,0.5579999999999999,0,0,2,1,0,16,0,1,4,35,1
0,0.92,0,0,0,0,0,4,0,1,5,6,1
5,0.897,0,1,1,0,0,5,0,0,3,17,0
0,0.92,2,1,0,1,2,9,0,1,4,19,1
39,0.903,0,0,0,1,0,10,8,0,0,64,0
72,0.865,0,0,0,1,0,0,0,1,1,8,0
1,0.624,0,0,1,0,0,3,4,0,0,53,1
10,0.754,0,0,2,0,0,7,0,1,0,8,0
1,0.624,0,0,1,0,0,5,4,4,2,3,1
14,0.698,0,0,0,1,0,0,0,1,5,6,0
45,0.925,1,0,0,0,0,12,0,1,0,11,1
105,0.7879999999999999,1,1,0,0,0,11,1,0,1,48,0
38,0.895,0,0,2,1,0,8,6,2,2,26,0
0,0.92,0,1,1,2,1,4,0,1,0,73,0
10,0.754,0,0,2,0,2,11,0,1,1,166,0
1,0.624,1,1,1,0,0,3,0,1,6,9,1
3,0.926,0,0,0,1,0,15,0,1,0,50,0
0,0.92,0,0,0,0,0,3,1,0,0,194,0
0,0.92,0,1,0,3,1,2,0,1,3,190,0
0,0.92,0,1,0,0,2,13,1,3,3,48,0
37,0.8270000000000001,1,1,0,1,4,5,5,0,0,36,0
10,0.754,0,1,1,0,0,6,0,1,2,21,1
3,0.926,0,0,0,2,1,7,4,0,3,4,0
6,0.855,1,0,0,1,0,3,1,0,0,132,0
1,0.624,1,0,1,0,0,5,6,3,0,138,0
0,0.92,0,0,0,0,0,10,2,0,4,75,1
28,0.6659999999999999,0,0,0,0,0,6,2,0,2,68,0
3,0.926,1,0,2,0,0,19,3,0,1,41,0
1,0.624,0,0,0,0,0,6,2,0,4,67,1
13,0.55,1,1,1,1,0,5,6,5,0,14,1
55,0.848,0,0,0,1,0,20,3,0,1,17,1
1,0.624,1,0,1,1,0,4,2,0,0,210,0
31,0.579,1,1,2,2,1,3,0,1,6,21,1
0,0.92,2,0,0,0,0,9,2,0,2,314,0
0,0.92,0,0,0,0,0,4,1,0,0,55,0
13,0.55,1,1,1,0,0,5,0,1,0,20,0
16,0.939,2,0,0,1,0,7,3,0,1,48,0
44,0.7759999999999999,1,0,0,0,0,1,4,4,0,123,0
5,0.897,0,1,1,0,0,3,1,4,0,182,0
6,0.855,0,0,0,1,0,17,1,3,5,46,0
10,0.754,1,1,2,0,0,4,0,1,2,200,0
35,0.843,0,1,1,0,0,4,0,1,1,154,0
40,0.949,0,1,0,1,4,0,5,0,1,165,0
0,0.92,1,1,0,2,1,3,0,1,3,55,0
20,0.878,0,0,0,0,0,15,3,0,5,72,0
3,0.926,0,1,0,1,0,0,6,0,1,214,0
0,0.92,0,0,0,0,0,16,0,1,0,190,0
0,0.92,0,0,0,0,0,0,0,1,0,37,1
20,0.878,0,0,0,1,2,4,3,0,5,34,0
5,0.897,1,0,0,0,0,5,0,1,0,56,0
0,0.92,0,0,0,0,0,0,1,2,1,46,0
1,0.624,0,1,0,1,0,3,6,4,5,44,0
10,0.754,0,0,0,1,0,18,0,0,1,52,0
1,0.624,0,0,1,0,0,14,0,1,0,28,1
19,0.893,1,0,0,2,1,0,3,0,1,35,0
2,0.91,1,0,0,2,1,19,2,0,2,20,0
0,0.92,0,0,0,0,2,0,5,0,1,192,0
7,0.939,0,0,0,0,0,18,1,0,5,71,0
0,0.92,1,1,0,5,1,1,0,1,3,25,0
7,0.939,0,0,0,2,1,2,3,3,2,42,0
26,0.836,0,0,0,0,0,11,5,0,0,81,0
0,0.92,0,0,0,0,0,7,0,1,2,107,1
10,0.754,1,0,2,1,0,17,1,0,0,37,1
5,0.897,1,1,1,0,0,1,0,0,3,40,0
0,0.92,0,0,0,0,0,0,0,1,4,104,0
0,0.92,2,0,0,2,1,16,0,5,2,16,0
3,0.926,0,0,0,3,1,0,2,0,1,55,0
26,0.836,0,0,0,5,1,11,0,1,2,13,0
1,0.624,0,0,0,0,0,1,2,0,0,130,1
0,0.92,0,0,0,1,0,0,2,2,4,85,0
2,0.91,0,1,0,1,0,10,3,0,1,18,0
1,0.624,0,1,1,2,1,5,0,1,3,18,0
9,0.924,0,0,0,0,0,20,4,4,0,16,0
2,0.91,0,0,0,0,0,19,2,0,4,24,0
0,0.92,1,0,0,1,0,7,0,1,0,24,0
25,0.743,1,0,1,1,0,10,0,1,0,72,1
11,0.887,0,0,2,0,0,6,6,0,0,25,0
3,0.926,0,0,0,0,2,20,2,0,1,61,0
34,0.915,0,0,0,0,0,2,6,0,2,46,1
11,0.887,0,0,0,1,0,16,6,0,1,61,0
82,0.856,2,0,1,0,0,9,1,0,0,222,0
4,0.92,0,1,1,1,0,12,0,1,4,36,0
14,0.698,0,1,1,0,0,3,0,1,0,45,1
2,0.91,0,0,0,2,1,8,0,1,1,4,0
11,0.887,0,1,2,0,0,3,0,1,0,158,0
36,0.527,0,0,0,0,3,4,1,0,2,53,0
2,0.91,0,0,0,0,0,10,1,1,2,45,0
79,0.743,0,0,2,1,0,11,2,0,2,46,0
6,0.855,0,0,0,1,0,11,3,0,0,36,0
2,0.91,0,0,0,1,0,19,2,2,0,60,0
30,0.925,0,0,2,1,0,8,1,0,4,52,0
12,0.884,0,1,0,0,0,0,2,0,1,20,0
56,0.691,0,1,0,2,1,6,0,1,0,138,0
0,0.92,0,0,0,0,0,0,0,1,1,129,0
8,0.804,0,0,0,1,0,0,0,1,0,34,0
6,0.855,0,0,0,1,0,8,0,1,0,52,0
38,0.895,0,0,2,0,0,3,4,0,3,33,0
2,0.91,0,0,0,0,0,12,2,0,2,140,1
9,0.924,0,0,0,0,0,1,1,1,2,6,0
19,0.893,0,0,0,1,0,0,1,0,0,17,0
4,0.92,0,0,1,0,0,8,0,1,2,11,0
2,0.91,0,0,1,0,0,13,0,1,0,96,0
102,0.735,0,1,0,0,0,10,0,1,1,18,1
5,0.897,0,1,0,1,2,0,0,1,4,163,0
0,0.92,2,1,0,0,4,3,2,0,2,127,0
1,0.624,1,1,1,2,1,3,0,1,3,17,1
2,0.91,2,0,0,0,0,11,0,1,0,68,1
2,0.91,0,0,0,1,0,4,3,0,0,9,0
6,0.855,0,0,0,0,0,9,0,1,0,130,0
44,0.7759999999999999,0,0,0,2,1,15,2,2,1,76,0
4,0.92,0,0,0,0,0,2,1,2,0,84,0
0,0.92,0,1,0,0,0,5,0,1,3,80,0
0,0.92,1,0,0,0,0,0,0,1,4,146,1
2,0.91,0,0,0,2,1,0,3,0,4,14,0
30,0.925,1,0,2,1,0,15,1,0,1,206,0
2,0.91,0,0,0,0,0,0,6,0,1,56,0
81,0.4479999999999999,1,1,1,0,0,14,5,3,6,15,1
4,0.92,0,1,0,1,0,0,0,1,1,88,1
3,0.926,0,0,0,1,0,0,3,0,1,328,0
2,0.91,0,0,0,0,0,0,7,0,1,48,0
4,0.92,0,0,1,1,0,8,2,0,2,47,0
0,0.92,0,0,0,1,0,0,7,0,5,98,0
3,0.926,0,0,0,1,0,0,7,0,2,34,0
0,0.92,0,0,0,1,0,16,3,0,2,36,0
83,0.847,1,0,0,0,0,17,1,1,2,104,0
0,0.92,0,1,1,2,1,13,0,1,0,45,0
0,0.92,0,0,0,0,0,0,0,1,1,92,0
0,0.92,1,0,0,0,0,22,3,0,0,83,0
69,0.847,0,0,0,1,0,7,1,0,0,59,0
1,0.624,0,0,2,0,0,6,3,0,5,204,1
33,0.6890000000000001,1,0,0,2,1,5,0,1,2,100,0
30,0.925,0,0,0,5,1,1,1,0,1,28,0
6,0.855,2,0,1,0,0,1,0,1,0,158,1
13,0.55,1,0,0,1,0,6,6,4,0,29,0
2,0.91,0,0,0,0,0,0,2,0,0,28,0
1,0.624,1,0,2,1,0,16,2,3,0,105,0
0,0.92,0,0,0,0,0,16,3,0,4,114,1
0,0.92,0,0,0,2,1,11,0,1,1,306,1
7,0.939,0,0,0,4,0,0,1,0,2,166,0
0,0.92,0,0,0,0,0,10,0,1,0,50,1
53,0.7659999999999999,2,0,0,0,0,4,1,0,4,8,0
0,0.92,0,0,0,0,0,16,1,0,2,89,0
32,0.866,0,0,1,1,0,9,0,1,2,61,0
0,0.92,0,0,0,0,0,0,0,1,1,36,0
1,0.624,0,0,0,0,0,5,6,0,0,50,1
20,0.878,0,0,0,0,0,11,0,1,0,8,0
4,0.92,0,0,1,2,1,9,2,0,0,13,0
1,0.624,0,0,0,1,0,11,3,0,0,51,0
10,0.754,0,1,0,4,0,0,3,3,1,26,0
2,0.91,0,0,0,1,0,8,2,5,0,21,0
51,0.698,1,0,0,1,0,0,7,0,5,51,0
63,0.84,0,0,0,0,0,4,1,2,0,94,1
0,0.92,1,0,0,0,0,10,3,0,4,96,0
1,0.624,1,0,0,1,0,13,1,0,0,126,0
74,0.698,0,0,0,1,0,7,0,1,1,46,1
45,0.925,0,0,0,0,0,13,0,1,0,116,1
14,0.698,0,0,2,1,0,6,0,1,0,65,1
0,0.92,0,0,0,0,0,0,3,0,1,14,0
1,0.624,0,0,0,0,0,2,1,4,0,27,0
0,0.92,2,0,0,0,3,14,0,1,1,86,1
34,0.915,0,1,1,0,0,3,0,1,0,16,1
9,0.924,0,0,0,1,0,15,3,5,0,37,0
30,0.925,0,1,1,0,0,3,2,1,3,21,0
0,0.92,1,0,0,0,0,12,7,0,4,9,0
1,0.624,0,1,0,1,0,5,2,0,2,214,0
0,0.92,0,0,0,0,0,0,2,0,1,49,0
0,0.92,1,0,1,0,0,22,1,2,1,24,0
0,0.92,0,0,0,0,0,15,1,3,0,51,0
0,0.92,0,0,0,0,0,8,0,1,5,52,1
1,0.624,0,0,0,1,0,0,7,0,1,54,0
0,0.92,0,0,0,1,0,0,3,0,1,3,0
4,0.92,0,0,0,0,0,10,1,0,0,144,0
8,0.804,1,1,3,0,0,9,2,0,0,16,1
34,0.915,0,1,0,0,0,10,2,0,0,204,0
0,0.92,0,0,0,0,0,1,2,0,2,26,0
26,0.836,1,0,1,1,0,0,7,0,1,29,0
1,0.624,1,0,0,0,0,8,3,0,3,80,1
4,0.92,2,0,0,0,0,0,2,0,4,42,0
3,0.926,1,0,0,1,0,0,2,0,1,24,0
1,0.624,1,0,2,0,0,1,0,1,0,13,1
1,0.624,1,0,1,1,0,1,0,1,3,51,1
37,0.8270000000000001,1,0,2,1,0,5,0,1,3,32,0
1,0.624,1,1,2,3,1,2,4,0,6,40,1
2,0.91,0,0,0,0,0,17,3,0,2,45,0
5,0.897,0,1,1,1,0,4,5,3,3,83,0
6,0.855,2,0,0,0,2,2,1,0,5,140,1
34,0.915,0,0,0,0,0,8,7,0,0,28,1
0,0.92,2,1,0,0,0,0,3,0,2,5,0
57,0.698,0,0,0,3,1,4,0,1,1,52,0
8,0.804,0,1,0,0,0,0,7,0,3,242,0
1,0.624,0,1,3,3,1,2,2,1,0,107,1
38,0.895,0,0,0,0,3,10,4,0,3,164,0
10,0.754,0,0,0,0,0,4,4,4,0,53,1
8,0.804,0,0,0,0,0,0,6,0,4,78,0
0,0.92,0,1,0,0,0,3,4,0,1,9,0
0,0.92,1,1,1,1,2,0,0,1,0,35,0
1,0.624,0,0,0,0,0,14,3,0,2,122,1
18,0.802,2,0,0,0,0,11,4,0,2,112,0
19,0.893,0,0,0,1,0,18,5,5,0,13,0
6,0.855,0,1,0,1,3,14,0,1,2,59,0
1,0.624,1,0,0,0,0,3,1,2,0,8,1
84,0.556,1,0,0,0,3,4,1,0,0,34,1
3,0.926,0,0,0,2,1,8,3,0,2,106,0
2,0.91,0,0,2,2,1,2,6,1,0,16,0
20,0.878,0,1,0,5,1,3,4,0,5,88,0
12,0.884,1,0,0,1,0,6,1,0,0,15,0
29,0.89,0,0,2,0,0,6,1,4,0,31,0
1,0.624,0,1,0,0,0,5,2,0,0,140,1
2,0.91,0,0,0,0,0,0,5,0,1,46,0
60,0.83,1,0,0,0,0,1,1,0,0,19,0
0,0.92,2,0,0,0,0,0,0,1,1,26,0
2,0.91,1,0,0,0,0,0,7,0,0,94,0
36,0.527,1,0,0,1,0,8,0,1,3,29,1
1,0.624,1,1,3,0,0,22,6,1,6,36,1
4,0.92,0,1,0,0,0,0,5,0,0,298,1
0,0.92,0,0,0,1,2,0,2,0,0,107,0
2,0.91,0,0,0,0,0,16,7,0,1,56,0
30,0.925,0,0,0,0,0,10,2,0,1,57,0
9,0.924,0,0,0,0,0,0,6,4,2,198,0
48,0.698,0,1,3,0,0,3,0,1,3,3,0
1,0.624,0,0,1,1,0,14,4,0,0,4,0
64,0.479,1,1,0,3,1,0,0,1,2,26,1
1,0.624,1,1,1,1,0,5,0,1,0,55,1
3,0.926,0,0,0,1,0,0,3,0,2,139,0
0,0.92,0,0,2,1,0,1,3,0,4,80,0
8,0.804,0,0,0,0,3,18,0,1,6,73,0
21,0.923,0,1,0,2,1,13,0,1,0,33,0
1,0.624,1,0,1,0,0,8,8,5,0,33,1
6,0.855,0,0,2,0,0,3,8,0,2,15,0
0,0.92,0,0,0,1,0,0,0,1,1,6,1
0,0.92,0,0,0,1,0,0,3,0,4,4,0
6,0.855,0,0,0,0,4,16,7,0,0,96,0
3,0.926,0,0,0,1,0,0,0,1,5,9,0
1,0.624,0,1,1,0,0,7,1,0,2,31,1
1,0.624,1,1,0,0,0,2,3,0,0,28,0
5,0.897,0,0,0,1,0,7,5,0,2,92,0
10,0.754,0,0,0,0,0,0,1,0,0,141,1
12,0.884,1,0,0,0,0,4,1,0,0,29,0
19,0.893,1,1,0,2,1,1,0,1,0,10,0
1,0.624,0,0,0,0,0,19,0,1,0,45,1
0,0.92,1,1,1,2,1,3,1,1,0,3,0
17,0.899,1,0,0,0,0,3,1,0,2,39,0
1,0.624,1,0,3,3,1,8,4,4,0,2,1
11,0.887,0,0,0,2,1,5,1,3,0,82,0
3,0.926,0,0,1,1,0,2,1,0,0,30,0
12,0.884,0,0,0,1,0,15,1,2,2,98,0
7,0.939,0,0,1,0,0,9,5,3,4,43,1
15,0.913,0,0,0,1,0,15,2,0,2,80,0
0,0.92,0,0,0,0,0,16,1,0,4,52,0
1,0.624,1,0,1,0,0,1,0,1,3,11,1
11,0.887,1,0,0,1,0,9,0,1,5,82,0
1,0.624,0,0,1,0,0,5,4,0,2,50,1
6,0.855,0,0,0,1,0,20,4,0,1,64,0
1,0.624,0,1,1,0,5,13,0,0,3,42,0
0,0.92,0,0,2,1,2,16,8,5,0,30,0
7,0.939,2,0,0,0,0,0,2,0,0,94,0
1,0.624,1,0,0,0,0,14,3,0,6,28,1
19,0.893,0,0,1,2,1,8,0,1,2,68,0
1,0.624,0,1,1,0,0,4,0,1,0,34,1
4,0.92,2,0,0,0,0,1,2,0,0,79,1
0,0.92,0,0,0,0,2,0,1,6,0,51,0
23,0.767,1,1,1,0,0,3,2,0,3,4,0
5,0.897,0,0,0,1,0,7,1,5,4,32,0
6,0.855,3,1,2,0,0,0,0,1,1,34,1
1,0.624,1,0,0,0,0,13,2,0,0,41,0
100,0.698,0,0,0,0,0,1,0,1,5,51,0
0,0.92,0,0,0,0,0,0,5,3,1,26,0
3,0.926,2,0,1,1,0,15,5,3,2,14,0
3,0.926,1,0,0,0,0,8,1,0,2,47,0
0,0.92,0,0,0,0,0,0,1,0,1,96,0
20,0.878,0,0,0,2,1,0,0,1,1,158,0
0,0.92,2,0,0,0,5,13,4,0,0,107,0
0,0.92,0,0,0,0,0,7,6,4,5,27,0
33,0.6890000000000001,0,1,1,0,0,5,2,1,0,39,0
0,0.92,1,1,1,1,0,7,3,3,6,6,1
9,0.924,0,0,1,2,1,17,1,0,0,48,1
22,0.8959999999999999,0,1,3,3,1,0,0,1,3,6,0
13,0.55,0,0,0,0,0,2,1,0,0,74,0
2,0.91,0,1,0,0,3,14,7,0,0,16,0
10,0.754,1,1,2,0,0,16,5,3,1,114,0
2,0.91,1,1,3,5,1,6,0,1,6,90,0
27,0.682,0,0,0,0,0,0,0,1,0,83,0
0,0.92,0,0,2,0,0,9,1,0,2,40,0
0,0.92,0,0,0,0,2,15,2,0,1,228,1
3,0.926,1,1,1,0,0,2,3,5,0,68,0
39,0.903,0,1,0,3,1,4,0,0,3,178,1
23,0.767,1,0,0,2,1,5,4,4,0,36,0
82,0.856,0,0,0,0,0,12,1,0,0,124,0
13,0.55,1,1,2,0,0,14,0,1,3,20,1
5,0.897,0,0,0,4,0,19,1,0,4,314,0
0,0.92,0,1,0,2,1,3,0,1,3,90,0
1,0.624,1,0,0,1,0,22,8,1,0,13,1
17,0.899,0,0,0,0,0,18,5,0,2,130,0
0,0.92,0,0,0,0,0,18,7,0,1,100,0
1,0.624,0,0,3,0,0,6,2,0,4,82,0
11,0.887,1,1,2,2,1,3,4,0,0,12,0
1,0.624,2,0,0,0,0,1,5,0,0,30,0
59,0.74,1,1,1,0,0,1,0,1,3,17,1
1,0.624,0,1,0,1,0,5,7,3,0,75,1
0,0.92,0,1,0,0,0,0,0,1,0,32,1
14,0.698,1,1,0,0,0,9,0,1,0,91,1
0,0.92,0,0,0,0,0,18,1,2,0,32,1
45,0.925,1,1,0,2,1,14,0,0,3,72,0
21,0.923,0,0,2,1,2,5,3,0,0,52,0
1,0.624,2,0,0,0,3,9,8,0,2,34,0
0,0.92,0,0,0,0,0,0,0,1,1,10,1
3,0.926,0,0,0,0,3,7,4,0,0,130,0
14,0.698,0,0,0,0,0,2,1,1,0,26,0
30,0.925,0,0,0,1,0,0,3,0,0,77,0
8,0.804,0,0,1,3,1,11,2,0,2,125,0
1,0.624,1,1,1,0,0,14,0,1,3,218,1
2,0.91,0,0,0,0,0,11,2,0,2,31,0
6,0.855,1,0,1,0,0,2,7,0,4,152,0
27,0.682,1,0,1,0,0,3,0,1,3,13,1
1,0.624,0,1,1,0,0,13,0,1,3,63,0
52,0.698,1,0,0,1,0,0,4,0,6,10,0
23,0.767,0,1,1,2,1,1,0,1,3,9,0
14,0.698,0,0,0,0,0,13,4,4,0,32,0
0,0.92,0,0,2,0,0,0,1,2,2,8,0
5,0.897,1,1,1,0,0,14,0,1,3,31,1
6,0.855,3,1,1,2,1,2,3,0,0,36,0
15,0.913,1,0,0,0,0,18,2,0,1,34,0
2,0.91,0,0,0,0,0,0,3,1,1,11,0
61,0.579,0,0,0,0,0,1,0,1,0,100,1
3,0.926,0,0,2,4,2,11,3,0,1,56,0
0,0.92,0,0,0,0,0,0,1,0,1,11,0
46,0.698,1,1,1,2,1,14,0,1,3,23,0
36,0.527,0,1,0,0,0,3,7,2,0,30,0
1,0.624,0,0,0,0,0,4,3,0,4,49,1
16,0.939,1,0,0,1,0,12,5,0,2,12,0
4,0.92,1,0,0,0,6,12,0,1,0,23,0
17,0.899,0,1,1,0,0,5,0,0,3,28,0
1,0.624,0,0,0,0,0,3,1,0,0,57,1
12,0.884,0,0,0,0,0,1,6,1,4,80,0
5,0.897,0,1,1,1,0,2,1,2,0,11,0
2,0.91,0,0,0,0,0,1,2,6,5,11,0
1,0.624,0,1,1,2,1,1,0,0,0,15,0
0,0.92,0,0,0,1,0,0,5,6,1,161,0
19,0.893,1,0,0,0,0,12,2,4,0,15,1
11,0.887,0,0,2,2,1,15,0,1,3,102,1
34,0.915,2,0,0,1,0,21,2,0,1,19,0
1,0.624,1,0,0,1,0,1,4,2,0,57,1
5,0.897,2,0,0,1,0,5,1,2,0,33,0
2,0.91,0,0,0,1,0,1,6,4,3,152,0
1,0.624,0,1,0,1,0,5,6,4,0,95,0
32,0.866,0,0,1,1,0,9,6,3,0,28,0
89,0.493,0,0,1,0,0,2,0,1,0,18,1
0,0.92,0,1,1,2,1,1,1,5,0,104,0
0,0.92,0,0,0,0,0,6,3,0,0,41,0
3,0.926,1,1,0,1,0,11,0,1,3,18,1
3,0.926,0,1,1,1,0,17,0,3,1,7,0
17,0.899,2,0,0,0,0,0,2,0,0,17,0
1,0.624,2,0,0,0,0,18,0,1,1,10,1
53,0.7659999999999999,0,0,0,0,0,0,0,1,0,28,1
1,0.624,1,1,0,1,0,1,0,5,1,105,1
2,0.91,0,0,0,0,0,0,1,0,0,30,0
0,0.92,3,1,0,2,1,2,0,0,3,72,0
4,0.92,0,1,1,1,0,15,0,1,4,72,1
1,0.624,0,0,0,0,0,1,3,0,0,24,1
0,0.92,0,0,0,0,0,2,0,1,0,14,0
3,0.926,0,0,0,1,0,0,2,5,1,22,0
0,0.92,1,0,1,1,0,8,4,0,0,54,0
5,0.897,1,1,1,2,1,1,0,1,3,18,0
0,0.92,0,0,0,0,0,0,2,1,0,126,0
1,0.624,1,0,1,0,0,1,2,0,0,5,0
8,0.804,0,1,0,0,0,5,0,1,3,53,1
0,0.92,0,0,0,0,4,0,5,0,2,34,0
4,0.92,0,0,2,0,0,0,1,3,1,108,0
0,0.92,0,0,0,1,0,0,0,1,0,25,0
100,0.698,1,0,0,0,0,12,0,1,0,64,0
0,0.92,0,0,0,0,0,7,2,0,2,15,0
16,0.939,0,0,0,1,0,0,0,1,3,127,0
25,0.743,1,0,0,1,0,9,0,1,0,44,1
2,0.91,0,0,0,0,3,0,6,2,0,26,0
12,0.884,0,0,0,1,0,20,2,3,2,16,0
3,0.926,0,0,0,0,0,11,3,3,0,114,0
3,0.926,0,0,0,1,0,1,4,0,0,32,0
52,0.698,0,0,0,1,0,12,6,3,0,21,0
2,0.91,0,0,0,0,0,20,0,1,0,15,0
10,0.754,0,0,0,0,0,13,1,4,0,34,0
48,0.698,0,1,0,0,6,6,2,0,4,5,1
58,0.698,0,0,0,1,0,10,5,0,1,128,0
4,0.92,1,0,0,0,0,7,1,0,0,118,0
4,0.92,1,1,1,0,0,5,0,1,0,13,1
1,0.624,0,1,0,0,0,2,3,0,0,35,0
1,0.624,0,1,1,2,1,13,0,1,3,108,1
6,0.855,1,1,0,1,4,19,5,0,2,15,0
0,0.92,0,0,0,0,0,16,0,1,0,170,0
24,0.762,0,0,1,0,0,16,2,0,5,6,0
52,0.698,0,0,1,0,0,0,3,0,1,6,0
4,0.92,0,1,1,0,0,7,7,3,0,178,0
0,0.92,1,0,0,1,4,1,2,0,1,28,0
67,0.722,1,1,0,1,0,16,0,1,1,98,0
73,0.764,1,0,3,0,0,15,0,1,1,37,1
0,0.92,0,0,0,0,0,1,2,2,2,94,0
28,0.6659999999999999,0,0,2,0,0,8,4,0,0,19,1
2,0.91,0,1,0,3,1,5,0,1,3,28,0
1,0.624,1,1,0,0,0,5,0,1,2,25,1
3,0.926,0,1,1,2,1,4,0,1,0,102,1
0,0.92,2,0,0,0,0,1,0,1,0,55,1
1,0.624,0,0,0,0,0,18,3,0,1,29,0
0,0.92,0,0,0,0,0,5,3,5,2,112,0
0,0.92,0,1,0,1,4,11,3,0,1,12,0
0,0.92,2,0,0,1,5,10,0,1,0,34,1
66,0.647,0,0,0,0,0,2,7,0,0,18,0
8,0.804,1,0,0,0,0,7,0,1,3,9,1
105,0.7879999999999999,0,0,0,0,0,0,0,1,1,126,0
2,0.91,2,0,0,0,0,16,4,0,0,84,0
0,0.92,0,1,1,2,1,14,4,5,0,87,1
11,0.887,0,0,3,3,1,9,0,1,0,62,0
18,0.802,0,0,1,0,0,14,3,0,2,11,0
78,0.795,0,1,1,0,0,2,1,1,0,83,0
2,0.91,0,0,0,0,0,21,3,0,1,78,0
13,0.55,0,0,0,0,0,4,4,0,0,11,1
50,0.727,0,0,0,0,0,18,0,1,1,124,1
3,0.926,0,0,0,2,1,17,2,0,1,118,0
4,0.92,0,0,0,0,0,5,3,1,0,158,0
25,0.743,0,0,0,0,5,3,0,1,3,9,1
2,0.91,0,1,1,0,0,4,0,1,3,84,0
44,0.7759999999999999,1,0,1,0,0,7,1,0,0,33,1
10,0.754,1,1,0,0,0,3,6,0,3,21,0
0,0.92,0,0,1,2,1,2,1,1,0,44,0
43,0.5579999999999999,0,0,1,0,0,13,0,1,0,36,1
0,0.92,0,0,0,0,0,17,7,0,4,64,0
9,0.924,0,0,0,0,0,10,1,3,5,6,0
7,0.939,0,0,2,0,0,19,0,1,1,112,0
32,0.866,0,0,0,0,3,8,2,1,2,4,0
0,0.92,0,0,0,0,0,0,4,0,5,99,0
34,0.915,0,0,0,0,0,0,0,1,0,51,1
3,0.926,0,1,0,2,1,4,6,0,5,72,0
23,0.767,1,1,1,2,1,2,6,4,0,43,0
1,0.624,0,0,0,0,3,1,0,1,0,63,1
3,0.926,0,0,0,1,0,0,8,0,1,26,0
0,0.92,0,0,0,0,0,12,3,0,0,152,0
5,0.897,1,0,1,1,0,12,6,0,1,33,0
0,0.92,0,0,0,0,0,0,5,0,1,70,0
10,0.754,0,0,0,1,0,7,5,3,0,47,0
5,0.897,1,1,1,1,0,5,2,1,0,145,1
10,0.754,0,0,0,0,0,7,4,2,0,161,0
0,0.92,0,0,0,0,0,6,3,0,4,16,0
4,0.92,1,1,0,4,0,0,4,0,0,59,0
33,0.6890000000000001,0,0,1,0,0,16,2,0,5,30,0
9,0.924,1,1,0,5,1,13,0,1,3,14,0
9,0.924,0,1,1,0,0,7,5,3,0,11,0
94,0.898,0,1,1,0,0,3,0,1,0,8,0
1,0.624,0,0,3,1,0,8,2,0,2,43,0
0,0.92,0,0,0,0,0,3,5,0,2,145,0
31,0.579,1,1,1,0,0,5,2,0,0,34,0
14,0.698,1,0,1,0,0,2,0,1,0,26,1
0,0.92,1,0,0,0,4,11,6,0,1,11,0
33,0.6890000000000001,0,0,1,1,0,19,6,2,0,54,0
1,0.624,0,1,0,0,0,14,1,0,0,28,1
2,0.91,1,1,1,2,1,3,6,4,0,66,0
0,0.92,0,0,0,0,3,7,4,0,0,52,0
35,0.843,0,1,1,0,0,2,0,1,3,69,0
51,0.698,0,0,0,0,0,12,0,1,1,17,1
72,0.865,0,0,0,2,1,15,7,0,0,104,0
1,0.624,1,0,0,1,0,15,7,0,2,13,1
2,0.91,0,0,0,1,0,0,0,1,0,43,0
0,0.92,1,0,0,1,4,21,0,1,1,14,1
4,0.92,1,1,1,2,1,6,0,1,2,12,0
1,0.624,0,0,1,0,3,3,5,0,0,57,1
32,0.866,0,0,0,1,0,16,1,0,0,30,0
0,0.92,0,0,0,0,0,4,3,0,5,170,0
60,0.83,0,0,1,0,0,4,2,0,1,40,0
1,0.624,0,0,1,0,3,1,2,0,0,20,0
0,0.92,1,1,0,0,0,0,3,0,1,46,0
1,0.624,0,0,0,1,0,8,3,0,0,7,1
70,0.74,0,0,3,0,0,5,0,1,2,78,1
56,0.691,0,0,3,0,2,11,0,1,0,20,1
1,0.624,1,0,0,0,0,2,1,0,0,316,0
0,0.92,0,0,0,0,0,0,0,3,1,62,1
3,0.926,0,0,0,4,0,0,1,0,1,40,0
3,0.926,1,1,3,0,0,14,0,1,3,4,0
94,0.898,0,0,0,1,0,0,8,3,0,3,0
9,0.924,0,0,0,0,0,17,4,0,3,47,1
26,0.836,0,0,0,1,0,11,3,0,0,8,0
43,0.5579999999999999,0,0,1,1,0,20,0,1,0,170,1
1,0.624,1,0,0,0,0,7,3,0,0,9,1
1,0.624,1,0,1,0,0,14,6,5,1,18,1
23,0.767,0,0,0,0,0,7,4,0,5,21,0
1,0.624,1,1,1,2,1,4,0,1,3,196,0
1,0.624,0,1,2,0,0,6,0,1,3,24,1
47,0.555,3,1,2,0,0,3,1,0,0,12,1
9,0.924,0,0,0,0,0,7,2,0,0,54,0
0,0.92,0,1,1,2,1,6,0,1,3,200,0
0,0.92,0,0,1,0,0,12,3,0,0,11,0
24,0.762,1,0,0,0,0,4,6,2,0,22,0
5,0.897,0,1,0,1,0,10,5,3,1,29,0
1,0.624,1,1,1,0,0,3,0,1,3,18,0
9,0.924,1,0,0,0,0,12,0,1,0,108,0
96,0.745,3,0,3,4,0,0,0,1,3,256,0
83,0.847,1,1,1,5,1,19,4,0,6,15,0
1,0.624,0,1,1,2,1,1,0,1,3,20,1
39,0.903,0,0,0,0,0,3,2,0,0,55,1
36,0.527,0,1,1,2,1,14,0,1,3,2,1
0,0.92,2,0,0,0,0,21,2,0,1,130,0
1,0.624,0,0,1,0,0,4,4,0,0,232,1
33,0.6890000000000001,1,1,1,2,1,2,0,1,3,11,0
48,0.698,0,1,1,0,0,1,3,0,0,24,0
0,0.92,0,0,0,0,3,0,2,0,2,33,0
0,0.92,2,0,0,0,0,7,3,0,1,20,1
53,0.7659999999999999,0,0,1,0,0,2,7,0,0,56,0
4,0.92,1,0,0,0,0,0,0,1,1,39,1
4,0.92,0,0,1,0,0,3,6,1,0,56,0
18,0.802,0,0,0,1,0,2,2,0,0,26,0
4,0.92,0,0,1,2,1,10,4,2,2,33,0
0,0.92,0,1,0,2,1,5,0,1,3,42,0
3,0.926,0,1,0,1,0,3,0,1,2,134,0
3,0.926,0,0,0,1,0,0,3,0,0,5,0
0,0.92,0,1,0,2,1,3,0,1,2,12,0
1,0.624,1,1,0,2,1,14,0,1,3,15,0
1,0.624,0,1,0,0,0,2,0,1,3,129,1
1,0.624,1,1,0,2,1,13,0,1,3,52,0
0,0.92,0,0,0,0,0,7,4,0,2,16,0
18,0.802,2,0,0,1,0,10,3,0,5,25,0
94,0.898,0,1,0,2,1,2,0,1,2,48,0
0,0.92,1,0,0,0,0,0,0,1,2,110,1
70,0.74,2,0,0,1,0,7,8,0,4,126,0
22,0.8959999999999999,0,1,1,2,1,5,0,1,3,54,0
1,0.624,1,0,0,0,0,6,6,4,0,46,0
3,0.926,0,0,0,1,0,0,0,1,1,44,0
2,0.91,1,0,0,3,1,11,5,0,2,74,0
11,0.887,0,0,0,1,0,9,2,0,5,70,0
0,0.92,0,0,0,0,4,0,0,1,1,130,1
2,0.91,0,0,0,0,0,11,2,0,0,43,0
73,0.764,1,0,2,1,0,3,0,1,5,43,1
1,0.624,0,1,1,2,1,5,0,1,3,34,1
0,0.92,1,0,0,3,1,21,5,0,1,74,0
3,0.926,0,0,0,0,0,17,6,0,0,17,0
4,0.92,0,0,0,0,0,0,4,2,0,20,0
12,0.884,0,0,0,4,0,0,0,1,1,98,0
1,0.624,1,0,0,0,0,11,3,0,6,41,1
1,0.624,0,1,0,0,6,5,1,4,3,83,0
2,0.91,0,0,0,0,0,2,1,1,0,204,0
2,0.91,0,0,0,0,0,1,3,0,0,54,0
19,0.893,0,0,0,0,0,8,2,0,1,70,0
2,0.91,2,1,1,0,0,8,0,1,1,89,1
6,0.855,2,0,0,0,0,1,0,1,0,30,0
0,0.92,0,0,0,1,0,12,3,0,4,31,0
3,0.926,0,0,0,4,2,0,1,0,0,11,0
5,0.897,1,0,2,0,0,3,8,0,3,20,0
19,0.893,0,0,2,0,0,11,1,0,0,54,0
29,0.89,0,1,1,1,2,5,0,1,0,6,0
2,0.91,0,0,0,1,0,11,1,2,2,62,0
1,0.624,1,0,0,1,0,8,4,4,0,122,0
70,0.74,1,0,0,0,6,7,6,4,0,52,0
0,0.92,0,0,0,5,1,16,0,1,0,78,0
0,0.92,0,0,0,0,0,0,3,0,1,97,1
3,0.926,0,1,0,0,0,14,0,1,1,41,0
1,0.624,0,0,0,0,0,8,3,0,1,81,1
0,0.92,0,1,0,2,1,2,0,1,2,28,0
3,0.926,0,0,0,0,0,7,6,0,2,76,0
27,0.682,1,1,0,0,0,5,0,1,0,72,1
22,0.8959999999999999,0,0,0,1,0,0,1,0,1,78,0
42,0.738,1,1,2,2,1,5,0,1,0,73,0
0,0.92,0,0,0,0,0,11,5,3,1,92,1
0,0.92,1,1,0,0,5,2,3,0,5,178,1
52,0.698,0,1,0,0,0,2,1,0,0,16,1
9,0.924,0,0,0,0,0,1,2,0,0,126,0
12,0.884,3,0,0,0,5,14,0,1,0,8,1
1,0.624,2,0,0,0,0,6,1,0,0,48,0
0,0.92,1,0,0,1,0,9,1,0,4,79,0
8,0.804,0,0,0,0,0,4,8,1,0,210,0
2,0.91,0,0,0,1,0,7,1,0,2,74,0
2,0.91,0,1,0,5,1,3,0,1,3,48,0
3,0.926,1,0,0,0,0,3,1,0,0,334,0
83,0.847,0,1,3,3,1,5,0,1,3,162,0
59,0.74,0,1,0,1,0,12,5,5,5,96,0
12,0.884,1,1,2,0,0,10,0,1,0,13,1
37,0.8270000000000001,0,0,0,2,1,3,6,4,0,9,0
18,0.802,0,1,1,2,1,1,0,1,3,13,0
13,0.55,0,0,0,0,0,7,4,0,1,13,0
3,0.926,0,0,1,1,0,17,4,3,2,80,0
0,0.92,0,0,0,0,0,0,0,1,0,4,0
0,0.92,0,0,0,0,0,0,5,0,1,57,0
10,0.754,0,0,2,0,0,20,0,1,0,18,1
3,0.926,0,0,0,0,0,12,2,2,0,32,1
10,0.754,0,1,1,2,1,5,0,1,3,49,0
2,0.91,0,1,0,5,1,1,0,0,3,11,0
0,0.92,0,0,0,0,0,9,3,0,2,170,0
2,0.91,1,1,0,0,0,14,0,1,2,46,0
2,0.91,0,0,0,0,0,0,3,0,5,82,0
0,0.92,0,0,0,0,0,12,2,0,0,30,0
2,0.91,0,1,1,0,0,13,0,1,3,55,0
8,0.804,0,0,0,1,0,17,5,0,0,41,0
2,0.91,0,0,0,1,0,6,6,4,0,22,0
3,0.926,3,1,0,0,0,11,1,0,0,139,0
3,0.926,0,1,1,1,0,19,0,1,1,13,1
0,0.92,1,0,0,0,0,0,3,0,1,79,0
3,0.926,0,0,1,0,0,8,8,3,0,96,0
1,0.624,1,0,2,0,0,2,2,0,0,82,1
1,0.624,1,1,1,0,0,14,0,0,0,154,0
1,0.624,1,0,1,0,0,16,4,0,1,21,1
0,0.92,0,1,1,0,0,2,0,1,0,14,1
50,0.727,1,0,0,0,0,4,1,0,0,34,0
15,0.913,1,0,0,1,0,10,1,2,0,45,0
0,0.92,0,0,0,4,0,0,5,3,1,5,1
0,0.92,0,0,0,0,0,0,7,2,1,31,0
0,0.92,0,0,0,0,5,2,0,1,3,98,1
0,0.92,2,0,0,0,0,3,3,0,0,25,0
43,0.5579999999999999,1,1,0,2,1,4,0,1,3,31,1
17,0.899,0,0,0,0,3,9,0,1,1,54,0
1,0.624,0,1,0,1,0,5,0,1,0,37,0
2,0.91,1,0,0,2,1,19,2,0,0,17,1
5,0.897,0,1,2,0,5,5,5,0,2,40,0
0,0.92,0,0,0,0,0,0,2,5,0,70,0
70,0.74,0,1,1,0,0,1,0,1,0,326,0
2,0.91,0,0,1,0,0,5,4,0,0,36,0
1,0.624,0,0,0,0,0,13,2,0,3,50,1
7,0.939,1,1,1,0,0,14,6,0,0,154,0
3,0.926,1,0,0,0,0,1,4,0,4,83,0
29,0.89,0,0,0,1,0,8,2,0,2,26,0
106,0.73,0,1,0,5,1,13,0,1,3,63,0
1,0.624,0,0,0,0,0,2,3,5,0,73,0
1,0.624,0,0,0,0,0,8,6,4,2,54,1
0,0.92,2,1,1,1,0,11,0,1,0,58,0
6,0.855,0,0,0,1,0,15,3,0,4,63,0
0,0.92,0,0,0,0,0,0,3,0,5,58,0
30,0.925,0,1,1,2,1,6,0,1,0,16,0
72,0.865,0,0,0,2,1,0,1,0,3,156,0
3,0.926,0,0,0,1,0,4,1,0,0,41,1
36,0.527,0,1,0,1,0,2,0,1,5,48,0
3,0.926,0,0,0,1,0,0,1,0,1,33,0
0,0.92,0,0,1,0,0,2,3,0,2,101,0
2,0.91,0,0,0,2,1,19,1,0,1,10,0
3,0.926,2,0,0,1,0,0,3,0,0,140,0
2,0.91,0,0,0,0,0,20,0,1,0,70,0
0,0.92,0,0,0,0,0,2,3,0,0,31,0
10,0.754,2,1,0,0,0,4,3,0,2,23,0
2,0.91,0,0,0,0,0,12,2,0,0,156,0
1,0.624,0,1,0,0,4,7,0,1,3,290,1
2,0.91,2,1,0,4,0,8,0,3,1,60,1
8,0.804,0,0,1,0,0,4,8,0,0,32,0
2,0.91,0,1,1,0,0,1,0,1,4,10,1
3,0.926,1,0,0,0,5,5,0,1,0,108,0
3,0.926,0,1,0,0,0,0,4,0,1,6,0
4,0.92,2,1,1,0,0,14,0,1,2,29,0
1,0.624,0,0,0,0,0,11,2,0,0,10,1
41,0.794,0,0,0,0,0,0,0,1,1,36,0
0,0.92,1,0,3,3,1,4,0,1,6,156,0
0,0.92,0,0,0,0,4,20,1,0,0,92,1
41,0.794,0,0,2,0,0,1,6,0,0,41,0
3,0.926,0,1,0,2,1,2,2,0,5,40,0
2,0.91,0,1,2,1,0,0,3,0,1,26,0
12,0.884,0,0,0,1,0,0,8,0,0,26,0
0,0.92,0,0,0,0,2,3,2,5,1,68,1
2,0.91,0,1,0,0,0,7,7,0,5,8,0
38,0.895,0,0,2,0,0,10,2,0,0,14,0
0,0.92,0,0,0,1,0,0,3,0,2,7,0
1,0.624,1,0,1,0,0,14,1,0,0,28,1
0,0.92,0,0,0,0,0,4,8,0,2,9,0
3,0.926,0,0,1,0,0,8,8,3,0,37,0
0,0.92,0,0,0,0,0,10,3,0,2,30,0
2,0.91,0,1,1,1,0,1,0,0,3,21,0
1,0.624,1,0,0,0,0,6,0,1,2,76,1
0,0.92,0,0,0,0,0,16,7,0,0,72,0
5,0.897,1,1,1,0,0,13,0,1,3,84,1
15,0.913,0,0,0,1,0,0,0,1,0,98,0
0,0.92,0,0,0,0,0,0,1,0,1,148,0
50,0.727,0,1,1,1,2,20,0,1,2,56,1
7,0.939,0,0,0,0,0,0,0,1,1,32,1
0,0.92,0,0,2,0,0,1,4,0,5,44,1
34,0.915,1,0,1,0,0,1,3,3,0,26,0
26,0.836,1,1,0,5,1,13,0,1,3,9,0
2,0.91,0,0,0,0,2,21,1,0,2,72,0
0,0.92,0,1,1,2,1,1,3,0,0,55,0
1,0.624,0,0,0,0,0,3,1,0,0,52,0
10,0.754,0,0,2,2,1,1,4,1,2,82,0
2,0.91,0,0,0,0,2,16,4,0,0,105,0
1,0.624,0,0,0,1,0,18,8,0,1,67,1
1,0.624,1,0,1,0,0,11,3,0,1,2,1
22,0.8959999999999999,0,1,0,5,1,3,0,1,3,103,0
0,0.92,0,1,0,0,4,10,0,1,5,47,0
6,0.855,0,0,0,1,0,16,1,1,0,110,0
77,0.698,0,0,0,0,0,9,2,0,1,17,0
6,0.855,0,0,0,1,0,6,0,1,0,112,0
4,0.92,0,0,0,0,0,0,1,0,1,53,0
12,0.884,0,1,0,1,0,11,8,0,1,51,0
27,0.682,0,0,0,0,0,10,2,0,1,85,0
8,0.804,0,0,0,0,0,18,0,1,0,52,0
2,0.91,0,0,0,0,0,0,5,0,1,45,0
12,0.884,0,0,2,0,0,1,2,3,0,7,0
3,0.926,0,0,0,0,0,0,7,0,4,132,0
0,0.92,2,1,1,0,2,14,0,1,5,37,1
1,0.624,1,0,1,0,0,1,1,0,0,71,1
87,0.7759999999999999,0,1,1,0,0,5,0,1,3,9,1
22,0.8959999999999999,1,0,0,0,0,9,6,3,2,32,0
0,0.92,0,0,0,0,0,11,5,0,0,26,0
3,0.926,0,0,0,1,0,18,2,0,1,103,0
55,0.848,0,1,0,2,1,2,0,1,3,16,0
1,0.624,1,0,0,0,0,5,1,0,0,53,0
2,0.91,0,1,1,1,0,17,0,3,0,57,1
1,0.624,0,0,0,1,0,2,1,0,0,5,0
14,0.698,2,1,0,0,0,5,0,1,0,144,1
12,0.884,0,0,0,1,0,10,4,0,5,24,0
4,0.92,0,0,0,0,3,1,2,0,0,13,0
0,0.92,0,1,0,4,0,7,0,1,0,21,1
0,0.92,0,1,1,0,0,3,0,1,3,11,1
48,0.698,0,1,0,2,1,0,2,0,1,87,0
30,0.925,1,0,0,0,0,4,2,0,0,32,0
2,0.91,0,0,0,1,0,10,3,0,1,6,0
34,0.915,0,1,1,0,0,5,0,1,3,84,0
1,0.624,1,0,0,0,0,1,3,0,4,62,0
0,0.92,0,0,0,1,0,0,2,2,1,6,0
21,0.923,0,0,0,4,0,6,2,0,4,26,0
0,0.92,0,0,0,1,0,0,5,0,1,37,0
0,0.92,0,1,0,2,1,5,0,0,3,150,0
1,0.624,0,1,0,1,0,6,3,0,0,28,0
5,0.897,1,1,1,0,0,2,0,1,6,25,0
3,0.926,0,0,2,2,1,10,6,0,0,34,0
17,0.899,0,0,1,0,0,7,6,2,2,108,0
0,0.92,0,1,0,0,0,0,8,3,1,6,0
0,0.92,0,0,0,0,0,0,3,0,1,90,0
58,0.698,1,0,1,1,3,0,6,4,6,52,0
8,0.804,0,0,0,0,0,9,0,1,0,69,0
34,0.915,2,0,2,0,0,0,2,3,2,105,0
1,0.624,1,0,0,0,0,2,2,4,3,85,0
0,0.92,1,0,0,0,0,0,7,5,6,77,0
39,0.903,1,0,0,0,5,4,2,0,3,20,0
0,0.92,0,1,1,0,0,4,1,3,0,19,0
4,0.92,0,0,0,0,0,0,1,2,0,126,0
8,0.804,0,0,3,0,0,4,1,1,0,6,0
75,0.698,0,0,0,0,0,16,7,0,1,79,0
3,0.926,0,1,0,2,1,1,1,0,0,62,0
26,0.836,0,1,0,2,1,1,0,1,3,76,0
27,0.682,1,1,1,0,0,4,0,1,6,53,0
5,0.897,2,0,0,1,0,0,2,0,1,10,0
2,0.91,1,0,0,3,1,0,6,0,2,163,1
7,0.939,2,1,2,0,0,8,0,1,3,9,1
46,0.698,0,1,1,0,0,5,0,0,3,16,0
0,0.92,0,0,0,0,0,17,3,0,5,46,1
1,0.624,1,1,1,5,1,5,0,1,6,21,1
2,0.91,0,0,3,1,0,4,1,2,0,72,0
1,0.624,0,0,1,0,0,9,3,0,2,20,1
0,0.92,1,0,0,0,0,13,1,0,3,106,0
19,0.893,0,0,0,1,0,7,6,0,0,188,0
4,0.92,0,0,0,0,0,12,8,0,4,79,0
36,0.527,1,1,1,0,0,14,0,1,0,12,1
27,0.682,1,1,1,0,0,3,0,1,6,32,1
6,0.855,0,1,0,3,1,5,0,1,0,130,0
4,0.92,0,0,1,2,1,8,3,0,2,45,0
12,0.884,0,0,0,1,0,0,0,1,1,118,0
55,0.848,0,1,0,1,0,16,0,1,2,17,1
9,0.924,0,1,1,0,0,3,0,1,2,4,0
0,0.92,2,1,1,2,1,1,8,1,0,30,0
1,0.624,1,1,0,0,0,2,0,0,3,57,0
2,0.91,0,0,0,0,6,1,4,0,2,92,0
8,0.804,1,1,0,1,0,4,3,0,1,40,0
0,0.92,2,0,0,0,2,2,2,0,0,90,0
48,0.698,1,1,1,2,1,9,0,1,0,76,1
1,0.624,0,0,0,0,0,1,4,5,0,116,1
17,0.899,0,0,2,0,0,7,5,0,1,70,0
13,0.55,0,0,2,0,0,7,7,0,0,62,1
1,0.624,0,0,0,0,0,10,8,0,1,20,0
19,0.893,0,1,1,0,0,7,0,1,3,29,0
79,0.743,0,0,0,1,0,12,2,0,0,84,0
41,0.794,0,0,0,1,4,0,1,2,1,30,0
0,0.92,1,1,0,1,0,4,0,1,2,12,1
0,0.92,0,0,0,0,0,0,1,2,0,184,0
3,0.926,1,1,1,2,1,14,0,1,3,50,0
11,0.887,1,0,0,0,0,0,6,0,0,17,0
12,0.884,0,0,0,1,0,10,0,1,2,112,0
46,0.698,0,0,0,4,0,20,2,3,0,22,0
19,0.893,1,0,2,2,1,1,6,4,0,23,0
6,0.855,0,0,0,0,0,18,0,1,4,19,0
0,0.92,0,0,0,0,4,0,7,0,0,26,0
41,0.794,3,1,0,1,0,13,0,1,0,15,0
2,0.91,0,1,1,2,1,3,0,1,0,57,0
0,0.92,1,0,0,1,0,15,1,0,0,155,0
13,0.55,1,0,1,0,0,1,2,2,1,28,1
95,0.921,0,1,1,0,0,7,5,3,0,48,0
37,0.8270000000000001,0,0,0,0,0,20,2,0,1,22,0
5,0.897,0,0,0,1,0,0,1,0,0,43,0
18,0.802,0,0,0,0,0,9,0,1,2,17,0
1,0.624,0,0,0,0,0,0,0,1,0,22,1
22,0.8959999999999999,0,0,0,1,0,0,1,0,0,9,0
3,0.926,0,0,2,2,1,10,1,0,5,72,0
34,0.915,0,0,0,0,0,7,1,0,4,128,0
9,0.924,1,1,1,0,0,6,5,3,3,19,0
1,0.624,1,0,1,0,0,14,1,1,2,36,1
1,0.624,1,0,0,0,0,3,5,0,2,86,0
37,0.8270000000000001,0,0,0,0,0,0,0,1,5,98,0
108,0.518,1,1,1,1,0,9,0,0,3,6,1
0,0.92,1,0,0,0,0,9,1,0,2,8,0
22,0.8959999999999999,0,1,0,0,3,10,8,0,0,17,0
1,0.624,0,1,1,2,1,14,0,1,3,332,0
2,0.91,0,1,1,1,0,11,8,5,1,90,0
0,0.92,1,0,0,0,0,0,2,0,4,65,0
16,0.939,0,0,1,0,0,6,0,1,2,59,0
76,0.769,0,0,0,1,0,7,8,0,2,28,0
2,0.91,0,0,0,0,0,16,3,0,5,18,0
0,0.92,0,0,0,0,0,6,2,0,0,57,0
3,0.926,0,0,0,0,2,8,1,0,0,50,0
66,0.647,1,1,1,0,0,10,0,1,2,23,1
3,0.926,0,0,1,1,0,11,1,0,0,24,0
1,0.624,0,0,0,1,0,5,1,0,0,23,1
1,0.624,0,1,0,0,0,8,0,1,5,174,0
17,0.899,0,0,0,1,0,0,6,4,0,15,0
28,0.6659999999999999,0,0,0,0,4,0,0,1,1,5,0
21,0.923,2,0,0,1,2,2,2,3,2,48,0
2,0.91,0,0,1,0,0,8,0,1,1,48,0
17,0.899,0,0,0,0,0,21,7,0,2,19,0
0,0.92,2,0,0,0,5,12,4,0,0,112,1
0,0.92,1,0,0,1,0,0,3,0,5,43,0
10,0.754,0,0,1,0,0,15,5,0,3,29,1
3,0.926,1,0,2,0,0,8,1,0,1,77,0
0,0.92,0,0,0,0,0,0,0,1,1,65,1
1,0.624,1,1,0,1,0,0,7,1,0,288,1
7,0.939,0,0,0,0,0,0,3,0,2,21,0
6,0.855,0,0,2,0,0,8,0,0,0,62,0
3,0.926,1,0,0,1,0,0,7,0,1,42,0
40,0.949,1,0,2,1,2,20,2,0,0,306,0
2,0.91,0,1,3,3,1,4,0,1,3,6,0
18,0.802,0,0,0,1,0,8,5,0,2,51,0
1,0.624,1,1,0,0,0,13,7,1,3,46,0
0,0.92,0,0,0,1,0,0,4,0,1,63,0
6,0.855,1,1,0,5,1,5,0,1,0,127,0
1,0.624,1,1,1,2,1,14,0,1,3,44,1
5,0.897,1,0,0,1,0,0,0,1,3,40,0
5,0.897,0,0,1,0,0,2,1,2,2,50,0
4,0.92,0,0,0,0,0,4,4,2,0,102,0
57,0.698,1,0,1,0,0,7,2,0,2,7,1
0,0.92,0,1,1,0,4,3,3,0,2,41,0
1,0.624,0,0,0,0,0,2,1,0,0,21,0
2,0.91,1,0,0,0,4,12,2,0,0,24,0
2,0.91,0,1,2,0,0,4,3,0,1,24,0
31,0.579,0,0,0,0,0,4,2,0,0,20,0
25,0.743,0,0,0,1,3,4,5,0,0,4,0
3,0.926,2,0,0,0,0,10,2,0,0,13,0
7,0.939,0,1,0,0,0,0,5,3,3,51,1
1,0.624,0,0,0,0,0,1,1,2,0,80,1
27,0.682,0,0,1,0,0,3,0,1,0,156,1
31,0.579,1,0,0,1,0,1,1,0,0,79,1
0,0.92,0,0,0,0,0,8,7,0,0,7,0
0,0.92,0,0,0,0,2,0,0,1,1,21,0
6,0.855,0,0,0,1,0,8,0,1,0,113,0
2,0.91,0,0,0,0,0,13,3,3,0,328,0
9,0.924,0,1,0,1,0,0,1,0,1,20,0
1,0.624,1,1,1,1,0,3,0,1,0,57,1
1,0.624,0,0,0,0,0,0,1,0,1,52,0
0,0.92,0,0,0,0,2,0,2,0,1,90,0
3,0.926,0,1,1,2,1,1,1,0,1,160,0
46,0.698,0,1,1,0,0,14,2,5,0,56,0
3,0.926,0,0,1,2,1,20,0,1,0,43,0
3,0.926,1,0,0,0,0,15,2,0,1,8,1
34,0.915,0,0,0,1,0,8,3,3,2,68,1
1,0.624,1,0,0,0,0,3,1,0,2,100,1
0,0.92,0,0,0,2,1,0,1,1,0,246,0
14,0.698,0,0,2,0,0,6,2,0,0,55,0
4,0.92,0,0,0,0,0,3,3,0,0,17,0
22,0.8959999999999999,0,0,0,1,0,8,2,0,5,20,0
3,0.926,0,1,1,0,0,7,0,1,3,2,0
0,0.92,0,0,0,0,0,8,5,0,3,28,0
39,0.903,1,0,0,0,2,2,7,1,0,73,0
0,0.92,1,1,1,0,0,5,6,4,2,81,0
12,0.884,1,1,3,0,0,17,0,1,3,83,0
1,0.624,1,0,0,1,0,13,2,0,0,32,1
6,0.855,0,0,2,0,0,4,7,0,3,102,0
67,0.722,0,1,0,3,1,5,0,3,2,102,0
0,0.92,0,0,0,0,0,7,2,5,1,10,0
25,0.743,1,0,0,2,1,4,7,0,0,24,0
0,0.92,0,0,0,2,1,11,2,0,1,119,0
1,0.624,1,1,1,0,0,1,3,3,0,7,1
12,0.884,2,1,0,4,0,3,5,3,0,41,0
2,0.91,1,0,1,0,0,4,3,0,0,194,0
45,0.925,2,1,1,0,0,5,4,4,0,100,0
1,0.624,0,0,1,0,0,13,6,0,0,24,0
4,0.92,0,0,0,0,0,10,2,1,0,21,0
55,0.848,0,0,0,0,0,16,0,1,0,36,1
26,0.836,0,1,1,2,1,7,0,1,3,27,0
16,0.939,0,0,0,0,0,12,2,0,1,39,0
2,0.91,0,0,0,0,0,17,1,2,0,8,0
5,0.897,0,0,0,1,6,8,6,0,5,31,0
12,0.884,0,0,0,0,0,0,6,0,1,29,0
5,0.897,0,0,0,1,0,7,4,0,0,24,0
2,0.91,0,1,0,0,0,5,1,5,0,90,0
1,0.624,0,0,0,0,0,1,8,0,2,196,1
2,0.91,0,0,0,0,0,18,0,0,2,52,0
3,0.926,1,1,1,0,0,10,3,0,1,156,0
9,0.924,0,1,1,2,1,2,1,0,2,13,0
5,0.897,0,1,0,4,0,16,8,3,2,74,1
10,0.754,0,0,1,0,0,16,0,1,2,56,0
14,0.698,1,1,0,2,1,13,0,1,3,6,0
0,0.92,0,0,0,0,0,0,0,0,1,102,1
2,0.91,1,1,0,2,1,5,0,1,3,59,1
25,0.743,1,0,0,0,0,8,0,1,2,98,0
13,0.55,0,0,0,5,1,3,1,0,0,12,0
0,0.92,2,1,0,0,0,0,1,0,0,102,0
61,0.579,0,0,1,0,0,1,0,1,2,28,0
2,0.91,1,0,0,0,2,1,1,0,0,12,0
0,0.92,0,0,0,0,0,16,1,2,0,107,0
2,0.91,0,0,0,0,0,17,3,0,1,80,1
20,0.878,0,0,0,0,0,12,1,0,1,111,0
34,0.915,0,1,0,0,0,0,1,0,1,50,0
5,0.897,0,0,0,1,0,11,2,0,3,3,0
3,0.926,0,0,0,1,0,3,5,0,0,242,0
17,0.899,0,0,0,0,0,18,4,2,5,12,0
17,0.899,0,1,1,2,1,4,0,1,0,103,0
26,0.836,0,0,1,0,0,5,2,0,0,104,0
2,0.91,0,0,0,4,0,7,6,2,0,10,0
0,0.92,0,0,0,5,1,16,2,0,2,49,0
11,0.887,0,0,0,1,0,0,0,1,1,112,0
0,0.92,1,1,0,5,1,5,4,4,0,13,0
5,0.897,0,1,1,1,0,1,0,1,0,31,0
1,0.624,0,0,0,0,0,2,0,1,0,119,1
64,0.479,0,1,3,5,1,0,0,1,3,222,0
0,0.92,1,0,0,0,0,0,3,0,1,222,0
22,0.8959999999999999,0,0,0,2,1,15,8,0,2,106,0
30,0.925,0,0,0,0,0,0,5,0,1,85,0
1,0.624,0,0,0,3,1,16,4,0,1,134,1
11,0.887,0,0,0,0,0,0,4,0,1,91,0
93,0.516,1,1,2,0,6,3,0,1,3,43,1
20,0.878,0,0,0,0,0,15,2,0,2,6,0
4,0.92,0,0,1,0,0,7,1,0,0,60,0
36,0.527,1,0,0,0,0,6,2,0,0,63,0
1,0.624,1,0,0,1,0,2,0,1,4,68,1
2,0.91,0,0,0,1,0,20,5,0,0,21,0
1,0.624,1,1,1,0,0,2,0,1,3,48,1
24,0.762,0,0,0,1,0,12,5,1,4,112,0
9,0.924,0,0,0,0,0,11,5,0,3,33,0
4,0.92,1,0,0,3,1,2,1,4,5,84,0
5,0.897,0,0,0,1,0,6,8,0,2,95,0
1,0.624,0,1,1,2,1,4,0,1,3,44,1
0,0.92,0,0,1,0,4,12,6,0,1,23,0
72,0.865,1,0,0,0,0,9,3,0,0,30,0
33,0.6890000000000001,1,1,0,2,1,16,0,1,3,41,0
36,0.527,0,0,0,2,1,3,4,0,0,96,0
0,0.92,0,1,0,5,1,3,0,1,3,198,0
0,0.92,2,0,0,1,0,10,5,0,5,39,0
30,0.925,0,0,3,3,1,3,0,1,0,80,0
5,0.897,0,0,0,1,0,0,4,0,1,254,0
32,0.866,0,0,1,0,0,4,6,1,0,108,0
3,0.926,0,0,0,1,0,8,7,0,0,184,0
1,0.624,1,0,0,0,0,13,4,1,0,46,0
81,0.4479999999999999,0,1,0,0,0,13,0,1,3,73,1
20,0.878,0,0,0,2,1,15,2,2,0,22,0
46,0.698,0,0,0,3,1,11,0,1,0,190,0
0,0.92,2,0,0,4,0,0,2,2,0,61,0
0,0.92,0,0,0,0,4,3,5,0,0,26,0
9,0.924,0,1,0,0,0,9,8,0,0,87,0
11,0.887,1,0,0,0,5,2,4,1,2,33,1
4,0.92,0,0,3,0,0,17,0,1,1,47,1
0,0.92,1,1,1,0,0,13,0,6,3,26,0
9,0.924,0,0,0,0,0,16,0,1,0,114,0
48,0.698,0,0,1,0,0,6,1,2,5,51,0
0,0.92,0,0,0,1,0,10,3,0,1,64,0
0,0.92,1,1,0,0,4,14,0,1,0,139,1
11,0.887,1,0,0,1,0,0,2,1,2,39,0
0,0.92,0,1,0,1,2,10,1,2,2,8,0
44,0.7759999999999999,0,0,0,2,1,17,1,0,0,10,0
0,0.92,2,0,0,0,0,15,1,6,0,14,0
26,0.836,0,0,0,0,0,0,2,1,4,12,0
3,0.926,0,0,0,0,0,12,5,0,2,63,0
0,0.92,2,0,0,0,0,15,7,0,1,88,0
0,0.92,0,0,0,1,0,0,4,0,1,7,0
0,0.92,2,0,0,0,0,4,3,0,0,138,0
15,0.913,0,0,0,1,0,11,4,4,0,45,0
14,0.698,2,0,0,1,0,15,4,2,0,22,0
2,0.91,0,0,0,1,0,0,1,0,0,152,0
2,0.91,0,0,0,0,0,8,1,0,0,9,0
0,0.92,0,1,0,2,1,3,4,4,0,110,0
2,0.91,0,0,0,0,0,0,2,6,1,24,0
36,0.527,2,0,0,1,3,7,6,0,2,18,1
3,0.926,0,0,0,0,4,1,0,1,0,39,0
4,0.92,0,0,0,0,0,9,5,6,0,9,0
5,0.897,0,0,0,1,0,18,5,0,1,92,1
16,0.939,0,0,0,4,0,0,3,0,1,164,0
2,0.91,0,0,0,1,0,0,2,0,2,12,0
2,0.91,0,0,0,0,0,4,2,0,1,72,0
0,0.92,0,0,0,0,0,2,1,1,0,39,0
1,0.624,0,1,0,0,0,8,1,0,0,56,1
1,0.624,0,0,0,0,0,10,5,0,0,14,1
6,0.855,0,0,0,1,0,18,3,0,2,21,0
20,0.878,0,0,0,1,0,17,3,0,5,28,0
0,0.92,0,0,0,0,0,0,2,0,1,15,0
8,0.804,0,1,0,5,1,4,0,0,3,9,0
25,0.743,0,1,1,2,1,2,0,1,0,56,0
1,0.624,0,0,1,0,0,14,2,0,3,284,1
3,0.926,0,0,0,0,0,19,1,0,1,6,0
29,0.89,0,0,1,0,0,2,4,0,2,100,0
2,0.91,0,1,0,5,1,5,0,1,3,12,0
39,0.903,0,1,0,0,0,1,0,1,0,38,0
5,0.897,0,0,0,1,0,15,6,4,2,14,0
2,0.91,0,0,0,1,2,2,3,0,0,21,0
2,0.91,0,0,0,0,0,0,6,0,1,300,0
2,0.91,0,0,0,0,0,0,1,0,5,9,0
0,0.92,1,0,0,0,0,18,0,1,0,16,0
6,0.855,0,1,0,3,1,6,0,1,0,80,1
0,0.92,0,0,0,1,3,0,3,0,1,70,0
1,0.624,0,1,1,1,0,1,1,0,2,48,1
10,0.754,0,0,0,2,1,4,0,1,2,32,0
23,0.767,0,0,0,0,0,9,2,0,0,62,0
33,0.6890000000000001,0,0,0,0,0,1,7,2,2,122,0
74,0.698,0,0,1,0,0,5,8,0,0,170,0
1,0.624,0,0,0,0,0,9,0,1,0,198,1
7,0.939,0,1,1,0,0,10,5,5,0,25,0
0,0.92,1,1,0,2,1,14,0,1,6,6,0
0,0.92,0,0,0,1,0,12,3,0,1,16,0
0,0.92,2,1,0,0,2,5,0,1,0,74,1
1,0.624,0,0,0,0,0,6,2,0,5,24,0
25,0.743,0,0,0,5,1,0,6,2,0,1,0
43,0.5579999999999999,0,1,0,2,1,1,0,1,3,38,0
0,0.92,0,0,0,1,0,1,1,0,0,76,1
5,0.897,0,1,1,0,0,2,0,1,3,14,1
0,0.92,0,0,0,0,0,1,8,0,0,108,0
48,0.698,1,1,0,2,1,14,0,1,0,42,1
1,0.624,0,0,1,0,0,3,4,4,0,202,1
0,0.92,0,0,0,0,0,0,0,1,2,28,1
79,0.743,0,0,0,1,0,6,6,2,0,17,1
1,0.624,1,0,0,0,0,2,3,0,2,250,1
4,0.92,2,0,0,1,0,0,2,1,2,92,0
104,0.698,0,0,0,0,0,3,0,1,5,57,0
2,0.91,1,0,0,1,2,2,2,0,2,154,0
28,0.6659999999999999,1,0,1,0,0,0,3,0,0,8,0
2,0.91,0,0,0,1,0,19,0,1,0,320,0
0,0.92,0,0,0,0,6,12,1,1,5,44,0
2,0.91,0,0,0,0,3,10,0,1,2,57,0
38,0.895,0,1,0,4,0,8,5,3,1,210,0
5,0.897,0,1,2,0,0,6,5,3,2,53,0
2,0.91,0,0,0,0,0,0,3,0,0,40,0
90,0.698,0,0,0,1,0,9,8,0,4,8,1
2,0.91,0,0,0,0,0,5,6,0,2,17,0
3,0.926,1,0,0,1,0,0,7,0,5,78,0
75,0.698,0,1,3,5,1,13,0,1,3,34,0
28,0.6659999999999999,0,0,0,0,0,12,2,0,2,190,0
4,0.92,0,0,0,0,0,0,0,1,2,24,1
29,0.89,0,0,2,0,0,1,0,1,0,14,0
0,0.92,1,1,1,0,0,4,0,1,0,204,1
33,0.6890000000000001,0,0,1,0,0,15,6,4,4,51,0
3,0.926,0,1,1,1,0,7,5,3,2,37,0
4,0.92,0,1,1,2,1,11,0,1,4,8,0
7,0.939,0,0,0,0,0,0,5,0,2,22,0
0,0.92,1,0,0,1,0,20,7,3,1,45,0
1,0.624,0,0,0,1,0,9,2,0,3,162,1
0,0.92,0,1,1,2,1,2,0,1,0,81,0
6,0.855,1,0,0,1,0,7,0,1,0,59,0
7,0.939,3,0,0,0,0,17,6,4,0,37,0
2,0.91,0,0,0,1,0,8,5,0,2,71,0
0,0.92,0,0,0,0,0,0,2,0,4,35,0
12,0.884,0,0,0,0,0,7,2,0,4,238,0
4,0.92,0,1,1,2,1,1,0,1,0,17,1
78,0.795,0,0,0,1,0,0,2,3,1,94,0
3,0.926,2,0,0,0,0,10,1,1,3,9,0
4,0.92,0,0,0,0,0,0,4,0,1,20,0
27,0.682,0,0,0,0,0,7,4,2,0,24,0
52,0.698,0,0,0,0,0,2,1,0,0,40,0
31,0.579,0,0,0,0,0,1,1,0,0,16,1
9,0.924,0,0,0,2,1,12,6,0,0,38,0
0,0.92,0,0,0,1,0,0,3,0,1,32,0
14,0.698,0,0,2,1,0,7,1,2,0,37,0
11,0.887,1,1,0,0,0,8,2,0,0,144,1
19,0.893,1,1,1,5,1,3,0,1,0,22,0
1,0.624,0,0,0,3,1,16,0,1,0,40,1
30,0.925,0,1,1,5,1,1,0,0,3,46,0
78,0.795,0,0,0,0,0,4,5,5,0,113,0
11,0.887,1,0,1,2,1,6,0,1,3,117,0
2,0.91,0,0,0,0,0,10,3,0,1,49,0
0,0.92,0,0,0,0,0,2,5,0,0,50,0
2,0.91,0,0,0,2,1,7,3,0,2,72,0
76,0.769,1,0,0,1,0,8,7,3,0,38,0
36,0.527,0,0,0,0,0,11,6,0,1,45,0
1,0.624,1,0,1,0,0,2,1,0,0,105,0
2,0.91,0,1,0,1,0,20,0,1,1,55,0
1,0.624,0,1,3,0,0,3,0,1,0,42,0
0,0.92,0,1,0,0,5,20,4,0,4,20,0
0,0.92,1,0,0,0,0,0,8,0,4,23,0
0,0.92,0,0,0,1,2,0,0,0,0,17,0
0,0.92,0,0,1,4,0,12,0,3,0,29,0
1,0.624,0,0,1,0,0,3,1,0,0,86,0
66,0.647,0,0,0,1,0,4,6,0,0,15,0
0,0.92,0,0,0,0,0,15,3,0,0,48,0
23,0.767,0,0,2,3,1,5,6,4,0,74,1
4,0.92,1,1,1,0,0,2,0,1,0,28,1
0,0.92,0,0,0,0,0,6,0,1,2,8,0
1,0.624,1,0,0,1,0,18,4,2,0,11,0
0,0.92,0,1,0,0,0,14,2,2,0,17,1
0,0.92,1,1,3,3,1,2,0,1,6,138,0
9,0.924,2,1,1,0,0,4,0,1,4,11,1
3,0.926,0,0,0,1,0,7,5,0,0,62,0
3,0.926,0,0,2,0,0,17,1,0,0,38,0
18,0.802,1,0,0,0,0,1,7,0,4,66,0
20,0.878,1,0,0,1,0,15,8,0,2,35,0
4,0.92,0,0,0,0,0,0,2,0,5,35,0
1,0.624,1,0,1,0,1,4,3,0,0,82,1
3,0.926,1,1,0,2,1,5,0,1,6,64,0
0,0.92,0,1,0,0,5,0,7,3,1,98,0
32,0.866,3,1,1,2,1,13,0,0,3,37,0
20,0.878,0,0,0,0,0,7,6,0,1,218,0
1,0.624,2,0,0,0,0,16,0,1,2,45,0
19,0.893,0,0,0,1,0,15,2,0,0,37,0
0,0.92,0,0,0,0,0,0,1,0,1,9,0
2,0.91,0,0,0,0,0,0,2,0,5,158,0
23,0.767,0,0,2,0,0,1,0,0,0,43,0
1,0.624,1,0,1,0,0,13,1,0,3,83,0
2,0.91,0,0,0,1,0,0,3,0,2,178,0
112,0.693,0,0,1,0,0,11,4,0,2,109,0
1,0.624,1,1,0,1,3,14,0,1,0,31,0
1,0.624,1,1,1,2,1,14,0,1,3,50,1
33,0.6890000000000001,1,1,1,5,1,2,0,1,0,42,1
0,0.92,2,0,0,1,5,2,1,5,4,54,0
0,0.92,0,0,0,1,0,0,2,0,0,82,0
0,0.92,0,0,0,0,0,8,1,2,0,20,0
0,0.92,0,1,1,0,0,9,0,1,0,11,0
27,0.682,1,1,1,0,0,2,0,1,3,24,1
3,0.926,1,0,0,3,1,0,5,0,3,123,0
78,0.795,0,0,2,2,1,14,1,1,0,10,0
5,0.897,0,0,0,0,0,20,7,0,1,23,0
0,0.92,0,0,0,1,4,0,1,0,0,90,0
3,0.926,0,0,1,0,0,0,4,4,2,37,0
92,0.64,0,0,0,0,0,0,1,0,3,40,1
20,0.878,0,0,0,1,0,11,2,1,0,6,0
24,0.762,1,1,0,1,5,8,3,0,1,10,0
0,0.92,0,0,0,1,0,0,0,1,5,8,1
0,0.92,0,0,0,0,0,8,5,0,1,16,0
43,0.5579999999999999,0,1,1,0,0,8,0,1,3,37,1
27,0.682,0,1,0,0,0,4,5,1,0,204,0
10,0.754,1,0,0,0,0,6,7,0,6,94,0
33,0.6890000000000001,1,0,0,0,0,19,0,0,3,95,0
0,0.92,0,0,0,0,0,11,0,0,0,37,0
4,0.92,0,1,1,3,1,11,0,1,0,46,0
0,0.92,0,0,0,0,0,0,2,0,1,55,0
0,0.92,0,0,0,0,0,0,8,0,1,92,0
1,0.624,1,0,0,0,0,5,3,0,0,14,1
0,0.92,0,0,0,0,0,17,2,0,0,53,0
2,0.91,0,0,0,0,3,0,2,0,4,95,0
0,0.92,0,1,0,5,1,14,0,0,3,39,0
1,0.624,1,0,0,1,0,11,3,0,0,17,1
3,0.926,0,0,0,1,0,0,4,2,4,155,0
0,0.92,0,0,0,0,0,15,3,0,1,94,0
2,0.91,0,1,1,1,0,7,0,1,2,48,0
9,0.924,0,0,0,0,0,8,1,0,0,7,0
10,0.754,1,0,0,0,0,4,1,0,0,121,0
4,0.92,0,0,0,0,2,0,1,0,1,33,1
0,0.92,0,0,0,0,0,11,2,0,1,77,0
8,0.804,1,0,0,1,0,7,1,0,2,89,0
5,0.897,0,0,0,1,0,8,6,0,0,47,0
11,0.887,0,0,0,2,1,15,5,0,0,143,0
38,0.895,0,0,0,0,0,16,5,0,1,14,0
75,0.698,0,0,0,0,0,0,0,1,0,50,0
2,0.91,1,0,0,0,0,1,4,0,0,117,0
28,0.6659999999999999,0,0,1,1,0,0,6,0,3,98,0
5,0.897,0,0,0,4,0,0,2,3,1,90,0
1,0.624,0,0,0,0,0,6,3,0,0,90,1
32,0.866,0,1,0,2,1,10,2,0,5,14,0
15,0.913,0,0,0,0,0,10,6,0,5,9,1
1,0.624,1,0,1,1,0,5,1,0,6,48,1
0,0.92,2,0,0,1,2,19,2,2,0,204,0
5,0.897,0,0,0,1,0,4,8,0,0,121,0
15,0.913,0,1,1,0,0,5,0,1,2,84,0
27,0.682,0,0,0,0,0,8,0,1,0,28,0
61,0.579,0,0,0,0,0,17,0,1,0,20,0
9,0.924,0,0,0,0,0,0,4,2,2,74,0
43,0.5579999999999999,0,0,0,0,0,3,1,0,0,26,1
1,0.624,0,1,3,3,1,5,0,1,3,24,0
0,0.92,1,0,0,0,2,5,7,1,0,4,0
0,0.92,1,0,0,0,0,0,0,1,1,6,0
0,0.92,0,0,0,0,0,0,0,1,0,41,0
20,0.878,1,1,0,5,1,2,1,1,2,8,0
0,0.92,0,0,0,0,0,0,5,3,1,52,0
0,0.92,0,0,0,0,0,7,0,1,0,51,1
0,0.92,0,0,0,0,0,12,0,1,0,60,0
31,0.579,1,0,0,0,0,6,2,3,5,10,0
3,0.926,0,0,0,0,0,0,3,0,1,78,0
22,0.8959999999999999,0,1,1,2,1,3,0,1,3,74,0
1,0.624,1,0,0,0,0,5,6,0,3,61,1
2,0.91,0,0,0,0,0,3,1,1,2,91,0
18,0.802,0,1,0,0,0,3,0,1,3,61,0
84,0.556,1,0,0,0,0,4,2,0,0,46,0
0,0.92,1,0,2,1,0,0,0,1,0,39,1
4,0.92,0,1,1,1,0,7,0,1,0,7,0
0,0.92,0,0,0,0,0,0,3,0,1,14,0
2,0.91,0,0,1,1,0,3,3,5,0,12,0
10,0.754,0,0,0,0,0,6,7,0,2,30,0
0,0.92,0,0,0,4,0,12,1,2,0,4,0
0,0.92,2,0,0,0,5,5,3,0,0,92,0
2,0.91,2,0,0,1,0,10,5,0,2,112,0
3,0.926,1,1,0,1,0,0,5,0,3,15,0
28,0.6659999999999999,0,0,0,0,0,12,1,0,0,26,0
0,0.92,0,0,0,0,0,17,2,0,0,32,0
3,0.926,0,1,1,0,0,2,0,1,3,37,0
0,0.92,0,0,0,0,0,7,0,1,0,126,0
2,0.91,0,1,0,2,1,8,0,1,3,37,0
3,0.926,0,1,3,3,1,6,0,1,0,22,0
0,0.92,0,0,0,0,4,1,7,0,0,36,0
1,0.624,0,0,0,1,0,6,3,0,2,13,0
5,0.897,1,0,0,1,0,5,1,0,0,45,0
0,0.92,0,0,0,0,0,0,7,0,3,3,0
69,0.847,0,1,0,1,0,2,2,3,0,33,0
45,0.925,0,1,1,2,1,1,0,1,3,77,0
0,0.92,0,0,0,0,0,8,2,0,5,6,0
5,0.897,0,0,0,0,0,0,0,1,0,36,0
0,0.92,0,0,0,1,0,0,1,0,0,28,0
2,0.91,0,0,0,0,0,10,2,2,0,16,0
2,0.91,0,1,1,2,1,4,0,1,0,11,0
1,0.624,0,0,0,1,0,9,3,3,0,156,0
22,0.8959999999999999,1,0,2,1,0,0,0,1,4,31,0
1,0.624,2,0,0,0,0,3,7,0,0,22,1
111,0.512,0,1,0,2,1,5,1,1,0,156,1
0,0.92,2,0,0,0,2,0,2,0,0,220,0
0,0.92,0,0,0,1,0,0,1,3,0,102,0
1,0.624,0,0,0,0,0,2,1,2,0,40,1
3,0.926,1,0,0,0,0,9,7,0,3,53,0
0,0.92,1,0,0,0,0,2,3,0,0,20,0
51,0.698,1,1,1,0,4,14,2,4,0,25,0
5,0.897,0,0,0,1,0,17,3,0,3,73,0
0,0.92,0,1,1,0,4,6,5,0,0,60,0
89,0.493,1,1,2,0,0,14,0,1,0,92,1
0,0.92,0,0,0,0,0,16,3,0,1,7,0
13,0.55,1,1,1,0,0,5,0,1,3,12,1
1,0.624,0,0,0,0,0,4,3,0,2,4,1
13,0.55,0,1,1,0,0,3,0,1,0,138,0
0,0.92,0,0,0,0,0,0,2,2,1,41,0
5,0.897,0,0,0,1,0,8,6,0,1,62,0
0,0.92,0,0,0,1,0,18,3,0,2,15,0
30,0.925,0,0,0,0,0,0,4,0,1,102,0
32,0.866,0,0,0,1,0,0,2,0,1,41,0
68,0.763,2,1,1,2,1,5,0,1,3,51,1
1,0.624,1,1,1,0,0,13,0,1,3,44,1
51,0.698,0,0,1,0,0,2,6,2,0,46,0
101,0.68,0,0,2,0,0,2,0,1,0,46,1
62,0.7959999999999999,0,0,0,0,0,11,2,0,1,25,0
16,0.939,0,1,1,2,1,3,1,3,0,30,0
1,0.624,1,1,1,0,0,3,0,1,3,9,1
0,0.92,2,0,0,0,0,4,7,1,0,70,0
0,0.92,1,0,2,0,0,0,0,1,0,10,0
0,0.92,0,0,0,0,0,4,3,0,0,166,0
4,0.92,1,0,1,0,4,0,0,1,1,90,1
0,0.92,2,0,0,0,2,0,3,0,1,116,0
0,0.92,1,1,1,2,1,1,0,1,6,56,0
6,0.855,1,0,0,1,0,3,1,1,0,9,0
75,0.698,1,0,1,1,0,1,6,0,3,47,0
11,0.887,1,0,0,2,1,8,1,0,3,5,0
0,0.92,2,1,0,5,1,3,0,1,3,17,0
46,0.698,0,0,0,0,0,12,1,3,1,24,0
0,0.92,2,1,1,1,0,0,0,5,4,46,1
0,0.92,0,0,0,0,5,8,1,0,0,9,0
0,0.92,0,1,1,3,1,22,0,1,6,21,0
58,0.698,1,1,0,4,0,0,3,0,1,18,0
0,0.92,0,0,0,1,0,18,3,0,5,26,0
3,0.926,0,0,0,1,0,0,5,0,0,95,0
7,0.939,0,0,0,0,0,0,1,0,2,160,0
7,0.939,2,1,0,5,1,3,0,1,3,11,0
0,0.92,0,1,1,1,0,6,0,3,0,48,0
2,0.91,0,0,1,0,0,17,5,0,0,178,0
0,0.92,2,0,0,0,0,4,2,1,0,332,0
0,0.92,0,0,0,0,0,0,1,1,2,20,0
11,0.887,0,0,0,4,0,15,1,2,0,212,1
13,0.55,0,1,1,0,0,14,0,1,0,86,1
122,0.664,1,0,0,0,0,2,4,4,0,188,1
0,0.92,0,0,2,1,0,10,7,3,0,10,0
13,0.55,0,1,0,2,1,14,0,1,3,68,1
2,0.91,2,0,0,0,0,5,1,2,0,84,0
1,0.624,0,0,0,0,0,7,3,0,4,21,0
11,0.887,0,0,0,0,0,1,1,1,0,65,0
30,0.925,1,1,3,3,1,2,0,1,6,53,0
0,0.92,0,0,0,0,4,13,5,5,0,48,0
4,0.92,0,0,0,1,0,6,7,0,0,20,0
17,0.899,1,0,1,5,1,2,2,2,0,310,0
17,0.899,1,0,2,0,0,11,1,0,2,151,0
19,0.893,1,0,2,2,1,22,2,1,6,94,0
17,0.899,0,0,0,1,0,10,1,0,5,18,0
10,0.754,0,0,0,2,1,0,0,1,3,112,0
3,0.926,0,0,0,0,0,8,5,0,3,152,0
20,0.878,0,1,1,0,0,12,0,1,2,8,1
47,0.555,1,1,1,0,0,2,0,1,3,24,0
2,0.91,0,1,0,0,5,5,1,0,2,48,1
4,0.92,1,1,0,5,1,2,0,0,3,50,0
56,0.691,1,1,1,0,0,5,0,1,6,31,0
16,0.939,3,1,2,2,1,5,5,0,2,136,0
21,0.923,0,0,0,0,0,0,2,0,0,126,0
1,0.624,1,1,1,0,0,5,0,0,3,84,1
1,0.624,0,1,1,0,0,2,0,1,3,17,0
3,0.926,0,1,2,2,1,8,0,1,3,13,0
0,0.92,0,0,0,0,0,0,3,0,1,18,0
0,0.92,0,1,0,0,2,0,2,0,4,32,0
30,0.925,0,0,0,0,0,2,1,0,0,46,0
10,0.754,0,0,0,0,0,0,3,0,1,6,0
16,0.939,0,0,1,2,1,1,3,0,2,66,0
12,0.884,0,1,1,0,0,1,0,1,0,70,1
8,0.804,0,1,1,2,1,1,0,1,0,17,0
2,0.91,2,1,0,0,4,14,5,0,0,18,0
1,0.624,1,0,0,0,0,22,2,0,0,60,1
2,0.91,0,0,0,0,0,20,0,1,0,80,0
0,0.92,1,1,0,0,0,6,3,0,2,31,0
61,0.579,0,0,0,0,0,5,0,1,0,9,0
0,0.92,0,0,0,0,2,0,0,1,4,69,1
3,0.926,1,1,0,2,1,14,0,1,6,57,1
2,0.91,0,0,0,0,0,0,1,0,4,50,0
28,0.6659999999999999,2,0,0,1,0,17,7,3,1,28,1
2,0.91,0,0,0,0,5,15,4,0,2,82,0
1,0.624,1,0,0,1,0,6,1,0,2,108,1
2,0.91,0,0,0,0,0,7,5,0,2,51,0
2,0.91,0,1,0,0,0,8,4,0,4,21,0
18,0.802,0,0,0,0,0,16,3,0,1,34,0
31,0.579,1,1,1,0,0,4,0,1,0,145,0
1,0.624,0,0,0,0,0,8,1,0,5,21,0
0,0.92,0,1,0,0,0,4,3,0,0,39,0
2,0.91,0,0,0,0,0,9,4,2,0,104,0
13,0.55,0,0,0,0,0,7,6,0,3,50,1
0,0.92,1,0,0,1,0,10,4,0,0,82,0
1,0.624,0,0,0,0,0,6,3,0,3,6,0
40,0.949,0,0,0,0,0,11,5,1,2,64,0
0,0.92,0,0,0,0,0,0,1,0,4,44,0
0,0.92,1,0,0,0,2,17,2,0,1,28,0
1,0.624,0,1,0,2,1,5,0,1,3,17,0
34,0.915,1,0,0,0,0,1,4,1,0,22,0
9,0.924,0,0,0,1,0,10,5,0,4,116,1
23,0.767,1,0,1,0,0,4,7,5,0,155,0
0,0.92,0,0,0,0,0,8,0,1,2,22,1
0,0.92,1,0,0,0,0,9,7,0,2,300,0
1,0.624,0,0,0,0,0,1,5,0,0,52,1
1,0.624,1,0,3,0,0,9,3,0,2,190,1
60,0.83,0,0,0,1,0,11,4,2,2,116,0
2,0.91,0,0,0,0,0,7,8,0,0,40,0
0,0.92,0,1,2,0,0,5,3,0,0,6,0
3,0.926,0,0,0,0,0,16,4,0,1,67,0
2,0.91,1,0,0,0,0,0,2,0,1,28,0
0,0.92,0,1,0,2,1,3,0,1,3,96,0
0,0.92,0,0,0,0,0,7,2,0,1,67,0
0,0.92,0,0,0,1,0,0,0,1,2,23,0
67,0.722,1,0,2,1,0,7,5,0,5,19,1
2,0.91,1,0,0,1,4,10,5,0,2,1,0
0,0.92,0,1,1,0,0,1,0,1,0,58,1
4,0.92,0,0,0,0,0,3,6,0,5,55,0
21,0.923,0,1,2,0,0,0,0,1,1,7,0
2,0.91,0,1,1,1,0,9,0,1,4,56,0
35,0.843,0,0,0,0,0,1,4,2,0,10,0
1,0.624,1,0,2,4,3,2,1,0,6,8,1
0,0.92,0,0,0,1,0,10,3,0,0,112,0
3,0.926,0,1,3,2,1,4,0,1,0,18,0
59,0.74,0,1,0,0,0,12,0,1,5,38,0
11,0.887,0,1,0,1,0,2,4,0,0,77,0
58,0.698,1,1,1,0,0,6,0,3,2,5,0
3,0.926,0,0,0,1,0,0,4,0,5,136,0
23,0.767,0,0,0,1,0,7,6,0,1,114,0
0,0.92,1,0,0,0,4,5,0,1,0,44,1
24,0.762,0,0,0,0,0,0,7,3,1,22,0
3,0.926,0,1,1,2,1,1,0,1,0,48,0
0,0.92,0,0,0,0,0,0,8,3,2,53,0
0,0.92,0,0,0,0,0,20,6,4,4,102,0
1,0.624,0,0,0,0,0,2,6,0,0,80,0
5,0.897,1,1,1,1,0,13,0,3,3,61,1
16,0.939,0,0,0,1,0,10,0,1,1,43,0
0,0.92,0,0,0,0,0,7,6,0,2,46,1
0,0.92,0,1,0,1,6,0,0,1,1,8,0
34,0.915,2,0,0,0,0,3,7,0,3,62,1
1,0.624,0,0,0,0,0,2,2,0,2,17,0
3,0.926,0,0,0,1,0,18,7,0,5,59,0
22,0.8959999999999999,1,1,0,5,1,1,0,1,3,9,0
5,0.897,0,0,0,1,0,6,1,0,2,48,0
32,0.866,0,0,0,0,0,4,2,1,0,144,0
1,0.624,0,0,0,0,0,3,0,1,0,8,0
1,0.624,1,0,1,0,0,5,1,5,0,10,1
1,0.624,2,1,3,1,0,4,0,1,2,43,1
61,0.579,0,0,0,1,2,0,0,1,1,17,0
9,0.924,0,0,0,1,0,19,0,0,0,23,0
7,0.939,1,0,0,2,1,7,0,1,0,218,0
6,0.855,0,0,0,1,0,15,4,2,4,248,0
79,0.743,0,0,0,5,1,3,6,6,0,4,0
39,0.903,0,0,0,0,2,0,6,0,1,18,0
42,0.738,0,0,1,0,0,1,0,0,0,13,0
0,0.92,2,1,0,0,0,13,0,1,0,23,1
0,0.92,0,0,0,1,0,9,3,0,0,30,0
13,0.55,0,0,0,0,0,13,1,0,0,87,0
64,0.479,1,1,0,2,1,5,7,0,2,39,0
0,0.92,0,1,1,1,0,16,0,3,0,86,0
0,0.92,0,0,1,1,0,6,3,0,0,30,1
3,0.926,0,1,0,0,0,2,4,0,4,18,0
14,0.698,0,0,1,0,0,3,0,1,0,83,1
1,0.624,0,1,1,0,0,5,0,1,3,51,0
1,0.624,0,0,0,0,0,13,3,0,6,38,0
44,0.7759999999999999,0,0,0,1,0,7,5,0,0,32,0
14,0.698,0,0,2,0,0,19,0,1,1,24,0
10,0.754,0,0,0,0,0,9,2,0,1,4,1
3,0.926,1,1,1,1,0,9,4,0,1,9,1
1,0.624,0,0,0,0,0,7,3,0,2,9,1
47,0.555,1,1,1,0,0,2,0,1,0,106,0
0,0.92,0,0,0,0,0,0,3,0,3,116,0
4,0.92,3,1,1,0,0,2,0,1,0,114,1
0,0.92,0,0,0,0,2,9,3,0,0,21,0
4,0.92,0,1,1,0,0,9,0,1,0,39,1
44,0.7759999999999999,0,0,0,0,6,4,6,0,5,144,0
25,0.743,2,0,0,0,0,0,1,0,1,18,0
9,0.924,1,0,0,0,0,6,4,4,0,48,0
0,0.92,0,0,1,0,0,1,8,0,0,66,0
3,0.926,0,0,0,1,0,0,2,0,1,29,0
1,0.624,0,0,1,0,0,12,0,1,1,89,1
11,0.887,0,0,0,1,0,0,6,0,1,152,0
3,0.926,1,0,0,2,1,6,6,0,4,19,0
2,0.91,0,0,2,0,0,8,3,0,2,51,0
5,0.897,1,0,0,1,0,7,0,1,0,18,0
0,0.92,2,1,1,0,2,13,0,1,0,42,1
1,0.624,1,1,1,0,0,4,3,0,0,21,1
1,0.624,1,0,3,3,1,3,0,1,0,33,1
20,0.878,0,0,0,1,0,0,5,0,5,32,1
0,0.92,0,1,0,1,2,3,3,0,0,22,0
18,0.802,0,0,0,1,0,6,8,1,0,45,1
1,0.624,1,1,1,0,0,5,0,3,3,39,0
0,0.92,0,1,1,2,1,2,0,1,3,226,0
54,0.8270000000000001,0,0,0,1,0,21,4,4,0,22,0
1,0.624,1,1,1,0,0,1,0,1,0,110,1
3,0.926,2,1,1,0,0,10,0,1,0,36,1
1,0.624,0,1,1,1,3,13,1,0,3,20,1
24,0.762,0,0,0,1,0,0,1,1,1,13,0
0,0.92,2,0,0,0,0,10,1,0,0,51,0
15,0.913,0,0,2,0,0,12,0,0,0,39,0
1,0.624,1,1,1,3,1,6,0,0,3,48,1
0,0.92,0,0,0,0,0,0,2,0,4,51,1
0,0.92,0,0,0,0,0,11,4,2,0,84,0
1,0.624,1,0,0,0,0,3,2,0,0,90,0
0,0.92,1,1,1,1,0,4,0,1,3,117,1
17,0.899,0,0,1,0,0,10,3,0,2,6,0
1,0.624,0,1,1,2,1,14,0,1,3,200,0
1,0.624,0,0,1,0,0,1,7,0,4,160,1
16,0.939,1,0,0,1,0,11,4,0,1,72,0
0,0.92,0,1,0,2,1,3,0,1,3,2,0
47,0.555,0,0,0,0,0,9,4,0,2,29,1
4,0.92,0,0,0,0,3,11,0,1,4,9,1
26,0.836,0,1,0,0,0,7,0,1,0,42,0
6,0.855,0,0,0,0,0,7,6,0,2,51,0
4,0.92,0,1,0,0,0,15,3,1,0,24,0
2,0.91,0,0,0,0,2,6,1,0,1,146,0
1,0.624,1,0,0,0,0,14,6,5,0,10,0
2,0.91,0,0,0,2,1,21,0,1,1,24,1
3,0.926,0,0,3,0,5,7,0,1,0,50,0
1,0.624,1,0,1,0,0,2,8,1,2,14,1
17,0.899,0,0,0,2,1,1,1,0,2,34,0
5,0.897,2,1,2,0,0,3,4,0,0,15,0
0,0.92,0,1,0,3,1,5,0,1,3,50,0
11,0.887,0,0,0,0,0,8,6,0,1,18,0
4,0.92,1,0,0,1,0,9,3,0,0,33,0
4,0.92,1,0,0,0,0,21,0,1,5,70,1
73,0.764,0,0,3,1,0,12,2,5,0,51,0
45,0.925,2,1,1,0,0,2,0,1,3,19,1
1,0.624,0,0,0,1,0,8,4,4,0,79,1
3,0.926,0,0,0,1,0,16,2,0,1,154,0
52,0.698,0,0,2,1,0,7,1,0,5,42,0
26,0.836,1,0,0,0,0,6,2,1,2,35,0
2,0.91,1,1,1,0,0,2,0,1,6,56,0
20,0.878,0,1,1,2,1,6,0,3,2,28,0
0,0.92,1,1,0,2,1,1,0,1,2,27,1
5,0.897,0,0,0,1,0,7,4,4,0,53,0
2,0.91,0,1,0,2,1,2,0,1,3,33,0
2,0.91,0,1,1,2,1,16,0,1,3,42,0
26,0.836,0,0,3,0,0,8,4,0,0,166,1
1,0.624,1,0,0,0,0,1,1,0,0,141,1
3,0.926,3,1,0,2,1,1,5,0,5,39,0
1,0.624,1,0,0,0,0,3,6,0,0,28,1
1,0.624,0,0,0,1,0,5,6,4,0,65,0
0,0.92,0,0,0,1,2,19,4,1,5,75,1
0,0.92,0,0,0,1,0,17,1,0,1,36,0
2,0.91,0,0,0,1,2,3,2,0,5,61,0
0,0.92,1,0,0,0,0,2,7,6,0,16,0
21,0.923,0,1,1,1,0,2,0,1,0,83,0
0,0.92,1,0,0,1,0,22,0,1,6,34,0
1,0.624,1,0,0,0,0,2,3,0,5,18,0
4,0.92,0,0,0,0,0,21,3,6,1,45,0
5,0.897,0,0,0,1,0,9,2,0,0,143,0
33,0.6890000000000001,1,0,3,0,0,4,1,0,2,86,0
31,0.579,2,0,0,0,0,2,5,0,0,67,0
2,0.91,0,0,0,1,0,20,4,0,0,41,0
0,0.92,2,0,0,0,0,4,1,0,4,124,0
60,0.83,1,1,0,2,1,5,0,1,3,2,0
3,0.926,0,0,0,1,0,20,4,4,0,178,0
0,0.92,1,0,0,4,0,0,7,5,1,184,0
0,0.92,1,0,0,0,0,0,3,3,2,130,0
2,0.91,1,0,0,0,0,0,0,1,2,19,1
0,0.92,2,0,0,1,0,11,3,0,0,61,0
39,0.903,1,0,0,3,1,8,0,0,3,98,0
3,0.926,0,0,0,1,0,0,0,1,1,214,0
18,0.802,0,0,3,3,1,0,5,0,6,6,0
29,0.89,1,1,1,0,0,2,0,1,2,86,1
3,0.926,0,0,0,0,0,8,8,0,0,145,0
1,0.624,0,0,0,0,0,12,7,0,0,4,0
0,0.92,0,1,1,1,3,10,0,0,3,188,0
26,0.836,0,0,0,1,0,19,0,1,5,144,0
6,0.855,1,0,1,0,0,3,0,1,0,2,0
0,0.92,0,0,0,0,0,0,4,2,3,90,0
3,0.926,1,0,0,1,0,0,0,1,3,120,0
0,0.92,0,0,0,0,0,6,2,0,4,39,0
28,0.6659999999999999,1,0,0,0,0,9,4,0,0,88,0
10,0.754,0,0,0,0,0,1,8,0,0,162,0
1,0.624,1,0,1,1,0,2,0,1,0,64,1
4,0.92,0,0,0,0,0,1,4,0,1,11,0
0,0.92,0,0,2,0,0,5,5,0,0,75,1
0,0.92,1,0,0,0,0,4,1,0,0,6,0
30,0.925,0,0,0,0,0,16,7,0,2,188,0
0,0.92,0,0,0,0,0,5,8,0,0,77,0
62,0.7959999999999999,0,0,0,0,0,9,1,0,0,25,0
26,0.836,1,0,0,2,1,8,0,1,2,22,0
21,0.923,0,1,0,5,1,13,0,0,3,103,0
1,0.624,1,1,2,0,0,13,4,0,0,32,1
0,0.92,0,0,0,0,0,5,4,0,0,29,0
120,0.625,1,0,2,0,0,4,1,0,4,72,0
2,0.91,2,1,3,0,0,12,0,1,3,80,1
11,0.887,1,0,0,0,0,0,2,0,2,3,0
0,0.92,0,1,0,0,0,10,1,0,5,45,0
1,0.624,0,0,2,1,0,4,0,1,4,30,0
96,0.745,0,1,1,0,0,7,0,1,0,39,1
1,0.624,1,0,0,1,0,0,0,1,6,20,1
0,0.92,0,0,0,0,0,2,1,0,0,42,0
44,0.7759999999999999,0,0,0,0,0,0,5,0,1,20,0
1,0.624,0,1,0,0,0,3,7,0,5,11,1
0,0.92,1,0,0,0,0,12,1,0,4,204,0
47,0.555,1,1,1,0,0,9,1,0,0,7,0
10,0.754,0,0,2,0,0,6,4,3,0,158,0
20,0.878,0,0,1,2,1,12,5,0,2,61,0
5,0.897,0,1,0,1,0,1,8,1,0,45,0
39,0.903,1,0,0,1,2,19,6,2,2,23,1
2,0.91,0,1,1,0,0,6,0,1,0,33,1
0,0.92,2,0,0,0,0,3,2,0,0,58,0
2,0.91,0,0,0,1,0,10,6,4,5,15,0
43,0.5579999999999999,0,0,0,0,0,9,4,4,0,21,1
70,0.74,0,0,0,0,0,5,0,1,0,111,1
40,0.949,0,0,0,2,1,5,0,1,0,20,0
7,0.939,0,1,0,5,1,5,0,1,3,15,0
12,0.884,0,0,0,1,0,10,5,0,0,6,0
6,0.855,0,1,1,2,1,2,5,0,0,113,0
4,0.92,0,0,1,3,1,10,0,1,0,119,0
3,0.926,0,0,2,0,0,11,4,2,0,45,0
1,0.624,0,0,0,0,0,8,7,0,1,12,0
8,0.804,0,0,0,1,0,0,0,1,0,61,1
2,0.91,2,0,0,0,0,2,3,6,0,47,0
0,0.92,0,0,0,0,0,1,8,0,0,45,0
0,0.92,0,1,0,0,0,9,1,2,0,89,0
10,0.754,0,0,0,0,0,15,8,0,5,48,0
1,0.624,0,0,0,0,0,1,3,0,2,29,1
0,0.92,0,0,0,0,2,0,0,1,1,314,1
14,0.698,0,0,2,0,0,8,0,1,0,42,0
1,0.624,1,1,3,0,0,5,0,1,3,180,1
2,0.91,0,0,0,0,0,4,3,0,1,78,0
1,0.624,0,1,1,0,0,5,0,1,3,44,1
0,0.92,0,0,0,0,0,8,3,0,0,10,0
5,0.897,1,0,0,1,0,9,4,4,0,162,0
2,0.91,0,0,0,1,0,16,4,0,2,77,0
1,0.624,1,0,1,1,0,3,6,0,0,129,1
50,0.727,1,0,0,0,0,13,0,1,0,43,1
1,0.624,0,0,0,1,0,6,5,0,2,20,1
0,0.92,0,0,0,0,0,17,3,0,0,172,0
1,0.624,1,1,0,0,6,14,0,1,0,20,1
2,0.91,0,0,1,0,2,3,1,0,0,164,0
7,0.939,2,0,1,1,0,4,0,1,0,44,0
6,0.855,0,0,0,1,0,15,0,1,0,53,0
0,0.92,1,0,0,0,0,8,3,0,0,3,0
19,0.893,0,0,0,1,0,21,8,3,2,15,0
0,0.92,0,0,0,0,0,20,5,0,4,22,0
43,0.5579999999999999,0,0,0,0,0,1,2,0,0,248,0
0,0.92,1,0,0,0,6,4,5,0,1,48,0
1,0.624,1,0,1,0,0,5,1,4,0,62,1
1,0.624,0,0,0,0,0,2,0,1,2,19,0
30,0.925,0,0,0,0,0,1,4,0,2,30,0
6,0.855,2,0,0,0,0,12,1,0,2,72,0
41,0.794,1,0,0,0,0,2,0,1,2,5,0
27,0.682,0,0,0,0,0,8,3,0,1,88,1
12,0.884,3,0,2,1,0,0,4,2,2,5,0
70,0.74,0,0,0,4,0,8,4,4,0,144,0
0,0.92,0,1,1,1,0,12,3,3,2,52,1
1,0.624,0,0,0,0,0,7,3,0,1,85,0
2,0.91,0,1,0,2,1,1,0,1,0,41,0
1,0.624,0,0,1,1,0,8,2,3,2,48,0
5,0.897,0,0,0,1,0,0,7,0,0,145,0
0,0.92,1,1,0,0,4,1,8,0,1,141,0
3,0.926,0,0,2,0,5,12,6,0,5,60,0
0,0.92,0,0,0,1,0,17,3,0,2,70,0
0,0.92,1,0,0,0,0,0,7,0,1,46,1
35,0.843,0,1,1,2,1,5,0,1,2,48,0
0,0.92,0,0,1,1,0,12,3,0,5,102,1
26,0.836,0,0,0,1,0,0,0,1,5,48,0
6,0.855,0,0,2,0,0,4,0,1,0,90,0
78,0.795,1,0,3,0,0,7,0,0,3,54,0
0,0.92,0,0,0,0,3,16,7,2,0,121,0
6,0.855,0,0,1,0,0,6,3,0,0,34,0
9,0.924,1,1,1,2,1,1,0,1,3,58,0
3,0.926,0,1,1,2,1,3,0,0,3,74,0
0,0.92,1,1,0,5,1,9,0,1,3,110,0
1,0.624,0,0,0,0,0,12,2,0,1,40,0
2,0.91,1,0,0,3,1,11,0,1,0,4,0
1,0.624,1,1,1,1,0,1,0,1,0,90,0
1,0.624,1,1,0,1,4,14,3,0,0,18,0
0,0.92,0,0,0,0,0,8,5,0,1,22,0
3,0.926,0,0,2,1,0,16,0,1,3,14,0
67,0.722,0,1,2,0,0,3,2,0,0,55,0
0,0.92,0,0,2,1,2,0,1,5,0,112,0
15,0.913,0,0,0,3,1,7,0,1,2,3,0
4,0.92,0,1,1,2,1,3,0,1,2,78,1
1,0.624,0,1,1,2,1,3,0,1,0,56,0
6,0.855,1,0,0,1,0,0,1,0,1,7,0
0,0.92,0,0,0,0,0,0,5,0,0,22,0
9,0.924,0,0,2,0,0,6,2,0,0,94,0
3,0.926,1,0,0,0,0,4,7,0,0,51,0
25,0.743,0,0,0,1,2,7,5,0,5,52,1
1,0.624,0,0,0,0,0,15,3,0,1,11,0
23,0.767,0,1,1,2,1,3,0,1,0,68,0
1,0.624,0,1,1,3,1,3,0,0,3,53,1
3,0.926,1,0,0,0,3,8,3,0,4,34,0
46,0.698,0,0,0,1,0,2,1,5,0,65,0
3,0.926,0,0,1,0,0,7,1,0,0,58,0
0,0.92,1,1,0,0,0,14,0,1,0,30,0
56,0.691,0,1,1,2,1,5,0,1,3,55,0
25,0.743,0,0,0,1,0,17,5,0,0,18,0
1,0.624,1,0,1,0,0,13,1,0,0,48,1
2,0.91,0,0,0,0,0,3,6,0,2,34,0
14,0.698,1,0,1,0,0,4,4,6,2,41,1
24,0.762,0,0,0,0,0,8,3,0,2,67,0
6,0.855,0,0,0,1,0,16,0,1,1,16,0
0,0.92,0,0,0,0,0,13,3,0,0,48,0
10,0.754,0,0,0,0,0,11,1,0,0,8,0
25,0.743,0,0,0,0,0,0,1,0,0,20,0
25,0.743,1,1,0,0,0,5,0,1,0,43,1
115,0.807,0,1,0,1,0,7,0,1,0,30,1
20,0.878,0,0,0,1,0,14,0,1,1,70,0
0,0.92,0,0,0,0,5,17,0,1,1,57,0
2,0.91,0,0,0,0,0,2,1,0,0,2,0
0,0.92,0,0,0,0,0,1,0,3,5,196,0
29,0.89,0,1,1,0,0,1,0,1,5,89,1
5,0.897,0,0,0,1,0,6,2,0,4,45,0
6,0.855,0,0,0,1,0,12,0,0,0,44,0
16,0.939,1,0,0,1,6,2,6,0,0,38,0
1,0.624,0,0,0,1,0,9,5,0,2,45,0
1,0.624,0,0,0,1,0,18,3,6,0,26,1
0,0.92,0,0,0,0,0,8,7,0,4,62,1
1,0.624,0,0,0,0,0,4,6,2,0,88,0
7,0.939,0,0,1,2,1,2,5,0,0,106,1
0,0.92,0,0,0,3,1,5,1,1,0,84,0
0,0.92,0,0,2,2,1,9,0,3,2,134,1
33,0.6890000000000001,1,1,2,0,0,5,0,1,0,23,1
53,0.7659999999999999,0,0,2,0,4,8,5,0,1,112,0
0,0.92,1,0,0,1,0,0,0,1,1,32,0
0,0.92,1,0,0,0,0,0,3,0,0,72,0
16,0.939,0,0,0,0,0,6,5,0,1,29,0
1,0.624,1,1,1,0,0,19,0,1,6,46,1
17,0.899,0,0,2,5,1,11,8,0,0,178,0
1,0.624,0,0,0,0,0,6,5,0,0,4,1
3,0.926,0,0,0,2,1,6,4,0,1,96,0
28,0.6659999999999999,2,0,0,0,0,20,1,0,1,4,0
0,0.92,1,1,0,0,5,22,0,0,5,34,0
12,0.884,1,0,0,0,0,6,5,0,0,6,0
0,0.92,0,0,0,0,0,9,1,0,2,44,0
2,0.91,0,0,0,0,0,6,8,0,2,6,0
15,0.913,0,0,0,1,0,6,2,1,0,5,0
3,0.926,0,0,0,0,2,19,1,0,1,13,0
6,0.855,2,1,1,0,0,3,0,1,0,21,0
1,0.624,1,1,1,2,1,3,0,1,3,72,1
0,0.92,0,0,0,0,0,6,6,0,1,90,0
31,0.579,0,0,0,0,0,1,2,0,0,34,1
2,0.91,0,1,3,2,1,7,0,1,3,42,0
62,0.7959999999999999,1,1,0,5,1,9,0,0,3,79,0
4,0.92,0,0,0,0,0,0,0,1,0,80,1
28,0.6659999999999999,0,1,2,0,0,3,0,1,0,53,0
18,0.802,0,0,0,1,0,0,6,0,5,30,0
0,0.92,0,1,0,0,0,0,0,1,1,18,1
0,0.92,2,0,0,0,4,5,2,5,0,7,0
36,0.527,1,1,0,2,1,3,0,1,3,34,0
52,0.698,0,0,0,0,0,15,5,0,0,14,0
4,0.92,1,1,1,0,0,3,0,1,0,34,1
1,0.624,0,0,1,1,0,11,2,0,4,7,1
1,0.624,0,0,0,1,0,10,1,0,5,77,1
3,0.926,1,1,1,2,1,1,0,1,6,83,1
2,0.91,0,0,0,0,0,0,1,0,0,72,0
0,0.92,0,0,0,0,0,2,3,0,3,110,0
3,0.926,0,0,0,1,0,21,3,0,1,64,0
2,0.91,0,0,0,2,1,20,0,1,2,17,0
0,0.92,0,0,0,0,0,0,5,0,1,109,0
6,0.855,0,0,0,0,0,11,0,1,0,50,0
1,0.624,2,1,1,0,0,4,3,3,0,15,1
8,0.804,0,1,0,3,1,5,0,1,3,74,0
0,0.92,0,0,0,1,0,11,0,1,2,18,1
0,0.92,0,0,0,0,4,5,2,0,0,76,0
1,0.624,0,0,0,1,0,4,2,0,0,92,1
14,0.698,0,1,0,0,0,16,0,1,0,146,1
9,0.924,0,1,0,0,0,0,3,0,0,33,0
4,0.92,0,1,0,0,0,15,6,0,1,39,0
15,0.913,0,0,0,0,0,7,1,0,1,163,0
1,0.624,0,0,3,1,0,16,0,1,0,98,1
21,0.923,0,0,0,0,0,7,0,1,0,61,1
0,0.92,0,0,1,2,1,4,0,5,2,36,1
5,0.897,1,0,0,1,5,15,1,0,1,46,0
56,0.691,0,0,0,1,0,16,4,0,5,35,0
79,0.743,1,0,0,0,3,8,4,2,0,79,0
3,0.926,2,0,0,1,2,0,6,0,1,24,0
8,0.804,0,0,0,0,0,2,0,1,0,88,0
5,0.897,0,0,1,1,0,15,5,1,0,174,0
2,0.91,0,0,0,1,0,2,4,1,2,46,0
0,0.92,0,0,0,0,5,1,2,1,0,116,0
0,0.92,2,1,1,0,0,8,0,1,2,34,1
27,0.682,1,0,0,0,0,10,1,0,2,74,0
5,0.897,1,1,1,0,0,6,0,1,0,86,1
23,0.767,1,1,1,3,1,1,0,1,3,2,0
11,0.887,1,1,0,4,0,0,0,1,5,62,1
9,0.924,1,0,0,0,0,2,1,0,0,58,0
39,0.903,2,0,0,0,2,13,2,0,3,5,0
12,0.884,1,0,0,0,0,4,6,4,4,50,1
0,0.92,0,0,0,0,2,12,6,0,1,23,0
0,0.92,1,1,2,0,0,13,0,1,3,99,1
5,0.897,0,0,0,0,0,11,4,0,1,32,1
0,0.92,0,0,0,0,0,4,1,0,0,36,1
3,0.926,1,1,0,2,1,1,0,1,0,22,1
1,0.624,1,0,1,0,0,4,1,4,5,74,1
11,0.887,1,1,1,1,0,0,3,3,3,86,0
2,0.91,0,0,0,2,1,7,3,0,0,89,0
39,0.903,1,1,1,2,1,13,0,1,3,122,0
43,0.5579999999999999,0,1,0,0,0,13,2,1,0,92,0
0,0.92,1,0,0,0,0,12,0,1,1,140,1
5,0.897,0,0,2,1,0,4,1,0,0,44,0
2,0.91,0,0,0,0,6,0,5,0,4,66,0
1,0.624,1,0,1,0,0,3,1,4,0,40,1
0,0.92,1,0,0,1,2,17,7,3,1,182,0
1,0.624,1,0,0,1,0,6,0,1,0,102,0
6,0.855,0,0,0,1,0,6,4,5,1,102,1
0,0.92,0,0,0,0,0,18,1,0,4,165,0
5,0.897,0,1,0,1,0,6,2,1,0,15,0
14,0.698,1,0,1,0,0,3,1,0,0,20,0
4,0.92,0,0,0,0,0,1,0,1,0,31,1
9,0.924,0,1,0,2,1,0,1,1,0,15,0
0,0.92,0,0,0,0,0,9,2,0,5,72,0
11,0.887,0,1,1,2,1,11,0,1,0,50,0
0,0.92,0,0,0,0,0,17,3,0,5,190,0
12,0.884,0,0,0,0,0,0,2,0,1,19,0
2,0.91,0,0,0,0,0,0,0,1,2,18,1
1,0.624,0,0,1,0,0,4,2,0,0,33,1
22,0.8959999999999999,0,0,0,0,0,0,0,1,2,168,0
24,0.762,0,1,2,0,0,1,0,1,0,32,1
8,0.804,1,0,0,1,0,10,0,0,0,64,0
15,0.913,0,0,0,0,0,0,3,0,1,59,0
1,0.624,1,0,0,0,0,3,3,0,0,21,1
1,0.624,0,0,0,0,0,9,0,1,4,14,0
6,0.855,0,1,1,2,1,5,3,0,0,7,0
108,0.518,0,1,1,0,0,2,0,1,0,21,1
1,0.624,0,0,1,0,3,1,4,4,0,9,1
0,0.92,0,1,0,5,1,9,0,1,3,110,0
0,0.92,1,0,0,0,0,0,1,2,1,43,0
1,0.624,1,0,0,0,0,9,1,0,1,80,0
4,0.92,0,0,1,0,0,1,0,1,0,37,0
1,0.624,0,1,1,2,1,5,0,1,3,119,1
0,0.92,1,0,0,0,0,0,3,0,0,145,0
18,0.802,0,0,0,0,0,7,2,0,3,42,0
3,0.926,0,0,0,0,4,2,2,0,5,29,0
7,0.939,0,0,0,2,1,1,6,0,0,12,0
1,0.624,0,0,1,0,0,1,1,0,3,40,0
6,0.855,1,1,0,2,1,2,0,1,3,28,0
0,0.92,0,1,1,0,0,5,0,1,3,42,1
1,0.624,0,0,1,0,0,14,4,4,3,23,0
9,0.924,0,0,2,0,0,0,0,1,1,15,0
39,0.903,1,0,1,0,0,4,4,2,1,119,0
15,0.913,0,0,0,0,0,2,2,0,0,74,0
0,0.92,0,1,0,5,1,1,6,0,0,7,0
37,0.8270000000000001,0,1,0,4,0,0,0,1,1,16,0
0,0.92,0,0,0,1,0,0,5,0,1,58,0
3,0.926,0,1,1,0,0,7,6,0,2,58,0
15,0.913,0,0,0,0,0,16,6,0,0,160,0
0,0.92,0,0,0,0,0,0,3,0,1,53,0
1,0.624,0,0,0,0,0,5,1,1,2,14,1
7,0.939,0,1,0,5,1,3,0,1,3,52,0
40,0.949,1,1,0,0,0,0,6,0,0,55,0
4,0.92,0,0,0,1,0,7,1,1,4,51,0
49,0.789,0,1,0,5,1,13,0,1,3,146,0
81,0.4479999999999999,1,1,1,1,0,2,0,0,3,66,1
11,0.887,1,1,1,1,0,9,0,3,5,38,1
8,0.804,0,0,1,0,0,4,1,0,0,102,1
0,0.92,0,0,2,0,0,6,7,0,2,56,0
5,0.897,1,1,3,3,1,5,0,1,0,63,0
2,0.91,0,0,0,0,0,7,5,3,3,50,0
4,0.92,0,0,0,1,0,12,8,0,1,136,0
6,0.855,0,0,0,0,2,3,2,0,0,70,0
0,0.92,0,0,0,0,0,0,2,0,2,4,0
4,0.92,0,1,1,0,0,5,0,1,0,19,1
0,0.92,1,0,0,3,1,10,7,0,1,33,0
0,0.92,0,0,0,0,5,2,2,0,5,50,0
0,0.92,0,0,0,0,0,19,3,0,1,135,0
44,0.7759999999999999,0,0,0,1,0,6,3,0,0,56,0
1,0.624,0,0,0,0,0,1,1,0,5,56,1
1,0.624,0,1,1,0,0,5,0,1,3,31,1
11,0.887,0,0,0,1,0,19,7,1,3,16,0
2,0.91,0,0,0,2,1,10,4,0,0,6,0
10,0.754,1,0,2,0,0,4,4,0,0,160,0
2,0.91,0,0,0,1,2,13,4,0,0,69,0
27,0.682,0,0,1,0,0,13,0,1,0,45,1
0,0.92,2,0,1,0,0,19,1,0,0,292,0
3,0.926,0,0,0,2,1,0,3,0,1,51,0
4,0.92,2,0,0,0,0,21,3,0,0,7,0
6,0.855,0,0,0,0,0,0,3,1,0,39,1
6,0.855,0,0,0,0,0,16,3,0,2,266,0
0,0.92,2,0,0,1,0,0,2,1,1,127,0
4,0.92,0,0,3,0,0,0,0,1,1,50,1
34,0.915,0,0,0,0,0,12,0,1,2,52,0
6,0.855,0,0,0,0,0,9,0,1,2,29,1
0,0.92,0,0,0,0,5,1,5,0,2,18,0
14,0.698,1,1,2,0,0,5,6,0,0,98,1
0,0.92,0,0,0,0,0,0,3,0,1,25,0
2,0.91,0,0,0,1,3,1,5,3,0,50,0
0,0.92,0,0,0,0,4,0,7,2,5,22,1
0,0.92,0,0,0,0,0,11,1,0,2,82,0
2,0.91,0,0,0,1,0,6,5,0,4,15,0
1,0.624,1,0,0,0,0,5,2,0,0,100,0
11,0.887,0,0,2,0,0,9,0,1,0,146,1
0,0.92,0,0,0,0,0,0,4,0,0,22,0
6,0.855,2,1,0,0,0,2,2,3,2,35,0
10,0.754,0,0,2,0,0,6,4,0,2,136,1
7,0.939,0,0,0,0,0,8,2,0,5,34,0
0,0.92,0,0,0,1,0,0,5,0,1,43,0
27,0.682,0,0,0,0,0,0,1,2,2,224,0
3,0.926,0,0,0,1,0,0,2,0,5,56,0
1,0.624,1,0,1,0,0,6,0,1,2,17,1
3,0.926,0,0,0,1,0,0,4,0,1,60,0
0,0.92,0,0,0,0,0,12,6,0,1,61,0
2,0.91,0,0,0,0,0,4,0,1,0,107,0
29,0.89,0,0,0,1,0,12,5,0,1,27,0
2,0.91,0,1,1,0,0,3,3,0,0,78,1
1,0.624,0,0,0,1,0,8,3,0,0,96,1
0,0.92,2,0,0,0,3,18,5,0,2,46,0
1,0.624,0,0,0,1,0,12,1,0,4,8,1
0,0.92,1,0,0,0,0,16,2,0,0,20,0
98,0.775,1,0,1,0,0,9,1,0,6,164,0
0,0.92,0,1,0,0,0,0,1,0,1,32,0
1,0.624,0,0,0,1,0,8,3,0,0,166,0
1,0.624,2,1,1,2,1,3,0,1,3,42,1
13,0.55,0,0,2,0,0,6,0,1,2,310,0
0,0.92,1,0,0,0,3,0,0,1,0,51,1
20,0.878,0,0,0,0,0,0,2,0,1,36,0
0,0.92,1,1,0,3,1,1,0,0,3,27,0
51,0.698,0,1,0,0,0,1,0,1,0,42,1
3,0.926,0,0,0,1,0,12,1,0,0,23,1
0,0.92,1,0,0,0,0,0,2,0,5,9,0
5,0.897,0,0,0,1,0,0,0,1,1,10,1
1,0.624,0,0,0,0,0,0,0,1,0,49,0
2,0.91,0,0,0,0,0,0,0,1,2,2,0
1,0.624,0,0,0,0,0,20,3,0,3,56,0
0,0.92,0,0,0,0,0,0,8,0,1,18,0
0,0.92,0,0,1,0,0,0,6,2,1,50,0
3,0.926,0,0,0,3,1,10,2,1,1,95,0
1,0.624,0,0,1,0,0,3,3,0,0,106,0
1,0.624,1,1,1,1,0,14,2,0,1,20,0
11,0.887,0,0,0,0,0,0,1,0,3,67,0
2,0.91,0,1,1,0,0,2,3,0,0,122,0
1,0.624,1,0,0,1,0,9,3,0,0,36,1
2,0.91,0,0,0,1,0,17,2,0,0,97,0
84,0.556,2,0,0,0,0,7,2,0,0,57,1
12,0.884,1,0,0,1,0,13,3,1,0,17,0
1,0.624,0,0,0,0,0,2,5,0,0,52,0
10,0.754,0,0,0,0,0,9,2,0,2,102,0
3,0.926,0,1,0,4,0,0,8,3,1,33,1
5,0.897,1,0,0,2,1,3,0,1,0,12,0
0,0.92,0,1,0,0,2,3,2,0,0,35,0
0,0.92,0,0,0,0,0,2,5,0,4,20,0
4,0.92,1,0,0,0,0,4,3,0,3,34,0
60,0.83,0,1,0,5,1,5,0,1,0,7,0
5,0.897,1,0,0,1,0,1,1,0,6,150,0
2,0.91,1,0,0,1,0,0,1,0,1,160,0
4,0.92,0,1,1,0,0,2,4,4,0,151,0
0,0.92,0,0,0,1,0,8,2,1,0,4,0
0,0.92,2,0,0,0,0,14,1,0,0,110,0
0,0.92,2,0,2,0,0,10,3,6,1,65,1
16,0.939,0,0,0,4,0,10,1,2,2,40,0
67,0.722,0,0,1,0,0,1,1,1,0,36,0
0,0.92,0,0,0,0,5,6,6,0,1,125,0
9,0.924,0,1,1,2,1,3,4,1,0,155,0
39,0.903,0,0,0,1,0,19,2,0,4,4,0
2,0.91,0,0,0,0,0,10,2,0,1,23,0
0,0.92,0,0,0,1,0,15,3,3,2,21,0
64,0.479,1,0,1,3,1,5,2,4,0,48,1
0,0.92,1,0,0,0,0,16,1,0,0,58,0
20,0.878,0,0,0,1,0,0,8,0,1,44,0
44,0.7759999999999999,0,0,0,2,1,19,0,1,0,72,0
2,0.91,0,0,0,0,0,0,0,1,0,74,0
22,0.8959999999999999,1,1,1,2,1,5,0,1,0,20,1
1,0.624,0,0,2,0,0,4,0,1,0,216,1
4,0.92,0,1,0,5,1,14,5,3,2,85,0
4,0.92,1,0,2,0,0,8,0,1,5,55,0
0,0.92,0,0,0,0,0,3,3,0,0,72,0
0,0.92,1,0,2,0,0,2,1,0,0,163,1
66,0.647,0,0,0,1,0,7,1,0,0,74,0
3,0.926,0,0,0,0,0,4,1,0,5,2,0
1,0.624,0,1,1,2,1,6,0,1,3,17,1
34,0.915,0,0,1,0,0,9,0,1,0,68,0
1,0.624,1,1,0,0,0,3,3,1,0,33,1
4,0.92,0,0,0,1,0,12,7,5,2,25,0
1,0.624,0,0,0,0,4,4,5,0,0,17,1
0,0.92,1,1,2,0,0,14,2,1,3,74,0
22,0.8959999999999999,0,0,0,1,0,0,0,1,0,42,0
2,0.91,0,0,0,0,0,0,3,0,1,76,0
42,0.738,0,1,0,2,1,3,0,1,3,300,0
1,0.624,1,1,0,3,1,13,0,1,0,100,1
1,0.624,1,0,1,1,0,6,7,0,0,35,1
3,0.926,0,0,0,0,0,20,1,3,1,19,0
8,0.804,0,0,1,2,1,7,8,1,0,69,0
7,0.939,0,0,0,0,0,11,1,0,0,300,0
14,0.698,1,1,3,3,1,5,0,1,3,50,0
0,0.92,0,0,0,0,0,20,1,0,1,158,0
2,0.91,0,0,0,2,1,7,2,0,2,72,0
0,0.92,0,0,0,0,0,8,1,0,2,22,0
0,0.92,0,0,0,0,0,12,1,0,1,14,0
0,0.92,0,0,0,0,0,3,2,2,0,226,0
1,0.624,1,1,1,0,0,5,0,1,3,50,1
11,0.887,0,0,2,0,0,2,1,2,4,94,0
2,0.91,0,0,1,0,0,18,2,0,1,26,0
3,0.926,0,1,1,0,0,1,0,6,0,69,0
14,0.698,0,0,0,3,1,0,0,1,2,37,0
3,0.926,0,0,0,4,0,21,7,0,0,31,0
14,0.698,1,0,1,0,0,6,6,5,0,90,0
18,0.802,0,0,0,1,0,0,0,1,0,170,0
0,0.92,0,0,0,0,2,2,1,0,2,77,0
88,0.794,0,1,0,0,0,6,0,1,3,48,1
1,0.624,0,0,1,1,0,8,2,0,4,98,0
9,0.924,0,0,0,2,1,8,0,1,3,246,0
2,0.91,0,1,1,1,0,13,0,3,0,46,0
6,0.855,0,0,0,1,0,18,3,0,0,316,0
5,0.897,0,0,0,1,0,8,3,0,2,52,0
1,0.624,0,0,0,0,0,8,1,0,1,80,0
3,0.926,0,0,0,0,0,16,1,1,2,43,0
2,0.91,0,0,0,0,0,7,6,0,0,44,0
1,0.624,0,0,1,0,0,2,1,0,0,43,1
58,0.698,0,1,0,3,1,1,0,1,3,9,0
33,0.6890000000000001,2,0,1,0,0,12,0,1,1,51,1
0,0.92,1,1,0,0,2,7,4,1,5,11,0
24,0.762,0,1,1,2,1,9,0,1,0,36,0
0,0.92,0,0,0,0,0,15,2,0,0,29,0
0,0.92,2,0,1,1,0,0,0,1,5,80,0
22,0.8959999999999999,0,0,0,1,0,20,0,1,0,92,0
42,0.738,1,0,1,0,0,1,4,4,2,166,0
0,0.92,1,0,0,1,0,0,0,1,4,87,1
5,0.897,0,0,0,1,0,12,5,0,0,15,0
31,0.579,1,1,0,0,0,4,0,1,0,182,1
99,0.701,0,1,0,5,1,14,0,1,3,72,0
36,0.527,0,0,0,0,0,4,2,0,5,198,1
29,0.89,0,0,0,2,1,0,6,4,2,148,0
6,0.855,0,0,0,1,0,17,0,1,0,28,0
0,0.92,2,1,1,0,0,8,0,1,3,40,1
2,0.91,0,0,0,1,0,11,3,0,0,152,0
1,0.624,0,1,0,0,0,6,8,0,5,34,0
3,0.926,0,0,0,0,0,11,2,0,2,56,0
1,0.624,0,1,1,0,0,4,3,1,1,56,1
0,0.92,0,0,0,0,0,1,5,0,0,106,0
0,0.92,0,1,0,0,0,0,1,0,1,2,0
18,0.802,0,0,1,0,0,9,0,1,0,30,1
39,0.903,1,0,1,1,2,8,6,0,1,100,0
2,0.91,1,1,0,2,1,5,0,1,3,157,0
91,0.563,0,0,0,0,0,0,0,1,0,56,0
11,0.887,0,1,0,0,0,0,0,1,0,76,0
3,0.926,1,0,0,1,0,18,6,0,0,14,0
1,0.624,1,0,0,1,0,8,6,0,5,258,1
30,0.925,0,0,0,2,1,8,2,0,0,68,0
0,0.92,0,0,0,0,0,0,5,0,1,32,0
17,0.899,2,0,0,0,0,15,4,2,4,144,0
0,0.92,0,0,0,0,0,10,5,0,0,68,0
26,0.836,0,0,0,0,0,0,3,0,0,33,0
40,0.949,3,0,0,0,0,11,0,1,2,15,1
67,0.722,0,0,0,0,0,12,2,0,4,4,0
14,0.698,0,0,0,0,0,12,2,3,5,238,0
8,0.804,0,0,0,1,0,7,8,0,0,23,0
21,0.923,0,0,0,1,0,0,2,0,0,26,0
3,0.926,0,0,0,1,0,8,1,0,6,22,0
5,0.897,0,1,1,2,1,6,0,1,3,60,0
11,0.887,0,1,0,0,2,10,2,3,1,86,0
2,0.91,0,1,1,0,0,1,0,1,0,178,0
13,0.55,1,0,1,5,1,22,6,4,6,62,1
62,0.7959999999999999,0,0,1,0,5,8,0,2,0,29,0
0,0.92,0,0,0,0,0,12,5,0,1,33,0
1,0.624,0,1,1,0,0,2,1,2,0,41,1
5,0.897,0,0,0,1,0,19,4,0,0,16,1
3,0.926,0,0,0,0,4,0,0,1,1,131,1
3,0.926,0,0,0,1,0,15,3,0,0,10,0
2,0.91,0,0,0,1,0,0,5,0,5,24,0
34,0.915,0,0,0,0,0,4,6,0,2,188,1
53,0.7659999999999999,0,1,0,0,0,13,0,1,3,19,1
23,0.767,0,1,0,2,1,9,0,0,3,65,0
13,0.55,0,1,1,0,0,3,0,1,0,6,1
1,0.624,2,0,0,0,0,1,3,0,5,131,1
0,0.92,0,0,0,0,2,7,0,1,1,43,0
3,0.926,0,0,1,2,1,16,4,0,1,21,0
0,0.92,0,0,0,1,0,0,0,1,1,34,0
23,0.767,0,0,2,0,0,4,2,0,0,95,0
5,0.897,1,0,0,1,0,7,3,1,2,17,0
5,0.897,1,0,0,1,0,9,1,0,0,27,0
14,0.698,0,0,0,0,0,11,1,0,0,47,0
77,0.698,0,0,0,1,0,8,2,0,3,47,0
2,0.91,1,0,0,1,0,7,6,0,0,42,0
9,0.924,0,0,0,0,0,0,2,0,0,45,0
6,0.855,0,0,0,1,0,4,1,0,0,42,0
8,0.804,0,0,1,0,0,8,8,0,0,74,0
0,0.92,0,0,0,0,0,15,3,0,1,78,0
23,0.767,1,1,2,1,0,8,2,0,0,206,1
1,0.624,0,0,0,0,0,6,2,0,0,17,1
21,0.923,0,1,0,0,0,12,5,0,1,84,0
0,0.92,0,1,0,1,0,15,0,1,1,60,0
1,0.624,1,0,0,0,0,13,5,0,6,142,0
0,0.92,0,1,1,0,0,4,0,1,0,36,1
69,0.847,0,0,0,3,1,19,4,0,1,30,0
7,0.939,0,0,0,4,0,0,7,0,0,10,0
1,0.624,1,0,0,0,0,9,3,0,2,107,0
89,0.493,1,0,0,0,0,9,6,0,0,11,0
38,0.895,0,0,0,0,0,8,4,0,0,89,0
2,0.91,0,0,0,1,0,17,0,1,2,12,0
14,0.698,0,1,2,1,0,6,0,0,0,24,1
25,0.743,0,0,0,2,1,15,1,0,2,156,0
27,0.682,1,0,0,0,0,3,1,1,0,332,1
1,0.624,0,0,0,1,0,19,2,0,1,48,1
1,0.624,1,0,0,1,0,20,5,0,0,107,0
1,0.624,0,0,0,0,0,1,0,1,2,188,0
0,0.92,0,0,0,0,0,2,6,4,0,45,0
27,0.682,0,0,0,0,0,4,2,0,0,45,0
4,0.92,1,0,0,0,0,0,4,0,0,33,0
55,0.848,0,1,0,0,0,5,0,1,3,18,0
0,0.92,2,0,0,0,0,1,1,0,2,25,1
86,0.856,0,0,1,0,0,10,6,0,5,332,0
5,0.897,1,1,0,1,0,13,6,2,0,16,1
7,0.939,1,0,2,0,0,1,7,3,4,22,0
3,0.926,0,1,0,0,2,12,0,1,0,24,1
24,0.762,0,0,2,1,0,8,3,0,0,67,1
27,0.682,0,1,0,0,0,10,0,1,0,66,1
0,0.92,0,0,0,0,0,9,3,0,4,260,0
1,0.624,0,0,0,1,0,4,3,3,2,42,1
1,0.624,0,0,0,0,0,1,1,1,3,34,1
24,0.762,1,1,0,1,2,13,3,1,3,30,0
0,0.92,2,0,0,0,0,1,6,2,2,103,0
5,0.897,0,0,0,1,0,20,2,0,0,50,0
3,0.926,0,1,0,1,2,0,4,0,1,47,0
2,0.91,0,0,0,1,0,11,0,1,0,3,1
1,0.624,1,0,0,1,0,9,2,0,0,104,0
86,0.856,1,0,0,0,0,5,0,1,0,32,1
8,0.804,1,1,0,0,0,6,0,1,3,33,1
1,0.624,1,0,0,0,0,13,1,0,0,13,1
14,0.698,0,0,0,0,0,7,6,0,0,8,0
3,0.926,0,0,0,0,0,4,2,0,0,190,0
0,0.92,0,1,0,0,0,16,5,0,3,26,0
32,0.866,0,0,0,4,0,0,2,5,1,116,1
46,0.698,1,1,2,0,0,8,0,1,0,53,1
0,0.92,2,0,0,0,0,15,4,0,0,29,0
39,0.903,1,1,2,0,2,7,1,0,0,73,0
0,0.92,0,0,0,0,0,0,1,0,4,28,0
3,0.926,0,1,1,2,1,5,3,0,2,11,0
25,0.743,0,0,0,1,0,4,1,0,1,31,0
13,0.55,1,0,0,1,0,1,4,4,4,9,1
1,0.624,1,0,0,0,0,2,0,1,0,74,1
0,0.92,1,0,0,0,0,2,4,1,0,69,0
12,0.884,0,0,0,0,0,10,6,4,0,54,0
0,0.92,0,0,0,0,0,0,5,0,5,110,0
0,0.92,0,0,2,0,0,12,1,0,1,22,0
4,0.92,0,1,1,2,1,5,8,1,0,7,0
0,0.92,0,0,0,2,1,9,2,5,1,52,0
3,0.926,0,0,0,1,0,8,1,0,0,4,0
1,0.624,0,1,1,0,0,14,2,0,3,32,0
0,0.92,0,0,0,0,0,0,1,2,0,2,0
1,0.624,0,0,0,0,0,2,5,0,0,25,1
3,0.926,0,1,0,1,4,14,0,1,2,34,1
1,0.624,0,0,0,1,0,9,5,0,2,13,0
42,0.738,0,0,0,1,0,0,2,2,0,34,0
8,0.804,0,1,0,5,1,4,4,0,0,94,1
11,0.887,0,1,0,2,1,1,0,0,2,106,0
0,0.92,0,0,2,0,0,6,0,1,0,47,1
4,0.92,0,0,0,0,0,20,0,3,2,29,0
0,0.92,2,0,0,0,0,1,1,0,0,15,0
24,0.762,1,0,0,0,0,7,4,0,1,55,0
3,0.926,0,0,2,0,0,7,3,0,3,44,0
25,0.743,0,0,0,1,0,4,0,1,0,28,0
1,0.624,0,1,0,5,1,14,0,1,3,132,0
9,0.924,0,0,0,0,0,7,6,1,2,144,0
2,0.91,1,0,0,0,0,4,2,0,1,31,0
11,0.887,0,0,0,0,0,10,6,0,1,39,0
2,0.91,0,1,0,2,1,3,0,1,3,306,0
37,0.8270000000000001,0,0,2,2,1,15,1,1,0,35,0
41,0.794,0,0,0,0,0,0,0,1,4,15,0
0,0.92,0,1,0,2,1,3,0,1,3,22,0
8,0.804,0,0,0,1,4,9,2,0,0,78,0
2,0.91,0,0,0,0,0,6,1,0,2,99,0
0,0.92,0,0,0,1,0,0,5,0,0,40,0
4,0.92,0,0,0,0,0,0,2,0,0,36,0
14,0.698,0,1,1,0,0,2,0,1,2,112,1
6,0.855,1,0,2,0,0,6,1,0,0,63,0
1,0.624,0,0,0,0,0,3,7,0,0,80,1
0,0.92,0,0,0,1,0,18,4,4,1,85,0
0,0.92,0,0,0,4,0,0,3,0,1,63,0
8,0.804,0,0,0,0,0,17,5,0,1,72,0
0,0.92,0,0,0,0,0,8,5,0,0,6,0
44,0.7759999999999999,0,0,1,0,0,7,5,0,0,104,0
12,0.884,0,0,0,0,0,10,6,1,0,80,0
3,0.926,3,1,1,2,1,4,7,0,2,144,0
2,0.91,0,1,0,1,2,3,5,3,0,148,0
0,0.92,0,0,0,1,0,7,3,0,2,99,0
54,0.8270000000000001,0,1,1,1,0,4,0,1,0,60,1
8,0.804,0,0,0,0,0,12,0,1,0,29,0
3,0.926,1,0,0,1,0,10,2,0,1,50,0
0,0.92,0,0,0,1,0,12,1,2,0,54,0
6,0.855,0,1,1,0,0,16,0,1,4,47,0
7,0.939,0,0,0,0,0,18,1,1,0,60,0
0,0.92,1,0,0,1,0,20,4,0,3,7,0
15,0.913,0,0,0,0,2,7,3,0,1,32,0
0,0.92,0,1,1,2,1,2,0,1,0,26,0
6,0.855,0,0,0,1,0,16,7,0,0,19,0
1,0.624,1,1,1,3,1,3,0,1,6,10,1
66,0.647,1,1,1,0,0,1,0,1,0,28,0
1,0.624,2,0,0,0,0,14,4,0,0,16,1
0,0.92,0,0,0,1,0,0,0,1,1,210,1
26,0.836,0,0,0,0,0,0,0,1,0,24,0
1,0.624,0,0,0,0,0,9,4,4,2,90,1
79,0.743,0,1,2,5,1,5,6,4,3,48,0
56,0.691,0,0,1,0,0,8,7,0,2,96,0
19,0.893,0,0,1,2,1,1,0,1,2,36,1
3,0.926,0,0,0,0,5,1,4,0,4,11,0
0,0.92,1,0,0,0,0,18,3,0,1,123,0
1,0.624,2,1,2,0,0,1,1,0,0,32,0
0,0.92,0,0,0,0,0,16,3,0,1,141,0
0,0.92,1,0,2,0,0,4,0,1,3,194,1
56,0.691,1,1,1,2,1,3,0,1,3,3,1
46,0.698,1,0,0,3,1,0,0,1,0,83,1
1,0.624,0,1,1,0,0,2,4,0,0,42,0
0,0.92,0,1,1,0,0,2,0,1,2,61,0
13,0.55,0,0,1,0,0,15,6,4,2,30,1
4,0.92,0,0,0,0,0,0,1,0,1,212,0
9,0.924,0,0,1,0,0,10,7,5,0,37,0
4,0.92,0,0,0,0,0,6,2,2,2,11,0
3,0.926,0,0,0,2,1,11,4,0,2,25,1
0,0.92,1,1,0,0,0,0,0,1,1,13,0
7,0.939,0,0,0,0,0,11,1,2,2,17,0
0,0.92,1,0,0,1,0,17,7,0,4,28,0
2,0.91,1,0,0,0,0,0,4,0,1,282,0
38,0.895,0,0,0,1,0,18,6,4,0,42,0
20,0.878,1,0,0,1,0,0,1,2,6,19,0
41,0.794,0,0,0,1,0,20,1,0,6,21,0
0,0.92,2,0,0,1,0,0,8,0,1,63,0
13,0.55,0,0,2,0,0,3,0,1,0,58,1
13,0.55,0,0,1,1,0,2,2,5,2,37,1
45,0.925,1,0,0,0,0,1,1,0,4,224,0
3,0.926,1,1,1,2,1,6,6,4,2,77,0
3,0.926,1,0,0,2,1,11,3,6,1,107,0
3,0.926,0,1,1,0,0,0,5,0,0,114,1
0,0.92,2,0,0,0,0,4,3,0,0,200,0
9,0.924,0,0,1,2,1,4,6,1,5,23,0
40,0.949,0,0,0,1,0,0,0,1,1,48,1
3,0.926,1,0,0,1,0,0,0,0,1,61,0
85,0.7390000000000001,1,1,1,0,0,6,0,1,2,83,1
19,0.893,0,0,0,1,0,0,2,0,1,16,0
67,0.722,0,0,0,0,0,9,0,1,0,324,0
0,0.92,0,1,2,0,0,1,3,0,0,39,0
4,0.92,2,1,1,2,1,5,0,1,2,19,1
0,0.92,1,0,0,1,0,0,5,0,0,23,1
3,0.926,0,0,0,0,0,6,3,0,0,44,0
2,0.91,1,0,0,1,0,2,7,0,0,36,0
2,0.91,0,1,1,2,1,8,0,1,3,12,0
22,0.8959999999999999,0,0,0,1,0,18,3,0,2,78,0
0,0.92,0,0,0,4,0,8,2,2,0,40,0
117,0.698,0,1,2,3,1,2,0,1,2,70,0
4,0.92,0,0,0,0,0,15,8,3,1,77,0
17,0.899,0,0,0,0,2,10,6,0,1,45,0
3,0.926,0,0,0,1,0,0,4,0,1,27,0
10,0.754,1,0,0,0,0,2,0,1,2,51,1
8,0.804,1,0,0,0,0,8,1,0,0,128,0
2,0.91,1,1,0,0,3,12,1,0,1,116,1
3,0.926,0,0,0,2,1,21,5,0,1,90,0
4,0.92,0,0,0,0,0,0,0,1,1,30,1
71,0.698,0,0,0,0,0,18,0,1,1,24,1
3,0.926,0,0,0,0,0,6,6,0,0,120,0
120,0.625,1,1,1,3,1,5,0,1,3,42,0
1,0.624,0,1,0,0,0,14,0,1,2,30,1
0,0.92,1,1,0,0,0,0,4,2,6,35,0
3,0.926,1,0,0,1,0,21,2,6,2,4,0
2,0.91,2,1,0,0,6,12,1,0,5,56,0
1,0.624,0,0,0,1,0,8,2,0,1,96,0
86,0.856,1,0,0,0,0,1,1,0,3,100,0
3,0.926,0,0,0,0,6,1,5,0,3,86,0
1,0.624,0,0,0,0,0,19,8,0,0,117,0
0,0.92,0,0,0,0,0,19,5,0,1,62,0
36,0.527,1,1,1,2,1,2,0,1,3,178,1
5,0.897,0,0,0,1,6,4,5,1,3,19,0
40,0.949,1,1,0,0,0,7,0,1,0,268,1
19,0.893,0,0,1,0,0,0,4,0,0,48,0
6,0.855,3,0,1,1,0,6,0,1,0,24,0
3,0.926,0,0,0,2,1,11,1,0,0,9,0
39,0.903,0,1,0,1,0,6,2,0,5,18,0
2,0.91,0,0,0,1,0,9,4,0,0,130,0
16,0.939,0,0,0,0,0,8,2,2,5,160,1
1,0.624,0,1,1,2,1,3,0,1,3,151,1
4,0.92,0,0,0,1,0,1,3,0,1,6,0
2,0.91,0,1,1,4,0,1,8,3,0,13,1
5,0.897,0,0,0,4,0,11,3,0,3,59,0
1,0.624,0,0,0,0,0,14,3,0,3,36,1
0,0.92,0,0,2,1,2,7,3,3,0,32,0
34,0.915,2,0,0,4,0,0,8,3,1,4,0
3,0.926,0,0,0,0,0,0,0,1,1,14,1
9,0.924,0,0,0,3,1,0,0,1,1,32,0
10,0.754,1,0,1,1,0,4,3,3,3,14,0
2,0.91,0,0,0,0,0,0,3,0,4,22,0
4,0.92,0,1,1,0,0,13,3,1,0,12,1
5,0.897,0,0,0,0,5,12,0,1,2,24,0
64,0.479,1,1,1,3,1,3,0,1,6,155,0
10,0.754,0,1,2,2,1,2,0,1,0,298,0
0,0.92,0,0,0,0,0,3,2,5,0,89,0
8,0.804,1,0,2,0,0,6,4,2,5,146,0
0,0.92,0,1,2,0,0,6,7,5,2,10,0
18,0.802,0,0,0,2,1,7,0,1,1,117,1
5,0.897,2,0,0,1,0,5,5,0,0,56,0
25,0.743,0,0,0,0,0,4,1,0,2,180,0
1,0.624,1,0,1,1,0,1,0,1,0,188,1
1,0.624,1,1,1,2,1,3,0,1,3,52,0
32,0.866,0,0,0,0,0,9,0,1,0,33,0
86,0.856,2,0,0,1,0,16,1,2,0,162,0
1,0.624,1,0,0,0,0,8,2,0,0,48,1
0,0.92,0,0,0,0,0,15,7,2,0,44,0
3,0.926,0,0,0,0,0,11,2,1,0,72,0
0,0.92,1,1,3,3,1,5,0,1,3,68,0
4,0.92,0,0,0,0,0,0,7,0,1,4,0
54,0.8270000000000001,2,0,0,1,0,4,2,0,0,130,0
11,0.887,0,0,0,1,0,1,1,1,2,30,0
5,0.897,0,0,0,0,0,16,4,0,0,113,0
6,0.855,0,0,2,2,1,12,3,0,4,53,0
0,0.92,0,1,1,2,1,2,0,1,3,44,0
1,0.624,0,1,2,0,0,3,6,4,0,55,0
1,0.624,0,0,0,0,0,2,2,0,2,12,0
2,0.91,0,1,1,0,0,5,1,0,0,13,0
0,0.92,0,1,0,0,0,10,3,0,2,16,1
3,0.926,0,1,0,2,1,11,3,0,4,52,0
3,0.926,1,1,0,1,2,4,1,0,0,76,0
1,0.624,1,0,0,0,0,12,2,0,1,28,0
0,0.92,2,1,0,4,0,18,2,5,4,16,0
8,0.804,0,0,0,1,0,0,7,0,4,100,0
1,0.624,1,1,0,3,1,14,0,1,3,10,0
45,0.925,0,0,0,0,0,8,3,0,4,44,0
4,0.92,1,0,0,0,0,6,5,0,0,102,0
26,0.836,2,0,0,0,0,8,1,0,1,6,0
6,0.855,1,0,3,1,0,11,2,0,1,10,0
1,0.624,0,0,0,1,4,19,3,0,1,174,1
6,0.855,0,0,0,1,0,0,2,2,1,66,0
78,0.795,0,0,0,2,1,1,5,0,0,49,0
9,0.924,0,1,1,3,1,4,0,1,2,21,0
0,0.92,0,0,0,0,0,7,2,0,1,109,0
20,0.878,0,0,0,0,0,0,0,1,6,29,0
0,0.92,0,0,0,0,0,0,2,0,0,28,0
14,0.698,1,0,2,0,0,1,2,0,0,29,0
17,0.899,0,0,0,0,0,0,3,0,2,81,0
0,0.92,0,0,0,0,0,4,6,3,2,55,0
1,0.624,0,0,0,0,0,6,1,0,0,50,1
6,0.855,1,0,0,1,0,6,2,0,0,49,0
12,0.884,0,0,0,0,0,19,0,1,1,24,0
31,0.579,0,0,0,0,0,6,2,0,2,5,1
1,0.624,1,0,1,0,3,3,7,0,0,134,0
13,0.55,0,0,1,1,0,0,0,1,1,128,1
2,0.91,1,0,0,0,0,5,4,0,0,163,0
2,0.91,2,0,0,0,3,17,7,0,2,111,0
37,0.8270000000000001,0,0,1,2,1,2,8,0,0,6,1
24,0.762,0,0,0,0,0,0,2,0,0,48,0
33,0.6890000000000001,1,0,3,2,1,3,0,1,3,99,1
0,0.92,1,0,0,0,0,10,5,0,3,166,0
3,0.926,0,0,0,3,1,10,7,0,1,25,0
0,0.92,0,0,0,1,0,0,7,0,2,97,1
1,0.624,1,0,0,0,0,3,1,2,0,9,1
4,0.92,1,1,1,0,0,2,0,1,0,76,0
19,0.893,1,0,0,0,0,1,6,0,0,63,1
0,0.92,0,0,0,1,0,0,1,1,5,32,0
21,0.923,1,1,1,0,0,3,0,1,3,102,0
16,0.939,0,0,0,1,0,0,0,1,4,123,0
2,0.91,2,0,0,0,0,8,1,0,1,94,0
10,0.754,0,1,0,2,1,14,0,1,3,68,0
6,0.855,0,0,1,1,0,9,2,0,1,204,0
4,0.92,0,0,0,0,0,15,4,0,1,134,0
1,0.624,0,0,0,0,0,9,1,0,4,114,1
3,0.926,1,0,0,0,0,0,1,0,2,61,0
25,0.743,0,0,0,1,0,0,0,1,0,34,0
4,0.92,0,0,1,2,1,2,0,1,0,214,0
57,0.698,1,1,1,0,0,1,3,0,0,170,0
7,0.939,0,0,0,0,0,9,2,0,2,18,0
7,0.939,2,0,0,1,0,0,5,1,0,56,0
3,0.926,0,0,2,0,0,4,8,5,3,31,0
0,0.92,0,0,0,0,0,15,4,2,4,12,0
7,0.939,0,0,0,0,0,10,1,0,1,35,0
2,0.91,0,0,0,4,0,0,2,2,4,44,0
75,0.698,0,0,0,2,1,2,2,0,2,45,1
51,0.698,0,1,1,0,0,2,0,0,3,133,0
34,0.915,0,0,0,0,0,9,1,2,0,102,0
0,0.92,0,0,0,0,0,10,2,0,2,28,1
113,0.698,1,0,0,0,0,4,1,0,0,204,0
1,0.624,1,1,0,5,1,3,0,1,3,14,0
0,0.92,0,1,0,0,0,8,0,1,0,49,1
0,0.92,0,0,0,1,0,15,1,0,1,42,0
43,0.5579999999999999,0,1,2,0,3,14,0,1,2,304,1
2,0.91,1,0,0,1,2,3,1,0,2,139,1
4,0.92,0,0,0,1,2,0,1,0,0,30,0
5,0.897,1,1,1,0,0,3,6,4,6,320,0
0,0.92,0,1,0,0,0,10,2,2,0,182,0
3,0.926,0,0,0,0,0,0,1,0,1,3,0
56,0.691,0,1,0,2,1,3,0,1,2,8,0
4,0.92,0,1,1,2,1,9,2,3,2,48,0
1,0.624,2,1,1,0,0,1,4,2,0,32,0
14,0.698,0,1,1,1,0,1,0,1,2,20,0
1,0.624,0,1,1,0,0,13,1,0,0,260,1
0,0.92,0,0,0,0,0,0,2,0,1,11,0
1,0.624,0,1,1,0,0,5,0,1,3,31,0
2,0.91,0,0,0,0,0,2,2,0,0,20,0
0,0.92,0,1,1,0,0,2,5,0,2,106,0
82,0.856,1,0,2,0,0,17,5,0,0,17,0
0,0.92,0,0,0,0,0,0,3,0,5,157,0
8,0.804,0,0,0,0,6,2,5,0,2,130,0
0,0.92,0,0,0,0,0,0,5,0,1,32,0
0,0.92,0,0,0,0,6,0,0,1,2,51,1
6,0.855,0,0,0,1,0,15,2,5,0,114,0
0,0.92,0,1,2,1,0,3,2,0,0,28,0
60,0.83,0,0,0,0,0,6,1,0,0,43,0
1,0.624,0,0,0,1,0,9,5,5,5,31,1
0,0.92,1,0,0,1,0,0,7,0,4,18,0
0,0.92,1,1,0,2,1,4,0,1,3,35,0
0,0.92,0,0,0,1,0,15,5,0,4,15,0
38,0.895,0,0,0,5,1,0,0,1,5,300,0
0,0.92,2,0,0,0,5,2,1,0,0,16,0
0,0.92,1,1,0,0,0,14,0,1,0,176,0
2,0.91,0,0,0,0,0,20,4,0,2,102,0
31,0.579,0,0,0,0,0,16,1,0,1,5,0
7,0.939,0,0,0,0,0,0,0,1,1,25,0
46,0.698,1,0,0,0,0,12,5,3,0,35,0
0,0.92,1,1,1,0,0,1,4,3,0,41,0
0,0.92,2,0,0,0,0,0,6,0,0,7,0
5,0.897,0,0,0,1,0,16,2,0,4,136,0
22,0.8959999999999999,0,0,0,0,0,4,5,0,0,46,0
7,0.939,0,0,0,0,2,0,0,1,0,51,1
3,0.926,1,0,0,2,1,8,0,1,0,42,0
5,0.897,0,1,1,0,0,5,0,1,0,46,1
0,0.92,0,0,0,0,0,17,7,0,1,56,0
0,0.92,2,0,0,0,0,15,1,0,4,26,0
49,0.789,0,1,1,0,0,4,0,1,5,22,1
1,0.624,1,0,0,0,0,0,3,0,1,26,1
0,0.92,0,1,0,0,0,0,0,1,4,16,0
4,0.92,0,1,0,0,0,19,0,1,0,28,1
2,0.91,0,0,0,0,0,0,6,0,1,33,0
9,0.924,1,0,0,2,1,0,3,0,4,23,0
38,0.895,0,0,2,1,3,0,5,0,1,18,0
6,0.855,0,1,2,0,0,2,2,0,0,78,0
0,0.92,0,0,0,0,0,13,2,0,0,62,1
3,0.926,0,0,0,1,0,0,1,0,5,188,0
11,0.887,1,0,0,1,0,10,0,3,4,24,0
27,0.682,0,1,1,0,0,3,0,1,0,75,1
2,0.91,0,0,0,1,0,13,1,0,3,300,0
9,0.924,3,0,0,0,0,7,5,0,0,80,0
31,0.579,0,1,1,0,0,2,2,0,0,34,1
33,0.6890000000000001,0,1,1,2,1,13,0,1,0,30,1
12,0.884,0,0,0,5,1,0,4,0,0,9,0
53,0.7659999999999999,0,1,0,3,1,5,0,1,3,22,0
48,0.698,3,0,0,0,4,1,0,1,0,21,0
33,0.6890000000000001,0,0,2,0,0,18,1,0,0,50,0
0,0.92,0,0,0,1,0,19,3,0,0,32,0
3,0.926,0,0,2,0,0,9,1,0,0,36,1
16,0.939,0,0,0,0,0,15,1,0,2,34,0
3,0.926,0,1,1,0,0,5,6,0,0,165,0
2,0.91,0,1,0,2,1,7,0,1,0,51,0
30,0.925,0,1,1,0,0,5,0,1,2,136,1
9,0.924,0,1,1,0,3,17,0,1,0,29,1
5,0.897,1,1,1,0,0,14,0,1,3,18,1
50,0.727,1,1,2,0,0,4,0,1,6,110,1
2,0.91,1,1,2,0,0,6,0,1,0,4,1
21,0.923,2,0,0,1,0,16,1,0,0,81,0
18,0.802,0,0,0,0,0,10,1,0,0,112,0
1,0.624,0,0,1,1,0,3,1,0,0,45,0
0,0.92,0,0,0,0,4,4,0,1,0,24,1
1,0.624,1,1,0,1,0,9,6,4,3,31,1
2,0.91,2,0,0,1,2,2,1,0,2,25,0
13,0.55,1,0,0,0,4,5,1,0,0,66,1
0,0.92,0,0,0,0,0,0,5,0,0,34,0
2,0.91,0,0,0,0,0,0,1,0,1,77,0
8,0.804,0,0,0,1,0,0,1,0,1,7,0
33,0.6890000000000001,1,1,0,2,1,5,0,1,3,88,0
8,0.804,1,0,0,1,0,16,8,0,0,111,0
3,0.926,1,1,0,2,1,10,0,1,1,60,0
4,0.92,0,0,0,0,0,0,2,0,2,51,0
99,0.701,0,0,0,1,0,15,4,0,5,11,0
8,0.804,0,0,0,0,0,0,1,0,1,67,0
5,0.897,2,0,0,0,0,1,6,0,3,133,0
1,0.624,1,1,0,0,0,3,7,0,5,17,1
21,0.923,0,0,2,0,0,18,3,0,4,200,1
1,0.624,0,0,0,0,0,9,3,0,2,23,1
0,0.92,0,0,0,0,0,7,2,0,4,26,0
5,0.897,2,0,0,1,0,18,1,1,0,19,0
1,0.624,0,1,1,2,1,2,0,1,3,44,0
9,0.924,0,1,0,1,0,0,3,0,1,63,0
0,0.92,0,0,1,0,0,2,0,0,0,20,0
2,0.91,1,0,1,0,0,6,0,1,3,16,0
0,0.92,1,0,0,0,0,0,1,0,1,100,0
7,0.939,0,0,0,0,0,11,1,0,3,56,1
0,0.92,0,0,0,0,0,6,5,0,1,262,0
15,0.913,0,0,0,1,0,8,1,0,1,176,0
3,0.926,0,0,2,0,0,11,0,1,0,27,0
11,0.887,0,0,0,0,0,0,0,1,1,3,0
80,0.725,1,1,1,1,0,9,0,1,0,27,0
2,0.91,0,0,0,1,0,10,7,0,2,50,0
1,0.624,0,0,1,0,0,5,6,0,2,141,1
1,0.624,0,0,1,0,0,5,2,0,0,222,1
1,0.624,1,0,1,0,0,2,0,1,6,13,0
1,0.624,0,0,1,0,0,4,2,0,2,20,0
11,0.887,0,1,0,0,0,12,0,1,0,18,0
8,0.804,0,0,0,0,0,0,1,0,0,37,0
51,0.698,1,0,0,0,0,11,4,0,1,89,0
0,0.92,0,0,0,0,0,16,3,0,0,60,0
17,0.899,0,1,0,0,0,0,4,0,1,24,0
0,0.92,0,0,0,0,3,1,6,0,0,214,0
23,0.767,1,0,3,0,0,4,8,0,0,77,0
1,0.624,0,1,1,3,1,2,5,0,0,9,1
0,0.92,0,0,0,0,0,0,3,0,1,57,0
1,0.624,1,0,0,0,0,1,3,0,0,92,0
94,0.898,0,1,1,0,0,4,0,1,3,47,0
84,0.556,0,0,1,0,0,8,1,0,2,192,1
1,0.624,1,0,1,0,0,6,3,0,3,43,1
11,0.887,0,0,1,2,1,7,0,1,0,78,0
1,0.624,1,0,3,3,1,2,0,1,6,18,1
20,0.878,0,0,0,2,1,7,6,0,3,51,1
0,0.92,0,0,0,0,0,15,3,0,1,24,0
5,0.897,0,0,0,0,0,12,3,0,2,128,0
0,0.92,0,0,0,1,0,0,5,0,1,153,0
1,0.624,1,1,1,5,1,13,6,3,3,15,1
20,0.878,0,0,0,0,0,2,3,0,0,30,0
2,0.91,0,0,0,0,0,11,0,1,2,112,1
2,0.91,0,0,1,0,0,9,0,1,5,17,0
3,0.926,0,1,1,0,0,15,1,1,2,13,0
1,0.624,1,0,0,0,0,5,4,3,6,36,1
39,0.903,2,0,0,1,5,6,7,1,0,96,1
0,0.92,0,1,1,0,4,5,2,0,0,43,0
6,0.855,1,0,0,0,2,18,2,0,2,150,0
43,0.5579999999999999,1,1,0,0,0,5,4,0,0,96,1
9,0.924,0,1,0,1,5,1,1,0,2,116,0
5,0.897,2,0,0,0,0,9,4,4,0,8,0
5,0.897,0,0,0,1,0,1,3,1,0,67,0
16,0.939,0,0,0,2,1,0,4,0,3,69,0
17,0.899,0,0,0,0,0,20,4,4,2,80,0
50,0.727,0,0,0,1,0,10,7,0,4,50,0
0,0.92,0,0,0,0,0,7,1,0,1,6,0
13,0.55,0,1,2,0,0,3,4,0,0,322,0
4,0.92,0,0,0,1,0,10,2,0,0,19,0
12,0.884,0,0,2,1,0,4,6,2,0,70,0
0,0.92,0,0,0,0,0,0,4,0,5,94,0
8,0.804,1,1,1,0,0,6,0,1,3,11,1
9,0.924,0,1,1,2,1,2,5,0,0,102,1
0,0.92,0,0,0,0,0,0,2,0,0,324,0
15,0.913,1,0,0,1,5,2,7,0,0,194,0
0,0.92,0,1,2,0,0,9,0,1,0,9,1
64,0.479,1,1,0,2,1,14,0,1,3,50,0
4,0.92,0,1,1,0,0,11,0,1,0,15,0
15,0.913,1,0,0,0,0,6,3,0,2,18,0
4,0.92,0,0,0,0,0,0,4,0,1,68,0
2,0.91,0,1,1,0,0,4,0,1,3,14,0
4,0.92,0,1,0,5,1,2,0,1,3,41,0
8,0.804,0,0,0,1,0,11,1,0,0,11,0
91,0.563,2,1,1,0,0,2,0,1,2,148,0
1,0.624,0,0,3,1,0,1,6,4,6,107,1
0,0.92,0,1,0,4,0,10,2,5,0,9,1
1,0.624,1,0,0,0,0,14,3,0,6,38,1
0,0.92,2,0,0,0,6,17,0,1,0,87,1
11,0.887,0,1,1,2,1,6,0,1,0,12,0
0,0.92,0,1,0,0,0,0,0,1,1,53,1
64,0.479,1,1,3,5,1,5,0,1,3,167,0
1,0.624,0,0,0,0,4,9,2,0,0,52,1
5,0.897,0,0,0,1,0,19,6,4,0,18,0
44,0.7759999999999999,1,1,2,0,0,3,0,1,6,34,1
4,0.92,0,0,0,0,0,0,0,1,1,25,1
2,0.91,0,0,0,0,0,15,0,1,0,15,0
68,0.763,1,1,1,0,0,5,0,1,3,74,1
4,0.92,0,0,0,0,0,1,7,0,3,160,0
1,0.624,1,0,0,1,0,4,3,0,2,54,0
4,0.92,0,0,0,0,0,8,4,2,2,18,0
12,0.884,0,0,0,0,0,1,3,0,0,70,0
0,0.92,0,0,0,0,4,0,0,1,1,7,0
9,0.924,0,0,0,4,3,0,3,0,1,12,0
1,0.624,0,0,0,0,0,13,5,5,3,128,1
20,0.878,1,1,0,1,0,6,5,0,5,40,0
3,0.926,0,0,2,2,1,16,0,1,1,114,1
2,0.91,0,0,2,4,0,0,5,3,1,29,0
5,0.897,1,1,1,0,0,5,0,1,0,29,1
32,0.866,0,0,0,1,0,0,1,2,0,26,0
29,0.89,0,0,0,1,0,7,2,0,0,57,0
3,0.926,0,0,0,1,0,0,8,0,2,36,0
3,0.926,0,0,2,1,0,11,1,0,0,77,0
2,0.91,2,0,2,0,6,15,6,0,0,45,0
5,0.897,1,1,1,0,0,3,0,1,0,66,0
5,0.897,0,0,0,0,0,9,7,2,2,50,0
7,0.939,1,0,0,1,0,9,0,1,0,110,0
1,0.624,0,1,0,0,0,1,0,1,0,38,0
1,0.624,1,0,0,0,0,1,4,2,3,56,1
22,0.8959999999999999,0,0,0,0,0,12,4,0,4,28,1
2,0.91,2,1,0,1,0,3,6,4,0,59,1
46,0.698,0,0,0,0,0,3,0,1,2,121,0
28,0.6659999999999999,0,0,0,0,0,10,2,5,0,63,0
1,0.624,0,1,1,2,1,2,0,1,0,105,1
0,0.92,0,1,0,2,1,3,0,1,3,48,0
9,0.924,1,1,3,3,1,1,0,1,3,30,0
1,0.624,1,0,0,1,0,6,6,0,0,75,1
13,0.55,1,1,1,0,1,14,1,0,0,46,0
31,0.579,1,0,0,0,0,5,0,1,6,62,1
3,0.926,3,1,1,2,1,14,0,1,3,13,0
2,0.91,0,0,0,1,0,0,8,0,4,51,0
0,0.92,0,1,1,0,0,3,1,2,0,9,1
2,0.91,1,0,0,0,0,0,4,0,0,30,0
24,0.762,0,0,1,2,1,5,6,2,2,36,0
4,0.92,0,0,0,0,4,0,0,1,1,31,1
3,0.926,1,0,1,4,0,12,1,0,1,61,0
46,0.698,0,0,0,2,1,2,6,0,0,34,1
0,0.92,0,0,0,0,0,4,2,0,0,20,0
62,0.7959999999999999,0,0,0,1,0,18,0,0,0,4,0
1,0.624,1,0,0,0,0,1,4,0,0,144,0
10,0.754,1,1,1,2,1,3,0,1,3,37,0
55,0.848,0,1,1,2,1,5,6,0,3,43,0
110,0.487,0,0,2,0,0,1,4,0,0,92,0
12,0.884,0,0,0,1,0,19,6,2,0,41,0
19,0.893,0,0,0,2,1,0,0,1,3,87,0
1,0.624,0,0,1,0,0,8,4,0,5,79,0
0,0.92,0,0,0,0,0,0,7,0,0,188,0
15,0.913,0,0,0,4,0,0,2,0,0,43,1
8,0.804,1,1,0,0,0,10,0,1,1,43,1
28,0.6659999999999999,0,0,0,0,0,0,0,1,1,270,0
3,0.926,1,0,0,1,0,0,5,0,0,16,1
98,0.775,1,0,0,0,0,6,4,0,0,12,0
46,0.698,0,0,0,0,2,2,6,2,0,80,1
2,0.91,0,1,0,5,1,5,0,1,3,81,0
2,0.91,1,0,0,0,0,0,3,0,5,73,0
0,0.92,0,0,2,0,0,0,0,1,1,52,0
3,0.926,0,1,0,1,0,19,3,0,1,44,0
1,0.624,0,0,0,0,0,13,8,0,3,67,1
0,0.92,0,0,0,0,0,7,3,0,5,18,0
0,0.92,0,0,0,0,0,0,8,0,2,29,0
0,0.92,0,0,0,0,0,8,1,2,0,44,0
0,0.92,0,0,0,0,0,16,2,0,1,9,1
11,0.887,0,1,0,0,3,5,0,1,0,24,0
0,0.92,0,0,0,0,0,0,8,0,4,68,0
0,0.92,0,0,0,0,0,16,7,0,2,42,0
1,0.624,1,0,1,0,0,1,3,0,5,26,0
0,0.92,0,0,0,0,4,3,2,2,2,125,0
67,0.722,0,0,0,0,0,4,6,4,0,50,1
2,0.91,2,0,0,0,0,18,6,2,0,256,0
11,0.887,0,0,2,1,2,8,6,1,0,24,0
0,0.92,0,0,2,0,0,18,8,0,1,15,0
13,0.55,0,0,1,0,0,3,0,0,3,56,1
16,0.939,0,1,0,0,0,2,5,3,0,14,1
0,0.92,0,0,0,1,0,6,8,3,4,8,0
11,0.887,0,0,0,0,0,0,1,0,2,98,0
0,0.92,2,0,0,0,2,0,8,0,2,55,1
19,0.893,0,0,2,0,0,16,8,0,2,34,0
2,0.91,2,0,0,4,0,0,2,0,0,91,0
1,0.624,1,0,0,0,0,3,1,0,2,50,0
3,0.926,1,1,0,0,0,0,3,1,1,62,0
20,0.878,0,0,0,1,0,1,7,0,0,11,0
1,0.624,0,0,0,0,2,10,4,0,0,103,0
68,0.763,1,0,0,2,1,3,0,1,0,6,0
3,0.926,1,1,0,1,0,15,6,0,0,31,0
71,0.698,0,1,2,0,0,13,4,1,0,55,0
53,0.7659999999999999,1,1,1,0,0,3,0,1,3,182,1
11,0.887,0,0,0,0,0,20,4,0,0,37,0
31,0.579,0,0,0,0,0,1,2,0,0,21,0
1,0.624,0,0,0,0,0,4,4,0,3,22,1
0,0.92,0,0,0,0,0,0,2,0,1,44,0
45,0.925,0,1,2,2,1,13,0,1,3,50,0
36,0.527,0,0,0,0,0,14,1,0,0,22,1
18,0.802,0,0,0,0,0,2,0,1,0,15,0
29,0.89,0,0,3,0,0,8,6,0,0,73,1
0,0.92,0,0,0,0,4,16,1,0,1,16,0
13,0.55,1,0,0,3,1,4,4,0,5,56,1
82,0.856,0,0,0,0,0,4,5,0,0,45,0
1,0.624,0,0,1,2,1,8,2,0,0,28,0
3,0.926,1,1,1,2,1,3,0,1,2,122,1
2,0.91,2,1,1,0,0,3,0,1,3,34,1
0,0.92,0,0,0,2,1,0,6,0,1,20,0
96,0.745,2,0,0,1,0,10,0,1,1,132,0
3,0.926,0,0,0,0,0,0,1,0,0,7,0
31,0.579,1,0,0,0,0,14,4,0,0,49,1
88,0.794,1,1,1,2,1,4,1,0,0,74,0
3,0.926,0,1,1,2,1,2,3,0,3,30,0
0,0.92,0,0,1,0,0,6,0,1,5,66,1
0,0.92,3,0,0,0,0,4,1,2,0,14,0
0,0.92,0,0,0,1,2,5,1,4,0,104,0
4,0.92,0,0,0,0,0,1,1,0,0,42,0
0,0.92,2,0,0,1,0,20,0,3,4,53,0
2,0.91,1,0,0,0,0,8,6,4,0,56,0
2,0.91,0,0,0,0,5,3,6,2,0,18,0
8,0.804,1,1,1,0,0,3,8,0,2,108,0
0,0.92,2,1,0,4,0,9,1,3,0,3,0
20,0.878,0,0,0,2,1,1,1,0,0,22,0
0,0.92,1,0,0,1,0,10,5,0,0,36,0
0,0.92,0,1,0,0,0,0,0,1,2,48,0
20,0.878,1,1,3,2,1,6,0,1,3,96,0
59,0.74,0,0,0,0,0,10,7,1,2,77,1
3,0.926,1,1,1,0,5,4,0,1,0,25,0
1,0.624,0,1,1,2,1,8,0,1,0,8,0
0,0.92,0,0,0,0,0,8,4,2,0,39,0
4,0.92,0,0,0,0,0,12,4,4,2,64,0
12,0.884,2,1,0,0,2,0,0,1,3,7,0
4,0.92,0,0,1,0,0,10,1,0,1,16,0
1,0.624,0,0,0,1,0,6,3,5,0,59,0
1,0.624,0,0,0,1,0,0,7,5,1,26,1
8,0.804,0,0,0,1,0,15,0,1,0,254,0
1,0.624,2,1,0,0,0,5,0,1,0,30,1
14,0.698,0,0,1,1,1,22,0,1,6,44,1
0,0.92,2,0,0,4,5,10,5,1,0,48,0
38,0.895,0,0,0,0,0,16,1,0,5,22,0
2,0.91,0,0,0,0,6,0,4,0,1,22,0
13,0.55,0,0,0,0,0,1,4,3,0,42,1
1,0.624,1,0,2,1,0,1,4,4,5,6,1
0,0.92,0,1,0,0,0,1,0,1,2,86,1
2,0.91,0,0,0,0,2,0,1,0,2,18,0
0,0.92,1,0,0,0,2,1,2,0,1,224,0
10,0.754,0,1,1,2,1,1,0,1,2,23,0
0,0.92,1,1,0,2,1,5,0,1,6,131,0
1,0.624,0,0,0,0,0,7,1,0,5,21,0
1,0.624,0,0,1,0,0,5,4,0,0,182,1
28,0.6659999999999999,0,0,0,0,0,12,0,1,2,50,1
0,0.92,1,0,0,0,0,0,8,0,0,36,0
0,0.92,0,1,1,0,0,11,0,1,3,6,0
3,0.926,0,0,0,0,0,10,4,0,2,35,0
28,0.6659999999999999,0,0,2,0,0,10,2,0,1,328,0
5,0.897,0,0,0,0,0,0,5,0,1,122,0
6,0.855,2,0,0,1,0,4,1,2,0,156,0
48,0.698,0,1,0,3,1,13,0,1,0,96,0
0,0.92,0,1,0,0,3,0,0,3,1,96,0
1,0.624,1,0,1,0,0,14,7,0,0,22,0
2,0.91,0,0,0,0,0,8,4,4,4,27,0
7,0.939,1,0,0,0,0,0,0,1,3,326,0
21,0.923,0,0,2,2,1,13,1,0,0,190,0
29,0.89,0,0,0,1,0,9,2,0,3,38,0
0,0.92,0,0,0,0,0,0,3,0,1,30,0
8,0.804,1,0,0,1,0,4,7,0,2,90,0
3,0.926,0,1,0,0,0,7,4,0,0,10,0
47,0.555,0,1,1,2,1,3,0,1,3,46,1
109,0.645,1,0,0,0,0,0,2,0,1,9,0
0,0.92,0,0,1,0,0,5,6,4,0,78,0
0,0.92,0,0,0,0,0,19,2,0,0,57,1
8,0.804,0,0,0,0,3,0,0,1,0,20,1
42,0.738,1,0,1,0,0,17,2,1,6,73,0
3,0.926,1,1,0,1,3,6,3,0,0,19,0
0,0.92,0,0,0,1,5,0,0,1,2,110,0
5,0.897,0,1,1,0,0,4,0,1,2,30,0
11,0.887,1,0,1,1,0,19,1,2,2,106,0
30,0.925,0,0,1,0,0,18,2,0,0,48,0
86,0.856,0,0,0,1,0,11,2,0,3,26,0
53,0.7659999999999999,0,1,1,0,0,3,0,1,0,210,1
10,0.754,0,0,0,0,0,8,7,0,2,128,0
5,0.897,1,0,0,1,0,2,8,3,0,130,0
1,0.624,1,0,0,1,0,4,4,0,0,18,1
6,0.855,0,0,0,1,0,10,7,0,3,334,0
1,0.624,0,0,0,0,0,3,2,1,0,24,0
0,0.92,0,0,0,0,0,7,3,0,1,27,1
2,0.91,0,1,1,2,1,5,2,1,0,66,0
0,0.92,0,0,0,0,0,4,7,0,0,52,0
7,0.939,1,1,0,0,0,0,2,0,1,21,0
1,0.624,0,1,1,1,0,2,0,3,0,66,1
5,0.897,0,0,0,1,0,6,6,4,0,12,0
1,0.624,0,0,0,0,0,8,0,1,0,68,0
2,0.91,0,1,0,0,2,12,4,0,1,45,0
14,0.698,1,1,0,2,1,13,0,1,3,98,0
9,0.924,1,0,0,1,0,9,0,1,3,40,0
4,0.92,1,1,0,4,0,19,2,0,1,152,0
64,0.479,1,1,0,3,1,13,0,1,3,316,1
71,0.698,0,0,0,0,0,10,1,4,0,152,0
1,0.624,0,0,0,0,0,1,6,0,0,16,1
57,0.698,0,0,0,0,0,6,1,4,2,192,1
33,0.6890000000000001,0,1,0,0,0,0,6,0,1,18,0
2,0.91,2,0,0,4,0,0,1,0,0,106,1
14,0.698,0,0,0,0,0,16,2,5,2,16,0
3,0.926,0,0,0,1,0,6,2,0,0,11,0
13,0.55,0,0,0,0,0,4,4,0,3,89,1
51,0.698,1,1,1,0,0,2,0,1,6,17,1
3,0.926,0,1,1,0,0,2,1,2,0,23,0
1,0.624,0,0,0,0,0,3,3,0,0,43,1
0,0.92,0,0,0,0,0,18,2,0,0,39,0
7,0.939,2,0,0,1,0,18,4,0,0,14,0
50,0.727,0,0,0,0,0,10,0,1,0,48,0
1,0.624,1,1,1,1,0,14,0,1,0,15,0
0,0.92,0,0,0,0,0,16,3,0,2,54,0
0,0.92,0,0,0,0,0,0,3,0,1,98,0
1,0.624,0,0,0,0,0,3,3,0,2,45,1
13,0.55,1,0,0,0,0,3,0,1,0,161,0
0,0.92,0,0,0,0,0,0,3,0,2,11,0
0,0.92,1,1,0,0,0,0,0,1,1,25,1
32,0.866,0,1,1,2,1,2,0,1,3,122,0
19,0.893,0,0,0,1,0,7,4,4,2,57,1
1,0.624,1,1,1,0,0,1,0,1,3,16,0
32,0.866,0,0,0,1,0,0,2,0,1,50,0
